container_id,flow_type,terminal,vessel_call_id
CONT2023000000,IMPORT,NSICT,VC202300001
CONT2023000001,EXPORT,NSICT,VC202300001
CONT2023000002,IMPORT,NSICT,VC202300001
CONT2023000003,EXPORT,NSICT,VC202300001
CONT2023000004,IMPORT,NSICT,VC202300001
CONT2023000005,IMPORT,NSICT,VC202300001
CONT2023000006,IMPORT,NSICT,VC202300001
CONT2023000007,EXPORT,NSICT,VC202300001
CONT2023000008,EXPORT,NSICT,VC202300001
CONT2023000009,EXPORT,NSICT,VC202300001
CONT2023000010,EXPORT,NSICT,VC202300001
CONT2023000011,IMPORT,NSICT,VC202300001
CONT2023000012,IMPORT,NSICT,VC202300001
CONT2023000013,IMPORT,NSICT,VC202300001
CONT2023000014,EXPORT,NSICT,VC202300001
CONT2023000015,IMPORT,NSICT,VC202300001
CONT2023000016,EXPORT,NSICT,VC202300001
CONT2023000017,IMPORT,NSICT,VC202300001
CONT2023000018,IMPORT,NSICT,VC202300001
CONT2023000019,EXPORT,NSICT,VC202300001
CONT2023000020,IMPORT,NSICT,VC202300001
CONT2023000021,EXPORT,NSICT,VC202300001
CONT2023000022,EXPORT,NSICT,VC202300001
CONT2023000023,EXPORT,NSICT,VC202300001
CONT2023000024,EXPORT,NSICT,VC202300001
CONT2023000025,EXPORT,NSICT,VC202300001
CONT2023000026,IMPORT,NSICT,VC202300001
CONT2023000027,IMPORT,NSICT,VC202300001
CONT2023000028,IMPORT,NSICT,VC202300001
CONT2023000029,EXPORT,NSICT,VC202300001
CONT2023000030,IMPORT,NSICT,VC202300001
CONT2023000031,IMPORT,NSICT,VC202300001
CONT2023000032,EXPORT,NSICT,VC202300001
CONT2023000033,EXPORT,NSICT,VC202300001
CONT2023000034,EXPORT,NSICT,VC202300001
CONT2023000035,IMPORT,NSICT,VC202300001
CONT2023000036,EXPORT,NSICT,VC202300001
CONT2023000037,IMPORT,BMCT,VC202300002
CONT2023000038,EXPORT,BMCT,VC202300002
CONT2023000039,EXPORT,BMCT,VC202300002
CONT2023000040,EXPORT,BMCT,VC202300002
CONT2023000041,IMPORT,BMCT,VC202300002
CONT2023000042,EXPORT,BMCT,VC202300002
CONT2023000043,IMPORT,BMCT,VC202300002
CONT2023000044,IMPORT,BMCT,VC202300002
CONT2023000045,EXPORT,BMCT,VC202300002
CONT2023000046,EXPORT,NSICT,VC202300003
CONT2023000047,IMPORT,NSICT,VC202300003
CONT2023000048,IMPORT,NSICT,VC202300003
CONT2023000049,EXPORT,NSICT,VC202300003
CONT2023000050,EXPORT,NSICT,VC202300003
CONT2023000051,EXPORT,NSICT,VC202300003
CONT2023000052,EXPORT,NSICT,VC202300003
CONT2023000053,EXPORT,NSICT,VC202300003
CONT2023000054,EXPORT,NSICT,VC202300003
CONT2023000055,IMPORT,NSFT,VC202300004
CONT2023000056,EXPORT,NSFT,VC202300004
CONT2023000057,EXPORT,NSFT,VC202300004
CONT2023000058,IMPORT,NSFT,VC202300004
CONT2023000059,EXPORT,NSFT,VC202300004
CONT2023000060,IMPORT,NSFT,VC202300004
CONT2023000061,EXPORT,NSFT,VC202300004
CONT2023000062,IMPORT,NSFT,VC202300004
CONT2023000063,EXPORT,NSFT,VC202300004
CONT2023000064,IMPORT,NSFT,VC202300004
CONT2023000065,IMPORT,NSFT,VC202300004
CONT2023000066,IMPORT,NSFT,VC202300004
CONT2023000067,EXPORT,NSFT,VC202300004
CONT2023000068,EXPORT,NSFT,VC202300004
CONT2023000069,EXPORT,NSFT,VC202300004
CONT2023000070,IMPORT,NSFT,VC202300004
CONT2023000071,IMPORT,NSFT,VC202300004
CONT2023000072,IMPORT,NSFT,VC202300004
CONT2023000073,EXPORT,NSFT,VC202300004
CONT2023000074,EXPORT,NSFT,VC202300004
CONT2023000075,IMPORT,NSFT,VC202300004
CONT2023000076,IMPORT,NSIGT,VC202300005
CONT2023000077,IMPORT,NSIGT,VC202300005
CONT2023000078,EXPORT,NSIGT,VC202300005
CONT2023000079,IMPORT,NSIGT,VC202300005
CONT2023000080,IMPORT,NSIGT,VC202300005
CONT2023000081,IMPORT,NSIGT,VC202300005
CONT2023000082,IMPORT,NSIGT,VC202300005
CONT2023000083,IMPORT,NSIGT,VC202300005
CONT2023000084,IMPORT,GTI,VC202300006
CONT2023000085,IMPORT,GTI,VC202300006
CONT2023000086,EXPORT,GTI,VC202300006
CONT2023000087,IMPORT,GTI,VC202300006
CONT2023000088,EXPORT,GTI,VC202300006
CONT2023000089,EXPORT,GTI,VC202300006
CONT2023000090,EXPORT,GTI,VC202300006
CONT2023000091,EXPORT,GTI,VC202300007
CONT2023000092,EXPORT,GTI,VC202300007
CONT2023000093,IMPORT,GTI,VC202300007
CONT2023000094,IMPORT,GTI,VC202300007
CONT2023000095,IMPORT,GTI,VC202300007
CONT2023000096,IMPORT,GTI,VC202300007
CONT2023000097,IMPORT,GTI,VC202300007
CONT2023000098,EXPORT,GTI,VC202300007
CONT2023000099,IMPORT,GTI,VC202300007
CONT2023000100,EXPORT,NSIGT,VC202300008
CONT2023000101,IMPORT,NSIGT,VC202300008
CONT2023000102,IMPORT,NSIGT,VC202300008
CONT2023000103,IMPORT,NSIGT,VC202300008
CONT2023000104,EXPORT,NSIGT,VC202300008
CONT2023000105,IMPORT,NSIGT,VC202300008
CONT2023000106,EXPORT,NSIGT,VC202300008
CONT2023000107,IMPORT,NSIGT,VC202300008
CONT2023000108,IMPORT,NSIGT,VC202300008
CONT2023000109,EXPORT,NSIGT,VC202300008
CONT2023000110,IMPORT,NSIGT,VC202300008
CONT2023000111,IMPORT,NSIGT,VC202300008
CONT2023000112,IMPORT,NSIGT,VC202300008
CONT2023000113,EXPORT,NSIGT,VC202300008
CONT2023000114,IMPORT,NSIGT,VC202300008
CONT2023000115,EXPORT,NSIGT,VC202300008
CONT2023000116,IMPORT,NSIGT,VC202300008
CONT2023000117,IMPORT,NSIGT,VC202300008
CONT2023000118,EXPORT,NSIGT,VC202300008
CONT2023000119,EXPORT,NSIGT,VC202300008
CONT2023000120,IMPORT,NSIGT,VC202300008
CONT2023000121,IMPORT,NSICT,VC202300009
CONT2023000122,IMPORT,NSICT,VC202300009
CONT2023000123,EXPORT,NSICT,VC202300009
CONT2023000124,IMPORT,NSICT,VC202300009
CONT2023000125,EXPORT,NSICT,VC202300009
CONT2023000126,IMPORT,NSICT,VC202300009
CONT2023000127,IMPORT,NSICT,VC202300009
CONT2023000128,IMPORT,NSICT,VC202300009
CONT2023000129,IMPORT,NSICT,VC202300009
CONT2023000130,EXPORT,NSICT,VC202300009
CONT2023000131,IMPORT,NSICT,VC202300009
CONT2023000132,EXPORT,NSICT,VC202300009
CONT2023000133,EXPORT,NSICT,VC202300009
CONT2023000134,EXPORT,NSICT,VC202300009
CONT2023000135,EXPORT,NSICT,VC202300009
CONT2023000136,IMPORT,NSICT,VC202300009
CONT2023000137,IMPORT,NSICT,VC202300009
CONT2023000138,IMPORT,NSICT,VC202300009
CONT2023000139,IMPORT,NSICT,VC202300009
CONT2023000140,EXPORT,NSICT,VC202300009
CONT2023000141,IMPORT,NSICT,VC202300009
CONT2023000142,EXPORT,NSICT,VC202300009
CONT2023000143,EXPORT,NSICT,VC202300009
CONT2023000144,IMPORT,NSICT,VC202300009
CONT2023000145,IMPORT,NSICT,VC202300009
CONT2023000146,EXPORT,NSICT,VC202300009
CONT2023000147,IMPORT,NSICT,VC202300009
CONT2023000148,IMPORT,NSICT,VC202300009
CONT2023000149,EXPORT,NSICT,VC202300009
CONT2023000150,EXPORT,NSICT,VC202300009
CONT2023000151,EXPORT,NSICT,VC202300009
CONT2023000152,IMPORT,NSICT,VC202300009
CONT2023000153,IMPORT,NSICT,VC202300009
CONT2023000154,EXPORT,NSICT,VC202300009
CONT2023000155,EXPORT,NSICT,VC202300009
CONT2023000156,EXPORT,NSICT,VC202300009
CONT2023000157,IMPORT,NSICT,VC202300009
CONT2023000158,IMPORT,NSICT,VC202300009
CONT2023000159,EXPORT,NSICT,VC202300009
CONT2023000160,IMPORT,NSICT,VC202300009
CONT2023000161,IMPORT,NSICT,VC202300009
CONT2023000162,IMPORT,NSICT,VC202300009
CONT2023000163,EXPORT,NSICT,VC202300009
CONT2023000164,EXPORT,NSICT,VC202300009
CONT2023000165,IMPORT,NSFT,VC202300010
CONT2023000166,IMPORT,NSFT,VC202300010
CONT2023000167,EXPORT,NSFT,VC202300010
CONT2023000168,EXPORT,NSFT,VC202300010
CONT2023000169,IMPORT,NSFT,VC202300010
CONT2023000170,IMPORT,NSFT,VC202300010
CONT2023000171,IMPORT,NSFT,VC202300010
CONT2023000172,EXPORT,NSFT,VC202300010
CONT2023000173,IMPORT,NSFT,VC202300010
CONT2023000174,IMPORT,NSFT,VC202300010
CONT2023000175,IMPORT,NSFT,VC202300010
CONT2023000176,IMPORT,NSFT,VC202300010
CONT2023000177,IMPORT,NSFT,VC202300010
CONT2023000178,IMPORT,NSFT,VC202300010
CONT2023000179,EXPORT,GTI,VC202300011
CONT2023000180,EXPORT,GTI,VC202300011
CONT2023000181,EXPORT,GTI,VC202300011
CONT2023000182,EXPORT,GTI,VC202300011
CONT2023000183,EXPORT,GTI,VC202300011
CONT2023000184,IMPORT,GTI,VC202300011
CONT2023000185,EXPORT,GTI,VC202300011
CONT2023000186,IMPORT,GTI,VC202300011
CONT2023000187,IMPORT,GTI,VC202300011
CONT2023000188,IMPORT,NSIGT,VC202300012
CONT2023000189,EXPORT,NSIGT,VC202300012
CONT2023000190,EXPORT,NSIGT,VC202300012
CONT2023000191,IMPORT,NSIGT,VC202300012
CONT2023000192,IMPORT,NSIGT,VC202300012
CONT2023000193,EXPORT,NSIGT,VC202300012
CONT2023000194,EXPORT,NSIGT,VC202300012
CONT2023000195,EXPORT,NSIGT,VC202300012
CONT2023000196,EXPORT,NSIGT,VC202300012
CONT2023000197,IMPORT,NSIGT,VC202300012
CONT2023000198,EXPORT,NSIGT,VC202300012
CONT2023000199,IMPORT,NSIGT,VC202300012
CONT2023000200,EXPORT,NSIGT,VC202300012
CONT2023000201,IMPORT,NSIGT,VC202300012
CONT2023000202,EXPORT,NSIGT,VC202300012
CONT2023000203,EXPORT,NSIGT,VC202300012
CONT2023000204,IMPORT,NSIGT,VC202300012
CONT2023000205,IMPORT,NSIGT,VC202300012
CONT2023000206,IMPORT,NSIGT,VC202300012
CONT2023000207,EXPORT,NSIGT,VC202300012
CONT2023000208,EXPORT,NSIGT,VC202300012
CONT2023000209,EXPORT,NSIGT,VC202300012
CONT2023000210,IMPORT,NSIGT,VC202300012
CONT2023000211,IMPORT,NSIGT,VC202300012
CONT2023000212,EXPORT,NSIGT,VC202300012
CONT2023000213,IMPORT,NSIGT,VC202300012
CONT2023000214,EXPORT,NSIGT,VC202300012
CONT2023000215,IMPORT,BMCT,VC202300013
CONT2023000216,EXPORT,BMCT,VC202300013
CONT2023000217,IMPORT,BMCT,VC202300013
CONT2023000218,EXPORT,BMCT,VC202300013
CONT2023000219,EXPORT,BMCT,VC202300013
CONT2023000220,IMPORT,BMCT,VC202300013
CONT2023000221,EXPORT,BMCT,VC202300013
CONT2023000222,IMPORT,BMCT,VC202300013
CONT2023000223,IMPORT,BMCT,VC202300013
CONT2023000224,EXPORT,BMCT,VC202300013
CONT2023000225,IMPORT,NSFT,VC202300014
CONT2023000226,IMPORT,NSFT,VC202300014
CONT2023000227,EXPORT,NSFT,VC202300014
CONT2023000228,IMPORT,NSFT,VC202300014
CONT2023000229,IMPORT,NSFT,VC202300014
CONT2023000230,EXPORT,NSFT,VC202300014
CONT2023000231,EXPORT,NSFT,VC202300014
CONT2023000232,EXPORT,NSFT,VC202300014
CONT2023000233,IMPORT,NSFT,VC202300014
CONT2023000234,EXPORT,NSFT,VC202300014
CONT2023000235,IMPORT,NSFT,VC202300014
CONT2023000236,IMPORT,BMCT,VC202300015
CONT2023000237,IMPORT,BMCT,VC202300015
CONT2023000238,EXPORT,BMCT,VC202300015
CONT2023000239,IMPORT,BMCT,VC202300015
CONT2023000240,IMPORT,BMCT,VC202300015
CONT2023000241,IMPORT,BMCT,VC202300015
CONT2023000242,IMPORT,BMCT,VC202300015
CONT2023000243,IMPORT,BMCT,VC202300015
CONT2023000244,EXPORT,BMCT,VC202300015
CONT2023000245,EXPORT,BMCT,VC202300015
CONT2023000246,EXPORT,BMCT,VC202300015
CONT2023000247,IMPORT,BMCT,VC202300015
CONT2023000248,IMPORT,BMCT,VC202300015
CONT2023000249,EXPORT,BMCT,VC202300015
CONT2023000250,IMPORT,BMCT,VC202300015
CONT2023000251,IMPORT,BMCT,VC202300015
CONT2023000252,EXPORT,BMCT,VC202300015
CONT2023000253,IMPORT,GTI,VC202300016
CONT2023000254,IMPORT,GTI,VC202300016
CONT2023000255,IMPORT,GTI,VC202300016
CONT2023000256,IMPORT,GTI,VC202300016
CONT2023000257,IMPORT,GTI,VC202300016
CONT2023000258,IMPORT,GTI,VC202300016
CONT2023000259,IMPORT,GTI,VC202300016
CONT2023000260,IMPORT,GTI,VC202300016
CONT2023000261,IMPORT,GTI,VC202300016
CONT2023000262,EXPORT,GTI,VC202300016
CONT2023000263,IMPORT,GTI,VC202300016
CONT2023000264,IMPORT,GTI,VC202300016
CONT2023000265,IMPORT,GTI,VC202300016
CONT2023000266,IMPORT,GTI,VC202300016
CONT2023000267,EXPORT,GTI,VC202300016
CONT2023000268,IMPORT,GTI,VC202300016
CONT2023000269,IMPORT,GTI,VC202300016
CONT2023000270,EXPORT,GTI,VC202300016
CONT2023000271,IMPORT,GTI,VC202300016
CONT2023000272,IMPORT,GTI,VC202300016
CONT2023000273,IMPORT,GTI,VC202300016
CONT2023000274,EXPORT,GTI,VC202300016
CONT2023000275,EXPORT,GTI,VC202300016
CONT2023000276,IMPORT,GTI,VC202300016
CONT2023000277,EXPORT,GTI,VC202300016
CONT2023000278,IMPORT,GTI,VC202300016
CONT2023000279,IMPORT,NSICT,VC202300017
CONT2023000280,EXPORT,NSICT,VC202300017
CONT2023000281,EXPORT,NSICT,VC202300017
CONT2023000282,IMPORT,NSICT,VC202300017
CONT2023000283,EXPORT,NSICT,VC202300017
CONT2023000284,EXPORT,NSICT,VC202300017
CONT2023000285,EXPORT,NSICT,VC202300017
CONT2023000286,IMPORT,NSICT,VC202300017
CONT2023000287,EXPORT,NSICT,VC202300017
CONT2023000288,IMPORT,NSICT,VC202300017
CONT2023000289,EXPORT,NSICT,VC202300017
CONT2023000290,IMPORT,NSICT,VC202300017
CONT2023000291,EXPORT,NSICT,VC202300017
CONT2023000292,IMPORT,NSICT,VC202300017
CONT2023000293,IMPORT,NSICT,VC202300018
CONT2023000294,EXPORT,NSICT,VC202300018
CONT2023000295,EXPORT,NSICT,VC202300018
CONT2023000296,IMPORT,NSICT,VC202300018
CONT2023000297,EXPORT,NSICT,VC202300018
CONT2023000298,IMPORT,NSICT,VC202300018
CONT2023000299,IMPORT,NSICT,VC202300018
CONT2023000300,EXPORT,NSICT,VC202300018
CONT2023000301,EXPORT,NSICT,VC202300018
CONT2023000302,EXPORT,NSICT,VC202300018
CONT2023000303,IMPORT,NSICT,VC202300018
CONT2023000304,EXPORT,BMCT,VC202300019
CONT2023000305,IMPORT,BMCT,VC202300019
CONT2023000306,IMPORT,BMCT,VC202300019
CONT2023000307,EXPORT,BMCT,VC202300019
CONT2023000308,EXPORT,BMCT,VC202300019
CONT2023000309,IMPORT,BMCT,VC202300019
CONT2023000310,IMPORT,BMCT,VC202300019
CONT2023000311,IMPORT,BMCT,VC202300019
CONT2023000312,IMPORT,BMCT,VC202300019
CONT2023000313,IMPORT,BMCT,VC202300019
CONT2023000314,IMPORT,BMCT,VC202300019
CONT2023000315,EXPORT,BMCT,VC202300019
CONT2023000316,EXPORT,BMCT,VC202300019
CONT2023000317,EXPORT,BMCT,VC202300019
CONT2023000318,IMPORT,BMCT,VC202300019
CONT2023000319,IMPORT,BMCT,VC202300019
CONT2023000320,EXPORT,BMCT,VC202300019
CONT2023000321,IMPORT,BMCT,VC202300019
CONT2023000322,IMPORT,BMCT,VC202300019
CONT2023000323,EXPORT,BMCT,VC202300019
CONT2023000324,EXPORT,BMCT,VC202300019
CONT2023000325,EXPORT,BMCT,VC202300019
CONT2023000326,IMPORT,BMCT,VC202300019
CONT2023000327,IMPORT,BMCT,VC202300019
CONT2023000328,IMPORT,BMCT,VC202300019
CONT2023000329,EXPORT,BMCT,VC202300019
CONT2023000330,EXPORT,BMCT,VC202300019
CONT2023000331,IMPORT,BMCT,VC202300019
CONT2023000332,EXPORT,BMCT,VC202300019
CONT2023000333,IMPORT,BMCT,VC202300019
CONT2023000334,IMPORT,BMCT,VC202300019
CONT2023000335,IMPORT,BMCT,VC202300019
CONT2023000336,IMPORT,BMCT,VC202300019
CONT2023000337,IMPORT,BMCT,VC202300019
CONT2023000338,IMPORT,BMCT,VC202300019
CONT2023000339,IMPORT,BMCT,VC202300019
CONT2023000340,EXPORT,BMCT,VC202300019
CONT2023000341,IMPORT,BMCT,VC202300019
CONT2023000342,IMPORT,BMCT,VC202300019
CONT2023000343,IMPORT,BMCT,VC202300019
CONT2023000344,EXPORT,BMCT,VC202300019
CONT2023000345,IMPORT,BMCT,VC202300019
CONT2023000346,IMPORT,BMCT,VC202300019
CONT2023000347,IMPORT,BMCT,VC202300019
CONT2023000348,EXPORT,BMCT,VC202300019
CONT2023000349,IMPORT,BMCT,VC202300019
CONT2023000350,IMPORT,BMCT,VC202300019
CONT2023000351,EXPORT,BMCT,VC202300019
CONT2023000352,EXPORT,BMCT,VC202300019
CONT2023000353,EXPORT,NSICT,VC202300020
CONT2023000354,EXPORT,NSICT,VC202300020
CONT2023000355,EXPORT,NSICT,VC202300020
CONT2023000356,EXPORT,NSICT,VC202300020
CONT2023000357,IMPORT,NSICT,VC202300020
CONT2023000358,EXPORT,NSICT,VC202300020
CONT2023000359,EXPORT,NSICT,VC202300020
CONT2023000360,EXPORT,NSICT,VC202300020
CONT2023000361,EXPORT,NSICT,VC202300020
CONT2023000362,EXPORT,GTI,VC202300021
CONT2023000363,EXPORT,GTI,VC202300021
CONT2023000364,EXPORT,GTI,VC202300021
CONT2023000365,IMPORT,GTI,VC202300021
CONT2023000366,EXPORT,GTI,VC202300021
CONT2023000367,EXPORT,GTI,VC202300021
CONT2023000368,EXPORT,GTI,VC202300021
CONT2023000369,IMPORT,GTI,VC202300021
CONT2023000370,EXPORT,GTI,VC202300021
CONT2023000371,EXPORT,GTI,VC202300021
CONT2023000372,EXPORT,GTI,VC202300022
CONT2023000373,EXPORT,GTI,VC202300022
CONT2023000374,EXPORT,GTI,VC202300022
CONT2023000375,EXPORT,GTI,VC202300022
CONT2023000376,EXPORT,GTI,VC202300022
CONT2023000377,IMPORT,GTI,VC202300022
CONT2023000378,EXPORT,GTI,VC202300022
CONT2023000379,IMPORT,GTI,VC202300022
CONT2023000380,EXPORT,GTI,VC202300022
CONT2023000381,IMPORT,GTI,VC202300022
CONT2023000382,IMPORT,GTI,VC202300022
CONT2023000383,EXPORT,NSFT,VC202300023
CONT2023000384,IMPORT,NSFT,VC202300023
CONT2023000385,IMPORT,NSFT,VC202300023
CONT2023000386,EXPORT,NSFT,VC202300023
CONT2023000387,EXPORT,NSFT,VC202300023
CONT2023000388,IMPORT,NSFT,VC202300023
CONT2023000389,EXPORT,NSFT,VC202300023
CONT2023000390,EXPORT,NSFT,VC202300023
CONT2023000391,EXPORT,NSFT,VC202300023
CONT2023000392,EXPORT,NSFT,VC202300023
CONT2023000393,EXPORT,NSFT,VC202300023
CONT2023000394,IMPORT,NSFT,VC202300023
CONT2023000395,EXPORT,NSFT,VC202300023
CONT2023000396,EXPORT,NSFT,VC202300023
CONT2023000397,EXPORT,NSFT,VC202300023
CONT2023000398,IMPORT,NSFT,VC202300023
CONT2023000399,IMPORT,NSFT,VC202300023
CONT2023000400,IMPORT,NSFT,VC202300023
CONT2023000401,IMPORT,NSFT,VC202300023
CONT2023000402,EXPORT,BMCT,VC202300024
CONT2023000403,IMPORT,BMCT,VC202300024
CONT2023000404,EXPORT,BMCT,VC202300024
CONT2023000405,IMPORT,BMCT,VC202300024
CONT2023000406,IMPORT,BMCT,VC202300024
CONT2023000407,EXPORT,BMCT,VC202300024
CONT2023000408,IMPORT,BMCT,VC202300024
CONT2023000409,IMPORT,BMCT,VC202300024
CONT2023000410,IMPORT,BMCT,VC202300024
CONT2023000411,EXPORT,BMCT,VC202300024
CONT2023000412,EXPORT,BMCT,VC202300024
CONT2023000413,EXPORT,NSIGT,VC202300025
CONT2023000414,EXPORT,NSIGT,VC202300025
CONT2023000415,IMPORT,NSIGT,VC202300025
CONT2023000416,IMPORT,NSIGT,VC202300025
CONT2023000417,IMPORT,NSIGT,VC202300025
CONT2023000418,IMPORT,NSIGT,VC202300025
CONT2023000419,EXPORT,NSIGT,VC202300025
CONT2023000420,EXPORT,NSIGT,VC202300025
CONT2023000421,IMPORT,NSIGT,VC202300025
CONT2023000422,IMPORT,NSIGT,VC202300025
CONT2023000423,IMPORT,NSIGT,VC202300025
CONT2023000424,IMPORT,NSIGT,VC202300025
CONT2023000425,EXPORT,NSIGT,VC202300025
CONT2023000426,EXPORT,NSIGT,VC202300025
CONT2023000427,EXPORT,NSIGT,VC202300025
CONT2023000428,IMPORT,NSIGT,VC202300025
CONT2023000429,IMPORT,NSIGT,VC202300025
CONT2023000430,IMPORT,NSIGT,VC202300025
CONT2023000431,IMPORT,NSIGT,VC202300025
CONT2023000432,IMPORT,NSIGT,VC202300025
CONT2023000433,IMPORT,NSIGT,VC202300025
CONT2023000434,IMPORT,NSIGT,VC202300026
CONT2023000435,IMPORT,NSIGT,VC202300026
CONT2023000436,IMPORT,NSIGT,VC202300026
CONT2023000437,EXPORT,NSIGT,VC202300026
CONT2023000438,EXPORT,NSIGT,VC202300026
CONT2023000439,IMPORT,NSIGT,VC202300026
CONT2023000440,IMPORT,NSIGT,VC202300026
CONT2023000441,IMPORT,NSIGT,VC202300026
CONT2023000442,EXPORT,NSIGT,VC202300026
CONT2023000443,IMPORT,NSIGT,VC202300026
CONT2023000444,IMPORT,NSIGT,VC202300026
CONT2023000445,IMPORT,NSIGT,VC202300026
CONT2023000446,IMPORT,NSIGT,VC202300026
CONT2023000447,IMPORT,NSFT,VC202300027
CONT2023000448,IMPORT,NSFT,VC202300027
CONT2023000449,IMPORT,NSFT,VC202300027
CONT2023000450,IMPORT,NSFT,VC202300027
CONT2023000451,IMPORT,NSFT,VC202300027
CONT2023000452,IMPORT,NSFT,VC202300027
CONT2023000453,IMPORT,NSFT,VC202300027
CONT2023000454,EXPORT,NSFT,VC202300027
CONT2023000455,EXPORT,NSFT,VC202300027
CONT2023000456,EXPORT,NSFT,VC202300027
CONT2023000457,IMPORT,NSFT,VC202300027
CONT2023000458,EXPORT,BMCT,VC202300028
CONT2023000459,EXPORT,BMCT,VC202300028
CONT2023000460,IMPORT,BMCT,VC202300028
CONT2023000461,IMPORT,BMCT,VC202300028
CONT2023000462,EXPORT,BMCT,VC202300028
CONT2023000463,IMPORT,BMCT,VC202300028
CONT2023000464,EXPORT,BMCT,VC202300028
CONT2023000465,IMPORT,BMCT,VC202300028
CONT2023000466,EXPORT,BMCT,VC202300028
CONT2023000467,EXPORT,BMCT,VC202300028
CONT2023000468,IMPORT,NSIGT,VC202300029
CONT2023000469,IMPORT,NSIGT,VC202300029
CONT2023000470,IMPORT,NSIGT,VC202300029
CONT2023000471,EXPORT,NSIGT,VC202300029
CONT2023000472,EXPORT,NSIGT,VC202300029
CONT2023000473,EXPORT,NSIGT,VC202300029
CONT2023000474,EXPORT,NSIGT,VC202300029
CONT2023000475,EXPORT,NSIGT,VC202300029
CONT2023000476,EXPORT,NSIGT,VC202300029
CONT2023000477,IMPORT,NSIGT,VC202300029
CONT2023000478,EXPORT,NSIGT,VC202300029
CONT2023000479,EXPORT,NSIGT,VC202300029
CONT2023000480,IMPORT,NSIGT,VC202300029
CONT2023000481,IMPORT,GTI,VC202300030
CONT2023000482,IMPORT,GTI,VC202300030
CONT2023000483,EXPORT,GTI,VC202300030
CONT2023000484,EXPORT,GTI,VC202300030
CONT2023000485,EXPORT,GTI,VC202300030
CONT2023000486,EXPORT,GTI,VC202300030
CONT2023000487,IMPORT,GTI,VC202300030
CONT2023000488,EXPORT,GTI,VC202300030
CONT2023000489,IMPORT,GTI,VC202300030
CONT2023000490,EXPORT,GTI,VC202300030
CONT2023000491,IMPORT,GTI,VC202300030
CONT2023000492,IMPORT,GTI,VC202300030
CONT2023000493,EXPORT,GTI,VC202300030
CONT2023000494,IMPORT,GTI,VC202300030
CONT2023000495,IMPORT,GTI,VC202300030
CONT2023000496,IMPORT,GTI,VC202300030
CONT2023000497,EXPORT,GTI,VC202300030
CONT2023000498,EXPORT,NSFT,VC202300031
CONT2023000499,IMPORT,NSFT,VC202300031
CONT2023000500,EXPORT,NSFT,VC202300031
CONT2023000501,IMPORT,NSFT,VC202300031
CONT2023000502,EXPORT,NSFT,VC202300031
CONT2023000503,IMPORT,NSFT,VC202300031
CONT2023000504,EXPORT,NSFT,VC202300031
CONT2023000505,IMPORT,NSFT,VC202300031
CONT2023000506,IMPORT,NSFT,VC202300031
CONT2023000507,IMPORT,NSFT,VC202300031
CONT2023000508,EXPORT,NSFT,VC202300031
CONT2023000509,EXPORT,NSFT,VC202300031
CONT2023000510,IMPORT,NSFT,VC202300031
CONT2023000511,EXPORT,NSIGT,VC202300032
CONT2023000512,EXPORT,NSIGT,VC202300032
CONT2023000513,IMPORT,NSIGT,VC202300032
CONT2023000514,EXPORT,NSIGT,VC202300032
CONT2023000515,IMPORT,NSIGT,VC202300032
CONT2023000516,IMPORT,NSIGT,VC202300032
CONT2023000517,IMPORT,NSIGT,VC202300032
CONT2023000518,IMPORT,NSIGT,VC202300032
CONT2023000519,EXPORT,NSIGT,VC202300032
CONT2023000520,EXPORT,NSIGT,VC202300032
CONT2023000521,IMPORT,NSIGT,VC202300032
CONT2023000522,EXPORT,NSIGT,VC202300032
CONT2023000523,EXPORT,NSIGT,VC202300032
CONT2023000524,IMPORT,NSIGT,VC202300032
CONT2023000525,IMPORT,NSIGT,VC202300032
CONT2023000526,EXPORT,NSIGT,VC202300032
CONT2023000527,IMPORT,NSICT,VC202300033
CONT2023000528,IMPORT,NSICT,VC202300033
CONT2023000529,EXPORT,NSICT,VC202300033
CONT2023000530,IMPORT,NSICT,VC202300033
CONT2023000531,IMPORT,NSICT,VC202300033
CONT2023000532,IMPORT,NSICT,VC202300033
CONT2023000533,IMPORT,NSICT,VC202300033
CONT2023000534,IMPORT,NSICT,VC202300033
CONT2023000535,IMPORT,NSICT,VC202300033
CONT2023000536,EXPORT,NSICT,VC202300034
CONT2023000537,IMPORT,NSICT,VC202300034
CONT2023000538,EXPORT,NSICT,VC202300034
CONT2023000539,IMPORT,NSICT,VC202300034
CONT2023000540,EXPORT,NSICT,VC202300034
CONT2023000541,EXPORT,NSICT,VC202300034
CONT2023000542,EXPORT,NSICT,VC202300034
CONT2023000543,EXPORT,NSICT,VC202300034
CONT2023000544,EXPORT,NSICT,VC202300034
CONT2023000545,EXPORT,GTI,VC202300035
CONT2023000546,EXPORT,GTI,VC202300035
CONT2023000547,IMPORT,GTI,VC202300035
CONT2023000548,EXPORT,GTI,VC202300035
CONT2023000549,EXPORT,GTI,VC202300035
CONT2023000550,IMPORT,GTI,VC202300035
CONT2023000551,IMPORT,GTI,VC202300035
CONT2023000552,EXPORT,GTI,VC202300035
CONT2023000553,IMPORT,GTI,VC202300035
CONT2023000554,IMPORT,GTI,VC202300035
CONT2023000555,IMPORT,GTI,VC202300035
CONT2023000556,IMPORT,GTI,VC202300035
CONT2023000557,EXPORT,GTI,VC202300035
CONT2023000558,EXPORT,GTI,VC202300035
CONT2023000559,EXPORT,NSIGT,VC202300036
CONT2023000560,EXPORT,NSIGT,VC202300036
CONT2023000561,EXPORT,NSIGT,VC202300036
CONT2023000562,EXPORT,NSIGT,VC202300036
CONT2023000563,IMPORT,NSIGT,VC202300036
CONT2023000564,EXPORT,NSIGT,VC202300036
CONT2023000565,EXPORT,NSIGT,VC202300036
CONT2023000566,IMPORT,NSIGT,VC202300036
CONT2023000567,EXPORT,NSIGT,VC202300036
CONT2023000568,EXPORT,NSIGT,VC202300036
CONT2023000569,EXPORT,NSIGT,VC202300036
CONT2023000570,EXPORT,NSIGT,VC202300036
CONT2023000571,IMPORT,NSIGT,VC202300036
CONT2023000572,EXPORT,NSIGT,VC202300036
CONT2023000573,EXPORT,NSIGT,VC202300036
CONT2023000574,EXPORT,GTI,VC202300037
CONT2023000575,IMPORT,GTI,VC202300037
CONT2023000576,IMPORT,GTI,VC202300037
CONT2023000577,IMPORT,GTI,VC202300037
CONT2023000578,IMPORT,GTI,VC202300037
CONT2023000579,IMPORT,GTI,VC202300037
CONT2023000580,IMPORT,GTI,VC202300037
CONT2023000581,IMPORT,GTI,VC202300037
CONT2023000582,IMPORT,GTI,VC202300037
CONT2023000583,IMPORT,GTI,VC202300037
CONT2023000584,EXPORT,GTI,VC202300037
CONT2023000585,IMPORT,GTI,VC202300037
CONT2023000586,IMPORT,GTI,VC202300037
CONT2023000587,IMPORT,GTI,VC202300037
CONT2023000588,EXPORT,NSIGT,VC202300038
CONT2023000589,EXPORT,NSIGT,VC202300038
CONT2023000590,EXPORT,NSIGT,VC202300038
CONT2023000591,IMPORT,NSIGT,VC202300038
CONT2023000592,IMPORT,NSIGT,VC202300038
CONT2023000593,EXPORT,NSIGT,VC202300038
CONT2023000594,EXPORT,NSIGT,VC202300038
CONT2023000595,EXPORT,NSIGT,VC202300038
CONT2023000596,IMPORT,NSIGT,VC202300038
CONT2023000597,EXPORT,NSIGT,VC202300038
CONT2023000598,EXPORT,NSFT,VC202300039
CONT2023000599,IMPORT,NSFT,VC202300039
CONT2023000600,EXPORT,NSFT,VC202300039
CONT2023000601,EXPORT,NSFT,VC202300039
CONT2023000602,EXPORT,NSFT,VC202300039
CONT2023000603,IMPORT,NSFT,VC202300039
CONT2023000604,EXPORT,NSFT,VC202300039
CONT2023000605,EXPORT,NSFT,VC202300039
CONT2023000606,EXPORT,NSFT,VC202300039
CONT2023000607,EXPORT,NSFT,VC202300039
CONT2023000608,EXPORT,NSFT,VC202300039
CONT2023000609,IMPORT,NSFT,VC202300039
CONT2023000610,IMPORT,NSFT,VC202300039
CONT2023000611,EXPORT,NSFT,VC202300039
CONT2023000612,IMPORT,NSIGT,VC202300040
CONT2023000613,IMPORT,NSIGT,VC202300040
CONT2023000614,EXPORT,NSIGT,VC202300040
CONT2023000615,IMPORT,NSIGT,VC202300040
CONT2023000616,EXPORT,NSIGT,VC202300040
CONT2023000617,IMPORT,NSIGT,VC202300040
CONT2023000618,EXPORT,NSIGT,VC202300040
CONT2023000619,EXPORT,NSIGT,VC202300040
CONT2023000620,IMPORT,NSIGT,VC202300040
CONT2023000621,IMPORT,NSIGT,VC202300040
CONT2023000622,IMPORT,NSIGT,VC202300040
CONT2023000623,EXPORT,NSIGT,VC202300040
CONT2023000624,EXPORT,NSIGT,VC202300040
CONT2023000625,EXPORT,NSIGT,VC202300040
CONT2023000626,EXPORT,NSICT,VC202300041
CONT2023000627,IMPORT,NSICT,VC202300041
CONT2023000628,IMPORT,NSICT,VC202300041
CONT2023000629,IMPORT,NSICT,VC202300041
CONT2023000630,IMPORT,NSICT,VC202300041
CONT2023000631,EXPORT,NSICT,VC202300041
CONT2023000632,EXPORT,NSICT,VC202300041
CONT2023000633,EXPORT,NSICT,VC202300041
CONT2023000634,EXPORT,NSICT,VC202300041
CONT2023000635,EXPORT,NSICT,VC202300041
CONT2023000636,IMPORT,NSICT,VC202300041
CONT2023000637,EXPORT,NSICT,VC202300041
CONT2023000638,EXPORT,NSICT,VC202300041
CONT2023000639,EXPORT,GTI,VC202300042
CONT2023000640,IMPORT,GTI,VC202300042
CONT2023000641,EXPORT,GTI,VC202300042
CONT2023000642,IMPORT,GTI,VC202300042
CONT2023000643,IMPORT,GTI,VC202300042
CONT2023000644,IMPORT,GTI,VC202300042
CONT2023000645,EXPORT,GTI,VC202300042
CONT2023000646,EXPORT,GTI,VC202300042
CONT2023000647,IMPORT,GTI,VC202300042
CONT2023000648,IMPORT,GTI,VC202300042
CONT2023000649,EXPORT,NSIGT,VC202300043
CONT2023000650,EXPORT,NSIGT,VC202300043
CONT2023000651,IMPORT,NSIGT,VC202300043
CONT2023000652,EXPORT,NSIGT,VC202300043
CONT2023000653,IMPORT,NSIGT,VC202300043
CONT2023000654,IMPORT,NSIGT,VC202300043
CONT2023000655,IMPORT,NSIGT,VC202300043
CONT2023000656,IMPORT,NSIGT,VC202300043
CONT2023000657,IMPORT,NSIGT,VC202300043
CONT2023000658,EXPORT,NSIGT,VC202300043
CONT2023000659,IMPORT,NSIGT,VC202300043
CONT2023000660,IMPORT,NSIGT,VC202300043
CONT2023000661,EXPORT,NSIGT,VC202300043
CONT2023000662,EXPORT,NSIGT,VC202300043
CONT2023000663,IMPORT,NSIGT,VC202300043
CONT2023000664,EXPORT,NSIGT,VC202300043
CONT2023000665,IMPORT,NSIGT,VC202300043
CONT2023000666,EXPORT,NSIGT,VC202300043
CONT2023000667,IMPORT,NSIGT,VC202300044
CONT2023000668,IMPORT,NSIGT,VC202300044
CONT2023000669,IMPORT,NSIGT,VC202300044
CONT2023000670,IMPORT,NSIGT,VC202300044
CONT2023000671,IMPORT,NSIGT,VC202300044
CONT2023000672,EXPORT,NSIGT,VC202300044
CONT2023000673,EXPORT,NSIGT,VC202300044
CONT2023000674,IMPORT,NSIGT,VC202300044
CONT2023000675,EXPORT,NSIGT,VC202300044
CONT2023000676,IMPORT,NSIGT,VC202300044
CONT2023000677,IMPORT,NSIGT,VC202300044
CONT2023000678,EXPORT,NSIGT,VC202300044
CONT2023000679,EXPORT,NSIGT,VC202300044
CONT2023000680,EXPORT,NSIGT,VC202300044
CONT2023000681,EXPORT,NSFT,VC202300045
CONT2023000682,IMPORT,NSFT,VC202300045
CONT2023000683,EXPORT,NSFT,VC202300045
CONT2023000684,IMPORT,NSFT,VC202300045
CONT2023000685,IMPORT,NSFT,VC202300045
CONT2023000686,IMPORT,NSFT,VC202300045
CONT2023000687,IMPORT,NSFT,VC202300045
CONT2023000688,EXPORT,NSFT,VC202300045
CONT2023000689,IMPORT,NSFT,VC202300045
CONT2023000690,IMPORT,NSIGT,VC202300046
CONT2023000691,IMPORT,NSIGT,VC202300046
CONT2023000692,EXPORT,NSIGT,VC202300046
CONT2023000693,EXPORT,NSIGT,VC202300046
CONT2023000694,IMPORT,NSIGT,VC202300046
CONT2023000695,EXPORT,NSIGT,VC202300046
CONT2023000696,EXPORT,NSIGT,VC202300046
CONT2023000697,IMPORT,NSIGT,VC202300046
CONT2023000698,EXPORT,NSIGT,VC202300046
CONT2023000699,EXPORT,NSIGT,VC202300046
CONT2023000700,IMPORT,NSIGT,VC202300046
CONT2023000701,IMPORT,NSIGT,VC202300046
CONT2023000702,EXPORT,NSIGT,VC202300046
CONT2023000703,EXPORT,GTI,VC202300047
CONT2023000704,EXPORT,GTI,VC202300047
CONT2023000705,EXPORT,GTI,VC202300047
CONT2023000706,EXPORT,GTI,VC202300047
CONT2023000707,IMPORT,GTI,VC202300047
CONT2023000708,IMPORT,GTI,VC202300047
CONT2023000709,IMPORT,GTI,VC202300047
CONT2023000710,IMPORT,GTI,VC202300047
CONT2023000711,EXPORT,GTI,VC202300047
CONT2023000712,EXPORT,GTI,VC202300047
CONT2023000713,IMPORT,NSFT,VC202300048
CONT2023000714,EXPORT,NSFT,VC202300048
CONT2023000715,EXPORT,NSFT,VC202300048
CONT2023000716,EXPORT,NSFT,VC202300048
CONT2023000717,EXPORT,NSFT,VC202300048
CONT2023000718,EXPORT,NSFT,VC202300048
CONT2023000719,IMPORT,NSFT,VC202300048
CONT2023000720,EXPORT,NSFT,VC202300048
CONT2023000721,EXPORT,NSFT,VC202300048
CONT2023000722,EXPORT,NSFT,VC202300048
CONT2023000723,EXPORT,NSFT,VC202300048
CONT2023000724,IMPORT,NSFT,VC202300048
CONT2023000725,EXPORT,NSFT,VC202300048
CONT2023000726,IMPORT,NSFT,VC202300048
CONT2023000727,IMPORT,NSIGT,VC202300049
CONT2023000728,EXPORT,NSIGT,VC202300049
CONT2023000729,EXPORT,NSIGT,VC202300049
CONT2023000730,IMPORT,NSIGT,VC202300049
CONT2023000731,EXPORT,NSIGT,VC202300049
CONT2023000732,EXPORT,NSIGT,VC202300049
CONT2023000733,EXPORT,NSIGT,VC202300049
CONT2023000734,IMPORT,NSIGT,VC202300049
CONT2023000735,IMPORT,NSIGT,VC202300049
CONT2023000736,IMPORT,NSIGT,VC202300049
CONT2023000737,IMPORT,NSIGT,VC202300049
CONT2023000738,EXPORT,NSIGT,VC202300049
CONT2023000739,EXPORT,NSIGT,VC202300049
CONT2023000740,EXPORT,NSIGT,VC202300049
CONT2023000741,EXPORT,NSIGT,VC202300049
CONT2023000742,IMPORT,NSIGT,VC202300049
CONT2023000743,IMPORT,NSIGT,VC202300049
CONT2023000744,EXPORT,NSIGT,VC202300049
CONT2023000745,IMPORT,NSIGT,VC202300049
CONT2023000746,EXPORT,NSIGT,VC202300049
CONT2023000747,EXPORT,NSIGT,VC202300049
CONT2023000748,IMPORT,NSIGT,VC202300049
CONT2023000749,IMPORT,NSIGT,VC202300049
CONT2023000750,EXPORT,NSIGT,VC202300049
CONT2023000751,EXPORT,NSIGT,VC202300049
CONT2023000752,IMPORT,NSIGT,VC202300049
CONT2023000753,IMPORT,NSIGT,VC202300049
CONT2023000754,EXPORT,NSIGT,VC202300049
CONT2023000755,IMPORT,NSIGT,VC202300049
CONT2023000756,EXPORT,NSIGT,VC202300049
CONT2023000757,IMPORT,NSIGT,VC202300050
CONT2023000758,EXPORT,NSIGT,VC202300050
CONT2023000759,IMPORT,NSIGT,VC202300050
CONT2023000760,IMPORT,NSIGT,VC202300050
CONT2023000761,IMPORT,NSIGT,VC202300050
CONT2023000762,EXPORT,NSIGT,VC202300050
CONT2023000763,EXPORT,NSIGT,VC202300050
CONT2023000764,EXPORT,NSIGT,VC202300050
CONT2023000765,EXPORT,NSIGT,VC202300050
CONT2023000766,IMPORT,NSIGT,VC202300050
CONT2023000767,EXPORT,NSIGT,VC202300050
CONT2023000768,EXPORT,NSIGT,VC202300050
CONT2023000769,EXPORT,NSIGT,VC202300050
CONT2023000770,IMPORT,NSIGT,VC202300050
CONT2023000771,IMPORT,NSIGT,VC202300050
CONT2023000772,IMPORT,GTI,VC202300051
CONT2023000773,IMPORT,GTI,VC202300051
CONT2023000774,IMPORT,GTI,VC202300051
CONT2023000775,IMPORT,GTI,VC202300051
CONT2023000776,IMPORT,GTI,VC202300051
CONT2023000777,EXPORT,GTI,VC202300051
CONT2023000778,EXPORT,GTI,VC202300051
CONT2023000779,IMPORT,GTI,VC202300051
CONT2023000780,EXPORT,GTI,VC202300051
CONT2023000781,EXPORT,GTI,VC202300051
CONT2023000782,IMPORT,GTI,VC202300051
CONT2023000783,IMPORT,GTI,VC202300051
CONT2023000784,EXPORT,GTI,VC202300051
CONT2023000785,EXPORT,GTI,VC202300051
CONT2023000786,EXPORT,GTI,VC202300051
CONT2023000787,IMPORT,NSICT,VC202300052
CONT2023000788,IMPORT,NSICT,VC202300052
CONT2023000789,EXPORT,NSICT,VC202300052
CONT2023000790,EXPORT,NSICT,VC202300052
CONT2023000791,EXPORT,NSICT,VC202300052
CONT2023000792,IMPORT,NSICT,VC202300052
CONT2023000793,EXPORT,NSICT,VC202300052
CONT2023000794,EXPORT,NSICT,VC202300052
CONT2023000795,IMPORT,NSICT,VC202300052
CONT2023000796,IMPORT,NSICT,VC202300052
CONT2023000797,IMPORT,NSICT,VC202300052
CONT2023000798,IMPORT,NSICT,VC202300052
CONT2023000799,EXPORT,NSICT,VC202300052
CONT2023000800,IMPORT,NSICT,VC202300052
CONT2023000801,EXPORT,NSICT,VC202300052
CONT2023000802,IMPORT,NSICT,VC202300052
CONT2023000803,EXPORT,NSICT,VC202300052
CONT2023000804,IMPORT,NSICT,VC202300052
CONT2023000805,IMPORT,NSICT,VC202300052
CONT2023000806,IMPORT,NSICT,VC202300052
CONT2023000807,EXPORT,NSICT,VC202300052
CONT2023000808,EXPORT,NSICT,VC202300052
CONT2023000809,EXPORT,NSICT,VC202300052
CONT2023000810,EXPORT,NSICT,VC202300052
CONT2023000811,IMPORT,NSICT,VC202300052
CONT2023000812,IMPORT,NSICT,VC202300052
CONT2023000813,IMPORT,NSICT,VC202300052
CONT2023000814,EXPORT,NSICT,VC202300052
CONT2023000815,EXPORT,NSICT,VC202300052
CONT2023000816,IMPORT,NSICT,VC202300052
CONT2023000817,IMPORT,BMCT,VC202300053
CONT2023000818,EXPORT,BMCT,VC202300053
CONT2023000819,IMPORT,BMCT,VC202300053
CONT2023000820,IMPORT,BMCT,VC202300053
CONT2023000821,EXPORT,BMCT,VC202300053
CONT2023000822,IMPORT,BMCT,VC202300053
CONT2023000823,IMPORT,BMCT,VC202300053
CONT2023000824,IMPORT,BMCT,VC202300053
CONT2023000825,IMPORT,BMCT,VC202300053
CONT2023000826,EXPORT,BMCT,VC202300053
CONT2023000827,IMPORT,BMCT,VC202300053
CONT2023000828,EXPORT,BMCT,VC202300053
CONT2023000829,IMPORT,BMCT,VC202300053
CONT2023000830,EXPORT,BMCT,VC202300053
CONT2023000831,EXPORT,BMCT,VC202300053
CONT2023000832,EXPORT,BMCT,VC202300053
CONT2023000833,EXPORT,NSICT,VC202300054
CONT2023000834,EXPORT,NSICT,VC202300054
CONT2023000835,EXPORT,NSICT,VC202300054
CONT2023000836,EXPORT,NSICT,VC202300054
CONT2023000837,EXPORT,NSICT,VC202300054
CONT2023000838,IMPORT,NSICT,VC202300054
CONT2023000839,EXPORT,NSICT,VC202300054
CONT2023000840,EXPORT,NSICT,VC202300054
CONT2023000841,EXPORT,NSICT,VC202300054
CONT2023000842,IMPORT,NSICT,VC202300054
CONT2023000843,IMPORT,NSICT,VC202300054
CONT2023000844,EXPORT,NSICT,VC202300054
CONT2023000845,IMPORT,NSICT,VC202300054
CONT2023000846,EXPORT,NSICT,VC202300054
CONT2023000847,IMPORT,NSICT,VC202300054
CONT2023000848,IMPORT,NSICT,VC202300054
CONT2023000849,IMPORT,NSICT,VC202300054
CONT2023000850,EXPORT,NSFT,VC202300055
CONT2023000851,EXPORT,NSFT,VC202300055
CONT2023000852,EXPORT,NSFT,VC202300055
CONT2023000853,EXPORT,NSFT,VC202300055
CONT2023000854,IMPORT,NSFT,VC202300055
CONT2023000855,EXPORT,NSFT,VC202300055
CONT2023000856,IMPORT,NSFT,VC202300055
CONT2023000857,EXPORT,NSFT,VC202300055
CONT2023000858,IMPORT,NSFT,VC202300055
CONT2023000859,EXPORT,NSFT,VC202300055
CONT2023000860,IMPORT,NSFT,VC202300055
CONT2023000861,EXPORT,NSFT,VC202300055
CONT2023000862,EXPORT,NSFT,VC202300055
CONT2023000863,IMPORT,NSFT,VC202300055
CONT2023000864,EXPORT,NSFT,VC202300055
CONT2023000865,IMPORT,GTI,VC202300056
CONT2023000866,IMPORT,GTI,VC202300056
CONT2023000867,IMPORT,GTI,VC202300056
CONT2023000868,IMPORT,GTI,VC202300056
CONT2023000869,EXPORT,GTI,VC202300056
CONT2023000870,EXPORT,GTI,VC202300056
CONT2023000871,EXPORT,GTI,VC202300056
CONT2023000872,IMPORT,GTI,VC202300056
CONT2023000873,IMPORT,GTI,VC202300056
CONT2023000874,EXPORT,GTI,VC202300056
CONT2023000875,EXPORT,GTI,VC202300056
CONT2023000876,EXPORT,BMCT,VC202300057
CONT2023000877,IMPORT,BMCT,VC202300057
CONT2023000878,EXPORT,BMCT,VC202300057
CONT2023000879,EXPORT,BMCT,VC202300057
CONT2023000880,EXPORT,BMCT,VC202300057
CONT2023000881,IMPORT,BMCT,VC202300057
CONT2023000882,EXPORT,BMCT,VC202300057
CONT2023000883,EXPORT,BMCT,VC202300057
CONT2023000884,IMPORT,BMCT,VC202300057
CONT2023000885,IMPORT,BMCT,VC202300057
CONT2023000886,IMPORT,BMCT,VC202300057
CONT2023000887,EXPORT,BMCT,VC202300057
CONT2023000888,EXPORT,BMCT,VC202300057
CONT2023000889,IMPORT,BMCT,VC202300057
CONT2023000890,EXPORT,BMCT,VC202300057
CONT2023000891,EXPORT,BMCT,VC202300057
CONT2023000892,IMPORT,BMCT,VC202300057
CONT2023000893,IMPORT,NSIGT,VC202300058
CONT2023000894,EXPORT,NSIGT,VC202300058
CONT2023000895,IMPORT,NSIGT,VC202300058
CONT2023000896,IMPORT,NSIGT,VC202300058
CONT2023000897,IMPORT,NSIGT,VC202300058
CONT2023000898,EXPORT,NSIGT,VC202300058
CONT2023000899,EXPORT,NSIGT,VC202300058
CONT2023000900,EXPORT,NSIGT,VC202300058
CONT2023000901,EXPORT,NSIGT,VC202300058
CONT2023000902,IMPORT,NSIGT,VC202300058
CONT2023000903,IMPORT,NSIGT,VC202300058
CONT2023000904,IMPORT,NSIGT,VC202300058
CONT2023000905,EXPORT,NSIGT,VC202300058
CONT2023000906,IMPORT,NSIGT,VC202300058
CONT2023000907,EXPORT,NSIGT,VC202300058
CONT2023000908,IMPORT,NSIGT,VC202300058
CONT2023000909,EXPORT,NSIGT,VC202300058
CONT2023000910,EXPORT,NSIGT,VC202300058
CONT2023000911,IMPORT,NSIGT,VC202300058
CONT2023000912,IMPORT,NSIGT,VC202300058
CONT2023000913,EXPORT,NSIGT,VC202300058
CONT2023000914,EXPORT,NSIGT,VC202300058
CONT2023000915,IMPORT,NSIGT,VC202300058
CONT2023000916,EXPORT,NSIGT,VC202300058
CONT2023000917,IMPORT,NSIGT,VC202300058
CONT2023000918,IMPORT,NSIGT,VC202300058
CONT2023000919,IMPORT,NSIGT,VC202300058
CONT2023000920,IMPORT,NSIGT,VC202300058
CONT2023000921,IMPORT,NSIGT,VC202300058
CONT2023000922,IMPORT,NSIGT,VC202300058
CONT2023000923,EXPORT,NSIGT,VC202300058
CONT2023000924,IMPORT,NSIGT,VC202300058
CONT2023000925,EXPORT,NSIGT,VC202300058
CONT2023000926,EXPORT,NSIGT,VC202300058
CONT2023000927,EXPORT,NSIGT,VC202300058
CONT2023000928,EXPORT,BMCT,VC202300059
CONT2023000929,IMPORT,BMCT,VC202300059
CONT2023000930,IMPORT,BMCT,VC202300059
CONT2023000931,EXPORT,BMCT,VC202300059
CONT2023000932,IMPORT,BMCT,VC202300059
CONT2023000933,EXPORT,BMCT,VC202300059
CONT2023000934,EXPORT,BMCT,VC202300059
CONT2023000935,EXPORT,NSIGT,VC202300060
CONT2023000936,IMPORT,NSIGT,VC202300060
CONT2023000937,IMPORT,NSIGT,VC202300060
CONT2023000938,EXPORT,NSIGT,VC202300060
CONT2023000939,EXPORT,NSIGT,VC202300060
CONT2023000940,IMPORT,NSIGT,VC202300060
CONT2023000941,IMPORT,NSIGT,VC202300060
CONT2023000942,EXPORT,NSIGT,VC202300060
CONT2023000943,IMPORT,NSIGT,VC202300060
CONT2023000944,EXPORT,NSIGT,VC202300060
CONT2023000945,EXPORT,NSIGT,VC202300060
CONT2023000946,IMPORT,NSIGT,VC202300061
CONT2023000947,EXPORT,NSIGT,VC202300061
CONT2023000948,EXPORT,NSIGT,VC202300061
CONT2023000949,IMPORT,NSIGT,VC202300061
CONT2023000950,EXPORT,NSIGT,VC202300061
CONT2023000951,EXPORT,NSIGT,VC202300061
CONT2023000952,EXPORT,NSIGT,VC202300061
CONT2023000953,EXPORT,NSIGT,VC202300061
CONT2023000954,IMPORT,NSIGT,VC202300061
CONT2023000955,EXPORT,NSIGT,VC202300062
CONT2023000956,IMPORT,NSIGT,VC202300062
CONT2023000957,IMPORT,NSIGT,VC202300062
CONT2023000958,EXPORT,NSIGT,VC202300062
CONT2023000959,EXPORT,NSIGT,VC202300062
CONT2023000960,IMPORT,NSIGT,VC202300062
CONT2023000961,EXPORT,NSIGT,VC202300062
CONT2023000962,IMPORT,NSIGT,VC202300062
CONT2023000963,EXPORT,NSIGT,VC202300062
CONT2023000964,IMPORT,GTI,VC202300063
CONT2023000965,IMPORT,GTI,VC202300063
CONT2023000966,EXPORT,GTI,VC202300063
CONT2023000967,EXPORT,GTI,VC202300063
CONT2023000968,IMPORT,GTI,VC202300063
CONT2023000969,EXPORT,GTI,VC202300063
CONT2023000970,EXPORT,GTI,VC202300063
CONT2023000971,IMPORT,GTI,VC202300063
CONT2023000972,EXPORT,GTI,VC202300063
CONT2023000973,IMPORT,GTI,VC202300063
CONT2023000974,EXPORT,GTI,VC202300063
CONT2023000975,IMPORT,GTI,VC202300063
CONT2023000976,IMPORT,GTI,VC202300063
CONT2023000977,EXPORT,GTI,VC202300063
CONT2023000978,EXPORT,GTI,VC202300063
CONT2023000979,EXPORT,GTI,VC202300063
CONT2023000980,IMPORT,GTI,VC202300063
CONT2023000981,EXPORT,GTI,VC202300063
CONT2023000982,EXPORT,GTI,VC202300063
CONT2023000983,IMPORT,GTI,VC202300063
CONT2023000984,IMPORT,GTI,VC202300063
CONT2023000985,EXPORT,GTI,VC202300063
CONT2023000986,EXPORT,GTI,VC202300063
CONT2023000987,IMPORT,GTI,VC202300063
CONT2023000988,IMPORT,GTI,VC202300063
CONT2023000989,EXPORT,GTI,VC202300063
CONT2023000990,EXPORT,GTI,VC202300063
CONT2023000991,IMPORT,BMCT,VC202300064
CONT2023000992,EXPORT,BMCT,VC202300064
CONT2023000993,IMPORT,BMCT,VC202300064
CONT2023000994,EXPORT,BMCT,VC202300064
CONT2023000995,IMPORT,BMCT,VC202300064
CONT2023000996,EXPORT,BMCT,VC202300064
CONT2023000997,IMPORT,BMCT,VC202300064
CONT2023000998,EXPORT,BMCT,VC202300064
CONT2023000999,EXPORT,BMCT,VC202300064
CONT2023001000,EXPORT,BMCT,VC202300064
CONT2023001001,EXPORT,BMCT,VC202300064
CONT2023001002,IMPORT,BMCT,VC202300064
CONT2023001003,EXPORT,BMCT,VC202300064
CONT2023001004,EXPORT,BMCT,VC202300065
CONT2023001005,EXPORT,BMCT,VC202300065
CONT2023001006,IMPORT,BMCT,VC202300065
CONT2023001007,IMPORT,BMCT,VC202300065
CONT2023001008,EXPORT,BMCT,VC202300065
CONT2023001009,IMPORT,BMCT,VC202300065
CONT2023001010,EXPORT,BMCT,VC202300065
CONT2023001011,IMPORT,BMCT,VC202300065
CONT2023001012,EXPORT,BMCT,VC202300065
CONT2023001013,IMPORT,BMCT,VC202300065
CONT2023001014,IMPORT,BMCT,VC202300065
CONT2023001015,EXPORT,BMCT,VC202300065
CONT2023001016,IMPORT,BMCT,VC202300065
CONT2023001017,EXPORT,BMCT,VC202300065
CONT2023001018,EXPORT,BMCT,VC202300065
CONT2023001019,EXPORT,BMCT,VC202300065
CONT2023001020,IMPORT,BMCT,VC202300065
CONT2023001021,IMPORT,BMCT,VC202300065
CONT2023001022,EXPORT,BMCT,VC202300065
CONT2023001023,IMPORT,BMCT,VC202300065
CONT2023001024,EXPORT,NSICT,VC202300066
CONT2023001025,IMPORT,NSICT,VC202300066
CONT2023001026,IMPORT,NSICT,VC202300066
CONT2023001027,EXPORT,NSICT,VC202300066
CONT2023001028,EXPORT,NSICT,VC202300066
CONT2023001029,IMPORT,NSICT,VC202300066
CONT2023001030,IMPORT,NSICT,VC202300066
CONT2023001031,IMPORT,NSICT,VC202300066
CONT2023001032,IMPORT,NSICT,VC202300066
CONT2023001033,IMPORT,NSICT,VC202300067
CONT2023001034,IMPORT,NSICT,VC202300067
CONT2023001035,EXPORT,NSICT,VC202300067
CONT2023001036,IMPORT,NSICT,VC202300067
CONT2023001037,EXPORT,NSICT,VC202300067
CONT2023001038,EXPORT,NSICT,VC202300067
CONT2023001039,EXPORT,NSICT,VC202300067
CONT2023001040,EXPORT,NSICT,VC202300067
CONT2023001041,IMPORT,NSICT,VC202300067
CONT2023001042,EXPORT,NSICT,VC202300067
CONT2023001043,EXPORT,NSICT,VC202300068
CONT2023001044,EXPORT,NSICT,VC202300068
CONT2023001045,EXPORT,NSICT,VC202300068
CONT2023001046,EXPORT,NSICT,VC202300068
CONT2023001047,EXPORT,NSICT,VC202300068
CONT2023001048,EXPORT,NSICT,VC202300068
CONT2023001049,EXPORT,NSICT,VC202300068
CONT2023001050,EXPORT,NSICT,VC202300068
CONT2023001051,EXPORT,GTI,VC202300069
CONT2023001052,IMPORT,GTI,VC202300069
CONT2023001053,EXPORT,GTI,VC202300069
CONT2023001054,IMPORT,GTI,VC202300069
CONT2023001055,IMPORT,GTI,VC202300069
CONT2023001056,IMPORT,GTI,VC202300069
CONT2023001057,EXPORT,GTI,VC202300069
CONT2023001058,IMPORT,GTI,VC202300069
CONT2023001059,EXPORT,GTI,VC202300069
CONT2023001060,IMPORT,GTI,VC202300069
CONT2023001061,EXPORT,GTI,VC202300069
CONT2023001062,IMPORT,GTI,VC202300069
CONT2023001063,EXPORT,GTI,VC202300069
CONT2023001064,IMPORT,GTI,VC202300069
CONT2023001065,EXPORT,GTI,VC202300069
CONT2023001066,IMPORT,GTI,VC202300069
CONT2023001067,IMPORT,GTI,VC202300069
CONT2023001068,EXPORT,GTI,VC202300069
CONT2023001069,IMPORT,GTI,VC202300069
CONT2023001070,EXPORT,GTI,VC202300069
CONT2023001071,IMPORT,GTI,VC202300069
CONT2023001072,EXPORT,GTI,VC202300069
CONT2023001073,EXPORT,GTI,VC202300069
CONT2023001074,IMPORT,GTI,VC202300069
CONT2023001075,IMPORT,GTI,VC202300069
CONT2023001076,EXPORT,GTI,VC202300069
CONT2023001077,EXPORT,GTI,VC202300069
CONT2023001078,IMPORT,GTI,VC202300069
CONT2023001079,EXPORT,GTI,VC202300069
CONT2023001080,EXPORT,GTI,VC202300069
CONT2023001081,EXPORT,NSIGT,VC202300070
CONT2023001082,EXPORT,NSIGT,VC202300070
CONT2023001083,EXPORT,NSIGT,VC202300070
CONT2023001084,EXPORT,NSIGT,VC202300070
CONT2023001085,EXPORT,NSIGT,VC202300070
CONT2023001086,EXPORT,NSIGT,VC202300070
CONT2023001087,EXPORT,NSIGT,VC202300070
CONT2023001088,IMPORT,NSIGT,VC202300070
CONT2023001089,IMPORT,NSIGT,VC202300070
CONT2023001090,EXPORT,NSIGT,VC202300070
CONT2023001091,EXPORT,NSIGT,VC202300070
CONT2023001092,EXPORT,NSIGT,VC202300070
CONT2023001093,IMPORT,NSIGT,VC202300070
CONT2023001094,EXPORT,NSIGT,VC202300070
CONT2023001095,IMPORT,NSIGT,VC202300070
CONT2023001096,IMPORT,NSIGT,VC202300070
CONT2023001097,EXPORT,NSIGT,VC202300070
CONT2023001098,IMPORT,NSIGT,VC202300070
CONT2023001099,EXPORT,NSIGT,VC202300070
CONT2023001100,EXPORT,NSIGT,VC202300070
CONT2023001101,IMPORT,NSIGT,VC202300070
CONT2023001102,EXPORT,NSICT,VC202300071
CONT2023001103,EXPORT,NSICT,VC202300071
CONT2023001104,IMPORT,NSICT,VC202300071
CONT2023001105,IMPORT,NSICT,VC202300071
CONT2023001106,EXPORT,NSICT,VC202300071
CONT2023001107,IMPORT,NSICT,VC202300071
CONT2023001108,IMPORT,NSICT,VC202300071
CONT2023001109,IMPORT,NSICT,VC202300071
CONT2023001110,EXPORT,NSICT,VC202300072
CONT2023001111,EXPORT,NSICT,VC202300072
CONT2023001112,IMPORT,NSICT,VC202300072
CONT2023001113,EXPORT,NSICT,VC202300072
CONT2023001114,EXPORT,NSICT,VC202300072
CONT2023001115,IMPORT,NSICT,VC202300072
CONT2023001116,IMPORT,NSICT,VC202300072
CONT2023001117,IMPORT,NSICT,VC202300072
CONT2023001118,EXPORT,NSICT,VC202300072
CONT2023001119,EXPORT,NSICT,VC202300072
CONT2023001120,EXPORT,NSICT,VC202300072
CONT2023001121,IMPORT,NSICT,VC202300072
CONT2023001122,EXPORT,NSICT,VC202300072
CONT2023001123,IMPORT,NSICT,VC202300072
CONT2023001124,EXPORT,NSICT,VC202300072
CONT2023001125,EXPORT,NSICT,VC202300072
CONT2023001126,EXPORT,NSICT,VC202300072
CONT2023001127,IMPORT,NSICT,VC202300072
CONT2023001128,EXPORT,NSICT,VC202300072
CONT2023001129,IMPORT,NSICT,VC202300072
CONT2023001130,EXPORT,NSICT,VC202300072
CONT2023001131,IMPORT,NSICT,VC202300072
CONT2023001132,EXPORT,NSICT,VC202300072
CONT2023001133,IMPORT,NSICT,VC202300072
CONT2023001134,EXPORT,NSICT,VC202300072
CONT2023001135,IMPORT,NSICT,VC202300072
CONT2023001136,EXPORT,NSICT,VC202300073
CONT2023001137,IMPORT,NSICT,VC202300073
CONT2023001138,IMPORT,NSICT,VC202300073
CONT2023001139,EXPORT,NSICT,VC202300073
CONT2023001140,IMPORT,NSICT,VC202300073
CONT2023001141,EXPORT,NSICT,VC202300073
CONT2023001142,EXPORT,NSICT,VC202300073
CONT2023001143,EXPORT,NSICT,VC202300073
CONT2023001144,IMPORT,NSICT,VC202300073
CONT2023001145,EXPORT,NSICT,VC202300073
CONT2023001146,EXPORT,NSICT,VC202300073
CONT2023001147,IMPORT,NSICT,VC202300073
CONT2023001148,EXPORT,NSIGT,VC202300074
CONT2023001149,EXPORT,NSIGT,VC202300074
CONT2023001150,IMPORT,NSIGT,VC202300074
CONT2023001151,IMPORT,NSIGT,VC202300074
CONT2023001152,EXPORT,NSIGT,VC202300074
CONT2023001153,IMPORT,NSIGT,VC202300074
CONT2023001154,EXPORT,NSIGT,VC202300074
CONT2023001155,IMPORT,NSIGT,VC202300074
CONT2023001156,EXPORT,NSIGT,VC202300074
CONT2023001157,EXPORT,NSIGT,VC202300074
CONT2023001158,IMPORT,NSIGT,VC202300074
CONT2023001159,EXPORT,NSIGT,VC202300074
CONT2023001160,EXPORT,NSIGT,VC202300074
CONT2023001161,IMPORT,NSIGT,VC202300074
CONT2023001162,IMPORT,NSIGT,VC202300074
CONT2023001163,EXPORT,NSIGT,VC202300074
CONT2023001164,IMPORT,NSIGT,VC202300074
CONT2023001165,IMPORT,NSIGT,VC202300074
CONT2023001166,IMPORT,NSICT,VC202300075
CONT2023001167,EXPORT,NSICT,VC202300075
CONT2023001168,IMPORT,NSICT,VC202300075
CONT2023001169,EXPORT,NSICT,VC202300075
CONT2023001170,IMPORT,NSICT,VC202300075
CONT2023001171,IMPORT,NSICT,VC202300075
CONT2023001172,EXPORT,NSICT,VC202300075
CONT2023001173,EXPORT,NSICT,VC202300075
CONT2023001174,EXPORT,NSICT,VC202300075
CONT2023001175,IMPORT,NSICT,VC202300075
CONT2023001176,EXPORT,NSICT,VC202300075
CONT2023001177,EXPORT,NSICT,VC202300075
CONT2023001178,EXPORT,NSICT,VC202300075
CONT2023001179,EXPORT,NSICT,VC202300075
CONT2023001180,EXPORT,NSIGT,VC202300076
CONT2023001181,IMPORT,NSIGT,VC202300076
CONT2023001182,IMPORT,NSIGT,VC202300076
CONT2023001183,EXPORT,NSIGT,VC202300076
CONT2023001184,IMPORT,NSIGT,VC202300076
CONT2023001185,EXPORT,NSIGT,VC202300076
CONT2023001186,IMPORT,NSICT,VC202300077
CONT2023001187,EXPORT,NSICT,VC202300077
CONT2023001188,EXPORT,NSICT,VC202300077
CONT2023001189,EXPORT,NSICT,VC202300077
CONT2023001190,EXPORT,NSICT,VC202300077
CONT2023001191,IMPORT,NSICT,VC202300077
CONT2023001192,IMPORT,NSICT,VC202300077
CONT2023001193,EXPORT,NSICT,VC202300077
CONT2023001194,IMPORT,NSICT,VC202300077
CONT2023001195,EXPORT,NSIGT,VC202300078
CONT2023001196,IMPORT,NSIGT,VC202300078
CONT2023001197,EXPORT,NSIGT,VC202300078
CONT2023001198,EXPORT,NSIGT,VC202300078
CONT2023001199,IMPORT,NSIGT,VC202300078
CONT2023001200,IMPORT,NSIGT,VC202300078
CONT2023001201,IMPORT,NSIGT,VC202300078
CONT2023001202,EXPORT,NSIGT,VC202300078
CONT2023001203,IMPORT,NSIGT,VC202300078
CONT2023001204,IMPORT,NSIGT,VC202300078
CONT2023001205,EXPORT,NSIGT,VC202300078
CONT2023001206,IMPORT,NSIGT,VC202300078
CONT2023001207,EXPORT,NSIGT,VC202300078
CONT2023001208,EXPORT,NSIGT,VC202300078
CONT2023001209,IMPORT,NSIGT,VC202300078
CONT2023001210,EXPORT,NSIGT,VC202300078
CONT2023001211,IMPORT,NSIGT,VC202300078
CONT2023001212,EXPORT,NSIGT,VC202300078
CONT2023001213,EXPORT,NSIGT,VC202300078
CONT2023001214,IMPORT,NSIGT,VC202300078
CONT2023001215,IMPORT,NSIGT,VC202300078
CONT2023001216,IMPORT,NSIGT,VC202300078
CONT2023001217,EXPORT,NSIGT,VC202300078
CONT2023001218,EXPORT,NSIGT,VC202300078
CONT2023001219,EXPORT,NSIGT,VC202300078
CONT2023001220,EXPORT,NSIGT,VC202300078
CONT2023001221,EXPORT,NSIGT,VC202300078
CONT2023001222,IMPORT,NSIGT,VC202300078
CONT2023001223,IMPORT,NSIGT,VC202300078
CONT2023001224,IMPORT,NSIGT,VC202300079
CONT2023001225,IMPORT,NSIGT,VC202300079
CONT2023001226,IMPORT,NSIGT,VC202300079
CONT2023001227,EXPORT,NSIGT,VC202300079
CONT2023001228,IMPORT,NSIGT,VC202300079
CONT2023001229,IMPORT,NSIGT,VC202300079
CONT2023001230,IMPORT,NSIGT,VC202300079
CONT2023001231,IMPORT,NSIGT,VC202300079
CONT2023001232,EXPORT,NSIGT,VC202300079
CONT2023001233,EXPORT,NSIGT,VC202300079
CONT2023001234,EXPORT,NSIGT,VC202300079
CONT2023001235,EXPORT,NSIGT,VC202300079
CONT2023001236,IMPORT,NSIGT,VC202300079
CONT2023001237,EXPORT,NSIGT,VC202300079
CONT2023001238,EXPORT,NSIGT,VC202300079
CONT2023001239,EXPORT,NSIGT,VC202300079
CONT2023001240,IMPORT,NSIGT,VC202300079
CONT2023001241,IMPORT,NSIGT,VC202300079
CONT2023001242,IMPORT,NSIGT,VC202300079
CONT2023001243,EXPORT,NSIGT,VC202300079
CONT2023001244,IMPORT,NSIGT,VC202300079
CONT2023001245,IMPORT,NSIGT,VC202300079
CONT2023001246,IMPORT,NSIGT,VC202300079
CONT2023001247,IMPORT,NSICT,VC202300080
CONT2023001248,IMPORT,NSICT,VC202300080
CONT2023001249,EXPORT,NSICT,VC202300080
CONT2023001250,EXPORT,NSICT,VC202300080
CONT2023001251,IMPORT,NSICT,VC202300080
CONT2023001252,EXPORT,NSICT,VC202300080
CONT2023001253,EXPORT,NSICT,VC202300080
CONT2023001254,IMPORT,NSICT,VC202300080
CONT2023001255,IMPORT,BMCT,VC202300081
CONT2023001256,IMPORT,BMCT,VC202300081
CONT2023001257,IMPORT,BMCT,VC202300081
CONT2023001258,EXPORT,BMCT,VC202300081
CONT2023001259,IMPORT,BMCT,VC202300081
CONT2023001260,IMPORT,BMCT,VC202300081
CONT2023001261,IMPORT,BMCT,VC202300081
CONT2023001262,IMPORT,BMCT,VC202300081
CONT2023001263,EXPORT,BMCT,VC202300081
CONT2023001264,IMPORT,BMCT,VC202300081
CONT2023001265,EXPORT,BMCT,VC202300081
CONT2023001266,EXPORT,BMCT,VC202300081
CONT2023001267,EXPORT,BMCT,VC202300081
CONT2023001268,IMPORT,BMCT,VC202300081
CONT2023001269,EXPORT,BMCT,VC202300081
CONT2023001270,IMPORT,BMCT,VC202300082
CONT2023001271,IMPORT,BMCT,VC202300082
CONT2023001272,IMPORT,BMCT,VC202300082
CONT2023001273,EXPORT,BMCT,VC202300082
CONT2023001274,EXPORT,BMCT,VC202300082
CONT2023001275,IMPORT,BMCT,VC202300082
CONT2023001276,IMPORT,BMCT,VC202300082
CONT2023001277,IMPORT,BMCT,VC202300082
CONT2023001278,EXPORT,BMCT,VC202300082
CONT2023001279,EXPORT,BMCT,VC202300082
CONT2023001280,IMPORT,BMCT,VC202300082
CONT2023001281,EXPORT,BMCT,VC202300082
CONT2023001282,EXPORT,NSICT,VC202300083
CONT2023001283,EXPORT,NSICT,VC202300083
CONT2023001284,EXPORT,NSICT,VC202300083
CONT2023001285,EXPORT,NSICT,VC202300083
CONT2023001286,IMPORT,NSICT,VC202300083
CONT2023001287,EXPORT,NSICT,VC202300083
CONT2023001288,EXPORT,NSICT,VC202300083
CONT2023001289,IMPORT,NSICT,VC202300083
CONT2023001290,EXPORT,NSICT,VC202300083
CONT2023001291,IMPORT,NSICT,VC202300083
CONT2023001292,IMPORT,NSICT,VC202300083
CONT2023001293,IMPORT,NSICT,VC202300083
CONT2023001294,IMPORT,NSICT,VC202300083
CONT2023001295,EXPORT,NSICT,VC202300083
CONT2023001296,EXPORT,NSICT,VC202300083
CONT2023001297,IMPORT,NSICT,VC202300083
CONT2023001298,EXPORT,NSICT,VC202300083
CONT2023001299,EXPORT,NSICT,VC202300083
CONT2023001300,IMPORT,NSICT,VC202300083
CONT2023001301,IMPORT,NSICT,VC202300083
CONT2023001302,EXPORT,NSICT,VC202300083
CONT2023001303,IMPORT,NSICT,VC202300083
CONT2023001304,EXPORT,NSICT,VC202300083
CONT2023001305,EXPORT,NSICT,VC202300083
CONT2023001306,EXPORT,NSICT,VC202300083
CONT2023001307,IMPORT,NSICT,VC202300083
CONT2023001308,EXPORT,NSICT,VC202300084
CONT2023001309,IMPORT,NSICT,VC202300084
CONT2023001310,EXPORT,NSICT,VC202300084
CONT2023001311,EXPORT,NSICT,VC202300084
CONT2023001312,IMPORT,NSICT,VC202300084
CONT2023001313,EXPORT,NSICT,VC202300084
CONT2023001314,EXPORT,NSICT,VC202300084
CONT2023001315,EXPORT,NSICT,VC202300084
CONT2023001316,IMPORT,NSICT,VC202300084
CONT2023001317,EXPORT,NSICT,VC202300084
CONT2023001318,IMPORT,NSICT,VC202300084
CONT2023001319,EXPORT,NSICT,VC202300084
CONT2023001320,IMPORT,GTI,VC202300085
CONT2023001321,IMPORT,GTI,VC202300085
CONT2023001322,IMPORT,GTI,VC202300085
CONT2023001323,EXPORT,GTI,VC202300085
CONT2023001324,EXPORT,GTI,VC202300085
CONT2023001325,EXPORT,GTI,VC202300085
CONT2023001326,IMPORT,GTI,VC202300085
CONT2023001327,IMPORT,GTI,VC202300085
CONT2023001328,EXPORT,GTI,VC202300085
CONT2023001329,EXPORT,GTI,VC202300086
CONT2023001330,EXPORT,GTI,VC202300086
CONT2023001331,EXPORT,GTI,VC202300086
CONT2023001332,IMPORT,GTI,VC202300086
CONT2023001333,EXPORT,GTI,VC202300086
CONT2023001334,IMPORT,GTI,VC202300086
CONT2023001335,IMPORT,GTI,VC202300086
CONT2023001336,EXPORT,GTI,VC202300086
CONT2023001337,EXPORT,GTI,VC202300086
CONT2023001338,IMPORT,GTI,VC202300086
CONT2023001339,IMPORT,GTI,VC202300086
CONT2023001340,IMPORT,GTI,VC202300086
CONT2023001341,EXPORT,GTI,VC202300086
CONT2023001342,IMPORT,GTI,VC202300086
CONT2023001343,IMPORT,GTI,VC202300086
CONT2023001344,EXPORT,GTI,VC202300086
CONT2023001345,EXPORT,GTI,VC202300086
CONT2023001346,EXPORT,GTI,VC202300086
CONT2023001347,EXPORT,GTI,VC202300086
CONT2023001348,IMPORT,GTI,VC202300086
CONT2023001349,IMPORT,GTI,VC202300086
CONT2023001350,EXPORT,NSIGT,VC202300087
CONT2023001351,IMPORT,NSIGT,VC202300087
CONT2023001352,EXPORT,NSIGT,VC202300087
CONT2023001353,EXPORT,NSIGT,VC202300087
CONT2023001354,EXPORT,NSIGT,VC202300087
CONT2023001355,IMPORT,NSIGT,VC202300087
CONT2023001356,EXPORT,NSIGT,VC202300087
CONT2023001357,IMPORT,NSIGT,VC202300087
CONT2023001358,IMPORT,NSIGT,VC202300087
CONT2023001359,EXPORT,NSIGT,VC202300087
CONT2023001360,IMPORT,NSIGT,VC202300087
CONT2023001361,IMPORT,NSIGT,VC202300087
CONT2023001362,IMPORT,NSIGT,VC202300087
CONT2023001363,IMPORT,NSIGT,VC202300087
CONT2023001364,EXPORT,NSIGT,VC202300087
CONT2023001365,EXPORT,NSIGT,VC202300087
CONT2023001366,EXPORT,NSIGT,VC202300087
CONT2023001367,EXPORT,NSIGT,VC202300087
CONT2023001368,IMPORT,NSIGT,VC202300087
CONT2023001369,IMPORT,NSIGT,VC202300087
CONT2023001370,IMPORT,NSIGT,VC202300087
CONT2023001371,IMPORT,NSIGT,VC202300087
CONT2023001372,EXPORT,NSIGT,VC202300087
CONT2023001373,IMPORT,NSIGT,VC202300087
CONT2023001374,IMPORT,NSIGT,VC202300087
CONT2023001375,EXPORT,NSIGT,VC202300087
CONT2023001376,IMPORT,BMCT,VC202300088
CONT2023001377,IMPORT,BMCT,VC202300088
CONT2023001378,EXPORT,BMCT,VC202300088
CONT2023001379,IMPORT,BMCT,VC202300088
CONT2023001380,EXPORT,BMCT,VC202300088
CONT2023001381,EXPORT,BMCT,VC202300088
CONT2023001382,EXPORT,BMCT,VC202300088
CONT2023001383,EXPORT,BMCT,VC202300088
CONT2023001384,IMPORT,BMCT,VC202300088
CONT2023001385,EXPORT,BMCT,VC202300088
CONT2023001386,IMPORT,BMCT,VC202300088
CONT2023001387,IMPORT,BMCT,VC202300088
CONT2023001388,EXPORT,BMCT,VC202300088
CONT2023001389,EXPORT,BMCT,VC202300088
CONT2023001390,IMPORT,BMCT,VC202300088
CONT2023001391,EXPORT,BMCT,VC202300088
CONT2023001392,IMPORT,BMCT,VC202300088
CONT2023001393,EXPORT,NSICT,VC202300089
CONT2023001394,EXPORT,NSICT,VC202300089
CONT2023001395,IMPORT,NSICT,VC202300089
CONT2023001396,EXPORT,NSICT,VC202300089
CONT2023001397,IMPORT,NSICT,VC202300089
CONT2023001398,IMPORT,NSICT,VC202300089
CONT2023001399,IMPORT,NSICT,VC202300089
CONT2023001400,IMPORT,NSICT,VC202300089
CONT2023001401,EXPORT,NSICT,VC202300089
CONT2023001402,EXPORT,NSICT,VC202300089
CONT2023001403,IMPORT,NSICT,VC202300089
CONT2023001404,EXPORT,NSICT,VC202300089
CONT2023001405,IMPORT,NSICT,VC202300089
CONT2023001406,IMPORT,NSICT,VC202300089
CONT2023001407,EXPORT,NSICT,VC202300089
CONT2023001408,EXPORT,NSICT,VC202300089
CONT2023001409,IMPORT,NSICT,VC202300089
CONT2023001410,IMPORT,NSICT,VC202300089
CONT2023001411,IMPORT,NSICT,VC202300089
CONT2023001412,IMPORT,NSIGT,VC202300090
CONT2023001413,IMPORT,NSIGT,VC202300090
CONT2023001414,EXPORT,NSIGT,VC202300090
CONT2023001415,IMPORT,NSIGT,VC202300090
CONT2023001416,EXPORT,NSIGT,VC202300090
CONT2023001417,EXPORT,NSIGT,VC202300090
CONT2023001418,IMPORT,NSIGT,VC202300090
CONT2023001419,IMPORT,GTI,VC202300091
CONT2023001420,EXPORT,GTI,VC202300091
CONT2023001421,EXPORT,GTI,VC202300091
CONT2023001422,EXPORT,GTI,VC202300091
CONT2023001423,IMPORT,GTI,VC202300091
CONT2023001424,EXPORT,GTI,VC202300091
CONT2023001425,IMPORT,GTI,VC202300091
CONT2023001426,EXPORT,NSIGT,VC202300092
CONT2023001427,IMPORT,NSIGT,VC202300092
CONT2023001428,IMPORT,NSIGT,VC202300092
CONT2023001429,IMPORT,NSIGT,VC202300092
CONT2023001430,IMPORT,NSIGT,VC202300092
CONT2023001431,EXPORT,NSIGT,VC202300092
CONT2023001432,EXPORT,NSIGT,VC202300092
CONT2023001433,IMPORT,NSICT,VC202300093
CONT2023001434,EXPORT,NSICT,VC202300093
CONT2023001435,IMPORT,NSICT,VC202300093
CONT2023001436,EXPORT,NSICT,VC202300093
CONT2023001437,EXPORT,NSICT,VC202300093
CONT2023001438,IMPORT,NSICT,VC202300093
CONT2023001439,EXPORT,NSICT,VC202300093
CONT2023001440,EXPORT,NSICT,VC202300093
CONT2023001441,EXPORT,NSICT,VC202300093
CONT2023001442,EXPORT,NSICT,VC202300093
CONT2023001443,EXPORT,NSICT,VC202300093
CONT2023001444,IMPORT,NSICT,VC202300093
CONT2023001445,EXPORT,NSICT,VC202300093
CONT2023001446,EXPORT,NSICT,VC202300093
CONT2023001447,IMPORT,NSICT,VC202300093
CONT2023001448,EXPORT,NSICT,VC202300093
CONT2023001449,EXPORT,NSICT,VC202300093
CONT2023001450,EXPORT,NSICT,VC202300093
CONT2023001451,EXPORT,NSICT,VC202300093
CONT2023001452,EXPORT,NSICT,VC202300093
CONT2023001453,EXPORT,NSICT,VC202300093
CONT2023001454,IMPORT,NSICT,VC202300093
CONT2023001455,IMPORT,NSICT,VC202300093
CONT2023001456,IMPORT,NSICT,VC202300093
CONT2023001457,EXPORT,GTI,VC202300094
CONT2023001458,IMPORT,GTI,VC202300094
CONT2023001459,EXPORT,GTI,VC202300094
CONT2023001460,EXPORT,GTI,VC202300094
CONT2023001461,IMPORT,GTI,VC202300094
CONT2023001462,IMPORT,GTI,VC202300094
CONT2023001463,IMPORT,GTI,VC202300094
CONT2023001464,IMPORT,GTI,VC202300094
CONT2023001465,IMPORT,GTI,VC202300094
CONT2023001466,EXPORT,GTI,VC202300094
CONT2023001467,EXPORT,GTI,VC202300094
CONT2023001468,IMPORT,NSIGT,VC202300095
CONT2023001469,EXPORT,NSIGT,VC202300095
CONT2023001470,IMPORT,NSIGT,VC202300095
CONT2023001471,IMPORT,NSIGT,VC202300095
CONT2023001472,IMPORT,NSIGT,VC202300095
CONT2023001473,IMPORT,NSIGT,VC202300095
CONT2023001474,EXPORT,NSIGT,VC202300095
CONT2023001475,EXPORT,NSIGT,VC202300095
CONT2023001476,EXPORT,NSIGT,VC202300095
CONT2023001477,IMPORT,NSIGT,VC202300095
CONT2023001478,EXPORT,NSIGT,VC202300095
CONT2023001479,IMPORT,NSIGT,VC202300095
CONT2023001480,IMPORT,NSIGT,VC202300095
CONT2023001481,IMPORT,NSIGT,VC202300095
CONT2023001482,EXPORT,NSIGT,VC202300095
CONT2023001483,IMPORT,NSIGT,VC202300095
CONT2023001484,IMPORT,NSIGT,VC202300095
CONT2023001485,EXPORT,NSIGT,VC202300095
CONT2023001486,EXPORT,NSIGT,VC202300095
CONT2023001487,EXPORT,NSIGT,VC202300095
CONT2023001488,EXPORT,NSIGT,VC202300095
CONT2023001489,IMPORT,NSIGT,VC202300095
CONT2023001490,EXPORT,NSIGT,VC202300096
CONT2023001491,EXPORT,NSIGT,VC202300096
CONT2023001492,EXPORT,NSIGT,VC202300096
CONT2023001493,IMPORT,NSIGT,VC202300096
CONT2023001494,EXPORT,NSIGT,VC202300096
CONT2023001495,IMPORT,NSIGT,VC202300096
CONT2023001496,IMPORT,NSIGT,VC202300096
CONT2023001497,EXPORT,NSIGT,VC202300096
CONT2023001498,EXPORT,NSIGT,VC202300096
CONT2023001499,EXPORT,NSIGT,VC202300096
CONT2023001500,EXPORT,BMCT,VC202300097
CONT2023001501,EXPORT,BMCT,VC202300097
CONT2023001502,IMPORT,BMCT,VC202300097
CONT2023001503,IMPORT,BMCT,VC202300097
CONT2023001504,EXPORT,BMCT,VC202300097
CONT2023001505,IMPORT,BMCT,VC202300097
CONT2023001506,EXPORT,BMCT,VC202300097
CONT2023001507,EXPORT,BMCT,VC202300097
CONT2023001508,EXPORT,BMCT,VC202300097
CONT2023001509,EXPORT,BMCT,VC202300097
CONT2023001510,EXPORT,BMCT,VC202300097
CONT2023001511,IMPORT,BMCT,VC202300097
CONT2023001512,IMPORT,BMCT,VC202300097
CONT2023001513,IMPORT,BMCT,VC202300097
CONT2023001514,IMPORT,BMCT,VC202300098
CONT2023001515,EXPORT,BMCT,VC202300098
CONT2023001516,EXPORT,BMCT,VC202300098
CONT2023001517,IMPORT,BMCT,VC202300098
CONT2023001518,IMPORT,BMCT,VC202300098
CONT2023001519,EXPORT,BMCT,VC202300098
CONT2023001520,IMPORT,BMCT,VC202300098
CONT2023001521,EXPORT,BMCT,VC202300098
CONT2023001522,EXPORT,BMCT,VC202300098
CONT2023001523,IMPORT,BMCT,VC202300099
CONT2023001524,EXPORT,BMCT,VC202300099
CONT2023001525,EXPORT,BMCT,VC202300099
CONT2023001526,EXPORT,BMCT,VC202300099
CONT2023001527,EXPORT,BMCT,VC202300099
CONT2023001528,EXPORT,BMCT,VC202300099
CONT2023001529,EXPORT,BMCT,VC202300099
CONT2023001530,IMPORT,BMCT,VC202300099
CONT2023001531,IMPORT,BMCT,VC202300099
CONT2023001532,EXPORT,BMCT,VC202300099
CONT2023001533,IMPORT,BMCT,VC202300099
CONT2023001534,IMPORT,GTI,VC202300100
CONT2023001535,IMPORT,GTI,VC202300100
CONT2023001536,IMPORT,GTI,VC202300100
CONT2023001537,IMPORT,GTI,VC202300100
CONT2023001538,IMPORT,GTI,VC202300100
CONT2023001539,IMPORT,GTI,VC202300100
CONT2023001540,IMPORT,GTI,VC202300101
CONT2023001541,IMPORT,GTI,VC202300101
CONT2023001542,IMPORT,GTI,VC202300101
CONT2023001543,EXPORT,GTI,VC202300101
CONT2023001544,IMPORT,GTI,VC202300101
CONT2023001545,EXPORT,GTI,VC202300101
CONT2023001546,EXPORT,GTI,VC202300101
CONT2023001547,IMPORT,GTI,VC202300101
CONT2023001548,EXPORT,GTI,VC202300101
CONT2023001549,IMPORT,GTI,VC202300101
CONT2023001550,IMPORT,GTI,VC202300101
CONT2023001551,IMPORT,BMCT,VC202300102
CONT2023001552,IMPORT,BMCT,VC202300102
CONT2023001553,IMPORT,BMCT,VC202300102
CONT2023001554,EXPORT,BMCT,VC202300102
CONT2023001555,IMPORT,BMCT,VC202300102
CONT2023001556,IMPORT,BMCT,VC202300102
CONT2023001557,EXPORT,BMCT,VC202300102
CONT2023001558,EXPORT,BMCT,VC202300102
CONT2023001559,IMPORT,BMCT,VC202300102
CONT2023001560,EXPORT,BMCT,VC202300102
CONT2023001561,IMPORT,BMCT,VC202300102
CONT2023001562,EXPORT,GTI,VC202300103
CONT2023001563,EXPORT,GTI,VC202300103
CONT2023001564,EXPORT,GTI,VC202300103
CONT2023001565,IMPORT,GTI,VC202300103
CONT2023001566,EXPORT,GTI,VC202300103
CONT2023001567,IMPORT,GTI,VC202300103
CONT2023001568,EXPORT,NSIGT,VC202300104
CONT2023001569,IMPORT,NSIGT,VC202300104
CONT2023001570,IMPORT,NSIGT,VC202300104
CONT2023001571,EXPORT,NSIGT,VC202300104
CONT2023001572,EXPORT,NSIGT,VC202300104
CONT2023001573,IMPORT,NSIGT,VC202300104
CONT2023001574,EXPORT,NSIGT,VC202300104
CONT2023001575,EXPORT,NSIGT,VC202300104
CONT2023001576,EXPORT,NSIGT,VC202300104
CONT2023001577,IMPORT,NSIGT,VC202300104
CONT2023001578,IMPORT,NSIGT,VC202300104
CONT2023001579,EXPORT,NSIGT,VC202300104
CONT2023001580,EXPORT,NSIGT,VC202300104
CONT2023001581,EXPORT,NSIGT,VC202300104
CONT2023001582,IMPORT,NSIGT,VC202300104
CONT2023001583,IMPORT,NSIGT,VC202300104
CONT2023001584,IMPORT,NSIGT,VC202300104
CONT2023001585,EXPORT,NSIGT,VC202300105
CONT2023001586,IMPORT,NSIGT,VC202300105
CONT2023001587,EXPORT,NSIGT,VC202300105
CONT2023001588,EXPORT,NSIGT,VC202300105
CONT2023001589,IMPORT,NSIGT,VC202300105
CONT2023001590,IMPORT,NSIGT,VC202300105
CONT2023001591,IMPORT,NSIGT,VC202300105
CONT2023001592,IMPORT,NSIGT,VC202300105
CONT2023001593,EXPORT,NSIGT,VC202300105
CONT2023001594,IMPORT,NSIGT,VC202300105
CONT2023001595,IMPORT,NSIGT,VC202300105
CONT2023001596,EXPORT,NSIGT,VC202300105
CONT2023001597,EXPORT,NSIGT,VC202300105
CONT2023001598,IMPORT,NSIGT,VC202300105
CONT2023001599,IMPORT,NSIGT,VC202300105
CONT2023001600,EXPORT,NSIGT,VC202300105
CONT2023001601,IMPORT,NSIGT,VC202300105
CONT2023001602,EXPORT,NSIGT,VC202300105
CONT2023001603,IMPORT,NSIGT,VC202300105
CONT2023001604,IMPORT,NSICT,VC202300106
CONT2023001605,IMPORT,NSICT,VC202300106
CONT2023001606,IMPORT,NSICT,VC202300106
CONT2023001607,IMPORT,NSICT,VC202300106
CONT2023001608,EXPORT,NSICT,VC202300106
CONT2023001609,EXPORT,NSICT,VC202300106
CONT2023001610,EXPORT,NSICT,VC202300106
CONT2023001611,IMPORT,NSICT,VC202300106
CONT2023001612,EXPORT,NSICT,VC202300106
CONT2023001613,EXPORT,NSFT,VC202300107
CONT2023001614,IMPORT,NSFT,VC202300107
CONT2023001615,EXPORT,NSFT,VC202300107
CONT2023001616,IMPORT,NSFT,VC202300107
CONT2023001617,IMPORT,NSFT,VC202300107
CONT2023001618,IMPORT,NSFT,VC202300107
CONT2023001619,IMPORT,NSFT,VC202300107
CONT2023001620,EXPORT,NSICT,VC202300108
CONT2023001621,EXPORT,NSICT,VC202300108
CONT2023001622,IMPORT,NSICT,VC202300108
CONT2023001623,EXPORT,NSICT,VC202300108
CONT2023001624,IMPORT,NSICT,VC202300108
CONT2023001625,EXPORT,NSICT,VC202300108
CONT2023001626,EXPORT,NSICT,VC202300108
CONT2023001627,IMPORT,NSICT,VC202300108
CONT2023001628,EXPORT,NSICT,VC202300108
CONT2023001629,IMPORT,NSICT,VC202300108
CONT2023001630,IMPORT,NSICT,VC202300108
CONT2023001631,IMPORT,NSICT,VC202300108
CONT2023001632,EXPORT,NSICT,VC202300108
CONT2023001633,IMPORT,NSICT,VC202300108
CONT2023001634,EXPORT,NSICT,VC202300108
CONT2023001635,IMPORT,NSICT,VC202300108
CONT2023001636,EXPORT,NSICT,VC202300108
CONT2023001637,EXPORT,NSICT,VC202300108
CONT2023001638,EXPORT,NSICT,VC202300108
CONT2023001639,EXPORT,NSICT,VC202300108
CONT2023001640,IMPORT,NSICT,VC202300108
CONT2023001641,EXPORT,NSICT,VC202300108
CONT2023001642,IMPORT,NSICT,VC202300108
CONT2023001643,IMPORT,NSICT,VC202300108
CONT2023001644,IMPORT,NSICT,VC202300108
CONT2023001645,EXPORT,NSICT,VC202300108
CONT2023001646,EXPORT,NSICT,VC202300108
CONT2023001647,EXPORT,NSICT,VC202300108
CONT2023001648,EXPORT,NSICT,VC202300108
CONT2023001649,IMPORT,NSICT,VC202300108
CONT2023001650,EXPORT,NSICT,VC202300108
CONT2023001651,IMPORT,NSICT,VC202300108
CONT2023001652,EXPORT,NSICT,VC202300108
CONT2023001653,EXPORT,NSICT,VC202300108
CONT2023001654,IMPORT,NSICT,VC202300108
CONT2023001655,IMPORT,BMCT,VC202300109
CONT2023001656,EXPORT,BMCT,VC202300109
CONT2023001657,IMPORT,BMCT,VC202300109
CONT2023001658,IMPORT,BMCT,VC202300109
CONT2023001659,EXPORT,BMCT,VC202300109
CONT2023001660,EXPORT,BMCT,VC202300109
CONT2023001661,IMPORT,BMCT,VC202300109
CONT2023001662,EXPORT,BMCT,VC202300109
CONT2023001663,IMPORT,BMCT,VC202300109
CONT2023001664,EXPORT,BMCT,VC202300109
CONT2023001665,IMPORT,BMCT,VC202300109
CONT2023001666,EXPORT,BMCT,VC202300109
CONT2023001667,IMPORT,BMCT,VC202300109
CONT2023001668,IMPORT,BMCT,VC202300109
CONT2023001669,IMPORT,BMCT,VC202300109
CONT2023001670,IMPORT,BMCT,VC202300109
CONT2023001671,EXPORT,NSIGT,VC202300110
CONT2023001672,IMPORT,NSIGT,VC202300110
CONT2023001673,EXPORT,NSIGT,VC202300110
CONT2023001674,IMPORT,NSIGT,VC202300110
CONT2023001675,EXPORT,NSIGT,VC202300110
CONT2023001676,IMPORT,NSIGT,VC202300110
CONT2023001677,IMPORT,NSIGT,VC202300111
CONT2023001678,EXPORT,NSIGT,VC202300111
CONT2023001679,EXPORT,NSIGT,VC202300111
CONT2023001680,IMPORT,NSIGT,VC202300111
CONT2023001681,EXPORT,NSIGT,VC202300111
CONT2023001682,EXPORT,NSIGT,VC202300111
CONT2023001683,IMPORT,NSIGT,VC202300111
CONT2023001684,EXPORT,NSIGT,VC202300111
CONT2023001685,EXPORT,NSIGT,VC202300111
CONT2023001686,EXPORT,NSIGT,VC202300111
CONT2023001687,EXPORT,NSIGT,VC202300111
CONT2023001688,IMPORT,NSICT,VC202300112
CONT2023001689,IMPORT,NSICT,VC202300112
CONT2023001690,EXPORT,NSICT,VC202300112
CONT2023001691,EXPORT,NSICT,VC202300112
CONT2023001692,EXPORT,NSICT,VC202300112
CONT2023001693,EXPORT,NSICT,VC202300112
CONT2023001694,EXPORT,NSICT,VC202300112
CONT2023001695,EXPORT,NSICT,VC202300112
CONT2023001696,IMPORT,NSICT,VC202300112
CONT2023001697,IMPORT,NSICT,VC202300112
CONT2023001698,EXPORT,BMCT,VC202300113
CONT2023001699,IMPORT,BMCT,VC202300113
CONT2023001700,EXPORT,BMCT,VC202300113
CONT2023001701,IMPORT,BMCT,VC202300113
CONT2023001702,IMPORT,BMCT,VC202300113
CONT2023001703,IMPORT,BMCT,VC202300113
CONT2023001704,IMPORT,BMCT,VC202300113
CONT2023001705,IMPORT,BMCT,VC202300113
CONT2023001706,IMPORT,BMCT,VC202300113
CONT2023001707,IMPORT,NSICT,VC202300114
CONT2023001708,EXPORT,NSICT,VC202300114
CONT2023001709,EXPORT,NSICT,VC202300114
CONT2023001710,EXPORT,NSICT,VC202300114
CONT2023001711,IMPORT,NSICT,VC202300114
CONT2023001712,IMPORT,NSICT,VC202300114
CONT2023001713,IMPORT,NSICT,VC202300114
CONT2023001714,IMPORT,NSICT,VC202300114
CONT2023001715,EXPORT,NSICT,VC202300114
CONT2023001716,EXPORT,NSICT,VC202300114
CONT2023001717,IMPORT,NSICT,VC202300114
CONT2023001718,IMPORT,NSICT,VC202300114
CONT2023001719,EXPORT,NSICT,VC202300114
CONT2023001720,IMPORT,NSICT,VC202300114
CONT2023001721,IMPORT,NSICT,VC202300114
CONT2023001722,IMPORT,NSICT,VC202300114
CONT2023001723,IMPORT,NSICT,VC202300114
CONT2023001724,EXPORT,NSICT,VC202300114
CONT2023001725,EXPORT,NSICT,VC202300114
CONT2023001726,IMPORT,NSICT,VC202300114
CONT2023001727,IMPORT,NSICT,VC202300114
CONT2023001728,IMPORT,NSICT,VC202300114
CONT2023001729,EXPORT,NSICT,VC202300114
CONT2023001730,EXPORT,NSICT,VC202300114
CONT2023001731,EXPORT,NSICT,VC202300114
CONT2023001732,IMPORT,NSIGT,VC202300115
CONT2023001733,EXPORT,NSIGT,VC202300115
CONT2023001734,EXPORT,NSIGT,VC202300115
CONT2023001735,IMPORT,NSIGT,VC202300115
CONT2023001736,EXPORT,NSIGT,VC202300115
CONT2023001737,EXPORT,NSIGT,VC202300115
CONT2023001738,IMPORT,NSIGT,VC202300115
CONT2023001739,IMPORT,NSIGT,VC202300115
CONT2023001740,IMPORT,NSIGT,VC202300115
CONT2023001741,EXPORT,NSIGT,VC202300115
CONT2023001742,EXPORT,NSIGT,VC202300115
CONT2023001743,EXPORT,NSIGT,VC202300115
CONT2023001744,IMPORT,NSIGT,VC202300115
CONT2023001745,EXPORT,NSIGT,VC202300115
CONT2023001746,EXPORT,NSIGT,VC202300115
CONT2023001747,IMPORT,NSIGT,VC202300115
CONT2023001748,EXPORT,NSFT,VC202300116
CONT2023001749,IMPORT,NSFT,VC202300116
CONT2023001750,IMPORT,NSFT,VC202300116
CONT2023001751,EXPORT,NSFT,VC202300116
CONT2023001752,IMPORT,NSFT,VC202300116
CONT2023001753,IMPORT,NSFT,VC202300116
CONT2023001754,EXPORT,NSFT,VC202300116
CONT2023001755,IMPORT,NSFT,VC202300116
CONT2023001756,IMPORT,NSFT,VC202300116
CONT2023001757,EXPORT,NSFT,VC202300116
CONT2023001758,IMPORT,NSFT,VC202300116
CONT2023001759,IMPORT,NSFT,VC202300116
CONT2023001760,EXPORT,NSFT,VC202300116
CONT2023001761,IMPORT,NSFT,VC202300116
CONT2023001762,IMPORT,NSFT,VC202300116
CONT2023001763,IMPORT,NSFT,VC202300116
CONT2023001764,IMPORT,NSFT,VC202300116
CONT2023001765,IMPORT,NSFT,VC202300116
CONT2023001766,IMPORT,NSFT,VC202300116
CONT2023001767,EXPORT,GTI,VC202300117
CONT2023001768,IMPORT,GTI,VC202300117
CONT2023001769,EXPORT,GTI,VC202300117
CONT2023001770,EXPORT,GTI,VC202300117
CONT2023001771,EXPORT,GTI,VC202300117
CONT2023001772,EXPORT,GTI,VC202300117
CONT2023001773,IMPORT,GTI,VC202300117
CONT2023001774,IMPORT,GTI,VC202300117
CONT2023001775,EXPORT,GTI,VC202300117
CONT2023001776,EXPORT,GTI,VC202300117
CONT2023001777,EXPORT,GTI,VC202300117
CONT2023001778,IMPORT,GTI,VC202300117
CONT2023001779,IMPORT,GTI,VC202300117
CONT2023001780,IMPORT,GTI,VC202300118
CONT2023001781,IMPORT,GTI,VC202300118
CONT2023001782,EXPORT,GTI,VC202300118
CONT2023001783,EXPORT,GTI,VC202300118
CONT2023001784,IMPORT,GTI,VC202300118
CONT2023001785,EXPORT,GTI,VC202300118
CONT2023001786,IMPORT,GTI,VC202300118
CONT2023001787,IMPORT,GTI,VC202300118
CONT2023001788,EXPORT,GTI,VC202300118
CONT2023001789,IMPORT,GTI,VC202300118
CONT2023001790,EXPORT,GTI,VC202300118
CONT2023001791,IMPORT,GTI,VC202300118
CONT2023001792,EXPORT,GTI,VC202300118
CONT2023001793,EXPORT,GTI,VC202300118
CONT2023001794,EXPORT,GTI,VC202300118
CONT2023001795,EXPORT,GTI,VC202300118
CONT2023001796,EXPORT,GTI,VC202300118
CONT2023001797,IMPORT,GTI,VC202300118
CONT2023001798,IMPORT,GTI,VC202300118
CONT2023001799,IMPORT,GTI,VC202300118
CONT2023001800,IMPORT,GTI,VC202300118
CONT2023001801,IMPORT,GTI,VC202300118
CONT2023001802,EXPORT,NSICT,VC202300119
CONT2023001803,EXPORT,NSICT,VC202300119
CONT2023001804,EXPORT,NSICT,VC202300119
CONT2023001805,EXPORT,NSICT,VC202300119
CONT2023001806,IMPORT,NSICT,VC202300119
CONT2023001807,EXPORT,NSICT,VC202300119
CONT2023001808,EXPORT,NSICT,VC202300119
CONT2023001809,EXPORT,NSICT,VC202300119
CONT2023001810,EXPORT,NSICT,VC202300119
CONT2023001811,IMPORT,NSICT,VC202300119
CONT2023001812,IMPORT,NSICT,VC202300119
CONT2023001813,EXPORT,GTI,VC202300120
CONT2023001814,IMPORT,GTI,VC202300120
CONT2023001815,IMPORT,GTI,VC202300120
CONT2023001816,EXPORT,GTI,VC202300120
CONT2023001817,IMPORT,GTI,VC202300120
CONT2023001818,EXPORT,GTI,VC202300120
CONT2023001819,IMPORT,GTI,VC202300120
CONT2023001820,EXPORT,GTI,VC202300120
CONT2023001821,IMPORT,GTI,VC202300120
CONT2023001822,EXPORT,GTI,VC202300120
CONT2023001823,IMPORT,GTI,VC202300120
CONT2023001824,IMPORT,GTI,VC202300120
CONT2023001825,EXPORT,GTI,VC202300120
CONT2023001826,IMPORT,GTI,VC202300120
CONT2023001827,EXPORT,GTI,VC202300120
CONT2023001828,IMPORT,GTI,VC202300120
CONT2023001829,EXPORT,NSIGT,VC202300121
CONT2023001830,IMPORT,NSIGT,VC202300121
CONT2023001831,EXPORT,NSIGT,VC202300121
CONT2023001832,IMPORT,NSIGT,VC202300121
CONT2023001833,IMPORT,NSIGT,VC202300121
CONT2023001834,IMPORT,NSIGT,VC202300121
CONT2023001835,IMPORT,NSIGT,VC202300121
CONT2023001836,IMPORT,NSIGT,VC202300121
CONT2023001837,IMPORT,NSIGT,VC202300121
CONT2023001838,IMPORT,NSIGT,VC202300121
CONT2023001839,EXPORT,NSIGT,VC202300121
CONT2023001840,IMPORT,NSIGT,VC202300121
CONT2023001841,EXPORT,NSIGT,VC202300121
CONT2023001842,EXPORT,NSIGT,VC202300121
CONT2023001843,EXPORT,NSIGT,VC202300121
CONT2023001844,IMPORT,NSIGT,VC202300121
CONT2023001845,EXPORT,NSIGT,VC202300121
CONT2023001846,EXPORT,NSIGT,VC202300121
CONT2023001847,EXPORT,GTI,VC202300122
CONT2023001848,IMPORT,GTI,VC202300122
CONT2023001849,IMPORT,GTI,VC202300122
CONT2023001850,IMPORT,GTI,VC202300122
CONT2023001851,IMPORT,GTI,VC202300122
CONT2023001852,EXPORT,GTI,VC202300122
CONT2023001853,IMPORT,GTI,VC202300122
CONT2023001854,IMPORT,GTI,VC202300122
CONT2023001855,EXPORT,GTI,VC202300122
CONT2023001856,IMPORT,GTI,VC202300122
CONT2023001857,IMPORT,GTI,VC202300123
CONT2023001858,IMPORT,GTI,VC202300123
CONT2023001859,IMPORT,GTI,VC202300123
CONT2023001860,EXPORT,GTI,VC202300123
CONT2023001861,IMPORT,GTI,VC202300123
CONT2023001862,IMPORT,GTI,VC202300123
CONT2023001863,EXPORT,GTI,VC202300124
CONT2023001864,EXPORT,GTI,VC202300124
CONT2023001865,IMPORT,GTI,VC202300124
CONT2023001866,IMPORT,GTI,VC202300124
CONT2023001867,IMPORT,GTI,VC202300124
CONT2023001868,IMPORT,GTI,VC202300124
CONT2023001869,EXPORT,GTI,VC202300125
CONT2023001870,IMPORT,GTI,VC202300125
CONT2023001871,EXPORT,GTI,VC202300125
CONT2023001872,IMPORT,GTI,VC202300125
CONT2023001873,IMPORT,GTI,VC202300125
CONT2023001874,EXPORT,GTI,VC202300125
CONT2023001875,IMPORT,GTI,VC202300125
CONT2023001876,IMPORT,GTI,VC202300125
CONT2023001877,IMPORT,GTI,VC202300125
CONT2023001878,IMPORT,GTI,VC202300125
CONT2023001879,IMPORT,GTI,VC202300125
CONT2023001880,EXPORT,GTI,VC202300125
CONT2023001881,EXPORT,GTI,VC202300125
CONT2023001882,IMPORT,GTI,VC202300125
CONT2023001883,IMPORT,GTI,VC202300125
CONT2023001884,EXPORT,GTI,VC202300125
CONT2023001885,EXPORT,GTI,VC202300125
CONT2023001886,EXPORT,GTI,VC202300125
CONT2023001887,IMPORT,GTI,VC202300125
CONT2023001888,EXPORT,GTI,VC202300125
CONT2023001889,EXPORT,GTI,VC202300125
CONT2023001890,IMPORT,GTI,VC202300125
CONT2023001891,IMPORT,GTI,VC202300125
CONT2023001892,EXPORT,GTI,VC202300125
CONT2023001893,EXPORT,GTI,VC202300125
CONT2023001894,EXPORT,GTI,VC202300125
CONT2023001895,EXPORT,GTI,VC202300125
CONT2023001896,IMPORT,GTI,VC202300125
CONT2023001897,EXPORT,GTI,VC202300125
CONT2023001898,IMPORT,GTI,VC202300125
CONT2023001899,EXPORT,GTI,VC202300125
CONT2023001900,EXPORT,GTI,VC202300125
CONT2023001901,EXPORT,GTI,VC202300125
CONT2023001902,IMPORT,GTI,VC202300125
CONT2023001903,IMPORT,GTI,VC202300125
CONT2023001904,EXPORT,GTI,VC202300125
CONT2023001905,IMPORT,GTI,VC202300125
CONT2023001906,IMPORT,GTI,VC202300125
CONT2023001907,IMPORT,GTI,VC202300125
CONT2023001908,IMPORT,GTI,VC202300125
CONT2023001909,IMPORT,GTI,VC202300125
CONT2023001910,IMPORT,GTI,VC202300125
CONT2023001911,EXPORT,GTI,VC202300125
CONT2023001912,EXPORT,GTI,VC202300125
CONT2023001913,EXPORT,GTI,VC202300125
CONT2023001914,EXPORT,GTI,VC202300125
CONT2023001915,EXPORT,GTI,VC202300125
CONT2023001916,EXPORT,GTI,VC202300125
CONT2023001917,EXPORT,GTI,VC202300125
CONT2023001918,IMPORT,NSICT,VC202300126
CONT2023001919,IMPORT,NSICT,VC202300126
CONT2023001920,EXPORT,NSICT,VC202300126
CONT2023001921,EXPORT,NSICT,VC202300126
CONT2023001922,EXPORT,NSICT,VC202300126
CONT2023001923,EXPORT,NSICT,VC202300126
CONT2023001924,EXPORT,NSICT,VC202300126
CONT2023001925,EXPORT,NSICT,VC202300126
CONT2023001926,IMPORT,NSICT,VC202300126
CONT2023001927,EXPORT,NSICT,VC202300126
CONT2023001928,IMPORT,NSICT,VC202300126
CONT2023001929,EXPORT,NSICT,VC202300126
CONT2023001930,EXPORT,NSICT,VC202300126
CONT2023001931,EXPORT,NSICT,VC202300126
CONT2023001932,IMPORT,NSICT,VC202300126
CONT2023001933,IMPORT,NSICT,VC202300126
CONT2023001934,EXPORT,NSICT,VC202300126
CONT2023001935,IMPORT,NSICT,VC202300126
CONT2023001936,IMPORT,NSICT,VC202300126
CONT2023001937,EXPORT,NSICT,VC202300126
CONT2023001938,EXPORT,NSFT,VC202300127
CONT2023001939,IMPORT,NSFT,VC202300127
CONT2023001940,IMPORT,NSFT,VC202300127
CONT2023001941,IMPORT,NSFT,VC202300127
CONT2023001942,EXPORT,NSFT,VC202300127
CONT2023001943,IMPORT,NSFT,VC202300127
CONT2023001944,EXPORT,NSFT,VC202300127
CONT2023001945,IMPORT,NSFT,VC202300127
CONT2023001946,EXPORT,NSFT,VC202300127
CONT2023001947,EXPORT,NSFT,VC202300127
CONT2023001948,IMPORT,NSFT,VC202300127
CONT2023001949,EXPORT,NSFT,VC202300127
CONT2023001950,IMPORT,NSFT,VC202300127
CONT2023001951,IMPORT,NSFT,VC202300127
CONT2023001952,IMPORT,NSFT,VC202300127
CONT2023001953,IMPORT,NSFT,VC202300127
CONT2023001954,EXPORT,NSFT,VC202300127
CONT2023001955,IMPORT,NSFT,VC202300127
CONT2023001956,EXPORT,NSFT,VC202300127
CONT2023001957,IMPORT,NSFT,VC202300127
CONT2023001958,IMPORT,NSFT,VC202300128
CONT2023001959,EXPORT,NSFT,VC202300128
CONT2023001960,EXPORT,NSFT,VC202300128
CONT2023001961,EXPORT,NSFT,VC202300128
CONT2023001962,IMPORT,NSFT,VC202300128
CONT2023001963,IMPORT,NSFT,VC202300128
CONT2023001964,IMPORT,NSFT,VC202300128
CONT2023001965,IMPORT,NSFT,VC202300128
CONT2023001966,EXPORT,NSFT,VC202300128
CONT2023001967,IMPORT,NSFT,VC202300128
CONT2023001968,IMPORT,NSFT,VC202300128
CONT2023001969,EXPORT,NSFT,VC202300128
CONT2023001970,IMPORT,NSFT,VC202300128
CONT2023001971,EXPORT,NSFT,VC202300128
CONT2023001972,EXPORT,NSFT,VC202300128
CONT2023001973,EXPORT,NSFT,VC202300128
CONT2023001974,EXPORT,NSFT,VC202300128
CONT2023001975,IMPORT,NSFT,VC202300128
CONT2023001976,EXPORT,NSFT,VC202300128
CONT2023001977,IMPORT,NSFT,VC202300128
CONT2023001978,EXPORT,NSFT,VC202300128
CONT2023001979,EXPORT,NSFT,VC202300128
CONT2023001980,IMPORT,NSFT,VC202300128
CONT2023001981,IMPORT,NSFT,VC202300128
CONT2023001982,EXPORT,NSFT,VC202300128
CONT2023001983,EXPORT,NSFT,VC202300128
CONT2023001984,IMPORT,NSFT,VC202300128
CONT2023001985,EXPORT,NSFT,VC202300128
CONT2023001986,EXPORT,NSFT,VC202300128
CONT2023001987,IMPORT,NSFT,VC202300128
CONT2023001988,IMPORT,GTI,VC202300129
CONT2023001989,IMPORT,GTI,VC202300129
CONT2023001990,IMPORT,GTI,VC202300129
CONT2023001991,IMPORT,GTI,VC202300129
CONT2023001992,IMPORT,GTI,VC202300129
CONT2023001993,IMPORT,GTI,VC202300129
CONT2023001994,EXPORT,GTI,VC202300129
CONT2023001995,IMPORT,NSIGT,VC202300130
CONT2023001996,IMPORT,NSIGT,VC202300130
CONT2023001997,EXPORT,NSIGT,VC202300130
CONT2023001998,EXPORT,NSIGT,VC202300130
CONT2023001999,IMPORT,NSIGT,VC202300130
CONT2023002000,IMPORT,NSIGT,VC202300130
CONT2023002001,IMPORT,NSIGT,VC202300130
CONT2023002002,IMPORT,NSIGT,VC202300130
CONT2023002003,EXPORT,NSIGT,VC202300130
CONT2023002004,EXPORT,NSICT,VC202300131
CONT2023002005,IMPORT,NSICT,VC202300131
CONT2023002006,IMPORT,NSICT,VC202300131
CONT2023002007,EXPORT,NSICT,VC202300131
CONT2023002008,EXPORT,NSICT,VC202300131
CONT2023002009,IMPORT,NSICT,VC202300131
CONT2023002010,IMPORT,NSICT,VC202300131
CONT2023002011,IMPORT,GTI,VC202300132
CONT2023002012,IMPORT,GTI,VC202300132
CONT2023002013,EXPORT,GTI,VC202300132
CONT2023002014,IMPORT,GTI,VC202300132
CONT2023002015,EXPORT,GTI,VC202300132
CONT2023002016,EXPORT,GTI,VC202300132
CONT2023002017,EXPORT,GTI,VC202300132
CONT2023002018,EXPORT,GTI,VC202300132
CONT2023002019,EXPORT,GTI,VC202300132
CONT2023002020,IMPORT,GTI,VC202300132
CONT2023002021,EXPORT,GTI,VC202300132
CONT2023002022,EXPORT,GTI,VC202300132
CONT2023002023,IMPORT,GTI,VC202300132
CONT2023002024,EXPORT,GTI,VC202300132
CONT2023002025,EXPORT,GTI,VC202300132
CONT2023002026,EXPORT,GTI,VC202300132
CONT2023002027,IMPORT,GTI,VC202300132
CONT2023002028,IMPORT,GTI,VC202300132
CONT2023002029,EXPORT,GTI,VC202300132
CONT2023002030,EXPORT,GTI,VC202300132
CONT2023002031,EXPORT,GTI,VC202300132
CONT2023002032,EXPORT,GTI,VC202300132
CONT2023002033,EXPORT,GTI,VC202300132
CONT2023002034,EXPORT,GTI,VC202300132
CONT2023002035,EXPORT,GTI,VC202300132
CONT2023002036,EXPORT,GTI,VC202300132
CONT2023002037,IMPORT,GTI,VC202300132
CONT2023002038,IMPORT,GTI,VC202300132
CONT2023002039,IMPORT,GTI,VC202300132
CONT2023002040,IMPORT,GTI,VC202300132
CONT2023002041,EXPORT,GTI,VC202300132
CONT2023002042,EXPORT,GTI,VC202300132
CONT2023002043,EXPORT,GTI,VC202300132
CONT2023002044,EXPORT,GTI,VC202300132
CONT2023002045,EXPORT,GTI,VC202300132
CONT2023002046,EXPORT,GTI,VC202300132
CONT2023002047,IMPORT,GTI,VC202300132
CONT2023002048,EXPORT,GTI,VC202300132
CONT2023002049,IMPORT,GTI,VC202300132
CONT2023002050,IMPORT,GTI,VC202300132
CONT2023002051,EXPORT,GTI,VC202300132
CONT2023002052,EXPORT,GTI,VC202300132
CONT2023002053,EXPORT,GTI,VC202300132
CONT2023002054,EXPORT,GTI,VC202300132
CONT2023002055,IMPORT,GTI,VC202300132
CONT2023002056,EXPORT,GTI,VC202300132
CONT2023002057,EXPORT,GTI,VC202300132
CONT2023002058,EXPORT,GTI,VC202300132
CONT2023002059,EXPORT,GTI,VC202300132
CONT2023002060,IMPORT,GTI,VC202300132
CONT2023002061,IMPORT,NSFT,VC202300133
CONT2023002062,IMPORT,NSFT,VC202300133
CONT2023002063,EXPORT,NSFT,VC202300133
CONT2023002064,EXPORT,NSFT,VC202300133
CONT2023002065,IMPORT,NSFT,VC202300133
CONT2023002066,IMPORT,NSFT,VC202300133
CONT2023002067,EXPORT,NSFT,VC202300133
CONT2023002068,IMPORT,NSFT,VC202300133
CONT2023002069,EXPORT,GTI,VC202300134
CONT2023002070,IMPORT,GTI,VC202300134
CONT2023002071,IMPORT,GTI,VC202300134
CONT2023002072,EXPORT,GTI,VC202300134
CONT2023002073,IMPORT,GTI,VC202300134
CONT2023002074,EXPORT,GTI,VC202300134
CONT2023002075,EXPORT,GTI,VC202300134
CONT2023002076,IMPORT,GTI,VC202300134
CONT2023002077,IMPORT,GTI,VC202300134
CONT2023002078,EXPORT,GTI,VC202300134
CONT2023002079,IMPORT,GTI,VC202300134
CONT2023002080,IMPORT,GTI,VC202300134
CONT2023002081,IMPORT,GTI,VC202300134
CONT2023002082,EXPORT,GTI,VC202300134
CONT2023002083,EXPORT,GTI,VC202300134
CONT2023002084,EXPORT,GTI,VC202300134
CONT2023002085,EXPORT,GTI,VC202300134
CONT2023002086,EXPORT,GTI,VC202300134
CONT2023002087,EXPORT,GTI,VC202300134
CONT2023002088,IMPORT,GTI,VC202300134
CONT2023002089,EXPORT,GTI,VC202300134
CONT2023002090,EXPORT,GTI,VC202300134
CONT2023002091,EXPORT,GTI,VC202300134
CONT2023002092,IMPORT,GTI,VC202300134
CONT2023002093,IMPORT,GTI,VC202300134
CONT2023002094,IMPORT,GTI,VC202300134
CONT2023002095,IMPORT,GTI,VC202300134
CONT2023002096,IMPORT,NSIGT,VC202300135
CONT2023002097,IMPORT,NSIGT,VC202300135
CONT2023002098,EXPORT,NSIGT,VC202300135
CONT2023002099,EXPORT,NSIGT,VC202300135
CONT2023002100,EXPORT,NSIGT,VC202300135
CONT2023002101,IMPORT,NSIGT,VC202300135
CONT2023002102,EXPORT,NSIGT,VC202300135
CONT2023002103,IMPORT,NSIGT,VC202300135
CONT2023002104,IMPORT,NSIGT,VC202300135
CONT2023002105,IMPORT,NSIGT,VC202300135
CONT2023002106,IMPORT,NSICT,VC202300136
CONT2023002107,EXPORT,NSICT,VC202300136
CONT2023002108,EXPORT,NSICT,VC202300136
CONT2023002109,IMPORT,NSICT,VC202300136
CONT2023002110,IMPORT,NSICT,VC202300136
CONT2023002111,EXPORT,NSICT,VC202300136
CONT2023002112,IMPORT,NSICT,VC202300136
CONT2023002113,EXPORT,NSICT,VC202300136
CONT2023002114,EXPORT,NSICT,VC202300136
CONT2023002115,EXPORT,NSICT,VC202300136
CONT2023002116,IMPORT,NSICT,VC202300136
CONT2023002117,EXPORT,NSICT,VC202300136
CONT2023002118,IMPORT,NSICT,VC202300136
CONT2023002119,EXPORT,NSICT,VC202300136
CONT2023002120,IMPORT,NSIGT,VC202300137
CONT2023002121,EXPORT,NSIGT,VC202300137
CONT2023002122,IMPORT,NSIGT,VC202300137
CONT2023002123,EXPORT,NSIGT,VC202300137
CONT2023002124,IMPORT,NSIGT,VC202300137
CONT2023002125,IMPORT,NSIGT,VC202300137
CONT2023002126,EXPORT,NSIGT,VC202300137
CONT2023002127,EXPORT,NSIGT,VC202300137
CONT2023002128,EXPORT,NSIGT,VC202300137
CONT2023002129,IMPORT,NSIGT,VC202300137
CONT2023002130,IMPORT,NSIGT,VC202300137
CONT2023002131,EXPORT,NSIGT,VC202300137
CONT2023002132,IMPORT,NSIGT,VC202300137
CONT2023002133,EXPORT,NSIGT,VC202300137
CONT2023002134,EXPORT,NSIGT,VC202300137
CONT2023002135,EXPORT,NSIGT,VC202300137
CONT2023002136,IMPORT,NSIGT,VC202300137
CONT2023002137,EXPORT,NSIGT,VC202300137
CONT2023002138,EXPORT,NSIGT,VC202300137
CONT2023002139,IMPORT,NSIGT,VC202300137
CONT2023002140,IMPORT,NSIGT,VC202300137
CONT2023002141,IMPORT,NSIGT,VC202300137
CONT2023002142,EXPORT,NSIGT,VC202300137
CONT2023002143,EXPORT,NSIGT,VC202300137
CONT2023002144,EXPORT,NSIGT,VC202300137
CONT2023002145,EXPORT,NSIGT,VC202300137
CONT2023002146,EXPORT,NSIGT,VC202300137
CONT2023002147,EXPORT,NSFT,VC202300138
CONT2023002148,EXPORT,NSFT,VC202300138
CONT2023002149,EXPORT,NSFT,VC202300138
CONT2023002150,EXPORT,NSFT,VC202300138
CONT2023002151,EXPORT,NSFT,VC202300138
CONT2023002152,IMPORT,NSFT,VC202300138
CONT2023002153,EXPORT,NSFT,VC202300138
CONT2023002154,IMPORT,NSFT,VC202300138
CONT2023002155,IMPORT,NSFT,VC202300138
CONT2023002156,EXPORT,NSFT,VC202300138
CONT2023002157,EXPORT,NSFT,VC202300138
CONT2023002158,IMPORT,NSFT,VC202300138
CONT2023002159,IMPORT,NSFT,VC202300138
CONT2023002160,IMPORT,NSFT,VC202300138
CONT2023002161,IMPORT,NSFT,VC202300138
CONT2023002162,IMPORT,NSFT,VC202300138
CONT2023002163,IMPORT,NSIGT,VC202300139
CONT2023002164,EXPORT,NSIGT,VC202300139
CONT2023002165,IMPORT,NSIGT,VC202300139
CONT2023002166,EXPORT,NSIGT,VC202300139
CONT2023002167,EXPORT,NSIGT,VC202300139
CONT2023002168,IMPORT,NSIGT,VC202300139
CONT2023002169,IMPORT,NSIGT,VC202300139
CONT2023002170,IMPORT,NSIGT,VC202300139
CONT2023002171,EXPORT,NSIGT,VC202300139
CONT2023002172,EXPORT,NSIGT,VC202300139
CONT2023002173,EXPORT,NSIGT,VC202300139
CONT2023002174,EXPORT,NSIGT,VC202300139
CONT2023002175,IMPORT,NSIGT,VC202300139
CONT2023002176,EXPORT,GTI,VC202300140
CONT2023002177,IMPORT,GTI,VC202300140
CONT2023002178,EXPORT,GTI,VC202300140
CONT2023002179,IMPORT,GTI,VC202300140
CONT2023002180,IMPORT,GTI,VC202300140
CONT2023002181,IMPORT,GTI,VC202300140
CONT2023002182,IMPORT,GTI,VC202300140
CONT2023002183,EXPORT,GTI,VC202300140
CONT2023002184,EXPORT,GTI,VC202300140
CONT2023002185,IMPORT,GTI,VC202300140
CONT2023002186,IMPORT,GTI,VC202300140
CONT2023002187,EXPORT,GTI,VC202300140
CONT2023002188,EXPORT,GTI,VC202300140
CONT2023002189,IMPORT,GTI,VC202300140
CONT2023002190,EXPORT,GTI,VC202300140
CONT2023002191,EXPORT,GTI,VC202300140
CONT2023002192,IMPORT,GTI,VC202300140
CONT2023002193,IMPORT,GTI,VC202300140
CONT2023002194,IMPORT,GTI,VC202300140
CONT2023002195,EXPORT,GTI,VC202300140
CONT2023002196,IMPORT,GTI,VC202300140
CONT2023002197,IMPORT,GTI,VC202300140
CONT2023002198,EXPORT,GTI,VC202300140
CONT2023002199,IMPORT,GTI,VC202300140
CONT2023002200,IMPORT,GTI,VC202300140
CONT2023002201,EXPORT,GTI,VC202300140
CONT2023002202,IMPORT,GTI,VC202300140
CONT2023002203,IMPORT,GTI,VC202300140
CONT2023002204,EXPORT,GTI,VC202300140
CONT2023002205,EXPORT,GTI,VC202300140
CONT2023002206,IMPORT,GTI,VC202300140
CONT2023002207,IMPORT,GTI,VC202300140
CONT2023002208,EXPORT,GTI,VC202300140
CONT2023002209,EXPORT,GTI,VC202300140
CONT2023002210,EXPORT,GTI,VC202300140
CONT2023002211,EXPORT,GTI,VC202300140
CONT2023002212,EXPORT,GTI,VC202300140
CONT2023002213,IMPORT,GTI,VC202300140
CONT2023002214,IMPORT,GTI,VC202300140
CONT2023002215,IMPORT,GTI,VC202300140
CONT2023002216,EXPORT,GTI,VC202300140
CONT2023002217,EXPORT,GTI,VC202300140
CONT2023002218,IMPORT,GTI,VC202300140
CONT2023002219,EXPORT,GTI,VC202300140
CONT2023002220,IMPORT,GTI,VC202300140
CONT2023002221,IMPORT,GTI,VC202300140
CONT2023002222,IMPORT,GTI,VC202300140
CONT2023002223,EXPORT,GTI,VC202300140
CONT2023002224,EXPORT,BMCT,VC202300141
CONT2023002225,EXPORT,BMCT,VC202300141
CONT2023002226,IMPORT,BMCT,VC202300141
CONT2023002227,IMPORT,BMCT,VC202300141
CONT2023002228,IMPORT,BMCT,VC202300141
CONT2023002229,EXPORT,BMCT,VC202300141
CONT2023002230,EXPORT,NSFT,VC202300142
CONT2023002231,EXPORT,NSFT,VC202300142
CONT2023002232,EXPORT,NSFT,VC202300142
CONT2023002233,EXPORT,NSFT,VC202300142
CONT2023002234,IMPORT,NSFT,VC202300142
CONT2023002235,IMPORT,NSFT,VC202300142
CONT2023002236,EXPORT,NSFT,VC202300142
CONT2023002237,EXPORT,NSFT,VC202300142
CONT2023002238,IMPORT,BMCT,VC202300143
CONT2023002239,IMPORT,BMCT,VC202300143
CONT2023002240,IMPORT,BMCT,VC202300143
CONT2023002241,IMPORT,BMCT,VC202300143
CONT2023002242,IMPORT,BMCT,VC202300143
CONT2023002243,IMPORT,BMCT,VC202300143
CONT2023002244,IMPORT,BMCT,VC202300143
CONT2023002245,EXPORT,BMCT,VC202300143
CONT2023002246,IMPORT,BMCT,VC202300143
CONT2023002247,EXPORT,BMCT,VC202300143
CONT2023002248,EXPORT,BMCT,VC202300143
CONT2023002249,EXPORT,BMCT,VC202300143
CONT2023002250,IMPORT,BMCT,VC202300144
CONT2023002251,IMPORT,BMCT,VC202300144
CONT2023002252,EXPORT,BMCT,VC202300144
CONT2023002253,EXPORT,BMCT,VC202300144
CONT2023002254,IMPORT,BMCT,VC202300144
CONT2023002255,IMPORT,BMCT,VC202300144
CONT2023002256,IMPORT,BMCT,VC202300144
CONT2023002257,IMPORT,BMCT,VC202300144
CONT2023002258,EXPORT,BMCT,VC202300144
CONT2023002259,IMPORT,BMCT,VC202300144
CONT2023002260,EXPORT,BMCT,VC202300144
CONT2023002261,EXPORT,BMCT,VC202300144
CONT2023002262,EXPORT,BMCT,VC202300144
CONT2023002263,IMPORT,BMCT,VC202300144
CONT2023002264,EXPORT,BMCT,VC202300144
CONT2023002265,EXPORT,BMCT,VC202300144
CONT2023002266,EXPORT,BMCT,VC202300144
CONT2023002267,EXPORT,BMCT,VC202300144
CONT2023002268,IMPORT,BMCT,VC202300144
CONT2023002269,IMPORT,BMCT,VC202300144
CONT2023002270,EXPORT,BMCT,VC202300144
CONT2023002271,IMPORT,BMCT,VC202300144
CONT2023002272,IMPORT,BMCT,VC202300144
CONT2023002273,EXPORT,BMCT,VC202300144
CONT2023002274,IMPORT,NSICT,VC202300145
CONT2023002275,EXPORT,NSICT,VC202300145
CONT2023002276,IMPORT,NSICT,VC202300145
CONT2023002277,IMPORT,NSICT,VC202300145
CONT2023002278,IMPORT,NSICT,VC202300145
CONT2023002279,IMPORT,NSICT,VC202300145
CONT2023002280,EXPORT,NSICT,VC202300145
CONT2023002281,IMPORT,NSICT,VC202300145
CONT2023002282,IMPORT,NSICT,VC202300145
CONT2023002283,EXPORT,NSICT,VC202300145
CONT2023002284,EXPORT,GTI,VC202300146
CONT2023002285,IMPORT,GTI,VC202300146
CONT2023002286,EXPORT,GTI,VC202300146
CONT2023002287,EXPORT,GTI,VC202300146
CONT2023002288,IMPORT,GTI,VC202300146
CONT2023002289,EXPORT,GTI,VC202300146
CONT2023002290,EXPORT,GTI,VC202300146
CONT2023002291,EXPORT,GTI,VC202300146
CONT2023002292,EXPORT,GTI,VC202300146
CONT2023002293,IMPORT,GTI,VC202300146
CONT2023002294,EXPORT,GTI,VC202300146
CONT2023002295,IMPORT,GTI,VC202300146
CONT2023002296,IMPORT,GTI,VC202300146
CONT2023002297,IMPORT,GTI,VC202300146
CONT2023002298,EXPORT,GTI,VC202300146
CONT2023002299,IMPORT,GTI,VC202300146
CONT2023002300,IMPORT,GTI,VC202300146
CONT2023002301,EXPORT,GTI,VC202300146
CONT2023002302,EXPORT,GTI,VC202300146
CONT2023002303,IMPORT,GTI,VC202300146
CONT2023002304,IMPORT,GTI,VC202300146
CONT2023002305,EXPORT,GTI,VC202300146
CONT2023002306,IMPORT,GTI,VC202300146
CONT2023002307,IMPORT,GTI,VC202300147
CONT2023002308,IMPORT,GTI,VC202300147
CONT2023002309,IMPORT,GTI,VC202300147
CONT2023002310,EXPORT,GTI,VC202300147
CONT2023002311,IMPORT,GTI,VC202300147
CONT2023002312,IMPORT,GTI,VC202300147
CONT2023002313,EXPORT,BMCT,VC202300148
CONT2023002314,EXPORT,BMCT,VC202300148
CONT2023002315,IMPORT,BMCT,VC202300148
CONT2023002316,EXPORT,BMCT,VC202300148
CONT2023002317,IMPORT,BMCT,VC202300148
CONT2023002318,IMPORT,BMCT,VC202300148
CONT2023002319,EXPORT,BMCT,VC202300148
CONT2023002320,EXPORT,BMCT,VC202300148
CONT2023002321,IMPORT,BMCT,VC202300148
CONT2023002322,EXPORT,BMCT,VC202300148
CONT2023002323,EXPORT,BMCT,VC202300148
CONT2023002324,EXPORT,BMCT,VC202300148
CONT2023002325,EXPORT,BMCT,VC202300148
CONT2023002326,IMPORT,BMCT,VC202300148
CONT2023002327,IMPORT,BMCT,VC202300148
CONT2023002328,IMPORT,BMCT,VC202300148
CONT2023002329,EXPORT,BMCT,VC202300148
CONT2023002330,EXPORT,BMCT,VC202300148
CONT2023002331,EXPORT,BMCT,VC202300148
CONT2023002332,IMPORT,BMCT,VC202300148
CONT2023002333,IMPORT,BMCT,VC202300148
CONT2023002334,IMPORT,BMCT,VC202300148
CONT2023002335,IMPORT,BMCT,VC202300148
CONT2023002336,EXPORT,BMCT,VC202300148
CONT2023002337,EXPORT,BMCT,VC202300148
CONT2023002338,EXPORT,BMCT,VC202300148
CONT2023002339,EXPORT,NSFT,VC202300149
CONT2023002340,IMPORT,NSFT,VC202300149
CONT2023002341,IMPORT,NSFT,VC202300149
CONT2023002342,IMPORT,NSFT,VC202300149
CONT2023002343,IMPORT,NSFT,VC202300149
CONT2023002344,IMPORT,NSFT,VC202300149
CONT2023002345,EXPORT,NSFT,VC202300149
CONT2023002346,IMPORT,NSFT,VC202300149
CONT2023002347,IMPORT,NSFT,VC202300149
CONT2023002348,IMPORT,NSFT,VC202300149
CONT2023002349,IMPORT,NSFT,VC202300149
CONT2023002350,EXPORT,NSFT,VC202300149
CONT2023002351,EXPORT,NSFT,VC202300149
CONT2023002352,IMPORT,NSFT,VC202300149
CONT2023002353,IMPORT,NSFT,VC202300149
CONT2023002354,EXPORT,NSFT,VC202300149
CONT2023002355,EXPORT,NSFT,VC202300149
CONT2023002356,IMPORT,NSFT,VC202300149
CONT2023002357,IMPORT,NSFT,VC202300149
CONT2023002358,IMPORT,NSFT,VC202300149
CONT2023002359,EXPORT,NSFT,VC202300149
CONT2023002360,IMPORT,NSFT,VC202300149
CONT2023002361,IMPORT,NSFT,VC202300150
CONT2023002362,EXPORT,NSFT,VC202300150
CONT2023002363,EXPORT,NSFT,VC202300150
CONT2023002364,IMPORT,NSFT,VC202300150
CONT2023002365,IMPORT,NSFT,VC202300150
CONT2023002366,IMPORT,NSFT,VC202300150
CONT2023002367,EXPORT,NSFT,VC202300150
CONT2023002368,IMPORT,NSFT,VC202300150
CONT2023002369,IMPORT,NSFT,VC202300151
CONT2023002370,IMPORT,NSFT,VC202300151
CONT2023002371,EXPORT,NSFT,VC202300151
CONT2023002372,IMPORT,NSFT,VC202300151
CONT2023002373,IMPORT,NSFT,VC202300151
CONT2023002374,IMPORT,NSFT,VC202300151
CONT2023002375,IMPORT,NSFT,VC202300151
CONT2023002376,EXPORT,NSFT,VC202300151
CONT2023002377,IMPORT,NSFT,VC202300151
CONT2023002378,IMPORT,NSFT,VC202300151
CONT2023002379,IMPORT,NSFT,VC202300151
CONT2023002380,IMPORT,NSFT,VC202300151
CONT2023002381,IMPORT,NSFT,VC202300151
CONT2023002382,IMPORT,GTI,VC202300152
CONT2023002383,IMPORT,GTI,VC202300152
CONT2023002384,EXPORT,GTI,VC202300152
CONT2023002385,IMPORT,GTI,VC202300152
CONT2023002386,IMPORT,GTI,VC202300152
CONT2023002387,EXPORT,GTI,VC202300152
CONT2023002388,IMPORT,GTI,VC202300152
CONT2023002389,EXPORT,GTI,VC202300152
CONT2023002390,IMPORT,GTI,VC202300152
CONT2023002391,EXPORT,GTI,VC202300152
CONT2023002392,EXPORT,GTI,VC202300152
CONT2023002393,EXPORT,GTI,VC202300152
CONT2023002394,EXPORT,NSIGT,VC202300153
CONT2023002395,IMPORT,NSIGT,VC202300153
CONT2023002396,EXPORT,NSIGT,VC202300153
CONT2023002397,IMPORT,NSIGT,VC202300153
CONT2023002398,EXPORT,NSIGT,VC202300153
CONT2023002399,EXPORT,NSIGT,VC202300153
CONT2023002400,EXPORT,NSIGT,VC202300153
CONT2023002401,EXPORT,NSIGT,VC202300153
CONT2023002402,EXPORT,NSIGT,VC202300153
CONT2023002403,EXPORT,NSIGT,VC202300153
CONT2023002404,IMPORT,NSIGT,VC202300153
CONT2023002405,EXPORT,NSIGT,VC202300153
CONT2023002406,EXPORT,NSIGT,VC202300153
CONT2023002407,IMPORT,NSIGT,VC202300153
CONT2023002408,IMPORT,NSIGT,VC202300153
CONT2023002409,EXPORT,NSIGT,VC202300153
CONT2023002410,IMPORT,NSIGT,VC202300153
CONT2023002411,IMPORT,NSIGT,VC202300153
CONT2023002412,EXPORT,NSFT,VC202300154
CONT2023002413,EXPORT,NSFT,VC202300154
CONT2023002414,IMPORT,NSFT,VC202300154
CONT2023002415,EXPORT,NSFT,VC202300154
CONT2023002416,EXPORT,NSFT,VC202300154
CONT2023002417,EXPORT,NSFT,VC202300154
CONT2023002418,IMPORT,NSFT,VC202300154
CONT2023002419,IMPORT,NSFT,VC202300154
CONT2023002420,IMPORT,NSFT,VC202300154
CONT2023002421,IMPORT,NSFT,VC202300154
CONT2023002422,EXPORT,NSFT,VC202300154
CONT2023002423,EXPORT,NSFT,VC202300154
CONT2023002424,IMPORT,NSFT,VC202300154
CONT2023002425,IMPORT,NSFT,VC202300154
CONT2023002426,EXPORT,NSFT,VC202300154
CONT2023002427,IMPORT,NSFT,VC202300154
CONT2023002428,IMPORT,NSFT,VC202300154
CONT2023002429,IMPORT,NSFT,VC202300154
CONT2023002430,EXPORT,NSFT,VC202300154
CONT2023002431,EXPORT,NSFT,VC202300154
CONT2023002432,IMPORT,NSFT,VC202300154
CONT2023002433,EXPORT,NSFT,VC202300154
CONT2023002434,EXPORT,NSFT,VC202300154
CONT2023002435,EXPORT,NSFT,VC202300154
CONT2023002436,IMPORT,NSFT,VC202300154
CONT2023002437,IMPORT,NSFT,VC202300154
CONT2023002438,IMPORT,GTI,VC202300155
CONT2023002439,EXPORT,GTI,VC202300155
CONT2023002440,IMPORT,GTI,VC202300155
CONT2023002441,IMPORT,GTI,VC202300155
CONT2023002442,EXPORT,GTI,VC202300155
CONT2023002443,EXPORT,GTI,VC202300155
CONT2023002444,EXPORT,GTI,VC202300155
CONT2023002445,EXPORT,GTI,VC202300155
CONT2023002446,EXPORT,GTI,VC202300155
CONT2023002447,IMPORT,NSIGT,VC202300156
CONT2023002448,IMPORT,NSIGT,VC202300156
CONT2023002449,EXPORT,NSIGT,VC202300156
CONT2023002450,EXPORT,NSIGT,VC202300156
CONT2023002451,IMPORT,NSIGT,VC202300156
CONT2023002452,EXPORT,NSIGT,VC202300156
CONT2023002453,IMPORT,NSIGT,VC202300156
CONT2023002454,IMPORT,NSIGT,VC202300156
CONT2023002455,EXPORT,NSIGT,VC202300156
CONT2023002456,EXPORT,NSIGT,VC202300156
CONT2023002457,EXPORT,NSIGT,VC202300156
CONT2023002458,EXPORT,NSIGT,VC202300156
CONT2023002459,EXPORT,NSIGT,VC202300156
CONT2023002460,IMPORT,NSIGT,VC202300156
CONT2023002461,IMPORT,NSIGT,VC202300156
CONT2023002462,IMPORT,NSIGT,VC202300156
CONT2023002463,EXPORT,NSIGT,VC202300156
CONT2023002464,IMPORT,BMCT,VC202300157
CONT2023002465,IMPORT,BMCT,VC202300157
CONT2023002466,IMPORT,BMCT,VC202300157
CONT2023002467,EXPORT,BMCT,VC202300157
CONT2023002468,IMPORT,BMCT,VC202300157
CONT2023002469,EXPORT,BMCT,VC202300157
CONT2023002470,EXPORT,BMCT,VC202300157
CONT2023002471,EXPORT,BMCT,VC202300157
CONT2023002472,IMPORT,BMCT,VC202300157
CONT2023002473,IMPORT,BMCT,VC202300157
CONT2023002474,IMPORT,BMCT,VC202300157
CONT2023002475,IMPORT,BMCT,VC202300157
CONT2023002476,EXPORT,BMCT,VC202300157
CONT2023002477,IMPORT,BMCT,VC202300157
CONT2023002478,IMPORT,BMCT,VC202300157
CONT2023002479,IMPORT,BMCT,VC202300157
CONT2023002480,EXPORT,GTI,VC202300158
CONT2023002481,IMPORT,GTI,VC202300158
CONT2023002482,EXPORT,GTI,VC202300158
CONT2023002483,IMPORT,GTI,VC202300158
CONT2023002484,EXPORT,GTI,VC202300158
CONT2023002485,EXPORT,GTI,VC202300158
CONT2023002486,IMPORT,GTI,VC202300158
CONT2023002487,IMPORT,GTI,VC202300158
CONT2023002488,IMPORT,GTI,VC202300158
CONT2023002489,EXPORT,GTI,VC202300158
CONT2023002490,EXPORT,GTI,VC202300158
CONT2023002491,EXPORT,GTI,VC202300158
CONT2023002492,EXPORT,GTI,VC202300158
CONT2023002493,EXPORT,GTI,VC202300158
CONT2023002494,EXPORT,GTI,VC202300158
CONT2023002495,IMPORT,NSICT,VC202300159
CONT2023002496,EXPORT,NSICT,VC202300159
CONT2023002497,IMPORT,NSICT,VC202300159
CONT2023002498,IMPORT,NSICT,VC202300159
CONT2023002499,EXPORT,NSICT,VC202300159
CONT2023002500,EXPORT,NSICT,VC202300159
CONT2023002501,IMPORT,NSICT,VC202300159
CONT2023002502,EXPORT,NSICT,VC202300159
CONT2023002503,EXPORT,NSICT,VC202300159
CONT2023002504,EXPORT,NSICT,VC202300159
CONT2023002505,EXPORT,NSICT,VC202300159
CONT2023002506,EXPORT,NSICT,VC202300159
CONT2023002507,IMPORT,NSICT,VC202300159
CONT2023002508,EXPORT,NSICT,VC202300159
CONT2023002509,IMPORT,NSICT,VC202300159
CONT2023002510,EXPORT,NSICT,VC202300159
CONT2023002511,IMPORT,NSICT,VC202300159
CONT2023002512,EXPORT,NSICT,VC202300159
CONT2023002513,IMPORT,NSICT,VC202300159
CONT2023002514,IMPORT,NSICT,VC202300159
CONT2023002515,IMPORT,NSICT,VC202300159
CONT2023002516,IMPORT,NSICT,VC202300159
CONT2023002517,EXPORT,NSICT,VC202300159
CONT2023002518,EXPORT,NSICT,VC202300159
CONT2023002519,IMPORT,NSICT,VC202300159
CONT2023002520,IMPORT,NSICT,VC202300159
CONT2023002521,EXPORT,NSICT,VC202300159
CONT2023002522,IMPORT,NSICT,VC202300159
CONT2023002523,EXPORT,NSICT,VC202300159
CONT2023002524,EXPORT,NSICT,VC202300159
CONT2023002525,IMPORT,BMCT,VC202300160
CONT2023002526,IMPORT,BMCT,VC202300160
CONT2023002527,IMPORT,BMCT,VC202300160
CONT2023002528,EXPORT,BMCT,VC202300160
CONT2023002529,IMPORT,BMCT,VC202300160
CONT2023002530,IMPORT,BMCT,VC202300160
CONT2023002531,EXPORT,BMCT,VC202300160
CONT2023002532,EXPORT,BMCT,VC202300160
CONT2023002533,EXPORT,BMCT,VC202300160
CONT2023002534,EXPORT,BMCT,VC202300160
CONT2023002535,IMPORT,BMCT,VC202300160
CONT2023002536,EXPORT,BMCT,VC202300160
CONT2023002537,IMPORT,BMCT,VC202300160
CONT2023002538,IMPORT,BMCT,VC202300160
CONT2023002539,IMPORT,BMCT,VC202300160
CONT2023002540,IMPORT,NSFT,VC202300161
CONT2023002541,EXPORT,NSFT,VC202300161
CONT2023002542,IMPORT,NSFT,VC202300161
CONT2023002543,IMPORT,NSFT,VC202300161
CONT2023002544,IMPORT,NSFT,VC202300161
CONT2023002545,EXPORT,NSFT,VC202300161
CONT2023002546,EXPORT,NSFT,VC202300161
CONT2023002547,EXPORT,GTI,VC202300162
CONT2023002548,IMPORT,GTI,VC202300162
CONT2023002549,IMPORT,GTI,VC202300162
CONT2023002550,EXPORT,GTI,VC202300162
CONT2023002551,IMPORT,GTI,VC202300162
CONT2023002552,EXPORT,GTI,VC202300162
CONT2023002553,IMPORT,GTI,VC202300162
CONT2023002554,EXPORT,GTI,VC202300162
CONT2023002555,IMPORT,GTI,VC202300162
CONT2023002556,EXPORT,GTI,VC202300162
CONT2023002557,EXPORT,GTI,VC202300162
CONT2023002558,EXPORT,GTI,VC202300162
CONT2023002559,IMPORT,GTI,VC202300162
CONT2023002560,EXPORT,GTI,VC202300162
CONT2023002561,IMPORT,GTI,VC202300162
CONT2023002562,IMPORT,GTI,VC202300162
CONT2023002563,IMPORT,GTI,VC202300162
CONT2023002564,IMPORT,GTI,VC202300162
CONT2023002565,EXPORT,GTI,VC202300162
CONT2023002566,IMPORT,GTI,VC202300162
CONT2023002567,EXPORT,GTI,VC202300162
CONT2023002568,EXPORT,BMCT,VC202300163
CONT2023002569,IMPORT,BMCT,VC202300163
CONT2023002570,IMPORT,BMCT,VC202300163
CONT2023002571,EXPORT,BMCT,VC202300163
CONT2023002572,EXPORT,BMCT,VC202300163
CONT2023002573,EXPORT,BMCT,VC202300163
CONT2023002574,IMPORT,BMCT,VC202300163
CONT2023002575,EXPORT,BMCT,VC202300163
CONT2023002576,EXPORT,BMCT,VC202300163
CONT2023002577,EXPORT,BMCT,VC202300163
CONT2023002578,IMPORT,BMCT,VC202300163
CONT2023002579,IMPORT,BMCT,VC202300163
CONT2023002580,EXPORT,BMCT,VC202300163
CONT2023002581,IMPORT,BMCT,VC202300163
CONT2023002582,EXPORT,BMCT,VC202300163
CONT2023002583,IMPORT,BMCT,VC202300163
CONT2023002584,IMPORT,BMCT,VC202300163
CONT2023002585,EXPORT,BMCT,VC202300163
CONT2023002586,EXPORT,BMCT,VC202300163
CONT2023002587,EXPORT,BMCT,VC202300163
CONT2023002588,IMPORT,BMCT,VC202300163
CONT2023002589,IMPORT,BMCT,VC202300163
CONT2023002590,EXPORT,BMCT,VC202300163
CONT2023002591,IMPORT,BMCT,VC202300163
CONT2023002592,EXPORT,BMCT,VC202300163
CONT2023002593,EXPORT,BMCT,VC202300163
CONT2023002594,IMPORT,BMCT,VC202300163
CONT2023002595,EXPORT,BMCT,VC202300163
CONT2023002596,IMPORT,BMCT,VC202300163
CONT2023002597,IMPORT,BMCT,VC202300163
CONT2023002598,IMPORT,BMCT,VC202300163
CONT2023002599,EXPORT,BMCT,VC202300163
CONT2023002600,EXPORT,BMCT,VC202300163
CONT2023002601,IMPORT,NSFT,VC202300164
CONT2023002602,IMPORT,NSFT,VC202300164
CONT2023002603,EXPORT,NSFT,VC202300164
CONT2023002604,IMPORT,NSFT,VC202300164
CONT2023002605,EXPORT,NSFT,VC202300164
CONT2023002606,IMPORT,NSFT,VC202300164
CONT2023002607,IMPORT,NSFT,VC202300164
CONT2023002608,IMPORT,NSFT,VC202300164
CONT2023002609,IMPORT,NSFT,VC202300164
CONT2023002610,EXPORT,NSFT,VC202300164
CONT2023002611,IMPORT,NSFT,VC202300164
CONT2023002612,IMPORT,NSFT,VC202300164
CONT2023002613,EXPORT,NSFT,VC202300164
CONT2023002614,EXPORT,NSFT,VC202300164
CONT2023002615,EXPORT,NSFT,VC202300164
CONT2023002616,IMPORT,BMCT,VC202300165
CONT2023002617,IMPORT,BMCT,VC202300165
CONT2023002618,IMPORT,BMCT,VC202300165
CONT2023002619,EXPORT,BMCT,VC202300165
CONT2023002620,EXPORT,BMCT,VC202300165
CONT2023002621,IMPORT,BMCT,VC202300165
CONT2023002622,IMPORT,BMCT,VC202300165
CONT2023002623,IMPORT,BMCT,VC202300165
CONT2023002624,IMPORT,BMCT,VC202300165
CONT2023002625,IMPORT,BMCT,VC202300165
CONT2023002626,EXPORT,BMCT,VC202300165
CONT2023002627,IMPORT,BMCT,VC202300165
CONT2023002628,IMPORT,BMCT,VC202300165
CONT2023002629,EXPORT,BMCT,VC202300165
CONT2023002630,EXPORT,BMCT,VC202300165
CONT2023002631,IMPORT,BMCT,VC202300165
CONT2023002632,EXPORT,BMCT,VC202300165
CONT2023002633,EXPORT,BMCT,VC202300165
CONT2023002634,IMPORT,BMCT,VC202300165
CONT2023002635,EXPORT,BMCT,VC202300165
CONT2023002636,IMPORT,BMCT,VC202300165
CONT2023002637,IMPORT,BMCT,VC202300165
CONT2023002638,IMPORT,BMCT,VC202300165
CONT2023002639,IMPORT,BMCT,VC202300165
CONT2023002640,IMPORT,BMCT,VC202300165
CONT2023002641,EXPORT,BMCT,VC202300165
CONT2023002642,IMPORT,BMCT,VC202300165
CONT2023002643,IMPORT,BMCT,VC202300165
CONT2023002644,EXPORT,BMCT,VC202300165
CONT2023002645,EXPORT,NSFT,VC202300166
CONT2023002646,IMPORT,NSFT,VC202300166
CONT2023002647,IMPORT,NSFT,VC202300166
CONT2023002648,EXPORT,NSFT,VC202300166
CONT2023002649,IMPORT,NSFT,VC202300166
CONT2023002650,EXPORT,NSFT,VC202300166
CONT2023002651,IMPORT,NSFT,VC202300166
CONT2023002652,IMPORT,NSFT,VC202300166
CONT2023002653,EXPORT,NSFT,VC202300166
CONT2023002654,EXPORT,NSFT,VC202300166
CONT2023002655,IMPORT,NSFT,VC202300166
CONT2023002656,EXPORT,NSIGT,VC202300167
CONT2023002657,IMPORT,NSIGT,VC202300167
CONT2023002658,EXPORT,NSIGT,VC202300167
CONT2023002659,EXPORT,NSIGT,VC202300167
CONT2023002660,EXPORT,NSIGT,VC202300167
CONT2023002661,EXPORT,NSIGT,VC202300167
CONT2023002662,EXPORT,NSIGT,VC202300167
CONT2023002663,IMPORT,NSIGT,VC202300167
CONT2023002664,IMPORT,NSIGT,VC202300167
CONT2023002665,IMPORT,NSIGT,VC202300167
CONT2023002666,EXPORT,NSIGT,VC202300167
CONT2023002667,EXPORT,NSIGT,VC202300167
CONT2023002668,EXPORT,NSIGT,VC202300167
CONT2023002669,IMPORT,NSIGT,VC202300167
CONT2023002670,EXPORT,NSIGT,VC202300167
CONT2023002671,IMPORT,NSIGT,VC202300167
CONT2023002672,IMPORT,NSIGT,VC202300167
CONT2023002673,EXPORT,GTI,VC202300168
CONT2023002674,IMPORT,GTI,VC202300168
CONT2023002675,EXPORT,GTI,VC202300168
CONT2023002676,EXPORT,GTI,VC202300168
CONT2023002677,EXPORT,GTI,VC202300168
CONT2023002678,EXPORT,GTI,VC202300168
CONT2023002679,IMPORT,GTI,VC202300169
CONT2023002680,IMPORT,GTI,VC202300169
CONT2023002681,EXPORT,GTI,VC202300169
CONT2023002682,IMPORT,GTI,VC202300169
CONT2023002683,EXPORT,GTI,VC202300169
CONT2023002684,IMPORT,GTI,VC202300169
CONT2023002685,IMPORT,GTI,VC202300169
CONT2023002686,IMPORT,GTI,VC202300169
CONT2023002687,EXPORT,GTI,VC202300169
CONT2023002688,EXPORT,GTI,VC202300169
CONT2023002689,EXPORT,GTI,VC202300170
CONT2023002690,IMPORT,GTI,VC202300170
CONT2023002691,IMPORT,GTI,VC202300170
CONT2023002692,EXPORT,GTI,VC202300170
CONT2023002693,IMPORT,GTI,VC202300170
CONT2023002694,EXPORT,GTI,VC202300170
CONT2023002695,IMPORT,GTI,VC202300170
CONT2023002696,EXPORT,GTI,VC202300170
CONT2023002697,IMPORT,GTI,VC202300170
CONT2023002698,EXPORT,GTI,VC202300170
CONT2023002699,IMPORT,GTI,VC202300170
CONT2023002700,EXPORT,GTI,VC202300170
CONT2023002701,EXPORT,GTI,VC202300170
CONT2023002702,IMPORT,GTI,VC202300170
CONT2023002703,IMPORT,GTI,VC202300170
CONT2023002704,IMPORT,BMCT,VC202300171
CONT2023002705,EXPORT,BMCT,VC202300171
CONT2023002706,EXPORT,BMCT,VC202300171
CONT2023002707,EXPORT,BMCT,VC202300171
CONT2023002708,EXPORT,BMCT,VC202300171
CONT2023002709,EXPORT,BMCT,VC202300171
CONT2023002710,IMPORT,BMCT,VC202300171
CONT2023002711,IMPORT,BMCT,VC202300171
CONT2023002712,IMPORT,BMCT,VC202300171
CONT2023002713,IMPORT,BMCT,VC202300171
CONT2023002714,EXPORT,BMCT,VC202300171
CONT2023002715,IMPORT,BMCT,VC202300171
CONT2023002716,EXPORT,BMCT,VC202300171
CONT2023002717,IMPORT,BMCT,VC202300171
CONT2023002718,IMPORT,BMCT,VC202300171
CONT2023002719,IMPORT,BMCT,VC202300171
CONT2023002720,IMPORT,BMCT,VC202300171
CONT2023002721,EXPORT,BMCT,VC202300171
CONT2023002722,EXPORT,BMCT,VC202300171
CONT2023002723,IMPORT,BMCT,VC202300171
CONT2023002724,IMPORT,NSFT,VC202300172
CONT2023002725,IMPORT,NSFT,VC202300172
CONT2023002726,EXPORT,NSFT,VC202300172
CONT2023002727,EXPORT,NSFT,VC202300172
CONT2023002728,IMPORT,NSFT,VC202300172
CONT2023002729,EXPORT,NSFT,VC202300172
CONT2023002730,EXPORT,NSFT,VC202300172
CONT2023002731,EXPORT,NSFT,VC202300172
CONT2023002732,EXPORT,NSFT,VC202300172
CONT2023002733,IMPORT,NSFT,VC202300172
CONT2023002734,IMPORT,NSFT,VC202300172
CONT2023002735,EXPORT,NSFT,VC202300172
CONT2023002736,IMPORT,NSFT,VC202300172
CONT2023002737,EXPORT,NSFT,VC202300172
CONT2023002738,EXPORT,NSFT,VC202300172
CONT2023002739,EXPORT,NSFT,VC202300172
CONT2023002740,IMPORT,NSFT,VC202300172
CONT2023002741,EXPORT,NSIGT,VC202300173
CONT2023002742,IMPORT,NSIGT,VC202300173
CONT2023002743,IMPORT,NSIGT,VC202300173
CONT2023002744,EXPORT,NSIGT,VC202300173
CONT2023002745,EXPORT,NSIGT,VC202300173
CONT2023002746,EXPORT,NSIGT,VC202300173
CONT2023002747,IMPORT,NSIGT,VC202300173
CONT2023002748,IMPORT,NSIGT,VC202300173
CONT2023002749,IMPORT,NSIGT,VC202300173
CONT2023002750,EXPORT,NSIGT,VC202300173
CONT2023002751,IMPORT,NSIGT,VC202300173
CONT2023002752,IMPORT,NSIGT,VC202300173
CONT2023002753,IMPORT,NSIGT,VC202300173
CONT2023002754,EXPORT,NSIGT,VC202300173
CONT2023002755,EXPORT,NSIGT,VC202300173
CONT2023002756,IMPORT,NSIGT,VC202300173
CONT2023002757,EXPORT,NSIGT,VC202300173
CONT2023002758,EXPORT,NSIGT,VC202300173
CONT2023002759,IMPORT,NSIGT,VC202300173
CONT2023002760,IMPORT,NSIGT,VC202300173
CONT2023002761,IMPORT,NSIGT,VC202300173
CONT2023002762,IMPORT,NSIGT,VC202300173
CONT2023002763,EXPORT,NSIGT,VC202300173
CONT2023002764,IMPORT,NSIGT,VC202300173
CONT2023002765,IMPORT,NSIGT,VC202300173
CONT2023002766,IMPORT,NSIGT,VC202300173
CONT2023002767,EXPORT,NSIGT,VC202300173
CONT2023002768,IMPORT,NSIGT,VC202300173
CONT2023002769,IMPORT,NSIGT,VC202300174
CONT2023002770,EXPORT,NSIGT,VC202300174
CONT2023002771,IMPORT,NSIGT,VC202300174
CONT2023002772,IMPORT,NSIGT,VC202300174
CONT2023002773,EXPORT,NSIGT,VC202300174
CONT2023002774,EXPORT,NSIGT,VC202300174
CONT2023002775,IMPORT,GTI,VC202300175
CONT2023002776,EXPORT,GTI,VC202300175
CONT2023002777,IMPORT,GTI,VC202300175
CONT2023002778,EXPORT,GTI,VC202300175
CONT2023002779,IMPORT,GTI,VC202300175
CONT2023002780,IMPORT,GTI,VC202300175
CONT2023002781,IMPORT,GTI,VC202300175
CONT2023002782,IMPORT,GTI,VC202300175
CONT2023002783,EXPORT,GTI,VC202300175
CONT2023002784,EXPORT,GTI,VC202300175
CONT2023002785,EXPORT,GTI,VC202300175
CONT2023002786,IMPORT,GTI,VC202300175
CONT2023002787,IMPORT,GTI,VC202300175
CONT2023002788,EXPORT,GTI,VC202300175
CONT2023002789,EXPORT,GTI,VC202300175
CONT2023002790,EXPORT,GTI,VC202300175
CONT2023002791,IMPORT,GTI,VC202300175
CONT2023002792,EXPORT,GTI,VC202300175
CONT2023002793,IMPORT,GTI,VC202300175
CONT2023002794,EXPORT,GTI,VC202300175
CONT2023002795,IMPORT,GTI,VC202300175
CONT2023002796,IMPORT,GTI,VC202300175
CONT2023002797,IMPORT,GTI,VC202300175
CONT2023002798,IMPORT,GTI,VC202300175
CONT2023002799,IMPORT,GTI,VC202300175
CONT2023002800,IMPORT,GTI,VC202300175
CONT2023002801,EXPORT,GTI,VC202300175
CONT2023002802,EXPORT,GTI,VC202300175
CONT2023002803,IMPORT,GTI,VC202300175
CONT2023002804,IMPORT,GTI,VC202300175
CONT2023002805,EXPORT,GTI,VC202300175
CONT2023002806,EXPORT,BMCT,VC202300176
CONT2023002807,EXPORT,BMCT,VC202300176
CONT2023002808,IMPORT,BMCT,VC202300176
CONT2023002809,IMPORT,BMCT,VC202300176
CONT2023002810,IMPORT,BMCT,VC202300176
CONT2023002811,IMPORT,BMCT,VC202300176
CONT2023002812,IMPORT,BMCT,VC202300176
CONT2023002813,EXPORT,BMCT,VC202300176
CONT2023002814,IMPORT,BMCT,VC202300176
CONT2023002815,EXPORT,NSFT,VC202300177
CONT2023002816,EXPORT,NSFT,VC202300177
CONT2023002817,EXPORT,NSFT,VC202300177
CONT2023002818,EXPORT,NSFT,VC202300177
CONT2023002819,IMPORT,NSFT,VC202300177
CONT2023002820,EXPORT,NSFT,VC202300177
CONT2023002821,EXPORT,NSFT,VC202300177
CONT2023002822,IMPORT,NSIGT,VC202300178
CONT2023002823,IMPORT,NSIGT,VC202300178
CONT2023002824,IMPORT,NSIGT,VC202300178
CONT2023002825,EXPORT,NSIGT,VC202300178
CONT2023002826,IMPORT,NSIGT,VC202300178
CONT2023002827,EXPORT,NSIGT,VC202300178
CONT2023002828,EXPORT,NSIGT,VC202300178
CONT2023002829,EXPORT,NSIGT,VC202300178
CONT2023002830,IMPORT,NSIGT,VC202300178
CONT2023002831,IMPORT,NSIGT,VC202300178
CONT2023002832,EXPORT,NSIGT,VC202300178
CONT2023002833,EXPORT,NSIGT,VC202300178
CONT2023002834,EXPORT,NSIGT,VC202300178
CONT2023002835,IMPORT,NSIGT,VC202300178
CONT2023002836,EXPORT,NSIGT,VC202300178
CONT2023002837,IMPORT,NSIGT,VC202300178
CONT2023002838,IMPORT,NSIGT,VC202300178
CONT2023002839,EXPORT,NSIGT,VC202300178
CONT2023002840,IMPORT,NSIGT,VC202300178
CONT2023002841,IMPORT,NSIGT,VC202300178
CONT2023002842,IMPORT,NSIGT,VC202300178
CONT2023002843,IMPORT,NSIGT,VC202300178
CONT2023002844,EXPORT,NSIGT,VC202300178
CONT2023002845,EXPORT,NSIGT,VC202300178
CONT2023002846,IMPORT,NSFT,VC202300179
CONT2023002847,IMPORT,NSFT,VC202300179
CONT2023002848,IMPORT,NSFT,VC202300179
CONT2023002849,IMPORT,NSFT,VC202300179
CONT2023002850,EXPORT,NSFT,VC202300179
CONT2023002851,EXPORT,NSFT,VC202300179
CONT2023002852,EXPORT,NSFT,VC202300179
CONT2023002853,EXPORT,NSICT,VC202300180
CONT2023002854,IMPORT,NSICT,VC202300180
CONT2023002855,EXPORT,NSICT,VC202300180
CONT2023002856,EXPORT,NSICT,VC202300180
CONT2023002857,IMPORT,NSICT,VC202300180
CONT2023002858,IMPORT,NSICT,VC202300180
CONT2023002859,IMPORT,NSICT,VC202300180
CONT2023002860,IMPORT,NSICT,VC202300180
CONT2023002861,EXPORT,NSICT,VC202300180
CONT2023002862,EXPORT,NSICT,VC202300180
CONT2023002863,EXPORT,NSICT,VC202300180
CONT2023002864,EXPORT,NSICT,VC202300180
CONT2023002865,IMPORT,NSICT,VC202300180
CONT2023002866,EXPORT,NSICT,VC202300180
CONT2023002867,EXPORT,NSICT,VC202300180
CONT2023002868,IMPORT,NSICT,VC202300180
CONT2023002869,IMPORT,NSICT,VC202300180
CONT2023002870,EXPORT,NSICT,VC202300180
CONT2023002871,IMPORT,NSICT,VC202300180
CONT2023002872,EXPORT,NSICT,VC202300180
CONT2023002873,IMPORT,NSICT,VC202300180
CONT2023002874,EXPORT,NSICT,VC202300180
CONT2023002875,EXPORT,NSICT,VC202300180
CONT2023002876,EXPORT,NSICT,VC202300180
CONT2023002877,IMPORT,NSICT,VC202300180
CONT2023002878,EXPORT,NSICT,VC202300180
CONT2023002879,IMPORT,NSICT,VC202300180
CONT2023002880,EXPORT,NSICT,VC202300180
CONT2023002881,EXPORT,NSICT,VC202300180
CONT2023002882,EXPORT,NSICT,VC202300180
CONT2023002883,IMPORT,BMCT,VC202300181
CONT2023002884,EXPORT,BMCT,VC202300181
CONT2023002885,EXPORT,BMCT,VC202300181
CONT2023002886,IMPORT,BMCT,VC202300181
CONT2023002887,EXPORT,BMCT,VC202300181
CONT2023002888,EXPORT,BMCT,VC202300181
CONT2023002889,EXPORT,NSIGT,VC202300182
CONT2023002890,EXPORT,NSIGT,VC202300182
CONT2023002891,IMPORT,NSIGT,VC202300182
CONT2023002892,EXPORT,NSIGT,VC202300182
CONT2023002893,IMPORT,NSIGT,VC202300182
CONT2023002894,IMPORT,NSIGT,VC202300182
CONT2023002895,IMPORT,NSIGT,VC202300182
CONT2023002896,EXPORT,NSIGT,VC202300182
CONT2023002897,IMPORT,NSIGT,VC202300182
CONT2023002898,IMPORT,NSIGT,VC202300183
CONT2023002899,EXPORT,NSIGT,VC202300183
CONT2023002900,EXPORT,NSIGT,VC202300183
CONT2023002901,EXPORT,NSIGT,VC202300183
CONT2023002902,IMPORT,NSIGT,VC202300183
CONT2023002903,IMPORT,NSIGT,VC202300183
CONT2023002904,EXPORT,NSIGT,VC202300183
CONT2023002905,IMPORT,NSIGT,VC202300183
CONT2023002906,IMPORT,NSIGT,VC202300183
CONT2023002907,EXPORT,NSIGT,VC202300183
CONT2023002908,EXPORT,NSIGT,VC202300183
CONT2023002909,IMPORT,NSIGT,VC202300183
CONT2023002910,EXPORT,NSIGT,VC202300183
CONT2023002911,IMPORT,NSIGT,VC202300183
CONT2023002912,IMPORT,NSIGT,VC202300183
CONT2023002913,EXPORT,NSIGT,VC202300183
CONT2023002914,IMPORT,NSIGT,VC202300183
CONT2023002915,IMPORT,NSIGT,VC202300183
CONT2023002916,EXPORT,NSIGT,VC202300183
CONT2023002917,EXPORT,NSIGT,VC202300183
CONT2023002918,IMPORT,NSIGT,VC202300183
CONT2023002919,IMPORT,NSIGT,VC202300183
CONT2023002920,IMPORT,NSICT,VC202300184
CONT2023002921,EXPORT,NSICT,VC202300184
CONT2023002922,IMPORT,NSICT,VC202300184
CONT2023002923,EXPORT,NSICT,VC202300184
CONT2023002924,IMPORT,NSICT,VC202300184
CONT2023002925,IMPORT,NSICT,VC202300184
CONT2023002926,EXPORT,NSICT,VC202300184
CONT2023002927,IMPORT,NSICT,VC202300184
CONT2023002928,EXPORT,NSICT,VC202300184
CONT2023002929,EXPORT,NSICT,VC202300184
CONT2023002930,IMPORT,NSICT,VC202300184
CONT2023002931,EXPORT,NSICT,VC202300184
CONT2023002932,IMPORT,NSICT,VC202300184
CONT2023002933,IMPORT,NSICT,VC202300184
CONT2023002934,IMPORT,NSICT,VC202300184
CONT2023002935,IMPORT,NSICT,VC202300184
CONT2023002936,IMPORT,NSICT,VC202300184
CONT2023002937,IMPORT,NSICT,VC202300184
CONT2023002938,EXPORT,NSICT,VC202300184
CONT2023002939,EXPORT,NSICT,VC202300184
CONT2023002940,IMPORT,NSFT,VC202300185
CONT2023002941,IMPORT,NSFT,VC202300185
CONT2023002942,IMPORT,NSFT,VC202300185
CONT2023002943,IMPORT,NSFT,VC202300185
CONT2023002944,IMPORT,NSFT,VC202300185
CONT2023002945,IMPORT,NSFT,VC202300185
CONT2023002946,EXPORT,BMCT,VC202300186
CONT2023002947,IMPORT,BMCT,VC202300186
CONT2023002948,IMPORT,BMCT,VC202300186
CONT2023002949,EXPORT,BMCT,VC202300186
CONT2023002950,IMPORT,BMCT,VC202300186
CONT2023002951,EXPORT,BMCT,VC202300186
CONT2023002952,IMPORT,BMCT,VC202300186
CONT2023002953,EXPORT,BMCT,VC202300186
CONT2023002954,EXPORT,BMCT,VC202300186
CONT2023002955,EXPORT,NSFT,VC202300187
CONT2023002956,IMPORT,NSFT,VC202300187
CONT2023002957,IMPORT,NSFT,VC202300187
CONT2023002958,IMPORT,NSFT,VC202300187
CONT2023002959,IMPORT,NSFT,VC202300187
CONT2023002960,EXPORT,NSFT,VC202300187
CONT2023002961,EXPORT,BMCT,VC202300188
CONT2023002962,EXPORT,BMCT,VC202300188
CONT2023002963,EXPORT,BMCT,VC202300188
CONT2023002964,EXPORT,BMCT,VC202300188
CONT2023002965,EXPORT,BMCT,VC202300188
CONT2023002966,IMPORT,BMCT,VC202300188
CONT2023002967,EXPORT,BMCT,VC202300188
CONT2023002968,IMPORT,BMCT,VC202300188
CONT2023002969,EXPORT,BMCT,VC202300188
CONT2023002970,EXPORT,BMCT,VC202300188
CONT2023002971,EXPORT,BMCT,VC202300188
CONT2023002972,IMPORT,BMCT,VC202300188
CONT2023002973,IMPORT,BMCT,VC202300188
CONT2023002974,EXPORT,BMCT,VC202300188
CONT2023002975,EXPORT,BMCT,VC202300188
CONT2023002976,EXPORT,NSIGT,VC202300189
CONT2023002977,IMPORT,NSIGT,VC202300189
CONT2023002978,IMPORT,NSIGT,VC202300189
CONT2023002979,EXPORT,NSIGT,VC202300189
CONT2023002980,EXPORT,NSIGT,VC202300189
CONT2023002981,EXPORT,NSIGT,VC202300189
CONT2023002982,EXPORT,NSIGT,VC202300189
CONT2023002983,EXPORT,NSIGT,VC202300189
CONT2023002984,IMPORT,NSIGT,VC202300189
CONT2023002985,EXPORT,NSIGT,VC202300189
CONT2023002986,IMPORT,NSIGT,VC202300189
CONT2023002987,EXPORT,NSIGT,VC202300189
CONT2023002988,IMPORT,NSIGT,VC202300189
CONT2023002989,EXPORT,NSIGT,VC202300189
CONT2023002990,IMPORT,NSFT,VC202300190
CONT2023002991,IMPORT,NSFT,VC202300190
CONT2023002992,EXPORT,NSFT,VC202300190
CONT2023002993,EXPORT,NSFT,VC202300190
CONT2023002994,EXPORT,NSFT,VC202300190
CONT2023002995,EXPORT,NSFT,VC202300190
CONT2023002996,IMPORT,NSFT,VC202300190
CONT2023002997,IMPORT,NSFT,VC202300190
CONT2023002998,EXPORT,NSFT,VC202300190
CONT2023002999,EXPORT,NSFT,VC202300190
CONT2023003000,IMPORT,NSFT,VC202300190
CONT2023003001,EXPORT,NSFT,VC202300190
CONT2023003002,IMPORT,NSFT,VC202300191
CONT2023003003,IMPORT,NSFT,VC202300191
CONT2023003004,EXPORT,NSFT,VC202300191
CONT2023003005,IMPORT,NSFT,VC202300191
CONT2023003006,IMPORT,NSFT,VC202300191
CONT2023003007,EXPORT,NSFT,VC202300191
CONT2023003008,EXPORT,NSFT,VC202300191
CONT2023003009,EXPORT,NSFT,VC202300191
CONT2023003010,EXPORT,NSFT,VC202300191
CONT2023003011,IMPORT,NSFT,VC202300191
CONT2023003012,EXPORT,NSFT,VC202300191
CONT2023003013,IMPORT,NSFT,VC202300191
CONT2023003014,EXPORT,NSFT,VC202300191
CONT2023003015,EXPORT,NSFT,VC202300192
CONT2023003016,IMPORT,NSFT,VC202300192
CONT2023003017,EXPORT,NSFT,VC202300192
CONT2023003018,IMPORT,NSFT,VC202300192
CONT2023003019,IMPORT,NSFT,VC202300192
CONT2023003020,EXPORT,NSFT,VC202300192
CONT2023003021,EXPORT,NSFT,VC202300192
CONT2023003022,IMPORT,NSFT,VC202300193
CONT2023003023,EXPORT,NSFT,VC202300193
CONT2023003024,IMPORT,NSFT,VC202300193
CONT2023003025,IMPORT,NSFT,VC202300193
CONT2023003026,EXPORT,NSFT,VC202300193
CONT2023003027,EXPORT,NSFT,VC202300193
CONT2023003028,IMPORT,NSFT,VC202300193
CONT2023003029,EXPORT,NSFT,VC202300193
CONT2023003030,EXPORT,NSFT,VC202300193
CONT2023003031,IMPORT,NSIGT,VC202300194
CONT2023003032,EXPORT,NSIGT,VC202300194
CONT2023003033,IMPORT,NSIGT,VC202300194
CONT2023003034,EXPORT,NSIGT,VC202300194
CONT2023003035,IMPORT,NSIGT,VC202300194
CONT2023003036,IMPORT,NSIGT,VC202300194
CONT2023003037,IMPORT,NSIGT,VC202300194
CONT2023003038,EXPORT,NSIGT,VC202300194
CONT2023003039,IMPORT,NSIGT,VC202300194
CONT2023003040,EXPORT,NSIGT,VC202300194
CONT2023003041,IMPORT,NSIGT,VC202300194
CONT2023003042,EXPORT,NSIGT,VC202300194
CONT2023003043,IMPORT,NSIGT,VC202300194
CONT2023003044,IMPORT,NSIGT,VC202300194
CONT2023003045,EXPORT,NSIGT,VC202300194
CONT2023003046,EXPORT,NSIGT,VC202300194
CONT2023003047,IMPORT,NSIGT,VC202300194
CONT2023003048,IMPORT,NSIGT,VC202300194
CONT2023003049,EXPORT,NSIGT,VC202300194
CONT2023003050,IMPORT,NSIGT,VC202300194
CONT2023003051,IMPORT,NSIGT,VC202300194
CONT2023003052,IMPORT,NSIGT,VC202300194
CONT2023003053,IMPORT,NSIGT,VC202300194
CONT2023003054,IMPORT,NSIGT,VC202300194
CONT2023003055,EXPORT,NSIGT,VC202300194
CONT2023003056,EXPORT,NSIGT,VC202300195
CONT2023003057,IMPORT,NSIGT,VC202300195
CONT2023003058,EXPORT,NSIGT,VC202300195
CONT2023003059,IMPORT,NSIGT,VC202300195
CONT2023003060,IMPORT,NSIGT,VC202300195
CONT2023003061,EXPORT,NSIGT,VC202300195
CONT2023003062,EXPORT,NSIGT,VC202300195
CONT2023003063,IMPORT,NSIGT,VC202300195
CONT2023003064,EXPORT,NSIGT,VC202300195
CONT2023003065,EXPORT,NSIGT,VC202300195
CONT2023003066,IMPORT,NSICT,VC202300196
CONT2023003067,EXPORT,NSICT,VC202300196
CONT2023003068,IMPORT,NSICT,VC202300196
CONT2023003069,EXPORT,NSICT,VC202300196
CONT2023003070,IMPORT,NSICT,VC202300196
CONT2023003071,IMPORT,NSICT,VC202300196
CONT2023003072,EXPORT,NSICT,VC202300196
CONT2023003073,IMPORT,NSICT,VC202300196
CONT2023003074,IMPORT,NSICT,VC202300196
CONT2023003075,EXPORT,NSICT,VC202300196
CONT2023003076,IMPORT,BMCT,VC202300197
CONT2023003077,EXPORT,BMCT,VC202300197
CONT2023003078,EXPORT,BMCT,VC202300197
CONT2023003079,IMPORT,BMCT,VC202300197
CONT2023003080,EXPORT,BMCT,VC202300197
CONT2023003081,IMPORT,BMCT,VC202300197
CONT2023003082,IMPORT,BMCT,VC202300197
CONT2023003083,IMPORT,BMCT,VC202300197
CONT2023003084,EXPORT,BMCT,VC202300197
CONT2023003085,IMPORT,BMCT,VC202300197
CONT2023003086,IMPORT,BMCT,VC202300197
CONT2023003087,IMPORT,BMCT,VC202300197
CONT2023003088,EXPORT,BMCT,VC202300197
CONT2023003089,EXPORT,BMCT,VC202300197
CONT2023003090,IMPORT,BMCT,VC202300197
CONT2023003091,EXPORT,BMCT,VC202300197
CONT2023003092,EXPORT,BMCT,VC202300197
CONT2023003093,EXPORT,BMCT,VC202300197
CONT2023003094,IMPORT,BMCT,VC202300197
CONT2023003095,EXPORT,BMCT,VC202300197
CONT2023003096,EXPORT,BMCT,VC202300197
CONT2023003097,EXPORT,BMCT,VC202300197
CONT2023003098,EXPORT,BMCT,VC202300197
CONT2023003099,IMPORT,BMCT,VC202300197
CONT2023003100,EXPORT,BMCT,VC202300197
CONT2023003101,EXPORT,BMCT,VC202300197
CONT2023003102,IMPORT,GTI,VC202300198
CONT2023003103,EXPORT,GTI,VC202300198
CONT2023003104,EXPORT,GTI,VC202300198
CONT2023003105,EXPORT,GTI,VC202300198
CONT2023003106,IMPORT,GTI,VC202300198
CONT2023003107,IMPORT,GTI,VC202300198
CONT2023003108,IMPORT,GTI,VC202300198
CONT2023003109,IMPORT,BMCT,VC202300199
CONT2023003110,IMPORT,BMCT,VC202300199
CONT2023003111,EXPORT,BMCT,VC202300199
CONT2023003112,EXPORT,BMCT,VC202300199
CONT2023003113,IMPORT,BMCT,VC202300199
CONT2023003114,IMPORT,BMCT,VC202300199
CONT2023003115,IMPORT,BMCT,VC202300199
CONT2023003116,IMPORT,BMCT,VC202300199
CONT2023003117,IMPORT,BMCT,VC202300199
CONT2023003118,EXPORT,BMCT,VC202300199
CONT2023003119,EXPORT,BMCT,VC202300199
CONT2023003120,EXPORT,BMCT,VC202300199
CONT2023003121,EXPORT,BMCT,VC202300199
CONT2023003122,IMPORT,BMCT,VC202300199
CONT2023003123,EXPORT,BMCT,VC202300199
CONT2023003124,EXPORT,BMCT,VC202300199
CONT2023003125,EXPORT,BMCT,VC202300199
CONT2023003126,IMPORT,BMCT,VC202300199
CONT2023003127,IMPORT,BMCT,VC202300199
CONT2023003128,EXPORT,BMCT,VC202300199
CONT2023003129,IMPORT,BMCT,VC202300199
CONT2023003130,EXPORT,BMCT,VC202300199
CONT2023003131,EXPORT,BMCT,VC202300199
CONT2023003132,EXPORT,BMCT,VC202300199
CONT2023003133,IMPORT,BMCT,VC202300199
CONT2023003134,EXPORT,BMCT,VC202300199
CONT2023003135,IMPORT,BMCT,VC202300199
CONT2023003136,IMPORT,BMCT,VC202300199
CONT2023003137,EXPORT,BMCT,VC202300199
CONT2023003138,EXPORT,BMCT,VC202300199
CONT2023003139,IMPORT,BMCT,VC202300199
CONT2023003140,IMPORT,NSICT,VC202300200
CONT2023003141,IMPORT,NSICT,VC202300200
CONT2023003142,IMPORT,NSICT,VC202300200
CONT2023003143,EXPORT,NSICT,VC202300200
CONT2023003144,IMPORT,NSICT,VC202300200
CONT2023003145,EXPORT,NSICT,VC202300200
CONT2023003146,EXPORT,NSICT,VC202300200
CONT2023003147,EXPORT,NSICT,VC202300200
CONT2023003148,IMPORT,NSICT,VC202300200
CONT2023003149,EXPORT,NSICT,VC202300200
CONT2023003150,IMPORT,NSICT,VC202300200
CONT2023003151,EXPORT,NSICT,VC202300200
CONT2023003152,IMPORT,NSICT,VC202300200
CONT2023003153,EXPORT,NSICT,VC202300200
CONT2023003154,EXPORT,NSICT,VC202300200
CONT2023003155,IMPORT,NSICT,VC202300200
CONT2023003156,IMPORT,NSICT,VC202300200
CONT2023003157,IMPORT,NSICT,VC202300200
CONT2023003158,IMPORT,NSICT,VC202300200
CONT2023003159,IMPORT,NSICT,VC202300200
CONT2023003160,EXPORT,NSICT,VC202300200
CONT2023003161,EXPORT,NSICT,VC202300200
CONT2023003162,IMPORT,NSICT,VC202300200
CONT2023003163,IMPORT,NSICT,VC202300200
CONT2023003164,IMPORT,NSICT,VC202300200
CONT2023003165,IMPORT,NSICT,VC202300200
CONT2023003166,EXPORT,NSICT,VC202300200
CONT2023003167,IMPORT,NSICT,VC202300200
CONT2023003168,EXPORT,NSICT,VC202300200
CONT2023003169,EXPORT,NSICT,VC202300200
CONT2023003170,EXPORT,NSICT,VC202300200
CONT2023003171,EXPORT,NSICT,VC202300200
CONT2023003172,IMPORT,NSICT,VC202300201
CONT2023003173,EXPORT,NSICT,VC202300201
CONT2023003174,EXPORT,NSICT,VC202300201
CONT2023003175,IMPORT,NSICT,VC202300201
CONT2023003176,EXPORT,NSICT,VC202300201
CONT2023003177,IMPORT,NSICT,VC202300201
CONT2023003178,IMPORT,NSICT,VC202300201
CONT2023003179,IMPORT,NSICT,VC202300201
CONT2023003180,IMPORT,NSICT,VC202300202
CONT2023003181,IMPORT,NSICT,VC202300202
CONT2023003182,IMPORT,NSICT,VC202300202
CONT2023003183,EXPORT,NSICT,VC202300202
CONT2023003184,IMPORT,NSICT,VC202300202
CONT2023003185,EXPORT,NSICT,VC202300202
CONT2023003186,IMPORT,NSICT,VC202300202
CONT2023003187,IMPORT,NSICT,VC202300202
CONT2023003188,EXPORT,NSICT,VC202300202
CONT2023003189,IMPORT,NSICT,VC202300202
CONT2023003190,EXPORT,NSICT,VC202300202
CONT2023003191,IMPORT,NSICT,VC202300202
CONT2023003192,EXPORT,NSICT,VC202300202
CONT2023003193,EXPORT,NSICT,VC202300202
CONT2023003194,EXPORT,NSICT,VC202300202
CONT2023003195,IMPORT,NSICT,VC202300202
CONT2023003196,EXPORT,NSICT,VC202300202
CONT2023003197,IMPORT,NSICT,VC202300202
CONT2023003198,IMPORT,NSICT,VC202300202
CONT2023003199,EXPORT,NSICT,VC202300202
CONT2023003200,EXPORT,NSICT,VC202300202
CONT2023003201,IMPORT,NSICT,VC202300202
CONT2023003202,IMPORT,NSICT,VC202300202
CONT2023003203,IMPORT,BMCT,VC202300203
CONT2023003204,EXPORT,BMCT,VC202300203
CONT2023003205,IMPORT,BMCT,VC202300203
CONT2023003206,EXPORT,BMCT,VC202300203
CONT2023003207,EXPORT,BMCT,VC202300203
CONT2023003208,IMPORT,BMCT,VC202300203
CONT2023003209,IMPORT,GTI,VC202300204
CONT2023003210,IMPORT,GTI,VC202300204
CONT2023003211,EXPORT,GTI,VC202300204
CONT2023003212,IMPORT,GTI,VC202300204
CONT2023003213,IMPORT,GTI,VC202300204
CONT2023003214,EXPORT,GTI,VC202300204
CONT2023003215,EXPORT,GTI,VC202300204
CONT2023003216,EXPORT,GTI,VC202300204
CONT2023003217,IMPORT,GTI,VC202300204
CONT2023003218,IMPORT,GTI,VC202300204
CONT2023003219,IMPORT,GTI,VC202300204
CONT2023003220,EXPORT,GTI,VC202300204
CONT2023003221,EXPORT,GTI,VC202300204
CONT2023003222,EXPORT,GTI,VC202300204
CONT2023003223,IMPORT,GTI,VC202300205
CONT2023003224,EXPORT,GTI,VC202300205
CONT2023003225,EXPORT,GTI,VC202300205
CONT2023003226,IMPORT,GTI,VC202300205
CONT2023003227,IMPORT,GTI,VC202300205
CONT2023003228,EXPORT,GTI,VC202300205
CONT2023003229,EXPORT,GTI,VC202300205
CONT2023003230,EXPORT,GTI,VC202300205
CONT2023003231,IMPORT,NSICT,VC202300206
CONT2023003232,EXPORT,NSICT,VC202300206
CONT2023003233,IMPORT,NSICT,VC202300206
CONT2023003234,EXPORT,NSICT,VC202300206
CONT2023003235,IMPORT,NSICT,VC202300206
CONT2023003236,IMPORT,NSICT,VC202300206
CONT2023003237,IMPORT,NSICT,VC202300206
CONT2023003238,IMPORT,NSICT,VC202300206
CONT2023003239,IMPORT,NSICT,VC202300206
CONT2023003240,IMPORT,NSICT,VC202300206
CONT2023003241,IMPORT,NSICT,VC202300206
CONT2023003242,IMPORT,NSICT,VC202300206
CONT2023003243,IMPORT,NSICT,VC202300206
CONT2023003244,IMPORT,NSICT,VC202300206
CONT2023003245,EXPORT,NSICT,VC202300206
CONT2023003246,EXPORT,NSICT,VC202300206
CONT2023003247,EXPORT,NSICT,VC202300206
CONT2023003248,IMPORT,NSICT,VC202300206
CONT2023003249,EXPORT,GTI,VC202300207
CONT2023003250,IMPORT,GTI,VC202300207
CONT2023003251,EXPORT,GTI,VC202300207
CONT2023003252,EXPORT,GTI,VC202300207
CONT2023003253,IMPORT,GTI,VC202300207
CONT2023003254,IMPORT,GTI,VC202300207
CONT2023003255,EXPORT,GTI,VC202300207
CONT2023003256,IMPORT,GTI,VC202300207
CONT2023003257,EXPORT,GTI,VC202300207
CONT2023003258,EXPORT,GTI,VC202300207
CONT2023003259,IMPORT,GTI,VC202300207
CONT2023003260,EXPORT,GTI,VC202300207
CONT2023003261,EXPORT,GTI,VC202300207
CONT2023003262,IMPORT,GTI,VC202300207
CONT2023003263,EXPORT,GTI,VC202300207
CONT2023003264,IMPORT,GTI,VC202300207
CONT2023003265,IMPORT,GTI,VC202300208
CONT2023003266,IMPORT,GTI,VC202300208
CONT2023003267,EXPORT,GTI,VC202300208
CONT2023003268,IMPORT,GTI,VC202300208
CONT2023003269,IMPORT,GTI,VC202300208
CONT2023003270,IMPORT,GTI,VC202300208
CONT2023003271,IMPORT,GTI,VC202300208
CONT2023003272,IMPORT,GTI,VC202300208
CONT2023003273,IMPORT,GTI,VC202300208
CONT2023003274,IMPORT,GTI,VC202300208
CONT2023003275,IMPORT,GTI,VC202300208
CONT2023003276,IMPORT,GTI,VC202300208
CONT2023003277,EXPORT,NSFT,VC202300209
CONT2023003278,EXPORT,NSFT,VC202300209
CONT2023003279,EXPORT,NSFT,VC202300209
CONT2023003280,IMPORT,NSFT,VC202300209
CONT2023003281,EXPORT,NSFT,VC202300209
CONT2023003282,EXPORT,NSFT,VC202300209
CONT2023003283,IMPORT,NSFT,VC202300209
CONT2023003284,EXPORT,NSICT,VC202300210
CONT2023003285,EXPORT,NSICT,VC202300210
CONT2023003286,IMPORT,NSICT,VC202300210
CONT2023003287,IMPORT,NSICT,VC202300210
CONT2023003288,EXPORT,NSICT,VC202300210
CONT2023003289,IMPORT,NSICT,VC202300210
CONT2023003290,IMPORT,NSICT,VC202300210
CONT2023003291,EXPORT,NSICT,VC202300210
CONT2023003292,IMPORT,NSICT,VC202300210
CONT2023003293,IMPORT,NSICT,VC202300210
CONT2023003294,EXPORT,NSICT,VC202300210
CONT2023003295,EXPORT,NSICT,VC202300210
CONT2023003296,IMPORT,NSICT,VC202300210
CONT2023003297,EXPORT,NSICT,VC202300210
CONT2023003298,EXPORT,NSICT,VC202300210
CONT2023003299,IMPORT,NSICT,VC202300210
CONT2023003300,IMPORT,NSICT,VC202300210
CONT2023003301,IMPORT,NSICT,VC202300210
CONT2023003302,EXPORT,NSICT,VC202300210
CONT2023003303,IMPORT,NSICT,VC202300210
CONT2023003304,IMPORT,NSICT,VC202300210
CONT2023003305,IMPORT,NSICT,VC202300210
CONT2023003306,EXPORT,NSICT,VC202300210
CONT2023003307,EXPORT,NSFT,VC202300211
CONT2023003308,IMPORT,NSFT,VC202300211
CONT2023003309,IMPORT,NSFT,VC202300211
CONT2023003310,EXPORT,NSFT,VC202300211
CONT2023003311,IMPORT,NSFT,VC202300211
CONT2023003312,EXPORT,NSFT,VC202300211
CONT2023003313,IMPORT,NSFT,VC202300211
CONT2023003314,IMPORT,NSFT,VC202300211
CONT2023003315,IMPORT,NSFT,VC202300211
CONT2023003316,EXPORT,NSFT,VC202300211
CONT2023003317,EXPORT,NSFT,VC202300211
CONT2023003318,IMPORT,NSFT,VC202300211
CONT2023003319,EXPORT,NSFT,VC202300211
CONT2023003320,EXPORT,BMCT,VC202300212
CONT2023003321,IMPORT,BMCT,VC202300212
CONT2023003322,EXPORT,BMCT,VC202300212
CONT2023003323,EXPORT,BMCT,VC202300212
CONT2023003324,EXPORT,BMCT,VC202300212
CONT2023003325,EXPORT,BMCT,VC202300212
CONT2023003326,IMPORT,BMCT,VC202300212
CONT2023003327,IMPORT,BMCT,VC202300212
CONT2023003328,EXPORT,BMCT,VC202300212
CONT2023003329,IMPORT,NSFT,VC202300213
CONT2023003330,EXPORT,NSFT,VC202300213
CONT2023003331,EXPORT,NSFT,VC202300213
CONT2023003332,EXPORT,NSFT,VC202300213
CONT2023003333,IMPORT,NSFT,VC202300213
CONT2023003334,IMPORT,NSFT,VC202300213
CONT2023003335,EXPORT,NSFT,VC202300213
CONT2023003336,IMPORT,NSFT,VC202300213
CONT2023003337,IMPORT,NSFT,VC202300213
CONT2023003338,IMPORT,NSFT,VC202300213
CONT2023003339,EXPORT,GTI,VC202300214
CONT2023003340,EXPORT,GTI,VC202300214
CONT2023003341,EXPORT,GTI,VC202300214
CONT2023003342,IMPORT,GTI,VC202300214
CONT2023003343,IMPORT,GTI,VC202300214
CONT2023003344,EXPORT,GTI,VC202300214
CONT2023003345,EXPORT,GTI,VC202300214
CONT2023003346,EXPORT,GTI,VC202300214
CONT2023003347,IMPORT,GTI,VC202300214
CONT2023003348,IMPORT,GTI,VC202300214
CONT2023003349,IMPORT,GTI,VC202300214
CONT2023003350,EXPORT,GTI,VC202300214
CONT2023003351,IMPORT,GTI,VC202300214
CONT2023003352,EXPORT,BMCT,VC202300215
CONT2023003353,IMPORT,BMCT,VC202300215
CONT2023003354,IMPORT,BMCT,VC202300215
CONT2023003355,EXPORT,BMCT,VC202300215
CONT2023003356,IMPORT,BMCT,VC202300215
CONT2023003357,IMPORT,BMCT,VC202300215
CONT2023003358,IMPORT,BMCT,VC202300215
CONT2023003359,EXPORT,BMCT,VC202300215
CONT2023003360,IMPORT,BMCT,VC202300215
CONT2023003361,EXPORT,BMCT,VC202300215
CONT2023003362,EXPORT,BMCT,VC202300215
CONT2023003363,IMPORT,BMCT,VC202300215
CONT2023003364,EXPORT,BMCT,VC202300215
CONT2023003365,IMPORT,BMCT,VC202300216
CONT2023003366,IMPORT,BMCT,VC202300216
CONT2023003367,EXPORT,BMCT,VC202300216
CONT2023003368,IMPORT,BMCT,VC202300216
CONT2023003369,EXPORT,BMCT,VC202300216
CONT2023003370,IMPORT,BMCT,VC202300216
CONT2023003371,IMPORT,BMCT,VC202300216
CONT2023003372,IMPORT,BMCT,VC202300216
CONT2023003373,IMPORT,BMCT,VC202300216
CONT2023003374,EXPORT,BMCT,VC202300216
CONT2023003375,EXPORT,BMCT,VC202300216
CONT2023003376,IMPORT,BMCT,VC202300216
CONT2023003377,EXPORT,BMCT,VC202300216
CONT2023003378,IMPORT,BMCT,VC202300216
CONT2023003379,EXPORT,BMCT,VC202300216
CONT2023003380,IMPORT,BMCT,VC202300216
CONT2023003381,IMPORT,NSICT,VC202300217
CONT2023003382,EXPORT,NSICT,VC202300217
CONT2023003383,EXPORT,NSICT,VC202300217
CONT2023003384,IMPORT,NSICT,VC202300217
CONT2023003385,EXPORT,NSICT,VC202300217
CONT2023003386,EXPORT,NSICT,VC202300217
CONT2023003387,EXPORT,NSICT,VC202300217
CONT2023003388,EXPORT,NSICT,VC202300217
CONT2023003389,IMPORT,NSICT,VC202300217
CONT2023003390,EXPORT,NSICT,VC202300217
CONT2023003391,IMPORT,NSICT,VC202300217
CONT2023003392,EXPORT,NSICT,VC202300217
CONT2023003393,EXPORT,NSICT,VC202300217
CONT2023003394,IMPORT,NSICT,VC202300217
CONT2023003395,IMPORT,NSICT,VC202300217
CONT2023003396,IMPORT,NSICT,VC202300217
CONT2023003397,IMPORT,NSICT,VC202300217
CONT2023003398,IMPORT,NSICT,VC202300217
CONT2023003399,EXPORT,NSICT,VC202300217
CONT2023003400,IMPORT,NSICT,VC202300217
CONT2023003401,IMPORT,NSICT,VC202300217
CONT2023003402,IMPORT,NSICT,VC202300217
CONT2023003403,IMPORT,NSICT,VC202300217
CONT2023003404,IMPORT,NSICT,VC202300218
CONT2023003405,IMPORT,NSICT,VC202300218
CONT2023003406,IMPORT,NSICT,VC202300218
CONT2023003407,IMPORT,NSICT,VC202300218
CONT2023003408,EXPORT,NSICT,VC202300218
CONT2023003409,EXPORT,NSICT,VC202300218
CONT2023003410,IMPORT,NSICT,VC202300218
CONT2023003411,IMPORT,NSICT,VC202300218
CONT2023003412,EXPORT,NSICT,VC202300218
CONT2023003413,EXPORT,NSICT,VC202300218
CONT2023003414,EXPORT,NSICT,VC202300218
CONT2023003415,EXPORT,NSICT,VC202300218
CONT2023003416,IMPORT,NSICT,VC202300218
CONT2023003417,IMPORT,NSICT,VC202300218
CONT2023003418,IMPORT,NSICT,VC202300218
CONT2023003419,EXPORT,NSICT,VC202300218
CONT2023003420,IMPORT,NSICT,VC202300218
CONT2023003421,IMPORT,NSICT,VC202300218
CONT2023003422,EXPORT,NSICT,VC202300218
CONT2023003423,IMPORT,NSICT,VC202300218
CONT2023003424,IMPORT,NSICT,VC202300218
CONT2023003425,EXPORT,NSICT,VC202300218
CONT2023003426,EXPORT,NSICT,VC202300218
CONT2023003427,IMPORT,NSICT,VC202300218
CONT2023003428,EXPORT,BMCT,VC202300219
CONT2023003429,EXPORT,BMCT,VC202300219
CONT2023003430,EXPORT,BMCT,VC202300219
CONT2023003431,EXPORT,BMCT,VC202300219
CONT2023003432,EXPORT,BMCT,VC202300219
CONT2023003433,IMPORT,BMCT,VC202300219
CONT2023003434,EXPORT,BMCT,VC202300219
CONT2023003435,IMPORT,BMCT,VC202300219
CONT2023003436,EXPORT,BMCT,VC202300219
CONT2023003437,EXPORT,BMCT,VC202300219
CONT2023003438,EXPORT,BMCT,VC202300219
CONT2023003439,EXPORT,BMCT,VC202300219
CONT2023003440,IMPORT,NSICT,VC202300220
CONT2023003441,EXPORT,NSICT,VC202300220
CONT2023003442,IMPORT,NSICT,VC202300220
CONT2023003443,IMPORT,NSICT,VC202300220
CONT2023003444,IMPORT,NSICT,VC202300220
CONT2023003445,IMPORT,NSICT,VC202300220
CONT2023003446,IMPORT,NSICT,VC202300220
CONT2023003447,EXPORT,NSICT,VC202300220
CONT2023003448,IMPORT,NSICT,VC202300220
CONT2023003449,IMPORT,NSICT,VC202300220
CONT2023003450,EXPORT,NSICT,VC202300220
CONT2023003451,IMPORT,NSICT,VC202300220
CONT2023003452,EXPORT,NSICT,VC202300220
CONT2023003453,IMPORT,NSICT,VC202300220
CONT2023003454,IMPORT,NSICT,VC202300220
CONT2023003455,EXPORT,NSICT,VC202300220
CONT2023003456,IMPORT,NSICT,VC202300220
CONT2023003457,EXPORT,GTI,VC202300221
CONT2023003458,IMPORT,GTI,VC202300221
CONT2023003459,IMPORT,GTI,VC202300221
CONT2023003460,EXPORT,GTI,VC202300221
CONT2023003461,EXPORT,GTI,VC202300221
CONT2023003462,IMPORT,GTI,VC202300221
CONT2023003463,IMPORT,GTI,VC202300221
CONT2023003464,EXPORT,GTI,VC202300221
CONT2023003465,EXPORT,GTI,VC202300221
CONT2023003466,IMPORT,GTI,VC202300221
CONT2023003467,IMPORT,GTI,VC202300221
CONT2023003468,EXPORT,GTI,VC202300221
CONT2023003469,EXPORT,NSFT,VC202300222
CONT2023003470,IMPORT,NSFT,VC202300222
CONT2023003471,IMPORT,NSFT,VC202300222
CONT2023003472,EXPORT,NSFT,VC202300222
CONT2023003473,EXPORT,NSFT,VC202300222
CONT2023003474,IMPORT,NSFT,VC202300222
CONT2023003475,EXPORT,NSFT,VC202300222
CONT2023003476,EXPORT,NSFT,VC202300222
CONT2023003477,EXPORT,NSFT,VC202300222
CONT2023003478,EXPORT,NSFT,VC202300222
CONT2023003479,IMPORT,NSFT,VC202300222
CONT2023003480,EXPORT,NSFT,VC202300222
CONT2023003481,EXPORT,NSFT,VC202300222
CONT2023003482,EXPORT,NSFT,VC202300222
CONT2023003483,IMPORT,NSFT,VC202300222
CONT2023003484,EXPORT,NSFT,VC202300222
CONT2023003485,EXPORT,NSFT,VC202300222
CONT2023003486,EXPORT,NSFT,VC202300222
CONT2023003487,IMPORT,NSFT,VC202300222
CONT2023003488,EXPORT,NSFT,VC202300222
CONT2023003489,IMPORT,NSFT,VC202300222
CONT2023003490,IMPORT,NSFT,VC202300222
CONT2023003491,IMPORT,NSFT,VC202300222
CONT2023003492,IMPORT,NSFT,VC202300222
CONT2023003493,IMPORT,NSFT,VC202300222
CONT2023003494,IMPORT,NSFT,VC202300222
CONT2023003495,EXPORT,NSFT,VC202300222
CONT2023003496,IMPORT,GTI,VC202300223
CONT2023003497,IMPORT,GTI,VC202300223
CONT2023003498,IMPORT,GTI,VC202300223
CONT2023003499,EXPORT,GTI,VC202300223
CONT2023003500,EXPORT,GTI,VC202300223
CONT2023003501,EXPORT,GTI,VC202300223
CONT2023003502,EXPORT,GTI,VC202300223
CONT2023003503,EXPORT,GTI,VC202300223
CONT2023003504,EXPORT,GTI,VC202300223
CONT2023003505,IMPORT,GTI,VC202300223
CONT2023003506,IMPORT,GTI,VC202300223
CONT2023003507,EXPORT,GTI,VC202300223
CONT2023003508,IMPORT,GTI,VC202300223
CONT2023003509,IMPORT,BMCT,VC202300224
CONT2023003510,IMPORT,BMCT,VC202300224
CONT2023003511,IMPORT,BMCT,VC202300224
CONT2023003512,IMPORT,BMCT,VC202300224
CONT2023003513,EXPORT,BMCT,VC202300224
CONT2023003514,EXPORT,BMCT,VC202300224
CONT2023003515,IMPORT,BMCT,VC202300224
CONT2023003516,EXPORT,BMCT,VC202300224
CONT2023003517,IMPORT,BMCT,VC202300224
CONT2023003518,IMPORT,BMCT,VC202300224
CONT2023003519,EXPORT,BMCT,VC202300224
CONT2023003520,IMPORT,BMCT,VC202300224
CONT2023003521,EXPORT,BMCT,VC202300224
CONT2023003522,EXPORT,BMCT,VC202300224
CONT2023003523,IMPORT,BMCT,VC202300224
CONT2023003524,EXPORT,NSICT,VC202300225
CONT2023003525,IMPORT,NSICT,VC202300225
CONT2023003526,EXPORT,NSICT,VC202300225
CONT2023003527,EXPORT,NSICT,VC202300225
CONT2023003528,IMPORT,NSICT,VC202300225
CONT2023003529,IMPORT,NSICT,VC202300225
CONT2023003530,IMPORT,NSICT,VC202300225
CONT2023003531,IMPORT,NSICT,VC202300225
CONT2023003532,EXPORT,NSICT,VC202300225
CONT2023003533,EXPORT,NSICT,VC202300225
CONT2023003534,IMPORT,NSICT,VC202300225
CONT2023003535,EXPORT,NSICT,VC202300225
CONT2023003536,EXPORT,NSICT,VC202300225
CONT2023003537,EXPORT,GTI,VC202300226
CONT2023003538,IMPORT,GTI,VC202300226
CONT2023003539,EXPORT,GTI,VC202300226
CONT2023003540,EXPORT,GTI,VC202300226
CONT2023003541,EXPORT,GTI,VC202300226
CONT2023003542,EXPORT,GTI,VC202300226
CONT2023003543,EXPORT,GTI,VC202300226
CONT2023003544,IMPORT,GTI,VC202300226
CONT2023003545,IMPORT,GTI,VC202300226
CONT2023003546,EXPORT,GTI,VC202300226
CONT2023003547,EXPORT,GTI,VC202300226
CONT2023003548,EXPORT,GTI,VC202300226
CONT2023003549,EXPORT,GTI,VC202300226
CONT2023003550,IMPORT,GTI,VC202300226
CONT2023003551,IMPORT,GTI,VC202300226
CONT2023003552,EXPORT,GTI,VC202300226
CONT2023003553,IMPORT,GTI,VC202300226
CONT2023003554,IMPORT,GTI,VC202300226
CONT2023003555,IMPORT,NSFT,VC202300227
CONT2023003556,EXPORT,NSFT,VC202300227
CONT2023003557,EXPORT,NSFT,VC202300227
CONT2023003558,EXPORT,NSFT,VC202300227
CONT2023003559,IMPORT,NSFT,VC202300227
CONT2023003560,EXPORT,NSFT,VC202300227
CONT2023003561,IMPORT,NSFT,VC202300227
CONT2023003562,IMPORT,NSFT,VC202300227
CONT2023003563,IMPORT,NSFT,VC202300227
CONT2023003564,EXPORT,NSFT,VC202300227
CONT2023003565,IMPORT,NSFT,VC202300227
CONT2023003566,IMPORT,NSFT,VC202300227
CONT2023003567,EXPORT,NSFT,VC202300227
CONT2023003568,IMPORT,NSFT,VC202300227
CONT2023003569,IMPORT,NSFT,VC202300227
CONT2023003570,IMPORT,NSFT,VC202300227
CONT2023003571,EXPORT,NSFT,VC202300227
CONT2023003572,EXPORT,NSFT,VC202300227
CONT2023003573,IMPORT,NSFT,VC202300227
CONT2023003574,IMPORT,NSFT,VC202300228
CONT2023003575,EXPORT,NSFT,VC202300228
CONT2023003576,IMPORT,NSFT,VC202300228
CONT2023003577,IMPORT,NSFT,VC202300228
CONT2023003578,EXPORT,NSFT,VC202300228
CONT2023003579,IMPORT,NSFT,VC202300228
CONT2023003580,EXPORT,NSFT,VC202300228
CONT2023003581,IMPORT,NSFT,VC202300228
CONT2023003582,IMPORT,NSFT,VC202300228
CONT2023003583,EXPORT,NSFT,VC202300228
CONT2023003584,EXPORT,NSFT,VC202300228
CONT2023003585,IMPORT,NSFT,VC202300228
CONT2023003586,EXPORT,NSFT,VC202300228
CONT2023003587,EXPORT,NSFT,VC202300228
CONT2023003588,EXPORT,NSFT,VC202300228
CONT2023003589,IMPORT,NSFT,VC202300228
CONT2023003590,IMPORT,NSFT,VC202300228
CONT2023003591,EXPORT,NSFT,VC202300228
CONT2023003592,IMPORT,NSFT,VC202300228
CONT2023003593,IMPORT,NSFT,VC202300228
CONT2023003594,EXPORT,NSFT,VC202300228
CONT2023003595,EXPORT,NSFT,VC202300228
CONT2023003596,EXPORT,NSFT,VC202300228
CONT2023003597,IMPORT,NSFT,VC202300228
CONT2023003598,EXPORT,NSFT,VC202300228
CONT2023003599,EXPORT,NSFT,VC202300228
CONT2023003600,EXPORT,NSFT,VC202300228
CONT2023003601,IMPORT,NSFT,VC202300228
CONT2023003602,IMPORT,NSFT,VC202300228
CONT2023003603,EXPORT,BMCT,VC202300229
CONT2023003604,EXPORT,BMCT,VC202300229
CONT2023003605,IMPORT,BMCT,VC202300229
CONT2023003606,EXPORT,BMCT,VC202300229
CONT2023003607,EXPORT,BMCT,VC202300229
CONT2023003608,EXPORT,BMCT,VC202300229
CONT2023003609,IMPORT,BMCT,VC202300229
CONT2023003610,IMPORT,BMCT,VC202300229
CONT2023003611,IMPORT,BMCT,VC202300229
CONT2023003612,IMPORT,BMCT,VC202300229
CONT2023003613,IMPORT,BMCT,VC202300229
CONT2023003614,EXPORT,BMCT,VC202300229
CONT2023003615,EXPORT,BMCT,VC202300229
CONT2023003616,IMPORT,BMCT,VC202300229
CONT2023003617,IMPORT,BMCT,VC202300229
CONT2023003618,IMPORT,BMCT,VC202300229
CONT2023003619,EXPORT,BMCT,VC202300229
CONT2023003620,IMPORT,BMCT,VC202300229
CONT2023003621,EXPORT,BMCT,VC202300229
CONT2023003622,EXPORT,BMCT,VC202300229
CONT2023003623,IMPORT,BMCT,VC202300229
CONT2023003624,IMPORT,BMCT,VC202300229
CONT2023003625,EXPORT,BMCT,VC202300229
CONT2023003626,IMPORT,BMCT,VC202300229
CONT2023003627,EXPORT,BMCT,VC202300229
CONT2023003628,EXPORT,BMCT,VC202300229
CONT2023003629,IMPORT,BMCT,VC202300229
CONT2023003630,IMPORT,NSICT,VC202300230
CONT2023003631,EXPORT,NSICT,VC202300230
CONT2023003632,EXPORT,NSICT,VC202300230
CONT2023003633,IMPORT,NSICT,VC202300230
CONT2023003634,EXPORT,NSICT,VC202300230
CONT2023003635,EXPORT,NSICT,VC202300230
CONT2023003636,EXPORT,NSICT,VC202300230
CONT2023003637,IMPORT,NSICT,VC202300230
CONT2023003638,EXPORT,NSICT,VC202300230
CONT2023003639,IMPORT,NSICT,VC202300230
CONT2023003640,IMPORT,NSICT,VC202300230
CONT2023003641,EXPORT,NSICT,VC202300230
CONT2023003642,IMPORT,NSICT,VC202300230
CONT2023003643,IMPORT,NSICT,VC202300230
CONT2023003644,IMPORT,NSIGT,VC202300231
CONT2023003645,EXPORT,NSIGT,VC202300231
CONT2023003646,EXPORT,NSIGT,VC202300231
CONT2023003647,EXPORT,NSIGT,VC202300231
CONT2023003648,EXPORT,NSIGT,VC202300231
CONT2023003649,EXPORT,NSIGT,VC202300231
CONT2023003650,IMPORT,NSIGT,VC202300231
CONT2023003651,IMPORT,NSIGT,VC202300231
CONT2023003652,EXPORT,NSIGT,VC202300231
CONT2023003653,EXPORT,NSIGT,VC202300231
CONT2023003654,IMPORT,NSIGT,VC202300231
CONT2023003655,EXPORT,NSIGT,VC202300231
CONT2023003656,EXPORT,NSIGT,VC202300231
CONT2023003657,EXPORT,NSFT,VC202300232
CONT2023003658,IMPORT,NSFT,VC202300232
CONT2023003659,EXPORT,NSFT,VC202300232
CONT2023003660,EXPORT,NSFT,VC202300232
CONT2023003661,EXPORT,NSFT,VC202300232
CONT2023003662,IMPORT,NSFT,VC202300232
CONT2023003663,EXPORT,NSFT,VC202300232
CONT2023003664,EXPORT,NSFT,VC202300232
CONT2023003665,IMPORT,NSFT,VC202300232
CONT2023003666,EXPORT,NSFT,VC202300232
CONT2023003667,IMPORT,NSFT,VC202300232
CONT2023003668,EXPORT,NSFT,VC202300232
CONT2023003669,IMPORT,NSICT,VC202300233
CONT2023003670,IMPORT,NSICT,VC202300233
CONT2023003671,EXPORT,NSICT,VC202300233
CONT2023003672,IMPORT,NSICT,VC202300233
CONT2023003673,EXPORT,NSICT,VC202300233
CONT2023003674,IMPORT,NSICT,VC202300233
CONT2023003675,IMPORT,NSICT,VC202300233
CONT2023003676,IMPORT,NSICT,VC202300233
CONT2023003677,EXPORT,NSICT,VC202300233
CONT2023003678,IMPORT,NSICT,VC202300233
CONT2023003679,EXPORT,NSICT,VC202300233
CONT2023003680,EXPORT,NSICT,VC202300233
CONT2023003681,IMPORT,NSICT,VC202300233
CONT2023003682,IMPORT,NSICT,VC202300233
CONT2023003683,EXPORT,NSICT,VC202300233
CONT2023003684,IMPORT,NSICT,VC202300233
CONT2023003685,IMPORT,NSICT,VC202300233
CONT2023003686,EXPORT,NSICT,VC202300233
CONT2023003687,EXPORT,NSICT,VC202300233
CONT2023003688,IMPORT,NSICT,VC202300233
CONT2023003689,IMPORT,NSICT,VC202300233
CONT2023003690,IMPORT,NSICT,VC202300233
CONT2023003691,EXPORT,NSICT,VC202300233
CONT2023003692,IMPORT,NSICT,VC202300233
CONT2023003693,EXPORT,GTI,VC202300234
CONT2023003694,EXPORT,GTI,VC202300234
CONT2023003695,EXPORT,GTI,VC202300234
CONT2023003696,EXPORT,GTI,VC202300234
CONT2023003697,EXPORT,GTI,VC202300234
CONT2023003698,IMPORT,GTI,VC202300234
CONT2023003699,EXPORT,GTI,VC202300234
CONT2023003700,IMPORT,GTI,VC202300234
CONT2023003701,EXPORT,GTI,VC202300234
CONT2023003702,EXPORT,GTI,VC202300234
CONT2023003703,EXPORT,GTI,VC202300234
CONT2023003704,EXPORT,GTI,VC202300234
CONT2023003705,IMPORT,GTI,VC202300234
CONT2023003706,IMPORT,GTI,VC202300234
CONT2023003707,EXPORT,GTI,VC202300234
CONT2023003708,EXPORT,GTI,VC202300234
CONT2023003709,IMPORT,GTI,VC202300235
CONT2023003710,IMPORT,GTI,VC202300235
CONT2023003711,EXPORT,GTI,VC202300235
CONT2023003712,IMPORT,GTI,VC202300235
CONT2023003713,EXPORT,GTI,VC202300235
CONT2023003714,EXPORT,GTI,VC202300235
CONT2023003715,EXPORT,GTI,VC202300235
CONT2023003716,EXPORT,GTI,VC202300235
CONT2023003717,IMPORT,GTI,VC202300235
CONT2023003718,EXPORT,GTI,VC202300235
CONT2023003719,EXPORT,GTI,VC202300235
CONT2023003720,EXPORT,GTI,VC202300235
CONT2023003721,EXPORT,GTI,VC202300235
CONT2023003722,EXPORT,GTI,VC202300235
CONT2023003723,EXPORT,GTI,VC202300235
CONT2023003724,IMPORT,GTI,VC202300235
CONT2023003725,IMPORT,GTI,VC202300235
CONT2023003726,EXPORT,GTI,VC202300235
CONT2023003727,IMPORT,GTI,VC202300235
CONT2023003728,EXPORT,GTI,VC202300235
CONT2023003729,EXPORT,GTI,VC202300235
CONT2023003730,EXPORT,GTI,VC202300235
CONT2023003731,EXPORT,GTI,VC202300235
CONT2023003732,EXPORT,GTI,VC202300235
CONT2023003733,EXPORT,GTI,VC202300235
CONT2023003734,IMPORT,GTI,VC202300235
CONT2023003735,IMPORT,GTI,VC202300235
CONT2023003736,IMPORT,GTI,VC202300235
CONT2023003737,EXPORT,GTI,VC202300235
CONT2023003738,IMPORT,GTI,VC202300235
CONT2023003739,IMPORT,GTI,VC202300235
CONT2023003740,EXPORT,GTI,VC202300235
CONT2023003741,IMPORT,GTI,VC202300235
CONT2023003742,IMPORT,GTI,VC202300235
CONT2023003743,IMPORT,GTI,VC202300235
CONT2023003744,EXPORT,GTI,VC202300235
CONT2023003745,IMPORT,GTI,VC202300235
CONT2023003746,EXPORT,GTI,VC202300235
CONT2023003747,IMPORT,GTI,VC202300235
CONT2023003748,EXPORT,GTI,VC202300235
CONT2023003749,IMPORT,GTI,VC202300235
CONT2023003750,IMPORT,GTI,VC202300235
CONT2023003751,IMPORT,GTI,VC202300235
CONT2023003752,IMPORT,GTI,VC202300235
CONT2023003753,EXPORT,GTI,VC202300235
CONT2023003754,IMPORT,GTI,VC202300235
CONT2023003755,EXPORT,GTI,VC202300235
CONT2023003756,IMPORT,GTI,VC202300235
CONT2023003757,IMPORT,GTI,VC202300235
CONT2023003758,IMPORT,GTI,VC202300235
CONT2023003759,IMPORT,GTI,VC202300235
CONT2023003760,IMPORT,GTI,VC202300235
CONT2023003761,EXPORT,GTI,VC202300235
CONT2023003762,EXPORT,GTI,VC202300236
CONT2023003763,IMPORT,GTI,VC202300236
CONT2023003764,EXPORT,GTI,VC202300236
CONT2023003765,EXPORT,GTI,VC202300236
CONT2023003766,IMPORT,GTI,VC202300236
CONT2023003767,IMPORT,GTI,VC202300236
CONT2023003768,EXPORT,GTI,VC202300236
CONT2023003769,EXPORT,GTI,VC202300236
CONT2023003770,EXPORT,GTI,VC202300236
CONT2023003771,EXPORT,GTI,VC202300236
CONT2023003772,EXPORT,GTI,VC202300236
CONT2023003773,IMPORT,GTI,VC202300236
CONT2023003774,IMPORT,GTI,VC202300236
CONT2023003775,EXPORT,NSICT,VC202300237
CONT2023003776,IMPORT,NSICT,VC202300237
CONT2023003777,EXPORT,NSICT,VC202300237
CONT2023003778,IMPORT,NSICT,VC202300237
CONT2023003779,IMPORT,NSICT,VC202300237
CONT2023003780,IMPORT,NSICT,VC202300237
CONT2023003781,EXPORT,NSICT,VC202300237
CONT2023003782,EXPORT,NSICT,VC202300237
CONT2023003783,EXPORT,NSICT,VC202300237
CONT2023003784,IMPORT,NSICT,VC202300237
CONT2023003785,EXPORT,NSICT,VC202300237
CONT2023003786,IMPORT,NSICT,VC202300237
CONT2023003787,IMPORT,NSICT,VC202300237
CONT2023003788,EXPORT,NSICT,VC202300237
CONT2023003789,IMPORT,NSICT,VC202300237
CONT2023003790,IMPORT,NSICT,VC202300237
CONT2023003791,EXPORT,NSICT,VC202300237
CONT2023003792,IMPORT,NSICT,VC202300237
CONT2023003793,IMPORT,NSICT,VC202300237
CONT2023003794,EXPORT,NSICT,VC202300237
CONT2023003795,IMPORT,NSICT,VC202300237
CONT2023003796,EXPORT,NSICT,VC202300237
CONT2023003797,EXPORT,NSICT,VC202300237
CONT2023003798,EXPORT,NSICT,VC202300237
CONT2023003799,IMPORT,NSICT,VC202300237
CONT2023003800,IMPORT,NSICT,VC202300237
CONT2023003801,EXPORT,NSICT,VC202300237
CONT2023003802,IMPORT,NSICT,VC202300237
CONT2023003803,EXPORT,NSICT,VC202300237
CONT2023003804,IMPORT,NSICT,VC202300237
CONT2023003805,EXPORT,NSICT,VC202300237
CONT2023003806,IMPORT,NSICT,VC202300237
CONT2023003807,IMPORT,NSIGT,VC202300238
CONT2023003808,IMPORT,NSIGT,VC202300238
CONT2023003809,IMPORT,NSIGT,VC202300238
CONT2023003810,EXPORT,NSIGT,VC202300238
CONT2023003811,IMPORT,NSIGT,VC202300238
CONT2023003812,IMPORT,NSIGT,VC202300238
CONT2023003813,EXPORT,NSIGT,VC202300238
CONT2023003814,EXPORT,NSIGT,VC202300238
CONT2023003815,EXPORT,NSIGT,VC202300238
CONT2023003816,EXPORT,NSIGT,VC202300238
CONT2023003817,IMPORT,NSIGT,VC202300238
CONT2023003818,EXPORT,NSIGT,VC202300238
CONT2023003819,IMPORT,NSIGT,VC202300238
CONT2023003820,IMPORT,NSIGT,VC202300238
CONT2023003821,EXPORT,NSIGT,VC202300238
CONT2023003822,IMPORT,NSIGT,VC202300238
CONT2023003823,IMPORT,NSIGT,VC202300238
CONT2023003824,EXPORT,NSIGT,VC202300238
CONT2023003825,EXPORT,NSIGT,VC202300238
CONT2023003826,EXPORT,NSIGT,VC202300238
CONT2023003827,EXPORT,NSIGT,VC202300238
CONT2023003828,EXPORT,NSIGT,VC202300238
CONT2023003829,IMPORT,NSIGT,VC202300238
CONT2023003830,EXPORT,NSIGT,VC202300238
CONT2023003831,IMPORT,NSIGT,VC202300238
CONT2023003832,IMPORT,NSIGT,VC202300238
CONT2023003833,EXPORT,NSIGT,VC202300238
CONT2023003834,IMPORT,NSIGT,VC202300238
CONT2023003835,EXPORT,NSIGT,VC202300238
CONT2023003836,IMPORT,NSIGT,VC202300238
CONT2023003837,EXPORT,NSIGT,VC202300238
CONT2023003838,IMPORT,NSIGT,VC202300238
CONT2023003839,IMPORT,NSIGT,VC202300239
CONT2023003840,EXPORT,NSIGT,VC202300239
CONT2023003841,EXPORT,NSIGT,VC202300239
CONT2023003842,EXPORT,NSIGT,VC202300239
CONT2023003843,EXPORT,NSIGT,VC202300239
CONT2023003844,EXPORT,NSIGT,VC202300239
CONT2023003845,EXPORT,NSIGT,VC202300239
CONT2023003846,IMPORT,NSIGT,VC202300239
CONT2023003847,IMPORT,NSIGT,VC202300239
CONT2023003848,IMPORT,NSIGT,VC202300239
CONT2023003849,EXPORT,NSIGT,VC202300239
CONT2023003850,IMPORT,NSIGT,VC202300239
CONT2023003851,EXPORT,NSIGT,VC202300239
CONT2023003852,EXPORT,NSIGT,VC202300239
CONT2023003853,IMPORT,NSIGT,VC202300239
CONT2023003854,IMPORT,NSIGT,VC202300239
CONT2023003855,EXPORT,NSIGT,VC202300239
CONT2023003856,IMPORT,NSIGT,VC202300239
CONT2023003857,EXPORT,NSIGT,VC202300239
CONT2023003858,IMPORT,NSIGT,VC202300239
CONT2023003859,IMPORT,NSIGT,VC202300239
CONT2023003860,EXPORT,NSIGT,VC202300239
CONT2023003861,EXPORT,NSIGT,VC202300239
CONT2023003862,EXPORT,NSIGT,VC202300239
CONT2023003863,EXPORT,NSIGT,VC202300239
CONT2023003864,EXPORT,NSIGT,VC202300239
CONT2023003865,EXPORT,NSIGT,VC202300239
CONT2023003866,IMPORT,NSIGT,VC202300239
CONT2023003867,IMPORT,NSIGT,VC202300239
CONT2023003868,IMPORT,NSIGT,VC202300239
CONT2023003869,IMPORT,NSIGT,VC202300239
CONT2023003870,EXPORT,NSIGT,VC202300240
CONT2023003871,IMPORT,NSIGT,VC202300240
CONT2023003872,IMPORT,NSIGT,VC202300240
CONT2023003873,IMPORT,NSIGT,VC202300240
CONT2023003874,EXPORT,NSIGT,VC202300240
CONT2023003875,IMPORT,NSIGT,VC202300240
CONT2023003876,EXPORT,NSIGT,VC202300240
CONT2023003877,IMPORT,NSIGT,VC202300240
CONT2023003878,IMPORT,NSIGT,VC202300240
CONT2023003879,IMPORT,NSIGT,VC202300240
CONT2023003880,IMPORT,NSIGT,VC202300240
CONT2023003881,IMPORT,NSICT,VC202300241
CONT2023003882,IMPORT,NSICT,VC202300241
CONT2023003883,EXPORT,NSICT,VC202300241
CONT2023003884,EXPORT,NSICT,VC202300241
CONT2023003885,EXPORT,NSICT,VC202300241
CONT2023003886,EXPORT,NSICT,VC202300241
CONT2023003887,IMPORT,NSICT,VC202300241
CONT2023003888,EXPORT,NSICT,VC202300241
CONT2023003889,EXPORT,NSICT,VC202300241
CONT2023003890,EXPORT,NSICT,VC202300241
CONT2023003891,EXPORT,NSICT,VC202300241
CONT2023003892,EXPORT,NSICT,VC202300241
CONT2023003893,IMPORT,NSICT,VC202300241
CONT2023003894,EXPORT,NSIGT,VC202300242
CONT2023003895,EXPORT,NSIGT,VC202300242
CONT2023003896,EXPORT,NSIGT,VC202300242
CONT2023003897,EXPORT,NSIGT,VC202300242
CONT2023003898,IMPORT,NSIGT,VC202300242
CONT2023003899,IMPORT,NSIGT,VC202300242
CONT2023003900,IMPORT,NSIGT,VC202300242
CONT2023003901,EXPORT,NSIGT,VC202300242
CONT2023003902,IMPORT,NSIGT,VC202300242
CONT2023003903,IMPORT,NSIGT,VC202300242
CONT2023003904,IMPORT,NSIGT,VC202300242
CONT2023003905,EXPORT,NSIGT,VC202300242
CONT2023003906,EXPORT,NSIGT,VC202300242
CONT2023003907,IMPORT,BMCT,VC202300243
CONT2023003908,IMPORT,BMCT,VC202300243
CONT2023003909,EXPORT,BMCT,VC202300243
CONT2023003910,IMPORT,BMCT,VC202300243
CONT2023003911,EXPORT,BMCT,VC202300243
CONT2023003912,IMPORT,BMCT,VC202300243
CONT2023003913,EXPORT,BMCT,VC202300243
CONT2023003914,EXPORT,BMCT,VC202300243
CONT2023003915,IMPORT,BMCT,VC202300243
CONT2023003916,EXPORT,BMCT,VC202300243
CONT2023003917,EXPORT,BMCT,VC202300243
CONT2023003918,EXPORT,BMCT,VC202300243
CONT2023003919,EXPORT,BMCT,VC202300243
CONT2023003920,IMPORT,BMCT,VC202300243
CONT2023003921,IMPORT,BMCT,VC202300243
CONT2023003922,IMPORT,BMCT,VC202300243
CONT2023003923,IMPORT,BMCT,VC202300243
CONT2023003924,IMPORT,BMCT,VC202300243
CONT2023003925,EXPORT,BMCT,VC202300243
CONT2023003926,IMPORT,BMCT,VC202300243
CONT2023003927,IMPORT,BMCT,VC202300243
CONT2023003928,IMPORT,BMCT,VC202300243
CONT2023003929,EXPORT,BMCT,VC202300243
CONT2023003930,IMPORT,BMCT,VC202300243
CONT2023003931,IMPORT,BMCT,VC202300243
CONT2023003932,IMPORT,BMCT,VC202300243
CONT2023003933,IMPORT,BMCT,VC202300243
CONT2023003934,EXPORT,BMCT,VC202300243
CONT2023003935,EXPORT,BMCT,VC202300243
CONT2023003936,IMPORT,BMCT,VC202300243
CONT2023003937,EXPORT,BMCT,VC202300243
CONT2023003938,IMPORT,NSFT,VC202300244
CONT2023003939,IMPORT,NSFT,VC202300244
CONT2023003940,EXPORT,NSFT,VC202300244
CONT2023003941,IMPORT,NSFT,VC202300244
CONT2023003942,IMPORT,NSFT,VC202300244
CONT2023003943,EXPORT,NSFT,VC202300244
CONT2023003944,EXPORT,NSFT,VC202300244
CONT2023003945,EXPORT,NSFT,VC202300244
CONT2023003946,EXPORT,NSFT,VC202300244
CONT2023003947,IMPORT,NSFT,VC202300244
CONT2023003948,IMPORT,NSFT,VC202300244
CONT2023003949,IMPORT,NSICT,VC202300245
CONT2023003950,IMPORT,NSICT,VC202300245
CONT2023003951,IMPORT,NSICT,VC202300245
CONT2023003952,EXPORT,NSICT,VC202300245
CONT2023003953,EXPORT,NSICT,VC202300245
CONT2023003954,IMPORT,NSICT,VC202300245
CONT2023003955,IMPORT,NSICT,VC202300245
CONT2023003956,EXPORT,NSICT,VC202300245
CONT2023003957,EXPORT,NSICT,VC202300245
CONT2023003958,EXPORT,NSICT,VC202300245
CONT2023003959,EXPORT,GTI,VC202300246
CONT2023003960,IMPORT,GTI,VC202300246
CONT2023003961,IMPORT,GTI,VC202300246
CONT2023003962,IMPORT,GTI,VC202300246
CONT2023003963,IMPORT,GTI,VC202300246
CONT2023003964,EXPORT,GTI,VC202300246
CONT2023003965,IMPORT,GTI,VC202300246
CONT2023003966,IMPORT,GTI,VC202300246
CONT2023003967,EXPORT,GTI,VC202300246
CONT2023003968,EXPORT,GTI,VC202300246
CONT2023003969,EXPORT,GTI,VC202300246
CONT2023003970,IMPORT,GTI,VC202300246
CONT2023003971,IMPORT,GTI,VC202300246
CONT2023003972,EXPORT,GTI,VC202300246
CONT2023003973,IMPORT,GTI,VC202300246
CONT2023003974,IMPORT,GTI,VC202300246
CONT2023003975,IMPORT,GTI,VC202300246
CONT2023003976,IMPORT,GTI,VC202300246
CONT2023003977,IMPORT,GTI,VC202300246
CONT2023003978,IMPORT,GTI,VC202300246
CONT2023003979,EXPORT,BMCT,VC202300247
CONT2023003980,EXPORT,BMCT,VC202300247
CONT2023003981,IMPORT,BMCT,VC202300247
CONT2023003982,EXPORT,BMCT,VC202300247
CONT2023003983,IMPORT,BMCT,VC202300247
CONT2023003984,IMPORT,BMCT,VC202300247
CONT2023003985,IMPORT,BMCT,VC202300247
CONT2023003986,EXPORT,GTI,VC202300248
CONT2023003987,EXPORT,GTI,VC202300248
CONT2023003988,IMPORT,GTI,VC202300248
CONT2023003989,IMPORT,GTI,VC202300248
CONT2023003990,IMPORT,GTI,VC202300248
CONT2023003991,EXPORT,GTI,VC202300248
CONT2023003992,IMPORT,GTI,VC202300248
CONT2023003993,EXPORT,GTI,VC202300248
CONT2023003994,IMPORT,GTI,VC202300248
CONT2023003995,EXPORT,GTI,VC202300248
CONT2023003996,IMPORT,GTI,VC202300248
CONT2023003997,EXPORT,GTI,VC202300248
CONT2023003998,EXPORT,GTI,VC202300248
CONT2023003999,IMPORT,GTI,VC202300248
CONT2023004000,IMPORT,GTI,VC202300248
CONT2023004001,IMPORT,GTI,VC202300248
CONT2023004002,EXPORT,GTI,VC202300248
CONT2023004003,IMPORT,GTI,VC202300248
CONT2023004004,EXPORT,GTI,VC202300248
CONT2023004005,IMPORT,GTI,VC202300248
CONT2023004006,IMPORT,GTI,VC202300248
CONT2023004007,EXPORT,NSICT,VC202300249
CONT2023004008,EXPORT,NSICT,VC202300249
CONT2023004009,EXPORT,NSICT,VC202300249
CONT2023004010,EXPORT,NSICT,VC202300249
CONT2023004011,IMPORT,NSICT,VC202300249
CONT2023004012,EXPORT,NSICT,VC202300249
CONT2023004013,EXPORT,NSICT,VC202300249
CONT2023004014,IMPORT,GTI,VC202300250
CONT2023004015,EXPORT,GTI,VC202300250
CONT2023004016,IMPORT,GTI,VC202300250
CONT2023004017,EXPORT,GTI,VC202300250
CONT2023004018,IMPORT,GTI,VC202300250
CONT2023004019,IMPORT,GTI,VC202300250
CONT2023004020,IMPORT,GTI,VC202300250
CONT2023004021,EXPORT,GTI,VC202300250
CONT2023004022,IMPORT,GTI,VC202300250
CONT2023004023,IMPORT,GTI,VC202300250
CONT2023004024,EXPORT,GTI,VC202300250
CONT2023004025,IMPORT,NSIGT,VC202300251
CONT2023004026,EXPORT,NSIGT,VC202300251
CONT2023004027,EXPORT,NSIGT,VC202300251
CONT2023004028,IMPORT,NSIGT,VC202300251
CONT2023004029,IMPORT,NSIGT,VC202300251
CONT2023004030,IMPORT,NSIGT,VC202300251
CONT2023004031,EXPORT,NSIGT,VC202300251
CONT2023004032,EXPORT,NSIGT,VC202300251
CONT2023004033,EXPORT,NSIGT,VC202300251
CONT2023004034,EXPORT,NSIGT,VC202300251
CONT2023004035,EXPORT,NSIGT,VC202300251
CONT2023004036,EXPORT,NSIGT,VC202300251
CONT2023004037,IMPORT,NSIGT,VC202300251
CONT2023004038,EXPORT,NSIGT,VC202300251
CONT2023004039,IMPORT,NSIGT,VC202300251
CONT2023004040,EXPORT,NSIGT,VC202300251
CONT2023004041,IMPORT,NSIGT,VC202300251
CONT2023004042,IMPORT,NSIGT,VC202300251
CONT2023004043,EXPORT,NSIGT,VC202300251
CONT2023004044,EXPORT,NSIGT,VC202300251
CONT2023004045,EXPORT,NSIGT,VC202300251
CONT2023004046,IMPORT,NSIGT,VC202300251
CONT2023004047,IMPORT,NSIGT,VC202300251
CONT2023004048,EXPORT,NSIGT,VC202300251
CONT2023004049,IMPORT,NSIGT,VC202300251
CONT2023004050,EXPORT,NSIGT,VC202300251
CONT2023004051,IMPORT,GTI,VC202300252
CONT2023004052,IMPORT,GTI,VC202300252
CONT2023004053,IMPORT,GTI,VC202300252
CONT2023004054,EXPORT,GTI,VC202300252
CONT2023004055,EXPORT,GTI,VC202300252
CONT2023004056,EXPORT,GTI,VC202300252
CONT2023004057,EXPORT,GTI,VC202300252
CONT2023004058,IMPORT,GTI,VC202300252
CONT2023004059,IMPORT,GTI,VC202300252
CONT2023004060,EXPORT,GTI,VC202300252
CONT2023004061,EXPORT,BMCT,VC202300253
CONT2023004062,IMPORT,BMCT,VC202300253
CONT2023004063,EXPORT,BMCT,VC202300253
CONT2023004064,IMPORT,BMCT,VC202300253
CONT2023004065,EXPORT,BMCT,VC202300253
CONT2023004066,IMPORT,BMCT,VC202300253
CONT2023004067,EXPORT,BMCT,VC202300253
CONT2023004068,EXPORT,BMCT,VC202300253
CONT2023004069,IMPORT,BMCT,VC202300253
CONT2023004070,EXPORT,BMCT,VC202300253
CONT2023004071,EXPORT,BMCT,VC202300253
CONT2023004072,EXPORT,BMCT,VC202300253
CONT2023004073,EXPORT,BMCT,VC202300253
CONT2023004074,EXPORT,BMCT,VC202300253
CONT2023004075,EXPORT,BMCT,VC202300253
CONT2023004076,IMPORT,BMCT,VC202300253
CONT2023004077,EXPORT,BMCT,VC202300254
CONT2023004078,EXPORT,BMCT,VC202300254
CONT2023004079,IMPORT,BMCT,VC202300254
CONT2023004080,IMPORT,BMCT,VC202300254
CONT2023004081,IMPORT,BMCT,VC202300254
CONT2023004082,IMPORT,BMCT,VC202300254
CONT2023004083,EXPORT,BMCT,VC202300254
CONT2023004084,IMPORT,BMCT,VC202300254
CONT2023004085,IMPORT,BMCT,VC202300254
CONT2023004086,EXPORT,BMCT,VC202300254
CONT2023004087,IMPORT,BMCT,VC202300254
CONT2023004088,EXPORT,BMCT,VC202300254
CONT2023004089,EXPORT,BMCT,VC202300254
CONT2023004090,IMPORT,BMCT,VC202300254
CONT2023004091,IMPORT,BMCT,VC202300254
CONT2023004092,IMPORT,BMCT,VC202300254
CONT2023004093,EXPORT,BMCT,VC202300254
CONT2023004094,EXPORT,BMCT,VC202300254
CONT2023004095,IMPORT,BMCT,VC202300254
CONT2023004096,EXPORT,BMCT,VC202300254
CONT2023004097,EXPORT,BMCT,VC202300254
CONT2023004098,IMPORT,BMCT,VC202300254
CONT2023004099,EXPORT,BMCT,VC202300254
CONT2023004100,EXPORT,BMCT,VC202300254
CONT2023004101,IMPORT,BMCT,VC202300254
CONT2023004102,EXPORT,BMCT,VC202300254
CONT2023004103,EXPORT,BMCT,VC202300254
CONT2023004104,IMPORT,NSFT,VC202300255
CONT2023004105,EXPORT,NSFT,VC202300255
CONT2023004106,EXPORT,NSFT,VC202300255
CONT2023004107,EXPORT,NSFT,VC202300255
CONT2023004108,IMPORT,NSFT,VC202300255
CONT2023004109,EXPORT,NSFT,VC202300255
CONT2023004110,EXPORT,NSFT,VC202300255
CONT2023004111,EXPORT,GTI,VC202300256
CONT2023004112,EXPORT,GTI,VC202300256
CONT2023004113,EXPORT,GTI,VC202300256
CONT2023004114,IMPORT,GTI,VC202300256
CONT2023004115,EXPORT,GTI,VC202300256
CONT2023004116,EXPORT,GTI,VC202300256
CONT2023004117,EXPORT,GTI,VC202300256
CONT2023004118,IMPORT,GTI,VC202300256
CONT2023004119,EXPORT,GTI,VC202300256
CONT2023004120,IMPORT,GTI,VC202300256
CONT2023004121,IMPORT,GTI,VC202300256
CONT2023004122,EXPORT,GTI,VC202300256
CONT2023004123,IMPORT,GTI,VC202300256
CONT2023004124,EXPORT,GTI,VC202300256
CONT2023004125,IMPORT,GTI,VC202300256
CONT2023004126,IMPORT,NSICT,VC202300257
CONT2023004127,EXPORT,NSICT,VC202300257
CONT2023004128,EXPORT,NSICT,VC202300257
CONT2023004129,EXPORT,NSICT,VC202300257
CONT2023004130,IMPORT,NSICT,VC202300257
CONT2023004131,EXPORT,NSICT,VC202300257
CONT2023004132,EXPORT,NSICT,VC202300257
CONT2023004133,IMPORT,NSICT,VC202300257
CONT2023004134,IMPORT,NSICT,VC202300257
CONT2023004135,IMPORT,NSICT,VC202300257
CONT2023004136,IMPORT,NSICT,VC202300257
CONT2023004137,IMPORT,NSICT,VC202300257
CONT2023004138,EXPORT,NSICT,VC202300257
CONT2023004139,EXPORT,NSICT,VC202300257
CONT2023004140,EXPORT,NSICT,VC202300257
CONT2023004141,IMPORT,NSICT,VC202300257
CONT2023004142,IMPORT,NSICT,VC202300257
CONT2023004143,EXPORT,NSICT,VC202300257
CONT2023004144,EXPORT,NSICT,VC202300257
CONT2023004145,IMPORT,NSICT,VC202300257
CONT2023004146,IMPORT,BMCT,VC202300258
CONT2023004147,EXPORT,BMCT,VC202300258
CONT2023004148,IMPORT,BMCT,VC202300258
CONT2023004149,IMPORT,BMCT,VC202300258
CONT2023004150,EXPORT,BMCT,VC202300258
CONT2023004151,EXPORT,BMCT,VC202300258
CONT2023004152,IMPORT,NSICT,VC202300259
CONT2023004153,IMPORT,NSICT,VC202300259
CONT2023004154,EXPORT,NSICT,VC202300259
CONT2023004155,EXPORT,NSICT,VC202300259
CONT2023004156,IMPORT,NSICT,VC202300259
CONT2023004157,EXPORT,NSICT,VC202300259
CONT2023004158,EXPORT,NSICT,VC202300259
CONT2023004159,IMPORT,NSICT,VC202300259
CONT2023004160,EXPORT,GTI,VC202300260
CONT2023004161,IMPORT,GTI,VC202300260
CONT2023004162,EXPORT,GTI,VC202300260
CONT2023004163,IMPORT,GTI,VC202300260
CONT2023004164,IMPORT,GTI,VC202300260
CONT2023004165,EXPORT,GTI,VC202300260
CONT2023004166,IMPORT,GTI,VC202300260
CONT2023004167,IMPORT,GTI,VC202300260
CONT2023004168,IMPORT,GTI,VC202300260
CONT2023004169,EXPORT,GTI,VC202300260
CONT2023004170,IMPORT,GTI,VC202300260
CONT2023004171,EXPORT,GTI,VC202300260
CONT2023004172,EXPORT,GTI,VC202300260
CONT2023004173,IMPORT,GTI,VC202300260
CONT2023004174,IMPORT,GTI,VC202300260
CONT2023004175,IMPORT,GTI,VC202300260
CONT2023004176,EXPORT,GTI,VC202300260
CONT2023004177,EXPORT,GTI,VC202300260
CONT2023004178,EXPORT,GTI,VC202300260
CONT2023004179,IMPORT,GTI,VC202300260
CONT2023004180,IMPORT,GTI,VC202300260
CONT2023004181,EXPORT,GTI,VC202300260
CONT2023004182,EXPORT,GTI,VC202300260
CONT2023004183,IMPORT,GTI,VC202300260
CONT2023004184,EXPORT,GTI,VC202300260
CONT2023004185,EXPORT,GTI,VC202300260
CONT2023004186,EXPORT,GTI,VC202300260
CONT2023004187,EXPORT,GTI,VC202300260
CONT2023004188,IMPORT,GTI,VC202300260
CONT2023004189,IMPORT,GTI,VC202300260
CONT2023004190,IMPORT,GTI,VC202300260
CONT2023004191,IMPORT,GTI,VC202300260
CONT2023004192,IMPORT,GTI,VC202300260
CONT2023004193,EXPORT,NSFT,VC202300261
CONT2023004194,IMPORT,NSFT,VC202300261
CONT2023004195,IMPORT,NSFT,VC202300261
CONT2023004196,IMPORT,NSFT,VC202300261
CONT2023004197,IMPORT,NSFT,VC202300261
CONT2023004198,IMPORT,NSFT,VC202300261
CONT2023004199,EXPORT,NSFT,VC202300261
CONT2023004200,IMPORT,NSFT,VC202300262
CONT2023004201,IMPORT,NSFT,VC202300262
CONT2023004202,IMPORT,NSFT,VC202300262
CONT2023004203,IMPORT,NSFT,VC202300262
CONT2023004204,EXPORT,NSFT,VC202300262
CONT2023004205,IMPORT,NSFT,VC202300262
CONT2023004206,IMPORT,NSFT,VC202300262
CONT2023004207,EXPORT,NSFT,VC202300262
CONT2023004208,IMPORT,NSFT,VC202300262
CONT2023004209,EXPORT,NSFT,VC202300262
CONT2023004210,IMPORT,NSFT,VC202300262
CONT2023004211,EXPORT,NSIGT,VC202300263
CONT2023004212,EXPORT,NSIGT,VC202300263
CONT2023004213,IMPORT,NSIGT,VC202300263
CONT2023004214,IMPORT,NSIGT,VC202300263
CONT2023004215,EXPORT,NSIGT,VC202300263
CONT2023004216,EXPORT,NSIGT,VC202300263
CONT2023004217,EXPORT,NSFT,VC202300264
CONT2023004218,EXPORT,NSFT,VC202300264
CONT2023004219,IMPORT,NSFT,VC202300264
CONT2023004220,EXPORT,NSFT,VC202300264
CONT2023004221,IMPORT,NSFT,VC202300264
CONT2023004222,IMPORT,NSFT,VC202300264
CONT2023004223,IMPORT,NSFT,VC202300264
CONT2023004224,EXPORT,NSFT,VC202300264
CONT2023004225,IMPORT,NSFT,VC202300264
CONT2023004226,EXPORT,BMCT,VC202300265
CONT2023004227,IMPORT,BMCT,VC202300265
CONT2023004228,EXPORT,BMCT,VC202300265
CONT2023004229,IMPORT,BMCT,VC202300265
CONT2023004230,IMPORT,BMCT,VC202300265
CONT2023004231,EXPORT,BMCT,VC202300265
CONT2023004232,EXPORT,BMCT,VC202300265
CONT2023004233,IMPORT,BMCT,VC202300265
CONT2023004234,EXPORT,BMCT,VC202300265
CONT2023004235,EXPORT,BMCT,VC202300265
CONT2023004236,EXPORT,BMCT,VC202300265
CONT2023004237,EXPORT,BMCT,VC202300265
CONT2023004238,IMPORT,BMCT,VC202300265
CONT2023004239,EXPORT,BMCT,VC202300265
CONT2023004240,IMPORT,BMCT,VC202300265
CONT2023004241,EXPORT,BMCT,VC202300265
CONT2023004242,EXPORT,BMCT,VC202300265
CONT2023004243,IMPORT,BMCT,VC202300265
CONT2023004244,EXPORT,BMCT,VC202300265
CONT2023004245,EXPORT,BMCT,VC202300265
CONT2023004246,IMPORT,BMCT,VC202300265
CONT2023004247,IMPORT,NSFT,VC202300266
CONT2023004248,IMPORT,NSFT,VC202300266
CONT2023004249,IMPORT,NSFT,VC202300266
CONT2023004250,IMPORT,NSFT,VC202300266
CONT2023004251,IMPORT,NSFT,VC202300266
CONT2023004252,IMPORT,NSFT,VC202300266
CONT2023004253,IMPORT,NSFT,VC202300266
CONT2023004254,EXPORT,NSFT,VC202300266
CONT2023004255,EXPORT,NSFT,VC202300266
CONT2023004256,IMPORT,NSFT,VC202300266
CONT2023004257,EXPORT,NSFT,VC202300266
CONT2023004258,EXPORT,NSFT,VC202300266
CONT2023004259,EXPORT,NSFT,VC202300266
CONT2023004260,EXPORT,NSFT,VC202300266
CONT2023004261,EXPORT,NSFT,VC202300266
CONT2023004262,EXPORT,NSFT,VC202300266
CONT2023004263,IMPORT,NSFT,VC202300266
CONT2023004264,IMPORT,NSFT,VC202300266
CONT2023004265,EXPORT,NSFT,VC202300266
CONT2023004266,EXPORT,NSFT,VC202300266
CONT2023004267,EXPORT,NSFT,VC202300266
CONT2023004268,IMPORT,NSFT,VC202300266
CONT2023004269,EXPORT,NSFT,VC202300266
CONT2023004270,EXPORT,BMCT,VC202300267
CONT2023004271,IMPORT,BMCT,VC202300267
CONT2023004272,EXPORT,BMCT,VC202300267
CONT2023004273,IMPORT,BMCT,VC202300267
CONT2023004274,IMPORT,BMCT,VC202300267
CONT2023004275,EXPORT,BMCT,VC202300267
CONT2023004276,EXPORT,BMCT,VC202300267
CONT2023004277,EXPORT,BMCT,VC202300267
CONT2023004278,EXPORT,BMCT,VC202300267
CONT2023004279,EXPORT,BMCT,VC202300267
CONT2023004280,IMPORT,BMCT,VC202300267
CONT2023004281,IMPORT,BMCT,VC202300267
CONT2023004282,IMPORT,BMCT,VC202300267
CONT2023004283,IMPORT,BMCT,VC202300267
CONT2023004284,IMPORT,BMCT,VC202300267
CONT2023004285,EXPORT,BMCT,VC202300267
CONT2023004286,EXPORT,BMCT,VC202300267
CONT2023004287,EXPORT,BMCT,VC202300267
CONT2023004288,EXPORT,BMCT,VC202300267
CONT2023004289,EXPORT,BMCT,VC202300267
CONT2023004290,EXPORT,BMCT,VC202300267
CONT2023004291,IMPORT,GTI,VC202300268
CONT2023004292,EXPORT,GTI,VC202300268
CONT2023004293,IMPORT,GTI,VC202300268
CONT2023004294,EXPORT,GTI,VC202300268
CONT2023004295,IMPORT,GTI,VC202300268
CONT2023004296,EXPORT,GTI,VC202300268
CONT2023004297,EXPORT,GTI,VC202300268
CONT2023004298,EXPORT,GTI,VC202300268
CONT2023004299,IMPORT,GTI,VC202300268
CONT2023004300,IMPORT,GTI,VC202300268
CONT2023004301,IMPORT,GTI,VC202300268
CONT2023004302,EXPORT,GTI,VC202300268
CONT2023004303,IMPORT,GTI,VC202300268
CONT2023004304,IMPORT,NSIGT,VC202300269
CONT2023004305,EXPORT,NSIGT,VC202300269
CONT2023004306,EXPORT,NSIGT,VC202300269
CONT2023004307,IMPORT,NSIGT,VC202300269
CONT2023004308,IMPORT,NSIGT,VC202300269
CONT2023004309,EXPORT,NSIGT,VC202300269
CONT2023004310,IMPORT,NSIGT,VC202300269
CONT2023004311,EXPORT,NSIGT,VC202300269
CONT2023004312,EXPORT,NSIGT,VC202300270
CONT2023004313,IMPORT,NSIGT,VC202300270
CONT2023004314,EXPORT,NSIGT,VC202300270
CONT2023004315,IMPORT,NSIGT,VC202300270
CONT2023004316,IMPORT,NSIGT,VC202300270
CONT2023004317,IMPORT,NSIGT,VC202300270
CONT2023004318,EXPORT,NSIGT,VC202300270
CONT2023004319,EXPORT,NSIGT,VC202300270
CONT2023004320,IMPORT,NSIGT,VC202300270
CONT2023004321,EXPORT,NSIGT,VC202300270
CONT2023004322,IMPORT,NSIGT,VC202300270
CONT2023004323,IMPORT,NSIGT,VC202300270
CONT2023004324,EXPORT,NSIGT,VC202300270
CONT2023004325,IMPORT,NSIGT,VC202300270
CONT2023004326,EXPORT,NSIGT,VC202300270
CONT2023004327,EXPORT,NSIGT,VC202300270
CONT2023004328,IMPORT,NSIGT,VC202300270
CONT2023004329,EXPORT,NSFT,VC202300271
CONT2023004330,IMPORT,NSFT,VC202300271
CONT2023004331,IMPORT,NSFT,VC202300271
CONT2023004332,IMPORT,NSFT,VC202300271
CONT2023004333,EXPORT,NSFT,VC202300271
CONT2023004334,IMPORT,NSFT,VC202300271
CONT2023004335,IMPORT,NSFT,VC202300271
CONT2023004336,IMPORT,NSFT,VC202300271
CONT2023004337,IMPORT,NSFT,VC202300271
CONT2023004338,EXPORT,NSFT,VC202300271
CONT2023004339,IMPORT,NSFT,VC202300271
CONT2023004340,EXPORT,NSICT,VC202300272
CONT2023004341,IMPORT,NSICT,VC202300272
CONT2023004342,IMPORT,NSICT,VC202300272
CONT2023004343,IMPORT,NSICT,VC202300272
CONT2023004344,EXPORT,NSICT,VC202300272
CONT2023004345,EXPORT,NSICT,VC202300272
CONT2023004346,IMPORT,GTI,VC202300273
CONT2023004347,EXPORT,GTI,VC202300273
CONT2023004348,IMPORT,GTI,VC202300273
CONT2023004349,EXPORT,GTI,VC202300273
CONT2023004350,EXPORT,GTI,VC202300273
CONT2023004351,EXPORT,GTI,VC202300273
CONT2023004352,IMPORT,GTI,VC202300273
CONT2023004353,EXPORT,GTI,VC202300273
CONT2023004354,IMPORT,GTI,VC202300273
CONT2023004355,EXPORT,GTI,VC202300273
CONT2023004356,EXPORT,GTI,VC202300273
CONT2023004357,EXPORT,GTI,VC202300273
CONT2023004358,IMPORT,GTI,VC202300273
CONT2023004359,IMPORT,GTI,VC202300273
CONT2023004360,EXPORT,NSIGT,VC202300274
CONT2023004361,EXPORT,NSIGT,VC202300274
CONT2023004362,IMPORT,NSIGT,VC202300274
CONT2023004363,IMPORT,NSIGT,VC202300274
CONT2023004364,EXPORT,NSIGT,VC202300274
CONT2023004365,EXPORT,NSIGT,VC202300274
CONT2023004366,EXPORT,NSIGT,VC202300274
CONT2023004367,IMPORT,NSIGT,VC202300274
CONT2023004368,IMPORT,NSIGT,VC202300274
CONT2023004369,IMPORT,NSIGT,VC202300274
CONT2023004370,IMPORT,NSIGT,VC202300274
CONT2023004371,IMPORT,NSIGT,VC202300274
CONT2023004372,IMPORT,NSIGT,VC202300274
CONT2023004373,IMPORT,NSIGT,VC202300274
CONT2023004374,IMPORT,NSIGT,VC202300274
CONT2023004375,EXPORT,NSIGT,VC202300274
CONT2023004376,EXPORT,NSIGT,VC202300274
CONT2023004377,IMPORT,NSIGT,VC202300274
CONT2023004378,IMPORT,NSIGT,VC202300274
CONT2023004379,IMPORT,NSIGT,VC202300274
CONT2023004380,IMPORT,NSIGT,VC202300274
CONT2023004381,EXPORT,NSIGT,VC202300274
CONT2023004382,IMPORT,NSIGT,VC202300274
CONT2023004383,IMPORT,NSIGT,VC202300274
CONT2023004384,EXPORT,NSIGT,VC202300274
CONT2023004385,IMPORT,NSIGT,VC202300274
CONT2023004386,IMPORT,NSIGT,VC202300274
CONT2023004387,IMPORT,GTI,VC202300275
CONT2023004388,EXPORT,GTI,VC202300275
CONT2023004389,IMPORT,GTI,VC202300275
CONT2023004390,IMPORT,GTI,VC202300275
CONT2023004391,EXPORT,GTI,VC202300275
CONT2023004392,IMPORT,GTI,VC202300275
CONT2023004393,IMPORT,GTI,VC202300275
CONT2023004394,IMPORT,GTI,VC202300275
CONT2023004395,EXPORT,GTI,VC202300275
CONT2023004396,EXPORT,GTI,VC202300275
CONT2023004397,EXPORT,GTI,VC202300275
CONT2023004398,IMPORT,GTI,VC202300275
CONT2023004399,IMPORT,GTI,VC202300275
CONT2023004400,EXPORT,GTI,VC202300275
CONT2023004401,EXPORT,GTI,VC202300275
CONT2023004402,EXPORT,GTI,VC202300275
CONT2023004403,EXPORT,GTI,VC202300275
CONT2023004404,IMPORT,GTI,VC202300275
CONT2023004405,IMPORT,GTI,VC202300275
CONT2023004406,IMPORT,GTI,VC202300275
CONT2023004407,EXPORT,GTI,VC202300275
CONT2023004408,EXPORT,GTI,VC202300275
CONT2023004409,EXPORT,GTI,VC202300275
CONT2023004410,IMPORT,GTI,VC202300275
CONT2023004411,EXPORT,GTI,VC202300275
CONT2023004412,EXPORT,BMCT,VC202300276
CONT2023004413,IMPORT,BMCT,VC202300276
CONT2023004414,IMPORT,BMCT,VC202300276
CONT2023004415,IMPORT,BMCT,VC202300276
CONT2023004416,EXPORT,BMCT,VC202300276
CONT2023004417,EXPORT,BMCT,VC202300276
CONT2023004418,EXPORT,BMCT,VC202300276
CONT2023004419,IMPORT,BMCT,VC202300276
CONT2023004420,IMPORT,BMCT,VC202300276
CONT2023004421,EXPORT,BMCT,VC202300276
CONT2023004422,IMPORT,BMCT,VC202300276
CONT2023004423,IMPORT,BMCT,VC202300276
CONT2023004424,EXPORT,BMCT,VC202300276
CONT2023004425,EXPORT,BMCT,VC202300276
CONT2023004426,IMPORT,BMCT,VC202300276
CONT2023004427,IMPORT,BMCT,VC202300276
CONT2023004428,IMPORT,BMCT,VC202300276
CONT2023004429,EXPORT,BMCT,VC202300276
CONT2023004430,EXPORT,BMCT,VC202300276
CONT2023004431,EXPORT,BMCT,VC202300276
CONT2023004432,IMPORT,BMCT,VC202300276
CONT2023004433,IMPORT,BMCT,VC202300276
CONT2023004434,IMPORT,BMCT,VC202300276
CONT2023004435,IMPORT,BMCT,VC202300276
CONT2023004436,EXPORT,BMCT,VC202300276
CONT2023004437,IMPORT,BMCT,VC202300276
CONT2023004438,EXPORT,NSICT,VC202300277
CONT2023004439,EXPORT,NSICT,VC202300277
CONT2023004440,IMPORT,NSICT,VC202300277
CONT2023004441,IMPORT,NSICT,VC202300277
CONT2023004442,EXPORT,NSICT,VC202300277
CONT2023004443,IMPORT,NSICT,VC202300277
CONT2023004444,EXPORT,NSICT,VC202300277
CONT2023004445,IMPORT,NSICT,VC202300277
CONT2023004446,IMPORT,NSICT,VC202300277
CONT2023004447,EXPORT,NSICT,VC202300277
CONT2023004448,EXPORT,NSICT,VC202300277
CONT2023004449,EXPORT,NSICT,VC202300277
CONT2023004450,IMPORT,NSICT,VC202300277
CONT2023004451,IMPORT,NSICT,VC202300277
CONT2023004452,IMPORT,NSICT,VC202300277
CONT2023004453,IMPORT,NSICT,VC202300277
CONT2023004454,IMPORT,NSIGT,VC202300278
CONT2023004455,IMPORT,NSIGT,VC202300278
CONT2023004456,IMPORT,NSIGT,VC202300278
CONT2023004457,EXPORT,NSIGT,VC202300278
CONT2023004458,EXPORT,NSIGT,VC202300278
CONT2023004459,IMPORT,NSIGT,VC202300278
CONT2023004460,IMPORT,NSIGT,VC202300278
CONT2023004461,EXPORT,NSIGT,VC202300278
CONT2023004462,IMPORT,NSIGT,VC202300279
CONT2023004463,EXPORT,NSIGT,VC202300279
CONT2023004464,IMPORT,NSIGT,VC202300279
CONT2023004465,EXPORT,NSIGT,VC202300279
CONT2023004466,EXPORT,NSIGT,VC202300279
CONT2023004467,IMPORT,NSIGT,VC202300279
CONT2023004468,EXPORT,NSIGT,VC202300279
CONT2023004469,IMPORT,NSIGT,VC202300279
CONT2023004470,IMPORT,NSIGT,VC202300279
CONT2023004471,EXPORT,NSIGT,VC202300279
CONT2023004472,EXPORT,NSIGT,VC202300279
CONT2023004473,EXPORT,NSIGT,VC202300279
CONT2023004474,EXPORT,NSIGT,VC202300279
CONT2023004475,IMPORT,NSIGT,VC202300279
CONT2023004476,IMPORT,NSIGT,VC202300279
CONT2023004477,IMPORT,NSIGT,VC202300279
CONT2023004478,IMPORT,NSIGT,VC202300279
CONT2023004479,EXPORT,NSIGT,VC202300279
CONT2023004480,IMPORT,NSIGT,VC202300279
CONT2023004481,EXPORT,NSFT,VC202300280
CONT2023004482,IMPORT,NSFT,VC202300280
CONT2023004483,IMPORT,NSFT,VC202300280
CONT2023004484,IMPORT,NSFT,VC202300280
CONT2023004485,EXPORT,NSFT,VC202300280
CONT2023004486,EXPORT,NSFT,VC202300280
CONT2023004487,EXPORT,NSFT,VC202300280
CONT2023004488,IMPORT,NSFT,VC202300280
CONT2023004489,IMPORT,NSFT,VC202300280
CONT2023004490,IMPORT,NSFT,VC202300280
CONT2023004491,IMPORT,NSFT,VC202300280
CONT2023004492,IMPORT,NSFT,VC202300280
CONT2023004493,EXPORT,NSFT,VC202300280
CONT2023004494,EXPORT,NSFT,VC202300280
CONT2023004495,IMPORT,NSFT,VC202300280
CONT2023004496,IMPORT,GTI,VC202300281
CONT2023004497,EXPORT,GTI,VC202300281
CONT2023004498,IMPORT,GTI,VC202300281
CONT2023004499,EXPORT,GTI,VC202300281
CONT2023004500,EXPORT,GTI,VC202300281
CONT2023004501,IMPORT,GTI,VC202300281
CONT2023004502,IMPORT,GTI,VC202300281
CONT2023004503,IMPORT,GTI,VC202300281
CONT2023004504,IMPORT,GTI,VC202300281
CONT2023004505,EXPORT,GTI,VC202300281
CONT2023004506,EXPORT,GTI,VC202300281
CONT2023004507,IMPORT,GTI,VC202300281
CONT2023004508,IMPORT,NSFT,VC202300282
CONT2023004509,EXPORT,NSFT,VC202300282
CONT2023004510,IMPORT,NSFT,VC202300282
CONT2023004511,EXPORT,NSFT,VC202300282
CONT2023004512,IMPORT,NSFT,VC202300282
CONT2023004513,EXPORT,NSFT,VC202300282
CONT2023004514,IMPORT,NSFT,VC202300282
CONT2023004515,IMPORT,NSFT,VC202300282
CONT2023004516,EXPORT,NSFT,VC202300282
CONT2023004517,IMPORT,NSFT,VC202300282
CONT2023004518,EXPORT,NSFT,VC202300282
CONT2023004519,IMPORT,NSFT,VC202300282
CONT2023004520,IMPORT,NSFT,VC202300282
CONT2023004521,EXPORT,NSFT,VC202300282
CONT2023004522,IMPORT,NSFT,VC202300282
CONT2023004523,IMPORT,NSFT,VC202300282
CONT2023004524,EXPORT,NSFT,VC202300282
CONT2023004525,EXPORT,NSFT,VC202300282
CONT2023004526,EXPORT,NSFT,VC202300282
CONT2023004527,IMPORT,NSFT,VC202300282
CONT2023004528,IMPORT,NSICT,VC202300283
CONT2023004529,IMPORT,NSICT,VC202300283
CONT2023004530,EXPORT,NSICT,VC202300283
CONT2023004531,EXPORT,NSICT,VC202300283
CONT2023004532,IMPORT,NSICT,VC202300283
CONT2023004533,IMPORT,NSICT,VC202300283
CONT2023004534,IMPORT,NSICT,VC202300283
CONT2023004535,EXPORT,NSICT,VC202300283
CONT2023004536,IMPORT,NSICT,VC202300283
CONT2023004537,IMPORT,NSICT,VC202300283
CONT2023004538,EXPORT,NSICT,VC202300283
CONT2023004539,EXPORT,NSICT,VC202300283
CONT2023004540,EXPORT,NSICT,VC202300283
CONT2023004541,EXPORT,NSICT,VC202300283
CONT2023004542,EXPORT,NSICT,VC202300283
CONT2023004543,EXPORT,NSICT,VC202300283
CONT2023004544,EXPORT,NSICT,VC202300283
CONT2023004545,IMPORT,NSICT,VC202300283
CONT2023004546,IMPORT,GTI,VC202300284
CONT2023004547,IMPORT,GTI,VC202300284
CONT2023004548,EXPORT,GTI,VC202300284
CONT2023004549,EXPORT,GTI,VC202300284
CONT2023004550,IMPORT,GTI,VC202300284
CONT2023004551,EXPORT,GTI,VC202300284
CONT2023004552,IMPORT,GTI,VC202300284
CONT2023004553,EXPORT,GTI,VC202300284
CONT2023004554,IMPORT,GTI,VC202300284
CONT2023004555,EXPORT,GTI,VC202300284
CONT2023004556,IMPORT,NSIGT,VC202300285
CONT2023004557,EXPORT,NSIGT,VC202300285
CONT2023004558,IMPORT,NSIGT,VC202300285
CONT2023004559,EXPORT,NSIGT,VC202300285
CONT2023004560,IMPORT,NSIGT,VC202300285
CONT2023004561,IMPORT,NSIGT,VC202300285
CONT2023004562,IMPORT,NSIGT,VC202300285
CONT2023004563,EXPORT,NSIGT,VC202300285
CONT2023004564,IMPORT,NSIGT,VC202300285
CONT2023004565,IMPORT,GTI,VC202300286
CONT2023004566,IMPORT,GTI,VC202300286
CONT2023004567,IMPORT,GTI,VC202300286
CONT2023004568,IMPORT,GTI,VC202300286
CONT2023004569,EXPORT,GTI,VC202300286
CONT2023004570,IMPORT,GTI,VC202300286
CONT2023004571,EXPORT,GTI,VC202300286
CONT2023004572,EXPORT,BMCT,VC202300287
CONT2023004573,IMPORT,BMCT,VC202300287
CONT2023004574,EXPORT,BMCT,VC202300287
CONT2023004575,EXPORT,BMCT,VC202300287
CONT2023004576,EXPORT,BMCT,VC202300287
CONT2023004577,IMPORT,BMCT,VC202300287
CONT2023004578,EXPORT,BMCT,VC202300287
CONT2023004579,EXPORT,BMCT,VC202300287
CONT2023004580,IMPORT,BMCT,VC202300287
CONT2023004581,IMPORT,BMCT,VC202300287
CONT2023004582,EXPORT,BMCT,VC202300287
CONT2023004583,EXPORT,BMCT,VC202300287
CONT2023004584,EXPORT,BMCT,VC202300287
CONT2023004585,EXPORT,BMCT,VC202300287
CONT2023004586,IMPORT,BMCT,VC202300287
CONT2023004587,EXPORT,BMCT,VC202300287
CONT2023004588,IMPORT,NSIGT,VC202300288
CONT2023004589,IMPORT,NSIGT,VC202300288
CONT2023004590,IMPORT,NSIGT,VC202300288
CONT2023004591,IMPORT,NSIGT,VC202300288
CONT2023004592,EXPORT,NSIGT,VC202300288
CONT2023004593,IMPORT,NSIGT,VC202300288
CONT2023004594,EXPORT,NSIGT,VC202300288
CONT2023004595,EXPORT,NSIGT,VC202300288
CONT2023004596,IMPORT,NSIGT,VC202300288
CONT2023004597,EXPORT,NSIGT,VC202300288
CONT2023004598,IMPORT,NSIGT,VC202300288
CONT2023004599,EXPORT,NSIGT,VC202300288
CONT2023004600,EXPORT,NSIGT,VC202300288
CONT2023004601,EXPORT,NSIGT,VC202300288
CONT2023004602,IMPORT,NSIGT,VC202300288
CONT2023004603,IMPORT,NSIGT,VC202300288
CONT2023004604,EXPORT,NSIGT,VC202300288
CONT2023004605,IMPORT,NSIGT,VC202300288
CONT2023004606,EXPORT,NSIGT,VC202300288
CONT2023004607,EXPORT,NSIGT,VC202300288
CONT2023004608,IMPORT,NSIGT,VC202300288
CONT2023004609,EXPORT,NSIGT,VC202300288
CONT2023004610,EXPORT,NSIGT,VC202300288
CONT2023004611,IMPORT,BMCT,VC202300289
CONT2023004612,EXPORT,BMCT,VC202300289
CONT2023004613,IMPORT,BMCT,VC202300289
CONT2023004614,EXPORT,BMCT,VC202300289
CONT2023004615,EXPORT,BMCT,VC202300289
CONT2023004616,EXPORT,BMCT,VC202300289
CONT2023004617,IMPORT,BMCT,VC202300289
CONT2023004618,EXPORT,BMCT,VC202300289
CONT2023004619,IMPORT,BMCT,VC202300289
CONT2023004620,IMPORT,BMCT,VC202300289
CONT2023004621,IMPORT,NSICT,VC202300290
CONT2023004622,EXPORT,NSICT,VC202300290
CONT2023004623,IMPORT,NSICT,VC202300290
CONT2023004624,EXPORT,NSICT,VC202300290
CONT2023004625,EXPORT,NSICT,VC202300290
CONT2023004626,EXPORT,NSICT,VC202300290
CONT2023004627,IMPORT,NSICT,VC202300290
CONT2023004628,IMPORT,NSICT,VC202300290
CONT2023004629,EXPORT,GTI,VC202300291
CONT2023004630,IMPORT,GTI,VC202300291
CONT2023004631,EXPORT,GTI,VC202300291
CONT2023004632,EXPORT,GTI,VC202300291
CONT2023004633,IMPORT,GTI,VC202300291
CONT2023004634,EXPORT,GTI,VC202300291
CONT2023004635,IMPORT,GTI,VC202300291
CONT2023004636,IMPORT,GTI,VC202300291
CONT2023004637,IMPORT,GTI,VC202300291
CONT2023004638,EXPORT,GTI,VC202300291
CONT2023004639,IMPORT,GTI,VC202300291
CONT2023004640,IMPORT,GTI,VC202300291
CONT2023004641,EXPORT,GTI,VC202300291
CONT2023004642,EXPORT,GTI,VC202300291
CONT2023004643,EXPORT,GTI,VC202300291
CONT2023004644,EXPORT,GTI,VC202300291
CONT2023004645,IMPORT,GTI,VC202300291
CONT2023004646,IMPORT,GTI,VC202300291
CONT2023004647,IMPORT,NSIGT,VC202300292
CONT2023004648,IMPORT,NSIGT,VC202300292
CONT2023004649,IMPORT,NSIGT,VC202300292
CONT2023004650,EXPORT,NSIGT,VC202300292
CONT2023004651,IMPORT,NSIGT,VC202300292
CONT2023004652,IMPORT,NSIGT,VC202300292
CONT2023004653,EXPORT,NSIGT,VC202300292
CONT2023004654,IMPORT,NSIGT,VC202300292
CONT2023004655,IMPORT,NSIGT,VC202300292
CONT2023004656,IMPORT,NSIGT,VC202300292
CONT2023004657,IMPORT,NSIGT,VC202300292
CONT2023004658,EXPORT,NSIGT,VC202300292
CONT2023004659,EXPORT,NSIGT,VC202300292
CONT2023004660,EXPORT,NSIGT,VC202300292
CONT2023004661,EXPORT,NSIGT,VC202300292
CONT2023004662,IMPORT,NSIGT,VC202300292
CONT2023004663,EXPORT,NSIGT,VC202300292
CONT2023004664,IMPORT,NSIGT,VC202300292
CONT2023004665,EXPORT,NSIGT,VC202300292
CONT2023004666,EXPORT,NSIGT,VC202300292
CONT2023004667,EXPORT,NSIGT,VC202300292
CONT2023004668,EXPORT,NSIGT,VC202300292
CONT2023004669,EXPORT,NSIGT,VC202300292
CONT2023004670,EXPORT,NSIGT,VC202300292
CONT2023004671,IMPORT,NSIGT,VC202300292
CONT2023004672,EXPORT,NSIGT,VC202300292
CONT2023004673,EXPORT,NSIGT,VC202300292
CONT2023004674,IMPORT,NSIGT,VC202300292
CONT2023004675,EXPORT,NSIGT,VC202300292
CONT2023004676,IMPORT,NSIGT,VC202300292
CONT2023004677,IMPORT,NSIGT,VC202300292
CONT2023004678,EXPORT,NSIGT,VC202300292
CONT2023004679,IMPORT,NSIGT,VC202300292
CONT2023004680,EXPORT,GTI,VC202300293
CONT2023004681,EXPORT,GTI,VC202300293
CONT2023004682,EXPORT,GTI,VC202300293
CONT2023004683,IMPORT,GTI,VC202300293
CONT2023004684,IMPORT,GTI,VC202300293
CONT2023004685,IMPORT,GTI,VC202300293
CONT2023004686,IMPORT,GTI,VC202300293
CONT2023004687,IMPORT,GTI,VC202300293
CONT2023004688,IMPORT,GTI,VC202300293
CONT2023004689,EXPORT,GTI,VC202300293
CONT2023004690,IMPORT,GTI,VC202300293
CONT2023004691,IMPORT,GTI,VC202300293
CONT2023004692,EXPORT,GTI,VC202300293
CONT2023004693,IMPORT,GTI,VC202300293
CONT2023004694,EXPORT,GTI,VC202300293
CONT2023004695,IMPORT,GTI,VC202300293
CONT2023004696,IMPORT,GTI,VC202300293
CONT2023004697,EXPORT,GTI,VC202300293
CONT2023004698,EXPORT,GTI,VC202300293
CONT2023004699,IMPORT,GTI,VC202300293
CONT2023004700,EXPORT,GTI,VC202300293
CONT2023004701,IMPORT,GTI,VC202300293
CONT2023004702,IMPORT,GTI,VC202300293
CONT2023004703,EXPORT,GTI,VC202300293
CONT2023004704,IMPORT,GTI,VC202300293
CONT2023004705,EXPORT,GTI,VC202300293
CONT2023004706,EXPORT,GTI,VC202300293
CONT2023004707,IMPORT,GTI,VC202300293
CONT2023004708,EXPORT,GTI,VC202300293
CONT2023004709,IMPORT,GTI,VC202300293
CONT2023004710,IMPORT,GTI,VC202300293
CONT2023004711,IMPORT,GTI,VC202300293
CONT2023004712,EXPORT,GTI,VC202300293
CONT2023004713,IMPORT,GTI,VC202300293
CONT2023004714,EXPORT,GTI,VC202300293
CONT2023004715,EXPORT,GTI,VC202300293
CONT2023004716,EXPORT,GTI,VC202300293
CONT2023004717,IMPORT,GTI,VC202300293
CONT2023004718,EXPORT,GTI,VC202300293
CONT2023004719,IMPORT,GTI,VC202300293
CONT2023004720,IMPORT,GTI,VC202300293
CONT2023004721,EXPORT,NSICT,VC202300294
CONT2023004722,EXPORT,NSICT,VC202300294
CONT2023004723,IMPORT,NSICT,VC202300294
CONT2023004724,IMPORT,NSICT,VC202300294
CONT2023004725,IMPORT,NSICT,VC202300294
CONT2023004726,EXPORT,NSICT,VC202300294
CONT2023004727,IMPORT,NSICT,VC202300294
CONT2023004728,IMPORT,NSICT,VC202300294
CONT2023004729,EXPORT,NSICT,VC202300294
CONT2023004730,EXPORT,NSICT,VC202300294
CONT2023004731,EXPORT,NSICT,VC202300294
CONT2023004732,IMPORT,NSICT,VC202300294
CONT2023004733,IMPORT,NSICT,VC202300294
CONT2023004734,IMPORT,NSICT,VC202300294
CONT2023004735,EXPORT,NSICT,VC202300294
CONT2023004736,IMPORT,NSICT,VC202300294
CONT2023004737,IMPORT,NSICT,VC202300294
CONT2023004738,IMPORT,NSICT,VC202300294
CONT2023004739,EXPORT,NSICT,VC202300294
CONT2023004740,EXPORT,NSICT,VC202300294
CONT2023004741,IMPORT,NSICT,VC202300294
CONT2023004742,EXPORT,NSICT,VC202300294
CONT2023004743,EXPORT,NSICT,VC202300294
CONT2023004744,IMPORT,NSICT,VC202300294
CONT2023004745,IMPORT,NSICT,VC202300294
CONT2023004746,EXPORT,NSICT,VC202300294
CONT2023004747,IMPORT,NSICT,VC202300294
CONT2023004748,IMPORT,NSICT,VC202300294
CONT2023004749,IMPORT,NSICT,VC202300294
CONT2023004750,IMPORT,NSICT,VC202300294
CONT2023004751,IMPORT,NSICT,VC202300294
CONT2023004752,EXPORT,NSFT,VC202300295
CONT2023004753,EXPORT,NSFT,VC202300295
CONT2023004754,IMPORT,NSFT,VC202300295
CONT2023004755,EXPORT,NSFT,VC202300295
CONT2023004756,IMPORT,NSFT,VC202300295
CONT2023004757,IMPORT,NSFT,VC202300295
CONT2023004758,EXPORT,NSFT,VC202300295
CONT2023004759,EXPORT,NSFT,VC202300295
CONT2023004760,IMPORT,NSFT,VC202300295
CONT2023004761,EXPORT,NSFT,VC202300295
CONT2023004762,IMPORT,NSFT,VC202300295
CONT2023004763,IMPORT,NSFT,VC202300295
CONT2023004764,IMPORT,NSFT,VC202300295
CONT2023004765,IMPORT,GTI,VC202300296
CONT2023004766,EXPORT,GTI,VC202300296
CONT2023004767,IMPORT,GTI,VC202300296
CONT2023004768,EXPORT,GTI,VC202300296
CONT2023004769,IMPORT,GTI,VC202300296
CONT2023004770,EXPORT,GTI,VC202300296
CONT2023004771,IMPORT,GTI,VC202300296
CONT2023004772,IMPORT,GTI,VC202300296
CONT2023004773,EXPORT,NSFT,VC202300297
CONT2023004774,EXPORT,NSFT,VC202300297
CONT2023004775,EXPORT,NSFT,VC202300297
CONT2023004776,IMPORT,NSFT,VC202300297
CONT2023004777,IMPORT,NSFT,VC202300297
CONT2023004778,EXPORT,NSFT,VC202300297
CONT2023004779,IMPORT,NSFT,VC202300297
CONT2023004780,IMPORT,NSFT,VC202300297
CONT2023004781,EXPORT,NSFT,VC202300297
CONT2023004782,EXPORT,NSFT,VC202300297
CONT2023004783,IMPORT,NSFT,VC202300297
CONT2023004784,IMPORT,NSFT,VC202300297
CONT2023004785,EXPORT,NSFT,VC202300297
CONT2023004786,EXPORT,NSFT,VC202300297
CONT2023004787,IMPORT,NSFT,VC202300297
CONT2023004788,IMPORT,NSFT,VC202300297
CONT2023004789,IMPORT,NSFT,VC202300297
CONT2023004790,EXPORT,NSFT,VC202300297
CONT2023004791,EXPORT,NSFT,VC202300297
CONT2023004792,EXPORT,NSICT,VC202300298
CONT2023004793,EXPORT,NSICT,VC202300298
CONT2023004794,IMPORT,NSICT,VC202300298
CONT2023004795,EXPORT,NSICT,VC202300298
CONT2023004796,IMPORT,NSICT,VC202300298
CONT2023004797,EXPORT,NSICT,VC202300298
CONT2023004798,IMPORT,NSICT,VC202300298
CONT2023004799,IMPORT,NSICT,VC202300298
CONT2023004800,IMPORT,NSICT,VC202300298
CONT2023004801,EXPORT,NSICT,VC202300298
CONT2023004802,IMPORT,NSICT,VC202300298
CONT2023004803,IMPORT,NSICT,VC202300298
CONT2023004804,IMPORT,NSICT,VC202300298
CONT2023004805,EXPORT,NSIGT,VC202300299
CONT2023004806,IMPORT,NSIGT,VC202300299
CONT2023004807,EXPORT,NSIGT,VC202300299
CONT2023004808,IMPORT,NSIGT,VC202300299
CONT2023004809,IMPORT,NSIGT,VC202300299
CONT2023004810,EXPORT,NSIGT,VC202300299
CONT2023004811,IMPORT,NSIGT,VC202300299
CONT2023004812,EXPORT,NSIGT,VC202300299
CONT2023004813,IMPORT,NSIGT,VC202300299
CONT2023004814,EXPORT,NSIGT,VC202300299
CONT2023004815,EXPORT,NSIGT,VC202300299
CONT2023004816,IMPORT,NSIGT,VC202300299
CONT2023004817,IMPORT,NSICT,VC202300300
CONT2023004818,EXPORT,NSICT,VC202300300
CONT2023004819,EXPORT,NSICT,VC202300300
CONT2023004820,EXPORT,NSICT,VC202300300
CONT2023004821,IMPORT,NSICT,VC202300300
CONT2023004822,EXPORT,NSICT,VC202300300
CONT2023004823,EXPORT,NSICT,VC202300300
CONT2023004824,IMPORT,NSICT,VC202300300
CONT2023004825,EXPORT,NSICT,VC202300300
CONT2023004826,EXPORT,NSICT,VC202300300
CONT2023004827,IMPORT,NSICT,VC202300300
CONT2023004828,IMPORT,NSICT,VC202300300
CONT2023004829,IMPORT,NSICT,VC202300300
CONT2023004830,EXPORT,NSICT,VC202300300
CONT2023004831,IMPORT,NSICT,VC202300300
CONT2023004832,EXPORT,NSICT,VC202300300
CONT2023004833,IMPORT,NSICT,VC202300300
CONT2023004834,EXPORT,NSICT,VC202300300
CONT2023004835,IMPORT,NSICT,VC202300300
CONT2023004836,EXPORT,NSICT,VC202300300
CONT2023004837,IMPORT,NSICT,VC202300300
CONT2023004838,IMPORT,NSICT,VC202300300
CONT2023004839,IMPORT,NSICT,VC202300300
CONT2023004840,EXPORT,NSICT,VC202300300
CONT2023004841,EXPORT,NSICT,VC202300300
CONT2023004842,EXPORT,NSICT,VC202300300
CONT2023004843,IMPORT,NSICT,VC202300300
CONT2023004844,IMPORT,NSICT,VC202300300
CONT2023004845,IMPORT,NSICT,VC202300300
CONT2023004846,IMPORT,NSICT,VC202300300
CONT2023004847,IMPORT,NSICT,VC202300300
CONT2023004848,EXPORT,NSICT,VC202300300
CONT2023004849,IMPORT,NSICT,VC202300300
CONT2023004850,EXPORT,NSICT,VC202300300
CONT2023004851,EXPORT,NSICT,VC202300300
CONT2023004852,EXPORT,NSICT,VC202300300
CONT2023004853,IMPORT,NSICT,VC202300300
CONT2023004854,EXPORT,NSICT,VC202300300
CONT2023004855,IMPORT,NSICT,VC202300300
CONT2023004856,IMPORT,GTI,VC202300301
CONT2023004857,IMPORT,GTI,VC202300301
CONT2023004858,EXPORT,GTI,VC202300301
CONT2023004859,IMPORT,GTI,VC202300301
CONT2023004860,IMPORT,GTI,VC202300301
CONT2023004861,IMPORT,GTI,VC202300301
CONT2023004862,IMPORT,GTI,VC202300301
CONT2023004863,IMPORT,GTI,VC202300301
CONT2023004864,IMPORT,GTI,VC202300301
CONT2023004865,EXPORT,GTI,VC202300301
CONT2023004866,EXPORT,GTI,VC202300301
CONT2023004867,EXPORT,GTI,VC202300301
CONT2023004868,IMPORT,GTI,VC202300301
CONT2023004869,IMPORT,GTI,VC202300301
CONT2023004870,EXPORT,GTI,VC202300301
CONT2023004871,EXPORT,GTI,VC202300301
CONT2023004872,EXPORT,GTI,VC202300301
CONT2023004873,EXPORT,GTI,VC202300301
CONT2023004874,IMPORT,GTI,VC202300301
CONT2023004875,IMPORT,GTI,VC202300301
CONT2023004876,IMPORT,GTI,VC202300301
CONT2023004877,EXPORT,GTI,VC202300301
CONT2023004878,IMPORT,GTI,VC202300301
CONT2023004879,EXPORT,GTI,VC202300301
CONT2023004880,IMPORT,GTI,VC202300301
CONT2023004881,IMPORT,GTI,VC202300301
CONT2023004882,IMPORT,GTI,VC202300301
CONT2023004883,EXPORT,GTI,VC202300301
CONT2023004884,EXPORT,GTI,VC202300301
CONT2023004885,IMPORT,NSICT,VC202300302
CONT2023004886,IMPORT,NSICT,VC202300302
CONT2023004887,EXPORT,NSICT,VC202300302
CONT2023004888,EXPORT,NSICT,VC202300302
CONT2023004889,IMPORT,NSICT,VC202300302
CONT2023004890,IMPORT,NSICT,VC202300302
CONT2023004891,EXPORT,NSICT,VC202300302
CONT2023004892,EXPORT,NSICT,VC202300302
CONT2023004893,IMPORT,NSICT,VC202300302
CONT2023004894,IMPORT,NSICT,VC202300302
CONT2023004895,IMPORT,NSICT,VC202300302
CONT2023004896,IMPORT,NSICT,VC202300302
CONT2023004897,EXPORT,NSICT,VC202300302
CONT2023004898,IMPORT,NSICT,VC202300302
CONT2023004899,IMPORT,NSICT,VC202300302
CONT2023004900,EXPORT,NSICT,VC202300302
CONT2023004901,EXPORT,NSICT,VC202300302
CONT2023004902,IMPORT,NSICT,VC202300302
CONT2023004903,IMPORT,NSICT,VC202300302
CONT2023004904,EXPORT,NSFT,VC202300303
CONT2023004905,IMPORT,NSFT,VC202300303
CONT2023004906,EXPORT,NSFT,VC202300303
CONT2023004907,IMPORT,NSFT,VC202300303
CONT2023004908,IMPORT,NSFT,VC202300303
CONT2023004909,IMPORT,NSFT,VC202300303
CONT2023004910,IMPORT,NSFT,VC202300303
CONT2023004911,IMPORT,NSFT,VC202300303
CONT2023004912,IMPORT,NSFT,VC202300303
CONT2023004913,EXPORT,NSFT,VC202300303
CONT2023004914,EXPORT,NSFT,VC202300303
CONT2023004915,EXPORT,NSFT,VC202300303
CONT2023004916,IMPORT,NSFT,VC202300303
CONT2023004917,IMPORT,GTI,VC202300304
CONT2023004918,EXPORT,GTI,VC202300304
CONT2023004919,EXPORT,GTI,VC202300304
CONT2023004920,EXPORT,GTI,VC202300304
CONT2023004921,IMPORT,GTI,VC202300304
CONT2023004922,EXPORT,GTI,VC202300304
CONT2023004923,IMPORT,GTI,VC202300304
CONT2023004924,IMPORT,GTI,VC202300304
CONT2023004925,EXPORT,GTI,VC202300304
CONT2023004926,EXPORT,GTI,VC202300304
CONT2023004927,EXPORT,GTI,VC202300304
CONT2023004928,IMPORT,GTI,VC202300304
CONT2023004929,EXPORT,GTI,VC202300304
CONT2023004930,IMPORT,GTI,VC202300304
CONT2023004931,IMPORT,BMCT,VC202300305
CONT2023004932,EXPORT,BMCT,VC202300305
CONT2023004933,IMPORT,BMCT,VC202300305
CONT2023004934,EXPORT,BMCT,VC202300305
CONT2023004935,EXPORT,BMCT,VC202300305
CONT2023004936,IMPORT,BMCT,VC202300305
CONT2023004937,EXPORT,NSICT,VC202300306
CONT2023004938,EXPORT,NSICT,VC202300306
CONT2023004939,EXPORT,NSICT,VC202300306
CONT2023004940,EXPORT,NSICT,VC202300306
CONT2023004941,IMPORT,NSICT,VC202300306
CONT2023004942,EXPORT,NSICT,VC202300306
CONT2023004943,IMPORT,NSICT,VC202300306
CONT2023004944,IMPORT,NSICT,VC202300306
CONT2023004945,EXPORT,NSICT,VC202300306
CONT2023004946,IMPORT,NSICT,VC202300306
CONT2023004947,IMPORT,NSICT,VC202300306
CONT2023004948,IMPORT,NSICT,VC202300306
CONT2023004949,EXPORT,NSICT,VC202300306
CONT2023004950,IMPORT,NSICT,VC202300306
CONT2023004951,EXPORT,NSICT,VC202300306
CONT2023004952,EXPORT,NSICT,VC202300306
CONT2023004953,EXPORT,NSICT,VC202300306
CONT2023004954,IMPORT,NSICT,VC202300306
CONT2023004955,IMPORT,NSICT,VC202300306
CONT2023004956,IMPORT,NSICT,VC202300306
CONT2023004957,IMPORT,NSICT,VC202300306
CONT2023004958,IMPORT,NSICT,VC202300306
CONT2023004959,IMPORT,NSICT,VC202300306
CONT2023004960,IMPORT,NSICT,VC202300306
CONT2023004961,EXPORT,NSICT,VC202300307
CONT2023004962,IMPORT,NSICT,VC202300307
CONT2023004963,IMPORT,NSICT,VC202300307
CONT2023004964,IMPORT,NSICT,VC202300307
CONT2023004965,IMPORT,NSICT,VC202300307
CONT2023004966,IMPORT,NSICT,VC202300307
CONT2023004967,IMPORT,NSICT,VC202300307
CONT2023004968,EXPORT,NSICT,VC202300307
CONT2023004969,IMPORT,NSICT,VC202300307
CONT2023004970,IMPORT,NSICT,VC202300307
CONT2023004971,EXPORT,NSICT,VC202300307
CONT2023004972,IMPORT,NSICT,VC202300307
CONT2023004973,IMPORT,NSICT,VC202300307
CONT2023004974,IMPORT,NSICT,VC202300307
CONT2023004975,IMPORT,NSICT,VC202300307
CONT2023004976,IMPORT,NSICT,VC202300307
CONT2023004977,IMPORT,NSICT,VC202300307
CONT2023004978,EXPORT,NSICT,VC202300307
CONT2023004979,IMPORT,NSICT,VC202300307
CONT2023004980,EXPORT,NSICT,VC202300307
CONT2023004981,EXPORT,NSICT,VC202300307
CONT2023004982,IMPORT,NSICT,VC202300307
CONT2023004983,IMPORT,NSICT,VC202300307
CONT2023004984,IMPORT,NSICT,VC202300307
CONT2023004985,IMPORT,NSICT,VC202300307
CONT2023004986,EXPORT,NSICT,VC202300307
CONT2023004987,EXPORT,NSICT,VC202300307
CONT2023004988,IMPORT,NSICT,VC202300307
CONT2023004989,EXPORT,GTI,VC202300308
CONT2023004990,IMPORT,GTI,VC202300308
CONT2023004991,IMPORT,GTI,VC202300308
CONT2023004992,IMPORT,GTI,VC202300308
CONT2023004993,IMPORT,GTI,VC202300308
CONT2023004994,IMPORT,GTI,VC202300308
CONT2023004995,IMPORT,GTI,VC202300308
CONT2023004996,IMPORT,GTI,VC202300308
CONT2023004997,EXPORT,GTI,VC202300308
CONT2023004998,IMPORT,NSFT,VC202300309
CONT2023004999,EXPORT,NSFT,VC202300309
CONT2023005000,EXPORT,NSFT,VC202300309
CONT2023005001,EXPORT,NSFT,VC202300309
CONT2023005002,IMPORT,NSFT,VC202300309
CONT2023005003,IMPORT,NSFT,VC202300309
CONT2023005004,IMPORT,NSFT,VC202300309
CONT2023005005,EXPORT,NSFT,VC202300309
CONT2023005006,IMPORT,NSFT,VC202300309
CONT2023005007,EXPORT,NSFT,VC202300309
CONT2023005008,EXPORT,NSICT,VC202300310
CONT2023005009,EXPORT,NSICT,VC202300310
CONT2023005010,IMPORT,NSICT,VC202300310
CONT2023005011,EXPORT,NSICT,VC202300310
CONT2023005012,EXPORT,NSICT,VC202300310
CONT2023005013,IMPORT,NSICT,VC202300310
CONT2023005014,EXPORT,NSICT,VC202300310
CONT2023005015,EXPORT,NSICT,VC202300310
CONT2023005016,EXPORT,NSICT,VC202300310
CONT2023005017,EXPORT,NSICT,VC202300310
CONT2023005018,IMPORT,NSICT,VC202300310
CONT2023005019,EXPORT,NSICT,VC202300310
CONT2023005020,EXPORT,NSICT,VC202300310
CONT2023005021,EXPORT,NSICT,VC202300310
CONT2023005022,EXPORT,NSICT,VC202300310
CONT2023005023,EXPORT,NSICT,VC202300310
CONT2023005024,IMPORT,NSICT,VC202300310
CONT2023005025,EXPORT,NSICT,VC202300310
CONT2023005026,IMPORT,NSICT,VC202300310
CONT2023005027,IMPORT,NSICT,VC202300310
CONT2023005028,IMPORT,NSICT,VC202300310
CONT2023005029,IMPORT,NSICT,VC202300310
CONT2023005030,IMPORT,NSICT,VC202300310
CONT2023005031,EXPORT,BMCT,VC202300311
CONT2023005032,IMPORT,BMCT,VC202300311
CONT2023005033,EXPORT,BMCT,VC202300311
CONT2023005034,IMPORT,BMCT,VC202300311
CONT2023005035,IMPORT,BMCT,VC202300311
CONT2023005036,IMPORT,BMCT,VC202300311
CONT2023005037,IMPORT,BMCT,VC202300311
CONT2023005038,EXPORT,BMCT,VC202300311
CONT2023005039,IMPORT,BMCT,VC202300311
CONT2023005040,EXPORT,BMCT,VC202300311
CONT2023005041,EXPORT,BMCT,VC202300311
CONT2023005042,IMPORT,NSICT,VC202300312
CONT2023005043,IMPORT,NSICT,VC202300312
CONT2023005044,IMPORT,NSICT,VC202300312
CONT2023005045,IMPORT,NSICT,VC202300312
CONT2023005046,EXPORT,NSICT,VC202300312
CONT2023005047,IMPORT,NSICT,VC202300312
CONT2023005048,IMPORT,NSICT,VC202300312
CONT2023005049,IMPORT,NSICT,VC202300312
CONT2023005050,IMPORT,NSICT,VC202300312
CONT2023005051,EXPORT,NSICT,VC202300312
CONT2023005052,IMPORT,NSICT,VC202300312
CONT2023005053,IMPORT,NSICT,VC202300312
CONT2023005054,EXPORT,NSICT,VC202300312
CONT2023005055,EXPORT,NSICT,VC202300312
CONT2023005056,EXPORT,NSICT,VC202300312
CONT2023005057,IMPORT,NSICT,VC202300312
CONT2023005058,EXPORT,NSICT,VC202300312
CONT2023005059,EXPORT,NSICT,VC202300312
CONT2023005060,EXPORT,NSICT,VC202300312
CONT2023005061,IMPORT,NSICT,VC202300312
CONT2023005062,EXPORT,NSICT,VC202300312
CONT2023005063,EXPORT,NSICT,VC202300312
CONT2023005064,EXPORT,NSICT,VC202300312
CONT2023005065,EXPORT,NSICT,VC202300312
CONT2023005066,IMPORT,NSICT,VC202300312
CONT2023005067,EXPORT,NSICT,VC202300312
CONT2023005068,IMPORT,NSFT,VC202300313
CONT2023005069,IMPORT,NSFT,VC202300313
CONT2023005070,IMPORT,NSFT,VC202300313
CONT2023005071,EXPORT,NSFT,VC202300313
CONT2023005072,EXPORT,NSFT,VC202300313
CONT2023005073,IMPORT,NSFT,VC202300313
CONT2023005074,IMPORT,NSFT,VC202300313
CONT2023005075,IMPORT,NSFT,VC202300313
CONT2023005076,IMPORT,NSFT,VC202300313
CONT2023005077,EXPORT,BMCT,VC202300314
CONT2023005078,IMPORT,BMCT,VC202300314
CONT2023005079,IMPORT,BMCT,VC202300314
CONT2023005080,IMPORT,BMCT,VC202300314
CONT2023005081,IMPORT,BMCT,VC202300314
CONT2023005082,EXPORT,BMCT,VC202300314
CONT2023005083,EXPORT,BMCT,VC202300314
CONT2023005084,IMPORT,BMCT,VC202300314
CONT2023005085,EXPORT,BMCT,VC202300314
CONT2023005086,EXPORT,BMCT,VC202300314
CONT2023005087,EXPORT,BMCT,VC202300314
CONT2023005088,EXPORT,BMCT,VC202300314
CONT2023005089,EXPORT,NSFT,VC202300315
CONT2023005090,IMPORT,NSFT,VC202300315
CONT2023005091,IMPORT,NSFT,VC202300315
CONT2023005092,IMPORT,NSFT,VC202300315
CONT2023005093,IMPORT,NSFT,VC202300315
CONT2023005094,EXPORT,NSFT,VC202300315
CONT2023005095,IMPORT,NSFT,VC202300315
CONT2023005096,EXPORT,NSFT,VC202300315
CONT2023005097,IMPORT,NSFT,VC202300315
CONT2023005098,EXPORT,NSFT,VC202300315
CONT2023005099,EXPORT,NSFT,VC202300315
CONT2023005100,IMPORT,NSFT,VC202300315
CONT2023005101,IMPORT,NSFT,VC202300315
CONT2023005102,IMPORT,NSFT,VC202300315
CONT2023005103,IMPORT,NSFT,VC202300315
CONT2023005104,EXPORT,NSFT,VC202300315
CONT2023005105,EXPORT,NSFT,VC202300315
CONT2023005106,IMPORT,NSFT,VC202300315
CONT2023005107,EXPORT,NSIGT,VC202300316
CONT2023005108,IMPORT,NSIGT,VC202300316
CONT2023005109,IMPORT,NSIGT,VC202300316
CONT2023005110,IMPORT,NSIGT,VC202300316
CONT2023005111,IMPORT,NSIGT,VC202300316
CONT2023005112,IMPORT,NSIGT,VC202300316
CONT2023005113,EXPORT,NSIGT,VC202300316
CONT2023005114,IMPORT,NSIGT,VC202300316
CONT2023005115,EXPORT,NSIGT,VC202300316
CONT2023005116,IMPORT,NSIGT,VC202300316
CONT2023005117,IMPORT,NSIGT,VC202300316
CONT2023005118,EXPORT,NSFT,VC202300317
CONT2023005119,IMPORT,NSFT,VC202300317
CONT2023005120,IMPORT,NSFT,VC202300317
CONT2023005121,IMPORT,NSFT,VC202300317
CONT2023005122,EXPORT,NSFT,VC202300317
CONT2023005123,IMPORT,NSFT,VC202300317
CONT2023005124,EXPORT,NSFT,VC202300317
CONT2023005125,EXPORT,NSFT,VC202300317
CONT2023005126,IMPORT,NSFT,VC202300317
CONT2023005127,EXPORT,NSFT,VC202300317
CONT2023005128,IMPORT,NSFT,VC202300317
CONT2023005129,EXPORT,NSICT,VC202300318
CONT2023005130,EXPORT,NSICT,VC202300318
CONT2023005131,IMPORT,NSICT,VC202300318
CONT2023005132,IMPORT,NSICT,VC202300318
CONT2023005133,EXPORT,NSICT,VC202300318
CONT2023005134,IMPORT,NSICT,VC202300318
CONT2023005135,EXPORT,NSICT,VC202300318
CONT2023005136,EXPORT,NSICT,VC202300318
CONT2023005137,EXPORT,NSICT,VC202300318
CONT2023005138,IMPORT,NSICT,VC202300318
CONT2023005139,IMPORT,NSICT,VC202300318
CONT2023005140,EXPORT,GTI,VC202300319
CONT2023005141,EXPORT,GTI,VC202300319
CONT2023005142,IMPORT,GTI,VC202300319
CONT2023005143,IMPORT,GTI,VC202300319
CONT2023005144,EXPORT,GTI,VC202300319
CONT2023005145,IMPORT,GTI,VC202300319
CONT2023005146,IMPORT,GTI,VC202300319
CONT2023005147,EXPORT,GTI,VC202300319
CONT2023005148,IMPORT,GTI,VC202300319
CONT2023005149,EXPORT,GTI,VC202300319
CONT2023005150,EXPORT,GTI,VC202300319
CONT2023005151,EXPORT,GTI,VC202300319
CONT2023005152,EXPORT,GTI,VC202300319
CONT2023005153,EXPORT,GTI,VC202300319
CONT2023005154,IMPORT,GTI,VC202300319
CONT2023005155,EXPORT,GTI,VC202300319
CONT2023005156,EXPORT,GTI,VC202300319
CONT2023005157,EXPORT,GTI,VC202300319
CONT2023005158,EXPORT,GTI,VC202300319
CONT2023005159,IMPORT,GTI,VC202300319
CONT2023005160,IMPORT,BMCT,VC202300320
CONT2023005161,EXPORT,BMCT,VC202300320
CONT2023005162,EXPORT,BMCT,VC202300320
CONT2023005163,EXPORT,BMCT,VC202300320
CONT2023005164,IMPORT,BMCT,VC202300320
CONT2023005165,EXPORT,BMCT,VC202300320
CONT2023005166,EXPORT,BMCT,VC202300320
CONT2023005167,IMPORT,BMCT,VC202300320
CONT2023005168,EXPORT,BMCT,VC202300320
CONT2023005169,IMPORT,BMCT,VC202300320
CONT2023005170,EXPORT,BMCT,VC202300320
CONT2023005171,EXPORT,BMCT,VC202300320
CONT2023005172,IMPORT,BMCT,VC202300320
CONT2023005173,IMPORT,BMCT,VC202300320
CONT2023005174,EXPORT,BMCT,VC202300320
CONT2023005175,EXPORT,BMCT,VC202300320
CONT2023005176,EXPORT,BMCT,VC202300320
CONT2023005177,EXPORT,BMCT,VC202300320
CONT2023005178,IMPORT,BMCT,VC202300320
CONT2023005179,EXPORT,BMCT,VC202300320
CONT2023005180,EXPORT,BMCT,VC202300320
CONT2023005181,EXPORT,BMCT,VC202300320
CONT2023005182,EXPORT,BMCT,VC202300320
CONT2023005183,IMPORT,NSICT,VC202300321
CONT2023005184,IMPORT,NSICT,VC202300321
CONT2023005185,EXPORT,NSICT,VC202300321
CONT2023005186,IMPORT,NSICT,VC202300321
CONT2023005187,IMPORT,NSICT,VC202300321
CONT2023005188,EXPORT,NSICT,VC202300321
CONT2023005189,IMPORT,NSICT,VC202300321
CONT2023005190,EXPORT,NSICT,VC202300321
CONT2023005191,IMPORT,NSICT,VC202300321
CONT2023005192,IMPORT,NSICT,VC202300321
CONT2023005193,EXPORT,NSICT,VC202300321
CONT2023005194,IMPORT,NSICT,VC202300321
CONT2023005195,EXPORT,NSICT,VC202300321
CONT2023005196,IMPORT,NSICT,VC202300321
CONT2023005197,IMPORT,NSICT,VC202300321
CONT2023005198,IMPORT,NSICT,VC202300321
CONT2023005199,IMPORT,NSICT,VC202300321
CONT2023005200,IMPORT,NSICT,VC202300321
CONT2023005201,IMPORT,NSICT,VC202300322
CONT2023005202,EXPORT,NSICT,VC202300322
CONT2023005203,IMPORT,NSICT,VC202300322
CONT2023005204,EXPORT,NSICT,VC202300322
CONT2023005205,EXPORT,NSICT,VC202300322
CONT2023005206,IMPORT,NSICT,VC202300322
CONT2023005207,IMPORT,NSICT,VC202300322
CONT2023005208,IMPORT,NSICT,VC202300322
CONT2023005209,EXPORT,NSICT,VC202300322
CONT2023005210,IMPORT,NSIGT,VC202300323
CONT2023005211,EXPORT,NSIGT,VC202300323
CONT2023005212,IMPORT,NSIGT,VC202300323
CONT2023005213,EXPORT,NSIGT,VC202300323
CONT2023005214,EXPORT,NSIGT,VC202300323
CONT2023005215,IMPORT,NSIGT,VC202300323
CONT2023005216,EXPORT,NSIGT,VC202300323
CONT2023005217,IMPORT,NSIGT,VC202300323
CONT2023005218,EXPORT,NSIGT,VC202300323
CONT2023005219,EXPORT,NSIGT,VC202300323
CONT2023005220,EXPORT,NSIGT,VC202300323
CONT2023005221,IMPORT,NSIGT,VC202300323
CONT2023005222,IMPORT,NSIGT,VC202300323
CONT2023005223,EXPORT,NSIGT,VC202300323
CONT2023005224,IMPORT,NSIGT,VC202300323
CONT2023005225,EXPORT,NSIGT,VC202300323
CONT2023005226,EXPORT,NSIGT,VC202300323
CONT2023005227,IMPORT,NSIGT,VC202300323
CONT2023005228,IMPORT,NSIGT,VC202300323
CONT2023005229,IMPORT,NSIGT,VC202300323
CONT2023005230,EXPORT,NSIGT,VC202300323
CONT2023005231,EXPORT,NSIGT,VC202300323
CONT2023005232,IMPORT,NSIGT,VC202300323
CONT2023005233,IMPORT,NSIGT,VC202300323
CONT2023005234,IMPORT,NSIGT,VC202300323
CONT2023005235,EXPORT,NSIGT,VC202300323
CONT2023005236,EXPORT,NSIGT,VC202300323
CONT2023005237,EXPORT,NSIGT,VC202300323
CONT2023005238,IMPORT,NSIGT,VC202300323
CONT2023005239,EXPORT,GTI,VC202300324
CONT2023005240,EXPORT,GTI,VC202300324
CONT2023005241,IMPORT,GTI,VC202300324
CONT2023005242,EXPORT,GTI,VC202300324
CONT2023005243,IMPORT,GTI,VC202300324
CONT2023005244,IMPORT,GTI,VC202300324
CONT2023005245,IMPORT,GTI,VC202300324
CONT2023005246,IMPORT,GTI,VC202300324
CONT2023005247,IMPORT,GTI,VC202300324
CONT2023005248,IMPORT,GTI,VC202300324
CONT2023005249,EXPORT,GTI,VC202300324
CONT2023005250,EXPORT,GTI,VC202300324
CONT2023005251,EXPORT,GTI,VC202300324
CONT2023005252,IMPORT,GTI,VC202300324
CONT2023005253,EXPORT,GTI,VC202300324
CONT2023005254,EXPORT,GTI,VC202300324
CONT2023005255,IMPORT,NSICT,VC202300325
CONT2023005256,IMPORT,NSICT,VC202300325
CONT2023005257,IMPORT,NSICT,VC202300325
CONT2023005258,IMPORT,NSICT,VC202300325
CONT2023005259,EXPORT,NSICT,VC202300325
CONT2023005260,IMPORT,NSICT,VC202300325
CONT2023005261,IMPORT,NSICT,VC202300325
CONT2023005262,EXPORT,NSICT,VC202300325
CONT2023005263,IMPORT,NSICT,VC202300325
CONT2023005264,EXPORT,NSICT,VC202300325
CONT2023005265,EXPORT,NSICT,VC202300325
CONT2023005266,IMPORT,NSICT,VC202300325
CONT2023005267,EXPORT,NSICT,VC202300325
CONT2023005268,IMPORT,NSICT,VC202300325
CONT2023005269,EXPORT,NSICT,VC202300325
CONT2023005270,IMPORT,NSICT,VC202300325
CONT2023005271,EXPORT,NSICT,VC202300325
CONT2023005272,IMPORT,NSICT,VC202300325
CONT2023005273,IMPORT,NSICT,VC202300325
CONT2023005274,IMPORT,NSICT,VC202300325
CONT2023005275,EXPORT,NSICT,VC202300325
CONT2023005276,EXPORT,NSICT,VC202300325
CONT2023005277,IMPORT,NSICT,VC202300325
CONT2023005278,EXPORT,NSICT,VC202300325
CONT2023005279,IMPORT,NSICT,VC202300326
CONT2023005280,IMPORT,NSICT,VC202300326
CONT2023005281,IMPORT,NSICT,VC202300326
CONT2023005282,EXPORT,NSICT,VC202300326
CONT2023005283,EXPORT,NSICT,VC202300326
CONT2023005284,EXPORT,NSICT,VC202300326
CONT2023005285,EXPORT,NSICT,VC202300326
CONT2023005286,IMPORT,BMCT,VC202300327
CONT2023005287,EXPORT,BMCT,VC202300327
CONT2023005288,EXPORT,BMCT,VC202300327
CONT2023005289,IMPORT,BMCT,VC202300327
CONT2023005290,EXPORT,BMCT,VC202300327
CONT2023005291,IMPORT,BMCT,VC202300327
CONT2023005292,EXPORT,BMCT,VC202300327
CONT2023005293,EXPORT,BMCT,VC202300327
CONT2023005294,IMPORT,BMCT,VC202300327
CONT2023005295,IMPORT,BMCT,VC202300327
CONT2023005296,EXPORT,BMCT,VC202300327
CONT2023005297,EXPORT,BMCT,VC202300327
CONT2023005298,IMPORT,BMCT,VC202300327
CONT2023005299,EXPORT,BMCT,VC202300327
CONT2023005300,IMPORT,BMCT,VC202300327
CONT2023005301,EXPORT,BMCT,VC202300327
CONT2023005302,EXPORT,BMCT,VC202300327
CONT2023005303,IMPORT,BMCT,VC202300327
CONT2023005304,IMPORT,BMCT,VC202300327
CONT2023005305,EXPORT,BMCT,VC202300327
CONT2023005306,IMPORT,BMCT,VC202300327
CONT2023005307,IMPORT,BMCT,VC202300327
CONT2023005308,IMPORT,BMCT,VC202300327
CONT2023005309,EXPORT,BMCT,VC202300327
CONT2023005310,EXPORT,BMCT,VC202300327
CONT2023005311,EXPORT,BMCT,VC202300327
CONT2023005312,EXPORT,NSIGT,VC202300328
CONT2023005313,EXPORT,NSIGT,VC202300328
CONT2023005314,IMPORT,NSIGT,VC202300328
CONT2023005315,EXPORT,NSIGT,VC202300328
CONT2023005316,EXPORT,NSIGT,VC202300328
CONT2023005317,IMPORT,NSIGT,VC202300328
CONT2023005318,IMPORT,NSIGT,VC202300328
CONT2023005319,IMPORT,NSIGT,VC202300328
CONT2023005320,EXPORT,NSIGT,VC202300328
CONT2023005321,EXPORT,NSIGT,VC202300328
CONT2023005322,IMPORT,NSIGT,VC202300328
CONT2023005323,EXPORT,NSICT,VC202300329
CONT2023005324,EXPORT,NSICT,VC202300329
CONT2023005325,IMPORT,NSICT,VC202300329
CONT2023005326,EXPORT,NSICT,VC202300329
CONT2023005327,IMPORT,NSICT,VC202300329
CONT2023005328,EXPORT,NSICT,VC202300329
CONT2023005329,IMPORT,NSICT,VC202300329
CONT2023005330,IMPORT,NSICT,VC202300329
CONT2023005331,IMPORT,NSICT,VC202300329
CONT2023005332,EXPORT,NSICT,VC202300329
CONT2023005333,EXPORT,NSICT,VC202300329
CONT2023005334,IMPORT,NSFT,VC202300330
CONT2023005335,EXPORT,NSFT,VC202300330
CONT2023005336,IMPORT,NSFT,VC202300330
CONT2023005337,IMPORT,NSFT,VC202300330
CONT2023005338,IMPORT,NSFT,VC202300330
CONT2023005339,IMPORT,NSFT,VC202300330
CONT2023005340,EXPORT,NSFT,VC202300330
CONT2023005341,IMPORT,NSFT,VC202300330
CONT2023005342,EXPORT,NSFT,VC202300330
CONT2023005343,IMPORT,NSFT,VC202300330
CONT2023005344,EXPORT,NSFT,VC202300330
CONT2023005345,IMPORT,NSFT,VC202300330
CONT2023005346,IMPORT,NSFT,VC202300330
CONT2023005347,EXPORT,NSFT,VC202300330
CONT2023005348,EXPORT,NSFT,VC202300330
CONT2023005349,EXPORT,NSFT,VC202300330
CONT2023005350,IMPORT,NSFT,VC202300330
CONT2023005351,EXPORT,NSIGT,VC202300331
CONT2023005352,EXPORT,NSIGT,VC202300331
CONT2023005353,EXPORT,NSIGT,VC202300331
CONT2023005354,EXPORT,NSIGT,VC202300331
CONT2023005355,IMPORT,NSIGT,VC202300331
CONT2023005356,IMPORT,NSIGT,VC202300331
CONT2023005357,EXPORT,NSFT,VC202300332
CONT2023005358,IMPORT,NSFT,VC202300332
CONT2023005359,EXPORT,NSFT,VC202300332
CONT2023005360,IMPORT,NSFT,VC202300332
CONT2023005361,IMPORT,NSFT,VC202300332
CONT2023005362,EXPORT,NSFT,VC202300332
CONT2023005363,EXPORT,NSFT,VC202300332
CONT2023005364,IMPORT,NSFT,VC202300332
CONT2023005365,EXPORT,NSFT,VC202300332
CONT2023005366,IMPORT,NSFT,VC202300332
CONT2023005367,IMPORT,NSFT,VC202300332
CONT2023005368,IMPORT,NSFT,VC202300332
CONT2023005369,EXPORT,NSFT,VC202300332
CONT2023005370,IMPORT,NSFT,VC202300332
CONT2023005371,IMPORT,NSFT,VC202300332
CONT2023005372,EXPORT,NSFT,VC202300332
CONT2023005373,IMPORT,NSFT,VC202300332
CONT2023005374,IMPORT,BMCT,VC202300333
CONT2023005375,EXPORT,BMCT,VC202300333
CONT2023005376,EXPORT,BMCT,VC202300333
CONT2023005377,IMPORT,BMCT,VC202300333
CONT2023005378,EXPORT,BMCT,VC202300333
CONT2023005379,IMPORT,BMCT,VC202300333
CONT2023005380,IMPORT,BMCT,VC202300333
CONT2023005381,IMPORT,BMCT,VC202300333
CONT2023005382,EXPORT,BMCT,VC202300333
CONT2023005383,EXPORT,BMCT,VC202300333
CONT2023005384,EXPORT,BMCT,VC202300333
CONT2023005385,EXPORT,BMCT,VC202300333
CONT2023005386,IMPORT,NSICT,VC202300334
CONT2023005387,IMPORT,NSICT,VC202300334
CONT2023005388,EXPORT,NSICT,VC202300334
CONT2023005389,EXPORT,NSICT,VC202300334
CONT2023005390,IMPORT,NSICT,VC202300334
CONT2023005391,IMPORT,NSICT,VC202300334
CONT2023005392,EXPORT,NSICT,VC202300334
CONT2023005393,IMPORT,NSICT,VC202300334
CONT2023005394,EXPORT,NSICT,VC202300334
CONT2023005395,EXPORT,NSICT,VC202300334
CONT2023005396,IMPORT,NSICT,VC202300334
CONT2023005397,EXPORT,NSICT,VC202300334
CONT2023005398,EXPORT,NSICT,VC202300334
CONT2023005399,IMPORT,NSICT,VC202300334
CONT2023005400,EXPORT,NSICT,VC202300334
CONT2023005401,IMPORT,NSICT,VC202300334
CONT2023005402,IMPORT,NSICT,VC202300334
CONT2023005403,IMPORT,NSICT,VC202300334
CONT2023005404,IMPORT,NSICT,VC202300334
CONT2023005405,EXPORT,NSICT,VC202300334
CONT2023005406,IMPORT,NSICT,VC202300334
CONT2023005407,EXPORT,NSICT,VC202300334
CONT2023005408,EXPORT,NSICT,VC202300334
CONT2023005409,EXPORT,NSICT,VC202300334
CONT2023005410,IMPORT,NSICT,VC202300334
CONT2023005411,EXPORT,NSICT,VC202300334
CONT2023005412,IMPORT,NSICT,VC202300334
CONT2023005413,EXPORT,NSICT,VC202300334
CONT2023005414,EXPORT,NSICT,VC202300334
CONT2023005415,EXPORT,NSICT,VC202300334
CONT2023005416,IMPORT,NSFT,VC202300335
CONT2023005417,IMPORT,NSFT,VC202300335
CONT2023005418,EXPORT,NSFT,VC202300335
CONT2023005419,EXPORT,NSFT,VC202300335
CONT2023005420,EXPORT,NSFT,VC202300335
CONT2023005421,IMPORT,NSFT,VC202300335
CONT2023005422,IMPORT,NSFT,VC202300335
CONT2023005423,IMPORT,NSFT,VC202300335
CONT2023005424,IMPORT,NSFT,VC202300335
CONT2023005425,EXPORT,NSFT,VC202300335
CONT2023005426,EXPORT,NSFT,VC202300335
CONT2023005427,IMPORT,NSFT,VC202300335
CONT2023005428,IMPORT,NSFT,VC202300335
CONT2023005429,IMPORT,NSFT,VC202300335
CONT2023005430,EXPORT,NSFT,VC202300335
CONT2023005431,EXPORT,NSFT,VC202300335
CONT2023005432,IMPORT,GTI,VC202300336
CONT2023005433,IMPORT,GTI,VC202300336
CONT2023005434,IMPORT,GTI,VC202300336
CONT2023005435,IMPORT,GTI,VC202300336
CONT2023005436,EXPORT,GTI,VC202300336
CONT2023005437,EXPORT,GTI,VC202300336
CONT2023005438,EXPORT,GTI,VC202300336
CONT2023005439,IMPORT,GTI,VC202300336
CONT2023005440,IMPORT,NSICT,VC202300337
CONT2023005441,IMPORT,NSICT,VC202300337
CONT2023005442,EXPORT,NSICT,VC202300337
CONT2023005443,EXPORT,NSICT,VC202300337
CONT2023005444,IMPORT,NSICT,VC202300337
CONT2023005445,IMPORT,NSICT,VC202300337
CONT2023005446,IMPORT,NSICT,VC202300337
CONT2023005447,IMPORT,NSICT,VC202300337
CONT2023005448,EXPORT,NSICT,VC202300337
CONT2023005449,IMPORT,GTI,VC202300338
CONT2023005450,EXPORT,GTI,VC202300338
CONT2023005451,EXPORT,GTI,VC202300338
CONT2023005452,EXPORT,GTI,VC202300338
CONT2023005453,IMPORT,GTI,VC202300338
CONT2023005454,IMPORT,GTI,VC202300338
CONT2023005455,IMPORT,NSFT,VC202300339
CONT2023005456,EXPORT,NSFT,VC202300339
CONT2023005457,EXPORT,NSFT,VC202300339
CONT2023005458,EXPORT,NSFT,VC202300339
CONT2023005459,EXPORT,NSFT,VC202300339
CONT2023005460,EXPORT,NSFT,VC202300339
CONT2023005461,IMPORT,NSFT,VC202300339
CONT2023005462,IMPORT,NSFT,VC202300339
CONT2023005463,EXPORT,NSFT,VC202300339
CONT2023005464,EXPORT,NSFT,VC202300339
CONT2023005465,EXPORT,NSFT,VC202300339
CONT2023005466,EXPORT,NSFT,VC202300339
CONT2023005467,EXPORT,NSFT,VC202300339
CONT2023005468,IMPORT,NSFT,VC202300339
CONT2023005469,IMPORT,NSFT,VC202300339
CONT2023005470,EXPORT,NSFT,VC202300339
CONT2023005471,EXPORT,NSFT,VC202300339
CONT2023005472,IMPORT,NSFT,VC202300339
CONT2023005473,EXPORT,NSFT,VC202300339
CONT2023005474,EXPORT,NSFT,VC202300339
CONT2023005475,IMPORT,NSFT,VC202300339
CONT2023005476,EXPORT,NSFT,VC202300339
CONT2023005477,IMPORT,NSFT,VC202300339
CONT2023005478,IMPORT,NSFT,VC202300339
CONT2023005479,IMPORT,NSFT,VC202300339
CONT2023005480,IMPORT,NSFT,VC202300339
CONT2023005481,EXPORT,NSFT,VC202300339
CONT2023005482,IMPORT,NSFT,VC202300339
CONT2023005483,IMPORT,NSFT,VC202300339
CONT2023005484,EXPORT,NSFT,VC202300339
CONT2023005485,EXPORT,NSFT,VC202300339
CONT2023005486,IMPORT,NSFT,VC202300339
CONT2023005487,IMPORT,NSFT,VC202300339
CONT2023005488,EXPORT,NSFT,VC202300339
CONT2023005489,EXPORT,NSFT,VC202300339
CONT2023005490,EXPORT,NSFT,VC202300339
CONT2023005491,EXPORT,NSFT,VC202300339
CONT2023005492,EXPORT,NSFT,VC202300339
CONT2023005493,EXPORT,NSFT,VC202300339
CONT2023005494,EXPORT,NSFT,VC202300339
CONT2023005495,EXPORT,NSFT,VC202300339
CONT2023005496,IMPORT,NSFT,VC202300339
CONT2023005497,IMPORT,NSFT,VC202300339
CONT2023005498,IMPORT,NSFT,VC202300339
CONT2023005499,IMPORT,NSFT,VC202300339
CONT2023005500,IMPORT,NSFT,VC202300339
CONT2023005501,EXPORT,NSFT,VC202300339
CONT2023005502,EXPORT,NSFT,VC202300339
CONT2023005503,EXPORT,NSFT,VC202300339
CONT2023005504,EXPORT,NSFT,VC202300339
CONT2023005505,EXPORT,NSFT,VC202300339
CONT2023005506,IMPORT,NSFT,VC202300339
CONT2023005507,EXPORT,NSIGT,VC202300340
CONT2023005508,IMPORT,NSIGT,VC202300340
CONT2023005509,EXPORT,NSIGT,VC202300340
CONT2023005510,IMPORT,NSIGT,VC202300340
CONT2023005511,IMPORT,NSIGT,VC202300340
CONT2023005512,EXPORT,NSIGT,VC202300340
CONT2023005513,IMPORT,BMCT,VC202300341
CONT2023005514,IMPORT,BMCT,VC202300341
CONT2023005515,IMPORT,BMCT,VC202300341
CONT2023005516,IMPORT,BMCT,VC202300341
CONT2023005517,EXPORT,BMCT,VC202300341
CONT2023005518,EXPORT,BMCT,VC202300341
CONT2023005519,EXPORT,BMCT,VC202300341
CONT2023005520,EXPORT,BMCT,VC202300341
CONT2023005521,IMPORT,BMCT,VC202300341
CONT2023005522,EXPORT,BMCT,VC202300341
CONT2023005523,IMPORT,NSICT,VC202300342
CONT2023005524,IMPORT,NSICT,VC202300342
CONT2023005525,IMPORT,NSICT,VC202300342
CONT2023005526,EXPORT,NSICT,VC202300342
CONT2023005527,EXPORT,NSICT,VC202300342
CONT2023005528,IMPORT,NSICT,VC202300342
CONT2023005529,IMPORT,NSICT,VC202300342
CONT2023005530,EXPORT,NSICT,VC202300342
CONT2023005531,IMPORT,NSICT,VC202300342
CONT2023005532,EXPORT,NSICT,VC202300342
CONT2023005533,IMPORT,NSICT,VC202300342
CONT2023005534,EXPORT,NSICT,VC202300342
CONT2023005535,EXPORT,NSICT,VC202300342
CONT2023005536,EXPORT,NSICT,VC202300342
CONT2023005537,EXPORT,NSICT,VC202300342
CONT2023005538,IMPORT,NSICT,VC202300342
CONT2023005539,EXPORT,NSICT,VC202300342
CONT2023005540,EXPORT,NSICT,VC202300342
CONT2023005541,IMPORT,NSICT,VC202300342
CONT2023005542,EXPORT,NSICT,VC202300342
CONT2023005543,IMPORT,NSICT,VC202300342
CONT2023005544,IMPORT,NSFT,VC202300343
CONT2023005545,EXPORT,NSFT,VC202300343
CONT2023005546,IMPORT,NSFT,VC202300343
CONT2023005547,EXPORT,NSFT,VC202300343
CONT2023005548,EXPORT,NSFT,VC202300343
CONT2023005549,EXPORT,NSFT,VC202300343
CONT2023005550,IMPORT,NSFT,VC202300343
CONT2023005551,EXPORT,NSFT,VC202300343
CONT2023005552,EXPORT,NSFT,VC202300343
CONT2023005553,EXPORT,NSFT,VC202300343
CONT2023005554,IMPORT,NSFT,VC202300343
CONT2023005555,IMPORT,NSFT,VC202300343
CONT2023005556,IMPORT,NSFT,VC202300343
CONT2023005557,EXPORT,NSFT,VC202300343
CONT2023005558,IMPORT,NSFT,VC202300343
CONT2023005559,IMPORT,NSFT,VC202300343
CONT2023005560,IMPORT,NSFT,VC202300343
CONT2023005561,EXPORT,NSFT,VC202300343
CONT2023005562,IMPORT,NSFT,VC202300343
CONT2023005563,IMPORT,NSFT,VC202300343
CONT2023005564,EXPORT,NSFT,VC202300343
CONT2023005565,EXPORT,NSFT,VC202300343
CONT2023005566,IMPORT,NSFT,VC202300343
CONT2023005567,IMPORT,NSFT,VC202300343
CONT2023005568,EXPORT,NSFT,VC202300343
CONT2023005569,IMPORT,NSFT,VC202300343
CONT2023005570,EXPORT,NSFT,VC202300343
CONT2023005571,IMPORT,NSFT,VC202300343
CONT2023005572,IMPORT,NSFT,VC202300343
CONT2023005573,IMPORT,NSFT,VC202300343
CONT2023005574,IMPORT,NSFT,VC202300343
CONT2023005575,IMPORT,NSFT,VC202300344
CONT2023005576,EXPORT,NSFT,VC202300344
CONT2023005577,IMPORT,NSFT,VC202300344
CONT2023005578,EXPORT,NSFT,VC202300344
CONT2023005579,EXPORT,NSFT,VC202300344
CONT2023005580,IMPORT,NSFT,VC202300344
CONT2023005581,EXPORT,NSFT,VC202300344
CONT2023005582,EXPORT,NSFT,VC202300344
CONT2023005583,EXPORT,NSFT,VC202300344
CONT2023005584,IMPORT,NSFT,VC202300344
CONT2023005585,IMPORT,NSFT,VC202300344
CONT2023005586,EXPORT,NSFT,VC202300344
CONT2023005587,IMPORT,NSFT,VC202300344
CONT2023005588,EXPORT,NSFT,VC202300344
CONT2023005589,IMPORT,NSFT,VC202300344
CONT2023005590,EXPORT,NSFT,VC202300344
CONT2023005591,EXPORT,NSFT,VC202300344
CONT2023005592,IMPORT,NSFT,VC202300344
CONT2023005593,IMPORT,NSFT,VC202300344
CONT2023005594,IMPORT,NSFT,VC202300344
CONT2023005595,EXPORT,NSFT,VC202300344
CONT2023005596,IMPORT,NSFT,VC202300344
CONT2023005597,EXPORT,NSFT,VC202300344
CONT2023005598,IMPORT,NSFT,VC202300344
CONT2023005599,IMPORT,NSFT,VC202300344
CONT2023005600,EXPORT,NSFT,VC202300344
CONT2023005601,EXPORT,NSFT,VC202300344
CONT2023005602,IMPORT,NSFT,VC202300344
CONT2023005603,IMPORT,NSFT,VC202300344
CONT2023005604,IMPORT,NSFT,VC202300344
CONT2023005605,IMPORT,NSFT,VC202300344
CONT2023005606,EXPORT,NSFT,VC202300344
CONT2023005607,IMPORT,NSFT,VC202300344
CONT2023005608,IMPORT,NSFT,VC202300344
CONT2023005609,IMPORT,NSFT,VC202300344
CONT2023005610,EXPORT,NSFT,VC202300344
CONT2023005611,IMPORT,NSFT,VC202300344
CONT2023005612,EXPORT,NSICT,VC202300345
CONT2023005613,IMPORT,NSICT,VC202300345
CONT2023005614,EXPORT,NSICT,VC202300345
CONT2023005615,IMPORT,NSICT,VC202300345
CONT2023005616,EXPORT,NSICT,VC202300345
CONT2023005617,EXPORT,NSICT,VC202300345
CONT2023005618,EXPORT,NSICT,VC202300345
CONT2023005619,IMPORT,NSICT,VC202300345
CONT2023005620,EXPORT,NSICT,VC202300345
CONT2023005621,EXPORT,NSICT,VC202300345
CONT2023005622,EXPORT,NSICT,VC202300345
CONT2023005623,EXPORT,NSICT,VC202300345
CONT2023005624,IMPORT,NSICT,VC202300345
CONT2023005625,IMPORT,NSIGT,VC202300346
CONT2023005626,EXPORT,NSIGT,VC202300346
CONT2023005627,EXPORT,NSIGT,VC202300346
CONT2023005628,IMPORT,NSIGT,VC202300346
CONT2023005629,EXPORT,NSIGT,VC202300346
CONT2023005630,EXPORT,NSIGT,VC202300346
CONT2023005631,EXPORT,NSIGT,VC202300346
CONT2023005632,EXPORT,NSIGT,VC202300346
CONT2023005633,IMPORT,NSIGT,VC202300346
CONT2023005634,IMPORT,NSIGT,VC202300346
CONT2023005635,IMPORT,NSIGT,VC202300346
CONT2023005636,IMPORT,NSIGT,VC202300346
CONT2023005637,EXPORT,NSIGT,VC202300346
CONT2023005638,IMPORT,NSIGT,VC202300346
CONT2023005639,EXPORT,NSIGT,VC202300346
CONT2023005640,IMPORT,NSIGT,VC202300346
CONT2023005641,EXPORT,NSIGT,VC202300346
CONT2023005642,IMPORT,NSIGT,VC202300346
CONT2023005643,IMPORT,BMCT,VC202300347
CONT2023005644,IMPORT,BMCT,VC202300347
CONT2023005645,EXPORT,BMCT,VC202300347
CONT2023005646,IMPORT,BMCT,VC202300347
CONT2023005647,EXPORT,BMCT,VC202300347
CONT2023005648,IMPORT,BMCT,VC202300347
CONT2023005649,EXPORT,BMCT,VC202300347
CONT2023005650,IMPORT,BMCT,VC202300347
CONT2023005651,EXPORT,BMCT,VC202300347
CONT2023005652,IMPORT,BMCT,VC202300347
CONT2023005653,EXPORT,BMCT,VC202300347
CONT2023005654,EXPORT,BMCT,VC202300347
CONT2023005655,IMPORT,NSICT,VC202300348
CONT2023005656,IMPORT,NSICT,VC202300348
CONT2023005657,EXPORT,NSICT,VC202300348
CONT2023005658,IMPORT,NSICT,VC202300348
CONT2023005659,EXPORT,NSICT,VC202300348
CONT2023005660,IMPORT,NSICT,VC202300348
CONT2023005661,IMPORT,GTI,VC202300349
CONT2023005662,EXPORT,GTI,VC202300349
CONT2023005663,IMPORT,GTI,VC202300349
CONT2023005664,IMPORT,GTI,VC202300349
CONT2023005665,EXPORT,GTI,VC202300349
CONT2023005666,EXPORT,GTI,VC202300349
CONT2023005667,IMPORT,GTI,VC202300349
CONT2023005668,EXPORT,GTI,VC202300349
CONT2023005669,IMPORT,NSICT,VC202300350
CONT2023005670,IMPORT,NSICT,VC202300350
CONT2023005671,EXPORT,NSICT,VC202300350
CONT2023005672,IMPORT,NSICT,VC202300350
CONT2023005673,EXPORT,NSICT,VC202300350
CONT2023005674,EXPORT,NSICT,VC202300350
CONT2023005675,IMPORT,NSIGT,VC202300351
CONT2023005676,IMPORT,NSIGT,VC202300351
CONT2023005677,IMPORT,NSIGT,VC202300351
CONT2023005678,EXPORT,NSIGT,VC202300351
CONT2023005679,EXPORT,NSIGT,VC202300351
CONT2023005680,EXPORT,NSIGT,VC202300351
CONT2023005681,EXPORT,NSIGT,VC202300351
CONT2023005682,IMPORT,NSIGT,VC202300351
CONT2023005683,IMPORT,NSIGT,VC202300351
CONT2023005684,EXPORT,NSIGT,VC202300351
CONT2023005685,EXPORT,NSIGT,VC202300351
CONT2023005686,EXPORT,NSIGT,VC202300351
CONT2023005687,IMPORT,NSIGT,VC202300351
CONT2023005688,IMPORT,NSIGT,VC202300351
CONT2023005689,IMPORT,NSIGT,VC202300351
CONT2023005690,EXPORT,NSIGT,VC202300351
CONT2023005691,IMPORT,NSIGT,VC202300352
CONT2023005692,IMPORT,NSIGT,VC202300352
CONT2023005693,IMPORT,NSIGT,VC202300352
CONT2023005694,IMPORT,NSIGT,VC202300352
CONT2023005695,IMPORT,NSIGT,VC202300352
CONT2023005696,IMPORT,NSIGT,VC202300352
CONT2023005697,IMPORT,NSIGT,VC202300352
CONT2023005698,EXPORT,NSIGT,VC202300352
CONT2023005699,EXPORT,NSIGT,VC202300352
CONT2023005700,EXPORT,NSIGT,VC202300352
CONT2023005701,EXPORT,NSIGT,VC202300352
CONT2023005702,EXPORT,GTI,VC202300353
CONT2023005703,EXPORT,GTI,VC202300353
CONT2023005704,EXPORT,GTI,VC202300353
CONT2023005705,IMPORT,GTI,VC202300353
CONT2023005706,EXPORT,GTI,VC202300353
CONT2023005707,EXPORT,GTI,VC202300353
CONT2023005708,IMPORT,GTI,VC202300353
CONT2023005709,IMPORT,GTI,VC202300353
CONT2023005710,IMPORT,GTI,VC202300353
CONT2023005711,IMPORT,GTI,VC202300353
CONT2023005712,EXPORT,GTI,VC202300353
CONT2023005713,EXPORT,GTI,VC202300353
CONT2023005714,EXPORT,NSIGT,VC202300354
CONT2023005715,IMPORT,NSIGT,VC202300354
CONT2023005716,EXPORT,NSIGT,VC202300354
CONT2023005717,EXPORT,NSIGT,VC202300354
CONT2023005718,IMPORT,NSIGT,VC202300354
CONT2023005719,IMPORT,NSIGT,VC202300354
CONT2023005720,IMPORT,NSIGT,VC202300354
CONT2023005721,EXPORT,NSIGT,VC202300354
CONT2023005722,EXPORT,NSIGT,VC202300354
CONT2023005723,IMPORT,NSIGT,VC202300354
CONT2023005724,IMPORT,NSIGT,VC202300354
CONT2023005725,EXPORT,NSIGT,VC202300354
CONT2023005726,EXPORT,NSIGT,VC202300354
CONT2023005727,EXPORT,NSIGT,VC202300354
CONT2023005728,IMPORT,NSIGT,VC202300354
CONT2023005729,EXPORT,NSIGT,VC202300354
CONT2023005730,IMPORT,NSIGT,VC202300354
CONT2023005731,EXPORT,NSIGT,VC202300354
CONT2023005732,IMPORT,NSIGT,VC202300354
CONT2023005733,IMPORT,NSIGT,VC202300354
CONT2023005734,EXPORT,BMCT,VC202300355
CONT2023005735,IMPORT,BMCT,VC202300355
CONT2023005736,EXPORT,BMCT,VC202300355
CONT2023005737,EXPORT,BMCT,VC202300355
CONT2023005738,EXPORT,BMCT,VC202300355
CONT2023005739,EXPORT,BMCT,VC202300355
CONT2023005740,EXPORT,BMCT,VC202300355
CONT2023005741,EXPORT,BMCT,VC202300355
CONT2023005742,EXPORT,BMCT,VC202300355
CONT2023005743,EXPORT,BMCT,VC202300355
CONT2023005744,IMPORT,BMCT,VC202300355
CONT2023005745,EXPORT,BMCT,VC202300355
CONT2023005746,EXPORT,BMCT,VC202300355
CONT2023005747,EXPORT,BMCT,VC202300355
CONT2023005748,IMPORT,BMCT,VC202300355
CONT2023005749,IMPORT,BMCT,VC202300355
CONT2023005750,IMPORT,NSICT,VC202300356
CONT2023005751,IMPORT,NSICT,VC202300356
CONT2023005752,EXPORT,NSICT,VC202300356
CONT2023005753,IMPORT,NSICT,VC202300356
CONT2023005754,EXPORT,NSICT,VC202300356
CONT2023005755,IMPORT,NSICT,VC202300356
CONT2023005756,IMPORT,NSICT,VC202300356
CONT2023005757,EXPORT,NSICT,VC202300356
CONT2023005758,EXPORT,NSICT,VC202300356
CONT2023005759,EXPORT,NSICT,VC202300356
CONT2023005760,EXPORT,NSICT,VC202300356
CONT2023005761,EXPORT,NSICT,VC202300356
CONT2023005762,IMPORT,NSICT,VC202300356
CONT2023005763,EXPORT,NSICT,VC202300356
CONT2023005764,EXPORT,NSICT,VC202300356
CONT2023005765,EXPORT,NSICT,VC202300356
CONT2023005766,IMPORT,NSICT,VC202300356
CONT2023005767,IMPORT,NSICT,VC202300356
CONT2023005768,EXPORT,NSICT,VC202300356
CONT2023005769,IMPORT,NSICT,VC202300356
CONT2023005770,EXPORT,NSFT,VC202300357
CONT2023005771,IMPORT,NSFT,VC202300357
CONT2023005772,IMPORT,NSFT,VC202300357
CONT2023005773,IMPORT,NSFT,VC202300357
CONT2023005774,EXPORT,NSFT,VC202300357
CONT2023005775,EXPORT,NSFT,VC202300357
CONT2023005776,IMPORT,NSFT,VC202300357
CONT2023005777,EXPORT,NSFT,VC202300357
CONT2023005778,IMPORT,NSFT,VC202300357
CONT2023005779,EXPORT,NSFT,VC202300357
CONT2023005780,EXPORT,NSFT,VC202300357
CONT2023005781,IMPORT,NSFT,VC202300357
CONT2023005782,EXPORT,NSFT,VC202300357
CONT2023005783,IMPORT,NSFT,VC202300357
CONT2023005784,IMPORT,NSFT,VC202300357
CONT2023005785,IMPORT,NSFT,VC202300357
CONT2023005786,IMPORT,NSFT,VC202300357
CONT2023005787,EXPORT,NSFT,VC202300357
CONT2023005788,IMPORT,NSFT,VC202300357
CONT2023005789,IMPORT,NSFT,VC202300357
CONT2023005790,EXPORT,NSFT,VC202300357
CONT2023005791,IMPORT,NSFT,VC202300357
CONT2023005792,EXPORT,NSFT,VC202300357
CONT2023005793,EXPORT,NSFT,VC202300357
CONT2023005794,EXPORT,NSFT,VC202300357
CONT2023005795,EXPORT,NSFT,VC202300357
CONT2023005796,IMPORT,NSFT,VC202300357
CONT2023005797,EXPORT,NSFT,VC202300357
CONT2023005798,EXPORT,NSFT,VC202300357
CONT2023005799,IMPORT,NSFT,VC202300357
CONT2023005800,IMPORT,NSFT,VC202300357
CONT2023005801,EXPORT,NSFT,VC202300357
CONT2023005802,EXPORT,NSFT,VC202300357
CONT2023005803,IMPORT,NSFT,VC202300357
CONT2023005804,IMPORT,NSFT,VC202300357
CONT2023005805,IMPORT,NSFT,VC202300357
CONT2023005806,IMPORT,NSFT,VC202300357
CONT2023005807,IMPORT,NSIGT,VC202300358
CONT2023005808,IMPORT,NSIGT,VC202300358
CONT2023005809,EXPORT,NSIGT,VC202300358
CONT2023005810,EXPORT,NSIGT,VC202300358
CONT2023005811,IMPORT,NSIGT,VC202300358
CONT2023005812,EXPORT,NSIGT,VC202300358
CONT2023005813,EXPORT,NSIGT,VC202300358
CONT2023005814,IMPORT,NSIGT,VC202300358
CONT2023005815,IMPORT,NSIGT,VC202300358
CONT2023005816,EXPORT,GTI,VC202300359
CONT2023005817,IMPORT,GTI,VC202300359
CONT2023005818,EXPORT,GTI,VC202300359
CONT2023005819,EXPORT,GTI,VC202300359
CONT2023005820,IMPORT,GTI,VC202300359
CONT2023005821,EXPORT,GTI,VC202300359
CONT2023005822,IMPORT,GTI,VC202300360
CONT2023005823,EXPORT,GTI,VC202300360
CONT2023005824,IMPORT,GTI,VC202300360
CONT2023005825,EXPORT,GTI,VC202300360
CONT2023005826,IMPORT,GTI,VC202300360
CONT2023005827,EXPORT,GTI,VC202300360
CONT2023005828,EXPORT,GTI,VC202300360
CONT2023005829,EXPORT,GTI,VC202300360
CONT2023005830,EXPORT,GTI,VC202300360
CONT2023005831,EXPORT,GTI,VC202300360
CONT2023005832,IMPORT,GTI,VC202300361
CONT2023005833,EXPORT,GTI,VC202300361
CONT2023005834,IMPORT,GTI,VC202300361
CONT2023005835,EXPORT,GTI,VC202300361
CONT2023005836,EXPORT,GTI,VC202300361
CONT2023005837,EXPORT,GTI,VC202300361
CONT2023005838,EXPORT,GTI,VC202300361
CONT2023005839,EXPORT,GTI,VC202300361
CONT2023005840,IMPORT,GTI,VC202300361
CONT2023005841,EXPORT,GTI,VC202300361
CONT2023005842,IMPORT,GTI,VC202300361
CONT2023005843,IMPORT,GTI,VC202300361
CONT2023005844,EXPORT,NSICT,VC202300362
CONT2023005845,EXPORT,NSICT,VC202300362
CONT2023005846,EXPORT,NSICT,VC202300362
CONT2023005847,IMPORT,NSICT,VC202300362
CONT2023005848,EXPORT,NSICT,VC202300362
CONT2023005849,IMPORT,NSICT,VC202300362
CONT2023005850,EXPORT,NSICT,VC202300362
CONT2023005851,IMPORT,NSICT,VC202300362
CONT2023005852,EXPORT,NSICT,VC202300362
CONT2023005853,EXPORT,NSICT,VC202300362
CONT2023005854,EXPORT,NSICT,VC202300362
CONT2023005855,IMPORT,NSICT,VC202300362
CONT2023005856,EXPORT,NSICT,VC202300362
CONT2023005857,IMPORT,NSICT,VC202300362
CONT2023005858,IMPORT,NSICT,VC202300362
CONT2023005859,IMPORT,NSICT,VC202300362
CONT2023005860,EXPORT,NSICT,VC202300362
CONT2023005861,EXPORT,NSICT,VC202300363
CONT2023005862,IMPORT,NSICT,VC202300363
CONT2023005863,IMPORT,NSICT,VC202300363
CONT2023005864,EXPORT,NSICT,VC202300363
CONT2023005865,EXPORT,NSICT,VC202300363
CONT2023005866,EXPORT,NSICT,VC202300363
CONT2023005867,EXPORT,NSICT,VC202300363
CONT2023005868,EXPORT,NSICT,VC202300363
CONT2023005869,IMPORT,NSICT,VC202300363
CONT2023005870,IMPORT,NSICT,VC202300363
CONT2023005871,IMPORT,NSICT,VC202300363
CONT2023005872,EXPORT,NSICT,VC202300363
CONT2023005873,IMPORT,NSICT,VC202300363
CONT2023005874,IMPORT,NSICT,VC202300363
CONT2023005875,IMPORT,NSICT,VC202300363
CONT2023005876,EXPORT,NSICT,VC202300363
CONT2023005877,IMPORT,NSICT,VC202300363
CONT2023005878,IMPORT,NSICT,VC202300363
CONT2023005879,EXPORT,NSICT,VC202300363
CONT2023005880,IMPORT,NSICT,VC202300363
CONT2023005881,EXPORT,GTI,VC202300364
CONT2023005882,IMPORT,GTI,VC202300364
CONT2023005883,EXPORT,GTI,VC202300364
CONT2023005884,IMPORT,GTI,VC202300364
CONT2023005885,EXPORT,GTI,VC202300364
CONT2023005886,IMPORT,GTI,VC202300364
CONT2023005887,EXPORT,GTI,VC202300364
CONT2023005888,IMPORT,GTI,VC202300364
CONT2023005889,EXPORT,NSICT,VC202300365
CONT2023005890,EXPORT,NSICT,VC202300365
CONT2023005891,EXPORT,NSICT,VC202300365
CONT2023005892,IMPORT,NSICT,VC202300365
CONT2023005893,EXPORT,NSICT,VC202300365
CONT2023005894,EXPORT,NSICT,VC202300365
CONT2023005895,EXPORT,NSICT,VC202300365
CONT2023005896,IMPORT,NSIGT,VC202300366
CONT2023005897,EXPORT,NSIGT,VC202300366
CONT2023005898,IMPORT,NSIGT,VC202300366
CONT2023005899,IMPORT,NSIGT,VC202300366
CONT2023005900,EXPORT,NSIGT,VC202300366
CONT2023005901,IMPORT,NSIGT,VC202300366
CONT2023005902,IMPORT,NSIGT,VC202300366
CONT2023005903,IMPORT,NSIGT,VC202300366
CONT2023005904,EXPORT,NSIGT,VC202300366
CONT2023005905,EXPORT,NSIGT,VC202300366
CONT2023005906,EXPORT,NSIGT,VC202300366
CONT2023005907,IMPORT,NSIGT,VC202300366
CONT2023005908,IMPORT,NSIGT,VC202300366
CONT2023005909,IMPORT,NSIGT,VC202300366
CONT2023005910,EXPORT,NSIGT,VC202300366
CONT2023005911,IMPORT,NSIGT,VC202300366
CONT2023005912,EXPORT,NSIGT,VC202300366
CONT2023005913,EXPORT,NSIGT,VC202300366
CONT2023005914,EXPORT,NSIGT,VC202300366
CONT2023005915,EXPORT,NSIGT,VC202300366
CONT2023005916,EXPORT,NSIGT,VC202300366
CONT2023005917,IMPORT,NSIGT,VC202300366
CONT2023005918,EXPORT,NSIGT,VC202300366
CONT2023005919,IMPORT,NSIGT,VC202300366
CONT2023005920,IMPORT,NSIGT,VC202300366
CONT2023005921,EXPORT,NSIGT,VC202300366
CONT2023005922,EXPORT,NSIGT,VC202300366
CONT2023005923,EXPORT,NSIGT,VC202300366
CONT2023005924,IMPORT,NSIGT,VC202300366
CONT2023005925,IMPORT,NSFT,VC202300367
CONT2023005926,EXPORT,NSFT,VC202300367
CONT2023005927,EXPORT,NSFT,VC202300367
CONT2023005928,IMPORT,NSFT,VC202300367
CONT2023005929,EXPORT,NSFT,VC202300367
CONT2023005930,EXPORT,NSFT,VC202300367
CONT2023005931,EXPORT,NSFT,VC202300367
CONT2023005932,IMPORT,NSFT,VC202300367
CONT2023005933,IMPORT,NSFT,VC202300367
CONT2023005934,EXPORT,NSFT,VC202300367
CONT2023005935,IMPORT,NSFT,VC202300367
CONT2023005936,IMPORT,NSFT,VC202300367
CONT2023005937,EXPORT,NSFT,VC202300367
CONT2023005938,EXPORT,NSFT,VC202300367
CONT2023005939,EXPORT,NSFT,VC202300367
CONT2023005940,IMPORT,NSFT,VC202300367
CONT2023005941,IMPORT,NSICT,VC202300368
CONT2023005942,IMPORT,NSICT,VC202300368
CONT2023005943,IMPORT,NSICT,VC202300368
CONT2023005944,IMPORT,NSICT,VC202300368
CONT2023005945,EXPORT,NSICT,VC202300368
CONT2023005946,IMPORT,NSICT,VC202300368
CONT2023005947,IMPORT,NSICT,VC202300368
CONT2023005948,IMPORT,NSICT,VC202300368
CONT2023005949,EXPORT,NSICT,VC202300368
CONT2023005950,EXPORT,NSICT,VC202300368
CONT2023005951,EXPORT,NSICT,VC202300368
CONT2023005952,IMPORT,NSICT,VC202300368
CONT2023005953,IMPORT,NSICT,VC202300368
CONT2023005954,IMPORT,NSICT,VC202300368
CONT2023005955,EXPORT,NSICT,VC202300368
CONT2023005956,IMPORT,NSICT,VC202300368
CONT2023005957,EXPORT,NSICT,VC202300368
CONT2023005958,EXPORT,NSICT,VC202300369
CONT2023005959,EXPORT,NSICT,VC202300369
CONT2023005960,EXPORT,NSICT,VC202300369
CONT2023005961,EXPORT,NSICT,VC202300369
CONT2023005962,IMPORT,NSICT,VC202300369
CONT2023005963,EXPORT,NSICT,VC202300369
CONT2023005964,EXPORT,NSICT,VC202300369
CONT2023005965,IMPORT,NSICT,VC202300369
CONT2023005966,IMPORT,NSICT,VC202300369
CONT2023005967,IMPORT,NSICT,VC202300369
CONT2023005968,IMPORT,NSICT,VC202300369
CONT2023005969,EXPORT,NSICT,VC202300369
CONT2023005970,IMPORT,NSICT,VC202300369
CONT2023005971,IMPORT,NSICT,VC202300369
CONT2023005972,IMPORT,NSICT,VC202300369
CONT2023005973,EXPORT,NSICT,VC202300369
CONT2023005974,IMPORT,GTI,VC202300370
CONT2023005975,EXPORT,GTI,VC202300370
CONT2023005976,IMPORT,GTI,VC202300370
CONT2023005977,IMPORT,GTI,VC202300370
CONT2023005978,IMPORT,GTI,VC202300370
CONT2023005979,EXPORT,GTI,VC202300370
CONT2023005980,EXPORT,GTI,VC202300370
CONT2023005981,IMPORT,GTI,VC202300370
CONT2023005982,EXPORT,GTI,VC202300370
CONT2023005983,IMPORT,GTI,VC202300370
CONT2023005984,EXPORT,GTI,VC202300370
CONT2023005985,EXPORT,GTI,VC202300370
CONT2023005986,EXPORT,GTI,VC202300370
CONT2023005987,EXPORT,GTI,VC202300370
CONT2023005988,EXPORT,GTI,VC202300370
CONT2023005989,EXPORT,NSICT,VC202300371
CONT2023005990,EXPORT,NSICT,VC202300371
CONT2023005991,IMPORT,NSICT,VC202300371
CONT2023005992,IMPORT,NSICT,VC202300371
CONT2023005993,IMPORT,NSICT,VC202300371
CONT2023005994,IMPORT,NSICT,VC202300371
CONT2023005995,EXPORT,NSICT,VC202300371
CONT2023005996,EXPORT,NSICT,VC202300371
CONT2023005997,IMPORT,NSICT,VC202300371
CONT2023005998,EXPORT,NSICT,VC202300371
CONT2023005999,EXPORT,NSICT,VC202300371
CONT2023006000,EXPORT,NSICT,VC202300371
CONT2023006001,IMPORT,BMCT,VC202300372
CONT2023006002,EXPORT,BMCT,VC202300372
CONT2023006003,IMPORT,BMCT,VC202300372
CONT2023006004,IMPORT,BMCT,VC202300372
CONT2023006005,IMPORT,BMCT,VC202300372
CONT2023006006,EXPORT,BMCT,VC202300372
CONT2023006007,IMPORT,BMCT,VC202300372
CONT2023006008,IMPORT,BMCT,VC202300372
CONT2023006009,IMPORT,BMCT,VC202300372
CONT2023006010,IMPORT,GTI,VC202300373
CONT2023006011,IMPORT,GTI,VC202300373
CONT2023006012,IMPORT,GTI,VC202300373
CONT2023006013,IMPORT,GTI,VC202300373
CONT2023006014,EXPORT,GTI,VC202300373
CONT2023006015,IMPORT,GTI,VC202300373
CONT2023006016,IMPORT,GTI,VC202300373
CONT2023006017,EXPORT,GTI,VC202300373
CONT2023006018,EXPORT,GTI,VC202300373
CONT2023006019,IMPORT,GTI,VC202300373
CONT2023006020,EXPORT,NSICT,VC202300374
CONT2023006021,IMPORT,NSICT,VC202300374
CONT2023006022,IMPORT,NSICT,VC202300374
CONT2023006023,IMPORT,NSICT,VC202300374
CONT2023006024,EXPORT,NSICT,VC202300374
CONT2023006025,EXPORT,NSICT,VC202300374
CONT2023006026,EXPORT,NSICT,VC202300374
CONT2023006027,EXPORT,NSICT,VC202300374
CONT2023006028,IMPORT,NSICT,VC202300374
CONT2023006029,IMPORT,NSICT,VC202300374
CONT2023006030,EXPORT,NSICT,VC202300374
CONT2023006031,EXPORT,NSICT,VC202300374
CONT2023006032,IMPORT,NSICT,VC202300374
CONT2023006033,IMPORT,NSICT,VC202300374
CONT2023006034,IMPORT,NSICT,VC202300374
CONT2023006035,IMPORT,NSICT,VC202300374
CONT2023006036,EXPORT,NSICT,VC202300374
CONT2023006037,IMPORT,NSICT,VC202300374
CONT2023006038,EXPORT,NSICT,VC202300374
CONT2023006039,IMPORT,NSICT,VC202300374
CONT2023006040,IMPORT,NSICT,VC202300374
CONT2023006041,IMPORT,NSICT,VC202300374
CONT2023006042,IMPORT,NSICT,VC202300374
CONT2023006043,IMPORT,NSICT,VC202300374
CONT2023006044,IMPORT,NSICT,VC202300374
CONT2023006045,IMPORT,NSICT,VC202300374
CONT2023006046,IMPORT,NSICT,VC202300374
CONT2023006047,IMPORT,NSICT,VC202300374
CONT2023006048,EXPORT,NSICT,VC202300374
CONT2023006049,EXPORT,NSICT,VC202300374
CONT2023006050,IMPORT,NSICT,VC202300374
CONT2023006051,EXPORT,NSICT,VC202300374
CONT2023006052,EXPORT,NSICT,VC202300374
CONT2023006053,IMPORT,NSICT,VC202300374
CONT2023006054,IMPORT,NSICT,VC202300374
CONT2023006055,IMPORT,NSICT,VC202300374
CONT2023006056,IMPORT,NSICT,VC202300374
CONT2023006057,EXPORT,NSICT,VC202300374
CONT2023006058,IMPORT,NSICT,VC202300374
CONT2023006059,IMPORT,NSICT,VC202300374
CONT2023006060,EXPORT,NSICT,VC202300374
CONT2023006061,IMPORT,NSICT,VC202300374
CONT2023006062,EXPORT,NSICT,VC202300374
CONT2023006063,IMPORT,NSICT,VC202300374
CONT2023006064,IMPORT,NSICT,VC202300374
CONT2023006065,IMPORT,BMCT,VC202300375
CONT2023006066,EXPORT,BMCT,VC202300375
CONT2023006067,EXPORT,BMCT,VC202300375
CONT2023006068,IMPORT,BMCT,VC202300375
CONT2023006069,IMPORT,BMCT,VC202300375
CONT2023006070,IMPORT,BMCT,VC202300375
CONT2023006071,EXPORT,BMCT,VC202300375
CONT2023006072,EXPORT,BMCT,VC202300375
CONT2023006073,IMPORT,BMCT,VC202300375
CONT2023006074,EXPORT,BMCT,VC202300375
CONT2023006075,EXPORT,BMCT,VC202300375
CONT2023006076,EXPORT,BMCT,VC202300375
CONT2023006077,EXPORT,BMCT,VC202300375
CONT2023006078,IMPORT,BMCT,VC202300375
CONT2023006079,EXPORT,BMCT,VC202300375
CONT2023006080,EXPORT,BMCT,VC202300375
CONT2023006081,EXPORT,BMCT,VC202300375
CONT2023006082,IMPORT,BMCT,VC202300375
CONT2023006083,IMPORT,BMCT,VC202300375
CONT2023006084,IMPORT,BMCT,VC202300375
CONT2023006085,IMPORT,BMCT,VC202300375
CONT2023006086,IMPORT,BMCT,VC202300375
CONT2023006087,IMPORT,BMCT,VC202300375
CONT2023006088,EXPORT,BMCT,VC202300375
CONT2023006089,IMPORT,BMCT,VC202300375
CONT2023006090,EXPORT,BMCT,VC202300375
CONT2023006091,EXPORT,BMCT,VC202300375
CONT2023006092,EXPORT,BMCT,VC202300375
CONT2023006093,EXPORT,BMCT,VC202300375
CONT2023006094,IMPORT,BMCT,VC202300375
CONT2023006095,IMPORT,BMCT,VC202300375
CONT2023006096,IMPORT,BMCT,VC202300375
CONT2023006097,EXPORT,BMCT,VC202300375
CONT2023006098,IMPORT,BMCT,VC202300375
CONT2023006099,IMPORT,BMCT,VC202300375
CONT2023006100,EXPORT,BMCT,VC202300375
CONT2023006101,IMPORT,BMCT,VC202300375
CONT2023006102,EXPORT,GTI,VC202300376
CONT2023006103,IMPORT,GTI,VC202300376
CONT2023006104,EXPORT,GTI,VC202300376
CONT2023006105,EXPORT,GTI,VC202300376
CONT2023006106,IMPORT,GTI,VC202300376
CONT2023006107,EXPORT,GTI,VC202300376
CONT2023006108,EXPORT,GTI,VC202300376
CONT2023006109,EXPORT,GTI,VC202300376
CONT2023006110,IMPORT,GTI,VC202300376
CONT2023006111,IMPORT,GTI,VC202300376
CONT2023006112,EXPORT,GTI,VC202300376
CONT2023006113,IMPORT,GTI,VC202300376
CONT2023006114,EXPORT,GTI,VC202300376
CONT2023006115,IMPORT,GTI,VC202300376
CONT2023006116,EXPORT,GTI,VC202300376
CONT2023006117,IMPORT,GTI,VC202300376
CONT2023006118,IMPORT,GTI,VC202300376
CONT2023006119,IMPORT,GTI,VC202300376
CONT2023006120,EXPORT,GTI,VC202300376
CONT2023006121,IMPORT,GTI,VC202300376
CONT2023006122,EXPORT,GTI,VC202300376
CONT2023006123,IMPORT,GTI,VC202300376
CONT2023006124,EXPORT,GTI,VC202300376
CONT2023006125,IMPORT,NSIGT,VC202300377
CONT2023006126,EXPORT,NSIGT,VC202300377
CONT2023006127,IMPORT,NSIGT,VC202300377
CONT2023006128,IMPORT,NSIGT,VC202300377
CONT2023006129,EXPORT,NSIGT,VC202300377
CONT2023006130,IMPORT,NSIGT,VC202300377
CONT2023006131,IMPORT,NSIGT,VC202300377
CONT2023006132,IMPORT,NSIGT,VC202300377
CONT2023006133,EXPORT,NSIGT,VC202300377
CONT2023006134,IMPORT,NSIGT,VC202300377
CONT2023006135,IMPORT,NSIGT,VC202300377
CONT2023006136,EXPORT,NSIGT,VC202300377
CONT2023006137,IMPORT,NSIGT,VC202300377
CONT2023006138,IMPORT,NSFT,VC202300378
CONT2023006139,IMPORT,NSFT,VC202300378
CONT2023006140,EXPORT,NSFT,VC202300378
CONT2023006141,EXPORT,NSFT,VC202300378
CONT2023006142,IMPORT,NSFT,VC202300378
CONT2023006143,EXPORT,NSFT,VC202300378
CONT2023006144,EXPORT,NSFT,VC202300378
CONT2023006145,IMPORT,NSFT,VC202300378
CONT2023006146,IMPORT,NSFT,VC202300378
CONT2023006147,IMPORT,NSFT,VC202300378
CONT2023006148,EXPORT,NSFT,VC202300378
CONT2023006149,IMPORT,NSFT,VC202300378
CONT2023006150,EXPORT,NSFT,VC202300378
CONT2023006151,EXPORT,NSFT,VC202300378
CONT2023006152,EXPORT,NSFT,VC202300378
CONT2023006153,EXPORT,NSFT,VC202300378
CONT2023006154,EXPORT,NSFT,VC202300378
CONT2023006155,EXPORT,NSFT,VC202300378
CONT2023006156,IMPORT,NSFT,VC202300378
CONT2023006157,EXPORT,NSICT,VC202300379
CONT2023006158,IMPORT,NSICT,VC202300379
CONT2023006159,IMPORT,NSICT,VC202300379
CONT2023006160,IMPORT,NSICT,VC202300379
CONT2023006161,EXPORT,NSICT,VC202300379
CONT2023006162,EXPORT,NSICT,VC202300379
CONT2023006163,EXPORT,GTI,VC202300380
CONT2023006164,IMPORT,GTI,VC202300380
CONT2023006165,IMPORT,GTI,VC202300380
CONT2023006166,IMPORT,GTI,VC202300380
CONT2023006167,EXPORT,GTI,VC202300380
CONT2023006168,EXPORT,GTI,VC202300380
CONT2023006169,IMPORT,GTI,VC202300380
CONT2023006170,IMPORT,GTI,VC202300380
CONT2023006171,IMPORT,GTI,VC202300380
CONT2023006172,IMPORT,GTI,VC202300380
CONT2023006173,IMPORT,GTI,VC202300380
CONT2023006174,IMPORT,GTI,VC202300380
CONT2023006175,IMPORT,GTI,VC202300380
CONT2023006176,EXPORT,GTI,VC202300380
CONT2023006177,EXPORT,GTI,VC202300380
CONT2023006178,EXPORT,GTI,VC202300380
CONT2023006179,EXPORT,GTI,VC202300380
CONT2023006180,IMPORT,GTI,VC202300380
CONT2023006181,EXPORT,GTI,VC202300380
CONT2023006182,IMPORT,GTI,VC202300380
CONT2023006183,IMPORT,GTI,VC202300380
CONT2023006184,IMPORT,GTI,VC202300380
CONT2023006185,IMPORT,GTI,VC202300380
CONT2023006186,EXPORT,GTI,VC202300380
CONT2023006187,EXPORT,NSICT,VC202300381
CONT2023006188,EXPORT,NSICT,VC202300381
CONT2023006189,IMPORT,NSICT,VC202300381
CONT2023006190,IMPORT,NSICT,VC202300381
CONT2023006191,IMPORT,NSICT,VC202300381
CONT2023006192,EXPORT,NSICT,VC202300381
CONT2023006193,IMPORT,NSICT,VC202300381
CONT2023006194,IMPORT,NSICT,VC202300381
CONT2023006195,EXPORT,NSICT,VC202300381
CONT2023006196,IMPORT,NSICT,VC202300381
CONT2023006197,IMPORT,NSICT,VC202300381
CONT2023006198,EXPORT,NSICT,VC202300381
CONT2023006199,EXPORT,NSIGT,VC202300382
CONT2023006200,EXPORT,NSIGT,VC202300382
CONT2023006201,EXPORT,NSIGT,VC202300382
CONT2023006202,EXPORT,NSIGT,VC202300382
CONT2023006203,EXPORT,NSIGT,VC202300382
CONT2023006204,EXPORT,NSIGT,VC202300382
CONT2023006205,EXPORT,NSIGT,VC202300382
CONT2023006206,IMPORT,NSIGT,VC202300382
CONT2023006207,EXPORT,NSIGT,VC202300382
CONT2023006208,EXPORT,NSIGT,VC202300382
CONT2023006209,IMPORT,NSIGT,VC202300382
CONT2023006210,IMPORT,NSIGT,VC202300382
CONT2023006211,EXPORT,NSIGT,VC202300382
CONT2023006212,EXPORT,NSIGT,VC202300382
CONT2023006213,EXPORT,GTI,VC202300383
CONT2023006214,EXPORT,GTI,VC202300383
CONT2023006215,IMPORT,GTI,VC202300383
CONT2023006216,IMPORT,GTI,VC202300383
CONT2023006217,IMPORT,GTI,VC202300383
CONT2023006218,EXPORT,GTI,VC202300383
CONT2023006219,EXPORT,GTI,VC202300383
CONT2023006220,EXPORT,GTI,VC202300383
CONT2023006221,IMPORT,GTI,VC202300383
CONT2023006222,EXPORT,GTI,VC202300383
CONT2023006223,EXPORT,GTI,VC202300383
CONT2023006224,EXPORT,GTI,VC202300383
CONT2023006225,IMPORT,GTI,VC202300383
CONT2023006226,EXPORT,GTI,VC202300383
CONT2023006227,IMPORT,NSIGT,VC202300384
CONT2023006228,IMPORT,NSIGT,VC202300384
CONT2023006229,IMPORT,NSIGT,VC202300384
CONT2023006230,IMPORT,NSIGT,VC202300384
CONT2023006231,IMPORT,NSIGT,VC202300384
CONT2023006232,EXPORT,NSIGT,VC202300384
CONT2023006233,EXPORT,NSIGT,VC202300384
CONT2023006234,IMPORT,NSIGT,VC202300384
CONT2023006235,IMPORT,NSIGT,VC202300384
CONT2023006236,EXPORT,NSIGT,VC202300384
CONT2023006237,EXPORT,NSIGT,VC202300384
CONT2023006238,IMPORT,NSIGT,VC202300384
CONT2023006239,IMPORT,NSICT,VC202300385
CONT2023006240,IMPORT,NSICT,VC202300385
CONT2023006241,EXPORT,NSICT,VC202300385
CONT2023006242,IMPORT,NSICT,VC202300385
CONT2023006243,EXPORT,NSICT,VC202300385
CONT2023006244,IMPORT,NSICT,VC202300385
CONT2023006245,EXPORT,NSICT,VC202300385
CONT2023006246,IMPORT,NSICT,VC202300385
CONT2023006247,IMPORT,NSICT,VC202300385
CONT2023006248,EXPORT,NSICT,VC202300385
CONT2023006249,EXPORT,NSICT,VC202300385
CONT2023006250,IMPORT,NSICT,VC202300385
CONT2023006251,IMPORT,NSICT,VC202300385
CONT2023006252,IMPORT,NSICT,VC202300385
CONT2023006253,IMPORT,NSICT,VC202300385
CONT2023006254,IMPORT,NSICT,VC202300385
CONT2023006255,IMPORT,NSICT,VC202300385
CONT2023006256,IMPORT,NSICT,VC202300385
CONT2023006257,IMPORT,NSICT,VC202300385
CONT2023006258,EXPORT,NSICT,VC202300385
CONT2023006259,EXPORT,NSICT,VC202300385
CONT2023006260,EXPORT,NSIGT,VC202300386
CONT2023006261,IMPORT,NSIGT,VC202300386
CONT2023006262,IMPORT,NSIGT,VC202300386
CONT2023006263,IMPORT,NSIGT,VC202300386
CONT2023006264,EXPORT,NSIGT,VC202300386
CONT2023006265,IMPORT,NSIGT,VC202300386
CONT2023006266,EXPORT,NSIGT,VC202300386
CONT2023006267,EXPORT,NSIGT,VC202300386
CONT2023006268,IMPORT,NSIGT,VC202300386
CONT2023006269,EXPORT,NSIGT,VC202300386
CONT2023006270,EXPORT,NSIGT,VC202300386
CONT2023006271,EXPORT,NSIGT,VC202300386
CONT2023006272,IMPORT,NSIGT,VC202300386
CONT2023006273,EXPORT,NSIGT,VC202300386
CONT2023006274,EXPORT,NSIGT,VC202300386
CONT2023006275,IMPORT,NSIGT,VC202300386
CONT2023006276,EXPORT,NSIGT,VC202300386
CONT2023006277,EXPORT,NSIGT,VC202300386
CONT2023006278,IMPORT,NSIGT,VC202300386
CONT2023006279,IMPORT,NSIGT,VC202300386
CONT2023006280,EXPORT,NSIGT,VC202300386
CONT2023006281,IMPORT,NSIGT,VC202300386
CONT2023006282,EXPORT,NSIGT,VC202300386
CONT2023006283,EXPORT,NSIGT,VC202300386
CONT2023006284,EXPORT,NSIGT,VC202300386
CONT2023006285,IMPORT,NSIGT,VC202300386
CONT2023006286,EXPORT,NSIGT,VC202300386
CONT2023006287,EXPORT,NSIGT,VC202300386
CONT2023006288,EXPORT,NSIGT,VC202300386
CONT2023006289,IMPORT,NSIGT,VC202300386
CONT2023006290,EXPORT,NSIGT,VC202300386
CONT2023006291,EXPORT,NSIGT,VC202300386
CONT2023006292,IMPORT,NSIGT,VC202300386
CONT2023006293,IMPORT,BMCT,VC202300387
CONT2023006294,IMPORT,BMCT,VC202300387
CONT2023006295,EXPORT,BMCT,VC202300387
CONT2023006296,IMPORT,BMCT,VC202300387
CONT2023006297,EXPORT,BMCT,VC202300387
CONT2023006298,IMPORT,BMCT,VC202300387
CONT2023006299,EXPORT,BMCT,VC202300387
CONT2023006300,EXPORT,BMCT,VC202300387
CONT2023006301,IMPORT,BMCT,VC202300387
CONT2023006302,EXPORT,BMCT,VC202300387
CONT2023006303,IMPORT,BMCT,VC202300387
CONT2023006304,IMPORT,BMCT,VC202300387
CONT2023006305,EXPORT,BMCT,VC202300387
CONT2023006306,EXPORT,BMCT,VC202300387
CONT2023006307,IMPORT,BMCT,VC202300387
CONT2023006308,EXPORT,BMCT,VC202300387
CONT2023006309,EXPORT,BMCT,VC202300387
CONT2023006310,IMPORT,BMCT,VC202300387
CONT2023006311,IMPORT,BMCT,VC202300387
CONT2023006312,EXPORT,BMCT,VC202300387
CONT2023006313,IMPORT,BMCT,VC202300387
CONT2023006314,EXPORT,BMCT,VC202300387
CONT2023006315,IMPORT,BMCT,VC202300388
CONT2023006316,EXPORT,BMCT,VC202300388
CONT2023006317,EXPORT,BMCT,VC202300388
CONT2023006318,IMPORT,BMCT,VC202300388
CONT2023006319,EXPORT,BMCT,VC202300388
CONT2023006320,IMPORT,BMCT,VC202300388
CONT2023006321,EXPORT,BMCT,VC202300388
CONT2023006322,IMPORT,BMCT,VC202300388
CONT2023006323,IMPORT,BMCT,VC202300388
CONT2023006324,EXPORT,BMCT,VC202300388
CONT2023006325,IMPORT,BMCT,VC202300388
CONT2023006326,IMPORT,BMCT,VC202300388
CONT2023006327,IMPORT,BMCT,VC202300388
CONT2023006328,EXPORT,BMCT,VC202300388
CONT2023006329,EXPORT,NSFT,VC202300389
CONT2023006330,IMPORT,NSFT,VC202300389
CONT2023006331,EXPORT,NSFT,VC202300389
CONT2023006332,EXPORT,NSFT,VC202300389
CONT2023006333,IMPORT,NSFT,VC202300389
CONT2023006334,EXPORT,NSFT,VC202300389
CONT2023006335,IMPORT,NSFT,VC202300389
CONT2023006336,EXPORT,NSFT,VC202300389
CONT2023006337,IMPORT,NSICT,VC202300390
CONT2023006338,EXPORT,NSICT,VC202300390
CONT2023006339,IMPORT,NSICT,VC202300390
CONT2023006340,EXPORT,NSICT,VC202300390
CONT2023006341,IMPORT,NSICT,VC202300390
CONT2023006342,IMPORT,NSICT,VC202300390
CONT2023006343,EXPORT,NSICT,VC202300390
CONT2023006344,IMPORT,NSICT,VC202300390
CONT2023006345,EXPORT,NSICT,VC202300390
CONT2023006346,EXPORT,NSICT,VC202300390
CONT2023006347,EXPORT,NSICT,VC202300390
CONT2023006348,IMPORT,NSICT,VC202300390
CONT2023006349,EXPORT,NSICT,VC202300390
CONT2023006350,EXPORT,NSICT,VC202300390
CONT2023006351,IMPORT,NSICT,VC202300391
CONT2023006352,EXPORT,NSICT,VC202300391
CONT2023006353,EXPORT,NSICT,VC202300391
CONT2023006354,IMPORT,NSICT,VC202300391
CONT2023006355,IMPORT,NSICT,VC202300391
CONT2023006356,EXPORT,NSICT,VC202300391
CONT2023006357,EXPORT,NSICT,VC202300391
CONT2023006358,IMPORT,NSICT,VC202300391
CONT2023006359,IMPORT,NSICT,VC202300391
CONT2023006360,EXPORT,NSICT,VC202300391
CONT2023006361,EXPORT,NSICT,VC202300391
CONT2023006362,IMPORT,NSICT,VC202300391
CONT2023006363,EXPORT,NSICT,VC202300391
CONT2023006364,EXPORT,NSIGT,VC202300392
CONT2023006365,EXPORT,NSIGT,VC202300392
CONT2023006366,IMPORT,NSIGT,VC202300392
CONT2023006367,IMPORT,NSIGT,VC202300392
CONT2023006368,EXPORT,NSIGT,VC202300392
CONT2023006369,EXPORT,NSIGT,VC202300392
CONT2023006370,EXPORT,NSIGT,VC202300392
CONT2023006371,IMPORT,NSIGT,VC202300392
CONT2023006372,EXPORT,NSIGT,VC202300392
CONT2023006373,EXPORT,NSIGT,VC202300392
CONT2023006374,EXPORT,NSIGT,VC202300392
CONT2023006375,IMPORT,NSIGT,VC202300392
CONT2023006376,EXPORT,NSIGT,VC202300392
CONT2023006377,IMPORT,NSIGT,VC202300392
CONT2023006378,EXPORT,NSIGT,VC202300392
CONT2023006379,EXPORT,NSIGT,VC202300392
CONT2023006380,IMPORT,NSIGT,VC202300392
CONT2023006381,EXPORT,NSIGT,VC202300392
CONT2023006382,IMPORT,NSIGT,VC202300392
CONT2023006383,IMPORT,NSIGT,VC202300392
CONT2023006384,EXPORT,NSIGT,VC202300392
CONT2023006385,IMPORT,NSIGT,VC202300392
CONT2023006386,EXPORT,NSICT,VC202300393
CONT2023006387,EXPORT,NSICT,VC202300393
CONT2023006388,IMPORT,NSICT,VC202300393
CONT2023006389,IMPORT,NSICT,VC202300393
CONT2023006390,IMPORT,NSICT,VC202300393
CONT2023006391,EXPORT,NSICT,VC202300393
CONT2023006392,IMPORT,NSICT,VC202300393
CONT2023006393,EXPORT,NSICT,VC202300393
CONT2023006394,IMPORT,NSICT,VC202300393
CONT2023006395,IMPORT,NSICT,VC202300393
CONT2023006396,IMPORT,GTI,VC202300394
CONT2023006397,IMPORT,GTI,VC202300394
CONT2023006398,IMPORT,GTI,VC202300394
CONT2023006399,IMPORT,GTI,VC202300394
CONT2023006400,EXPORT,GTI,VC202300394
CONT2023006401,EXPORT,GTI,VC202300394
CONT2023006402,IMPORT,GTI,VC202300394
CONT2023006403,IMPORT,GTI,VC202300394
CONT2023006404,EXPORT,NSIGT,VC202300395
CONT2023006405,IMPORT,NSIGT,VC202300395
CONT2023006406,IMPORT,NSIGT,VC202300395
CONT2023006407,IMPORT,NSIGT,VC202300395
CONT2023006408,IMPORT,NSIGT,VC202300395
CONT2023006409,EXPORT,NSIGT,VC202300395
CONT2023006410,IMPORT,NSIGT,VC202300395
CONT2023006411,IMPORT,NSIGT,VC202300395
CONT2023006412,IMPORT,NSIGT,VC202300395
CONT2023006413,EXPORT,NSIGT,VC202300395
CONT2023006414,EXPORT,NSIGT,VC202300395
CONT2023006415,IMPORT,NSIGT,VC202300395
CONT2023006416,IMPORT,NSIGT,VC202300395
CONT2023006417,IMPORT,NSIGT,VC202300395
CONT2023006418,IMPORT,NSIGT,VC202300395
CONT2023006419,EXPORT,NSIGT,VC202300395
CONT2023006420,IMPORT,GTI,VC202300396
CONT2023006421,EXPORT,GTI,VC202300396
CONT2023006422,EXPORT,GTI,VC202300396
CONT2023006423,EXPORT,GTI,VC202300396
CONT2023006424,IMPORT,GTI,VC202300396
CONT2023006425,EXPORT,GTI,VC202300396
CONT2023006426,IMPORT,GTI,VC202300396
CONT2023006427,IMPORT,GTI,VC202300396
CONT2023006428,IMPORT,GTI,VC202300396
CONT2023006429,EXPORT,GTI,VC202300396
CONT2023006430,EXPORT,GTI,VC202300396
CONT2023006431,EXPORT,GTI,VC202300396
CONT2023006432,IMPORT,GTI,VC202300396
CONT2023006433,IMPORT,GTI,VC202300396
CONT2023006434,EXPORT,GTI,VC202300396
CONT2023006435,IMPORT,GTI,VC202300396
CONT2023006436,IMPORT,GTI,VC202300396
CONT2023006437,IMPORT,GTI,VC202300396
CONT2023006438,EXPORT,GTI,VC202300396
CONT2023006439,EXPORT,GTI,VC202300396
CONT2023006440,IMPORT,GTI,VC202300396
CONT2023006441,EXPORT,GTI,VC202300396
CONT2023006442,IMPORT,GTI,VC202300396
CONT2023006443,EXPORT,BMCT,VC202300397
CONT2023006444,EXPORT,BMCT,VC202300397
CONT2023006445,IMPORT,BMCT,VC202300397
CONT2023006446,IMPORT,BMCT,VC202300397
CONT2023006447,EXPORT,BMCT,VC202300397
CONT2023006448,EXPORT,BMCT,VC202300397
CONT2023006449,EXPORT,BMCT,VC202300397
CONT2023006450,EXPORT,BMCT,VC202300397
CONT2023006451,EXPORT,BMCT,VC202300397
CONT2023006452,IMPORT,BMCT,VC202300397
CONT2023006453,IMPORT,BMCT,VC202300397
CONT2023006454,EXPORT,BMCT,VC202300397
CONT2023006455,IMPORT,BMCT,VC202300397
CONT2023006456,EXPORT,BMCT,VC202300397
CONT2023006457,EXPORT,BMCT,VC202300397
CONT2023006458,EXPORT,BMCT,VC202300398
CONT2023006459,IMPORT,BMCT,VC202300398
CONT2023006460,IMPORT,BMCT,VC202300398
CONT2023006461,IMPORT,BMCT,VC202300398
CONT2023006462,EXPORT,BMCT,VC202300398
CONT2023006463,EXPORT,BMCT,VC202300398
CONT2023006464,IMPORT,BMCT,VC202300398
CONT2023006465,EXPORT,BMCT,VC202300398
CONT2023006466,IMPORT,BMCT,VC202300398
CONT2023006467,IMPORT,BMCT,VC202300398
CONT2023006468,EXPORT,BMCT,VC202300398
CONT2023006469,IMPORT,BMCT,VC202300398
CONT2023006470,IMPORT,BMCT,VC202300398
CONT2023006471,EXPORT,BMCT,VC202300398
CONT2023006472,IMPORT,BMCT,VC202300398
CONT2023006473,EXPORT,BMCT,VC202300398
CONT2023006474,EXPORT,BMCT,VC202300398
CONT2023006475,IMPORT,BMCT,VC202300398
CONT2023006476,IMPORT,BMCT,VC202300398
CONT2023006477,IMPORT,BMCT,VC202300398
CONT2023006478,EXPORT,BMCT,VC202300398
CONT2023006479,IMPORT,BMCT,VC202300398
CONT2023006480,EXPORT,BMCT,VC202300398
CONT2023006481,EXPORT,NSICT,VC202300399
CONT2023006482,IMPORT,NSICT,VC202300399
CONT2023006483,IMPORT,NSICT,VC202300399
CONT2023006484,EXPORT,NSICT,VC202300399
CONT2023006485,IMPORT,NSICT,VC202300399
CONT2023006486,EXPORT,NSICT,VC202300399
CONT2023006487,EXPORT,NSICT,VC202300399
CONT2023006488,IMPORT,NSIGT,VC202300400
CONT2023006489,EXPORT,NSIGT,VC202300400
CONT2023006490,IMPORT,NSIGT,VC202300400
CONT2023006491,EXPORT,NSIGT,VC202300400
CONT2023006492,IMPORT,NSIGT,VC202300400
CONT2023006493,IMPORT,NSIGT,VC202300400
CONT2023006494,EXPORT,NSIGT,VC202300400
CONT2023006495,IMPORT,NSIGT,VC202300400
CONT2023006496,EXPORT,NSIGT,VC202300400
CONT2023006497,IMPORT,NSIGT,VC202300400
CONT2023006498,EXPORT,NSIGT,VC202300400
CONT2023006499,IMPORT,NSIGT,VC202300400
CONT2023006500,IMPORT,NSIGT,VC202300400
CONT2023006501,EXPORT,NSIGT,VC202300400
CONT2023006502,EXPORT,NSIGT,VC202300400
CONT2023006503,IMPORT,NSIGT,VC202300400
CONT2023006504,EXPORT,NSIGT,VC202300400
CONT2023006505,IMPORT,NSIGT,VC202300400
CONT2023006506,EXPORT,NSFT,VC202300401
CONT2023006507,IMPORT,NSFT,VC202300401
CONT2023006508,IMPORT,NSFT,VC202300401
CONT2023006509,EXPORT,NSFT,VC202300401
CONT2023006510,IMPORT,NSFT,VC202300401
CONT2023006511,EXPORT,NSFT,VC202300401
CONT2023006512,IMPORT,NSFT,VC202300401
CONT2023006513,IMPORT,BMCT,VC202300402
CONT2023006514,EXPORT,BMCT,VC202300402
CONT2023006515,EXPORT,BMCT,VC202300402
CONT2023006516,IMPORT,BMCT,VC202300402
CONT2023006517,IMPORT,BMCT,VC202300402
CONT2023006518,EXPORT,BMCT,VC202300402
CONT2023006519,EXPORT,BMCT,VC202300402
CONT2023006520,EXPORT,BMCT,VC202300402
CONT2023006521,EXPORT,BMCT,VC202300402
CONT2023006522,IMPORT,BMCT,VC202300402
CONT2023006523,IMPORT,BMCT,VC202300402
CONT2023006524,IMPORT,BMCT,VC202300402
CONT2023006525,EXPORT,BMCT,VC202300402
CONT2023006526,IMPORT,BMCT,VC202300402
CONT2023006527,EXPORT,BMCT,VC202300402
CONT2023006528,EXPORT,BMCT,VC202300402
CONT2023006529,IMPORT,BMCT,VC202300402
CONT2023006530,IMPORT,BMCT,VC202300402
CONT2023006531,IMPORT,BMCT,VC202300402
CONT2023006532,IMPORT,BMCT,VC202300402
CONT2023006533,IMPORT,BMCT,VC202300402
CONT2023006534,EXPORT,BMCT,VC202300402
CONT2023006535,EXPORT,BMCT,VC202300402
CONT2023006536,EXPORT,BMCT,VC202300402
CONT2023006537,EXPORT,BMCT,VC202300402
CONT2023006538,EXPORT,BMCT,VC202300402
CONT2023006539,EXPORT,BMCT,VC202300402
CONT2023006540,EXPORT,BMCT,VC202300402
CONT2023006541,EXPORT,BMCT,VC202300402
CONT2023006542,IMPORT,BMCT,VC202300402
CONT2023006543,EXPORT,BMCT,VC202300402
CONT2023006544,IMPORT,BMCT,VC202300402
CONT2023006545,EXPORT,BMCT,VC202300402
CONT2023006546,EXPORT,BMCT,VC202300402
CONT2023006547,EXPORT,BMCT,VC202300402
CONT2023006548,EXPORT,BMCT,VC202300402
CONT2023006549,EXPORT,BMCT,VC202300402
CONT2023006550,EXPORT,BMCT,VC202300402
CONT2023006551,EXPORT,BMCT,VC202300402
CONT2023006552,EXPORT,BMCT,VC202300402
CONT2023006553,EXPORT,BMCT,VC202300402
CONT2023006554,IMPORT,BMCT,VC202300402
CONT2023006555,EXPORT,BMCT,VC202300402
CONT2023006556,EXPORT,BMCT,VC202300402
CONT2023006557,IMPORT,BMCT,VC202300402
CONT2023006558,IMPORT,BMCT,VC202300402
CONT2023006559,EXPORT,BMCT,VC202300402
CONT2023006560,EXPORT,BMCT,VC202300402
CONT2023006561,IMPORT,BMCT,VC202300402
CONT2023006562,EXPORT,BMCT,VC202300402
CONT2023006563,EXPORT,BMCT,VC202300402
CONT2023006564,EXPORT,BMCT,VC202300402
CONT2023006565,IMPORT,BMCT,VC202300402
CONT2023006566,EXPORT,BMCT,VC202300402
CONT2023006567,EXPORT,BMCT,VC202300402
CONT2023006568,EXPORT,BMCT,VC202300402
CONT2023006569,IMPORT,BMCT,VC202300402
CONT2023006570,EXPORT,BMCT,VC202300402
CONT2023006571,EXPORT,BMCT,VC202300402
CONT2023006572,IMPORT,NSICT,VC202300403
CONT2023006573,IMPORT,NSICT,VC202300403
CONT2023006574,EXPORT,NSICT,VC202300403
CONT2023006575,IMPORT,NSICT,VC202300403
CONT2023006576,EXPORT,NSICT,VC202300403
CONT2023006577,EXPORT,NSICT,VC202300403
CONT2023006578,IMPORT,NSICT,VC202300403
CONT2023006579,EXPORT,NSICT,VC202300403
CONT2023006580,EXPORT,NSICT,VC202300403
CONT2023006581,IMPORT,NSICT,VC202300403
CONT2023006582,IMPORT,NSICT,VC202300403
CONT2023006583,IMPORT,NSICT,VC202300403
CONT2023006584,EXPORT,NSICT,VC202300403
CONT2023006585,EXPORT,NSICT,VC202300403
CONT2023006586,IMPORT,NSICT,VC202300403
CONT2023006587,IMPORT,NSICT,VC202300403
CONT2023006588,EXPORT,NSICT,VC202300403
CONT2023006589,EXPORT,NSICT,VC202300403
CONT2023006590,EXPORT,NSICT,VC202300403
CONT2023006591,IMPORT,NSICT,VC202300403
CONT2023006592,EXPORT,NSICT,VC202300403
CONT2023006593,IMPORT,NSICT,VC202300403
CONT2023006594,EXPORT,NSICT,VC202300403
CONT2023006595,EXPORT,NSICT,VC202300403
CONT2023006596,EXPORT,NSICT,VC202300403
CONT2023006597,EXPORT,NSICT,VC202300403
CONT2023006598,IMPORT,NSICT,VC202300403
CONT2023006599,EXPORT,NSICT,VC202300403
CONT2023006600,IMPORT,NSICT,VC202300403
CONT2023006601,EXPORT,NSICT,VC202300404
CONT2023006602,EXPORT,NSICT,VC202300404
CONT2023006603,IMPORT,NSICT,VC202300404
CONT2023006604,IMPORT,NSICT,VC202300404
CONT2023006605,IMPORT,NSICT,VC202300404
CONT2023006606,IMPORT,NSICT,VC202300404
CONT2023006607,EXPORT,NSICT,VC202300404
CONT2023006608,EXPORT,NSICT,VC202300404
CONT2023006609,IMPORT,NSICT,VC202300404
CONT2023006610,EXPORT,NSICT,VC202300404
CONT2023006611,IMPORT,NSICT,VC202300404
CONT2023006612,IMPORT,NSICT,VC202300404
CONT2023006613,IMPORT,NSICT,VC202300404
CONT2023006614,EXPORT,NSICT,VC202300404
CONT2023006615,EXPORT,NSICT,VC202300404
CONT2023006616,IMPORT,NSICT,VC202300404
CONT2023006617,IMPORT,NSICT,VC202300404
CONT2023006618,IMPORT,BMCT,VC202300405
CONT2023006619,IMPORT,BMCT,VC202300405
CONT2023006620,EXPORT,BMCT,VC202300405
CONT2023006621,EXPORT,BMCT,VC202300405
CONT2023006622,EXPORT,BMCT,VC202300405
CONT2023006623,IMPORT,BMCT,VC202300405
CONT2023006624,EXPORT,GTI,VC202300406
CONT2023006625,IMPORT,GTI,VC202300406
CONT2023006626,EXPORT,GTI,VC202300406
CONT2023006627,IMPORT,GTI,VC202300406
CONT2023006628,IMPORT,GTI,VC202300406
CONT2023006629,EXPORT,GTI,VC202300406
CONT2023006630,EXPORT,NSICT,VC202300407
CONT2023006631,EXPORT,NSICT,VC202300407
CONT2023006632,IMPORT,NSICT,VC202300407
CONT2023006633,IMPORT,NSICT,VC202300407
CONT2023006634,IMPORT,NSICT,VC202300407
CONT2023006635,EXPORT,NSICT,VC202300407
CONT2023006636,IMPORT,NSICT,VC202300407
CONT2023006637,EXPORT,NSICT,VC202300407
CONT2023006638,EXPORT,NSICT,VC202300407
CONT2023006639,IMPORT,NSICT,VC202300407
CONT2023006640,IMPORT,NSICT,VC202300407
CONT2023006641,IMPORT,NSICT,VC202300407
CONT2023006642,EXPORT,NSICT,VC202300407
CONT2023006643,EXPORT,NSICT,VC202300407
CONT2023006644,EXPORT,NSICT,VC202300407
CONT2023006645,IMPORT,NSICT,VC202300407
CONT2023006646,EXPORT,NSICT,VC202300407
CONT2023006647,IMPORT,NSICT,VC202300407
CONT2023006648,IMPORT,NSICT,VC202300407
CONT2023006649,EXPORT,NSICT,VC202300407
CONT2023006650,IMPORT,NSICT,VC202300407
CONT2023006651,IMPORT,NSICT,VC202300407
CONT2023006652,EXPORT,NSICT,VC202300407
CONT2023006653,IMPORT,NSICT,VC202300407
CONT2023006654,EXPORT,NSICT,VC202300407
CONT2023006655,IMPORT,NSICT,VC202300407
CONT2023006656,IMPORT,NSICT,VC202300407
CONT2023006657,EXPORT,NSICT,VC202300407
CONT2023006658,IMPORT,NSICT,VC202300407
CONT2023006659,EXPORT,NSICT,VC202300407
CONT2023006660,IMPORT,NSICT,VC202300407
CONT2023006661,EXPORT,NSICT,VC202300407
CONT2023006662,IMPORT,NSICT,VC202300407
CONT2023006663,EXPORT,NSICT,VC202300407
CONT2023006664,IMPORT,NSICT,VC202300407
CONT2023006665,IMPORT,NSICT,VC202300407
CONT2023006666,IMPORT,NSICT,VC202300407
CONT2023006667,EXPORT,NSICT,VC202300407
CONT2023006668,IMPORT,NSICT,VC202300407
CONT2023006669,IMPORT,NSFT,VC202300408
CONT2023006670,EXPORT,NSFT,VC202300408
CONT2023006671,EXPORT,NSFT,VC202300408
CONT2023006672,IMPORT,NSFT,VC202300408
CONT2023006673,EXPORT,NSFT,VC202300408
CONT2023006674,IMPORT,NSFT,VC202300408
CONT2023006675,EXPORT,NSFT,VC202300408
CONT2023006676,IMPORT,NSIGT,VC202300409
CONT2023006677,EXPORT,NSIGT,VC202300409
CONT2023006678,IMPORT,NSIGT,VC202300409
CONT2023006679,IMPORT,NSIGT,VC202300409
CONT2023006680,EXPORT,NSIGT,VC202300409
CONT2023006681,EXPORT,NSIGT,VC202300409
CONT2023006682,EXPORT,NSIGT,VC202300409
CONT2023006683,EXPORT,NSIGT,VC202300409
CONT2023006684,IMPORT,NSIGT,VC202300409
CONT2023006685,EXPORT,NSIGT,VC202300409
CONT2023006686,EXPORT,NSIGT,VC202300409
CONT2023006687,EXPORT,NSIGT,VC202300409
CONT2023006688,IMPORT,NSIGT,VC202300409
CONT2023006689,IMPORT,NSIGT,VC202300409
CONT2023006690,EXPORT,NSIGT,VC202300409
CONT2023006691,IMPORT,NSIGT,VC202300409
CONT2023006692,EXPORT,NSIGT,VC202300409
CONT2023006693,EXPORT,NSIGT,VC202300409
CONT2023006694,IMPORT,NSFT,VC202300410
CONT2023006695,EXPORT,NSFT,VC202300410
CONT2023006696,IMPORT,NSFT,VC202300410
CONT2023006697,IMPORT,NSFT,VC202300410
CONT2023006698,IMPORT,NSFT,VC202300410
CONT2023006699,IMPORT,NSFT,VC202300410
CONT2023006700,IMPORT,NSFT,VC202300410
CONT2023006701,IMPORT,NSFT,VC202300410
CONT2023006702,IMPORT,NSFT,VC202300410
CONT2023006703,EXPORT,NSFT,VC202300410
CONT2023006704,EXPORT,NSFT,VC202300410
CONT2023006705,EXPORT,NSFT,VC202300410
CONT2023006706,EXPORT,NSFT,VC202300410
CONT2023006707,IMPORT,NSFT,VC202300410
CONT2023006708,EXPORT,NSFT,VC202300410
CONT2023006709,IMPORT,NSFT,VC202300410
CONT2023006710,EXPORT,NSFT,VC202300410
CONT2023006711,IMPORT,NSFT,VC202300410
CONT2023006712,EXPORT,NSFT,VC202300410
CONT2023006713,EXPORT,NSFT,VC202300410
CONT2023006714,EXPORT,NSFT,VC202300410
CONT2023006715,IMPORT,NSFT,VC202300410
CONT2023006716,IMPORT,NSFT,VC202300410
CONT2023006717,IMPORT,NSFT,VC202300410
CONT2023006718,EXPORT,NSFT,VC202300410
CONT2023006719,IMPORT,NSFT,VC202300410
CONT2023006720,IMPORT,NSFT,VC202300410
CONT2023006721,EXPORT,NSFT,VC202300410
CONT2023006722,IMPORT,NSFT,VC202300410
CONT2023006723,IMPORT,NSFT,VC202300410
CONT2023006724,IMPORT,NSFT,VC202300410
CONT2023006725,EXPORT,NSFT,VC202300410
CONT2023006726,EXPORT,NSFT,VC202300410
CONT2023006727,EXPORT,NSFT,VC202300410
CONT2023006728,IMPORT,NSFT,VC202300410
CONT2023006729,IMPORT,NSFT,VC202300410
CONT2023006730,EXPORT,NSFT,VC202300410
CONT2023006731,EXPORT,NSICT,VC202300411
CONT2023006732,EXPORT,NSICT,VC202300411
CONT2023006733,IMPORT,NSICT,VC202300411
CONT2023006734,IMPORT,NSICT,VC202300411
CONT2023006735,EXPORT,NSICT,VC202300411
CONT2023006736,IMPORT,NSICT,VC202300411
CONT2023006737,IMPORT,NSICT,VC202300411
CONT2023006738,IMPORT,NSICT,VC202300411
CONT2023006739,EXPORT,NSICT,VC202300411
CONT2023006740,IMPORT,NSICT,VC202300411
CONT2023006741,EXPORT,NSICT,VC202300411
CONT2023006742,EXPORT,NSICT,VC202300411
CONT2023006743,IMPORT,NSICT,VC202300411
CONT2023006744,EXPORT,NSICT,VC202300411
CONT2023006745,IMPORT,BMCT,VC202300412
CONT2023006746,EXPORT,BMCT,VC202300412
CONT2023006747,EXPORT,BMCT,VC202300412
CONT2023006748,IMPORT,BMCT,VC202300412
CONT2023006749,IMPORT,BMCT,VC202300412
CONT2023006750,EXPORT,BMCT,VC202300412
CONT2023006751,EXPORT,BMCT,VC202300412
CONT2023006752,EXPORT,NSIGT,VC202300413
CONT2023006753,IMPORT,NSIGT,VC202300413
CONT2023006754,IMPORT,NSIGT,VC202300413
CONT2023006755,EXPORT,NSIGT,VC202300413
CONT2023006756,IMPORT,NSIGT,VC202300413
CONT2023006757,IMPORT,NSIGT,VC202300413
CONT2023006758,EXPORT,NSICT,VC202300414
CONT2023006759,EXPORT,NSICT,VC202300414
CONT2023006760,EXPORT,NSICT,VC202300414
CONT2023006761,IMPORT,NSICT,VC202300414
CONT2023006762,EXPORT,NSICT,VC202300414
CONT2023006763,IMPORT,NSICT,VC202300414
CONT2023006764,IMPORT,NSICT,VC202300414
CONT2023006765,EXPORT,NSICT,VC202300414
CONT2023006766,IMPORT,NSICT,VC202300414
CONT2023006767,EXPORT,NSICT,VC202300414
CONT2023006768,IMPORT,NSICT,VC202300414
CONT2023006769,IMPORT,NSICT,VC202300414
CONT2023006770,EXPORT,NSICT,VC202300414
CONT2023006771,EXPORT,NSICT,VC202300414
CONT2023006772,EXPORT,NSICT,VC202300414
CONT2023006773,IMPORT,NSICT,VC202300414
CONT2023006774,IMPORT,NSICT,VC202300414
CONT2023006775,EXPORT,NSFT,VC202300415
CONT2023006776,EXPORT,NSFT,VC202300415
CONT2023006777,EXPORT,NSFT,VC202300415
CONT2023006778,IMPORT,NSFT,VC202300415
CONT2023006779,EXPORT,NSFT,VC202300415
CONT2023006780,EXPORT,NSFT,VC202300415
CONT2023006781,IMPORT,NSFT,VC202300415
CONT2023006782,IMPORT,NSFT,VC202300416
CONT2023006783,EXPORT,NSFT,VC202300416
CONT2023006784,EXPORT,NSFT,VC202300416
CONT2023006785,EXPORT,NSFT,VC202300416
CONT2023006786,IMPORT,NSFT,VC202300416
CONT2023006787,EXPORT,NSFT,VC202300416
CONT2023006788,IMPORT,NSFT,VC202300416
CONT2023006789,IMPORT,NSFT,VC202300416
CONT2023006790,EXPORT,NSFT,VC202300416
CONT2023006791,EXPORT,NSFT,VC202300416
CONT2023006792,EXPORT,NSFT,VC202300416
CONT2023006793,EXPORT,NSFT,VC202300416
CONT2023006794,IMPORT,NSFT,VC202300416
CONT2023006795,EXPORT,NSFT,VC202300416
CONT2023006796,IMPORT,NSICT,VC202300417
CONT2023006797,IMPORT,NSICT,VC202300417
CONT2023006798,IMPORT,NSICT,VC202300417
CONT2023006799,IMPORT,NSICT,VC202300417
CONT2023006800,EXPORT,NSICT,VC202300417
CONT2023006801,EXPORT,NSICT,VC202300417
CONT2023006802,EXPORT,NSICT,VC202300417
CONT2023006803,IMPORT,NSICT,VC202300417
CONT2023006804,EXPORT,NSFT,VC202300418
CONT2023006805,EXPORT,NSFT,VC202300418
CONT2023006806,IMPORT,NSFT,VC202300418
CONT2023006807,EXPORT,NSFT,VC202300418
CONT2023006808,EXPORT,NSFT,VC202300418
CONT2023006809,IMPORT,NSFT,VC202300418
CONT2023006810,EXPORT,NSFT,VC202300418
CONT2023006811,EXPORT,NSFT,VC202300418
CONT2023006812,IMPORT,NSFT,VC202300418
CONT2023006813,IMPORT,NSFT,VC202300418
CONT2023006814,EXPORT,NSIGT,VC202300419
CONT2023006815,EXPORT,NSIGT,VC202300419
CONT2023006816,IMPORT,NSIGT,VC202300419
CONT2023006817,EXPORT,NSIGT,VC202300419
CONT2023006818,IMPORT,NSIGT,VC202300419
CONT2023006819,IMPORT,NSIGT,VC202300419
CONT2023006820,IMPORT,NSIGT,VC202300419
CONT2023006821,IMPORT,NSIGT,VC202300419
CONT2023006822,IMPORT,NSIGT,VC202300419
CONT2023006823,EXPORT,NSIGT,VC202300419
CONT2023006824,IMPORT,GTI,VC202300420
CONT2023006825,EXPORT,GTI,VC202300420
CONT2023006826,IMPORT,GTI,VC202300420
CONT2023006827,IMPORT,GTI,VC202300420
CONT2023006828,EXPORT,GTI,VC202300420
CONT2023006829,IMPORT,GTI,VC202300420
CONT2023006830,EXPORT,GTI,VC202300420
CONT2023006831,IMPORT,GTI,VC202300420
CONT2023006832,EXPORT,GTI,VC202300420
CONT2023006833,EXPORT,GTI,VC202300420
CONT2023006834,EXPORT,GTI,VC202300420
CONT2023006835,IMPORT,GTI,VC202300420
CONT2023006836,IMPORT,BMCT,VC202300421
CONT2023006837,EXPORT,BMCT,VC202300421
CONT2023006838,IMPORT,BMCT,VC202300421
CONT2023006839,EXPORT,BMCT,VC202300421
CONT2023006840,EXPORT,BMCT,VC202300421
CONT2023006841,IMPORT,BMCT,VC202300421
CONT2023006842,EXPORT,BMCT,VC202300421
CONT2023006843,EXPORT,BMCT,VC202300421
CONT2023006844,EXPORT,BMCT,VC202300421
CONT2023006845,IMPORT,GTI,VC202300422
CONT2023006846,EXPORT,GTI,VC202300422
CONT2023006847,EXPORT,GTI,VC202300422
CONT2023006848,EXPORT,GTI,VC202300422
CONT2023006849,IMPORT,GTI,VC202300422
CONT2023006850,IMPORT,GTI,VC202300422
CONT2023006851,EXPORT,GTI,VC202300422
CONT2023006852,IMPORT,GTI,VC202300422
CONT2023006853,IMPORT,GTI,VC202300422
CONT2023006854,EXPORT,GTI,VC202300422
CONT2023006855,IMPORT,GTI,VC202300422
CONT2023006856,IMPORT,GTI,VC202300422
CONT2023006857,IMPORT,GTI,VC202300422
CONT2023006858,EXPORT,GTI,VC202300422
CONT2023006859,EXPORT,GTI,VC202300422
CONT2023006860,EXPORT,GTI,VC202300422
CONT2023006861,IMPORT,GTI,VC202300423
CONT2023006862,IMPORT,GTI,VC202300423
CONT2023006863,IMPORT,GTI,VC202300423
CONT2023006864,IMPORT,GTI,VC202300423
CONT2023006865,IMPORT,GTI,VC202300423
CONT2023006866,IMPORT,GTI,VC202300423
CONT2023006867,EXPORT,GTI,VC202300423
CONT2023006868,IMPORT,GTI,VC202300423
CONT2023006869,EXPORT,GTI,VC202300423
CONT2023006870,EXPORT,GTI,VC202300423
CONT2023006871,EXPORT,GTI,VC202300423
CONT2023006872,EXPORT,GTI,VC202300423
CONT2023006873,EXPORT,GTI,VC202300423
CONT2023006874,IMPORT,GTI,VC202300423
CONT2023006875,IMPORT,GTI,VC202300423
CONT2023006876,EXPORT,GTI,VC202300423
CONT2023006877,IMPORT,GTI,VC202300423
CONT2023006878,EXPORT,GTI,VC202300423
CONT2023006879,IMPORT,GTI,VC202300423
CONT2023006880,IMPORT,GTI,VC202300423
CONT2023006881,EXPORT,GTI,VC202300423
CONT2023006882,IMPORT,GTI,VC202300423
CONT2023006883,EXPORT,GTI,VC202300423
CONT2023006884,EXPORT,GTI,VC202300423
CONT2023006885,IMPORT,NSICT,VC202300424
CONT2023006886,EXPORT,NSICT,VC202300424
CONT2023006887,EXPORT,NSICT,VC202300424
CONT2023006888,IMPORT,NSICT,VC202300424
CONT2023006889,IMPORT,NSICT,VC202300424
CONT2023006890,IMPORT,NSICT,VC202300424
CONT2023006891,IMPORT,NSICT,VC202300424
CONT2023006892,IMPORT,NSICT,VC202300424
CONT2023006893,IMPORT,NSICT,VC202300424
CONT2023006894,EXPORT,NSICT,VC202300424
CONT2023006895,IMPORT,NSICT,VC202300424
CONT2023006896,IMPORT,GTI,VC202300425
CONT2023006897,IMPORT,GTI,VC202300425
CONT2023006898,EXPORT,GTI,VC202300425
CONT2023006899,EXPORT,GTI,VC202300425
CONT2023006900,EXPORT,GTI,VC202300425
CONT2023006901,IMPORT,GTI,VC202300425
CONT2023006902,IMPORT,GTI,VC202300425
CONT2023006903,IMPORT,GTI,VC202300425
CONT2023006904,IMPORT,GTI,VC202300425
CONT2023006905,IMPORT,GTI,VC202300425
CONT2023006906,IMPORT,GTI,VC202300425
CONT2023006907,EXPORT,GTI,VC202300425
CONT2023006908,EXPORT,GTI,VC202300425
CONT2023006909,EXPORT,GTI,VC202300425
CONT2023006910,IMPORT,GTI,VC202300425
CONT2023006911,IMPORT,GTI,VC202300425
CONT2023006912,EXPORT,GTI,VC202300426
CONT2023006913,IMPORT,GTI,VC202300426
CONT2023006914,IMPORT,GTI,VC202300426
CONT2023006915,EXPORT,GTI,VC202300426
CONT2023006916,EXPORT,GTI,VC202300426
CONT2023006917,EXPORT,GTI,VC202300426
CONT2023006918,IMPORT,GTI,VC202300426
CONT2023006919,EXPORT,GTI,VC202300426
CONT2023006920,IMPORT,NSICT,VC202300427
CONT2023006921,IMPORT,NSICT,VC202300427
CONT2023006922,EXPORT,NSICT,VC202300427
CONT2023006923,EXPORT,NSICT,VC202300427
CONT2023006924,IMPORT,NSICT,VC202300427
CONT2023006925,EXPORT,NSICT,VC202300427
CONT2023006926,EXPORT,NSICT,VC202300428
CONT2023006927,IMPORT,NSICT,VC202300428
CONT2023006928,IMPORT,NSICT,VC202300428
CONT2023006929,EXPORT,NSICT,VC202300428
CONT2023006930,IMPORT,NSICT,VC202300428
CONT2023006931,EXPORT,NSICT,VC202300428
CONT2023006932,IMPORT,NSICT,VC202300428
CONT2023006933,EXPORT,NSICT,VC202300428
CONT2023006934,EXPORT,NSICT,VC202300428
CONT2023006935,IMPORT,NSICT,VC202300428
CONT2023006936,IMPORT,NSICT,VC202300428
CONT2023006937,EXPORT,NSICT,VC202300428
CONT2023006938,EXPORT,NSICT,VC202300428
CONT2023006939,EXPORT,NSICT,VC202300428
CONT2023006940,IMPORT,NSICT,VC202300428
CONT2023006941,EXPORT,NSICT,VC202300428
CONT2023006942,EXPORT,NSICT,VC202300428
CONT2023006943,EXPORT,GTI,VC202300429
CONT2023006944,IMPORT,GTI,VC202300429
CONT2023006945,IMPORT,GTI,VC202300429
CONT2023006946,EXPORT,GTI,VC202300429
CONT2023006947,EXPORT,GTI,VC202300429
CONT2023006948,EXPORT,GTI,VC202300429
CONT2023006949,IMPORT,GTI,VC202300429
CONT2023006950,IMPORT,GTI,VC202300429
CONT2023006951,EXPORT,GTI,VC202300429
CONT2023006952,EXPORT,GTI,VC202300429
CONT2023006953,EXPORT,GTI,VC202300429
CONT2023006954,IMPORT,GTI,VC202300429
CONT2023006955,IMPORT,GTI,VC202300429
CONT2023006956,EXPORT,GTI,VC202300429
CONT2023006957,IMPORT,GTI,VC202300429
CONT2023006958,EXPORT,GTI,VC202300429
CONT2023006959,IMPORT,GTI,VC202300429
CONT2023006960,IMPORT,GTI,VC202300429
CONT2023006961,IMPORT,GTI,VC202300429
CONT2023006962,EXPORT,GTI,VC202300429
CONT2023006963,EXPORT,GTI,VC202300429
CONT2023006964,EXPORT,GTI,VC202300429
CONT2023006965,IMPORT,NSIGT,VC202300430
CONT2023006966,IMPORT,NSIGT,VC202300430
CONT2023006967,EXPORT,NSIGT,VC202300430
CONT2023006968,IMPORT,NSIGT,VC202300430
CONT2023006969,IMPORT,NSIGT,VC202300430
CONT2023006970,IMPORT,NSIGT,VC202300430
CONT2023006971,IMPORT,NSICT,VC202300431
CONT2023006972,EXPORT,NSICT,VC202300431
CONT2023006973,EXPORT,NSICT,VC202300431
CONT2023006974,EXPORT,NSICT,VC202300431
CONT2023006975,IMPORT,NSICT,VC202300431
CONT2023006976,EXPORT,NSICT,VC202300431
CONT2023006977,EXPORT,NSICT,VC202300431
CONT2023006978,EXPORT,NSICT,VC202300431
CONT2023006979,EXPORT,NSICT,VC202300431
CONT2023006980,IMPORT,NSICT,VC202300431
CONT2023006981,IMPORT,NSICT,VC202300431
CONT2023006982,IMPORT,NSICT,VC202300431
CONT2023006983,IMPORT,NSICT,VC202300431
CONT2023006984,IMPORT,NSIGT,VC202300432
CONT2023006985,EXPORT,NSIGT,VC202300432
CONT2023006986,IMPORT,NSIGT,VC202300432
CONT2023006987,IMPORT,NSIGT,VC202300432
CONT2023006988,IMPORT,NSIGT,VC202300432
CONT2023006989,IMPORT,NSIGT,VC202300432
CONT2023006990,IMPORT,NSIGT,VC202300432
CONT2023006991,EXPORT,NSIGT,VC202300432
CONT2023006992,EXPORT,NSIGT,VC202300432
CONT2023006993,EXPORT,NSIGT,VC202300432
CONT2023006994,IMPORT,NSIGT,VC202300432
CONT2023006995,IMPORT,NSIGT,VC202300432
CONT2023006996,EXPORT,NSIGT,VC202300432
CONT2023006997,EXPORT,NSIGT,VC202300432
CONT2023006998,EXPORT,NSIGT,VC202300432
CONT2023006999,EXPORT,NSIGT,VC202300432
CONT2023007000,EXPORT,NSIGT,VC202300432
CONT2023007001,EXPORT,NSIGT,VC202300433
CONT2023007002,EXPORT,NSIGT,VC202300433
CONT2023007003,IMPORT,NSIGT,VC202300433
CONT2023007004,EXPORT,NSIGT,VC202300433
CONT2023007005,EXPORT,NSIGT,VC202300433
CONT2023007006,EXPORT,NSIGT,VC202300433
CONT2023007007,IMPORT,NSIGT,VC202300433
CONT2023007008,IMPORT,NSIGT,VC202300433
CONT2023007009,IMPORT,NSIGT,VC202300433
CONT2023007010,IMPORT,NSIGT,VC202300433
CONT2023007011,EXPORT,NSIGT,VC202300433
CONT2023007012,EXPORT,NSIGT,VC202300433
CONT2023007013,EXPORT,NSIGT,VC202300433
CONT2023007014,EXPORT,NSIGT,VC202300433
CONT2023007015,EXPORT,NSIGT,VC202300433
CONT2023007016,EXPORT,NSIGT,VC202300433
CONT2023007017,IMPORT,NSFT,VC202300434
CONT2023007018,EXPORT,NSFT,VC202300434
CONT2023007019,EXPORT,NSFT,VC202300434
CONT2023007020,EXPORT,NSFT,VC202300434
CONT2023007021,EXPORT,NSFT,VC202300434
CONT2023007022,EXPORT,NSFT,VC202300434
CONT2023007023,EXPORT,NSFT,VC202300434
CONT2023007024,EXPORT,NSFT,VC202300434
CONT2023007025,IMPORT,NSFT,VC202300434
CONT2023007026,IMPORT,NSFT,VC202300434
CONT2023007027,IMPORT,NSICT,VC202300435
CONT2023007028,EXPORT,NSICT,VC202300435
CONT2023007029,IMPORT,NSICT,VC202300435
CONT2023007030,EXPORT,NSICT,VC202300435
CONT2023007031,EXPORT,NSICT,VC202300435
CONT2023007032,IMPORT,NSICT,VC202300435
CONT2023007033,EXPORT,NSICT,VC202300435
CONT2023007034,IMPORT,NSICT,VC202300435
CONT2023007035,IMPORT,NSICT,VC202300435
CONT2023007036,EXPORT,NSICT,VC202300435
CONT2023007037,IMPORT,NSICT,VC202300435
CONT2023007038,IMPORT,NSICT,VC202300435
CONT2023007039,EXPORT,NSICT,VC202300435
CONT2023007040,EXPORT,NSICT,VC202300435
CONT2023007041,EXPORT,BMCT,VC202300436
CONT2023007042,IMPORT,BMCT,VC202300436
CONT2023007043,EXPORT,BMCT,VC202300436
CONT2023007044,EXPORT,BMCT,VC202300436
CONT2023007045,IMPORT,BMCT,VC202300436
CONT2023007046,IMPORT,BMCT,VC202300436
CONT2023007047,EXPORT,BMCT,VC202300436
CONT2023007048,EXPORT,BMCT,VC202300436
CONT2023007049,EXPORT,BMCT,VC202300436
CONT2023007050,EXPORT,BMCT,VC202300436
CONT2023007051,EXPORT,BMCT,VC202300436
CONT2023007052,IMPORT,BMCT,VC202300436
CONT2023007053,IMPORT,BMCT,VC202300436
CONT2023007054,IMPORT,BMCT,VC202300436
CONT2023007055,IMPORT,BMCT,VC202300436
CONT2023007056,EXPORT,BMCT,VC202300436
CONT2023007057,IMPORT,BMCT,VC202300436
CONT2023007058,IMPORT,BMCT,VC202300436
CONT2023007059,IMPORT,BMCT,VC202300436
CONT2023007060,EXPORT,BMCT,VC202300436
CONT2023007061,EXPORT,BMCT,VC202300436
CONT2023007062,IMPORT,BMCT,VC202300436
CONT2023007063,IMPORT,BMCT,VC202300436
CONT2023007064,IMPORT,NSIGT,VC202300437
CONT2023007065,IMPORT,NSIGT,VC202300437
CONT2023007066,EXPORT,NSIGT,VC202300437
CONT2023007067,IMPORT,NSIGT,VC202300437
CONT2023007068,IMPORT,NSIGT,VC202300437
CONT2023007069,IMPORT,NSIGT,VC202300437
CONT2023007070,IMPORT,NSIGT,VC202300437
CONT2023007071,IMPORT,NSIGT,VC202300437
CONT2023007072,EXPORT,NSIGT,VC202300437
CONT2023007073,IMPORT,NSIGT,VC202300438
CONT2023007074,IMPORT,NSIGT,VC202300438
CONT2023007075,IMPORT,NSIGT,VC202300438
CONT2023007076,IMPORT,NSIGT,VC202300438
CONT2023007077,EXPORT,NSIGT,VC202300438
CONT2023007078,EXPORT,NSIGT,VC202300438
CONT2023007079,EXPORT,NSIGT,VC202300438
CONT2023007080,EXPORT,NSIGT,VC202300438
CONT2023007081,IMPORT,NSIGT,VC202300438
CONT2023007082,IMPORT,NSIGT,VC202300438
CONT2023007083,EXPORT,NSIGT,VC202300438
CONT2023007084,EXPORT,NSIGT,VC202300438
CONT2023007085,IMPORT,NSIGT,VC202300438
CONT2023007086,EXPORT,NSIGT,VC202300438
CONT2023007087,EXPORT,NSIGT,VC202300438
CONT2023007088,EXPORT,NSIGT,VC202300438
CONT2023007089,EXPORT,NSIGT,VC202300438
CONT2023007090,IMPORT,NSIGT,VC202300438
CONT2023007091,EXPORT,NSIGT,VC202300438
CONT2023007092,EXPORT,NSIGT,VC202300438
CONT2023007093,EXPORT,NSIGT,VC202300438
CONT2023007094,IMPORT,NSIGT,VC202300438
CONT2023007095,EXPORT,NSIGT,VC202300438
CONT2023007096,EXPORT,NSIGT,VC202300438
CONT2023007097,EXPORT,NSIGT,VC202300438
CONT2023007098,IMPORT,NSIGT,VC202300438
CONT2023007099,EXPORT,NSIGT,VC202300438
CONT2023007100,IMPORT,NSIGT,VC202300438
CONT2023007101,EXPORT,NSIGT,VC202300438
CONT2023007102,EXPORT,NSIGT,VC202300438
CONT2023007103,IMPORT,NSIGT,VC202300438
CONT2023007104,EXPORT,NSIGT,VC202300438
CONT2023007105,IMPORT,NSICT,VC202300439
CONT2023007106,EXPORT,NSICT,VC202300439
CONT2023007107,EXPORT,NSICT,VC202300439
CONT2023007108,IMPORT,NSICT,VC202300439
CONT2023007109,IMPORT,NSICT,VC202300439
CONT2023007110,IMPORT,NSICT,VC202300439
CONT2023007111,EXPORT,GTI,VC202300440
CONT2023007112,IMPORT,GTI,VC202300440
CONT2023007113,EXPORT,GTI,VC202300440
CONT2023007114,EXPORT,GTI,VC202300440
CONT2023007115,IMPORT,GTI,VC202300440
CONT2023007116,EXPORT,GTI,VC202300440
CONT2023007117,EXPORT,GTI,VC202300440
CONT2023007118,EXPORT,GTI,VC202300440
CONT2023007119,IMPORT,GTI,VC202300440
CONT2023007120,EXPORT,GTI,VC202300440
CONT2023007121,IMPORT,GTI,VC202300440
CONT2023007122,EXPORT,GTI,VC202300440
CONT2023007123,IMPORT,GTI,VC202300440
CONT2023007124,EXPORT,GTI,VC202300440
CONT2023007125,IMPORT,GTI,VC202300440
CONT2023007126,IMPORT,GTI,VC202300440
CONT2023007127,EXPORT,GTI,VC202300440
CONT2023007128,EXPORT,GTI,VC202300440
CONT2023007129,IMPORT,GTI,VC202300440
CONT2023007130,EXPORT,GTI,VC202300440
CONT2023007131,IMPORT,GTI,VC202300440
CONT2023007132,IMPORT,GTI,VC202300440
CONT2023007133,IMPORT,NSIGT,VC202300441
CONT2023007134,IMPORT,NSIGT,VC202300441
CONT2023007135,IMPORT,NSIGT,VC202300441
CONT2023007136,EXPORT,NSIGT,VC202300441
CONT2023007137,IMPORT,NSIGT,VC202300441
CONT2023007138,EXPORT,NSIGT,VC202300441
CONT2023007139,IMPORT,NSIGT,VC202300441
CONT2023007140,IMPORT,NSIGT,VC202300441
CONT2023007141,EXPORT,NSIGT,VC202300441
CONT2023007142,EXPORT,NSIGT,VC202300441
CONT2023007143,IMPORT,NSIGT,VC202300441
CONT2023007144,IMPORT,NSIGT,VC202300441
CONT2023007145,EXPORT,NSIGT,VC202300441
CONT2023007146,EXPORT,NSIGT,VC202300441
CONT2023007147,IMPORT,GTI,VC202300442
CONT2023007148,EXPORT,GTI,VC202300442
CONT2023007149,EXPORT,GTI,VC202300442
CONT2023007150,EXPORT,GTI,VC202300442
CONT2023007151,EXPORT,GTI,VC202300442
CONT2023007152,EXPORT,GTI,VC202300442
CONT2023007153,EXPORT,GTI,VC202300442
CONT2023007154,EXPORT,GTI,VC202300442
CONT2023007155,EXPORT,GTI,VC202300442
CONT2023007156,IMPORT,GTI,VC202300442
CONT2023007157,EXPORT,NSIGT,VC202300443
CONT2023007158,IMPORT,NSIGT,VC202300443
CONT2023007159,EXPORT,NSIGT,VC202300443
CONT2023007160,EXPORT,NSIGT,VC202300443
CONT2023007161,IMPORT,NSIGT,VC202300443
CONT2023007162,IMPORT,NSIGT,VC202300443
CONT2023007163,EXPORT,NSFT,VC202300444
CONT2023007164,IMPORT,NSFT,VC202300444
CONT2023007165,IMPORT,NSFT,VC202300444
CONT2023007166,IMPORT,NSFT,VC202300444
CONT2023007167,IMPORT,NSFT,VC202300444
CONT2023007168,EXPORT,NSFT,VC202300444
CONT2023007169,EXPORT,NSFT,VC202300444
CONT2023007170,IMPORT,NSFT,VC202300444
CONT2023007171,IMPORT,NSFT,VC202300444
CONT2023007172,IMPORT,NSFT,VC202300444
CONT2023007173,EXPORT,NSFT,VC202300444
CONT2023007174,EXPORT,NSFT,VC202300444
CONT2023007175,IMPORT,NSFT,VC202300444
CONT2023007176,EXPORT,NSFT,VC202300444
CONT2023007177,IMPORT,NSFT,VC202300444
CONT2023007178,EXPORT,NSFT,VC202300444
CONT2023007179,IMPORT,NSFT,VC202300444
CONT2023007180,IMPORT,NSFT,VC202300444
CONT2023007181,EXPORT,NSFT,VC202300444
CONT2023007182,EXPORT,NSFT,VC202300444
CONT2023007183,EXPORT,NSFT,VC202300444
CONT2023007184,IMPORT,NSFT,VC202300444
CONT2023007185,EXPORT,NSFT,VC202300444
CONT2023007186,IMPORT,NSFT,VC202300444
CONT2023007187,IMPORT,NSFT,VC202300444
CONT2023007188,EXPORT,NSFT,VC202300444
CONT2023007189,EXPORT,BMCT,VC202300445
CONT2023007190,EXPORT,BMCT,VC202300445
CONT2023007191,IMPORT,BMCT,VC202300445
CONT2023007192,IMPORT,BMCT,VC202300445
CONT2023007193,IMPORT,BMCT,VC202300445
CONT2023007194,IMPORT,BMCT,VC202300445
CONT2023007195,IMPORT,BMCT,VC202300445
CONT2023007196,EXPORT,BMCT,VC202300445
CONT2023007197,IMPORT,GTI,VC202300446
CONT2023007198,IMPORT,GTI,VC202300446
CONT2023007199,IMPORT,GTI,VC202300446
CONT2023007200,EXPORT,GTI,VC202300446
CONT2023007201,IMPORT,GTI,VC202300446
CONT2023007202,EXPORT,GTI,VC202300446
CONT2023007203,IMPORT,GTI,VC202300446
CONT2023007204,IMPORT,GTI,VC202300446
CONT2023007205,IMPORT,GTI,VC202300446
CONT2023007206,EXPORT,GTI,VC202300446
CONT2023007207,IMPORT,GTI,VC202300446
CONT2023007208,EXPORT,GTI,VC202300446
CONT2023007209,EXPORT,GTI,VC202300446
CONT2023007210,IMPORT,NSFT,VC202300447
CONT2023007211,EXPORT,NSFT,VC202300447
CONT2023007212,IMPORT,NSFT,VC202300447
CONT2023007213,IMPORT,NSFT,VC202300447
CONT2023007214,EXPORT,NSFT,VC202300447
CONT2023007215,EXPORT,NSFT,VC202300447
CONT2023007216,IMPORT,NSFT,VC202300447
CONT2023007217,IMPORT,NSFT,VC202300447
CONT2023007218,EXPORT,NSFT,VC202300447
CONT2023007219,IMPORT,NSFT,VC202300447
CONT2023007220,EXPORT,NSFT,VC202300447
CONT2023007221,IMPORT,NSFT,VC202300447
CONT2023007222,IMPORT,NSFT,VC202300447
CONT2023007223,IMPORT,NSFT,VC202300447
CONT2023007224,IMPORT,NSFT,VC202300447
CONT2023007225,IMPORT,NSFT,VC202300447
CONT2023007226,EXPORT,NSFT,VC202300447
CONT2023007227,EXPORT,NSFT,VC202300447
CONT2023007228,EXPORT,NSIGT,VC202300448
CONT2023007229,IMPORT,NSIGT,VC202300448
CONT2023007230,EXPORT,NSIGT,VC202300448
CONT2023007231,IMPORT,NSIGT,VC202300448
CONT2023007232,IMPORT,NSIGT,VC202300448
CONT2023007233,IMPORT,NSIGT,VC202300448
CONT2023007234,IMPORT,NSIGT,VC202300448
CONT2023007235,EXPORT,NSIGT,VC202300448
CONT2023007236,EXPORT,NSIGT,VC202300448
CONT2023007237,EXPORT,NSIGT,VC202300448
CONT2023007238,EXPORT,NSIGT,VC202300448
CONT2023007239,IMPORT,NSIGT,VC202300448
CONT2023007240,EXPORT,NSIGT,VC202300448
CONT2023007241,IMPORT,NSIGT,VC202300448
CONT2023007242,IMPORT,NSIGT,VC202300448
CONT2023007243,EXPORT,NSIGT,VC202300448
CONT2023007244,EXPORT,NSIGT,VC202300448
CONT2023007245,IMPORT,NSIGT,VC202300448
CONT2023007246,EXPORT,NSIGT,VC202300448
CONT2023007247,IMPORT,NSIGT,VC202300448
CONT2023007248,IMPORT,NSIGT,VC202300448
CONT2023007249,IMPORT,NSIGT,VC202300448
CONT2023007250,IMPORT,NSIGT,VC202300448
CONT2023007251,IMPORT,NSIGT,VC202300448
CONT2023007252,EXPORT,NSIGT,VC202300448
CONT2023007253,EXPORT,NSIGT,VC202300448
CONT2023007254,EXPORT,NSIGT,VC202300448
CONT2023007255,EXPORT,NSIGT,VC202300448
CONT2023007256,IMPORT,NSIGT,VC202300448
CONT2023007257,IMPORT,NSIGT,VC202300448
CONT2023007258,IMPORT,NSIGT,VC202300448
CONT2023007259,EXPORT,NSIGT,VC202300448
CONT2023007260,EXPORT,NSIGT,VC202300448
CONT2023007261,EXPORT,NSIGT,VC202300448
CONT2023007262,EXPORT,NSIGT,VC202300448
CONT2023007263,IMPORT,NSIGT,VC202300448
CONT2023007264,EXPORT,NSIGT,VC202300448
CONT2023007265,EXPORT,NSIGT,VC202300448
CONT2023007266,IMPORT,NSIGT,VC202300448
CONT2023007267,EXPORT,NSIGT,VC202300448
CONT2023007268,IMPORT,NSIGT,VC202300448
CONT2023007269,EXPORT,NSIGT,VC202300448
CONT2023007270,EXPORT,NSIGT,VC202300448
CONT2023007271,EXPORT,NSIGT,VC202300448
CONT2023007272,IMPORT,NSIGT,VC202300448
CONT2023007273,IMPORT,NSIGT,VC202300448
CONT2023007274,EXPORT,NSIGT,VC202300448
CONT2023007275,IMPORT,NSIGT,VC202300448
CONT2023007276,EXPORT,NSIGT,VC202300448
CONT2023007277,IMPORT,NSIGT,VC202300448
CONT2023007278,IMPORT,NSIGT,VC202300448
CONT2023007279,IMPORT,NSFT,VC202300449
CONT2023007280,EXPORT,NSFT,VC202300449
CONT2023007281,IMPORT,NSFT,VC202300449
CONT2023007282,EXPORT,NSFT,VC202300449
CONT2023007283,IMPORT,NSFT,VC202300449
CONT2023007284,IMPORT,NSFT,VC202300449
CONT2023007285,IMPORT,NSFT,VC202300449
CONT2023007286,IMPORT,NSFT,VC202300449
CONT2023007287,IMPORT,NSFT,VC202300449
CONT2023007288,EXPORT,NSFT,VC202300449
CONT2023007289,IMPORT,NSFT,VC202300449
CONT2023007290,IMPORT,NSICT,VC202300450
CONT2023007291,IMPORT,NSICT,VC202300450
CONT2023007292,EXPORT,NSICT,VC202300450
CONT2023007293,IMPORT,NSICT,VC202300450
CONT2023007294,IMPORT,NSICT,VC202300450
CONT2023007295,EXPORT,NSICT,VC202300450
CONT2023007296,EXPORT,NSICT,VC202300450
CONT2023007297,EXPORT,NSICT,VC202300450
CONT2023007298,IMPORT,NSICT,VC202300450
CONT2023007299,IMPORT,NSICT,VC202300450
CONT2023007300,IMPORT,NSICT,VC202300450
CONT2023007301,IMPORT,NSICT,VC202300450
CONT2023007302,EXPORT,NSICT,VC202300450
CONT2023007303,EXPORT,NSICT,VC202300450
CONT2023007304,IMPORT,GTI,VC202300451
CONT2023007305,EXPORT,GTI,VC202300451
CONT2023007306,IMPORT,GTI,VC202300451
CONT2023007307,EXPORT,GTI,VC202300451
CONT2023007308,EXPORT,GTI,VC202300451
CONT2023007309,IMPORT,GTI,VC202300451
CONT2023007310,EXPORT,GTI,VC202300451
CONT2023007311,IMPORT,GTI,VC202300451
CONT2023007312,EXPORT,GTI,VC202300451
CONT2023007313,IMPORT,GTI,VC202300451
CONT2023007314,IMPORT,GTI,VC202300451
CONT2023007315,EXPORT,GTI,VC202300451
CONT2023007316,IMPORT,GTI,VC202300451
CONT2023007317,EXPORT,GTI,VC202300451
CONT2023007318,IMPORT,GTI,VC202300451
CONT2023007319,EXPORT,GTI,VC202300451
CONT2023007320,IMPORT,GTI,VC202300451
CONT2023007321,EXPORT,NSIGT,VC202300452
CONT2023007322,EXPORT,NSIGT,VC202300452
CONT2023007323,EXPORT,NSIGT,VC202300452
CONT2023007324,EXPORT,NSIGT,VC202300452
CONT2023007325,IMPORT,NSIGT,VC202300452
CONT2023007326,EXPORT,NSIGT,VC202300452
CONT2023007327,IMPORT,NSIGT,VC202300452
CONT2023007328,EXPORT,NSIGT,VC202300452
CONT2023007329,IMPORT,NSIGT,VC202300452
CONT2023007330,IMPORT,NSIGT,VC202300452
CONT2023007331,EXPORT,NSIGT,VC202300452
CONT2023007332,IMPORT,NSIGT,VC202300452
CONT2023007333,IMPORT,NSIGT,VC202300452
CONT2023007334,EXPORT,NSIGT,VC202300452
CONT2023007335,EXPORT,NSIGT,VC202300452
CONT2023007336,IMPORT,GTI,VC202300453
CONT2023007337,EXPORT,GTI,VC202300453
CONT2023007338,IMPORT,GTI,VC202300453
CONT2023007339,IMPORT,GTI,VC202300453
CONT2023007340,EXPORT,GTI,VC202300453
CONT2023007341,EXPORT,GTI,VC202300453
CONT2023007342,IMPORT,GTI,VC202300453
CONT2023007343,IMPORT,GTI,VC202300453
CONT2023007344,IMPORT,GTI,VC202300453
CONT2023007345,EXPORT,NSFT,VC202300454
CONT2023007346,IMPORT,NSFT,VC202300454
CONT2023007347,IMPORT,NSFT,VC202300454
CONT2023007348,IMPORT,NSFT,VC202300454
CONT2023007349,EXPORT,NSFT,VC202300454
CONT2023007350,EXPORT,NSFT,VC202300454
CONT2023007351,IMPORT,NSFT,VC202300454
CONT2023007352,EXPORT,NSFT,VC202300454
CONT2023007353,IMPORT,NSFT,VC202300454
CONT2023007354,EXPORT,NSFT,VC202300454
CONT2023007355,EXPORT,NSFT,VC202300454
CONT2023007356,IMPORT,NSFT,VC202300454
CONT2023007357,EXPORT,NSFT,VC202300454
CONT2023007358,IMPORT,NSFT,VC202300454
CONT2023007359,EXPORT,NSFT,VC202300454
CONT2023007360,EXPORT,NSFT,VC202300454
CONT2023007361,IMPORT,NSFT,VC202300454
CONT2023007362,IMPORT,NSFT,VC202300454
CONT2023007363,IMPORT,NSFT,VC202300454
CONT2023007364,IMPORT,NSFT,VC202300454
CONT2023007365,EXPORT,NSFT,VC202300454
CONT2023007366,IMPORT,NSFT,VC202300454
CONT2023007367,IMPORT,NSFT,VC202300454
CONT2023007368,IMPORT,NSFT,VC202300454
CONT2023007369,EXPORT,NSFT,VC202300454
CONT2023007370,IMPORT,NSFT,VC202300454
CONT2023007371,IMPORT,NSFT,VC202300454
CONT2023007372,EXPORT,NSFT,VC202300454
CONT2023007373,IMPORT,NSFT,VC202300454
CONT2023007374,IMPORT,NSFT,VC202300454
CONT2023007375,IMPORT,NSFT,VC202300454
CONT2023007376,IMPORT,NSFT,VC202300455
CONT2023007377,IMPORT,NSFT,VC202300455
CONT2023007378,EXPORT,NSFT,VC202300455
CONT2023007379,IMPORT,NSFT,VC202300455
CONT2023007380,IMPORT,NSFT,VC202300455
CONT2023007381,IMPORT,NSFT,VC202300455
CONT2023007382,EXPORT,NSFT,VC202300455
CONT2023007383,EXPORT,NSFT,VC202300455
CONT2023007384,IMPORT,NSFT,VC202300455
CONT2023007385,EXPORT,NSFT,VC202300455
CONT2023007386,IMPORT,NSFT,VC202300455
CONT2023007387,IMPORT,NSICT,VC202300456
CONT2023007388,IMPORT,NSICT,VC202300456
CONT2023007389,EXPORT,NSICT,VC202300456
CONT2023007390,EXPORT,NSICT,VC202300456
CONT2023007391,IMPORT,NSICT,VC202300456
CONT2023007392,EXPORT,NSICT,VC202300456
CONT2023007393,EXPORT,NSICT,VC202300456
CONT2023007394,IMPORT,NSICT,VC202300456
CONT2023007395,IMPORT,NSICT,VC202300456
CONT2023007396,IMPORT,NSICT,VC202300456
CONT2023007397,EXPORT,NSICT,VC202300456
CONT2023007398,IMPORT,NSICT,VC202300456
CONT2023007399,IMPORT,NSICT,VC202300456
CONT2023007400,EXPORT,NSICT,VC202300456
CONT2023007401,EXPORT,NSICT,VC202300456
CONT2023007402,IMPORT,NSICT,VC202300456
CONT2023007403,IMPORT,NSICT,VC202300456
CONT2023007404,IMPORT,NSICT,VC202300456
CONT2023007405,EXPORT,BMCT,VC202300457
CONT2023007406,IMPORT,BMCT,VC202300457
CONT2023007407,EXPORT,BMCT,VC202300457
CONT2023007408,EXPORT,BMCT,VC202300457
CONT2023007409,EXPORT,BMCT,VC202300457
CONT2023007410,EXPORT,BMCT,VC202300457
CONT2023007411,EXPORT,BMCT,VC202300457
CONT2023007412,EXPORT,BMCT,VC202300457
CONT2023007413,EXPORT,BMCT,VC202300457
CONT2023007414,IMPORT,BMCT,VC202300457
CONT2023007415,IMPORT,BMCT,VC202300457
CONT2023007416,IMPORT,BMCT,VC202300457
CONT2023007417,IMPORT,NSICT,VC202300458
CONT2023007418,EXPORT,NSICT,VC202300458
CONT2023007419,EXPORT,NSICT,VC202300458
CONT2023007420,EXPORT,NSICT,VC202300458
CONT2023007421,IMPORT,NSICT,VC202300458
CONT2023007422,IMPORT,NSICT,VC202300458
CONT2023007423,EXPORT,NSICT,VC202300458
CONT2023007424,IMPORT,NSICT,VC202300458
CONT2023007425,IMPORT,NSICT,VC202300458
CONT2023007426,IMPORT,NSICT,VC202300458
CONT2023007427,IMPORT,BMCT,VC202300459
CONT2023007428,IMPORT,BMCT,VC202300459
CONT2023007429,EXPORT,BMCT,VC202300459
CONT2023007430,EXPORT,BMCT,VC202300459
CONT2023007431,EXPORT,BMCT,VC202300459
CONT2023007432,IMPORT,BMCT,VC202300459
CONT2023007433,IMPORT,BMCT,VC202300459
CONT2023007434,IMPORT,BMCT,VC202300459
CONT2023007435,IMPORT,BMCT,VC202300459
CONT2023007436,IMPORT,BMCT,VC202300459
CONT2023007437,IMPORT,BMCT,VC202300459
CONT2023007438,IMPORT,BMCT,VC202300459
CONT2023007439,IMPORT,BMCT,VC202300459
CONT2023007440,IMPORT,BMCT,VC202300459
CONT2023007441,IMPORT,BMCT,VC202300459
CONT2023007442,EXPORT,BMCT,VC202300459
CONT2023007443,IMPORT,BMCT,VC202300459
CONT2023007444,IMPORT,BMCT,VC202300459
CONT2023007445,IMPORT,BMCT,VC202300459
CONT2023007446,IMPORT,BMCT,VC202300459
CONT2023007447,IMPORT,BMCT,VC202300459
CONT2023007448,EXPORT,BMCT,VC202300459
CONT2023007449,IMPORT,BMCT,VC202300459
CONT2023007450,EXPORT,BMCT,VC202300459
CONT2023007451,IMPORT,BMCT,VC202300460
CONT2023007452,IMPORT,BMCT,VC202300460
CONT2023007453,IMPORT,BMCT,VC202300460
CONT2023007454,EXPORT,BMCT,VC202300460
CONT2023007455,EXPORT,BMCT,VC202300460
CONT2023007456,IMPORT,BMCT,VC202300460
CONT2023007457,EXPORT,BMCT,VC202300460
CONT2023007458,EXPORT,BMCT,VC202300460
CONT2023007459,IMPORT,BMCT,VC202300460
CONT2023007460,IMPORT,BMCT,VC202300460
CONT2023007461,EXPORT,BMCT,VC202300460
CONT2023007462,EXPORT,BMCT,VC202300460
CONT2023007463,IMPORT,BMCT,VC202300460
CONT2023007464,EXPORT,BMCT,VC202300460
CONT2023007465,EXPORT,BMCT,VC202300460
CONT2023007466,IMPORT,BMCT,VC202300460
CONT2023007467,EXPORT,NSIGT,VC202300461
CONT2023007468,EXPORT,NSIGT,VC202300461
CONT2023007469,IMPORT,NSIGT,VC202300461
CONT2023007470,EXPORT,NSIGT,VC202300461
CONT2023007471,IMPORT,NSIGT,VC202300461
CONT2023007472,EXPORT,NSIGT,VC202300461
CONT2023007473,IMPORT,GTI,VC202300462
CONT2023007474,EXPORT,GTI,VC202300462
CONT2023007475,IMPORT,GTI,VC202300462
CONT2023007476,EXPORT,GTI,VC202300462
CONT2023007477,EXPORT,GTI,VC202300462
CONT2023007478,EXPORT,GTI,VC202300462
CONT2023007479,EXPORT,GTI,VC202300462
CONT2023007480,EXPORT,GTI,VC202300462
CONT2023007481,IMPORT,GTI,VC202300462
CONT2023007482,IMPORT,GTI,VC202300462
CONT2023007483,EXPORT,GTI,VC202300462
CONT2023007484,IMPORT,GTI,VC202300462
CONT2023007485,EXPORT,GTI,VC202300462
CONT2023007486,IMPORT,GTI,VC202300462
CONT2023007487,EXPORT,GTI,VC202300462
CONT2023007488,IMPORT,GTI,VC202300462
CONT2023007489,EXPORT,NSICT,VC202300463
CONT2023007490,EXPORT,NSICT,VC202300463
CONT2023007491,IMPORT,NSICT,VC202300463
CONT2023007492,EXPORT,NSICT,VC202300463
CONT2023007493,EXPORT,NSICT,VC202300463
CONT2023007494,EXPORT,NSICT,VC202300463
CONT2023007495,EXPORT,NSICT,VC202300463
CONT2023007496,IMPORT,NSICT,VC202300463
CONT2023007497,IMPORT,NSICT,VC202300463
CONT2023007498,IMPORT,NSICT,VC202300463
CONT2023007499,IMPORT,BMCT,VC202300464
CONT2023007500,IMPORT,BMCT,VC202300464
CONT2023007501,IMPORT,BMCT,VC202300464
CONT2023007502,EXPORT,BMCT,VC202300464
CONT2023007503,EXPORT,BMCT,VC202300464
CONT2023007504,EXPORT,BMCT,VC202300464
CONT2023007505,EXPORT,GTI,VC202300465
CONT2023007506,IMPORT,GTI,VC202300465
CONT2023007507,IMPORT,GTI,VC202300465
CONT2023007508,EXPORT,GTI,VC202300465
CONT2023007509,IMPORT,GTI,VC202300465
CONT2023007510,IMPORT,GTI,VC202300465
CONT2023007511,EXPORT,GTI,VC202300465
CONT2023007512,EXPORT,GTI,VC202300465
CONT2023007513,EXPORT,GTI,VC202300465
CONT2023007514,EXPORT,GTI,VC202300465
CONT2023007515,EXPORT,GTI,VC202300465
CONT2023007516,EXPORT,GTI,VC202300465
CONT2023007517,IMPORT,GTI,VC202300465
CONT2023007518,IMPORT,GTI,VC202300465
CONT2023007519,IMPORT,GTI,VC202300465
CONT2023007520,IMPORT,GTI,VC202300465
CONT2023007521,EXPORT,GTI,VC202300465
CONT2023007522,IMPORT,GTI,VC202300465
CONT2023007523,IMPORT,GTI,VC202300465
CONT2023007524,IMPORT,GTI,VC202300465
CONT2023007525,EXPORT,GTI,VC202300465
CONT2023007526,IMPORT,GTI,VC202300465
CONT2023007527,EXPORT,GTI,VC202300465
CONT2023007528,EXPORT,BMCT,VC202300466
CONT2023007529,EXPORT,BMCT,VC202300466
CONT2023007530,EXPORT,BMCT,VC202300466
CONT2023007531,IMPORT,BMCT,VC202300466
CONT2023007532,IMPORT,BMCT,VC202300466
CONT2023007533,EXPORT,BMCT,VC202300466
CONT2023007534,IMPORT,BMCT,VC202300466
CONT2023007535,IMPORT,BMCT,VC202300466
CONT2023007536,EXPORT,BMCT,VC202300466
CONT2023007537,EXPORT,NSFT,VC202300467
CONT2023007538,IMPORT,NSFT,VC202300467
CONT2023007539,IMPORT,NSFT,VC202300467
CONT2023007540,IMPORT,NSFT,VC202300467
CONT2023007541,EXPORT,NSFT,VC202300467
CONT2023007542,EXPORT,NSFT,VC202300467
CONT2023007543,IMPORT,NSFT,VC202300467
CONT2023007544,IMPORT,NSFT,VC202300467
CONT2023007545,IMPORT,NSFT,VC202300467
CONT2023007546,EXPORT,NSFT,VC202300467
CONT2023007547,IMPORT,NSFT,VC202300467
CONT2023007548,EXPORT,NSFT,VC202300467
CONT2023007549,EXPORT,NSFT,VC202300467
CONT2023007550,EXPORT,NSFT,VC202300467
CONT2023007551,IMPORT,NSFT,VC202300467
CONT2023007552,EXPORT,NSFT,VC202300467
CONT2023007553,EXPORT,NSIGT,VC202300468
CONT2023007554,IMPORT,NSIGT,VC202300468
CONT2023007555,EXPORT,NSIGT,VC202300468
CONT2023007556,EXPORT,NSIGT,VC202300468
CONT2023007557,EXPORT,NSIGT,VC202300468
CONT2023007558,EXPORT,NSIGT,VC202300468
CONT2023007559,IMPORT,NSIGT,VC202300468
CONT2023007560,EXPORT,NSIGT,VC202300468
CONT2023007561,EXPORT,NSIGT,VC202300468
CONT2023007562,IMPORT,NSIGT,VC202300468
CONT2023007563,EXPORT,NSIGT,VC202300468
CONT2023007564,EXPORT,NSIGT,VC202300468
CONT2023007565,EXPORT,NSIGT,VC202300468
CONT2023007566,IMPORT,NSIGT,VC202300468
CONT2023007567,IMPORT,NSIGT,VC202300468
CONT2023007568,IMPORT,NSIGT,VC202300468
CONT2023007569,IMPORT,NSIGT,VC202300468
CONT2023007570,IMPORT,NSIGT,VC202300468
CONT2023007571,EXPORT,NSIGT,VC202300468
CONT2023007572,IMPORT,NSIGT,VC202300468
CONT2023007573,IMPORT,NSIGT,VC202300468
CONT2023007574,EXPORT,NSIGT,VC202300468
CONT2023007575,EXPORT,NSIGT,VC202300468
CONT2023007576,IMPORT,NSIGT,VC202300469
CONT2023007577,EXPORT,NSIGT,VC202300469
CONT2023007578,IMPORT,NSIGT,VC202300469
CONT2023007579,IMPORT,NSIGT,VC202300469
CONT2023007580,IMPORT,NSIGT,VC202300469
CONT2023007581,EXPORT,NSIGT,VC202300469
CONT2023007582,IMPORT,NSIGT,VC202300469
CONT2023007583,EXPORT,NSIGT,VC202300469
CONT2023007584,EXPORT,NSIGT,VC202300469
CONT2023007585,EXPORT,NSIGT,VC202300469
CONT2023007586,EXPORT,NSIGT,VC202300469
CONT2023007587,EXPORT,NSIGT,VC202300469
CONT2023007588,EXPORT,NSICT,VC202300470
CONT2023007589,IMPORT,NSICT,VC202300470
CONT2023007590,IMPORT,NSICT,VC202300470
CONT2023007591,EXPORT,NSICT,VC202300470
CONT2023007592,EXPORT,NSICT,VC202300470
CONT2023007593,EXPORT,NSICT,VC202300470
CONT2023007594,EXPORT,NSICT,VC202300470
CONT2023007595,EXPORT,NSICT,VC202300470
CONT2023007596,EXPORT,NSICT,VC202300470
CONT2023007597,IMPORT,NSICT,VC202300470
CONT2023007598,EXPORT,NSICT,VC202300470
CONT2023007599,IMPORT,NSICT,VC202300470
CONT2023007600,IMPORT,NSICT,VC202300470
CONT2023007601,EXPORT,NSICT,VC202300470
CONT2023007602,IMPORT,NSICT,VC202300470
CONT2023007603,EXPORT,NSICT,VC202300470
CONT2023007604,IMPORT,NSFT,VC202300471
CONT2023007605,EXPORT,NSFT,VC202300471
CONT2023007606,EXPORT,NSFT,VC202300471
CONT2023007607,IMPORT,NSFT,VC202300471
CONT2023007608,IMPORT,NSFT,VC202300471
CONT2023007609,EXPORT,NSFT,VC202300471
CONT2023007610,EXPORT,NSFT,VC202300471
CONT2023007611,EXPORT,NSFT,VC202300471
CONT2023007612,EXPORT,NSFT,VC202300471
CONT2023007613,IMPORT,BMCT,VC202300472
CONT2023007614,EXPORT,BMCT,VC202300472
CONT2023007615,EXPORT,BMCT,VC202300472
CONT2023007616,EXPORT,BMCT,VC202300472
CONT2023007617,EXPORT,BMCT,VC202300472
CONT2023007618,IMPORT,BMCT,VC202300472
CONT2023007619,EXPORT,BMCT,VC202300472
CONT2023007620,IMPORT,BMCT,VC202300472
CONT2023007621,IMPORT,BMCT,VC202300472
CONT2023007622,EXPORT,BMCT,VC202300472
CONT2023007623,EXPORT,BMCT,VC202300472
CONT2023007624,IMPORT,BMCT,VC202300472
CONT2023007625,EXPORT,BMCT,VC202300472
CONT2023007626,IMPORT,BMCT,VC202300472
CONT2023007627,EXPORT,BMCT,VC202300472
CONT2023007628,IMPORT,BMCT,VC202300472
CONT2023007629,IMPORT,BMCT,VC202300472
CONT2023007630,IMPORT,BMCT,VC202300472
CONT2023007631,IMPORT,BMCT,VC202300472
CONT2023007632,EXPORT,BMCT,VC202300472
CONT2023007633,EXPORT,BMCT,VC202300472
CONT2023007634,EXPORT,BMCT,VC202300472
CONT2023007635,IMPORT,BMCT,VC202300472
CONT2023007636,IMPORT,BMCT,VC202300472
CONT2023007637,IMPORT,BMCT,VC202300472
CONT2023007638,IMPORT,NSIGT,VC202300473
CONT2023007639,EXPORT,NSIGT,VC202300473
CONT2023007640,EXPORT,NSIGT,VC202300473
CONT2023007641,EXPORT,NSIGT,VC202300473
CONT2023007642,IMPORT,NSIGT,VC202300473
CONT2023007643,IMPORT,NSIGT,VC202300473
CONT2023007644,IMPORT,NSIGT,VC202300473
CONT2023007645,EXPORT,NSIGT,VC202300473
CONT2023007646,EXPORT,NSIGT,VC202300473
CONT2023007647,EXPORT,NSIGT,VC202300473
CONT2023007648,EXPORT,NSIGT,VC202300473
CONT2023007649,IMPORT,NSIGT,VC202300473
CONT2023007650,EXPORT,BMCT,VC202300474
CONT2023007651,IMPORT,BMCT,VC202300474
CONT2023007652,IMPORT,BMCT,VC202300474
CONT2023007653,IMPORT,BMCT,VC202300474
CONT2023007654,IMPORT,BMCT,VC202300474
CONT2023007655,EXPORT,BMCT,VC202300474
CONT2023007656,EXPORT,BMCT,VC202300474
CONT2023007657,IMPORT,BMCT,VC202300474
CONT2023007658,EXPORT,BMCT,VC202300474
CONT2023007659,EXPORT,BMCT,VC202300474
CONT2023007660,EXPORT,BMCT,VC202300474
CONT2023007661,EXPORT,BMCT,VC202300474
CONT2023007662,IMPORT,BMCT,VC202300474
CONT2023007663,IMPORT,BMCT,VC202300474
CONT2023007664,EXPORT,BMCT,VC202300474
CONT2023007665,EXPORT,BMCT,VC202300474
CONT2023007666,IMPORT,BMCT,VC202300474
CONT2023007667,EXPORT,BMCT,VC202300474
CONT2023007668,EXPORT,BMCT,VC202300475
CONT2023007669,IMPORT,BMCT,VC202300475
CONT2023007670,IMPORT,BMCT,VC202300475
CONT2023007671,IMPORT,BMCT,VC202300475
CONT2023007672,IMPORT,BMCT,VC202300475
CONT2023007673,IMPORT,BMCT,VC202300475
CONT2023007674,IMPORT,BMCT,VC202300475
CONT2023007675,EXPORT,BMCT,VC202300475
CONT2023007676,EXPORT,BMCT,VC202300475
CONT2023007677,EXPORT,BMCT,VC202300475
CONT2023007678,EXPORT,BMCT,VC202300475
CONT2023007679,EXPORT,BMCT,VC202300475
CONT2023007680,EXPORT,BMCT,VC202300475
CONT2023007681,EXPORT,BMCT,VC202300475
CONT2023007682,IMPORT,BMCT,VC202300475
CONT2023007683,EXPORT,BMCT,VC202300475
CONT2023007684,EXPORT,BMCT,VC202300475
CONT2023007685,IMPORT,BMCT,VC202300475
CONT2023007686,EXPORT,BMCT,VC202300475
CONT2023007687,EXPORT,BMCT,VC202300475
CONT2023007688,EXPORT,BMCT,VC202300475
CONT2023007689,IMPORT,BMCT,VC202300475
CONT2023007690,IMPORT,BMCT,VC202300475
CONT2023007691,EXPORT,BMCT,VC202300475
CONT2023007692,IMPORT,BMCT,VC202300475
CONT2023007693,EXPORT,BMCT,VC202300475
CONT2023007694,EXPORT,BMCT,VC202300475
CONT2023007695,EXPORT,BMCT,VC202300475
CONT2023007696,EXPORT,BMCT,VC202300475
CONT2023007697,EXPORT,BMCT,VC202300475
CONT2023007698,EXPORT,BMCT,VC202300475
CONT2023007699,IMPORT,GTI,VC202300476
CONT2023007700,IMPORT,GTI,VC202300476
CONT2023007701,IMPORT,GTI,VC202300476
CONT2023007702,EXPORT,GTI,VC202300476
CONT2023007703,EXPORT,GTI,VC202300476
CONT2023007704,EXPORT,GTI,VC202300476
CONT2023007705,IMPORT,GTI,VC202300477
CONT2023007706,EXPORT,GTI,VC202300477
CONT2023007707,EXPORT,GTI,VC202300477
CONT2023007708,IMPORT,GTI,VC202300477
CONT2023007709,IMPORT,GTI,VC202300477
CONT2023007710,EXPORT,GTI,VC202300477
CONT2023007711,EXPORT,GTI,VC202300477
CONT2023007712,IMPORT,GTI,VC202300477
CONT2023007713,IMPORT,GTI,VC202300477
CONT2023007714,EXPORT,GTI,VC202300478
CONT2023007715,IMPORT,GTI,VC202300478
CONT2023007716,EXPORT,GTI,VC202300478
CONT2023007717,IMPORT,GTI,VC202300478
CONT2023007718,IMPORT,GTI,VC202300478
CONT2023007719,IMPORT,GTI,VC202300478
CONT2023007720,EXPORT,GTI,VC202300478
CONT2023007721,EXPORT,GTI,VC202300478
CONT2023007722,EXPORT,GTI,VC202300478
CONT2023007723,EXPORT,GTI,VC202300478
CONT2023007724,IMPORT,GTI,VC202300478
CONT2023007725,EXPORT,GTI,VC202300478
CONT2023007726,IMPORT,NSIGT,VC202300479
CONT2023007727,IMPORT,NSIGT,VC202300479
CONT2023007728,EXPORT,NSIGT,VC202300479
CONT2023007729,IMPORT,NSIGT,VC202300479
CONT2023007730,IMPORT,NSIGT,VC202300479
CONT2023007731,EXPORT,NSIGT,VC202300479
CONT2023007732,EXPORT,NSIGT,VC202300479
CONT2023007733,IMPORT,NSIGT,VC202300479
CONT2023007734,EXPORT,NSIGT,VC202300479
CONT2023007735,EXPORT,NSIGT,VC202300479
CONT2023007736,IMPORT,NSIGT,VC202300479
CONT2023007737,EXPORT,NSIGT,VC202300479
CONT2023007738,EXPORT,NSIGT,VC202300479
CONT2023007739,IMPORT,NSIGT,VC202300479
CONT2023007740,EXPORT,NSIGT,VC202300479
CONT2023007741,EXPORT,BMCT,VC202300480
CONT2023007742,IMPORT,BMCT,VC202300480
CONT2023007743,EXPORT,BMCT,VC202300480
CONT2023007744,EXPORT,BMCT,VC202300480
CONT2023007745,IMPORT,BMCT,VC202300480
CONT2023007746,IMPORT,BMCT,VC202300480
CONT2023007747,EXPORT,BMCT,VC202300480
CONT2023007748,EXPORT,BMCT,VC202300480
CONT2023007749,EXPORT,BMCT,VC202300480
CONT2023007750,EXPORT,BMCT,VC202300480
CONT2023007751,IMPORT,BMCT,VC202300480
CONT2023007752,IMPORT,BMCT,VC202300480
CONT2023007753,IMPORT,BMCT,VC202300480
CONT2023007754,IMPORT,BMCT,VC202300480
CONT2023007755,EXPORT,BMCT,VC202300480
CONT2023007756,EXPORT,BMCT,VC202300480
CONT2023007757,IMPORT,BMCT,VC202300480
CONT2023007758,EXPORT,BMCT,VC202300480
CONT2023007759,IMPORT,BMCT,VC202300480
CONT2023007760,IMPORT,NSFT,VC202300481
CONT2023007761,IMPORT,NSFT,VC202300481
CONT2023007762,EXPORT,NSFT,VC202300481
CONT2023007763,EXPORT,NSFT,VC202300481
CONT2023007764,EXPORT,NSFT,VC202300481
CONT2023007765,EXPORT,NSFT,VC202300481
CONT2023007766,EXPORT,NSFT,VC202300481
CONT2023007767,EXPORT,NSFT,VC202300481
CONT2023007768,EXPORT,NSFT,VC202300481
CONT2023007769,EXPORT,NSFT,VC202300481
CONT2023007770,EXPORT,NSFT,VC202300481
CONT2023007771,IMPORT,NSFT,VC202300481
CONT2023007772,EXPORT,NSFT,VC202300481
CONT2023007773,EXPORT,NSFT,VC202300481
CONT2023007774,EXPORT,NSFT,VC202300481
CONT2023007775,IMPORT,NSFT,VC202300481
CONT2023007776,EXPORT,NSFT,VC202300481
CONT2023007777,IMPORT,NSFT,VC202300481
CONT2023007778,EXPORT,NSFT,VC202300481
CONT2023007779,EXPORT,NSFT,VC202300481
CONT2023007780,IMPORT,NSFT,VC202300481
CONT2023007781,EXPORT,NSFT,VC202300481
CONT2023007782,EXPORT,NSFT,VC202300481
CONT2023007783,EXPORT,NSFT,VC202300481
CONT2023007784,IMPORT,NSFT,VC202300481
CONT2023007785,IMPORT,NSFT,VC202300481
CONT2023007786,EXPORT,NSFT,VC202300481
CONT2023007787,IMPORT,NSFT,VC202300482
CONT2023007788,EXPORT,NSFT,VC202300482
CONT2023007789,EXPORT,NSFT,VC202300482
CONT2023007790,EXPORT,NSFT,VC202300482
CONT2023007791,EXPORT,NSFT,VC202300482
CONT2023007792,EXPORT,NSFT,VC202300482
CONT2023007793,IMPORT,NSFT,VC202300482
CONT2023007794,IMPORT,NSFT,VC202300482
CONT2023007795,EXPORT,NSFT,VC202300482
CONT2023007796,EXPORT,BMCT,VC202300483
CONT2023007797,EXPORT,BMCT,VC202300483
CONT2023007798,IMPORT,BMCT,VC202300483
CONT2023007799,EXPORT,BMCT,VC202300483
CONT2023007800,IMPORT,BMCT,VC202300483
CONT2023007801,EXPORT,BMCT,VC202300483
CONT2023007802,EXPORT,BMCT,VC202300483
CONT2023007803,EXPORT,BMCT,VC202300483
CONT2023007804,EXPORT,BMCT,VC202300483
CONT2023007805,IMPORT,BMCT,VC202300483
CONT2023007806,IMPORT,BMCT,VC202300483
CONT2023007807,IMPORT,BMCT,VC202300483
CONT2023007808,IMPORT,GTI,VC202300484
CONT2023007809,EXPORT,GTI,VC202300484
CONT2023007810,EXPORT,GTI,VC202300484
CONT2023007811,IMPORT,GTI,VC202300484
CONT2023007812,EXPORT,GTI,VC202300484
CONT2023007813,EXPORT,GTI,VC202300484
CONT2023007814,EXPORT,GTI,VC202300484
CONT2023007815,EXPORT,GTI,VC202300484
CONT2023007816,IMPORT,GTI,VC202300484
CONT2023007817,EXPORT,GTI,VC202300484
CONT2023007818,IMPORT,GTI,VC202300484
CONT2023007819,EXPORT,GTI,VC202300484
CONT2023007820,EXPORT,GTI,VC202300484
CONT2023007821,IMPORT,GTI,VC202300484
CONT2023007822,IMPORT,GTI,VC202300484
CONT2023007823,EXPORT,GTI,VC202300484
CONT2023007824,EXPORT,GTI,VC202300484
CONT2023007825,EXPORT,GTI,VC202300484
CONT2023007826,IMPORT,GTI,VC202300484
CONT2023007827,IMPORT,GTI,VC202300484
CONT2023007828,EXPORT,GTI,VC202300484
CONT2023007829,IMPORT,GTI,VC202300484
CONT2023007830,EXPORT,GTI,VC202300484
CONT2023007831,IMPORT,GTI,VC202300484
CONT2023007832,IMPORT,GTI,VC202300484
CONT2023007833,EXPORT,GTI,VC202300485
CONT2023007834,IMPORT,GTI,VC202300485
CONT2023007835,EXPORT,GTI,VC202300485
CONT2023007836,IMPORT,GTI,VC202300485
CONT2023007837,IMPORT,GTI,VC202300485
CONT2023007838,EXPORT,GTI,VC202300485
CONT2023007839,IMPORT,GTI,VC202300485
CONT2023007840,EXPORT,GTI,VC202300485
CONT2023007841,IMPORT,GTI,VC202300485
CONT2023007842,IMPORT,GTI,VC202300485
CONT2023007843,EXPORT,GTI,VC202300485
CONT2023007844,EXPORT,GTI,VC202300485
CONT2023007845,EXPORT,GTI,VC202300485
CONT2023007846,EXPORT,GTI,VC202300485
CONT2023007847,EXPORT,GTI,VC202300485
CONT2023007848,EXPORT,GTI,VC202300485
CONT2023007849,IMPORT,NSIGT,VC202300486
CONT2023007850,IMPORT,NSIGT,VC202300486
CONT2023007851,IMPORT,NSIGT,VC202300486
CONT2023007852,IMPORT,NSIGT,VC202300486
CONT2023007853,EXPORT,NSIGT,VC202300486
CONT2023007854,EXPORT,NSIGT,VC202300486
CONT2023007855,IMPORT,NSFT,VC202300487
CONT2023007856,IMPORT,NSFT,VC202300487
CONT2023007857,IMPORT,NSFT,VC202300487
CONT2023007858,EXPORT,NSFT,VC202300487
CONT2023007859,EXPORT,NSFT,VC202300487
CONT2023007860,IMPORT,NSFT,VC202300487
CONT2023007861,IMPORT,NSIGT,VC202300488
CONT2023007862,IMPORT,NSIGT,VC202300488
CONT2023007863,IMPORT,NSIGT,VC202300488
CONT2023007864,EXPORT,NSIGT,VC202300488
CONT2023007865,IMPORT,NSIGT,VC202300488
CONT2023007866,EXPORT,NSIGT,VC202300488
CONT2023007867,EXPORT,NSIGT,VC202300488
CONT2023007868,IMPORT,NSIGT,VC202300488
CONT2023007869,EXPORT,NSIGT,VC202300488
CONT2023007870,IMPORT,NSIGT,VC202300488
CONT2023007871,EXPORT,NSFT,VC202300489
CONT2023007872,IMPORT,NSFT,VC202300489
CONT2023007873,EXPORT,NSFT,VC202300489
CONT2023007874,IMPORT,NSFT,VC202300489
CONT2023007875,IMPORT,NSFT,VC202300489
CONT2023007876,EXPORT,NSFT,VC202300489
CONT2023007877,EXPORT,NSFT,VC202300489
CONT2023007878,EXPORT,NSFT,VC202300489
CONT2023007879,IMPORT,NSFT,VC202300489
CONT2023007880,IMPORT,NSFT,VC202300489
CONT2023007881,IMPORT,NSFT,VC202300489
CONT2023007882,EXPORT,NSFT,VC202300489
CONT2023007883,IMPORT,NSFT,VC202300489
CONT2023007884,IMPORT,NSFT,VC202300489
CONT2023007885,EXPORT,NSFT,VC202300489
CONT2023007886,EXPORT,NSFT,VC202300489
CONT2023007887,IMPORT,NSFT,VC202300489
CONT2023007888,IMPORT,NSFT,VC202300489
CONT2023007889,EXPORT,NSFT,VC202300489
CONT2023007890,EXPORT,BMCT,VC202300490
CONT2023007891,EXPORT,BMCT,VC202300490
CONT2023007892,EXPORT,BMCT,VC202300490
CONT2023007893,IMPORT,BMCT,VC202300490
CONT2023007894,IMPORT,BMCT,VC202300490
CONT2023007895,EXPORT,BMCT,VC202300490
CONT2023007896,EXPORT,BMCT,VC202300490
CONT2023007897,EXPORT,BMCT,VC202300490
CONT2023007898,EXPORT,BMCT,VC202300490
CONT2023007899,EXPORT,BMCT,VC202300490
CONT2023007900,IMPORT,BMCT,VC202300490
CONT2023007901,IMPORT,BMCT,VC202300490
CONT2023007902,IMPORT,BMCT,VC202300490
CONT2023007903,EXPORT,BMCT,VC202300490
CONT2023007904,EXPORT,BMCT,VC202300490
CONT2023007905,EXPORT,BMCT,VC202300490
CONT2023007906,EXPORT,BMCT,VC202300490
CONT2023007907,IMPORT,BMCT,VC202300490
CONT2023007908,IMPORT,NSICT,VC202300491
CONT2023007909,EXPORT,NSICT,VC202300491
CONT2023007910,IMPORT,NSICT,VC202300491
CONT2023007911,EXPORT,NSICT,VC202300491
CONT2023007912,EXPORT,NSICT,VC202300491
CONT2023007913,EXPORT,NSICT,VC202300491
CONT2023007914,EXPORT,NSICT,VC202300491
CONT2023007915,EXPORT,NSICT,VC202300491
CONT2023007916,EXPORT,BMCT,VC202300492
CONT2023007917,IMPORT,BMCT,VC202300492
CONT2023007918,IMPORT,BMCT,VC202300492
CONT2023007919,IMPORT,BMCT,VC202300492
CONT2023007920,EXPORT,BMCT,VC202300492
CONT2023007921,EXPORT,BMCT,VC202300492
CONT2023007922,IMPORT,BMCT,VC202300492
CONT2023007923,EXPORT,BMCT,VC202300492
CONT2023007924,IMPORT,BMCT,VC202300492
CONT2023007925,EXPORT,BMCT,VC202300492
CONT2023007926,EXPORT,BMCT,VC202300492
CONT2023007927,EXPORT,BMCT,VC202300492
CONT2023007928,IMPORT,BMCT,VC202300492
CONT2023007929,EXPORT,BMCT,VC202300492
CONT2023007930,IMPORT,BMCT,VC202300492
CONT2023007931,IMPORT,BMCT,VC202300492
CONT2023007932,EXPORT,BMCT,VC202300492
CONT2023007933,EXPORT,BMCT,VC202300492
CONT2023007934,EXPORT,BMCT,VC202300492
CONT2023007935,IMPORT,BMCT,VC202300492
CONT2023007936,EXPORT,GTI,VC202300493
CONT2023007937,IMPORT,GTI,VC202300493
CONT2023007938,IMPORT,GTI,VC202300493
CONT2023007939,EXPORT,GTI,VC202300493
CONT2023007940,IMPORT,GTI,VC202300493
CONT2023007941,EXPORT,GTI,VC202300493
CONT2023007942,IMPORT,GTI,VC202300493
CONT2023007943,EXPORT,GTI,VC202300493
CONT2023007944,EXPORT,GTI,VC202300493
CONT2023007945,IMPORT,GTI,VC202300493
CONT2023007946,IMPORT,GTI,VC202300493
CONT2023007947,IMPORT,GTI,VC202300493
CONT2023007948,EXPORT,GTI,VC202300493
CONT2023007949,EXPORT,GTI,VC202300493
CONT2023007950,IMPORT,GTI,VC202300493
CONT2023007951,EXPORT,GTI,VC202300493
CONT2023007952,IMPORT,GTI,VC202300494
CONT2023007953,IMPORT,GTI,VC202300494
CONT2023007954,IMPORT,GTI,VC202300494
CONT2023007955,EXPORT,GTI,VC202300494
CONT2023007956,IMPORT,GTI,VC202300494
CONT2023007957,IMPORT,GTI,VC202300494
CONT2023007958,EXPORT,GTI,VC202300494
CONT2023007959,IMPORT,GTI,VC202300494
CONT2023007960,EXPORT,NSFT,VC202300495
CONT2023007961,IMPORT,NSFT,VC202300495
CONT2023007962,EXPORT,NSFT,VC202300495
CONT2023007963,EXPORT,NSFT,VC202300495
CONT2023007964,IMPORT,NSFT,VC202300495
CONT2023007965,IMPORT,NSFT,VC202300495
CONT2023007966,IMPORT,NSFT,VC202300495
CONT2023007967,IMPORT,NSFT,VC202300495
CONT2023007968,EXPORT,NSFT,VC202300495
CONT2023007969,EXPORT,NSFT,VC202300495
CONT2023007970,EXPORT,BMCT,VC202300496
CONT2023007971,IMPORT,BMCT,VC202300496
CONT2023007972,IMPORT,BMCT,VC202300496
CONT2023007973,IMPORT,BMCT,VC202300496
CONT2023007974,EXPORT,BMCT,VC202300496
CONT2023007975,IMPORT,BMCT,VC202300496
CONT2023007976,IMPORT,NSICT,VC202300497
CONT2023007977,IMPORT,NSICT,VC202300497
CONT2023007978,IMPORT,NSICT,VC202300497
CONT2023007979,IMPORT,NSICT,VC202300497
CONT2023007980,IMPORT,NSICT,VC202300497
CONT2023007981,IMPORT,NSICT,VC202300497
CONT2023007982,IMPORT,NSICT,VC202300497
CONT2023007983,IMPORT,NSICT,VC202300498
CONT2023007984,IMPORT,NSICT,VC202300498
CONT2023007985,IMPORT,NSICT,VC202300498
CONT2023007986,IMPORT,NSICT,VC202300498
CONT2023007987,IMPORT,NSICT,VC202300498
CONT2023007988,EXPORT,NSICT,VC202300498
CONT2023007989,EXPORT,GTI,VC202300499
CONT2023007990,EXPORT,GTI,VC202300499
CONT2023007991,IMPORT,GTI,VC202300499
CONT2023007992,EXPORT,GTI,VC202300499
CONT2023007993,EXPORT,GTI,VC202300499
CONT2023007994,IMPORT,GTI,VC202300499
CONT2023007995,EXPORT,NSICT,VC202300500
CONT2023007996,IMPORT,NSICT,VC202300500
CONT2023007997,IMPORT,NSICT,VC202300500
CONT2023007998,EXPORT,NSICT,VC202300500
CONT2023007999,EXPORT,NSICT,VC202300500
CONT2023008000,IMPORT,NSICT,VC202300500
CONT2023008001,EXPORT,NSICT,VC202300500
CONT2023008002,EXPORT,NSICT,VC202300500
CONT2023008003,EXPORT,NSICT,VC202300500
CONT2023008004,IMPORT,NSICT,VC202300500
CONT2023008005,EXPORT,NSICT,VC202300500
CONT2023008006,EXPORT,NSICT,VC202300500
CONT2023008007,EXPORT,NSICT,VC202300500
CONT2023008008,IMPORT,NSICT,VC202300500
CONT2023008009,EXPORT,NSICT,VC202300500
CONT2023008010,EXPORT,NSICT,VC202300500
CONT2023008011,IMPORT,NSICT,VC202300500
CONT2023008012,EXPORT,NSICT,VC202300500
CONT2023008013,IMPORT,NSICT,VC202300500
CONT2023008014,IMPORT,NSICT,VC202300500
CONT2023008015,IMPORT,NSICT,VC202300500
CONT2023008016,IMPORT,NSICT,VC202300500
CONT2023008017,EXPORT,NSICT,VC202300500
CONT2023008018,IMPORT,NSICT,VC202300500
CONT2023008019,IMPORT,NSICT,VC202300500
CONT2023008020,EXPORT,NSICT,VC202300500
CONT2023008021,IMPORT,NSICT,VC202300500
CONT2023008022,IMPORT,NSICT,VC202300500
CONT2023008023,IMPORT,NSICT,VC202300500
CONT2023008024,EXPORT,NSICT,VC202300500
CONT2023008025,EXPORT,NSICT,VC202300500
CONT2023008026,EXPORT,NSICT,VC202300500
CONT2023008027,IMPORT,NSICT,VC202300500
CONT2023008028,IMPORT,NSICT,VC202300500
CONT2023008029,EXPORT,NSFT,VC202300501
CONT2023008030,EXPORT,NSFT,VC202300501
CONT2023008031,IMPORT,NSFT,VC202300501
CONT2023008032,IMPORT,NSFT,VC202300501
CONT2023008033,EXPORT,NSFT,VC202300501
CONT2023008034,EXPORT,NSFT,VC202300501
CONT2023008035,IMPORT,NSFT,VC202300501
CONT2023008036,EXPORT,NSFT,VC202300501
CONT2023008037,IMPORT,NSFT,VC202300501
CONT2023008038,EXPORT,NSFT,VC202300501
CONT2023008039,IMPORT,NSFT,VC202300501
CONT2023008040,IMPORT,BMCT,VC202300502
CONT2023008041,IMPORT,BMCT,VC202300502
CONT2023008042,IMPORT,BMCT,VC202300502
CONT2023008043,IMPORT,BMCT,VC202300502
CONT2023008044,EXPORT,BMCT,VC202300502
CONT2023008045,EXPORT,BMCT,VC202300502
CONT2023008046,EXPORT,NSIGT,VC202300503
CONT2023008047,EXPORT,NSIGT,VC202300503
CONT2023008048,IMPORT,NSIGT,VC202300503
CONT2023008049,IMPORT,NSIGT,VC202300503
CONT2023008050,IMPORT,NSIGT,VC202300503
CONT2023008051,IMPORT,NSIGT,VC202300503
CONT2023008052,EXPORT,NSIGT,VC202300503
CONT2023008053,EXPORT,NSIGT,VC202300503
CONT2023008054,IMPORT,NSIGT,VC202300503
CONT2023008055,EXPORT,NSIGT,VC202300503
CONT2023008056,EXPORT,NSIGT,VC202300503
CONT2023008057,EXPORT,NSIGT,VC202300503
CONT2023008058,IMPORT,NSIGT,VC202300503
CONT2023008059,IMPORT,NSIGT,VC202300503
CONT2023008060,EXPORT,NSIGT,VC202300503
CONT2023008061,EXPORT,NSIGT,VC202300503
CONT2023008062,EXPORT,NSIGT,VC202300503
CONT2023008063,EXPORT,NSFT,VC202300504
CONT2023008064,IMPORT,NSFT,VC202300504
CONT2023008065,IMPORT,NSFT,VC202300504
CONT2023008066,IMPORT,NSFT,VC202300504
CONT2023008067,IMPORT,NSFT,VC202300504
CONT2023008068,IMPORT,NSFT,VC202300504
CONT2023008069,EXPORT,NSFT,VC202300504
CONT2023008070,IMPORT,NSFT,VC202300504
CONT2023008071,EXPORT,NSFT,VC202300504
CONT2023008072,IMPORT,NSFT,VC202300504
CONT2023008073,IMPORT,NSFT,VC202300504
CONT2023008074,IMPORT,NSFT,VC202300504
CONT2023008075,EXPORT,NSFT,VC202300504
CONT2023008076,EXPORT,NSFT,VC202300504
CONT2023008077,EXPORT,NSFT,VC202300504
CONT2023008078,IMPORT,NSFT,VC202300504
CONT2023008079,IMPORT,NSIGT,VC202300505
CONT2023008080,EXPORT,NSIGT,VC202300505
CONT2023008081,EXPORT,NSIGT,VC202300505
CONT2023008082,IMPORT,NSIGT,VC202300505
CONT2023008083,IMPORT,NSIGT,VC202300505
CONT2023008084,IMPORT,NSIGT,VC202300505
CONT2023008085,EXPORT,NSIGT,VC202300505
CONT2023008086,IMPORT,NSIGT,VC202300505
CONT2023008087,IMPORT,NSIGT,VC202300505
CONT2023008088,EXPORT,NSIGT,VC202300505
CONT2023008089,IMPORT,NSIGT,VC202300505
CONT2023008090,EXPORT,NSIGT,VC202300505
CONT2023008091,EXPORT,NSIGT,VC202300505
CONT2023008092,EXPORT,NSIGT,VC202300505
CONT2023008093,EXPORT,NSIGT,VC202300505
CONT2023008094,IMPORT,GTI,VC202300506
CONT2023008095,IMPORT,GTI,VC202300506
CONT2023008096,IMPORT,GTI,VC202300506
CONT2023008097,EXPORT,GTI,VC202300506
CONT2023008098,IMPORT,GTI,VC202300506
CONT2023008099,IMPORT,GTI,VC202300506
CONT2023008100,EXPORT,GTI,VC202300506
CONT2023008101,EXPORT,GTI,VC202300506
CONT2023008102,EXPORT,BMCT,VC202300507
CONT2023008103,EXPORT,BMCT,VC202300507
CONT2023008104,IMPORT,BMCT,VC202300507
CONT2023008105,EXPORT,BMCT,VC202300507
CONT2023008106,EXPORT,BMCT,VC202300507
CONT2023008107,IMPORT,BMCT,VC202300507
CONT2023008108,IMPORT,BMCT,VC202300507
CONT2023008109,IMPORT,BMCT,VC202300507
CONT2023008110,IMPORT,BMCT,VC202300507
CONT2023008111,EXPORT,BMCT,VC202300507
CONT2023008112,EXPORT,BMCT,VC202300507
CONT2023008113,EXPORT,BMCT,VC202300507
CONT2023008114,EXPORT,BMCT,VC202300507
CONT2023008115,EXPORT,BMCT,VC202300507
CONT2023008116,IMPORT,BMCT,VC202300507
CONT2023008117,IMPORT,BMCT,VC202300507
CONT2023008118,EXPORT,BMCT,VC202300507
CONT2023008119,EXPORT,BMCT,VC202300507
CONT2023008120,EXPORT,BMCT,VC202300507
CONT2023008121,EXPORT,BMCT,VC202300508
CONT2023008122,IMPORT,BMCT,VC202300508
CONT2023008123,EXPORT,BMCT,VC202300508
CONT2023008124,IMPORT,BMCT,VC202300508
CONT2023008125,IMPORT,BMCT,VC202300508
CONT2023008126,IMPORT,BMCT,VC202300508
CONT2023008127,IMPORT,BMCT,VC202300508
CONT2023008128,IMPORT,NSIGT,VC202300509
CONT2023008129,IMPORT,NSIGT,VC202300509
CONT2023008130,IMPORT,NSIGT,VC202300509
CONT2023008131,IMPORT,NSIGT,VC202300509
CONT2023008132,EXPORT,NSIGT,VC202300509
CONT2023008133,IMPORT,NSIGT,VC202300509
CONT2023008134,IMPORT,NSIGT,VC202300509
CONT2023008135,IMPORT,NSIGT,VC202300509
CONT2023008136,EXPORT,NSIGT,VC202300509
CONT2023008137,EXPORT,NSIGT,VC202300509
CONT2023008138,IMPORT,NSIGT,VC202300509
CONT2023008139,EXPORT,NSIGT,VC202300509
CONT2023008140,IMPORT,NSIGT,VC202300509
CONT2023008141,EXPORT,NSIGT,VC202300509
CONT2023008142,IMPORT,NSIGT,VC202300509
CONT2023008143,IMPORT,NSIGT,VC202300509
CONT2023008144,EXPORT,NSIGT,VC202300509
CONT2023008145,IMPORT,NSIGT,VC202300509
CONT2023008146,EXPORT,NSIGT,VC202300509
CONT2023008147,EXPORT,NSIGT,VC202300509
CONT2023008148,IMPORT,NSIGT,VC202300509
CONT2023008149,IMPORT,NSIGT,VC202300510
CONT2023008150,EXPORT,NSIGT,VC202300510
CONT2023008151,EXPORT,NSIGT,VC202300510
CONT2023008152,EXPORT,NSIGT,VC202300510
CONT2023008153,IMPORT,NSIGT,VC202300510
CONT2023008154,IMPORT,NSIGT,VC202300510
CONT2023008155,EXPORT,NSIGT,VC202300510
CONT2023008156,IMPORT,NSIGT,VC202300510
CONT2023008157,IMPORT,NSIGT,VC202300510
CONT2023008158,EXPORT,NSIGT,VC202300510
CONT2023008159,IMPORT,NSIGT,VC202300510
CONT2023008160,EXPORT,NSIGT,VC202300510
CONT2023008161,IMPORT,NSIGT,VC202300510
CONT2023008162,EXPORT,NSIGT,VC202300510
CONT2023008163,IMPORT,NSIGT,VC202300510
CONT2023008164,EXPORT,NSIGT,VC202300510
CONT2023008165,IMPORT,NSIGT,VC202300510
CONT2023008166,EXPORT,NSIGT,VC202300510
CONT2023008167,EXPORT,NSIGT,VC202300510
CONT2023008168,EXPORT,NSIGT,VC202300510
CONT2023008169,IMPORT,NSIGT,VC202300510
CONT2023008170,IMPORT,NSIGT,VC202300510
CONT2023008171,IMPORT,GTI,VC202300511
CONT2023008172,IMPORT,GTI,VC202300511
CONT2023008173,IMPORT,GTI,VC202300511
CONT2023008174,IMPORT,GTI,VC202300511
CONT2023008175,IMPORT,GTI,VC202300511
CONT2023008176,EXPORT,GTI,VC202300511
CONT2023008177,EXPORT,GTI,VC202300511
CONT2023008178,IMPORT,GTI,VC202300511
CONT2023008179,EXPORT,GTI,VC202300511
CONT2023008180,EXPORT,GTI,VC202300511
CONT2023008181,EXPORT,GTI,VC202300511
CONT2023008182,EXPORT,GTI,VC202300511
CONT2023008183,IMPORT,GTI,VC202300511
CONT2023008184,EXPORT,NSICT,VC202300512
CONT2023008185,IMPORT,NSICT,VC202300512
CONT2023008186,EXPORT,NSICT,VC202300512
CONT2023008187,EXPORT,NSICT,VC202300512
CONT2023008188,EXPORT,NSICT,VC202300512
CONT2023008189,EXPORT,NSICT,VC202300512
CONT2023008190,EXPORT,GTI,VC202300513
CONT2023008191,IMPORT,GTI,VC202300513
CONT2023008192,IMPORT,GTI,VC202300513
CONT2023008193,IMPORT,GTI,VC202300513
CONT2023008194,EXPORT,GTI,VC202300513
CONT2023008195,IMPORT,GTI,VC202300513
CONT2023008196,IMPORT,GTI,VC202300513
CONT2023008197,IMPORT,GTI,VC202300513
CONT2023008198,IMPORT,GTI,VC202300513
CONT2023008199,IMPORT,GTI,VC202300513
CONT2023008200,EXPORT,GTI,VC202300513
CONT2023008201,EXPORT,GTI,VC202300513
CONT2023008202,EXPORT,GTI,VC202300513
CONT2023008203,EXPORT,GTI,VC202300513
CONT2023008204,IMPORT,GTI,VC202300513
CONT2023008205,EXPORT,GTI,VC202300513
CONT2023008206,EXPORT,GTI,VC202300513
CONT2023008207,IMPORT,GTI,VC202300513
CONT2023008208,EXPORT,GTI,VC202300513
CONT2023008209,IMPORT,GTI,VC202300513
CONT2023008210,IMPORT,GTI,VC202300513
CONT2023008211,IMPORT,NSFT,VC202300514
CONT2023008212,EXPORT,NSFT,VC202300514
CONT2023008213,EXPORT,NSFT,VC202300514
CONT2023008214,EXPORT,NSFT,VC202300514
CONT2023008215,IMPORT,NSFT,VC202300514
CONT2023008216,EXPORT,NSFT,VC202300514
CONT2023008217,IMPORT,NSFT,VC202300514
CONT2023008218,EXPORT,NSFT,VC202300514
CONT2023008219,IMPORT,NSFT,VC202300514
CONT2023008220,EXPORT,NSFT,VC202300514
CONT2023008221,IMPORT,NSICT,VC202300515
CONT2023008222,IMPORT,NSICT,VC202300515
CONT2023008223,EXPORT,NSICT,VC202300515
CONT2023008224,IMPORT,NSICT,VC202300515
CONT2023008225,EXPORT,NSICT,VC202300515
CONT2023008226,IMPORT,NSICT,VC202300515
CONT2023008227,EXPORT,NSICT,VC202300515
CONT2023008228,EXPORT,NSICT,VC202300515
CONT2023008229,IMPORT,NSICT,VC202300515
CONT2023008230,EXPORT,NSICT,VC202300515
CONT2023008231,IMPORT,NSICT,VC202300515
CONT2023008232,IMPORT,NSICT,VC202300515
CONT2023008233,IMPORT,NSICT,VC202300515
CONT2023008234,IMPORT,NSICT,VC202300515
CONT2023008235,EXPORT,NSICT,VC202300515
CONT2023008236,IMPORT,NSICT,VC202300515
CONT2023008237,EXPORT,NSICT,VC202300516
CONT2023008238,EXPORT,NSICT,VC202300516
CONT2023008239,IMPORT,NSICT,VC202300516
CONT2023008240,EXPORT,NSICT,VC202300516
CONT2023008241,IMPORT,NSICT,VC202300516
CONT2023008242,IMPORT,NSICT,VC202300516
CONT2023008243,IMPORT,NSICT,VC202300516
CONT2023008244,EXPORT,NSICT,VC202300516
CONT2023008245,EXPORT,NSICT,VC202300516
CONT2023008246,EXPORT,NSICT,VC202300516
CONT2023008247,EXPORT,NSICT,VC202300516
CONT2023008248,EXPORT,NSICT,VC202300516
CONT2023008249,EXPORT,NSICT,VC202300516
CONT2023008250,EXPORT,NSICT,VC202300516
CONT2023008251,EXPORT,NSICT,VC202300516
CONT2023008252,IMPORT,NSICT,VC202300516
CONT2023008253,IMPORT,NSICT,VC202300516
CONT2023008254,EXPORT,NSICT,VC202300516
CONT2023008255,IMPORT,NSICT,VC202300516
CONT2023008256,IMPORT,NSICT,VC202300516
CONT2023008257,EXPORT,NSIGT,VC202300517
CONT2023008258,EXPORT,NSIGT,VC202300517
CONT2023008259,EXPORT,NSIGT,VC202300517
CONT2023008260,IMPORT,NSIGT,VC202300517
CONT2023008261,EXPORT,NSIGT,VC202300517
CONT2023008262,EXPORT,NSIGT,VC202300517
CONT2023008263,EXPORT,NSIGT,VC202300517
CONT2023008264,IMPORT,NSIGT,VC202300517
CONT2023008265,IMPORT,NSIGT,VC202300517
CONT2023008266,IMPORT,NSIGT,VC202300518
CONT2023008267,IMPORT,NSIGT,VC202300518
CONT2023008268,EXPORT,NSIGT,VC202300518
CONT2023008269,EXPORT,NSIGT,VC202300518
CONT2023008270,IMPORT,NSIGT,VC202300518
CONT2023008271,IMPORT,NSIGT,VC202300518
CONT2023008272,IMPORT,NSIGT,VC202300518
CONT2023008273,IMPORT,NSIGT,VC202300518
CONT2023008274,EXPORT,NSIGT,VC202300518
CONT2023008275,IMPORT,NSIGT,VC202300518
CONT2023008276,EXPORT,NSIGT,VC202300518
CONT2023008277,EXPORT,NSIGT,VC202300518
CONT2023008278,IMPORT,NSIGT,VC202300518
CONT2023008279,EXPORT,NSIGT,VC202300518
CONT2023008280,IMPORT,NSIGT,VC202300518
CONT2023008281,IMPORT,NSIGT,VC202300518
CONT2023008282,EXPORT,NSIGT,VC202300518
CONT2023008283,IMPORT,NSIGT,VC202300518
CONT2023008284,EXPORT,NSIGT,VC202300518
CONT2023008285,IMPORT,NSIGT,VC202300518
CONT2023008286,IMPORT,NSIGT,VC202300518
CONT2023008287,IMPORT,NSIGT,VC202300518
CONT2023008288,IMPORT,NSIGT,VC202300518
CONT2023008289,IMPORT,NSIGT,VC202300518
CONT2023008290,IMPORT,NSIGT,VC202300518
CONT2023008291,IMPORT,NSIGT,VC202300518
CONT2023008292,IMPORT,NSIGT,VC202300518
CONT2023008293,IMPORT,NSIGT,VC202300518
CONT2023008294,IMPORT,NSIGT,VC202300518
CONT2023008295,EXPORT,NSIGT,VC202300518
CONT2023008296,IMPORT,NSIGT,VC202300518
CONT2023008297,EXPORT,NSIGT,VC202300518
CONT2023008298,IMPORT,NSIGT,VC202300518
CONT2023008299,EXPORT,NSIGT,VC202300518
CONT2023008300,EXPORT,NSIGT,VC202300518
CONT2023008301,EXPORT,NSIGT,VC202300518
CONT2023008302,IMPORT,NSIGT,VC202300518
CONT2023008303,IMPORT,NSIGT,VC202300518
CONT2023008304,EXPORT,NSIGT,VC202300518
CONT2023008305,EXPORT,NSIGT,VC202300518
CONT2023008306,IMPORT,NSIGT,VC202300518
CONT2023008307,IMPORT,NSIGT,VC202300518
CONT2023008308,EXPORT,NSIGT,VC202300518
CONT2023008309,EXPORT,NSIGT,VC202300518
CONT2023008310,EXPORT,BMCT,VC202300519
CONT2023008311,EXPORT,BMCT,VC202300519
CONT2023008312,IMPORT,BMCT,VC202300519
CONT2023008313,IMPORT,BMCT,VC202300519
CONT2023008314,IMPORT,BMCT,VC202300519
CONT2023008315,EXPORT,BMCT,VC202300519
CONT2023008316,IMPORT,BMCT,VC202300519
CONT2023008317,IMPORT,BMCT,VC202300519
CONT2023008318,EXPORT,BMCT,VC202300519
CONT2023008319,IMPORT,BMCT,VC202300519
CONT2023008320,EXPORT,BMCT,VC202300519
CONT2023008321,EXPORT,BMCT,VC202300519
CONT2023008322,EXPORT,BMCT,VC202300519
CONT2023008323,EXPORT,NSFT,VC202300520
CONT2023008324,IMPORT,NSFT,VC202300520
CONT2023008325,EXPORT,NSFT,VC202300520
CONT2023008326,IMPORT,NSFT,VC202300520
CONT2023008327,EXPORT,NSFT,VC202300520
CONT2023008328,EXPORT,NSFT,VC202300520
CONT2023008329,EXPORT,NSFT,VC202300520
CONT2023008330,IMPORT,NSFT,VC202300520
CONT2023008331,EXPORT,NSFT,VC202300520
CONT2023008332,EXPORT,NSIGT,VC202300521
CONT2023008333,EXPORT,NSIGT,VC202300521
CONT2023008334,IMPORT,NSIGT,VC202300521
CONT2023008335,IMPORT,NSIGT,VC202300521
CONT2023008336,IMPORT,NSIGT,VC202300521
CONT2023008337,EXPORT,NSIGT,VC202300521
CONT2023008338,IMPORT,NSIGT,VC202300521
CONT2023008339,EXPORT,NSIGT,VC202300521
CONT2023008340,IMPORT,NSIGT,VC202300521
CONT2023008341,IMPORT,NSIGT,VC202300521
CONT2023008342,EXPORT,NSIGT,VC202300521
CONT2023008343,IMPORT,NSIGT,VC202300521
CONT2023008344,IMPORT,NSIGT,VC202300521
CONT2023008345,EXPORT,NSIGT,VC202300521
CONT2023008346,IMPORT,NSIGT,VC202300521
CONT2023008347,IMPORT,NSIGT,VC202300521
CONT2023008348,IMPORT,NSIGT,VC202300521
CONT2023008349,EXPORT,NSIGT,VC202300521
CONT2023008350,EXPORT,NSIGT,VC202300521
CONT2023008351,IMPORT,NSIGT,VC202300521
CONT2023008352,EXPORT,NSIGT,VC202300521
CONT2023008353,EXPORT,NSIGT,VC202300521
CONT2023008354,IMPORT,NSIGT,VC202300521
CONT2023008355,IMPORT,NSIGT,VC202300521
CONT2023008356,IMPORT,NSIGT,VC202300522
CONT2023008357,IMPORT,NSIGT,VC202300522
CONT2023008358,EXPORT,NSIGT,VC202300522
CONT2023008359,IMPORT,NSIGT,VC202300522
CONT2023008360,EXPORT,NSIGT,VC202300522
CONT2023008361,IMPORT,NSIGT,VC202300522
CONT2023008362,IMPORT,NSIGT,VC202300522
CONT2023008363,IMPORT,NSIGT,VC202300522
CONT2023008364,IMPORT,NSIGT,VC202300522
CONT2023008365,IMPORT,NSIGT,VC202300522
CONT2023008366,EXPORT,NSIGT,VC202300522
CONT2023008367,EXPORT,NSIGT,VC202300522
CONT2023008368,EXPORT,NSIGT,VC202300522
CONT2023008369,EXPORT,NSIGT,VC202300522
CONT2023008370,IMPORT,NSIGT,VC202300522
CONT2023008371,EXPORT,NSIGT,VC202300522
CONT2023008372,EXPORT,NSIGT,VC202300522
CONT2023008373,IMPORT,NSIGT,VC202300522
CONT2023008374,IMPORT,NSIGT,VC202300522
CONT2023008375,EXPORT,NSIGT,VC202300522
CONT2023008376,EXPORT,NSIGT,VC202300522
CONT2023008377,EXPORT,NSIGT,VC202300522
CONT2023008378,EXPORT,NSIGT,VC202300522
CONT2023008379,IMPORT,NSIGT,VC202300522
CONT2023008380,IMPORT,NSIGT,VC202300522
CONT2023008381,IMPORT,NSIGT,VC202300522
CONT2023008382,IMPORT,NSIGT,VC202300522
CONT2023008383,EXPORT,NSIGT,VC202300522
CONT2023008384,IMPORT,NSIGT,VC202300522
CONT2023008385,EXPORT,NSIGT,VC202300522
CONT2023008386,IMPORT,NSIGT,VC202300522
CONT2023008387,IMPORT,NSIGT,VC202300522
CONT2023008388,EXPORT,NSFT,VC202300523
CONT2023008389,IMPORT,NSFT,VC202300523
CONT2023008390,EXPORT,NSFT,VC202300523
CONT2023008391,IMPORT,NSFT,VC202300523
CONT2023008392,IMPORT,NSFT,VC202300523
CONT2023008393,IMPORT,NSFT,VC202300523
CONT2023008394,EXPORT,NSIGT,VC202300524
CONT2023008395,IMPORT,NSIGT,VC202300524
CONT2023008396,EXPORT,NSIGT,VC202300524
CONT2023008397,EXPORT,NSIGT,VC202300524
CONT2023008398,EXPORT,NSIGT,VC202300524
CONT2023008399,IMPORT,NSIGT,VC202300524
CONT2023008400,IMPORT,NSIGT,VC202300525
CONT2023008401,IMPORT,NSIGT,VC202300525
CONT2023008402,IMPORT,NSIGT,VC202300525
CONT2023008403,IMPORT,NSIGT,VC202300525
CONT2023008404,IMPORT,NSIGT,VC202300525
CONT2023008405,IMPORT,NSIGT,VC202300525
CONT2023008406,IMPORT,NSIGT,VC202300525
CONT2023008407,EXPORT,NSIGT,VC202300525
CONT2023008408,IMPORT,NSIGT,VC202300525
CONT2023008409,IMPORT,BMCT,VC202300526
CONT2023008410,IMPORT,BMCT,VC202300526
CONT2023008411,EXPORT,BMCT,VC202300526
CONT2023008412,IMPORT,BMCT,VC202300526
CONT2023008413,IMPORT,BMCT,VC202300526
CONT2023008414,EXPORT,BMCT,VC202300526
CONT2023008415,EXPORT,BMCT,VC202300526
CONT2023008416,IMPORT,BMCT,VC202300526
CONT2023008417,IMPORT,BMCT,VC202300526
CONT2023008418,EXPORT,BMCT,VC202300526
CONT2023008419,IMPORT,BMCT,VC202300526
CONT2023008420,IMPORT,BMCT,VC202300526
CONT2023008421,IMPORT,BMCT,VC202300526
CONT2023008422,EXPORT,BMCT,VC202300526
CONT2023008423,EXPORT,BMCT,VC202300526
CONT2023008424,IMPORT,BMCT,VC202300526
CONT2023008425,EXPORT,BMCT,VC202300526
CONT2023008426,IMPORT,BMCT,VC202300526
CONT2023008427,IMPORT,BMCT,VC202300526
CONT2023008428,IMPORT,BMCT,VC202300526
CONT2023008429,EXPORT,BMCT,VC202300526
CONT2023008430,EXPORT,BMCT,VC202300526
CONT2023008431,IMPORT,BMCT,VC202300526
CONT2023008432,IMPORT,BMCT,VC202300526
CONT2023008433,IMPORT,BMCT,VC202300526
CONT2023008434,EXPORT,BMCT,VC202300526
CONT2023008435,IMPORT,BMCT,VC202300526
CONT2023008436,EXPORT,BMCT,VC202300526
CONT2023008437,IMPORT,BMCT,VC202300526
CONT2023008438,EXPORT,BMCT,VC202300526
CONT2023008439,EXPORT,BMCT,VC202300526
CONT2023008440,EXPORT,BMCT,VC202300526
CONT2023008441,EXPORT,BMCT,VC202300526
CONT2023008442,IMPORT,BMCT,VC202300526
CONT2023008443,EXPORT,BMCT,VC202300526
CONT2023008444,EXPORT,BMCT,VC202300526
CONT2023008445,IMPORT,BMCT,VC202300526
CONT2023008446,IMPORT,BMCT,VC202300526
CONT2023008447,EXPORT,BMCT,VC202300526
CONT2023008448,EXPORT,BMCT,VC202300526
CONT2023008449,IMPORT,BMCT,VC202300526
CONT2023008450,IMPORT,BMCT,VC202300526
CONT2023008451,EXPORT,BMCT,VC202300526
CONT2023008452,EXPORT,BMCT,VC202300526
CONT2023008453,IMPORT,NSFT,VC202300527
CONT2023008454,EXPORT,NSFT,VC202300527
CONT2023008455,IMPORT,NSFT,VC202300527
CONT2023008456,EXPORT,NSFT,VC202300527
CONT2023008457,EXPORT,NSFT,VC202300527
CONT2023008458,EXPORT,NSFT,VC202300527
CONT2023008459,IMPORT,NSFT,VC202300527
CONT2023008460,IMPORT,NSFT,VC202300527
CONT2023008461,IMPORT,NSFT,VC202300527
CONT2023008462,EXPORT,NSFT,VC202300527
CONT2023008463,EXPORT,NSFT,VC202300527
CONT2023008464,IMPORT,NSFT,VC202300528
CONT2023008465,EXPORT,NSFT,VC202300528
CONT2023008466,IMPORT,NSFT,VC202300528
CONT2023008467,IMPORT,NSFT,VC202300528
CONT2023008468,IMPORT,NSFT,VC202300528
CONT2023008469,IMPORT,NSFT,VC202300528
CONT2023008470,IMPORT,NSFT,VC202300528
CONT2023008471,EXPORT,NSFT,VC202300528
CONT2023008472,IMPORT,NSFT,VC202300528
CONT2023008473,IMPORT,NSFT,VC202300528
CONT2023008474,EXPORT,NSFT,VC202300528
CONT2023008475,IMPORT,NSFT,VC202300528
CONT2023008476,IMPORT,NSFT,VC202300528
CONT2023008477,EXPORT,NSFT,VC202300528
CONT2023008478,IMPORT,NSFT,VC202300528
CONT2023008479,IMPORT,NSFT,VC202300528
CONT2023008480,IMPORT,NSFT,VC202300528
CONT2023008481,EXPORT,NSFT,VC202300528
CONT2023008482,IMPORT,NSFT,VC202300528
CONT2023008483,IMPORT,NSFT,VC202300528
CONT2023008484,EXPORT,NSFT,VC202300528
CONT2023008485,IMPORT,NSFT,VC202300528
CONT2023008486,IMPORT,NSFT,VC202300528
CONT2023008487,EXPORT,NSFT,VC202300528
CONT2023008488,IMPORT,NSFT,VC202300528
CONT2023008489,IMPORT,NSFT,VC202300528
CONT2023008490,EXPORT,NSFT,VC202300528
CONT2023008491,IMPORT,NSFT,VC202300528
CONT2023008492,EXPORT,NSFT,VC202300528
CONT2023008493,EXPORT,NSFT,VC202300528
CONT2023008494,EXPORT,NSFT,VC202300528
CONT2023008495,IMPORT,NSFT,VC202300528
CONT2023008496,IMPORT,NSFT,VC202300529
CONT2023008497,IMPORT,NSFT,VC202300529
CONT2023008498,EXPORT,NSFT,VC202300529
CONT2023008499,EXPORT,NSFT,VC202300529
CONT2023008500,EXPORT,NSFT,VC202300529
CONT2023008501,IMPORT,NSFT,VC202300529
CONT2023008502,IMPORT,NSFT,VC202300529
CONT2023008503,EXPORT,NSFT,VC202300529
CONT2023008504,EXPORT,NSFT,VC202300529
CONT2023008505,IMPORT,NSFT,VC202300529
CONT2023008506,EXPORT,NSFT,VC202300529
CONT2023008507,EXPORT,NSFT,VC202300529
CONT2023008508,EXPORT,NSFT,VC202300529
CONT2023008509,IMPORT,NSFT,VC202300529
CONT2023008510,IMPORT,NSFT,VC202300529
CONT2023008511,EXPORT,BMCT,VC202300530
CONT2023008512,IMPORT,BMCT,VC202300530
CONT2023008513,EXPORT,BMCT,VC202300530
CONT2023008514,IMPORT,BMCT,VC202300530
CONT2023008515,IMPORT,BMCT,VC202300530
CONT2023008516,IMPORT,BMCT,VC202300530
CONT2023008517,IMPORT,NSIGT,VC202300531
CONT2023008518,EXPORT,NSIGT,VC202300531
CONT2023008519,EXPORT,NSIGT,VC202300531
CONT2023008520,EXPORT,NSIGT,VC202300531
CONT2023008521,IMPORT,NSIGT,VC202300531
CONT2023008522,EXPORT,NSIGT,VC202300531
CONT2023008523,IMPORT,NSIGT,VC202300531
CONT2023008524,EXPORT,NSIGT,VC202300531
CONT2023008525,IMPORT,NSIGT,VC202300531
CONT2023008526,EXPORT,NSIGT,VC202300531
CONT2023008527,IMPORT,NSIGT,VC202300531
CONT2023008528,EXPORT,NSIGT,VC202300531
CONT2023008529,IMPORT,NSIGT,VC202300531
CONT2023008530,EXPORT,NSIGT,VC202300531
CONT2023008531,IMPORT,NSIGT,VC202300531
CONT2023008532,IMPORT,NSIGT,VC202300531
CONT2023008533,EXPORT,NSIGT,VC202300531
CONT2023008534,IMPORT,NSIGT,VC202300531
CONT2023008535,EXPORT,NSIGT,VC202300531
CONT2023008536,EXPORT,NSIGT,VC202300531
CONT2023008537,IMPORT,NSIGT,VC202300531
CONT2023008538,EXPORT,NSIGT,VC202300531
CONT2023008539,IMPORT,GTI,VC202300532
CONT2023008540,IMPORT,GTI,VC202300532
CONT2023008541,EXPORT,GTI,VC202300532
CONT2023008542,IMPORT,GTI,VC202300532
CONT2023008543,EXPORT,GTI,VC202300532
CONT2023008544,EXPORT,GTI,VC202300532
CONT2023008545,IMPORT,GTI,VC202300532
CONT2023008546,IMPORT,GTI,VC202300532
CONT2023008547,EXPORT,GTI,VC202300532
CONT2023008548,IMPORT,GTI,VC202300532
CONT2023008549,IMPORT,GTI,VC202300532
CONT2023008550,IMPORT,GTI,VC202300532
CONT2023008551,IMPORT,GTI,VC202300532
CONT2023008552,IMPORT,GTI,VC202300532
CONT2023008553,IMPORT,GTI,VC202300532
CONT2023008554,EXPORT,GTI,VC202300532
CONT2023008555,IMPORT,NSFT,VC202300533
CONT2023008556,IMPORT,NSFT,VC202300533
CONT2023008557,IMPORT,NSFT,VC202300533
CONT2023008558,EXPORT,NSFT,VC202300533
CONT2023008559,EXPORT,NSFT,VC202300533
CONT2023008560,EXPORT,NSFT,VC202300533
CONT2023008561,EXPORT,NSFT,VC202300533
CONT2023008562,IMPORT,NSFT,VC202300533
CONT2023008563,EXPORT,NSFT,VC202300533
CONT2023008564,IMPORT,BMCT,VC202300534
CONT2023008565,EXPORT,BMCT,VC202300534
CONT2023008566,EXPORT,BMCT,VC202300534
CONT2023008567,EXPORT,BMCT,VC202300534
CONT2023008568,EXPORT,BMCT,VC202300534
CONT2023008569,EXPORT,BMCT,VC202300534
CONT2023008570,IMPORT,BMCT,VC202300534
CONT2023008571,IMPORT,BMCT,VC202300534
CONT2023008572,IMPORT,BMCT,VC202300534
CONT2023008573,IMPORT,BMCT,VC202300534
CONT2023008574,EXPORT,NSFT,VC202300535
CONT2023008575,EXPORT,NSFT,VC202300535
CONT2023008576,EXPORT,NSFT,VC202300535
CONT2023008577,IMPORT,NSFT,VC202300535
CONT2023008578,EXPORT,NSFT,VC202300535
CONT2023008579,IMPORT,NSFT,VC202300535
CONT2023008580,EXPORT,NSFT,VC202300535
CONT2023008581,IMPORT,NSFT,VC202300535
CONT2023008582,EXPORT,BMCT,VC202300536
CONT2023008583,IMPORT,BMCT,VC202300536
CONT2023008584,EXPORT,BMCT,VC202300536
CONT2023008585,EXPORT,BMCT,VC202300536
CONT2023008586,EXPORT,BMCT,VC202300536
CONT2023008587,EXPORT,BMCT,VC202300536
CONT2023008588,EXPORT,BMCT,VC202300536
CONT2023008589,IMPORT,BMCT,VC202300536
CONT2023008590,IMPORT,BMCT,VC202300536
CONT2023008591,IMPORT,BMCT,VC202300536
CONT2023008592,EXPORT,BMCT,VC202300537
CONT2023008593,IMPORT,BMCT,VC202300537
CONT2023008594,IMPORT,BMCT,VC202300537
CONT2023008595,IMPORT,BMCT,VC202300537
CONT2023008596,EXPORT,BMCT,VC202300537
CONT2023008597,IMPORT,BMCT,VC202300537
CONT2023008598,IMPORT,BMCT,VC202300537
CONT2023008599,EXPORT,BMCT,VC202300537
CONT2023008600,IMPORT,BMCT,VC202300537
CONT2023008601,EXPORT,BMCT,VC202300537
CONT2023008602,EXPORT,BMCT,VC202300537
CONT2023008603,IMPORT,BMCT,VC202300537
CONT2023008604,EXPORT,BMCT,VC202300537
CONT2023008605,IMPORT,BMCT,VC202300537
CONT2023008606,EXPORT,BMCT,VC202300537
CONT2023008607,EXPORT,BMCT,VC202300537
CONT2023008608,IMPORT,BMCT,VC202300537
CONT2023008609,IMPORT,BMCT,VC202300537
CONT2023008610,IMPORT,BMCT,VC202300537
CONT2023008611,IMPORT,BMCT,VC202300537
CONT2023008612,IMPORT,NSIGT,VC202300538
CONT2023008613,IMPORT,NSIGT,VC202300538
CONT2023008614,EXPORT,NSIGT,VC202300538
CONT2023008615,EXPORT,NSIGT,VC202300538
CONT2023008616,EXPORT,NSIGT,VC202300538
CONT2023008617,IMPORT,NSIGT,VC202300538
CONT2023008618,EXPORT,NSIGT,VC202300538
CONT2023008619,EXPORT,NSIGT,VC202300538
CONT2023008620,EXPORT,NSIGT,VC202300539
CONT2023008621,IMPORT,NSIGT,VC202300539
CONT2023008622,EXPORT,NSIGT,VC202300539
CONT2023008623,IMPORT,NSIGT,VC202300539
CONT2023008624,EXPORT,NSIGT,VC202300539
CONT2023008625,EXPORT,NSIGT,VC202300539
CONT2023008626,EXPORT,NSIGT,VC202300539
CONT2023008627,EXPORT,NSIGT,VC202300539
CONT2023008628,IMPORT,NSIGT,VC202300539
CONT2023008629,EXPORT,NSIGT,VC202300539
CONT2023008630,IMPORT,NSIGT,VC202300539
CONT2023008631,EXPORT,NSIGT,VC202300539
CONT2023008632,IMPORT,NSIGT,VC202300539
CONT2023008633,EXPORT,NSIGT,VC202300539
