container_id,leo_or_boe_time,ooc_time
CONT2023000000,2022-12-22 19:34:32,2023-01-03 07:07:21
CONT2023000001,2022-12-25 20:14:55,2022-12-26 03:37:24
CONT2023000002,2022-12-24 04:18:42,2023-01-04 00:26:45
CONT2023000003,2022-12-25 10:52:10,2022-12-26 05:14:34
CONT2023000004,2022-12-21 08:23:33,2023-01-03 21:32:46
CONT2023000005,2022-12-23 17:13:01,2023-01-03 03:26:05
CONT2023000006,2022-12-25 11:21:08,2023-01-04 04:12:59
CONT2023000007,2022-12-23 14:56:56,2022-12-24 17:13:18
CONT2023000008,2022-12-26 19:13:07,
CONT2023000009,2022-12-31 10:58:12,2022-12-31 16:17:40
CONT2023000010,2022-12-30 15:15:48,2022-12-31 14:59:22
CONT2023000011,2022-12-24 02:15:06,2023-01-03 22:45:06
CONT2023000012,2022-12-25 17:09:27,2023-01-03 11:31:55
CONT2023000013,2022-12-22 01:01:50,2023-01-04 06:20:08
CONT2023000014,2022-12-23 10:32:53,2022-12-24 00:13:38
CONT2023000015,2022-12-27 03:33:41,2023-01-04 04:56:32
CONT2023000016,2022-12-25 10:35:24,2022-12-25 17:36:09
CONT2023000017,2022-12-25 14:23:51,
CONT2023000018,2022-12-24 14:50:34,2023-01-02 20:47:49
CONT2023000019,2022-12-23 13:07:07,2022-12-23 17:07:07
CONT2023000020,2022-12-25 23:39:36,2023-01-03 15:43:07
CONT2023000021,2022-12-29 10:07:27,
CONT2023000022,2022-12-22 07:20:22,2022-12-23 06:00:33
CONT2023000023,2022-12-21 10:13:52,2022-12-22 03:25:36
CONT2023000024,2022-12-28 05:07:00,2022-12-29 11:32:28
CONT2023000025,2022-12-25 16:02:26,2022-12-26 08:41:47
CONT2023000026,2022-12-28 15:34:58,
CONT2023000027,2022-12-27 07:00:40,
CONT2023000028,2022-12-25 20:17:04,2023-01-04 09:04:48
CONT2023000029,2022-12-25 05:13:27,2022-12-26 00:35:09
CONT2023000030,2022-12-29 14:45:59,
CONT2023000031,2022-12-25 23:56:02,
CONT2023000032,2022-12-29 02:31:02,2022-12-29 15:21:59
CONT2023000033,2022-12-28 12:50:50,2022-12-29 11:10:10
CONT2023000034,2022-12-25 04:58:07,2022-12-26 02:10:49
CONT2023000035,2022-12-21 07:18:15,2023-01-03 10:53:43
CONT2023000036,2022-12-25 08:19:10,2022-12-26 15:01:50
CONT2023000037,2022-12-22 03:18:22,
CONT2023000038,2022-12-26 17:15:10,2022-12-27 17:13:53
CONT2023000039,2022-12-30 11:36:28,
CONT2023000040,2022-12-29 00:30:15,
CONT2023000041,2022-12-26 15:35:13,
CONT2023000042,2022-12-24 04:18:21,2022-12-25 04:44:56
CONT2023000043,2022-12-25 10:43:00,
CONT2023000044,2023-01-01 06:03:42,2023-01-04 09:20:54
CONT2023000045,2022-12-27 11:09:25,2022-12-28 05:43:48
CONT2023000046,2023-01-01 08:30:01,2023-01-01 18:18:56
CONT2023000047,2023-01-02 17:11:40,2023-01-05 15:32:47
CONT2023000048,2022-12-30 08:16:36,2023-01-05 17:04:25
CONT2023000049,2023-01-01 06:05:57,
CONT2023000050,2022-12-30 23:18:23,2023-01-01 01:26:47
CONT2023000051,2022-12-30 15:50:56,2022-12-31 19:31:58
CONT2023000052,2022-12-23 17:45:34,2022-12-25 09:42:58
CONT2023000053,2022-12-25 17:22:29,2022-12-26 02:44:43
CONT2023000054,2022-12-30 20:18:56,2023-01-01 03:47:45
CONT2023000055,2022-12-31 23:53:26,
CONT2023000056,2023-01-01 16:13:38,2023-01-02 12:38:39
CONT2023000057,2023-01-02 01:44:18,2023-01-03 15:45:03
CONT2023000058,2022-12-23 16:46:57,
CONT2023000059,2023-01-03 13:40:18,2023-01-04 10:17:09
CONT2023000060,2022-12-31 20:43:26,2023-01-05 16:00:03
CONT2023000061,2022-12-26 15:35:31,2022-12-27 21:44:40
CONT2023000062,2022-12-27 15:57:13,2023-01-05 22:48:40
CONT2023000063,2022-12-26 15:06:34,2022-12-27 19:43:24
CONT2023000064,2022-12-29 08:21:43,2023-01-05 15:21:36
CONT2023000065,2022-12-29 22:08:36,2023-01-05 19:23:50
CONT2023000066,2022-12-31 04:37:36,2023-01-06 02:23:12
CONT2023000067,2022-12-29 22:22:09,2022-12-30 07:21:24
CONT2023000068,2022-12-29 05:52:45,2022-12-29 11:39:17
CONT2023000069,2022-12-26 23:08:52,2022-12-27 18:45:30
CONT2023000070,2022-12-26 03:44:08,2023-01-05 20:10:34
CONT2023000071,2022-12-29 22:51:21,2023-01-05 19:58:04
CONT2023000072,2022-12-25 20:08:59,2023-01-05 07:33:45
CONT2023000073,2023-01-02 12:38:05,2023-01-03 04:20:44
CONT2023000074,2022-12-27 18:17:00,2022-12-28 13:09:13
CONT2023000075,2022-12-25 15:03:25,2023-01-05 23:43:27
CONT2023000076,2022-12-26 00:53:45,
CONT2023000077,2023-01-02 16:48:42,2023-01-06 00:36:07
CONT2023000078,2022-12-31 02:14:09,2022-12-31 11:40:10
CONT2023000079,2023-01-01 14:30:03,2023-01-06 16:16:14
CONT2023000080,2022-12-28 14:08:55,
CONT2023000081,2022-12-27 00:23:22,2023-01-07 00:15:57
CONT2023000082,2022-12-29 21:07:07,2023-01-06 08:44:37
CONT2023000083,2023-01-01 23:19:17,2023-01-06 09:39:37
CONT2023000084,2022-12-29 13:22:16,2023-01-06 03:52:03
CONT2023000085,2022-12-28 07:42:50,2023-01-05 21:21:48
CONT2023000086,2022-12-30 09:41:32,2022-12-31 15:08:49
CONT2023000087,2022-12-25 09:45:59,
CONT2023000088,2022-12-29 01:03:30,2022-12-29 19:15:18
CONT2023000089,2022-12-29 21:49:57,2022-12-30 16:16:59
CONT2023000090,2022-12-28 04:42:47,
CONT2023000091,2023-01-02 17:46:08,2023-01-03 10:15:06
CONT2023000092,2022-12-27 08:45:27,2022-12-28 08:22:59
CONT2023000093,2022-12-31 08:43:28,2023-01-08 18:26:44
CONT2023000094,2022-12-28 03:02:50,2023-01-08 22:20:03
CONT2023000095,2022-12-29 21:09:35,2023-01-09 07:07:01
CONT2023000096,2023-01-03 23:21:13,2023-01-09 00:33:26
CONT2023000097,2022-12-29 21:43:19,2023-01-08 16:48:16
CONT2023000098,2023-01-02 07:15:27,
CONT2023000099,2022-12-28 03:09:30,2023-01-09 05:00:36
CONT2023000100,2023-01-04 12:06:56,2023-01-05 07:09:31
CONT2023000101,2023-01-01 19:38:57,
CONT2023000102,2023-01-06 03:16:59,2023-01-09 07:58:50
CONT2023000103,2023-01-02 01:53:03,2023-01-08 23:34:10
CONT2023000104,2022-12-29 20:01:42,2022-12-30 12:57:44
CONT2023000105,2022-12-30 05:25:15,
CONT2023000106,2022-12-30 17:36:15,2022-12-31 13:55:24
CONT2023000107,2022-12-31 23:59:13,
CONT2023000108,2022-12-30 03:05:17,2023-01-09 07:37:24
CONT2023000109,2022-12-29 08:37:58,
CONT2023000110,2022-12-26 16:17:18,
CONT2023000111,2023-01-02 14:58:50,2023-01-09 07:35:17
CONT2023000112,2023-01-03 22:54:09,2023-01-09 02:15:08
CONT2023000113,2022-12-30 11:06:35,2023-01-01 00:20:25
CONT2023000114,2023-01-03 11:28:57,2023-01-09 17:27:04
CONT2023000115,2023-01-01 22:09:58,2023-01-02 08:13:27
CONT2023000116,2022-12-30 09:19:04,2023-01-09 16:54:09
CONT2023000117,2022-12-31 04:21:36,2023-01-09 13:17:21
CONT2023000118,2023-01-01 16:03:40,2023-01-02 16:31:01
CONT2023000119,2023-01-04 07:52:20,2023-01-05 06:45:38
CONT2023000120,2023-01-03 01:08:28,2023-01-08 23:24:41
CONT2023000121,2022-12-29 07:45:46,
CONT2023000122,2023-01-02 05:20:07,2023-01-09 18:42:12
CONT2023000123,2023-01-01 20:53:03,
CONT2023000124,2023-01-03 09:48:44,2023-01-09 13:58:37
CONT2023000125,2023-01-06 04:35:28,2023-01-06 19:16:40
CONT2023000126,2023-01-02 16:31:44,2023-01-10 08:49:48
CONT2023000127,2023-01-05 13:28:00,2023-01-09 22:56:47
CONT2023000128,2022-12-28 06:10:08,2023-01-09 21:11:05
CONT2023000129,2022-12-28 22:36:55,2023-01-09 17:15:57
CONT2023000130,2023-01-05 06:45:08,2023-01-05 20:47:24
CONT2023000131,2023-01-05 11:15:00,2023-01-09 02:34:34
CONT2023000132,2022-12-31 11:56:10,2023-01-01 00:35:43
CONT2023000133,2022-12-31 05:36:25,2023-01-01 09:41:39
CONT2023000134,2022-12-29 23:44:56,2022-12-30 20:10:20
CONT2023000135,2022-12-29 22:30:26,
CONT2023000136,2023-01-02 22:30:24,2023-01-10 01:41:44
CONT2023000137,2023-01-05 03:41:35,2023-01-08 22:08:21
CONT2023000138,2022-12-29 21:09:13,2023-01-10 04:53:04
CONT2023000139,2023-01-02 06:31:23,2023-01-09 14:05:29
CONT2023000140,2023-01-04 04:18:06,2023-01-05 06:31:40
CONT2023000141,2022-12-27 01:20:15,2023-01-09 04:10:13
CONT2023000142,2023-01-06 13:51:26,
CONT2023000143,2022-12-28 10:02:06,2022-12-29 08:41:13
CONT2023000144,2023-01-05 23:43:20,2023-01-09 15:49:10
CONT2023000145,2022-12-31 01:26:07,2023-01-10 00:08:27
CONT2023000146,2023-01-05 09:52:08,2023-01-06 03:09:59
CONT2023000147,2023-01-05 15:18:01,2023-01-08 20:50:43
CONT2023000148,2022-12-31 09:55:38,2023-01-08 13:56:18
CONT2023000149,2023-01-02 02:51:28,2023-01-02 22:33:38
CONT2023000150,2022-12-27 00:33:07,2022-12-27 18:36:05
CONT2023000151,2022-12-30 07:59:34,2022-12-31 01:01:40
CONT2023000152,2022-12-30 16:25:50,2023-01-09 21:22:41
CONT2023000153,2022-12-30 13:20:30,2023-01-10 11:18:38
CONT2023000154,2023-01-06 00:19:40,2023-01-07 01:05:54
CONT2023000155,2023-01-04 10:13:24,2023-01-05 12:14:44
CONT2023000156,2023-01-03 14:04:47,
CONT2023000157,2022-12-31 06:43:35,2023-01-09 22:38:44
CONT2023000158,2023-01-02 03:47:58,2023-01-10 00:56:33
CONT2023000159,2022-12-26 22:15:15,2022-12-27 15:55:32
CONT2023000160,2022-12-28 08:12:51,2023-01-09 02:30:33
CONT2023000161,2022-12-30 09:26:25,
CONT2023000162,2023-01-02 09:55:24,2023-01-09 13:07:34
CONT2023000163,2022-12-30 19:24:31,2022-12-31 15:15:50
CONT2023000164,2023-01-01 02:20:02,2023-01-02 09:42:02
CONT2023000165,2022-12-31 08:32:13,2023-01-09 18:24:48
CONT2023000166,2022-12-27 11:09:37,2023-01-09 21:58:18
CONT2023000167,2022-12-29 11:25:45,2022-12-29 23:13:35
CONT2023000168,2023-01-01 00:53:59,2023-01-01 23:42:04
CONT2023000169,2022-12-28 20:25:59,2023-01-09 20:17:22
CONT2023000170,2023-01-03 08:57:22,2023-01-09 18:06:00
CONT2023000171,2023-01-07 00:18:45,2023-01-10 08:06:52
CONT2023000172,2022-12-31 15:13:50,2023-01-02 03:59:43
CONT2023000173,2023-01-01 22:39:11,2023-01-10 02:48:08
CONT2023000174,2023-01-01 03:06:45,2023-01-09 05:28:26
CONT2023000175,2022-12-31 22:05:33,2023-01-10 09:43:07
CONT2023000176,2022-12-30 20:04:10,2023-01-10 02:29:32
CONT2023000177,2023-01-03 13:16:23,2023-01-09 19:04:28
CONT2023000178,2023-01-02 06:11:17,2023-01-10 00:29:46
CONT2023000179,2023-01-02 22:32:02,2023-01-03 12:04:18
CONT2023000180,2022-12-28 22:42:43,2022-12-29 16:34:55
CONT2023000181,2022-12-30 12:57:45,2022-12-31 10:45:52
CONT2023000182,2022-12-29 20:58:16,2022-12-30 16:59:22
CONT2023000183,2022-12-31 21:48:48,2023-01-01 19:05:31
CONT2023000184,2023-01-07 10:52:57,2023-01-10 23:01:07
CONT2023000185,2022-12-30 15:05:05,
CONT2023000186,2023-01-01 09:54:21,2023-01-11 00:49:42
CONT2023000187,2023-01-06 10:23:30,2023-01-10 14:30:45
CONT2023000188,2022-12-31 22:30:55,2023-01-11 20:05:51
CONT2023000189,2023-01-08 16:22:36,2023-01-09 09:39:39
CONT2023000190,2023-01-04 20:15:36,2023-01-05 11:07:50
CONT2023000191,2023-01-03 09:52:10,2023-01-12 01:00:08
CONT2023000192,2023-01-05 00:23:56,2023-01-12 02:34:29
CONT2023000193,2023-01-06 11:50:36,2023-01-06 19:14:19
CONT2023000194,2022-12-31 08:15:48,2023-01-01 05:02:43
CONT2023000195,2023-01-05 18:21:09,2023-01-06 18:05:27
CONT2023000196,2022-12-29 14:17:39,2022-12-30 08:41:55
CONT2023000197,2023-01-02 15:20:00,2023-01-11 17:21:59
CONT2023000198,2023-01-06 12:09:00,
CONT2023000199,2022-12-30 19:41:32,2023-01-11 05:38:56
CONT2023000200,2023-01-07 01:31:39,2023-01-07 20:02:54
CONT2023000201,2023-01-05 01:18:25,
CONT2023000202,2023-01-06 23:52:23,2023-01-07 23:47:00
CONT2023000203,2022-12-31 15:41:56,2023-01-01 22:23:16
CONT2023000204,2023-01-07 12:55:52,2023-01-11 22:46:00
CONT2023000205,2022-12-30 13:22:38,2023-01-11 16:33:42
CONT2023000206,2023-01-05 18:50:30,2023-01-12 06:27:51
CONT2023000207,2023-01-08 09:11:17,
CONT2023000208,2023-01-03 12:51:40,2023-01-04 15:09:20
CONT2023000209,2023-01-01 08:16:45,2023-01-02 06:06:08
CONT2023000210,2023-01-08 20:05:46,2023-01-11 02:08:54
CONT2023000211,2022-12-30 01:53:23,2023-01-12 03:23:50
CONT2023000212,2023-01-02 03:19:55,2023-01-02 20:31:43
CONT2023000213,2023-01-01 19:23:53,2023-01-11 23:25:11
CONT2023000214,2023-01-02 06:07:20,2023-01-03 01:50:23
CONT2023000215,2023-01-08 02:01:09,2023-01-12 05:00:04
CONT2023000216,2023-01-03 03:32:30,2023-01-04 18:12:50
CONT2023000217,2023-01-07 06:50:16,2023-01-12 02:43:03
CONT2023000218,2022-12-30 07:29:36,2022-12-30 19:12:11
CONT2023000219,2022-12-29 20:09:39,2022-12-31 04:16:21
CONT2023000220,2023-01-05 06:09:05,2023-01-12 02:30:39
CONT2023000221,2023-01-09 04:43:46,2023-01-10 08:57:08
CONT2023000222,2023-01-09 03:08:24,2023-01-12 09:19:46
CONT2023000223,2022-12-30 04:57:23,2023-01-12 08:05:42
CONT2023000224,2023-01-08 12:21:23,2023-01-09 05:57:38
CONT2023000225,2022-12-31 21:17:05,2023-01-11 11:55:27
CONT2023000226,2023-01-04 18:49:17,2023-01-12 08:25:39
CONT2023000227,2023-01-06 02:09:08,2023-01-06 19:32:24
CONT2023000228,2023-01-03 18:45:42,2023-01-12 00:44:19
CONT2023000229,2023-01-03 13:24:32,2023-01-12 01:02:32
CONT2023000230,2023-01-05 03:11:53,2023-01-06 06:25:31
CONT2023000231,2023-01-01 11:01:22,2023-01-01 20:45:06
CONT2023000232,2023-01-01 00:29:28,2023-01-01 23:54:12
CONT2023000233,2022-12-30 02:23:42,2023-01-12 06:19:45
CONT2023000234,2023-01-07 15:04:55,2023-01-08 04:30:23
CONT2023000235,2022-12-30 20:06:12,2023-01-12 04:57:29
CONT2023000236,2023-01-09 13:03:51,2023-01-13 04:26:34
CONT2023000237,2023-01-04 00:37:36,2023-01-13 04:25:05
CONT2023000238,2023-01-08 03:32:03,2023-01-09 15:02:57
CONT2023000239,2023-01-03 18:06:34,2023-01-13 13:28:01
CONT2023000240,2023-01-07 14:56:44,2023-01-13 09:20:33
CONT2023000241,2023-01-08 09:44:33,2023-01-13 03:32:20
CONT2023000242,2022-12-30 14:59:24,2023-01-12 17:28:48
CONT2023000243,2022-12-31 07:37:00,2023-01-12 10:25:36
CONT2023000244,2022-12-31 14:16:20,2023-01-01 16:02:14
CONT2023000245,2023-01-03 09:26:03,2023-01-03 22:27:25
CONT2023000246,2023-01-07 05:30:21,2023-01-08 01:56:20
CONT2023000247,2023-01-08 09:02:21,2023-01-12 02:54:36
CONT2023000248,2023-01-10 00:12:49,2023-01-13 11:20:08
CONT2023000249,2023-01-08 05:00:50,
CONT2023000250,2022-12-30 17:40:59,2023-01-12 09:20:34
CONT2023000251,2023-01-04 23:01:28,
CONT2023000252,2023-01-07 23:39:27,
CONT2023000253,2023-01-03 12:30:02,
CONT2023000254,2023-01-05 08:14:50,2023-01-13 02:40:45
CONT2023000255,2023-01-09 06:59:01,2023-01-12 14:47:55
CONT2023000256,2023-01-04 23:31:50,2023-01-13 01:22:53
CONT2023000257,2023-01-06 15:43:37,2023-01-12 04:44:30
CONT2023000258,2023-01-02 10:08:46,2023-01-13 04:09:39
CONT2023000259,2023-01-01 21:14:08,2023-01-12 10:57:41
CONT2023000260,2022-12-30 17:30:51,2023-01-13 10:25:15
CONT2023000261,2023-01-04 21:05:30,2023-01-12 11:04:22
CONT2023000262,2022-12-30 15:28:28,2022-12-30 22:10:35
CONT2023000263,2023-01-04 00:44:00,2023-01-12 18:44:51
CONT2023000264,2023-01-08 10:13:33,2023-01-12 23:05:01
CONT2023000265,2023-01-04 05:43:02,2023-01-13 00:39:09
CONT2023000266,2023-01-02 04:54:09,2023-01-12 20:50:20
CONT2023000267,2023-01-09 09:46:52,
CONT2023000268,2022-12-30 23:58:04,2023-01-12 20:07:04
CONT2023000269,2022-12-31 10:02:13,2023-01-13 01:55:33
CONT2023000270,2023-01-01 13:46:24,2023-01-02 18:18:37
CONT2023000271,2023-01-05 03:18:29,2023-01-12 12:18:46
CONT2023000272,2023-01-01 03:47:27,2023-01-12 12:28:20
CONT2023000273,2023-01-05 02:48:53,2023-01-13 05:11:07
CONT2023000274,2023-01-05 20:22:42,2023-01-06 00:22:42
CONT2023000275,2023-01-06 16:45:43,
CONT2023000276,2023-01-03 08:02:37,2023-01-13 03:55:39
CONT2023000277,2023-01-06 12:28:34,2023-01-07 16:06:58
CONT2023000278,2023-01-09 11:30:54,2023-01-12 12:56:35
CONT2023000279,2023-01-03 14:48:06,2023-01-13 22:21:39
CONT2023000280,2023-01-03 10:51:39,2023-01-04 09:57:02
CONT2023000281,2023-01-01 19:31:38,2023-01-03 02:23:28
CONT2023000282,2023-01-09 23:12:46,2023-01-14 01:47:49
CONT2023000283,2023-01-06 15:33:21,2023-01-07 06:48:44
CONT2023000284,2023-01-01 08:39:53,2023-01-01 23:30:37
CONT2023000285,2023-01-10 13:49:58,2023-01-11 07:52:09
CONT2023000286,2023-01-01 22:33:54,2023-01-14 10:04:32
CONT2023000287,2023-01-04 10:55:44,2023-01-05 06:01:32
CONT2023000288,2023-01-09 21:41:27,2023-01-14 07:22:18
CONT2023000289,2023-01-02 01:24:20,2023-01-02 20:02:22
CONT2023000290,2023-01-04 05:13:07,2023-01-14 07:59:04
CONT2023000291,2023-01-07 19:18:26,2023-01-08 17:24:52
CONT2023000292,2023-01-03 21:57:10,2023-01-14 06:39:43
CONT2023000293,2023-01-05 09:22:43,
CONT2023000294,2023-01-09 06:03:17,
CONT2023000295,2023-01-06 14:54:30,2023-01-07 17:50:43
CONT2023000296,2023-01-07 03:41:49,2023-01-14 11:54:44
CONT2023000297,2023-01-10 11:45:01,2023-01-11 10:10:55
CONT2023000298,2023-01-11 16:20:45,2023-01-14 21:16:00
CONT2023000299,2023-01-06 07:58:11,2023-01-14 10:16:10
CONT2023000300,2023-01-06 08:04:28,2023-01-07 02:40:46
CONT2023000301,2023-01-05 11:30:11,2023-01-05 23:34:29
CONT2023000302,2023-01-03 14:21:02,2023-01-04 19:09:17
CONT2023000303,2023-01-01 07:54:21,2023-01-14 06:12:28
CONT2023000304,2023-01-03 20:58:09,2023-01-05 02:05:53
CONT2023000305,2023-01-06 15:09:21,2023-01-14 16:40:48
CONT2023000306,2023-01-03 02:34:33,
CONT2023000307,2023-01-11 14:14:18,2023-01-12 19:48:16
CONT2023000308,2023-01-06 14:19:44,2023-01-07 05:09:09
CONT2023000309,2023-01-09 18:45:37,2023-01-14 16:31:14
CONT2023000310,2023-01-02 07:52:29,2023-01-14 22:43:24
CONT2023000311,2023-01-11 14:47:29,2023-01-14 15:01:06
CONT2023000312,2023-01-06 04:43:34,2023-01-14 16:34:58
CONT2023000313,2023-01-03 09:30:55,2023-01-14 20:30:54
CONT2023000314,2023-01-11 21:31:37,
CONT2023000315,2023-01-04 01:04:18,2023-01-04 15:42:38
CONT2023000316,2023-01-07 08:24:09,
CONT2023000317,2023-01-08 04:06:17,
CONT2023000318,2023-01-02 04:32:40,2023-01-15 13:54:28
CONT2023000319,2023-01-05 21:06:58,2023-01-14 18:27:12
CONT2023000320,2023-01-11 23:35:06,2023-01-13 02:09:39
CONT2023000321,2023-01-04 04:34:25,2023-01-15 18:09:25
CONT2023000322,2023-01-10 07:50:50,2023-01-14 16:42:27
CONT2023000323,2023-01-07 22:21:44,2023-01-08 22:40:19
CONT2023000324,2023-01-10 13:48:28,2023-01-10 20:16:41
CONT2023000325,2023-01-08 15:37:36,2023-01-09 16:55:37
CONT2023000326,2023-01-11 06:55:50,2023-01-14 10:41:36
CONT2023000327,2023-01-11 12:39:11,2023-01-14 19:14:14
CONT2023000328,2023-01-05 17:53:38,2023-01-15 13:35:36
CONT2023000329,2023-01-05 23:11:17,2023-01-06 20:17:51
CONT2023000330,2023-01-04 15:43:09,
CONT2023000331,2023-01-09 15:01:33,2023-01-13 22:52:13
CONT2023000332,2023-01-08 19:46:35,2023-01-09 21:17:25
CONT2023000333,2023-01-04 07:12:32,2023-01-15 21:42:56
CONT2023000334,2023-01-04 16:16:29,2023-01-15 03:29:53
CONT2023000335,2023-01-07 21:48:02,2023-01-15 17:05:33
CONT2023000336,2023-01-08 05:56:19,2023-01-15 07:40:55
CONT2023000337,2023-01-02 20:29:55,2023-01-14 23:02:24
CONT2023000338,2023-01-06 09:10:47,2023-01-15 19:30:58
CONT2023000339,2023-01-08 19:42:54,
CONT2023000340,2023-01-05 13:50:37,2023-01-06 08:54:27
CONT2023000341,2023-01-02 09:41:35,2023-01-14 22:12:27
CONT2023000342,2023-01-05 16:12:00,2023-01-14 19:52:17
CONT2023000343,2023-01-04 00:20:07,2023-01-15 05:57:34
CONT2023000344,2023-01-04 03:57:43,2023-01-04 20:53:06
CONT2023000345,2023-01-09 20:59:11,2023-01-15 04:35:43
CONT2023000346,2023-01-02 01:40:53,2023-01-14 22:54:00
CONT2023000347,2023-01-09 15:26:24,2023-01-14 09:08:16
CONT2023000348,2023-01-08 10:52:51,2023-01-08 14:52:51
CONT2023000349,2023-01-08 00:19:41,2023-01-14 13:40:21
CONT2023000350,2023-01-11 05:29:45,2023-01-15 13:53:17
CONT2023000351,2023-01-07 08:13:32,2023-01-08 06:08:42
CONT2023000352,2023-01-09 03:07:39,2023-01-09 15:56:08
CONT2023000353,2023-01-06 16:57:37,2023-01-07 04:29:38
CONT2023000354,2023-01-06 15:05:41,2023-01-06 19:05:41
CONT2023000355,2023-01-06 08:23:04,2023-01-07 04:59:48
CONT2023000356,2023-01-07 22:07:38,
CONT2023000357,2023-01-06 11:44:01,2023-01-16 01:48:04
CONT2023000358,2023-01-09 00:29:09,2023-01-10 04:58:13
CONT2023000359,2023-01-09 08:12:04,2023-01-09 16:18:05
CONT2023000360,2023-01-11 23:54:31,2023-01-13 01:47:25
CONT2023000361,2023-01-08 23:33:00,
CONT2023000362,2023-01-02 22:51:32,2023-01-03 14:53:45
CONT2023000363,2023-01-11 21:01:19,
CONT2023000364,2023-01-11 17:19:40,
CONT2023000365,2023-01-08 14:28:59,2023-01-16 15:00:44
CONT2023000366,2023-01-02 22:13:38,2023-01-03 19:21:03
CONT2023000367,2023-01-05 06:42:40,
CONT2023000368,2023-01-08 19:12:59,2023-01-09 06:11:37
CONT2023000369,2023-01-04 07:42:00,2023-01-15 14:22:11
CONT2023000370,2023-01-06 20:33:55,2023-01-08 00:24:36
CONT2023000371,2023-01-05 18:26:46,2023-01-06 03:54:54
CONT2023000372,2023-01-10 08:53:02,2023-01-11 05:56:39
CONT2023000373,2023-01-12 22:31:00,2023-01-13 04:49:13
CONT2023000374,2023-01-06 11:46:18,
CONT2023000375,2023-01-04 21:18:36,2023-01-05 16:36:12
CONT2023000376,2023-01-03 06:36:22,2023-01-04 18:54:48
CONT2023000377,2023-01-08 18:32:42,2023-01-16 04:37:25
CONT2023000378,2023-01-13 10:12:58,2023-01-13 18:21:47
CONT2023000379,2023-01-12 10:52:24,2023-01-16 03:28:02
CONT2023000380,2023-01-05 06:58:43,
CONT2023000381,2023-01-12 15:27:56,2023-01-16 13:25:46
CONT2023000382,2023-01-08 19:13:34,2023-01-16 18:41:41
CONT2023000383,2023-01-11 12:54:38,
CONT2023000384,2023-01-06 05:01:07,2023-01-15 22:46:03
CONT2023000385,2023-01-06 19:02:16,2023-01-16 23:25:09
CONT2023000386,2023-01-11 11:10:24,2023-01-12 04:03:33
CONT2023000387,2023-01-10 20:26:36,2023-01-11 18:53:21
CONT2023000388,2023-01-11 10:08:05,2023-01-16 14:53:22
CONT2023000389,2023-01-13 18:49:55,2023-01-14 23:32:52
CONT2023000390,2023-01-07 15:08:28,2023-01-09 00:42:08
CONT2023000391,2023-01-11 14:39:05,2023-01-12 09:11:54
CONT2023000392,2023-01-10 16:45:23,2023-01-11 23:01:49
CONT2023000393,2023-01-13 04:27:33,2023-01-14 05:50:54
CONT2023000394,2023-01-13 12:31:47,2023-01-16 23:47:56
CONT2023000395,2023-01-13 21:19:09,2023-01-14 17:04:35
CONT2023000396,2023-01-03 09:57:23,2023-01-04 04:12:22
CONT2023000397,2023-01-04 19:35:04,2023-01-05 21:46:27
CONT2023000398,2023-01-12 14:22:29,
CONT2023000399,2023-01-07 08:25:15,2023-01-16 05:56:17
CONT2023000400,2023-01-11 15:36:59,2023-01-16 18:00:43
CONT2023000401,2023-01-04 19:48:30,2023-01-17 06:59:04
CONT2023000402,2023-01-10 08:29:17,2023-01-11 09:34:46
CONT2023000403,2023-01-11 04:55:05,2023-01-19 04:37:50
CONT2023000404,2023-01-09 03:45:26,2023-01-09 23:51:48
CONT2023000405,2023-01-12 20:57:57,2023-01-18 22:02:46
CONT2023000406,2023-01-12 12:02:59,2023-01-18 20:40:52
CONT2023000407,2023-01-05 13:37:45,2023-01-06 14:20:41
CONT2023000408,2023-01-09 22:16:19,2023-01-19 13:06:18
CONT2023000409,2023-01-14 02:45:30,2023-01-18 14:35:37
CONT2023000410,2023-01-06 03:04:40,2023-01-18 23:21:05
CONT2023000411,2023-01-07 22:44:24,2023-01-08 12:57:55
CONT2023000412,2023-01-06 12:48:31,
CONT2023000413,2023-01-14 00:06:55,2023-01-15 06:19:59
CONT2023000414,2023-01-14 01:00:05,2023-01-14 17:27:36
CONT2023000415,2023-01-11 21:20:42,2023-01-19 08:28:03
CONT2023000416,2023-01-17 06:25:22,2023-01-20 23:07:18
CONT2023000417,2023-01-13 02:21:44,2023-01-20 06:07:34
CONT2023000418,2023-01-14 00:24:25,2023-01-21 04:07:10
CONT2023000419,2023-01-06 23:53:36,
CONT2023000420,2023-01-12 21:55:50,
CONT2023000421,2023-01-12 12:40:57,2023-01-20 19:06:15
CONT2023000422,2023-01-14 08:47:20,2023-01-20 11:59:21
CONT2023000423,2023-01-07 06:55:00,
CONT2023000424,2023-01-08 11:20:58,2023-01-19 20:40:16
CONT2023000425,2023-01-10 16:06:16,2023-01-11 12:05:30
CONT2023000426,2023-01-16 02:54:47,2023-01-17 04:00:35
CONT2023000427,2023-01-07 23:55:08,
CONT2023000428,2023-01-16 12:30:29,2023-01-20 07:40:53
CONT2023000429,2023-01-08 01:39:15,2023-01-20 01:43:42
CONT2023000430,2023-01-09 02:04:23,2023-01-20 09:04:09
CONT2023000431,2023-01-09 05:08:48,2023-01-19 06:50:44
CONT2023000432,2023-01-12 23:36:17,
CONT2023000433,2023-01-12 22:43:00,
CONT2023000434,2023-01-06 20:11:53,2023-01-20 18:55:38
CONT2023000435,2023-01-15 06:30:15,2023-01-20 10:49:01
CONT2023000436,2023-01-12 03:57:10,
CONT2023000437,2023-01-10 22:27:44,
CONT2023000438,2023-01-15 12:36:56,2023-01-17 00:52:31
CONT2023000439,2023-01-12 05:30:18,2023-01-20 08:43:31
CONT2023000440,2023-01-14 21:01:50,
CONT2023000441,2023-01-15 09:54:45,
CONT2023000442,2023-01-06 10:19:01,2023-01-07 19:47:21
CONT2023000443,2023-01-15 23:15:44,2023-01-20 20:12:12
CONT2023000444,2023-01-17 16:10:12,
CONT2023000445,2023-01-13 21:51:16,2023-01-20 20:00:15
CONT2023000446,2023-01-15 13:20:32,2023-01-20 16:56:28
CONT2023000447,2023-01-17 13:23:19,
CONT2023000448,2023-01-16 15:43:32,2023-01-21 14:16:04
CONT2023000449,2023-01-10 22:39:09,2023-01-20 18:39:07
CONT2023000450,2023-01-07 18:51:06,2023-01-21 21:20:09
CONT2023000451,2023-01-11 08:12:34,
CONT2023000452,2023-01-12 01:51:44,2023-01-21 05:48:31
CONT2023000453,2023-01-18 03:35:26,2023-01-21 20:57:37
CONT2023000454,2023-01-08 12:42:58,2023-01-09 15:18:08
CONT2023000455,2023-01-11 07:37:19,2023-01-12 05:19:20
CONT2023000456,2023-01-09 10:19:04,2023-01-09 20:53:28
CONT2023000457,2023-01-08 11:09:14,2023-01-20 19:41:12
CONT2023000458,2023-01-14 04:24:34,2023-01-15 00:28:13
CONT2023000459,2023-01-15 06:58:05,2023-01-16 03:59:28
CONT2023000460,2023-01-14 09:34:40,2023-01-22 02:29:05
CONT2023000461,2023-01-14 10:28:29,
CONT2023000462,2023-01-12 16:45:14,2023-01-13 09:20:51
CONT2023000463,2023-01-11 04:02:19,2023-01-22 09:48:26
CONT2023000464,2023-01-11 05:07:43,2023-01-11 21:17:12
CONT2023000465,2023-01-11 23:14:35,2023-01-22 17:02:54
CONT2023000466,2023-01-14 12:30:32,2023-01-15 11:19:09
CONT2023000467,2023-01-09 21:50:48,2023-01-11 06:49:58
CONT2023000468,2023-01-14 12:31:46,2023-01-23 00:11:40
CONT2023000469,2023-01-19 01:44:02,2023-01-22 17:53:04
CONT2023000470,2023-01-18 13:44:59,
CONT2023000471,2023-01-15 01:48:02,2023-01-15 17:05:33
CONT2023000472,2023-01-13 06:04:07,
CONT2023000473,2023-01-12 20:06:51,2023-01-13 15:20:11
CONT2023000474,2023-01-16 20:16:09,2023-01-17 07:12:00
CONT2023000475,2023-01-11 10:43:53,2023-01-12 13:43:27
CONT2023000476,2023-01-09 21:16:53,2023-01-10 08:37:53
CONT2023000477,2023-01-12 02:42:01,2023-01-22 17:19:41
CONT2023000478,2023-01-14 21:25:07,2023-01-16 06:17:56
CONT2023000479,2023-01-17 19:56:57,2023-01-18 04:27:39
CONT2023000480,2023-01-15 12:17:55,2023-01-22 03:39:54
CONT2023000481,2023-01-13 11:15:33,2023-01-24 02:25:48
CONT2023000482,2023-01-16 01:30:42,
CONT2023000483,2023-01-18 07:56:47,
CONT2023000484,2023-01-13 12:56:48,2023-01-14 15:20:37
CONT2023000485,2023-01-20 02:52:51,2023-01-20 11:23:57
CONT2023000486,2023-01-13 08:05:57,2023-01-14 10:22:20
CONT2023000487,2023-01-19 22:02:36,2023-01-22 21:21:17
CONT2023000488,2023-01-09 20:23:55,2023-01-10 16:20:34
CONT2023000489,2023-01-11 12:36:16,2023-01-23 06:09:22
CONT2023000490,2023-01-18 05:16:17,2023-01-19 05:48:30
CONT2023000491,2023-01-17 05:05:03,2023-01-23 16:52:56
CONT2023000492,2023-01-18 22:33:25,2023-01-23 14:47:19
CONT2023000493,2023-01-19 14:22:21,
CONT2023000494,2023-01-17 22:20:05,2023-01-23 06:37:49
CONT2023000495,2023-01-16 23:05:36,2023-01-23 02:57:37
CONT2023000496,2023-01-12 15:57:07,2023-01-23 01:04:43
CONT2023000497,2023-01-11 05:14:35,
CONT2023000498,2023-01-13 18:40:40,2023-01-14 11:01:57
CONT2023000499,2023-01-12 04:33:50,2023-01-23 15:31:40
CONT2023000500,2023-01-15 21:10:05,2023-01-16 07:41:04
CONT2023000501,2023-01-16 01:15:09,2023-01-23 00:24:21
CONT2023000502,2023-01-18 21:21:07,2023-01-19 20:31:59
CONT2023000503,2023-01-11 01:07:14,2023-01-23 10:46:39
CONT2023000504,2023-01-15 18:54:10,
CONT2023000505,2023-01-20 07:49:08,2023-01-23 13:13:51
CONT2023000506,2023-01-11 12:12:46,2023-01-23 07:33:34
CONT2023000507,2023-01-11 05:22:32,2023-01-23 01:54:46
CONT2023000508,2023-01-09 13:54:51,2023-01-10 13:43:18
CONT2023000509,2023-01-15 08:19:59,2023-01-16 12:36:46
CONT2023000510,2023-01-10 03:27:42,
CONT2023000511,2023-01-16 19:20:45,2023-01-17 11:42:11
CONT2023000512,2023-01-10 12:21:27,2023-01-11 06:18:42
CONT2023000513,2023-01-16 11:10:17,2023-01-23 07:50:59
CONT2023000514,2023-01-15 14:28:07,2023-01-16 05:40:46
CONT2023000515,2023-01-19 22:48:23,2023-01-23 02:10:42
CONT2023000516,2023-01-14 21:12:25,2023-01-22 18:19:10
CONT2023000517,2023-01-18 02:31:50,2023-01-24 05:02:30
CONT2023000518,2023-01-20 07:45:12,2023-01-23 21:10:40
CONT2023000519,2023-01-13 04:28:48,2023-01-14 06:31:07
CONT2023000520,2023-01-14 10:09:50,2023-01-15 02:54:23
CONT2023000521,2023-01-11 00:47:15,2023-01-23 03:01:31
CONT2023000522,2023-01-10 12:50:39,2023-01-10 18:14:16
CONT2023000523,2023-01-20 02:50:56,2023-01-20 20:35:12
CONT2023000524,2023-01-19 09:14:58,2023-01-23 16:25:16
CONT2023000525,2023-01-15 14:26:44,2023-01-24 03:32:09
CONT2023000526,2023-01-19 06:39:13,2023-01-20 06:44:02
CONT2023000527,2023-01-20 11:29:46,2023-01-23 16:49:53
CONT2023000528,2023-01-13 08:53:44,2023-01-24 08:31:05
CONT2023000529,2023-01-19 22:35:45,2023-01-20 19:48:14
CONT2023000530,2023-01-19 00:11:38,2023-01-23 05:59:50
CONT2023000531,2023-01-16 13:20:00,2023-01-23 02:15:41
CONT2023000532,2023-01-13 20:09:20,2023-01-23 10:13:42
CONT2023000533,2023-01-17 19:31:05,2023-01-23 10:25:22
CONT2023000534,2023-01-19 01:00:57,2023-01-24 01:30:23
CONT2023000535,2023-01-15 04:20:20,
CONT2023000536,2023-01-16 07:17:49,2023-01-16 11:17:49
CONT2023000537,2023-01-16 19:04:09,2023-01-24 22:57:35
CONT2023000538,2023-01-19 18:17:57,
CONT2023000539,2023-01-20 09:45:10,2023-01-24 11:38:18
CONT2023000540,2023-01-12 14:21:09,2023-01-13 17:30:18
CONT2023000541,2023-01-17 16:59:53,2023-01-18 13:14:34
CONT2023000542,2023-01-12 14:28:11,2023-01-13 02:51:09
CONT2023000543,2023-01-11 19:38:00,
CONT2023000544,2023-01-19 09:50:40,2023-01-20 07:17:55
CONT2023000545,2023-01-19 15:08:44,
CONT2023000546,2023-01-21 22:24:01,
CONT2023000547,2023-01-11 07:13:20,2023-01-25 06:41:06
CONT2023000548,2023-01-12 21:24:53,2023-01-13 09:57:40
CONT2023000549,2023-01-16 16:21:53,2023-01-17 02:28:21
CONT2023000550,2023-01-19 03:14:43,2023-01-24 02:31:07
CONT2023000551,2023-01-20 19:07:52,2023-01-24 07:35:39
CONT2023000552,2023-01-11 04:45:04,2023-01-11 21:01:40
CONT2023000553,2023-01-15 07:38:09,2023-01-24 18:46:38
CONT2023000554,2023-01-13 05:15:13,2023-01-25 04:22:59
CONT2023000555,2023-01-18 03:21:49,2023-01-24 20:47:39
CONT2023000556,2023-01-21 10:01:18,
CONT2023000557,2023-01-16 17:34:49,2023-01-18 05:08:07
CONT2023000558,2023-01-13 11:22:33,2023-01-14 11:11:04
CONT2023000559,2023-01-17 18:07:21,2023-01-18 21:43:10
CONT2023000560,2023-01-17 07:00:27,
CONT2023000561,2023-01-20 14:59:47,2023-01-21 09:06:27
CONT2023000562,2023-01-19 04:20:26,2023-01-19 20:47:14
CONT2023000563,2023-01-17 11:55:42,2023-01-24 16:52:02
CONT2023000564,2023-01-20 20:36:24,2023-01-21 23:54:37
CONT2023000565,2023-01-19 16:10:09,2023-01-21 05:41:24
CONT2023000566,2023-01-10 22:39:59,2023-01-25 05:42:20
CONT2023000567,2023-01-15 09:45:32,2023-01-16 00:59:02
CONT2023000568,2023-01-13 01:28:29,2023-01-14 06:18:45
CONT2023000569,2023-01-21 05:50:41,2023-01-21 18:30:39
CONT2023000570,2023-01-17 16:47:44,
CONT2023000571,2023-01-21 01:37:27,2023-01-24 16:00:01
CONT2023000572,2023-01-10 19:20:38,2023-01-11 10:41:12
CONT2023000573,2023-01-14 14:05:41,2023-01-15 06:31:22
CONT2023000574,2023-01-22 00:07:29,2023-01-22 07:25:37
CONT2023000575,2023-01-14 22:12:47,2023-01-26 10:39:50
CONT2023000576,2023-01-15 14:05:00,2023-01-26 20:52:16
CONT2023000577,2023-01-19 10:41:54,2023-01-26 17:29:26
CONT2023000578,2023-01-19 12:55:02,2023-01-25 22:19:39
CONT2023000579,2023-01-20 18:07:29,2023-01-26 11:06:11
CONT2023000580,2023-01-13 05:38:37,2023-01-26 07:01:45
CONT2023000581,2023-01-15 09:29:17,2023-01-25 16:43:00
CONT2023000582,2023-01-16 20:34:08,2023-01-26 02:32:44
CONT2023000583,2023-01-19 22:42:41,2023-01-26 04:51:59
CONT2023000584,2023-01-13 09:04:20,
CONT2023000585,2023-01-17 14:28:17,2023-01-26 02:22:44
CONT2023000586,2023-01-16 11:10:45,2023-01-26 09:18:21
CONT2023000587,2023-01-13 10:38:34,2023-01-25 18:56:10
CONT2023000588,2023-01-24 02:29:45,
CONT2023000589,2023-01-14 15:15:26,2023-01-15 07:20:40
CONT2023000590,2023-01-15 20:26:25,2023-01-17 08:50:18
CONT2023000591,2023-01-15 04:02:09,2023-01-27 15:36:56
CONT2023000592,2023-01-18 05:17:11,2023-01-26 23:03:09
CONT2023000593,2023-01-16 00:37:48,2023-01-16 19:27:51
CONT2023000594,2023-01-22 21:49:12,2023-01-23 18:36:26
CONT2023000595,2023-01-19 06:41:30,2023-01-20 00:24:10
CONT2023000596,2023-01-19 22:40:26,2023-01-27 12:09:31
CONT2023000597,2023-01-22 18:31:29,2023-01-23 02:38:30
CONT2023000598,2023-01-22 01:00:42,2023-01-22 10:55:12
CONT2023000599,2023-01-16 13:14:35,2023-01-28 04:36:15
CONT2023000600,2023-01-19 16:54:11,2023-01-21 01:56:13
CONT2023000601,2023-01-24 15:17:05,2023-01-25 07:45:52
CONT2023000602,2023-01-19 23:39:31,2023-01-21 08:41:05
CONT2023000603,2023-01-19 00:16:53,2023-01-29 03:12:31
CONT2023000604,2023-01-16 13:58:31,2023-01-17 15:05:07
CONT2023000605,2023-01-24 13:40:39,
CONT2023000606,2023-01-23 12:54:23,2023-01-24 05:34:06
CONT2023000607,2023-01-18 01:14:50,2023-01-18 11:11:59
CONT2023000608,2023-01-25 04:45:39,2023-01-26 03:39:26
CONT2023000609,2023-01-23 08:07:21,2023-01-27 08:52:16
CONT2023000610,2023-01-22 07:48:54,
CONT2023000611,2023-01-16 21:15:24,2023-01-18 01:02:13
CONT2023000612,2023-01-15 02:11:10,2023-01-28 19:16:46
CONT2023000613,2023-01-20 05:29:14,2023-01-28 12:37:04
CONT2023000614,2023-01-22 17:09:20,2023-01-23 07:13:43
CONT2023000615,2023-01-19 06:13:26,2023-01-28 17:45:51
CONT2023000616,2023-01-22 23:57:43,
CONT2023000617,2023-01-22 19:41:31,2023-01-28 07:38:24
CONT2023000618,2023-01-25 05:00:29,2023-01-25 22:50:01
CONT2023000619,2023-01-22 19:36:35,2023-01-24 04:38:56
CONT2023000620,2023-01-20 03:55:24,2023-01-28 06:31:20
CONT2023000621,2023-01-25 21:39:09,2023-01-28 17:23:02
CONT2023000622,2023-01-24 09:17:15,2023-01-28 04:20:09
CONT2023000623,2023-01-19 11:45:48,2023-01-20 02:45:17
CONT2023000624,2023-01-24 11:36:03,2023-01-25 05:16:06
CONT2023000625,2023-01-17 17:52:01,2023-01-18 22:52:07
CONT2023000626,2023-01-24 20:55:53,
CONT2023000627,2023-01-19 18:58:08,2023-01-28 12:42:09
CONT2023000628,2023-01-17 17:51:15,2023-01-28 22:33:13
CONT2023000629,2023-01-23 15:09:05,2023-01-29 05:21:21
CONT2023000630,2023-01-18 20:46:08,2023-01-29 04:56:11
CONT2023000631,2023-01-25 09:12:00,
CONT2023000632,2023-01-18 00:53:54,2023-01-19 13:17:29
CONT2023000633,2023-01-21 07:45:58,
CONT2023000634,2023-01-25 06:34:18,2023-01-26 06:44:43
CONT2023000635,2023-01-19 16:55:02,
CONT2023000636,2023-01-24 11:58:00,
CONT2023000637,2023-01-20 16:10:43,2023-01-21 18:48:49
CONT2023000638,2023-01-18 15:55:52,2023-01-19 05:04:38
CONT2023000639,2023-01-21 00:53:15,2023-01-21 22:20:11
CONT2023000640,2023-01-18 19:46:08,2023-01-28 04:04:40
CONT2023000641,2023-01-24 05:48:51,2023-01-25 00:26:47
CONT2023000642,2023-01-17 00:36:44,2023-01-28 19:41:46
CONT2023000643,2023-01-18 18:38:01,2023-01-28 10:06:08
CONT2023000644,2023-01-20 22:41:49,2023-01-28 17:30:40
CONT2023000645,2023-01-16 06:17:45,
CONT2023000646,2023-01-17 14:08:03,2023-01-18 00:31:25
CONT2023000647,2023-01-16 12:51:56,2023-01-29 08:41:26
CONT2023000648,2023-01-25 12:48:19,2023-01-28 07:02:24
CONT2023000649,2023-01-24 22:38:43,2023-01-25 10:52:37
CONT2023000650,2023-01-18 08:44:04,2023-01-19 01:52:07
CONT2023000651,2023-01-25 00:59:58,2023-01-30 04:42:39
CONT2023000652,2023-01-24 16:16:47,2023-01-25 02:30:35
CONT2023000653,2023-01-18 21:23:35,2023-01-29 06:18:41
CONT2023000654,2023-01-16 06:21:26,2023-01-28 23:38:04
CONT2023000655,2023-01-25 10:15:10,2023-01-29 17:55:05
CONT2023000656,2023-01-18 05:49:19,2023-01-29 14:11:57
CONT2023000657,2023-01-24 21:43:34,2023-01-28 22:46:23
CONT2023000658,2023-01-20 14:31:45,
CONT2023000659,2023-01-22 10:37:54,2023-01-29 22:36:31
CONT2023000660,2023-01-19 15:02:57,2023-01-28 22:05:26
CONT2023000661,2023-01-26 00:32:26,2023-01-26 21:33:40
CONT2023000662,2023-01-20 03:25:22,
CONT2023000663,2023-01-19 09:29:38,2023-01-29 16:10:19
CONT2023000664,2023-01-18 17:20:52,
CONT2023000665,2023-01-21 01:38:15,2023-01-29 20:17:58
CONT2023000666,2023-01-21 10:42:32,2023-01-21 21:26:58
CONT2023000667,2023-01-29 20:54:07,2023-02-02 14:05:52
CONT2023000668,2023-01-20 18:11:12,2023-02-02 06:57:31
CONT2023000669,2023-01-21 16:12:18,2023-02-02 20:20:32
CONT2023000670,2023-01-28 07:08:05,2023-02-02 06:09:16
CONT2023000671,2023-01-30 16:51:19,2023-02-03 03:04:23
CONT2023000672,2023-01-20 15:36:50,2023-01-21 07:45:59
CONT2023000673,2023-01-21 07:49:25,2023-01-22 02:31:22
CONT2023000674,2023-01-29 08:41:51,2023-02-01 23:38:37
CONT2023000675,2023-01-23 07:05:12,2023-01-23 23:10:56
CONT2023000676,2023-01-30 07:03:22,
CONT2023000677,2023-01-25 22:18:49,2023-02-02 12:40:54
CONT2023000678,2023-01-22 11:13:33,2023-01-23 04:21:05
CONT2023000679,2023-01-24 03:52:24,2023-01-24 23:18:51
CONT2023000680,2023-01-23 18:09:46,2023-01-24 07:00:38
CONT2023000681,2023-01-31 13:54:29,2023-02-01 14:26:47
CONT2023000682,2023-01-24 00:33:26,2023-02-03 18:11:55
CONT2023000683,2023-01-29 05:36:05,2023-01-29 18:57:48
CONT2023000684,2023-01-28 09:13:44,2023-02-04 15:32:04
CONT2023000685,2023-01-25 06:35:00,
CONT2023000686,2023-01-22 06:08:40,2023-02-05 06:30:50
CONT2023000687,2023-01-23 03:44:15,2023-02-04 07:36:50
CONT2023000688,2023-01-22 19:37:23,2023-01-23 20:40:50
CONT2023000689,2023-02-01 04:50:56,2023-02-04 21:12:10
CONT2023000690,2023-01-25 22:02:28,2023-02-05 19:12:35
CONT2023000691,2023-01-24 16:02:54,2023-02-05 06:12:39
CONT2023000692,2023-01-24 06:25:48,2023-01-24 10:25:48
CONT2023000693,2023-01-25 15:27:36,
CONT2023000694,2023-01-30 12:59:34,
CONT2023000695,2023-01-28 15:40:16,
CONT2023000696,2023-01-28 23:43:09,2023-01-29 15:07:19
CONT2023000697,2023-01-31 20:21:55,2023-02-05 04:36:10
CONT2023000698,2023-01-28 16:13:29,2023-01-29 07:33:19
CONT2023000699,2023-02-02 06:27:46,2023-02-02 19:53:00
CONT2023000700,2023-01-25 16:12:35,2023-02-05 20:37:15
CONT2023000701,2023-01-27 23:04:57,2023-02-05 21:01:23
CONT2023000702,2023-02-02 05:30:03,2023-02-02 20:56:18
CONT2023000703,2023-01-22 22:04:00,2023-01-24 03:19:27
CONT2023000704,2023-01-28 23:18:46,
CONT2023000705,2023-01-24 20:27:39,2023-01-25 09:32:50
CONT2023000706,2023-02-02 05:19:31,
CONT2023000707,2023-01-22 12:29:28,2023-02-04 15:40:14
CONT2023000708,2023-01-28 12:10:36,2023-02-05 08:21:33
CONT2023000709,2023-01-29 13:18:19,2023-02-05 10:34:35
CONT2023000710,2023-01-26 11:37:36,2023-02-05 09:58:08
CONT2023000711,2023-01-29 19:57:07,2023-01-30 16:38:45
CONT2023000712,2023-01-27 03:13:48,
CONT2023000713,2023-01-28 04:41:27,2023-02-05 21:44:54
CONT2023000714,2023-01-31 15:20:21,2023-02-02 00:16:44
CONT2023000715,2023-01-29 23:05:47,2023-01-30 09:52:41
CONT2023000716,2023-01-28 14:52:16,2023-01-29 03:36:04
CONT2023000717,2023-01-31 16:31:19,
CONT2023000718,2023-01-24 15:13:31,2023-01-25 14:22:12
CONT2023000719,2023-02-02 19:23:02,2023-02-06 16:56:55
CONT2023000720,2023-01-28 18:22:22,2023-01-29 22:00:42
CONT2023000721,2023-01-28 21:16:20,
CONT2023000722,2023-01-23 22:36:46,2023-01-24 18:58:20
CONT2023000723,2023-01-26 08:57:54,2023-01-28 00:30:57
CONT2023000724,2023-01-26 22:50:50,
CONT2023000725,2023-01-23 14:24:39,
CONT2023000726,2023-01-23 16:29:10,2023-02-05 20:28:28
CONT2023000727,2023-01-30 03:26:38,2023-02-06 07:35:24
CONT2023000728,2023-01-26 21:42:47,2023-01-27 12:35:43
CONT2023000729,2023-01-30 02:33:47,2023-01-31 05:38:58
CONT2023000730,2023-01-31 05:10:23,2023-02-06 10:39:02
CONT2023000731,2023-02-03 00:11:15,2023-02-04 04:53:19
CONT2023000732,2023-01-26 06:32:52,2023-01-27 03:56:03
CONT2023000733,2023-01-25 12:18:22,
CONT2023000734,2023-01-27 00:30:36,2023-02-07 05:04:52
CONT2023000735,2023-01-27 06:08:18,2023-02-05 10:41:32
CONT2023000736,2023-01-26 03:20:42,2023-02-06 07:11:04
CONT2023000737,2023-01-24 01:35:03,
CONT2023000738,2023-02-02 18:46:47,2023-02-04 04:25:50
CONT2023000739,2023-01-27 05:10:10,2023-01-27 22:17:57
CONT2023000740,2023-01-29 03:02:13,2023-01-30 02:32:49
CONT2023000741,2023-01-28 03:32:35,2023-01-29 14:01:25
CONT2023000742,2023-01-31 14:19:53,2023-02-06 15:23:33
CONT2023000743,2023-01-27 21:46:04,2023-02-06 04:40:09
CONT2023000744,2023-02-01 05:12:11,2023-02-02 07:55:54
CONT2023000745,2023-02-02 09:59:10,2023-02-07 03:05:03
CONT2023000746,2023-01-28 13:24:37,2023-01-29 21:02:10
CONT2023000747,2023-01-24 03:25:59,2023-01-24 22:49:43
CONT2023000748,2023-01-24 20:16:07,2023-02-06 07:04:36
CONT2023000749,2023-01-25 14:23:20,2023-02-06 11:36:06
CONT2023000750,2023-02-01 05:13:51,2023-02-01 15:28:34
CONT2023000751,2023-01-24 09:22:30,2023-01-25 02:26:03
CONT2023000752,2023-01-26 10:33:16,2023-02-05 16:44:08
CONT2023000753,2023-01-30 04:36:22,2023-02-06 11:17:38
CONT2023000754,2023-01-28 16:37:33,2023-01-29 17:59:42
CONT2023000755,2023-02-01 23:21:29,2023-02-05 09:53:41
CONT2023000756,2023-02-01 18:45:42,2023-02-02 10:22:47
CONT2023000757,2023-01-26 21:39:32,2023-02-08 22:13:31
CONT2023000758,2023-02-02 07:11:36,2023-02-02 23:13:28
CONT2023000759,2023-02-01 06:36:44,2023-02-08 06:54:00
CONT2023000760,2023-02-02 03:25:53,2023-02-07 19:02:50
CONT2023000761,2023-01-29 06:45:38,
CONT2023000762,2023-02-01 13:49:37,2023-02-02 15:15:52
CONT2023000763,2023-02-05 06:26:04,2023-02-06 06:48:53
CONT2023000764,2023-01-26 00:15:15,
CONT2023000765,2023-01-29 20:54:07,2023-01-30 09:57:06
CONT2023000766,2023-02-04 23:18:55,
CONT2023000767,2023-02-03 00:45:51,2023-02-03 10:38:34
CONT2023000768,2023-01-29 13:04:55,2023-01-30 17:04:56
CONT2023000769,2023-01-31 16:50:39,2023-02-01 12:34:16
CONT2023000770,2023-02-02 19:18:15,2023-02-08 14:04:46
CONT2023000771,2023-01-28 18:54:29,2023-02-07 14:03:40
CONT2023000772,2023-01-31 20:48:57,2023-02-08 13:47:25
CONT2023000773,2023-01-26 03:44:21,2023-02-08 15:20:04
CONT2023000774,2023-01-29 04:32:45,2023-02-08 22:37:16
CONT2023000775,2023-01-27 15:01:02,
CONT2023000776,2023-02-05 00:07:39,
CONT2023000777,2023-01-29 09:08:19,2023-01-30 16:01:24
CONT2023000778,2023-02-02 11:39:31,2023-02-03 07:53:05
CONT2023000779,2023-01-30 07:32:04,2023-02-09 00:10:16
CONT2023000780,2023-01-31 22:33:29,2023-02-01 19:41:26
CONT2023000781,2023-01-31 11:58:50,2023-02-01 20:23:33
CONT2023000782,2023-01-31 13:21:51,
CONT2023000783,2023-02-02 20:33:07,2023-02-08 18:45:21
CONT2023000784,2023-01-26 01:38:22,2023-01-26 18:51:50
CONT2023000785,2023-01-27 14:06:27,2023-01-28 16:27:54
CONT2023000786,2023-02-02 10:00:40,2023-02-02 17:54:09
CONT2023000787,2023-02-02 16:30:05,2023-02-10 03:53:52
CONT2023000788,2023-02-06 10:58:22,2023-02-09 08:53:45
CONT2023000789,2023-02-01 11:16:39,2023-02-02 17:46:02
CONT2023000790,2023-02-06 15:12:58,2023-02-07 18:43:35
CONT2023000791,2023-02-05 06:56:54,2023-02-06 03:54:45
CONT2023000792,2023-02-06 01:08:53,2023-02-10 01:56:05
CONT2023000793,2023-01-28 10:08:59,2023-01-29 21:26:11
CONT2023000794,2023-01-27 15:54:15,2023-01-28 06:32:36
CONT2023000795,2023-02-04 08:48:45,2023-02-08 23:28:50
CONT2023000796,2023-01-28 07:16:18,2023-02-10 00:01:09
CONT2023000797,2023-02-05 02:55:34,2023-02-09 18:54:22
CONT2023000798,2023-02-07 00:34:56,2023-02-09 17:08:25
CONT2023000799,2023-01-28 18:09:57,2023-01-29 19:37:57
CONT2023000800,2023-02-07 02:42:38,2023-02-09 19:38:23
CONT2023000801,2023-02-06 08:41:22,2023-02-07 23:05:28
CONT2023000802,2023-02-05 05:42:53,2023-02-09 14:08:07
CONT2023000803,2023-01-29 03:00:16,2023-01-30 08:21:55
CONT2023000804,2023-01-29 17:36:27,2023-02-09 03:54:37
CONT2023000805,2023-02-01 17:25:30,2023-02-10 13:58:46
CONT2023000806,2023-02-05 04:54:10,2023-02-09 16:32:26
CONT2023000807,2023-01-30 12:11:38,2023-01-30 21:32:30
CONT2023000808,2023-01-28 12:08:40,2023-01-29 10:40:33
CONT2023000809,2023-02-03 21:34:44,2023-02-04 14:27:56
CONT2023000810,2023-01-29 09:12:51,2023-01-30 14:07:30
CONT2023000811,2023-02-06 06:01:21,2023-02-10 13:59:25
CONT2023000812,2023-01-26 23:18:28,2023-02-09 09:39:39
CONT2023000813,2023-02-06 08:58:05,2023-02-09 12:27:18
CONT2023000814,2023-01-30 16:01:09,2023-01-31 07:59:48
CONT2023000815,2023-02-02 22:20:23,2023-02-03 04:49:47
CONT2023000816,2023-02-05 04:44:01,2023-02-09 13:53:25
CONT2023000817,2023-01-31 03:33:20,2023-02-09 09:43:43
CONT2023000818,2023-01-29 00:22:10,2023-01-29 14:52:39
CONT2023000819,2023-01-27 23:08:21,2023-02-08 19:37:52
CONT2023000820,2023-02-01 01:38:08,2023-02-09 13:14:56
CONT2023000821,2023-02-06 02:09:58,
CONT2023000822,2023-01-31 06:07:49,2023-02-10 04:14:07
CONT2023000823,2023-02-02 20:09:10,2023-02-09 21:53:32
CONT2023000824,2023-01-27 08:13:22,2023-02-09 18:02:25
CONT2023000825,2023-02-01 03:36:57,2023-02-10 03:17:15
CONT2023000826,2023-02-04 00:33:51,2023-02-04 17:11:19
CONT2023000827,2023-02-04 23:17:34,2023-02-09 15:31:41
CONT2023000828,2023-01-26 15:07:55,2023-01-27 12:14:31
CONT2023000829,2023-02-02 08:02:22,2023-02-09 12:32:52
CONT2023000830,2023-02-06 11:32:08,2023-02-07 04:38:45
CONT2023000831,2023-01-30 07:43:11,2023-01-31 00:25:46
CONT2023000832,2023-01-29 09:47:18,2023-01-30 13:35:07
CONT2023000833,2023-02-03 06:52:29,
CONT2023000834,2023-02-06 11:15:05,2023-02-07 04:14:31
CONT2023000835,2023-02-03 23:48:52,
CONT2023000836,2023-02-01 21:09:44,2023-02-02 21:45:04
CONT2023000837,2023-02-06 16:56:11,
CONT2023000838,2023-02-01 09:36:28,2023-02-12 12:20:26
CONT2023000839,2023-01-31 01:46:23,2023-02-01 09:25:14
CONT2023000840,2023-02-05 22:19:09,2023-02-06 12:14:05
CONT2023000841,2023-02-09 18:41:49,2023-02-10 04:39:51
CONT2023000842,2023-02-09 12:44:50,2023-02-11 23:09:33
CONT2023000843,2023-02-06 07:18:02,2023-02-12 10:39:34
CONT2023000844,2023-02-06 09:42:37,2023-02-07 14:30:29
CONT2023000845,2023-02-08 08:47:15,2023-02-12 10:56:15
CONT2023000846,2023-01-30 09:31:01,
CONT2023000847,2023-02-02 20:58:36,2023-02-12 03:15:07
CONT2023000848,2023-01-31 01:48:45,2023-02-13 01:18:25
CONT2023000849,2023-02-08 20:01:48,2023-02-12 22:47:09
CONT2023000850,2023-02-05 08:24:26,
CONT2023000851,2023-02-06 12:25:48,2023-02-07 05:11:02
CONT2023000852,2023-02-09 17:38:31,2023-02-10 19:27:41
CONT2023000853,2023-01-29 23:37:03,2023-01-30 20:07:36
CONT2023000854,2023-02-05 01:41:12,2023-02-13 02:03:33
CONT2023000855,2023-01-30 03:16:58,2023-01-31 04:59:08
CONT2023000856,2023-02-02 09:25:08,2023-02-12 11:53:24
CONT2023000857,2023-02-04 05:31:41,2023-02-04 20:00:00
CONT2023000858,2023-02-09 03:17:31,2023-02-13 06:51:37
CONT2023000859,2023-02-01 00:40:49,2023-02-01 15:08:48
CONT2023000860,2023-02-05 12:01:57,2023-02-12 02:36:33
CONT2023000861,2023-02-05 03:33:45,2023-02-06 02:08:43
CONT2023000862,2023-02-06 14:48:32,2023-02-07 04:54:25
CONT2023000863,2023-01-31 04:28:55,2023-02-12 07:21:01
CONT2023000864,2023-02-06 15:51:47,2023-02-07 04:00:50
CONT2023000865,2023-02-07 09:42:50,2023-02-13 11:23:06
CONT2023000866,2023-01-31 09:37:12,2023-02-13 10:17:52
CONT2023000867,2023-02-08 16:45:57,2023-02-12 16:49:49
CONT2023000868,2023-02-09 05:37:08,2023-02-13 00:20:01
CONT2023000869,2023-02-08 04:23:49,2023-02-08 11:32:08
CONT2023000870,2023-02-02 04:14:26,2023-02-03 04:30:06
CONT2023000871,2023-02-02 11:04:04,
CONT2023000872,2023-01-31 00:59:36,
CONT2023000873,2023-01-30 12:18:00,2023-02-12 17:42:31
CONT2023000874,2023-02-03 07:48:44,2023-02-04 01:40:31
CONT2023000875,2023-02-08 19:43:45,2023-02-09 21:07:26
CONT2023000876,2023-02-03 05:44:33,2023-02-04 11:30:26
CONT2023000877,2023-01-30 20:21:10,2023-02-13 00:45:58
CONT2023000878,2023-02-04 20:48:55,2023-02-05 09:13:59
CONT2023000879,2023-02-05 16:44:19,2023-02-06 18:43:25
CONT2023000880,2023-02-05 03:16:11,
CONT2023000881,2023-02-05 00:18:17,2023-02-13 12:53:52
CONT2023000882,2023-02-05 13:18:46,
CONT2023000883,2023-02-05 16:13:51,2023-02-06 16:51:44
CONT2023000884,2023-02-02 14:13:15,2023-02-12 08:17:34
CONT2023000885,2023-02-08 05:20:04,2023-02-13 04:14:10
CONT2023000886,2023-02-08 13:58:04,
CONT2023000887,2023-02-02 13:15:55,2023-02-03 06:02:25
CONT2023000888,2023-02-01 03:38:55,2023-02-02 06:06:35
CONT2023000889,2023-01-31 12:12:20,2023-02-13 09:55:22
CONT2023000890,2023-01-31 00:34:02,
CONT2023000891,2023-02-03 15:28:52,2023-02-04 11:54:49
CONT2023000892,2023-02-04 05:26:48,2023-02-13 08:22:40
CONT2023000893,2023-02-09 23:00:50,2023-02-13 20:32:21
CONT2023000894,2023-02-02 19:41:13,2023-02-04 02:51:11
CONT2023000895,2023-02-07 11:30:42,2023-02-14 06:15:29
CONT2023000896,2023-02-09 17:30:57,2023-02-13 16:40:57
CONT2023000897,2023-02-01 10:55:05,2023-02-13 18:37:00
CONT2023000898,2023-02-02 14:23:37,2023-02-02 22:55:26
CONT2023000899,2023-02-05 22:19:45,2023-02-06 06:42:38
CONT2023000900,2023-02-01 06:12:24,
CONT2023000901,2023-02-07 12:56:20,2023-02-07 16:56:20
CONT2023000902,2023-02-05 05:58:51,2023-02-14 05:44:05
CONT2023000903,2023-02-06 03:40:07,2023-02-13 20:18:52
CONT2023000904,2023-02-02 19:36:01,2023-02-13 21:16:47
CONT2023000905,2023-02-09 23:24:51,2023-02-10 18:36:14
CONT2023000906,2023-02-04 06:14:35,2023-02-14 22:50:46
CONT2023000907,2023-02-07 02:47:19,2023-02-07 15:28:25
CONT2023000908,2023-02-02 11:10:04,2023-02-14 10:55:23
CONT2023000909,2023-01-31 07:27:51,2023-02-01 08:52:37
CONT2023000910,2023-01-31 19:55:07,2023-02-01 07:56:11
CONT2023000911,2023-02-01 13:27:54,2023-02-13 18:29:32
CONT2023000912,2023-02-05 03:17:55,2023-02-14 11:05:27
CONT2023000913,2023-02-01 22:06:13,2023-02-03 04:00:26
CONT2023000914,2023-02-08 08:58:33,
CONT2023000915,2023-01-31 08:39:51,2023-02-13 08:13:52
CONT2023000916,2023-02-05 17:27:21,2023-02-06 21:00:38
CONT2023000917,2023-02-07 17:18:29,2023-02-13 16:49:17
CONT2023000918,2023-02-02 01:19:14,
CONT2023000919,2023-02-08 14:07:00,2023-02-13 22:53:24
CONT2023000920,2023-02-10 18:10:19,2023-02-13 20:29:14
CONT2023000921,2023-02-09 06:19:59,2023-02-13 13:11:09
CONT2023000922,2023-02-04 10:31:11,
CONT2023000923,2023-02-06 11:27:29,2023-02-07 09:26:27
CONT2023000924,2023-02-05 14:17:32,2023-02-13 20:42:38
CONT2023000925,2023-02-06 16:22:09,2023-02-07 03:58:13
CONT2023000926,2023-02-10 01:35:39,2023-02-11 04:17:06
CONT2023000927,2023-01-31 17:02:26,2023-02-01 00:51:42
CONT2023000928,2023-02-03 08:32:49,2023-02-03 18:52:14
CONT2023000929,2023-02-05 01:18:25,2023-02-13 22:08:28
CONT2023000930,2023-02-09 13:59:46,
CONT2023000931,2023-02-04 03:48:55,2023-02-04 18:46:27
CONT2023000932,2023-02-02 17:07:56,
CONT2023000933,2023-02-09 09:41:01,
CONT2023000934,2023-02-07 10:47:44,2023-02-08 05:09:07
CONT2023000935,2023-02-06 19:44:07,2023-02-07 06:22:58
CONT2023000936,2023-02-08 08:16:09,2023-02-14 07:38:49
CONT2023000937,2023-02-02 06:16:50,2023-02-14 04:00:22
CONT2023000938,2023-02-09 05:18:58,2023-02-09 22:45:09
CONT2023000939,2023-02-08 10:31:11,
CONT2023000940,2023-02-03 15:32:02,
CONT2023000941,2023-02-08 00:30:04,2023-02-13 20:18:38
CONT2023000942,2023-02-08 14:58:56,2023-02-09 11:26:24
CONT2023000943,2023-02-03 14:36:22,2023-02-14 05:36:55
CONT2023000944,2023-02-05 11:11:14,2023-02-06 00:55:38
CONT2023000945,2023-02-04 18:10:16,2023-02-05 09:30:43
CONT2023000946,2023-02-06 21:47:04,2023-02-14 07:12:56
CONT2023000947,2023-02-04 10:39:46,2023-02-05 12:36:19
CONT2023000948,2023-02-01 17:03:54,2023-02-02 14:15:59
CONT2023000949,2023-02-02 00:00:22,2023-02-14 02:38:19
CONT2023000950,2023-02-11 02:48:46,2023-02-11 18:15:41
CONT2023000951,2023-02-01 04:09:33,2023-02-02 06:48:55
CONT2023000952,2023-02-07 20:33:15,2023-02-08 14:33:43
CONT2023000953,2023-02-04 01:24:28,2023-02-05 00:10:21
CONT2023000954,2023-02-06 04:05:20,2023-02-13 13:14:37
CONT2023000955,2023-02-08 13:59:39,2023-02-09 11:23:28
CONT2023000956,2023-02-11 06:29:14,2023-02-14 22:00:15
CONT2023000957,2023-02-12 03:10:16,2023-02-15 17:28:32
CONT2023000958,2023-02-03 18:44:14,
CONT2023000959,2023-02-02 23:42:25,2023-02-03 20:18:04
CONT2023000960,2023-02-06 14:03:13,2023-02-15 08:59:16
CONT2023000961,2023-02-08 04:48:57,
CONT2023000962,2023-02-06 06:25:16,2023-02-15 06:29:30
CONT2023000963,2023-02-05 21:27:57,2023-02-07 09:57:43
CONT2023000964,2023-02-08 02:59:07,2023-02-15 21:48:11
CONT2023000965,2023-02-06 15:12:25,2023-02-16 04:19:40
CONT2023000966,2023-02-09 16:26:10,2023-02-10 08:45:01
CONT2023000967,2023-02-10 19:37:34,
CONT2023000968,2023-02-12 17:53:04,2023-02-16 05:09:20
CONT2023000969,2023-02-05 06:03:15,2023-02-05 22:25:08
CONT2023000970,2023-02-10 06:10:54,2023-02-10 22:03:35
CONT2023000971,2023-02-04 05:19:49,2023-02-15 07:36:50
CONT2023000972,2023-02-05 17:09:15,
CONT2023000973,2023-02-09 04:57:19,2023-02-14 21:56:38
CONT2023000974,2023-02-12 14:29:56,2023-02-13 19:14:07
CONT2023000975,2023-02-02 00:37:10,2023-02-15 22:28:06
CONT2023000976,2023-02-07 00:22:56,2023-02-15 14:08:35
CONT2023000977,2023-02-05 10:03:48,2023-02-06 07:04:17
CONT2023000978,2023-02-07 00:48:53,2023-02-07 23:29:34
CONT2023000979,2023-02-04 22:30:55,2023-02-06 08:18:51
CONT2023000980,2023-02-08 21:59:39,2023-02-15 02:07:06
CONT2023000981,2023-02-09 01:43:04,
CONT2023000982,2023-02-06 09:35:36,2023-02-07 16:50:54
CONT2023000983,2023-02-02 02:12:10,2023-02-15 20:36:30
CONT2023000984,2023-02-10 22:13:20,2023-02-15 04:27:55
CONT2023000985,2023-02-08 23:38:15,
CONT2023000986,2023-02-09 14:57:54,2023-02-10 10:10:13
CONT2023000987,2023-02-04 16:17:35,
CONT2023000988,2023-02-05 06:11:12,2023-02-14 21:25:57
CONT2023000989,2023-02-03 00:05:02,2023-02-03 12:50:05
CONT2023000990,2023-02-07 03:28:14,
CONT2023000991,2023-02-09 06:33:40,2023-02-16 00:14:59
CONT2023000992,2023-02-09 15:12:11,2023-02-10 10:35:15
CONT2023000993,2023-02-04 06:19:43,2023-02-16 15:15:11
CONT2023000994,2023-02-04 00:25:02,
CONT2023000995,2023-02-07 21:57:15,2023-02-16 05:56:08
CONT2023000996,2023-02-05 13:08:44,2023-02-06 08:09:32
CONT2023000997,2023-02-08 22:34:47,2023-02-15 21:39:40
CONT2023000998,2023-02-06 09:25:57,
CONT2023000999,2023-02-10 12:34:59,2023-02-10 20:22:49
CONT2023001000,2023-02-02 17:08:16,
CONT2023001001,2023-02-05 19:58:51,
CONT2023001002,2023-02-11 14:26:00,2023-02-16 08:44:19
CONT2023001003,2023-02-02 10:12:46,2023-02-03 09:43:59
CONT2023001004,2023-02-10 21:01:42,2023-02-11 08:13:43
CONT2023001005,2023-02-12 03:52:07,2023-02-12 10:02:21
CONT2023001006,2023-02-04 18:29:14,
CONT2023001007,2023-02-02 00:50:47,2023-02-16 03:36:43
CONT2023001008,2023-02-12 05:32:24,2023-02-13 03:27:27
CONT2023001009,2023-02-02 17:22:12,2023-02-15 18:06:21
CONT2023001010,2023-02-03 06:47:30,
CONT2023001011,2023-02-04 21:39:04,2023-02-15 11:28:55
CONT2023001012,2023-02-06 17:36:58,2023-02-07 09:26:40
CONT2023001013,2023-02-09 08:32:19,2023-02-15 15:24:39
CONT2023001014,2023-02-02 10:40:18,2023-02-15 14:15:04
CONT2023001015,2023-02-06 04:54:46,
CONT2023001016,2023-02-08 05:22:21,2023-02-16 06:51:40
CONT2023001017,2023-02-10 23:34:26,2023-02-11 20:24:43
CONT2023001018,2023-02-03 14:00:45,2023-02-04 20:16:39
CONT2023001019,2023-02-03 21:01:05,2023-02-04 02:47:25
CONT2023001020,2023-02-10 15:32:09,2023-02-16 03:53:40
CONT2023001021,2023-02-05 04:09:18,2023-02-15 17:27:07
CONT2023001022,2023-02-06 13:02:52,2023-02-07 10:29:45
CONT2023001023,2023-02-10 09:17:42,2023-02-15 12:18:27
CONT2023001024,2023-02-10 21:29:58,2023-02-11 04:17:14
CONT2023001025,2023-02-08 15:08:42,2023-02-15 20:30:47
CONT2023001026,2023-02-06 02:29:53,
CONT2023001027,2023-02-08 08:17:45,
CONT2023001028,2023-02-06 18:10:41,2023-02-07 11:21:03
CONT2023001029,2023-02-04 16:17:57,2023-02-15 23:57:53
CONT2023001030,2023-02-04 07:09:46,2023-02-15 04:00:38
CONT2023001031,2023-02-10 20:06:01,2023-02-16 09:42:32
CONT2023001032,2023-02-09 14:21:10,2023-02-15 13:29:31
CONT2023001033,2023-02-02 19:34:03,
CONT2023001034,2023-02-03 16:50:55,2023-02-16 00:35:41
CONT2023001035,2023-02-02 12:21:35,2023-02-02 22:15:05
CONT2023001036,2023-02-05 01:59:48,2023-02-16 03:06:24
CONT2023001037,2023-02-11 15:01:37,2023-02-12 20:12:10
CONT2023001038,2023-02-06 17:46:06,2023-02-07 11:06:39
CONT2023001039,2023-02-06 18:51:21,
CONT2023001040,2023-02-09 16:49:09,2023-02-10 23:17:50
CONT2023001041,2023-02-10 09:06:53,2023-02-16 18:13:35
CONT2023001042,2023-02-03 03:59:22,
CONT2023001043,2023-02-13 04:36:47,2023-02-14 13:15:16
CONT2023001044,2023-02-16 08:21:17,2023-02-17 03:17:04
CONT2023001045,2023-02-14 12:35:27,
CONT2023001046,2023-02-12 19:38:18,2023-02-13 02:12:51
CONT2023001047,2023-02-05 12:13:16,2023-02-06 12:02:10
CONT2023001048,2023-02-15 04:15:48,2023-02-16 09:34:31
CONT2023001049,2023-02-09 08:21:57,
CONT2023001050,2023-02-06 07:13:41,2023-02-07 14:29:54
CONT2023001051,2023-02-07 00:21:43,2023-02-07 04:21:43
CONT2023001052,2023-02-12 17:49:03,2023-02-20 03:21:49
CONT2023001053,2023-02-06 06:38:47,2023-02-06 21:18:28
CONT2023001054,2023-02-16 10:46:37,2023-02-19 19:19:20
CONT2023001055,2023-02-05 14:01:25,2023-02-19 04:26:06
CONT2023001056,2023-02-15 02:47:17,2023-02-18 23:00:14
CONT2023001057,2023-02-13 03:22:03,2023-02-14 03:28:25
CONT2023001058,2023-02-07 23:59:18,2023-02-19 14:13:23
CONT2023001059,2023-02-07 11:46:03,
CONT2023001060,2023-02-11 02:53:36,2023-02-19 13:30:22
CONT2023001061,2023-02-06 22:39:47,
CONT2023001062,2023-02-15 18:41:26,2023-02-18 13:52:14
CONT2023001063,2023-02-13 15:19:25,2023-02-14 07:47:51
CONT2023001064,2023-02-12 07:19:17,
CONT2023001065,2023-02-08 01:07:05,2023-02-08 20:33:00
CONT2023001066,2023-02-13 02:03:36,2023-02-20 00:14:51
CONT2023001067,2023-02-15 13:48:02,2023-02-19 14:56:28
CONT2023001068,2023-02-10 13:44:41,
CONT2023001069,2023-02-13 03:31:22,2023-02-19 04:59:17
CONT2023001070,2023-02-13 03:36:23,2023-02-14 00:33:42
CONT2023001071,2023-02-13 16:44:23,2023-02-19 00:30:23
CONT2023001072,2023-02-06 09:23:31,2023-02-07 04:49:13
CONT2023001073,2023-02-15 18:59:50,2023-02-16 14:05:25
CONT2023001074,2023-02-11 15:17:38,2023-02-20 04:08:15
CONT2023001075,2023-02-12 18:45:29,2023-02-19 06:19:49
CONT2023001076,2023-02-16 04:54:43,2023-02-16 22:27:35
CONT2023001077,2023-02-09 01:28:32,
CONT2023001078,2023-02-08 15:32:00,2023-02-19 13:45:01
CONT2023001079,2023-02-07 07:13:51,
CONT2023001080,2023-02-13 02:46:13,2023-02-13 19:28:16
CONT2023001081,2023-02-09 04:42:58,2023-02-09 18:53:18
CONT2023001082,2023-02-15 21:56:29,2023-02-17 04:03:08
CONT2023001083,2023-02-11 10:34:50,2023-02-12 13:22:59
CONT2023001084,2023-02-05 19:40:49,2023-02-05 23:40:49
CONT2023001085,2023-02-06 15:05:35,2023-02-07 12:13:00
CONT2023001086,2023-02-05 22:01:33,
CONT2023001087,2023-02-11 21:55:57,2023-02-13 02:07:31
CONT2023001088,2023-02-13 14:42:13,2023-02-19 11:32:24
CONT2023001089,2023-02-09 21:53:12,2023-02-19 09:04:29
CONT2023001090,2023-02-11 18:03:16,2023-02-13 02:46:18
CONT2023001091,2023-02-15 18:11:19,2023-02-16 14:12:09
CONT2023001092,2023-02-15 20:06:33,2023-02-17 00:12:59
CONT2023001093,2023-02-16 04:09:38,2023-02-18 10:44:34
CONT2023001094,2023-02-11 15:03:33,
CONT2023001095,2023-02-09 04:52:01,2023-02-19 01:33:58
CONT2023001096,2023-02-09 15:53:54,2023-02-19 11:58:36
CONT2023001097,2023-02-13 11:39:09,
CONT2023001098,2023-02-08 09:20:44,
CONT2023001099,2023-02-15 01:20:53,
CONT2023001100,2023-02-15 17:38:59,2023-02-16 13:15:39
CONT2023001101,2023-02-08 13:09:05,
CONT2023001102,2023-02-16 07:39:24,2023-02-17 04:13:09
CONT2023001103,2023-02-15 05:36:55,2023-02-16 07:41:18
CONT2023001104,2023-02-12 06:58:11,2023-02-20 08:49:10
CONT2023001105,2023-02-09 10:29:04,2023-02-19 19:33:39
CONT2023001106,2023-02-10 13:57:32,2023-02-11 21:09:08
CONT2023001107,2023-02-07 18:17:46,2023-02-19 03:58:13
CONT2023001108,2023-02-15 05:44:04,2023-02-19 23:27:06
CONT2023001109,2023-02-12 04:42:09,2023-02-20 04:10:19
CONT2023001110,2023-02-07 08:27:54,2023-02-08 13:39:34
CONT2023001111,2023-02-13 02:27:18,2023-02-14 03:53:48
CONT2023001112,2023-02-07 22:26:38,2023-02-20 03:56:02
CONT2023001113,2023-02-12 22:50:20,2023-02-13 21:41:25
CONT2023001114,2023-02-10 14:36:48,2023-02-11 23:27:20
CONT2023001115,2023-02-07 15:02:05,
CONT2023001116,2023-02-16 11:08:13,2023-02-19 16:27:28
CONT2023001117,2023-02-15 17:09:33,2023-02-19 22:18:53
CONT2023001118,2023-02-09 09:17:22,2023-02-09 22:58:20
CONT2023001119,2023-02-15 03:13:03,2023-02-15 22:43:09
CONT2023001120,2023-02-11 14:44:00,2023-02-12 19:01:08
CONT2023001121,2023-02-14 12:38:26,2023-02-20 00:43:05
CONT2023001122,2023-02-13 18:22:30,
CONT2023001123,2023-02-05 22:04:40,2023-02-19 16:41:43
CONT2023001124,2023-02-12 13:05:53,2023-02-13 06:25:05
CONT2023001125,2023-02-13 21:04:37,2023-02-15 00:48:49
CONT2023001126,2023-02-10 00:28:31,2023-02-10 15:21:16
CONT2023001127,2023-02-13 21:22:47,2023-02-20 08:23:35
CONT2023001128,2023-02-10 06:47:57,
CONT2023001129,2023-02-17 12:10:52,2023-02-20 01:08:16
CONT2023001130,2023-02-10 20:38:56,2023-02-11 00:38:56
CONT2023001131,2023-02-12 15:10:48,2023-02-19 07:47:42
CONT2023001132,2023-02-15 01:11:19,2023-02-15 21:53:54
CONT2023001133,2023-02-11 10:30:18,2023-02-19 10:32:27
CONT2023001134,2023-02-14 00:04:51,2023-02-14 07:08:59
CONT2023001135,2023-02-06 04:52:11,2023-02-19 23:17:49
CONT2023001136,2023-02-13 15:25:22,2023-02-14 23:12:13
CONT2023001137,2023-02-13 12:39:03,2023-02-19 21:36:40
CONT2023001138,2023-02-06 21:54:55,
CONT2023001139,2023-02-11 01:10:31,2023-02-12 04:18:44
CONT2023001140,2023-02-15 10:56:03,2023-02-20 10:56:59
CONT2023001141,2023-02-11 15:17:54,2023-02-12 17:58:06
CONT2023001142,2023-02-11 20:58:28,2023-02-12 21:22:22
CONT2023001143,2023-02-10 18:27:21,2023-02-11 14:28:06
CONT2023001144,2023-02-10 11:51:40,2023-02-20 07:57:55
CONT2023001145,2023-02-10 00:38:26,2023-02-10 06:18:42
CONT2023001146,2023-02-11 20:20:49,2023-02-12 03:05:26
CONT2023001147,2023-02-12 15:30:15,2023-02-19 21:26:31
CONT2023001148,2023-02-16 19:50:33,2023-02-17 23:28:37
CONT2023001149,2023-02-08 11:31:20,2023-02-09 12:02:08
CONT2023001150,2023-02-10 12:24:51,2023-02-21 07:12:34
CONT2023001151,2023-02-06 18:43:25,2023-02-19 23:42:27
CONT2023001152,2023-02-07 04:26:24,2023-02-08 02:35:47
CONT2023001153,2023-02-12 19:41:07,2023-02-20 11:07:10
CONT2023001154,2023-02-11 12:55:13,2023-02-12 12:16:55
CONT2023001155,2023-02-15 08:15:44,2023-02-21 06:25:58
CONT2023001156,2023-02-08 15:25:31,2023-02-09 19:08:20
CONT2023001157,2023-02-10 06:54:41,2023-02-10 13:39:49
CONT2023001158,2023-02-07 21:07:52,2023-02-21 01:15:07
CONT2023001159,2023-02-06 19:46:41,2023-02-08 11:30:09
CONT2023001160,2023-02-17 12:05:14,2023-02-18 02:35:28
CONT2023001161,2023-02-12 15:38:51,2023-02-20 16:04:39
CONT2023001162,2023-02-09 10:52:10,2023-02-20 05:31:07
CONT2023001163,2023-02-08 07:48:28,2023-02-09 02:45:30
CONT2023001164,2023-02-17 13:33:20,2023-02-20 10:00:51
CONT2023001165,2023-02-09 03:22:59,2023-02-20 18:03:27
CONT2023001166,2023-02-19 12:18:38,
CONT2023001167,2023-02-15 08:49:54,2023-02-16 13:34:55
CONT2023001168,2023-02-09 04:29:08,2023-02-22 09:25:23
CONT2023001169,2023-02-20 02:12:00,2023-02-20 21:33:03
CONT2023001170,2023-02-19 12:40:42,2023-02-21 23:40:46
CONT2023001171,2023-02-14 01:42:58,2023-02-22 12:34:07
CONT2023001172,2023-02-10 04:00:12,2023-02-11 13:44:16
CONT2023001173,2023-02-15 20:15:32,2023-02-16 14:47:54
CONT2023001174,2023-02-17 23:55:36,2023-02-18 20:25:16
CONT2023001175,2023-02-10 00:46:20,2023-02-22 18:25:39
CONT2023001176,2023-02-18 08:26:17,2023-02-19 11:02:36
CONT2023001177,2023-02-19 16:38:47,
CONT2023001178,2023-02-19 14:19:51,2023-02-20 13:18:12
CONT2023001179,2023-02-13 21:07:17,
CONT2023001180,2023-02-12 22:58:53,2023-02-13 19:24:06
CONT2023001181,2023-02-11 07:55:10,2023-02-22 22:04:31
CONT2023001182,2023-02-11 20:44:02,2023-02-22 20:50:44
CONT2023001183,2023-02-18 04:35:43,2023-02-18 16:25:17
CONT2023001184,2023-02-15 00:34:56,2023-02-22 21:40:04
CONT2023001185,2023-02-12 18:37:21,2023-02-14 02:32:34
CONT2023001186,2023-02-12 06:48:45,2023-02-23 05:12:39
CONT2023001187,2023-02-19 20:23:41,2023-02-20 00:23:41
CONT2023001188,2023-02-16 04:33:59,2023-02-16 08:33:59
CONT2023001189,2023-02-12 19:00:46,2023-02-13 20:01:42
CONT2023001190,2023-02-11 07:06:14,
CONT2023001191,2023-02-10 18:48:25,2023-02-23 08:46:21
CONT2023001192,2023-02-14 07:25:38,2023-02-23 04:07:01
CONT2023001193,2023-02-12 17:44:22,2023-02-13 16:21:21
CONT2023001194,2023-02-12 14:56:54,2023-02-23 12:03:53
CONT2023001195,2023-02-12 02:36:22,2023-02-13 06:08:51
CONT2023001196,2023-02-10 11:27:54,2023-02-23 02:14:50
CONT2023001197,2023-02-12 14:47:41,
CONT2023001198,2023-02-09 22:48:34,
CONT2023001199,2023-02-11 00:55:09,2023-02-22 10:06:10
CONT2023001200,2023-02-15 11:04:53,2023-02-23 03:42:20
CONT2023001201,2023-02-16 16:28:24,
CONT2023001202,2023-02-13 22:49:38,2023-02-14 20:59:57
CONT2023001203,2023-02-11 19:42:02,2023-02-23 03:58:22
CONT2023001204,2023-02-14 15:52:11,2023-02-22 23:19:39
CONT2023001205,2023-02-14 20:51:52,2023-02-16 08:53:11
CONT2023001206,2023-02-14 05:27:22,2023-02-22 15:00:00
CONT2023001207,2023-02-19 10:17:25,
CONT2023001208,2023-02-16 02:17:39,2023-02-16 13:08:08
CONT2023001209,2023-02-13 19:10:31,2023-02-22 13:11:21
CONT2023001210,2023-02-18 22:57:08,
CONT2023001211,2023-02-15 13:32:48,2023-02-23 18:47:42
CONT2023001212,2023-02-14 18:30:41,2023-02-15 04:38:55
CONT2023001213,2023-02-15 00:52:43,2023-02-16 05:43:46
CONT2023001214,2023-02-12 19:07:03,2023-02-22 21:16:54
CONT2023001215,2023-02-14 16:51:07,2023-02-22 09:34:42
CONT2023001216,2023-02-13 17:51:02,2023-02-22 20:31:51
CONT2023001217,2023-02-16 15:30:58,2023-02-17 15:06:53
CONT2023001218,2023-02-14 23:32:08,2023-02-15 19:22:09
CONT2023001219,2023-02-14 06:00:58,2023-02-15 03:28:26
CONT2023001220,2023-02-11 05:04:22,
CONT2023001221,2023-02-14 18:49:40,2023-02-15 07:55:03
CONT2023001222,2023-02-10 17:35:35,2023-02-23 10:16:37
CONT2023001223,2023-02-13 16:44:46,2023-02-23 12:16:17
CONT2023001224,2023-02-15 09:40:21,2023-02-24 09:37:25
CONT2023001225,2023-02-13 12:26:30,2023-02-25 16:19:58
CONT2023001226,2023-02-11 17:09:52,2023-02-25 03:14:46
CONT2023001227,2023-02-22 06:17:28,2023-02-23 02:40:08
CONT2023001228,2023-02-16 12:01:37,2023-02-25 17:28:27
CONT2023001229,2023-02-17 23:27:41,2023-02-24 20:10:59
CONT2023001230,2023-02-14 23:29:20,2023-02-25 06:33:23
CONT2023001231,2023-02-17 03:49:59,2023-02-25 14:18:58
CONT2023001232,2023-02-12 15:45:43,2023-02-13 09:18:16
CONT2023001233,2023-02-20 01:34:16,2023-02-21 08:03:32
CONT2023001234,2023-02-16 05:28:23,
CONT2023001235,2023-02-17 09:48:20,
CONT2023001236,2023-02-18 21:25:52,2023-02-24 19:13:24
CONT2023001237,2023-02-13 12:22:10,2023-02-14 12:21:09
CONT2023001238,2023-02-19 19:41:08,
CONT2023001239,2023-02-16 21:18:27,2023-02-17 20:38:00
CONT2023001240,2023-02-22 06:26:48,
CONT2023001241,2023-02-21 02:07:29,
CONT2023001242,2023-02-16 19:55:51,2023-02-26 02:37:24
CONT2023001243,2023-02-12 00:50:10,
CONT2023001244,2023-02-17 20:00:54,
CONT2023001245,2023-02-18 23:50:02,2023-02-24 14:11:39
CONT2023001246,2023-02-22 03:45:09,2023-02-25 00:36:30
CONT2023001247,2023-02-21 09:02:49,2023-02-24 07:57:31
CONT2023001248,2023-02-22 06:39:42,2023-02-25 18:57:48
CONT2023001249,2023-02-12 20:46:38,2023-02-14 00:03:22
CONT2023001250,2023-02-15 17:00:19,2023-02-16 13:58:28
CONT2023001251,2023-02-15 08:58:19,2023-02-25 07:23:09
CONT2023001252,2023-02-15 05:09:24,2023-02-15 21:38:46
CONT2023001253,2023-02-17 01:14:35,2023-02-17 16:27:54
CONT2023001254,2023-02-14 05:15:49,2023-02-25 15:45:04
CONT2023001255,2023-02-18 20:56:22,2023-02-24 18:44:23
CONT2023001256,2023-02-21 06:34:22,
CONT2023001257,2023-02-12 14:52:32,2023-02-25 00:57:06
CONT2023001258,2023-02-21 14:28:27,2023-02-22 04:41:44
CONT2023001259,2023-02-18 20:07:34,2023-02-25 04:37:35
CONT2023001260,2023-02-21 02:12:23,2023-02-24 22:27:34
CONT2023001261,2023-02-20 22:30:35,2023-02-24 19:49:25
CONT2023001262,2023-02-17 04:26:47,2023-02-25 01:43:05
CONT2023001263,2023-02-18 15:34:45,2023-02-20 02:53:06
CONT2023001264,2023-02-16 12:28:47,2023-02-24 13:35:32
CONT2023001265,2023-02-20 19:31:26,2023-02-21 17:29:50
CONT2023001266,2023-02-18 01:55:42,2023-02-19 02:32:33
CONT2023001267,2023-02-20 03:47:44,2023-02-20 22:51:00
CONT2023001268,2023-02-16 00:19:25,2023-02-25 05:45:08
CONT2023001269,2023-02-17 23:59:33,2023-02-18 18:58:56
CONT2023001270,2023-02-15 03:53:49,
CONT2023001271,2023-02-22 01:58:29,2023-02-24 14:33:54
CONT2023001272,2023-02-20 00:15:04,2023-02-25 16:05:24
CONT2023001273,2023-02-19 07:40:59,2023-02-20 07:17:07
CONT2023001274,2023-02-14 22:40:19,
CONT2023001275,2023-02-14 03:50:26,2023-02-25 20:22:04
CONT2023001276,2023-02-13 13:05:39,2023-02-25 05:33:14
CONT2023001277,2023-02-12 22:35:07,2023-02-25 22:24:10
CONT2023001278,2023-02-20 20:42:32,2023-02-21 05:37:10
CONT2023001279,2023-02-13 13:05:18,2023-02-14 12:39:42
CONT2023001280,2023-02-17 19:16:26,2023-02-25 07:49:54
CONT2023001281,2023-02-18 07:47:53,2023-02-19 08:40:28
CONT2023001282,2023-02-13 18:14:19,
CONT2023001283,2023-02-17 10:56:32,2023-02-18 01:46:44
CONT2023001284,2023-02-14 09:35:18,2023-02-14 20:25:42
CONT2023001285,2023-02-18 01:20:25,2023-02-18 16:03:06
CONT2023001286,2023-02-13 17:19:34,2023-02-25 07:46:31
CONT2023001287,2023-02-12 04:46:42,2023-02-13 00:30:14
CONT2023001288,2023-02-12 06:41:06,2023-02-13 02:48:27
CONT2023001289,2023-02-13 09:01:57,2023-02-25 13:31:12
CONT2023001290,2023-02-12 21:30:43,2023-02-13 02:20:27
CONT2023001291,2023-02-14 18:35:37,
CONT2023001292,2023-02-12 04:26:56,2023-02-25 14:12:39
CONT2023001293,2023-02-21 19:18:24,2023-02-26 02:02:57
CONT2023001294,2023-02-16 17:48:31,2023-02-25 02:51:47
CONT2023001295,2023-02-21 05:55:42,2023-02-22 12:56:36
CONT2023001296,2023-02-14 18:20:54,2023-02-15 08:38:29
CONT2023001297,2023-02-21 00:36:19,2023-02-25 06:01:26
CONT2023001298,2023-02-17 12:31:22,2023-02-18 03:24:50
CONT2023001299,2023-02-19 19:38:39,2023-02-20 13:22:08
CONT2023001300,2023-02-18 22:40:56,2023-02-25 03:52:19
CONT2023001301,2023-02-14 19:23:19,2023-02-26 00:01:07
CONT2023001302,2023-02-17 14:44:20,2023-02-18 13:14:10
CONT2023001303,2023-02-14 03:59:01,
CONT2023001304,2023-02-15 06:51:13,2023-02-15 20:49:18
CONT2023001305,2023-02-16 01:23:04,
CONT2023001306,2023-02-14 00:31:28,2023-02-14 22:40:22
CONT2023001307,2023-02-13 06:08:39,2023-02-26 09:54:24
CONT2023001308,2023-02-16 13:50:48,2023-02-17 01:27:34
CONT2023001309,2023-02-17 22:09:39,2023-02-26 09:29:17
CONT2023001310,2023-02-21 13:00:24,2023-02-21 17:00:24
CONT2023001311,2023-02-19 08:30:50,
CONT2023001312,2023-02-20 23:31:37,2023-02-25 21:32:24
CONT2023001313,2023-02-17 02:46:38,2023-02-17 21:57:43
CONT2023001314,2023-02-19 21:11:43,2023-02-20 17:33:04
CONT2023001315,2023-02-18 09:00:37,2023-02-19 04:50:10
CONT2023001316,2023-02-16 01:45:08,2023-02-24 19:46:25
CONT2023001317,2023-02-15 03:25:45,2023-02-16 07:14:12
CONT2023001318,2023-02-13 11:24:39,2023-02-25 13:45:11
CONT2023001319,2023-02-16 21:00:09,
CONT2023001320,2023-02-18 19:15:14,2023-02-26 08:22:45
CONT2023001321,2023-02-20 10:05:38,2023-02-25 16:22:10
CONT2023001322,2023-02-21 16:17:27,2023-02-25 14:22:46
CONT2023001323,2023-02-21 22:16:36,2023-02-23 02:42:57
CONT2023001324,2023-02-22 15:59:45,2023-02-24 00:22:11
CONT2023001325,2023-02-21 21:39:16,2023-02-22 16:01:02
CONT2023001326,2023-02-16 11:57:38,2023-02-25 10:25:10
CONT2023001327,2023-02-22 05:59:21,2023-02-25 13:09:16
CONT2023001328,2023-02-16 12:07:20,2023-02-17 16:46:10
CONT2023001329,2023-02-16 19:34:01,2023-02-17 23:51:28
CONT2023001330,2023-02-12 15:24:11,2023-02-13 00:18:49
CONT2023001331,2023-02-13 18:57:26,
CONT2023001332,2023-02-19 01:18:19,
CONT2023001333,2023-02-22 17:53:21,2023-02-22 21:53:21
CONT2023001334,2023-02-15 22:04:22,
CONT2023001335,2023-02-18 00:49:39,2023-02-25 17:54:34
CONT2023001336,2023-02-17 02:38:38,2023-02-18 12:47:41
CONT2023001337,2023-02-13 01:23:44,2023-02-14 01:15:51
CONT2023001338,2023-02-21 17:28:18,2023-02-25 16:29:33
CONT2023001339,2023-02-20 19:18:46,2023-02-25 11:07:34
CONT2023001340,2023-02-14 13:31:22,2023-02-24 23:53:48
CONT2023001341,2023-02-12 10:31:31,2023-02-13 18:32:36
CONT2023001342,2023-02-16 13:21:15,2023-02-25 12:20:52
CONT2023001343,2023-02-20 00:11:09,2023-02-25 13:44:07
CONT2023001344,2023-02-20 06:05:22,2023-02-21 01:01:54
CONT2023001345,2023-02-13 17:04:57,2023-02-14 23:50:40
CONT2023001346,2023-02-16 19:54:31,2023-02-17 12:39:59
CONT2023001347,2023-02-12 12:42:25,2023-02-13 16:26:55
CONT2023001348,2023-02-12 09:01:37,2023-02-25 06:26:33
CONT2023001349,2023-02-17 04:11:20,2023-02-26 03:57:19
CONT2023001350,2023-02-13 00:45:03,2023-02-14 02:03:09
CONT2023001351,2023-02-13 03:53:45,2023-02-25 21:15:02
CONT2023001352,2023-02-20 03:00:49,2023-02-20 19:02:52
CONT2023001353,2023-02-20 05:05:57,2023-02-21 01:31:59
CONT2023001354,2023-02-19 04:25:11,
CONT2023001355,2023-02-18 14:09:39,2023-02-26 19:18:29
CONT2023001356,2023-02-13 18:45:46,
CONT2023001357,2023-02-20 17:42:51,2023-02-26 23:17:53
CONT2023001358,2023-02-15 19:39:45,2023-02-27 05:32:27
CONT2023001359,2023-02-17 02:56:23,
CONT2023001360,2023-02-14 02:02:50,2023-02-26 01:11:42
CONT2023001361,2023-02-15 05:19:49,2023-02-25 20:33:14
CONT2023001362,2023-02-15 02:38:59,2023-02-26 21:11:22
CONT2023001363,2023-02-23 09:48:48,2023-02-26 12:58:49
CONT2023001364,2023-02-16 01:04:32,2023-02-16 20:20:36
CONT2023001365,2023-02-22 15:50:28,2023-02-23 14:34:53
CONT2023001366,2023-02-18 04:34:34,2023-02-18 21:11:00
CONT2023001367,2023-02-14 22:47:26,2023-02-15 22:50:47
CONT2023001368,2023-02-17 20:02:37,2023-02-27 03:49:19
CONT2023001369,2023-02-13 09:06:06,2023-02-26 09:29:01
CONT2023001370,2023-02-23 12:46:23,2023-02-26 18:53:31
CONT2023001371,2023-02-18 19:15:07,2023-02-26 04:02:23
CONT2023001372,2023-02-19 04:47:58,2023-02-20 03:13:40
CONT2023001373,2023-02-16 14:46:32,
CONT2023001374,2023-02-14 23:55:25,2023-02-26 22:09:25
CONT2023001375,2023-02-18 20:16:05,2023-02-19 18:58:07
CONT2023001376,2023-02-15 00:24:45,2023-02-26 02:00:13
CONT2023001377,2023-02-17 05:36:14,2023-02-27 02:48:00
CONT2023001378,2023-02-20 03:06:45,2023-02-20 13:06:51
CONT2023001379,2023-02-18 02:55:46,2023-02-26 10:13:07
CONT2023001380,2023-02-23 06:04:12,2023-02-23 10:04:12
CONT2023001381,2023-02-20 21:05:29,
CONT2023001382,2023-02-15 10:34:59,2023-02-16 03:03:49
CONT2023001383,2023-02-14 23:05:02,2023-02-15 13:16:22
CONT2023001384,2023-02-16 08:12:32,
CONT2023001385,2023-02-20 09:51:55,2023-02-21 07:05:39
CONT2023001386,2023-02-22 12:04:13,
CONT2023001387,2023-02-14 01:28:33,2023-02-27 08:47:14
CONT2023001388,2023-02-19 17:08:01,
CONT2023001389,2023-02-13 10:14:09,2023-02-14 08:49:26
CONT2023001390,2023-02-15 06:00:46,2023-02-26 20:52:05
CONT2023001391,2023-02-17 10:38:03,
CONT2023001392,2023-02-15 00:49:23,2023-02-27 03:44:50
CONT2023001393,2023-02-19 06:01:56,2023-02-19 20:48:17
CONT2023001394,2023-02-23 11:04:59,2023-02-23 17:03:20
CONT2023001395,2023-02-20 18:47:55,
CONT2023001396,2023-02-14 16:23:24,2023-02-15 02:52:06
CONT2023001397,2023-02-19 03:52:00,2023-02-26 21:29:23
CONT2023001398,2023-02-13 09:19:58,2023-02-26 11:49:06
CONT2023001399,2023-02-13 10:16:51,2023-02-26 22:21:12
CONT2023001400,2023-02-15 13:50:06,2023-02-27 04:40:02
CONT2023001401,2023-02-21 09:17:36,2023-02-22 18:48:19
CONT2023001402,2023-02-14 14:30:09,2023-02-15 14:26:20
CONT2023001403,2023-02-21 05:42:28,2023-02-27 12:00:58
CONT2023001404,2023-02-15 17:50:30,2023-02-16 15:04:41
CONT2023001405,2023-02-15 13:52:14,2023-02-25 21:36:11
CONT2023001406,2023-02-19 18:25:45,
CONT2023001407,2023-02-16 15:04:32,
CONT2023001408,2023-02-15 02:55:46,2023-02-15 17:29:53
CONT2023001409,2023-02-16 08:53:42,2023-02-26 10:28:58
CONT2023001410,2023-02-19 07:47:43,2023-02-26 11:22:43
CONT2023001411,2023-02-19 22:46:24,2023-02-26 13:59:37
CONT2023001412,2023-02-15 05:26:16,2023-02-28 02:46:33
CONT2023001413,2023-02-23 22:58:35,2023-02-27 20:52:14
CONT2023001414,2023-02-23 01:49:35,2023-02-24 10:12:42
CONT2023001415,2023-02-18 03:00:07,
CONT2023001416,2023-02-23 10:59:19,2023-02-24 09:27:04
CONT2023001417,2023-02-21 17:51:57,2023-02-22 17:25:11
CONT2023001418,2023-02-22 00:43:47,2023-02-27 18:19:51
CONT2023001419,2023-02-16 20:11:12,2023-03-01 00:19:15
CONT2023001420,2023-02-21 15:58:54,2023-02-22 00:00:41
CONT2023001421,2023-02-16 14:36:33,
CONT2023001422,2023-02-16 07:34:31,2023-02-17 11:34:35
CONT2023001423,2023-02-16 18:07:24,2023-02-28 17:20:53
CONT2023001424,2023-02-23 15:33:43,2023-02-24 21:42:22
CONT2023001425,2023-02-15 14:35:03,2023-03-01 01:40:09
CONT2023001426,2023-02-17 17:35:52,2023-02-18 16:34:10
CONT2023001427,2023-02-19 03:24:50,2023-03-02 22:18:20
CONT2023001428,2023-02-26 12:16:53,2023-03-03 00:20:20
CONT2023001429,2023-02-27 22:49:21,2023-03-03 04:12:26
CONT2023001430,2023-02-20 15:04:21,2023-03-03 11:03:07
CONT2023001431,2023-02-24 04:46:50,
CONT2023001432,2023-02-24 19:21:20,2023-02-25 21:22:45
CONT2023001433,2023-02-24 06:56:02,2023-03-02 20:02:01
CONT2023001434,2023-02-22 17:58:35,2023-02-23 07:14:09
CONT2023001435,2023-02-21 15:48:21,2023-03-03 03:24:05
CONT2023001436,2023-02-26 09:15:08,2023-02-27 20:55:22
CONT2023001437,2023-02-27 03:58:55,2023-02-27 19:41:24
CONT2023001438,2023-02-27 21:05:00,2023-03-02 15:53:09
CONT2023001439,2023-02-21 02:56:23,
CONT2023001440,2023-02-17 15:29:38,2023-02-18 07:28:08
CONT2023001441,2023-02-28 12:09:23,
CONT2023001442,2023-02-21 00:06:55,2023-02-22 23:14:57
CONT2023001443,2023-02-22 14:59:22,2023-02-23 14:10:50
CONT2023001444,2023-02-25 11:31:07,2023-03-03 11:49:22
CONT2023001445,2023-02-21 02:30:53,2023-02-21 20:13:56
CONT2023001446,2023-02-18 02:25:06,2023-02-18 06:40:49
CONT2023001447,2023-02-18 00:27:27,2023-03-03 16:57:59
CONT2023001448,2023-02-20 20:31:02,
CONT2023001449,2023-02-18 17:07:31,2023-02-19 20:28:55
CONT2023001450,2023-02-23 10:18:29,2023-02-24 02:06:23
CONT2023001451,2023-02-25 00:37:48,2023-02-25 21:33:22
CONT2023001452,2023-02-20 20:21:43,2023-02-21 01:16:21
CONT2023001453,2023-02-19 15:46:04,
CONT2023001454,2023-02-25 19:32:13,2023-03-03 15:27:15
CONT2023001455,2023-02-19 17:45:06,2023-03-03 17:27:23
CONT2023001456,2023-02-23 01:40:07,2023-03-02 16:53:24
CONT2023001457,2023-02-22 02:21:38,2023-02-23 00:00:26
CONT2023001458,2023-02-19 21:35:58,
CONT2023001459,2023-02-23 19:24:04,2023-02-24 12:41:08
CONT2023001460,2023-02-23 07:38:03,2023-02-24 08:36:38
CONT2023001461,2023-02-20 21:08:34,2023-03-03 13:16:47
CONT2023001462,2023-02-20 04:07:45,2023-03-04 05:15:04
CONT2023001463,2023-02-24 23:53:55,2023-03-03 10:19:15
CONT2023001464,2023-02-25 23:31:53,2023-03-02 17:51:57
CONT2023001465,2023-02-28 04:44:10,2023-03-04 05:01:27
CONT2023001466,2023-02-22 18:26:45,2023-02-23 14:00:19
CONT2023001467,2023-02-24 13:47:27,2023-02-25 14:54:04
CONT2023001468,2023-02-23 10:39:13,2023-03-04 01:16:51
CONT2023001469,2023-02-28 03:13:07,
CONT2023001470,2023-02-23 00:50:54,2023-03-03 17:09:22
CONT2023001471,2023-02-18 13:14:17,2023-03-02 14:25:46
CONT2023001472,2023-02-28 12:22:18,2023-03-03 04:25:28
CONT2023001473,2023-02-18 10:57:35,2023-03-03 21:22:34
CONT2023001474,2023-02-18 08:59:37,2023-02-18 23:12:18
CONT2023001475,2023-02-26 03:00:39,2023-02-26 18:28:07
CONT2023001476,2023-02-20 20:53:54,2023-02-21 20:59:35
CONT2023001477,2023-02-26 10:22:05,2023-03-03 09:55:19
CONT2023001478,2023-02-17 19:07:59,2023-02-18 03:25:53
CONT2023001479,2023-02-20 12:03:51,2023-03-03 17:36:37
CONT2023001480,2023-02-26 07:51:40,2023-03-02 16:39:39
CONT2023001481,2023-02-25 20:53:44,2023-03-03 03:13:28
CONT2023001482,2023-02-19 02:39:20,
CONT2023001483,2023-02-26 11:44:19,
CONT2023001484,2023-02-28 08:04:15,2023-03-03 04:38:07
CONT2023001485,2023-02-19 17:48:33,2023-02-20 09:38:15
CONT2023001486,2023-02-19 21:48:42,2023-02-21 05:29:02
CONT2023001487,2023-02-27 04:30:01,2023-02-28 03:17:50
CONT2023001488,2023-02-20 13:41:40,
CONT2023001489,2023-02-28 09:39:25,2023-03-03 21:24:35
CONT2023001490,2023-02-26 10:15:10,
CONT2023001491,2023-02-23 11:04:02,2023-02-25 01:16:57
CONT2023001492,2023-02-22 05:20:41,2023-02-23 04:26:34
CONT2023001493,2023-02-22 20:13:00,2023-03-03 15:34:50
CONT2023001494,2023-02-20 12:57:49,2023-02-20 17:58:06
CONT2023001495,2023-02-27 18:51:43,2023-03-03 19:08:47
CONT2023001496,2023-02-24 22:13:42,2023-03-03 21:16:28
CONT2023001497,2023-02-20 14:09:45,2023-02-21 08:24:13
CONT2023001498,2023-02-24 11:00:10,2023-02-25 00:53:29
CONT2023001499,2023-02-18 17:28:41,2023-02-19 20:54:33
CONT2023001500,2023-03-01 04:07:09,
CONT2023001501,2023-02-22 16:20:26,2023-02-22 20:20:26
CONT2023001502,2023-02-19 22:49:02,2023-03-04 13:40:30
CONT2023001503,2023-02-19 18:13:30,2023-03-04 21:25:33
CONT2023001504,2023-02-26 08:34:32,
CONT2023001505,2023-02-24 04:35:35,
CONT2023001506,2023-02-24 06:12:52,2023-02-24 16:02:39
CONT2023001507,2023-02-26 12:33:06,2023-02-27 10:06:57
CONT2023001508,2023-02-25 02:17:56,2023-02-26 02:08:58
CONT2023001509,2023-02-28 04:34:26,2023-03-01 01:37:48
CONT2023001510,2023-02-19 11:08:11,2023-02-19 17:54:35
CONT2023001511,2023-02-26 14:53:08,
CONT2023001512,2023-02-28 06:55:38,2023-03-04 16:48:02
CONT2023001513,2023-02-23 19:55:32,2023-03-04 04:37:56
CONT2023001514,2023-02-25 06:41:40,2023-03-04 17:59:51
CONT2023001515,2023-03-01 07:51:55,2023-03-02 09:37:00
CONT2023001516,2023-02-23 19:00:46,
CONT2023001517,2023-03-01 08:38:44,2023-03-05 00:09:49
CONT2023001518,2023-02-21 11:31:03,
CONT2023001519,2023-02-24 11:02:38,2023-02-25 02:19:08
CONT2023001520,2023-02-27 10:55:11,2023-03-05 06:35:19
CONT2023001521,2023-02-21 08:08:19,2023-02-22 09:12:30
CONT2023001522,2023-02-20 10:00:22,
CONT2023001523,2023-02-25 07:43:58,2023-03-06 10:09:27
CONT2023001524,2023-03-02 17:08:06,2023-03-03 16:54:33
CONT2023001525,2023-02-22 19:02:04,2023-02-23 12:43:44
CONT2023001526,2023-02-28 13:37:28,2023-03-01 07:43:35
CONT2023001527,2023-03-03 00:43:40,2023-03-04 10:24:31
CONT2023001528,2023-02-27 17:31:13,2023-03-01 00:34:42
CONT2023001529,2023-02-27 16:26:28,2023-02-28 20:04:01
CONT2023001530,2023-02-21 06:13:27,2023-03-06 03:15:48
CONT2023001531,2023-02-22 01:04:45,2023-03-06 09:00:41
CONT2023001532,2023-02-21 15:02:07,2023-02-22 16:56:30
CONT2023001533,2023-03-02 20:51:47,2023-03-06 16:05:42
CONT2023001534,2023-02-28 15:29:25,2023-03-05 23:08:40
CONT2023001535,2023-02-25 02:19:46,2023-03-06 05:02:37
CONT2023001536,2023-02-26 09:37:24,2023-03-06 06:26:22
CONT2023001537,2023-02-28 12:40:52,2023-03-07 00:13:22
CONT2023001538,2023-03-01 06:25:28,2023-03-06 04:35:41
CONT2023001539,2023-03-01 18:01:19,2023-03-06 19:42:35
CONT2023001540,2023-02-24 15:20:59,2023-03-07 14:17:22
CONT2023001541,2023-03-03 22:54:37,2023-03-08 05:29:29
CONT2023001542,2023-02-27 20:13:51,
CONT2023001543,2023-02-25 23:32:18,
CONT2023001544,2023-03-02 04:13:19,2023-03-07 22:54:19
CONT2023001545,2023-03-04 10:19:36,2023-03-04 21:45:02
CONT2023001546,2023-03-01 12:21:00,2023-03-01 16:21:00
CONT2023001547,2023-03-03 11:33:32,2023-03-07 19:47:01
CONT2023001548,2023-03-04 20:33:12,2023-03-06 01:52:10
CONT2023001549,2023-03-02 12:27:40,
CONT2023001550,2023-02-25 14:12:56,2023-03-07 21:33:15
CONT2023001551,2023-03-02 10:39:54,2023-03-08 19:29:14
CONT2023001552,2023-03-02 05:59:24,2023-03-08 13:17:30
CONT2023001553,2023-02-23 13:10:45,2023-03-09 07:53:09
CONT2023001554,2023-03-02 01:25:31,2023-03-03 05:28:50
CONT2023001555,2023-03-02 19:51:19,2023-03-09 06:16:01
CONT2023001556,2023-03-05 16:42:18,2023-03-08 19:05:31
CONT2023001557,2023-02-27 13:58:15,2023-02-27 18:53:32
CONT2023001558,2023-02-27 20:23:43,2023-02-28 22:16:38
CONT2023001559,2023-03-05 07:31:48,2023-03-09 10:44:42
CONT2023001560,2023-03-05 20:41:12,2023-03-06 12:05:18
CONT2023001561,2023-02-27 00:19:19,2023-03-09 03:31:10
CONT2023001562,2023-02-26 07:05:35,2023-02-26 21:59:09
CONT2023001563,2023-03-04 10:00:14,
CONT2023001564,2023-03-01 17:10:21,2023-03-02 07:06:33
CONT2023001565,2023-03-02 23:45:33,
CONT2023001566,2023-03-04 17:20:29,2023-03-05 07:54:59
CONT2023001567,2023-03-06 02:41:29,2023-03-08 18:12:19
CONT2023001568,2023-02-23 19:13:51,2023-02-24 14:44:31
CONT2023001569,2023-02-26 11:37:14,2023-03-09 06:13:58
CONT2023001570,2023-03-02 21:32:04,2023-03-09 07:29:04
CONT2023001571,2023-02-28 16:28:03,2023-03-01 13:35:15
CONT2023001572,2023-03-04 17:52:14,2023-03-05 17:40:11
CONT2023001573,2023-03-02 06:09:29,2023-03-09 00:24:08
CONT2023001574,2023-02-27 00:26:35,2023-02-27 19:56:51
CONT2023001575,2023-02-26 13:13:20,2023-02-26 23:02:14
CONT2023001576,2023-03-03 22:42:51,2023-03-04 08:02:26
CONT2023001577,2023-03-02 19:59:12,2023-03-09 13:26:44
CONT2023001578,2023-03-01 14:12:54,2023-03-09 17:01:40
CONT2023001579,2023-02-25 08:09:50,2023-02-25 19:50:03
CONT2023001580,2023-03-04 03:53:25,2023-03-04 07:53:25
CONT2023001581,2023-02-26 18:00:20,2023-02-27 09:44:43
CONT2023001582,2023-02-28 13:24:22,2023-03-09 15:13:18
CONT2023001583,2023-02-26 20:18:48,2023-03-09 20:52:00
CONT2023001584,2023-02-26 12:50:55,2023-03-10 03:21:32
CONT2023001585,2023-03-02 09:44:02,2023-03-03 14:19:20
CONT2023001586,2023-02-26 16:57:41,2023-03-10 03:14:30
CONT2023001587,2023-03-03 17:04:36,2023-03-04 06:36:04
CONT2023001588,2023-02-28 19:01:06,2023-03-01 20:01:08
CONT2023001589,2023-03-01 02:59:32,2023-03-09 14:17:08
CONT2023001590,2023-02-28 05:37:31,2023-03-09 08:14:32
CONT2023001591,2023-03-05 17:42:06,2023-03-10 02:20:46
CONT2023001592,2023-02-27 19:20:54,2023-03-09 18:30:53
CONT2023001593,2023-02-28 03:24:21,2023-02-28 17:19:13
CONT2023001594,2023-02-27 18:08:24,2023-03-09 16:12:34
CONT2023001595,2023-02-25 08:23:44,2023-03-10 16:58:16
CONT2023001596,2023-02-26 09:25:25,2023-02-27 16:51:45
CONT2023001597,2023-02-28 08:11:15,2023-03-01 01:41:23
CONT2023001598,2023-03-03 00:44:20,
CONT2023001599,2023-02-24 11:56:27,2023-03-09 14:43:02
CONT2023001600,2023-03-01 08:40:15,2023-03-02 15:40:08
CONT2023001601,2023-02-26 03:11:38,
CONT2023001602,2023-03-06 14:08:03,2023-03-07 05:48:11
CONT2023001603,2023-02-27 11:23:21,2023-03-10 02:20:36
CONT2023001604,2023-03-05 23:35:40,2023-03-10 01:27:06
CONT2023001605,2023-03-05 04:52:42,2023-03-08 23:01:37
CONT2023001606,2023-02-24 07:20:28,2023-03-10 14:00:39
CONT2023001607,2023-02-28 06:59:19,2023-03-09 17:33:31
CONT2023001608,2023-02-25 22:45:11,
CONT2023001609,2023-03-02 19:00:15,
CONT2023001610,2023-03-01 12:44:46,2023-03-02 23:30:20
CONT2023001611,2023-02-28 20:51:32,2023-03-09 12:46:51
CONT2023001612,2023-03-04 06:57:20,2023-03-05 11:53:10
CONT2023001613,2023-03-05 19:02:08,2023-03-06 11:23:25
CONT2023001614,2023-02-26 09:39:02,2023-03-11 03:17:46
CONT2023001615,2023-02-26 20:20:24,2023-02-27 19:17:01
CONT2023001616,2023-03-04 22:54:24,2023-03-11 01:09:48
CONT2023001617,2023-03-06 00:32:38,
CONT2023001618,2023-03-06 12:55:52,2023-03-10 04:06:08
CONT2023001619,2023-03-01 21:51:26,2023-03-10 03:41:28
CONT2023001620,2023-03-03 10:44:52,2023-03-04 03:52:30
CONT2023001621,2023-03-06 04:09:37,2023-03-07 07:48:35
CONT2023001622,2023-03-01 02:03:32,2023-03-10 16:43:22
CONT2023001623,2023-02-26 16:54:54,2023-02-27 16:13:56
CONT2023001624,2023-03-06 11:03:42,2023-03-09 18:11:56
CONT2023001625,2023-03-07 11:06:58,
CONT2023001626,2023-03-01 19:53:36,
CONT2023001627,2023-03-07 00:07:51,2023-03-10 06:14:51
CONT2023001628,2023-03-07 07:53:15,2023-03-08 07:23:27
CONT2023001629,2023-03-05 00:26:40,2023-03-10 09:58:18
CONT2023001630,2023-03-04 21:00:17,2023-03-10 12:02:23
CONT2023001631,2023-03-03 14:52:20,2023-03-10 05:52:42
CONT2023001632,2023-03-03 09:58:15,2023-03-04 13:24:50
CONT2023001633,2023-02-26 02:59:54,2023-03-10 02:44:37
CONT2023001634,2023-02-25 05:09:02,2023-02-26 03:50:58
CONT2023001635,2023-03-01 14:51:55,2023-03-11 04:32:40
CONT2023001636,2023-03-01 21:52:49,2023-03-03 10:58:03
CONT2023001637,2023-02-27 21:19:58,2023-02-28 19:16:45
CONT2023001638,2023-03-06 17:55:55,2023-03-08 03:18:06
CONT2023001639,2023-02-26 14:12:37,2023-02-26 23:57:48
CONT2023001640,2023-03-06 17:27:56,2023-03-11 00:19:09
CONT2023001641,2023-03-06 11:43:58,2023-03-07 05:57:20
CONT2023001642,2023-03-07 16:35:34,2023-03-10 07:22:23
CONT2023001643,2023-03-07 15:08:03,
CONT2023001644,2023-03-02 13:01:24,2023-03-10 13:18:33
CONT2023001645,2023-03-03 13:17:23,2023-03-04 23:39:26
CONT2023001646,2023-02-24 19:40:42,2023-02-25 07:03:11
CONT2023001647,2023-03-04 18:51:43,2023-03-05 11:41:09
CONT2023001648,2023-03-06 17:45:21,2023-03-07 18:40:13
CONT2023001649,2023-02-28 20:07:11,2023-03-10 23:00:39
CONT2023001650,2023-03-03 03:31:41,2023-03-03 23:22:35
CONT2023001651,2023-03-03 20:57:35,2023-03-11 16:02:50
CONT2023001652,2023-02-26 20:29:42,2023-02-27 16:00:03
CONT2023001653,2023-02-27 13:08:51,2023-02-28 00:30:27
CONT2023001654,2023-02-28 04:06:27,
CONT2023001655,2023-02-28 21:05:30,2023-03-10 19:24:43
CONT2023001656,2023-03-04 21:28:33,2023-03-06 00:03:24
CONT2023001657,2023-03-04 06:49:46,
CONT2023001658,2023-03-01 10:53:29,2023-03-11 16:20:25
CONT2023001659,2023-03-02 03:30:20,2023-03-03 06:13:53
CONT2023001660,2023-02-27 17:58:13,
CONT2023001661,2023-02-25 14:18:42,2023-03-10 16:42:30
CONT2023001662,2023-03-06 23:16:54,2023-03-07 18:09:31
CONT2023001663,2023-03-07 22:39:01,2023-03-10 21:28:42
CONT2023001664,2023-03-04 17:31:27,2023-03-05 23:38:54
CONT2023001665,2023-02-28 19:31:44,
CONT2023001666,2023-02-25 17:45:38,2023-02-26 14:55:12
CONT2023001667,2023-03-01 15:28:35,2023-03-11 01:27:09
CONT2023001668,2023-03-03 22:41:02,2023-03-10 16:35:48
CONT2023001669,2023-03-05 15:49:14,2023-03-11 08:58:56
CONT2023001670,2023-03-06 14:22:00,2023-03-10 17:08:45
CONT2023001671,2023-03-05 07:33:54,2023-03-06 13:06:59
CONT2023001672,2023-02-28 08:08:16,2023-03-10 08:10:44
CONT2023001673,2023-03-07 02:26:16,2023-03-07 18:38:41
CONT2023001674,2023-03-02 10:46:46,2023-03-11 03:06:18
CONT2023001675,2023-03-01 05:58:49,2023-03-01 22:15:52
CONT2023001676,2023-02-25 03:53:14,2023-03-10 02:48:49
CONT2023001677,2023-03-06 13:48:14,
CONT2023001678,2023-03-02 01:45:16,2023-03-03 09:11:35
CONT2023001679,2023-03-03 02:15:21,
CONT2023001680,2023-03-06 07:29:10,
CONT2023001681,2023-03-01 13:15:21,2023-03-02 14:16:14
CONT2023001682,2023-03-05 10:59:50,2023-03-06 14:57:38
CONT2023001683,2023-02-28 07:14:58,2023-03-11 13:49:01
CONT2023001684,2023-03-03 10:05:26,2023-03-04 07:44:07
CONT2023001685,2023-03-02 08:19:11,2023-03-02 15:30:50
CONT2023001686,2023-03-02 21:49:38,2023-03-04 05:19:29
CONT2023001687,2023-03-03 21:08:53,2023-03-04 17:47:14
CONT2023001688,2023-03-01 20:05:17,
CONT2023001689,2023-03-01 12:10:35,2023-03-11 12:02:46
CONT2023001690,2023-03-08 00:07:27,2023-03-08 16:17:05
CONT2023001691,2023-03-04 17:26:05,2023-03-05 10:55:32
CONT2023001692,2023-03-07 16:10:53,2023-03-08 10:32:11
CONT2023001693,2023-03-05 11:32:01,2023-03-05 21:20:43
CONT2023001694,2023-03-05 01:26:34,
CONT2023001695,2023-03-03 00:32:46,2023-03-03 20:02:08
CONT2023001696,2023-03-06 19:48:03,2023-03-12 14:21:52
CONT2023001697,2023-03-08 18:51:06,
CONT2023001698,2023-03-01 07:53:40,
CONT2023001699,2023-03-08 03:38:53,2023-03-13 04:38:41
CONT2023001700,2023-03-01 06:13:20,2023-03-02 13:18:05
CONT2023001701,2023-03-04 23:21:00,2023-03-13 16:59:45
CONT2023001702,2023-02-27 17:13:07,2023-03-13 09:40:33
CONT2023001703,2023-03-01 15:14:39,2023-03-11 21:58:37
CONT2023001704,2023-03-06 07:10:02,2023-03-11 11:10:02
CONT2023001705,2023-03-09 04:46:52,2023-03-11 22:57:11
CONT2023001706,2023-02-28 13:29:00,2023-03-13 10:00:58
CONT2023001707,2023-03-08 21:25:46,
CONT2023001708,2023-03-06 10:59:09,2023-03-07 09:26:40
CONT2023001709,2023-03-09 01:21:01,2023-03-10 15:58:55
CONT2023001710,2023-03-09 17:06:02,2023-03-10 03:54:55
CONT2023001711,2023-03-06 04:57:40,2023-03-12 07:26:01
CONT2023001712,2023-02-27 14:24:09,2023-03-12 12:39:48
CONT2023001713,2023-03-09 03:53:18,2023-03-12 23:19:31
CONT2023001714,2023-03-08 05:57:34,2023-03-12 22:23:59
CONT2023001715,2023-03-05 00:41:44,
CONT2023001716,2023-02-27 13:50:56,
CONT2023001717,2023-03-05 13:00:08,2023-03-12 08:08:20
CONT2023001718,2023-03-05 12:14:21,2023-03-13 03:36:14
CONT2023001719,2023-02-27 05:28:26,2023-02-27 23:05:35
CONT2023001720,2023-03-03 11:26:42,
CONT2023001721,2023-03-05 04:57:36,2023-03-11 14:58:43
CONT2023001722,2023-03-04 07:49:34,2023-03-12 19:16:13
CONT2023001723,2023-02-28 20:35:29,2023-03-12 05:03:02
CONT2023001724,2023-02-28 12:19:52,
CONT2023001725,2023-03-05 02:31:30,2023-03-06 07:46:54
CONT2023001726,2023-03-03 23:39:46,2023-03-12 13:09:04
CONT2023001727,2023-03-03 02:16:39,2023-03-12 08:01:03
CONT2023001728,2023-03-01 12:08:05,2023-03-12 06:44:41
CONT2023001729,2023-02-27 18:37:10,2023-02-28 17:08:48
CONT2023001730,2023-02-28 10:30:06,2023-03-01 02:40:53
CONT2023001731,2023-02-27 04:50:50,2023-02-28 11:33:37
CONT2023001732,2023-03-06 22:51:10,2023-03-12 02:51:31
CONT2023001733,2023-03-07 10:26:39,2023-03-08 08:49:18
CONT2023001734,2023-03-07 12:55:03,2023-03-08 00:10:28
CONT2023001735,2023-03-01 07:14:22,2023-03-12 21:32:47
CONT2023001736,2023-03-06 20:45:58,
CONT2023001737,2023-02-28 06:28:35,2023-03-01 19:03:13
CONT2023001738,2023-03-04 01:13:13,2023-03-13 10:19:31
CONT2023001739,2023-03-07 19:19:26,2023-03-12 09:58:51
CONT2023001740,2023-03-01 22:49:06,2023-03-12 11:23:47
CONT2023001741,2023-03-09 02:58:39,2023-03-09 19:30:37
CONT2023001742,2023-03-05 16:12:00,2023-03-06 12:27:59
CONT2023001743,2023-03-01 04:36:21,2023-03-02 02:00:16
CONT2023001744,2023-03-08 09:12:13,2023-03-12 00:16:40
CONT2023001745,2023-03-03 15:35:21,2023-03-04 15:59:04
CONT2023001746,2023-03-04 06:06:02,2023-03-05 00:34:39
CONT2023001747,2023-03-03 14:02:03,
CONT2023001748,2023-03-07 17:08:44,2023-03-07 21:08:44
CONT2023001749,2023-03-09 00:32:46,2023-03-12 18:53:47
CONT2023001750,2023-03-04 15:18:11,2023-03-12 21:55:52
CONT2023001751,2023-03-02 22:01:21,
CONT2023001752,2023-03-07 19:01:16,
CONT2023001753,2023-03-03 11:04:22,2023-03-13 04:05:47
CONT2023001754,2023-03-08 00:18:18,2023-03-08 23:56:59
CONT2023001755,2023-03-09 21:08:26,2023-03-13 15:30:41
CONT2023001756,2023-02-28 19:43:09,2023-03-13 03:38:01
CONT2023001757,2023-03-05 01:47:52,2023-03-05 18:22:16
CONT2023001758,2023-02-28 10:48:04,2023-03-13 04:47:30
CONT2023001759,2023-03-09 18:11:50,2023-03-12 18:40:20
CONT2023001760,2023-03-08 21:40:08,2023-03-09 12:26:34
CONT2023001761,2023-03-03 20:39:29,2023-03-13 12:48:44
CONT2023001762,2023-03-04 01:50:59,2023-03-12 16:07:01
CONT2023001763,2023-03-05 17:57:48,2023-03-12 16:06:32
CONT2023001764,2023-03-10 04:49:24,
CONT2023001765,2023-03-06 11:08:46,2023-03-12 21:15:30
CONT2023001766,2023-03-06 17:10:09,2023-03-13 09:09:07
CONT2023001767,2023-03-08 12:25:24,2023-03-09 14:38:44
CONT2023001768,2023-03-01 02:59:36,2023-03-12 20:48:14
CONT2023001769,2023-03-06 19:35:22,
CONT2023001770,2023-03-07 01:25:32,
CONT2023001771,2023-03-02 18:00:54,2023-03-03 23:19:29
CONT2023001772,2023-03-02 22:48:29,2023-03-04 00:40:56
CONT2023001773,2023-03-10 21:03:20,2023-03-13 11:02:08
CONT2023001774,2023-03-02 02:55:08,2023-03-13 17:52:52
CONT2023001775,2023-03-09 01:27:24,2023-03-09 12:45:49
CONT2023001776,2023-03-09 21:00:54,2023-03-11 08:20:43
CONT2023001777,2023-03-06 13:20:05,2023-03-07 11:55:10
CONT2023001778,2023-03-01 14:23:50,2023-03-13 14:47:50
CONT2023001779,2023-03-06 04:51:22,2023-03-13 04:06:00
CONT2023001780,2023-03-01 01:51:02,2023-03-14 19:38:13
CONT2023001781,2023-02-28 21:08:22,2023-03-14 14:38:10
CONT2023001782,2023-02-28 21:57:12,2023-03-01 14:21:47
CONT2023001783,2023-03-04 05:41:27,2023-03-05 09:24:31
CONT2023001784,2023-03-07 18:44:20,2023-03-13 21:47:56
CONT2023001785,2023-03-09 13:33:36,
CONT2023001786,2023-03-06 11:36:58,2023-03-13 14:06:47
CONT2023001787,2023-02-28 20:54:22,2023-03-14 06:06:39
CONT2023001788,2023-03-04 03:25:49,2023-03-04 16:11:12
CONT2023001789,2023-03-02 19:39:55,2023-03-13 14:09:28
CONT2023001790,2023-03-05 05:39:42,2023-03-06 03:42:33
CONT2023001791,2023-03-05 23:32:54,2023-03-15 03:04:07
CONT2023001792,2023-03-02 06:39:33,2023-03-03 03:37:49
CONT2023001793,2023-03-02 23:40:06,2023-03-04 04:31:11
CONT2023001794,2023-02-28 15:59:16,2023-03-01 16:41:30
CONT2023001795,2023-03-02 08:35:24,2023-03-02 14:26:40
CONT2023001796,2023-03-01 18:54:45,
CONT2023001797,2023-03-02 17:08:24,2023-03-14 06:48:51
CONT2023001798,2023-03-06 18:35:44,2023-03-14 02:37:22
CONT2023001799,2023-03-01 03:49:27,2023-03-15 11:02:47
CONT2023001800,2023-03-03 06:25:57,2023-03-13 23:21:41
CONT2023001801,2023-03-11 20:24:15,2023-03-14 07:39:55
CONT2023001802,2023-03-13 18:22:52,2023-03-14 03:22:17
CONT2023001803,2023-03-06 23:58:39,2023-03-08 04:24:53
CONT2023001804,2023-03-08 13:55:19,2023-03-09 00:18:16
CONT2023001805,2023-03-08 11:40:21,2023-03-08 23:46:39
CONT2023001806,2023-03-12 23:11:03,2023-03-17 01:14:32
CONT2023001807,2023-03-03 18:55:54,2023-03-04 04:33:37
CONT2023001808,2023-03-08 21:14:31,2023-03-09 01:14:31
CONT2023001809,2023-03-10 22:12:41,
CONT2023001810,2023-03-03 04:04:35,2023-03-04 02:20:23
CONT2023001811,2023-03-04 05:05:28,2023-03-16 14:34:12
CONT2023001812,2023-03-11 07:34:28,2023-03-16 09:06:56
CONT2023001813,2023-03-09 00:08:49,2023-03-10 07:45:49
CONT2023001814,2023-03-11 16:59:43,
CONT2023001815,2023-03-09 18:23:40,2023-03-17 10:42:58
CONT2023001816,2023-03-11 00:10:16,2023-03-11 04:10:16
CONT2023001817,2023-03-03 12:58:02,2023-03-17 01:21:25
CONT2023001818,2023-03-12 00:00:44,2023-03-12 18:07:38
CONT2023001819,2023-03-06 04:13:01,2023-03-17 19:26:11
CONT2023001820,2023-03-13 11:12:45,2023-03-14 10:51:50
CONT2023001821,2023-03-07 10:26:41,2023-03-16 21:37:15
CONT2023001822,2023-03-07 07:03:07,2023-03-08 05:52:32
CONT2023001823,2023-03-11 13:02:53,
CONT2023001824,2023-03-12 16:41:24,2023-03-16 13:50:07
CONT2023001825,2023-03-10 01:33:59,2023-03-11 06:23:44
CONT2023001826,2023-03-08 01:05:48,2023-03-16 22:18:12
CONT2023001827,2023-03-12 12:22:47,2023-03-13 18:59:43
CONT2023001828,2023-03-11 23:08:07,2023-03-17 03:53:06
CONT2023001829,2023-03-04 14:52:14,2023-03-05 16:30:53
CONT2023001830,2023-03-11 10:15:52,2023-03-17 10:50:57
CONT2023001831,2023-03-05 03:27:50,2023-03-06 17:05:50
CONT2023001832,2023-03-08 17:00:26,2023-03-17 20:54:23
CONT2023001833,2023-03-08 06:05:12,2023-03-18 04:54:11
CONT2023001834,2023-03-07 03:48:16,2023-03-18 20:52:13
CONT2023001835,2023-03-03 14:51:33,2023-03-17 14:37:12
CONT2023001836,2023-03-04 13:26:29,2023-03-17 01:30:01
CONT2023001837,2023-03-09 23:45:06,2023-03-17 18:51:41
CONT2023001838,2023-03-13 07:42:15,2023-03-17 05:34:31
CONT2023001839,2023-03-05 22:30:49,2023-03-07 08:18:19
CONT2023001840,2023-03-11 13:34:29,2023-03-17 18:22:47
CONT2023001841,2023-03-07 15:54:46,2023-03-08 15:30:53
CONT2023001842,2023-03-11 14:58:11,2023-03-12 13:19:56
CONT2023001843,2023-03-09 13:32:48,2023-03-10 08:58:22
CONT2023001844,2023-03-08 01:35:58,2023-03-17 22:40:02
CONT2023001845,2023-03-04 07:01:28,2023-03-04 11:01:28
CONT2023001846,2023-03-14 00:11:59,2023-03-14 20:30:46
CONT2023001847,2023-03-07 12:08:54,2023-03-08 11:37:08
CONT2023001848,2023-03-05 19:30:40,2023-03-18 13:49:52
CONT2023001849,2023-03-07 12:45:48,
CONT2023001850,2023-03-10 05:59:11,2023-03-18 14:01:46
CONT2023001851,2023-03-08 09:28:53,2023-03-19 02:00:14
CONT2023001852,2023-03-12 12:00:02,2023-03-13 07:17:36
CONT2023001853,2023-03-06 00:20:27,2023-03-18 11:25:04
CONT2023001854,2023-03-07 17:45:03,2023-03-18 23:53:42
CONT2023001855,2023-03-10 02:02:07,2023-03-10 20:38:51
CONT2023001856,2023-03-15 06:18:54,
CONT2023001857,2023-03-06 00:09:58,2023-03-18 17:03:33
CONT2023001858,2023-03-14 08:32:28,2023-03-18 23:36:24
CONT2023001859,2023-03-08 16:41:50,
CONT2023001860,2023-03-11 17:27:38,2023-03-12 12:07:12
CONT2023001861,2023-03-12 20:40:48,2023-03-18 07:59:30
CONT2023001862,2023-03-08 09:19:43,2023-03-18 16:18:43
CONT2023001863,2023-03-08 00:35:46,2023-03-09 03:53:21
CONT2023001864,2023-03-09 06:50:45,2023-03-10 01:47:02
CONT2023001865,2023-03-15 03:21:40,2023-03-18 15:46:58
CONT2023001866,2023-03-05 22:14:51,
CONT2023001867,2023-03-09 23:27:17,2023-03-19 01:22:24
CONT2023001868,2023-03-10 21:17:58,2023-03-19 13:33:49
CONT2023001869,2023-03-10 23:39:29,2023-03-12 03:53:57
CONT2023001870,2023-03-11 02:09:30,2023-03-19 06:59:06
CONT2023001871,2023-03-10 10:07:32,
CONT2023001872,2023-03-13 23:35:30,2023-03-19 03:24:53
CONT2023001873,2023-03-07 06:53:20,2023-03-19 10:33:05
CONT2023001874,2023-03-13 06:22:42,2023-03-13 21:39:22
CONT2023001875,2023-03-09 10:08:04,2023-03-19 18:43:12
CONT2023001876,2023-03-10 14:23:56,2023-03-19 13:15:18
CONT2023001877,2023-03-09 21:23:14,2023-03-19 02:02:52
CONT2023001878,2023-03-09 11:28:38,2023-03-18 23:05:05
CONT2023001879,2023-03-11 11:46:24,2023-03-19 10:17:04
CONT2023001880,2023-03-08 05:23:39,
CONT2023001881,2023-03-14 22:14:27,2023-03-15 18:50:36
CONT2023001882,2023-03-16 01:02:07,2023-03-19 18:22:26
CONT2023001883,2023-03-08 20:57:41,2023-03-19 04:26:26
CONT2023001884,2023-03-11 12:29:02,2023-03-12 11:12:40
CONT2023001885,2023-03-15 20:25:21,2023-03-16 04:35:53
CONT2023001886,2023-03-15 11:34:28,2023-03-15 23:59:25
CONT2023001887,2023-03-05 21:43:36,2023-03-18 23:26:01
CONT2023001888,2023-03-12 07:00:21,2023-03-13 02:17:26
CONT2023001889,2023-03-12 09:46:38,2023-03-13 08:18:24
CONT2023001890,2023-03-07 18:17:34,2023-03-20 00:17:22
CONT2023001891,2023-03-05 23:28:41,2023-03-20 17:30:18
CONT2023001892,2023-03-12 23:36:51,2023-03-13 03:36:51
CONT2023001893,2023-03-11 22:27:55,2023-03-12 22:50:10
CONT2023001894,2023-03-08 21:35:17,2023-03-09 16:40:43
CONT2023001895,2023-03-10 13:32:26,2023-03-11 12:57:01
CONT2023001896,2023-03-14 22:08:30,
CONT2023001897,2023-03-12 06:21:16,2023-03-13 14:28:55
CONT2023001898,2023-03-13 02:55:06,2023-03-19 14:25:31
CONT2023001899,2023-03-14 05:14:39,2023-03-14 21:41:45
CONT2023001900,2023-03-06 17:34:16,2023-03-07 20:42:10
CONT2023001901,2023-03-10 08:15:57,2023-03-11 00:06:42
CONT2023001902,2023-03-05 14:09:44,2023-03-20 03:18:43
CONT2023001903,2023-03-12 07:08:59,2023-03-18 20:02:23
CONT2023001904,2023-03-13 02:24:08,2023-03-14 02:21:33
CONT2023001905,2023-03-10 23:16:01,
CONT2023001906,2023-03-09 14:37:27,2023-03-19 19:05:00
CONT2023001907,2023-03-09 22:40:07,2023-03-19 17:42:57
CONT2023001908,2023-03-06 01:30:05,2023-03-19 21:02:01
CONT2023001909,2023-03-12 03:09:26,2023-03-20 09:43:18
CONT2023001910,2023-03-10 21:00:35,2023-03-18 22:10:02
CONT2023001911,2023-03-06 04:42:07,2023-03-07 11:24:14
CONT2023001912,2023-03-07 02:22:08,
CONT2023001913,2023-03-07 16:20:00,
CONT2023001914,2023-03-08 18:35:31,2023-03-09 08:50:31
CONT2023001915,2023-03-06 20:12:04,
CONT2023001916,2023-03-11 14:21:11,2023-03-12 08:12:41
CONT2023001917,2023-03-15 07:05:37,2023-03-16 01:50:44
CONT2023001918,2023-03-09 13:41:03,2023-03-19 23:25:26
CONT2023001919,2023-03-05 19:04:58,2023-03-19 16:21:51
CONT2023001920,2023-03-15 01:29:25,2023-03-16 05:35:43
CONT2023001921,2023-03-16 18:14:33,2023-03-18 00:46:13
CONT2023001922,2023-03-11 19:22:50,2023-03-12 00:28:07
CONT2023001923,2023-03-08 15:47:32,2023-03-10 00:55:09
CONT2023001924,2023-03-07 21:48:58,2023-03-08 18:28:49
CONT2023001925,2023-03-14 12:36:56,2023-03-15 04:44:29
CONT2023001926,2023-03-09 20:19:17,2023-03-19 21:15:09
CONT2023001927,2023-03-13 02:02:20,2023-03-13 08:24:17
CONT2023001928,2023-03-10 03:34:41,2023-03-19 03:56:58
CONT2023001929,2023-03-13 06:05:24,2023-03-14 17:15:55
CONT2023001930,2023-03-07 11:49:50,
CONT2023001931,2023-03-14 01:02:45,
CONT2023001932,2023-03-07 12:03:11,2023-03-19 13:14:03
CONT2023001933,2023-03-08 05:45:02,2023-03-20 07:34:56
CONT2023001934,2023-03-09 05:34:54,2023-03-09 20:47:44
CONT2023001935,2023-03-10 02:30:02,2023-03-19 09:14:07
CONT2023001936,2023-03-14 00:06:03,2023-03-20 01:43:27
CONT2023001937,2023-03-13 06:22:08,2023-03-13 20:01:44
CONT2023001938,2023-03-11 12:00:11,2023-03-12 15:21:59
CONT2023001939,2023-03-07 12:49:56,2023-03-21 08:46:58
CONT2023001940,2023-03-12 17:46:52,2023-03-20 21:45:07
CONT2023001941,2023-03-17 05:53:20,2023-03-20 19:47:42
CONT2023001942,2023-03-17 18:57:16,2023-03-18 13:46:35
CONT2023001943,2023-03-16 02:41:31,2023-03-21 14:37:14
CONT2023001944,2023-03-11 01:30:47,2023-03-11 22:10:47
CONT2023001945,2023-03-15 11:49:36,2023-03-21 07:02:17
CONT2023001946,2023-03-16 02:44:07,2023-03-16 16:56:49
CONT2023001947,2023-03-12 10:03:49,2023-03-12 14:03:49
CONT2023001948,2023-03-10 18:49:48,
CONT2023001949,2023-03-12 04:19:56,2023-03-12 08:19:56
CONT2023001950,2023-03-10 07:21:03,2023-03-21 01:30:50
CONT2023001951,2023-03-09 17:25:06,2023-03-21 06:41:31
CONT2023001952,2023-03-09 12:11:40,2023-03-20 20:09:25
CONT2023001953,2023-03-07 23:54:49,2023-03-20 19:57:54
CONT2023001954,2023-03-12 11:31:19,2023-03-13 08:32:27
CONT2023001955,2023-03-12 12:18:55,2023-03-20 11:24:11
CONT2023001956,2023-03-07 06:14:33,
CONT2023001957,2023-03-08 16:35:19,
CONT2023001958,2023-03-18 14:54:08,
CONT2023001959,2023-03-18 12:26:14,2023-03-19 21:07:17
CONT2023001960,2023-03-17 18:22:07,2023-03-18 14:34:46
CONT2023001961,2023-03-10 21:31:58,2023-03-11 22:43:05
CONT2023001962,2023-03-16 12:31:21,2023-03-22 02:22:19
CONT2023001963,2023-03-13 17:33:41,2023-03-21 18:06:28
CONT2023001964,2023-03-10 13:54:28,
CONT2023001965,2023-03-09 21:09:08,2023-03-21 22:07:21
CONT2023001966,2023-03-17 06:27:15,2023-03-17 23:29:23
CONT2023001967,2023-03-12 20:54:09,2023-03-22 17:02:55
CONT2023001968,2023-03-11 00:04:29,2023-03-21 22:18:36
CONT2023001969,2023-03-10 13:06:21,2023-03-11 13:10:17
CONT2023001970,2023-03-12 14:02:37,2023-03-21 21:20:33
CONT2023001971,2023-03-16 19:35:04,2023-03-17 08:26:18
CONT2023001972,2023-03-08 10:26:21,
CONT2023001973,2023-03-11 06:55:16,2023-03-12 02:40:49
CONT2023001974,2023-03-13 22:14:08,2023-03-14 17:57:48
CONT2023001975,2023-03-13 16:17:59,
CONT2023001976,2023-03-07 23:51:44,2023-03-08 15:57:04
CONT2023001977,2023-03-13 19:26:11,2023-03-22 00:58:45
CONT2023001978,2023-03-10 09:52:03,2023-03-11 13:38:58
CONT2023001979,2023-03-10 15:09:27,2023-03-11 22:44:42
CONT2023001980,2023-03-16 14:29:27,2023-03-22 12:49:53
CONT2023001981,2023-03-13 12:41:48,2023-03-22 01:00:11
CONT2023001982,2023-03-19 11:17:24,2023-03-20 00:30:14
CONT2023001983,2023-03-14 20:31:31,2023-03-15 14:40:03
CONT2023001984,2023-03-14 03:23:16,2023-03-22 12:48:09
CONT2023001985,2023-03-18 15:26:01,2023-03-19 11:18:39
CONT2023001986,2023-03-09 00:09:18,
CONT2023001987,2023-03-08 13:58:51,2023-03-22 02:27:46
CONT2023001988,2023-03-19 11:01:50,2023-03-22 16:36:43
CONT2023001989,2023-03-19 19:46:44,
CONT2023001990,2023-03-13 20:25:53,2023-03-22 06:14:01
CONT2023001991,2023-03-10 21:37:56,
CONT2023001992,2023-03-19 03:25:26,2023-03-22 10:09:32
CONT2023001993,2023-03-09 11:06:47,2023-03-22 02:27:09
CONT2023001994,2023-03-10 12:05:59,2023-03-11 01:31:16
CONT2023001995,2023-03-09 12:22:46,2023-03-23 05:03:03
CONT2023001996,2023-03-16 10:57:54,2023-03-23 08:30:06
CONT2023001997,2023-03-15 04:53:11,
CONT2023001998,2023-03-14 01:42:01,2023-03-14 11:45:34
CONT2023001999,2023-03-18 06:11:12,
CONT2023002000,2023-03-16 20:46:57,
CONT2023002001,2023-03-15 12:50:02,2023-03-21 23:13:52
CONT2023002002,2023-03-10 07:02:35,2023-03-22 17:53:27
CONT2023002003,2023-03-11 05:36:06,2023-03-11 22:45:01
CONT2023002004,2023-03-17 00:32:14,2023-03-17 16:20:02
CONT2023002005,2023-03-20 16:24:55,2023-03-24 00:49:30
CONT2023002006,2023-03-12 13:45:28,2023-03-23 22:05:00
CONT2023002007,2023-03-11 08:34:46,2023-03-12 10:11:13
CONT2023002008,2023-03-20 07:20:18,2023-03-21 14:56:25
CONT2023002009,2023-03-20 19:13:30,2023-03-24 02:25:19
CONT2023002010,2023-03-17 16:37:34,2023-03-23 18:19:39
CONT2023002011,2023-03-20 12:00:48,2023-03-24 08:43:40
CONT2023002012,2023-03-13 19:09:59,2023-03-24 13:26:29
CONT2023002013,2023-03-11 05:06:21,2023-03-12 19:19:00
CONT2023002014,2023-03-11 09:26:39,2023-03-24 18:09:33
CONT2023002015,2023-03-20 11:41:09,2023-03-21 10:17:13
CONT2023002016,2023-03-15 07:11:16,2023-03-15 22:42:46
CONT2023002017,2023-03-18 14:34:40,
CONT2023002018,2023-03-15 16:11:45,
CONT2023002019,2023-03-12 23:33:47,2023-03-13 03:51:39
CONT2023002020,2023-03-18 21:15:58,2023-03-24 13:51:04
CONT2023002021,2023-03-11 07:09:14,2023-03-12 06:56:39
CONT2023002022,2023-03-17 00:18:21,2023-03-17 13:17:23
CONT2023002023,2023-03-10 21:39:18,2023-03-23 20:30:42
CONT2023002024,2023-03-15 02:20:43,2023-03-15 20:48:47
CONT2023002025,2023-03-16 15:22:31,
CONT2023002026,2023-03-17 13:24:10,2023-03-18 16:51:08
CONT2023002027,2023-03-20 07:48:59,2023-03-25 06:24:30
CONT2023002028,2023-03-14 10:11:41,2023-03-24 14:59:10
CONT2023002029,2023-03-17 09:11:20,2023-03-17 16:39:06
CONT2023002030,2023-03-15 15:28:45,2023-03-16 07:04:04
CONT2023002031,2023-03-11 04:32:41,2023-03-11 20:49:23
CONT2023002032,2023-03-15 13:03:34,2023-03-16 12:54:45
CONT2023002033,2023-03-19 18:59:31,2023-03-20 08:21:37
CONT2023002034,2023-03-18 12:46:59,2023-03-18 16:46:59
CONT2023002035,2023-03-13 10:11:03,2023-03-14 08:38:50
CONT2023002036,2023-03-13 01:19:21,2023-03-13 23:55:27
CONT2023002037,2023-03-14 14:07:07,2023-03-25 04:27:03
CONT2023002038,2023-03-19 05:23:07,2023-03-24 15:52:34
CONT2023002039,2023-03-10 23:48:39,
CONT2023002040,2023-03-17 16:19:55,2023-03-23 22:35:23
CONT2023002041,2023-03-17 11:55:59,2023-03-18 10:23:37
CONT2023002042,2023-03-20 11:21:31,2023-03-21 21:01:55
CONT2023002043,2023-03-16 10:43:56,2023-03-17 12:24:08
CONT2023002044,2023-03-18 19:53:49,2023-03-19 12:17:35
CONT2023002045,2023-03-19 18:29:36,2023-03-21 05:39:17
CONT2023002046,2023-03-20 09:22:07,2023-03-21 00:48:11
CONT2023002047,2023-03-13 03:19:47,2023-03-24 06:09:37
CONT2023002048,2023-03-11 11:13:38,2023-03-12 06:03:52
CONT2023002049,2023-03-16 17:51:02,2023-03-24 06:27:47
CONT2023002050,2023-03-14 03:20:04,2023-03-24 11:35:29
CONT2023002051,2023-03-13 10:09:35,2023-03-14 10:45:23
CONT2023002052,2023-03-14 18:35:34,
CONT2023002053,2023-03-17 17:40:13,2023-03-18 07:37:41
CONT2023002054,2023-03-12 22:24:26,2023-03-13 15:21:22
CONT2023002055,2023-03-18 15:42:48,2023-03-24 13:23:46
CONT2023002056,2023-03-18 06:51:36,
CONT2023002057,2023-03-13 20:41:09,2023-03-15 05:38:11
CONT2023002058,2023-03-17 09:45:18,2023-03-18 03:56:29
CONT2023002059,2023-03-13 05:18:44,2023-03-14 17:10:31
CONT2023002060,2023-03-17 16:07:35,2023-03-25 05:17:02
CONT2023002061,2023-03-17 11:24:09,2023-03-25 01:23:10
CONT2023002062,2023-03-17 22:06:08,2023-03-25 00:56:14
CONT2023002063,2023-03-21 01:30:33,2023-03-22 10:42:32
CONT2023002064,2023-03-14 21:30:03,2023-03-15 20:46:54
CONT2023002065,2023-03-16 03:08:25,2023-03-24 20:54:49
CONT2023002066,2023-03-12 23:21:53,2023-03-25 12:07:45
CONT2023002067,2023-03-15 20:03:12,2023-03-16 13:49:29
CONT2023002068,2023-03-19 03:32:21,
CONT2023002069,2023-03-19 06:12:56,2023-03-20 15:44:53
CONT2023002070,2023-03-17 08:52:08,2023-03-26 20:11:13
CONT2023002071,2023-03-13 23:27:46,2023-03-25 22:24:26
CONT2023002072,2023-03-12 02:04:08,2023-03-13 01:43:51
CONT2023002073,2023-03-21 06:42:36,
CONT2023002074,2023-03-18 04:39:00,2023-03-18 23:00:53
CONT2023002075,2023-03-16 12:01:15,2023-03-17 17:12:36
CONT2023002076,2023-03-13 15:42:26,2023-03-25 20:30:35
CONT2023002077,2023-03-13 08:23:26,2023-03-25 20:32:04
CONT2023002078,2023-03-17 03:48:04,2023-03-18 02:52:48
CONT2023002079,2023-03-18 10:56:37,2023-03-24 16:22:11
CONT2023002080,2023-03-17 03:11:56,2023-03-25 04:34:19
CONT2023002081,2023-03-17 05:11:19,2023-03-26 00:40:25
CONT2023002082,2023-03-16 09:09:46,
CONT2023002083,2023-03-20 06:34:39,2023-03-21 03:35:05
CONT2023002084,2023-03-18 04:18:22,
CONT2023002085,2023-03-12 02:43:50,2023-03-12 14:38:20
CONT2023002086,2023-03-15 01:12:36,2023-03-15 13:09:16
CONT2023002087,2023-03-17 14:10:37,2023-03-17 22:03:46
CONT2023002088,2023-03-20 00:59:37,2023-03-25 11:26:08
CONT2023002089,2023-03-19 08:29:16,
CONT2023002090,2023-03-21 18:13:17,2023-03-22 13:22:01
CONT2023002091,2023-03-17 15:13:06,2023-03-18 10:51:57
CONT2023002092,2023-03-15 15:41:23,2023-03-25 08:38:03
CONT2023002093,2023-03-14 07:38:53,
CONT2023002094,2023-03-15 15:01:34,2023-03-25 15:06:45
CONT2023002095,2023-03-14 01:16:54,2023-03-25 10:57:56
CONT2023002096,2023-03-19 17:45:08,2023-03-26 01:37:18
CONT2023002097,2023-03-15 05:11:19,
CONT2023002098,2023-03-20 05:28:43,2023-03-21 11:34:47
CONT2023002099,2023-03-13 02:47:39,
CONT2023002100,2023-03-19 13:13:28,
CONT2023002101,2023-03-14 05:17:21,
CONT2023002102,2023-03-12 09:42:28,
CONT2023002103,2023-03-16 06:53:32,2023-03-26 00:37:57
CONT2023002104,2023-03-18 09:56:13,2023-03-25 13:12:51
CONT2023002105,2023-03-12 20:39:39,2023-03-25 22:04:42
CONT2023002106,2023-03-14 02:53:52,
CONT2023002107,2023-03-19 21:16:58,
CONT2023002108,2023-03-21 03:48:37,2023-03-22 02:57:54
CONT2023002109,2023-03-21 09:13:47,2023-03-26 04:00:45
CONT2023002110,2023-03-21 03:25:48,2023-03-26 06:05:33
CONT2023002111,2023-03-14 09:53:12,2023-03-15 04:18:57
CONT2023002112,2023-03-18 22:03:03,2023-03-26 02:09:04
CONT2023002113,2023-03-20 04:15:14,2023-03-21 02:08:55
CONT2023002114,2023-03-19 07:28:48,2023-03-20 16:20:04
CONT2023002115,2023-03-23 00:59:22,2023-03-23 17:34:30
CONT2023002116,2023-03-14 11:54:16,2023-03-25 15:10:53
CONT2023002117,2023-03-17 00:16:30,2023-03-17 21:24:00
CONT2023002118,2023-03-15 11:33:41,2023-03-26 02:22:28
CONT2023002119,2023-03-13 09:19:35,2023-03-13 20:04:08
CONT2023002120,2023-03-15 00:23:40,2023-03-27 00:06:49
CONT2023002121,2023-03-23 03:05:39,2023-03-23 14:31:08
CONT2023002122,2023-03-13 20:13:04,
CONT2023002123,2023-03-16 05:42:01,
CONT2023002124,2023-03-20 00:43:53,2023-03-26 11:09:53
CONT2023002125,2023-03-22 12:06:40,2023-03-26 10:44:29
CONT2023002126,2023-03-17 19:10:22,2023-03-18 09:54:44
CONT2023002127,2023-03-21 22:56:54,
CONT2023002128,2023-03-22 02:29:26,2023-03-23 00:26:18
CONT2023002129,2023-03-18 08:56:50,
CONT2023002130,2023-03-21 02:39:06,2023-03-26 10:06:26
CONT2023002131,2023-03-12 13:52:29,2023-03-13 12:00:30
CONT2023002132,2023-03-19 10:06:33,2023-03-26 07:56:06
CONT2023002133,2023-03-20 03:22:12,
CONT2023002134,2023-03-22 10:19:47,2023-03-22 22:35:40
CONT2023002135,2023-03-22 19:03:52,2023-03-23 22:44:55
CONT2023002136,2023-03-21 11:00:42,2023-03-26 10:18:08
CONT2023002137,2023-03-19 07:00:03,2023-03-20 06:48:03
CONT2023002138,2023-03-12 16:18:50,2023-03-13 17:15:31
CONT2023002139,2023-03-14 15:33:24,
CONT2023002140,2023-03-17 16:05:05,2023-03-26 08:36:31
CONT2023002141,2023-03-19 23:39:34,2023-03-26 00:41:33
CONT2023002142,2023-03-20 03:37:08,2023-03-21 10:46:36
CONT2023002143,2023-03-17 11:06:30,2023-03-18 09:03:07
CONT2023002144,2023-03-20 11:14:17,
CONT2023002145,2023-03-14 21:21:56,2023-03-16 06:34:18
CONT2023002146,2023-03-16 07:42:45,2023-03-16 21:16:45
CONT2023002147,2023-03-14 15:38:39,2023-03-15 06:21:53
CONT2023002148,2023-03-16 02:34:06,2023-03-17 09:25:54
CONT2023002149,2023-03-18 14:51:00,
CONT2023002150,2023-03-16 11:24:43,
CONT2023002151,2023-03-15 14:29:04,2023-03-16 18:52:02
CONT2023002152,2023-03-18 02:21:58,2023-03-25 23:26:33
CONT2023002153,2023-03-15 02:11:54,2023-03-16 01:05:43
CONT2023002154,2023-03-15 00:46:17,2023-03-27 03:59:25
CONT2023002155,2023-03-20 22:45:02,2023-03-26 01:21:56
CONT2023002156,2023-03-22 23:16:57,
CONT2023002157,2023-03-20 02:33:59,
CONT2023002158,2023-03-15 03:26:22,2023-03-25 20:07:04
CONT2023002159,2023-03-17 11:24:07,2023-03-27 02:02:33
CONT2023002160,2023-03-19 23:14:23,
CONT2023002161,2023-03-19 03:55:36,2023-03-26 14:22:22
CONT2023002162,2023-03-13 06:21:56,2023-03-26 14:13:17
CONT2023002163,2023-03-21 11:13:32,2023-03-29 07:20:35
CONT2023002164,2023-03-25 21:41:28,2023-03-26 14:05:29
CONT2023002165,2023-03-16 12:34:31,2023-03-28 20:15:25
CONT2023002166,2023-03-24 14:34:31,
CONT2023002167,2023-03-16 08:09:47,
CONT2023002168,2023-03-19 03:50:01,2023-03-29 06:21:07
CONT2023002169,2023-03-15 19:57:08,2023-03-28 17:24:28
CONT2023002170,2023-03-18 20:45:29,
CONT2023002171,2023-03-20 06:25:46,2023-03-21 06:36:00
CONT2023002172,2023-03-19 15:32:14,
CONT2023002173,2023-03-25 01:56:48,2023-03-25 14:47:26
CONT2023002174,2023-03-19 18:58:49,2023-03-21 05:16:48
CONT2023002175,2023-03-17 12:18:06,2023-03-29 06:21:22
CONT2023002176,2023-03-23 08:07:09,2023-03-23 22:38:59
CONT2023002177,2023-03-23 16:38:54,2023-03-30 06:36:02
CONT2023002178,2023-03-20 00:41:40,2023-03-20 14:41:28
CONT2023002179,2023-03-21 04:00:12,2023-03-30 11:54:30
CONT2023002180,2023-03-25 04:01:14,2023-03-29 11:23:34
CONT2023002181,2023-03-16 15:37:18,2023-03-30 16:35:27
CONT2023002182,2023-03-25 11:10:22,2023-03-29 23:43:18
CONT2023002183,2023-03-19 04:26:41,2023-03-20 05:26:34
CONT2023002184,2023-03-18 02:49:34,
CONT2023002185,2023-03-18 02:14:37,2023-03-30 12:26:21
CONT2023002186,2023-03-20 23:44:01,2023-03-30 04:22:42
CONT2023002187,2023-03-20 02:37:44,2023-03-20 18:51:16
CONT2023002188,2023-03-24 21:50:04,2023-03-25 22:03:22
CONT2023002189,2023-03-22 21:25:05,2023-03-30 03:30:52
CONT2023002190,2023-03-27 08:36:07,2023-03-28 07:15:28
CONT2023002191,2023-03-26 07:28:02,2023-03-27 06:13:45
CONT2023002192,2023-03-17 16:21:51,2023-03-29 12:32:36
CONT2023002193,2023-03-22 19:39:35,2023-03-30 00:27:53
CONT2023002194,2023-03-17 05:45:19,2023-03-29 16:13:11
CONT2023002195,2023-03-19 19:40:44,2023-03-20 18:58:07
CONT2023002196,2023-03-17 00:30:58,2023-03-30 12:43:48
CONT2023002197,2023-03-17 02:00:14,2023-03-30 04:12:11
CONT2023002198,2023-03-25 10:04:17,2023-03-25 22:56:16
CONT2023002199,2023-03-27 08:02:43,
CONT2023002200,2023-03-17 02:17:24,2023-03-30 08:01:59
CONT2023002201,2023-03-20 02:00:05,2023-03-21 01:14:58
CONT2023002202,2023-03-21 22:26:49,2023-03-30 04:07:04
CONT2023002203,2023-03-20 11:25:53,
CONT2023002204,2023-03-22 11:31:20,2023-03-23 05:49:16
CONT2023002205,2023-03-24 12:47:29,2023-03-24 21:52:21
CONT2023002206,2023-03-19 16:48:53,
CONT2023002207,2023-03-18 11:54:20,2023-03-30 12:40:21
CONT2023002208,2023-03-25 22:00:15,2023-03-26 09:12:18
CONT2023002209,2023-03-17 15:28:46,2023-03-17 19:28:46
CONT2023002210,2023-03-18 00:29:40,
CONT2023002211,2023-03-17 06:06:45,
CONT2023002212,2023-03-18 08:02:43,2023-03-19 11:57:43
CONT2023002213,2023-03-20 08:12:23,2023-03-29 20:35:00
CONT2023002214,2023-03-21 03:32:12,2023-03-30 10:50:34
CONT2023002215,2023-03-17 12:36:46,2023-03-31 00:16:59
CONT2023002216,2023-03-17 09:04:08,
CONT2023002217,2023-03-23 15:19:05,2023-03-24 16:04:22
CONT2023002218,2023-03-17 01:49:11,2023-03-30 05:31:15
CONT2023002219,2023-03-17 12:09:42,2023-03-18 22:28:11
CONT2023002220,2023-03-18 04:59:03,2023-03-30 01:06:01
CONT2023002221,2023-03-26 11:54:45,2023-03-30 06:59:59
CONT2023002222,2023-03-25 19:00:41,2023-03-31 00:51:39
CONT2023002223,2023-03-24 21:01:55,
CONT2023002224,2023-03-28 17:58:19,
CONT2023002225,2023-03-24 08:23:44,2023-03-25 08:59:36
CONT2023002226,2023-03-28 13:15:48,2023-04-03 10:30:01
CONT2023002227,2023-03-25 09:32:30,2023-04-03 10:08:35
CONT2023002228,2023-03-30 14:13:29,
CONT2023002229,2023-03-29 00:59:20,2023-03-30 04:48:17
CONT2023002230,2023-03-27 23:21:55,2023-03-28 20:34:53
CONT2023002231,2023-03-29 13:58:09,2023-03-30 04:53:49
CONT2023002232,2023-03-29 13:54:17,
CONT2023002233,2023-04-02 12:22:51,2023-04-03 02:35:49
CONT2023002234,2023-03-29 15:43:02,2023-04-06 05:47:01
CONT2023002235,2023-04-01 11:29:25,2023-04-05 15:19:41
CONT2023002236,2023-03-23 14:26:06,2023-03-24 01:09:22
CONT2023002237,2023-03-28 12:36:18,2023-03-29 10:38:05
CONT2023002238,2023-04-05 17:40:49,2023-04-09 05:58:45
CONT2023002239,2023-03-26 19:48:29,2023-04-09 01:47:50
CONT2023002240,2023-03-27 21:43:53,2023-04-10 14:35:22
CONT2023002241,2023-04-03 17:24:37,2023-04-09 08:04:23
CONT2023002242,2023-03-30 18:29:54,2023-04-09 10:19:23
CONT2023002243,2023-04-04 20:24:48,2023-04-09 08:34:08
CONT2023002244,2023-04-05 05:45:24,2023-04-08 19:23:50
CONT2023002245,2023-04-01 05:04:23,
CONT2023002246,2023-04-05 05:57:16,2023-04-09 03:23:05
CONT2023002247,2023-04-06 02:35:56,2023-04-06 09:43:08
CONT2023002248,2023-03-27 04:18:09,
CONT2023002249,2023-03-28 00:25:24,2023-03-29 11:00:52
CONT2023002250,2023-04-06 05:51:12,2023-04-10 02:43:38
CONT2023002251,2023-04-04 21:55:58,2023-04-10 03:13:07
CONT2023002252,2023-04-06 06:09:53,2023-04-06 16:04:57
CONT2023002253,2023-04-01 15:41:52,
CONT2023002254,2023-03-28 14:03:16,2023-04-10 02:10:15
CONT2023002255,2023-04-05 14:41:27,2023-04-09 16:15:33
CONT2023002256,2023-04-01 13:27:40,2023-04-09 16:47:14
CONT2023002257,2023-04-03 14:49:37,2023-04-09 07:59:03
CONT2023002258,2023-04-05 06:44:43,2023-04-05 18:43:22
CONT2023002259,2023-04-05 00:57:59,2023-04-09 23:12:59
CONT2023002260,2023-04-07 02:41:52,2023-04-08 03:40:53
CONT2023002261,2023-03-28 13:15:42,
CONT2023002262,2023-03-29 09:18:18,2023-03-30 13:51:30
CONT2023002263,2023-03-29 22:15:30,2023-04-10 09:33:16
CONT2023002264,2023-03-27 12:05:44,2023-03-28 05:06:11
CONT2023002265,2023-04-03 09:19:12,
CONT2023002266,2023-04-03 21:44:16,
CONT2023002267,2023-04-02 23:52:34,
CONT2023002268,2023-04-02 01:28:04,
CONT2023002269,2023-04-07 04:22:18,2023-04-09 03:29:36
CONT2023002270,2023-04-01 16:42:21,2023-04-02 05:58:17
CONT2023002271,2023-04-04 19:19:29,2023-04-10 05:38:07
CONT2023002272,2023-04-05 17:34:01,2023-04-09 22:42:36
CONT2023002273,2023-03-30 02:14:27,2023-03-31 05:50:53
CONT2023002274,2023-04-03 10:49:42,2023-04-11 05:29:47
CONT2023002275,2023-03-31 03:42:29,2023-04-01 13:16:45
CONT2023002276,2023-03-30 20:06:08,2023-04-10 18:23:08
CONT2023002277,2023-04-03 04:05:19,2023-04-10 18:30:04
CONT2023002278,2023-04-01 15:44:34,
CONT2023002279,2023-04-05 01:11:18,2023-04-11 12:08:23
CONT2023002280,2023-04-07 09:24:12,2023-04-08 02:02:09
CONT2023002281,2023-04-01 09:15:58,2023-04-11 18:14:45
CONT2023002282,2023-04-02 02:50:23,2023-04-11 03:08:38
CONT2023002283,2023-04-06 20:12:31,2023-04-07 08:28:12
CONT2023002284,2023-04-07 21:04:43,2023-04-09 07:43:11
CONT2023002285,2023-04-03 05:47:00,
CONT2023002286,2023-04-05 11:05:34,2023-04-05 18:43:00
CONT2023002287,2023-04-08 06:11:24,2023-04-08 22:07:01
CONT2023002288,2023-04-01 10:57:43,2023-04-11 21:08:18
CONT2023002289,2023-03-30 14:08:46,
CONT2023002290,2023-03-30 18:40:59,
CONT2023002291,2023-04-08 07:41:53,2023-04-08 14:36:46
CONT2023002292,2023-04-06 21:16:15,2023-04-07 17:10:21
CONT2023002293,2023-04-02 04:53:42,2023-04-11 17:56:31
CONT2023002294,2023-04-04 14:54:25,2023-04-04 20:55:00
CONT2023002295,2023-04-01 13:28:36,2023-04-11 11:50:31
CONT2023002296,2023-04-03 13:00:33,2023-04-11 19:40:49
CONT2023002297,2023-04-06 08:31:25,2023-04-11 22:02:27
CONT2023002298,2023-04-04 20:47:20,2023-04-05 17:25:13
CONT2023002299,2023-03-30 07:48:09,
CONT2023002300,2023-04-06 19:10:40,2023-04-12 06:20:15
CONT2023002301,2023-03-29 20:35:25,2023-03-30 16:11:33
CONT2023002302,2023-04-03 17:17:04,2023-04-04 11:14:45
CONT2023002303,2023-03-30 08:11:37,2023-04-12 06:02:18
CONT2023002304,2023-04-04 13:18:23,2023-04-11 13:10:03
CONT2023002305,2023-03-31 21:48:34,2023-04-01 22:00:04
CONT2023002306,2023-04-01 13:41:28,2023-04-12 00:39:58
CONT2023002307,2023-04-05 01:58:27,2023-04-11 19:51:01
CONT2023002308,2023-04-08 00:22:04,2023-04-12 00:02:50
CONT2023002309,2023-04-02 05:59:32,2023-04-12 01:25:45
CONT2023002310,2023-03-30 16:51:33,
CONT2023002311,2023-03-29 13:08:26,2023-04-11 01:26:44
CONT2023002312,2023-03-30 18:08:45,
CONT2023002313,2023-04-05 13:36:32,2023-04-06 19:58:55
CONT2023002314,2023-03-29 20:40:37,
CONT2023002315,2023-04-09 13:45:51,
CONT2023002316,2023-04-04 16:00:56,2023-04-05 09:16:31
CONT2023002317,2023-04-09 18:06:21,
CONT2023002318,2023-04-09 21:58:13,2023-04-12 00:27:47
CONT2023002319,2023-04-04 00:27:38,2023-04-05 00:57:15
CONT2023002320,2023-04-06 10:20:30,2023-04-07 05:57:34
CONT2023002321,2023-04-02 10:56:21,2023-04-12 00:17:03
CONT2023002322,2023-04-04 19:36:04,2023-04-06 00:58:12
CONT2023002323,2023-04-04 13:58:19,2023-04-05 05:29:43
CONT2023002324,2023-04-04 03:14:56,
CONT2023002325,2023-04-08 15:41:06,2023-04-09 12:18:15
CONT2023002326,2023-04-07 19:44:50,
CONT2023002327,2023-04-07 11:31:32,2023-04-12 00:58:44
CONT2023002328,2023-04-04 15:13:54,2023-04-12 09:43:10
CONT2023002329,2023-03-31 00:57:44,2023-03-31 22:34:42
CONT2023002330,2023-04-07 21:50:02,2023-04-08 09:12:14
CONT2023002331,2023-04-07 18:20:47,2023-04-08 10:20:26
CONT2023002332,2023-03-30 04:50:26,2023-04-12 03:15:09
CONT2023002333,2023-03-29 19:11:22,2023-04-12 19:00:15
CONT2023002334,2023-04-09 01:01:28,2023-04-12 01:55:06
CONT2023002335,2023-04-07 07:23:20,
CONT2023002336,2023-04-02 09:51:12,
CONT2023002337,2023-04-03 10:38:19,2023-04-04 06:53:25
CONT2023002338,2023-04-04 16:29:38,2023-04-05 15:23:24
CONT2023002339,2023-03-30 02:18:29,2023-03-30 18:27:39
CONT2023002340,2023-04-05 00:18:45,
CONT2023002341,2023-04-06 10:47:49,2023-04-13 01:17:14
CONT2023002342,2023-04-08 15:29:44,2023-04-12 09:54:52
CONT2023002343,2023-04-05 00:11:08,2023-04-12 17:58:43
CONT2023002344,2023-03-31 07:30:19,2023-04-12 09:03:01
CONT2023002345,2023-04-03 20:07:41,
CONT2023002346,2023-04-04 20:35:53,2023-04-12 15:44:09
CONT2023002347,2023-04-05 23:46:24,2023-04-13 14:39:13
CONT2023002348,2023-04-05 12:44:54,2023-04-12 03:32:05
CONT2023002349,2023-04-01 04:29:45,2023-04-12 09:33:10
CONT2023002350,2023-03-31 04:47:05,2023-03-31 10:09:47
CONT2023002351,2023-03-31 19:32:15,2023-04-01 20:34:08
CONT2023002352,2023-04-02 07:40:42,2023-04-13 12:02:09
CONT2023002353,2023-03-30 05:33:57,2023-04-12 16:03:48
CONT2023002354,2023-03-31 00:23:34,2023-04-01 06:13:28
CONT2023002355,2023-04-09 07:32:33,2023-04-09 20:10:14
CONT2023002356,2023-04-04 18:34:50,2023-04-11 18:53:08
CONT2023002357,2023-04-02 03:20:39,2023-04-12 21:05:37
CONT2023002358,2023-03-31 06:39:46,2023-04-13 07:47:31
CONT2023002359,2023-04-01 17:06:13,2023-04-02 15:12:45
CONT2023002360,2023-04-09 12:40:40,2023-04-12 10:53:53
CONT2023002361,2023-04-06 19:13:52,2023-04-12 17:25:26
CONT2023002362,2023-03-31 06:15:31,
CONT2023002363,2023-03-31 02:55:54,2023-03-31 15:52:41
CONT2023002364,2023-04-01 07:26:05,2023-04-12 11:50:46
CONT2023002365,2023-04-03 21:40:43,
CONT2023002366,2023-03-30 01:05:43,2023-04-13 01:36:11
CONT2023002367,2023-03-31 03:37:45,2023-03-31 17:26:50
CONT2023002368,2023-04-04 22:46:40,2023-04-13 10:03:51
CONT2023002369,2023-04-09 13:35:23,
CONT2023002370,2023-04-03 16:29:32,
CONT2023002371,2023-04-10 13:39:01,2023-04-11 17:30:55
CONT2023002372,2023-04-06 13:13:48,
CONT2023002373,2023-04-01 11:31:33,2023-04-12 20:13:26
CONT2023002374,2023-04-08 09:17:18,2023-04-13 14:54:30
CONT2023002375,2023-04-03 10:31:59,2023-04-13 11:24:02
CONT2023002376,2023-04-02 12:57:01,2023-04-03 12:37:00
CONT2023002377,2023-03-31 04:45:41,2023-04-13 14:40:58
CONT2023002378,2023-03-31 01:19:50,2023-04-13 03:39:44
CONT2023002379,2023-04-06 18:42:55,
CONT2023002380,2023-04-05 11:20:30,2023-04-13 16:34:03
CONT2023002381,2023-04-08 03:09:16,2023-04-13 04:45:34
CONT2023002382,2023-04-03 10:15:55,2023-04-13 04:40:55
CONT2023002383,2023-04-07 22:32:07,2023-04-13 08:42:45
CONT2023002384,2023-04-02 00:13:42,2023-04-03 01:10:09
CONT2023002385,2023-04-02 08:08:00,2023-04-12 19:36:32
CONT2023002386,2023-04-08 15:28:16,2023-04-13 08:23:59
CONT2023002387,2023-04-04 02:13:24,2023-04-04 16:25:42
CONT2023002388,2023-03-31 10:34:07,2023-04-13 11:44:58
CONT2023002389,2023-04-06 07:29:25,2023-04-07 01:33:28
CONT2023002390,2023-04-01 09:26:38,2023-04-13 20:43:12
CONT2023002391,2023-04-10 18:26:51,2023-04-11 14:29:23
CONT2023002392,2023-04-08 20:31:14,2023-04-09 14:34:23
CONT2023002393,2023-04-03 05:17:28,2023-04-03 21:06:59
CONT2023002394,2023-04-07 04:47:20,2023-04-07 23:07:37
CONT2023002395,2023-04-05 13:05:55,2023-04-14 21:04:07
CONT2023002396,2023-04-07 09:50:50,2023-04-08 10:02:18
CONT2023002397,2023-04-09 02:24:52,2023-04-14 08:30:33
CONT2023002398,2023-04-10 06:21:00,2023-04-10 22:05:06
CONT2023002399,2023-04-01 23:19:09,2023-04-02 23:09:10
CONT2023002400,2023-04-03 21:57:24,2023-04-04 12:14:38
CONT2023002401,2023-04-11 18:57:07,2023-04-12 21:13:31
CONT2023002402,2023-04-06 19:14:35,
CONT2023002403,2023-04-04 17:42:07,2023-04-05 23:40:10
CONT2023002404,2023-04-05 08:19:54,2023-04-13 19:39:39
CONT2023002405,2023-04-07 16:10:34,
CONT2023002406,2023-04-04 19:40:16,2023-04-05 10:55:19
CONT2023002407,2023-04-02 09:16:20,
CONT2023002408,2023-04-02 16:32:20,2023-04-14 11:02:08
CONT2023002409,2023-04-08 13:45:05,2023-04-10 00:16:11
CONT2023002410,2023-04-03 18:31:47,2023-04-14 14:04:58
CONT2023002411,2023-04-06 22:23:08,2023-04-15 06:20:19
CONT2023002412,2023-04-12 04:06:52,
CONT2023002413,2023-04-10 00:45:56,2023-04-11 06:53:57
CONT2023002414,2023-04-12 16:47:42,2023-04-16 06:07:00
CONT2023002415,2023-04-06 16:11:22,2023-04-08 02:06:04
CONT2023002416,2023-04-09 17:20:57,2023-04-10 22:11:57
CONT2023002417,2023-04-09 23:27:54,2023-04-11 05:26:40
CONT2023002418,2023-04-08 02:51:46,2023-04-16 01:06:26
CONT2023002419,2023-04-08 18:25:14,2023-04-16 12:17:44
CONT2023002420,2023-04-10 00:53:40,2023-04-16 08:19:02
CONT2023002421,2023-04-08 12:45:53,2023-04-16 22:38:18
CONT2023002422,2023-04-10 21:05:40,2023-04-11 09:47:20
CONT2023002423,2023-04-11 16:21:46,2023-04-13 03:19:14
CONT2023002424,2023-04-07 09:36:33,2023-04-17 00:14:33
CONT2023002425,2023-04-08 03:07:33,2023-04-15 22:46:59
CONT2023002426,2023-04-04 09:48:05,2023-04-05 17:16:45
CONT2023002427,2023-04-02 22:29:27,2023-04-16 16:29:04
CONT2023002428,2023-04-09 17:17:30,2023-04-15 23:58:21
CONT2023002429,2023-04-05 22:23:12,2023-04-16 01:35:57
CONT2023002430,2023-04-04 21:48:32,2023-04-05 09:03:51
CONT2023002431,2023-04-04 18:59:45,2023-04-05 16:38:23
CONT2023002432,2023-04-06 23:23:40,2023-04-17 04:13:15
CONT2023002433,2023-04-08 23:01:29,2023-04-09 12:51:30
CONT2023002434,2023-04-04 11:25:54,
CONT2023002435,2023-04-07 07:18:21,2023-04-08 12:18:22
CONT2023002436,2023-04-07 06:29:23,2023-04-16 01:45:37
CONT2023002437,2023-04-12 06:41:56,2023-04-16 04:33:26
CONT2023002438,2023-04-14 16:38:22,2023-04-19 01:28:14
CONT2023002439,2023-04-15 02:37:12,2023-04-16 00:55:24
CONT2023002440,2023-04-13 12:36:24,2023-04-19 07:40:36
CONT2023002441,2023-04-08 18:03:02,2023-04-19 05:30:15
CONT2023002442,2023-04-10 15:54:09,2023-04-11 12:26:42
CONT2023002443,2023-04-06 19:51:02,2023-04-07 16:30:53
CONT2023002444,2023-04-16 08:13:57,2023-04-17 06:06:28
CONT2023002445,2023-04-15 00:41:58,
CONT2023002446,2023-04-10 11:54:28,2023-04-11 17:22:22
CONT2023002447,2023-04-15 04:09:46,2023-04-19 14:38:30
CONT2023002448,2023-04-14 06:35:04,2023-04-19 06:46:14
CONT2023002449,2023-04-08 19:33:52,2023-04-09 02:04:28
CONT2023002450,2023-04-08 10:32:38,
CONT2023002451,2023-04-09 07:36:01,2023-04-19 01:42:59
CONT2023002452,2023-04-06 20:03:17,2023-04-07 09:39:44
CONT2023002453,2023-04-15 03:41:07,
CONT2023002454,2023-04-11 19:20:30,2023-04-19 08:12:10
CONT2023002455,2023-04-07 16:46:07,2023-04-08 13:23:17
CONT2023002456,2023-04-05 17:11:40,
CONT2023002457,2023-04-15 13:06:18,2023-04-16 10:12:37
CONT2023002458,2023-04-06 13:28:22,2023-04-06 23:15:47
CONT2023002459,2023-04-06 06:41:51,2023-04-06 16:40:24
CONT2023002460,2023-04-11 22:30:29,2023-04-18 21:23:50
CONT2023002461,2023-04-11 18:13:08,
CONT2023002462,2023-04-16 09:02:23,2023-04-19 06:42:08
CONT2023002463,2023-04-14 19:28:55,2023-04-15 20:55:19
CONT2023002464,2023-04-06 21:59:57,2023-04-19 03:10:51
CONT2023002465,2023-04-06 07:11:32,
CONT2023002466,2023-04-09 05:22:00,2023-04-19 13:20:06
CONT2023002467,2023-04-12 01:25:17,2023-04-12 18:29:56
CONT2023002468,2023-04-10 17:45:24,2023-04-19 03:13:46
CONT2023002469,2023-04-08 08:59:00,2023-04-09 07:05:27
CONT2023002470,2023-04-11 15:45:47,2023-04-12 22:41:50
CONT2023002471,2023-04-11 20:53:01,2023-04-12 19:47:53
CONT2023002472,2023-04-09 17:34:37,2023-04-19 01:52:29
CONT2023002473,2023-04-07 19:40:59,2023-04-19 07:45:21
CONT2023002474,2023-04-08 19:38:38,2023-04-19 07:58:37
CONT2023002475,2023-04-08 18:55:39,2023-04-19 07:23:39
CONT2023002476,2023-04-15 09:58:40,2023-04-15 18:07:17
CONT2023002477,2023-04-15 09:32:54,
CONT2023002478,2023-04-16 07:10:55,2023-04-19 19:27:56
CONT2023002479,2023-04-10 23:38:59,2023-04-19 22:30:08
CONT2023002480,2023-04-09 20:50:47,2023-04-10 15:04:36
CONT2023002481,2023-04-17 19:21:45,2023-04-20 06:35:38
CONT2023002482,2023-04-13 04:05:34,2023-04-14 08:47:01
CONT2023002483,2023-04-13 06:07:19,2023-04-19 19:50:15
CONT2023002484,2023-04-07 22:37:02,2023-04-08 15:45:42
CONT2023002485,2023-04-12 13:36:46,
CONT2023002486,2023-04-14 01:25:07,2023-04-20 10:39:27
CONT2023002487,2023-04-15 04:15:09,2023-04-21 18:59:26
CONT2023002488,2023-04-10 16:59:58,2023-04-21 10:22:24
CONT2023002489,2023-04-11 04:23:26,2023-04-11 18:12:00
CONT2023002490,2023-04-15 12:24:38,2023-04-16 07:31:36
CONT2023002491,2023-04-09 19:52:12,2023-04-10 06:32:29
CONT2023002492,2023-04-11 02:47:46,
CONT2023002493,2023-04-11 03:51:47,2023-04-11 20:06:57
CONT2023002494,2023-04-13 22:14:10,2023-04-14 14:55:03
CONT2023002495,2023-04-13 05:27:01,
CONT2023002496,2023-04-16 10:56:51,
CONT2023002497,2023-04-11 21:03:42,
CONT2023002498,2023-04-10 13:28:46,2023-04-20 21:12:07
CONT2023002499,2023-04-10 05:22:23,
CONT2023002500,2023-04-09 22:44:24,2023-04-10 21:16:13
CONT2023002501,2023-04-12 23:19:36,2023-04-21 05:45:44
CONT2023002502,2023-04-07 00:36:04,2023-04-08 03:30:20
CONT2023002503,2023-04-17 15:25:13,2023-04-18 10:50:09
CONT2023002504,2023-04-16 20:08:23,2023-04-17 05:45:03
CONT2023002505,2023-04-14 15:06:10,2023-04-15 13:19:07
CONT2023002506,2023-04-14 23:54:37,2023-04-15 09:53:52
CONT2023002507,2023-04-16 02:51:26,2023-04-20 12:24:03
CONT2023002508,2023-04-15 01:38:26,2023-04-16 09:11:32
CONT2023002509,2023-04-14 18:32:45,2023-04-21 08:18:46
CONT2023002510,2023-04-13 22:42:53,2023-04-14 09:49:41
CONT2023002511,2023-04-17 04:39:25,2023-04-21 04:05:39
CONT2023002512,2023-04-08 12:02:02,2023-04-09 12:10:54
CONT2023002513,2023-04-10 16:04:19,2023-04-21 03:10:42
CONT2023002514,2023-04-09 11:17:05,
CONT2023002515,2023-04-15 17:57:58,2023-04-21 12:47:13
CONT2023002516,2023-04-17 07:07:22,2023-04-20 21:10:37
CONT2023002517,2023-04-17 08:26:22,2023-04-18 00:40:24
CONT2023002518,2023-04-11 01:22:16,2023-04-11 22:44:11
CONT2023002519,2023-04-07 16:30:07,2023-04-21 06:56:14
CONT2023002520,2023-04-11 16:51:29,2023-04-20 09:07:51
CONT2023002521,2023-04-12 01:17:05,2023-04-12 12:03:23
CONT2023002522,2023-04-08 21:38:25,2023-04-21 03:06:46
CONT2023002523,2023-04-12 04:22:28,2023-04-13 09:03:11
CONT2023002524,2023-04-08 11:32:46,2023-04-09 03:05:51
CONT2023002525,2023-04-12 07:33:57,2023-04-21 14:44:37
CONT2023002526,2023-04-16 07:08:16,2023-04-21 23:28:26
CONT2023002527,2023-04-09 22:18:08,2023-04-20 23:23:48
CONT2023002528,2023-04-18 12:43:02,
CONT2023002529,2023-04-13 11:11:30,2023-04-20 13:43:31
CONT2023002530,2023-04-18 07:50:43,2023-04-21 20:59:15
CONT2023002531,2023-04-10 03:52:58,2023-04-11 01:57:08
CONT2023002532,2023-04-14 20:51:35,2023-04-15 17:44:43
CONT2023002533,2023-04-10 05:37:11,2023-04-11 16:11:49
CONT2023002534,2023-04-17 20:15:21,2023-04-19 07:10:19
CONT2023002535,2023-04-12 01:27:09,2023-04-21 11:18:53
CONT2023002536,2023-04-14 05:09:00,2023-04-15 04:43:49
CONT2023002537,2023-04-08 21:28:03,2023-04-21 16:49:21
CONT2023002538,2023-04-13 14:42:03,
CONT2023002539,2023-04-13 01:45:04,
CONT2023002540,2023-04-11 03:17:33,2023-04-24 17:05:47
CONT2023002541,2023-04-12 15:06:19,2023-04-13 12:15:33
CONT2023002542,2023-04-21 17:24:21,2023-04-24 17:12:52
CONT2023002543,2023-04-21 04:09:42,2023-04-24 23:32:57
CONT2023002544,2023-04-21 20:31:08,2023-04-24 17:41:55
CONT2023002545,2023-04-11 12:12:50,2023-04-12 06:34:21
CONT2023002546,2023-04-14 22:55:46,2023-04-15 14:16:07
CONT2023002547,2023-04-12 09:00:25,2023-04-13 02:43:37
CONT2023002548,2023-04-21 21:40:03,2023-04-25 05:18:35
CONT2023002549,2023-04-16 15:27:46,2023-04-25 07:13:04
CONT2023002550,2023-04-13 13:28:08,2023-04-14 16:34:24
CONT2023002551,2023-04-19 21:45:25,2023-04-24 22:23:02
CONT2023002552,2023-04-14 00:17:56,2023-04-14 23:47:35
CONT2023002553,2023-04-15 03:25:26,2023-04-25 05:42:25
CONT2023002554,2023-04-22 00:57:06,2023-04-22 10:09:26
CONT2023002555,2023-04-17 00:44:29,2023-04-25 02:30:18
CONT2023002556,2023-04-22 17:00:30,
CONT2023002557,2023-04-15 02:09:05,
CONT2023002558,2023-04-13 16:36:49,2023-04-14 02:09:48
CONT2023002559,2023-04-17 04:31:58,2023-04-25 10:53:32
CONT2023002560,2023-04-13 03:56:04,2023-04-14 00:17:46
CONT2023002561,2023-04-20 17:31:13,
CONT2023002562,2023-04-18 10:00:54,
CONT2023002563,2023-04-21 11:00:24,2023-04-25 00:51:11
CONT2023002564,2023-04-17 23:21:31,
CONT2023002565,2023-04-13 04:24:21,2023-04-13 13:50:37
CONT2023002566,2023-04-14 23:06:26,2023-04-25 04:45:49
CONT2023002567,2023-04-15 10:01:52,2023-04-16 12:07:09
CONT2023002568,2023-04-18 10:27:12,2023-04-19 05:13:02
CONT2023002569,2023-04-21 21:07:00,2023-04-25 12:13:29
CONT2023002570,2023-04-20 11:11:32,2023-04-25 01:25:02
CONT2023002571,2023-04-22 06:50:41,2023-04-23 01:09:01
CONT2023002572,2023-04-21 21:43:33,
CONT2023002573,2023-04-21 01:51:18,2023-04-22 05:59:52
CONT2023002574,2023-04-18 08:06:29,
CONT2023002575,2023-04-20 13:27:28,2023-04-21 16:30:33
CONT2023002576,2023-04-13 01:22:34,2023-04-13 15:53:43
CONT2023002577,2023-04-18 23:52:25,2023-04-19 11:36:50
CONT2023002578,2023-04-20 23:29:39,2023-04-25 13:36:40
CONT2023002579,2023-04-13 02:58:20,2023-04-25 05:07:27
CONT2023002580,2023-04-21 09:51:57,
CONT2023002581,2023-04-17 10:55:37,2023-04-25 04:24:54
CONT2023002582,2023-04-19 09:58:57,2023-04-19 18:29:35
CONT2023002583,2023-04-12 13:00:11,2023-04-24 22:14:52
CONT2023002584,2023-04-19 03:37:01,
CONT2023002585,2023-04-20 07:04:30,2023-04-21 15:20:34
CONT2023002586,2023-04-13 20:03:53,2023-04-15 03:14:28
CONT2023002587,2023-04-11 12:09:08,2023-04-12 05:38:54
CONT2023002588,2023-04-17 13:58:19,2023-04-25 10:46:28
CONT2023002589,2023-04-20 03:20:31,
CONT2023002590,2023-04-17 22:10:55,2023-04-18 22:38:19
CONT2023002591,2023-04-15 18:07:42,2023-04-25 01:42:42
CONT2023002592,2023-04-21 14:38:29,2023-04-22 08:23:58
CONT2023002593,2023-04-20 04:44:23,2023-04-21 07:43:53
CONT2023002594,2023-04-13 05:15:04,2023-04-25 00:52:11
CONT2023002595,2023-04-14 06:37:11,2023-04-15 08:25:04
CONT2023002596,2023-04-15 11:33:48,2023-04-24 23:23:56
CONT2023002597,2023-04-13 20:28:24,2023-04-25 08:02:24
CONT2023002598,2023-04-21 07:12:36,2023-04-25 01:28:15
CONT2023002599,2023-04-13 01:32:32,
CONT2023002600,2023-04-21 18:35:42,2023-04-22 20:06:56
CONT2023002601,2023-04-20 22:49:45,
CONT2023002602,2023-04-12 10:36:07,2023-04-26 02:29:18
CONT2023002603,2023-04-15 06:19:35,2023-04-15 21:39:38
CONT2023002604,2023-04-15 23:30:46,2023-04-26 03:27:27
CONT2023002605,2023-04-22 14:00:18,2023-04-23 10:10:33
CONT2023002606,2023-04-14 06:26:52,
CONT2023002607,2023-04-15 06:14:44,
CONT2023002608,2023-04-20 14:26:09,2023-04-25 13:06:53
CONT2023002609,2023-04-16 06:17:19,2023-04-25 07:53:20
CONT2023002610,2023-04-15 02:08:39,2023-04-16 11:48:29
CONT2023002611,2023-04-20 15:28:42,
CONT2023002612,2023-04-15 02:32:56,
CONT2023002613,2023-04-15 02:28:20,2023-04-16 02:55:03
CONT2023002614,2023-04-22 05:45:05,2023-04-22 20:16:17
CONT2023002615,2023-04-18 11:12:12,2023-04-19 09:16:40
CONT2023002616,2023-04-22 12:15:25,2023-04-26 03:14:31
CONT2023002617,2023-04-19 18:31:55,2023-04-24 20:58:00
CONT2023002618,2023-04-14 10:46:21,2023-04-25 23:50:33
CONT2023002619,2023-04-13 05:37:47,2023-04-13 19:31:15
CONT2023002620,2023-04-19 16:16:45,2023-04-20 05:17:45
CONT2023002621,2023-04-22 21:51:18,2023-04-26 02:42:03
CONT2023002622,2023-04-16 13:57:46,
CONT2023002623,2023-04-13 23:49:07,2023-04-25 20:10:13
CONT2023002624,2023-04-20 09:09:43,2023-04-26 05:43:23
CONT2023002625,2023-04-22 12:03:03,2023-04-25 23:09:40
CONT2023002626,2023-04-12 08:09:52,2023-04-13 02:52:45
CONT2023002627,2023-04-16 08:02:39,
CONT2023002628,2023-04-14 12:26:47,2023-04-26 10:37:55
CONT2023002629,2023-04-21 12:51:23,2023-04-22 09:54:30
CONT2023002630,2023-04-14 18:55:48,2023-04-15 10:46:23
CONT2023002631,2023-04-19 14:00:48,2023-04-26 17:03:44
CONT2023002632,2023-04-21 17:07:54,2023-04-22 01:40:04
CONT2023002633,2023-04-21 06:08:24,2023-04-22 03:53:04
CONT2023002634,2023-04-19 00:18:40,2023-04-25 10:54:03
CONT2023002635,2023-04-14 23:00:14,2023-04-15 16:19:00
CONT2023002636,2023-04-22 11:31:53,2023-04-25 23:48:56
CONT2023002637,2023-04-16 18:52:21,
CONT2023002638,2023-04-22 16:23:54,2023-04-25 22:07:23
CONT2023002639,2023-04-16 11:29:46,2023-04-26 03:03:39
CONT2023002640,2023-04-17 07:21:42,2023-04-25 00:52:37
CONT2023002641,2023-04-16 12:21:37,
CONT2023002642,2023-04-15 09:44:30,2023-04-25 13:53:09
CONT2023002643,2023-04-17 20:28:09,2023-04-24 21:08:22
CONT2023002644,2023-04-18 11:03:08,2023-04-19 09:34:08
CONT2023002645,2023-04-15 23:21:10,2023-04-16 21:57:40
CONT2023002646,2023-04-22 23:48:49,2023-04-26 14:45:53
CONT2023002647,2023-04-17 05:35:36,2023-04-25 17:11:16
CONT2023002648,2023-04-12 19:33:21,
CONT2023002649,2023-04-19 20:55:52,2023-04-26 10:48:57
CONT2023002650,2023-04-19 22:33:08,2023-04-20 19:59:51
CONT2023002651,2023-04-20 03:15:11,2023-04-25 19:59:49
CONT2023002652,2023-04-14 11:48:49,2023-04-26 17:28:02
CONT2023002653,2023-04-13 01:16:51,2023-04-13 05:16:51
CONT2023002654,2023-04-17 03:27:58,2023-04-18 05:34:54
CONT2023002655,2023-04-22 17:50:03,2023-04-26 08:16:40
CONT2023002656,2023-04-14 00:30:00,
CONT2023002657,2023-04-20 16:20:08,2023-04-26 03:21:10
CONT2023002658,2023-04-19 12:23:42,
CONT2023002659,2023-04-20 05:12:33,
CONT2023002660,2023-04-23 20:08:13,
CONT2023002661,2023-04-19 23:20:01,2023-04-20 14:22:17
CONT2023002662,2023-04-18 11:12:33,2023-04-19 15:24:16
CONT2023002663,2023-04-15 01:53:07,
CONT2023002664,2023-04-17 15:46:09,2023-04-26 20:42:04
CONT2023002665,2023-04-19 00:46:14,2023-04-27 13:16:34
CONT2023002666,2023-04-21 03:30:12,
CONT2023002667,2023-04-15 21:22:14,2023-04-16 15:02:19
CONT2023002668,2023-04-16 18:09:08,2023-04-17 07:01:15
CONT2023002669,2023-04-22 15:13:12,2023-04-26 20:05:28
CONT2023002670,2023-04-21 13:20:15,2023-04-21 23:59:29
CONT2023002671,2023-04-15 06:26:20,2023-04-27 03:11:51
CONT2023002672,2023-04-23 12:42:40,2023-04-26 21:06:13
CONT2023002673,2023-04-18 05:40:53,2023-04-19 10:51:06
CONT2023002674,2023-04-15 20:04:40,
CONT2023002675,2023-04-14 13:38:59,2023-04-15 05:56:36
CONT2023002676,2023-04-23 14:07:40,2023-04-24 14:29:08
CONT2023002677,2023-04-14 18:31:25,
CONT2023002678,2023-04-24 17:58:59,2023-04-25 19:37:40
CONT2023002679,2023-04-19 18:38:29,2023-04-29 10:26:23
CONT2023002680,2023-04-16 04:36:49,2023-04-29 14:05:04
CONT2023002681,2023-04-23 12:16:38,2023-04-24 09:33:37
CONT2023002682,2023-04-26 01:59:57,2023-04-28 04:33:22
CONT2023002683,2023-04-18 16:48:12,
CONT2023002684,2023-04-25 17:29:39,2023-04-29 02:06:24
CONT2023002685,2023-04-20 23:48:14,2023-04-29 04:13:30
CONT2023002686,2023-04-17 13:48:32,2023-04-30 05:11:58
CONT2023002687,2023-04-16 15:44:28,2023-04-17 10:54:24
CONT2023002688,2023-04-24 06:48:21,2023-04-25 09:34:58
CONT2023002689,2023-04-21 09:17:53,2023-04-22 13:37:33
CONT2023002690,2023-04-24 02:09:11,
CONT2023002691,2023-04-19 23:28:42,2023-04-28 13:49:44
CONT2023002692,2023-04-16 00:52:05,2023-04-17 08:18:32
CONT2023002693,2023-04-16 20:36:19,2023-04-28 08:46:24
CONT2023002694,2023-04-16 00:34:48,2023-04-17 14:56:43
CONT2023002695,2023-04-24 05:41:33,2023-04-29 13:53:40
CONT2023002696,2023-04-18 15:04:49,2023-04-19 22:46:30
CONT2023002697,2023-04-19 00:21:55,2023-04-29 09:17:55
CONT2023002698,2023-04-18 19:44:12,
CONT2023002699,2023-04-20 04:48:43,2023-04-28 22:21:43
CONT2023002700,2023-04-18 13:13:19,2023-04-19 04:26:21
CONT2023002701,2023-04-17 14:32:22,2023-04-18 02:45:26
CONT2023002702,2023-04-16 13:59:47,
CONT2023002703,2023-04-18 21:47:21,2023-04-29 12:43:39
CONT2023002704,2023-04-23 17:34:47,2023-04-28 20:03:33
CONT2023002705,2023-04-16 05:36:41,
CONT2023002706,2023-04-23 18:27:52,2023-04-24 14:54:30
CONT2023002707,2023-04-17 00:06:14,2023-04-17 19:48:41
CONT2023002708,2023-04-23 20:19:43,2023-04-24 11:21:01
CONT2023002709,2023-04-21 01:12:31,2023-04-21 19:25:19
CONT2023002710,2023-04-24 19:11:29,2023-04-28 20:40:10
CONT2023002711,2023-04-22 12:31:33,2023-04-28 22:47:07
CONT2023002712,2023-04-19 14:45:21,2023-04-28 14:15:11
CONT2023002713,2023-04-23 07:39:21,2023-04-29 09:55:04
CONT2023002714,2023-04-25 23:48:42,2023-04-26 17:18:01
CONT2023002715,2023-04-25 19:30:07,2023-04-29 09:07:18
CONT2023002716,2023-04-22 15:21:08,2023-04-22 22:58:04
CONT2023002717,2023-04-22 22:22:50,2023-04-28 08:22:22
CONT2023002718,2023-04-16 04:10:13,2023-04-29 03:46:36
CONT2023002719,2023-04-19 17:35:25,2023-04-29 02:20:30
CONT2023002720,2023-04-25 10:29:02,2023-04-29 12:45:26
CONT2023002721,2023-04-26 00:16:09,
CONT2023002722,2023-04-24 08:39:08,2023-04-25 07:49:48
CONT2023002723,2023-04-21 07:05:40,2023-04-28 12:14:54
CONT2023002724,2023-04-17 15:51:46,2023-04-30 05:45:34
CONT2023002725,2023-04-20 07:45:50,2023-04-29 20:47:57
CONT2023002726,2023-04-26 21:14:03,
CONT2023002727,2023-04-16 23:33:40,2023-04-17 10:05:27
CONT2023002728,2023-04-21 02:30:24,2023-04-30 08:38:20
CONT2023002729,2023-04-22 22:02:26,
CONT2023002730,2023-04-25 02:22:39,2023-04-25 18:21:36
CONT2023002731,2023-04-19 09:36:48,2023-04-20 07:57:03
CONT2023002732,2023-04-19 21:25:59,2023-04-20 21:50:52
CONT2023002733,2023-04-17 03:20:58,2023-04-29 14:09:51
CONT2023002734,2023-04-19 16:00:04,2023-04-30 00:12:42
CONT2023002735,2023-04-16 12:56:12,2023-04-17 10:31:52
CONT2023002736,2023-04-23 21:30:54,2023-04-30 04:09:51
CONT2023002737,2023-04-18 23:06:58,2023-04-19 13:32:36
CONT2023002738,2023-04-16 06:43:48,2023-04-16 20:30:01
CONT2023002739,2023-04-18 21:20:57,2023-04-19 16:43:27
CONT2023002740,2023-04-18 06:25:43,2023-04-29 19:45:32
CONT2023002741,2023-04-21 22:14:39,
CONT2023002742,2023-04-25 18:26:55,2023-05-03 13:26:23
CONT2023002743,2023-04-25 10:17:54,2023-05-04 03:26:32
CONT2023002744,2023-04-22 05:57:09,2023-04-23 12:55:23
CONT2023002745,2023-04-25 14:27:53,
CONT2023002746,2023-04-19 21:52:36,2023-04-21 02:56:34
CONT2023002747,2023-04-29 10:23:14,2023-05-03 02:23:34
CONT2023002748,2023-04-25 08:09:52,2023-05-04 08:09:00
CONT2023002749,2023-04-24 15:40:58,2023-05-03 08:03:44
CONT2023002750,2023-04-21 01:47:59,
CONT2023002751,2023-04-30 18:45:21,2023-05-03 07:48:12
CONT2023002752,2023-04-26 04:04:03,2023-05-04 06:11:05
CONT2023002753,2023-04-22 10:35:36,
CONT2023002754,2023-04-29 22:58:03,2023-04-30 20:17:51
CONT2023002755,2023-04-20 23:21:12,2023-04-22 04:23:20
CONT2023002756,2023-04-27 02:49:53,2023-05-04 11:44:21
CONT2023002757,2023-04-27 02:48:11,2023-04-27 20:41:35
CONT2023002758,2023-04-21 18:11:26,
CONT2023002759,2023-04-20 01:20:31,2023-05-03 10:52:11
CONT2023002760,2023-04-23 08:08:58,2023-05-04 03:57:47
CONT2023002761,2023-04-28 15:38:31,2023-05-03 16:18:12
CONT2023002762,2023-04-21 00:46:33,2023-05-04 01:08:02
CONT2023002763,2023-04-25 19:09:24,2023-04-26 21:15:36
CONT2023002764,2023-04-27 04:52:19,2023-05-03 03:57:47
CONT2023002765,2023-04-30 02:39:16,2023-05-03 14:42:32
CONT2023002766,2023-04-29 15:07:56,2023-05-04 05:16:35
CONT2023002767,2023-04-20 07:50:52,2023-04-20 23:18:02
CONT2023002768,2023-04-20 21:36:12,2023-05-03 09:13:33
CONT2023002769,2023-04-21 14:43:45,2023-05-04 01:43:40
CONT2023002770,2023-04-27 11:53:51,2023-04-28 15:17:03
CONT2023002771,2023-04-28 15:24:25,2023-05-03 17:18:20
CONT2023002772,2023-04-25 11:32:34,2023-05-03 23:07:54
CONT2023002773,2023-04-20 16:09:43,2023-04-21 11:59:11
CONT2023002774,2023-04-23 18:36:04,2023-04-25 00:15:57
CONT2023002775,2023-04-26 09:32:51,2023-05-04 08:32:34
CONT2023002776,2023-05-01 02:19:34,
CONT2023002777,2023-04-23 21:05:13,2023-05-03 16:30:19
CONT2023002778,2023-04-22 00:04:38,2023-04-23 01:15:36
CONT2023002779,2023-04-25 13:02:22,2023-05-04 02:24:58
CONT2023002780,2023-04-21 20:06:27,2023-05-03 22:23:00
CONT2023002781,2023-04-20 09:39:17,2023-05-04 06:05:28
CONT2023002782,2023-04-26 07:03:00,2023-05-03 07:54:04
CONT2023002783,2023-05-01 14:16:06,
CONT2023002784,2023-04-20 15:27:00,2023-04-21 20:52:38
CONT2023002785,2023-04-26 20:34:40,2023-04-27 15:34:22
CONT2023002786,2023-04-24 11:50:50,2023-05-03 23:05:31
CONT2023002787,2023-04-28 10:07:19,2023-05-04 00:41:49
CONT2023002788,2023-04-26 23:17:50,2023-04-27 16:09:55
CONT2023002789,2023-04-24 08:47:06,2023-04-24 23:09:08
CONT2023002790,2023-04-28 22:51:38,2023-04-29 13:31:53
CONT2023002791,2023-04-26 17:56:04,2023-05-04 08:50:08
CONT2023002792,2023-04-26 19:49:56,2023-04-27 19:13:08
CONT2023002793,2023-04-29 05:25:42,2023-05-03 17:31:40
CONT2023002794,2023-04-23 21:09:47,2023-04-25 03:20:24
CONT2023002795,2023-04-26 02:24:06,2023-05-03 07:53:08
CONT2023002796,2023-04-28 05:54:00,2023-05-04 09:41:46
CONT2023002797,2023-04-23 07:16:13,2023-05-03 18:51:10
CONT2023002798,2023-04-28 10:03:07,2023-05-03 18:01:03
CONT2023002799,2023-04-20 08:08:15,
CONT2023002800,2023-04-23 21:36:44,2023-05-03 17:13:08
CONT2023002801,2023-04-25 07:28:00,2023-04-26 17:17:34
CONT2023002802,2023-04-24 15:42:11,
CONT2023002803,2023-04-26 12:22:54,
CONT2023002804,2023-04-21 10:20:39,2023-05-03 22:16:29
CONT2023002805,2023-04-28 12:24:56,2023-04-29 15:17:08
CONT2023002806,2023-05-01 03:44:41,2023-05-01 19:18:35
CONT2023002807,2023-05-01 20:17:18,2023-05-02 06:17:34
CONT2023002808,2023-05-01 04:52:47,2023-05-04 21:25:01
CONT2023002809,2023-04-23 12:17:43,
CONT2023002810,2023-04-24 10:12:11,2023-05-04 23:02:05
CONT2023002811,2023-04-24 01:02:54,2023-05-05 01:46:30
CONT2023002812,2023-04-29 15:12:05,2023-05-05 03:24:07
CONT2023002813,2023-04-22 05:50:01,2023-04-22 21:20:17
CONT2023002814,2023-04-23 14:51:16,2023-05-04 17:04:50
CONT2023002815,2023-04-24 01:14:18,2023-04-24 17:13:12
CONT2023002816,2023-05-01 14:06:31,2023-05-02 20:54:17
CONT2023002817,2023-04-27 05:21:25,2023-04-28 02:44:54
CONT2023002818,2023-04-27 01:44:49,
CONT2023002819,2023-04-28 16:18:24,2023-05-04 11:34:52
CONT2023002820,2023-04-22 08:54:27,
CONT2023002821,2023-04-24 10:50:33,2023-04-24 22:10:10
CONT2023002822,2023-04-24 08:47:17,2023-05-04 18:59:52
CONT2023002823,2023-04-26 02:07:16,2023-05-05 11:38:15
CONT2023002824,2023-05-01 01:53:50,2023-05-05 03:59:58
CONT2023002825,2023-04-27 08:18:01,2023-04-28 08:45:01
CONT2023002826,2023-04-29 20:26:35,2023-05-05 12:15:20
CONT2023002827,2023-04-22 15:22:49,2023-04-23 04:57:11
CONT2023002828,2023-04-24 15:13:49,2023-04-25 17:27:20
CONT2023002829,2023-04-22 06:31:34,2023-04-22 14:27:39
CONT2023002830,2023-05-01 03:16:54,2023-05-05 06:42:41
CONT2023002831,2023-05-02 10:53:52,2023-05-05 13:19:41
CONT2023002832,2023-05-01 18:56:07,2023-05-02 23:48:28
CONT2023002833,2023-04-23 08:56:13,
CONT2023002834,2023-04-24 18:54:10,2023-04-25 17:16:30
CONT2023002835,2023-04-29 00:58:46,2023-05-05 20:36:44
CONT2023002836,2023-04-22 21:48:00,2023-04-23 18:30:07
CONT2023002837,2023-05-01 06:04:23,2023-05-05 04:59:41
CONT2023002838,2023-04-23 02:14:49,
CONT2023002839,2023-04-26 07:51:24,2023-04-27 05:38:41
CONT2023002840,2023-04-24 09:40:29,2023-05-05 19:02:28
CONT2023002841,2023-04-28 05:00:54,2023-05-05 18:04:43
CONT2023002842,2023-04-26 13:56:39,
CONT2023002843,2023-04-22 01:15:12,2023-05-05 12:14:10
CONT2023002844,2023-05-01 18:50:01,2023-05-02 22:08:02
CONT2023002845,2023-04-24 11:21:56,2023-04-26 04:44:36
CONT2023002846,2023-04-24 01:51:06,2023-05-05 16:42:40
CONT2023002847,2023-04-27 14:48:25,2023-05-04 12:52:14
CONT2023002848,2023-04-26 15:52:46,2023-05-05 12:05:38
CONT2023002849,2023-05-02 03:51:22,
CONT2023002850,2023-04-30 18:58:52,2023-05-01 06:49:02
CONT2023002851,2023-04-26 22:06:29,2023-04-28 02:14:23
CONT2023002852,2023-04-30 04:01:44,2023-05-01 05:27:25
CONT2023002853,2023-04-29 14:48:26,2023-04-30 18:38:29
CONT2023002854,2023-04-28 00:21:35,2023-05-05 17:08:38
CONT2023002855,2023-04-28 14:09:16,2023-04-29 13:37:25
CONT2023002856,2023-05-03 22:11:50,2023-05-04 22:46:43
CONT2023002857,2023-04-30 09:53:43,2023-05-06 13:28:07
CONT2023002858,2023-05-01 17:03:54,2023-05-06 17:26:08
CONT2023002859,2023-04-27 01:55:54,2023-05-07 03:19:44
CONT2023002860,2023-04-23 16:49:42,2023-05-05 13:06:31
CONT2023002861,2023-04-23 20:25:02,2023-04-24 07:32:58
CONT2023002862,2023-04-29 10:16:15,2023-04-29 20:03:46
CONT2023002863,2023-04-29 16:23:55,2023-04-30 16:21:24
CONT2023002864,2023-04-28 08:01:35,2023-04-29 12:00:01
CONT2023002865,2023-05-02 08:52:51,2023-05-06 12:28:41
CONT2023002866,2023-04-24 05:47:31,2023-04-24 10:39:04
CONT2023002867,2023-04-28 09:08:26,
CONT2023002868,2023-04-26 02:53:52,
CONT2023002869,2023-04-24 11:05:44,2023-05-06 16:02:52
CONT2023002870,2023-05-01 07:56:38,
CONT2023002871,2023-04-30 06:29:45,2023-05-06 17:28:07
CONT2023002872,2023-05-01 00:16:41,2023-05-01 16:41:16
CONT2023002873,2023-04-25 23:39:08,2023-05-06 18:35:24
CONT2023002874,2023-04-27 13:44:10,2023-04-28 07:23:45
CONT2023002875,2023-04-30 14:45:43,
CONT2023002876,2023-04-29 12:20:26,2023-04-29 22:15:58
CONT2023002877,2023-05-03 07:31:20,2023-05-06 14:52:31
CONT2023002878,2023-04-29 19:25:33,2023-04-30 17:38:58
CONT2023002879,2023-05-01 00:08:34,2023-05-06 06:16:15
CONT2023002880,2023-04-27 12:34:40,2023-04-28 07:15:43
CONT2023002881,2023-04-29 21:29:46,
CONT2023002882,2023-05-01 01:32:42,2023-05-02 01:47:05
CONT2023002883,2023-04-28 14:28:41,2023-05-07 16:55:28
CONT2023002884,2023-04-26 22:10:42,2023-04-27 14:06:28
CONT2023002885,2023-05-02 15:11:39,2023-05-03 17:15:32
CONT2023002886,2023-04-28 13:54:52,2023-05-07 02:48:30
CONT2023002887,2023-05-03 07:12:43,
CONT2023002888,2023-04-27 20:08:00,2023-04-28 17:44:03
CONT2023002889,2023-05-05 14:08:00,2023-05-06 11:43:13
CONT2023002890,2023-05-01 14:26:12,2023-05-02 15:42:23
CONT2023002891,2023-04-26 00:37:18,2023-05-09 10:14:23
CONT2023002892,2023-05-03 23:51:19,2023-05-05 01:13:07
CONT2023002893,2023-04-29 10:30:10,2023-05-10 01:56:15
CONT2023002894,2023-05-01 09:35:45,2023-05-09 11:39:30
CONT2023002895,2023-04-27 09:06:23,2023-05-09 19:56:00
CONT2023002896,2023-05-04 21:42:44,2023-05-05 22:06:20
CONT2023002897,2023-04-26 02:43:14,2023-05-09 02:45:21
CONT2023002898,2023-05-02 06:54:59,2023-05-11 10:05:21
CONT2023002899,2023-05-01 04:40:00,2023-05-02 12:18:29
CONT2023002900,2023-05-05 08:11:36,2023-05-05 22:54:44
CONT2023002901,2023-05-04 22:29:04,
CONT2023002902,2023-04-27 09:23:30,2023-05-10 01:06:47
CONT2023002903,2023-05-03 09:11:21,2023-05-10 05:32:59
CONT2023002904,2023-04-27 19:19:30,
CONT2023002905,2023-04-30 07:53:00,2023-05-11 02:43:12
CONT2023002906,2023-05-01 05:27:56,2023-05-09 12:53:10
CONT2023002907,2023-04-28 01:24:59,2023-04-28 06:08:43
CONT2023002908,2023-05-06 06:26:15,2023-05-06 20:43:16
CONT2023002909,2023-04-29 13:47:55,2023-05-10 08:09:36
CONT2023002910,2023-05-05 13:39:49,2023-05-06 11:08:36
CONT2023002911,2023-04-29 04:15:13,
CONT2023002912,2023-04-29 17:37:02,2023-05-10 18:28:48
CONT2023002913,2023-05-06 03:57:25,2023-05-06 19:27:05
CONT2023002914,2023-04-27 17:43:32,2023-05-09 18:11:57
CONT2023002915,2023-04-27 07:21:00,2023-05-11 01:11:37
CONT2023002916,2023-05-06 21:24:45,2023-05-08 01:51:50
CONT2023002917,2023-05-05 04:04:07,2023-05-06 03:45:47
CONT2023002918,2023-04-29 09:37:11,2023-05-10 15:36:41
CONT2023002919,2023-04-27 11:07:32,2023-05-10 22:20:33
CONT2023002920,2023-05-02 01:39:15,2023-05-10 11:05:02
CONT2023002921,2023-05-07 16:18:33,
CONT2023002922,2023-05-05 15:49:55,2023-05-10 02:38:04
CONT2023002923,2023-05-01 09:00:47,
CONT2023002924,2023-04-29 07:49:43,2023-05-10 14:07:26
CONT2023002925,2023-05-04 03:59:25,2023-05-10 19:31:01
CONT2023002926,2023-05-06 20:53:12,
CONT2023002927,2023-04-30 07:35:22,2023-05-10 18:46:38
CONT2023002928,2023-04-29 11:50:41,2023-04-30 04:48:36
CONT2023002929,2023-04-29 03:50:43,2023-04-30 03:51:46
CONT2023002930,2023-05-03 23:50:23,2023-05-11 06:35:30
CONT2023002931,2023-05-05 09:15:29,2023-05-06 08:21:14
CONT2023002932,2023-04-28 14:56:47,2023-05-10 06:25:01
CONT2023002933,2023-04-30 01:12:50,2023-05-10 23:36:39
CONT2023002934,2023-04-30 03:22:39,
CONT2023002935,2023-04-30 15:35:21,2023-05-10 04:19:00
CONT2023002936,2023-05-05 03:18:25,
CONT2023002937,2023-05-02 10:50:16,2023-05-10 23:37:03
CONT2023002938,2023-05-07 21:59:36,2023-05-08 17:07:37
CONT2023002939,2023-05-06 02:17:19,2023-05-07 00:53:36
CONT2023002940,2023-05-04 15:59:37,2023-05-11 23:57:46
CONT2023002941,2023-05-01 21:18:25,2023-05-12 06:28:27
CONT2023002942,2023-05-07 03:35:47,2023-05-12 10:30:38
CONT2023002943,2023-05-08 16:21:26,2023-05-12 04:57:17
CONT2023002944,2023-05-08 02:07:06,2023-05-11 18:29:29
CONT2023002945,2023-05-06 19:04:46,
CONT2023002946,2023-04-29 15:17:54,2023-04-30 16:04:39
CONT2023002947,2023-05-09 17:21:46,2023-05-12 13:49:59
CONT2023002948,2023-05-06 18:42:56,
CONT2023002949,2023-04-29 02:46:39,
CONT2023002950,2023-05-09 13:04:53,2023-05-12 01:44:49
CONT2023002951,2023-05-09 05:24:49,
CONT2023002952,2023-05-01 06:20:32,2023-05-13 00:30:10
CONT2023002953,2023-05-08 03:00:05,2023-05-09 08:01:52
CONT2023002954,2023-05-05 20:25:39,
CONT2023002955,2023-05-02 08:33:51,
CONT2023002956,2023-05-04 11:16:06,2023-05-12 10:17:44
CONT2023002957,2023-05-01 15:54:02,2023-05-12 15:23:55
CONT2023002958,2023-05-06 11:00:23,2023-05-11 20:53:28
CONT2023002959,2023-05-04 15:45:59,
CONT2023002960,2023-05-07 02:51:13,
CONT2023002961,2023-04-30 07:00:08,2023-05-01 13:55:53
CONT2023002962,2023-05-06 15:36:15,2023-05-07 10:42:31
CONT2023002963,2023-05-08 00:36:00,
CONT2023002964,2023-05-07 23:57:14,2023-05-08 16:07:55
CONT2023002965,2023-05-09 06:44:45,2023-05-10 06:21:29
CONT2023002966,2023-05-07 20:43:43,2023-05-12 14:02:19
CONT2023002967,2023-05-08 13:52:20,2023-05-10 00:16:41
CONT2023002968,2023-05-03 03:41:01,2023-05-12 03:27:36
CONT2023002969,2023-05-09 12:55:40,2023-05-10 07:49:41
CONT2023002970,2023-05-01 12:46:34,2023-05-02 03:53:52
CONT2023002971,2023-04-30 19:50:14,2023-05-01 12:53:05
CONT2023002972,2023-05-09 19:53:31,
CONT2023002973,2023-05-08 12:10:16,2023-05-13 04:04:27
CONT2023002974,2023-05-05 02:49:36,
CONT2023002975,2023-05-01 14:54:04,2023-05-02 08:54:05
CONT2023002976,2023-05-10 07:05:16,2023-05-10 19:42:53
CONT2023002977,2023-05-05 10:17:01,2023-05-13 03:36:22
CONT2023002978,2023-05-05 21:06:29,2023-05-12 21:15:53
CONT2023002979,2023-05-08 13:16:37,
CONT2023002980,2023-04-30 09:01:23,
CONT2023002981,2023-05-09 02:20:18,2023-05-10 01:03:23
CONT2023002982,2023-05-01 22:15:20,2023-05-02 03:49:39
CONT2023002983,2023-05-10 07:03:47,2023-05-11 08:17:26
CONT2023002984,2023-05-10 02:17:09,2023-05-13 10:36:48
CONT2023002985,2023-05-01 13:33:12,2023-05-02 10:35:31
CONT2023002986,2023-05-02 22:30:32,2023-05-13 07:03:33
CONT2023002987,2023-05-08 21:53:07,2023-05-10 08:43:23
CONT2023002988,2023-04-29 22:08:49,2023-05-13 02:37:16
CONT2023002989,2023-05-06 23:49:27,2023-05-07 03:49:27
CONT2023002990,2023-04-30 05:33:31,2023-05-13 18:37:47
CONT2023002991,2023-05-08 20:13:55,2023-05-13 14:16:25
CONT2023002992,2023-05-02 05:52:30,
CONT2023002993,2023-05-07 05:24:38,2023-05-08 04:06:38
CONT2023002994,2023-05-06 02:34:41,2023-05-06 15:10:33
CONT2023002995,2023-05-06 02:02:15,2023-05-07 03:07:16
CONT2023002996,2023-05-03 15:02:47,2023-05-12 08:02:59
CONT2023002997,2023-05-03 03:03:30,2023-05-13 04:54:53
CONT2023002998,2023-05-06 09:23:27,2023-05-07 00:00:25
CONT2023002999,2023-05-02 14:31:04,
CONT2023003000,2023-05-10 08:42:24,2023-05-13 19:43:44
CONT2023003001,2023-05-03 14:48:09,2023-05-04 09:53:20
CONT2023003002,2023-05-08 02:55:05,2023-05-15 04:03:57
CONT2023003003,2023-05-06 23:53:21,2023-05-14 09:18:43
CONT2023003004,2023-05-01 10:40:43,2023-05-02 09:03:12
CONT2023003005,2023-05-06 19:52:50,
CONT2023003006,2023-05-06 16:38:06,2023-05-13 07:46:46
CONT2023003007,2023-05-09 06:12:22,2023-05-10 03:11:32
CONT2023003008,2023-05-09 07:33:00,
CONT2023003009,2023-05-08 13:25:05,2023-05-09 12:43:10
CONT2023003010,2023-05-07 14:39:35,
CONT2023003011,2023-05-03 22:18:23,2023-05-13 14:26:00
CONT2023003012,2023-05-10 02:44:39,2023-05-11 08:13:03
CONT2023003013,2023-05-03 10:24:47,2023-05-13 14:01:54
CONT2023003014,2023-05-04 23:31:27,2023-05-05 17:33:49
CONT2023003015,2023-05-03 08:48:09,2023-05-04 02:10:14
CONT2023003016,2023-05-04 07:47:41,2023-05-14 10:37:46
CONT2023003017,2023-05-01 23:58:58,2023-05-02 19:06:45
CONT2023003018,2023-05-10 15:12:07,2023-05-14 04:17:28
CONT2023003019,2023-05-01 07:45:12,2023-05-14 21:10:36
CONT2023003020,2023-05-10 19:31:07,2023-05-11 15:53:10
CONT2023003021,2023-05-04 18:08:41,2023-05-05 20:08:20
CONT2023003022,2023-05-05 14:05:46,2023-05-14 13:43:56
CONT2023003023,2023-05-07 01:11:26,
CONT2023003024,2023-05-01 04:16:10,2023-05-14 15:14:01
CONT2023003025,2023-05-01 21:19:20,2023-05-14 01:55:25
CONT2023003026,2023-05-10 08:38:22,2023-05-10 23:40:04
CONT2023003027,2023-05-05 14:16:26,
CONT2023003028,2023-05-01 09:52:50,2023-05-14 19:20:17
CONT2023003029,2023-05-08 14:42:08,2023-05-09 12:33:55
CONT2023003030,2023-05-01 13:31:55,
CONT2023003031,2023-05-01 14:35:59,2023-05-14 18:31:27
CONT2023003032,2023-05-02 15:55:39,2023-05-03 14:42:33
CONT2023003033,2023-05-02 16:37:47,
CONT2023003034,2023-05-04 01:19:12,2023-05-04 15:38:52
CONT2023003035,2023-05-11 21:00:31,2023-05-14 10:19:12
CONT2023003036,2023-05-04 19:03:27,2023-05-15 01:42:16
CONT2023003037,2023-05-03 22:54:43,2023-05-15 16:16:02
CONT2023003038,2023-05-03 10:05:40,
CONT2023003039,2023-05-01 15:35:26,2023-05-15 02:10:45
CONT2023003040,2023-05-10 03:10:08,2023-05-10 21:59:01
CONT2023003041,2023-05-12 06:34:43,
CONT2023003042,2023-05-10 22:06:39,2023-05-11 18:11:29
CONT2023003043,2023-05-05 06:24:21,2023-05-16 08:37:49
CONT2023003044,2023-05-06 18:58:03,
CONT2023003045,2023-05-10 18:18:05,2023-05-11 17:02:37
CONT2023003046,2023-05-06 02:35:33,2023-05-06 18:54:07
CONT2023003047,2023-05-09 08:17:40,2023-05-15 17:01:23
CONT2023003048,2023-05-07 11:07:18,2023-05-15 07:41:29
CONT2023003049,2023-05-06 13:53:28,2023-05-08 01:45:59
CONT2023003050,2023-05-09 19:15:49,2023-05-15 11:48:00
CONT2023003051,2023-05-09 01:22:44,2023-05-15 05:15:50
CONT2023003052,2023-05-05 06:01:49,2023-05-15 08:22:24
CONT2023003053,2023-05-02 22:48:11,2023-05-14 23:33:18
CONT2023003054,2023-05-06 19:20:32,2023-05-15 03:52:23
CONT2023003055,2023-05-10 19:00:08,
CONT2023003056,2023-05-05 01:51:12,2023-05-06 01:27:29
CONT2023003057,2023-05-09 21:11:39,2023-05-15 03:36:25
CONT2023003058,2023-05-04 18:28:04,2023-05-05 03:30:39
CONT2023003059,2023-05-11 21:36:38,2023-05-15 14:30:32
CONT2023003060,2023-05-03 10:00:21,2023-05-15 10:29:52
CONT2023003061,2023-05-02 04:15:22,
CONT2023003062,2023-05-09 00:49:25,2023-05-10 05:46:04
CONT2023003063,2023-05-05 03:12:25,2023-05-14 19:21:29
CONT2023003064,2023-05-11 06:01:10,2023-05-11 11:47:39
CONT2023003065,2023-05-11 14:41:06,2023-05-12 09:28:38
CONT2023003066,2023-05-06 04:21:53,2023-05-15 18:23:52
CONT2023003067,2023-05-11 06:43:50,2023-05-12 13:52:59
CONT2023003068,2023-05-10 18:39:27,2023-05-15 14:52:22
CONT2023003069,2023-05-03 18:39:25,2023-05-04 21:43:07
CONT2023003070,2023-05-08 00:17:35,
CONT2023003071,2023-05-07 11:30:19,2023-05-16 04:31:02
CONT2023003072,2023-05-08 15:11:48,2023-05-09 12:52:49
CONT2023003073,2023-05-11 13:06:52,2023-05-16 02:15:35
CONT2023003074,2023-05-06 14:44:17,2023-05-16 01:16:36
CONT2023003075,2023-05-06 04:41:21,
CONT2023003076,2023-05-03 17:30:14,2023-05-15 09:55:48
CONT2023003077,2023-05-11 18:20:28,2023-05-12 15:42:21
CONT2023003078,2023-05-05 05:06:45,2023-05-06 04:30:49
CONT2023003079,2023-05-12 20:09:54,2023-05-15 11:06:44
CONT2023003080,2023-05-02 23:24:22,2023-05-03 19:11:12
CONT2023003081,2023-05-03 15:59:40,2023-05-16 01:41:41
CONT2023003082,2023-05-08 19:17:18,2023-05-15 23:19:29
CONT2023003083,2023-05-10 05:35:07,2023-05-15 12:34:05
CONT2023003084,2023-05-11 02:43:43,2023-05-12 02:05:36
CONT2023003085,2023-05-12 12:11:53,2023-05-15 05:29:47
CONT2023003086,2023-05-06 21:08:07,
CONT2023003087,2023-05-11 15:03:52,
CONT2023003088,2023-05-11 00:37:01,2023-05-11 11:58:09
CONT2023003089,2023-05-12 13:28:44,2023-05-13 10:05:45
CONT2023003090,2023-05-12 08:34:05,2023-05-15 10:33:03
CONT2023003091,2023-05-04 05:36:26,2023-05-05 08:42:22
CONT2023003092,2023-05-05 16:28:08,2023-05-06 19:17:33
CONT2023003093,2023-05-05 14:01:13,2023-05-06 08:18:30
CONT2023003094,2023-05-05 00:17:11,2023-05-15 12:42:01
CONT2023003095,2023-05-05 16:53:31,2023-05-06 15:41:13
CONT2023003096,2023-05-05 00:22:59,
CONT2023003097,2023-05-08 15:06:03,2023-05-09 22:05:30
CONT2023003098,2023-05-04 10:48:43,2023-05-05 07:45:07
CONT2023003099,2023-05-12 05:07:28,2023-05-15 10:55:31
CONT2023003100,2023-05-12 12:30:26,2023-05-13 04:12:40
CONT2023003101,2023-05-05 12:34:57,2023-05-05 16:34:57
CONT2023003102,2023-05-09 16:48:02,2023-05-16 00:10:08
CONT2023003103,2023-05-03 01:40:12,2023-05-03 19:25:17
CONT2023003104,2023-05-09 00:47:13,2023-05-09 14:44:40
CONT2023003105,2023-05-05 15:14:40,
CONT2023003106,2023-05-03 02:56:08,2023-05-16 11:12:57
CONT2023003107,2023-05-03 16:56:27,2023-05-16 13:16:16
CONT2023003108,2023-05-10 06:13:28,2023-05-15 23:04:35
CONT2023003109,2023-05-10 20:01:02,2023-05-15 18:26:48
CONT2023003110,2023-05-08 18:02:12,2023-05-17 03:45:29
CONT2023003111,2023-05-08 04:32:24,2023-05-09 03:17:18
CONT2023003112,2023-05-05 13:32:24,2023-05-06 00:06:36
CONT2023003113,2023-05-11 06:03:48,2023-05-15 14:43:35
CONT2023003114,2023-05-05 01:37:51,
CONT2023003115,2023-05-08 08:57:18,2023-05-16 04:24:29
CONT2023003116,2023-05-11 09:04:02,2023-05-15 13:47:56
CONT2023003117,2023-05-06 19:50:08,2023-05-15 18:27:43
CONT2023003118,2023-05-03 13:50:04,2023-05-04 20:45:03
CONT2023003119,2023-05-12 10:50:23,2023-05-13 17:13:55
CONT2023003120,2023-05-10 14:42:46,2023-05-11 23:45:03
CONT2023003121,2023-05-08 20:18:46,
CONT2023003122,2023-05-11 09:24:22,2023-05-16 06:15:44
CONT2023003123,2023-05-07 12:08:12,2023-05-08 12:06:50
CONT2023003124,2023-05-04 12:38:52,2023-05-05 12:24:30
CONT2023003125,2023-05-05 15:10:00,2023-05-06 01:23:32
CONT2023003126,2023-05-11 22:49:47,2023-05-15 23:15:19
CONT2023003127,2023-05-10 17:05:30,2023-05-15 21:39:55
CONT2023003128,2023-05-07 07:09:13,2023-05-08 03:15:07
CONT2023003129,2023-05-08 04:31:54,2023-05-16 19:49:43
CONT2023003130,2023-05-03 22:08:36,
CONT2023003131,2023-05-05 21:26:34,
CONT2023003132,2023-05-05 03:47:33,2023-05-06 00:21:07
CONT2023003133,2023-05-06 23:49:59,2023-05-16 04:12:46
CONT2023003134,2023-05-10 00:47:00,2023-05-11 00:12:52
CONT2023003135,2023-05-07 12:09:54,2023-05-15 21:34:56
CONT2023003136,2023-05-07 19:34:19,2023-05-16 17:14:02
CONT2023003137,2023-05-05 22:07:59,2023-05-06 16:57:54
CONT2023003138,2023-05-04 09:23:38,2023-05-05 07:20:53
CONT2023003139,2023-05-07 11:23:18,2023-05-15 22:44:48
CONT2023003140,2023-05-10 05:38:04,2023-05-16 14:23:30
CONT2023003141,2023-05-04 02:53:07,2023-05-16 10:18:54
CONT2023003142,2023-05-07 20:28:03,2023-05-16 23:44:59
CONT2023003143,2023-05-08 16:29:48,
CONT2023003144,2023-05-07 05:17:57,2023-05-16 21:11:19
CONT2023003145,2023-05-05 21:54:40,
CONT2023003146,2023-05-03 19:57:14,2023-05-04 23:31:23
CONT2023003147,2023-05-07 06:13:23,2023-05-08 16:09:07
CONT2023003148,2023-05-06 09:36:46,2023-05-16 16:41:15
CONT2023003149,2023-05-09 17:02:31,2023-05-10 03:57:30
CONT2023003150,2023-05-13 00:55:55,2023-05-16 12:10:09
CONT2023003151,2023-05-03 06:13:25,2023-05-04 02:46:47
CONT2023003152,2023-05-05 19:35:51,2023-05-16 23:41:41
CONT2023003153,2023-05-08 05:34:12,
CONT2023003154,2023-05-11 22:27:13,2023-05-12 12:57:19
CONT2023003155,2023-05-05 20:00:02,2023-05-16 13:01:40
CONT2023003156,2023-05-03 03:29:50,2023-05-16 03:28:06
CONT2023003157,2023-05-13 06:49:35,2023-05-16 07:07:18
CONT2023003158,2023-05-04 17:40:50,2023-05-16 11:59:24
CONT2023003159,2023-05-12 09:51:02,2023-05-16 18:47:10
CONT2023003160,2023-05-08 01:19:33,2023-05-08 09:55:41
CONT2023003161,2023-05-03 11:57:56,2023-05-04 02:51:38
CONT2023003162,2023-05-02 12:52:49,2023-05-17 02:10:12
CONT2023003163,2023-05-08 02:22:41,
CONT2023003164,2023-05-08 00:42:37,2023-05-16 22:42:16
CONT2023003165,2023-05-09 20:57:22,
CONT2023003166,2023-05-12 18:39:29,2023-05-13 16:03:22
CONT2023003167,2023-05-07 17:52:52,2023-05-16 04:30:42
CONT2023003168,2023-05-11 14:01:00,2023-05-12 11:10:19
CONT2023003169,2023-05-11 10:34:30,2023-05-12 01:41:17
CONT2023003170,2023-05-04 07:13:40,2023-05-04 17:07:49
CONT2023003171,2023-05-12 19:15:25,2023-05-13 13:21:33
CONT2023003172,2023-05-07 03:21:13,2023-05-16 10:49:35
CONT2023003173,2023-05-08 12:39:05,2023-05-09 00:33:23
CONT2023003174,2023-05-05 07:09:37,2023-05-05 23:50:00
CONT2023003175,2023-05-07 18:46:23,2023-05-16 12:05:37
CONT2023003176,2023-05-05 08:31:21,
CONT2023003177,2023-05-04 00:14:51,2023-05-16 22:21:40
CONT2023003178,2023-05-08 02:41:18,2023-05-17 03:30:31
CONT2023003179,2023-05-04 00:35:21,2023-05-16 16:18:16
CONT2023003180,2023-05-13 08:55:12,
CONT2023003181,2023-05-10 09:27:10,2023-05-17 02:26:20
CONT2023003182,2023-05-05 16:03:41,2023-05-16 01:29:35
CONT2023003183,2023-05-07 15:41:45,2023-05-08 15:23:08
CONT2023003184,2023-05-06 20:27:07,2023-05-16 11:43:45
CONT2023003185,2023-05-04 05:42:56,2023-05-05 09:38:44
CONT2023003186,2023-05-09 18:20:32,2023-05-16 11:35:18
CONT2023003187,2023-05-03 19:37:00,
CONT2023003188,2023-05-08 13:03:44,2023-05-09 17:40:38
CONT2023003189,2023-05-04 19:15:16,2023-05-16 18:30:27
CONT2023003190,2023-05-08 14:05:15,2023-05-09 22:43:54
CONT2023003191,2023-05-05 20:54:42,
CONT2023003192,2023-05-08 02:24:28,2023-05-09 04:41:49
CONT2023003193,2023-05-05 20:08:22,2023-05-07 04:13:34
CONT2023003194,2023-05-03 16:34:42,
CONT2023003195,2023-05-09 19:27:50,2023-05-17 02:48:20
CONT2023003196,2023-05-06 05:11:25,2023-05-06 15:47:49
CONT2023003197,2023-05-05 01:01:17,2023-05-16 22:16:39
CONT2023003198,2023-05-11 17:27:34,2023-05-16 19:32:38
CONT2023003199,2023-05-10 13:33:25,
CONT2023003200,2023-05-08 09:58:30,2023-05-08 18:19:25
CONT2023003201,2023-05-13 04:04:35,
CONT2023003202,2023-05-08 15:27:43,2023-05-16 16:52:11
CONT2023003203,2023-05-05 15:41:39,2023-05-17 18:20:02
CONT2023003204,2023-05-06 15:23:23,2023-05-07 10:15:21
CONT2023003205,2023-05-08 10:31:54,2023-05-18 16:38:12
CONT2023003206,2023-05-04 12:17:03,2023-05-05 10:27:02
CONT2023003207,2023-05-06 11:06:49,2023-05-06 22:00:55
CONT2023003208,2023-05-05 16:34:07,2023-05-17 15:56:10
CONT2023003209,2023-05-06 16:41:56,2023-05-18 00:47:35
CONT2023003210,2023-05-10 20:25:07,2023-05-18 18:45:00
CONT2023003211,2023-05-05 18:38:27,2023-05-06 14:00:15
CONT2023003212,2023-05-10 23:23:18,2023-05-17 12:15:36
CONT2023003213,2023-05-10 04:57:47,2023-05-17 22:24:48
CONT2023003214,2023-05-07 23:56:58,2023-05-08 20:24:47
CONT2023003215,2023-05-12 10:16:28,2023-05-13 17:33:36
CONT2023003216,2023-05-05 14:50:43,2023-05-06 04:01:55
CONT2023003217,2023-05-12 03:04:04,2023-05-17 10:20:12
CONT2023003218,2023-05-07 21:05:47,2023-05-18 08:12:59
CONT2023003219,2023-05-11 18:20:39,2023-05-17 05:46:23
CONT2023003220,2023-05-14 19:44:31,2023-05-15 08:16:44
CONT2023003221,2023-05-06 22:59:05,2023-05-07 12:50:03
CONT2023003222,2023-05-06 05:32:58,2023-05-07 06:09:55
CONT2023003223,2023-05-09 17:22:00,2023-05-17 19:34:30
CONT2023003224,2023-05-07 17:55:07,
CONT2023003225,2023-05-04 18:26:12,2023-05-05 21:41:41
CONT2023003226,2023-05-13 03:57:59,2023-05-18 21:21:26
CONT2023003227,2023-05-05 22:18:19,2023-05-17 17:45:25
CONT2023003228,2023-05-04 23:27:44,2023-05-05 10:58:00
CONT2023003229,2023-05-07 16:56:10,
CONT2023003230,2023-05-09 01:06:45,2023-05-09 13:54:05
CONT2023003231,2023-05-10 00:03:12,2023-05-18 23:25:59
CONT2023003232,2023-05-12 07:43:31,2023-05-12 21:24:12
CONT2023003233,2023-05-14 14:34:01,
CONT2023003234,2023-05-10 04:14:24,2023-05-11 06:56:02
CONT2023003235,2023-05-07 04:35:51,2023-05-18 22:20:57
CONT2023003236,2023-05-09 03:22:58,2023-05-19 00:20:12
CONT2023003237,2023-05-05 20:23:29,2023-05-17 21:38:42
CONT2023003238,2023-05-12 13:04:31,2023-05-18 14:19:44
CONT2023003239,2023-05-12 15:02:44,2023-05-18 21:24:20
CONT2023003240,2023-05-11 17:02:04,
CONT2023003241,2023-05-09 13:40:48,
CONT2023003242,2023-05-15 17:18:49,2023-05-18 02:27:28
CONT2023003243,2023-05-06 08:49:34,2023-05-18 07:54:22
CONT2023003244,2023-05-13 03:38:36,
CONT2023003245,2023-05-05 09:49:26,
CONT2023003246,2023-05-12 12:50:14,2023-05-12 20:19:55
CONT2023003247,2023-05-10 16:04:03,2023-05-11 04:41:23
CONT2023003248,2023-05-06 16:50:03,
CONT2023003249,2023-05-12 20:32:00,
CONT2023003250,2023-05-13 12:58:42,
CONT2023003251,2023-05-14 10:18:31,2023-05-15 20:09:34
CONT2023003252,2023-05-12 00:20:26,2023-05-13 04:24:02
CONT2023003253,2023-05-15 02:29:38,2023-05-19 10:03:46
CONT2023003254,2023-05-06 15:52:27,2023-05-18 21:27:55
CONT2023003255,2023-05-10 10:50:08,2023-05-11 10:31:56
CONT2023003256,2023-05-14 13:02:31,
CONT2023003257,2023-05-10 12:41:35,2023-05-11 06:27:52
CONT2023003258,2023-05-09 11:04:38,2023-05-10 18:20:51
CONT2023003259,2023-05-11 02:43:45,2023-05-19 01:12:49
CONT2023003260,2023-05-16 03:01:31,
CONT2023003261,2023-05-05 06:09:51,2023-05-06 01:32:35
CONT2023003262,2023-05-05 08:44:02,2023-05-18 15:28:12
CONT2023003263,2023-05-11 14:35:29,2023-05-12 13:57:21
CONT2023003264,2023-05-10 23:37:46,2023-05-18 06:57:52
CONT2023003265,2023-05-16 23:34:38,2023-05-19 15:13:33
CONT2023003266,2023-05-10 05:22:22,2023-05-19 04:37:12
CONT2023003267,2023-05-13 00:15:48,
CONT2023003268,2023-05-08 23:49:27,2023-05-19 05:07:12
CONT2023003269,2023-05-07 14:07:08,2023-05-19 23:42:45
CONT2023003270,2023-05-11 10:23:03,2023-05-19 09:18:07
CONT2023003271,2023-05-12 21:40:51,2023-05-19 03:30:20
CONT2023003272,2023-05-10 23:41:11,2023-05-19 19:12:23
CONT2023003273,2023-05-11 18:08:30,2023-05-19 22:11:54
CONT2023003274,2023-05-15 21:10:50,2023-05-19 15:34:28
CONT2023003275,2023-05-12 12:42:44,2023-05-19 18:18:23
CONT2023003276,2023-05-13 12:28:59,2023-05-19 06:36:04
CONT2023003277,2023-05-15 04:15:22,2023-05-15 12:33:13
CONT2023003278,2023-05-11 17:52:33,2023-05-12 05:11:57
CONT2023003279,2023-05-13 00:36:49,2023-05-13 22:30:55
CONT2023003280,2023-05-11 14:43:15,2023-05-19 16:03:04
CONT2023003281,2023-05-15 02:59:46,2023-05-15 15:35:37
CONT2023003282,2023-05-06 06:56:07,
CONT2023003283,2023-05-11 13:53:49,2023-05-19 01:34:55
CONT2023003284,2023-05-14 08:00:19,2023-05-15 00:05:41
CONT2023003285,2023-05-13 12:56:49,2023-05-14 09:33:10
CONT2023003286,2023-05-08 04:08:38,2023-05-20 02:29:34
CONT2023003287,2023-05-15 00:19:20,
CONT2023003288,2023-05-07 18:03:12,
CONT2023003289,2023-05-14 07:26:03,2023-05-21 05:20:01
CONT2023003290,2023-05-16 21:41:50,2023-05-20 08:47:35
CONT2023003291,2023-05-12 06:55:46,2023-05-13 01:31:50
CONT2023003292,2023-05-14 03:52:08,2023-05-20 08:33:52
CONT2023003293,2023-05-14 10:21:02,2023-05-21 10:22:55
CONT2023003294,2023-05-11 18:22:42,
CONT2023003295,2023-05-12 04:07:25,2023-05-13 12:24:13
CONT2023003296,2023-05-11 07:17:55,2023-05-20 06:50:18
CONT2023003297,2023-05-09 22:30:59,2023-05-10 15:40:38
CONT2023003298,2023-05-10 03:40:37,2023-05-11 03:10:50
CONT2023003299,2023-05-14 01:55:52,2023-05-19 14:18:35
CONT2023003300,2023-05-14 09:51:28,
CONT2023003301,2023-05-15 16:44:01,2023-05-20 19:59:27
CONT2023003302,2023-05-09 23:30:26,2023-05-10 14:48:08
CONT2023003303,2023-05-09 12:28:11,2023-05-20 02:39:07
CONT2023003304,2023-05-10 04:28:36,2023-05-21 03:36:44
CONT2023003305,2023-05-14 00:25:29,2023-05-20 05:40:12
CONT2023003306,2023-05-16 10:49:37,2023-05-17 06:35:40
CONT2023003307,2023-05-06 21:53:52,2023-05-07 19:36:30
CONT2023003308,2023-05-13 12:16:14,2023-05-20 13:29:31
CONT2023003309,2023-05-17 07:21:42,2023-05-20 18:13:49
CONT2023003310,2023-05-12 01:07:41,2023-05-12 23:02:41
CONT2023003311,2023-05-11 15:11:40,
CONT2023003312,2023-05-15 09:00:10,
CONT2023003313,2023-05-07 05:51:40,2023-05-21 00:04:21
CONT2023003314,2023-05-12 10:47:31,2023-05-21 00:02:46
CONT2023003315,2023-05-17 08:49:31,
CONT2023003316,2023-05-07 18:21:13,
CONT2023003317,2023-05-09 00:56:25,2023-05-09 20:38:35
CONT2023003318,2023-05-14 11:23:25,
CONT2023003319,2023-05-12 23:54:09,2023-05-14 02:15:21
CONT2023003320,2023-05-15 19:17:54,
CONT2023003321,2023-05-13 13:52:41,
CONT2023003322,2023-05-08 17:46:24,2023-05-09 08:15:31
CONT2023003323,2023-05-10 15:24:27,
CONT2023003324,2023-05-15 00:28:44,2023-05-16 07:05:12
CONT2023003325,2023-05-08 12:08:00,2023-05-09 06:03:41
CONT2023003326,2023-05-07 17:52:59,2023-05-21 20:18:18
CONT2023003327,2023-05-16 13:44:08,2023-05-20 23:28:10
CONT2023003328,2023-05-11 05:40:22,2023-05-12 06:15:36
CONT2023003329,2023-05-13 08:45:04,2023-05-21 06:36:57
CONT2023003330,2023-05-16 08:55:41,2023-05-17 16:57:27
CONT2023003331,2023-05-08 12:39:01,
CONT2023003332,2023-05-12 12:59:56,2023-05-13 05:13:28
CONT2023003333,2023-05-16 19:00:55,2023-05-21 14:33:01
CONT2023003334,2023-05-18 15:36:39,2023-05-21 07:34:34
CONT2023003335,2023-05-16 22:16:43,2023-05-17 02:16:43
CONT2023003336,2023-05-13 22:52:13,2023-05-20 23:11:38
CONT2023003337,2023-05-18 11:23:16,2023-05-22 00:06:16
CONT2023003338,2023-05-15 13:11:34,2023-05-21 23:07:11
CONT2023003339,2023-05-15 09:14:15,2023-05-15 19:01:26
CONT2023003340,2023-05-15 08:35:37,
CONT2023003341,2023-05-14 13:15:33,2023-05-16 00:58:10
CONT2023003342,2023-05-16 19:04:09,2023-05-22 14:06:28
CONT2023003343,2023-05-10 08:43:23,
CONT2023003344,2023-05-18 12:05:47,
CONT2023003345,2023-05-11 10:47:06,2023-05-12 07:59:45
CONT2023003346,2023-05-10 09:57:29,2023-05-11 10:02:46
CONT2023003347,2023-05-09 21:09:50,2023-05-23 13:31:47
CONT2023003348,2023-05-14 02:14:07,2023-05-22 15:54:07
CONT2023003349,2023-05-13 19:25:39,2023-05-23 09:31:53
CONT2023003350,2023-05-14 17:21:47,2023-05-15 08:05:58
CONT2023003351,2023-05-16 13:14:44,2023-05-23 20:44:25
CONT2023003352,2023-05-12 09:13:50,2023-05-13 00:17:18
CONT2023003353,2023-05-19 14:48:11,2023-05-23 14:14:34
CONT2023003354,2023-05-11 10:54:50,2023-05-24 05:31:31
CONT2023003355,2023-05-13 02:12:55,2023-05-13 21:17:40
CONT2023003356,2023-05-14 09:04:36,2023-05-23 15:11:47
CONT2023003357,2023-05-12 21:55:25,2023-05-23 20:12:39
CONT2023003358,2023-05-17 16:00:48,2023-05-23 12:55:19
CONT2023003359,2023-05-11 03:47:17,
CONT2023003360,2023-05-20 20:43:36,
CONT2023003361,2023-05-13 15:59:39,2023-05-14 03:27:44
CONT2023003362,2023-05-17 03:38:02,2023-05-17 15:36:50
CONT2023003363,2023-05-19 09:45:44,2023-05-23 17:23:41
CONT2023003364,2023-05-19 21:50:29,2023-05-21 02:31:20
CONT2023003365,2023-05-11 13:55:47,
CONT2023003366,2023-05-16 06:41:21,2023-05-24 06:46:30
CONT2023003367,2023-05-19 05:30:50,2023-05-20 06:17:17
CONT2023003368,2023-05-20 22:17:27,2023-05-24 19:11:42
CONT2023003369,2023-05-16 22:20:02,2023-05-17 05:46:34
CONT2023003370,2023-05-11 15:00:29,2023-05-24 05:08:36
CONT2023003371,2023-05-15 08:56:42,
CONT2023003372,2023-05-13 17:49:53,2023-05-23 23:30:01
CONT2023003373,2023-05-18 17:35:46,2023-05-24 07:41:24
CONT2023003374,2023-05-13 13:08:22,
CONT2023003375,2023-05-14 15:10:06,2023-05-15 09:44:33
CONT2023003376,2023-05-21 06:06:18,2023-05-24 19:07:35
CONT2023003377,2023-05-10 13:22:37,2023-05-11 10:42:16
CONT2023003378,2023-05-17 23:04:35,
CONT2023003379,2023-05-14 23:59:18,2023-05-15 21:28:08
CONT2023003380,2023-05-19 23:59:10,
CONT2023003381,2023-05-12 19:38:15,2023-05-24 14:57:16
CONT2023003382,2023-05-15 20:18:25,
CONT2023003383,2023-05-18 01:51:39,2023-05-18 18:56:22
CONT2023003384,2023-05-14 18:28:20,2023-05-24 05:20:05
CONT2023003385,2023-05-14 08:23:50,2023-05-15 16:45:58
CONT2023003386,2023-05-16 01:48:27,2023-05-16 17:54:04
CONT2023003387,2023-05-11 05:13:04,2023-05-11 17:10:36
CONT2023003388,2023-05-13 22:35:37,2023-05-14 08:54:54
CONT2023003389,2023-05-19 21:43:08,2023-05-24 06:17:51
CONT2023003390,2023-05-18 07:52:21,2023-05-19 00:40:20
CONT2023003391,2023-05-11 00:36:39,2023-05-24 23:41:14
CONT2023003392,2023-05-17 18:11:43,2023-05-18 09:10:27
CONT2023003393,2023-05-11 08:33:52,2023-05-12 18:00:19
CONT2023003394,2023-05-20 00:42:09,2023-05-24 04:19:04
CONT2023003395,2023-05-12 05:44:52,2023-05-24 16:32:00
CONT2023003396,2023-05-18 10:44:17,2023-05-24 17:33:32
CONT2023003397,2023-05-14 10:22:08,2023-05-25 01:01:10
CONT2023003398,2023-05-15 16:31:49,2023-05-24 23:59:36
CONT2023003399,2023-05-11 05:17:44,2023-05-11 14:13:26
CONT2023003400,2023-05-18 08:37:22,2023-05-24 22:18:42
CONT2023003401,2023-05-17 08:59:25,2023-05-23 15:05:25
CONT2023003402,2023-05-10 08:00:59,2023-05-24 22:44:00
CONT2023003403,2023-05-20 22:49:51,2023-05-24 15:08:49
CONT2023003404,2023-05-16 02:43:52,2023-05-24 02:10:21
CONT2023003405,2023-05-19 06:10:04,2023-05-25 03:04:05
CONT2023003406,2023-05-21 04:56:56,2023-05-24 16:00:14
CONT2023003407,2023-05-18 13:59:33,2023-05-25 06:18:33
CONT2023003408,2023-05-12 17:32:04,2023-05-13 09:40:49
CONT2023003409,2023-05-13 18:44:11,2023-05-14 22:29:44
CONT2023003410,2023-05-14 14:58:45,2023-05-24 22:09:38
CONT2023003411,2023-05-18 14:33:24,2023-05-25 06:54:48
CONT2023003412,2023-05-17 20:04:48,2023-05-18 20:27:52
CONT2023003413,2023-05-19 16:20:24,2023-05-20 03:32:06
CONT2023003414,2023-05-17 03:11:00,
CONT2023003415,2023-05-14 08:51:58,
CONT2023003416,2023-05-19 00:00:18,2023-05-24 17:00:50
CONT2023003417,2023-05-13 11:08:38,
CONT2023003418,2023-05-11 16:43:23,2023-05-24 13:59:50
CONT2023003419,2023-05-15 16:00:39,2023-05-15 21:19:54
CONT2023003420,2023-05-13 10:44:11,2023-05-24 04:51:45
CONT2023003421,2023-05-19 00:43:57,
CONT2023003422,2023-05-18 12:34:10,
CONT2023003423,2023-05-16 09:55:39,
CONT2023003424,2023-05-13 04:30:50,2023-05-24 02:15:28
CONT2023003425,2023-05-17 21:59:39,2023-05-18 21:59:10
CONT2023003426,2023-05-14 10:50:12,2023-05-15 15:01:51
CONT2023003427,2023-05-15 10:26:41,2023-05-25 12:36:57
CONT2023003428,2023-05-15 19:33:19,2023-05-17 00:51:45
CONT2023003429,2023-05-20 11:03:07,2023-05-21 03:20:36
CONT2023003430,2023-05-17 01:43:37,2023-05-18 04:23:25
CONT2023003431,2023-05-11 23:08:43,2023-05-12 18:34:19
CONT2023003432,2023-05-17 15:40:15,
CONT2023003433,2023-05-17 04:47:48,2023-05-24 21:07:20
CONT2023003434,2023-05-14 13:11:29,2023-05-15 04:52:20
CONT2023003435,2023-05-21 11:24:03,2023-05-25 13:31:34
CONT2023003436,2023-05-14 02:28:35,2023-05-15 00:54:19
CONT2023003437,2023-05-11 22:42:20,
CONT2023003438,2023-05-21 05:06:22,2023-05-22 03:21:52
CONT2023003439,2023-05-16 23:34:46,2023-05-18 03:00:17
CONT2023003440,2023-05-20 08:05:59,2023-05-25 08:26:31
CONT2023003441,2023-05-13 11:12:43,
CONT2023003442,2023-05-12 13:26:06,2023-05-25 12:38:22
CONT2023003443,2023-05-17 22:32:38,2023-05-24 07:11:23
CONT2023003444,2023-05-17 02:04:54,2023-05-24 11:41:35
CONT2023003445,2023-05-21 08:07:46,2023-05-25 12:33:38
CONT2023003446,2023-05-20 23:52:17,2023-05-25 16:56:35
CONT2023003447,2023-05-15 05:06:24,2023-05-16 10:29:47
CONT2023003448,2023-05-21 13:48:12,2023-05-25 09:56:44
CONT2023003449,2023-05-12 03:00:15,2023-05-24 15:40:34
CONT2023003450,2023-05-17 22:45:50,2023-05-18 12:08:23
CONT2023003451,2023-05-22 09:13:40,
CONT2023003452,2023-05-19 12:27:35,2023-05-19 23:49:09
CONT2023003453,2023-05-16 10:41:44,2023-05-26 02:08:50
CONT2023003454,2023-05-19 02:51:54,2023-05-25 08:10:25
CONT2023003455,2023-05-15 02:23:38,2023-05-16 05:24:50
CONT2023003456,2023-05-18 14:09:10,2023-05-25 16:07:18
CONT2023003457,2023-05-14 05:47:17,
CONT2023003458,2023-05-16 05:04:31,2023-05-25 16:44:44
CONT2023003459,2023-05-15 20:41:50,2023-05-25 08:31:52
CONT2023003460,2023-05-19 15:02:14,2023-05-20 04:08:25
CONT2023003461,2023-05-17 13:59:23,2023-05-18 18:11:21
CONT2023003462,2023-05-14 04:21:43,2023-05-25 00:37:21
CONT2023003463,2023-05-19 16:26:21,2023-05-25 14:03:40
CONT2023003464,2023-05-16 12:11:32,2023-05-17 06:26:37
CONT2023003465,2023-05-22 00:19:01,
CONT2023003466,2023-05-22 19:12:27,2023-05-25 05:04:09
CONT2023003467,2023-05-14 09:33:07,
CONT2023003468,2023-05-22 04:37:27,2023-05-22 10:51:46
CONT2023003469,2023-05-15 23:12:47,2023-05-16 16:08:53
CONT2023003470,2023-05-12 12:55:23,
CONT2023003471,2023-05-19 10:49:51,2023-05-26 11:44:51
CONT2023003472,2023-05-14 07:13:03,2023-05-14 17:12:56
CONT2023003473,2023-05-20 15:27:13,2023-05-20 23:25:35
CONT2023003474,2023-05-15 04:14:22,2023-05-24 18:38:40
CONT2023003475,2023-05-20 21:38:35,2023-05-21 19:48:58
CONT2023003476,2023-05-20 13:14:48,2023-05-21 05:32:36
CONT2023003477,2023-05-22 08:58:58,2023-05-23 04:39:28
CONT2023003478,2023-05-12 08:01:55,2023-05-12 17:18:07
CONT2023003479,2023-05-18 03:15:02,2023-05-25 15:53:27
CONT2023003480,2023-05-17 04:46:02,2023-05-18 00:07:31
CONT2023003481,2023-05-13 13:41:42,2023-05-14 06:01:47
CONT2023003482,2023-05-14 03:46:30,2023-05-15 21:33:37
CONT2023003483,2023-05-13 22:11:37,2023-05-24 13:21:25
CONT2023003484,2023-05-16 20:40:35,2023-05-18 07:34:17
CONT2023003485,2023-05-19 22:28:13,2023-05-20 22:36:13
CONT2023003486,2023-05-13 20:55:35,2023-05-14 14:37:42
CONT2023003487,2023-05-19 07:26:08,2023-05-25 06:44:22
CONT2023003488,2023-05-12 13:26:26,2023-05-13 10:25:24
CONT2023003489,2023-05-20 23:04:08,
CONT2023003490,2023-05-17 03:59:26,2023-05-24 17:57:51
CONT2023003491,2023-05-17 13:45:45,
CONT2023003492,2023-05-13 01:32:52,
CONT2023003493,2023-05-13 05:40:56,2023-05-26 02:19:34
CONT2023003494,2023-05-12 20:43:12,
CONT2023003495,2023-05-17 08:53:50,2023-05-18 08:40:03
CONT2023003496,2023-05-15 07:32:07,2023-05-26 02:08:22
CONT2023003497,2023-05-15 04:14:42,2023-05-25 17:21:27
CONT2023003498,2023-05-14 06:11:19,2023-05-27 02:37:43
CONT2023003499,2023-05-18 11:49:44,2023-05-19 03:58:45
CONT2023003500,2023-05-15 20:07:09,2023-05-17 00:01:11
CONT2023003501,2023-05-22 18:00:48,2023-05-23 01:22:07
CONT2023003502,2023-05-14 10:14:33,2023-05-15 14:33:14
CONT2023003503,2023-05-15 03:08:49,2023-05-16 02:37:46
CONT2023003504,2023-05-21 04:14:49,2023-05-22 02:48:01
CONT2023003505,2023-05-13 04:06:21,2023-05-25 11:22:18
CONT2023003506,2023-05-21 04:31:30,2023-05-25 14:56:58
CONT2023003507,2023-05-20 02:16:53,2023-05-21 11:24:28
CONT2023003508,2023-05-13 08:45:14,2023-05-25 20:12:16
CONT2023003509,2023-05-17 11:43:53,2023-05-26 04:39:52
CONT2023003510,2023-05-15 02:30:22,2023-05-26 01:01:00
CONT2023003511,2023-05-23 06:03:43,
CONT2023003512,2023-05-15 13:27:52,
CONT2023003513,2023-05-20 22:54:49,2023-05-21 21:17:24
CONT2023003514,2023-05-12 17:36:39,2023-05-13 13:41:10
CONT2023003515,2023-05-23 07:19:38,2023-05-26 18:24:25
CONT2023003516,2023-05-14 08:05:54,2023-05-15 14:49:42
CONT2023003517,2023-05-20 23:16:13,2023-05-25 22:04:58
CONT2023003518,2023-05-22 16:48:07,2023-05-26 03:48:14
CONT2023003519,2023-05-15 17:43:56,2023-05-16 10:35:58
CONT2023003520,2023-05-16 03:05:48,2023-05-25 13:23:24
CONT2023003521,2023-05-22 22:29:50,2023-05-24 01:04:08
CONT2023003522,2023-05-12 23:42:19,2023-05-13 16:17:15
CONT2023003523,2023-05-22 04:43:32,
CONT2023003524,2023-05-18 20:20:36,2023-05-19 14:50:25
CONT2023003525,2023-05-22 04:08:57,
CONT2023003526,2023-05-21 18:31:13,2023-05-22 11:17:12
CONT2023003527,2023-05-23 07:44:04,2023-05-23 23:02:43
CONT2023003528,2023-05-18 02:54:31,2023-05-26 11:11:25
CONT2023003529,2023-05-17 06:33:56,2023-05-26 11:13:52
CONT2023003530,2023-05-14 17:37:48,2023-05-26 07:12:35
CONT2023003531,2023-05-18 12:41:30,2023-05-26 20:50:07
CONT2023003532,2023-05-17 04:48:01,2023-05-18 02:33:40
CONT2023003533,2023-05-15 10:21:52,
CONT2023003534,2023-05-17 11:24:46,2023-05-26 07:34:14
CONT2023003535,2023-05-15 02:28:27,2023-05-15 21:59:04
CONT2023003536,2023-05-14 22:40:25,
CONT2023003537,2023-05-18 06:40:48,2023-05-19 05:55:51
CONT2023003538,2023-05-18 14:06:24,2023-05-26 02:50:50
CONT2023003539,2023-05-15 17:36:40,
CONT2023003540,2023-05-13 06:48:19,2023-05-14 05:33:01
CONT2023003541,2023-05-19 13:12:22,2023-05-20 10:15:43
CONT2023003542,2023-05-23 08:01:18,2023-05-23 21:55:10
CONT2023003543,2023-05-20 00:15:56,
CONT2023003544,2023-05-18 14:54:33,2023-05-27 04:17:29
CONT2023003545,2023-05-14 00:32:11,2023-05-26 06:44:45
CONT2023003546,2023-05-12 23:39:33,2023-05-13 11:13:23
CONT2023003547,2023-05-14 09:59:56,2023-05-16 01:14:54
CONT2023003548,2023-05-20 23:36:38,2023-05-21 22:27:01
CONT2023003549,2023-05-20 03:15:48,2023-05-20 07:15:48
CONT2023003550,2023-05-19 12:27:34,2023-05-26 17:51:00
CONT2023003551,2023-05-16 09:21:07,
CONT2023003552,2023-05-22 13:10:35,2023-05-23 10:03:43
CONT2023003553,2023-05-19 10:09:22,2023-05-26 03:08:54
CONT2023003554,2023-05-15 18:35:24,2023-05-26 03:49:03
CONT2023003555,2023-05-17 06:10:10,2023-05-27 00:35:46
CONT2023003556,2023-05-17 00:34:05,2023-05-17 18:15:50
CONT2023003557,2023-05-14 22:45:36,2023-05-16 02:33:55
CONT2023003558,2023-05-16 14:20:27,2023-05-17 23:02:55
CONT2023003559,2023-05-14 14:37:13,2023-05-27 02:01:53
CONT2023003560,2023-05-17 16:53:14,2023-05-18 23:53:13
CONT2023003561,2023-05-16 11:55:02,2023-05-26 08:38:40
CONT2023003562,2023-05-18 02:18:33,2023-05-26 09:06:09
CONT2023003563,2023-05-20 17:56:04,2023-05-26 09:29:59
CONT2023003564,2023-05-18 15:27:43,2023-05-19 17:58:48
CONT2023003565,2023-05-16 09:27:47,2023-05-27 02:16:28
CONT2023003566,2023-05-23 17:06:51,2023-05-25 23:35:12
CONT2023003567,2023-05-17 19:48:59,2023-05-19 04:06:35
CONT2023003568,2023-05-16 18:38:33,
CONT2023003569,2023-05-15 09:46:58,2023-05-26 02:26:10
CONT2023003570,2023-05-15 07:21:43,2023-05-25 20:12:56
CONT2023003571,2023-05-14 22:30:32,2023-05-15 19:09:06
CONT2023003572,2023-05-22 09:39:50,
CONT2023003573,2023-05-16 08:51:20,
CONT2023003574,2023-05-18 08:34:47,2023-05-27 11:55:48
CONT2023003575,2023-05-21 04:00:03,2023-05-22 04:05:06
CONT2023003576,2023-05-20 13:58:53,2023-05-26 14:54:01
CONT2023003577,2023-05-24 09:52:36,2023-05-27 13:05:48
CONT2023003578,2023-05-16 20:21:13,2023-05-17 19:48:53
CONT2023003579,2023-05-22 02:54:38,2023-05-27 05:46:32
CONT2023003580,2023-05-22 09:49:03,2023-05-23 02:21:23
CONT2023003581,2023-05-17 19:24:53,
CONT2023003582,2023-05-21 20:41:41,
CONT2023003583,2023-05-23 20:46:47,2023-05-24 18:52:23
CONT2023003584,2023-05-18 00:00:26,2023-05-18 16:32:21
CONT2023003585,2023-05-17 10:43:05,2023-05-28 03:40:52
CONT2023003586,2023-05-20 10:44:21,2023-05-21 06:58:41
CONT2023003587,2023-05-13 12:43:51,2023-05-14 07:34:16
CONT2023003588,2023-05-18 11:18:55,2023-05-19 06:20:07
CONT2023003589,2023-05-14 00:41:27,2023-05-26 16:43:33
CONT2023003590,2023-05-17 06:08:06,2023-05-26 19:10:15
CONT2023003591,2023-05-22 13:44:36,2023-05-23 21:09:26
CONT2023003592,2023-05-19 20:11:39,2023-05-27 02:33:23
CONT2023003593,2023-05-22 11:23:13,
CONT2023003594,2023-05-17 11:13:21,2023-05-18 08:48:35
CONT2023003595,2023-05-13 06:07:02,2023-05-13 20:26:57
CONT2023003596,2023-05-23 17:49:31,2023-05-24 13:51:34
CONT2023003597,2023-05-18 10:30:55,2023-05-26 12:10:28
CONT2023003598,2023-05-21 19:38:32,
CONT2023003599,2023-05-18 13:41:43,
CONT2023003600,2023-05-23 07:21:56,2023-05-23 18:43:03
CONT2023003601,2023-05-24 06:05:21,2023-05-27 10:18:02
CONT2023003602,2023-05-14 13:58:35,2023-05-27 04:49:39
CONT2023003603,2023-05-20 02:36:41,2023-05-21 03:13:40
CONT2023003604,2023-05-18 13:57:01,2023-05-19 08:16:35
CONT2023003605,2023-05-13 20:26:44,2023-05-26 22:30:14
CONT2023003606,2023-05-18 16:02:13,2023-05-19 17:08:08
CONT2023003607,2023-05-16 05:54:10,2023-05-17 00:00:54
CONT2023003608,2023-05-20 00:45:09,2023-05-21 04:23:25
CONT2023003609,2023-05-19 10:16:20,2023-05-26 15:47:36
CONT2023003610,2023-05-24 05:51:23,2023-05-26 21:02:52
CONT2023003611,2023-05-16 11:48:19,2023-05-26 14:23:53
CONT2023003612,2023-05-16 15:05:29,2023-05-27 04:25:43
CONT2023003613,2023-05-21 14:38:41,2023-05-26 15:41:15
CONT2023003614,2023-05-14 07:53:26,
CONT2023003615,2023-05-19 12:04:15,
CONT2023003616,2023-05-23 14:17:07,2023-05-27 04:33:45
CONT2023003617,2023-05-19 01:15:56,2023-05-26 04:14:38
CONT2023003618,2023-05-13 21:25:42,2023-05-27 09:53:24
CONT2023003619,2023-05-17 12:42:45,2023-05-19 05:04:54
CONT2023003620,2023-05-22 04:22:59,2023-05-27 00:49:54
CONT2023003621,2023-05-23 22:49:20,2023-05-24 17:22:07
CONT2023003622,2023-05-21 09:39:20,2023-05-22 09:53:58
CONT2023003623,2023-05-17 03:03:16,2023-05-26 18:43:15
CONT2023003624,2023-05-20 20:09:07,2023-05-27 03:46:41
CONT2023003625,2023-05-23 02:09:26,2023-05-24 08:55:09
CONT2023003626,2023-05-21 16:34:47,2023-05-27 08:02:16
CONT2023003627,2023-05-18 00:08:55,
CONT2023003628,2023-05-21 07:01:06,2023-05-21 20:41:18
CONT2023003629,2023-05-23 05:09:27,
CONT2023003630,2023-05-19 07:01:23,
CONT2023003631,2023-05-15 08:21:03,
CONT2023003632,2023-05-22 04:09:58,2023-05-23 09:41:44
CONT2023003633,2023-05-24 17:42:43,
CONT2023003634,2023-05-16 22:20:35,2023-05-17 15:42:44
CONT2023003635,2023-05-14 08:54:42,2023-05-15 04:06:38
CONT2023003636,2023-05-24 06:49:27,2023-05-25 09:06:34
CONT2023003637,2023-05-20 22:36:41,2023-05-27 02:00:31
CONT2023003638,2023-05-19 01:35:38,
CONT2023003639,2023-05-18 14:32:25,2023-05-27 17:27:33
CONT2023003640,2023-05-16 16:33:36,2023-05-27 01:02:31
CONT2023003641,2023-05-18 05:35:02,
CONT2023003642,2023-05-14 23:04:36,2023-05-27 11:46:13
CONT2023003643,2023-05-21 05:39:48,
CONT2023003644,2023-05-24 11:21:56,
CONT2023003645,2023-05-21 15:25:17,2023-05-23 01:01:46
CONT2023003646,2023-05-22 00:59:59,2023-05-22 17:35:33
CONT2023003647,2023-05-17 16:04:25,2023-05-18 06:48:14
CONT2023003648,2023-05-21 10:38:14,
CONT2023003649,2023-05-19 15:53:05,2023-05-20 11:38:17
CONT2023003650,2023-05-17 21:10:25,2023-05-27 18:14:39
CONT2023003651,2023-05-20 11:21:00,2023-05-28 05:35:48
CONT2023003652,2023-05-20 17:36:52,
CONT2023003653,2023-05-23 09:00:57,2023-05-24 23:41:48
CONT2023003654,2023-05-21 03:01:22,2023-05-28 09:36:54
CONT2023003655,2023-05-16 09:12:15,
CONT2023003656,2023-05-20 06:48:22,2023-05-20 16:45:53
CONT2023003657,2023-05-17 11:23:28,2023-05-18 05:40:40
CONT2023003658,2023-05-26 04:47:28,2023-05-29 17:23:38
CONT2023003659,2023-05-24 16:23:18,2023-05-25 05:11:32
CONT2023003660,2023-05-17 19:45:03,2023-05-18 16:37:21
CONT2023003661,2023-05-19 19:51:53,2023-05-20 16:03:37
CONT2023003662,2023-05-17 09:17:37,2023-05-30 04:48:21
CONT2023003663,2023-05-16 20:45:05,
CONT2023003664,2023-05-24 05:30:24,
CONT2023003665,2023-05-23 01:18:00,2023-05-29 23:04:04
CONT2023003666,2023-05-21 01:20:44,2023-05-21 15:34:33
CONT2023003667,2023-05-23 20:02:06,2023-05-30 02:03:26
CONT2023003668,2023-05-15 21:34:57,2023-05-16 14:19:33
CONT2023003669,2023-05-21 09:19:30,2023-06-02 09:12:22
CONT2023003670,2023-05-21 09:28:42,2023-06-02 16:52:52
CONT2023003671,2023-05-21 06:08:06,
CONT2023003672,2023-05-28 06:35:10,2023-06-02 03:57:54
CONT2023003673,2023-05-26 22:16:46,2023-05-27 17:20:57
CONT2023003674,2023-05-30 15:34:31,2023-06-02 00:45:28
CONT2023003675,2023-05-29 00:29:17,2023-06-02 08:32:17
CONT2023003676,2023-05-22 10:51:16,2023-06-02 09:43:28
CONT2023003677,2023-05-22 22:08:20,
CONT2023003678,2023-05-26 00:28:39,2023-06-02 22:55:15
CONT2023003679,2023-05-20 05:39:13,2023-05-21 06:52:34
CONT2023003680,2023-05-20 04:09:55,2023-05-20 15:50:05
CONT2023003681,2023-05-27 15:36:52,2023-06-02 19:11:50
CONT2023003682,2023-05-21 01:41:56,2023-06-01 22:48:21
CONT2023003683,2023-05-28 07:01:45,2023-05-28 17:44:48
CONT2023003684,2023-05-26 16:20:05,2023-06-02 20:38:56
CONT2023003685,2023-05-30 06:15:17,2023-06-02 01:27:14
CONT2023003686,2023-05-20 17:36:01,2023-05-21 20:22:08
CONT2023003687,2023-05-19 23:46:31,2023-05-20 21:47:26
CONT2023003688,2023-05-22 10:56:15,2023-06-03 06:27:58
CONT2023003689,2023-05-26 11:37:43,2023-06-02 15:57:05
CONT2023003690,2023-05-26 00:36:01,
CONT2023003691,2023-05-26 09:45:03,2023-05-27 07:47:27
CONT2023003692,2023-05-25 10:17:25,2023-06-02 03:36:11
CONT2023003693,2023-05-28 05:04:49,
CONT2023003694,2023-05-30 07:02:24,2023-05-31 04:20:18
CONT2023003695,2023-05-31 10:29:50,2023-06-01 05:18:04
CONT2023003696,2023-05-27 15:06:10,2023-05-28 15:31:38
CONT2023003697,2023-05-30 23:08:57,2023-05-31 18:46:47
CONT2023003698,2023-05-24 09:55:46,2023-06-03 09:09:59
CONT2023003699,2023-05-27 01:11:18,2023-05-28 03:50:36
CONT2023003700,2023-05-30 02:43:28,2023-06-04 09:30:29
CONT2023003701,2023-05-25 12:52:55,2023-05-26 06:45:20
CONT2023003702,2023-05-23 10:21:05,
CONT2023003703,2023-05-21 18:03:41,2023-05-22 16:12:45
CONT2023003704,2023-05-25 21:22:24,
CONT2023003705,2023-05-31 05:31:41,2023-06-04 12:25:06
CONT2023003706,2023-05-30 21:15:36,
CONT2023003707,2023-05-27 02:43:31,2023-05-28 00:00:07
CONT2023003708,2023-05-22 20:12:02,2023-05-23 03:45:32
CONT2023003709,2023-05-24 14:43:18,2023-06-04 01:43:24
CONT2023003710,2023-06-01 04:33:55,2023-06-04 12:22:57
CONT2023003711,2023-06-02 00:51:54,2023-06-02 21:42:47
CONT2023003712,2023-05-31 04:10:57,2023-06-03 12:46:03
CONT2023003713,2023-06-01 02:14:10,2023-06-01 19:20:31
CONT2023003714,2023-05-26 10:47:46,
CONT2023003715,2023-05-30 03:58:24,
CONT2023003716,2023-05-28 19:02:25,
CONT2023003717,2023-05-27 12:57:49,2023-06-03 20:21:18
CONT2023003718,2023-05-23 22:50:36,2023-05-24 06:41:47
CONT2023003719,2023-05-25 20:44:04,
CONT2023003720,2023-05-27 15:07:10,2023-05-28 14:55:36
CONT2023003721,2023-05-28 15:47:13,2023-05-29 12:52:25
CONT2023003722,2023-05-31 22:23:15,2023-06-01 14:42:28
CONT2023003723,2023-05-30 06:19:59,2023-05-31 05:21:08
CONT2023003724,2023-05-31 01:46:28,2023-06-04 03:46:11
CONT2023003725,2023-05-31 07:16:28,2023-06-04 06:59:41
CONT2023003726,2023-05-30 21:10:47,
CONT2023003727,2023-05-30 20:54:44,2023-06-04 01:25:56
CONT2023003728,2023-05-29 15:28:55,
CONT2023003729,2023-05-21 23:31:53,2023-05-23 04:05:17
CONT2023003730,2023-05-27 20:57:40,
CONT2023003731,2023-05-29 06:41:53,2023-05-29 22:47:52
CONT2023003732,2023-05-28 19:22:17,2023-05-29 09:30:30
CONT2023003733,2023-06-01 01:19:59,
CONT2023003734,2023-05-24 01:37:01,2023-06-04 13:35:57
CONT2023003735,2023-05-30 02:45:23,2023-06-04 07:20:41
CONT2023003736,2023-05-26 18:07:59,2023-06-04 05:13:47
CONT2023003737,2023-05-23 02:15:24,2023-05-23 20:54:15
CONT2023003738,2023-05-28 11:01:46,
CONT2023003739,2023-05-23 03:48:23,2023-06-03 23:02:37
CONT2023003740,2023-05-23 23:52:39,2023-05-25 02:00:23
CONT2023003741,2023-05-28 12:41:06,
CONT2023003742,2023-05-21 19:20:26,
CONT2023003743,2023-05-23 06:50:37,2023-06-04 04:22:12
CONT2023003744,2023-05-23 10:31:54,2023-05-24 10:58:01
CONT2023003745,2023-05-22 08:10:47,2023-06-04 10:32:42
CONT2023003746,2023-05-28 16:13:52,2023-05-29 05:57:10
CONT2023003747,2023-05-28 10:43:01,2023-06-04 09:23:09
CONT2023003748,2023-05-29 14:21:30,2023-05-30 04:34:20
CONT2023003749,2023-05-30 02:35:42,2023-06-04 07:29:49
CONT2023003750,2023-05-25 07:30:57,2023-06-04 22:59:17
CONT2023003751,2023-05-21 18:13:58,2023-06-03 23:36:58
CONT2023003752,2023-05-24 19:52:52,2023-06-04 01:14:25
CONT2023003753,2023-05-31 02:52:49,2023-05-31 13:47:13
CONT2023003754,2023-05-25 04:40:52,2023-06-03 19:42:02
CONT2023003755,2023-05-26 11:57:17,2023-05-27 00:59:49
CONT2023003756,2023-05-28 22:01:18,2023-06-04 05:38:43
CONT2023003757,2023-05-31 22:38:37,
CONT2023003758,2023-05-30 10:28:37,2023-06-04 09:36:20
CONT2023003759,2023-05-29 03:55:13,
CONT2023003760,2023-05-29 02:07:32,2023-06-04 17:11:01
CONT2023003761,2023-05-26 09:07:00,2023-05-27 13:18:51
CONT2023003762,2023-05-29 19:24:42,2023-05-30 10:49:52
CONT2023003763,2023-05-26 08:37:29,
CONT2023003764,2023-05-29 20:08:33,2023-05-30 09:58:32
CONT2023003765,2023-05-31 15:14:25,2023-06-01 10:28:47
CONT2023003766,2023-05-26 16:41:21,2023-06-04 19:42:18
CONT2023003767,2023-05-26 05:18:54,2023-06-05 14:27:39
CONT2023003768,2023-06-01 00:10:27,2023-06-01 21:21:50
CONT2023003769,2023-05-29 20:07:37,2023-05-30 06:24:52
CONT2023003770,2023-05-21 19:57:48,2023-05-22 23:27:31
CONT2023003771,2023-05-26 18:05:09,2023-05-28 00:32:02
CONT2023003772,2023-05-29 09:57:53,2023-05-29 20:58:23
CONT2023003773,2023-05-27 11:06:06,2023-06-05 05:54:01
CONT2023003774,2023-05-22 03:02:57,2023-06-05 00:17:20
CONT2023003775,2023-06-01 05:02:44,2023-06-01 21:50:01
CONT2023003776,2023-05-27 06:23:15,2023-06-04 08:43:54
CONT2023003777,2023-05-29 23:21:25,2023-05-30 18:17:06
CONT2023003778,2023-05-27 20:29:55,2023-06-05 00:33:58
CONT2023003779,2023-05-24 10:43:24,2023-06-03 18:59:39
CONT2023003780,2023-05-27 05:26:26,2023-06-04 21:45:12
CONT2023003781,2023-05-30 19:36:54,2023-05-31 15:33:01
CONT2023003782,2023-05-31 10:00:13,2023-06-01 06:42:46
CONT2023003783,2023-05-26 18:46:25,2023-05-27 06:30:49
CONT2023003784,2023-05-23 03:28:07,2023-06-03 22:55:37
CONT2023003785,2023-05-26 14:18:14,2023-05-27 03:28:38
CONT2023003786,2023-05-24 11:00:36,2023-06-04 17:48:01
CONT2023003787,2023-05-22 19:22:07,2023-06-05 10:25:33
CONT2023003788,2023-05-29 08:58:25,2023-05-30 13:49:13
CONT2023003789,2023-05-31 08:12:06,2023-06-05 00:54:01
CONT2023003790,2023-05-31 17:22:27,2023-06-05 02:12:01
CONT2023003791,2023-05-26 22:35:24,
CONT2023003792,2023-05-22 23:11:04,2023-06-05 02:06:18
CONT2023003793,2023-05-27 11:19:43,2023-06-05 10:50:50
CONT2023003794,2023-05-25 14:33:42,2023-05-26 03:54:53
CONT2023003795,2023-05-31 08:10:45,2023-06-04 21:14:58
CONT2023003796,2023-05-24 05:13:59,2023-05-24 17:14:02
CONT2023003797,2023-05-29 08:20:43,
CONT2023003798,2023-05-27 17:21:30,2023-05-28 13:13:39
CONT2023003799,2023-05-26 11:16:51,2023-06-04 21:50:41
CONT2023003800,2023-05-27 13:01:52,2023-06-05 19:43:30
CONT2023003801,2023-05-22 04:45:12,2023-05-23 03:33:28
CONT2023003802,2023-05-29 23:42:28,
CONT2023003803,2023-06-01 05:00:44,2023-06-02 00:29:21
CONT2023003804,2023-06-01 11:42:33,2023-06-05 00:54:53
CONT2023003805,2023-06-02 05:50:13,
CONT2023003806,2023-06-01 01:28:44,2023-06-04 20:25:19
CONT2023003807,2023-05-27 04:53:06,2023-06-05 05:23:59
CONT2023003808,2023-05-23 21:13:51,2023-06-05 04:09:14
CONT2023003809,2023-05-24 18:02:10,
CONT2023003810,2023-05-31 15:35:37,
CONT2023003811,2023-05-28 11:35:00,2023-06-04 22:04:56
CONT2023003812,2023-05-28 18:29:11,2023-06-05 00:54:34
CONT2023003813,2023-05-22 23:46:33,2023-05-23 05:51:14
CONT2023003814,2023-05-22 18:31:32,
CONT2023003815,2023-05-25 20:48:46,
CONT2023003816,2023-05-27 13:34:02,2023-05-28 11:48:54
CONT2023003817,2023-06-01 21:18:12,2023-06-05 06:59:40
CONT2023003818,2023-05-30 09:15:53,2023-05-31 10:23:23
CONT2023003819,2023-05-26 22:26:34,2023-06-04 20:51:25
CONT2023003820,2023-05-31 19:30:21,2023-06-04 21:30:16
CONT2023003821,2023-05-24 23:57:20,2023-05-26 05:26:36
CONT2023003822,2023-05-23 03:19:49,2023-06-05 12:34:14
CONT2023003823,2023-05-22 12:22:24,2023-06-04 15:40:11
CONT2023003824,2023-05-30 11:44:12,2023-05-30 20:32:22
CONT2023003825,2023-05-24 20:18:49,2023-05-26 00:42:15
CONT2023003826,2023-05-23 06:24:58,2023-05-23 21:01:08
CONT2023003827,2023-05-29 12:25:01,2023-05-30 11:13:21
CONT2023003828,2023-05-23 05:23:34,2023-05-23 17:27:01
CONT2023003829,2023-05-24 11:53:09,2023-06-04 15:18:44
CONT2023003830,2023-05-26 02:29:29,2023-05-26 20:47:03
CONT2023003831,2023-05-31 11:03:19,2023-06-05 06:39:52
CONT2023003832,2023-05-30 19:30:44,
CONT2023003833,2023-05-23 23:06:16,2023-05-25 00:34:10
CONT2023003834,2023-05-27 16:57:24,2023-06-05 03:16:35
CONT2023003835,2023-05-23 07:49:17,2023-05-24 13:19:49
CONT2023003836,2023-05-31 00:27:23,2023-06-04 15:10:57
CONT2023003837,2023-05-26 23:30:28,2023-05-27 19:19:46
CONT2023003838,2023-05-27 11:25:08,
CONT2023003839,2023-05-28 05:09:08,2023-06-05 04:28:05
CONT2023003840,2023-05-23 11:38:46,2023-05-24 06:59:19
CONT2023003841,2023-05-28 05:05:14,2023-05-28 19:23:39
CONT2023003842,2023-05-24 14:19:49,2023-05-25 16:10:52
CONT2023003843,2023-05-23 07:27:07,2023-05-23 13:22:09
CONT2023003844,2023-05-29 07:30:05,
CONT2023003845,2023-05-24 00:26:58,2023-05-24 08:22:29
CONT2023003846,2023-05-30 02:09:00,2023-06-05 16:13:02
CONT2023003847,2023-05-28 00:40:27,2023-06-05 06:17:31
CONT2023003848,2023-05-29 11:28:35,2023-06-05 08:00:10
CONT2023003849,2023-05-24 01:14:47,2023-05-24 17:25:42
CONT2023003850,2023-05-30 23:15:31,2023-06-05 06:56:42
CONT2023003851,2023-05-31 15:28:38,2023-06-01 03:28:06
CONT2023003852,2023-05-26 16:07:27,2023-05-27 09:20:20
CONT2023003853,2023-06-01 21:14:10,2023-06-04 16:24:58
CONT2023003854,2023-05-26 01:33:55,2023-06-04 22:55:01
CONT2023003855,2023-05-28 13:16:01,2023-05-29 07:52:52
CONT2023003856,2023-05-30 06:08:43,2023-06-06 01:08:01
CONT2023003857,2023-05-28 20:33:41,
CONT2023003858,2023-05-24 13:50:56,2023-06-06 17:58:48
CONT2023003859,2023-05-25 04:45:03,2023-06-05 03:08:07
CONT2023003860,2023-05-24 23:28:38,2023-05-25 11:51:23
CONT2023003861,2023-05-29 09:40:39,2023-05-30 00:22:33
CONT2023003862,2023-05-29 09:20:31,2023-05-30 04:45:31
CONT2023003863,2023-05-30 05:33:58,2023-05-31 09:49:11
CONT2023003864,2023-06-02 08:47:18,2023-06-03 13:19:12
CONT2023003865,2023-05-28 12:52:16,
CONT2023003866,2023-05-30 08:56:58,2023-06-05 09:10:38
CONT2023003867,2023-05-23 00:59:23,2023-06-05 20:00:07
CONT2023003868,2023-05-27 13:29:09,2023-06-05 15:38:49
CONT2023003869,2023-06-01 12:32:02,2023-06-05 08:34:07
CONT2023003870,2023-05-29 22:33:41,2023-05-30 19:28:15
CONT2023003871,2023-06-01 11:57:31,2023-06-06 22:07:19
CONT2023003872,2023-05-25 00:00:04,2023-06-06 22:38:34
CONT2023003873,2023-06-01 17:37:48,2023-06-06 05:31:43
CONT2023003874,2023-05-26 15:55:17,
CONT2023003875,2023-05-27 11:34:44,2023-06-06 12:42:37
CONT2023003876,2023-06-03 06:21:18,
CONT2023003877,2023-05-29 00:41:27,
CONT2023003878,2023-06-02 12:01:35,2023-06-06 20:29:48
CONT2023003879,2023-06-04 00:40:36,2023-06-06 23:44:03
CONT2023003880,2023-05-29 04:52:45,2023-06-06 15:02:45
CONT2023003881,2023-05-24 22:00:59,2023-06-06 20:51:56
CONT2023003882,2023-05-29 08:40:12,2023-06-07 11:07:14
CONT2023003883,2023-05-26 12:11:46,2023-05-26 17:24:01
CONT2023003884,2023-05-30 15:40:10,
CONT2023003885,2023-05-28 04:06:49,2023-05-28 22:59:09
CONT2023003886,2023-05-31 19:06:13,2023-05-31 23:06:13
CONT2023003887,2023-06-01 14:04:15,2023-06-08 02:31:12
CONT2023003888,2023-05-29 11:51:05,2023-05-30 06:50:24
CONT2023003889,2023-06-01 01:58:45,2023-06-01 19:15:00
CONT2023003890,2023-05-27 17:21:20,2023-05-29 02:23:54
CONT2023003891,2023-05-31 00:06:53,2023-06-01 02:51:39
CONT2023003892,2023-05-24 12:04:17,2023-05-25 02:16:21
CONT2023003893,2023-05-31 15:51:28,2023-06-06 22:18:17
CONT2023003894,2023-05-24 21:36:23,2023-05-25 16:29:41
CONT2023003895,2023-05-25 23:06:01,2023-05-26 23:10:58
CONT2023003896,2023-06-04 14:35:07,2023-06-05 18:39:18
CONT2023003897,2023-05-28 20:39:48,2023-05-29 08:58:44
CONT2023003898,2023-06-02 04:48:39,
CONT2023003899,2023-05-24 18:42:41,2023-06-08 05:21:19
CONT2023003900,2023-05-26 08:43:56,2023-06-07 16:58:20
CONT2023003901,2023-06-01 07:53:18,2023-06-01 22:42:09
CONT2023003902,2023-06-02 08:56:23,2023-06-07 17:14:47
CONT2023003903,2023-05-30 04:04:51,2023-06-08 04:56:03
CONT2023003904,2023-05-25 09:39:37,2023-06-07 06:04:54
CONT2023003905,2023-05-26 10:33:25,2023-05-27 20:04:32
CONT2023003906,2023-05-30 13:55:53,2023-05-31 20:52:26
CONT2023003907,2023-06-04 20:31:09,2023-06-08 02:32:19
CONT2023003908,2023-05-31 14:15:53,2023-06-07 12:36:35
CONT2023003909,2023-05-29 09:25:27,2023-05-29 21:09:30
CONT2023003910,2023-05-24 21:36:20,2023-06-08 15:30:37
CONT2023003911,2023-05-28 14:01:03,
CONT2023003912,2023-05-31 19:59:47,2023-06-08 06:33:38
CONT2023003913,2023-05-28 18:48:30,
CONT2023003914,2023-05-29 00:13:11,2023-05-29 10:27:45
CONT2023003915,2023-06-03 17:52:31,2023-06-07 18:41:04
CONT2023003916,2023-05-29 14:12:41,
CONT2023003917,2023-05-29 01:49:16,2023-05-29 17:55:48
CONT2023003918,2023-05-27 11:57:34,
CONT2023003919,2023-05-25 23:56:05,2023-05-26 14:28:18
CONT2023003920,2023-06-03 09:24:03,2023-06-08 03:51:29
CONT2023003921,2023-06-03 19:17:20,2023-06-08 09:55:45
CONT2023003922,2023-05-25 07:47:39,2023-06-07 07:06:37
CONT2023003923,2023-05-26 17:42:00,2023-06-07 21:06:00
CONT2023003924,2023-06-03 06:33:29,2023-06-08 00:51:58
CONT2023003925,2023-05-28 08:18:31,2023-05-29 01:59:06
CONT2023003926,2023-06-03 06:39:05,2023-06-07 14:26:13
CONT2023003927,2023-05-27 16:54:54,2023-06-08 10:47:50
CONT2023003928,2023-05-29 04:33:26,2023-06-07 12:01:47
CONT2023003929,2023-05-25 13:26:45,2023-05-27 05:52:27
CONT2023003930,2023-05-29 03:21:57,2023-06-07 22:45:11
CONT2023003931,2023-06-02 21:53:14,2023-06-07 15:24:27
CONT2023003932,2023-05-26 13:33:48,
CONT2023003933,2023-05-26 18:19:10,2023-06-08 12:00:33
CONT2023003934,2023-05-28 23:04:33,2023-05-29 15:45:04
CONT2023003935,2023-05-31 09:49:47,2023-06-01 06:17:30
CONT2023003936,2023-06-03 17:50:11,2023-06-07 20:11:28
CONT2023003937,2023-06-02 22:09:59,2023-06-03 04:59:40
CONT2023003938,2023-05-31 08:04:28,2023-06-08 18:25:20
CONT2023003939,2023-06-04 14:39:31,2023-06-08 12:09:29
CONT2023003940,2023-05-28 15:08:42,2023-05-28 20:03:14
CONT2023003941,2023-06-04 03:27:35,
CONT2023003942,2023-05-31 16:11:16,2023-06-08 08:14:38
CONT2023003943,2023-05-30 04:47:42,
CONT2023003944,2023-06-05 01:33:30,2023-06-05 18:50:26
CONT2023003945,2023-06-03 01:32:59,
CONT2023003946,2023-05-31 16:22:57,2023-06-01 13:25:38
CONT2023003947,2023-05-27 08:50:56,2023-06-07 11:06:21
CONT2023003948,2023-05-26 23:08:00,2023-06-07 10:11:28
CONT2023003949,2023-05-29 18:32:51,2023-06-09 01:58:38
CONT2023003950,2023-05-29 21:30:36,2023-06-09 09:58:18
CONT2023003951,2023-06-03 14:53:14,2023-06-08 03:00:00
CONT2023003952,2023-06-04 03:30:28,2023-06-05 09:04:18
CONT2023003953,2023-06-01 00:50:49,2023-06-02 01:03:28
CONT2023003954,2023-06-02 14:42:14,2023-06-08 22:27:42
CONT2023003955,2023-05-28 12:02:10,2023-06-08 09:11:53
CONT2023003956,2023-05-30 05:52:48,2023-05-31 15:08:18
CONT2023003957,2023-05-31 22:03:07,2023-06-01 19:49:44
CONT2023003958,2023-05-26 17:43:01,2023-05-27 17:41:29
CONT2023003959,2023-05-31 03:42:43,2023-05-31 23:39:30
CONT2023003960,2023-05-27 12:51:30,2023-06-09 20:32:19
CONT2023003961,2023-06-06 06:43:31,2023-06-09 22:57:10
CONT2023003962,2023-06-02 06:00:53,2023-06-09 01:34:50
CONT2023003963,2023-06-05 17:38:01,2023-06-10 01:07:20
CONT2023003964,2023-05-30 09:09:41,2023-05-30 20:54:36
CONT2023003965,2023-05-26 21:19:44,
CONT2023003966,2023-05-29 22:39:58,2023-06-09 03:21:46
CONT2023003967,2023-05-28 12:51:18,2023-05-29 18:51:04
CONT2023003968,2023-06-05 03:41:31,
CONT2023003969,2023-05-29 12:04:42,2023-05-30 03:45:31
CONT2023003970,2023-06-03 00:04:22,2023-06-09 05:57:22
CONT2023003971,2023-06-06 09:50:17,2023-06-09 11:37:19
CONT2023003972,2023-05-27 06:47:52,2023-05-27 22:06:08
CONT2023003973,2023-05-30 03:04:42,
CONT2023003974,2023-06-06 03:05:09,2023-06-09 11:50:46
CONT2023003975,2023-06-06 12:04:28,2023-06-09 04:34:06
CONT2023003976,2023-06-06 07:54:05,2023-06-09 08:35:48
CONT2023003977,2023-05-30 20:18:30,
CONT2023003978,2023-06-03 11:30:16,2023-06-10 06:02:02
CONT2023003979,2023-06-05 19:31:36,
CONT2023003980,2023-06-04 14:53:22,
CONT2023003981,2023-06-07 16:10:44,2023-06-11 10:47:36
CONT2023003982,2023-05-30 14:52:55,2023-05-31 14:05:00
CONT2023003983,2023-05-29 20:59:27,2023-06-12 06:30:54
CONT2023003984,2023-06-01 17:38:23,2023-06-11 23:56:58
CONT2023003985,2023-05-31 00:48:29,2023-06-12 12:08:17
CONT2023003986,2023-06-07 03:48:59,2023-06-08 08:11:01
CONT2023003987,2023-05-30 19:00:33,
CONT2023003988,2023-06-04 01:13:18,2023-06-12 08:22:16
CONT2023003989,2023-06-03 16:04:08,2023-06-12 03:14:20
CONT2023003990,2023-06-07 23:00:51,2023-06-12 19:29:20
CONT2023003991,2023-06-08 01:39:49,2023-06-08 21:57:10
CONT2023003992,2023-06-05 15:10:13,
CONT2023003993,2023-06-06 11:08:40,2023-06-07 09:16:41
CONT2023003994,2023-06-06 01:59:58,2023-06-11 22:24:26
CONT2023003995,2023-06-06 20:16:30,
CONT2023003996,2023-06-08 21:58:07,2023-06-11 08:28:57
CONT2023003997,2023-05-30 01:33:31,2023-05-30 20:01:47
CONT2023003998,2023-06-03 21:50:53,2023-06-04 06:20:15
CONT2023003999,2023-05-29 12:32:49,2023-06-12 11:45:30
CONT2023004000,2023-05-29 21:37:09,
CONT2023004001,2023-05-30 05:51:56,
CONT2023004002,2023-05-31 15:24:20,2023-06-01 15:18:47
CONT2023004003,2023-06-07 22:44:34,2023-06-11 12:12:55
CONT2023004004,2023-06-05 07:25:52,2023-06-06 09:45:16
CONT2023004005,2023-05-29 10:18:40,2023-06-11 17:24:00
CONT2023004006,2023-06-04 19:13:25,
CONT2023004007,2023-06-05 17:58:08,
CONT2023004008,2023-05-31 21:02:16,
CONT2023004009,2023-06-02 20:02:21,2023-06-03 06:42:09
CONT2023004010,2023-05-30 11:01:22,
CONT2023004011,2023-06-03 19:30:08,2023-06-12 10:56:07
CONT2023004012,2023-06-09 13:16:56,2023-06-10 15:36:01
CONT2023004013,2023-06-05 13:58:05,2023-06-06 01:25:04
CONT2023004014,2023-05-30 04:15:40,2023-06-12 19:52:59
CONT2023004015,2023-06-01 18:28:38,2023-06-02 15:34:15
CONT2023004016,2023-05-31 12:17:23,
CONT2023004017,2023-06-06 18:47:38,2023-06-07 22:40:05
CONT2023004018,2023-06-08 02:02:13,2023-06-13 03:39:53
CONT2023004019,2023-06-01 17:04:07,2023-06-13 11:53:36
CONT2023004020,2023-06-01 19:28:51,2023-06-13 04:39:44
CONT2023004021,2023-06-05 14:02:03,2023-06-06 03:45:12
CONT2023004022,2023-06-06 22:05:11,2023-06-13 09:11:37
CONT2023004023,2023-06-04 15:27:28,2023-06-12 23:11:03
CONT2023004024,2023-06-10 03:41:53,2023-06-11 03:37:06
CONT2023004025,2023-06-04 17:04:24,2023-06-13 22:31:45
CONT2023004026,2023-06-10 00:23:08,2023-06-10 07:42:31
CONT2023004027,2023-05-31 16:43:46,2023-06-01 11:57:04
CONT2023004028,2023-06-08 07:48:48,2023-06-13 19:21:30
CONT2023004029,2023-06-09 12:14:27,2023-06-13 20:23:43
CONT2023004030,2023-05-31 07:04:32,2023-06-12 18:51:03
CONT2023004031,2023-06-06 14:31:11,2023-06-07 19:34:33
CONT2023004032,2023-06-04 17:52:48,
CONT2023004033,2023-06-07 17:09:42,2023-06-09 01:10:13
CONT2023004034,2023-06-10 04:05:33,2023-06-11 01:12:36
CONT2023004035,2023-06-07 21:01:40,2023-06-08 09:52:15
CONT2023004036,2023-06-04 13:01:00,
CONT2023004037,2023-06-06 00:24:30,2023-06-14 16:40:30
CONT2023004038,2023-06-09 16:11:13,2023-06-11 05:19:02
CONT2023004039,2023-06-08 08:54:48,2023-06-13 10:05:40
CONT2023004040,2023-06-03 22:24:45,2023-06-04 14:52:26
CONT2023004041,2023-06-02 14:57:39,2023-06-13 18:35:55
CONT2023004042,2023-06-10 10:19:09,
CONT2023004043,2023-06-07 08:23:28,2023-06-07 21:24:20
CONT2023004044,2023-06-04 04:08:29,2023-06-05 06:26:27
CONT2023004045,2023-06-05 08:30:16,2023-06-05 20:57:42
CONT2023004046,2023-06-08 05:00:59,2023-06-12 22:15:54
CONT2023004047,2023-06-07 00:09:15,2023-06-13 01:03:42
CONT2023004048,2023-06-07 10:38:23,2023-06-08 03:25:14
CONT2023004049,2023-06-08 00:06:49,
CONT2023004050,2023-05-31 19:35:58,2023-06-01 17:34:01
CONT2023004051,2023-06-01 19:30:14,2023-06-13 12:39:10
CONT2023004052,2023-06-10 03:22:02,2023-06-12 14:00:32
CONT2023004053,2023-06-03 22:32:51,2023-06-14 11:37:06
CONT2023004054,2023-06-03 06:41:20,
CONT2023004055,2023-06-02 08:03:53,
CONT2023004056,2023-06-09 20:26:07,2023-06-10 17:20:40
CONT2023004057,2023-06-09 08:56:21,2023-06-10 07:01:00
CONT2023004058,2023-05-31 20:51:37,2023-06-13 01:54:04
CONT2023004059,2023-06-09 12:24:45,2023-06-13 00:31:49
CONT2023004060,2023-06-05 23:47:30,2023-06-06 20:08:45
CONT2023004061,2023-06-01 11:50:51,2023-06-02 14:57:31
CONT2023004062,2023-06-09 15:55:07,
CONT2023004063,2023-06-02 23:12:25,
CONT2023004064,2023-06-04 04:17:06,2023-06-14 17:17:52
CONT2023004065,2023-06-09 04:56:43,2023-06-10 05:54:14
CONT2023004066,2023-05-31 19:59:33,2023-06-14 08:30:29
CONT2023004067,2023-06-09 13:43:06,2023-06-10 10:18:03
CONT2023004068,2023-06-07 05:51:04,2023-06-08 01:02:57
CONT2023004069,2023-06-09 22:08:43,
CONT2023004070,2023-06-05 06:23:49,2023-06-05 10:23:49
CONT2023004071,2023-06-07 23:42:25,2023-06-08 17:59:16
CONT2023004072,2023-06-09 20:44:31,
CONT2023004073,2023-06-08 07:14:53,2023-06-09 13:21:57
CONT2023004074,2023-06-07 04:18:13,
CONT2023004075,2023-06-01 01:10:11,2023-06-01 16:37:42
CONT2023004076,2023-06-10 18:31:32,2023-06-14 05:17:03
CONT2023004077,2023-06-09 11:26:27,2023-06-10 00:58:10
CONT2023004078,2023-06-01 16:27:45,2023-06-02 05:23:26
CONT2023004079,2023-06-01 12:16:06,2023-06-15 06:48:32
CONT2023004080,2023-06-03 20:58:29,2023-06-14 18:02:01
CONT2023004081,2023-06-04 21:32:05,2023-06-14 15:36:15
CONT2023004082,2023-06-05 01:22:08,
CONT2023004083,2023-06-10 09:50:05,2023-06-10 20:47:20
CONT2023004084,2023-06-01 16:43:36,2023-06-14 10:52:01
CONT2023004085,2023-06-05 07:27:43,2023-06-13 14:30:19
CONT2023004086,2023-06-11 14:23:49,2023-06-12 01:43:00
CONT2023004087,2023-06-02 03:24:43,2023-06-15 05:49:38
CONT2023004088,2023-06-05 20:35:05,
CONT2023004089,2023-06-08 19:22:57,2023-06-09 16:23:44
CONT2023004090,2023-06-07 00:44:04,
CONT2023004091,2023-06-02 05:58:41,2023-06-14 09:49:12
CONT2023004092,2023-06-09 06:14:42,2023-06-14 17:30:24
CONT2023004093,2023-06-07 04:33:53,2023-06-08 11:12:01
CONT2023004094,2023-06-09 18:29:39,2023-06-10 13:37:51
CONT2023004095,2023-06-02 05:29:41,2023-06-14 08:47:38
CONT2023004096,2023-06-04 16:48:02,2023-06-05 07:46:08
CONT2023004097,2023-06-09 13:23:47,2023-06-10 18:15:26
CONT2023004098,2023-06-10 11:31:09,
CONT2023004099,2023-06-04 10:26:27,2023-06-05 09:18:10
CONT2023004100,2023-06-07 20:29:04,
CONT2023004101,2023-06-02 17:18:39,
CONT2023004102,2023-06-09 08:16:09,2023-06-10 06:14:06
CONT2023004103,2023-06-07 02:06:10,2023-06-07 10:29:33
CONT2023004104,2023-06-05 10:29:25,2023-06-14 09:39:45
CONT2023004105,2023-06-07 12:12:13,2023-06-07 19:43:25
CONT2023004106,2023-06-11 07:51:49,2023-06-12 06:24:25
CONT2023004107,2023-06-04 23:46:49,
CONT2023004108,2023-06-04 11:33:53,2023-06-14 22:15:35
CONT2023004109,2023-06-11 17:49:16,
CONT2023004110,2023-06-06 22:47:42,2023-06-08 00:49:03
CONT2023004111,2023-06-08 21:12:25,2023-06-09 15:02:46
CONT2023004112,2023-06-05 18:49:32,2023-06-06 06:37:02
CONT2023004113,2023-06-03 12:06:18,2023-06-04 05:06:32
CONT2023004114,2023-06-11 00:32:40,2023-06-14 23:01:34
CONT2023004115,2023-06-10 12:01:47,
CONT2023004116,2023-06-04 19:47:13,2023-06-05 11:49:49
CONT2023004117,2023-06-08 00:47:10,2023-06-09 01:19:01
CONT2023004118,2023-06-07 12:43:36,2023-06-14 22:38:55
CONT2023004119,2023-06-08 13:48:58,2023-06-09 12:43:03
CONT2023004120,2023-06-01 18:05:33,2023-06-15 09:03:15
CONT2023004121,2023-06-10 16:21:09,2023-06-15 10:06:13
CONT2023004122,2023-06-08 00:56:48,2023-06-08 12:38:46
CONT2023004123,2023-06-08 00:40:22,2023-06-14 16:22:23
CONT2023004124,2023-06-05 00:27:40,2023-06-05 14:37:23
CONT2023004125,2023-06-11 21:23:38,2023-06-15 09:44:39
CONT2023004126,2023-06-02 09:46:23,2023-06-15 19:12:40
CONT2023004127,2023-06-12 21:29:30,2023-06-13 14:40:09
CONT2023004128,2023-06-08 06:37:57,
CONT2023004129,2023-06-07 04:08:39,
CONT2023004130,2023-06-02 21:56:45,2023-06-15 14:01:12
CONT2023004131,2023-06-10 04:46:10,
CONT2023004132,2023-06-02 14:52:03,2023-06-03 10:30:30
CONT2023004133,2023-06-04 23:48:28,2023-06-16 00:48:51
CONT2023004134,2023-06-06 15:07:30,2023-06-15 04:34:41
CONT2023004135,2023-06-08 15:14:28,2023-06-15 22:13:01
CONT2023004136,2023-06-09 10:52:30,2023-06-15 06:04:48
CONT2023004137,2023-06-10 13:23:17,
CONT2023004138,2023-06-08 19:27:11,
CONT2023004139,2023-06-03 05:58:11,
CONT2023004140,2023-06-07 14:20:35,2023-06-09 00:26:17
CONT2023004141,2023-06-02 14:19:29,2023-06-15 23:10:50
CONT2023004142,2023-06-06 11:18:07,2023-06-15 11:51:23
CONT2023004143,2023-06-09 04:10:15,
CONT2023004144,2023-06-03 06:32:14,2023-06-03 23:25:47
CONT2023004145,2023-06-03 02:44:30,2023-06-15 11:13:49
CONT2023004146,2023-06-10 20:50:04,2023-06-15 20:10:47
CONT2023004147,2023-06-08 12:32:36,2023-06-09 14:52:40
CONT2023004148,2023-06-03 06:43:34,2023-06-15 22:24:35
CONT2023004149,2023-06-07 03:43:30,2023-06-16 05:04:07
CONT2023004150,2023-06-07 13:10:56,2023-06-08 07:09:21
CONT2023004151,2023-06-09 01:44:59,
CONT2023004152,2023-06-03 11:28:27,
CONT2023004153,2023-06-05 22:23:14,2023-06-16 20:30:12
CONT2023004154,2023-06-07 17:54:40,2023-06-08 13:35:53
CONT2023004155,2023-06-08 16:47:48,2023-06-09 16:52:12
CONT2023004156,2023-06-09 00:56:39,2023-06-16 01:42:59
CONT2023004157,2023-06-11 00:42:08,2023-06-11 11:47:33
CONT2023004158,2023-06-07 05:16:21,2023-06-08 08:38:10
CONT2023004159,2023-06-03 12:38:38,2023-06-17 01:27:31
CONT2023004160,2023-06-14 06:46:29,2023-06-14 20:23:20
CONT2023004161,2023-06-14 00:39:52,2023-06-18 08:55:50
CONT2023004162,2023-06-05 17:45:44,2023-06-06 15:28:08
CONT2023004163,2023-06-05 06:18:20,2023-06-17 15:05:21
CONT2023004164,2023-06-08 04:18:51,2023-06-17 20:03:06
CONT2023004165,2023-06-08 18:39:37,
CONT2023004166,2023-06-04 00:41:44,2023-06-17 08:40:38
CONT2023004167,2023-06-10 14:50:38,2023-06-17 11:46:06
CONT2023004168,2023-06-13 10:34:16,
CONT2023004169,2023-06-04 02:32:42,
CONT2023004170,2023-06-12 06:35:10,2023-06-17 09:39:35
CONT2023004171,2023-06-12 09:11:15,2023-06-13 08:54:51
CONT2023004172,2023-06-14 08:15:15,2023-06-15 08:33:10
CONT2023004173,2023-06-13 16:20:21,2023-06-18 04:40:11
CONT2023004174,2023-06-10 00:19:08,2023-06-17 02:28:47
CONT2023004175,2023-06-06 10:41:41,2023-06-17 22:15:07
CONT2023004176,2023-06-13 05:12:51,2023-06-14 01:49:28
CONT2023004177,2023-06-08 14:09:28,2023-06-08 21:31:47
CONT2023004178,2023-06-05 02:22:19,
CONT2023004179,2023-06-07 05:54:25,
CONT2023004180,2023-06-10 03:21:27,
CONT2023004181,2023-06-13 21:03:20,2023-06-14 12:36:54
CONT2023004182,2023-06-14 04:20:56,2023-06-15 09:29:57
CONT2023004183,2023-06-04 03:23:27,2023-06-17 01:15:27
CONT2023004184,2023-06-14 06:50:50,
CONT2023004185,2023-06-14 12:24:14,2023-06-15 07:06:04
CONT2023004186,2023-06-14 04:17:09,
CONT2023004187,2023-06-12 11:26:23,2023-06-13 12:58:10
CONT2023004188,2023-06-10 00:55:52,2023-06-17 16:34:57
CONT2023004189,2023-06-08 06:53:17,2023-06-16 21:45:47
CONT2023004190,2023-06-09 16:14:31,
CONT2023004191,2023-06-08 14:29:42,2023-06-17 13:58:06
CONT2023004192,2023-06-12 06:52:23,2023-06-17 22:18:50
CONT2023004193,2023-06-14 11:56:36,2023-06-15 05:00:47
CONT2023004194,2023-06-14 09:15:04,2023-06-18 17:24:27
CONT2023004195,2023-06-05 04:29:36,2023-06-18 12:43:19
CONT2023004196,2023-06-13 18:40:23,2023-06-18 01:04:36
CONT2023004197,2023-06-13 03:25:00,2023-06-18 06:50:04
CONT2023004198,2023-06-10 06:53:10,2023-06-18 06:25:23
CONT2023004199,2023-06-07 23:02:08,2023-06-08 13:55:57
CONT2023004200,2023-06-14 10:21:51,2023-06-19 03:06:01
CONT2023004201,2023-06-14 07:42:17,2023-06-19 15:30:40
CONT2023004202,2023-06-10 15:28:42,2023-06-19 06:24:03
CONT2023004203,2023-06-12 12:32:20,2023-06-19 01:07:40
CONT2023004204,2023-06-07 18:19:14,2023-06-08 19:22:40
CONT2023004205,2023-06-15 12:39:59,2023-06-18 22:31:15
CONT2023004206,2023-06-12 18:14:27,2023-06-18 17:22:04
CONT2023004207,2023-06-06 04:11:51,2023-06-06 21:23:42
CONT2023004208,2023-06-13 19:30:25,2023-06-19 06:30:48
CONT2023004209,2023-06-06 02:37:18,
CONT2023004210,2023-06-08 08:02:14,2023-06-19 04:04:42
CONT2023004211,2023-06-15 11:08:46,2023-06-16 03:46:27
CONT2023004212,2023-06-10 22:23:06,2023-06-11 02:23:06
CONT2023004213,2023-06-06 04:42:10,2023-06-18 22:58:30
CONT2023004214,2023-06-06 22:38:42,2023-06-19 15:16:32
CONT2023004215,2023-06-12 11:37:38,2023-06-13 18:07:04
CONT2023004216,2023-06-05 14:10:30,2023-06-06 22:03:01
CONT2023004217,2023-06-13 18:09:32,2023-06-15 01:03:38
CONT2023004218,2023-06-14 17:30:00,2023-06-15 18:36:49
CONT2023004219,2023-06-07 20:42:05,2023-06-19 13:22:58
CONT2023004220,2023-06-14 00:14:30,2023-06-14 10:22:59
CONT2023004221,2023-06-14 07:17:03,2023-06-20 05:20:16
CONT2023004222,2023-06-09 20:02:34,2023-06-18 19:58:14
CONT2023004223,2023-06-14 13:31:32,
CONT2023004224,2023-06-08 05:13:36,2023-06-09 05:08:08
CONT2023004225,2023-06-11 00:19:10,
CONT2023004226,2023-06-15 04:10:31,
CONT2023004227,2023-06-15 19:37:28,2023-06-19 02:14:39
CONT2023004228,2023-06-16 17:00:56,2023-06-17 16:33:46
CONT2023004229,2023-06-09 16:02:35,2023-06-20 03:49:16
CONT2023004230,2023-06-11 09:27:50,2023-06-19 02:43:26
CONT2023004231,2023-06-12 18:12:45,2023-06-13 17:41:42
CONT2023004232,2023-06-13 23:41:02,
CONT2023004233,2023-06-14 21:15:28,2023-06-19 08:57:20
CONT2023004234,2023-06-11 14:10:19,2023-06-12 18:34:28
CONT2023004235,2023-06-07 22:51:51,2023-06-09 00:45:01
CONT2023004236,2023-06-09 09:57:45,2023-06-09 22:15:48
CONT2023004237,2023-06-06 06:41:47,2023-06-07 03:22:45
CONT2023004238,2023-06-15 12:03:46,
CONT2023004239,2023-06-11 11:04:10,2023-06-11 22:05:57
CONT2023004240,2023-06-13 10:12:51,2023-06-19 10:09:42
CONT2023004241,2023-06-16 07:24:36,2023-06-16 16:05:08
CONT2023004242,2023-06-14 04:01:23,2023-06-15 15:35:27
CONT2023004243,2023-06-09 15:17:07,2023-06-19 12:56:30
CONT2023004244,2023-06-15 16:36:47,2023-06-16 10:01:29
CONT2023004245,2023-06-15 23:59:29,
CONT2023004246,2023-06-15 13:21:07,2023-06-19 18:19:53
CONT2023004247,2023-06-12 08:55:07,2023-06-20 00:58:15
CONT2023004248,2023-06-13 18:45:32,2023-06-20 08:31:45
CONT2023004249,2023-06-09 06:12:10,2023-06-20 20:10:41
CONT2023004250,2023-06-11 10:36:53,2023-06-20 15:33:17
CONT2023004251,2023-06-07 13:40:07,2023-06-20 22:14:11
CONT2023004252,2023-06-08 15:55:47,2023-06-20 09:37:25
CONT2023004253,2023-06-10 06:50:46,2023-06-20 14:38:43
CONT2023004254,2023-06-15 09:20:02,
CONT2023004255,2023-06-13 03:17:24,2023-06-13 22:57:21
CONT2023004256,2023-06-12 07:53:44,2023-06-21 11:00:34
CONT2023004257,2023-06-07 06:31:59,2023-06-08 00:37:16
CONT2023004258,2023-06-07 14:50:18,2023-06-08 12:31:46
CONT2023004259,2023-06-15 19:42:44,
CONT2023004260,2023-06-10 09:35:33,2023-06-10 17:21:03
CONT2023004261,2023-06-13 14:47:43,
CONT2023004262,2023-06-15 09:02:47,
CONT2023004263,2023-06-08 15:11:35,2023-06-20 17:57:23
CONT2023004264,2023-06-06 09:51:53,
CONT2023004265,2023-06-10 07:29:03,
CONT2023004266,2023-06-16 23:32:34,2023-06-17 05:08:40
CONT2023004267,2023-06-13 17:42:26,2023-06-14 08:26:25
CONT2023004268,2023-06-14 07:53:38,2023-06-20 13:25:55
CONT2023004269,2023-06-13 06:51:26,2023-06-13 17:31:15
CONT2023004270,2023-06-16 19:32:33,2023-06-18 03:03:04
CONT2023004271,2023-06-10 13:35:05,2023-06-22 19:55:16
CONT2023004272,2023-06-13 12:04:26,2023-06-14 08:30:26
CONT2023004273,2023-06-19 09:13:59,2023-06-23 22:05:41
CONT2023004274,2023-06-15 14:51:01,2023-06-23 19:14:15
CONT2023004275,2023-06-15 06:07:25,2023-06-16 02:04:10
CONT2023004276,2023-06-09 23:27:08,2023-06-10 21:39:11
CONT2023004277,2023-06-16 06:58:56,2023-06-17 02:38:06
CONT2023004278,2023-06-11 03:00:37,2023-06-11 11:08:25
CONT2023004279,2023-06-14 09:41:47,
CONT2023004280,2023-06-11 15:04:08,2023-06-23 08:19:12
CONT2023004281,2023-06-20 01:51:55,2023-06-23 03:42:42
CONT2023004282,2023-06-15 03:33:28,
CONT2023004283,2023-06-11 08:10:06,2023-06-23 07:31:05
CONT2023004284,2023-06-12 04:23:13,2023-06-23 03:05:01
CONT2023004285,2023-06-16 08:07:37,
CONT2023004286,2023-06-17 06:44:10,2023-06-17 20:50:02
CONT2023004287,2023-06-12 06:46:36,
CONT2023004288,2023-06-13 08:34:27,2023-06-13 20:31:46
CONT2023004289,2023-06-19 04:12:41,2023-06-19 12:02:38
CONT2023004290,2023-06-17 08:17:00,2023-06-18 09:54:05
CONT2023004291,2023-06-18 08:23:51,2023-06-24 21:14:43
CONT2023004292,2023-06-17 08:58:20,
CONT2023004293,2023-06-17 02:30:24,2023-06-24 18:42:21
CONT2023004294,2023-06-14 05:16:41,2023-06-14 19:05:46
CONT2023004295,2023-06-21 03:24:59,2023-06-24 10:59:46
CONT2023004296,2023-06-12 12:09:22,2023-06-13 21:27:06
CONT2023004297,2023-06-22 02:10:00,
CONT2023004298,2023-06-12 16:04:13,
CONT2023004299,2023-06-20 03:29:51,2023-06-24 10:48:19
CONT2023004300,2023-06-11 02:22:57,2023-06-25 07:33:11
CONT2023004301,2023-06-13 23:16:49,2023-06-24 13:21:27
CONT2023004302,2023-06-17 23:50:06,2023-06-19 03:42:52
CONT2023004303,2023-06-12 16:02:11,2023-06-24 15:25:44
CONT2023004304,2023-06-16 02:44:09,2023-06-25 17:18:30
CONT2023004305,2023-06-16 17:57:26,2023-06-18 02:15:28
CONT2023004306,2023-06-19 10:33:46,2023-06-20 12:47:11
CONT2023004307,2023-06-18 12:13:59,2023-06-26 01:32:35
CONT2023004308,2023-06-20 04:22:18,2023-06-26 01:48:26
CONT2023004309,2023-06-15 06:37:55,2023-06-16 12:03:44
CONT2023004310,2023-06-14 06:40:12,
CONT2023004311,2023-06-12 22:32:48,2023-06-14 07:00:51
CONT2023004312,2023-06-23 03:48:16,2023-06-23 23:51:31
CONT2023004313,2023-06-20 19:33:28,2023-06-26 13:14:56
CONT2023004314,2023-06-21 22:13:03,
CONT2023004315,2023-06-16 11:14:42,2023-06-26 04:14:49
CONT2023004316,2023-06-18 21:21:40,2023-06-26 06:19:14
CONT2023004317,2023-06-12 22:21:00,2023-06-26 11:24:13
CONT2023004318,2023-06-13 23:55:28,2023-06-14 14:43:36
CONT2023004319,2023-06-19 13:01:28,2023-06-20 03:10:44
CONT2023004320,2023-06-12 19:58:03,2023-06-25 14:26:50
CONT2023004321,2023-06-12 19:54:14,2023-06-13 17:58:56
CONT2023004322,2023-06-20 01:23:50,2023-06-26 07:34:52
CONT2023004323,2023-06-22 10:51:52,2023-06-25 16:37:34
CONT2023004324,2023-06-17 01:38:32,2023-06-18 07:36:04
CONT2023004325,2023-06-18 10:27:37,2023-06-25 23:41:01
CONT2023004326,2023-06-19 00:16:44,2023-06-19 15:33:11
CONT2023004327,2023-06-13 18:23:47,2023-06-14 10:10:45
CONT2023004328,2023-06-13 02:09:45,2023-06-26 03:36:00
CONT2023004329,2023-06-22 20:40:11,2023-06-24 08:48:06
CONT2023004330,2023-06-14 19:47:59,2023-06-25 17:59:23
CONT2023004331,2023-06-21 16:54:34,2023-06-26 02:30:54
CONT2023004332,2023-06-13 23:36:24,2023-06-26 07:42:58
CONT2023004333,2023-06-14 08:57:11,2023-06-15 12:30:07
CONT2023004334,2023-06-18 08:45:52,2023-06-26 10:55:49
CONT2023004335,2023-06-22 21:47:10,2023-06-26 12:00:36
CONT2023004336,2023-06-21 06:57:12,2023-06-26 18:19:12
CONT2023004337,2023-06-17 16:18:37,2023-06-26 17:22:52
CONT2023004338,2023-06-18 11:50:47,2023-06-19 07:16:20
CONT2023004339,2023-06-12 22:31:36,2023-06-26 14:37:25
CONT2023004340,2023-06-21 10:30:32,2023-06-23 01:04:03
CONT2023004341,2023-06-22 14:52:09,2023-06-28 03:26:01
CONT2023004342,2023-06-15 00:37:33,2023-06-29 02:44:22
CONT2023004343,2023-06-20 03:03:37,2023-06-28 03:45:41
CONT2023004344,2023-06-24 15:28:34,2023-06-25 04:18:21
CONT2023004345,2023-06-24 03:00:28,
CONT2023004346,2023-06-26 05:45:58,2023-07-02 15:04:42
CONT2023004347,2023-06-24 17:09:02,2023-06-25 09:08:53
CONT2023004348,2023-06-27 18:19:19,
CONT2023004349,2023-06-27 11:31:19,
CONT2023004350,2023-06-24 14:09:39,2023-06-26 01:53:20
CONT2023004351,2023-06-29 09:02:39,
CONT2023004352,2023-06-29 02:09:17,2023-07-02 15:53:15
CONT2023004353,2023-06-22 10:58:55,2023-06-23 10:09:58
CONT2023004354,2023-06-22 11:31:34,2023-07-02 10:32:23
CONT2023004355,2023-06-24 04:12:25,2023-06-24 22:04:07
CONT2023004356,2023-06-21 07:52:44,2023-06-22 10:11:34
CONT2023004357,2023-06-19 16:32:44,2023-06-20 06:07:12
CONT2023004358,2023-06-25 08:24:15,2023-07-01 18:43:06
CONT2023004359,2023-06-25 09:05:30,2023-07-03 03:47:28
CONT2023004360,2023-06-26 04:29:44,2023-06-26 23:57:02
CONT2023004361,2023-06-23 13:35:55,
CONT2023004362,2023-06-26 21:35:58,2023-07-03 02:05:18
CONT2023004363,2023-06-21 10:15:56,2023-07-03 02:04:53
CONT2023004364,2023-06-28 20:13:39,2023-06-29 11:30:35
CONT2023004365,2023-06-25 10:24:13,2023-06-26 13:31:48
CONT2023004366,2023-06-24 12:47:47,2023-06-25 05:25:03
CONT2023004367,2023-06-28 19:14:50,2023-07-03 17:17:01
CONT2023004368,2023-06-19 19:12:06,2023-07-02 21:05:02
CONT2023004369,2023-06-20 01:09:34,2023-07-02 23:57:11
CONT2023004370,2023-06-29 09:43:08,
CONT2023004371,2023-06-27 19:11:47,2023-07-03 16:53:57
CONT2023004372,2023-06-29 01:02:06,2023-07-02 21:32:27
CONT2023004373,2023-06-19 21:52:06,2023-07-03 06:37:17
CONT2023004374,2023-06-28 17:49:07,2023-07-03 07:19:30
CONT2023004375,2023-06-19 09:29:47,
CONT2023004376,2023-06-29 15:32:39,2023-06-30 06:40:30
CONT2023004377,2023-06-27 08:31:28,2023-07-03 14:36:50
CONT2023004378,2023-06-23 16:09:46,2023-07-03 10:52:21
CONT2023004379,2023-06-19 15:52:56,2023-07-03 04:28:17
CONT2023004380,2023-06-25 01:46:53,2023-07-02 20:05:08
CONT2023004381,2023-06-24 19:59:40,2023-06-25 14:49:28
CONT2023004382,2023-06-28 14:50:16,2023-07-02 14:07:14
CONT2023004383,2023-06-22 23:35:13,2023-07-02 09:24:49
CONT2023004384,2023-06-20 23:19:27,
CONT2023004385,2023-06-19 15:30:26,2023-07-02 19:09:33
CONT2023004386,2023-06-21 04:37:58,
CONT2023004387,2023-06-21 16:37:36,2023-07-03 11:30:32
CONT2023004388,2023-06-30 09:29:41,2023-07-01 12:25:33
CONT2023004389,2023-06-25 07:59:18,
CONT2023004390,2023-06-21 11:02:53,2023-07-03 22:00:43
CONT2023004391,2023-06-20 12:00:04,
CONT2023004392,2023-06-23 14:50:43,2023-07-03 13:10:22
CONT2023004393,2023-06-28 07:24:53,2023-07-04 12:01:59
CONT2023004394,2023-06-27 06:50:28,2023-07-03 12:33:10
CONT2023004395,2023-06-28 06:28:27,2023-06-28 16:12:16
CONT2023004396,2023-06-21 05:56:00,2023-06-21 20:10:07
CONT2023004397,2023-06-22 08:46:55,2023-06-22 22:42:59
CONT2023004398,2023-06-28 20:14:44,
CONT2023004399,2023-06-28 23:34:14,2023-07-03 16:25:53
CONT2023004400,2023-06-26 07:29:14,2023-06-27 02:44:23
CONT2023004401,2023-06-28 06:01:17,2023-06-29 06:46:26
CONT2023004402,2023-06-29 05:05:48,2023-06-29 18:33:41
CONT2023004403,2023-06-28 09:53:51,
CONT2023004404,2023-06-23 00:39:13,2023-07-03 08:55:47
CONT2023004405,2023-06-28 04:53:02,2023-07-03 15:43:47
CONT2023004406,2023-06-20 00:06:08,2023-07-04 16:00:12
CONT2023004407,2023-06-27 18:29:56,
CONT2023004408,2023-06-30 10:05:03,2023-07-01 06:27:18
CONT2023004409,2023-06-29 16:35:33,2023-06-30 17:09:12
CONT2023004410,2023-06-21 05:32:41,2023-07-03 01:31:10
CONT2023004411,2023-06-23 10:10:40,2023-06-24 03:15:49
CONT2023004412,2023-06-24 23:32:45,2023-06-25 21:41:34
CONT2023004413,2023-06-23 18:07:58,2023-07-04 00:13:59
CONT2023004414,2023-06-28 02:20:38,2023-07-04 10:58:10
CONT2023004415,2023-06-28 11:20:21,
CONT2023004416,2023-06-24 08:31:56,2023-06-25 09:24:00
CONT2023004417,2023-06-28 21:20:28,2023-06-29 16:37:35
CONT2023004418,2023-06-27 15:31:39,2023-06-28 17:48:14
CONT2023004419,2023-06-25 11:37:26,2023-07-04 07:07:18
CONT2023004420,2023-06-25 08:54:59,2023-07-04 04:31:41
CONT2023004421,2023-06-29 03:58:08,2023-06-30 04:04:22
CONT2023004422,2023-06-26 12:16:44,2023-07-04 12:51:58
CONT2023004423,2023-06-26 21:48:15,
CONT2023004424,2023-06-25 22:41:26,2023-06-26 19:29:31
CONT2023004425,2023-06-27 03:48:03,2023-06-28 07:43:22
CONT2023004426,2023-06-28 09:07:56,2023-07-04 08:48:42
CONT2023004427,2023-06-22 23:45:31,2023-07-03 15:44:57
CONT2023004428,2023-06-23 20:16:49,2023-07-03 18:31:41
CONT2023004429,2023-06-20 17:10:59,2023-06-21 19:18:32
CONT2023004430,2023-06-30 15:59:13,
CONT2023004431,2023-06-26 23:31:06,2023-06-28 04:31:16
CONT2023004432,2023-06-21 08:38:35,2023-07-04 11:20:12
CONT2023004433,2023-06-29 17:03:23,2023-07-03 19:09:48
CONT2023004434,2023-06-26 02:47:22,2023-07-03 23:38:46
CONT2023004435,2023-06-24 08:25:05,2023-07-04 02:29:39
CONT2023004436,2023-06-28 13:19:06,2023-06-29 04:27:32
CONT2023004437,2023-06-23 23:55:12,
CONT2023004438,2023-06-27 01:54:12,2023-06-27 23:44:49
CONT2023004439,2023-06-20 23:38:52,2023-06-21 09:10:18
CONT2023004440,2023-06-28 08:57:16,2023-07-04 13:37:14
CONT2023004441,2023-06-29 16:59:35,2023-07-04 01:15:53
CONT2023004442,2023-07-01 06:53:05,
CONT2023004443,2023-06-29 00:29:17,2023-07-04 17:47:55
CONT2023004444,2023-06-27 10:30:48,
CONT2023004445,2023-06-21 02:23:48,2023-07-04 05:23:32
CONT2023004446,2023-06-28 19:17:56,2023-07-03 21:45:25
CONT2023004447,2023-06-29 23:41:52,2023-07-01 20:39:22
CONT2023004448,2023-06-24 04:36:10,2023-06-25 11:10:04
CONT2023004449,2023-06-21 06:14:51,2023-06-22 11:54:50
CONT2023004450,2023-06-23 02:24:54,2023-07-04 01:00:00
CONT2023004451,2023-06-28 03:13:32,2023-07-04 15:09:56
CONT2023004452,2023-06-26 10:38:47,2023-07-04 18:42:34
CONT2023004453,2023-06-21 08:00:24,2023-07-04 07:57:10
CONT2023004454,2023-06-21 14:53:28,2023-07-04 20:41:19
CONT2023004455,2023-06-24 08:04:29,
CONT2023004456,2023-06-22 13:14:37,
CONT2023004457,2023-06-21 14:26:43,2023-06-22 17:10:13
CONT2023004458,2023-06-30 21:05:53,
CONT2023004459,2023-06-25 08:40:40,2023-07-04 22:20:39
CONT2023004460,2023-06-22 01:17:39,2023-07-04 20:15:04
CONT2023004461,2023-07-01 11:21:37,2023-07-02 11:10:23
CONT2023004462,2023-06-26 07:06:12,2023-07-04 06:52:02
CONT2023004463,2023-06-21 13:02:10,2023-06-22 08:50:57
CONT2023004464,2023-07-01 20:23:27,2023-07-04 17:23:53
CONT2023004465,2023-06-24 06:10:20,2023-06-24 15:38:27
CONT2023004466,2023-06-21 10:58:54,2023-06-21 23:44:23
CONT2023004467,2023-06-29 03:59:38,
CONT2023004468,2023-07-01 00:20:50,2023-07-01 12:10:01
CONT2023004469,2023-06-23 08:52:37,2023-07-04 16:21:43
CONT2023004470,2023-06-25 17:33:16,2023-07-04 12:09:15
CONT2023004471,2023-06-24 05:05:34,2023-06-24 15:40:55
CONT2023004472,2023-07-01 08:55:46,2023-07-02 06:57:00
CONT2023004473,2023-06-30 22:37:48,2023-07-01 23:59:22
CONT2023004474,2023-06-24 12:49:19,2023-06-25 13:55:39
CONT2023004475,2023-06-23 19:01:20,2023-07-04 14:53:04
CONT2023004476,2023-07-01 09:40:37,
CONT2023004477,2023-06-22 04:28:05,
CONT2023004478,2023-06-30 07:57:33,2023-07-05 00:42:03
CONT2023004479,2023-06-24 03:16:57,2023-06-25 08:06:09
CONT2023004480,2023-06-26 04:06:56,2023-07-04 06:41:29
CONT2023004481,2023-06-25 12:57:43,2023-06-26 07:10:03
CONT2023004482,2023-06-29 23:39:46,2023-07-05 05:43:44
CONT2023004483,2023-06-30 21:26:42,2023-07-04 19:51:30
CONT2023004484,2023-06-28 07:56:34,2023-07-04 22:09:44
CONT2023004485,2023-06-24 02:18:50,2023-06-24 22:54:15
CONT2023004486,2023-07-01 20:55:11,2023-07-02 00:55:11
CONT2023004487,2023-07-01 05:46:50,
CONT2023004488,2023-06-27 18:27:28,2023-07-04 16:49:34
CONT2023004489,2023-06-25 22:37:02,
CONT2023004490,2023-06-25 04:46:28,2023-07-05 01:14:11
CONT2023004491,2023-06-28 06:29:28,2023-07-05 14:37:47
CONT2023004492,2023-06-25 11:32:32,2023-07-05 19:21:21
CONT2023004493,2023-06-23 18:53:11,2023-06-24 12:37:26
CONT2023004494,2023-06-23 07:03:16,2023-06-24 02:38:04
CONT2023004495,2023-07-02 08:44:27,2023-07-04 18:21:51
CONT2023004496,2023-06-23 13:52:02,
CONT2023004497,2023-06-25 20:21:52,2023-06-26 20:46:33
CONT2023004498,2023-06-30 01:30:13,
CONT2023004499,2023-06-29 10:40:28,2023-06-30 15:32:49
CONT2023004500,2023-06-22 19:48:29,2023-06-23 00:21:55
CONT2023004501,2023-06-30 17:04:39,2023-07-07 05:15:47
CONT2023004502,2023-06-26 13:24:06,2023-07-06 13:12:23
CONT2023004503,2023-06-24 11:15:30,2023-07-05 16:31:12
CONT2023004504,2023-06-30 00:13:11,2023-07-06 18:25:12
CONT2023004505,2023-06-24 22:37:47,
CONT2023004506,2023-06-28 15:44:18,2023-06-29 15:40:44
CONT2023004507,2023-06-29 17:53:19,
CONT2023004508,2023-06-26 10:46:01,2023-07-07 09:11:39
CONT2023004509,2023-06-29 03:10:14,
CONT2023004510,2023-06-30 13:15:20,2023-07-07 13:16:57
CONT2023004511,2023-06-24 20:34:27,
CONT2023004512,2023-06-24 16:46:38,2023-07-08 02:42:49
CONT2023004513,2023-06-30 19:15:26,2023-07-01 12:43:36
CONT2023004514,2023-06-26 06:34:20,2023-07-08 00:50:20
CONT2023004515,2023-07-01 03:33:55,2023-07-07 04:23:39
CONT2023004516,2023-06-30 22:04:33,2023-07-01 18:25:50
CONT2023004517,2023-07-04 19:47:13,2023-07-07 06:44:40
CONT2023004518,2023-07-02 19:31:48,2023-07-03 17:39:53
CONT2023004519,2023-06-27 12:04:10,2023-07-08 06:38:58
CONT2023004520,2023-06-26 11:49:04,2023-07-07 18:25:47
CONT2023004521,2023-07-02 16:55:41,
CONT2023004522,2023-07-01 18:48:07,2023-07-07 00:00:22
CONT2023004523,2023-06-30 05:39:34,2023-07-07 12:13:05
CONT2023004524,2023-06-27 18:52:28,2023-06-28 10:42:10
CONT2023004525,2023-07-03 21:03:06,
CONT2023004526,2023-07-02 11:13:42,
CONT2023004527,2023-06-24 05:07:55,2023-07-07 04:39:19
CONT2023004528,2023-06-26 02:15:16,2023-07-10 00:37:23
CONT2023004529,2023-07-04 02:52:32,2023-07-09 05:27:33
CONT2023004530,2023-07-01 02:29:35,2023-07-01 21:02:05
CONT2023004531,2023-07-03 00:21:15,2023-07-03 19:37:47
CONT2023004532,2023-06-28 01:02:23,2023-07-08 19:32:14
CONT2023004533,2023-06-27 09:08:10,2023-07-10 03:32:50
CONT2023004534,2023-06-27 10:57:26,2023-07-09 04:28:24
CONT2023004535,2023-07-01 15:02:20,2023-07-02 06:29:26
CONT2023004536,2023-07-04 01:25:00,2023-07-09 18:37:19
CONT2023004537,2023-06-26 03:21:44,2023-07-09 03:42:42
CONT2023004538,2023-07-02 11:32:04,2023-07-03 05:58:21
CONT2023004539,2023-06-30 19:37:59,2023-07-01 08:27:13
CONT2023004540,2023-07-06 04:49:42,2023-07-06 15:24:47
CONT2023004541,2023-07-01 18:50:07,2023-07-03 02:51:09
CONT2023004542,2023-06-30 18:12:37,2023-07-01 12:40:31
CONT2023004543,2023-07-01 12:15:50,
CONT2023004544,2023-06-27 01:24:28,2023-06-28 01:49:19
CONT2023004545,2023-07-01 19:23:01,2023-07-09 13:08:42
CONT2023004546,2023-07-03 18:34:41,2023-07-09 13:12:10
CONT2023004547,2023-06-28 23:36:41,2023-07-09 21:19:40
CONT2023004548,2023-06-27 07:44:23,2023-06-28 17:17:08
CONT2023004549,2023-06-27 04:43:38,2023-06-27 23:36:48
CONT2023004550,2023-06-27 14:33:37,2023-07-09 23:12:22
CONT2023004551,2023-07-04 03:02:01,2023-07-04 19:09:51
CONT2023004552,2023-07-02 06:42:11,2023-07-09 16:55:43
CONT2023004553,2023-07-02 00:26:53,2023-07-03 00:17:01
CONT2023004554,2023-06-26 09:54:33,2023-07-09 10:50:10
CONT2023004555,2023-07-02 06:29:53,
CONT2023004556,2023-06-30 08:55:54,
CONT2023004557,2023-07-05 18:27:43,2023-07-06 14:19:26
CONT2023004558,2023-07-06 15:13:30,2023-07-10 02:57:27
CONT2023004559,2023-07-03 01:08:13,2023-07-03 21:44:22
CONT2023004560,2023-06-29 02:37:09,2023-07-09 13:54:50
CONT2023004561,2023-07-04 17:36:13,2023-07-09 10:36:53
CONT2023004562,2023-06-28 15:00:08,2023-07-09 17:47:00
CONT2023004563,2023-07-01 07:11:54,2023-07-01 23:37:34
CONT2023004564,2023-06-30 18:44:56,2023-07-10 02:51:26
CONT2023004565,2023-07-01 14:48:06,2023-07-09 15:48:09
CONT2023004566,2023-07-01 14:40:23,2023-07-10 10:56:50
CONT2023004567,2023-06-28 23:43:42,2023-07-09 19:49:48
CONT2023004568,2023-06-27 19:51:44,2023-07-09 10:14:06
CONT2023004569,2023-06-28 10:31:37,2023-06-29 10:17:03
CONT2023004570,2023-07-07 00:50:43,2023-07-09 17:35:40
CONT2023004571,2023-06-28 00:33:55,2023-06-28 11:02:51
CONT2023004572,2023-07-05 17:23:17,2023-07-06 03:26:59
CONT2023004573,2023-06-30 22:07:55,
CONT2023004574,2023-07-10 00:19:01,2023-07-11 01:09:19
CONT2023004575,2023-07-06 16:38:06,2023-07-07 22:25:24
CONT2023004576,2023-06-30 02:40:19,2023-06-30 10:11:40
CONT2023004577,2023-07-08 17:29:28,2023-07-14 03:08:28
CONT2023004578,2023-07-07 12:02:32,2023-07-08 06:13:54
CONT2023004579,2023-06-29 23:35:21,2023-06-30 18:21:47
CONT2023004580,2023-07-08 07:59:39,2023-07-13 08:22:50
CONT2023004581,2023-07-02 01:57:10,2023-07-13 14:56:43
CONT2023004582,2023-07-08 12:55:50,2023-07-09 21:27:12
CONT2023004583,2023-07-02 22:16:50,2023-07-03 11:26:29
CONT2023004584,2023-07-01 18:58:30,
CONT2023004585,2023-07-09 03:58:27,2023-07-10 05:09:46
CONT2023004586,2023-06-30 05:07:42,2023-07-14 02:32:12
CONT2023004587,2023-07-06 06:52:55,2023-07-07 04:26:40
CONT2023004588,2023-07-03 18:13:50,2023-07-14 07:06:04
CONT2023004589,2023-07-10 00:57:29,2023-07-13 19:10:27
CONT2023004590,2023-07-08 05:09:10,
CONT2023004591,2023-07-03 15:19:41,2023-07-13 17:09:21
CONT2023004592,2023-07-04 23:33:05,2023-07-05 21:00:28
CONT2023004593,2023-07-09 11:52:08,
CONT2023004594,2023-07-07 08:37:46,2023-07-08 12:16:04
CONT2023004595,2023-07-05 05:25:12,
CONT2023004596,2023-07-08 22:13:21,2023-07-14 12:33:59
CONT2023004597,2023-07-04 03:12:05,
CONT2023004598,2023-07-11 03:38:04,2023-07-13 09:00:20
CONT2023004599,2023-07-02 20:03:03,2023-07-03 01:58:53
CONT2023004600,2023-07-01 10:07:38,2023-07-02 22:31:15
CONT2023004601,2023-07-06 21:06:08,2023-07-07 16:48:02
CONT2023004602,2023-07-09 10:59:41,2023-07-14 00:26:32
CONT2023004603,2023-07-03 00:23:58,2023-07-14 05:42:15
CONT2023004604,2023-07-11 01:47:48,
CONT2023004605,2023-07-09 01:03:28,2023-07-14 07:11:08
CONT2023004606,2023-07-04 08:27:03,2023-07-04 22:42:44
CONT2023004607,2023-07-08 15:52:34,2023-07-09 19:23:24
CONT2023004608,2023-07-08 05:32:19,
CONT2023004609,2023-07-07 14:19:17,
CONT2023004610,2023-07-04 00:27:19,2023-07-05 09:16:19
CONT2023004611,2023-07-09 02:51:08,2023-07-14 15:15:25
CONT2023004612,2023-07-04 22:05:10,2023-07-05 19:12:05
CONT2023004613,2023-07-01 05:45:32,2023-07-14 16:09:12
CONT2023004614,2023-07-10 01:14:28,2023-07-10 05:14:28
CONT2023004615,2023-07-06 07:26:04,2023-07-07 07:54:03
CONT2023004616,2023-07-05 18:55:44,
CONT2023004617,2023-07-04 07:58:03,2023-07-14 19:11:26
CONT2023004618,2023-07-04 19:34:00,2023-07-06 01:51:43
CONT2023004619,2023-07-09 05:40:19,2023-07-13 18:40:18
CONT2023004620,2023-07-05 10:53:20,2023-07-15 15:11:17
CONT2023004621,2023-07-07 21:25:29,2023-07-15 09:38:10
CONT2023004622,2023-07-09 20:52:33,2023-07-10 16:15:15
CONT2023004623,2023-07-11 14:31:14,2023-07-14 20:30:26
CONT2023004624,2023-07-09 11:49:08,2023-07-10 16:39:56
CONT2023004625,2023-07-12 03:10:00,2023-07-12 19:08:44
CONT2023004626,2023-07-02 14:03:44,
CONT2023004627,2023-07-07 17:59:05,2023-07-15 08:04:08
CONT2023004628,2023-07-09 08:48:16,
CONT2023004629,2023-07-07 14:06:15,2023-07-08 23:18:41
CONT2023004630,2023-07-07 17:54:15,2023-07-15 09:36:05
CONT2023004631,2023-07-02 15:46:20,2023-07-03 08:13:58
CONT2023004632,2023-07-12 23:37:49,2023-07-14 07:53:01
CONT2023004633,2023-07-08 21:29:25,2023-07-16 06:14:43
CONT2023004634,2023-07-12 02:33:17,2023-07-12 17:35:13
CONT2023004635,2023-07-04 11:08:12,2023-07-15 20:49:29
CONT2023004636,2023-07-07 11:55:42,2023-07-15 15:54:23
CONT2023004637,2023-07-09 16:06:22,2023-07-16 00:15:57
CONT2023004638,2023-07-04 04:50:13,2023-07-05 05:29:36
CONT2023004639,2023-07-03 01:52:13,2023-07-15 08:52:19
CONT2023004640,2023-07-08 15:04:29,2023-07-16 02:31:31
CONT2023004641,2023-07-10 04:02:03,2023-07-10 23:59:35
CONT2023004642,2023-07-09 03:35:29,2023-07-10 06:51:34
CONT2023004643,2023-07-05 16:58:57,2023-07-06 13:22:52
CONT2023004644,2023-07-05 13:02:18,2023-07-05 17:02:18
CONT2023004645,2023-07-04 20:31:05,2023-07-15 23:58:27
CONT2023004646,2023-07-05 08:58:48,2023-07-15 02:56:43
CONT2023004647,2023-07-13 19:13:59,2023-07-17 23:49:15
CONT2023004648,2023-07-08 21:43:01,2023-07-17 15:29:25
CONT2023004649,2023-07-05 10:37:52,2023-07-18 11:19:40
CONT2023004650,2023-07-05 11:57:53,2023-07-07 05:28:47
CONT2023004651,2023-07-10 10:56:13,2023-07-18 09:07:36
CONT2023004652,2023-07-04 00:47:50,2023-07-16 19:43:42
CONT2023004653,2023-07-10 02:05:54,2023-07-10 21:55:52
CONT2023004654,2023-07-15 01:29:53,2023-07-17 22:12:18
CONT2023004655,2023-07-05 17:38:05,2023-07-16 22:16:08
CONT2023004656,2023-07-11 22:36:34,
CONT2023004657,2023-07-07 16:59:03,2023-07-17 18:42:48
CONT2023004658,2023-07-12 22:32:40,2023-07-13 02:32:40
CONT2023004659,2023-07-13 23:35:41,2023-07-14 13:54:27
CONT2023004660,2023-07-10 17:37:52,2023-07-12 00:22:48
CONT2023004661,2023-07-13 02:53:26,
CONT2023004662,2023-07-04 19:23:22,
CONT2023004663,2023-07-08 23:29:00,2023-07-10 04:54:45
CONT2023004664,2023-07-08 02:17:58,2023-07-18 11:12:28
CONT2023004665,2023-07-06 08:10:11,2023-07-06 18:56:37
CONT2023004666,2023-07-13 10:21:08,
CONT2023004667,2023-07-14 13:08:45,2023-07-15 12:30:38
CONT2023004668,2023-07-05 09:39:29,
CONT2023004669,2023-07-07 14:17:17,
CONT2023004670,2023-07-11 11:20:57,2023-07-12 01:47:46
CONT2023004671,2023-07-08 06:16:22,2023-07-17 08:38:16
CONT2023004672,2023-07-06 06:00:37,2023-07-06 21:17:23
CONT2023004673,2023-07-15 04:46:00,
CONT2023004674,2023-07-04 05:07:54,2023-07-18 08:00:04
CONT2023004675,2023-07-05 03:30:32,
CONT2023004676,2023-07-12 19:17:43,2023-07-17 12:53:55
CONT2023004677,2023-07-08 04:02:12,2023-07-17 19:03:59
CONT2023004678,2023-07-14 05:45:36,
CONT2023004679,2023-07-09 20:19:05,2023-07-18 02:12:22
CONT2023004680,2023-07-15 16:22:28,
CONT2023004681,2023-07-12 22:54:43,2023-07-13 21:52:33
CONT2023004682,2023-07-08 19:10:01,2023-07-09 03:33:53
CONT2023004683,2023-07-06 18:39:52,2023-07-18 11:17:21
CONT2023004684,2023-07-15 07:59:41,2023-07-17 07:01:44
CONT2023004685,2023-07-07 19:54:22,2023-07-17 18:23:04
CONT2023004686,2023-07-10 13:58:28,
CONT2023004687,2023-07-07 22:24:34,2023-07-18 15:17:25
CONT2023004688,2023-07-14 10:53:29,2023-07-17 17:09:26
CONT2023004689,2023-07-05 13:28:16,
CONT2023004690,2023-07-09 07:47:29,2023-07-19 09:35:51
CONT2023004691,2023-07-12 16:32:58,
CONT2023004692,2023-07-12 07:56:28,2023-07-12 22:38:16
CONT2023004693,2023-07-09 03:02:38,2023-07-18 12:28:13
CONT2023004694,2023-07-13 23:24:43,
CONT2023004695,2023-07-10 04:01:28,2023-07-18 18:22:36
CONT2023004696,2023-07-05 16:29:24,2023-07-17 09:07:34
CONT2023004697,2023-07-12 23:59:35,2023-07-13 14:43:44
CONT2023004698,2023-07-13 16:46:14,2023-07-14 12:38:33
CONT2023004699,2023-07-09 19:31:20,2023-07-18 15:58:35
CONT2023004700,2023-07-08 07:27:04,2023-07-09 10:56:35
CONT2023004701,2023-07-15 15:00:03,2023-07-17 07:28:19
CONT2023004702,2023-07-04 21:06:18,2023-07-18 07:51:39
CONT2023004703,2023-07-10 07:38:59,2023-07-10 12:17:33
CONT2023004704,2023-07-05 09:56:44,2023-07-18 18:42:11
CONT2023004705,2023-07-13 15:50:29,
CONT2023004706,2023-07-09 10:25:46,2023-07-10 01:45:08
CONT2023004707,2023-07-05 03:53:28,
CONT2023004708,2023-07-07 01:12:44,2023-07-08 04:29:30
CONT2023004709,2023-07-07 20:12:28,2023-07-18 16:01:18
CONT2023004710,2023-07-12 18:53:30,2023-07-18 06:50:24
CONT2023004711,2023-07-08 05:16:48,2023-07-17 13:34:06
CONT2023004712,2023-07-10 18:39:23,2023-07-11 13:29:08
CONT2023004713,2023-07-08 18:17:11,2023-07-18 00:24:53
CONT2023004714,2023-07-09 21:10:38,2023-07-10 17:58:38
CONT2023004715,2023-07-12 10:07:09,2023-07-13 01:21:00
CONT2023004716,2023-07-06 12:42:30,2023-07-07 01:10:07
CONT2023004717,2023-07-10 18:56:39,
CONT2023004718,2023-07-06 03:50:19,2023-07-07 10:10:03
CONT2023004719,2023-07-09 13:26:16,2023-07-17 08:28:55
CONT2023004720,2023-07-08 21:07:50,2023-07-18 03:09:54
CONT2023004721,2023-07-06 11:09:20,
CONT2023004722,2023-07-14 02:55:04,2023-07-15 04:27:32
CONT2023004723,2023-07-06 15:36:41,2023-07-20 02:45:57
CONT2023004724,2023-07-13 16:38:33,2023-07-20 03:00:56
CONT2023004725,2023-07-09 00:22:44,2023-07-19 16:22:37
CONT2023004726,2023-07-08 16:35:36,
CONT2023004727,2023-07-07 15:24:58,2023-07-19 14:24:53
CONT2023004728,2023-07-11 13:17:20,2023-07-18 14:09:01
CONT2023004729,2023-07-17 03:31:09,
CONT2023004730,2023-07-12 13:44:45,2023-07-13 17:41:38
CONT2023004731,2023-07-07 10:39:25,2023-07-07 20:16:24
CONT2023004732,2023-07-08 00:09:03,2023-07-19 10:31:42
CONT2023004733,2023-07-14 11:31:19,2023-07-19 12:00:36
CONT2023004734,2023-07-13 23:12:17,2023-07-19 07:14:02
CONT2023004735,2023-07-14 11:23:01,2023-07-15 04:15:23
CONT2023004736,2023-07-10 05:56:06,2023-07-19 15:04:40
CONT2023004737,2023-07-12 20:20:45,2023-07-20 16:30:50
CONT2023004738,2023-07-13 03:13:50,
CONT2023004739,2023-07-06 00:04:15,2023-07-06 04:04:15
CONT2023004740,2023-07-07 15:19:14,2023-07-08 20:38:29
CONT2023004741,2023-07-09 21:11:00,
CONT2023004742,2023-07-15 15:04:57,2023-07-16 12:58:06
CONT2023004743,2023-07-08 18:46:34,2023-07-09 07:58:08
CONT2023004744,2023-07-13 02:53:21,2023-07-19 19:37:45
CONT2023004745,2023-07-14 01:38:26,
CONT2023004746,2023-07-09 21:17:15,2023-07-10 19:25:43
CONT2023004747,2023-07-15 12:57:36,2023-07-19 01:51:21
CONT2023004748,2023-07-06 11:17:30,
CONT2023004749,2023-07-07 05:52:33,
CONT2023004750,2023-07-15 09:43:47,2023-07-19 11:24:11
CONT2023004751,2023-07-15 12:57:11,
CONT2023004752,2023-07-14 12:33:40,
CONT2023004753,2023-07-14 04:00:58,2023-07-15 01:37:29
CONT2023004754,2023-07-12 00:33:58,2023-07-20 05:38:42
CONT2023004755,2023-07-06 18:20:02,2023-07-07 10:16:56
CONT2023004756,2023-07-06 22:27:44,2023-07-19 21:09:08
CONT2023004757,2023-07-14 22:20:17,2023-07-20 09:59:54
CONT2023004758,2023-07-14 05:59:32,
CONT2023004759,2023-07-17 00:29:55,2023-07-18 03:12:54
CONT2023004760,2023-07-08 12:51:45,2023-07-19 13:31:03
CONT2023004761,2023-07-13 09:46:16,2023-07-13 21:30:34
CONT2023004762,2023-07-14 20:38:46,2023-07-19 17:33:56
CONT2023004763,2023-07-07 05:37:17,2023-07-19 18:09:08
CONT2023004764,2023-07-13 08:40:01,2023-07-20 16:29:10
CONT2023004765,2023-07-09 21:43:45,2023-07-21 05:37:53
CONT2023004766,2023-07-15 14:38:06,2023-07-16 21:24:05
CONT2023004767,2023-07-13 21:34:37,2023-07-20 20:27:09
CONT2023004768,2023-07-10 10:18:34,2023-07-11 16:10:38
CONT2023004769,2023-07-13 01:05:14,2023-07-21 23:55:56
CONT2023004770,2023-07-09 05:45:00,2023-07-10 05:34:43
CONT2023004771,2023-07-07 05:24:12,2023-07-20 04:31:25
CONT2023004772,2023-07-08 16:47:21,2023-07-20 00:48:23
CONT2023004773,2023-07-14 19:13:58,2023-07-16 01:22:38
CONT2023004774,2023-07-08 13:19:12,
CONT2023004775,2023-07-17 17:49:39,2023-07-18 13:45:36
CONT2023004776,2023-07-17 21:51:04,2023-07-21 05:15:10
CONT2023004777,2023-07-10 20:18:38,2023-07-21 14:57:38
CONT2023004778,2023-07-15 08:40:03,2023-07-16 04:07:04
CONT2023004779,2023-07-13 11:32:29,2023-07-21 15:19:12
CONT2023004780,2023-07-12 02:28:56,2023-07-21 06:09:38
CONT2023004781,2023-07-16 13:52:18,2023-07-17 19:07:14
CONT2023004782,2023-07-15 22:34:32,
CONT2023004783,2023-07-16 06:31:37,2023-07-21 09:25:53
CONT2023004784,2023-07-08 20:02:45,2023-07-21 01:29:27
CONT2023004785,2023-07-08 07:07:58,2023-07-10 05:13:12
CONT2023004786,2023-07-11 07:47:53,
CONT2023004787,2023-07-16 04:21:39,2023-07-21 22:08:21
CONT2023004788,2023-07-11 19:15:07,
CONT2023004789,2023-07-17 12:37:46,2023-07-21 20:13:39
CONT2023004790,2023-07-15 14:46:41,2023-07-16 14:01:18
CONT2023004791,2023-07-16 16:56:03,2023-07-17 12:34:45
CONT2023004792,2023-07-17 20:04:30,2023-07-18 20:54:27
CONT2023004793,2023-07-15 02:58:12,2023-07-15 12:07:45
CONT2023004794,2023-07-17 16:58:01,2023-07-22 06:54:49
CONT2023004795,2023-07-09 11:40:04,2023-07-10 01:39:31
CONT2023004796,2023-07-10 18:37:01,
CONT2023004797,2023-07-13 20:50:48,2023-07-15 03:14:45
CONT2023004798,2023-07-16 09:56:09,2023-07-21 15:11:11
CONT2023004799,2023-07-12 03:20:35,2023-07-22 15:07:01
CONT2023004800,2023-07-15 13:44:07,2023-07-21 20:03:36
CONT2023004801,2023-07-17 03:34:11,2023-07-17 19:19:13
CONT2023004802,2023-07-10 22:21:14,2023-07-21 19:49:37
CONT2023004803,2023-07-11 09:51:35,2023-07-22 01:50:09
CONT2023004804,2023-07-11 10:59:15,2023-07-22 07:50:17
CONT2023004805,2023-07-13 02:41:18,
CONT2023004806,2023-07-14 16:30:22,2023-07-22 14:46:40
CONT2023004807,2023-07-10 09:07:50,2023-07-11 03:36:35
CONT2023004808,2023-07-11 13:09:55,2023-07-22 18:10:14
CONT2023004809,2023-07-11 18:08:05,2023-07-23 12:45:29
CONT2023004810,2023-07-18 19:17:43,2023-07-19 14:50:21
CONT2023004811,2023-07-16 13:34:27,2023-07-22 19:45:59
CONT2023004812,2023-07-14 11:37:00,2023-07-16 03:01:18
CONT2023004813,2023-07-14 21:01:40,2023-07-22 22:26:15
CONT2023004814,2023-07-17 13:14:25,2023-07-17 23:09:19
CONT2023004815,2023-07-09 19:05:35,2023-07-11 02:39:11
CONT2023004816,2023-07-13 23:12:11,2023-07-23 00:17:59
CONT2023004817,2023-07-11 22:54:56,2023-07-23 01:21:06
CONT2023004818,2023-07-10 10:53:37,2023-07-11 06:21:30
CONT2023004819,2023-07-18 19:20:03,2023-07-19 07:07:42
CONT2023004820,2023-07-12 22:01:27,2023-07-14 09:27:28
CONT2023004821,2023-07-13 06:21:52,2023-07-23 15:44:18
CONT2023004822,2023-07-16 07:22:52,2023-07-17 02:14:39
CONT2023004823,2023-07-17 14:13:45,
CONT2023004824,2023-07-14 09:35:01,2023-07-23 17:51:48
CONT2023004825,2023-07-16 18:18:28,2023-07-17 07:52:35
CONT2023004826,2023-07-13 12:39:58,2023-07-14 10:44:06
CONT2023004827,2023-07-19 10:40:12,2023-07-22 21:29:50
CONT2023004828,2023-07-15 05:10:29,2023-07-23 11:31:58
CONT2023004829,2023-07-16 20:43:40,2023-07-23 03:19:40
CONT2023004830,2023-07-14 18:11:06,2023-07-15 19:51:23
CONT2023004831,2023-07-14 07:16:08,2023-07-23 13:46:51
CONT2023004832,2023-07-15 07:43:10,2023-07-15 21:07:01
CONT2023004833,2023-07-14 03:45:10,
CONT2023004834,2023-07-10 00:22:05,
CONT2023004835,2023-07-17 23:25:16,
CONT2023004836,2023-07-12 05:06:49,2023-07-13 04:06:25
CONT2023004837,2023-07-17 10:22:54,2023-07-22 23:47:05
CONT2023004838,2023-07-13 01:44:07,2023-07-23 05:39:45
CONT2023004839,2023-07-16 06:01:27,2023-07-22 11:53:32
CONT2023004840,2023-07-10 03:15:12,
CONT2023004841,2023-07-16 00:51:05,2023-07-16 22:12:44
CONT2023004842,2023-07-14 20:01:39,
CONT2023004843,2023-07-12 06:02:41,
CONT2023004844,2023-07-19 04:40:54,2023-07-22 17:45:59
CONT2023004845,2023-07-12 06:35:12,2023-07-23 04:18:18
CONT2023004846,2023-07-10 23:56:24,2023-07-23 21:04:18
CONT2023004847,2023-07-11 18:56:03,2023-07-23 12:58:10
CONT2023004848,2023-07-19 03:26:02,2023-07-20 10:45:17
CONT2023004849,2023-07-19 06:51:41,2023-07-23 11:10:53
CONT2023004850,2023-07-12 05:29:36,2023-07-13 05:12:33
CONT2023004851,2023-07-14 06:38:16,
CONT2023004852,2023-07-11 15:27:07,2023-07-12 06:37:09
CONT2023004853,2023-07-14 22:32:15,
CONT2023004854,2023-07-11 03:59:32,2023-07-12 01:30:56
CONT2023004855,2023-07-11 00:48:38,2023-07-23 13:33:44
CONT2023004856,2023-07-14 02:20:20,2023-07-23 11:01:45
CONT2023004857,2023-07-12 23:26:32,2023-07-23 18:44:09
CONT2023004858,2023-07-11 01:29:38,2023-07-11 20:34:14
CONT2023004859,2023-07-19 04:59:55,2023-07-22 22:37:22
CONT2023004860,2023-07-12 20:05:35,2023-07-23 12:47:33
CONT2023004861,2023-07-15 01:51:14,2023-07-23 20:57:11
CONT2023004862,2023-07-14 06:18:26,
CONT2023004863,2023-07-18 09:01:19,2023-07-23 19:33:21
CONT2023004864,2023-07-10 04:29:06,
CONT2023004865,2023-07-19 11:25:52,
CONT2023004866,2023-07-15 13:53:50,2023-07-16 13:17:41
CONT2023004867,2023-07-17 20:40:41,
CONT2023004868,2023-07-17 01:09:19,
CONT2023004869,2023-07-20 23:20:40,2023-07-22 14:46:32
CONT2023004870,2023-07-13 06:42:53,2023-07-13 15:42:37
CONT2023004871,2023-07-09 19:41:23,2023-07-10 14:36:01
CONT2023004872,2023-07-10 03:17:48,2023-07-10 22:20:55
CONT2023004873,2023-07-16 09:00:36,
CONT2023004874,2023-07-13 04:02:39,2023-07-23 07:06:15
CONT2023004875,2023-07-18 07:47:06,2023-07-23 07:55:41
CONT2023004876,2023-07-14 16:42:34,2023-07-23 10:06:10
CONT2023004877,2023-07-13 04:29:35,2023-07-13 18:44:58
CONT2023004878,2023-07-15 04:15:59,2023-07-22 20:13:27
CONT2023004879,2023-07-19 03:39:19,2023-07-19 11:50:19
CONT2023004880,2023-07-15 21:55:37,2023-07-22 16:32:23
CONT2023004881,2023-07-14 21:19:57,2023-07-23 22:29:08
CONT2023004882,2023-07-16 23:49:24,2023-07-23 02:59:41
CONT2023004883,2023-07-12 15:05:14,
CONT2023004884,2023-07-18 04:57:02,2023-07-19 05:42:16
CONT2023004885,2023-07-10 18:55:50,2023-07-25 00:33:40
CONT2023004886,2023-07-20 12:17:22,2023-07-24 05:36:47
CONT2023004887,2023-07-18 13:56:25,2023-07-19 05:28:31
CONT2023004888,2023-07-15 06:40:10,2023-07-16 13:59:03
CONT2023004889,2023-07-14 12:40:33,2023-07-24 11:57:51
CONT2023004890,2023-07-12 01:45:05,2023-07-23 23:47:31
CONT2023004891,2023-07-10 12:30:01,2023-07-10 22:20:51
CONT2023004892,2023-07-19 14:33:25,2023-07-20 16:23:13
CONT2023004893,2023-07-10 11:24:23,2023-07-23 16:21:33
CONT2023004894,2023-07-19 17:58:57,2023-07-23 22:10:13
CONT2023004895,2023-07-21 06:53:10,2023-07-24 08:02:51
CONT2023004896,2023-07-17 01:02:07,2023-07-23 23:46:17
CONT2023004897,2023-07-12 22:48:12,2023-07-14 05:33:32
CONT2023004898,2023-07-14 08:41:57,2023-07-24 05:07:47
CONT2023004899,2023-07-21 02:21:01,
CONT2023004900,2023-07-14 13:12:07,2023-07-15 19:39:24
CONT2023004901,2023-07-16 06:39:56,2023-07-16 12:59:51
CONT2023004902,2023-07-16 12:27:01,2023-07-24 03:48:17
CONT2023004903,2023-07-10 16:06:40,2023-07-23 23:34:40
CONT2023004904,2023-07-12 23:36:34,2023-07-13 18:24:22
CONT2023004905,2023-07-14 00:27:38,2023-07-24 07:23:09
CONT2023004906,2023-07-12 10:19:20,2023-07-13 01:24:12
CONT2023004907,2023-07-16 09:19:03,
CONT2023004908,2023-07-20 13:17:51,2023-07-24 10:14:15
CONT2023004909,2023-07-19 08:31:41,2023-07-24 16:08:42
CONT2023004910,2023-07-16 10:40:54,
CONT2023004911,2023-07-18 01:07:02,2023-07-24 18:01:06
CONT2023004912,2023-07-14 22:53:59,2023-07-24 16:34:07
CONT2023004913,2023-07-10 14:47:05,2023-07-11 14:49:04
CONT2023004914,2023-07-21 05:39:03,
CONT2023004915,2023-07-16 13:18:47,2023-07-17 22:48:32
CONT2023004916,2023-07-16 13:07:44,2023-07-24 17:43:44
CONT2023004917,2023-07-20 20:58:28,2023-07-25 19:11:15
CONT2023004918,2023-07-20 03:52:33,2023-07-20 11:49:44
CONT2023004919,2023-07-12 03:01:21,2023-07-12 12:16:37
CONT2023004920,2023-07-21 03:53:07,2023-07-21 14:20:44
CONT2023004921,2023-07-11 21:43:11,2023-07-25 00:25:13
CONT2023004922,2023-07-20 21:35:50,2023-07-21 21:18:27
CONT2023004923,2023-07-10 10:15:45,2023-07-23 23:34:37
CONT2023004924,2023-07-14 14:50:19,2023-07-24 14:59:22
CONT2023004925,2023-07-13 09:36:15,2023-07-13 16:55:31
CONT2023004926,2023-07-18 11:50:37,2023-07-19 20:30:48
CONT2023004927,2023-07-19 06:05:11,2023-07-20 01:33:19
CONT2023004928,2023-07-18 06:14:17,2023-07-24 07:17:05
CONT2023004929,2023-07-20 01:16:54,2023-07-20 09:03:12
CONT2023004930,2023-07-19 23:07:41,2023-07-24 18:04:46
CONT2023004931,2023-07-13 07:55:54,2023-07-26 13:02:30
CONT2023004932,2023-07-12 15:27:22,2023-07-13 14:42:52
CONT2023004933,2023-07-18 18:29:17,2023-07-26 02:57:45
CONT2023004934,2023-07-23 07:15:05,2023-07-24 07:14:50
CONT2023004935,2023-07-22 23:54:43,
CONT2023004936,2023-07-21 08:19:13,
CONT2023004937,2023-07-18 14:48:23,
CONT2023004938,2023-07-17 16:55:51,2023-07-18 10:29:51
CONT2023004939,2023-07-14 19:25:49,2023-07-15 13:00:37
CONT2023004940,2023-07-14 06:40:52,
CONT2023004941,2023-07-17 11:12:22,2023-07-27 21:54:00
CONT2023004942,2023-07-17 10:34:37,2023-07-18 07:49:25
CONT2023004943,2023-07-20 12:07:38,2023-07-27 15:31:16
CONT2023004944,2023-07-22 16:55:15,
CONT2023004945,2023-07-22 05:46:36,2023-07-23 17:15:04
CONT2023004946,2023-07-23 02:24:39,2023-07-27 02:30:29
CONT2023004947,2023-07-17 12:13:13,2023-07-28 03:39:17
CONT2023004948,2023-07-17 12:14:03,2023-07-28 06:21:02
CONT2023004949,2023-07-22 17:59:18,2023-07-23 19:33:25
CONT2023004950,2023-07-20 04:26:47,2023-07-28 17:52:26
CONT2023004951,2023-07-19 03:07:25,
CONT2023004952,2023-07-22 00:49:55,
CONT2023004953,2023-07-24 12:37:32,2023-07-25 12:43:53
CONT2023004954,2023-07-18 07:36:50,2023-07-28 10:14:10
CONT2023004955,2023-07-21 09:42:11,2023-07-28 01:09:44
CONT2023004956,2023-07-17 03:16:47,
CONT2023004957,2023-07-18 04:14:30,2023-07-28 10:43:06
CONT2023004958,2023-07-15 12:06:02,2023-07-27 17:53:45
CONT2023004959,2023-07-16 02:21:08,2023-07-27 21:03:43
CONT2023004960,2023-07-18 05:42:18,2023-07-27 06:13:44
CONT2023004961,2023-07-25 13:20:19,
CONT2023004962,2023-07-15 22:20:07,2023-07-28 18:18:00
CONT2023004963,2023-07-20 09:52:17,2023-07-27 16:14:22
CONT2023004964,2023-07-21 05:19:02,
CONT2023004965,2023-07-21 16:52:18,2023-07-27 10:51:31
CONT2023004966,2023-07-24 08:03:50,2023-07-27 08:49:37
CONT2023004967,2023-07-18 15:30:49,2023-07-28 01:28:31
CONT2023004968,2023-07-16 05:32:49,2023-07-16 21:31:29
CONT2023004969,2023-07-18 20:54:39,2023-07-29 01:24:55
CONT2023004970,2023-07-20 16:50:20,2023-07-28 03:52:39
CONT2023004971,2023-07-22 07:51:17,
CONT2023004972,2023-07-23 08:44:42,2023-07-28 16:56:20
CONT2023004973,2023-07-18 05:13:35,2023-07-28 05:41:25
CONT2023004974,2023-07-21 00:37:07,2023-07-27 00:12:10
CONT2023004975,2023-07-17 12:28:50,2023-07-27 14:35:28
CONT2023004976,2023-07-19 15:30:55,2023-07-28 13:13:12
CONT2023004977,2023-07-20 09:49:37,
CONT2023004978,2023-07-19 02:28:52,2023-07-19 23:34:19
CONT2023004979,2023-07-24 00:02:37,
CONT2023004980,2023-07-17 18:14:47,
CONT2023004981,2023-07-22 21:58:05,2023-07-23 12:03:53
CONT2023004982,2023-07-20 07:56:20,2023-07-28 00:24:32
CONT2023004983,2023-07-19 16:47:04,2023-07-28 04:27:56
CONT2023004984,2023-07-17 21:12:30,
CONT2023004985,2023-07-23 08:13:50,2023-07-28 05:37:10
CONT2023004986,2023-07-14 07:37:07,2023-07-15 05:15:14
CONT2023004987,2023-07-21 19:17:43,
CONT2023004988,2023-07-17 04:50:53,2023-07-27 10:03:32
CONT2023004989,2023-07-21 17:36:06,2023-07-22 13:35:34
CONT2023004990,2023-07-17 12:15:39,2023-07-28 17:21:14
CONT2023004991,2023-07-14 23:34:02,2023-07-28 13:00:57
CONT2023004992,2023-07-19 01:38:36,2023-07-28 20:24:15
CONT2023004993,2023-07-15 18:50:40,2023-07-28 19:49:46
CONT2023004994,2023-07-22 19:46:20,2023-07-29 00:24:25
CONT2023004995,2023-07-17 14:21:17,2023-07-28 23:17:07
CONT2023004996,2023-07-22 15:54:19,2023-07-28 17:31:12
CONT2023004997,2023-07-16 05:25:40,
CONT2023004998,2023-07-23 02:22:45,2023-07-29 20:44:37
CONT2023004999,2023-07-18 17:47:50,2023-07-20 04:55:03
CONT2023005000,2023-07-24 13:45:42,2023-07-25 09:14:48
CONT2023005001,2023-07-16 12:19:25,2023-07-17 03:05:34
CONT2023005002,2023-07-23 10:49:40,
CONT2023005003,2023-07-18 21:42:17,2023-07-30 02:51:59
CONT2023005004,2023-07-17 10:31:13,
CONT2023005005,2023-07-23 21:26:38,
CONT2023005006,2023-07-17 21:56:40,
CONT2023005007,2023-07-25 03:56:55,2023-07-26 11:06:24
CONT2023005008,2023-07-30 08:54:23,2023-07-31 03:36:15
CONT2023005009,2023-07-23 17:10:53,2023-07-24 15:52:14
CONT2023005010,2023-07-20 08:53:32,2023-08-02 17:38:51
CONT2023005011,2023-07-23 01:32:32,2023-07-23 21:45:18
CONT2023005012,2023-07-20 12:21:29,2023-07-21 03:05:04
CONT2023005013,2023-07-22 13:22:41,2023-08-03 04:59:40
CONT2023005014,2023-07-30 14:58:30,2023-07-31 20:24:23
CONT2023005015,2023-07-30 20:19:01,
CONT2023005016,2023-07-24 19:27:44,
CONT2023005017,2023-07-28 15:25:01,2023-07-29 17:55:56
CONT2023005018,2023-07-24 03:07:45,2023-08-04 00:52:06
CONT2023005019,2023-07-22 20:38:53,2023-07-23 14:19:47
CONT2023005020,2023-07-22 12:34:28,2023-07-22 23:16:09
CONT2023005021,2023-07-28 15:41:34,2023-07-29 13:23:21
CONT2023005022,2023-07-25 17:44:21,
CONT2023005023,2023-07-27 02:38:05,2023-07-28 07:01:15
CONT2023005024,2023-07-24 01:52:54,2023-08-03 03:19:07
CONT2023005025,2023-07-28 11:45:56,2023-07-29 07:35:48
CONT2023005026,2023-07-27 15:19:51,2023-08-02 15:52:23
CONT2023005027,2023-07-22 23:13:21,
CONT2023005028,2023-07-21 14:23:43,2023-08-02 20:34:14
CONT2023005029,2023-07-22 03:20:33,2023-08-02 09:51:42
CONT2023005030,2023-07-20 22:03:26,2023-08-02 17:54:16
CONT2023005031,2023-07-26 21:41:09,2023-07-27 17:54:56
CONT2023005032,2023-07-27 12:03:40,2023-08-02 16:09:27
CONT2023005033,2023-07-26 23:47:25,2023-07-27 14:26:56
CONT2023005034,2023-07-25 18:02:18,2023-08-03 15:56:03
CONT2023005035,2023-07-21 11:28:05,2023-08-02 16:24:31
CONT2023005036,2023-07-23 15:06:56,2023-08-03 04:03:38
CONT2023005037,2023-07-20 17:37:22,2023-08-02 06:40:49
CONT2023005038,2023-07-28 14:07:56,2023-07-28 18:07:56
CONT2023005039,2023-07-21 05:49:14,2023-08-03 02:11:29
CONT2023005040,2023-07-28 15:27:50,2023-07-29 23:01:09
CONT2023005041,2023-07-24 06:52:13,
CONT2023005042,2023-07-24 20:48:19,2023-08-04 06:33:44
CONT2023005043,2023-07-22 16:29:29,2023-08-04 13:12:13
CONT2023005044,2023-07-22 08:56:12,2023-08-04 17:19:42
CONT2023005045,2023-07-27 03:07:28,2023-08-04 14:50:28
CONT2023005046,2023-07-24 07:26:09,2023-07-24 13:22:25
CONT2023005047,2023-07-30 18:26:35,2023-08-04 02:49:42
CONT2023005048,2023-07-30 16:17:39,2023-08-04 04:41:51
CONT2023005049,2023-08-01 00:02:13,2023-08-04 22:17:21
CONT2023005050,2023-07-23 20:42:49,2023-08-04 07:24:09
CONT2023005051,2023-07-26 07:42:11,2023-07-27 10:23:05
CONT2023005052,2023-07-21 17:20:04,2023-08-03 16:09:51
CONT2023005053,2023-07-27 20:38:35,2023-08-03 19:26:47
CONT2023005054,2023-07-30 01:20:31,
CONT2023005055,2023-07-24 04:48:52,2023-07-25 00:57:45
CONT2023005056,2023-07-22 12:41:43,2023-07-23 12:36:55
CONT2023005057,2023-07-24 12:15:32,2023-08-05 00:53:34
CONT2023005058,2023-08-01 06:24:24,2023-08-02 03:33:28
CONT2023005059,2023-07-23 00:34:21,2023-07-23 23:55:34
CONT2023005060,2023-07-31 12:08:12,2023-08-01 02:08:20
CONT2023005061,2023-07-25 22:44:26,2023-08-03 21:32:54
CONT2023005062,2023-07-26 04:20:09,2023-07-26 15:52:19
CONT2023005063,2023-07-31 08:11:53,2023-08-01 21:25:02
CONT2023005064,2023-07-31 12:02:40,2023-07-31 16:02:40
CONT2023005065,2023-07-28 22:19:32,2023-07-29 14:11:32
CONT2023005066,2023-07-23 01:01:56,2023-08-03 22:45:20
CONT2023005067,2023-07-27 22:29:23,
CONT2023005068,2023-07-23 13:23:23,2023-08-04 03:45:20
CONT2023005069,2023-07-23 00:21:14,
CONT2023005070,2023-07-29 08:33:37,2023-08-04 19:22:42
CONT2023005071,2023-07-28 16:41:07,2023-07-29 15:45:38
CONT2023005072,2023-07-27 14:44:57,2023-07-28 07:55:58
CONT2023005073,2023-07-24 17:28:53,2023-08-04 05:18:53
CONT2023005074,2023-07-29 20:37:54,
CONT2023005075,2023-07-24 07:36:12,2023-08-05 14:10:52
CONT2023005076,2023-07-25 22:31:48,2023-08-04 15:08:39
CONT2023005077,2023-07-28 18:36:37,2023-07-29 15:43:32
CONT2023005078,2023-07-29 04:21:33,2023-08-06 00:25:57
CONT2023005079,2023-07-27 12:43:03,2023-08-04 20:49:44
CONT2023005080,2023-07-30 01:28:23,2023-08-04 23:54:24
CONT2023005081,2023-07-22 17:25:17,2023-08-04 16:55:51
CONT2023005082,2023-07-24 10:44:32,
CONT2023005083,2023-07-30 18:01:16,
CONT2023005084,2023-08-01 08:23:05,2023-08-04 22:54:30
CONT2023005085,2023-07-22 13:39:34,2023-07-23 11:59:56
CONT2023005086,2023-07-31 08:54:22,
CONT2023005087,2023-07-22 19:22:15,2023-07-23 15:26:07
CONT2023005088,2023-07-26 22:36:31,2023-07-27 14:38:34
CONT2023005089,2023-07-28 21:37:16,2023-07-29 15:49:30
CONT2023005090,2023-07-24 14:25:05,2023-08-06 01:44:09
CONT2023005091,2023-07-26 21:39:12,2023-08-04 23:18:58
CONT2023005092,2023-07-29 22:16:38,2023-08-05 11:37:16
CONT2023005093,2023-07-24 21:23:27,2023-08-04 21:42:10
CONT2023005094,2023-07-29 03:10:59,2023-07-29 13:03:29
CONT2023005095,2023-07-24 16:54:12,2023-08-05 22:44:10
CONT2023005096,2023-07-31 13:43:55,2023-07-31 17:43:55
CONT2023005097,2023-07-24 05:00:28,2023-08-05 21:56:02
CONT2023005098,2023-08-02 02:13:52,
CONT2023005099,2023-07-29 04:15:00,
CONT2023005100,2023-07-29 11:27:35,2023-08-05 12:17:40
CONT2023005101,2023-07-31 11:16:45,
CONT2023005102,2023-07-24 10:42:43,
CONT2023005103,2023-07-23 15:36:00,2023-08-05 13:16:35
CONT2023005104,2023-07-23 03:23:17,
CONT2023005105,2023-07-30 22:55:25,2023-07-31 13:41:56
CONT2023005106,2023-07-30 07:25:41,2023-08-04 11:19:35
CONT2023005107,2023-07-27 01:43:32,2023-07-27 22:32:55
CONT2023005108,2023-07-31 17:27:32,2023-08-07 11:00:35
CONT2023005109,2023-08-01 01:52:41,2023-08-07 02:59:12
CONT2023005110,2023-07-29 23:33:23,2023-08-06 10:30:13
CONT2023005111,2023-07-26 07:26:15,2023-08-07 10:40:23
CONT2023005112,2023-07-25 01:25:53,2023-08-07 21:05:12
CONT2023005113,2023-08-03 09:34:56,2023-08-04 16:48:51
CONT2023005114,2023-07-29 23:13:10,2023-08-07 14:06:50
CONT2023005115,2023-07-30 09:51:41,2023-07-30 23:16:25
CONT2023005116,2023-07-31 02:16:15,2023-08-07 04:39:52
CONT2023005117,2023-07-29 22:10:53,2023-08-07 08:24:00
CONT2023005118,2023-07-27 22:38:23,2023-07-28 02:38:23
CONT2023005119,2023-07-31 18:25:39,2023-08-07 20:49:19
CONT2023005120,2023-07-27 05:46:12,2023-08-07 06:17:47
CONT2023005121,2023-07-25 20:08:52,2023-08-07 08:52:14
CONT2023005122,2023-07-29 21:27:23,2023-07-30 22:45:11
CONT2023005123,2023-07-30 10:12:12,
CONT2023005124,2023-08-04 08:35:06,2023-08-05 14:14:42
CONT2023005125,2023-08-02 00:04:00,2023-08-03 08:30:10
CONT2023005126,2023-07-30 07:44:31,2023-08-06 20:49:33
CONT2023005127,2023-07-30 04:07:22,2023-07-31 06:24:35
CONT2023005128,2023-07-29 05:27:10,2023-08-06 19:51:58
CONT2023005129,2023-07-30 04:40:22,2023-07-31 08:43:27
CONT2023005130,2023-07-25 17:04:31,2023-07-27 01:14:09
CONT2023005131,2023-08-02 23:58:22,2023-08-08 02:51:57
CONT2023005132,2023-07-30 00:34:52,2023-08-07 10:15:49
CONT2023005133,2023-07-31 14:11:42,2023-08-01 05:52:42
CONT2023005134,2023-08-03 13:41:15,2023-08-08 05:49:18
CONT2023005135,2023-07-29 16:57:28,2023-07-30 00:28:24
CONT2023005136,2023-08-01 19:43:10,2023-08-02 14:00:17
CONT2023005137,2023-07-31 03:25:38,2023-07-31 21:22:10
CONT2023005138,2023-08-03 10:56:35,
CONT2023005139,2023-07-30 16:29:19,
CONT2023005140,2023-08-05 07:23:56,2023-08-06 02:09:30
CONT2023005141,2023-08-01 21:30:36,2023-08-02 19:57:13
CONT2023005142,2023-07-26 21:49:32,2023-08-08 17:39:56
CONT2023005143,2023-08-02 13:59:47,2023-08-08 23:05:18
CONT2023005144,2023-07-26 19:04:49,2023-07-27 17:41:21
CONT2023005145,2023-07-30 14:53:24,2023-08-08 06:44:27
CONT2023005146,2023-07-28 05:33:04,2023-08-08 07:45:49
CONT2023005147,2023-07-25 22:39:05,2023-07-27 00:50:35
CONT2023005148,2023-08-01 12:32:00,2023-08-08 11:16:01
CONT2023005149,2023-08-01 09:35:43,2023-08-01 22:09:16
CONT2023005150,2023-07-29 01:18:36,2023-07-30 02:21:40
CONT2023005151,2023-07-28 22:56:57,2023-07-29 19:44:38
CONT2023005152,2023-07-26 15:49:14,2023-07-27 15:43:41
CONT2023005153,2023-08-03 19:41:32,2023-08-04 10:36:21
CONT2023005154,2023-08-01 00:43:40,2023-08-08 19:25:36
CONT2023005155,2023-08-04 18:21:40,2023-08-05 11:42:00
CONT2023005156,2023-07-27 20:28:53,2023-07-28 06:40:46
CONT2023005157,2023-08-02 16:03:44,2023-08-03 16:29:37
CONT2023005158,2023-07-28 07:36:04,
CONT2023005159,2023-08-03 12:37:45,
CONT2023005160,2023-08-01 12:26:22,2023-08-08 06:24:31
CONT2023005161,2023-08-02 00:54:13,2023-08-02 06:55:55
CONT2023005162,2023-08-03 20:56:09,
CONT2023005163,2023-07-27 09:08:50,2023-07-27 19:49:19
CONT2023005164,2023-08-03 23:48:40,2023-08-08 10:20:52
CONT2023005165,2023-08-04 10:46:23,2023-08-05 07:38:18
CONT2023005166,2023-07-29 03:48:52,2023-07-30 06:55:57
CONT2023005167,2023-08-05 07:39:29,2023-08-08 11:56:19
CONT2023005168,2023-07-28 19:27:48,
CONT2023005169,2023-07-29 13:58:02,2023-08-08 02:22:15
CONT2023005170,2023-08-04 01:56:21,2023-08-04 22:15:36
CONT2023005171,2023-07-27 09:10:57,
CONT2023005172,2023-07-25 19:16:04,2023-08-08 09:46:21
CONT2023005173,2023-07-27 15:04:22,2023-08-08 02:15:06
CONT2023005174,2023-08-05 01:58:56,
CONT2023005175,2023-08-04 08:54:34,
CONT2023005176,2023-07-27 08:53:01,2023-07-28 10:01:38
CONT2023005177,2023-07-28 02:43:51,2023-07-28 10:29:38
CONT2023005178,2023-08-03 12:08:44,2023-08-08 13:32:47
CONT2023005179,2023-07-27 15:58:03,2023-07-28 03:27:06
CONT2023005180,2023-07-31 19:00:26,2023-08-01 14:59:53
CONT2023005181,2023-08-03 02:48:59,2023-08-04 04:40:13
CONT2023005182,2023-08-05 05:09:35,2023-08-06 00:25:12
CONT2023005183,2023-07-27 08:03:52,2023-08-07 17:37:22
CONT2023005184,2023-07-29 14:42:10,2023-08-09 01:29:19
CONT2023005185,2023-07-29 13:24:16,2023-07-30 05:18:22
CONT2023005186,2023-07-29 22:15:43,2023-08-09 01:15:00
CONT2023005187,2023-08-02 06:23:01,2023-08-08 16:54:00
CONT2023005188,2023-08-01 05:08:34,
CONT2023005189,2023-08-05 08:41:23,2023-08-08 10:02:06
CONT2023005190,2023-08-02 16:17:07,2023-08-03 16:09:33
CONT2023005191,2023-08-03 12:42:00,2023-08-09 02:11:44
CONT2023005192,2023-08-01 00:24:50,2023-08-08 09:38:03
CONT2023005193,2023-07-31 17:23:04,2023-08-01 00:16:21
CONT2023005194,2023-08-02 12:31:05,2023-08-08 22:32:52
CONT2023005195,2023-07-26 05:03:14,2023-07-26 20:14:31
CONT2023005196,2023-08-01 08:14:49,2023-08-08 02:17:54
CONT2023005197,2023-08-05 20:37:35,2023-08-08 21:13:58
CONT2023005198,2023-07-29 11:25:46,2023-08-07 20:54:37
CONT2023005199,2023-07-31 22:03:15,2023-08-08 15:40:49
CONT2023005200,2023-08-04 14:57:20,2023-08-09 08:14:21
CONT2023005201,2023-08-05 07:31:31,2023-08-09 15:59:46
CONT2023005202,2023-08-05 19:19:53,2023-08-06 16:06:03
CONT2023005203,2023-08-03 14:00:39,
CONT2023005204,2023-07-28 13:23:01,2023-07-29 23:05:09
CONT2023005205,2023-07-29 04:30:04,2023-07-29 14:32:41
CONT2023005206,2023-07-28 00:07:40,2023-08-09 00:05:38
CONT2023005207,2023-07-27 17:41:17,2023-08-08 20:15:07
CONT2023005208,2023-07-28 03:28:14,2023-08-09 07:05:45
CONT2023005209,2023-07-29 20:21:04,2023-07-30 21:06:28
CONT2023005210,2023-07-28 12:27:30,2023-08-09 05:44:00
CONT2023005211,2023-08-01 04:42:09,
CONT2023005212,2023-07-29 00:08:42,2023-08-09 00:12:01
CONT2023005213,2023-08-03 03:05:29,2023-08-04 09:52:27
CONT2023005214,2023-07-30 22:03:06,2023-08-01 01:10:27
CONT2023005215,2023-08-05 04:03:20,
CONT2023005216,2023-08-02 17:11:17,2023-08-03 05:58:18
CONT2023005217,2023-07-27 03:11:34,2023-08-09 14:49:28
CONT2023005218,2023-07-29 08:14:47,2023-07-30 03:23:03
CONT2023005219,2023-07-26 21:22:59,2023-07-28 08:08:58
CONT2023005220,2023-07-27 09:53:44,2023-07-28 19:01:15
CONT2023005221,2023-07-28 01:46:09,2023-08-09 11:48:12
CONT2023005222,2023-07-29 03:47:28,2023-08-08 12:56:26
CONT2023005223,2023-08-02 06:02:17,
CONT2023005224,2023-08-01 08:07:41,2023-08-09 14:27:15
CONT2023005225,2023-08-05 03:53:39,
CONT2023005226,2023-08-02 10:37:29,2023-08-03 03:13:27
CONT2023005227,2023-07-30 23:45:28,2023-08-09 12:24:23
CONT2023005228,2023-08-04 03:45:35,2023-08-09 02:11:54
CONT2023005229,2023-07-30 00:42:34,2023-08-09 08:24:20
CONT2023005230,2023-07-29 10:53:42,2023-07-30 10:24:50
CONT2023005231,2023-08-03 15:06:38,
CONT2023005232,2023-08-04 02:20:08,2023-08-09 13:46:32
CONT2023005233,2023-08-05 01:45:02,
CONT2023005234,2023-07-28 08:48:16,2023-08-09 18:29:21
CONT2023005235,2023-07-29 03:11:15,2023-07-29 21:07:44
CONT2023005236,2023-08-04 15:41:05,2023-08-04 22:21:33
CONT2023005237,2023-08-04 07:42:44,2023-08-05 19:04:46
CONT2023005238,2023-08-05 00:44:04,2023-08-10 10:55:59
CONT2023005239,2023-08-02 15:41:48,2023-08-03 07:26:05
CONT2023005240,2023-07-28 13:51:19,2023-07-29 02:46:30
CONT2023005241,2023-07-30 23:44:36,2023-08-10 03:03:49
CONT2023005242,2023-08-06 03:36:19,2023-08-07 09:22:16
CONT2023005243,2023-08-06 14:44:23,2023-08-10 12:13:00
CONT2023005244,2023-08-05 07:03:59,2023-08-10 01:25:56
CONT2023005245,2023-08-01 13:00:36,2023-08-09 19:13:30
CONT2023005246,2023-08-01 12:56:25,2023-08-09 16:28:21
CONT2023005247,2023-07-29 02:19:45,
CONT2023005248,2023-08-01 15:21:20,
CONT2023005249,2023-08-05 08:42:05,2023-08-06 02:12:00
CONT2023005250,2023-08-03 00:06:07,2023-08-03 18:09:10
CONT2023005251,2023-07-30 08:57:04,2023-07-31 01:47:06
CONT2023005252,2023-07-27 21:45:47,
CONT2023005253,2023-08-04 05:48:00,2023-08-04 15:03:03
CONT2023005254,2023-07-27 20:03:23,2023-07-28 17:38:12
CONT2023005255,2023-07-30 07:36:25,2023-08-10 07:18:30
CONT2023005256,2023-07-29 16:05:34,
CONT2023005257,2023-08-01 01:00:15,2023-08-11 02:19:06
CONT2023005258,2023-07-29 15:33:09,2023-08-11 14:47:19
CONT2023005259,2023-07-31 07:56:51,2023-08-01 02:10:05
CONT2023005260,2023-08-06 09:11:52,2023-08-10 20:32:42
CONT2023005261,2023-07-28 09:37:59,2023-08-10 02:55:08
CONT2023005262,2023-08-05 02:36:54,2023-08-06 02:45:25
CONT2023005263,2023-08-08 07:43:00,2023-08-11 08:16:13
CONT2023005264,2023-08-06 14:04:38,2023-08-07 14:25:59
CONT2023005265,2023-08-01 22:56:50,2023-08-02 22:33:18
CONT2023005266,2023-08-04 09:54:06,2023-08-10 22:08:56
CONT2023005267,2023-07-31 19:07:52,
CONT2023005268,2023-07-29 17:45:57,2023-08-10 21:45:32
CONT2023005269,2023-08-01 11:42:07,2023-08-02 06:28:11
CONT2023005270,2023-08-03 17:35:57,
CONT2023005271,2023-08-07 11:54:08,2023-08-08 08:01:54
CONT2023005272,2023-08-03 03:08:38,2023-08-10 22:57:28
CONT2023005273,2023-08-01 09:00:18,2023-08-11 04:17:55
CONT2023005274,2023-08-02 23:36:09,2023-08-11 18:42:13
CONT2023005275,2023-08-02 15:55:03,2023-08-03 14:29:44
CONT2023005276,2023-08-07 16:21:11,2023-08-08 01:51:18
CONT2023005277,2023-08-05 08:08:20,2023-08-10 19:44:54
CONT2023005278,2023-07-30 10:24:04,2023-07-31 06:26:44
CONT2023005279,2023-07-31 09:00:16,2023-08-13 04:07:27
CONT2023005280,2023-08-01 11:31:47,2023-08-12 08:35:53
CONT2023005281,2023-08-06 17:00:40,2023-08-12 06:45:21
CONT2023005282,2023-08-04 14:09:09,2023-08-04 20:27:57
CONT2023005283,2023-08-01 09:12:59,
CONT2023005284,2023-08-09 01:55:41,
CONT2023005285,2023-08-06 00:36:11,2023-08-06 15:00:26
CONT2023005286,2023-07-31 01:44:13,
CONT2023005287,2023-08-05 18:20:36,2023-08-06 15:16:41
CONT2023005288,2023-08-09 01:06:10,2023-08-09 08:18:34
CONT2023005289,2023-08-06 18:32:46,2023-08-13 03:33:06
CONT2023005290,2023-08-07 12:14:18,2023-08-08 05:57:21
CONT2023005291,2023-08-06 00:37:06,2023-08-12 22:58:35
CONT2023005292,2023-08-03 11:01:04,2023-08-04 07:23:42
CONT2023005293,2023-08-06 01:29:56,2023-08-06 06:31:13
CONT2023005294,2023-08-07 13:59:15,2023-08-12 23:38:50
CONT2023005295,2023-08-04 05:53:39,2023-08-12 23:07:53
CONT2023005296,2023-08-09 14:33:01,2023-08-10 08:08:38
CONT2023005297,2023-07-30 13:16:16,
CONT2023005298,2023-07-31 12:13:05,2023-08-12 23:41:09
CONT2023005299,2023-07-30 21:11:37,2023-07-31 15:13:41
CONT2023005300,2023-08-03 14:34:39,2023-08-13 09:34:54
CONT2023005301,2023-08-08 16:30:16,2023-08-09 14:44:55
CONT2023005302,2023-08-07 13:51:21,2023-08-08 11:55:01
CONT2023005303,2023-08-04 09:28:26,2023-08-11 22:04:18
CONT2023005304,2023-08-02 05:00:27,2023-08-12 19:05:46
CONT2023005305,2023-08-08 06:10:35,2023-08-08 10:21:21
CONT2023005306,2023-08-01 08:45:31,2023-08-12 15:52:23
CONT2023005307,2023-08-05 12:20:00,2023-08-13 18:38:36
CONT2023005308,2023-08-01 01:38:14,
CONT2023005309,2023-08-06 13:43:43,
CONT2023005310,2023-07-30 14:36:21,2023-07-31 06:13:38
CONT2023005311,2023-07-31 09:19:54,
CONT2023005312,2023-07-31 19:57:24,2023-08-01 22:36:42
CONT2023005313,2023-08-05 07:03:47,2023-08-06 14:38:18
CONT2023005314,2023-08-07 20:58:21,
CONT2023005315,2023-08-01 02:12:47,2023-08-01 10:26:57
CONT2023005316,2023-08-11 07:33:27,
CONT2023005317,2023-08-05 03:32:15,2023-08-13 22:22:53
CONT2023005318,2023-08-06 05:18:21,2023-08-13 09:32:18
CONT2023005319,2023-08-09 11:15:50,2023-08-13 15:39:17
CONT2023005320,2023-08-10 01:34:21,
CONT2023005321,2023-08-07 09:15:31,2023-08-08 07:26:37
CONT2023005322,2023-08-06 19:13:23,2023-08-14 02:56:53
CONT2023005323,2023-08-05 02:49:14,2023-08-06 03:28:08
CONT2023005324,2023-08-01 23:38:59,2023-08-02 18:39:22
CONT2023005325,2023-07-31 07:50:07,2023-08-14 10:33:50
CONT2023005326,2023-08-09 15:42:56,2023-08-10 05:29:36
CONT2023005327,2023-08-07 14:47:15,2023-08-14 06:04:35
CONT2023005328,2023-08-04 19:43:43,2023-08-05 21:36:35
CONT2023005329,2023-08-07 15:08:39,
CONT2023005330,2023-08-05 22:14:34,2023-08-14 04:13:50
CONT2023005331,2023-08-08 22:59:45,
CONT2023005332,2023-08-07 17:27:22,2023-08-08 12:53:57
CONT2023005333,2023-08-08 10:44:38,2023-08-09 11:25:44
CONT2023005334,2023-08-02 05:14:53,2023-08-14 02:06:18
CONT2023005335,2023-08-06 10:42:12,2023-08-07 13:37:34
CONT2023005336,2023-08-05 20:04:49,
CONT2023005337,2023-08-10 20:24:09,2023-08-14 02:03:55
CONT2023005338,2023-08-07 11:23:13,2023-08-14 15:07:53
CONT2023005339,2023-08-01 08:19:29,2023-08-14 14:35:56
CONT2023005340,2023-08-07 03:40:13,2023-08-07 19:58:21
CONT2023005341,2023-08-10 20:41:14,2023-08-14 03:08:56
CONT2023005342,2023-08-05 17:25:52,
CONT2023005343,2023-08-07 20:49:44,2023-08-13 10:59:51
CONT2023005344,2023-08-10 23:10:07,
CONT2023005345,2023-07-31 09:13:44,2023-08-13 20:31:05
CONT2023005346,2023-08-06 21:01:43,2023-08-14 03:24:54
CONT2023005347,2023-08-09 23:10:47,2023-08-11 04:37:27
CONT2023005348,2023-08-07 08:27:49,2023-08-08 01:10:15
CONT2023005349,2023-08-04 03:48:44,2023-08-05 03:36:11
CONT2023005350,2023-08-03 20:36:35,2023-08-14 09:05:09
CONT2023005351,2023-08-09 15:29:05,2023-08-10 17:38:31
CONT2023005352,2023-08-09 04:00:58,2023-08-10 11:04:15
CONT2023005353,2023-08-08 23:14:23,2023-08-10 00:20:06
CONT2023005354,2023-08-03 20:49:29,2023-08-04 08:33:48
CONT2023005355,2023-08-04 15:48:23,2023-08-14 12:22:23
CONT2023005356,2023-08-01 14:28:47,
CONT2023005357,2023-08-03 08:58:17,2023-08-05 00:50:32
CONT2023005358,2023-08-07 14:02:31,2023-08-14 21:40:51
CONT2023005359,2023-08-06 07:31:04,2023-08-07 05:36:01
CONT2023005360,2023-08-08 13:56:29,2023-08-16 11:43:28
CONT2023005361,2023-08-10 02:14:28,
CONT2023005362,2023-08-10 10:26:05,2023-08-11 10:09:26
CONT2023005363,2023-08-07 06:23:53,
CONT2023005364,2023-08-11 15:26:07,2023-08-14 17:33:16
CONT2023005365,2023-08-01 23:36:01,2023-08-03 00:09:52
CONT2023005366,2023-08-09 07:13:12,2023-08-15 20:56:09
CONT2023005367,2023-08-04 05:13:18,2023-08-15 04:57:56
CONT2023005368,2023-08-04 04:31:50,2023-08-14 13:35:21
CONT2023005369,2023-08-03 00:03:05,
CONT2023005370,2023-08-09 04:47:16,2023-08-15 07:45:20
CONT2023005371,2023-08-10 19:43:30,2023-08-14 09:26:28
CONT2023005372,2023-08-09 09:34:43,2023-08-09 16:25:17
CONT2023005373,2023-08-08 20:19:09,2023-08-14 18:09:24
CONT2023005374,2023-08-07 17:58:47,2023-08-16 06:32:40
CONT2023005375,2023-08-02 08:07:55,2023-08-03 01:51:19
CONT2023005376,2023-08-10 02:51:06,
CONT2023005377,2023-08-08 21:49:35,2023-08-15 10:41:24
CONT2023005378,2023-08-08 18:09:23,2023-08-09 14:21:56
CONT2023005379,2023-08-11 09:13:32,2023-08-15 05:01:23
CONT2023005380,2023-08-01 14:24:22,2023-08-15 13:45:27
CONT2023005381,2023-08-09 00:54:26,2023-08-15 18:07:14
CONT2023005382,2023-08-10 03:30:29,2023-08-11 03:23:24
CONT2023005383,2023-08-05 02:05:15,2023-08-05 11:55:11
CONT2023005384,2023-08-11 16:16:42,2023-08-12 09:04:46
CONT2023005385,2023-08-02 22:11:41,2023-08-03 19:49:22
CONT2023005386,2023-08-09 09:26:02,2023-08-17 03:06:22
CONT2023005387,2023-08-06 00:39:00,2023-08-16 22:03:18
CONT2023005388,2023-08-14 01:39:01,
CONT2023005389,2023-08-05 18:58:43,2023-08-06 12:27:49
CONT2023005390,2023-08-06 10:56:52,2023-08-17 17:50:42
CONT2023005391,2023-08-12 13:02:35,2023-08-17 01:21:40
CONT2023005392,2023-08-14 06:58:40,2023-08-15 02:53:50
CONT2023005393,2023-08-13 09:46:47,
CONT2023005394,2023-08-10 12:59:50,2023-08-11 07:30:39
CONT2023005395,2023-08-12 13:46:31,2023-08-13 23:02:28
CONT2023005396,2023-08-06 16:23:23,2023-08-16 20:50:21
CONT2023005397,2023-08-04 04:27:23,2023-08-05 01:10:24
CONT2023005398,2023-08-11 11:48:59,2023-08-12 04:06:27
CONT2023005399,2023-08-07 05:18:50,2023-08-17 05:01:46
CONT2023005400,2023-08-10 05:11:04,2023-08-10 12:20:08
CONT2023005401,2023-08-07 10:55:36,2023-08-17 10:30:27
CONT2023005402,2023-08-04 23:09:17,2023-08-17 12:21:42
CONT2023005403,2023-08-12 03:37:27,2023-08-16 16:54:56
CONT2023005404,2023-08-10 11:27:09,2023-08-17 00:53:01
CONT2023005405,2023-08-04 02:45:21,2023-08-04 20:59:25
CONT2023005406,2023-08-08 07:38:18,2023-08-18 01:23:52
CONT2023005407,2023-08-05 13:18:00,2023-08-06 04:19:05
CONT2023005408,2023-08-03 14:29:57,2023-08-04 16:54:28
CONT2023005409,2023-08-13 11:36:38,2023-08-14 12:06:17
CONT2023005410,2023-08-08 17:21:03,2023-08-17 13:12:55
CONT2023005411,2023-08-14 03:14:22,2023-08-14 21:47:28
CONT2023005412,2023-08-12 06:39:41,2023-08-17 05:03:21
CONT2023005413,2023-08-10 03:14:29,2023-08-11 11:27:20
CONT2023005414,2023-08-06 08:57:12,2023-08-07 14:01:09
CONT2023005415,2023-08-08 12:45:52,2023-08-09 05:53:05
CONT2023005416,2023-08-14 05:37:18,2023-08-18 22:33:48
CONT2023005417,2023-08-08 15:18:44,2023-08-17 17:46:22
CONT2023005418,2023-08-08 16:13:08,2023-08-10 00:40:43
CONT2023005419,2023-08-06 19:10:56,2023-08-07 23:37:16
CONT2023005420,2023-08-15 14:55:44,2023-08-16 04:14:28
CONT2023005421,2023-08-09 21:36:34,2023-08-18 08:37:49
CONT2023005422,2023-08-04 23:32:32,2023-08-18 23:43:54
CONT2023005423,2023-08-07 02:13:38,2023-08-19 10:41:14
CONT2023005424,2023-08-15 11:08:46,2023-08-18 00:37:52
CONT2023005425,2023-08-12 16:28:52,2023-08-13 07:50:58
CONT2023005426,2023-08-06 10:24:48,2023-08-06 20:54:01
CONT2023005427,2023-08-15 23:26:52,2023-08-18 02:09:30
CONT2023005428,2023-08-07 09:56:35,2023-08-18 05:59:41
CONT2023005429,2023-08-10 11:25:01,2023-08-18 17:04:11
CONT2023005430,2023-08-08 18:59:09,2023-08-09 17:30:37
CONT2023005431,2023-08-13 23:54:50,2023-08-14 19:42:19
CONT2023005432,2023-08-05 01:55:49,2023-08-18 20:13:28
CONT2023005433,2023-08-07 19:12:18,2023-08-17 22:53:36
CONT2023005434,2023-08-06 21:41:04,2023-08-19 08:15:55
CONT2023005435,2023-08-11 12:00:15,2023-08-18 07:25:46
CONT2023005436,2023-08-16 03:10:17,2023-08-17 05:00:58
CONT2023005437,2023-08-11 19:46:23,2023-08-12 19:49:44
CONT2023005438,2023-08-04 21:55:34,
CONT2023005439,2023-08-13 16:22:59,2023-08-18 14:16:32
CONT2023005440,2023-08-09 05:57:40,2023-08-19 18:33:25
CONT2023005441,2023-08-15 19:26:37,2023-08-19 14:47:27
CONT2023005442,2023-08-12 16:50:58,2023-08-13 05:26:56
CONT2023005443,2023-08-06 01:24:42,2023-08-06 23:58:27
CONT2023005444,2023-08-07 16:38:24,2023-08-20 16:07:29
CONT2023005445,2023-08-16 16:01:04,2023-08-20 11:37:39
CONT2023005446,2023-08-10 07:45:57,2023-08-19 23:14:19
CONT2023005447,2023-08-13 07:13:50,2023-08-19 15:49:23
CONT2023005448,2023-08-15 00:06:21,
CONT2023005449,2023-08-14 05:52:26,2023-08-20 10:01:29
CONT2023005450,2023-08-11 13:51:34,2023-08-12 04:51:50
CONT2023005451,2023-08-16 06:09:20,2023-08-17 04:53:33
CONT2023005452,2023-08-12 20:05:48,2023-08-13 12:53:42
CONT2023005453,2023-08-07 12:17:19,2023-08-20 22:31:34
CONT2023005454,2023-08-08 02:10:01,2023-08-20 06:46:21
CONT2023005455,2023-08-17 06:42:31,
CONT2023005456,2023-08-12 19:58:53,2023-08-13 10:36:58
CONT2023005457,2023-08-15 01:24:34,2023-08-16 01:56:06
CONT2023005458,2023-08-13 22:18:37,2023-08-15 02:04:50
CONT2023005459,2023-08-15 11:06:22,2023-08-16 03:11:25
CONT2023005460,2023-08-12 23:03:03,
CONT2023005461,2023-08-17 17:33:44,
CONT2023005462,2023-08-14 08:31:00,2023-08-22 01:06:47
CONT2023005463,2023-08-17 18:29:01,2023-08-18 07:10:52
CONT2023005464,2023-08-15 09:22:48,2023-08-16 13:18:27
CONT2023005465,2023-08-11 14:27:30,2023-08-12 01:36:28
CONT2023005466,2023-08-10 16:09:31,2023-08-11 11:52:28
CONT2023005467,2023-08-17 04:09:40,2023-08-18 06:15:27
CONT2023005468,2023-08-09 19:56:15,2023-08-21 19:58:50
CONT2023005469,2023-08-15 09:06:10,2023-08-22 06:17:39
CONT2023005470,2023-08-18 00:32:00,2023-08-18 07:52:20
CONT2023005471,2023-08-16 15:03:47,2023-08-17 09:57:56
CONT2023005472,2023-08-12 15:55:54,
CONT2023005473,2023-08-12 02:42:33,2023-08-13 02:42:25
CONT2023005474,2023-08-11 18:38:24,2023-08-12 21:05:07
CONT2023005475,2023-08-16 20:29:44,2023-08-21 14:48:53
CONT2023005476,2023-08-10 19:03:22,2023-08-11 22:03:40
CONT2023005477,2023-08-09 14:42:39,2023-08-21 13:28:24
CONT2023005478,2023-08-10 23:39:48,2023-08-21 09:16:16
CONT2023005479,2023-08-12 03:49:46,2023-08-21 14:51:56
CONT2023005480,2023-08-16 12:19:50,2023-08-21 12:57:18
CONT2023005481,2023-08-19 01:00:35,
CONT2023005482,2023-08-09 08:05:30,2023-08-21 18:08:37
CONT2023005483,2023-08-10 12:03:05,
CONT2023005484,2023-08-08 03:23:21,2023-08-09 08:48:42
CONT2023005485,2023-08-19 05:01:55,2023-08-19 10:47:14
CONT2023005486,2023-08-16 07:01:29,2023-08-21 10:11:21
CONT2023005487,2023-08-11 07:54:20,2023-08-21 19:13:24
CONT2023005488,2023-08-18 03:26:31,
CONT2023005489,2023-08-09 12:04:24,2023-08-09 21:42:16
CONT2023005490,2023-08-09 21:33:23,2023-08-10 19:02:07
CONT2023005491,2023-08-11 11:15:26,2023-08-11 22:11:05
CONT2023005492,2023-08-08 06:58:07,2023-08-09 05:56:46
CONT2023005493,2023-08-14 21:45:00,2023-08-15 12:29:50
CONT2023005494,2023-08-18 14:25:42,2023-08-19 09:10:05
CONT2023005495,2023-08-12 14:39:19,2023-08-13 09:36:28
CONT2023005496,2023-08-09 19:42:06,2023-08-21 20:38:25
CONT2023005497,2023-08-16 08:47:02,2023-08-21 09:54:28
CONT2023005498,2023-08-14 12:43:15,2023-08-21 00:38:35
CONT2023005499,2023-08-17 06:41:51,2023-08-21 20:31:14
CONT2023005500,2023-08-15 05:45:37,2023-08-21 20:29:49
CONT2023005501,2023-08-10 17:50:21,2023-08-11 11:59:38
CONT2023005502,2023-08-12 09:32:59,2023-08-12 21:38:47
CONT2023005503,2023-08-11 11:15:49,2023-08-12 08:47:40
CONT2023005504,2023-08-11 10:48:02,
CONT2023005505,2023-08-08 03:06:39,2023-08-09 03:57:37
CONT2023005506,2023-08-17 02:36:08,2023-08-22 03:13:33
CONT2023005507,2023-08-10 22:48:41,2023-08-11 07:50:16
CONT2023005508,2023-08-18 05:52:29,
CONT2023005509,2023-08-14 04:13:35,2023-08-15 04:49:42
CONT2023005510,2023-08-12 09:45:29,2023-08-22 00:39:35
CONT2023005511,2023-08-12 03:37:56,2023-08-22 20:32:55
CONT2023005512,2023-08-13 04:34:05,2023-08-13 20:02:58
CONT2023005513,2023-08-11 07:25:28,2023-08-22 23:19:01
CONT2023005514,2023-08-13 07:44:17,2023-08-23 07:19:32
CONT2023005515,2023-08-14 13:36:59,
CONT2023005516,2023-08-18 09:00:35,2023-08-22 09:25:07
CONT2023005517,2023-08-12 07:14:06,2023-08-13 08:43:56
CONT2023005518,2023-08-18 01:55:03,
CONT2023005519,2023-08-09 21:45:36,2023-08-10 17:23:40
CONT2023005520,2023-08-17 02:40:58,2023-08-17 18:07:09
CONT2023005521,2023-08-15 19:41:02,2023-08-22 15:25:24
CONT2023005522,2023-08-11 18:47:02,2023-08-12 08:13:27
CONT2023005523,2023-08-14 08:31:34,2023-08-23 05:54:45
CONT2023005524,2023-08-14 07:09:21,2023-08-23 11:57:21
CONT2023005525,2023-08-12 05:29:36,2023-08-23 02:04:39
CONT2023005526,2023-08-16 18:20:20,2023-08-17 21:46:30
CONT2023005527,2023-08-18 02:02:16,2023-08-18 22:44:37
CONT2023005528,2023-08-21 03:11:14,2023-08-24 05:24:16
CONT2023005529,2023-08-12 20:46:58,
CONT2023005530,2023-08-10 17:31:39,
CONT2023005531,2023-08-12 07:02:35,2023-08-24 09:34:30
CONT2023005532,2023-08-11 17:44:57,2023-08-12 09:56:53
CONT2023005533,2023-08-17 05:44:32,2023-08-23 10:55:02
CONT2023005534,2023-08-20 18:12:46,2023-08-21 17:00:29
CONT2023005535,2023-08-20 17:23:26,2023-08-21 05:26:43
CONT2023005536,2023-08-19 00:04:26,2023-08-20 13:04:29
CONT2023005537,2023-08-20 06:08:03,2023-08-21 05:24:32
CONT2023005538,2023-08-12 10:04:53,2023-08-24 13:28:01
CONT2023005539,2023-08-13 16:36:39,2023-08-14 10:20:04
CONT2023005540,2023-08-21 09:34:28,2023-08-21 23:49:12
CONT2023005541,2023-08-17 08:55:15,
CONT2023005542,2023-08-14 21:22:15,
CONT2023005543,2023-08-14 05:58:34,2023-08-24 09:47:46
CONT2023005544,2023-08-19 21:52:00,2023-08-24 13:07:19
CONT2023005545,2023-08-12 18:15:21,
CONT2023005546,2023-08-17 20:26:01,2023-08-24 14:26:14
CONT2023005547,2023-08-14 19:43:24,
CONT2023005548,2023-08-13 22:22:07,2023-08-14 12:20:25
CONT2023005549,2023-08-11 08:50:07,
CONT2023005550,2023-08-18 06:40:50,2023-08-25 07:17:51
CONT2023005551,2023-08-12 12:19:03,2023-08-13 07:55:24
CONT2023005552,2023-08-11 01:54:14,2023-08-11 10:46:02
CONT2023005553,2023-08-16 09:15:53,2023-08-16 13:15:53
CONT2023005554,2023-08-17 09:16:47,2023-08-24 19:29:38
CONT2023005555,2023-08-19 05:33:12,2023-08-25 01:10:58
CONT2023005556,2023-08-16 21:29:44,2023-08-24 10:09:58
CONT2023005557,2023-08-12 15:56:14,2023-08-13 08:45:16
CONT2023005558,2023-08-14 01:52:32,2023-08-24 01:22:16
CONT2023005559,2023-08-17 04:42:10,2023-08-24 18:26:41
CONT2023005560,2023-08-11 13:00:38,2023-08-24 05:08:54
CONT2023005561,2023-08-16 17:01:25,
CONT2023005562,2023-08-19 08:49:12,
CONT2023005563,2023-08-17 02:02:44,2023-08-24 17:00:58
CONT2023005564,2023-08-10 18:37:27,2023-08-11 11:46:24
CONT2023005565,2023-08-16 19:56:43,
CONT2023005566,2023-08-18 00:43:49,
CONT2023005567,2023-08-13 23:02:16,2023-08-24 10:15:51
CONT2023005568,2023-08-11 15:24:24,2023-08-12 14:59:53
CONT2023005569,2023-08-14 01:06:14,2023-08-25 09:17:08
CONT2023005570,2023-08-15 05:39:23,2023-08-15 16:55:53
CONT2023005571,2023-08-20 09:43:57,2023-08-24 11:57:38
CONT2023005572,2023-08-14 11:11:45,2023-08-24 11:47:17
CONT2023005573,2023-08-15 12:55:40,2023-08-24 10:16:03
CONT2023005574,2023-08-13 17:24:31,2023-08-24 08:17:39
CONT2023005575,2023-08-17 06:57:30,2023-08-24 23:53:39
CONT2023005576,2023-08-21 00:27:12,2023-08-22 06:09:32
CONT2023005577,2023-08-15 10:39:00,2023-08-24 22:56:01
CONT2023005578,2023-08-19 02:30:22,2023-08-19 17:56:13
CONT2023005579,2023-08-12 19:58:27,2023-08-13 22:42:19
CONT2023005580,2023-08-16 06:24:03,
CONT2023005581,2023-08-20 13:36:04,2023-08-21 17:25:20
CONT2023005582,2023-08-12 04:56:02,2023-08-13 06:30:23
CONT2023005583,2023-08-20 21:20:09,2023-08-22 02:49:04
CONT2023005584,2023-08-11 01:55:27,2023-08-25 07:14:56
CONT2023005585,2023-08-11 05:56:49,2023-08-24 16:42:24
CONT2023005586,2023-08-21 11:37:58,2023-08-21 18:29:41
CONT2023005587,2023-08-16 02:29:20,2023-08-24 17:58:00
CONT2023005588,2023-08-21 03:57:01,2023-08-22 11:40:45
CONT2023005589,2023-08-16 05:50:18,2023-08-24 17:58:44
CONT2023005590,2023-08-15 01:37:35,
CONT2023005591,2023-08-14 23:48:33,2023-08-15 14:53:16
CONT2023005592,2023-08-11 23:40:04,2023-08-24 10:42:57
CONT2023005593,2023-08-18 13:15:29,
CONT2023005594,2023-08-19 19:51:53,2023-08-25 02:11:48
CONT2023005595,2023-08-14 23:21:04,
CONT2023005596,2023-08-13 12:18:08,
CONT2023005597,2023-08-16 19:18:24,
CONT2023005598,2023-08-13 07:38:16,2023-08-24 19:41:02
CONT2023005599,2023-08-16 10:41:23,2023-08-24 06:37:18
CONT2023005600,2023-08-17 09:19:31,
CONT2023005601,2023-08-12 17:09:09,
CONT2023005602,2023-08-20 06:05:25,2023-08-24 21:14:34
CONT2023005603,2023-08-15 02:20:09,2023-08-23 20:12:10
CONT2023005604,2023-08-17 00:38:40,2023-08-24 17:49:20
CONT2023005605,2023-08-11 21:29:56,2023-08-24 00:14:53
CONT2023005606,2023-08-13 10:55:17,2023-08-14 09:38:49
CONT2023005607,2023-08-14 09:54:43,2023-08-24 11:37:31
CONT2023005608,2023-08-15 22:29:33,2023-08-24 01:20:15
CONT2023005609,2023-08-17 23:43:07,
CONT2023005610,2023-08-16 19:22:19,2023-08-17 19:45:17
CONT2023005611,2023-08-16 07:58:04,2023-08-24 00:36:27
CONT2023005612,2023-08-21 15:31:33,2023-08-22 06:56:32
CONT2023005613,2023-08-13 08:15:23,2023-08-25 21:40:47
CONT2023005614,2023-08-21 18:04:47,
CONT2023005615,2023-08-18 16:33:09,2023-08-26 03:55:50
CONT2023005616,2023-08-13 14:33:57,2023-08-14 05:24:50
CONT2023005617,2023-08-18 07:51:30,2023-08-19 19:30:25
CONT2023005618,2023-08-19 05:12:51,
CONT2023005619,2023-08-17 22:07:02,2023-08-25 17:19:33
CONT2023005620,2023-08-20 09:00:26,2023-08-21 21:20:01
CONT2023005621,2023-08-13 06:02:45,2023-08-14 02:37:20
CONT2023005622,2023-08-21 12:42:37,
CONT2023005623,2023-08-21 07:44:59,2023-08-22 00:01:31
CONT2023005624,2023-08-11 21:00:10,2023-08-25 13:55:49
CONT2023005625,2023-08-22 04:55:08,2023-08-25 09:30:05
CONT2023005626,2023-08-16 08:31:10,
CONT2023005627,2023-08-22 16:42:05,2023-08-23 17:00:28
CONT2023005628,2023-08-15 01:52:47,2023-08-25 14:31:53
CONT2023005629,2023-08-22 12:48:48,2023-08-23 23:18:36
CONT2023005630,2023-08-16 16:07:06,2023-08-17 13:49:47
CONT2023005631,2023-08-15 09:15:08,2023-08-17 03:57:46
CONT2023005632,2023-08-15 17:04:18,2023-08-16 14:10:19
CONT2023005633,2023-08-18 04:21:47,2023-08-25 14:04:42
CONT2023005634,2023-08-21 12:29:37,2023-08-25 01:26:36
CONT2023005635,2023-08-20 09:35:08,2023-08-25 06:23:15
CONT2023005636,2023-08-11 18:06:36,2023-08-25 12:05:12
CONT2023005637,2023-08-16 02:07:12,2023-08-16 19:39:28
CONT2023005638,2023-08-14 15:36:39,2023-08-25 21:41:43
CONT2023005639,2023-08-16 05:15:18,2023-08-16 22:09:27
CONT2023005640,2023-08-12 15:51:02,2023-08-25 02:38:13
CONT2023005641,2023-08-19 06:42:11,2023-08-20 05:56:23
CONT2023005642,2023-08-21 16:19:00,2023-08-25 13:53:54
CONT2023005643,2023-08-14 18:21:52,2023-08-26 04:14:44
CONT2023005644,2023-08-20 02:22:15,2023-08-26 04:04:03
CONT2023005645,2023-08-21 23:11:03,2023-08-22 15:27:37
CONT2023005646,2023-08-16 04:16:12,2023-08-25 13:37:55
CONT2023005647,2023-08-22 12:22:00,2023-08-24 04:22:51
CONT2023005648,2023-08-13 00:33:50,2023-08-25 19:15:53
CONT2023005649,2023-08-17 22:32:59,2023-08-18 10:18:43
CONT2023005650,2023-08-17 16:07:11,
CONT2023005651,2023-08-22 03:38:04,2023-08-22 15:50:08
CONT2023005652,2023-08-16 00:39:33,2023-08-26 06:59:56
CONT2023005653,2023-08-12 15:55:44,
CONT2023005654,2023-08-18 11:14:44,2023-08-19 12:09:52
CONT2023005655,2023-08-14 11:48:05,2023-08-26 17:03:19
CONT2023005656,2023-08-18 00:44:11,2023-08-26 18:19:08
CONT2023005657,2023-08-23 03:30:34,
CONT2023005658,2023-08-16 03:34:34,2023-08-27 08:05:41
CONT2023005659,2023-08-17 19:37:22,2023-08-18 18:35:01
CONT2023005660,2023-08-16 05:06:08,
CONT2023005661,2023-08-15 00:58:47,2023-08-26 19:13:47
CONT2023005662,2023-08-24 10:06:09,2023-08-25 00:32:08
CONT2023005663,2023-08-21 18:33:22,2023-08-26 18:12:55
CONT2023005664,2023-08-17 03:15:21,2023-08-27 12:02:13
CONT2023005665,2023-08-14 04:55:09,2023-08-15 07:19:50
CONT2023005666,2023-08-17 19:47:59,2023-08-18 05:33:58
CONT2023005667,2023-08-14 11:16:56,2023-08-27 01:04:03
CONT2023005668,2023-08-14 04:53:30,2023-08-14 23:13:15
CONT2023005669,2023-08-18 22:30:13,2023-08-27 03:29:48
CONT2023005670,2023-08-24 11:19:29,
CONT2023005671,2023-08-22 19:29:38,2023-08-23 08:05:28
CONT2023005672,2023-08-24 01:00:10,2023-08-27 05:29:22
CONT2023005673,2023-08-21 23:17:52,2023-08-22 18:49:53
CONT2023005674,2023-08-22 17:24:07,2023-08-22 21:24:07
CONT2023005675,2023-08-18 05:20:25,2023-08-27 08:55:40
CONT2023005676,2023-08-20 04:40:19,2023-08-27 14:47:15
CONT2023005677,2023-08-23 17:43:24,2023-08-27 18:06:22
CONT2023005678,2023-08-16 01:05:57,2023-08-16 20:40:11
CONT2023005679,2023-08-18 10:27:13,2023-08-19 07:15:34
CONT2023005680,2023-08-22 18:13:52,
CONT2023005681,2023-08-17 23:44:23,2023-08-18 03:44:23
CONT2023005682,2023-08-15 21:56:01,2023-08-26 10:44:36
CONT2023005683,2023-08-16 21:37:53,2023-08-27 17:25:28
CONT2023005684,2023-08-21 13:33:08,2023-08-22 07:09:18
CONT2023005685,2023-08-19 14:36:21,
CONT2023005686,2023-08-19 16:17:54,2023-08-20 17:56:34
CONT2023005687,2023-08-21 12:04:05,2023-08-26 21:11:41
CONT2023005688,2023-08-23 23:52:03,2023-08-27 11:48:05
CONT2023005689,2023-08-22 17:55:26,2023-08-26 23:54:09
CONT2023005690,2023-08-14 02:11:26,2023-08-15 01:28:49
CONT2023005691,2023-08-19 19:05:20,2023-08-28 09:34:29
CONT2023005692,2023-08-16 06:46:58,2023-08-29 04:19:46
CONT2023005693,2023-08-25 00:25:33,2023-08-29 02:38:13
CONT2023005694,2023-08-26 10:27:29,
CONT2023005695,2023-08-26 11:38:45,2023-08-29 01:16:26
CONT2023005696,2023-08-19 08:57:48,2023-08-29 08:16:24
CONT2023005697,2023-08-19 09:03:17,
CONT2023005698,2023-08-18 00:38:45,
CONT2023005699,2023-08-20 22:31:39,2023-08-21 23:50:57
CONT2023005700,2023-08-20 05:42:25,2023-08-21 06:18:15
CONT2023005701,2023-08-23 05:09:30,2023-08-23 12:18:02
CONT2023005702,2023-08-29 17:09:51,2023-08-30 10:02:39
CONT2023005703,2023-08-22 18:45:08,2023-08-23 13:52:37
CONT2023005704,2023-08-31 06:10:01,
CONT2023005705,2023-08-22 23:08:04,2023-09-02 20:24:19
CONT2023005706,2023-08-25 05:39:48,2023-08-25 23:04:16
CONT2023005707,2023-08-21 22:16:15,2023-08-22 03:16:25
CONT2023005708,2023-08-28 10:37:24,2023-09-03 23:20:02
CONT2023005709,2023-08-27 19:09:58,
CONT2023005710,2023-08-20 17:43:42,2023-09-02 19:56:59
CONT2023005711,2023-08-30 06:17:44,2023-09-04 05:26:45
CONT2023005712,2023-08-25 21:44:21,
CONT2023005713,2023-08-23 21:33:54,2023-08-24 22:20:17
CONT2023005714,2023-08-29 12:30:17,2023-08-30 09:12:36
CONT2023005715,2023-08-24 06:28:31,2023-09-04 15:46:57
CONT2023005716,2023-08-22 02:16:43,2023-08-22 15:07:12
CONT2023005717,2023-08-23 23:53:16,
CONT2023005718,2023-08-22 13:58:38,
CONT2023005719,2023-08-22 03:28:18,2023-09-04 01:22:28
CONT2023005720,2023-08-28 00:27:44,2023-09-04 16:39:42
CONT2023005721,2023-08-25 23:30:54,2023-08-26 23:18:08
CONT2023005722,2023-08-30 23:19:55,2023-08-31 03:19:55
CONT2023005723,2023-08-25 03:55:02,2023-09-04 14:14:01
CONT2023005724,2023-08-22 09:11:28,
CONT2023005725,2023-08-29 06:13:53,
CONT2023005726,2023-08-22 18:29:49,
CONT2023005727,2023-08-29 05:49:13,2023-08-30 01:14:00
CONT2023005728,2023-08-26 08:12:05,2023-09-04 04:10:35
CONT2023005729,2023-08-27 01:58:21,2023-08-27 19:38:23
CONT2023005730,2023-08-23 16:20:03,2023-09-04 07:13:33
CONT2023005731,2023-08-30 18:19:52,2023-08-30 22:19:52
CONT2023005732,2023-09-01 05:56:36,2023-09-04 07:32:06
CONT2023005733,2023-08-31 07:06:15,2023-09-04 15:35:59
CONT2023005734,2023-08-24 06:14:56,2023-08-24 23:41:27
CONT2023005735,2023-08-25 18:08:22,2023-09-05 05:48:10
CONT2023005736,2023-08-28 02:01:24,2023-08-29 05:19:25
CONT2023005737,2023-08-26 03:00:26,2023-08-26 17:24:22
CONT2023005738,2023-08-27 20:48:50,
CONT2023005739,2023-08-30 22:38:23,2023-09-01 13:38:26
CONT2023005740,2023-08-24 15:23:17,2023-08-26 02:48:34
CONT2023005741,2023-08-23 01:14:37,2023-08-23 15:58:01
CONT2023005742,2023-08-27 07:25:37,2023-08-27 18:23:36
CONT2023005743,2023-08-28 23:42:48,2023-08-29 23:55:42
CONT2023005744,2023-08-22 21:02:03,2023-09-04 21:44:01
CONT2023005745,2023-08-23 21:18:08,2023-08-24 14:51:52
CONT2023005746,2023-08-27 12:07:31,2023-08-28 00:01:20
CONT2023005747,2023-08-30 00:11:24,2023-08-31 00:37:02
CONT2023005748,2023-08-24 17:25:13,2023-09-05 01:25:43
CONT2023005749,2023-08-30 05:07:58,2023-09-05 08:14:12
CONT2023005750,2023-09-03 13:13:15,2023-09-06 18:41:23
CONT2023005751,2023-08-30 04:07:04,2023-09-06 21:37:06
CONT2023005752,2023-09-02 19:13:36,2023-09-04 01:12:17
CONT2023005753,2023-08-27 11:26:16,2023-09-06 09:55:34
CONT2023005754,2023-09-03 19:45:45,2023-09-04 21:26:39
CONT2023005755,2023-08-31 19:19:54,2023-09-06 23:22:44
CONT2023005756,2023-08-26 18:58:12,2023-09-07 08:45:46
CONT2023005757,2023-08-27 12:44:49,2023-08-28 08:37:21
CONT2023005758,2023-08-31 16:46:26,
CONT2023005759,2023-08-27 14:35:13,2023-08-28 10:56:46
CONT2023005760,2023-08-29 12:52:16,2023-08-30 06:48:39
CONT2023005761,2023-08-28 01:34:01,2023-08-29 13:05:25
CONT2023005762,2023-09-03 08:56:11,2023-09-05 23:47:31
CONT2023005763,2023-09-03 19:51:24,2023-09-04 16:04:02
CONT2023005764,2023-08-24 07:59:48,2023-08-25 03:03:14
CONT2023005765,2023-08-26 03:58:46,
CONT2023005766,2023-09-02 21:43:47,2023-09-06 21:59:28
CONT2023005767,2023-08-24 06:34:54,2023-09-06 09:37:56
CONT2023005768,2023-08-23 19:29:03,2023-08-24 11:03:51
CONT2023005769,2023-08-25 15:11:07,2023-09-07 00:07:58
CONT2023005770,2023-08-31 03:41:04,2023-08-31 15:28:36
CONT2023005771,2023-08-31 05:27:48,2023-09-07 21:31:51
CONT2023005772,2023-08-30 13:47:30,2023-09-07 07:01:33
CONT2023005773,2023-08-29 23:25:13,2023-09-07 10:43:03
CONT2023005774,2023-08-28 19:20:11,2023-08-29 13:37:06
CONT2023005775,2023-08-28 13:19:14,2023-08-29 11:24:18
CONT2023005776,2023-08-26 09:17:46,2023-09-07 10:02:11
CONT2023005777,2023-09-03 07:29:28,2023-09-04 02:18:51
CONT2023005778,2023-09-03 20:40:20,2023-09-07 01:39:04
CONT2023005779,2023-08-27 13:50:26,2023-08-28 03:31:00
CONT2023005780,2023-08-29 14:52:09,2023-08-30 05:24:01
CONT2023005781,2023-08-26 13:49:19,2023-09-07 12:17:20
CONT2023005782,2023-08-29 05:58:00,2023-08-30 01:30:58
CONT2023005783,2023-09-02 12:03:01,2023-09-08 00:51:25
CONT2023005784,2023-08-26 06:23:32,2023-09-07 03:07:29
CONT2023005785,2023-08-28 10:37:29,2023-09-07 07:41:22
CONT2023005786,2023-08-25 02:31:11,2023-09-07 01:33:56
CONT2023005787,2023-08-28 01:41:28,2023-08-29 10:07:21
CONT2023005788,2023-08-29 16:50:31,2023-09-07 19:14:22
CONT2023005789,2023-08-26 06:50:37,2023-09-07 16:35:44
CONT2023005790,2023-08-24 17:59:49,
CONT2023005791,2023-08-30 18:39:50,2023-09-06 23:09:08
CONT2023005792,2023-09-01 23:50:44,2023-09-02 11:01:28
CONT2023005793,2023-08-28 17:50:01,2023-08-29 11:37:10
CONT2023005794,2023-08-31 21:44:42,2023-09-01 16:49:36
CONT2023005795,2023-09-03 09:39:30,2023-09-04 08:45:26
CONT2023005796,2023-08-28 21:55:44,2023-09-06 23:45:23
CONT2023005797,2023-08-24 23:33:03,2023-08-26 09:32:23
CONT2023005798,2023-08-29 11:04:08,2023-08-29 23:31:34
CONT2023005799,2023-09-02 09:32:05,2023-09-07 16:21:34
CONT2023005800,2023-08-31 23:24:45,
CONT2023005801,2023-08-24 11:42:59,2023-08-25 21:13:55
CONT2023005802,2023-08-26 12:22:35,
CONT2023005803,2023-08-27 07:41:20,2023-09-07 04:41:27
CONT2023005804,2023-08-25 13:17:41,2023-09-06 13:59:41
CONT2023005805,2023-08-29 11:37:38,2023-09-06 15:01:17
CONT2023005806,2023-09-03 22:37:07,2023-09-06 21:03:48
CONT2023005807,2023-09-04 07:20:36,2023-09-08 06:31:29
CONT2023005808,2023-09-03 21:03:32,2023-09-08 06:30:34
CONT2023005809,2023-08-26 04:49:03,2023-08-27 09:43:36
CONT2023005810,2023-09-01 05:31:27,2023-09-01 19:11:41
CONT2023005811,2023-08-28 18:37:25,2023-09-09 03:33:43
CONT2023005812,2023-08-25 08:04:27,2023-08-26 05:30:22
CONT2023005813,2023-08-28 23:16:31,
CONT2023005814,2023-09-02 10:13:04,2023-09-07 23:06:45
CONT2023005815,2023-08-26 16:48:57,2023-09-07 23:19:17
CONT2023005816,2023-09-06 05:15:10,
CONT2023005817,2023-08-26 11:55:25,2023-09-08 21:43:10
CONT2023005818,2023-09-05 17:01:36,2023-09-06 08:38:58
CONT2023005819,2023-08-26 16:39:15,
CONT2023005820,2023-09-02 17:41:09,2023-09-08 16:09:58
CONT2023005821,2023-08-31 01:53:33,2023-09-01 01:54:08
CONT2023005822,2023-09-05 17:37:10,2023-09-10 01:30:11
CONT2023005823,2023-09-06 16:40:33,2023-09-07 18:30:01
CONT2023005824,2023-08-29 02:58:17,2023-09-10 11:13:06
CONT2023005825,2023-09-05 16:41:17,2023-09-06 07:17:04
CONT2023005826,2023-08-28 09:00:47,2023-09-10 11:37:32
CONT2023005827,2023-09-05 12:58:45,2023-09-06 08:45:10
CONT2023005828,2023-09-02 02:09:27,
CONT2023005829,2023-09-05 19:04:38,2023-09-06 09:53:49
CONT2023005830,2023-08-30 20:05:17,2023-08-31 02:01:45
CONT2023005831,2023-09-01 18:33:22,2023-09-02 17:52:30
CONT2023005832,2023-09-04 09:08:57,2023-09-11 00:02:54
CONT2023005833,2023-08-29 07:47:27,2023-08-30 11:02:09
CONT2023005834,2023-09-03 10:31:49,2023-09-10 13:27:23
CONT2023005835,2023-09-04 11:06:42,2023-09-05 03:13:43
CONT2023005836,2023-09-03 21:43:10,2023-09-04 11:42:16
CONT2023005837,2023-09-01 01:56:10,
CONT2023005838,2023-09-03 10:30:22,2023-09-04 13:27:00
CONT2023005839,2023-09-03 03:27:21,
CONT2023005840,2023-08-31 20:23:02,2023-09-10 07:20:38
CONT2023005841,2023-09-07 02:17:38,2023-09-07 19:49:21
CONT2023005842,2023-08-28 00:36:28,2023-09-09 21:31:52
CONT2023005843,2023-09-03 14:41:54,
CONT2023005844,2023-09-02 19:55:37,2023-09-03 21:17:47
CONT2023005845,2023-08-29 19:03:49,2023-08-30 13:26:33
CONT2023005846,2023-09-02 18:19:07,2023-09-03 23:33:17
CONT2023005847,2023-09-04 09:23:11,2023-09-10 05:12:32
CONT2023005848,2023-08-29 21:24:55,
CONT2023005849,2023-09-03 22:31:30,2023-09-10 16:12:51
CONT2023005850,2023-09-01 00:46:24,
CONT2023005851,2023-09-04 15:52:27,
CONT2023005852,2023-08-28 11:36:16,
CONT2023005853,2023-09-03 06:38:23,2023-09-04 00:57:44
CONT2023005854,2023-08-31 07:10:15,2023-09-01 08:34:06
CONT2023005855,2023-08-29 07:10:40,2023-09-10 18:45:23
CONT2023005856,2023-08-29 08:04:12,2023-08-29 22:28:21
CONT2023005857,2023-09-03 14:33:59,2023-09-10 04:47:50
CONT2023005858,2023-08-28 16:09:52,2023-09-10 19:27:05
CONT2023005859,2023-09-04 19:47:15,2023-09-09 19:47:42
CONT2023005860,2023-08-29 22:58:08,2023-08-30 15:59:56
CONT2023005861,2023-08-29 17:37:25,2023-08-29 21:37:25
CONT2023005862,2023-09-06 23:21:01,2023-09-11 09:12:13
CONT2023005863,2023-09-04 20:42:59,2023-09-10 23:38:17
CONT2023005864,2023-09-04 02:11:03,
CONT2023005865,2023-08-29 01:21:04,2023-08-30 00:28:01
CONT2023005866,2023-08-31 11:00:58,
CONT2023005867,2023-09-06 07:42:11,2023-09-06 11:42:11
CONT2023005868,2023-09-06 17:35:02,2023-09-07 09:38:11
CONT2023005869,2023-09-05 16:52:55,2023-09-11 10:07:13
CONT2023005870,2023-09-01 23:49:14,
CONT2023005871,2023-09-02 09:32:50,
CONT2023005872,2023-09-02 13:02:03,
CONT2023005873,2023-09-01 00:49:14,2023-09-10 10:46:22
CONT2023005874,2023-08-28 17:13:25,2023-09-10 18:13:25
CONT2023005875,2023-09-07 05:05:24,2023-09-10 12:36:33
CONT2023005876,2023-08-31 06:42:10,
CONT2023005877,2023-08-30 20:27:49,2023-09-10 17:25:11
CONT2023005878,2023-09-05 07:35:02,2023-09-10 13:45:03
CONT2023005879,2023-09-03 08:33:12,2023-09-04 00:20:04
CONT2023005880,2023-09-06 21:48:34,2023-09-10 15:09:42
CONT2023005881,2023-09-06 15:17:54,2023-09-07 14:15:31
CONT2023005882,2023-08-31 03:21:28,2023-09-12 21:27:10
CONT2023005883,2023-09-08 07:34:30,2023-09-09 19:19:06
CONT2023005884,2023-09-06 06:40:24,2023-09-13 14:52:06
CONT2023005885,2023-09-02 06:16:45,2023-09-02 23:31:56
CONT2023005886,2023-09-07 21:03:54,2023-09-14 03:53:35
CONT2023005887,2023-09-07 15:30:26,2023-09-08 10:59:17
CONT2023005888,2023-09-01 21:19:25,2023-09-13 08:49:52
CONT2023005889,2023-09-03 02:42:36,2023-09-04 01:56:22
CONT2023005890,2023-09-05 23:09:59,2023-09-06 12:18:21
CONT2023005891,2023-09-04 19:17:54,2023-09-06 10:52:58
CONT2023005892,2023-09-09 20:17:05,2023-09-13 03:17:51
CONT2023005893,2023-09-05 05:58:47,
CONT2023005894,2023-09-08 08:34:11,2023-09-09 15:38:27
CONT2023005895,2023-09-02 03:38:32,2023-09-02 10:50:13
CONT2023005896,2023-09-01 03:07:19,2023-09-13 10:00:32
CONT2023005897,2023-09-02 04:20:41,2023-09-02 19:03:02
CONT2023005898,2023-09-06 01:43:23,
CONT2023005899,2023-09-09 06:18:28,2023-09-13 05:11:47
CONT2023005900,2023-09-03 17:30:15,
CONT2023005901,2023-09-10 22:23:50,2023-09-12 12:25:03
CONT2023005902,2023-09-08 17:17:13,2023-09-13 22:03:55
CONT2023005903,2023-09-02 18:38:13,2023-09-14 05:10:42
CONT2023005904,2023-09-06 01:54:42,2023-09-06 19:28:44
CONT2023005905,2023-09-02 05:19:43,2023-09-03 09:25:40
CONT2023005906,2023-09-09 02:16:11,
CONT2023005907,2023-08-31 08:49:03,
CONT2023005908,2023-09-02 15:20:39,2023-09-14 15:08:44
CONT2023005909,2023-09-02 15:57:29,2023-09-13 17:46:38
CONT2023005910,2023-09-03 04:07:31,2023-09-03 18:15:54
CONT2023005911,2023-09-02 09:25:20,2023-09-14 00:17:36
CONT2023005912,2023-09-08 00:34:54,
CONT2023005913,2023-08-31 02:29:33,2023-09-01 00:20:50
CONT2023005914,2023-08-31 06:49:56,2023-09-01 05:19:06
CONT2023005915,2023-09-09 16:09:10,
CONT2023005916,2023-09-01 10:51:39,2023-09-02 07:23:24
CONT2023005917,2023-09-10 18:34:54,2023-09-13 06:57:04
CONT2023005918,2023-08-31 06:10:53,
CONT2023005919,2023-09-08 00:30:47,2023-09-13 09:54:32
CONT2023005920,2023-09-01 01:30:33,2023-09-12 18:30:26
CONT2023005921,2023-09-01 10:26:44,2023-09-02 10:10:41
CONT2023005922,2023-09-10 06:12:36,
CONT2023005923,2023-09-09 18:32:55,
CONT2023005924,2023-09-03 19:38:04,
CONT2023005925,2023-09-03 01:46:33,2023-09-13 04:47:16
CONT2023005926,2023-09-04 03:11:10,2023-09-05 18:03:45
CONT2023005927,2023-09-09 20:30:28,2023-09-10 17:58:27
CONT2023005928,2023-09-01 12:50:10,2023-09-13 21:15:58
CONT2023005929,2023-08-31 18:30:50,2023-09-01 14:27:17
CONT2023005930,2023-09-05 09:15:12,2023-09-06 15:20:08
CONT2023005931,2023-09-02 09:13:41,2023-09-03 03:57:33
CONT2023005932,2023-09-10 00:53:56,2023-09-13 21:40:51
CONT2023005933,2023-09-05 19:38:47,2023-09-14 00:49:28
CONT2023005934,2023-09-03 14:35:17,2023-09-04 08:47:16
CONT2023005935,2023-09-10 19:21:28,2023-09-13 19:41:54
CONT2023005936,2023-09-02 00:30:54,2023-09-14 03:14:27
CONT2023005937,2023-09-06 06:06:25,2023-09-07 03:24:26
CONT2023005938,2023-09-01 04:54:05,2023-09-02 01:13:53
CONT2023005939,2023-09-07 10:17:22,2023-09-08 17:40:10
CONT2023005940,2023-09-01 00:41:33,2023-09-14 03:40:20
CONT2023005941,2023-09-09 23:03:01,2023-09-14 17:00:55
CONT2023005942,2023-08-31 14:46:09,2023-09-14 03:28:59
CONT2023005943,2023-09-01 22:30:42,2023-09-14 21:56:21
CONT2023005944,2023-09-01 06:05:59,2023-09-13 08:19:44
CONT2023005945,2023-09-02 04:42:14,2023-09-03 05:16:47
CONT2023005946,2023-09-04 03:09:34,
CONT2023005947,2023-09-01 09:40:15,2023-09-13 13:55:34
CONT2023005948,2023-09-10 14:48:28,2023-09-14 20:32:35
CONT2023005949,2023-09-08 00:44:21,2023-09-08 06:12:25
CONT2023005950,2023-09-04 04:20:26,2023-09-05 03:00:15
CONT2023005951,2023-09-06 01:29:49,2023-09-06 23:43:54
CONT2023005952,2023-09-02 11:43:39,2023-09-14 05:08:16
CONT2023005953,2023-09-09 16:55:11,2023-09-13 17:50:17
CONT2023005954,2023-09-10 07:05:45,
CONT2023005955,2023-09-08 22:06:37,
CONT2023005956,2023-09-02 07:17:23,2023-09-14 09:14:52
CONT2023005957,2023-09-07 02:05:28,2023-09-08 01:52:02
CONT2023005958,2023-08-31 01:42:05,2023-09-01 15:05:19
CONT2023005959,2023-09-07 18:35:28,2023-09-08 20:27:52
CONT2023005960,2023-09-03 09:46:05,2023-09-03 22:33:40
CONT2023005961,2023-09-03 17:18:35,
CONT2023005962,2023-09-11 00:13:28,2023-09-13 20:45:28
CONT2023005963,2023-09-09 22:53:23,
CONT2023005964,2023-09-03 01:29:45,
CONT2023005965,2023-09-07 21:03:32,2023-09-13 12:20:04
CONT2023005966,2023-09-02 11:00:24,
CONT2023005967,2023-08-31 11:24:53,
CONT2023005968,2023-09-02 22:50:35,2023-09-13 10:38:30
CONT2023005969,2023-09-04 07:36:27,2023-09-04 20:20:48
CONT2023005970,2023-09-04 12:36:30,2023-09-14 20:19:22
CONT2023005971,2023-08-31 22:07:48,2023-09-13 20:59:56
CONT2023005972,2023-09-06 15:06:16,2023-09-13 13:34:07
CONT2023005973,2023-09-06 16:37:45,
CONT2023005974,2023-09-11 03:03:12,2023-09-14 02:54:56
CONT2023005975,2023-09-02 02:31:43,
CONT2023005976,2023-09-08 12:30:07,2023-09-13 23:41:51
CONT2023005977,2023-09-08 03:04:03,2023-09-15 00:51:20
CONT2023005978,2023-09-09 05:08:32,2023-09-14 07:35:14
CONT2023005979,2023-09-08 06:06:57,2023-09-09 03:05:25
CONT2023005980,2023-09-01 14:36:34,2023-09-03 03:01:17
CONT2023005981,2023-09-05 01:49:25,
CONT2023005982,2023-09-04 23:21:27,
CONT2023005983,2023-09-03 20:21:08,2023-09-14 11:57:29
CONT2023005984,2023-09-06 06:27:32,2023-09-07 00:31:33
CONT2023005985,2023-09-05 02:43:29,2023-09-06 10:33:39
CONT2023005986,2023-09-02 04:41:13,2023-09-03 02:00:41
CONT2023005987,2023-09-03 05:08:54,2023-09-04 05:29:33
CONT2023005988,2023-09-05 23:18:20,2023-09-07 11:57:22
CONT2023005989,2023-09-06 04:25:49,2023-09-06 11:31:57
CONT2023005990,2023-09-06 21:20:08,2023-09-07 23:11:15
CONT2023005991,2023-09-08 02:34:44,2023-09-18 01:28:09
CONT2023005992,2023-09-14 14:51:55,2023-09-18 01:33:32
CONT2023005993,2023-09-06 16:12:45,2023-09-17 17:14:10
CONT2023005994,2023-09-04 15:29:59,2023-09-17 01:24:37
CONT2023005995,2023-09-07 20:23:39,2023-09-08 16:47:20
CONT2023005996,2023-09-07 14:39:28,
CONT2023005997,2023-09-12 12:45:07,2023-09-19 01:08:26
CONT2023005998,2023-09-08 20:55:09,2023-09-09 08:02:54
CONT2023005999,2023-09-05 21:39:50,
CONT2023006000,2023-09-08 19:57:35,2023-09-09 19:16:18
CONT2023006001,2023-09-07 18:58:37,2023-09-17 15:15:06
CONT2023006002,2023-09-11 02:58:25,2023-09-12 07:02:10
CONT2023006003,2023-09-15 16:52:12,2023-09-18 17:03:23
CONT2023006004,2023-09-13 03:36:17,2023-09-19 05:46:00
CONT2023006005,2023-09-09 23:59:00,
CONT2023006006,2023-09-10 23:37:24,2023-09-11 20:17:45
CONT2023006007,2023-09-07 15:40:12,2023-09-18 05:40:10
CONT2023006008,2023-09-13 23:21:13,
CONT2023006009,2023-09-06 16:38:42,2023-09-18 15:45:43
CONT2023006010,2023-09-11 21:44:38,2023-09-18 14:56:38
CONT2023006011,2023-09-16 10:25:35,2023-09-18 14:06:27
CONT2023006012,2023-09-11 15:15:15,2023-09-18 06:27:19
CONT2023006013,2023-09-11 05:31:24,2023-09-18 17:27:53
CONT2023006014,2023-09-12 18:38:50,2023-09-13 08:43:03
CONT2023006015,2023-09-12 11:04:19,2023-09-19 14:01:19
CONT2023006016,2023-09-06 15:11:17,2023-09-19 05:54:17
CONT2023006017,2023-09-09 16:25:25,2023-09-10 00:46:41
CONT2023006018,2023-09-11 17:42:25,
CONT2023006019,2023-09-13 05:32:09,2023-09-19 04:39:36
CONT2023006020,2023-09-07 00:51:25,
CONT2023006021,2023-09-10 18:10:27,
CONT2023006022,2023-09-12 12:48:48,2023-09-20 01:54:44
CONT2023006023,2023-09-09 09:25:09,2023-09-19 10:20:20
CONT2023006024,2023-09-16 01:56:39,2023-09-16 21:07:40
CONT2023006025,2023-09-15 00:49:40,
CONT2023006026,2023-09-15 06:26:03,2023-09-15 21:56:02
CONT2023006027,2023-09-07 16:25:13,2023-09-08 17:30:27
CONT2023006028,2023-09-16 11:50:43,2023-09-20 02:33:20
CONT2023006029,2023-09-10 00:47:26,2023-09-20 01:31:33
CONT2023006030,2023-09-08 16:27:48,2023-09-10 01:44:52
CONT2023006031,2023-09-10 17:52:58,
CONT2023006032,2023-09-12 18:28:11,2023-09-19 02:43:48
CONT2023006033,2023-09-16 16:09:35,2023-09-19 12:27:19
CONT2023006034,2023-09-08 20:37:10,2023-09-19 21:26:10
CONT2023006035,2023-09-14 12:48:42,
CONT2023006036,2023-09-06 02:16:26,
CONT2023006037,2023-09-10 13:46:10,2023-09-19 13:16:21
CONT2023006038,2023-09-09 18:44:16,2023-09-10 10:29:39
CONT2023006039,2023-09-11 16:09:48,2023-09-19 06:56:11
CONT2023006040,2023-09-11 14:25:15,2023-09-19 00:37:31
CONT2023006041,2023-09-11 03:42:58,2023-09-19 06:36:26
CONT2023006042,2023-09-08 11:42:49,2023-09-19 03:34:16
CONT2023006043,2023-09-08 16:28:47,2023-09-19 05:05:42
CONT2023006044,2023-09-13 10:48:06,2023-09-19 14:53:29
CONT2023006045,2023-09-14 23:06:07,2023-09-19 11:26:45
CONT2023006046,2023-09-07 09:48:25,2023-09-19 20:05:13
CONT2023006047,2023-09-09 21:34:12,2023-09-19 13:55:02
CONT2023006048,2023-09-07 13:11:52,2023-09-08 08:01:01
CONT2023006049,2023-09-14 17:39:15,
CONT2023006050,2023-09-07 20:02:37,
CONT2023006051,2023-09-08 15:54:32,2023-09-09 18:01:43
CONT2023006052,2023-09-10 19:25:03,2023-09-11 00:00:19
CONT2023006053,2023-09-06 22:41:16,2023-09-19 08:46:21
CONT2023006054,2023-09-11 22:36:18,2023-09-20 04:40:18
CONT2023006055,2023-09-13 11:50:31,2023-09-18 16:09:06
CONT2023006056,2023-09-15 08:35:50,2023-09-19 20:56:51
CONT2023006057,2023-09-12 15:45:18,2023-09-13 11:41:31
CONT2023006058,2023-09-06 17:40:45,2023-09-20 03:54:54
CONT2023006059,2023-09-10 09:02:01,2023-09-19 15:36:23
CONT2023006060,2023-09-11 15:23:23,2023-09-12 05:52:33
CONT2023006061,2023-09-15 11:22:21,
CONT2023006062,2023-09-12 23:19:48,2023-09-13 09:45:39
CONT2023006063,2023-09-09 17:03:01,
CONT2023006064,2023-09-09 08:04:52,2023-09-20 02:07:05
CONT2023006065,2023-09-14 23:40:52,2023-09-20 03:59:32
CONT2023006066,2023-09-15 05:54:09,2023-09-16 00:13:47
CONT2023006067,2023-09-13 10:08:49,
CONT2023006068,2023-09-13 02:22:20,2023-09-19 19:16:36
CONT2023006069,2023-09-13 11:03:03,2023-09-19 20:08:31
CONT2023006070,2023-09-07 07:14:07,2023-09-20 05:55:27
CONT2023006071,2023-09-16 00:48:31,
CONT2023006072,2023-09-08 04:43:56,2023-09-08 09:44:22
CONT2023006073,2023-09-07 14:04:29,2023-09-20 09:20:32
CONT2023006074,2023-09-09 12:50:42,2023-09-10 13:35:38
CONT2023006075,2023-09-07 06:08:15,2023-09-08 06:48:15
CONT2023006076,2023-09-14 04:25:35,
CONT2023006077,2023-09-15 18:35:24,2023-09-16 00:28:33
CONT2023006078,2023-09-11 08:23:01,
CONT2023006079,2023-09-06 21:16:41,2023-09-07 12:52:27
CONT2023006080,2023-09-10 14:41:35,2023-09-11 10:03:25
CONT2023006081,2023-09-12 03:57:26,
CONT2023006082,2023-09-08 05:26:51,2023-09-20 09:54:06
CONT2023006083,2023-09-14 23:12:56,2023-09-19 16:46:28
CONT2023006084,2023-09-08 18:36:23,2023-09-20 08:33:03
CONT2023006085,2023-09-08 01:43:53,2023-09-20 10:00:05
CONT2023006086,2023-09-14 18:44:01,2023-09-19 22:12:27
CONT2023006087,2023-09-15 22:04:19,2023-09-19 19:47:40
CONT2023006088,2023-09-10 16:53:33,2023-09-11 03:32:00
CONT2023006089,2023-09-11 12:00:04,2023-09-20 02:51:26
CONT2023006090,2023-09-07 19:32:51,2023-09-08 17:15:41
CONT2023006091,2023-09-10 21:56:10,2023-09-11 19:16:16
CONT2023006092,2023-09-06 19:03:24,2023-09-08 01:20:15
CONT2023006093,2023-09-09 15:54:36,2023-09-09 19:54:36
CONT2023006094,2023-09-16 03:52:43,2023-09-20 13:59:43
CONT2023006095,2023-09-12 03:10:11,2023-09-20 01:34:19
CONT2023006096,2023-09-09 07:28:40,2023-09-19 17:48:24
CONT2023006097,2023-09-12 17:25:10,2023-09-13 09:47:31
CONT2023006098,2023-09-12 16:38:25,2023-09-20 02:57:11
CONT2023006099,2023-09-12 13:38:24,2023-09-19 16:32:11
CONT2023006100,2023-09-06 14:06:20,2023-09-07 15:51:19
CONT2023006101,2023-09-12 14:15:29,2023-09-19 17:38:17
CONT2023006102,2023-09-16 05:04:20,2023-09-16 23:32:41
CONT2023006103,2023-09-08 07:10:21,2023-09-20 03:28:28
CONT2023006104,2023-09-16 16:59:41,
CONT2023006105,2023-09-08 12:15:54,2023-09-08 16:15:54
CONT2023006106,2023-09-14 16:56:29,2023-09-20 06:39:07
CONT2023006107,2023-09-11 20:25:35,2023-09-12 11:57:56
CONT2023006108,2023-09-08 05:22:00,2023-09-09 03:42:14
CONT2023006109,2023-09-07 10:26:15,2023-09-08 09:23:42
CONT2023006110,2023-09-16 09:41:13,2023-09-20 16:36:41
CONT2023006111,2023-09-16 23:26:18,2023-09-19 10:19:50
CONT2023006112,2023-09-07 02:36:37,
CONT2023006113,2023-09-07 05:05:02,2023-09-20 05:33:45
CONT2023006114,2023-09-08 09:56:19,2023-09-09 01:36:08
CONT2023006115,2023-09-15 10:24:25,2023-09-20 05:23:23
CONT2023006116,2023-09-13 22:14:20,
CONT2023006117,2023-09-06 08:10:59,2023-09-20 17:04:25
CONT2023006118,2023-09-15 01:51:48,2023-09-20 06:17:11
CONT2023006119,2023-09-15 17:52:21,2023-09-21 05:33:04
CONT2023006120,2023-09-12 07:52:53,2023-09-12 16:12:30
CONT2023006121,2023-09-12 15:35:48,2023-09-20 04:49:43
CONT2023006122,2023-09-17 07:57:41,
CONT2023006123,2023-09-12 04:11:08,2023-09-20 02:22:33
CONT2023006124,2023-09-14 23:37:02,2023-09-15 19:23:50
CONT2023006125,2023-09-07 21:37:26,2023-09-21 01:02:25
CONT2023006126,2023-09-12 05:28:16,2023-09-13 04:28:10
CONT2023006127,2023-09-15 09:30:26,2023-09-22 00:07:40
CONT2023006128,2023-09-16 10:25:15,2023-09-20 12:54:20
CONT2023006129,2023-09-12 21:27:05,2023-09-13 23:58:04
CONT2023006130,2023-09-08 04:18:00,2023-09-21 06:28:19
CONT2023006131,2023-09-17 05:52:59,2023-09-21 04:27:50
CONT2023006132,2023-09-14 10:12:11,2023-09-21 02:49:13
CONT2023006133,2023-09-13 08:16:58,
CONT2023006134,2023-09-16 00:59:47,2023-09-21 02:09:51
CONT2023006135,2023-09-08 23:07:47,2023-09-21 04:51:55
CONT2023006136,2023-09-17 05:16:05,2023-09-18 00:36:01
CONT2023006137,2023-09-08 21:03:38,
CONT2023006138,2023-09-16 08:08:46,2023-09-22 18:46:33
CONT2023006139,2023-09-08 13:47:11,2023-09-21 18:34:43
CONT2023006140,2023-09-15 14:24:31,2023-09-16 21:36:56
CONT2023006141,2023-09-09 07:06:25,
CONT2023006142,2023-09-08 03:58:29,2023-09-21 11:01:21
CONT2023006143,2023-09-10 11:34:09,2023-09-11 06:39:35
CONT2023006144,2023-09-12 08:57:29,2023-09-13 00:10:47
CONT2023006145,2023-09-19 01:44:41,2023-09-22 19:10:55
CONT2023006146,2023-09-11 15:24:05,2023-09-21 06:54:05
CONT2023006147,2023-09-13 16:47:40,2023-09-22 01:55:59
CONT2023006148,2023-09-08 11:23:44,2023-09-09 11:43:30
CONT2023006149,2023-09-17 03:05:22,2023-09-21 21:38:41
CONT2023006150,2023-09-16 03:13:11,
CONT2023006151,2023-09-15 01:31:19,2023-09-15 22:58:51
CONT2023006152,2023-09-12 03:06:44,2023-09-12 18:43:19
CONT2023006153,2023-09-11 11:03:21,2023-09-12 02:03:52
CONT2023006154,2023-09-18 15:32:51,2023-09-19 20:42:42
CONT2023006155,2023-09-16 20:48:16,
CONT2023006156,2023-09-14 02:27:25,2023-09-22 06:13:14
CONT2023006157,2023-09-19 16:51:52,2023-09-20 20:59:14
CONT2023006158,2023-09-17 19:37:15,2023-09-23 11:24:45
CONT2023006159,2023-09-09 03:36:10,2023-09-21 23:06:37
CONT2023006160,2023-09-14 15:16:33,
CONT2023006161,2023-09-10 15:42:58,2023-09-11 07:45:32
CONT2023006162,2023-09-11 14:58:10,2023-09-11 22:04:31
CONT2023006163,2023-09-11 12:17:25,2023-09-12 09:15:11
CONT2023006164,2023-09-16 02:53:13,2023-09-22 23:28:06
CONT2023006165,2023-09-11 14:01:22,2023-09-22 21:07:47
CONT2023006166,2023-09-13 14:10:14,2023-09-23 04:47:48
CONT2023006167,2023-09-19 12:15:00,2023-09-20 15:33:20
CONT2023006168,2023-09-17 12:04:19,2023-09-18 04:20:15
CONT2023006169,2023-09-16 22:04:14,2023-09-22 16:17:10
CONT2023006170,2023-09-14 08:41:15,2023-09-23 07:30:56
CONT2023006171,2023-09-18 19:59:49,2023-09-22 16:08:06
CONT2023006172,2023-09-16 08:26:32,
CONT2023006173,2023-09-12 21:07:07,2023-09-22 23:59:07
CONT2023006174,2023-09-19 16:57:15,
CONT2023006175,2023-09-16 08:42:31,2023-09-23 02:27:25
CONT2023006176,2023-09-10 16:51:48,2023-09-11 08:43:50
CONT2023006177,2023-09-11 10:45:08,2023-09-12 10:56:34
CONT2023006178,2023-09-15 08:16:34,2023-09-17 00:09:47
CONT2023006179,2023-09-15 15:47:52,2023-09-16 23:41:14
CONT2023006180,2023-09-17 19:23:27,2023-09-22 20:13:21
CONT2023006181,2023-09-16 08:47:49,2023-09-16 23:28:13
CONT2023006182,2023-09-12 22:15:35,2023-09-23 07:48:37
CONT2023006183,2023-09-11 22:24:35,2023-09-22 04:31:16
CONT2023006184,2023-09-15 12:33:17,2023-09-22 09:59:45
CONT2023006185,2023-09-10 14:35:39,2023-09-22 17:51:15
CONT2023006186,2023-09-19 01:16:32,2023-09-19 05:16:32
CONT2023006187,2023-09-18 15:48:31,2023-09-19 05:01:38
CONT2023006188,2023-09-19 21:08:43,2023-09-20 23:01:01
CONT2023006189,2023-09-17 04:15:57,
CONT2023006190,2023-09-11 06:34:10,2023-09-23 02:56:16
CONT2023006191,2023-09-18 20:12:38,
CONT2023006192,2023-09-11 09:59:00,2023-09-12 05:43:40
CONT2023006193,2023-09-16 05:20:51,2023-09-23 04:46:45
CONT2023006194,2023-09-13 09:37:53,2023-09-23 18:39:34
CONT2023006195,2023-09-18 14:15:07,2023-09-19 20:35:15
CONT2023006196,2023-09-15 22:19:30,2023-09-23 11:28:51
CONT2023006197,2023-09-12 21:34:57,2023-09-22 15:27:57
CONT2023006198,2023-09-09 15:59:14,
CONT2023006199,2023-09-10 11:38:22,
CONT2023006200,2023-09-12 07:17:17,2023-09-13 15:24:53
CONT2023006201,2023-09-18 07:07:38,
CONT2023006202,2023-09-13 14:04:42,2023-09-14 05:34:40
CONT2023006203,2023-09-18 07:32:25,2023-09-19 02:23:05
CONT2023006204,2023-09-17 11:15:29,2023-09-18 02:11:24
CONT2023006205,2023-09-19 18:38:37,
CONT2023006206,2023-09-11 16:39:46,2023-09-23 08:39:00
CONT2023006207,2023-09-16 00:20:45,2023-09-16 19:47:20
CONT2023006208,2023-09-19 06:29:26,
CONT2023006209,2023-09-20 11:26:00,2023-09-24 07:04:29
CONT2023006210,2023-09-13 02:01:01,2023-09-23 17:20:26
CONT2023006211,2023-09-14 10:20:13,2023-09-15 16:42:34
CONT2023006212,2023-09-11 03:54:15,2023-09-11 15:13:30
CONT2023006213,2023-09-19 03:41:50,
CONT2023006214,2023-09-13 02:33:32,2023-09-13 17:01:53
CONT2023006215,2023-09-20 14:06:22,2023-09-24 03:26:20
CONT2023006216,2023-09-20 03:16:14,2023-09-23 16:48:46
CONT2023006217,2023-09-15 08:47:46,2023-09-24 14:29:40
CONT2023006218,2023-09-16 18:39:26,2023-09-17 05:55:31
CONT2023006219,2023-09-16 09:11:39,
CONT2023006220,2023-09-11 08:46:35,2023-09-12 09:13:36
CONT2023006221,2023-09-10 15:05:36,2023-09-23 05:52:09
CONT2023006222,2023-09-10 22:33:23,2023-09-11 18:55:33
CONT2023006223,2023-09-18 01:06:50,2023-09-18 09:30:10
CONT2023006224,2023-09-17 11:37:22,2023-09-18 00:22:12
CONT2023006225,2023-09-13 20:35:56,2023-09-24 11:58:06
CONT2023006226,2023-09-17 14:50:45,2023-09-18 05:02:39
CONT2023006227,2023-09-16 06:48:20,2023-09-24 13:23:34
CONT2023006228,2023-09-21 05:37:30,2023-09-24 09:42:46
CONT2023006229,2023-09-21 12:39:55,2023-09-24 12:02:27
CONT2023006230,2023-09-16 18:08:31,2023-09-24 08:43:51
CONT2023006231,2023-09-21 17:21:59,2023-09-23 18:04:00
CONT2023006232,2023-09-19 05:59:34,2023-09-20 05:15:21
CONT2023006233,2023-09-19 10:36:52,2023-09-20 08:39:06
CONT2023006234,2023-09-16 23:16:16,
CONT2023006235,2023-09-17 12:55:22,2023-09-24 17:53:46
CONT2023006236,2023-09-14 15:51:03,
CONT2023006237,2023-09-14 06:15:38,2023-09-15 05:32:00
CONT2023006238,2023-09-15 10:56:26,2023-09-24 21:21:19
CONT2023006239,2023-09-17 20:15:55,2023-09-24 14:42:40
CONT2023006240,2023-09-21 19:38:17,2023-09-23 13:03:30
CONT2023006241,2023-09-13 22:48:41,
CONT2023006242,2023-09-13 14:48:12,2023-09-23 12:19:45
CONT2023006243,2023-09-10 16:30:41,2023-09-11 06:20:51
CONT2023006244,2023-09-19 13:12:56,2023-09-25 01:53:55
CONT2023006245,2023-09-13 06:50:13,
CONT2023006246,2023-09-18 12:39:47,2023-09-25 06:11:30
CONT2023006247,2023-09-19 08:25:18,2023-09-24 04:12:51
CONT2023006248,2023-09-18 04:29:45,2023-09-19 16:04:34
CONT2023006249,2023-09-15 12:47:00,2023-09-16 12:49:17
CONT2023006250,2023-09-11 18:14:22,2023-09-24 01:10:47
CONT2023006251,2023-09-11 08:52:55,2023-09-24 14:58:08
CONT2023006252,2023-09-11 11:50:43,2023-09-24 17:25:57
CONT2023006253,2023-09-19 21:00:24,2023-09-24 23:09:52
CONT2023006254,2023-09-15 07:39:08,
CONT2023006255,2023-09-14 21:13:24,
CONT2023006256,2023-09-13 06:23:09,2023-09-23 21:15:46
CONT2023006257,2023-09-20 16:14:26,2023-09-24 20:44:33
CONT2023006258,2023-09-16 16:46:40,
CONT2023006259,2023-09-11 10:41:04,2023-09-12 02:09:55
CONT2023006260,2023-09-14 10:13:47,2023-09-15 03:33:20
CONT2023006261,2023-09-13 04:23:51,2023-09-23 23:07:27
CONT2023006262,2023-09-19 10:47:12,2023-09-24 17:23:27
CONT2023006263,2023-09-14 14:09:37,
CONT2023006264,2023-09-13 07:24:12,2023-09-13 22:25:56
CONT2023006265,2023-09-14 09:16:54,2023-09-23 21:44:04
CONT2023006266,2023-09-21 21:53:04,2023-09-23 14:41:13
CONT2023006267,2023-09-11 05:51:36,2023-09-11 18:17:29
CONT2023006268,2023-09-14 00:54:53,2023-09-24 10:37:27
CONT2023006269,2023-09-11 07:22:39,2023-09-12 08:21:42
CONT2023006270,2023-09-13 13:47:34,2023-09-14 13:27:44
CONT2023006271,2023-09-14 15:46:18,2023-09-15 10:05:54
CONT2023006272,2023-09-16 17:10:40,2023-09-25 11:00:49
CONT2023006273,2023-09-16 08:34:45,2023-09-17 10:03:31
CONT2023006274,2023-09-13 00:10:41,
CONT2023006275,2023-09-12 15:45:00,2023-09-25 00:34:53
CONT2023006276,2023-09-15 10:53:58,2023-09-16 04:14:45
CONT2023006277,2023-09-20 13:10:40,2023-09-21 07:59:01
CONT2023006278,2023-09-13 20:56:20,2023-09-23 20:14:30
CONT2023006279,2023-09-21 04:02:15,2023-09-24 12:17:38
CONT2023006280,2023-09-17 09:03:11,
CONT2023006281,2023-09-12 01:23:02,2023-09-25 07:01:11
CONT2023006282,2023-09-19 05:58:20,2023-09-19 20:08:32
CONT2023006283,2023-09-14 07:48:27,2023-09-14 19:23:27
CONT2023006284,2023-09-21 18:58:12,2023-09-22 06:04:45
CONT2023006285,2023-09-21 15:14:28,
CONT2023006286,2023-09-16 14:26:29,2023-09-17 12:49:57
CONT2023006287,2023-09-17 09:16:13,2023-09-18 04:10:18
CONT2023006288,2023-09-15 06:27:00,2023-09-15 18:28:53
CONT2023006289,2023-09-16 14:18:44,2023-09-24 09:17:19
CONT2023006290,2023-09-14 15:16:19,2023-09-15 02:44:55
CONT2023006291,2023-09-14 12:20:12,2023-09-15 06:02:05
CONT2023006292,2023-09-14 00:49:52,2023-09-24 05:55:12
CONT2023006293,2023-09-14 08:14:38,2023-09-25 02:57:25
CONT2023006294,2023-09-23 11:36:15,2023-09-25 22:25:08
CONT2023006295,2023-09-21 15:35:46,2023-09-22 16:58:28
CONT2023006296,2023-09-17 15:12:15,2023-09-26 08:10:42
CONT2023006297,2023-09-19 20:07:56,
CONT2023006298,2023-09-14 19:10:45,2023-09-26 09:12:06
CONT2023006299,2023-09-19 18:39:48,2023-09-20 10:28:48
CONT2023006300,2023-09-20 07:12:12,
CONT2023006301,2023-09-18 07:33:54,2023-09-25 14:08:52
CONT2023006302,2023-09-14 08:53:53,
CONT2023006303,2023-09-15 07:29:13,2023-09-25 16:35:51
CONT2023006304,2023-09-15 15:25:23,
CONT2023006305,2023-09-13 15:51:57,2023-09-14 17:45:03
CONT2023006306,2023-09-21 23:47:27,
CONT2023006307,2023-09-12 11:58:03,2023-09-26 19:14:28
CONT2023006308,2023-09-13 23:15:37,2023-09-14 08:22:30
CONT2023006309,2023-09-22 23:35:39,2023-09-23 16:38:34
CONT2023006310,2023-09-14 00:20:48,2023-09-26 02:36:47
CONT2023006311,2023-09-19 03:14:08,
CONT2023006312,2023-09-22 00:43:13,2023-09-23 11:53:32
CONT2023006313,2023-09-15 21:46:45,2023-09-26 07:56:10
CONT2023006314,2023-09-13 07:55:44,2023-09-14 12:07:24
CONT2023006315,2023-09-18 20:55:43,2023-09-26 10:34:22
CONT2023006316,2023-09-18 02:12:59,
CONT2023006317,2023-09-12 16:16:47,2023-09-13 18:43:18
CONT2023006318,2023-09-17 18:38:19,2023-09-25 22:31:41
CONT2023006319,2023-09-21 21:48:47,2023-09-22 23:10:04
CONT2023006320,2023-09-20 05:29:19,2023-09-26 02:58:50
CONT2023006321,2023-09-20 03:25:58,
CONT2023006322,2023-09-15 19:02:14,2023-09-25 22:08:43
CONT2023006323,2023-09-17 22:14:18,
CONT2023006324,2023-09-20 09:22:07,2023-09-21 01:03:59
CONT2023006325,2023-09-12 19:48:36,2023-09-25 15:01:58
CONT2023006326,2023-09-19 03:13:57,2023-09-25 16:05:55
CONT2023006327,2023-09-16 22:01:21,2023-09-25 22:36:30
CONT2023006328,2023-09-15 09:54:54,2023-09-16 13:54:16
CONT2023006329,2023-09-16 04:53:26,2023-09-16 23:11:38
CONT2023006330,2023-09-18 11:03:58,
CONT2023006331,2023-09-18 23:46:22,2023-09-20 06:20:33
CONT2023006332,2023-09-15 17:02:14,2023-09-16 06:35:13
CONT2023006333,2023-09-14 01:51:14,2023-09-26 01:20:30
CONT2023006334,2023-09-12 02:19:18,2023-09-13 10:43:14
CONT2023006335,2023-09-13 17:19:01,2023-09-25 11:27:46
CONT2023006336,2023-09-18 19:05:58,2023-09-20 05:20:32
CONT2023006337,2023-09-19 17:11:43,2023-09-29 22:02:12
CONT2023006338,2023-09-25 23:22:59,2023-09-26 12:19:03
CONT2023006339,2023-09-26 02:31:34,2023-09-30 02:38:22
CONT2023006340,2023-09-26 09:02:18,
CONT2023006341,2023-09-18 15:00:44,2023-09-29 00:47:50
CONT2023006342,2023-09-18 00:50:24,2023-09-29 18:51:01
CONT2023006343,2023-09-15 22:47:32,
CONT2023006344,2023-09-16 13:38:49,2023-09-29 22:24:02
CONT2023006345,2023-09-21 16:02:30,2023-09-22 22:37:51
CONT2023006346,2023-09-23 19:16:02,2023-09-24 11:30:58
CONT2023006347,2023-09-19 00:00:18,2023-09-20 05:07:57
CONT2023006348,2023-09-21 19:30:29,2023-09-29 08:24:01
CONT2023006349,2023-09-21 23:40:05,2023-09-22 14:37:41
CONT2023006350,2023-09-19 04:41:23,2023-09-19 13:36:07
CONT2023006351,2023-09-16 00:54:34,2023-09-29 11:39:13
CONT2023006352,2023-09-22 14:11:17,2023-09-23 17:22:08
CONT2023006353,2023-09-20 01:17:47,2023-09-21 09:29:26
CONT2023006354,2023-09-22 13:03:05,2023-09-30 15:48:54
CONT2023006355,2023-09-20 05:31:45,2023-09-29 08:41:04
CONT2023006356,2023-09-18 14:43:54,
CONT2023006357,2023-09-18 14:24:42,2023-09-19 10:13:44
CONT2023006358,2023-09-23 21:17:18,2023-09-29 06:26:38
CONT2023006359,2023-09-19 00:33:49,
CONT2023006360,2023-09-18 16:57:37,
CONT2023006361,2023-09-24 11:40:46,2023-09-25 13:20:46
CONT2023006362,2023-09-18 16:10:41,2023-09-29 19:29:22
CONT2023006363,2023-09-25 23:25:27,2023-09-27 12:26:39
CONT2023006364,2023-09-21 22:10:45,2023-09-23 02:13:56
CONT2023006365,2023-09-20 20:07:19,2023-09-21 16:34:38
CONT2023006366,2023-09-22 09:27:27,2023-09-29 20:58:39
CONT2023006367,2023-09-18 19:10:47,2023-09-29 23:20:49
CONT2023006368,2023-09-26 18:00:37,2023-09-27 19:26:26
CONT2023006369,2023-09-24 20:47:03,
CONT2023006370,2023-09-26 04:57:00,2023-09-27 00:52:50
CONT2023006371,2023-09-18 18:37:39,2023-09-29 19:20:11
CONT2023006372,2023-09-17 04:51:00,2023-09-17 19:36:36
CONT2023006373,2023-09-16 07:10:13,2023-09-17 05:35:53
CONT2023006374,2023-09-25 07:06:11,
CONT2023006375,2023-09-26 16:26:02,2023-09-29 18:49:25
CONT2023006376,2023-09-25 18:31:40,2023-09-26 05:42:27
CONT2023006377,2023-09-16 10:30:26,2023-09-29 16:12:52
CONT2023006378,2023-09-26 00:06:57,2023-09-27 02:04:58
CONT2023006379,2023-09-17 18:30:44,2023-09-18 10:01:59
CONT2023006380,2023-09-25 07:57:12,2023-09-30 13:39:44
CONT2023006381,2023-09-18 03:31:17,
CONT2023006382,2023-09-22 13:35:42,2023-09-29 22:19:31
CONT2023006383,2023-09-21 22:39:10,2023-09-29 01:17:14
CONT2023006384,2023-09-21 16:04:00,2023-09-23 00:36:41
CONT2023006385,2023-09-20 15:50:20,2023-09-29 15:24:08
CONT2023006386,2023-09-25 18:53:19,2023-09-27 00:52:24
CONT2023006387,2023-09-24 07:18:04,2023-09-25 08:31:22
CONT2023006388,2023-09-17 10:26:49,2023-09-29 06:47:15
CONT2023006389,2023-09-21 15:43:20,2023-09-30 06:41:40
CONT2023006390,2023-09-21 21:58:03,
CONT2023006391,2023-09-18 01:29:54,2023-09-18 16:45:14
CONT2023006392,2023-09-17 00:40:32,2023-09-29 18:08:44
CONT2023006393,2023-09-19 10:33:17,2023-09-19 21:21:40
CONT2023006394,2023-09-16 15:18:03,2023-09-30 21:17:04
CONT2023006395,2023-09-16 19:43:19,2023-09-29 17:23:20
CONT2023006396,2023-09-19 03:33:23,2023-09-30 01:33:05
CONT2023006397,2023-09-19 19:07:18,2023-09-30 14:07:42
CONT2023006398,2023-09-19 10:39:06,2023-09-30 09:07:05
CONT2023006399,2023-09-19 16:05:40,2023-09-30 22:55:04
CONT2023006400,2023-09-19 01:53:22,2023-09-19 19:09:35
CONT2023006401,2023-09-19 22:56:38,
CONT2023006402,2023-09-26 08:58:50,2023-09-30 05:59:51
CONT2023006403,2023-09-24 16:29:28,2023-09-30 07:52:32
CONT2023006404,2023-09-23 22:35:36,2023-09-25 05:56:08
CONT2023006405,2023-09-24 05:11:00,2023-10-02 04:20:02
CONT2023006406,2023-09-27 16:41:21,2023-10-02 13:11:49
CONT2023006407,2023-09-23 09:58:56,
CONT2023006408,2023-09-21 19:44:40,2023-10-03 00:18:35
CONT2023006409,2023-09-19 14:35:21,2023-09-20 01:22:14
CONT2023006410,2023-09-21 10:49:11,2023-10-02 15:41:15
CONT2023006411,2023-09-30 03:42:03,
CONT2023006412,2023-09-24 15:57:18,
CONT2023006413,2023-09-25 09:56:55,2023-09-26 07:29:57
CONT2023006414,2023-09-20 20:54:00,2023-09-21 13:00:04
CONT2023006415,2023-09-24 00:49:51,2023-10-02 16:31:16
CONT2023006416,2023-09-22 21:59:54,2023-10-02 10:36:34
CONT2023006417,2023-09-25 16:17:59,2023-10-03 08:29:59
CONT2023006418,2023-09-22 07:44:11,2023-10-02 08:30:38
CONT2023006419,2023-09-27 07:54:09,2023-09-27 14:24:48
CONT2023006420,2023-09-21 17:50:21,2023-10-02 11:36:12
CONT2023006421,2023-09-20 01:28:05,2023-09-21 00:22:15
CONT2023006422,2023-09-19 03:17:27,2023-09-19 07:17:27
CONT2023006423,2023-09-27 07:50:39,2023-09-28 09:04:18
CONT2023006424,2023-09-20 07:26:43,2023-10-03 04:03:46
CONT2023006425,2023-09-24 16:22:21,2023-09-25 20:02:34
CONT2023006426,2023-09-19 09:20:47,2023-10-02 16:01:17
CONT2023006427,2023-09-28 03:43:32,2023-10-02 22:42:53
CONT2023006428,2023-09-29 07:01:24,2023-10-02 17:01:47
CONT2023006429,2023-09-21 02:22:34,2023-09-22 05:12:12
CONT2023006430,2023-09-25 07:54:34,
CONT2023006431,2023-09-22 08:46:19,2023-09-23 13:13:48
CONT2023006432,2023-09-25 16:39:14,2023-10-02 19:42:00
CONT2023006433,2023-09-19 04:16:42,
CONT2023006434,2023-09-19 17:53:43,2023-09-20 11:16:37
CONT2023006435,2023-09-21 09:31:06,2023-10-02 18:08:13
CONT2023006436,2023-09-23 08:20:37,2023-10-02 10:48:27
CONT2023006437,2023-09-27 01:12:42,2023-10-02 21:20:57
CONT2023006438,2023-09-28 23:01:01,2023-09-30 01:03:50
CONT2023006439,2023-09-22 17:29:38,2023-09-23 11:43:00
CONT2023006440,2023-09-23 23:35:01,2023-10-02 11:46:02
CONT2023006441,2023-09-20 00:45:06,2023-09-20 21:47:54
CONT2023006442,2023-09-24 15:53:24,2023-10-03 06:20:51
CONT2023006443,2023-09-29 17:36:20,2023-09-30 19:38:24
CONT2023006444,2023-09-29 05:31:52,2023-09-29 15:00:09
CONT2023006445,2023-09-24 11:31:46,2023-10-03 15:50:09
CONT2023006446,2023-09-20 01:29:39,2023-10-03 11:54:10
CONT2023006447,2023-09-28 12:41:14,2023-09-29 13:21:46
CONT2023006448,2023-09-22 04:18:43,2023-09-23 03:58:55
CONT2023006449,2023-09-27 00:48:33,2023-09-27 09:53:16
CONT2023006450,2023-09-27 09:12:04,2023-09-28 10:38:36
CONT2023006451,2023-09-24 15:14:32,2023-09-25 18:44:24
CONT2023006452,2023-09-20 08:21:08,2023-10-03 16:12:15
CONT2023006453,2023-09-24 03:43:57,2023-10-02 17:16:15
CONT2023006454,2023-09-22 12:03:44,2023-09-23 16:33:08
CONT2023006455,2023-09-29 22:06:51,
CONT2023006456,2023-09-22 09:05:41,
CONT2023006457,2023-09-28 09:56:00,2023-09-29 06:16:44
CONT2023006458,2023-09-30 05:22:22,2023-10-01 05:47:45
CONT2023006459,2023-09-26 10:33:57,2023-10-03 11:39:55
CONT2023006460,2023-09-21 16:13:32,2023-10-04 06:18:50
CONT2023006461,2023-09-22 12:57:58,2023-10-04 23:31:04
CONT2023006462,2023-09-27 19:24:54,2023-09-28 04:47:21
CONT2023006463,2023-10-01 01:42:21,
CONT2023006464,2023-09-21 06:40:23,2023-10-03 11:26:05
CONT2023006465,2023-09-26 19:16:55,2023-09-27 09:38:26
CONT2023006466,2023-09-28 08:00:21,
CONT2023006467,2023-09-23 18:28:43,2023-10-03 21:45:46
CONT2023006468,2023-09-26 05:45:37,2023-09-27 04:51:52
CONT2023006469,2023-09-27 05:20:25,
CONT2023006470,2023-09-30 18:47:42,2023-10-03 18:50:34
CONT2023006471,2023-09-23 15:17:17,2023-09-23 19:17:17
CONT2023006472,2023-09-26 19:11:28,
CONT2023006473,2023-09-22 01:27:09,2023-09-23 02:00:08
CONT2023006474,2023-09-25 18:37:59,2023-09-26 11:56:26
CONT2023006475,2023-09-27 15:05:31,2023-10-04 06:26:47
CONT2023006476,2023-09-27 18:15:48,2023-10-03 07:20:31
CONT2023006477,2023-09-27 11:20:11,2023-10-03 11:12:26
CONT2023006478,2023-09-29 10:06:43,2023-09-30 20:06:41
CONT2023006479,2023-09-20 03:34:31,2023-10-04 01:46:57
CONT2023006480,2023-09-28 22:13:51,2023-09-29 23:26:24
CONT2023006481,2023-09-23 18:03:57,2023-09-24 09:52:18
CONT2023006482,2023-09-27 01:37:31,2023-10-03 11:01:17
CONT2023006483,2023-09-20 07:28:56,2023-10-03 14:36:32
CONT2023006484,2023-09-28 00:25:59,2023-09-28 22:06:28
CONT2023006485,2023-09-24 04:51:37,2023-10-03 14:11:55
CONT2023006486,2023-09-25 12:08:40,
CONT2023006487,2023-09-21 08:30:18,2023-09-21 15:32:32
CONT2023006488,2023-09-21 15:56:34,
CONT2023006489,2023-09-24 14:15:56,2023-09-25 11:58:52
CONT2023006490,2023-09-29 06:33:55,2023-10-03 19:00:37
CONT2023006491,2023-09-23 16:40:45,2023-09-24 13:23:43
CONT2023006492,2023-09-26 12:24:40,2023-10-03 22:05:13
CONT2023006493,2023-09-21 09:17:52,2023-10-04 04:25:53
CONT2023006494,2023-09-30 04:34:54,
CONT2023006495,2023-09-27 03:43:20,2023-10-04 07:56:31
CONT2023006496,2023-09-20 03:47:48,
CONT2023006497,2023-09-20 14:51:20,
CONT2023006498,2023-09-28 17:47:56,
CONT2023006499,2023-09-30 21:01:33,2023-10-03 19:24:32
CONT2023006500,2023-09-21 04:14:48,2023-10-03 22:56:39
CONT2023006501,2023-09-30 05:12:25,2023-09-30 11:05:36
CONT2023006502,2023-09-26 06:19:19,2023-09-26 12:37:19
CONT2023006503,2023-09-24 03:47:55,2023-10-03 03:58:30
CONT2023006504,2023-09-28 07:15:56,2023-09-28 19:52:37
CONT2023006505,2023-09-26 22:01:44,2023-10-03 13:50:12
CONT2023006506,2023-09-24 20:06:16,2023-09-25 15:48:46
CONT2023006507,2023-09-22 08:25:27,2023-10-03 22:16:08
CONT2023006508,2023-09-25 01:45:59,2023-10-05 04:47:51
CONT2023006509,2023-10-01 12:50:32,2023-10-01 21:11:01
CONT2023006510,2023-09-24 02:00:42,2023-10-04 00:25:08
CONT2023006511,2023-09-23 06:10:42,2023-09-24 07:35:45
CONT2023006512,2023-09-22 08:44:47,
CONT2023006513,2023-09-30 23:24:26,2023-10-04 16:49:33
CONT2023006514,2023-09-27 00:44:50,
CONT2023006515,2023-09-24 04:01:15,
CONT2023006516,2023-09-29 08:35:17,2023-10-04 07:41:54
CONT2023006517,2023-09-24 01:17:51,2023-10-04 10:59:15
CONT2023006518,2023-09-24 19:56:17,2023-09-25 04:55:14
CONT2023006519,2023-09-25 03:30:47,2023-09-26 06:26:01
CONT2023006520,2023-09-28 11:58:00,2023-09-29 09:41:11
CONT2023006521,2023-10-01 18:00:10,2023-10-03 02:30:49
CONT2023006522,2023-09-27 00:14:24,2023-10-03 12:58:03
CONT2023006523,2023-10-01 00:42:06,2023-10-04 16:03:14
CONT2023006524,2023-09-26 09:33:05,2023-10-04 13:06:33
CONT2023006525,2023-09-26 09:09:54,
CONT2023006526,2023-09-30 07:13:22,2023-10-03 22:57:23
CONT2023006527,2023-10-01 03:17:34,2023-10-01 14:44:43
CONT2023006528,2023-10-01 07:45:14,2023-10-01 23:23:57
CONT2023006529,2023-10-01 05:43:10,2023-10-04 05:15:59
CONT2023006530,2023-09-27 18:22:55,2023-10-03 21:49:30
CONT2023006531,2023-10-01 03:44:24,2023-10-04 19:55:18
CONT2023006532,2023-09-24 22:17:29,2023-10-04 08:13:15
CONT2023006533,2023-09-25 23:11:10,2023-10-05 00:18:36
CONT2023006534,2023-09-28 17:59:02,
CONT2023006535,2023-09-24 22:43:50,2023-09-26 06:37:19
CONT2023006536,2023-09-25 09:29:44,2023-09-27 01:18:14
CONT2023006537,2023-09-28 20:08:11,2023-09-29 07:08:56
CONT2023006538,2023-09-22 13:37:42,
CONT2023006539,2023-09-24 22:05:30,2023-09-25 16:20:21
CONT2023006540,2023-09-29 15:44:04,
CONT2023006541,2023-09-22 05:01:14,
CONT2023006542,2023-09-30 04:18:08,2023-10-04 02:09:12
CONT2023006543,2023-09-27 06:12:47,2023-09-27 21:57:09
CONT2023006544,2023-09-27 19:35:56,2023-10-04 13:15:34
CONT2023006545,2023-09-22 05:28:04,
CONT2023006546,2023-09-26 20:43:44,2023-09-27 01:02:10
CONT2023006547,2023-09-27 21:41:45,
CONT2023006548,2023-09-29 20:01:56,2023-09-30 08:15:16
CONT2023006549,2023-09-28 01:02:10,2023-09-28 22:59:08
CONT2023006550,2023-09-23 17:08:09,2023-09-25 12:31:47
CONT2023006551,2023-09-24 21:38:20,2023-09-26 07:47:50
CONT2023006552,2023-09-28 23:53:19,2023-09-29 12:21:52
CONT2023006553,2023-09-25 21:38:59,2023-09-26 16:49:55
CONT2023006554,2023-09-24 20:29:01,2023-10-04 21:12:19
CONT2023006555,2023-09-20 20:50:06,2023-09-22 10:51:06
CONT2023006556,2023-10-01 02:08:42,2023-10-01 15:45:12
CONT2023006557,2023-09-25 18:50:27,2023-10-04 04:38:54
CONT2023006558,2023-09-20 21:25:10,2023-10-04 14:43:04
CONT2023006559,2023-09-22 02:01:56,2023-09-22 21:49:58
CONT2023006560,2023-09-23 05:43:54,2023-09-23 10:27:28
CONT2023006561,2023-09-24 10:36:55,
CONT2023006562,2023-09-29 20:49:49,2023-09-30 08:52:07
CONT2023006563,2023-09-30 18:03:25,2023-10-01 05:20:01
CONT2023006564,2023-09-21 13:52:23,
CONT2023006565,2023-09-21 17:07:08,2023-10-04 04:47:28
CONT2023006566,2023-09-23 03:44:06,2023-09-24 06:35:36
CONT2023006567,2023-09-29 09:33:05,2023-09-29 14:55:00
CONT2023006568,2023-09-24 21:51:33,2023-09-25 14:02:33
CONT2023006569,2023-09-25 00:50:46,2023-10-04 14:57:08
CONT2023006570,2023-09-25 16:07:18,2023-09-26 11:37:46
CONT2023006571,2023-10-01 04:21:23,
CONT2023006572,2023-09-30 09:59:18,2023-10-04 22:17:13
CONT2023006573,2023-09-25 11:46:16,2023-10-04 23:08:57
CONT2023006574,2023-09-29 09:36:47,2023-09-30 14:15:06
CONT2023006575,2023-09-30 07:05:05,2023-10-04 14:46:27
CONT2023006576,2023-10-01 22:15:50,2023-10-03 01:12:19
CONT2023006577,2023-09-30 20:33:34,2023-10-01 15:45:35
CONT2023006578,2023-09-28 08:33:22,2023-10-04 13:02:10
CONT2023006579,2023-09-22 20:14:58,
CONT2023006580,2023-10-01 14:13:25,2023-10-02 00:32:53
CONT2023006581,2023-09-23 01:27:53,2023-10-04 22:33:09
CONT2023006582,2023-09-28 09:41:50,2023-10-04 22:15:58
CONT2023006583,2023-09-30 20:09:24,2023-10-04 11:13:04
CONT2023006584,2023-09-25 16:08:48,2023-09-26 15:24:34
CONT2023006585,2023-09-29 22:57:13,2023-09-30 14:00:03
CONT2023006586,2023-09-24 15:13:23,2023-10-04 19:16:37
CONT2023006587,2023-09-23 16:29:19,2023-10-05 01:19:14
CONT2023006588,2023-10-01 14:39:21,2023-10-02 09:51:30
CONT2023006589,2023-09-22 11:47:30,
CONT2023006590,2023-09-30 10:38:36,2023-09-30 17:53:41
CONT2023006591,2023-10-01 01:26:19,2023-10-04 03:07:48
CONT2023006592,2023-09-30 12:26:03,2023-10-01 20:44:20
CONT2023006593,2023-10-01 06:01:55,2023-10-05 12:31:50
CONT2023006594,2023-09-25 17:22:05,2023-09-26 10:55:46
CONT2023006595,2023-09-21 00:26:53,2023-09-21 09:58:50
CONT2023006596,2023-09-28 21:21:47,2023-09-29 18:50:29
CONT2023006597,2023-09-30 17:05:36,
CONT2023006598,2023-09-28 08:50:37,2023-10-04 14:56:22
CONT2023006599,2023-09-24 20:43:14,2023-09-26 00:32:52
CONT2023006600,2023-09-24 18:11:48,2023-10-04 21:17:31
CONT2023006601,2023-09-23 13:40:24,2023-09-24 13:34:28
CONT2023006602,2023-09-29 23:28:15,
CONT2023006603,2023-09-26 05:38:20,
CONT2023006604,2023-10-01 16:58:30,2023-10-05 18:10:11
CONT2023006605,2023-09-29 11:58:09,2023-10-04 15:58:07
CONT2023006606,2023-09-27 22:40:08,2023-10-04 20:13:17
CONT2023006607,2023-09-30 23:37:43,
CONT2023006608,2023-09-27 21:44:12,
CONT2023006609,2023-09-23 22:50:34,
CONT2023006610,2023-09-27 12:27:29,
CONT2023006611,2023-09-30 22:22:56,2023-10-05 07:18:40
CONT2023006612,2023-09-29 10:16:30,2023-10-05 23:55:01
CONT2023006613,2023-09-26 17:45:00,2023-10-04 20:57:40
CONT2023006614,2023-09-28 10:33:05,2023-09-29 00:17:32
CONT2023006615,2023-09-24 16:52:58,2023-09-25 02:40:48
CONT2023006616,2023-09-25 18:55:20,2023-10-05 03:38:33
CONT2023006617,2023-09-21 15:38:11,2023-10-03 17:29:57
CONT2023006618,2023-09-28 19:52:45,
CONT2023006619,2023-09-29 16:47:49,2023-10-04 22:31:00
CONT2023006620,2023-09-25 17:21:32,
CONT2023006621,2023-09-27 13:42:01,2023-09-28 13:06:35
CONT2023006622,2023-09-25 00:32:55,2023-09-25 05:22:22
CONT2023006623,2023-09-21 12:53:57,2023-10-05 19:00:52
CONT2023006624,2023-10-01 05:44:19,2023-10-01 15:33:40
CONT2023006625,2023-10-02 13:04:49,
CONT2023006626,2023-09-22 16:01:18,
CONT2023006627,2023-10-02 13:43:49,2023-10-04 20:11:19
CONT2023006628,2023-09-25 04:37:34,2023-10-06 04:10:24
CONT2023006629,2023-09-29 03:05:58,2023-09-30 00:59:08
CONT2023006630,2023-09-28 11:29:59,2023-09-29 03:24:35
CONT2023006631,2023-09-27 22:21:28,2023-09-29 02:19:01
CONT2023006632,2023-09-30 18:50:48,2023-10-07 04:49:23
CONT2023006633,2023-09-24 04:38:22,2023-10-07 23:26:16
CONT2023006634,2023-09-25 19:55:22,2023-10-07 10:23:43
CONT2023006635,2023-10-02 03:06:09,2023-10-03 06:33:33
CONT2023006636,2023-09-29 12:16:25,2023-10-06 05:07:01
CONT2023006637,2023-10-01 01:49:51,2023-10-02 05:27:51
CONT2023006638,2023-09-27 21:36:39,2023-09-28 18:50:30
CONT2023006639,2023-09-25 07:50:01,
CONT2023006640,2023-09-25 21:02:15,
CONT2023006641,2023-09-27 08:43:23,2023-10-05 21:18:14
CONT2023006642,2023-09-25 16:33:35,2023-09-25 22:10:41
CONT2023006643,2023-09-29 13:55:10,2023-09-30 07:05:28
CONT2023006644,2023-09-24 06:22:16,2023-09-25 03:06:22
CONT2023006645,2023-09-23 03:50:18,2023-10-06 06:37:01
CONT2023006646,2023-09-23 17:03:06,2023-09-23 21:03:06
CONT2023006647,2023-09-27 11:25:46,2023-10-06 08:34:27
CONT2023006648,2023-09-27 08:36:21,
CONT2023006649,2023-09-27 12:35:17,2023-09-28 04:47:24
CONT2023006650,2023-09-29 07:05:50,2023-10-07 02:46:06
CONT2023006651,2023-09-28 22:15:32,2023-10-06 23:11:22
CONT2023006652,2023-09-28 13:32:46,
CONT2023006653,2023-09-30 18:26:03,2023-10-06 09:30:59
CONT2023006654,2023-09-28 16:35:22,2023-09-29 12:46:15
CONT2023006655,2023-10-02 00:01:18,2023-10-06 09:18:19
CONT2023006656,2023-09-29 06:20:58,2023-10-07 08:56:39
CONT2023006657,2023-09-27 00:21:40,2023-09-27 15:01:22
CONT2023006658,2023-09-28 05:43:30,
CONT2023006659,2023-09-25 13:50:22,2023-09-26 07:39:15
CONT2023006660,2023-09-29 16:14:44,2023-10-06 13:18:43
CONT2023006661,2023-09-24 09:56:31,2023-09-25 20:27:08
CONT2023006662,2023-09-29 21:07:54,2023-10-06 19:45:09
CONT2023006663,2023-10-01 15:47:07,2023-10-02 20:48:35
CONT2023006664,2023-09-30 09:42:46,2023-10-06 16:15:44
CONT2023006665,2023-09-23 14:16:07,2023-10-06 11:46:48
CONT2023006666,2023-09-30 20:25:11,2023-10-06 10:50:31
CONT2023006667,2023-09-27 06:11:52,2023-09-27 19:11:14
CONT2023006668,2023-09-29 05:35:53,2023-10-07 12:54:30
CONT2023006669,2023-09-27 11:57:58,
CONT2023006670,2023-09-26 15:13:38,2023-09-26 19:13:38
CONT2023006671,2023-09-30 11:33:23,2023-10-01 04:55:18
CONT2023006672,2023-10-02 04:07:08,2023-10-08 08:37:31
CONT2023006673,2023-09-24 10:51:17,2023-09-25 11:45:52
CONT2023006674,2023-09-24 21:21:23,2023-10-07 18:50:22
CONT2023006675,2023-09-24 18:12:19,2023-09-25 16:46:37
CONT2023006676,2023-09-30 05:39:21,
CONT2023006677,2023-09-25 15:46:25,2023-09-25 21:54:50
CONT2023006678,2023-09-25 15:32:55,2023-10-08 16:15:44
CONT2023006679,2023-10-04 08:40:52,2023-10-08 04:39:44
CONT2023006680,2023-09-29 10:12:35,2023-09-30 05:30:27
CONT2023006681,2023-09-28 04:55:24,
CONT2023006682,2023-10-03 10:19:43,2023-10-04 13:01:32
CONT2023006683,2023-09-26 19:35:27,2023-09-28 00:24:00
CONT2023006684,2023-09-25 00:31:43,
CONT2023006685,2023-10-02 04:56:58,2023-10-02 23:27:08
CONT2023006686,2023-10-03 13:55:10,2023-10-05 00:24:20
CONT2023006687,2023-10-04 22:29:01,2023-10-05 23:53:45
CONT2023006688,2023-10-03 03:02:38,2023-10-08 10:31:54
CONT2023006689,2023-10-04 07:16:47,2023-10-08 04:03:09
CONT2023006690,2023-09-25 03:18:25,2023-09-25 20:19:55
CONT2023006691,2023-09-25 01:10:32,2023-10-09 02:21:03
CONT2023006692,2023-10-01 23:55:19,2023-10-03 02:57:17
CONT2023006693,2023-10-03 22:33:50,2023-10-04 19:40:11
CONT2023006694,2023-10-01 21:18:02,2023-10-08 11:45:34
CONT2023006695,2023-09-25 03:28:46,2023-09-26 05:00:41
CONT2023006696,2023-09-30 08:43:39,2023-10-08 23:09:15
CONT2023006697,2023-09-29 11:21:55,2023-10-09 03:15:00
CONT2023006698,2023-10-04 00:26:31,2023-10-08 06:34:45
CONT2023006699,2023-09-27 15:23:46,2023-10-08 10:49:57
CONT2023006700,2023-09-28 04:22:43,2023-10-09 06:55:44
CONT2023006701,2023-09-26 22:28:11,2023-10-09 00:45:57
CONT2023006702,2023-09-27 08:05:46,
CONT2023006703,2023-10-03 15:44:19,2023-10-04 14:01:26
CONT2023006704,2023-10-01 03:41:57,2023-10-01 15:44:34
CONT2023006705,2023-09-29 16:25:15,2023-09-30 06:38:45
CONT2023006706,2023-10-03 01:16:50,2023-10-03 18:50:53
CONT2023006707,2023-10-02 03:38:23,
CONT2023006708,2023-09-27 03:02:25,2023-09-27 12:15:11
CONT2023006709,2023-09-28 18:02:43,2023-10-08 10:07:12
CONT2023006710,2023-09-26 07:12:31,2023-09-26 19:10:57
CONT2023006711,2023-10-01 07:47:52,2023-10-08 01:44:15
CONT2023006712,2023-10-05 02:38:11,2023-10-05 17:45:11
CONT2023006713,2023-10-01 11:48:24,2023-10-01 22:17:24
CONT2023006714,2023-10-01 12:09:17,2023-10-02 07:19:06
CONT2023006715,2023-09-29 23:57:13,
CONT2023006716,2023-09-27 10:40:14,2023-10-08 15:27:17
CONT2023006717,2023-09-28 14:27:16,2023-10-08 07:12:05
CONT2023006718,2023-10-03 05:17:01,2023-10-03 15:31:45
CONT2023006719,2023-10-02 07:31:06,
CONT2023006720,2023-10-04 02:13:41,2023-10-08 14:56:32
CONT2023006721,2023-10-05 19:20:59,2023-10-06 19:24:13
CONT2023006722,2023-09-29 14:49:01,2023-10-08 07:39:23
CONT2023006723,2023-09-25 08:25:21,2023-10-08 13:57:44
CONT2023006724,2023-10-02 10:40:38,2023-10-08 08:11:31
CONT2023006725,2023-09-27 18:07:13,2023-09-28 09:40:28
CONT2023006726,2023-09-28 14:28:24,2023-09-29 14:44:07
CONT2023006727,2023-09-27 18:37:04,2023-09-28 07:20:24
CONT2023006728,2023-10-04 21:50:33,
CONT2023006729,2023-09-30 09:25:32,2023-10-08 13:05:33
CONT2023006730,2023-09-29 08:51:39,2023-09-30 18:21:31
CONT2023006731,2023-10-02 06:05:40,2023-10-02 13:42:31
CONT2023006732,2023-09-26 12:00:20,2023-09-27 12:41:37
CONT2023006733,2023-10-03 09:40:21,2023-10-08 14:21:55
CONT2023006734,2023-10-03 12:54:37,
CONT2023006735,2023-09-26 04:07:10,2023-09-26 23:53:19
CONT2023006736,2023-09-30 23:10:57,2023-10-08 16:48:45
CONT2023006737,2023-10-02 06:50:34,2023-10-08 11:33:57
CONT2023006738,2023-10-04 12:36:27,2023-10-09 07:29:58
CONT2023006739,2023-09-27 21:21:18,2023-09-29 02:57:42
CONT2023006740,2023-09-28 01:26:08,2023-10-08 04:53:55
CONT2023006741,2023-10-05 21:01:47,
CONT2023006742,2023-09-25 09:48:33,2023-09-26 18:10:57
CONT2023006743,2023-10-04 05:34:58,2023-10-08 16:47:47
CONT2023006744,2023-10-01 03:44:40,2023-10-01 15:04:01
CONT2023006745,2023-09-25 10:24:10,2023-10-08 21:41:06
CONT2023006746,2023-09-28 15:20:22,2023-09-29 05:10:29
CONT2023006747,2023-10-04 14:31:53,2023-10-05 10:02:58
CONT2023006748,2023-10-02 16:19:03,2023-10-09 00:10:19
CONT2023006749,2023-09-27 12:35:38,2023-10-08 14:58:21
CONT2023006750,2023-09-29 05:24:16,2023-09-29 21:09:56
CONT2023006751,2023-10-06 06:56:36,2023-10-07 13:07:37
CONT2023006752,2023-10-03 23:04:07,2023-10-04 15:43:02
CONT2023006753,2023-10-03 14:35:28,
CONT2023006754,2023-10-07 12:08:07,2023-10-09 04:41:23
CONT2023006755,2023-09-28 05:06:29,2023-09-28 16:02:07
CONT2023006756,2023-10-01 09:40:57,2023-10-09 06:32:59
CONT2023006757,2023-09-28 21:34:24,2023-10-10 07:14:38
CONT2023006758,2023-09-28 13:55:26,2023-09-29 07:51:06
CONT2023006759,2023-09-28 18:39:11,
CONT2023006760,2023-09-28 17:29:35,2023-09-29 12:48:13
CONT2023006761,2023-10-02 13:18:24,2023-10-11 00:26:06
CONT2023006762,2023-09-27 21:21:27,
CONT2023006763,2023-10-07 13:10:17,2023-10-10 20:18:21
CONT2023006764,2023-10-06 19:15:47,2023-10-11 11:55:24
CONT2023006765,2023-10-05 12:24:35,2023-10-05 16:30:01
CONT2023006766,2023-09-29 12:30:49,2023-10-11 05:06:41
CONT2023006767,2023-10-03 23:55:03,
CONT2023006768,2023-09-30 03:01:06,2023-10-11 01:05:23
CONT2023006769,2023-10-03 15:28:06,2023-10-10 20:18:14
CONT2023006770,2023-10-05 14:59:34,2023-10-06 15:27:29
CONT2023006771,2023-09-30 04:34:21,2023-09-30 09:17:14
CONT2023006772,2023-10-01 07:52:44,
CONT2023006773,2023-09-30 01:20:05,
CONT2023006774,2023-10-02 15:30:14,2023-10-11 04:08:25
CONT2023006775,2023-10-04 15:00:12,2023-10-05 04:22:07
CONT2023006776,2023-09-29 15:08:09,2023-09-30 17:47:09
CONT2023006777,2023-10-05 02:22:07,
CONT2023006778,2023-10-06 02:56:42,2023-10-12 02:39:28
CONT2023006779,2023-09-29 11:27:55,2023-09-30 12:43:54
CONT2023006780,2023-10-02 18:15:31,2023-10-03 18:19:20
CONT2023006781,2023-10-05 04:12:57,2023-10-11 20:14:42
CONT2023006782,2023-10-03 06:57:20,2023-10-13 04:43:11
CONT2023006783,2023-10-02 15:58:43,2023-10-03 18:57:37
CONT2023006784,2023-10-07 08:29:22,2023-10-07 20:31:05
CONT2023006785,2023-10-09 19:59:39,
CONT2023006786,2023-10-04 06:41:04,2023-10-13 06:20:13
CONT2023006787,2023-10-08 08:26:27,
CONT2023006788,2023-10-01 13:40:33,2023-10-12 12:05:15
CONT2023006789,2023-10-08 02:38:07,
CONT2023006790,2023-10-08 04:27:58,2023-10-09 00:10:06
CONT2023006791,2023-10-04 22:39:12,2023-10-05 23:17:40
CONT2023006792,2023-10-01 03:14:58,
CONT2023006793,2023-09-30 12:46:08,2023-09-30 20:09:24
CONT2023006794,2023-10-05 12:47:15,2023-10-12 18:09:54
CONT2023006795,2023-10-09 14:49:29,2023-10-10 06:10:38
CONT2023006796,2023-09-30 15:38:36,2023-10-13 02:07:34
CONT2023006797,2023-10-06 14:20:57,2023-10-14 05:24:06
CONT2023006798,2023-10-03 14:38:42,2023-10-13 21:27:21
CONT2023006799,2023-10-03 03:05:40,2023-10-13 22:35:08
CONT2023006800,2023-10-07 17:51:11,2023-10-08 04:42:57
CONT2023006801,2023-10-02 10:00:47,2023-10-02 20:22:00
CONT2023006802,2023-09-30 07:05:54,2023-10-01 09:55:07
CONT2023006803,2023-10-08 16:20:31,
CONT2023006804,2023-10-11 14:22:12,2023-10-12 11:55:20
CONT2023006805,2023-10-03 18:01:32,
CONT2023006806,2023-10-11 11:31:27,2023-10-14 21:26:34
CONT2023006807,2023-10-10 11:12:10,2023-10-11 11:32:20
CONT2023006808,2023-10-03 09:11:18,2023-10-04 07:44:36
CONT2023006809,2023-10-06 00:34:15,2023-10-15 06:38:45
CONT2023006810,2023-10-07 16:57:45,2023-10-08 10:50:28
CONT2023006811,2023-10-06 22:11:23,2023-10-07 10:47:47
CONT2023006812,2023-10-01 06:04:05,2023-10-14 16:48:43
CONT2023006813,2023-10-06 07:34:59,2023-10-14 11:41:37
CONT2023006814,2023-10-07 15:31:06,
CONT2023006815,2023-10-08 00:51:50,2023-10-08 09:54:28
CONT2023006816,2023-10-01 05:50:49,2023-10-14 17:19:24
CONT2023006817,2023-10-10 13:06:25,2023-10-11 14:36:00
CONT2023006818,2023-10-08 10:13:57,
CONT2023006819,2023-10-09 13:38:14,2023-10-15 02:30:39
CONT2023006820,2023-10-01 16:39:12,2023-10-15 12:07:38
CONT2023006821,2023-10-02 16:27:00,2023-10-14 19:15:38
CONT2023006822,2023-10-01 10:45:29,2023-10-15 02:51:51
CONT2023006823,2023-10-08 15:56:37,2023-10-09 04:35:10
CONT2023006824,2023-10-03 06:34:42,2023-10-15 03:35:03
CONT2023006825,2023-10-06 21:54:11,2023-10-07 21:57:18
CONT2023006826,2023-10-02 13:58:52,2023-10-15 02:32:19
CONT2023006827,2023-10-11 08:49:43,
CONT2023006828,2023-10-07 13:25:47,2023-10-08 09:00:01
CONT2023006829,2023-10-03 00:01:40,2023-10-14 18:54:38
CONT2023006830,2023-10-09 16:31:53,2023-10-10 16:27:14
CONT2023006831,2023-10-06 00:30:30,
CONT2023006832,2023-10-07 09:26:56,2023-10-08 17:16:38
CONT2023006833,2023-10-10 07:06:53,
CONT2023006834,2023-10-04 16:06:49,2023-10-05 16:27:29
CONT2023006835,2023-10-08 04:52:17,
CONT2023006836,2023-10-03 03:31:06,2023-10-16 01:45:49
CONT2023006837,2023-10-12 18:51:40,2023-10-13 15:44:03
CONT2023006838,2023-10-12 09:56:06,2023-10-16 08:47:53
CONT2023006839,2023-10-03 20:01:16,2023-10-04 16:09:43
CONT2023006840,2023-10-08 09:02:26,2023-10-09 08:54:52
CONT2023006841,2023-10-04 00:57:30,2023-10-15 22:18:21
CONT2023006842,2023-10-11 18:24:40,2023-10-11 23:01:37
CONT2023006843,2023-10-05 03:20:12,
CONT2023006844,2023-10-03 11:12:20,2023-10-04 00:40:22
CONT2023006845,2023-10-04 07:00:26,
CONT2023006846,2023-10-10 06:01:10,2023-10-11 02:01:46
CONT2023006847,2023-10-06 04:45:15,2023-10-07 09:18:36
CONT2023006848,2023-10-03 21:30:59,
CONT2023006849,2023-10-09 10:06:02,2023-10-17 05:24:44
CONT2023006850,2023-10-06 18:00:39,2023-10-17 04:42:35
CONT2023006851,2023-10-05 23:40:28,2023-10-06 22:48:12
CONT2023006852,2023-10-09 11:51:29,2023-10-17 10:39:51
CONT2023006853,2023-10-13 17:41:29,2023-10-16 19:50:29
CONT2023006854,2023-10-12 18:26:55,2023-10-13 03:01:39
CONT2023006855,2023-10-05 08:28:16,
CONT2023006856,2023-10-09 17:51:15,2023-10-16 22:33:43
CONT2023006857,2023-10-11 11:04:12,2023-10-16 18:39:22
CONT2023006858,2023-10-10 18:30:02,
CONT2023006859,2023-10-12 12:57:57,2023-10-13 10:13:48
CONT2023006860,2023-10-09 08:11:43,2023-10-10 09:09:37
CONT2023006861,2023-10-14 07:03:11,2023-10-17 05:22:27
CONT2023006862,2023-10-06 14:49:15,2023-10-17 05:21:55
CONT2023006863,2023-10-06 21:26:06,2023-10-18 02:47:35
CONT2023006864,2023-10-10 14:27:33,2023-10-17 07:00:10
CONT2023006865,2023-10-11 12:56:08,2023-10-17 09:11:03
CONT2023006866,2023-10-14 18:08:03,2023-10-17 07:27:18
CONT2023006867,2023-10-15 00:03:36,2023-10-15 13:32:56
CONT2023006868,2023-10-14 14:00:47,2023-10-17 03:29:04
CONT2023006869,2023-10-04 14:34:25,
CONT2023006870,2023-10-05 12:36:13,2023-10-06 06:05:11
CONT2023006871,2023-10-12 20:40:25,2023-10-13 02:46:00
CONT2023006872,2023-10-10 23:50:58,2023-10-12 00:07:25
CONT2023006873,2023-10-11 11:46:31,2023-10-12 11:50:40
CONT2023006874,2023-10-04 06:29:32,2023-10-17 22:25:57
CONT2023006875,2023-10-14 08:00:03,2023-10-17 20:39:58
CONT2023006876,2023-10-12 09:00:32,2023-10-13 05:06:15
CONT2023006877,2023-10-09 09:20:12,2023-10-17 18:59:05
CONT2023006878,2023-10-12 23:58:11,2023-10-13 18:02:54
CONT2023006879,2023-10-06 18:45:05,2023-10-17 05:39:34
CONT2023006880,2023-10-12 15:06:29,
CONT2023006881,2023-10-09 06:16:11,2023-10-10 03:46:49
CONT2023006882,2023-10-08 01:20:46,2023-10-17 03:34:40
CONT2023006883,2023-10-04 05:21:52,2023-10-05 05:01:19
CONT2023006884,2023-10-12 07:58:01,2023-10-13 06:37:41
CONT2023006885,2023-10-08 17:06:28,2023-10-18 04:41:36
CONT2023006886,2023-10-12 17:03:57,2023-10-13 22:19:58
CONT2023006887,2023-10-12 18:13:49,2023-10-13 06:21:46
CONT2023006888,2023-10-06 10:17:41,2023-10-18 17:00:20
CONT2023006889,2023-10-15 10:22:53,2023-10-18 00:37:16
CONT2023006890,2023-10-14 14:56:35,2023-10-18 12:15:51
CONT2023006891,2023-10-05 02:19:44,2023-10-17 17:58:32
CONT2023006892,2023-10-10 11:21:34,2023-10-17 19:29:47
CONT2023006893,2023-10-06 18:10:05,2023-10-18 03:48:20
CONT2023006894,2023-10-11 00:47:31,
CONT2023006895,2023-10-05 01:01:35,2023-10-18 23:06:01
CONT2023006896,2023-10-05 21:55:03,2023-10-18 11:09:20
CONT2023006897,2023-10-13 05:48:03,2023-10-17 21:51:41
CONT2023006898,2023-10-14 14:19:10,2023-10-15 07:30:01
CONT2023006899,2023-10-12 05:48:33,2023-10-12 14:29:10
CONT2023006900,2023-10-12 00:53:59,
CONT2023006901,2023-10-10 13:33:07,2023-10-19 06:58:09
CONT2023006902,2023-10-09 21:33:49,2023-10-18 04:54:15
CONT2023006903,2023-10-11 20:46:06,2023-10-18 18:10:32
CONT2023006904,2023-10-08 11:28:44,2023-10-18 10:19:15
CONT2023006905,2023-10-15 03:20:42,2023-10-19 00:15:08
CONT2023006906,2023-10-13 03:34:33,2023-10-18 22:52:18
CONT2023006907,2023-10-10 08:52:43,2023-10-10 16:25:27
CONT2023006908,2023-10-14 14:52:51,
CONT2023006909,2023-10-13 11:17:01,2023-10-14 02:32:41
CONT2023006910,2023-10-11 09:58:21,2023-10-19 03:31:00
CONT2023006911,2023-10-06 14:53:36,2023-10-18 16:09:37
CONT2023006912,2023-10-14 06:04:24,2023-10-15 10:06:17
CONT2023006913,2023-10-13 22:22:40,2023-10-19 20:05:23
CONT2023006914,2023-10-12 01:20:00,2023-10-19 17:06:57
CONT2023006915,2023-10-13 04:09:21,2023-10-13 16:48:20
CONT2023006916,2023-10-07 02:17:34,2023-10-07 23:43:53
CONT2023006917,2023-10-14 05:49:24,2023-10-14 23:46:18
CONT2023006918,2023-10-08 17:34:38,2023-10-20 07:31:36
CONT2023006919,2023-10-16 17:47:12,2023-10-17 17:36:39
CONT2023006920,2023-10-10 17:31:36,2023-10-20 19:32:55
CONT2023006921,2023-10-08 18:48:25,2023-10-21 09:23:46
CONT2023006922,2023-10-13 09:48:19,
CONT2023006923,2023-10-14 15:49:33,
CONT2023006924,2023-10-09 17:36:03,2023-10-21 12:08:24
CONT2023006925,2023-10-18 02:55:22,2023-10-19 01:16:25
CONT2023006926,2023-10-09 11:57:53,2023-10-10 05:34:19
CONT2023006927,2023-10-09 10:03:13,2023-10-21 09:14:57
CONT2023006928,2023-10-12 21:14:44,2023-10-21 17:08:58
CONT2023006929,2023-10-13 00:36:11,
CONT2023006930,2023-10-15 09:46:15,2023-10-21 14:33:52
CONT2023006931,2023-10-09 04:35:01,2023-10-09 21:32:16
CONT2023006932,2023-10-15 17:36:35,2023-10-22 10:24:54
CONT2023006933,2023-10-14 20:25:10,
CONT2023006934,2023-10-11 16:20:22,2023-10-12 04:55:19
CONT2023006935,2023-10-16 19:52:08,2023-10-20 18:26:03
CONT2023006936,2023-10-12 10:54:24,2023-10-21 04:34:53
CONT2023006937,2023-10-13 15:29:46,2023-10-13 21:15:50
CONT2023006938,2023-10-14 00:21:48,2023-10-15 09:46:16
CONT2023006939,2023-10-11 00:55:53,2023-10-12 00:52:28
CONT2023006940,2023-10-09 11:05:04,2023-10-21 02:50:26
CONT2023006941,2023-10-11 18:57:54,2023-10-12 22:25:16
CONT2023006942,2023-10-09 08:06:26,2023-10-10 00:38:47
CONT2023006943,2023-10-18 18:53:56,2023-10-19 11:46:30
CONT2023006944,2023-10-16 08:19:26,2023-10-22 00:19:24
CONT2023006945,2023-10-10 06:12:37,2023-10-21 15:02:10
CONT2023006946,2023-10-11 17:28:23,2023-10-12 01:33:57
CONT2023006947,2023-10-13 02:58:24,2023-10-13 21:13:40
CONT2023006948,2023-10-10 07:15:22,2023-10-10 22:58:29
CONT2023006949,2023-10-13 05:30:51,2023-10-22 00:09:51
CONT2023006950,2023-10-09 09:49:09,2023-10-21 19:16:56
CONT2023006951,2023-10-09 08:35:47,2023-10-10 07:15:17
CONT2023006952,2023-10-08 05:05:15,2023-10-09 02:05:26
CONT2023006953,2023-10-12 08:56:28,2023-10-12 16:27:17
CONT2023006954,2023-10-18 14:12:48,2023-10-22 00:50:05
CONT2023006955,2023-10-10 22:04:38,2023-10-21 13:20:33
CONT2023006956,2023-10-08 02:15:45,2023-10-08 11:04:07
CONT2023006957,2023-10-08 22:52:52,2023-10-21 12:14:17
CONT2023006958,2023-10-16 14:44:13,2023-10-17 07:28:56
CONT2023006959,2023-10-16 13:52:10,2023-10-22 02:59:04
CONT2023006960,2023-10-12 17:44:37,2023-10-21 12:22:38
CONT2023006961,2023-10-11 16:19:30,2023-10-22 01:16:43
CONT2023006962,2023-10-12 11:01:38,2023-10-13 12:35:53
CONT2023006963,2023-10-11 21:44:50,2023-10-12 19:41:09
CONT2023006964,2023-10-11 11:58:46,2023-10-11 23:39:08
CONT2023006965,2023-10-15 03:16:50,2023-10-23 10:36:49
CONT2023006966,2023-10-15 21:02:13,2023-10-21 22:32:15
CONT2023006967,2023-10-12 02:50:56,2023-10-12 15:30:42
CONT2023006968,2023-10-08 23:01:31,
CONT2023006969,2023-10-08 12:44:09,2023-10-21 03:19:35
CONT2023006970,2023-10-12 03:49:46,2023-10-21 11:19:57
CONT2023006971,2023-10-14 14:17:50,2023-10-23 10:13:32
CONT2023006972,2023-10-14 13:24:18,2023-10-15 09:44:24
CONT2023006973,2023-10-17 15:40:12,2023-10-18 17:37:56
CONT2023006974,2023-10-12 19:05:54,
CONT2023006975,2023-10-18 05:29:10,2023-10-22 20:37:15
CONT2023006976,2023-10-19 16:24:28,2023-10-20 13:04:06
CONT2023006977,2023-10-14 17:18:00,2023-10-15 14:36:47
CONT2023006978,2023-10-17 20:40:12,2023-10-18 16:33:07
CONT2023006979,2023-10-20 17:09:54,2023-10-21 15:57:50
CONT2023006980,2023-10-12 07:12:39,2023-10-22 17:27:02
CONT2023006981,2023-10-17 02:44:43,2023-10-23 23:33:48
CONT2023006982,2023-10-19 12:03:44,2023-10-23 09:57:47
CONT2023006983,2023-10-19 16:09:45,2023-10-23 18:47:09
CONT2023006984,2023-10-13 23:34:46,2023-10-24 17:39:11
CONT2023006985,2023-10-14 01:02:16,2023-10-15 11:43:03
CONT2023006986,2023-10-17 11:14:49,2023-10-23 19:06:59
CONT2023006987,2023-10-13 22:39:43,2023-10-24 06:28:41
CONT2023006988,2023-10-16 07:39:03,2023-10-24 03:35:06
CONT2023006989,2023-10-18 07:41:44,2023-10-24 10:19:53
CONT2023006990,2023-10-15 17:18:44,2023-10-23 11:25:20
CONT2023006991,2023-10-12 09:05:36,2023-10-13 11:26:39
CONT2023006992,2023-10-11 23:53:47,2023-10-13 04:10:15
CONT2023006993,2023-10-20 17:42:53,2023-10-21 19:48:25
CONT2023006994,2023-10-21 03:04:57,2023-10-24 11:21:41
CONT2023006995,2023-10-11 09:45:25,2023-10-24 16:01:29
CONT2023006996,2023-10-11 00:37:39,
CONT2023006997,2023-10-20 18:11:32,2023-10-21 14:55:44
CONT2023006998,2023-10-19 03:55:03,2023-10-20 03:59:51
CONT2023006999,2023-10-15 17:03:58,
CONT2023007000,2023-10-16 23:34:01,
CONT2023007001,2023-10-15 05:06:41,2023-10-15 22:07:14
CONT2023007002,2023-10-21 00:51:54,2023-10-21 22:07:50
CONT2023007003,2023-10-10 23:48:25,2023-10-24 22:03:18
CONT2023007004,2023-10-17 18:49:57,2023-10-18 00:52:52
CONT2023007005,2023-10-16 11:18:37,2023-10-17 09:09:54
CONT2023007006,2023-10-13 23:32:19,2023-10-14 18:05:47
CONT2023007007,2023-10-12 21:24:46,2023-10-24 16:21:32
CONT2023007008,2023-10-16 12:52:26,2023-10-24 05:20:18
CONT2023007009,2023-10-18 22:31:09,2023-10-24 04:33:23
CONT2023007010,2023-10-14 09:40:59,2023-10-23 20:54:02
CONT2023007011,2023-10-21 07:24:09,2023-10-22 02:37:50
CONT2023007012,2023-10-18 10:55:08,2023-10-18 21:11:06
CONT2023007013,2023-10-18 16:38:33,2023-10-19 20:51:18
CONT2023007014,2023-10-12 16:33:30,2023-10-14 00:07:51
CONT2023007015,2023-10-11 23:04:00,2023-10-13 01:26:03
CONT2023007016,2023-10-11 19:04:30,2023-10-12 03:03:42
CONT2023007017,2023-10-20 05:24:07,2023-10-24 13:22:17
CONT2023007018,2023-10-21 14:35:59,2023-10-22 13:03:46
CONT2023007019,2023-10-20 10:31:45,2023-10-21 09:25:25
CONT2023007020,2023-10-15 11:26:42,2023-10-16 08:00:03
CONT2023007021,2023-10-15 09:00:15,2023-10-16 03:51:06
CONT2023007022,2023-10-16 02:23:47,2023-10-17 00:51:53
CONT2023007023,2023-10-20 12:35:19,2023-10-21 02:53:31
CONT2023007024,2023-10-14 18:18:58,2023-10-15 18:42:20
CONT2023007025,2023-10-13 06:53:27,2023-10-24 05:30:21
CONT2023007026,2023-10-13 12:44:13,2023-10-25 13:21:20
CONT2023007027,2023-10-12 07:53:36,2023-10-25 00:05:49
CONT2023007028,2023-10-12 18:38:07,2023-10-13 07:28:38
CONT2023007029,2023-10-18 05:50:30,2023-10-25 05:15:34
CONT2023007030,2023-10-21 18:29:29,2023-10-23 02:09:37
CONT2023007031,2023-10-19 06:00:19,2023-10-20 18:15:39
CONT2023007032,2023-10-15 15:53:15,2023-10-26 05:38:36
CONT2023007033,2023-10-21 21:18:02,2023-10-22 11:33:27
CONT2023007034,2023-10-20 08:37:17,
CONT2023007035,2023-10-11 11:48:50,2023-10-25 03:40:55
CONT2023007036,2023-10-15 06:54:56,2023-10-15 14:05:02
CONT2023007037,2023-10-18 13:07:46,2023-10-24 10:41:13
CONT2023007038,2023-10-12 13:42:19,2023-10-25 00:01:16
CONT2023007039,2023-10-20 15:48:16,2023-10-21 21:50:24
CONT2023007040,2023-10-17 03:11:42,2023-10-18 17:13:32
CONT2023007041,2023-10-19 12:14:16,
CONT2023007042,2023-10-20 14:59:14,2023-10-24 10:21:17
CONT2023007043,2023-10-18 12:28:21,
CONT2023007044,2023-10-20 08:02:10,2023-10-21 06:20:00
CONT2023007045,2023-10-17 06:20:14,2023-10-25 00:21:44
CONT2023007046,2023-10-20 15:05:27,2023-10-24 16:25:53
CONT2023007047,2023-10-12 00:05:27,2023-10-12 16:33:55
CONT2023007048,2023-10-17 00:52:02,2023-10-18 13:04:49
CONT2023007049,2023-10-14 22:47:54,2023-10-15 21:06:32
CONT2023007050,2023-10-15 00:35:17,2023-10-15 20:09:46
CONT2023007051,2023-10-16 16:05:46,
CONT2023007052,2023-10-19 09:40:29,2023-10-24 15:34:53
CONT2023007053,2023-10-11 12:27:23,2023-10-25 08:00:20
CONT2023007054,2023-10-21 12:52:35,2023-10-24 18:44:13
CONT2023007055,2023-10-20 06:30:42,2023-10-25 15:22:03
CONT2023007056,2023-10-12 17:18:02,
CONT2023007057,2023-10-18 09:38:45,
CONT2023007058,2023-10-21 21:42:02,2023-10-25 05:53:13
CONT2023007059,2023-10-21 05:42:17,2023-10-25 06:21:36
CONT2023007060,2023-10-22 03:39:52,
CONT2023007061,2023-10-17 13:10:22,
CONT2023007062,2023-10-20 17:54:45,2023-10-24 13:37:11
CONT2023007063,2023-10-13 11:41:40,2023-10-24 14:00:15
CONT2023007064,2023-10-19 05:29:32,2023-10-24 15:07:51
CONT2023007065,2023-10-11 21:54:32,2023-10-25 06:26:52
CONT2023007066,2023-10-17 11:58:16,2023-10-17 15:58:16
CONT2023007067,2023-10-16 12:59:06,2023-10-24 19:06:21
CONT2023007068,2023-10-19 03:46:36,2023-10-25 10:03:09
CONT2023007069,2023-10-15 08:50:42,2023-10-24 07:45:15
CONT2023007070,2023-10-20 09:01:43,
CONT2023007071,2023-10-12 16:13:54,2023-10-24 18:57:04
CONT2023007072,2023-10-21 05:31:16,2023-10-21 18:43:30
CONT2023007073,2023-10-12 04:02:27,2023-10-25 10:10:19
CONT2023007074,2023-10-19 17:03:36,
CONT2023007075,2023-10-20 13:57:20,2023-10-26 07:58:06
CONT2023007076,2023-10-14 05:23:20,
CONT2023007077,2023-10-19 03:19:21,2023-10-20 08:30:32
CONT2023007078,2023-10-20 20:07:25,2023-10-21 15:12:53
CONT2023007079,2023-10-17 13:46:48,2023-10-18 20:12:57
CONT2023007080,2023-10-13 22:34:09,2023-10-15 00:27:40
CONT2023007081,2023-10-17 04:48:51,2023-10-26 02:07:16
CONT2023007082,2023-10-12 15:41:19,2023-10-25 05:26:21
CONT2023007083,2023-10-18 22:31:36,2023-10-19 02:31:36
CONT2023007084,2023-10-14 11:17:31,2023-10-15 05:26:55
CONT2023007085,2023-10-17 23:05:57,2023-10-24 17:05:02
CONT2023007086,2023-10-18 20:21:56,2023-10-20 01:34:34
CONT2023007087,2023-10-15 11:04:47,2023-10-15 18:45:20
CONT2023007088,2023-10-12 09:20:37,2023-10-13 08:42:28
CONT2023007089,2023-10-12 09:04:15,
CONT2023007090,2023-10-13 08:06:25,2023-10-25 11:16:28
CONT2023007091,2023-10-15 02:01:26,2023-10-16 09:31:16
CONT2023007092,2023-10-14 11:13:20,2023-10-14 22:54:14
CONT2023007093,2023-10-13 03:47:08,2023-10-13 09:34:47
CONT2023007094,2023-10-15 08:30:32,
CONT2023007095,2023-10-15 03:26:32,
CONT2023007096,2023-10-18 14:55:15,2023-10-19 19:03:18
CONT2023007097,2023-10-14 16:36:53,2023-10-15 13:07:00
CONT2023007098,2023-10-19 21:53:53,2023-10-25 01:17:29
CONT2023007099,2023-10-16 22:27:33,2023-10-17 18:00:47
CONT2023007100,2023-10-19 01:43:38,2023-10-26 05:36:57
CONT2023007101,2023-10-19 17:10:52,2023-10-20 11:17:00
CONT2023007102,2023-10-20 11:53:50,
CONT2023007103,2023-10-17 00:08:47,2023-10-25 20:47:30
CONT2023007104,2023-10-14 14:20:21,
CONT2023007105,2023-10-22 12:16:18,2023-10-26 12:20:03
CONT2023007106,2023-10-15 05:44:30,2023-10-15 13:27:40
CONT2023007107,2023-10-20 07:34:06,2023-10-20 18:31:50
CONT2023007108,2023-10-16 03:33:31,
CONT2023007109,2023-10-13 10:27:44,2023-10-26 22:00:49
CONT2023007110,2023-10-12 23:14:23,
CONT2023007111,2023-10-23 22:17:48,
CONT2023007112,2023-10-13 21:50:40,
CONT2023007113,2023-10-23 17:59:40,
CONT2023007114,2023-10-19 03:14:44,2023-10-19 16:45:26
CONT2023007115,2023-10-20 23:35:07,2023-10-27 06:34:11
CONT2023007116,2023-10-18 16:43:48,2023-10-19 07:00:59
CONT2023007117,2023-10-14 21:44:16,2023-10-15 18:50:54
CONT2023007118,2023-10-21 16:04:18,2023-10-22 06:41:02
CONT2023007119,2023-10-17 21:56:53,2023-10-26 10:42:47
CONT2023007120,2023-10-19 09:40:48,2023-10-20 08:07:47
CONT2023007121,2023-10-16 03:41:35,2023-10-26 08:47:55
CONT2023007122,2023-10-22 02:27:05,2023-10-23 17:52:21
CONT2023007123,2023-10-22 23:38:07,2023-10-26 17:23:44
CONT2023007124,2023-10-22 07:35:55,2023-10-22 21:12:05
CONT2023007125,2023-10-23 02:25:38,2023-10-27 04:22:09
CONT2023007126,2023-10-24 08:23:27,2023-10-27 09:43:25
CONT2023007127,2023-10-15 15:32:45,2023-10-16 14:12:28
CONT2023007128,2023-10-13 23:13:40,2023-10-15 02:21:57
CONT2023007129,2023-10-15 10:01:12,2023-10-27 10:01:46
CONT2023007130,2023-10-16 08:16:02,
CONT2023007131,2023-10-18 02:46:28,2023-10-26 07:39:14
CONT2023007132,2023-10-15 08:48:54,2023-10-27 09:58:04
CONT2023007133,2023-10-14 16:49:31,2023-10-27 19:43:20
CONT2023007134,2023-10-18 04:08:11,2023-10-28 02:00:21
CONT2023007135,2023-10-13 22:06:36,2023-10-27 10:10:36
CONT2023007136,2023-10-17 15:52:15,2023-10-18 15:49:50
CONT2023007137,2023-10-22 22:20:30,2023-10-27 06:03:02
CONT2023007138,2023-10-22 04:58:07,2023-10-22 21:16:27
CONT2023007139,2023-10-23 03:02:18,2023-10-27 18:18:26
CONT2023007140,2023-10-19 18:01:18,
CONT2023007141,2023-10-22 03:26:05,2023-10-22 09:03:42
CONT2023007142,2023-10-19 07:34:54,2023-10-19 19:07:40
CONT2023007143,2023-10-22 03:05:11,
CONT2023007144,2023-10-17 21:46:01,
CONT2023007145,2023-10-21 10:07:34,2023-10-22 06:05:57
CONT2023007146,2023-10-19 12:54:59,2023-10-20 19:13:21
CONT2023007147,2023-10-23 10:15:25,2023-10-28 13:47:46
CONT2023007148,2023-10-19 18:04:06,2023-10-20 09:03:01
CONT2023007149,2023-10-21 05:21:31,2023-10-22 04:58:09
CONT2023007150,2023-10-14 22:25:47,2023-10-15 09:44:00
CONT2023007151,2023-10-24 00:11:30,
CONT2023007152,2023-10-22 19:11:21,2023-10-23 12:46:11
CONT2023007153,2023-10-22 19:32:28,2023-10-23 21:43:46
CONT2023007154,2023-10-19 09:11:20,2023-10-20 04:46:35
CONT2023007155,2023-10-22 10:22:08,2023-10-23 05:06:06
CONT2023007156,2023-10-17 13:39:41,2023-10-28 06:54:23
CONT2023007157,2023-10-16 01:19:10,2023-10-16 13:55:33
CONT2023007158,2023-10-22 19:38:09,2023-10-28 08:37:54
CONT2023007159,2023-10-21 14:54:16,2023-10-22 08:02:46
CONT2023007160,2023-10-24 15:57:52,2023-10-25 04:06:54
CONT2023007161,2023-10-15 07:06:04,2023-10-28 11:36:50
CONT2023007162,2023-10-24 19:19:46,2023-10-27 23:49:55
CONT2023007163,2023-10-24 18:22:41,2023-10-25 08:14:33
CONT2023007164,2023-10-15 14:51:01,2023-10-28 01:35:47
CONT2023007165,2023-10-16 02:35:25,2023-10-28 11:09:33
CONT2023007166,2023-10-17 21:41:58,2023-10-28 12:20:54
CONT2023007167,2023-10-25 07:36:52,2023-10-28 20:18:54
CONT2023007168,2023-10-18 11:18:54,2023-10-19 02:13:42
CONT2023007169,2023-10-25 10:21:13,2023-10-26 13:22:19
CONT2023007170,2023-10-18 07:39:42,2023-10-27 20:21:29
CONT2023007171,2023-10-18 17:55:24,2023-10-27 14:50:14
CONT2023007172,2023-10-24 23:40:46,2023-10-28 10:09:29
CONT2023007173,2023-10-24 01:37:19,2023-10-24 15:11:22
CONT2023007174,2023-10-21 22:17:51,2023-10-22 15:48:42
CONT2023007175,2023-10-24 12:15:02,
CONT2023007176,2023-10-20 11:51:51,2023-10-21 09:29:04
CONT2023007177,2023-10-16 17:37:39,2023-10-28 09:06:11
CONT2023007178,2023-10-18 09:18:41,
CONT2023007179,2023-10-19 08:37:32,2023-10-28 06:14:59
CONT2023007180,2023-10-23 14:40:35,2023-10-28 12:14:30
CONT2023007181,2023-10-25 03:22:07,2023-10-25 12:44:18
CONT2023007182,2023-10-17 11:08:13,2023-10-18 11:30:06
CONT2023007183,2023-10-16 08:03:46,2023-10-17 06:12:27
CONT2023007184,2023-10-22 09:41:54,2023-10-28 22:11:33
CONT2023007185,2023-10-15 12:33:41,
CONT2023007186,2023-10-21 03:44:48,2023-10-28 13:06:48
CONT2023007187,2023-10-19 15:38:04,2023-10-27 21:56:31
CONT2023007188,2023-10-15 18:16:27,
CONT2023007189,2023-10-26 04:52:48,2023-10-26 15:02:34
CONT2023007190,2023-10-25 01:04:34,2023-10-25 22:26:42
CONT2023007191,2023-10-20 12:09:22,2023-10-29 00:05:02
CONT2023007192,2023-10-16 15:59:46,2023-10-28 12:36:49
CONT2023007193,2023-10-22 11:41:13,2023-10-28 13:52:08
CONT2023007194,2023-10-24 10:22:51,2023-10-28 17:35:10
CONT2023007195,2023-10-23 05:51:06,2023-10-28 17:17:37
CONT2023007196,2023-10-19 20:12:54,
CONT2023007197,2023-10-19 19:16:41,2023-10-29 06:42:00
CONT2023007198,2023-10-23 04:47:58,2023-10-29 08:36:27
CONT2023007199,2023-10-23 16:21:57,2023-10-29 14:52:14
CONT2023007200,2023-10-17 04:23:51,2023-10-18 07:29:02
CONT2023007201,2023-10-19 10:27:22,2023-10-29 03:20:45
CONT2023007202,2023-10-19 00:51:51,
CONT2023007203,2023-10-21 05:52:06,2023-10-29 13:51:54
CONT2023007204,2023-10-23 02:44:01,2023-10-29 23:21:19
CONT2023007205,2023-10-24 22:45:40,2023-10-29 11:35:07
CONT2023007206,2023-10-19 10:37:08,2023-10-19 22:51:26
CONT2023007207,2023-10-22 05:24:59,2023-10-29 13:25:23
CONT2023007208,2023-10-21 19:18:34,
CONT2023007209,2023-10-23 22:20:17,2023-10-24 12:01:49
CONT2023007210,2023-10-21 16:14:19,2023-10-29 06:55:36
CONT2023007211,2023-10-25 03:24:05,2023-10-26 12:01:36
CONT2023007212,2023-10-19 13:25:49,2023-10-29 07:15:44
CONT2023007213,2023-10-25 12:50:55,2023-10-28 14:58:45
CONT2023007214,2023-10-19 02:45:13,2023-10-19 23:39:04
CONT2023007215,2023-10-26 18:51:34,2023-10-27 16:33:14
CONT2023007216,2023-10-16 03:50:30,2023-10-29 18:08:52
CONT2023007217,2023-10-21 20:35:09,2023-10-29 14:42:22
CONT2023007218,2023-10-18 08:43:53,
CONT2023007219,2023-10-23 16:29:50,2023-10-28 20:14:32
CONT2023007220,2023-10-16 21:23:22,2023-10-17 20:35:14
CONT2023007221,2023-10-21 22:38:39,2023-10-29 18:22:15
CONT2023007222,2023-10-24 00:35:47,2023-10-29 00:18:49
CONT2023007223,2023-10-16 03:16:56,2023-10-29 05:14:06
CONT2023007224,2023-10-17 15:43:13,2023-10-29 14:09:41
CONT2023007225,2023-10-19 06:14:49,2023-10-29 13:45:21
CONT2023007226,2023-10-22 22:37:38,
CONT2023007227,2023-10-18 13:25:17,
CONT2023007228,2023-10-17 17:52:05,2023-10-18 08:15:11
CONT2023007229,2023-10-19 22:01:54,2023-10-29 11:27:28
CONT2023007230,2023-10-16 05:44:25,2023-10-17 08:56:07
CONT2023007231,2023-10-17 12:31:35,2023-10-30 07:07:38
CONT2023007232,2023-10-21 17:57:36,
CONT2023007233,2023-10-24 14:19:09,2023-10-30 01:58:18
CONT2023007234,2023-10-20 18:56:12,2023-10-29 20:40:10
CONT2023007235,2023-10-16 10:20:35,2023-10-17 12:33:50
CONT2023007236,2023-10-17 15:53:01,2023-10-18 07:49:47
CONT2023007237,2023-10-20 18:55:40,2023-10-22 08:05:52
CONT2023007238,2023-10-19 11:51:04,2023-10-20 04:16:31
CONT2023007239,2023-10-16 03:53:06,2023-10-29 05:10:26
CONT2023007240,2023-10-25 21:09:35,2023-10-26 07:41:54
CONT2023007241,2023-10-17 08:17:01,2023-10-29 16:58:05
CONT2023007242,2023-10-26 04:10:48,2023-10-30 08:22:55
CONT2023007243,2023-10-23 15:45:04,2023-10-24 16:39:16
CONT2023007244,2023-10-26 22:49:41,
CONT2023007245,2023-10-20 19:27:20,2023-10-29 09:38:33
CONT2023007246,2023-10-20 00:46:11,
CONT2023007247,2023-10-18 22:00:17,2023-10-30 03:29:37
CONT2023007248,2023-10-24 17:23:32,2023-10-29 18:46:22
CONT2023007249,2023-10-24 04:42:14,2023-10-30 13:26:09
CONT2023007250,2023-10-25 02:10:46,2023-10-29 17:27:13
CONT2023007251,2023-10-26 05:25:02,2023-10-28 20:45:35
CONT2023007252,2023-10-19 07:12:16,2023-10-19 19:28:09
CONT2023007253,2023-10-20 11:07:41,
CONT2023007254,2023-10-21 06:21:59,
CONT2023007255,2023-10-20 09:28:56,
CONT2023007256,2023-10-19 03:13:23,2023-10-30 00:04:09
CONT2023007257,2023-10-22 18:31:31,2023-10-31 00:40:54
CONT2023007258,2023-10-20 19:19:12,2023-10-30 14:58:45
CONT2023007259,2023-10-25 22:20:04,
CONT2023007260,2023-10-16 18:41:34,2023-10-18 01:19:13
CONT2023007261,2023-10-22 05:31:27,
CONT2023007262,2023-10-21 18:45:25,2023-10-23 15:29:34
CONT2023007263,2023-10-20 07:45:29,2023-10-30 00:22:24
CONT2023007264,2023-10-24 23:11:06,
CONT2023007265,2023-10-27 09:09:31,2023-10-27 13:09:31
CONT2023007266,2023-10-21 13:21:43,2023-10-29 18:11:13
CONT2023007267,2023-10-25 10:29:34,2023-10-26 17:49:05
CONT2023007268,2023-10-25 10:18:25,2023-10-29 21:48:09
CONT2023007269,2023-10-23 08:45:49,
CONT2023007270,2023-10-18 13:18:52,2023-10-19 05:36:18
CONT2023007271,2023-10-20 01:16:20,2023-10-20 15:13:02
CONT2023007272,2023-10-20 12:05:04,2023-10-29 10:04:47
CONT2023007273,2023-10-26 10:10:30,
CONT2023007274,2023-10-21 04:31:37,
CONT2023007275,2023-10-20 07:23:18,2023-10-29 17:47:58
CONT2023007276,2023-10-20 12:56:13,2023-10-21 21:37:38
CONT2023007277,2023-10-20 21:03:33,2023-10-30 06:18:57
CONT2023007278,2023-10-17 03:33:27,2023-10-30 00:24:41
CONT2023007279,2023-10-17 02:00:27,2023-10-30 10:07:16
CONT2023007280,2023-10-21 02:30:31,
CONT2023007281,2023-10-26 18:32:30,2023-10-30 09:12:20
CONT2023007282,2023-10-27 17:42:29,
CONT2023007283,2023-10-22 04:39:59,2023-10-29 22:36:56
CONT2023007284,2023-10-23 01:38:48,2023-10-29 17:26:54
CONT2023007285,2023-10-22 06:01:26,2023-10-30 14:31:54
CONT2023007286,2023-10-21 09:39:31,2023-10-31 06:14:25
CONT2023007287,2023-10-18 19:25:22,2023-10-30 03:36:43
CONT2023007288,2023-10-26 15:26:12,2023-10-27 10:35:31
CONT2023007289,2023-10-23 20:50:06,2023-10-30 06:54:23
CONT2023007290,2023-10-19 19:59:34,2023-10-30 06:26:59
CONT2023007291,2023-10-25 18:29:14,2023-10-29 23:35:07
CONT2023007292,2023-10-23 06:50:55,2023-10-23 17:28:28
CONT2023007293,2023-10-27 09:57:38,2023-10-30 06:27:49
CONT2023007294,2023-10-17 23:41:03,2023-10-30 05:54:39
CONT2023007295,2023-10-24 14:05:31,2023-10-25 11:46:08
CONT2023007296,2023-10-19 12:00:05,2023-10-20 09:30:19
CONT2023007297,2023-10-20 21:55:40,2023-10-21 05:13:22
CONT2023007298,2023-10-22 12:38:56,2023-10-30 01:33:37
CONT2023007299,2023-10-18 07:31:56,2023-10-30 00:02:47
CONT2023007300,2023-10-18 07:05:27,2023-10-30 14:32:49
CONT2023007301,2023-10-25 22:51:51,2023-10-30 07:47:27
CONT2023007302,2023-10-25 09:06:19,2023-10-27 10:46:07
CONT2023007303,2023-10-22 22:08:12,2023-10-24 01:35:12
CONT2023007304,2023-10-27 06:34:55,
CONT2023007305,2023-10-25 18:33:58,
CONT2023007306,2023-10-25 01:07:38,2023-11-05 04:57:52
CONT2023007307,2023-10-30 13:22:13,2023-10-31 06:23:23
CONT2023007308,2023-10-26 04:55:42,2023-10-26 21:08:31
CONT2023007309,2023-10-24 16:08:20,
CONT2023007310,2023-10-22 00:09:39,2023-10-23 09:55:46
CONT2023007311,2023-10-23 12:49:31,2023-11-03 23:48:57
CONT2023007312,2023-10-30 09:58:54,2023-10-31 04:34:23
CONT2023007313,2023-11-01 03:06:38,2023-11-04 17:44:33
CONT2023007314,2023-10-31 12:25:15,2023-11-04 16:31:13
CONT2023007315,2023-10-30 19:23:24,
CONT2023007316,2023-10-26 10:13:10,2023-11-03 19:27:07
CONT2023007317,2023-10-24 04:27:49,2023-10-25 00:32:22
CONT2023007318,2023-10-27 08:06:32,2023-11-04 18:39:24
CONT2023007319,2023-10-29 10:11:32,2023-10-30 06:36:50
CONT2023007320,2023-10-25 15:54:38,2023-11-04 12:01:28
CONT2023007321,2023-10-27 09:48:30,2023-10-28 05:04:29
CONT2023007322,2023-10-22 20:18:11,2023-10-23 17:40:33
CONT2023007323,2023-10-25 00:48:18,
CONT2023007324,2023-10-31 22:05:28,2023-11-01 18:09:36
CONT2023007325,2023-10-28 18:42:26,2023-11-05 17:41:02
CONT2023007326,2023-10-28 10:45:57,2023-10-29 11:12:44
CONT2023007327,2023-10-27 06:58:49,
CONT2023007328,2023-10-26 16:55:12,2023-10-27 16:44:17
CONT2023007329,2023-10-27 01:44:19,
CONT2023007330,2023-10-25 11:50:10,2023-11-04 08:34:50
CONT2023007331,2023-10-28 07:49:52,2023-10-29 04:52:05
CONT2023007332,2023-10-23 03:17:00,2023-11-05 03:28:29
CONT2023007333,2023-10-31 19:17:20,2023-11-05 06:16:27
CONT2023007334,2023-10-31 11:26:20,2023-11-01 09:06:03
CONT2023007335,2023-10-26 06:52:21,2023-10-26 19:34:28
CONT2023007336,2023-10-25 18:47:28,2023-11-05 02:32:18
CONT2023007337,2023-10-31 02:51:03,
CONT2023007338,2023-10-27 14:08:30,
CONT2023007339,2023-11-01 20:36:14,2023-11-05 11:56:36
CONT2023007340,2023-10-24 11:47:27,2023-10-25 09:07:57
CONT2023007341,2023-10-31 08:08:18,2023-10-31 18:00:54
CONT2023007342,2023-10-29 06:51:35,2023-11-04 22:50:07
CONT2023007343,2023-10-30 11:40:02,2023-11-05 06:01:01
CONT2023007344,2023-10-25 06:36:46,2023-11-04 15:05:58
CONT2023007345,2023-10-30 19:03:52,2023-11-01 01:32:35
CONT2023007346,2023-10-25 13:31:53,2023-11-06 03:01:05
CONT2023007347,2023-10-26 22:25:37,2023-11-05 13:07:23
CONT2023007348,2023-11-02 12:36:09,2023-11-06 06:57:53
CONT2023007349,2023-10-26 15:36:42,2023-10-27 09:47:01
CONT2023007350,2023-10-25 10:24:51,
CONT2023007351,2023-10-24 06:37:17,2023-11-06 12:31:36
CONT2023007352,2023-10-27 00:39:53,2023-10-27 04:39:53
CONT2023007353,2023-10-26 08:17:39,2023-11-06 05:12:38
CONT2023007354,2023-10-30 13:21:25,2023-10-31 02:07:30
CONT2023007355,2023-10-26 00:42:12,2023-10-26 14:33:25
CONT2023007356,2023-10-30 17:11:20,2023-11-06 05:25:20
CONT2023007357,2023-10-23 08:32:16,2023-10-24 02:06:35
CONT2023007358,2023-10-29 01:16:18,2023-11-06 09:13:15
CONT2023007359,2023-10-30 03:45:01,2023-10-31 05:17:01
CONT2023007360,2023-10-29 21:25:07,
CONT2023007361,2023-10-23 21:46:58,2023-11-06 01:15:51
CONT2023007362,2023-11-02 03:23:06,2023-11-06 06:49:46
CONT2023007363,2023-10-24 10:30:08,2023-11-06 11:37:09
CONT2023007364,2023-10-25 08:05:24,2023-11-05 20:21:11
CONT2023007365,2023-11-02 00:15:27,2023-11-02 17:13:55
CONT2023007366,2023-10-24 16:39:43,2023-11-06 20:35:04
CONT2023007367,2023-11-02 19:32:41,2023-11-05 11:33:25
CONT2023007368,2023-10-28 19:27:59,2023-11-06 17:26:11
CONT2023007369,2023-10-27 03:44:09,2023-10-27 14:38:01
CONT2023007370,2023-10-26 00:02:45,2023-11-06 02:08:51
CONT2023007371,2023-10-26 05:51:49,2023-11-05 19:24:54
CONT2023007372,2023-10-26 11:49:34,
CONT2023007373,2023-11-02 07:48:13,2023-11-06 18:38:43
CONT2023007374,2023-11-02 06:27:03,2023-11-06 00:39:01
CONT2023007375,2023-10-25 18:30:08,2023-11-06 05:33:08
CONT2023007376,2023-10-30 03:37:42,2023-11-07 03:04:34
CONT2023007377,2023-11-01 22:20:39,2023-11-06 04:20:25
CONT2023007378,2023-10-29 15:16:10,2023-10-31 02:30:31
CONT2023007379,2023-10-25 08:02:57,2023-11-06 19:55:12
CONT2023007380,2023-10-30 03:23:27,
CONT2023007381,2023-10-30 02:16:17,2023-11-05 16:33:22
CONT2023007382,2023-11-03 03:34:47,2023-11-04 02:28:22
CONT2023007383,2023-10-25 11:30:35,
CONT2023007384,2023-10-26 00:31:57,2023-11-06 20:31:34
CONT2023007385,2023-10-30 00:19:41,2023-10-30 19:54:36
CONT2023007386,2023-11-02 13:27:09,
CONT2023007387,2023-10-30 08:55:39,2023-11-06 21:24:33
CONT2023007388,2023-11-03 08:13:54,2023-11-06 20:44:39
CONT2023007389,2023-10-26 05:23:54,2023-10-27 04:47:44
CONT2023007390,2023-10-30 11:32:12,2023-10-31 01:13:00
CONT2023007391,2023-10-29 05:22:05,2023-11-06 06:44:56
CONT2023007392,2023-10-28 01:12:34,2023-10-28 15:18:04
CONT2023007393,2023-10-31 11:46:11,2023-11-01 11:03:45
CONT2023007394,2023-10-29 06:27:04,
CONT2023007395,2023-10-25 20:00:04,2023-11-06 23:01:41
CONT2023007396,2023-10-27 00:36:45,2023-11-06 11:51:49
CONT2023007397,2023-11-03 05:28:57,2023-11-03 20:21:44
CONT2023007398,2023-10-27 12:12:46,2023-11-06 19:28:53
CONT2023007399,2023-10-30 09:14:15,2023-11-06 15:41:46
CONT2023007400,2023-10-28 13:22:16,2023-10-29 12:27:27
CONT2023007401,2023-10-29 06:04:40,2023-10-29 20:31:01
CONT2023007402,2023-11-01 11:27:20,2023-11-07 00:46:11
CONT2023007403,2023-10-30 07:04:16,2023-11-06 21:36:06
CONT2023007404,2023-10-30 12:52:09,2023-11-06 17:04:09
CONT2023007405,2023-10-28 18:18:54,2023-10-29 07:11:47
CONT2023007406,2023-10-31 11:49:30,2023-11-07 09:27:47
CONT2023007407,2023-11-01 06:04:41,2023-11-01 10:04:41
CONT2023007408,2023-10-25 04:28:50,
CONT2023007409,2023-10-24 19:21:59,2023-10-25 21:58:22
CONT2023007410,2023-10-31 20:07:13,2023-11-01 04:26:52
CONT2023007411,2023-11-04 09:34:40,
CONT2023007412,2023-10-29 18:40:30,2023-10-30 10:45:29
CONT2023007413,2023-11-02 11:27:51,2023-11-02 22:16:42
CONT2023007414,2023-10-28 23:29:41,
CONT2023007415,2023-11-02 12:34:26,
CONT2023007416,2023-10-29 00:14:51,2023-11-07 19:26:15
CONT2023007417,2023-10-27 18:36:47,2023-11-08 06:18:30
CONT2023007418,2023-11-03 18:30:31,2023-11-04 22:28:01
CONT2023007419,2023-10-25 06:57:12,2023-10-25 21:03:25
CONT2023007420,2023-11-04 11:58:58,2023-11-05 05:19:39
CONT2023007421,2023-10-27 12:36:58,2023-11-07 20:46:46
CONT2023007422,2023-11-03 09:12:53,2023-11-08 18:20:05
CONT2023007423,2023-10-27 04:50:14,2023-10-27 20:37:22
CONT2023007424,2023-11-01 19:19:29,2023-11-07 10:55:43
CONT2023007425,2023-10-26 13:03:04,2023-11-07 18:00:49
CONT2023007426,2023-11-01 10:47:09,2023-11-08 13:45:42
CONT2023007427,2023-10-28 22:57:22,2023-11-08 17:34:56
CONT2023007428,2023-11-04 10:38:25,2023-11-08 16:32:54
CONT2023007429,2023-10-27 16:09:43,
CONT2023007430,2023-10-31 14:32:59,
CONT2023007431,2023-10-27 17:36:54,2023-10-27 21:36:54
CONT2023007432,2023-11-04 09:54:52,2023-11-09 06:39:38
CONT2023007433,2023-10-27 00:01:49,2023-11-07 21:27:31
CONT2023007434,2023-10-29 23:25:27,2023-11-09 05:12:26
CONT2023007435,2023-11-05 00:27:47,2023-11-08 23:36:57
CONT2023007436,2023-10-28 21:06:12,2023-11-08 05:18:30
CONT2023007437,2023-11-02 01:37:19,2023-11-08 10:38:00
CONT2023007438,2023-11-01 07:43:22,2023-11-09 04:07:52
CONT2023007439,2023-11-01 08:13:59,2023-11-09 00:19:10
CONT2023007440,2023-10-29 07:58:29,2023-11-09 06:32:30
CONT2023007441,2023-11-05 16:01:52,2023-11-07 20:05:13
CONT2023007442,2023-11-04 09:39:37,2023-11-05 00:42:09
CONT2023007443,2023-11-03 04:08:51,2023-11-09 07:54:43
CONT2023007444,2023-10-31 15:40:47,2023-11-08 08:58:11
CONT2023007445,2023-11-04 10:57:20,2023-11-08 23:15:13
CONT2023007446,2023-11-03 16:28:56,2023-11-07 18:03:28
CONT2023007447,2023-11-04 09:51:43,
CONT2023007448,2023-11-04 21:44:37,2023-11-05 14:58:56
CONT2023007449,2023-10-28 07:35:59,2023-11-08 04:40:51
CONT2023007450,2023-11-01 00:04:31,2023-11-01 17:24:01
CONT2023007451,2023-10-30 06:56:28,2023-11-08 22:18:31
CONT2023007452,2023-11-03 00:15:27,2023-11-09 07:36:48
CONT2023007453,2023-11-01 07:07:12,2023-11-09 10:59:38
CONT2023007454,2023-11-03 00:20:49,2023-11-04 03:14:37
CONT2023007455,2023-11-04 06:48:51,
CONT2023007456,2023-11-01 23:29:27,2023-11-09 21:29:30
CONT2023007457,2023-11-06 14:46:07,2023-11-07 10:02:17
CONT2023007458,2023-10-28 13:11:21,2023-10-29 12:18:10
CONT2023007459,2023-11-05 13:23:45,2023-11-09 00:32:47
CONT2023007460,2023-10-31 22:43:42,
CONT2023007461,2023-11-05 14:16:51,2023-11-07 02:02:30
CONT2023007462,2023-11-02 14:50:28,
CONT2023007463,2023-10-27 18:55:14,2023-11-09 05:38:28
CONT2023007464,2023-11-01 12:41:34,2023-11-01 22:24:46
CONT2023007465,2023-11-02 06:22:45,2023-11-02 16:20:39
CONT2023007466,2023-10-27 22:20:52,2023-11-08 21:47:50
CONT2023007467,2023-11-07 01:48:04,2023-11-08 02:08:10
CONT2023007468,2023-11-06 14:29:24,
CONT2023007469,2023-11-04 09:19:05,2023-11-11 06:07:41
CONT2023007470,2023-10-31 09:21:57,
CONT2023007471,2023-11-03 22:27:50,
CONT2023007472,2023-11-07 02:29:17,
CONT2023007473,2023-11-06 12:00:20,2023-11-12 22:09:01
CONT2023007474,2023-11-07 15:32:23,2023-11-07 19:32:23
CONT2023007475,2023-10-30 03:55:13,2023-11-12 03:06:39
CONT2023007476,2023-10-31 14:48:17,2023-11-01 12:24:42
CONT2023007477,2023-11-06 00:31:13,
CONT2023007478,2023-11-02 11:03:10,2023-11-03 10:30:02
CONT2023007479,2023-11-06 00:31:24,2023-11-06 15:27:31
CONT2023007480,2023-11-01 18:16:41,2023-11-02 15:27:19
CONT2023007481,2023-10-31 08:42:29,2023-11-12 23:16:11
CONT2023007482,2023-10-29 23:53:05,2023-11-12 11:48:45
CONT2023007483,2023-11-01 09:13:44,2023-11-02 22:14:00
CONT2023007484,2023-11-03 08:22:43,2023-11-12 10:03:24
CONT2023007485,2023-11-08 08:37:07,2023-11-09 00:39:14
CONT2023007486,2023-11-05 05:35:14,2023-11-12 07:53:00
CONT2023007487,2023-11-05 08:55:52,
CONT2023007488,2023-11-05 11:11:31,2023-11-12 21:25:57
CONT2023007489,2023-11-05 18:31:55,2023-11-06 17:40:35
CONT2023007490,2023-11-08 02:28:52,2023-11-08 19:50:57
CONT2023007491,2023-11-09 06:13:34,2023-11-13 12:12:31
CONT2023007492,2023-11-06 13:51:46,2023-11-06 17:51:46
CONT2023007493,2023-11-02 03:02:24,2023-11-02 07:55:19
CONT2023007494,2023-11-04 12:18:16,2023-11-05 08:08:41
CONT2023007495,2023-11-03 15:29:54,2023-11-04 04:30:40
CONT2023007496,2023-11-04 18:13:45,2023-11-12 18:04:46
CONT2023007497,2023-10-30 23:37:45,2023-11-13 12:57:12
CONT2023007498,2023-11-05 02:29:50,2023-11-12 21:05:19
CONT2023007499,2023-11-02 12:27:37,2023-11-12 15:21:38
CONT2023007500,2023-10-31 10:22:52,2023-11-13 00:00:54
CONT2023007501,2023-11-01 22:55:30,2023-11-13 10:53:22
CONT2023007502,2023-11-08 02:05:43,2023-11-08 22:50:35
CONT2023007503,2023-11-09 21:13:17,2023-11-10 12:15:36
CONT2023007504,2023-10-30 07:22:22,2023-10-30 22:43:38
CONT2023007505,2023-11-01 01:23:16,
CONT2023007506,2023-11-03 09:19:34,2023-11-13 00:42:28
CONT2023007507,2023-11-06 02:23:11,2023-11-13 01:21:02
CONT2023007508,2023-11-10 05:52:55,2023-11-12 00:07:04
CONT2023007509,2023-11-02 03:49:30,2023-11-13 02:47:35
CONT2023007510,2023-10-30 18:47:51,2023-11-13 07:13:23
CONT2023007511,2023-11-07 06:13:02,2023-11-08 11:15:54
CONT2023007512,2023-10-31 17:23:29,2023-11-01 14:05:27
CONT2023007513,2023-11-06 19:09:37,2023-11-08 00:32:47
CONT2023007514,2023-11-09 21:12:53,2023-11-11 00:43:05
CONT2023007515,2023-11-06 10:00:34,
CONT2023007516,2023-10-31 01:31:14,
CONT2023007517,2023-11-06 18:25:53,
CONT2023007518,2023-11-07 07:20:18,2023-11-13 00:28:57
CONT2023007519,2023-11-09 14:10:47,
CONT2023007520,2023-11-10 05:05:23,2023-11-13 09:01:14
CONT2023007521,2023-11-02 07:06:52,2023-11-03 00:41:03
CONT2023007522,2023-11-02 16:55:10,2023-11-13 07:40:09
CONT2023007523,2023-11-08 14:19:04,2023-11-13 18:00:09
CONT2023007524,2023-11-03 01:03:24,2023-11-13 02:10:31
CONT2023007525,2023-11-03 12:43:26,2023-11-03 21:10:47
CONT2023007526,2023-11-06 18:12:51,2023-11-12 23:46:34
CONT2023007527,2023-11-09 12:32:34,2023-11-10 06:50:23
CONT2023007528,2023-11-08 04:59:59,
CONT2023007529,2023-11-09 23:49:09,2023-11-11 04:59:17
CONT2023007530,2023-11-04 13:04:52,
CONT2023007531,2023-11-05 18:39:07,2023-11-12 20:20:52
CONT2023007532,2023-11-01 13:14:46,2023-11-13 20:36:33
CONT2023007533,2023-11-06 10:04:47,2023-11-07 11:13:04
CONT2023007534,2023-11-03 05:22:14,2023-11-13 14:19:33
CONT2023007535,2023-11-09 17:56:37,2023-11-12 18:06:59
CONT2023007536,2023-11-06 22:37:36,2023-11-07 12:51:43
CONT2023007537,2023-11-11 00:01:22,2023-11-11 20:36:58
CONT2023007538,2023-11-11 20:34:51,
CONT2023007539,2023-11-01 22:02:37,2023-11-14 10:40:11
CONT2023007540,2023-11-05 16:43:12,2023-11-14 12:44:39
CONT2023007541,2023-11-02 19:06:00,2023-11-03 03:21:31
CONT2023007542,2023-11-06 14:14:33,2023-11-07 07:47:42
CONT2023007543,2023-11-09 07:48:20,2023-11-14 14:53:33
CONT2023007544,2023-11-10 11:39:44,2023-11-14 19:28:18
CONT2023007545,2023-11-09 00:58:07,2023-11-14 21:47:18
CONT2023007546,2023-11-04 18:11:08,2023-11-05 13:43:19
CONT2023007547,2023-11-10 04:48:06,
CONT2023007548,2023-11-01 02:47:56,2023-11-01 18:22:32
CONT2023007549,2023-11-07 16:37:10,2023-11-08 13:03:02
CONT2023007550,2023-11-02 03:46:30,2023-11-03 05:29:47
CONT2023007551,2023-11-03 00:30:43,2023-11-14 02:52:08
CONT2023007552,2023-11-08 14:40:57,
CONT2023007553,2023-11-03 19:03:22,2023-11-04 22:46:40
CONT2023007554,2023-11-10 23:00:48,2023-11-14 02:07:37
CONT2023007555,2023-11-05 19:37:43,2023-11-06 20:48:31
CONT2023007556,2023-11-08 06:31:35,
CONT2023007557,2023-11-07 01:29:16,2023-11-07 14:27:46
CONT2023007558,2023-11-11 07:42:36,2023-11-12 11:09:57
CONT2023007559,2023-11-11 19:23:13,2023-11-15 08:49:25
CONT2023007560,2023-11-10 02:01:22,2023-11-11 03:35:56
CONT2023007561,2023-11-11 15:15:04,2023-11-12 06:21:14
CONT2023007562,2023-11-09 02:25:56,2023-11-14 15:20:59
CONT2023007563,2023-11-03 22:16:43,2023-11-04 23:26:57
CONT2023007564,2023-11-10 12:32:24,2023-11-11 10:34:53
CONT2023007565,2023-11-07 19:21:37,
CONT2023007566,2023-11-08 22:45:50,2023-11-13 22:36:58
CONT2023007567,2023-11-01 19:20:34,
CONT2023007568,2023-11-07 12:29:22,2023-11-14 14:03:30
CONT2023007569,2023-11-03 21:04:48,2023-11-14 01:46:21
CONT2023007570,2023-11-01 14:26:42,2023-11-14 10:17:56
CONT2023007571,2023-11-05 05:26:39,2023-11-05 14:43:59
CONT2023007572,2023-11-06 20:41:50,2023-11-14 11:56:58
CONT2023007573,2023-11-02 21:50:31,2023-11-14 12:09:33
CONT2023007574,2023-11-08 07:15:25,2023-11-08 22:42:18
CONT2023007575,2023-11-02 06:26:37,
CONT2023007576,2023-11-06 23:36:39,2023-11-14 04:53:54
CONT2023007577,2023-11-08 17:31:35,2023-11-09 18:17:51
CONT2023007578,2023-11-03 07:38:37,
CONT2023007579,2023-11-03 12:41:59,2023-11-14 13:23:38
CONT2023007580,2023-11-02 10:08:55,2023-11-14 11:47:59
CONT2023007581,2023-11-11 00:35:53,2023-11-11 15:57:01
CONT2023007582,2023-11-08 14:41:35,2023-11-14 04:49:09
CONT2023007583,2023-11-05 11:35:33,2023-11-06 03:53:32
CONT2023007584,2023-11-06 14:00:05,2023-11-07 20:04:08
CONT2023007585,2023-11-06 11:37:11,
CONT2023007586,2023-11-12 01:27:51,2023-11-12 23:04:16
CONT2023007587,2023-11-09 14:37:08,2023-11-09 23:59:23
CONT2023007588,2023-11-02 11:47:12,2023-11-02 22:34:35
CONT2023007589,2023-11-09 23:48:36,2023-11-15 14:05:25
CONT2023007590,2023-11-03 10:40:25,2023-11-14 19:00:02
CONT2023007591,2023-11-01 12:00:04,2023-11-01 16:00:04
CONT2023007592,2023-11-08 14:31:47,
CONT2023007593,2023-11-02 21:07:24,2023-11-03 15:50:35
CONT2023007594,2023-11-07 05:50:18,2023-11-07 09:54:45
CONT2023007595,2023-11-05 01:09:53,2023-11-05 22:13:09
CONT2023007596,2023-11-03 10:59:14,
CONT2023007597,2023-11-10 17:53:29,2023-11-15 01:46:39
CONT2023007598,2023-11-11 12:22:38,
CONT2023007599,2023-11-07 21:43:32,2023-11-15 08:00:23
CONT2023007600,2023-11-04 16:57:10,2023-11-14 21:07:17
CONT2023007601,2023-11-06 17:18:49,2023-11-08 01:26:42
CONT2023007602,2023-11-02 09:44:48,2023-11-15 03:45:36
CONT2023007603,2023-11-09 01:50:33,
CONT2023007604,2023-11-07 21:39:07,2023-11-15 13:11:59
CONT2023007605,2023-11-04 09:03:00,2023-11-05 07:43:45
CONT2023007606,2023-11-03 12:45:39,2023-11-04 12:21:56
CONT2023007607,2023-11-06 19:23:06,2023-11-15 16:06:10
CONT2023007608,2023-11-05 08:41:53,2023-11-15 09:56:40
CONT2023007609,2023-11-10 07:55:29,2023-11-11 09:12:22
CONT2023007610,2023-11-10 13:40:59,2023-11-11 14:23:06
CONT2023007611,2023-11-05 02:43:08,2023-11-05 21:23:26
CONT2023007612,2023-11-02 06:57:47,2023-11-03 07:42:04
CONT2023007613,2023-11-09 04:30:54,2023-11-16 12:26:06
CONT2023007614,2023-11-06 19:29:48,
CONT2023007615,2023-11-09 20:01:44,2023-11-11 01:10:32
CONT2023007616,2023-11-07 23:37:35,2023-11-08 06:52:13
CONT2023007617,2023-11-08 05:12:06,2023-11-09 09:20:08
CONT2023007618,2023-11-13 07:49:48,2023-11-16 14:13:31
CONT2023007619,2023-11-05 20:31:49,2023-11-06 20:54:55
CONT2023007620,2023-11-04 12:34:10,2023-11-16 04:07:57
CONT2023007621,2023-11-03 19:01:32,2023-11-17 01:30:58
CONT2023007622,2023-11-04 15:31:43,2023-11-06 01:10:54
CONT2023007623,2023-11-06 18:44:17,2023-11-07 11:29:05
CONT2023007624,2023-11-04 16:50:57,2023-11-16 23:25:22
CONT2023007625,2023-11-06 03:20:29,2023-11-06 16:59:37
CONT2023007626,2023-11-12 02:23:33,2023-11-16 01:44:37
CONT2023007627,2023-11-08 00:08:16,2023-11-09 04:50:27
CONT2023007628,2023-11-05 02:09:24,2023-11-16 12:41:26
CONT2023007629,2023-11-04 19:20:09,2023-11-16 22:39:49
CONT2023007630,2023-11-05 05:12:44,
CONT2023007631,2023-11-08 10:43:37,2023-11-16 21:10:29
CONT2023007632,2023-11-04 07:48:17,2023-11-05 05:11:25
CONT2023007633,2023-11-08 04:49:13,2023-11-09 07:48:10
CONT2023007634,2023-11-08 13:01:41,2023-11-09 18:37:53
CONT2023007635,2023-11-05 10:11:16,
CONT2023007636,2023-11-03 15:37:18,
CONT2023007637,2023-11-05 20:57:00,2023-11-16 13:50:31
CONT2023007638,2023-11-06 20:26:39,
CONT2023007639,2023-11-08 09:21:34,2023-11-09 07:03:10
CONT2023007640,2023-11-13 22:54:01,2023-11-14 13:32:15
CONT2023007641,2023-11-12 21:26:23,
CONT2023007642,2023-11-11 15:11:58,2023-11-18 00:01:40
CONT2023007643,2023-11-06 20:11:53,2023-11-18 05:58:33
CONT2023007644,2023-11-08 09:04:17,2023-11-18 00:45:41
CONT2023007645,2023-11-11 09:51:38,2023-11-12 00:10:46
CONT2023007646,2023-11-08 10:02:17,2023-11-09 02:57:01
CONT2023007647,2023-11-04 19:19:42,
CONT2023007648,2023-11-04 19:39:33,
CONT2023007649,2023-11-07 03:16:55,2023-11-18 04:26:10
CONT2023007650,2023-11-08 21:04:16,2023-11-09 09:33:56
CONT2023007651,2023-11-10 14:42:32,2023-11-20 00:35:52
CONT2023007652,2023-11-13 20:08:32,2023-11-20 16:30:12
CONT2023007653,2023-11-14 09:21:32,2023-11-20 01:34:58
CONT2023007654,2023-11-11 04:29:24,2023-11-19 08:33:00
CONT2023007655,2023-11-16 00:16:51,2023-11-16 09:37:15
CONT2023007656,2023-11-13 13:23:26,
CONT2023007657,2023-11-16 05:49:54,2023-11-19 00:04:32
CONT2023007658,2023-11-11 17:29:05,2023-11-12 17:53:51
CONT2023007659,2023-11-06 17:57:54,2023-11-08 09:51:17
CONT2023007660,2023-11-09 03:29:58,2023-11-10 00:37:28
CONT2023007661,2023-11-12 03:07:49,2023-11-12 19:39:36
CONT2023007662,2023-11-16 05:16:04,2023-11-19 05:58:55
CONT2023007663,2023-11-16 10:35:59,2023-11-19 09:05:22
CONT2023007664,2023-11-11 17:10:04,
CONT2023007665,2023-11-16 00:02:20,2023-11-16 18:40:17
CONT2023007666,2023-11-09 14:32:38,2023-11-19 16:07:07
CONT2023007667,2023-11-07 12:27:50,2023-11-08 19:16:43
CONT2023007668,2023-11-13 13:18:28,2023-11-14 07:08:17
CONT2023007669,2023-11-16 21:25:43,2023-11-19 23:00:20
CONT2023007670,2023-11-14 23:30:28,2023-11-19 10:48:03
CONT2023007671,2023-11-08 00:51:52,2023-11-19 10:52:53
CONT2023007672,2023-11-07 17:16:46,2023-11-20 10:53:38
CONT2023007673,2023-11-10 01:14:57,2023-11-18 22:59:18
CONT2023007674,2023-11-09 10:52:42,
CONT2023007675,2023-11-06 21:18:58,2023-11-07 08:47:28
CONT2023007676,2023-11-14 13:59:51,2023-11-15 08:07:41
CONT2023007677,2023-11-14 05:46:56,2023-11-15 09:06:43
CONT2023007678,2023-11-16 13:04:52,2023-11-17 16:30:00
CONT2023007679,2023-11-12 16:41:12,
CONT2023007680,2023-11-11 11:57:57,
CONT2023007681,2023-11-07 15:11:09,2023-11-08 20:59:54
CONT2023007682,2023-11-08 22:50:44,2023-11-19 21:47:15
CONT2023007683,2023-11-12 12:55:57,
CONT2023007684,2023-11-12 07:32:08,2023-11-13 03:48:04
CONT2023007685,2023-11-16 00:01:19,2023-11-19 21:06:14
CONT2023007686,2023-11-16 02:29:32,
CONT2023007687,2023-11-11 03:34:29,2023-11-11 14:57:02
CONT2023007688,2023-11-11 10:36:31,
CONT2023007689,2023-11-12 00:19:41,2023-11-20 07:57:29
CONT2023007690,2023-11-12 10:00:08,2023-11-19 09:57:45
CONT2023007691,2023-11-14 15:36:13,
CONT2023007692,2023-11-10 13:10:25,2023-11-20 00:02:23
CONT2023007693,2023-11-12 12:46:55,2023-11-13 03:50:13
CONT2023007694,2023-11-09 09:19:50,
CONT2023007695,2023-11-08 02:57:02,2023-11-08 12:15:13
CONT2023007696,2023-11-16 12:01:27,2023-11-17 15:49:24
CONT2023007697,2023-11-14 16:21:09,2023-11-15 08:30:52
CONT2023007698,2023-11-11 00:54:09,2023-11-11 19:11:28
CONT2023007699,2023-11-15 14:50:53,
CONT2023007700,2023-11-17 01:34:30,2023-11-21 03:06:53
CONT2023007701,2023-11-16 21:32:17,2023-11-20 09:04:01
CONT2023007702,2023-11-07 08:17:36,2023-11-08 00:05:47
CONT2023007703,2023-11-10 20:14:45,2023-11-11 16:44:33
CONT2023007704,2023-11-16 21:57:45,
CONT2023007705,2023-11-16 19:18:41,2023-11-21 15:32:25
CONT2023007706,2023-11-14 16:20:51,
CONT2023007707,2023-11-14 02:57:42,2023-11-15 06:47:10
CONT2023007708,2023-11-09 14:37:09,2023-11-21 05:27:52
CONT2023007709,2023-11-12 00:21:04,2023-11-21 08:14:50
CONT2023007710,2023-11-14 04:07:00,2023-11-15 08:13:34
CONT2023007711,2023-11-11 10:21:13,
CONT2023007712,2023-11-08 15:43:44,
CONT2023007713,2023-11-13 19:39:18,2023-11-21 13:31:43
CONT2023007714,2023-11-14 23:51:43,2023-11-15 06:49:08
CONT2023007715,2023-11-17 21:40:56,2023-11-21 17:13:02
CONT2023007716,2023-11-17 08:50:27,2023-11-18 21:31:20
CONT2023007717,2023-11-18 03:12:11,
CONT2023007718,2023-11-18 08:45:02,2023-11-22 07:13:46
CONT2023007719,2023-11-15 05:20:52,2023-11-23 05:58:01
CONT2023007720,2023-11-19 02:13:53,2023-11-20 05:17:56
CONT2023007721,2023-11-10 01:25:54,
CONT2023007722,2023-11-15 22:06:33,
CONT2023007723,2023-11-12 22:51:41,2023-11-14 02:42:52
CONT2023007724,2023-11-17 08:16:09,2023-11-21 23:39:26
CONT2023007725,2023-11-18 02:20:43,2023-11-19 08:47:22
CONT2023007726,2023-11-15 21:50:39,2023-11-22 21:01:14
CONT2023007727,2023-11-14 19:47:50,2023-11-22 03:22:31
CONT2023007728,2023-11-09 13:28:12,2023-11-10 21:50:23
CONT2023007729,2023-11-14 11:50:11,2023-11-23 02:22:37
CONT2023007730,2023-11-16 10:20:07,
CONT2023007731,2023-11-18 18:39:10,2023-11-19 09:26:06
CONT2023007732,2023-11-16 15:20:35,2023-11-17 20:37:04
CONT2023007733,2023-11-14 07:56:58,2023-11-22 10:04:19
CONT2023007734,2023-11-15 08:39:04,2023-11-16 05:31:52
CONT2023007735,2023-11-14 10:11:30,2023-11-14 22:17:41
CONT2023007736,2023-11-12 11:17:24,2023-11-23 12:00:01
CONT2023007737,2023-11-15 05:28:03,2023-11-15 17:58:05
CONT2023007738,2023-11-12 11:15:56,2023-11-13 08:15:52
CONT2023007739,2023-11-16 03:08:30,2023-11-22 16:35:30
CONT2023007740,2023-11-17 15:03:48,
CONT2023007741,2023-11-15 11:13:46,2023-11-16 12:08:49
CONT2023007742,2023-11-16 00:50:35,2023-11-24 13:52:38
CONT2023007743,2023-11-16 02:28:38,
CONT2023007744,2023-11-10 17:32:36,
CONT2023007745,2023-11-20 12:53:50,2023-11-23 15:04:36
CONT2023007746,2023-11-11 03:19:18,2023-11-23 20:08:42
CONT2023007747,2023-11-16 12:51:00,2023-11-17 19:41:31
CONT2023007748,2023-11-11 01:02:23,2023-11-12 04:43:25
CONT2023007749,2023-11-14 10:15:49,2023-11-14 16:49:18
CONT2023007750,2023-11-21 07:24:40,2023-11-22 11:37:27
CONT2023007751,2023-11-17 06:18:42,
CONT2023007752,2023-11-13 16:09:11,
CONT2023007753,2023-11-15 16:25:25,2023-11-23 23:22:26
CONT2023007754,2023-11-15 19:30:34,2023-11-23 05:58:16
CONT2023007755,2023-11-17 10:34:04,2023-11-18 13:47:59
CONT2023007756,2023-11-11 23:57:44,
CONT2023007757,2023-11-19 23:38:20,2023-11-23 18:05:50
CONT2023007758,2023-11-18 02:04:51,
CONT2023007759,2023-11-19 05:59:42,2023-11-23 23:36:18
CONT2023007760,2023-11-15 12:58:54,2023-11-24 09:07:11
CONT2023007761,2023-11-19 17:59:29,
CONT2023007762,2023-11-16 03:32:20,2023-11-17 08:06:19
CONT2023007763,2023-11-13 01:32:30,
CONT2023007764,2023-11-21 12:45:10,
CONT2023007765,2023-11-17 10:52:00,2023-11-18 10:26:14
CONT2023007766,2023-11-17 15:13:25,
CONT2023007767,2023-11-12 03:31:19,2023-11-13 01:09:16
CONT2023007768,2023-11-19 20:28:18,2023-11-20 18:17:13
CONT2023007769,2023-11-12 22:37:39,2023-11-13 16:18:30
CONT2023007770,2023-11-16 22:58:00,2023-11-17 14:19:32
CONT2023007771,2023-11-15 01:22:17,
CONT2023007772,2023-11-20 13:55:35,
CONT2023007773,2023-11-16 15:40:36,
CONT2023007774,2023-11-15 17:57:18,2023-11-16 23:31:19
CONT2023007775,2023-11-18 10:03:46,2023-11-23 10:50:33
CONT2023007776,2023-11-20 04:36:29,2023-11-21 09:49:09
CONT2023007777,2023-11-19 17:23:50,2023-11-23 22:53:51
CONT2023007778,2023-11-10 17:05:43,2023-11-11 12:18:17
CONT2023007779,2023-11-12 03:34:21,2023-11-12 12:01:47
CONT2023007780,2023-11-15 08:06:02,
CONT2023007781,2023-11-16 19:03:53,
CONT2023007782,2023-11-19 14:54:50,2023-11-20 13:51:25
CONT2023007783,2023-11-19 06:14:31,2023-11-20 04:36:54
CONT2023007784,2023-11-16 04:21:19,2023-11-24 02:35:47
CONT2023007785,2023-11-16 12:00:14,2023-11-23 07:41:58
CONT2023007786,2023-11-21 04:52:35,2023-11-22 10:33:24
CONT2023007787,2023-11-11 08:04:45,2023-11-24 10:00:49
CONT2023007788,2023-11-18 06:41:29,2023-11-19 18:37:40
CONT2023007789,2023-11-14 19:05:59,
CONT2023007790,2023-11-20 16:15:50,2023-11-21 05:34:54
CONT2023007791,2023-11-13 12:48:41,2023-11-14 05:35:38
CONT2023007792,2023-11-13 21:09:11,2023-11-14 23:08:58
CONT2023007793,2023-11-15 14:06:18,2023-11-24 19:28:43
CONT2023007794,2023-11-11 14:39:46,2023-11-24 03:20:16
CONT2023007795,2023-11-21 11:09:22,
CONT2023007796,2023-11-14 18:13:03,2023-11-15 07:09:06
CONT2023007797,2023-11-18 13:28:43,2023-11-19 15:19:45
CONT2023007798,2023-11-19 13:36:21,2023-11-26 04:03:20
CONT2023007799,2023-11-21 21:36:32,2023-11-22 16:52:50
CONT2023007800,2023-11-20 20:56:19,2023-11-25 23:45:42
CONT2023007801,2023-11-13 17:14:44,2023-11-14 19:07:36
CONT2023007802,2023-11-22 06:44:57,
CONT2023007803,2023-11-17 22:33:49,2023-11-18 07:53:48
CONT2023007804,2023-11-18 19:50:32,2023-11-19 18:06:47
CONT2023007805,2023-11-15 19:31:50,2023-11-26 19:43:42
CONT2023007806,2023-11-15 01:04:54,2023-11-25 23:17:04
CONT2023007807,2023-11-17 12:37:15,
CONT2023007808,2023-11-16 05:46:32,2023-11-26 13:57:00
CONT2023007809,2023-11-22 20:03:52,2023-11-23 16:38:35
CONT2023007810,2023-11-19 17:22:44,2023-11-20 21:35:20
CONT2023007811,2023-11-20 23:50:35,2023-11-26 06:13:20
CONT2023007812,2023-11-19 14:39:20,2023-11-20 02:53:35
CONT2023007813,2023-11-23 02:23:15,2023-11-23 21:40:35
CONT2023007814,2023-11-14 16:04:31,2023-11-15 20:41:17
CONT2023007815,2023-11-13 15:40:57,
CONT2023007816,2023-11-17 07:10:26,2023-11-26 19:17:50
CONT2023007817,2023-11-14 07:31:14,2023-11-15 06:56:56
CONT2023007818,2023-11-15 21:07:14,2023-11-25 22:48:18
CONT2023007819,2023-11-17 17:34:58,2023-11-18 08:20:33
CONT2023007820,2023-11-13 20:58:15,2023-11-14 04:22:19
CONT2023007821,2023-11-12 16:17:14,2023-11-26 21:40:32
CONT2023007822,2023-11-17 01:24:14,2023-11-25 23:54:42
CONT2023007823,2023-11-14 01:23:49,2023-11-15 06:58:36
CONT2023007824,2023-11-13 10:37:42,2023-11-14 19:50:09
CONT2023007825,2023-11-18 09:57:16,2023-11-19 06:59:43
CONT2023007826,2023-11-21 05:38:04,2023-11-26 11:28:59
CONT2023007827,2023-11-18 06:58:32,2023-11-26 02:56:30
CONT2023007828,2023-11-14 02:19:43,
CONT2023007829,2023-11-17 07:22:00,2023-11-26 08:34:26
CONT2023007830,2023-11-20 20:08:22,
CONT2023007831,2023-11-19 01:38:49,
CONT2023007832,2023-11-18 20:32:15,2023-11-27 02:42:18
CONT2023007833,2023-11-20 16:53:03,2023-11-21 10:14:00
CONT2023007834,2023-11-22 12:43:11,2023-11-26 08:37:35
CONT2023007835,2023-11-16 06:18:50,2023-11-16 23:24:23
CONT2023007836,2023-11-19 23:43:22,2023-11-27 04:12:32
CONT2023007837,2023-11-13 09:45:23,2023-11-26 01:14:13
CONT2023007838,2023-11-18 18:59:16,2023-11-19 15:41:18
CONT2023007839,2023-11-14 08:09:33,2023-11-26 11:13:02
CONT2023007840,2023-11-13 11:26:14,2023-11-14 05:04:06
CONT2023007841,2023-11-13 19:10:17,2023-11-27 17:38:52
CONT2023007842,2023-11-17 07:41:47,2023-11-25 23:52:55
CONT2023007843,2023-11-15 16:26:10,2023-11-16 07:20:37
CONT2023007844,2023-11-19 11:07:51,
CONT2023007845,2023-11-16 20:27:18,2023-11-18 01:54:45
CONT2023007846,2023-11-23 15:22:52,2023-11-24 09:04:41
CONT2023007847,2023-11-21 17:23:22,2023-11-23 00:57:12
CONT2023007848,2023-11-18 05:04:14,
CONT2023007849,2023-11-14 14:31:14,2023-11-26 23:01:42
CONT2023007850,2023-11-19 09:40:06,2023-11-26 22:49:12
CONT2023007851,2023-11-13 15:51:45,2023-11-27 01:53:55
CONT2023007852,2023-11-19 01:39:02,2023-11-26 14:45:50
CONT2023007853,2023-11-15 14:03:23,2023-11-16 01:30:19
CONT2023007854,2023-11-19 08:10:08,2023-11-19 20:10:09
CONT2023007855,2023-11-15 15:33:01,2023-11-26 23:50:36
CONT2023007856,2023-11-18 19:29:15,2023-11-27 08:37:09
CONT2023007857,2023-11-14 15:57:27,2023-11-26 05:58:15
CONT2023007858,2023-11-18 15:58:59,2023-11-19 18:10:36
CONT2023007859,2023-11-16 02:47:39,2023-11-16 23:06:21
CONT2023007860,2023-11-22 02:20:06,2023-11-27 03:49:17
CONT2023007861,2023-11-15 20:03:28,2023-11-27 15:43:06
CONT2023007862,2023-11-15 08:30:50,2023-11-26 18:05:56
CONT2023007863,2023-11-13 11:46:30,2023-11-28 06:27:54
CONT2023007864,2023-11-14 03:01:46,2023-11-15 05:04:51
CONT2023007865,2023-11-17 15:27:02,2023-11-27 08:36:54
CONT2023007866,2023-11-21 03:54:38,2023-11-22 00:33:58
CONT2023007867,2023-11-22 16:42:02,
CONT2023007868,2023-11-18 20:09:07,2023-11-27 16:04:40
CONT2023007869,2023-11-17 22:21:16,
CONT2023007870,2023-11-14 09:45:07,2023-11-27 04:39:13
CONT2023007871,2023-11-18 17:42:33,2023-11-20 04:13:54
CONT2023007872,2023-11-20 01:53:26,2023-11-27 22:16:06
CONT2023007873,2023-11-19 13:12:44,
CONT2023007874,2023-11-20 21:44:00,2023-11-27 16:59:15
CONT2023007875,2023-11-15 13:24:05,2023-11-26 14:49:43
CONT2023007876,2023-11-18 05:39:01,2023-11-18 17:14:46
CONT2023007877,2023-11-17 13:04:08,2023-11-18 14:51:25
CONT2023007878,2023-11-24 00:54:53,2023-11-24 15:16:49
CONT2023007879,2023-11-15 17:04:43,2023-11-27 07:12:19
CONT2023007880,2023-11-21 22:40:34,2023-11-27 12:33:25
CONT2023007881,2023-11-18 20:21:39,2023-11-27 15:20:20
CONT2023007882,2023-11-18 12:44:13,
CONT2023007883,2023-11-23 05:05:51,2023-11-27 17:03:11
CONT2023007884,2023-11-16 03:53:12,2023-11-27 13:18:28
CONT2023007885,2023-11-21 02:34:13,
CONT2023007886,2023-11-15 01:11:33,2023-11-16 04:21:41
CONT2023007887,2023-11-17 06:14:03,2023-11-27 19:43:06
CONT2023007888,2023-11-24 01:59:59,
CONT2023007889,2023-11-13 23:40:58,
CONT2023007890,2023-11-23 13:22:48,2023-11-24 23:46:52
CONT2023007891,2023-11-20 11:08:01,
CONT2023007892,2023-11-19 07:26:36,
CONT2023007893,2023-11-14 23:39:40,2023-11-26 20:37:28
CONT2023007894,2023-11-16 08:50:48,
CONT2023007895,2023-11-23 22:05:07,2023-11-24 20:23:18
CONT2023007896,2023-11-16 14:28:48,2023-11-17 02:05:55
CONT2023007897,2023-11-23 17:15:06,2023-11-24 14:57:36
CONT2023007898,2023-11-14 16:34:36,2023-11-15 08:14:33
CONT2023007899,2023-11-21 19:45:11,2023-11-22 14:29:10
CONT2023007900,2023-11-16 05:05:18,2023-11-28 05:35:51
CONT2023007901,2023-11-18 02:21:03,2023-11-27 19:12:26
CONT2023007902,2023-11-17 03:51:28,2023-11-27 16:41:06
CONT2023007903,2023-11-14 08:45:43,2023-11-15 10:43:19
CONT2023007904,2023-11-24 13:22:20,
CONT2023007905,2023-11-24 10:46:28,2023-11-25 08:06:23
CONT2023007906,2023-11-23 12:35:34,2023-11-24 04:15:29
CONT2023007907,2023-11-20 14:54:37,2023-11-27 04:36:05
CONT2023007908,2023-11-21 11:15:51,2023-11-27 16:23:06
CONT2023007909,2023-11-21 01:50:38,2023-11-22 14:07:03
CONT2023007910,2023-11-21 01:10:36,2023-11-27 22:57:53
CONT2023007911,2023-11-22 09:51:00,2023-11-23 09:00:50
CONT2023007912,2023-11-14 00:56:16,
CONT2023007913,2023-11-23 18:25:52,2023-11-24 18:18:02
CONT2023007914,2023-11-20 10:52:58,2023-11-21 11:44:12
CONT2023007915,2023-11-18 11:50:47,2023-11-19 00:17:21
CONT2023007916,2023-11-18 15:23:37,2023-11-19 04:52:22
CONT2023007917,2023-11-19 19:45:09,2023-11-29 13:37:15
CONT2023007918,2023-11-16 03:50:45,2023-11-29 01:55:41
CONT2023007919,2023-11-20 21:04:40,2023-11-30 03:52:31
CONT2023007920,2023-11-17 10:23:26,2023-11-18 03:26:01
CONT2023007921,2023-11-16 16:37:59,2023-11-17 17:56:07
CONT2023007922,2023-11-23 17:03:22,2023-11-29 10:50:40
CONT2023007923,2023-11-16 04:42:56,2023-11-16 21:34:00
CONT2023007924,2023-11-25 03:14:25,2023-11-29 23:20:58
CONT2023007925,2023-11-22 17:55:09,2023-11-23 19:09:04
CONT2023007926,2023-11-16 00:15:46,2023-11-16 07:14:36
CONT2023007927,2023-11-18 11:35:34,2023-11-19 09:32:48
CONT2023007928,2023-11-26 17:27:15,2023-11-29 17:48:10
CONT2023007929,2023-11-19 04:01:30,
CONT2023007930,2023-11-22 13:17:18,2023-11-30 05:05:25
CONT2023007931,2023-11-26 17:22:57,2023-11-29 01:58:16
CONT2023007932,2023-11-25 14:16:07,2023-11-26 00:57:29
CONT2023007933,2023-11-17 10:48:13,
CONT2023007934,2023-11-18 08:23:38,
CONT2023007935,2023-11-22 19:29:42,2023-11-29 15:54:40
CONT2023007936,2023-11-22 15:48:28,2023-11-23 08:48:44
CONT2023007937,2023-11-25 10:05:55,2023-12-02 00:40:58
CONT2023007938,2023-11-26 20:02:42,2023-12-03 03:31:31
CONT2023007939,2023-11-29 03:35:02,2023-11-30 01:30:53
CONT2023007940,2023-11-28 17:23:05,
CONT2023007941,2023-11-20 00:09:40,2023-11-20 10:27:46
CONT2023007942,2023-11-21 19:17:51,
CONT2023007943,2023-11-28 20:36:04,2023-11-29 19:03:05
CONT2023007944,2023-11-29 20:30:57,
CONT2023007945,2023-11-20 16:52:41,2023-12-03 00:52:08
CONT2023007946,2023-11-19 13:07:29,2023-12-02 17:44:01
CONT2023007947,2023-11-25 08:05:02,2023-12-02 21:13:03
CONT2023007948,2023-11-27 15:21:55,2023-11-29 05:01:06
CONT2023007949,2023-11-23 02:47:25,2023-11-23 22:00:54
CONT2023007950,2023-11-28 08:53:23,2023-12-03 06:34:34
CONT2023007951,2023-11-21 03:53:22,
CONT2023007952,2023-11-27 20:58:59,2023-12-04 04:30:54
CONT2023007953,2023-11-29 02:30:37,2023-12-03 18:02:42
CONT2023007954,2023-11-30 07:05:55,2023-12-04 19:22:30
CONT2023007955,2023-11-28 00:11:15,
CONT2023007956,2023-11-25 18:12:43,2023-12-03 18:10:57
CONT2023007957,2023-11-25 05:12:34,2023-12-03 16:37:56
CONT2023007958,2023-11-22 21:28:31,
CONT2023007959,2023-11-20 18:20:48,2023-12-04 02:21:17
CONT2023007960,2023-11-30 06:54:41,2023-12-01 05:39:29
CONT2023007961,2023-11-24 10:44:36,2023-12-03 15:55:23
CONT2023007962,2023-11-21 04:08:33,2023-11-22 06:41:01
CONT2023007963,2023-11-22 13:13:09,
CONT2023007964,2023-11-30 15:34:02,2023-12-04 11:03:18
CONT2023007965,2023-11-20 21:09:44,2023-12-03 19:05:54
CONT2023007966,2023-11-22 02:08:32,2023-12-03 22:35:22
CONT2023007967,2023-11-20 13:57:12,2023-12-03 22:23:44
CONT2023007968,2023-11-28 12:38:34,2023-11-29 06:42:35
CONT2023007969,2023-11-24 03:48:20,2023-11-24 15:54:24
CONT2023007970,2023-11-28 19:42:38,2023-11-29 02:41:50
CONT2023007971,2023-11-22 06:36:03,2023-12-05 11:37:58
CONT2023007972,2023-11-24 19:21:09,2023-12-04 15:58:51
CONT2023007973,2023-11-28 16:42:08,2023-12-04 19:17:33
CONT2023007974,2023-12-01 03:49:41,2023-12-01 20:59:17
CONT2023007975,2023-11-30 12:41:56,2023-12-04 17:55:47
CONT2023007976,2023-11-26 11:01:25,2023-12-06 04:41:09
CONT2023007977,2023-11-25 21:24:11,2023-12-05 17:04:24
CONT2023007978,2023-11-25 02:57:58,2023-12-04 22:47:17
CONT2023007979,2023-12-02 10:15:35,2023-12-05 08:59:37
CONT2023007980,2023-11-22 08:51:38,2023-12-05 06:26:07
CONT2023007981,2023-11-21 21:01:18,2023-12-05 18:33:05
CONT2023007982,2023-11-26 18:47:13,2023-12-06 03:40:30
CONT2023007983,2023-12-03 03:16:22,2023-12-08 02:06:25
CONT2023007984,2023-12-01 07:35:16,2023-12-08 05:39:58
CONT2023007985,2023-11-30 15:28:57,
CONT2023007986,2023-12-01 19:33:56,2023-12-07 19:46:35
CONT2023007987,2023-11-29 12:55:03,2023-12-08 00:46:39
CONT2023007988,2023-12-04 08:05:27,2023-12-04 20:30:41
CONT2023007989,2023-11-30 21:58:01,2023-12-02 00:29:00
CONT2023007990,2023-12-02 04:43:16,2023-12-03 03:08:14
CONT2023007991,2023-11-28 12:22:37,2023-12-07 05:36:09
CONT2023007992,2023-12-05 03:02:06,2023-12-06 12:07:17
CONT2023007993,2023-12-04 23:24:42,2023-12-06 02:20:36
CONT2023007994,2023-11-30 20:24:02,
CONT2023007995,2023-11-24 10:10:29,
CONT2023007996,2023-11-27 08:37:39,2023-12-07 19:19:05
CONT2023007997,2023-11-30 03:48:19,2023-12-08 14:56:24
CONT2023007998,2023-12-02 14:00:36,2023-12-03 04:35:05
CONT2023007999,2023-11-28 02:29:55,2023-11-29 01:57:48
CONT2023008000,2023-12-04 22:14:01,2023-12-08 03:03:52
CONT2023008001,2023-12-04 09:46:41,2023-12-05 00:02:21
CONT2023008002,2023-11-26 18:44:14,2023-11-27 11:39:52
CONT2023008003,2023-11-28 11:08:02,2023-11-28 20:53:33
CONT2023008004,2023-11-27 16:01:37,2023-12-08 05:28:13
CONT2023008005,2023-11-26 17:01:13,2023-11-27 23:16:38
CONT2023008006,2023-11-30 17:49:51,
CONT2023008007,2023-11-26 18:40:55,2023-11-28 02:39:58
CONT2023008008,2023-11-30 22:58:04,2023-12-08 11:20:08
CONT2023008009,2023-11-27 21:01:01,
CONT2023008010,2023-11-28 01:00:42,2023-11-28 10:32:26
CONT2023008011,2023-11-30 09:54:53,2023-12-07 21:43:39
CONT2023008012,2023-11-26 20:37:59,2023-11-28 01:43:28
CONT2023008013,2023-11-28 13:10:50,2023-12-07 17:06:14
CONT2023008014,2023-11-28 00:54:43,2023-12-08 08:27:25
CONT2023008015,2023-11-29 14:10:52,2023-12-07 22:25:20
CONT2023008016,2023-11-30 13:45:22,
CONT2023008017,2023-11-25 00:18:58,2023-11-25 13:48:08
CONT2023008018,2023-11-29 04:22:15,2023-12-08 13:23:17
CONT2023008019,2023-12-02 00:27:33,2023-12-07 19:39:25
CONT2023008020,2023-12-01 14:18:46,2023-12-02 23:45:46
CONT2023008021,2023-11-24 21:18:46,2023-12-08 09:35:59
CONT2023008022,2023-12-02 02:58:01,
CONT2023008023,2023-12-04 03:59:34,2023-12-08 10:25:52
CONT2023008024,2023-12-01 06:01:16,2023-12-01 10:01:16
CONT2023008025,2023-12-04 06:27:07,2023-12-05 12:35:58
CONT2023008026,2023-11-25 02:53:24,2023-11-25 15:57:41
CONT2023008027,2023-12-04 00:49:37,
CONT2023008028,2023-12-02 11:38:12,2023-12-08 16:40:13
CONT2023008029,2023-11-29 23:31:29,2023-11-30 22:33:49
CONT2023008030,2023-12-06 05:23:51,2023-12-06 12:57:54
CONT2023008031,2023-11-27 16:54:51,2023-12-09 16:44:29
CONT2023008032,2023-11-29 12:13:48,2023-12-08 19:16:09
CONT2023008033,2023-11-26 02:43:13,
CONT2023008034,2023-12-03 18:39:53,2023-12-04 04:56:03
CONT2023008035,2023-11-28 02:22:22,
CONT2023008036,2023-12-04 17:34:29,
CONT2023008037,2023-11-26 08:56:41,2023-12-09 23:35:21
CONT2023008038,2023-11-29 16:03:04,
CONT2023008039,2023-12-06 05:10:38,2023-12-09 02:14:07
CONT2023008040,2023-11-27 00:23:25,2023-12-10 14:00:26
CONT2023008041,2023-11-30 19:39:27,2023-12-09 21:24:08
CONT2023008042,2023-11-28 22:09:28,2023-12-09 08:11:24
CONT2023008043,2023-11-26 18:27:51,2023-12-09 13:04:53
CONT2023008044,2023-11-27 03:04:46,2023-11-27 22:32:12
CONT2023008045,2023-12-04 18:28:03,2023-12-05 05:31:17
CONT2023008046,2023-11-29 19:39:57,2023-11-30 13:40:54
CONT2023008047,2023-12-05 12:49:20,2023-12-06 19:08:47
CONT2023008048,2023-11-27 02:22:39,2023-12-08 18:25:01
CONT2023008049,2023-12-01 08:30:06,2023-12-09 18:42:10
CONT2023008050,2023-12-01 13:13:43,2023-12-09 23:26:34
CONT2023008051,2023-12-02 15:31:42,2023-12-10 08:04:08
CONT2023008052,2023-12-05 07:09:33,
CONT2023008053,2023-11-30 04:31:14,
CONT2023008054,2023-11-28 10:12:11,2023-12-09 22:54:47
CONT2023008055,2023-12-04 02:42:30,
CONT2023008056,2023-11-26 12:06:05,
CONT2023008057,2023-11-26 09:48:42,2023-11-27 05:00:03
CONT2023008058,2023-11-30 03:47:39,2023-12-09 18:06:37
CONT2023008059,2023-11-28 14:02:42,2023-12-09 18:32:44
CONT2023008060,2023-12-03 12:21:01,2023-12-04 21:55:18
CONT2023008061,2023-12-04 21:16:23,2023-12-06 02:53:53
CONT2023008062,2023-11-28 13:21:04,
CONT2023008063,2023-12-06 10:25:19,2023-12-07 14:04:12
CONT2023008064,2023-12-04 04:55:49,
CONT2023008065,2023-12-06 08:13:51,2023-12-09 20:16:53
CONT2023008066,2023-12-05 21:16:15,2023-12-09 19:34:22
CONT2023008067,2023-12-07 03:02:23,
CONT2023008068,2023-11-28 21:28:35,2023-12-10 04:12:00
CONT2023008069,2023-11-26 11:36:11,2023-11-26 15:36:11
CONT2023008070,2023-12-02 11:01:45,2023-12-10 09:49:06
CONT2023008071,2023-11-27 00:01:56,2023-11-28 00:03:53
CONT2023008072,2023-12-03 10:53:45,2023-12-10 17:42:46
CONT2023008073,2023-12-01 09:40:06,2023-12-10 12:05:17
CONT2023008074,2023-11-29 17:06:01,2023-12-09 18:46:39
CONT2023008075,2023-11-30 13:57:39,2023-12-01 17:37:05
CONT2023008076,2023-12-02 18:29:10,2023-12-03 07:49:00
CONT2023008077,2023-12-04 01:37:47,2023-12-04 11:08:37
CONT2023008078,2023-11-26 14:26:49,2023-12-10 06:47:14
CONT2023008079,2023-11-27 15:52:52,2023-12-09 17:14:34
CONT2023008080,2023-12-04 09:30:40,
CONT2023008081,2023-12-02 11:50:31,2023-12-03 04:35:10
CONT2023008082,2023-12-05 03:36:33,2023-12-10 10:01:33
CONT2023008083,2023-12-06 02:36:31,2023-12-09 21:53:31
CONT2023008084,2023-11-29 09:37:28,2023-12-10 16:17:02
CONT2023008085,2023-11-27 08:16:09,2023-11-27 23:16:10
CONT2023008086,2023-12-01 18:18:39,2023-12-10 08:04:14
CONT2023008087,2023-12-06 07:30:24,
CONT2023008088,2023-12-02 14:45:37,2023-12-03 13:18:52
CONT2023008089,2023-12-03 00:04:58,2023-12-10 04:04:31
CONT2023008090,2023-12-04 00:55:57,2023-12-04 19:46:00
CONT2023008091,2023-12-03 04:56:29,2023-12-04 00:34:29
CONT2023008092,2023-11-27 04:31:00,
CONT2023008093,2023-11-27 22:37:42,2023-11-28 14:14:54
CONT2023008094,2023-12-03 06:30:28,2023-12-11 10:59:27
CONT2023008095,2023-12-02 20:53:10,
CONT2023008096,2023-12-02 05:00:43,
CONT2023008097,2023-12-01 14:10:00,
CONT2023008098,2023-12-05 08:43:05,2023-12-10 13:04:01
CONT2023008099,2023-12-01 18:31:08,2023-12-11 14:59:27
CONT2023008100,2023-12-01 23:00:35,2023-12-03 00:37:40
CONT2023008101,2023-12-04 21:24:51,2023-12-05 10:17:09
CONT2023008102,2023-11-27 12:53:55,2023-11-28 14:08:32
CONT2023008103,2023-12-03 00:38:31,2023-12-03 12:55:14
CONT2023008104,2023-11-29 22:25:10,2023-12-10 19:32:13
CONT2023008105,2023-12-06 14:43:29,2023-12-07 20:30:26
CONT2023008106,2023-12-02 21:20:06,2023-12-03 13:52:55
CONT2023008107,2023-12-02 04:33:03,2023-12-10 23:53:17
CONT2023008108,2023-11-29 06:24:32,2023-12-11 12:43:47
CONT2023008109,2023-11-28 11:17:20,2023-12-11 05:08:00
CONT2023008110,2023-11-28 07:51:57,2023-12-11 22:35:59
CONT2023008111,2023-11-29 18:24:59,2023-11-30 23:59:07
CONT2023008112,2023-11-30 14:05:37,2023-12-01 08:48:48
CONT2023008113,2023-12-07 05:14:32,2023-12-08 14:09:11
CONT2023008114,2023-12-02 16:41:33,2023-12-03 12:21:39
CONT2023008115,2023-11-27 21:31:02,2023-11-28 18:11:05
CONT2023008116,2023-12-03 16:10:41,2023-12-10 19:30:37
CONT2023008117,2023-12-01 01:42:00,2023-12-11 02:44:14
CONT2023008118,2023-12-03 13:34:53,2023-12-04 06:27:53
CONT2023008119,2023-11-29 06:56:31,2023-11-30 07:33:02
CONT2023008120,2023-12-05 22:24:57,2023-12-06 15:15:42
CONT2023008121,2023-12-03 07:14:59,2023-12-04 06:14:51
CONT2023008122,2023-12-06 04:42:14,2023-12-10 18:39:19
CONT2023008123,2023-12-07 08:38:44,2023-12-07 21:11:22
CONT2023008124,2023-11-30 07:40:09,2023-12-11 07:16:04
CONT2023008125,2023-11-30 01:18:05,2023-12-10 08:33:48
CONT2023008126,2023-12-03 12:12:38,
CONT2023008127,2023-12-07 09:51:19,2023-12-11 06:58:47
CONT2023008128,2023-12-01 19:54:25,2023-12-11 14:44:48
CONT2023008129,2023-12-08 16:52:06,2023-12-11 07:13:51
CONT2023008130,2023-12-03 23:33:43,2023-12-11 14:31:59
CONT2023008131,2023-12-04 20:24:03,2023-12-12 04:29:03
CONT2023008132,2023-11-30 12:32:44,2023-12-01 07:13:47
CONT2023008133,2023-12-07 14:02:36,2023-12-11 00:53:30
CONT2023008134,2023-11-30 17:12:39,2023-12-12 04:26:43
CONT2023008135,2023-12-06 15:06:31,2023-12-11 21:30:34
CONT2023008136,2023-12-05 09:58:12,2023-12-05 21:31:00
CONT2023008137,2023-12-06 21:31:08,2023-12-07 21:42:15
CONT2023008138,2023-12-02 02:33:41,2023-12-11 18:38:38
CONT2023008139,2023-12-04 20:55:41,2023-12-05 19:32:24
CONT2023008140,2023-12-04 02:54:50,2023-12-11 07:39:53
CONT2023008141,2023-12-01 20:03:47,2023-12-02 20:13:21
CONT2023008142,2023-12-01 04:55:31,
CONT2023008143,2023-11-29 10:08:58,
CONT2023008144,2023-12-05 16:37:52,2023-12-06 22:43:47
CONT2023008145,2023-11-28 11:59:27,2023-12-11 09:50:18
CONT2023008146,2023-12-04 16:44:52,2023-12-05 21:18:21
CONT2023008147,2023-11-29 06:57:15,2023-11-30 13:17:00
CONT2023008148,2023-12-08 02:06:55,2023-12-11 17:56:31
CONT2023008149,2023-11-30 00:49:49,2023-12-12 09:14:51
CONT2023008150,2023-12-02 16:52:14,
CONT2023008151,2023-11-30 07:27:28,2023-12-01 01:23:12
CONT2023008152,2023-11-30 17:11:25,2023-12-01 12:57:09
CONT2023008153,2023-12-03 23:52:30,2023-12-12 05:00:12
CONT2023008154,2023-12-05 02:40:06,
CONT2023008155,2023-11-29 00:21:10,2023-11-29 15:30:26
CONT2023008156,2023-12-01 00:31:09,2023-12-11 07:04:12
CONT2023008157,2023-12-07 11:30:34,2023-12-12 07:47:54
CONT2023008158,2023-11-28 18:40:54,2023-11-29 09:14:52
CONT2023008159,2023-11-29 14:24:03,2023-12-11 22:22:47
CONT2023008160,2023-12-01 04:39:25,2023-12-02 05:20:07
CONT2023008161,2023-12-01 20:17:52,2023-12-11 15:48:36
CONT2023008162,2023-11-29 20:09:37,2023-11-30 14:56:09
CONT2023008163,2023-11-30 02:47:27,2023-12-12 06:04:00
CONT2023008164,2023-11-29 08:26:25,2023-11-30 09:33:00
CONT2023008165,2023-12-05 09:53:15,
CONT2023008166,2023-12-05 13:46:43,2023-12-06 13:22:00
CONT2023008167,2023-11-30 19:06:19,
CONT2023008168,2023-11-29 13:44:13,2023-11-30 06:46:37
CONT2023008169,2023-12-05 00:54:48,2023-12-12 01:21:10
CONT2023008170,2023-12-03 09:45:22,2023-12-12 09:56:41
CONT2023008171,2023-12-08 13:45:11,2023-12-13 11:55:01
CONT2023008172,2023-12-05 08:14:03,2023-12-12 23:21:50
CONT2023008173,2023-12-02 19:26:35,2023-12-13 03:21:24
CONT2023008174,2023-12-05 14:58:05,2023-12-13 00:17:41
CONT2023008175,2023-12-10 04:18:51,2023-12-12 19:23:47
CONT2023008176,2023-12-05 23:44:07,
CONT2023008177,2023-12-01 09:14:18,2023-12-02 09:23:29
CONT2023008178,2023-12-07 04:40:43,2023-12-13 07:33:25
CONT2023008179,2023-12-06 06:46:47,2023-12-07 06:37:24
CONT2023008180,2023-11-29 19:21:08,2023-11-30 18:20:44
CONT2023008181,2023-12-09 00:34:30,2023-12-09 11:20:55
CONT2023008182,2023-12-08 05:15:43,2023-12-08 18:07:49
CONT2023008183,2023-12-06 08:36:00,2023-12-13 01:20:27
CONT2023008184,2023-12-03 20:10:02,2023-12-04 10:52:01
CONT2023008185,2023-12-05 08:29:10,2023-12-13 09:04:48
CONT2023008186,2023-12-09 06:20:44,2023-12-09 22:48:12
CONT2023008187,2023-12-07 22:55:39,2023-12-08 15:50:41
CONT2023008188,2023-11-30 19:28:59,2023-12-01 17:58:47
CONT2023008189,2023-12-04 17:02:09,
CONT2023008190,2023-11-30 21:24:39,2023-12-02 01:29:50
CONT2023008191,2023-12-09 08:02:27,2023-12-13 13:05:56
CONT2023008192,2023-12-07 05:15:29,2023-12-14 01:17:54
CONT2023008193,2023-12-09 22:19:07,2023-12-13 20:16:30
CONT2023008194,2023-11-29 23:44:28,2023-12-01 11:04:55
CONT2023008195,2023-12-01 02:58:12,2023-12-13 19:00:39
CONT2023008196,2023-12-04 22:24:02,
CONT2023008197,2023-12-07 13:51:07,2023-12-12 21:44:48
CONT2023008198,2023-12-10 15:31:31,2023-12-13 18:17:21
CONT2023008199,2023-12-08 15:17:46,2023-12-13 22:27:51
CONT2023008200,2023-11-29 18:56:57,
CONT2023008201,2023-12-04 13:08:02,
CONT2023008202,2023-11-29 23:53:58,
CONT2023008203,2023-12-07 11:02:06,2023-12-08 04:33:43
CONT2023008204,2023-12-04 05:23:18,2023-12-13 01:56:29
CONT2023008205,2023-12-09 22:51:37,2023-12-10 23:40:51
CONT2023008206,2023-12-06 12:23:01,2023-12-07 03:51:49
CONT2023008207,2023-12-07 19:42:56,2023-12-13 04:11:55
CONT2023008208,2023-12-08 15:32:29,
CONT2023008209,2023-12-08 14:37:31,2023-12-13 03:40:40
CONT2023008210,2023-11-30 18:13:28,2023-12-13 00:34:29
CONT2023008211,2023-12-02 14:10:41,2023-12-13 04:56:11
CONT2023008212,2023-12-07 07:45:01,
CONT2023008213,2023-12-06 21:35:57,2023-12-07 07:41:20
CONT2023008214,2023-12-08 19:43:52,2023-12-09 17:09:27
CONT2023008215,2023-12-09 14:05:32,2023-12-13 17:19:50
CONT2023008216,2023-11-30 02:20:34,2023-11-30 18:35:46
CONT2023008217,2023-11-29 23:36:38,
CONT2023008218,2023-11-30 09:22:31,2023-12-01 02:55:19
CONT2023008219,2023-11-30 13:21:35,2023-12-14 10:49:41
CONT2023008220,2023-11-30 23:40:45,2023-12-01 14:44:49
CONT2023008221,2023-12-03 18:48:44,2023-12-14 06:19:16
CONT2023008222,2023-12-02 09:23:37,
CONT2023008223,2023-12-08 03:25:37,2023-12-08 19:24:22
CONT2023008224,2023-12-11 08:59:42,2023-12-14 22:32:14
CONT2023008225,2023-12-11 10:51:09,2023-12-11 21:24:02
CONT2023008226,2023-12-02 10:55:09,
CONT2023008227,2023-12-07 06:39:21,2023-12-07 19:31:07
CONT2023008228,2023-12-01 11:11:59,2023-12-02 15:21:35
CONT2023008229,2023-12-08 12:56:51,2023-12-14 13:16:19
CONT2023008230,2023-12-06 10:18:20,2023-12-07 22:26:44
CONT2023008231,2023-12-08 00:39:29,
CONT2023008232,2023-12-09 12:02:57,2023-12-13 21:36:15
CONT2023008233,2023-12-05 03:45:49,2023-12-14 08:07:43
CONT2023008234,2023-12-02 07:24:47,2023-12-14 06:02:30
CONT2023008235,2023-12-10 16:21:56,2023-12-11 01:50:25
CONT2023008236,2023-12-02 02:22:09,2023-12-14 05:33:10
CONT2023008237,2023-12-11 16:30:33,2023-12-12 12:11:30
CONT2023008238,2023-12-06 20:24:31,2023-12-07 11:26:42
CONT2023008239,2023-12-07 16:45:17,2023-12-15 22:15:36
CONT2023008240,2023-12-02 11:23:58,
CONT2023008241,2023-12-03 13:08:33,2023-12-14 05:33:28
CONT2023008242,2023-12-06 05:26:48,2023-12-14 09:06:23
CONT2023008243,2023-12-12 05:50:47,2023-12-14 22:46:57
CONT2023008244,2023-12-06 16:42:03,
CONT2023008245,2023-12-06 17:00:13,2023-12-07 00:16:54
CONT2023008246,2023-12-03 12:11:22,2023-12-04 13:00:03
CONT2023008247,2023-12-06 22:41:20,2023-12-08 03:35:41
CONT2023008248,2023-12-06 06:56:54,2023-12-06 18:02:10
CONT2023008249,2023-12-11 12:52:18,
CONT2023008250,2023-12-01 10:47:09,
CONT2023008251,2023-12-10 19:51:41,2023-12-12 03:31:31
CONT2023008252,2023-12-07 00:20:53,2023-12-14 12:43:33
CONT2023008253,2023-12-02 11:12:32,2023-12-14 22:08:03
CONT2023008254,2023-12-11 12:48:32,2023-12-12 17:04:46
CONT2023008255,2023-12-07 03:38:01,2023-12-15 19:27:22
CONT2023008256,2023-12-07 13:35:21,2023-12-14 17:47:11
CONT2023008257,2023-12-03 11:22:52,2023-12-04 02:14:19
CONT2023008258,2023-12-04 12:38:41,2023-12-05 09:52:43
CONT2023008259,2023-12-10 05:37:58,2023-12-11 02:48:16
CONT2023008260,2023-12-11 22:58:05,2023-12-15 00:50:40
CONT2023008261,2023-12-04 09:33:27,2023-12-05 04:22:49
CONT2023008262,2023-12-12 01:41:32,2023-12-13 05:19:06
CONT2023008263,2023-12-06 16:25:56,
CONT2023008264,2023-12-07 21:19:16,2023-12-15 12:29:33
CONT2023008265,2023-12-12 12:18:36,2023-12-15 04:40:05
CONT2023008266,2023-12-02 12:35:17,2023-12-15 10:55:41
CONT2023008267,2023-12-03 19:33:39,2023-12-15 15:42:45
CONT2023008268,2023-12-07 17:55:35,2023-12-08 07:33:38
CONT2023008269,2023-12-04 00:37:16,
CONT2023008270,2023-12-11 18:21:13,2023-12-16 12:08:10
CONT2023008271,2023-12-03 10:44:59,2023-12-16 19:09:54
CONT2023008272,2023-12-08 19:41:25,2023-12-15 12:05:48
CONT2023008273,2023-12-10 07:11:01,2023-12-15 12:22:06
CONT2023008274,2023-12-05 16:49:25,
CONT2023008275,2023-12-02 23:09:34,2023-12-16 14:44:14
CONT2023008276,2023-12-08 20:14:57,2023-12-10 02:02:49
CONT2023008277,2023-12-03 07:43:59,2023-12-03 17:19:14
CONT2023008278,2023-12-02 16:53:59,2023-12-16 08:57:01
CONT2023008279,2023-12-07 03:09:50,2023-12-07 12:06:21
CONT2023008280,2023-12-04 10:49:04,
CONT2023008281,2023-12-07 05:53:00,2023-12-16 02:36:14
CONT2023008282,2023-12-10 21:34:43,
CONT2023008283,2023-12-03 18:07:55,2023-12-15 16:01:11
CONT2023008284,2023-12-11 22:57:37,2023-12-13 13:56:24
CONT2023008285,2023-12-07 07:31:30,2023-12-16 07:12:36
CONT2023008286,2023-12-06 16:25:59,
CONT2023008287,2023-12-08 17:54:39,2023-12-16 13:32:52
CONT2023008288,2023-12-13 05:27:01,2023-12-15 20:41:04
CONT2023008289,2023-12-12 05:55:46,2023-12-15 17:01:12
CONT2023008290,2023-12-07 07:05:57,2023-12-15 06:08:10
CONT2023008291,2023-12-08 11:22:19,2023-12-14 22:56:17
CONT2023008292,2023-12-09 22:14:55,2023-12-15 08:14:58
CONT2023008293,2023-12-04 16:21:36,2023-12-16 11:24:23
CONT2023008294,2023-12-06 18:12:17,2023-12-15 13:35:35
CONT2023008295,2023-12-05 17:40:53,2023-12-06 03:49:03
CONT2023008296,2023-12-11 00:01:23,2023-12-16 06:32:33
CONT2023008297,2023-12-02 08:40:06,2023-12-03 17:29:17
CONT2023008298,2023-12-06 13:00:47,
CONT2023008299,2023-12-06 12:04:07,2023-12-07 05:27:13
CONT2023008300,2023-12-05 19:49:02,
CONT2023008301,2023-12-06 10:37:48,2023-12-07 03:37:34
CONT2023008302,2023-12-03 22:23:00,2023-12-15 20:59:41
CONT2023008303,2023-12-06 21:36:58,2023-12-15 12:56:42
CONT2023008304,2023-12-06 15:02:23,2023-12-07 23:11:11
CONT2023008305,2023-12-07 08:48:10,
CONT2023008306,2023-12-05 16:17:37,2023-12-15 17:06:13
CONT2023008307,2023-12-11 07:33:07,2023-12-16 10:05:18
CONT2023008308,2023-12-09 08:25:47,2023-12-10 09:04:42
CONT2023008309,2023-12-12 02:08:23,2023-12-12 09:16:19
CONT2023008310,2023-12-03 17:41:40,2023-12-04 03:55:55
CONT2023008311,2023-12-08 08:13:02,2023-12-09 01:24:40
CONT2023008312,2023-12-12 06:24:41,2023-12-16 07:38:49
CONT2023008313,2023-12-02 13:11:08,2023-12-16 00:20:16
CONT2023008314,2023-12-05 15:10:45,2023-12-16 10:33:24
CONT2023008315,2023-12-04 21:39:08,2023-12-05 10:35:21
CONT2023008316,2023-12-05 23:59:39,
CONT2023008317,2023-12-07 21:06:35,2023-12-16 02:59:55
CONT2023008318,2023-12-13 03:00:07,2023-12-14 10:33:31
CONT2023008319,2023-12-10 07:16:43,2023-12-16 01:17:21
CONT2023008320,2023-12-06 21:01:25,
CONT2023008321,2023-12-04 02:15:45,
CONT2023008322,2023-12-06 18:27:40,2023-12-07 01:15:01
CONT2023008323,2023-12-04 16:40:43,2023-12-04 20:40:43
CONT2023008324,2023-12-13 21:35:27,2023-12-15 23:44:06
CONT2023008325,2023-12-06 13:10:14,2023-12-07 07:41:03
CONT2023008326,2023-12-07 08:12:21,2023-12-17 10:25:34
CONT2023008327,2023-12-09 02:37:55,2023-12-09 21:46:37
CONT2023008328,2023-12-07 05:21:38,2023-12-08 18:26:41
CONT2023008329,2023-12-11 16:59:01,2023-12-12 10:43:11
CONT2023008330,2023-12-03 12:31:32,2023-12-17 08:45:46
CONT2023008331,2023-12-04 20:37:30,2023-12-05 23:05:12
CONT2023008332,2023-12-10 03:51:37,2023-12-10 13:20:07
CONT2023008333,2023-12-08 01:00:47,2023-12-08 12:52:50
CONT2023008334,2023-12-08 05:39:08,2023-12-16 15:00:21
CONT2023008335,2023-12-13 22:00:51,2023-12-17 01:40:55
CONT2023008336,2023-12-09 01:29:09,2023-12-17 09:26:09
CONT2023008337,2023-12-06 02:46:02,2023-12-07 05:36:21
CONT2023008338,2023-12-13 15:35:12,2023-12-17 12:40:36
CONT2023008339,2023-12-11 00:46:43,2023-12-11 14:07:48
CONT2023008340,2023-12-07 14:34:41,2023-12-17 02:20:06
CONT2023008341,2023-12-04 06:20:43,2023-12-17 12:34:25
CONT2023008342,2023-12-04 17:57:32,
CONT2023008343,2023-12-13 14:35:38,2023-12-16 17:42:52
CONT2023008344,2023-12-09 12:54:20,2023-12-17 02:25:43
CONT2023008345,2023-12-05 08:29:19,
CONT2023008346,2023-12-13 14:47:47,2023-12-17 09:16:29
CONT2023008347,2023-12-08 22:26:54,2023-12-17 06:00:53
CONT2023008348,2023-12-04 13:31:47,2023-12-16 19:58:22
CONT2023008349,2023-12-09 23:34:43,
CONT2023008350,2023-12-07 22:49:53,2023-12-09 06:33:28
CONT2023008351,2023-12-13 07:09:03,2023-12-17 20:53:26
CONT2023008352,2023-12-08 22:05:36,2023-12-09 11:25:58
CONT2023008353,2023-12-08 01:43:15,2023-12-08 19:42:57
CONT2023008354,2023-12-14 02:05:29,2023-12-17 18:04:21
CONT2023008355,2023-12-05 20:14:52,2023-12-17 07:42:16
CONT2023008356,2023-12-10 08:07:35,2023-12-17 23:28:10
CONT2023008357,2023-12-09 01:42:55,2023-12-18 07:38:02
CONT2023008358,2023-12-14 11:53:18,2023-12-15 05:58:33
CONT2023008359,2023-12-05 15:47:27,
CONT2023008360,2023-12-05 18:42:34,2023-12-06 17:31:39
CONT2023008361,2023-12-09 04:24:16,2023-12-17 05:05:47
CONT2023008362,2023-12-04 03:12:15,2023-12-17 23:13:01
CONT2023008363,2023-12-06 02:36:51,2023-12-17 15:09:44
CONT2023008364,2023-12-11 10:46:30,2023-12-17 17:35:39
CONT2023008365,2023-12-04 20:52:04,
CONT2023008366,2023-12-10 00:26:37,2023-12-10 16:42:10
CONT2023008367,2023-12-06 05:07:12,2023-12-07 09:25:20
CONT2023008368,2023-12-03 21:58:22,2023-12-04 22:55:27
CONT2023008369,2023-12-14 05:53:38,
CONT2023008370,2023-12-12 23:01:00,2023-12-16 18:42:48
CONT2023008371,2023-12-04 18:20:05,2023-12-05 14:59:30
CONT2023008372,2023-12-07 10:24:15,
CONT2023008373,2023-12-06 01:28:08,2023-12-16 21:29:08
CONT2023008374,2023-12-08 06:03:33,2023-12-17 20:34:24
CONT2023008375,2023-12-14 16:08:53,2023-12-16 07:08:02
CONT2023008376,2023-12-14 12:03:37,2023-12-15 14:24:10
CONT2023008377,2023-12-08 22:52:26,2023-12-09 22:27:22
CONT2023008378,2023-12-09 06:49:46,
CONT2023008379,2023-12-10 06:28:48,2023-12-17 08:42:31
CONT2023008380,2023-12-13 02:02:28,
CONT2023008381,2023-12-07 09:10:16,2023-12-17 01:36:15
CONT2023008382,2023-12-10 23:34:42,2023-12-17 11:53:48
CONT2023008383,2023-12-12 03:17:51,2023-12-13 04:08:27
CONT2023008384,2023-12-03 22:04:33,2023-12-17 06:32:49
CONT2023008385,2023-12-10 05:42:26,2023-12-10 18:43:04
CONT2023008386,2023-12-09 01:09:38,2023-12-17 12:14:20
CONT2023008387,2023-12-14 00:16:13,2023-12-17 18:34:11
CONT2023008388,2023-12-14 13:59:44,2023-12-15 15:34:43
CONT2023008389,2023-12-08 14:42:31,2023-12-17 05:16:21
CONT2023008390,2023-12-10 04:13:01,2023-12-11 01:23:24
CONT2023008391,2023-12-05 08:57:49,2023-12-17 19:32:27
CONT2023008392,2023-12-07 05:45:54,2023-12-17 07:21:14
CONT2023008393,2023-12-09 06:11:25,2023-12-18 04:41:33
CONT2023008394,2023-12-13 19:57:24,2023-12-14 18:33:55
CONT2023008395,2023-12-11 13:06:02,2023-12-17 23:54:15
CONT2023008396,2023-12-14 19:32:50,2023-12-15 09:28:46
CONT2023008397,2023-12-07 23:13:10,2023-12-09 00:37:53
CONT2023008398,2023-12-14 03:17:48,
CONT2023008399,2023-12-14 01:58:13,2023-12-18 00:38:48
CONT2023008400,2023-12-13 03:02:12,2023-12-17 08:47:48
CONT2023008401,2023-12-06 03:41:54,2023-12-17 13:02:13
CONT2023008402,2023-12-10 16:01:36,2023-12-17 05:18:14
CONT2023008403,2023-12-10 04:20:27,2023-12-17 22:12:35
CONT2023008404,2023-12-06 08:39:26,2023-12-18 00:32:11
CONT2023008405,2023-12-13 23:42:56,2023-12-17 06:21:08
CONT2023008406,2023-12-05 01:18:49,2023-12-17 20:04:01
CONT2023008407,2023-12-07 19:52:28,
CONT2023008408,2023-12-04 15:51:41,2023-12-18 08:30:51
CONT2023008409,2023-12-09 16:01:49,2023-12-18 22:39:57
CONT2023008410,2023-12-16 05:52:49,2023-12-18 12:19:56
CONT2023008411,2023-12-15 13:19:02,2023-12-16 17:22:46
CONT2023008412,2023-12-08 07:16:40,2023-12-18 14:10:52
CONT2023008413,2023-12-11 14:10:12,2023-12-18 16:08:59
CONT2023008414,2023-12-07 12:16:09,2023-12-07 20:26:58
CONT2023008415,2023-12-09 03:43:22,2023-12-09 12:10:35
CONT2023008416,2023-12-10 17:58:48,2023-12-18 20:24:15
CONT2023008417,2023-12-10 13:44:12,2023-12-18 17:52:09
CONT2023008418,2023-12-11 17:20:02,
CONT2023008419,2023-12-12 08:20:14,
CONT2023008420,2023-12-05 10:13:25,2023-12-18 05:17:23
CONT2023008421,2023-12-11 12:42:50,2023-12-19 02:53:03
CONT2023008422,2023-12-14 23:18:53,2023-12-15 21:48:02
CONT2023008423,2023-12-15 07:34:15,
CONT2023008424,2023-12-11 04:11:52,2023-12-18 09:42:14
CONT2023008425,2023-12-06 07:21:36,2023-12-06 19:32:08
CONT2023008426,2023-12-08 13:16:13,2023-12-18 15:37:06
CONT2023008427,2023-12-11 18:01:26,2023-12-18 19:50:37
CONT2023008428,2023-12-12 14:47:43,2023-12-18 12:26:52
CONT2023008429,2023-12-07 06:12:40,2023-12-08 06:09:14
CONT2023008430,2023-12-13 04:57:45,2023-12-14 10:25:26
CONT2023008431,2023-12-15 15:04:48,2023-12-19 01:53:35
CONT2023008432,2023-12-12 17:21:13,2023-12-18 17:44:53
CONT2023008433,2023-12-14 17:57:15,2023-12-18 23:15:11
CONT2023008434,2023-12-08 17:31:36,
CONT2023008435,2023-12-12 00:03:14,2023-12-19 10:28:57
CONT2023008436,2023-12-13 10:38:15,2023-12-14 05:41:34
CONT2023008437,2023-12-06 13:41:43,2023-12-18 19:12:25
CONT2023008438,2023-12-08 18:46:45,2023-12-09 13:35:33
CONT2023008439,2023-12-05 11:14:57,2023-12-06 11:35:01
CONT2023008440,2023-12-15 14:46:07,2023-12-16 16:28:41
CONT2023008441,2023-12-07 17:37:53,2023-12-08 10:28:39
CONT2023008442,2023-12-10 09:05:37,2023-12-19 12:56:15
CONT2023008443,2023-12-14 10:04:11,2023-12-15 05:58:25
CONT2023008444,2023-12-11 18:41:41,2023-12-12 06:51:57
CONT2023008445,2023-12-05 11:11:24,2023-12-19 06:42:46
CONT2023008446,2023-12-06 04:15:12,
CONT2023008447,2023-12-13 00:55:09,2023-12-14 08:24:04
CONT2023008448,2023-12-11 04:01:08,2023-12-11 17:43:58
CONT2023008449,2023-12-13 20:01:05,2023-12-19 08:22:45
CONT2023008450,2023-12-05 23:24:43,2023-12-19 04:40:08
CONT2023008451,2023-12-12 08:52:15,2023-12-12 23:34:56
CONT2023008452,2023-12-09 12:28:18,2023-12-10 15:01:04
CONT2023008453,2023-12-13 13:49:47,2023-12-19 16:59:34
CONT2023008454,2023-12-06 01:19:53,2023-12-06 22:21:46
CONT2023008455,2023-12-15 00:15:22,2023-12-18 21:03:33
CONT2023008456,2023-12-06 20:47:51,2023-12-07 10:31:05
CONT2023008457,2023-12-12 05:05:03,2023-12-13 06:41:10
CONT2023008458,2023-12-07 05:29:21,2023-12-08 11:59:10
CONT2023008459,2023-12-09 07:43:34,2023-12-19 07:50:22
CONT2023008460,2023-12-07 22:10:08,2023-12-19 01:46:40
CONT2023008461,2023-12-12 13:27:51,
CONT2023008462,2023-12-10 03:25:57,2023-12-11 11:25:59
CONT2023008463,2023-12-06 19:42:56,
CONT2023008464,2023-12-14 02:08:55,2023-12-20 01:03:29
CONT2023008465,2023-12-12 10:49:05,2023-12-13 16:38:46
CONT2023008466,2023-12-10 21:41:34,2023-12-19 20:42:06
CONT2023008467,2023-12-14 20:43:58,
CONT2023008468,2023-12-07 01:54:04,2023-12-18 17:11:14
CONT2023008469,2023-12-15 15:50:32,2023-12-19 02:37:14
CONT2023008470,2023-12-08 23:24:53,2023-12-19 01:30:01
CONT2023008471,2023-12-13 06:29:09,2023-12-14 00:55:17
CONT2023008472,2023-12-12 17:39:19,
CONT2023008473,2023-12-13 20:56:34,2023-12-18 16:47:52
CONT2023008474,2023-12-15 00:47:44,2023-12-16 08:22:28
CONT2023008475,2023-12-07 13:04:30,2023-12-18 20:16:06
CONT2023008476,2023-12-11 22:29:42,
CONT2023008477,2023-12-06 17:19:36,2023-12-07 21:15:43
CONT2023008478,2023-12-12 18:09:37,2023-12-19 12:27:32
CONT2023008479,2023-12-08 03:46:19,2023-12-18 15:52:58
CONT2023008480,2023-12-13 01:13:37,2023-12-18 06:07:49
CONT2023008481,2023-12-07 23:22:40,2023-12-08 21:06:30
CONT2023008482,2023-12-14 10:16:44,2023-12-20 03:07:44
CONT2023008483,2023-12-06 00:16:17,2023-12-20 07:37:30
CONT2023008484,2023-12-08 23:59:29,2023-12-09 22:13:19
CONT2023008485,2023-12-09 23:06:42,2023-12-18 21:05:18
CONT2023008486,2023-12-10 16:00:04,2023-12-19 01:38:11
CONT2023008487,2023-12-11 03:53:37,2023-12-12 01:51:22
CONT2023008488,2023-12-05 17:46:19,2023-12-18 15:47:48
CONT2023008489,2023-12-12 22:32:59,2023-12-18 12:24:42
CONT2023008490,2023-12-14 08:13:04,2023-12-14 20:59:11
CONT2023008491,2023-12-08 08:25:46,2023-12-20 03:04:36
CONT2023008492,2023-12-11 16:49:22,2023-12-12 20:23:42
CONT2023008493,2023-12-14 14:17:42,2023-12-15 12:08:33
CONT2023008494,2023-12-08 22:45:13,2023-12-09 10:34:02
CONT2023008495,2023-12-06 19:23:41,
CONT2023008496,2023-12-13 14:49:29,2023-12-22 12:04:00
CONT2023008497,2023-12-16 15:08:14,2023-12-22 16:45:25
CONT2023008498,2023-12-17 15:04:49,2023-12-17 21:58:38
CONT2023008499,2023-12-08 16:38:02,2023-12-09 09:07:48
CONT2023008500,2023-12-10 14:45:47,2023-12-11 04:52:32
CONT2023008501,2023-12-12 15:57:46,2023-12-22 22:24:42
CONT2023008502,2023-12-09 15:38:15,2023-12-23 16:26:06
CONT2023008503,2023-12-17 05:17:37,2023-12-18 03:30:31
CONT2023008504,2023-12-17 16:52:43,2023-12-19 04:20:06
CONT2023008505,2023-12-13 10:02:54,2023-12-23 03:31:17
CONT2023008506,2023-12-13 17:33:14,2023-12-14 14:03:20
CONT2023008507,2023-12-16 07:10:56,2023-12-17 08:58:16
CONT2023008508,2023-12-18 19:31:27,2023-12-19 06:28:14
CONT2023008509,2023-12-14 10:22:43,2023-12-22 13:44:28
CONT2023008510,2023-12-16 04:39:22,2023-12-21 23:01:53
CONT2023008511,2023-12-14 20:15:11,2023-12-15 00:15:11
CONT2023008512,2023-12-13 20:03:01,2023-12-23 15:06:26
CONT2023008513,2023-12-18 21:15:18,2023-12-20 00:14:45
CONT2023008514,2023-12-10 13:26:08,2023-12-23 06:10:56
CONT2023008515,2023-12-13 09:12:36,
CONT2023008516,2023-12-15 06:49:27,2023-12-23 21:59:21
CONT2023008517,2023-12-19 08:25:32,2023-12-23 16:50:53
CONT2023008518,2023-12-18 06:19:02,2023-12-19 03:51:49
CONT2023008519,2023-12-12 04:54:48,
CONT2023008520,2023-12-19 12:27:13,2023-12-19 21:32:25
CONT2023008521,2023-12-19 02:25:14,
CONT2023008522,2023-12-21 04:05:42,2023-12-22 08:10:54
CONT2023008523,2023-12-19 01:21:09,2023-12-24 09:33:41
CONT2023008524,2023-12-10 21:54:44,2023-12-11 08:06:36
CONT2023008525,2023-12-11 23:25:19,2023-12-24 21:58:08
CONT2023008526,2023-12-14 05:45:00,2023-12-15 05:43:23
CONT2023008527,2023-12-20 00:51:14,2023-12-24 07:05:30
CONT2023008528,2023-12-20 15:15:38,
CONT2023008529,2023-12-10 14:37:09,2023-12-24 06:22:12
CONT2023008530,2023-12-12 14:54:16,2023-12-13 12:56:17
CONT2023008531,2023-12-18 11:09:16,
CONT2023008532,2023-12-16 10:45:33,
CONT2023008533,2023-12-18 16:06:32,2023-12-19 18:25:45
CONT2023008534,2023-12-15 03:53:26,2023-12-24 07:22:10
CONT2023008535,2023-12-14 12:14:49,
CONT2023008536,2023-12-18 22:38:42,2023-12-19 13:24:18
CONT2023008537,2023-12-17 21:25:28,2023-12-24 02:09:48
CONT2023008538,2023-12-12 15:15:59,2023-12-13 04:28:22
CONT2023008539,2023-12-13 21:22:57,2023-12-24 19:33:39
CONT2023008540,2023-12-21 02:24:09,2023-12-25 07:29:18
CONT2023008541,2023-12-12 22:15:27,2023-12-13 18:06:17
CONT2023008542,2023-12-18 18:37:53,2023-12-25 04:02:51
CONT2023008543,2023-12-16 14:41:39,
CONT2023008544,2023-12-15 01:32:47,2023-12-15 05:32:47
CONT2023008545,2023-12-14 05:50:45,2023-12-25 13:52:39
CONT2023008546,2023-12-20 21:37:13,2023-12-25 15:20:40
CONT2023008547,2023-12-19 04:57:10,2023-12-20 11:22:06
CONT2023008548,2023-12-19 18:24:40,2023-12-25 18:01:47
CONT2023008549,2023-12-20 00:02:14,2023-12-25 08:27:26
CONT2023008550,2023-12-15 05:39:13,2023-12-24 21:43:10
CONT2023008551,2023-12-14 02:58:56,
CONT2023008552,2023-12-18 01:22:53,
CONT2023008553,2023-12-18 00:09:44,2023-12-25 09:43:46
CONT2023008554,2023-12-17 22:48:31,2023-12-18 23:42:32
CONT2023008555,2023-12-21 23:00:16,
CONT2023008556,2023-12-12 12:35:25,2023-12-26 00:19:29
CONT2023008557,2023-12-18 17:25:07,
CONT2023008558,2023-12-21 09:19:06,2023-12-21 23:06:43
CONT2023008559,2023-12-12 22:15:21,2023-12-14 00:45:55
CONT2023008560,2023-12-19 06:30:11,2023-12-20 17:03:30
CONT2023008561,2023-12-17 15:44:24,2023-12-18 08:17:20
CONT2023008562,2023-12-20 06:04:18,2023-12-25 13:58:37
CONT2023008563,2023-12-19 09:56:53,2023-12-20 08:13:31
CONT2023008564,2023-12-14 01:26:34,2023-12-26 22:55:58
CONT2023008565,2023-12-20 01:33:58,2023-12-20 20:46:41
CONT2023008566,2023-12-22 04:09:26,2023-12-23 05:47:50
CONT2023008567,2023-12-14 20:47:34,2023-12-15 20:29:29
CONT2023008568,2023-12-13 11:42:41,2023-12-14 01:30:04
CONT2023008569,2023-12-23 13:43:06,2023-12-24 15:49:37
CONT2023008570,2023-12-18 03:01:56,2023-12-26 15:05:39
CONT2023008571,2023-12-23 15:51:55,2023-12-26 08:16:06
CONT2023008572,2023-12-14 15:51:26,2023-12-26 19:43:26
CONT2023008573,2023-12-13 14:22:36,
CONT2023008574,2023-12-22 18:56:16,2023-12-23 14:23:37
CONT2023008575,2023-12-14 23:09:27,2023-12-15 15:42:49
CONT2023008576,2023-12-20 20:24:31,2023-12-21 09:27:10
CONT2023008577,2023-12-17 12:36:13,2023-12-26 17:49:15
CONT2023008578,2023-12-17 17:43:07,2023-12-17 21:43:07
CONT2023008579,2023-12-22 08:52:54,2023-12-26 19:20:32
CONT2023008580,2023-12-19 12:09:39,2023-12-20 16:04:28
CONT2023008581,2023-12-18 20:05:20,2023-12-25 22:59:12
CONT2023008582,2023-12-22 22:57:22,2023-12-23 10:01:38
CONT2023008583,2023-12-18 03:12:03,2023-12-27 19:24:17
CONT2023008584,2023-12-14 07:02:04,2023-12-14 12:09:48
CONT2023008585,2023-12-18 05:14:57,
CONT2023008586,2023-12-24 04:37:10,2023-12-25 01:58:45
CONT2023008587,2023-12-14 20:38:23,2023-12-16 03:55:55
CONT2023008588,2023-12-22 20:19:29,2023-12-23 17:56:43
CONT2023008589,2023-12-23 11:32:47,2023-12-27 01:35:36
CONT2023008590,2023-12-16 03:12:42,2023-12-27 09:50:17
CONT2023008591,2023-12-23 04:18:39,2023-12-27 18:52:05
CONT2023008592,2023-12-24 14:42:47,2023-12-25 18:09:04
CONT2023008593,2023-12-14 15:15:06,2023-12-28 18:32:30
CONT2023008594,2023-12-22 07:32:51,2023-12-28 19:54:20
CONT2023008595,2023-12-25 20:42:32,2023-12-28 23:46:29
CONT2023008596,2023-12-23 18:14:58,2023-12-24 11:26:43
CONT2023008597,2023-12-22 20:12:39,2023-12-28 19:30:07
CONT2023008598,2023-12-18 04:24:46,2023-12-28 10:06:30
CONT2023008599,2023-12-15 08:46:56,2023-12-16 00:38:01
CONT2023008600,2023-12-15 10:01:31,
CONT2023008601,2023-12-20 17:43:45,2023-12-21 09:35:32
CONT2023008602,2023-12-15 16:03:30,2023-12-16 09:20:52
CONT2023008603,2023-12-21 17:28:41,2023-12-29 11:03:28
CONT2023008604,2023-12-25 07:51:12,2023-12-25 11:51:12
CONT2023008605,2023-12-23 08:30:12,
CONT2023008606,2023-12-23 18:42:43,2023-12-24 11:05:40
CONT2023008607,2023-12-23 05:09:28,2023-12-23 22:34:18
CONT2023008608,2023-12-16 00:39:33,2023-12-29 00:14:00
CONT2023008609,2023-12-25 15:37:05,2023-12-28 14:00:29
CONT2023008610,2023-12-23 07:08:17,2023-12-28 23:20:34
CONT2023008611,2023-12-15 19:35:05,2023-12-29 03:57:22
CONT2023008612,2023-12-16 07:34:51,2023-12-29 02:11:32
CONT2023008613,2023-12-26 02:55:12,
CONT2023008614,2023-12-23 18:20:05,2023-12-24 05:22:49
CONT2023008615,2023-12-17 14:21:56,2023-12-19 03:16:22
CONT2023008616,2023-12-23 09:32:33,2023-12-24 08:25:00
CONT2023008617,2023-12-20 20:32:19,2023-12-28 18:34:07
CONT2023008618,2023-12-19 08:59:35,
CONT2023008619,2023-12-20 08:16:32,
CONT2023008620,2023-12-27 02:04:23,2023-12-27 14:57:53
CONT2023008621,2023-12-26 11:00:51,2023-12-30 14:34:38
CONT2023008622,2023-12-26 08:52:46,2023-12-26 20:46:10
CONT2023008623,2023-12-19 07:11:25,2023-12-30 00:39:19
CONT2023008624,2023-12-24 22:36:55,
CONT2023008625,2023-12-23 18:53:38,2023-12-25 02:14:15
CONT2023008626,2023-12-26 04:27:21,
CONT2023008627,2023-12-17 00:43:44,2023-12-17 04:43:44
CONT2023008628,2023-12-26 13:11:53,2023-12-30 00:07:53
CONT2023008629,2023-12-18 11:37:54,
CONT2023008630,2023-12-20 06:05:34,2023-12-31 05:23:58
CONT2023008631,2023-12-22 02:22:12,
CONT2023008632,2023-12-22 13:41:24,2023-12-30 10:48:34
CONT2023008633,2023-12-26 00:31:04,2023-12-26 20:38:31
