container_id,flow_type,terminal,vessel_call_id
CONT2022000000,EXPORT,NSIGT,VC202200001
CONT2022000001,EXPORT,NSIGT,VC202200001
CONT2022000002,EXPORT,NSIGT,VC202200001
CONT2022000003,IMPORT,NSIGT,VC202200001
CONT2022000004,IMPORT,NSIGT,VC202200001
CONT2022000005,IMPORT,NSIGT,VC202200001
CONT2022000006,EXPORT,NSIGT,VC202200001
CONT2022000007,IMPORT,NSIGT,VC202200001
CONT2022000008,IMPORT,NSIGT,VC202200001
CONT2022000009,EXPORT,NSIGT,VC202200001
CONT2022000010,EXPORT,NSIGT,VC202200001
CONT2022000011,EXPORT,NSIGT,VC202200001
CONT2022000012,IMPORT,NSIGT,VC202200001
CONT2022000013,EXPORT,NSICT,VC202200002
CONT2022000014,IMPORT,NSICT,VC202200002
CONT2022000015,IMPORT,NSICT,VC202200002
CONT2022000016,EXPORT,NSICT,VC202200002
CONT2022000017,EXPORT,NSICT,VC202200002
CONT2022000018,IMPORT,NSICT,VC202200002
CONT2022000019,EXPORT,NSICT,VC202200002
CONT2022000020,EXPORT,NSICT,VC202200002
CONT2022000021,EXPORT,NSICT,VC202200002
CONT2022000022,EXPORT,NSICT,VC202200002
CONT2022000023,IMPORT,NSICT,VC202200002
CONT2022000024,IMPORT,NSICT,VC202200002
CONT2022000025,EXPORT,NSICT,VC202200002
CONT2022000026,EXPORT,NSICT,VC202200002
CONT2022000027,EXPORT,NSICT,VC202200002
CONT2022000028,IMPORT,NSICT,VC202200002
CONT2022000029,IMPORT,NSICT,VC202200002
CONT2022000030,EXPORT,NSICT,VC202200002
CONT2022000031,EXPORT,NSICT,VC202200002
CONT2022000032,IMPORT,NSIGT,VC202200003
CONT2022000033,IMPORT,NSIGT,VC202200003
CONT2022000034,EXPORT,NSIGT,VC202200003
CONT2022000035,EXPORT,NSIGT,VC202200003
CONT2022000036,IMPORT,NSIGT,VC202200003
CONT2022000037,IMPORT,NSIGT,VC202200003
CONT2022000038,IMPORT,NSIGT,VC202200003
CONT2022000039,EXPORT,NSIGT,VC202200003
CONT2022000040,IMPORT,NSIGT,VC202200003
CONT2022000041,IMPORT,NSIGT,VC202200003
CONT2022000042,IMPORT,NSIGT,VC202200003
CONT2022000043,IMPORT,NSIGT,VC202200003
CONT2022000044,EXPORT,NSIGT,VC202200003
CONT2022000045,IMPORT,NSIGT,VC202200003
CONT2022000046,EXPORT,NSIGT,VC202200003
CONT2022000047,EXPORT,NSIGT,VC202200003
CONT2022000048,IMPORT,NSIGT,VC202200003
CONT2022000049,IMPORT,NSIGT,VC202200003
CONT2022000050,IMPORT,NSIGT,VC202200003
CONT2022000051,IMPORT,NSIGT,VC202200003
CONT2022000052,IMPORT,NSIGT,VC202200003
CONT2022000053,EXPORT,NSIGT,VC202200003
CONT2022000054,IMPORT,NSIGT,VC202200003
CONT2022000055,IMPORT,NSIGT,VC202200003
CONT2022000056,IMPORT,NSIGT,VC202200003
CONT2022000057,EXPORT,NSIGT,VC202200003
CONT2022000058,IMPORT,NSIGT,VC202200003
CONT2022000059,IMPORT,NSIGT,VC202200003
CONT2022000060,IMPORT,NSIGT,VC202200003
CONT2022000061,IMPORT,NSIGT,VC202200003
CONT2022000062,IMPORT,NSIGT,VC202200003
CONT2022000063,IMPORT,BMCT,VC202200004
CONT2022000064,IMPORT,BMCT,VC202200004
CONT2022000065,EXPORT,BMCT,VC202200004
CONT2022000066,EXPORT,BMCT,VC202200004
CONT2022000067,EXPORT,BMCT,VC202200004
CONT2022000068,IMPORT,BMCT,VC202200004
CONT2022000069,IMPORT,BMCT,VC202200004
CONT2022000070,EXPORT,BMCT,VC202200004
CONT2022000071,EXPORT,BMCT,VC202200004
CONT2022000072,IMPORT,BMCT,VC202200004
CONT2022000073,EXPORT,BMCT,VC202200004
CONT2022000074,IMPORT,BMCT,VC202200004
CONT2022000075,IMPORT,NSICT,VC202200005
CONT2022000076,IMPORT,NSICT,VC202200005
CONT2022000077,EXPORT,NSICT,VC202200005
CONT2022000078,IMPORT,NSICT,VC202200005
CONT2022000079,IMPORT,NSICT,VC202200005
CONT2022000080,EXPORT,NSICT,VC202200005
CONT2022000081,EXPORT,NSICT,VC202200005
CONT2022000082,EXPORT,NSICT,VC202200005
CONT2022000083,EXPORT,NSICT,VC202200005
CONT2022000084,EXPORT,NSICT,VC202200005
CONT2022000085,EXPORT,NSICT,VC202200005
CONT2022000086,EXPORT,NSICT,VC202200005
CONT2022000087,EXPORT,BMCT,VC202200006
CONT2022000088,IMPORT,BMCT,VC202200006
CONT2022000089,EXPORT,BMCT,VC202200006
CONT2022000090,EXPORT,BMCT,VC202200006
CONT2022000091,IMPORT,BMCT,VC202200006
CONT2022000092,IMPORT,BMCT,VC202200006
CONT2022000093,EXPORT,BMCT,VC202200006
CONT2022000094,EXPORT,BMCT,VC202200006
CONT2022000095,EXPORT,BMCT,VC202200006
CONT2022000096,IMPORT,BMCT,VC202200006
CONT2022000097,EXPORT,BMCT,VC202200006
CONT2022000098,EXPORT,BMCT,VC202200006
CONT2022000099,EXPORT,BMCT,VC202200006
CONT2022000100,IMPORT,BMCT,VC202200006
CONT2022000101,IMPORT,BMCT,VC202200006
CONT2022000102,IMPORT,BMCT,VC202200006
CONT2022000103,EXPORT,BMCT,VC202200006
CONT2022000104,EXPORT,BMCT,VC202200006
CONT2022000105,EXPORT,BMCT,VC202200006
CONT2022000106,EXPORT,BMCT,VC202200006
CONT2022000107,IMPORT,BMCT,VC202200006
CONT2022000108,IMPORT,BMCT,VC202200006
CONT2022000109,IMPORT,BMCT,VC202200006
CONT2022000110,EXPORT,BMCT,VC202200006
CONT2022000111,IMPORT,BMCT,VC202200006
CONT2022000112,IMPORT,BMCT,VC202200006
CONT2022000113,EXPORT,BMCT,VC202200006
CONT2022000114,IMPORT,BMCT,VC202200006
CONT2022000115,EXPORT,BMCT,VC202200006
CONT2022000116,EXPORT,BMCT,VC202200006
CONT2022000117,IMPORT,BMCT,VC202200006
CONT2022000118,IMPORT,BMCT,VC202200006
CONT2022000119,EXPORT,NSICT,VC202200007
CONT2022000120,IMPORT,NSICT,VC202200007
CONT2022000121,EXPORT,NSICT,VC202200007
CONT2022000122,EXPORT,NSICT,VC202200007
CONT2022000123,EXPORT,NSICT,VC202200007
CONT2022000124,EXPORT,NSICT,VC202200007
CONT2022000125,IMPORT,NSICT,VC202200007
CONT2022000126,IMPORT,NSICT,VC202200007
CONT2022000127,IMPORT,NSICT,VC202200007
CONT2022000128,EXPORT,NSICT,VC202200007
CONT2022000129,IMPORT,NSICT,VC202200007
CONT2022000130,IMPORT,NSICT,VC202200007
CONT2022000131,IMPORT,NSICT,VC202200007
CONT2022000132,IMPORT,NSICT,VC202200007
CONT2022000133,EXPORT,NSICT,VC202200007
CONT2022000134,IMPORT,NSICT,VC202200007
CONT2022000135,IMPORT,NSICT,VC202200007
CONT2022000136,IMPORT,NSICT,VC202200007
CONT2022000137,EXPORT,NSICT,VC202200007
CONT2022000138,EXPORT,NSICT,VC202200007
CONT2022000139,IMPORT,NSICT,VC202200007
CONT2022000140,IMPORT,GTI,VC202200008
CONT2022000141,EXPORT,GTI,VC202200008
CONT2022000142,EXPORT,GTI,VC202200008
CONT2022000143,IMPORT,GTI,VC202200008
CONT2022000144,IMPORT,GTI,VC202200008
CONT2022000145,EXPORT,GTI,VC202200008
CONT2022000146,EXPORT,GTI,VC202200008
CONT2022000147,IMPORT,GTI,VC202200008
CONT2022000148,IMPORT,GTI,VC202200008
CONT2022000149,IMPORT,GTI,VC202200008
CONT2022000150,EXPORT,NSICT,VC202200009
CONT2022000151,IMPORT,NSICT,VC202200009
CONT2022000152,IMPORT,NSICT,VC202200009
CONT2022000153,EXPORT,NSICT,VC202200009
CONT2022000154,EXPORT,NSICT,VC202200009
CONT2022000155,EXPORT,NSICT,VC202200009
CONT2022000156,EXPORT,NSICT,VC202200009
CONT2022000157,EXPORT,NSICT,VC202200009
CONT2022000158,EXPORT,NSICT,VC202200009
CONT2022000159,EXPORT,NSICT,VC202200009
CONT2022000160,IMPORT,NSICT,VC202200009
CONT2022000161,IMPORT,NSICT,VC202200009
CONT2022000162,IMPORT,NSICT,VC202200009
CONT2022000163,EXPORT,NSICT,VC202200009
CONT2022000164,EXPORT,NSICT,VC202200009
CONT2022000165,EXPORT,NSICT,VC202200009
CONT2022000166,EXPORT,NSICT,VC202200009
CONT2022000167,EXPORT,NSICT,VC202200009
CONT2022000168,IMPORT,NSIGT,VC202200010
CONT2022000169,EXPORT,NSIGT,VC202200010
CONT2022000170,EXPORT,NSIGT,VC202200010
CONT2022000171,EXPORT,NSIGT,VC202200010
CONT2022000172,EXPORT,NSIGT,VC202200010
CONT2022000173,EXPORT,NSIGT,VC202200010
CONT2022000174,IMPORT,NSIGT,VC202200010
CONT2022000175,IMPORT,NSIGT,VC202200010
CONT2022000176,IMPORT,NSIGT,VC202200010
CONT2022000177,IMPORT,NSIGT,VC202200010
CONT2022000178,IMPORT,BMCT,VC202200011
CONT2022000179,EXPORT,BMCT,VC202200011
CONT2022000180,IMPORT,BMCT,VC202200011
CONT2022000181,EXPORT,BMCT,VC202200011
CONT2022000182,IMPORT,BMCT,VC202200011
CONT2022000183,IMPORT,BMCT,VC202200011
CONT2022000184,IMPORT,BMCT,VC202200011
CONT2022000185,EXPORT,BMCT,VC202200011
CONT2022000186,EXPORT,BMCT,VC202200011
CONT2022000187,IMPORT,BMCT,VC202200011
CONT2022000188,IMPORT,NSFT,VC202200012
CONT2022000189,EXPORT,NSFT,VC202200012
CONT2022000190,EXPORT,NSFT,VC202200012
CONT2022000191,EXPORT,NSFT,VC202200012
CONT2022000192,EXPORT,NSFT,VC202200012
CONT2022000193,IMPORT,NSFT,VC202200012
CONT2022000194,IMPORT,NSFT,VC202200012
CONT2022000195,IMPORT,NSFT,VC202200012
CONT2022000196,IMPORT,NSFT,VC202200012
CONT2022000197,IMPORT,NSFT,VC202200012
CONT2022000198,IMPORT,NSFT,VC202200012
CONT2022000199,IMPORT,NSFT,VC202200012
CONT2022000200,IMPORT,NSFT,VC202200012
CONT2022000201,IMPORT,NSFT,VC202200012
CONT2022000202,EXPORT,NSFT,VC202200012
CONT2022000203,IMPORT,GTI,VC202200013
CONT2022000204,EXPORT,GTI,VC202200013
CONT2022000205,EXPORT,GTI,VC202200013
CONT2022000206,EXPORT,GTI,VC202200013
CONT2022000207,IMPORT,GTI,VC202200013
CONT2022000208,IMPORT,GTI,VC202200013
CONT2022000209,IMPORT,GTI,VC202200014
CONT2022000210,IMPORT,GTI,VC202200014
CONT2022000211,IMPORT,GTI,VC202200014
CONT2022000212,IMPORT,GTI,VC202200014
CONT2022000213,IMPORT,GTI,VC202200014
CONT2022000214,IMPORT,GTI,VC202200014
CONT2022000215,IMPORT,NSICT,VC202200015
CONT2022000216,IMPORT,NSICT,VC202200015
CONT2022000217,EXPORT,NSICT,VC202200015
CONT2022000218,EXPORT,NSICT,VC202200015
CONT2022000219,EXPORT,NSICT,VC202200015
CONT2022000220,EXPORT,NSICT,VC202200015
CONT2022000221,EXPORT,NSICT,VC202200015
CONT2022000222,EXPORT,NSICT,VC202200015
CONT2022000223,IMPORT,NSICT,VC202200015
CONT2022000224,IMPORT,NSICT,VC202200015
CONT2022000225,EXPORT,GTI,VC202200016
CONT2022000226,IMPORT,GTI,VC202200016
CONT2022000227,IMPORT,GTI,VC202200016
CONT2022000228,IMPORT,GTI,VC202200016
CONT2022000229,EXPORT,GTI,VC202200016
CONT2022000230,IMPORT,GTI,VC202200016
CONT2022000231,EXPORT,GTI,VC202200016
CONT2022000232,EXPORT,GTI,VC202200016
CONT2022000233,IMPORT,NSFT,VC202200017
CONT2022000234,EXPORT,NSFT,VC202200017
CONT2022000235,IMPORT,NSFT,VC202200017
CONT2022000236,EXPORT,NSFT,VC202200017
CONT2022000237,IMPORT,NSFT,VC202200017
CONT2022000238,EXPORT,NSFT,VC202200017
CONT2022000239,IMPORT,NSFT,VC202200017
CONT2022000240,IMPORT,NSFT,VC202200017
CONT2022000241,IMPORT,NSFT,VC202200017
CONT2022000242,EXPORT,NSFT,VC202200017
CONT2022000243,IMPORT,NSFT,VC202200017
CONT2022000244,IMPORT,NSFT,VC202200017
CONT2022000245,EXPORT,NSFT,VC202200017
CONT2022000246,IMPORT,NSFT,VC202200017
CONT2022000247,EXPORT,NSFT,VC202200017
CONT2022000248,EXPORT,NSFT,VC202200017
CONT2022000249,EXPORT,NSICT,VC202200018
CONT2022000250,IMPORT,NSICT,VC202200018
CONT2022000251,EXPORT,NSICT,VC202200018
CONT2022000252,IMPORT,NSICT,VC202200018
CONT2022000253,EXPORT,NSICT,VC202200018
CONT2022000254,EXPORT,NSICT,VC202200018
CONT2022000255,IMPORT,NSICT,VC202200018
CONT2022000256,EXPORT,NSICT,VC202200018
CONT2022000257,EXPORT,NSIGT,VC202200019
CONT2022000258,IMPORT,NSIGT,VC202200019
CONT2022000259,EXPORT,NSIGT,VC202200019
CONT2022000260,IMPORT,NSIGT,VC202200019
CONT2022000261,EXPORT,NSIGT,VC202200019
CONT2022000262,EXPORT,NSIGT,VC202200019
CONT2022000263,EXPORT,NSICT,VC202200020
CONT2022000264,IMPORT,NSICT,VC202200020
CONT2022000265,IMPORT,NSICT,VC202200020
CONT2022000266,EXPORT,NSICT,VC202200020
CONT2022000267,EXPORT,NSICT,VC202200020
CONT2022000268,IMPORT,NSICT,VC202200020
CONT2022000269,EXPORT,NSICT,VC202200020
CONT2022000270,IMPORT,NSICT,VC202200020
CONT2022000271,IMPORT,NSICT,VC202200020
CONT2022000272,IMPORT,NSICT,VC202200020
CONT2022000273,EXPORT,NSICT,VC202200020
CONT2022000274,EXPORT,NSICT,VC202200020
CONT2022000275,IMPORT,NSICT,VC202200020
CONT2022000276,EXPORT,NSICT,VC202200020
CONT2022000277,EXPORT,NSICT,VC202200020
CONT2022000278,IMPORT,NSICT,VC202200020
CONT2022000279,IMPORT,NSICT,VC202200020
CONT2022000280,IMPORT,NSICT,VC202200020
CONT2022000281,IMPORT,NSICT,VC202200020
CONT2022000282,EXPORT,NSICT,VC202200020
CONT2022000283,EXPORT,NSICT,VC202200020
CONT2022000284,EXPORT,NSICT,VC202200020
CONT2022000285,EXPORT,NSICT,VC202200020
CONT2022000286,EXPORT,NSICT,VC202200020
CONT2022000287,EXPORT,NSICT,VC202200020
CONT2022000288,EXPORT,NSICT,VC202200020
CONT2022000289,IMPORT,NSICT,VC202200020
CONT2022000290,EXPORT,NSICT,VC202200020
CONT2022000291,EXPORT,NSICT,VC202200020
CONT2022000292,EXPORT,NSICT,VC202200020
CONT2022000293,IMPORT,NSIGT,VC202200021
CONT2022000294,EXPORT,NSIGT,VC202200021
CONT2022000295,EXPORT,NSIGT,VC202200021
CONT2022000296,EXPORT,NSIGT,VC202200021
CONT2022000297,IMPORT,NSIGT,VC202200021
CONT2022000298,IMPORT,NSIGT,VC202200021
CONT2022000299,IMPORT,NSIGT,VC202200021
CONT2022000300,IMPORT,NSIGT,VC202200021
CONT2022000301,EXPORT,NSIGT,VC202200021
CONT2022000302,IMPORT,NSIGT,VC202200021
CONT2022000303,IMPORT,NSIGT,VC202200021
CONT2022000304,IMPORT,NSIGT,VC202200021
CONT2022000305,EXPORT,NSICT,VC202200022
CONT2022000306,EXPORT,NSICT,VC202200022
CONT2022000307,IMPORT,NSICT,VC202200022
CONT2022000308,EXPORT,NSICT,VC202200022
CONT2022000309,EXPORT,NSICT,VC202200022
CONT2022000310,EXPORT,NSICT,VC202200022
CONT2022000311,EXPORT,NSICT,VC202200022
CONT2022000312,IMPORT,NSICT,VC202200022
CONT2022000313,IMPORT,NSICT,VC202200022
CONT2022000314,EXPORT,NSICT,VC202200022
CONT2022000315,EXPORT,NSICT,VC202200022
CONT2022000316,EXPORT,NSICT,VC202200022
CONT2022000317,IMPORT,NSICT,VC202200022
CONT2022000318,IMPORT,NSICT,VC202200022
CONT2022000319,EXPORT,GTI,VC202200023
CONT2022000320,IMPORT,GTI,VC202200023
CONT2022000321,EXPORT,GTI,VC202200023
CONT2022000322,EXPORT,GTI,VC202200023
CONT2022000323,EXPORT,GTI,VC202200023
CONT2022000324,IMPORT,GTI,VC202200023
CONT2022000325,EXPORT,GTI,VC202200024
CONT2022000326,EXPORT,GTI,VC202200024
CONT2022000327,EXPORT,GTI,VC202200024
CONT2022000328,IMPORT,GTI,VC202200024
CONT2022000329,IMPORT,GTI,VC202200024
CONT2022000330,IMPORT,GTI,VC202200024
CONT2022000331,IMPORT,GTI,VC202200024
CONT2022000332,EXPORT,GTI,VC202200024
CONT2022000333,IMPORT,GTI,VC202200024
CONT2022000334,IMPORT,GTI,VC202200024
CONT2022000335,IMPORT,NSIGT,VC202200025
CONT2022000336,EXPORT,NSIGT,VC202200025
CONT2022000337,EXPORT,NSIGT,VC202200025
CONT2022000338,IMPORT,NSIGT,VC202200025
CONT2022000339,IMPORT,NSIGT,VC202200025
CONT2022000340,IMPORT,NSIGT,VC202200025
CONT2022000341,EXPORT,NSIGT,VC202200025
CONT2022000342,IMPORT,NSIGT,VC202200025
CONT2022000343,EXPORT,NSIGT,VC202200025
CONT2022000344,EXPORT,NSIGT,VC202200025
CONT2022000345,IMPORT,NSIGT,VC202200025
CONT2022000346,EXPORT,NSIGT,VC202200025
CONT2022000347,EXPORT,NSIGT,VC202200025
CONT2022000348,EXPORT,NSIGT,VC202200025
CONT2022000349,EXPORT,NSICT,VC202200026
CONT2022000350,IMPORT,NSICT,VC202200026
CONT2022000351,IMPORT,NSICT,VC202200026
CONT2022000352,EXPORT,NSICT,VC202200026
CONT2022000353,IMPORT,NSICT,VC202200026
CONT2022000354,IMPORT,NSICT,VC202200026
CONT2022000355,EXPORT,NSICT,VC202200026
CONT2022000356,EXPORT,NSIGT,VC202200027
CONT2022000357,IMPORT,NSIGT,VC202200027
CONT2022000358,EXPORT,NSIGT,VC202200027
CONT2022000359,IMPORT,NSIGT,VC202200027
CONT2022000360,IMPORT,NSIGT,VC202200027
CONT2022000361,EXPORT,NSIGT,VC202200027
CONT2022000362,IMPORT,NSIGT,VC202200027
CONT2022000363,IMPORT,NSIGT,VC202200027
CONT2022000364,IMPORT,NSIGT,VC202200027
CONT2022000365,IMPORT,NSIGT,VC202200027
CONT2022000366,EXPORT,NSIGT,VC202200027
CONT2022000367,EXPORT,NSIGT,VC202200027
CONT2022000368,IMPORT,NSIGT,VC202200027
CONT2022000369,IMPORT,NSIGT,VC202200027
CONT2022000370,EXPORT,NSIGT,VC202200027
CONT2022000371,EXPORT,NSIGT,VC202200027
CONT2022000372,EXPORT,NSIGT,VC202200027
CONT2022000373,EXPORT,NSFT,VC202200028
CONT2022000374,IMPORT,NSFT,VC202200028
CONT2022000375,EXPORT,NSFT,VC202200028
CONT2022000376,EXPORT,NSFT,VC202200028
CONT2022000377,IMPORT,NSFT,VC202200028
CONT2022000378,IMPORT,NSFT,VC202200028
CONT2022000379,EXPORT,NSFT,VC202200028
CONT2022000380,IMPORT,NSFT,VC202200028
CONT2022000381,IMPORT,NSFT,VC202200028
CONT2022000382,IMPORT,NSFT,VC202200028
CONT2022000383,IMPORT,NSIGT,VC202200029
CONT2022000384,IMPORT,NSIGT,VC202200029
CONT2022000385,IMPORT,NSIGT,VC202200029
CONT2022000386,IMPORT,NSIGT,VC202200029
CONT2022000387,IMPORT,NSIGT,VC202200029
CONT2022000388,IMPORT,NSIGT,VC202200029
CONT2022000389,IMPORT,NSIGT,VC202200029
CONT2022000390,IMPORT,NSIGT,VC202200029
CONT2022000391,IMPORT,NSIGT,VC202200029
CONT2022000392,IMPORT,NSIGT,VC202200029
CONT2022000393,EXPORT,NSIGT,VC202200029
CONT2022000394,IMPORT,NSIGT,VC202200030
CONT2022000395,EXPORT,NSIGT,VC202200030
CONT2022000396,EXPORT,NSIGT,VC202200030
CONT2022000397,IMPORT,NSIGT,VC202200030
CONT2022000398,IMPORT,NSIGT,VC202200030
CONT2022000399,EXPORT,NSIGT,VC202200030
CONT2022000400,IMPORT,NSIGT,VC202200030
CONT2022000401,IMPORT,NSIGT,VC202200030
CONT2022000402,IMPORT,NSIGT,VC202200030
CONT2022000403,IMPORT,NSIGT,VC202200030
CONT2022000404,IMPORT,NSIGT,VC202200031
CONT2022000405,EXPORT,NSIGT,VC202200031
CONT2022000406,IMPORT,NSIGT,VC202200031
CONT2022000407,IMPORT,NSIGT,VC202200031
CONT2022000408,EXPORT,NSIGT,VC202200031
CONT2022000409,EXPORT,NSIGT,VC202200031
CONT2022000410,EXPORT,NSIGT,VC202200031
CONT2022000411,EXPORT,NSIGT,VC202200031
CONT2022000412,IMPORT,NSIGT,VC202200031
CONT2022000413,IMPORT,NSIGT,VC202200031
CONT2022000414,IMPORT,NSIGT,VC202200031
CONT2022000415,IMPORT,NSIGT,VC202200031
CONT2022000416,IMPORT,NSIGT,VC202200031
CONT2022000417,EXPORT,NSIGT,VC202200031
CONT2022000418,EXPORT,NSIGT,VC202200031
CONT2022000419,EXPORT,NSIGT,VC202200031
CONT2022000420,IMPORT,NSIGT,VC202200031
CONT2022000421,IMPORT,NSIGT,VC202200031
CONT2022000422,IMPORT,NSIGT,VC202200031
CONT2022000423,EXPORT,NSIGT,VC202200031
CONT2022000424,EXPORT,NSIGT,VC202200031
CONT2022000425,IMPORT,NSIGT,VC202200031
CONT2022000426,IMPORT,NSIGT,VC202200031
CONT2022000427,IMPORT,NSIGT,VC202200031
CONT2022000428,EXPORT,NSIGT,VC202200031
CONT2022000429,EXPORT,NSIGT,VC202200031
CONT2022000430,IMPORT,NSIGT,VC202200031
CONT2022000431,EXPORT,NSIGT,VC202200031
CONT2022000432,EXPORT,NSIGT,VC202200031
CONT2022000433,EXPORT,NSIGT,VC202200031
CONT2022000434,IMPORT,NSIGT,VC202200031
CONT2022000435,EXPORT,NSIGT,VC202200031
CONT2022000436,IMPORT,NSIGT,VC202200031
CONT2022000437,EXPORT,NSIGT,VC202200031
CONT2022000438,IMPORT,NSIGT,VC202200031
CONT2022000439,EXPORT,NSIGT,VC202200031
CONT2022000440,EXPORT,NSIGT,VC202200031
CONT2022000441,IMPORT,GTI,VC202200032
CONT2022000442,IMPORT,GTI,VC202200032
CONT2022000443,IMPORT,GTI,VC202200032
CONT2022000444,EXPORT,GTI,VC202200032
CONT2022000445,IMPORT,GTI,VC202200032
CONT2022000446,IMPORT,GTI,VC202200032
CONT2022000447,EXPORT,GTI,VC202200032
CONT2022000448,IMPORT,GTI,VC202200032
CONT2022000449,IMPORT,GTI,VC202200032
CONT2022000450,EXPORT,GTI,VC202200032
CONT2022000451,IMPORT,GTI,VC202200032
CONT2022000452,EXPORT,GTI,VC202200032
CONT2022000453,IMPORT,GTI,VC202200032
CONT2022000454,EXPORT,NSICT,VC202200033
CONT2022000455,EXPORT,NSICT,VC202200033
CONT2022000456,IMPORT,NSICT,VC202200033
CONT2022000457,IMPORT,NSICT,VC202200033
CONT2022000458,EXPORT,NSICT,VC202200033
CONT2022000459,IMPORT,NSICT,VC202200033
CONT2022000460,EXPORT,NSICT,VC202200033
CONT2022000461,IMPORT,NSICT,VC202200033
CONT2022000462,EXPORT,NSIGT,VC202200034
CONT2022000463,EXPORT,NSIGT,VC202200034
CONT2022000464,IMPORT,NSIGT,VC202200034
CONT2022000465,IMPORT,NSIGT,VC202200034
CONT2022000466,IMPORT,NSIGT,VC202200034
CONT2022000467,EXPORT,NSIGT,VC202200034
CONT2022000468,IMPORT,NSIGT,VC202200034
CONT2022000469,EXPORT,NSIGT,VC202200034
CONT2022000470,IMPORT,NSIGT,VC202200034
CONT2022000471,EXPORT,NSIGT,VC202200034
CONT2022000472,IMPORT,NSIGT,VC202200034
CONT2022000473,EXPORT,NSIGT,VC202200034
CONT2022000474,IMPORT,NSIGT,VC202200034
CONT2022000475,IMPORT,NSIGT,VC202200034
CONT2022000476,IMPORT,NSIGT,VC202200034
CONT2022000477,EXPORT,NSIGT,VC202200034
CONT2022000478,IMPORT,NSIGT,VC202200034
CONT2022000479,EXPORT,NSIGT,VC202200034
CONT2022000480,IMPORT,NSIGT,VC202200034
CONT2022000481,EXPORT,NSIGT,VC202200034
CONT2022000482,EXPORT,NSIGT,VC202200034
CONT2022000483,IMPORT,GTI,VC202200035
CONT2022000484,IMPORT,GTI,VC202200035
CONT2022000485,EXPORT,GTI,VC202200035
CONT2022000486,IMPORT,GTI,VC202200035
CONT2022000487,EXPORT,GTI,VC202200035
CONT2022000488,EXPORT,GTI,VC202200035
CONT2022000489,IMPORT,GTI,VC202200035
CONT2022000490,EXPORT,BMCT,VC202200036
CONT2022000491,EXPORT,BMCT,VC202200036
CONT2022000492,IMPORT,BMCT,VC202200036
CONT2022000493,IMPORT,BMCT,VC202200036
CONT2022000494,EXPORT,BMCT,VC202200036
CONT2022000495,EXPORT,BMCT,VC202200036
CONT2022000496,EXPORT,BMCT,VC202200036
CONT2022000497,EXPORT,BMCT,VC202200036
CONT2022000498,IMPORT,BMCT,VC202200036
CONT2022000499,EXPORT,BMCT,VC202200036
CONT2022000500,IMPORT,BMCT,VC202200036
CONT2022000501,IMPORT,BMCT,VC202200036
CONT2022000502,EXPORT,BMCT,VC202200036
CONT2022000503,IMPORT,BMCT,VC202200036
CONT2022000504,IMPORT,BMCT,VC202200036
CONT2022000505,EXPORT,NSFT,VC202200037
CONT2022000506,EXPORT,NSFT,VC202200037
CONT2022000507,EXPORT,NSFT,VC202200037
CONT2022000508,EXPORT,NSFT,VC202200037
CONT2022000509,IMPORT,NSFT,VC202200037
CONT2022000510,IMPORT,NSFT,VC202200037
CONT2022000511,IMPORT,NSIGT,VC202200038
CONT2022000512,EXPORT,NSIGT,VC202200038
CONT2022000513,IMPORT,NSIGT,VC202200038
CONT2022000514,IMPORT,NSIGT,VC202200038
CONT2022000515,IMPORT,NSIGT,VC202200038
CONT2022000516,IMPORT,NSIGT,VC202200038
CONT2022000517,EXPORT,NSIGT,VC202200038
CONT2022000518,EXPORT,GTI,VC202200039
CONT2022000519,IMPORT,GTI,VC202200039
CONT2022000520,IMPORT,GTI,VC202200039
CONT2022000521,EXPORT,GTI,VC202200039
CONT2022000522,EXPORT,GTI,VC202200039
CONT2022000523,IMPORT,GTI,VC202200039
CONT2022000524,EXPORT,GTI,VC202200039
CONT2022000525,EXPORT,GTI,VC202200039
CONT2022000526,EXPORT,GTI,VC202200039
CONT2022000527,EXPORT,GTI,VC202200039
CONT2022000528,IMPORT,GTI,VC202200039
CONT2022000529,IMPORT,GTI,VC202200039
CONT2022000530,IMPORT,GTI,VC202200039
CONT2022000531,IMPORT,GTI,VC202200039
CONT2022000532,EXPORT,GTI,VC202200039
CONT2022000533,IMPORT,NSFT,VC202200040
CONT2022000534,EXPORT,NSFT,VC202200040
CONT2022000535,IMPORT,NSFT,VC202200040
CONT2022000536,EXPORT,NSFT,VC202200040
CONT2022000537,IMPORT,NSFT,VC202200040
CONT2022000538,EXPORT,NSFT,VC202200040
CONT2022000539,EXPORT,NSFT,VC202200040
CONT2022000540,EXPORT,NSFT,VC202200040
CONT2022000541,IMPORT,NSFT,VC202200040
CONT2022000542,EXPORT,NSFT,VC202200040
CONT2022000543,EXPORT,NSFT,VC202200040
CONT2022000544,EXPORT,NSFT,VC202200040
CONT2022000545,EXPORT,NSFT,VC202200040
CONT2022000546,IMPORT,NSFT,VC202200040
CONT2022000547,IMPORT,NSFT,VC202200040
CONT2022000548,IMPORT,NSFT,VC202200040
CONT2022000549,EXPORT,NSFT,VC202200040
CONT2022000550,IMPORT,NSFT,VC202200040
CONT2022000551,IMPORT,NSFT,VC202200040
CONT2022000552,IMPORT,NSFT,VC202200040
CONT2022000553,EXPORT,BMCT,VC202200041
CONT2022000554,EXPORT,BMCT,VC202200041
CONT2022000555,EXPORT,BMCT,VC202200041
CONT2022000556,IMPORT,BMCT,VC202200041
CONT2022000557,EXPORT,BMCT,VC202200041
CONT2022000558,IMPORT,BMCT,VC202200041
CONT2022000559,EXPORT,BMCT,VC202200041
CONT2022000560,IMPORT,BMCT,VC202200041
CONT2022000561,IMPORT,BMCT,VC202200041
CONT2022000562,EXPORT,BMCT,VC202200041
CONT2022000563,IMPORT,BMCT,VC202200041
CONT2022000564,EXPORT,BMCT,VC202200041
CONT2022000565,IMPORT,BMCT,VC202200041
CONT2022000566,EXPORT,BMCT,VC202200041
CONT2022000567,EXPORT,BMCT,VC202200041
CONT2022000568,IMPORT,NSIGT,VC202200042
CONT2022000569,EXPORT,NSIGT,VC202200042
CONT2022000570,IMPORT,NSIGT,VC202200042
CONT2022000571,EXPORT,NSIGT,VC202200042
CONT2022000572,IMPORT,NSIGT,VC202200042
CONT2022000573,IMPORT,NSIGT,VC202200042
CONT2022000574,EXPORT,NSIGT,VC202200042
CONT2022000575,IMPORT,NSIGT,VC202200042
CONT2022000576,EXPORT,NSIGT,VC202200042
CONT2022000577,IMPORT,NSIGT,VC202200042
CONT2022000578,EXPORT,NSIGT,VC202200042
CONT2022000579,IMPORT,NSIGT,VC202200042
CONT2022000580,EXPORT,NSIGT,VC202200042
CONT2022000581,IMPORT,NSICT,VC202200043
CONT2022000582,IMPORT,NSICT,VC202200043
CONT2022000583,EXPORT,NSICT,VC202200043
CONT2022000584,IMPORT,NSICT,VC202200043
CONT2022000585,EXPORT,NSICT,VC202200043
CONT2022000586,EXPORT,NSICT,VC202200043
CONT2022000587,EXPORT,NSICT,VC202200043
CONT2022000588,IMPORT,NSICT,VC202200043
CONT2022000589,IMPORT,NSICT,VC202200043
CONT2022000590,EXPORT,NSICT,VC202200043
CONT2022000591,EXPORT,NSICT,VC202200043
CONT2022000592,EXPORT,NSFT,VC202200044
CONT2022000593,IMPORT,NSFT,VC202200044
CONT2022000594,EXPORT,NSFT,VC202200044
CONT2022000595,EXPORT,NSFT,VC202200044
CONT2022000596,IMPORT,NSFT,VC202200044
CONT2022000597,EXPORT,NSFT,VC202200044
CONT2022000598,IMPORT,BMCT,VC202200045
CONT2022000599,EXPORT,BMCT,VC202200045
CONT2022000600,EXPORT,BMCT,VC202200045
CONT2022000601,EXPORT,BMCT,VC202200045
CONT2022000602,IMPORT,BMCT,VC202200045
CONT2022000603,EXPORT,BMCT,VC202200045
CONT2022000604,IMPORT,BMCT,VC202200045
CONT2022000605,EXPORT,BMCT,VC202200045
CONT2022000606,EXPORT,BMCT,VC202200045
CONT2022000607,IMPORT,NSIGT,VC202200046
CONT2022000608,IMPORT,NSIGT,VC202200046
CONT2022000609,IMPORT,NSIGT,VC202200046
CONT2022000610,EXPORT,NSIGT,VC202200046
CONT2022000611,EXPORT,NSIGT,VC202200046
CONT2022000612,IMPORT,NSIGT,VC202200046
CONT2022000613,EXPORT,NSIGT,VC202200046
CONT2022000614,EXPORT,NSIGT,VC202200046
CONT2022000615,IMPORT,NSIGT,VC202200046
CONT2022000616,EXPORT,NSIGT,VC202200046
CONT2022000617,IMPORT,NSIGT,VC202200047
CONT2022000618,EXPORT,NSIGT,VC202200047
CONT2022000619,IMPORT,NSIGT,VC202200047
CONT2022000620,IMPORT,NSIGT,VC202200047
CONT2022000621,EXPORT,NSIGT,VC202200047
CONT2022000622,IMPORT,NSIGT,VC202200047
CONT2022000623,IMPORT,NSIGT,VC202200047
CONT2022000624,IMPORT,NSIGT,VC202200047
CONT2022000625,EXPORT,NSIGT,VC202200047
CONT2022000626,EXPORT,NSIGT,VC202200047
CONT2022000627,EXPORT,NSIGT,VC202200047
CONT2022000628,EXPORT,NSIGT,VC202200047
CONT2022000629,IMPORT,NSIGT,VC202200047
CONT2022000630,IMPORT,NSIGT,VC202200047
CONT2022000631,IMPORT,NSIGT,VC202200047
CONT2022000632,IMPORT,NSIGT,VC202200047
CONT2022000633,IMPORT,NSIGT,VC202200047
CONT2022000634,EXPORT,NSIGT,VC202200047
CONT2022000635,IMPORT,NSIGT,VC202200047
CONT2022000636,EXPORT,NSIGT,VC202200047
CONT2022000637,IMPORT,NSIGT,VC202200047
CONT2022000638,EXPORT,NSIGT,VC202200047
CONT2022000639,EXPORT,NSIGT,VC202200047
CONT2022000640,EXPORT,NSIGT,VC202200047
CONT2022000641,IMPORT,NSIGT,VC202200048
CONT2022000642,IMPORT,NSIGT,VC202200048
CONT2022000643,IMPORT,NSIGT,VC202200048
CONT2022000644,EXPORT,NSIGT,VC202200048
CONT2022000645,EXPORT,NSIGT,VC202200048
CONT2022000646,EXPORT,NSIGT,VC202200048
CONT2022000647,IMPORT,NSIGT,VC202200048
CONT2022000648,IMPORT,NSIGT,VC202200048
CONT2022000649,EXPORT,NSIGT,VC202200048
CONT2022000650,IMPORT,NSIGT,VC202200048
CONT2022000651,EXPORT,NSIGT,VC202200048
CONT2022000652,IMPORT,NSIGT,VC202200048
CONT2022000653,EXPORT,NSIGT,VC202200048
CONT2022000654,EXPORT,NSIGT,VC202200048
CONT2022000655,IMPORT,NSIGT,VC202200048
CONT2022000656,IMPORT,NSIGT,VC202200048
CONT2022000657,EXPORT,NSICT,VC202200049
CONT2022000658,IMPORT,NSICT,VC202200049
CONT2022000659,IMPORT,NSICT,VC202200049
CONT2022000660,IMPORT,NSICT,VC202200049
CONT2022000661,IMPORT,NSICT,VC202200049
CONT2022000662,EXPORT,NSICT,VC202200049
CONT2022000663,EXPORT,NSFT,VC202200050
CONT2022000664,IMPORT,NSFT,VC202200050
CONT2022000665,EXPORT,NSFT,VC202200050
CONT2022000666,EXPORT,NSFT,VC202200050
CONT2022000667,IMPORT,NSFT,VC202200050
CONT2022000668,IMPORT,NSFT,VC202200050
CONT2022000669,EXPORT,NSFT,VC202200050
CONT2022000670,EXPORT,NSFT,VC202200050
CONT2022000671,EXPORT,NSFT,VC202200050
CONT2022000672,IMPORT,NSFT,VC202200050
CONT2022000673,IMPORT,NSFT,VC202200050
CONT2022000674,IMPORT,NSFT,VC202200050
CONT2022000675,IMPORT,NSFT,VC202200050
CONT2022000676,EXPORT,NSFT,VC202200050
CONT2022000677,IMPORT,NSFT,VC202200050
CONT2022000678,EXPORT,NSFT,VC202200050
CONT2022000679,EXPORT,BMCT,VC202200051
CONT2022000680,EXPORT,BMCT,VC202200051
CONT2022000681,EXPORT,BMCT,VC202200051
CONT2022000682,IMPORT,BMCT,VC202200051
CONT2022000683,IMPORT,BMCT,VC202200051
CONT2022000684,IMPORT,BMCT,VC202200051
CONT2022000685,EXPORT,BMCT,VC202200051
CONT2022000686,IMPORT,BMCT,VC202200051
CONT2022000687,EXPORT,BMCT,VC202200051
CONT2022000688,IMPORT,BMCT,VC202200051
CONT2022000689,EXPORT,BMCT,VC202200051
CONT2022000690,EXPORT,BMCT,VC202200052
CONT2022000691,IMPORT,BMCT,VC202200052
CONT2022000692,IMPORT,BMCT,VC202200052
CONT2022000693,IMPORT,BMCT,VC202200052
CONT2022000694,IMPORT,BMCT,VC202200052
CONT2022000695,EXPORT,BMCT,VC202200052
CONT2022000696,IMPORT,BMCT,VC202200052
CONT2022000697,EXPORT,BMCT,VC202200052
CONT2022000698,IMPORT,BMCT,VC202200052
CONT2022000699,IMPORT,BMCT,VC202200053
CONT2022000700,IMPORT,BMCT,VC202200053
CONT2022000701,EXPORT,BMCT,VC202200053
CONT2022000702,EXPORT,BMCT,VC202200053
CONT2022000703,IMPORT,BMCT,VC202200053
CONT2022000704,IMPORT,BMCT,VC202200053
CONT2022000705,IMPORT,BMCT,VC202200053
CONT2022000706,IMPORT,BMCT,VC202200053
CONT2022000707,IMPORT,BMCT,VC202200053
CONT2022000708,EXPORT,BMCT,VC202200053
CONT2022000709,EXPORT,BMCT,VC202200053
CONT2022000710,EXPORT,BMCT,VC202200053
CONT2022000711,IMPORT,BMCT,VC202200053
CONT2022000712,IMPORT,BMCT,VC202200053
CONT2022000713,IMPORT,BMCT,VC202200053
CONT2022000714,EXPORT,BMCT,VC202200053
CONT2022000715,IMPORT,BMCT,VC202200053
CONT2022000716,EXPORT,BMCT,VC202200053
CONT2022000717,IMPORT,BMCT,VC202200053
CONT2022000718,IMPORT,BMCT,VC202200054
CONT2022000719,IMPORT,BMCT,VC202200054
CONT2022000720,EXPORT,BMCT,VC202200054
CONT2022000721,IMPORT,BMCT,VC202200054
CONT2022000722,IMPORT,BMCT,VC202200054
CONT2022000723,EXPORT,BMCT,VC202200054
CONT2022000724,IMPORT,BMCT,VC202200054
CONT2022000725,IMPORT,BMCT,VC202200054
CONT2022000726,EXPORT,BMCT,VC202200054
CONT2022000727,EXPORT,BMCT,VC202200054
CONT2022000728,EXPORT,BMCT,VC202200054
CONT2022000729,IMPORT,BMCT,VC202200054
CONT2022000730,EXPORT,BMCT,VC202200054
CONT2022000731,EXPORT,BMCT,VC202200054
CONT2022000732,IMPORT,BMCT,VC202200054
CONT2022000733,EXPORT,BMCT,VC202200054
CONT2022000734,EXPORT,BMCT,VC202200054
CONT2022000735,IMPORT,BMCT,VC202200054
CONT2022000736,IMPORT,BMCT,VC202200054
CONT2022000737,IMPORT,BMCT,VC202200054
CONT2022000738,IMPORT,BMCT,VC202200054
CONT2022000739,EXPORT,BMCT,VC202200054
CONT2022000740,IMPORT,BMCT,VC202200054
CONT2022000741,EXPORT,BMCT,VC202200054
CONT2022000742,IMPORT,GTI,VC202200055
CONT2022000743,IMPORT,GTI,VC202200055
CONT2022000744,EXPORT,GTI,VC202200055
CONT2022000745,IMPORT,GTI,VC202200055
CONT2022000746,EXPORT,GTI,VC202200055
CONT2022000747,IMPORT,GTI,VC202200055
CONT2022000748,IMPORT,GTI,VC202200055
CONT2022000749,EXPORT,GTI,VC202200055
CONT2022000750,EXPORT,GTI,VC202200055
CONT2022000751,EXPORT,GTI,VC202200055
CONT2022000752,IMPORT,GTI,VC202200055
CONT2022000753,EXPORT,GTI,VC202200055
CONT2022000754,EXPORT,GTI,VC202200055
CONT2022000755,IMPORT,GTI,VC202200055
CONT2022000756,IMPORT,GTI,VC202200055
CONT2022000757,EXPORT,GTI,VC202200055
CONT2022000758,EXPORT,GTI,VC202200055
CONT2022000759,EXPORT,GTI,VC202200055
CONT2022000760,IMPORT,GTI,VC202200055
CONT2022000761,IMPORT,GTI,VC202200055
CONT2022000762,IMPORT,GTI,VC202200055
CONT2022000763,IMPORT,GTI,VC202200055
CONT2022000764,IMPORT,GTI,VC202200055
CONT2022000765,EXPORT,NSICT,VC202200056
CONT2022000766,EXPORT,NSICT,VC202200056
CONT2022000767,EXPORT,NSICT,VC202200056
CONT2022000768,IMPORT,NSICT,VC202200056
CONT2022000769,EXPORT,NSICT,VC202200056
CONT2022000770,IMPORT,NSICT,VC202200056
CONT2022000771,EXPORT,NSICT,VC202200056
CONT2022000772,EXPORT,NSICT,VC202200056
CONT2022000773,IMPORT,NSICT,VC202200056
CONT2022000774,EXPORT,BMCT,VC202200057
CONT2022000775,IMPORT,BMCT,VC202200057
CONT2022000776,EXPORT,BMCT,VC202200057
CONT2022000777,IMPORT,BMCT,VC202200057
CONT2022000778,IMPORT,BMCT,VC202200057
CONT2022000779,IMPORT,BMCT,VC202200057
CONT2022000780,IMPORT,BMCT,VC202200057
CONT2022000781,EXPORT,BMCT,VC202200057
CONT2022000782,EXPORT,BMCT,VC202200057
CONT2022000783,EXPORT,BMCT,VC202200057
CONT2022000784,EXPORT,BMCT,VC202200057
CONT2022000785,EXPORT,NSFT,VC202200058
CONT2022000786,EXPORT,NSFT,VC202200058
CONT2022000787,IMPORT,NSFT,VC202200058
CONT2022000788,EXPORT,NSFT,VC202200058
CONT2022000789,IMPORT,NSFT,VC202200058
CONT2022000790,IMPORT,NSFT,VC202200058
CONT2022000791,IMPORT,NSFT,VC202200058
CONT2022000792,IMPORT,NSFT,VC202200058
CONT2022000793,IMPORT,NSFT,VC202200058
CONT2022000794,IMPORT,NSFT,VC202200058
CONT2022000795,EXPORT,NSFT,VC202200058
CONT2022000796,EXPORT,NSFT,VC202200058
CONT2022000797,IMPORT,NSFT,VC202200058
CONT2022000798,IMPORT,NSFT,VC202200058
CONT2022000799,IMPORT,NSFT,VC202200058
CONT2022000800,EXPORT,NSFT,VC202200058
CONT2022000801,IMPORT,BMCT,VC202200059
CONT2022000802,EXPORT,BMCT,VC202200059
CONT2022000803,IMPORT,BMCT,VC202200059
CONT2022000804,IMPORT,BMCT,VC202200059
CONT2022000805,EXPORT,BMCT,VC202200059
CONT2022000806,IMPORT,BMCT,VC202200059
CONT2022000807,IMPORT,BMCT,VC202200059
CONT2022000808,IMPORT,BMCT,VC202200059
CONT2022000809,EXPORT,BMCT,VC202200059
CONT2022000810,IMPORT,BMCT,VC202200059
CONT2022000811,EXPORT,BMCT,VC202200059
CONT2022000812,EXPORT,BMCT,VC202200059
CONT2022000813,IMPORT,BMCT,VC202200059
CONT2022000814,EXPORT,BMCT,VC202200059
CONT2022000815,IMPORT,BMCT,VC202200059
CONT2022000816,EXPORT,BMCT,VC202200059
CONT2022000817,EXPORT,BMCT,VC202200059
CONT2022000818,IMPORT,BMCT,VC202200059
CONT2022000819,IMPORT,BMCT,VC202200059
CONT2022000820,IMPORT,BMCT,VC202200059
CONT2022000821,EXPORT,BMCT,VC202200059
CONT2022000822,IMPORT,BMCT,VC202200059
CONT2022000823,IMPORT,BMCT,VC202200059
CONT2022000824,EXPORT,NSFT,VC202200060
CONT2022000825,EXPORT,NSFT,VC202200060
CONT2022000826,EXPORT,NSFT,VC202200060
CONT2022000827,IMPORT,NSFT,VC202200060
CONT2022000828,IMPORT,NSFT,VC202200060
CONT2022000829,EXPORT,NSFT,VC202200060
CONT2022000830,IMPORT,NSFT,VC202200060
CONT2022000831,IMPORT,NSFT,VC202200060
CONT2022000832,EXPORT,NSFT,VC202200060
CONT2022000833,EXPORT,NSFT,VC202200060
CONT2022000834,EXPORT,NSFT,VC202200061
CONT2022000835,IMPORT,NSFT,VC202200061
CONT2022000836,IMPORT,NSFT,VC202200061
CONT2022000837,IMPORT,NSFT,VC202200061
CONT2022000838,IMPORT,NSFT,VC202200061
CONT2022000839,EXPORT,NSFT,VC202200061
CONT2022000840,EXPORT,NSFT,VC202200061
CONT2022000841,IMPORT,NSFT,VC202200061
CONT2022000842,EXPORT,NSFT,VC202200061
CONT2022000843,EXPORT,NSFT,VC202200061
CONT2022000844,IMPORT,NSFT,VC202200061
CONT2022000845,EXPORT,NSFT,VC202200061
CONT2022000846,EXPORT,GTI,VC202200062
CONT2022000847,EXPORT,GTI,VC202200062
CONT2022000848,IMPORT,GTI,VC202200062
CONT2022000849,EXPORT,GTI,VC202200062
CONT2022000850,IMPORT,GTI,VC202200062
CONT2022000851,IMPORT,GTI,VC202200062
CONT2022000852,IMPORT,GTI,VC202200062
CONT2022000853,IMPORT,NSFT,VC202200063
CONT2022000854,IMPORT,NSFT,VC202200063
CONT2022000855,IMPORT,NSFT,VC202200063
CONT2022000856,EXPORT,NSFT,VC202200063
CONT2022000857,EXPORT,NSFT,VC202200063
CONT2022000858,EXPORT,NSFT,VC202200063
CONT2022000859,EXPORT,NSFT,VC202200063
CONT2022000860,IMPORT,NSFT,VC202200064
CONT2022000861,EXPORT,NSFT,VC202200064
CONT2022000862,IMPORT,NSFT,VC202200064
CONT2022000863,IMPORT,NSFT,VC202200064
CONT2022000864,IMPORT,NSFT,VC202200064
CONT2022000865,EXPORT,NSFT,VC202200064
CONT2022000866,EXPORT,NSFT,VC202200064
CONT2022000867,IMPORT,NSFT,VC202200064
CONT2022000868,EXPORT,NSFT,VC202200064
CONT2022000869,IMPORT,NSFT,VC202200064
CONT2022000870,EXPORT,NSFT,VC202200064
CONT2022000871,EXPORT,NSFT,VC202200064
CONT2022000872,IMPORT,NSFT,VC202200064
CONT2022000873,EXPORT,NSFT,VC202200064
CONT2022000874,IMPORT,NSFT,VC202200064
CONT2022000875,EXPORT,NSFT,VC202200064
CONT2022000876,IMPORT,NSFT,VC202200064
CONT2022000877,IMPORT,NSFT,VC202200064
CONT2022000878,EXPORT,NSFT,VC202200064
CONT2022000879,IMPORT,NSFT,VC202200064
CONT2022000880,IMPORT,NSFT,VC202200064
CONT2022000881,EXPORT,NSFT,VC202200065
CONT2022000882,IMPORT,NSFT,VC202200065
CONT2022000883,EXPORT,NSFT,VC202200065
CONT2022000884,EXPORT,NSFT,VC202200065
CONT2022000885,EXPORT,NSFT,VC202200065
CONT2022000886,IMPORT,NSFT,VC202200065
CONT2022000887,IMPORT,NSFT,VC202200065
CONT2022000888,IMPORT,NSFT,VC202200065
CONT2022000889,IMPORT,NSFT,VC202200065
CONT2022000890,IMPORT,NSFT,VC202200065
CONT2022000891,IMPORT,NSFT,VC202200065
CONT2022000892,EXPORT,NSFT,VC202200065
CONT2022000893,IMPORT,NSFT,VC202200065
CONT2022000894,EXPORT,NSFT,VC202200065
CONT2022000895,EXPORT,NSFT,VC202200065
CONT2022000896,EXPORT,NSFT,VC202200065
CONT2022000897,IMPORT,NSFT,VC202200065
CONT2022000898,IMPORT,NSFT,VC202200065
CONT2022000899,IMPORT,NSFT,VC202200065
CONT2022000900,EXPORT,NSFT,VC202200065
CONT2022000901,IMPORT,NSFT,VC202200065
CONT2022000902,EXPORT,NSFT,VC202200065
CONT2022000903,IMPORT,NSFT,VC202200065
CONT2022000904,IMPORT,NSFT,VC202200065
CONT2022000905,EXPORT,NSFT,VC202200065
CONT2022000906,EXPORT,NSFT,VC202200065
CONT2022000907,EXPORT,NSFT,VC202200065
CONT2022000908,IMPORT,NSFT,VC202200065
CONT2022000909,EXPORT,NSIGT,VC202200066
CONT2022000910,EXPORT,NSIGT,VC202200066
CONT2022000911,EXPORT,NSIGT,VC202200066
CONT2022000912,IMPORT,NSIGT,VC202200066
CONT2022000913,IMPORT,NSIGT,VC202200066
CONT2022000914,EXPORT,NSIGT,VC202200066
CONT2022000915,IMPORT,NSIGT,VC202200066
CONT2022000916,IMPORT,NSIGT,VC202200066
CONT2022000917,EXPORT,NSIGT,VC202200066
CONT2022000918,IMPORT,NSIGT,VC202200066
CONT2022000919,IMPORT,NSIGT,VC202200066
CONT2022000920,IMPORT,NSIGT,VC202200066
CONT2022000921,EXPORT,NSIGT,VC202200066
CONT2022000922,IMPORT,GTI,VC202200067
CONT2022000923,EXPORT,GTI,VC202200067
CONT2022000924,EXPORT,GTI,VC202200067
CONT2022000925,IMPORT,GTI,VC202200067
CONT2022000926,EXPORT,GTI,VC202200067
CONT2022000927,IMPORT,GTI,VC202200067
CONT2022000928,IMPORT,GTI,VC202200067
CONT2022000929,EXPORT,GTI,VC202200067
CONT2022000930,EXPORT,GTI,VC202200067
CONT2022000931,EXPORT,GTI,VC202200067
CONT2022000932,EXPORT,GTI,VC202200067
CONT2022000933,IMPORT,GTI,VC202200067
CONT2022000934,EXPORT,GTI,VC202200067
CONT2022000935,IMPORT,GTI,VC202200067
CONT2022000936,EXPORT,GTI,VC202200067
CONT2022000937,EXPORT,GTI,VC202200067
CONT2022000938,EXPORT,GTI,VC202200067
CONT2022000939,EXPORT,GTI,VC202200067
CONT2022000940,EXPORT,GTI,VC202200067
CONT2022000941,EXPORT,GTI,VC202200067
CONT2022000942,EXPORT,GTI,VC202200067
CONT2022000943,EXPORT,GTI,VC202200067
CONT2022000944,EXPORT,GTI,VC202200067
CONT2022000945,IMPORT,NSFT,VC202200068
CONT2022000946,IMPORT,NSFT,VC202200068
CONT2022000947,IMPORT,NSFT,VC202200068
CONT2022000948,EXPORT,NSFT,VC202200068
CONT2022000949,IMPORT,NSFT,VC202200068
CONT2022000950,IMPORT,NSFT,VC202200068
CONT2022000951,EXPORT,NSFT,VC202200068
CONT2022000952,EXPORT,NSFT,VC202200068
CONT2022000953,IMPORT,NSFT,VC202200068
CONT2022000954,IMPORT,NSFT,VC202200068
CONT2022000955,EXPORT,NSFT,VC202200068
CONT2022000956,IMPORT,NSFT,VC202200068
CONT2022000957,IMPORT,NSFT,VC202200068
CONT2022000958,EXPORT,NSFT,VC202200068
CONT2022000959,EXPORT,NSFT,VC202200068
CONT2022000960,IMPORT,NSFT,VC202200068
CONT2022000961,IMPORT,NSFT,VC202200069
CONT2022000962,EXPORT,NSFT,VC202200069
CONT2022000963,EXPORT,NSFT,VC202200069
CONT2022000964,IMPORT,NSFT,VC202200069
CONT2022000965,IMPORT,NSFT,VC202200069
CONT2022000966,EXPORT,NSFT,VC202200069
CONT2022000967,IMPORT,NSFT,VC202200069
CONT2022000968,IMPORT,NSFT,VC202200069
CONT2022000969,EXPORT,NSFT,VC202200069
CONT2022000970,EXPORT,BMCT,VC202200070
CONT2022000971,EXPORT,BMCT,VC202200070
CONT2022000972,IMPORT,BMCT,VC202200070
CONT2022000973,IMPORT,BMCT,VC202200070
CONT2022000974,EXPORT,BMCT,VC202200070
CONT2022000975,EXPORT,BMCT,VC202200070
CONT2022000976,EXPORT,BMCT,VC202200070
CONT2022000977,IMPORT,BMCT,VC202200070
CONT2022000978,IMPORT,BMCT,VC202200070
CONT2022000979,EXPORT,BMCT,VC202200070
CONT2022000980,IMPORT,BMCT,VC202200070
CONT2022000981,IMPORT,BMCT,VC202200070
CONT2022000982,IMPORT,BMCT,VC202200070
CONT2022000983,EXPORT,BMCT,VC202200070
CONT2022000984,EXPORT,BMCT,VC202200070
CONT2022000985,EXPORT,BMCT,VC202200070
CONT2022000986,IMPORT,NSFT,VC202200071
CONT2022000987,IMPORT,NSFT,VC202200071
CONT2022000988,IMPORT,NSFT,VC202200071
CONT2022000989,IMPORT,NSFT,VC202200071
CONT2022000990,EXPORT,NSFT,VC202200071
CONT2022000991,EXPORT,NSFT,VC202200071
CONT2022000992,EXPORT,NSFT,VC202200071
CONT2022000993,EXPORT,NSFT,VC202200071
CONT2022000994,EXPORT,NSFT,VC202200071
CONT2022000995,IMPORT,NSFT,VC202200071
CONT2022000996,EXPORT,NSFT,VC202200071
CONT2022000997,EXPORT,NSFT,VC202200071
CONT2022000998,IMPORT,NSFT,VC202200071
CONT2022000999,IMPORT,NSFT,VC202200071
CONT2022001000,IMPORT,NSFT,VC202200071
CONT2022001001,EXPORT,NSFT,VC202200071
CONT2022001002,IMPORT,NSFT,VC202200071
CONT2022001003,EXPORT,NSFT,VC202200071
CONT2022001004,EXPORT,NSFT,VC202200071
CONT2022001005,EXPORT,NSFT,VC202200071
CONT2022001006,IMPORT,NSFT,VC202200071
CONT2022001007,IMPORT,NSFT,VC202200071
CONT2022001008,IMPORT,NSFT,VC202200071
CONT2022001009,IMPORT,NSFT,VC202200071
CONT2022001010,EXPORT,NSFT,VC202200071
CONT2022001011,IMPORT,NSFT,VC202200071
CONT2022001012,IMPORT,NSFT,VC202200071
CONT2022001013,EXPORT,NSFT,VC202200071
CONT2022001014,EXPORT,NSFT,VC202200071
CONT2022001015,IMPORT,NSFT,VC202200071
CONT2022001016,IMPORT,NSFT,VC202200071
CONT2022001017,IMPORT,NSIGT,VC202200072
CONT2022001018,IMPORT,NSIGT,VC202200072
CONT2022001019,IMPORT,NSIGT,VC202200072
CONT2022001020,IMPORT,NSIGT,VC202200072
CONT2022001021,EXPORT,NSIGT,VC202200072
CONT2022001022,EXPORT,NSIGT,VC202200072
CONT2022001023,IMPORT,NSIGT,VC202200072
CONT2022001024,IMPORT,NSIGT,VC202200072
CONT2022001025,EXPORT,NSIGT,VC202200072
CONT2022001026,IMPORT,NSIGT,VC202200072
CONT2022001027,IMPORT,NSIGT,VC202200072
CONT2022001028,EXPORT,NSIGT,VC202200072
CONT2022001029,IMPORT,NSIGT,VC202200072
CONT2022001030,EXPORT,NSIGT,VC202200073
CONT2022001031,EXPORT,NSIGT,VC202200073
CONT2022001032,EXPORT,NSIGT,VC202200073
CONT2022001033,EXPORT,NSIGT,VC202200073
CONT2022001034,IMPORT,NSIGT,VC202200073
CONT2022001035,EXPORT,NSIGT,VC202200073
CONT2022001036,IMPORT,NSIGT,VC202200073
CONT2022001037,IMPORT,NSIGT,VC202200073
CONT2022001038,EXPORT,NSIGT,VC202200073
CONT2022001039,EXPORT,NSIGT,VC202200073
CONT2022001040,IMPORT,NSIGT,VC202200073
CONT2022001041,EXPORT,NSIGT,VC202200073
CONT2022001042,EXPORT,NSIGT,VC202200073
CONT2022001043,IMPORT,NSIGT,VC202200073
CONT2022001044,EXPORT,NSIGT,VC202200073
CONT2022001045,IMPORT,NSIGT,VC202200073
CONT2022001046,EXPORT,NSIGT,VC202200073
CONT2022001047,IMPORT,NSIGT,VC202200073
CONT2022001048,EXPORT,NSIGT,VC202200073
CONT2022001049,EXPORT,NSIGT,VC202200073
CONT2022001050,EXPORT,NSIGT,VC202200073
CONT2022001051,EXPORT,NSIGT,VC202200073
CONT2022001052,EXPORT,NSIGT,VC202200073
CONT2022001053,IMPORT,NSIGT,VC202200073
CONT2022001054,IMPORT,NSIGT,VC202200073
CONT2022001055,IMPORT,NSIGT,VC202200073
CONT2022001056,EXPORT,NSIGT,VC202200073
CONT2022001057,IMPORT,NSIGT,VC202200073
CONT2022001058,EXPORT,NSIGT,VC202200073
CONT2022001059,IMPORT,NSIGT,VC202200073
CONT2022001060,EXPORT,NSIGT,VC202200073
CONT2022001061,IMPORT,NSIGT,VC202200073
CONT2022001062,EXPORT,NSIGT,VC202200074
CONT2022001063,IMPORT,NSIGT,VC202200074
CONT2022001064,EXPORT,NSIGT,VC202200074
CONT2022001065,IMPORT,NSIGT,VC202200074
CONT2022001066,IMPORT,NSIGT,VC202200074
CONT2022001067,EXPORT,NSIGT,VC202200074
CONT2022001068,IMPORT,GTI,VC202200075
CONT2022001069,IMPORT,GTI,VC202200075
CONT2022001070,EXPORT,GTI,VC202200075
CONT2022001071,EXPORT,GTI,VC202200075
CONT2022001072,EXPORT,GTI,VC202200075
CONT2022001073,EXPORT,GTI,VC202200075
CONT2022001074,IMPORT,GTI,VC202200075
CONT2022001075,IMPORT,GTI,VC202200075
CONT2022001076,IMPORT,GTI,VC202200075
CONT2022001077,IMPORT,GTI,VC202200075
CONT2022001078,EXPORT,GTI,VC202200075
CONT2022001079,EXPORT,GTI,VC202200075
CONT2022001080,EXPORT,GTI,VC202200075
CONT2022001081,EXPORT,GTI,VC202200075
CONT2022001082,EXPORT,GTI,VC202200075
CONT2022001083,EXPORT,GTI,VC202200075
CONT2022001084,IMPORT,GTI,VC202200075
CONT2022001085,EXPORT,GTI,VC202200075
CONT2022001086,IMPORT,GTI,VC202200075
CONT2022001087,IMPORT,GTI,VC202200075
CONT2022001088,IMPORT,GTI,VC202200075
CONT2022001089,EXPORT,NSICT,VC202200076
CONT2022001090,IMPORT,NSICT,VC202200076
CONT2022001091,EXPORT,NSICT,VC202200076
CONT2022001092,IMPORT,NSICT,VC202200076
CONT2022001093,EXPORT,NSICT,VC202200076
CONT2022001094,EXPORT,NSICT,VC202200076
CONT2022001095,EXPORT,NSICT,VC202200076
CONT2022001096,IMPORT,NSICT,VC202200076
CONT2022001097,EXPORT,NSICT,VC202200076
CONT2022001098,EXPORT,NSICT,VC202200076
CONT2022001099,EXPORT,NSICT,VC202200076
CONT2022001100,IMPORT,NSICT,VC202200076
CONT2022001101,EXPORT,NSICT,VC202200076
CONT2022001102,EXPORT,NSICT,VC202200076
CONT2022001103,EXPORT,NSIGT,VC202200077
CONT2022001104,IMPORT,NSIGT,VC202200077
CONT2022001105,IMPORT,NSIGT,VC202200077
CONT2022001106,IMPORT,NSIGT,VC202200077
CONT2022001107,EXPORT,NSIGT,VC202200077
CONT2022001108,IMPORT,NSIGT,VC202200077
CONT2022001109,EXPORT,NSIGT,VC202200077
CONT2022001110,EXPORT,NSIGT,VC202200077
CONT2022001111,EXPORT,NSIGT,VC202200077
CONT2022001112,EXPORT,NSIGT,VC202200077
CONT2022001113,EXPORT,NSIGT,VC202200077
CONT2022001114,EXPORT,GTI,VC202200078
CONT2022001115,IMPORT,GTI,VC202200078
CONT2022001116,EXPORT,GTI,VC202200078
CONT2022001117,IMPORT,GTI,VC202200078
CONT2022001118,IMPORT,GTI,VC202200078
CONT2022001119,IMPORT,GTI,VC202200078
CONT2022001120,EXPORT,GTI,VC202200078
CONT2022001121,EXPORT,GTI,VC202200078
CONT2022001122,IMPORT,GTI,VC202200078
CONT2022001123,EXPORT,GTI,VC202200078
CONT2022001124,EXPORT,GTI,VC202200078
CONT2022001125,EXPORT,GTI,VC202200078
CONT2022001126,EXPORT,GTI,VC202200078
CONT2022001127,IMPORT,GTI,VC202200078
CONT2022001128,EXPORT,BMCT,VC202200079
CONT2022001129,IMPORT,BMCT,VC202200079
CONT2022001130,IMPORT,BMCT,VC202200079
CONT2022001131,EXPORT,BMCT,VC202200079
CONT2022001132,IMPORT,BMCT,VC202200079
CONT2022001133,EXPORT,BMCT,VC202200079
CONT2022001134,IMPORT,GTI,VC202200080
CONT2022001135,IMPORT,GTI,VC202200080
CONT2022001136,IMPORT,GTI,VC202200080
CONT2022001137,IMPORT,GTI,VC202200080
CONT2022001138,IMPORT,GTI,VC202200080
CONT2022001139,IMPORT,GTI,VC202200080
CONT2022001140,IMPORT,GTI,VC202200080
CONT2022001141,IMPORT,GTI,VC202200080
CONT2022001142,EXPORT,GTI,VC202200080
CONT2022001143,IMPORT,GTI,VC202200080
CONT2022001144,IMPORT,GTI,VC202200080
CONT2022001145,IMPORT,GTI,VC202200080
CONT2022001146,EXPORT,NSIGT,VC202200081
CONT2022001147,IMPORT,NSIGT,VC202200081
CONT2022001148,EXPORT,NSIGT,VC202200081
CONT2022001149,EXPORT,NSIGT,VC202200081
CONT2022001150,EXPORT,NSIGT,VC202200081
CONT2022001151,EXPORT,NSIGT,VC202200081
CONT2022001152,IMPORT,NSIGT,VC202200081
CONT2022001153,IMPORT,NSIGT,VC202200081
CONT2022001154,EXPORT,NSIGT,VC202200081
CONT2022001155,EXPORT,NSIGT,VC202200081
CONT2022001156,IMPORT,NSIGT,VC202200081
CONT2022001157,IMPORT,NSIGT,VC202200081
CONT2022001158,EXPORT,NSIGT,VC202200081
CONT2022001159,EXPORT,NSIGT,VC202200081
CONT2022001160,IMPORT,NSIGT,VC202200081
CONT2022001161,IMPORT,NSIGT,VC202200081
CONT2022001162,IMPORT,NSICT,VC202200082
CONT2022001163,IMPORT,NSICT,VC202200082
CONT2022001164,IMPORT,NSICT,VC202200082
CONT2022001165,IMPORT,NSICT,VC202200082
CONT2022001166,EXPORT,NSICT,VC202200082
CONT2022001167,IMPORT,NSICT,VC202200082
CONT2022001168,IMPORT,NSICT,VC202200082
CONT2022001169,IMPORT,NSICT,VC202200082
CONT2022001170,IMPORT,NSICT,VC202200082
CONT2022001171,IMPORT,NSICT,VC202200082
CONT2022001172,EXPORT,NSICT,VC202200082
CONT2022001173,IMPORT,NSICT,VC202200082
CONT2022001174,EXPORT,NSICT,VC202200082
CONT2022001175,EXPORT,NSICT,VC202200082
CONT2022001176,EXPORT,NSICT,VC202200082
CONT2022001177,IMPORT,NSICT,VC202200082
CONT2022001178,EXPORT,NSICT,VC202200082
CONT2022001179,IMPORT,NSICT,VC202200082
CONT2022001180,IMPORT,NSICT,VC202200082
CONT2022001181,EXPORT,NSICT,VC202200082
CONT2022001182,IMPORT,NSICT,VC202200082
CONT2022001183,IMPORT,NSICT,VC202200082
CONT2022001184,IMPORT,NSICT,VC202200082
CONT2022001185,EXPORT,NSICT,VC202200082
CONT2022001186,IMPORT,NSICT,VC202200082
CONT2022001187,IMPORT,NSICT,VC202200082
CONT2022001188,EXPORT,NSICT,VC202200082
CONT2022001189,EXPORT,NSICT,VC202200082
CONT2022001190,IMPORT,NSICT,VC202200082
CONT2022001191,IMPORT,NSICT,VC202200082
CONT2022001192,IMPORT,NSICT,VC202200083
CONT2022001193,EXPORT,NSICT,VC202200083
CONT2022001194,EXPORT,NSICT,VC202200083
CONT2022001195,EXPORT,NSICT,VC202200083
CONT2022001196,IMPORT,NSICT,VC202200083
CONT2022001197,EXPORT,NSICT,VC202200083
CONT2022001198,EXPORT,NSICT,VC202200083
CONT2022001199,EXPORT,NSICT,VC202200083
CONT2022001200,EXPORT,NSICT,VC202200083
CONT2022001201,IMPORT,NSICT,VC202200083
CONT2022001202,EXPORT,NSIGT,VC202200084
CONT2022001203,EXPORT,NSIGT,VC202200084
CONT2022001204,EXPORT,NSIGT,VC202200084
CONT2022001205,EXPORT,NSIGT,VC202200084
CONT2022001206,IMPORT,NSIGT,VC202200084
CONT2022001207,IMPORT,NSIGT,VC202200084
CONT2022001208,EXPORT,NSIGT,VC202200084
CONT2022001209,IMPORT,NSIGT,VC202200084
CONT2022001210,IMPORT,NSIGT,VC202200084
CONT2022001211,EXPORT,BMCT,VC202200085
CONT2022001212,IMPORT,BMCT,VC202200085
CONT2022001213,EXPORT,BMCT,VC202200085
CONT2022001214,IMPORT,BMCT,VC202200085
CONT2022001215,EXPORT,BMCT,VC202200085
CONT2022001216,IMPORT,BMCT,VC202200085
CONT2022001217,IMPORT,BMCT,VC202200085
CONT2022001218,EXPORT,BMCT,VC202200085
CONT2022001219,EXPORT,BMCT,VC202200085
CONT2022001220,IMPORT,BMCT,VC202200085
CONT2022001221,IMPORT,GTI,VC202200086
CONT2022001222,EXPORT,GTI,VC202200086
CONT2022001223,IMPORT,GTI,VC202200086
CONT2022001224,EXPORT,GTI,VC202200086
CONT2022001225,IMPORT,GTI,VC202200086
CONT2022001226,IMPORT,GTI,VC202200086
CONT2022001227,EXPORT,GTI,VC202200086
CONT2022001228,EXPORT,GTI,VC202200086
CONT2022001229,IMPORT,GTI,VC202200086
CONT2022001230,IMPORT,GTI,VC202200086
CONT2022001231,EXPORT,GTI,VC202200086
CONT2022001232,EXPORT,GTI,VC202200086
CONT2022001233,EXPORT,GTI,VC202200086
CONT2022001234,IMPORT,GTI,VC202200086
CONT2022001235,IMPORT,GTI,VC202200086
CONT2022001236,EXPORT,GTI,VC202200086
CONT2022001237,EXPORT,GTI,VC202200086
CONT2022001238,EXPORT,GTI,VC202200086
CONT2022001239,IMPORT,GTI,VC202200086
CONT2022001240,EXPORT,GTI,VC202200086
CONT2022001241,EXPORT,GTI,VC202200086
CONT2022001242,EXPORT,GTI,VC202200086
CONT2022001243,IMPORT,NSICT,VC202200087
CONT2022001244,IMPORT,NSICT,VC202200087
CONT2022001245,IMPORT,NSICT,VC202200087
CONT2022001246,EXPORT,NSICT,VC202200087
CONT2022001247,IMPORT,NSICT,VC202200087
CONT2022001248,IMPORT,NSICT,VC202200087
CONT2022001249,IMPORT,NSICT,VC202200087
CONT2022001250,EXPORT,NSICT,VC202200087
CONT2022001251,EXPORT,NSICT,VC202200087
CONT2022001252,EXPORT,NSICT,VC202200087
CONT2022001253,IMPORT,NSICT,VC202200087
CONT2022001254,EXPORT,NSICT,VC202200087
CONT2022001255,EXPORT,NSICT,VC202200087
CONT2022001256,EXPORT,NSICT,VC202200087
CONT2022001257,EXPORT,NSICT,VC202200087
CONT2022001258,EXPORT,NSICT,VC202200087
CONT2022001259,EXPORT,NSFT,VC202200088
CONT2022001260,EXPORT,NSFT,VC202200088
CONT2022001261,IMPORT,NSFT,VC202200088
CONT2022001262,EXPORT,NSFT,VC202200088
CONT2022001263,EXPORT,NSFT,VC202200088
CONT2022001264,EXPORT,NSFT,VC202200088
CONT2022001265,EXPORT,NSFT,VC202200088
CONT2022001266,EXPORT,NSFT,VC202200088
CONT2022001267,IMPORT,NSFT,VC202200088
CONT2022001268,IMPORT,NSFT,VC202200088
CONT2022001269,EXPORT,NSFT,VC202200089
CONT2022001270,EXPORT,NSFT,VC202200089
CONT2022001271,IMPORT,NSFT,VC202200089
CONT2022001272,EXPORT,NSFT,VC202200089
CONT2022001273,IMPORT,NSFT,VC202200089
CONT2022001274,EXPORT,NSFT,VC202200089
CONT2022001275,EXPORT,NSFT,VC202200089
CONT2022001276,EXPORT,NSFT,VC202200089
CONT2022001277,EXPORT,NSFT,VC202200089
CONT2022001278,EXPORT,NSFT,VC202200089
CONT2022001279,IMPORT,NSFT,VC202200089
CONT2022001280,EXPORT,NSFT,VC202200089
CONT2022001281,EXPORT,NSFT,VC202200089
CONT2022001282,EXPORT,NSFT,VC202200089
CONT2022001283,EXPORT,NSFT,VC202200089
CONT2022001284,EXPORT,NSFT,VC202200089
CONT2022001285,IMPORT,NSFT,VC202200089
CONT2022001286,EXPORT,NSFT,VC202200089
CONT2022001287,IMPORT,NSICT,VC202200090
CONT2022001288,EXPORT,NSICT,VC202200090
CONT2022001289,IMPORT,NSICT,VC202200090
CONT2022001290,IMPORT,NSICT,VC202200090
CONT2022001291,IMPORT,NSICT,VC202200090
CONT2022001292,EXPORT,NSICT,VC202200090
CONT2022001293,IMPORT,NSICT,VC202200090
CONT2022001294,IMPORT,NSICT,VC202200090
CONT2022001295,IMPORT,NSICT,VC202200090
CONT2022001296,EXPORT,NSICT,VC202200090
CONT2022001297,EXPORT,NSICT,VC202200090
CONT2022001298,EXPORT,NSICT,VC202200090
CONT2022001299,EXPORT,NSICT,VC202200090
CONT2022001300,IMPORT,NSICT,VC202200090
CONT2022001301,IMPORT,NSFT,VC202200091
CONT2022001302,EXPORT,NSFT,VC202200091
CONT2022001303,EXPORT,NSFT,VC202200091
CONT2022001304,IMPORT,NSFT,VC202200091
CONT2022001305,EXPORT,NSFT,VC202200091
CONT2022001306,EXPORT,NSFT,VC202200091
CONT2022001307,IMPORT,NSFT,VC202200091
CONT2022001308,EXPORT,NSFT,VC202200091
CONT2022001309,EXPORT,NSFT,VC202200091
CONT2022001310,EXPORT,NSFT,VC202200091
CONT2022001311,EXPORT,NSFT,VC202200091
CONT2022001312,EXPORT,NSFT,VC202200091
CONT2022001313,EXPORT,NSFT,VC202200091
CONT2022001314,IMPORT,NSFT,VC202200091
CONT2022001315,IMPORT,NSFT,VC202200091
CONT2022001316,IMPORT,NSFT,VC202200091
CONT2022001317,EXPORT,NSFT,VC202200091
CONT2022001318,IMPORT,NSFT,VC202200091
CONT2022001319,IMPORT,NSFT,VC202200091
CONT2022001320,EXPORT,NSFT,VC202200091
CONT2022001321,EXPORT,NSFT,VC202200091
CONT2022001322,IMPORT,NSFT,VC202200091
CONT2022001323,IMPORT,NSFT,VC202200091
CONT2022001324,EXPORT,NSFT,VC202200092
CONT2022001325,EXPORT,NSFT,VC202200092
CONT2022001326,IMPORT,NSFT,VC202200092
CONT2022001327,IMPORT,NSFT,VC202200092
CONT2022001328,EXPORT,NSFT,VC202200092
CONT2022001329,EXPORT,NSFT,VC202200092
CONT2022001330,IMPORT,NSFT,VC202200092
CONT2022001331,IMPORT,NSFT,VC202200092
CONT2022001332,IMPORT,NSFT,VC202200092
CONT2022001333,IMPORT,NSFT,VC202200093
CONT2022001334,IMPORT,NSFT,VC202200093
CONT2022001335,IMPORT,NSFT,VC202200093
CONT2022001336,EXPORT,NSFT,VC202200093
CONT2022001337,IMPORT,NSFT,VC202200093
CONT2022001338,IMPORT,NSFT,VC202200093
CONT2022001339,IMPORT,NSFT,VC202200093
CONT2022001340,EXPORT,NSFT,VC202200093
CONT2022001341,IMPORT,NSFT,VC202200093
CONT2022001342,IMPORT,NSFT,VC202200093
CONT2022001343,IMPORT,NSFT,VC202200093
CONT2022001344,IMPORT,NSIGT,VC202200094
CONT2022001345,IMPORT,NSIGT,VC202200094
CONT2022001346,IMPORT,NSIGT,VC202200094
CONT2022001347,EXPORT,NSIGT,VC202200094
CONT2022001348,EXPORT,NSIGT,VC202200094
CONT2022001349,EXPORT,NSIGT,VC202200094
CONT2022001350,IMPORT,NSIGT,VC202200094
CONT2022001351,IMPORT,NSIGT,VC202200094
CONT2022001352,IMPORT,NSIGT,VC202200094
CONT2022001353,IMPORT,NSIGT,VC202200094
CONT2022001354,IMPORT,NSIGT,VC202200094
CONT2022001355,EXPORT,NSIGT,VC202200095
CONT2022001356,IMPORT,NSIGT,VC202200095
CONT2022001357,EXPORT,NSIGT,VC202200095
CONT2022001358,IMPORT,NSIGT,VC202200095
CONT2022001359,IMPORT,NSIGT,VC202200095
CONT2022001360,EXPORT,NSIGT,VC202200095
CONT2022001361,EXPORT,NSIGT,VC202200096
CONT2022001362,EXPORT,NSIGT,VC202200096
CONT2022001363,EXPORT,NSIGT,VC202200096
CONT2022001364,EXPORT,NSIGT,VC202200096
CONT2022001365,EXPORT,NSIGT,VC202200096
CONT2022001366,EXPORT,NSIGT,VC202200096
CONT2022001367,EXPORT,NSIGT,VC202200096
CONT2022001368,EXPORT,NSIGT,VC202200096
CONT2022001369,IMPORT,NSIGT,VC202200096
CONT2022001370,EXPORT,NSIGT,VC202200096
CONT2022001371,EXPORT,NSIGT,VC202200096
CONT2022001372,EXPORT,NSIGT,VC202200096
CONT2022001373,IMPORT,NSIGT,VC202200096
CONT2022001374,IMPORT,NSIGT,VC202200096
CONT2022001375,EXPORT,NSIGT,VC202200096
CONT2022001376,IMPORT,NSIGT,VC202200096
CONT2022001377,EXPORT,BMCT,VC202200097
CONT2022001378,IMPORT,BMCT,VC202200097
CONT2022001379,EXPORT,BMCT,VC202200097
CONT2022001380,IMPORT,BMCT,VC202200097
CONT2022001381,IMPORT,BMCT,VC202200097
CONT2022001382,IMPORT,BMCT,VC202200097
CONT2022001383,EXPORT,BMCT,VC202200097
CONT2022001384,EXPORT,BMCT,VC202200097
CONT2022001385,EXPORT,BMCT,VC202200097
CONT2022001386,IMPORT,BMCT,VC202200097
CONT2022001387,IMPORT,BMCT,VC202200097
CONT2022001388,IMPORT,BMCT,VC202200097
CONT2022001389,EXPORT,BMCT,VC202200097
CONT2022001390,IMPORT,BMCT,VC202200097
CONT2022001391,EXPORT,BMCT,VC202200097
CONT2022001392,IMPORT,BMCT,VC202200097
CONT2022001393,IMPORT,NSICT,VC202200098
CONT2022001394,IMPORT,NSICT,VC202200098
CONT2022001395,EXPORT,NSICT,VC202200098
CONT2022001396,EXPORT,NSICT,VC202200098
CONT2022001397,IMPORT,NSICT,VC202200098
CONT2022001398,IMPORT,NSICT,VC202200098
CONT2022001399,IMPORT,NSICT,VC202200098
CONT2022001400,IMPORT,NSICT,VC202200098
CONT2022001401,IMPORT,NSICT,VC202200098
CONT2022001402,EXPORT,NSICT,VC202200098
CONT2022001403,IMPORT,NSICT,VC202200098
CONT2022001404,EXPORT,NSICT,VC202200098
CONT2022001405,EXPORT,NSICT,VC202200098
CONT2022001406,EXPORT,NSICT,VC202200098
CONT2022001407,IMPORT,NSIGT,VC202200099
CONT2022001408,IMPORT,NSIGT,VC202200099
CONT2022001409,IMPORT,NSIGT,VC202200099
CONT2022001410,EXPORT,NSIGT,VC202200099
CONT2022001411,EXPORT,NSIGT,VC202200099
CONT2022001412,EXPORT,NSIGT,VC202200099
CONT2022001413,IMPORT,NSIGT,VC202200099
CONT2022001414,EXPORT,NSIGT,VC202200099
CONT2022001415,IMPORT,NSIGT,VC202200099
CONT2022001416,IMPORT,NSIGT,VC202200099
CONT2022001417,EXPORT,NSIGT,VC202200099
CONT2022001418,IMPORT,NSIGT,VC202200099
CONT2022001419,EXPORT,NSFT,VC202200100
CONT2022001420,EXPORT,NSFT,VC202200100
CONT2022001421,EXPORT,NSFT,VC202200100
CONT2022001422,EXPORT,NSFT,VC202200100
CONT2022001423,IMPORT,NSFT,VC202200100
CONT2022001424,EXPORT,NSFT,VC202200100
CONT2022001425,EXPORT,NSFT,VC202200101
CONT2022001426,EXPORT,NSFT,VC202200101
CONT2022001427,IMPORT,NSFT,VC202200101
CONT2022001428,IMPORT,NSFT,VC202200101
CONT2022001429,EXPORT,NSFT,VC202200101
CONT2022001430,EXPORT,NSFT,VC202200101
CONT2022001431,EXPORT,NSFT,VC202200101
CONT2022001432,IMPORT,NSFT,VC202200101
CONT2022001433,IMPORT,NSFT,VC202200101
CONT2022001434,IMPORT,NSFT,VC202200101
CONT2022001435,IMPORT,NSFT,VC202200101
CONT2022001436,EXPORT,NSICT,VC202200102
CONT2022001437,EXPORT,NSICT,VC202200102
CONT2022001438,EXPORT,NSICT,VC202200102
CONT2022001439,EXPORT,NSICT,VC202200102
CONT2022001440,IMPORT,NSICT,VC202200102
CONT2022001441,EXPORT,NSICT,VC202200102
CONT2022001442,IMPORT,NSICT,VC202200102
CONT2022001443,EXPORT,NSICT,VC202200102
CONT2022001444,EXPORT,NSICT,VC202200102
CONT2022001445,IMPORT,NSICT,VC202200102
CONT2022001446,IMPORT,NSICT,VC202200102
CONT2022001447,EXPORT,BMCT,VC202200103
CONT2022001448,IMPORT,BMCT,VC202200103
CONT2022001449,IMPORT,BMCT,VC202200103
CONT2022001450,IMPORT,BMCT,VC202200103
CONT2022001451,EXPORT,BMCT,VC202200103
CONT2022001452,EXPORT,BMCT,VC202200103
CONT2022001453,IMPORT,BMCT,VC202200103
CONT2022001454,EXPORT,BMCT,VC202200103
CONT2022001455,IMPORT,BMCT,VC202200103
CONT2022001456,EXPORT,NSICT,VC202200104
CONT2022001457,EXPORT,NSICT,VC202200104
CONT2022001458,IMPORT,NSICT,VC202200104
CONT2022001459,IMPORT,NSICT,VC202200104
CONT2022001460,IMPORT,NSICT,VC202200104
CONT2022001461,EXPORT,NSICT,VC202200104
CONT2022001462,EXPORT,NSICT,VC202200104
CONT2022001463,IMPORT,NSICT,VC202200104
CONT2022001464,IMPORT,NSICT,VC202200104
CONT2022001465,IMPORT,NSICT,VC202200104
CONT2022001466,IMPORT,NSICT,VC202200104
CONT2022001467,EXPORT,NSICT,VC202200104
CONT2022001468,EXPORT,BMCT,VC202200105
CONT2022001469,IMPORT,BMCT,VC202200105
CONT2022001470,IMPORT,BMCT,VC202200105
CONT2022001471,EXPORT,BMCT,VC202200105
CONT2022001472,IMPORT,BMCT,VC202200105
CONT2022001473,IMPORT,BMCT,VC202200105
CONT2022001474,EXPORT,BMCT,VC202200105
CONT2022001475,IMPORT,BMCT,VC202200105
CONT2022001476,IMPORT,BMCT,VC202200105
CONT2022001477,IMPORT,BMCT,VC202200105
CONT2022001478,EXPORT,BMCT,VC202200105
CONT2022001479,IMPORT,BMCT,VC202200105
CONT2022001480,IMPORT,BMCT,VC202200105
CONT2022001481,IMPORT,BMCT,VC202200105
CONT2022001482,EXPORT,BMCT,VC202200105
CONT2022001483,EXPORT,BMCT,VC202200105
CONT2022001484,EXPORT,BMCT,VC202200105
CONT2022001485,IMPORT,BMCT,VC202200106
CONT2022001486,EXPORT,BMCT,VC202200106
CONT2022001487,EXPORT,BMCT,VC202200106
CONT2022001488,IMPORT,BMCT,VC202200106
CONT2022001489,EXPORT,BMCT,VC202200106
CONT2022001490,EXPORT,BMCT,VC202200106
CONT2022001491,EXPORT,BMCT,VC202200106
CONT2022001492,EXPORT,BMCT,VC202200106
CONT2022001493,IMPORT,BMCT,VC202200106
CONT2022001494,IMPORT,BMCT,VC202200106
CONT2022001495,EXPORT,BMCT,VC202200106
CONT2022001496,IMPORT,BMCT,VC202200106
CONT2022001497,IMPORT,BMCT,VC202200106
CONT2022001498,EXPORT,BMCT,VC202200106
CONT2022001499,EXPORT,BMCT,VC202200106
CONT2022001500,IMPORT,BMCT,VC202200106
CONT2022001501,EXPORT,BMCT,VC202200106
CONT2022001502,IMPORT,BMCT,VC202200106
CONT2022001503,IMPORT,BMCT,VC202200106
CONT2022001504,EXPORT,BMCT,VC202200106
CONT2022001505,EXPORT,BMCT,VC202200106
CONT2022001506,IMPORT,BMCT,VC202200106
CONT2022001507,EXPORT,BMCT,VC202200106
CONT2022001508,EXPORT,BMCT,VC202200106
CONT2022001509,IMPORT,BMCT,VC202200106
CONT2022001510,IMPORT,BMCT,VC202200106
CONT2022001511,EXPORT,BMCT,VC202200106
CONT2022001512,EXPORT,BMCT,VC202200106
CONT2022001513,IMPORT,BMCT,VC202200106
CONT2022001514,IMPORT,BMCT,VC202200106
CONT2022001515,IMPORT,BMCT,VC202200106
CONT2022001516,EXPORT,BMCT,VC202200106
CONT2022001517,IMPORT,BMCT,VC202200106
CONT2022001518,IMPORT,BMCT,VC202200106
CONT2022001519,EXPORT,BMCT,VC202200106
CONT2022001520,IMPORT,BMCT,VC202200106
CONT2022001521,EXPORT,BMCT,VC202200106
CONT2022001522,IMPORT,BMCT,VC202200106
CONT2022001523,IMPORT,GTI,VC202200107
CONT2022001524,IMPORT,GTI,VC202200107
CONT2022001525,EXPORT,GTI,VC202200107
CONT2022001526,IMPORT,GTI,VC202200107
CONT2022001527,EXPORT,GTI,VC202200107
CONT2022001528,EXPORT,GTI,VC202200107
CONT2022001529,IMPORT,GTI,VC202200107
CONT2022001530,IMPORT,GTI,VC202200107
CONT2022001531,EXPORT,GTI,VC202200107
CONT2022001532,EXPORT,GTI,VC202200107
CONT2022001533,EXPORT,GTI,VC202200107
CONT2022001534,EXPORT,GTI,VC202200107
CONT2022001535,IMPORT,GTI,VC202200107
CONT2022001536,EXPORT,GTI,VC202200107
CONT2022001537,IMPORT,GTI,VC202200107
CONT2022001538,EXPORT,NSFT,VC202200108
CONT2022001539,EXPORT,NSFT,VC202200108
CONT2022001540,EXPORT,NSFT,VC202200108
CONT2022001541,EXPORT,NSFT,VC202200108
CONT2022001542,EXPORT,NSFT,VC202200108
CONT2022001543,EXPORT,NSFT,VC202200108
CONT2022001544,IMPORT,NSFT,VC202200108
CONT2022001545,EXPORT,NSFT,VC202200108
CONT2022001546,EXPORT,NSFT,VC202200108
CONT2022001547,IMPORT,NSFT,VC202200108
CONT2022001548,EXPORT,NSFT,VC202200108
CONT2022001549,EXPORT,NSFT,VC202200108
CONT2022001550,EXPORT,NSFT,VC202200108
CONT2022001551,IMPORT,NSFT,VC202200108
CONT2022001552,IMPORT,NSFT,VC202200108
CONT2022001553,EXPORT,NSFT,VC202200108
CONT2022001554,IMPORT,BMCT,VC202200109
CONT2022001555,IMPORT,BMCT,VC202200109
CONT2022001556,IMPORT,BMCT,VC202200109
CONT2022001557,IMPORT,BMCT,VC202200109
CONT2022001558,EXPORT,BMCT,VC202200109
CONT2022001559,EXPORT,BMCT,VC202200109
CONT2022001560,EXPORT,BMCT,VC202200109
CONT2022001561,EXPORT,BMCT,VC202200109
CONT2022001562,IMPORT,BMCT,VC202200109
CONT2022001563,EXPORT,BMCT,VC202200109
CONT2022001564,IMPORT,BMCT,VC202200109
CONT2022001565,EXPORT,BMCT,VC202200109
CONT2022001566,IMPORT,BMCT,VC202200109
CONT2022001567,IMPORT,GTI,VC202200110
CONT2022001568,EXPORT,GTI,VC202200110
CONT2022001569,EXPORT,GTI,VC202200110
CONT2022001570,IMPORT,GTI,VC202200110
CONT2022001571,IMPORT,GTI,VC202200110
CONT2022001572,EXPORT,GTI,VC202200110
CONT2022001573,IMPORT,NSICT,VC202200111
CONT2022001574,EXPORT,NSICT,VC202200111
CONT2022001575,EXPORT,NSICT,VC202200111
CONT2022001576,EXPORT,NSICT,VC202200111
CONT2022001577,IMPORT,NSICT,VC202200111
CONT2022001578,EXPORT,NSICT,VC202200111
CONT2022001579,IMPORT,NSICT,VC202200111
CONT2022001580,EXPORT,NSICT,VC202200111
CONT2022001581,EXPORT,NSICT,VC202200111
CONT2022001582,IMPORT,NSICT,VC202200111
CONT2022001583,IMPORT,NSICT,VC202200111
CONT2022001584,IMPORT,NSICT,VC202200111
CONT2022001585,IMPORT,NSICT,VC202200111
CONT2022001586,EXPORT,GTI,VC202200112
CONT2022001587,IMPORT,GTI,VC202200112
CONT2022001588,IMPORT,GTI,VC202200112
CONT2022001589,EXPORT,GTI,VC202200112
CONT2022001590,EXPORT,GTI,VC202200112
CONT2022001591,IMPORT,GTI,VC202200112
CONT2022001592,EXPORT,GTI,VC202200112
CONT2022001593,IMPORT,GTI,VC202200112
CONT2022001594,EXPORT,GTI,VC202200112
CONT2022001595,IMPORT,GTI,VC202200112
CONT2022001596,EXPORT,GTI,VC202200112
CONT2022001597,EXPORT,GTI,VC202200112
CONT2022001598,EXPORT,GTI,VC202200112
CONT2022001599,IMPORT,GTI,VC202200112
CONT2022001600,IMPORT,GTI,VC202200113
CONT2022001601,EXPORT,GTI,VC202200113
CONT2022001602,IMPORT,GTI,VC202200113
CONT2022001603,EXPORT,GTI,VC202200113
CONT2022001604,EXPORT,GTI,VC202200113
CONT2022001605,IMPORT,GTI,VC202200113
CONT2022001606,IMPORT,GTI,VC202200113
CONT2022001607,EXPORT,GTI,VC202200113
CONT2022001608,IMPORT,GTI,VC202200113
CONT2022001609,EXPORT,GTI,VC202200113
CONT2022001610,IMPORT,GTI,VC202200113
CONT2022001611,IMPORT,GTI,VC202200113
CONT2022001612,IMPORT,GTI,VC202200113
CONT2022001613,EXPORT,GTI,VC202200113
CONT2022001614,IMPORT,GTI,VC202200113
CONT2022001615,IMPORT,GTI,VC202200113
CONT2022001616,EXPORT,GTI,VC202200113
CONT2022001617,IMPORT,GTI,VC202200113
CONT2022001618,EXPORT,GTI,VC202200113
CONT2022001619,IMPORT,GTI,VC202200113
CONT2022001620,IMPORT,GTI,VC202200113
CONT2022001621,IMPORT,GTI,VC202200113
CONT2022001622,IMPORT,GTI,VC202200113
CONT2022001623,EXPORT,GTI,VC202200113
CONT2022001624,EXPORT,GTI,VC202200113
CONT2022001625,IMPORT,GTI,VC202200113
CONT2022001626,IMPORT,GTI,VC202200113
CONT2022001627,EXPORT,GTI,VC202200113
CONT2022001628,EXPORT,GTI,VC202200113
CONT2022001629,IMPORT,GTI,VC202200113
CONT2022001630,EXPORT,GTI,VC202200113
CONT2022001631,EXPORT,GTI,VC202200113
CONT2022001632,EXPORT,GTI,VC202200113
CONT2022001633,EXPORT,GTI,VC202200113
CONT2022001634,EXPORT,GTI,VC202200113
CONT2022001635,EXPORT,GTI,VC202200113
CONT2022001636,IMPORT,GTI,VC202200113
CONT2022001637,EXPORT,GTI,VC202200113
CONT2022001638,EXPORT,GTI,VC202200113
CONT2022001639,EXPORT,GTI,VC202200113
CONT2022001640,IMPORT,GTI,VC202200113
CONT2022001641,EXPORT,GTI,VC202200113
CONT2022001642,IMPORT,GTI,VC202200113
CONT2022001643,EXPORT,GTI,VC202200113
CONT2022001644,IMPORT,GTI,VC202200113
CONT2022001645,IMPORT,GTI,VC202200113
CONT2022001646,EXPORT,GTI,VC202200113
CONT2022001647,IMPORT,GTI,VC202200113
CONT2022001648,IMPORT,GTI,VC202200113
CONT2022001649,EXPORT,GTI,VC202200113
CONT2022001650,EXPORT,GTI,VC202200113
CONT2022001651,IMPORT,GTI,VC202200113
CONT2022001652,EXPORT,NSFT,VC202200114
CONT2022001653,IMPORT,NSFT,VC202200114
CONT2022001654,EXPORT,NSFT,VC202200114
CONT2022001655,EXPORT,NSFT,VC202200114
CONT2022001656,EXPORT,NSFT,VC202200114
CONT2022001657,IMPORT,NSFT,VC202200114
CONT2022001658,IMPORT,NSFT,VC202200114
CONT2022001659,EXPORT,NSFT,VC202200114
CONT2022001660,IMPORT,NSFT,VC202200114
CONT2022001661,IMPORT,NSFT,VC202200114
CONT2022001662,IMPORT,NSFT,VC202200114
CONT2022001663,IMPORT,NSFT,VC202200114
CONT2022001664,EXPORT,NSFT,VC202200115
CONT2022001665,EXPORT,NSFT,VC202200115
CONT2022001666,IMPORT,NSFT,VC202200115
CONT2022001667,IMPORT,NSFT,VC202200115
CONT2022001668,EXPORT,NSFT,VC202200115
CONT2022001669,IMPORT,NSFT,VC202200115
CONT2022001670,IMPORT,NSFT,VC202200115
CONT2022001671,IMPORT,NSFT,VC202200115
CONT2022001672,IMPORT,NSFT,VC202200115
CONT2022001673,EXPORT,NSFT,VC202200115
CONT2022001674,EXPORT,NSFT,VC202200115
CONT2022001675,IMPORT,NSFT,VC202200115
CONT2022001676,EXPORT,NSFT,VC202200115
CONT2022001677,EXPORT,NSFT,VC202200115
CONT2022001678,IMPORT,NSFT,VC202200115
CONT2022001679,IMPORT,NSFT,VC202200115
CONT2022001680,IMPORT,BMCT,VC202200116
CONT2022001681,EXPORT,BMCT,VC202200116
CONT2022001682,EXPORT,BMCT,VC202200116
CONT2022001683,EXPORT,BMCT,VC202200116
CONT2022001684,IMPORT,BMCT,VC202200116
CONT2022001685,IMPORT,BMCT,VC202200116
CONT2022001686,IMPORT,BMCT,VC202200116
CONT2022001687,EXPORT,BMCT,VC202200116
CONT2022001688,IMPORT,BMCT,VC202200116
CONT2022001689,IMPORT,BMCT,VC202200116
CONT2022001690,EXPORT,BMCT,VC202200116
CONT2022001691,IMPORT,BMCT,VC202200116
CONT2022001692,EXPORT,BMCT,VC202200116
CONT2022001693,IMPORT,NSFT,VC202200117
CONT2022001694,IMPORT,NSFT,VC202200117
CONT2022001695,EXPORT,NSFT,VC202200117
CONT2022001696,EXPORT,NSFT,VC202200117
CONT2022001697,IMPORT,NSFT,VC202200117
CONT2022001698,IMPORT,NSFT,VC202200117
CONT2022001699,EXPORT,NSFT,VC202200117
CONT2022001700,IMPORT,NSICT,VC202200118
CONT2022001701,EXPORT,NSICT,VC202200118
CONT2022001702,EXPORT,NSICT,VC202200118
CONT2022001703,IMPORT,NSICT,VC202200118
CONT2022001704,EXPORT,NSICT,VC202200118
CONT2022001705,EXPORT,NSICT,VC202200118
CONT2022001706,EXPORT,NSICT,VC202200118
CONT2022001707,IMPORT,NSICT,VC202200118
CONT2022001708,IMPORT,NSICT,VC202200118
CONT2022001709,EXPORT,NSICT,VC202200118
CONT2022001710,EXPORT,NSICT,VC202200118
CONT2022001711,IMPORT,NSICT,VC202200118
CONT2022001712,EXPORT,NSICT,VC202200118
CONT2022001713,IMPORT,NSICT,VC202200118
CONT2022001714,IMPORT,NSICT,VC202200118
CONT2022001715,EXPORT,NSICT,VC202200118
CONT2022001716,IMPORT,NSICT,VC202200118
CONT2022001717,IMPORT,NSICT,VC202200118
CONT2022001718,EXPORT,NSICT,VC202200118
CONT2022001719,EXPORT,NSICT,VC202200118
CONT2022001720,IMPORT,NSICT,VC202200118
CONT2022001721,EXPORT,NSICT,VC202200118
CONT2022001722,IMPORT,NSICT,VC202200118
CONT2022001723,IMPORT,NSICT,VC202200118
CONT2022001724,IMPORT,NSICT,VC202200118
CONT2022001725,IMPORT,GTI,VC202200119
CONT2022001726,IMPORT,GTI,VC202200119
CONT2022001727,EXPORT,GTI,VC202200119
CONT2022001728,IMPORT,GTI,VC202200119
CONT2022001729,IMPORT,GTI,VC202200119
CONT2022001730,IMPORT,GTI,VC202200119
CONT2022001731,IMPORT,GTI,VC202200119
CONT2022001732,IMPORT,GTI,VC202200119
CONT2022001733,EXPORT,GTI,VC202200119
CONT2022001734,EXPORT,GTI,VC202200119
CONT2022001735,IMPORT,GTI,VC202200119
CONT2022001736,IMPORT,GTI,VC202200119
CONT2022001737,EXPORT,GTI,VC202200119
CONT2022001738,IMPORT,GTI,VC202200119
CONT2022001739,EXPORT,GTI,VC202200119
CONT2022001740,IMPORT,GTI,VC202200119
CONT2022001741,EXPORT,GTI,VC202200119
CONT2022001742,EXPORT,GTI,VC202200119
CONT2022001743,EXPORT,GTI,VC202200119
CONT2022001744,EXPORT,GTI,VC202200119
CONT2022001745,IMPORT,GTI,VC202200120
CONT2022001746,EXPORT,GTI,VC202200120
CONT2022001747,EXPORT,GTI,VC202200120
CONT2022001748,EXPORT,GTI,VC202200120
CONT2022001749,EXPORT,GTI,VC202200120
CONT2022001750,EXPORT,GTI,VC202200120
CONT2022001751,IMPORT,GTI,VC202200120
CONT2022001752,IMPORT,GTI,VC202200120
CONT2022001753,EXPORT,GTI,VC202200120
CONT2022001754,IMPORT,GTI,VC202200120
CONT2022001755,IMPORT,GTI,VC202200120
CONT2022001756,EXPORT,GTI,VC202200120
CONT2022001757,IMPORT,GTI,VC202200120
CONT2022001758,EXPORT,GTI,VC202200120
CONT2022001759,EXPORT,GTI,VC202200120
CONT2022001760,IMPORT,GTI,VC202200120
CONT2022001761,IMPORT,GTI,VC202200120
CONT2022001762,IMPORT,GTI,VC202200120
CONT2022001763,EXPORT,GTI,VC202200120
CONT2022001764,EXPORT,GTI,VC202200120
CONT2022001765,IMPORT,GTI,VC202200120
CONT2022001766,EXPORT,GTI,VC202200121
CONT2022001767,IMPORT,GTI,VC202200121
CONT2022001768,EXPORT,GTI,VC202200121
CONT2022001769,IMPORT,GTI,VC202200121
CONT2022001770,EXPORT,GTI,VC202200121
CONT2022001771,EXPORT,GTI,VC202200121
CONT2022001772,IMPORT,GTI,VC202200121
CONT2022001773,IMPORT,GTI,VC202200121
CONT2022001774,EXPORT,GTI,VC202200122
CONT2022001775,IMPORT,GTI,VC202200122
CONT2022001776,IMPORT,GTI,VC202200122
CONT2022001777,EXPORT,GTI,VC202200122
CONT2022001778,IMPORT,GTI,VC202200122
CONT2022001779,IMPORT,GTI,VC202200122
CONT2022001780,IMPORT,GTI,VC202200122
CONT2022001781,IMPORT,GTI,VC202200122
CONT2022001782,IMPORT,GTI,VC202200122
CONT2022001783,EXPORT,GTI,VC202200122
CONT2022001784,EXPORT,GTI,VC202200122
CONT2022001785,IMPORT,GTI,VC202200122
CONT2022001786,IMPORT,GTI,VC202200122
CONT2022001787,IMPORT,GTI,VC202200122
CONT2022001788,EXPORT,GTI,VC202200122
CONT2022001789,IMPORT,GTI,VC202200122
CONT2022001790,EXPORT,GTI,VC202200122
CONT2022001791,IMPORT,GTI,VC202200122
CONT2022001792,IMPORT,GTI,VC202200122
CONT2022001793,EXPORT,GTI,VC202200122
CONT2022001794,IMPORT,GTI,VC202200122
CONT2022001795,EXPORT,GTI,VC202200122
CONT2022001796,IMPORT,GTI,VC202200122
CONT2022001797,EXPORT,GTI,VC202200122
CONT2022001798,EXPORT,GTI,VC202200122
CONT2022001799,EXPORT,GTI,VC202200122
CONT2022001800,IMPORT,GTI,VC202200122
CONT2022001801,EXPORT,GTI,VC202200122
CONT2022001802,EXPORT,GTI,VC202200122
CONT2022001803,IMPORT,NSIGT,VC202200123
CONT2022001804,IMPORT,NSIGT,VC202200123
CONT2022001805,IMPORT,NSIGT,VC202200123
CONT2022001806,IMPORT,NSIGT,VC202200123
CONT2022001807,IMPORT,NSIGT,VC202200123
CONT2022001808,IMPORT,NSIGT,VC202200123
CONT2022001809,EXPORT,GTI,VC202200124
CONT2022001810,IMPORT,GTI,VC202200124
CONT2022001811,IMPORT,GTI,VC202200124
CONT2022001812,IMPORT,GTI,VC202200124
CONT2022001813,IMPORT,GTI,VC202200124
CONT2022001814,IMPORT,GTI,VC202200124
CONT2022001815,IMPORT,GTI,VC202200124
CONT2022001816,IMPORT,GTI,VC202200124
CONT2022001817,IMPORT,GTI,VC202200124
CONT2022001818,EXPORT,GTI,VC202200124
CONT2022001819,EXPORT,GTI,VC202200124
CONT2022001820,EXPORT,GTI,VC202200124
CONT2022001821,IMPORT,GTI,VC202200124
CONT2022001822,EXPORT,GTI,VC202200124
CONT2022001823,EXPORT,GTI,VC202200124
CONT2022001824,IMPORT,GTI,VC202200124
CONT2022001825,EXPORT,GTI,VC202200124
CONT2022001826,IMPORT,GTI,VC202200124
CONT2022001827,IMPORT,GTI,VC202200124
CONT2022001828,EXPORT,GTI,VC202200125
CONT2022001829,IMPORT,GTI,VC202200125
CONT2022001830,IMPORT,GTI,VC202200125
CONT2022001831,IMPORT,GTI,VC202200125
CONT2022001832,EXPORT,GTI,VC202200125
CONT2022001833,EXPORT,GTI,VC202200125
CONT2022001834,EXPORT,GTI,VC202200125
CONT2022001835,IMPORT,GTI,VC202200125
CONT2022001836,EXPORT,GTI,VC202200125
CONT2022001837,EXPORT,GTI,VC202200125
CONT2022001838,EXPORT,GTI,VC202200125
CONT2022001839,IMPORT,GTI,VC202200125
CONT2022001840,EXPORT,GTI,VC202200125
CONT2022001841,EXPORT,GTI,VC202200125
CONT2022001842,EXPORT,GTI,VC202200125
CONT2022001843,EXPORT,GTI,VC202200125
CONT2022001844,IMPORT,GTI,VC202200125
CONT2022001845,IMPORT,GTI,VC202200125
CONT2022001846,EXPORT,GTI,VC202200125
CONT2022001847,IMPORT,GTI,VC202200125
CONT2022001848,IMPORT,GTI,VC202200125
CONT2022001849,EXPORT,GTI,VC202200125
CONT2022001850,IMPORT,GTI,VC202200125
CONT2022001851,IMPORT,GTI,VC202200125
CONT2022001852,IMPORT,GTI,VC202200125
CONT2022001853,IMPORT,GTI,VC202200125
CONT2022001854,EXPORT,GTI,VC202200125
CONT2022001855,EXPORT,GTI,VC202200125
CONT2022001856,IMPORT,GTI,VC202200125
CONT2022001857,EXPORT,GTI,VC202200125
CONT2022001858,EXPORT,GTI,VC202200125
CONT2022001859,IMPORT,GTI,VC202200125
CONT2022001860,EXPORT,GTI,VC202200125
CONT2022001861,IMPORT,GTI,VC202200125
CONT2022001862,EXPORT,GTI,VC202200125
CONT2022001863,EXPORT,GTI,VC202200125
CONT2022001864,EXPORT,GTI,VC202200125
CONT2022001865,IMPORT,GTI,VC202200125
CONT2022001866,EXPORT,GTI,VC202200125
CONT2022001867,EXPORT,GTI,VC202200125
CONT2022001868,EXPORT,GTI,VC202200125
CONT2022001869,EXPORT,GTI,VC202200125
CONT2022001870,EXPORT,GTI,VC202200125
CONT2022001871,EXPORT,GTI,VC202200125
CONT2022001872,IMPORT,GTI,VC202200125
CONT2022001873,EXPORT,NSFT,VC202200126
CONT2022001874,IMPORT,NSFT,VC202200126
CONT2022001875,EXPORT,NSFT,VC202200126
CONT2022001876,EXPORT,NSFT,VC202200126
CONT2022001877,IMPORT,NSFT,VC202200126
CONT2022001878,IMPORT,NSFT,VC202200126
CONT2022001879,EXPORT,NSFT,VC202200126
CONT2022001880,EXPORT,NSFT,VC202200126
CONT2022001881,IMPORT,GTI,VC202200127
CONT2022001882,IMPORT,GTI,VC202200127
CONT2022001883,EXPORT,GTI,VC202200127
CONT2022001884,IMPORT,GTI,VC202200127
CONT2022001885,IMPORT,GTI,VC202200127
CONT2022001886,IMPORT,GTI,VC202200127
CONT2022001887,EXPORT,GTI,VC202200127
CONT2022001888,IMPORT,GTI,VC202200127
CONT2022001889,IMPORT,GTI,VC202200127
CONT2022001890,IMPORT,GTI,VC202200127
CONT2022001891,EXPORT,BMCT,VC202200128
CONT2022001892,EXPORT,BMCT,VC202200128
CONT2022001893,IMPORT,BMCT,VC202200128
CONT2022001894,IMPORT,BMCT,VC202200128
CONT2022001895,EXPORT,BMCT,VC202200128
CONT2022001896,EXPORT,BMCT,VC202200128
CONT2022001897,IMPORT,BMCT,VC202200128
CONT2022001898,EXPORT,BMCT,VC202200128
CONT2022001899,EXPORT,BMCT,VC202200128
CONT2022001900,IMPORT,BMCT,VC202200128
CONT2022001901,EXPORT,BMCT,VC202200128
CONT2022001902,IMPORT,BMCT,VC202200128
CONT2022001903,IMPORT,BMCT,VC202200128
CONT2022001904,EXPORT,BMCT,VC202200128
CONT2022001905,EXPORT,NSIGT,VC202200129
CONT2022001906,IMPORT,NSIGT,VC202200129
CONT2022001907,IMPORT,NSIGT,VC202200129
CONT2022001908,EXPORT,NSIGT,VC202200129
CONT2022001909,EXPORT,NSIGT,VC202200129
CONT2022001910,EXPORT,NSIGT,VC202200129
CONT2022001911,IMPORT,NSIGT,VC202200129
CONT2022001912,IMPORT,NSIGT,VC202200129
CONT2022001913,EXPORT,NSIGT,VC202200129
CONT2022001914,EXPORT,NSIGT,VC202200129
CONT2022001915,IMPORT,GTI,VC202200130
CONT2022001916,IMPORT,GTI,VC202200130
CONT2022001917,EXPORT,GTI,VC202200130
CONT2022001918,EXPORT,GTI,VC202200130
CONT2022001919,EXPORT,GTI,VC202200130
CONT2022001920,IMPORT,GTI,VC202200130
CONT2022001921,EXPORT,BMCT,VC202200131
CONT2022001922,EXPORT,BMCT,VC202200131
CONT2022001923,IMPORT,BMCT,VC202200131
CONT2022001924,IMPORT,BMCT,VC202200131
CONT2022001925,EXPORT,BMCT,VC202200131
CONT2022001926,IMPORT,BMCT,VC202200131
CONT2022001927,IMPORT,BMCT,VC202200131
CONT2022001928,IMPORT,BMCT,VC202200131
CONT2022001929,IMPORT,BMCT,VC202200131
CONT2022001930,IMPORT,BMCT,VC202200131
CONT2022001931,IMPORT,BMCT,VC202200131
CONT2022001932,IMPORT,BMCT,VC202200131
CONT2022001933,IMPORT,BMCT,VC202200131
CONT2022001934,IMPORT,BMCT,VC202200131
CONT2022001935,EXPORT,NSFT,VC202200132
CONT2022001936,EXPORT,NSFT,VC202200132
CONT2022001937,IMPORT,NSFT,VC202200132
CONT2022001938,IMPORT,NSFT,VC202200132
CONT2022001939,EXPORT,NSFT,VC202200132
CONT2022001940,EXPORT,NSFT,VC202200132
CONT2022001941,IMPORT,NSFT,VC202200132
CONT2022001942,IMPORT,NSFT,VC202200132
CONT2022001943,EXPORT,BMCT,VC202200133
CONT2022001944,EXPORT,BMCT,VC202200133
CONT2022001945,IMPORT,BMCT,VC202200133
CONT2022001946,IMPORT,BMCT,VC202200133
CONT2022001947,IMPORT,BMCT,VC202200133
CONT2022001948,IMPORT,BMCT,VC202200133
CONT2022001949,EXPORT,BMCT,VC202200133
CONT2022001950,EXPORT,BMCT,VC202200133
CONT2022001951,EXPORT,BMCT,VC202200133
CONT2022001952,IMPORT,BMCT,VC202200133
CONT2022001953,IMPORT,BMCT,VC202200133
CONT2022001954,IMPORT,BMCT,VC202200133
CONT2022001955,IMPORT,BMCT,VC202200133
CONT2022001956,IMPORT,BMCT,VC202200133
CONT2022001957,EXPORT,BMCT,VC202200133
CONT2022001958,EXPORT,BMCT,VC202200133
CONT2022001959,IMPORT,BMCT,VC202200133
CONT2022001960,IMPORT,BMCT,VC202200133
CONT2022001961,IMPORT,BMCT,VC202200134
CONT2022001962,IMPORT,BMCT,VC202200134
CONT2022001963,IMPORT,BMCT,VC202200134
CONT2022001964,EXPORT,BMCT,VC202200134
CONT2022001965,EXPORT,BMCT,VC202200134
CONT2022001966,IMPORT,BMCT,VC202200134
CONT2022001967,IMPORT,BMCT,VC202200134
CONT2022001968,IMPORT,BMCT,VC202200134
CONT2022001969,EXPORT,NSICT,VC202200135
CONT2022001970,EXPORT,NSICT,VC202200135
CONT2022001971,IMPORT,NSICT,VC202200135
CONT2022001972,IMPORT,NSICT,VC202200135
CONT2022001973,IMPORT,NSICT,VC202200135
CONT2022001974,EXPORT,NSICT,VC202200135
CONT2022001975,IMPORT,NSICT,VC202200135
CONT2022001976,IMPORT,NSICT,VC202200135
CONT2022001977,IMPORT,NSICT,VC202200135
CONT2022001978,EXPORT,NSICT,VC202200135
CONT2022001979,IMPORT,NSICT,VC202200135
CONT2022001980,IMPORT,NSICT,VC202200135
CONT2022001981,EXPORT,NSICT,VC202200135
CONT2022001982,IMPORT,NSICT,VC202200135
CONT2022001983,IMPORT,NSICT,VC202200135
CONT2022001984,IMPORT,NSICT,VC202200135
CONT2022001985,EXPORT,NSICT,VC202200135
CONT2022001986,EXPORT,NSICT,VC202200135
CONT2022001987,IMPORT,NSICT,VC202200135
CONT2022001988,IMPORT,NSICT,VC202200135
CONT2022001989,EXPORT,NSICT,VC202200135
CONT2022001990,IMPORT,NSICT,VC202200135
CONT2022001991,EXPORT,NSICT,VC202200135
CONT2022001992,EXPORT,NSICT,VC202200135
CONT2022001993,EXPORT,NSICT,VC202200135
CONT2022001994,EXPORT,NSICT,VC202200135
CONT2022001995,EXPORT,NSICT,VC202200135
CONT2022001996,IMPORT,NSICT,VC202200135
CONT2022001997,EXPORT,NSICT,VC202200135
CONT2022001998,EXPORT,NSICT,VC202200135
CONT2022001999,EXPORT,NSICT,VC202200135
CONT2022002000,EXPORT,NSICT,VC202200135
CONT2022002001,EXPORT,NSICT,VC202200136
CONT2022002002,EXPORT,NSICT,VC202200136
CONT2022002003,IMPORT,NSICT,VC202200136
CONT2022002004,IMPORT,NSICT,VC202200136
CONT2022002005,EXPORT,NSICT,VC202200136
CONT2022002006,IMPORT,NSICT,VC202200136
CONT2022002007,IMPORT,NSICT,VC202200136
CONT2022002008,IMPORT,NSICT,VC202200136
CONT2022002009,IMPORT,NSICT,VC202200136
CONT2022002010,IMPORT,GTI,VC202200137
CONT2022002011,IMPORT,GTI,VC202200137
CONT2022002012,IMPORT,GTI,VC202200137
CONT2022002013,EXPORT,GTI,VC202200137
CONT2022002014,EXPORT,GTI,VC202200137
CONT2022002015,IMPORT,GTI,VC202200137
CONT2022002016,IMPORT,GTI,VC202200137
CONT2022002017,IMPORT,GTI,VC202200137
CONT2022002018,EXPORT,GTI,VC202200137
CONT2022002019,EXPORT,GTI,VC202200137
CONT2022002020,IMPORT,GTI,VC202200137
CONT2022002021,EXPORT,BMCT,VC202200138
CONT2022002022,IMPORT,BMCT,VC202200138
CONT2022002023,IMPORT,BMCT,VC202200138
CONT2022002024,IMPORT,BMCT,VC202200138
CONT2022002025,EXPORT,BMCT,VC202200138
CONT2022002026,IMPORT,BMCT,VC202200138
CONT2022002027,EXPORT,BMCT,VC202200138
CONT2022002028,EXPORT,BMCT,VC202200138
CONT2022002029,IMPORT,BMCT,VC202200138
CONT2022002030,IMPORT,BMCT,VC202200138
CONT2022002031,EXPORT,BMCT,VC202200138
CONT2022002032,IMPORT,BMCT,VC202200138
CONT2022002033,IMPORT,BMCT,VC202200138
CONT2022002034,IMPORT,BMCT,VC202200138
CONT2022002035,IMPORT,BMCT,VC202200138
CONT2022002036,EXPORT,BMCT,VC202200138
CONT2022002037,EXPORT,BMCT,VC202200138
CONT2022002038,IMPORT,BMCT,VC202200138
CONT2022002039,EXPORT,BMCT,VC202200138
CONT2022002040,EXPORT,BMCT,VC202200138
CONT2022002041,EXPORT,BMCT,VC202200138
CONT2022002042,EXPORT,NSICT,VC202200139
CONT2022002043,EXPORT,NSICT,VC202200139
CONT2022002044,EXPORT,NSICT,VC202200139
CONT2022002045,IMPORT,NSICT,VC202200139
CONT2022002046,IMPORT,NSICT,VC202200139
CONT2022002047,IMPORT,NSICT,VC202200139
CONT2022002048,IMPORT,NSICT,VC202200139
CONT2022002049,IMPORT,NSICT,VC202200140
CONT2022002050,IMPORT,NSICT,VC202200140
CONT2022002051,EXPORT,NSICT,VC202200140
CONT2022002052,IMPORT,NSICT,VC202200140
CONT2022002053,EXPORT,NSICT,VC202200140
CONT2022002054,EXPORT,NSICT,VC202200140
CONT2022002055,EXPORT,NSICT,VC202200140
CONT2022002056,EXPORT,NSICT,VC202200140
CONT2022002057,IMPORT,NSICT,VC202200140
CONT2022002058,EXPORT,NSICT,VC202200140
CONT2022002059,EXPORT,NSICT,VC202200140
CONT2022002060,IMPORT,NSICT,VC202200140
CONT2022002061,EXPORT,NSICT,VC202200140
CONT2022002062,EXPORT,NSICT,VC202200140
CONT2022002063,EXPORT,NSICT,VC202200140
CONT2022002064,EXPORT,GTI,VC202200141
CONT2022002065,IMPORT,GTI,VC202200141
CONT2022002066,EXPORT,GTI,VC202200141
CONT2022002067,EXPORT,GTI,VC202200141
CONT2022002068,IMPORT,GTI,VC202200141
CONT2022002069,EXPORT,GTI,VC202200141
CONT2022002070,IMPORT,GTI,VC202200141
CONT2022002071,EXPORT,GTI,VC202200141
CONT2022002072,IMPORT,GTI,VC202200141
CONT2022002073,EXPORT,GTI,VC202200141
CONT2022002074,EXPORT,GTI,VC202200141
CONT2022002075,IMPORT,GTI,VC202200141
CONT2022002076,EXPORT,GTI,VC202200141
CONT2022002077,IMPORT,GTI,VC202200141
CONT2022002078,EXPORT,GTI,VC202200141
CONT2022002079,EXPORT,GTI,VC202200141
CONT2022002080,IMPORT,GTI,VC202200141
CONT2022002081,EXPORT,GTI,VC202200141
CONT2022002082,IMPORT,GTI,VC202200141
CONT2022002083,IMPORT,GTI,VC202200141
CONT2022002084,IMPORT,GTI,VC202200141
CONT2022002085,IMPORT,GTI,VC202200141
CONT2022002086,IMPORT,GTI,VC202200141
CONT2022002087,EXPORT,GTI,VC202200141
CONT2022002088,EXPORT,GTI,VC202200141
CONT2022002089,IMPORT,GTI,VC202200141
CONT2022002090,IMPORT,GTI,VC202200141
CONT2022002091,EXPORT,GTI,VC202200141
CONT2022002092,IMPORT,NSIGT,VC202200142
CONT2022002093,IMPORT,NSIGT,VC202200142
CONT2022002094,IMPORT,NSIGT,VC202200142
CONT2022002095,EXPORT,NSIGT,VC202200142
CONT2022002096,IMPORT,NSIGT,VC202200142
CONT2022002097,IMPORT,NSIGT,VC202200142
CONT2022002098,IMPORT,NSFT,VC202200143
CONT2022002099,EXPORT,NSFT,VC202200143
CONT2022002100,EXPORT,NSFT,VC202200143
CONT2022002101,IMPORT,NSFT,VC202200143
CONT2022002102,IMPORT,NSFT,VC202200143
CONT2022002103,IMPORT,NSFT,VC202200143
CONT2022002104,EXPORT,NSFT,VC202200143
CONT2022002105,IMPORT,NSFT,VC202200143
CONT2022002106,IMPORT,NSFT,VC202200143
CONT2022002107,EXPORT,NSFT,VC202200143
CONT2022002108,IMPORT,NSFT,VC202200143
CONT2022002109,IMPORT,NSFT,VC202200143
CONT2022002110,EXPORT,NSFT,VC202200143
CONT2022002111,EXPORT,NSFT,VC202200143
CONT2022002112,EXPORT,NSFT,VC202200143
CONT2022002113,IMPORT,NSFT,VC202200144
CONT2022002114,EXPORT,NSFT,VC202200144
CONT2022002115,IMPORT,NSFT,VC202200144
CONT2022002116,IMPORT,NSFT,VC202200144
CONT2022002117,IMPORT,NSFT,VC202200144
CONT2022002118,IMPORT,NSFT,VC202200144
CONT2022002119,EXPORT,NSFT,VC202200144
CONT2022002120,EXPORT,NSFT,VC202200144
CONT2022002121,EXPORT,NSFT,VC202200144
CONT2022002122,IMPORT,NSFT,VC202200144
CONT2022002123,EXPORT,NSFT,VC202200144
CONT2022002124,EXPORT,NSFT,VC202200144
CONT2022002125,IMPORT,NSFT,VC202200144
CONT2022002126,IMPORT,NSFT,VC202200144
CONT2022002127,EXPORT,NSFT,VC202200144
CONT2022002128,IMPORT,NSFT,VC202200144
CONT2022002129,IMPORT,GTI,VC202200145
CONT2022002130,EXPORT,GTI,VC202200145
CONT2022002131,EXPORT,GTI,VC202200145
CONT2022002132,IMPORT,GTI,VC202200145
CONT2022002133,IMPORT,GTI,VC202200145
CONT2022002134,EXPORT,GTI,VC202200145
CONT2022002135,EXPORT,GTI,VC202200145
CONT2022002136,IMPORT,GTI,VC202200145
CONT2022002137,EXPORT,GTI,VC202200145
CONT2022002138,IMPORT,GTI,VC202200145
CONT2022002139,IMPORT,GTI,VC202200145
CONT2022002140,IMPORT,GTI,VC202200145
CONT2022002141,IMPORT,GTI,VC202200145
CONT2022002142,IMPORT,GTI,VC202200145
CONT2022002143,EXPORT,GTI,VC202200145
CONT2022002144,IMPORT,GTI,VC202200145
CONT2022002145,EXPORT,GTI,VC202200145
CONT2022002146,IMPORT,GTI,VC202200145
CONT2022002147,IMPORT,GTI,VC202200145
CONT2022002148,IMPORT,GTI,VC202200145
CONT2022002149,IMPORT,GTI,VC202200145
CONT2022002150,IMPORT,GTI,VC202200146
CONT2022002151,EXPORT,GTI,VC202200146
CONT2022002152,IMPORT,GTI,VC202200146
CONT2022002153,EXPORT,GTI,VC202200146
CONT2022002154,EXPORT,GTI,VC202200146
CONT2022002155,IMPORT,GTI,VC202200146
CONT2022002156,EXPORT,GTI,VC202200146
CONT2022002157,EXPORT,GTI,VC202200147
CONT2022002158,IMPORT,GTI,VC202200147
CONT2022002159,IMPORT,GTI,VC202200147
CONT2022002160,EXPORT,GTI,VC202200147
CONT2022002161,IMPORT,GTI,VC202200147
CONT2022002162,EXPORT,GTI,VC202200147
CONT2022002163,EXPORT,GTI,VC202200147
CONT2022002164,IMPORT,NSICT,VC202200148
CONT2022002165,IMPORT,NSICT,VC202200148
CONT2022002166,EXPORT,NSICT,VC202200148
CONT2022002167,EXPORT,NSICT,VC202200148
CONT2022002168,IMPORT,NSICT,VC202200148
CONT2022002169,IMPORT,NSICT,VC202200148
CONT2022002170,IMPORT,NSICT,VC202200148
CONT2022002171,IMPORT,NSICT,VC202200148
CONT2022002172,IMPORT,NSICT,VC202200148
CONT2022002173,IMPORT,NSICT,VC202200148
CONT2022002174,EXPORT,NSICT,VC202200148
CONT2022002175,EXPORT,NSICT,VC202200148
CONT2022002176,IMPORT,NSICT,VC202200148
CONT2022002177,EXPORT,NSICT,VC202200148
CONT2022002178,EXPORT,NSICT,VC202200148
CONT2022002179,EXPORT,NSICT,VC202200148
CONT2022002180,IMPORT,NSICT,VC202200148
CONT2022002181,IMPORT,NSICT,VC202200148
CONT2022002182,IMPORT,NSIGT,VC202200149
CONT2022002183,IMPORT,NSIGT,VC202200149
CONT2022002184,IMPORT,NSIGT,VC202200149
CONT2022002185,IMPORT,NSIGT,VC202200149
CONT2022002186,IMPORT,NSIGT,VC202200149
CONT2022002187,IMPORT,NSIGT,VC202200149
CONT2022002188,EXPORT,NSIGT,VC202200149
CONT2022002189,EXPORT,NSIGT,VC202200149
CONT2022002190,EXPORT,NSIGT,VC202200149
CONT2022002191,IMPORT,NSIGT,VC202200149
CONT2022002192,IMPORT,NSIGT,VC202200149
CONT2022002193,EXPORT,NSIGT,VC202200149
CONT2022002194,IMPORT,NSIGT,VC202200149
CONT2022002195,IMPORT,NSIGT,VC202200149
CONT2022002196,IMPORT,NSIGT,VC202200149
CONT2022002197,IMPORT,NSIGT,VC202200149
CONT2022002198,EXPORT,BMCT,VC202200150
CONT2022002199,EXPORT,BMCT,VC202200150
CONT2022002200,EXPORT,BMCT,VC202200150
CONT2022002201,EXPORT,BMCT,VC202200150
CONT2022002202,IMPORT,BMCT,VC202200150
CONT2022002203,EXPORT,BMCT,VC202200150
CONT2022002204,EXPORT,BMCT,VC202200150
CONT2022002205,EXPORT,BMCT,VC202200150
CONT2022002206,EXPORT,BMCT,VC202200150
CONT2022002207,IMPORT,BMCT,VC202200150
CONT2022002208,IMPORT,BMCT,VC202200150
CONT2022002209,EXPORT,BMCT,VC202200150
CONT2022002210,IMPORT,BMCT,VC202200150
CONT2022002211,EXPORT,BMCT,VC202200150
CONT2022002212,IMPORT,BMCT,VC202200150
CONT2022002213,IMPORT,GTI,VC202200151
CONT2022002214,EXPORT,GTI,VC202200151
CONT2022002215,EXPORT,GTI,VC202200151
CONT2022002216,EXPORT,GTI,VC202200151
CONT2022002217,IMPORT,GTI,VC202200151
CONT2022002218,IMPORT,GTI,VC202200151
CONT2022002219,IMPORT,GTI,VC202200151
CONT2022002220,EXPORT,GTI,VC202200151
CONT2022002221,EXPORT,GTI,VC202200151
CONT2022002222,IMPORT,GTI,VC202200151
CONT2022002223,IMPORT,GTI,VC202200151
CONT2022002224,IMPORT,GTI,VC202200151
CONT2022002225,IMPORT,GTI,VC202200151
CONT2022002226,EXPORT,GTI,VC202200151
CONT2022002227,EXPORT,GTI,VC202200151
CONT2022002228,EXPORT,GTI,VC202200151
CONT2022002229,EXPORT,NSFT,VC202200152
CONT2022002230,IMPORT,NSFT,VC202200152
CONT2022002231,EXPORT,NSFT,VC202200152
CONT2022002232,EXPORT,NSFT,VC202200152
CONT2022002233,IMPORT,NSFT,VC202200152
CONT2022002234,IMPORT,NSFT,VC202200152
CONT2022002235,EXPORT,NSFT,VC202200152
CONT2022002236,EXPORT,NSFT,VC202200152
CONT2022002237,EXPORT,NSFT,VC202200152
CONT2022002238,EXPORT,BMCT,VC202200153
CONT2022002239,EXPORT,BMCT,VC202200153
CONT2022002240,IMPORT,BMCT,VC202200153
CONT2022002241,IMPORT,BMCT,VC202200153
CONT2022002242,IMPORT,BMCT,VC202200153
CONT2022002243,IMPORT,BMCT,VC202200153
CONT2022002244,EXPORT,BMCT,VC202200153
CONT2022002245,EXPORT,BMCT,VC202200153
CONT2022002246,IMPORT,BMCT,VC202200153
CONT2022002247,IMPORT,BMCT,VC202200153
CONT2022002248,EXPORT,BMCT,VC202200153
CONT2022002249,IMPORT,BMCT,VC202200153
CONT2022002250,IMPORT,BMCT,VC202200153
CONT2022002251,IMPORT,BMCT,VC202200153
CONT2022002252,IMPORT,BMCT,VC202200153
CONT2022002253,IMPORT,NSICT,VC202200154
CONT2022002254,EXPORT,NSICT,VC202200154
CONT2022002255,EXPORT,NSICT,VC202200154
CONT2022002256,IMPORT,NSICT,VC202200154
CONT2022002257,EXPORT,NSICT,VC202200154
CONT2022002258,IMPORT,NSICT,VC202200154
CONT2022002259,EXPORT,NSICT,VC202200154
CONT2022002260,IMPORT,NSICT,VC202200154
CONT2022002261,EXPORT,NSICT,VC202200154
CONT2022002262,IMPORT,NSICT,VC202200154
CONT2022002263,IMPORT,NSICT,VC202200154
CONT2022002264,IMPORT,NSICT,VC202200154
CONT2022002265,EXPORT,NSICT,VC202200154
CONT2022002266,IMPORT,NSICT,VC202200154
CONT2022002267,IMPORT,NSICT,VC202200154
CONT2022002268,EXPORT,NSICT,VC202200154
CONT2022002269,EXPORT,GTI,VC202200155
CONT2022002270,EXPORT,GTI,VC202200155
CONT2022002271,IMPORT,GTI,VC202200155
CONT2022002272,EXPORT,GTI,VC202200155
CONT2022002273,IMPORT,GTI,VC202200155
CONT2022002274,EXPORT,GTI,VC202200155
CONT2022002275,EXPORT,GTI,VC202200155
CONT2022002276,IMPORT,GTI,VC202200155
CONT2022002277,EXPORT,GTI,VC202200155
CONT2022002278,EXPORT,NSICT,VC202200156
CONT2022002279,EXPORT,NSICT,VC202200156
CONT2022002280,IMPORT,NSICT,VC202200156
CONT2022002281,IMPORT,NSICT,VC202200156
CONT2022002282,EXPORT,NSICT,VC202200156
CONT2022002283,EXPORT,NSICT,VC202200156
CONT2022002284,IMPORT,NSICT,VC202200156
CONT2022002285,EXPORT,NSICT,VC202200156
CONT2022002286,IMPORT,NSICT,VC202200156
CONT2022002287,EXPORT,NSICT,VC202200156
CONT2022002288,EXPORT,NSICT,VC202200156
CONT2022002289,EXPORT,NSICT,VC202200156
CONT2022002290,EXPORT,NSICT,VC202200156
CONT2022002291,EXPORT,NSICT,VC202200156
CONT2022002292,IMPORT,NSICT,VC202200156
CONT2022002293,EXPORT,NSICT,VC202200156
CONT2022002294,EXPORT,NSICT,VC202200156
CONT2022002295,IMPORT,NSICT,VC202200156
CONT2022002296,EXPORT,NSICT,VC202200156
CONT2022002297,EXPORT,NSICT,VC202200156
CONT2022002298,EXPORT,NSICT,VC202200156
CONT2022002299,EXPORT,NSICT,VC202200156
CONT2022002300,IMPORT,NSICT,VC202200156
CONT2022002301,EXPORT,NSICT,VC202200156
CONT2022002302,IMPORT,NSICT,VC202200156
CONT2022002303,EXPORT,NSICT,VC202200156
CONT2022002304,EXPORT,NSICT,VC202200156
CONT2022002305,IMPORT,NSICT,VC202200156
CONT2022002306,IMPORT,NSICT,VC202200156
CONT2022002307,IMPORT,NSICT,VC202200156
CONT2022002308,EXPORT,NSICT,VC202200156
CONT2022002309,EXPORT,NSICT,VC202200156
CONT2022002310,EXPORT,NSICT,VC202200156
CONT2022002311,IMPORT,NSICT,VC202200156
CONT2022002312,EXPORT,NSICT,VC202200156
CONT2022002313,EXPORT,NSICT,VC202200156
CONT2022002314,EXPORT,NSICT,VC202200156
CONT2022002315,EXPORT,NSICT,VC202200156
CONT2022002316,EXPORT,BMCT,VC202200157
CONT2022002317,EXPORT,BMCT,VC202200157
CONT2022002318,EXPORT,BMCT,VC202200157
CONT2022002319,IMPORT,BMCT,VC202200157
CONT2022002320,IMPORT,BMCT,VC202200157
CONT2022002321,EXPORT,BMCT,VC202200157
CONT2022002322,IMPORT,BMCT,VC202200157
CONT2022002323,EXPORT,BMCT,VC202200157
CONT2022002324,IMPORT,BMCT,VC202200157
CONT2022002325,IMPORT,BMCT,VC202200157
CONT2022002326,EXPORT,BMCT,VC202200157
CONT2022002327,IMPORT,BMCT,VC202200157
CONT2022002328,EXPORT,BMCT,VC202200157
CONT2022002329,EXPORT,BMCT,VC202200157
CONT2022002330,IMPORT,BMCT,VC202200157
CONT2022002331,EXPORT,BMCT,VC202200157
CONT2022002332,IMPORT,BMCT,VC202200157
CONT2022002333,IMPORT,BMCT,VC202200157
CONT2022002334,EXPORT,NSIGT,VC202200158
CONT2022002335,EXPORT,NSIGT,VC202200158
CONT2022002336,EXPORT,NSIGT,VC202200158
CONT2022002337,IMPORT,NSIGT,VC202200158
CONT2022002338,EXPORT,NSIGT,VC202200158
CONT2022002339,EXPORT,NSIGT,VC202200158
CONT2022002340,EXPORT,NSIGT,VC202200158
CONT2022002341,IMPORT,BMCT,VC202200159
CONT2022002342,EXPORT,BMCT,VC202200159
CONT2022002343,IMPORT,BMCT,VC202200159
CONT2022002344,EXPORT,BMCT,VC202200159
CONT2022002345,IMPORT,BMCT,VC202200159
CONT2022002346,IMPORT,BMCT,VC202200159
CONT2022002347,EXPORT,BMCT,VC202200159
CONT2022002348,EXPORT,BMCT,VC202200159
CONT2022002349,EXPORT,BMCT,VC202200159
CONT2022002350,IMPORT,BMCT,VC202200159
CONT2022002351,IMPORT,BMCT,VC202200159
CONT2022002352,EXPORT,BMCT,VC202200159
CONT2022002353,EXPORT,BMCT,VC202200159
CONT2022002354,IMPORT,BMCT,VC202200159
CONT2022002355,IMPORT,BMCT,VC202200159
CONT2022002356,IMPORT,BMCT,VC202200159
CONT2022002357,EXPORT,BMCT,VC202200159
CONT2022002358,IMPORT,BMCT,VC202200159
CONT2022002359,IMPORT,BMCT,VC202200159
CONT2022002360,EXPORT,NSFT,VC202200160
CONT2022002361,EXPORT,NSFT,VC202200160
CONT2022002362,EXPORT,NSFT,VC202200160
CONT2022002363,IMPORT,NSFT,VC202200160
CONT2022002364,EXPORT,NSFT,VC202200160
CONT2022002365,IMPORT,NSFT,VC202200160
CONT2022002366,IMPORT,NSFT,VC202200160
CONT2022002367,IMPORT,NSFT,VC202200160
CONT2022002368,IMPORT,NSFT,VC202200161
CONT2022002369,EXPORT,NSFT,VC202200161
CONT2022002370,EXPORT,NSFT,VC202200161
CONT2022002371,EXPORT,NSFT,VC202200161
CONT2022002372,EXPORT,NSFT,VC202200161
CONT2022002373,IMPORT,NSFT,VC202200161
CONT2022002374,EXPORT,NSFT,VC202200161
CONT2022002375,EXPORT,NSFT,VC202200161
CONT2022002376,IMPORT,NSFT,VC202200161
CONT2022002377,EXPORT,NSFT,VC202200161
CONT2022002378,EXPORT,NSFT,VC202200161
CONT2022002379,EXPORT,NSFT,VC202200161
CONT2022002380,IMPORT,NSFT,VC202200161
CONT2022002381,IMPORT,NSFT,VC202200161
CONT2022002382,IMPORT,NSFT,VC202200161
CONT2022002383,EXPORT,NSFT,VC202200161
CONT2022002384,EXPORT,NSFT,VC202200161
CONT2022002385,IMPORT,NSFT,VC202200161
CONT2022002386,IMPORT,NSFT,VC202200161
CONT2022002387,EXPORT,NSFT,VC202200161
CONT2022002388,IMPORT,NSFT,VC202200161
CONT2022002389,EXPORT,NSFT,VC202200162
CONT2022002390,IMPORT,NSFT,VC202200162
CONT2022002391,EXPORT,NSFT,VC202200162
CONT2022002392,EXPORT,NSFT,VC202200162
CONT2022002393,EXPORT,NSFT,VC202200162
CONT2022002394,EXPORT,NSFT,VC202200162
CONT2022002395,EXPORT,NSFT,VC202200162
CONT2022002396,EXPORT,NSFT,VC202200162
CONT2022002397,EXPORT,NSFT,VC202200162
CONT2022002398,IMPORT,NSFT,VC202200162
CONT2022002399,IMPORT,NSFT,VC202200162
CONT2022002400,IMPORT,NSFT,VC202200162
CONT2022002401,IMPORT,NSFT,VC202200162
CONT2022002402,EXPORT,NSFT,VC202200162
CONT2022002403,IMPORT,NSFT,VC202200162
CONT2022002404,EXPORT,NSFT,VC202200162
CONT2022002405,EXPORT,NSFT,VC202200162
CONT2022002406,IMPORT,NSFT,VC202200162
CONT2022002407,IMPORT,NSFT,VC202200162
CONT2022002408,IMPORT,NSFT,VC202200162
CONT2022002409,IMPORT,NSFT,VC202200162
CONT2022002410,IMPORT,NSFT,VC202200162
CONT2022002411,IMPORT,NSFT,VC202200162
CONT2022002412,EXPORT,NSFT,VC202200162
CONT2022002413,IMPORT,NSFT,VC202200162
CONT2022002414,EXPORT,NSFT,VC202200162
CONT2022002415,IMPORT,GTI,VC202200163
CONT2022002416,IMPORT,GTI,VC202200163
CONT2022002417,EXPORT,GTI,VC202200163
CONT2022002418,IMPORT,GTI,VC202200163
CONT2022002419,IMPORT,GTI,VC202200163
CONT2022002420,IMPORT,GTI,VC202200163
CONT2022002421,IMPORT,GTI,VC202200163
CONT2022002422,IMPORT,GTI,VC202200163
CONT2022002423,IMPORT,GTI,VC202200163
CONT2022002424,IMPORT,GTI,VC202200164
CONT2022002425,IMPORT,GTI,VC202200164
CONT2022002426,IMPORT,GTI,VC202200164
CONT2022002427,IMPORT,GTI,VC202200164
CONT2022002428,EXPORT,GTI,VC202200164
CONT2022002429,EXPORT,GTI,VC202200164
CONT2022002430,EXPORT,GTI,VC202200164
CONT2022002431,EXPORT,GTI,VC202200164
CONT2022002432,IMPORT,GTI,VC202200164
CONT2022002433,IMPORT,GTI,VC202200164
CONT2022002434,EXPORT,GTI,VC202200164
CONT2022002435,EXPORT,GTI,VC202200164
CONT2022002436,EXPORT,GTI,VC202200164
CONT2022002437,IMPORT,GTI,VC202200164
CONT2022002438,IMPORT,GTI,VC202200164
CONT2022002439,IMPORT,GTI,VC202200164
CONT2022002440,IMPORT,GTI,VC202200164
CONT2022002441,IMPORT,GTI,VC202200164
CONT2022002442,IMPORT,GTI,VC202200164
CONT2022002443,EXPORT,GTI,VC202200164
CONT2022002444,EXPORT,GTI,VC202200164
CONT2022002445,IMPORT,GTI,VC202200164
CONT2022002446,EXPORT,GTI,VC202200164
CONT2022002447,EXPORT,NSIGT,VC202200165
CONT2022002448,EXPORT,NSIGT,VC202200165
CONT2022002449,IMPORT,NSIGT,VC202200165
CONT2022002450,IMPORT,NSIGT,VC202200165
CONT2022002451,IMPORT,NSIGT,VC202200165
CONT2022002452,EXPORT,NSIGT,VC202200165
CONT2022002453,EXPORT,NSIGT,VC202200165
CONT2022002454,EXPORT,NSIGT,VC202200165
CONT2022002455,EXPORT,NSIGT,VC202200165
CONT2022002456,EXPORT,NSIGT,VC202200165
CONT2022002457,EXPORT,NSIGT,VC202200165
CONT2022002458,EXPORT,NSIGT,VC202200165
CONT2022002459,EXPORT,NSIGT,VC202200165
CONT2022002460,IMPORT,NSIGT,VC202200165
CONT2022002461,EXPORT,NSIGT,VC202200165
CONT2022002462,EXPORT,NSIGT,VC202200165
CONT2022002463,EXPORT,NSIGT,VC202200165
CONT2022002464,EXPORT,NSFT,VC202200166
CONT2022002465,IMPORT,NSFT,VC202200166
CONT2022002466,EXPORT,NSFT,VC202200166
CONT2022002467,IMPORT,NSFT,VC202200166
CONT2022002468,IMPORT,NSFT,VC202200166
CONT2022002469,IMPORT,NSFT,VC202200166
CONT2022002470,EXPORT,NSFT,VC202200166
CONT2022002471,EXPORT,NSFT,VC202200166
CONT2022002472,EXPORT,NSFT,VC202200166
CONT2022002473,IMPORT,NSFT,VC202200166
CONT2022002474,EXPORT,NSFT,VC202200166
CONT2022002475,EXPORT,NSFT,VC202200166
CONT2022002476,IMPORT,NSFT,VC202200166
CONT2022002477,IMPORT,NSFT,VC202200166
CONT2022002478,EXPORT,NSFT,VC202200166
CONT2022002479,EXPORT,NSFT,VC202200166
CONT2022002480,IMPORT,NSFT,VC202200166
CONT2022002481,IMPORT,NSFT,VC202200166
CONT2022002482,IMPORT,NSFT,VC202200166
CONT2022002483,EXPORT,NSFT,VC202200166
CONT2022002484,EXPORT,NSFT,VC202200166
CONT2022002485,EXPORT,NSICT,VC202200167
CONT2022002486,EXPORT,NSICT,VC202200167
CONT2022002487,IMPORT,NSICT,VC202200167
CONT2022002488,IMPORT,NSICT,VC202200167
CONT2022002489,IMPORT,NSICT,VC202200167
CONT2022002490,EXPORT,NSICT,VC202200167
CONT2022002491,IMPORT,NSICT,VC202200167
CONT2022002492,IMPORT,NSICT,VC202200167
CONT2022002493,IMPORT,NSICT,VC202200167
CONT2022002494,IMPORT,NSICT,VC202200167
CONT2022002495,EXPORT,NSICT,VC202200167
CONT2022002496,EXPORT,NSICT,VC202200167
CONT2022002497,EXPORT,NSICT,VC202200167
CONT2022002498,EXPORT,NSICT,VC202200167
CONT2022002499,IMPORT,NSICT,VC202200167
CONT2022002500,IMPORT,NSICT,VC202200167
CONT2022002501,EXPORT,NSICT,VC202200167
CONT2022002502,EXPORT,NSICT,VC202200167
CONT2022002503,IMPORT,NSICT,VC202200167
CONT2022002504,EXPORT,NSICT,VC202200167
CONT2022002505,EXPORT,NSICT,VC202200167
CONT2022002506,EXPORT,NSICT,VC202200167
CONT2022002507,EXPORT,NSICT,VC202200167
CONT2022002508,IMPORT,NSICT,VC202200167
CONT2022002509,IMPORT,NSICT,VC202200167
CONT2022002510,EXPORT,NSICT,VC202200167
CONT2022002511,IMPORT,NSICT,VC202200167
CONT2022002512,IMPORT,NSICT,VC202200167
CONT2022002513,EXPORT,NSICT,VC202200167
CONT2022002514,EXPORT,NSICT,VC202200167
CONT2022002515,EXPORT,NSICT,VC202200167
CONT2022002516,IMPORT,NSICT,VC202200167
CONT2022002517,IMPORT,NSICT,VC202200167
CONT2022002518,EXPORT,NSICT,VC202200167
CONT2022002519,EXPORT,NSICT,VC202200167
CONT2022002520,IMPORT,NSICT,VC202200167
CONT2022002521,IMPORT,NSICT,VC202200167
CONT2022002522,EXPORT,NSICT,VC202200167
CONT2022002523,IMPORT,GTI,VC202200168
CONT2022002524,IMPORT,GTI,VC202200168
CONT2022002525,IMPORT,GTI,VC202200168
CONT2022002526,EXPORT,GTI,VC202200168
CONT2022002527,IMPORT,GTI,VC202200168
CONT2022002528,EXPORT,GTI,VC202200168
CONT2022002529,EXPORT,GTI,VC202200168
CONT2022002530,IMPORT,GTI,VC202200168
CONT2022002531,IMPORT,GTI,VC202200168
CONT2022002532,IMPORT,GTI,VC202200168
CONT2022002533,IMPORT,GTI,VC202200168
CONT2022002534,IMPORT,GTI,VC202200168
CONT2022002535,IMPORT,BMCT,VC202200169
CONT2022002536,IMPORT,BMCT,VC202200169
CONT2022002537,EXPORT,BMCT,VC202200169
CONT2022002538,IMPORT,BMCT,VC202200169
CONT2022002539,EXPORT,BMCT,VC202200169
CONT2022002540,IMPORT,BMCT,VC202200169
CONT2022002541,EXPORT,BMCT,VC202200169
CONT2022002542,IMPORT,BMCT,VC202200169
CONT2022002543,IMPORT,BMCT,VC202200169
CONT2022002544,EXPORT,NSICT,VC202200170
CONT2022002545,IMPORT,NSICT,VC202200170
CONT2022002546,EXPORT,NSICT,VC202200170
CONT2022002547,EXPORT,NSICT,VC202200170
CONT2022002548,IMPORT,NSICT,VC202200170
CONT2022002549,IMPORT,NSICT,VC202200170
CONT2022002550,IMPORT,NSICT,VC202200170
CONT2022002551,IMPORT,NSICT,VC202200170
CONT2022002552,IMPORT,NSFT,VC202200171
CONT2022002553,EXPORT,NSFT,VC202200171
CONT2022002554,IMPORT,NSFT,VC202200171
CONT2022002555,IMPORT,NSFT,VC202200171
CONT2022002556,IMPORT,NSFT,VC202200171
CONT2022002557,IMPORT,NSFT,VC202200171
CONT2022002558,IMPORT,NSFT,VC202200171
CONT2022002559,EXPORT,NSFT,VC202200171
CONT2022002560,EXPORT,NSFT,VC202200171
CONT2022002561,IMPORT,NSIGT,VC202200172
CONT2022002562,EXPORT,NSIGT,VC202200172
CONT2022002563,IMPORT,NSIGT,VC202200172
CONT2022002564,IMPORT,NSIGT,VC202200172
CONT2022002565,IMPORT,NSIGT,VC202200172
CONT2022002566,IMPORT,NSIGT,VC202200172
CONT2022002567,IMPORT,NSIGT,VC202200172
CONT2022002568,IMPORT,NSIGT,VC202200172
CONT2022002569,EXPORT,NSIGT,VC202200172
CONT2022002570,IMPORT,NSIGT,VC202200172
CONT2022002571,IMPORT,NSIGT,VC202200172
CONT2022002572,IMPORT,NSIGT,VC202200172
CONT2022002573,IMPORT,NSIGT,VC202200172
CONT2022002574,EXPORT,GTI,VC202200173
CONT2022002575,IMPORT,GTI,VC202200173
CONT2022002576,IMPORT,GTI,VC202200173
CONT2022002577,IMPORT,GTI,VC202200173
CONT2022002578,EXPORT,GTI,VC202200173
CONT2022002579,EXPORT,GTI,VC202200173
CONT2022002580,IMPORT,GTI,VC202200173
CONT2022002581,IMPORT,GTI,VC202200173
CONT2022002582,IMPORT,GTI,VC202200173
CONT2022002583,EXPORT,GTI,VC202200173
CONT2022002584,IMPORT,GTI,VC202200173
CONT2022002585,IMPORT,GTI,VC202200173
CONT2022002586,IMPORT,GTI,VC202200173
CONT2022002587,IMPORT,GTI,VC202200173
CONT2022002588,EXPORT,GTI,VC202200173
CONT2022002589,EXPORT,GTI,VC202200173
CONT2022002590,EXPORT,NSIGT,VC202200174
CONT2022002591,IMPORT,NSIGT,VC202200174
CONT2022002592,EXPORT,NSIGT,VC202200174
CONT2022002593,EXPORT,NSIGT,VC202200174
CONT2022002594,IMPORT,NSIGT,VC202200174
CONT2022002595,EXPORT,NSIGT,VC202200174
CONT2022002596,IMPORT,NSIGT,VC202200174
CONT2022002597,IMPORT,NSIGT,VC202200174
CONT2022002598,IMPORT,NSIGT,VC202200174
CONT2022002599,IMPORT,NSIGT,VC202200174
CONT2022002600,IMPORT,NSIGT,VC202200174
CONT2022002601,EXPORT,NSIGT,VC202200174
CONT2022002602,IMPORT,NSIGT,VC202200174
CONT2022002603,EXPORT,NSIGT,VC202200174
CONT2022002604,EXPORT,NSIGT,VC202200174
CONT2022002605,EXPORT,NSIGT,VC202200174
CONT2022002606,EXPORT,NSICT,VC202200175
CONT2022002607,IMPORT,NSICT,VC202200175
CONT2022002608,EXPORT,NSICT,VC202200175
CONT2022002609,IMPORT,NSICT,VC202200175
CONT2022002610,IMPORT,NSICT,VC202200175
CONT2022002611,IMPORT,NSICT,VC202200175
CONT2022002612,IMPORT,NSICT,VC202200175
CONT2022002613,IMPORT,NSICT,VC202200175
CONT2022002614,EXPORT,NSICT,VC202200175
CONT2022002615,EXPORT,NSICT,VC202200175
CONT2022002616,EXPORT,NSICT,VC202200175
CONT2022002617,IMPORT,NSICT,VC202200175
CONT2022002618,IMPORT,NSICT,VC202200175
CONT2022002619,EXPORT,NSICT,VC202200175
CONT2022002620,IMPORT,NSICT,VC202200175
CONT2022002621,EXPORT,NSICT,VC202200175
CONT2022002622,IMPORT,NSICT,VC202200175
CONT2022002623,IMPORT,NSICT,VC202200175
CONT2022002624,EXPORT,NSICT,VC202200175
CONT2022002625,EXPORT,NSICT,VC202200175
CONT2022002626,IMPORT,NSICT,VC202200175
CONT2022002627,EXPORT,NSIGT,VC202200176
CONT2022002628,IMPORT,NSIGT,VC202200176
CONT2022002629,EXPORT,NSIGT,VC202200176
CONT2022002630,IMPORT,NSIGT,VC202200176
CONT2022002631,IMPORT,NSIGT,VC202200176
CONT2022002632,IMPORT,NSIGT,VC202200176
CONT2022002633,EXPORT,NSIGT,VC202200176
CONT2022002634,IMPORT,NSIGT,VC202200176
CONT2022002635,IMPORT,NSIGT,VC202200176
CONT2022002636,IMPORT,NSIGT,VC202200176
CONT2022002637,IMPORT,NSIGT,VC202200176
CONT2022002638,EXPORT,NSIGT,VC202200176
CONT2022002639,IMPORT,NSIGT,VC202200176
CONT2022002640,EXPORT,NSIGT,VC202200176
CONT2022002641,EXPORT,BMCT,VC202200177
CONT2022002642,EXPORT,BMCT,VC202200177
CONT2022002643,IMPORT,BMCT,VC202200177
CONT2022002644,EXPORT,BMCT,VC202200177
CONT2022002645,EXPORT,BMCT,VC202200177
CONT2022002646,IMPORT,BMCT,VC202200177
CONT2022002647,EXPORT,BMCT,VC202200177
CONT2022002648,IMPORT,BMCT,VC202200177
CONT2022002649,IMPORT,BMCT,VC202200177
CONT2022002650,IMPORT,BMCT,VC202200177
CONT2022002651,IMPORT,BMCT,VC202200177
CONT2022002652,IMPORT,BMCT,VC202200177
CONT2022002653,IMPORT,BMCT,VC202200177
CONT2022002654,EXPORT,BMCT,VC202200177
CONT2022002655,EXPORT,BMCT,VC202200177
CONT2022002656,IMPORT,BMCT,VC202200177
CONT2022002657,EXPORT,BMCT,VC202200177
CONT2022002658,IMPORT,BMCT,VC202200177
CONT2022002659,IMPORT,BMCT,VC202200177
CONT2022002660,EXPORT,BMCT,VC202200177
CONT2022002661,EXPORT,BMCT,VC202200177
CONT2022002662,EXPORT,BMCT,VC202200177
CONT2022002663,IMPORT,BMCT,VC202200177
CONT2022002664,EXPORT,BMCT,VC202200177
CONT2022002665,IMPORT,BMCT,VC202200177
CONT2022002666,IMPORT,BMCT,VC202200177
CONT2022002667,IMPORT,BMCT,VC202200177
CONT2022002668,IMPORT,BMCT,VC202200177
CONT2022002669,EXPORT,BMCT,VC202200177
CONT2022002670,EXPORT,BMCT,VC202200177
CONT2022002671,EXPORT,NSFT,VC202200178
CONT2022002672,EXPORT,NSFT,VC202200178
CONT2022002673,IMPORT,NSFT,VC202200178
CONT2022002674,EXPORT,NSFT,VC202200178
CONT2022002675,IMPORT,NSFT,VC202200178
CONT2022002676,IMPORT,NSFT,VC202200178
CONT2022002677,IMPORT,NSFT,VC202200178
CONT2022002678,EXPORT,NSFT,VC202200178
CONT2022002679,EXPORT,NSFT,VC202200178
CONT2022002680,IMPORT,NSFT,VC202200178
CONT2022002681,IMPORT,NSFT,VC202200178
CONT2022002682,IMPORT,NSFT,VC202200178
CONT2022002683,IMPORT,NSFT,VC202200179
CONT2022002684,EXPORT,NSFT,VC202200179
CONT2022002685,IMPORT,NSFT,VC202200179
CONT2022002686,EXPORT,NSFT,VC202200179
CONT2022002687,EXPORT,NSFT,VC202200179
CONT2022002688,IMPORT,NSFT,VC202200179
CONT2022002689,EXPORT,NSFT,VC202200179
CONT2022002690,IMPORT,NSFT,VC202200179
CONT2022002691,IMPORT,NSFT,VC202200179
CONT2022002692,IMPORT,NSFT,VC202200179
CONT2022002693,EXPORT,NSFT,VC202200179
CONT2022002694,IMPORT,NSFT,VC202200179
CONT2022002695,IMPORT,NSFT,VC202200179
CONT2022002696,EXPORT,NSFT,VC202200179
CONT2022002697,IMPORT,NSFT,VC202200179
CONT2022002698,EXPORT,NSFT,VC202200179
CONT2022002699,EXPORT,NSFT,VC202200179
CONT2022002700,EXPORT,NSFT,VC202200179
CONT2022002701,IMPORT,NSFT,VC202200179
CONT2022002702,IMPORT,NSFT,VC202200179
CONT2022002703,EXPORT,NSFT,VC202200179
CONT2022002704,IMPORT,NSFT,VC202200179
CONT2022002705,IMPORT,NSFT,VC202200179
CONT2022002706,IMPORT,NSFT,VC202200179
CONT2022002707,EXPORT,NSFT,VC202200179
CONT2022002708,EXPORT,NSFT,VC202200179
CONT2022002709,EXPORT,NSFT,VC202200179
CONT2022002710,EXPORT,NSFT,VC202200179
CONT2022002711,EXPORT,NSFT,VC202200179
CONT2022002712,IMPORT,NSFT,VC202200179
CONT2022002713,EXPORT,NSFT,VC202200179
CONT2022002714,EXPORT,NSFT,VC202200179
CONT2022002715,IMPORT,NSFT,VC202200179
CONT2022002716,EXPORT,NSFT,VC202200179
CONT2022002717,EXPORT,NSFT,VC202200179
CONT2022002718,IMPORT,NSFT,VC202200179
CONT2022002719,IMPORT,NSFT,VC202200179
CONT2022002720,EXPORT,NSFT,VC202200179
CONT2022002721,IMPORT,NSFT,VC202200179
CONT2022002722,IMPORT,NSFT,VC202200179
CONT2022002723,IMPORT,NSFT,VC202200179
CONT2022002724,IMPORT,NSFT,VC202200179
CONT2022002725,EXPORT,NSFT,VC202200179
CONT2022002726,EXPORT,NSFT,VC202200179
CONT2022002727,IMPORT,NSFT,VC202200179
CONT2022002728,EXPORT,NSFT,VC202200179
CONT2022002729,EXPORT,NSFT,VC202200179
CONT2022002730,EXPORT,NSFT,VC202200179
CONT2022002731,IMPORT,NSFT,VC202200179
CONT2022002732,EXPORT,NSFT,VC202200179
CONT2022002733,IMPORT,NSFT,VC202200179
CONT2022002734,IMPORT,NSFT,VC202200179
CONT2022002735,IMPORT,NSFT,VC202200179
CONT2022002736,EXPORT,NSFT,VC202200179
CONT2022002737,IMPORT,NSFT,VC202200179
CONT2022002738,IMPORT,NSFT,VC202200179
CONT2022002739,EXPORT,NSFT,VC202200179
CONT2022002740,IMPORT,NSFT,VC202200179
CONT2022002741,EXPORT,NSFT,VC202200179
CONT2022002742,IMPORT,NSFT,VC202200179
CONT2022002743,EXPORT,NSFT,VC202200180
CONT2022002744,EXPORT,NSFT,VC202200180
CONT2022002745,EXPORT,NSFT,VC202200180
CONT2022002746,EXPORT,NSFT,VC202200180
CONT2022002747,EXPORT,NSFT,VC202200180
CONT2022002748,EXPORT,NSFT,VC202200180
CONT2022002749,EXPORT,NSFT,VC202200180
CONT2022002750,EXPORT,NSFT,VC202200180
CONT2022002751,EXPORT,NSFT,VC202200180
CONT2022002752,EXPORT,NSFT,VC202200180
CONT2022002753,IMPORT,NSFT,VC202200180
CONT2022002754,EXPORT,NSFT,VC202200180
CONT2022002755,EXPORT,NSFT,VC202200180
CONT2022002756,EXPORT,NSFT,VC202200180
CONT2022002757,EXPORT,NSFT,VC202200180
CONT2022002758,EXPORT,NSFT,VC202200180
CONT2022002759,EXPORT,NSFT,VC202200180
CONT2022002760,EXPORT,NSFT,VC202200180
CONT2022002761,IMPORT,NSFT,VC202200180
CONT2022002762,IMPORT,NSIGT,VC202200181
CONT2022002763,IMPORT,NSIGT,VC202200181
CONT2022002764,EXPORT,NSIGT,VC202200181
CONT2022002765,IMPORT,NSIGT,VC202200181
CONT2022002766,IMPORT,NSIGT,VC202200181
CONT2022002767,IMPORT,NSIGT,VC202200181
CONT2022002768,IMPORT,NSIGT,VC202200181
CONT2022002769,EXPORT,NSIGT,VC202200181
CONT2022002770,IMPORT,BMCT,VC202200182
CONT2022002771,EXPORT,BMCT,VC202200182
CONT2022002772,IMPORT,BMCT,VC202200182
CONT2022002773,IMPORT,BMCT,VC202200182
CONT2022002774,IMPORT,BMCT,VC202200182
CONT2022002775,EXPORT,BMCT,VC202200182
CONT2022002776,EXPORT,BMCT,VC202200182
CONT2022002777,IMPORT,NSIGT,VC202200183
CONT2022002778,IMPORT,NSIGT,VC202200183
CONT2022002779,IMPORT,NSIGT,VC202200183
CONT2022002780,IMPORT,NSIGT,VC202200183
CONT2022002781,EXPORT,NSIGT,VC202200183
CONT2022002782,IMPORT,NSIGT,VC202200183
CONT2022002783,IMPORT,NSIGT,VC202200183
CONT2022002784,IMPORT,NSIGT,VC202200183
CONT2022002785,EXPORT,NSIGT,VC202200183
CONT2022002786,EXPORT,NSIGT,VC202200183
CONT2022002787,EXPORT,NSIGT,VC202200183
CONT2022002788,EXPORT,NSIGT,VC202200183
CONT2022002789,EXPORT,NSIGT,VC202200183
CONT2022002790,IMPORT,NSIGT,VC202200183
CONT2022002791,IMPORT,NSIGT,VC202200183
CONT2022002792,EXPORT,NSIGT,VC202200183
CONT2022002793,IMPORT,NSIGT,VC202200183
CONT2022002794,IMPORT,NSIGT,VC202200183
CONT2022002795,EXPORT,NSIGT,VC202200184
CONT2022002796,IMPORT,NSIGT,VC202200184
CONT2022002797,EXPORT,NSIGT,VC202200184
CONT2022002798,EXPORT,NSIGT,VC202200184
CONT2022002799,EXPORT,NSIGT,VC202200184
CONT2022002800,EXPORT,NSIGT,VC202200184
CONT2022002801,EXPORT,NSIGT,VC202200184
CONT2022002802,EXPORT,NSIGT,VC202200184
CONT2022002803,IMPORT,NSIGT,VC202200184
CONT2022002804,EXPORT,NSIGT,VC202200184
CONT2022002805,IMPORT,NSIGT,VC202200184
CONT2022002806,IMPORT,NSIGT,VC202200184
CONT2022002807,EXPORT,BMCT,VC202200185
CONT2022002808,EXPORT,BMCT,VC202200185
CONT2022002809,EXPORT,BMCT,VC202200185
CONT2022002810,IMPORT,BMCT,VC202200185
CONT2022002811,IMPORT,BMCT,VC202200185
CONT2022002812,IMPORT,BMCT,VC202200185
CONT2022002813,IMPORT,BMCT,VC202200185
CONT2022002814,IMPORT,BMCT,VC202200185
CONT2022002815,IMPORT,BMCT,VC202200185
CONT2022002816,IMPORT,BMCT,VC202200185
CONT2022002817,IMPORT,BMCT,VC202200185
CONT2022002818,IMPORT,BMCT,VC202200185
CONT2022002819,IMPORT,BMCT,VC202200185
CONT2022002820,EXPORT,BMCT,VC202200185
CONT2022002821,IMPORT,BMCT,VC202200185
CONT2022002822,IMPORT,BMCT,VC202200185
CONT2022002823,EXPORT,BMCT,VC202200185
CONT2022002824,EXPORT,BMCT,VC202200185
CONT2022002825,EXPORT,BMCT,VC202200185
CONT2022002826,IMPORT,BMCT,VC202200185
CONT2022002827,EXPORT,NSICT,VC202200186
CONT2022002828,EXPORT,NSICT,VC202200186
CONT2022002829,IMPORT,NSICT,VC202200186
CONT2022002830,EXPORT,NSICT,VC202200186
CONT2022002831,IMPORT,NSICT,VC202200186
CONT2022002832,EXPORT,NSICT,VC202200186
CONT2022002833,IMPORT,NSICT,VC202200186
CONT2022002834,EXPORT,NSICT,VC202200186
CONT2022002835,IMPORT,NSICT,VC202200186
CONT2022002836,IMPORT,NSICT,VC202200186
CONT2022002837,EXPORT,NSICT,VC202200186
CONT2022002838,EXPORT,NSICT,VC202200186
CONT2022002839,IMPORT,NSICT,VC202200186
CONT2022002840,EXPORT,NSICT,VC202200186
CONT2022002841,EXPORT,NSICT,VC202200186
CONT2022002842,IMPORT,NSICT,VC202200186
CONT2022002843,EXPORT,NSICT,VC202200186
CONT2022002844,IMPORT,NSICT,VC202200186
CONT2022002845,IMPORT,BMCT,VC202200187
CONT2022002846,EXPORT,BMCT,VC202200187
CONT2022002847,EXPORT,BMCT,VC202200187
CONT2022002848,IMPORT,BMCT,VC202200187
CONT2022002849,EXPORT,BMCT,VC202200187
CONT2022002850,IMPORT,BMCT,VC202200187
CONT2022002851,EXPORT,BMCT,VC202200187
CONT2022002852,IMPORT,BMCT,VC202200187
CONT2022002853,IMPORT,BMCT,VC202200187
CONT2022002854,EXPORT,BMCT,VC202200187
CONT2022002855,IMPORT,BMCT,VC202200187
CONT2022002856,EXPORT,BMCT,VC202200187
CONT2022002857,EXPORT,BMCT,VC202200187
CONT2022002858,IMPORT,NSICT,VC202200188
CONT2022002859,IMPORT,NSICT,VC202200188
CONT2022002860,EXPORT,NSICT,VC202200188
CONT2022002861,IMPORT,NSICT,VC202200188
CONT2022002862,IMPORT,NSICT,VC202200188
CONT2022002863,IMPORT,NSICT,VC202200188
CONT2022002864,IMPORT,NSICT,VC202200188
CONT2022002865,EXPORT,NSICT,VC202200188
CONT2022002866,EXPORT,BMCT,VC202200189
CONT2022002867,EXPORT,BMCT,VC202200189
CONT2022002868,IMPORT,BMCT,VC202200189
CONT2022002869,IMPORT,BMCT,VC202200189
CONT2022002870,EXPORT,BMCT,VC202200189
CONT2022002871,IMPORT,BMCT,VC202200189
CONT2022002872,EXPORT,NSFT,VC202200190
CONT2022002873,EXPORT,NSFT,VC202200190
CONT2022002874,IMPORT,NSFT,VC202200190
CONT2022002875,IMPORT,NSFT,VC202200190
CONT2022002876,IMPORT,NSFT,VC202200190
CONT2022002877,EXPORT,NSFT,VC202200190
CONT2022002878,EXPORT,NSFT,VC202200190
CONT2022002879,IMPORT,NSFT,VC202200190
CONT2022002880,EXPORT,NSFT,VC202200190
CONT2022002881,EXPORT,NSFT,VC202200190
CONT2022002882,IMPORT,NSFT,VC202200190
CONT2022002883,EXPORT,NSIGT,VC202200191
CONT2022002884,IMPORT,NSIGT,VC202200191
CONT2022002885,IMPORT,NSIGT,VC202200191
CONT2022002886,IMPORT,NSIGT,VC202200191
CONT2022002887,IMPORT,NSIGT,VC202200191
CONT2022002888,IMPORT,NSIGT,VC202200191
CONT2022002889,IMPORT,NSIGT,VC202200191
CONT2022002890,IMPORT,NSIGT,VC202200191
CONT2022002891,IMPORT,NSIGT,VC202200191
CONT2022002892,IMPORT,NSIGT,VC202200191
CONT2022002893,IMPORT,NSIGT,VC202200191
CONT2022002894,EXPORT,NSIGT,VC202200191
CONT2022002895,EXPORT,NSIGT,VC202200191
CONT2022002896,EXPORT,NSIGT,VC202200191
CONT2022002897,IMPORT,NSIGT,VC202200191
CONT2022002898,IMPORT,NSIGT,VC202200191
CONT2022002899,EXPORT,NSIGT,VC202200191
CONT2022002900,EXPORT,NSIGT,VC202200191
CONT2022002901,EXPORT,NSIGT,VC202200191
CONT2022002902,EXPORT,NSIGT,VC202200191
CONT2022002903,EXPORT,NSIGT,VC202200191
CONT2022002904,IMPORT,NSIGT,VC202200191
CONT2022002905,IMPORT,NSFT,VC202200192
CONT2022002906,IMPORT,NSFT,VC202200192
CONT2022002907,EXPORT,NSFT,VC202200192
CONT2022002908,IMPORT,NSFT,VC202200192
CONT2022002909,IMPORT,NSFT,VC202200192
CONT2022002910,EXPORT,NSFT,VC202200192
CONT2022002911,EXPORT,NSFT,VC202200192
CONT2022002912,EXPORT,NSFT,VC202200192
CONT2022002913,IMPORT,NSFT,VC202200192
CONT2022002914,IMPORT,NSFT,VC202200192
CONT2022002915,EXPORT,NSFT,VC202200192
CONT2022002916,IMPORT,NSFT,VC202200192
CONT2022002917,IMPORT,NSFT,VC202200192
CONT2022002918,IMPORT,NSFT,VC202200192
CONT2022002919,IMPORT,NSFT,VC202200192
CONT2022002920,IMPORT,GTI,VC202200193
CONT2022002921,EXPORT,GTI,VC202200193
CONT2022002922,EXPORT,GTI,VC202200193
CONT2022002923,EXPORT,GTI,VC202200193
CONT2022002924,IMPORT,GTI,VC202200193
CONT2022002925,IMPORT,GTI,VC202200193
CONT2022002926,EXPORT,GTI,VC202200193
CONT2022002927,IMPORT,BMCT,VC202200194
CONT2022002928,EXPORT,BMCT,VC202200194
CONT2022002929,IMPORT,BMCT,VC202200194
CONT2022002930,IMPORT,BMCT,VC202200194
CONT2022002931,IMPORT,BMCT,VC202200194
CONT2022002932,IMPORT,BMCT,VC202200194
CONT2022002933,EXPORT,BMCT,VC202200194
CONT2022002934,IMPORT,BMCT,VC202200194
CONT2022002935,IMPORT,BMCT,VC202200194
CONT2022002936,EXPORT,BMCT,VC202200194
CONT2022002937,EXPORT,BMCT,VC202200194
CONT2022002938,IMPORT,BMCT,VC202200194
CONT2022002939,IMPORT,BMCT,VC202200194
CONT2022002940,EXPORT,BMCT,VC202200194
CONT2022002941,EXPORT,BMCT,VC202200194
CONT2022002942,IMPORT,NSIGT,VC202200195
CONT2022002943,EXPORT,NSIGT,VC202200195
CONT2022002944,EXPORT,NSIGT,VC202200195
CONT2022002945,IMPORT,NSIGT,VC202200195
CONT2022002946,EXPORT,NSIGT,VC202200195
CONT2022002947,IMPORT,NSIGT,VC202200195
CONT2022002948,EXPORT,NSIGT,VC202200195
CONT2022002949,IMPORT,NSIGT,VC202200195
CONT2022002950,IMPORT,NSIGT,VC202200195
CONT2022002951,IMPORT,NSIGT,VC202200195
CONT2022002952,IMPORT,NSIGT,VC202200195
CONT2022002953,EXPORT,NSIGT,VC202200195
CONT2022002954,IMPORT,NSIGT,VC202200195
CONT2022002955,IMPORT,NSIGT,VC202200195
CONT2022002956,EXPORT,NSIGT,VC202200195
CONT2022002957,IMPORT,NSIGT,VC202200195
CONT2022002958,IMPORT,NSIGT,VC202200195
CONT2022002959,IMPORT,GTI,VC202200196
CONT2022002960,IMPORT,GTI,VC202200196
CONT2022002961,IMPORT,GTI,VC202200196
CONT2022002962,EXPORT,GTI,VC202200196
CONT2022002963,EXPORT,GTI,VC202200196
CONT2022002964,EXPORT,GTI,VC202200196
CONT2022002965,IMPORT,GTI,VC202200196
CONT2022002966,IMPORT,GTI,VC202200196
CONT2022002967,EXPORT,NSICT,VC202200197
CONT2022002968,EXPORT,NSICT,VC202200197
CONT2022002969,IMPORT,NSICT,VC202200197
CONT2022002970,EXPORT,NSICT,VC202200197
CONT2022002971,IMPORT,NSICT,VC202200197
CONT2022002972,IMPORT,NSICT,VC202200197
CONT2022002973,EXPORT,NSICT,VC202200197
CONT2022002974,IMPORT,NSICT,VC202200197
CONT2022002975,EXPORT,NSICT,VC202200197
CONT2022002976,EXPORT,NSICT,VC202200197
CONT2022002977,IMPORT,NSICT,VC202200197
CONT2022002978,IMPORT,NSICT,VC202200197
CONT2022002979,IMPORT,NSICT,VC202200197
CONT2022002980,IMPORT,NSICT,VC202200197
CONT2022002981,EXPORT,NSICT,VC202200197
CONT2022002982,IMPORT,NSICT,VC202200198
CONT2022002983,EXPORT,NSICT,VC202200198
CONT2022002984,IMPORT,NSICT,VC202200198
CONT2022002985,IMPORT,NSICT,VC202200198
CONT2022002986,IMPORT,NSICT,VC202200198
CONT2022002987,EXPORT,NSICT,VC202200198
CONT2022002988,IMPORT,NSICT,VC202200198
CONT2022002989,EXPORT,NSICT,VC202200198
CONT2022002990,EXPORT,NSICT,VC202200198
CONT2022002991,IMPORT,NSICT,VC202200198
CONT2022002992,EXPORT,NSICT,VC202200198
CONT2022002993,EXPORT,NSICT,VC202200198
CONT2022002994,IMPORT,NSICT,VC202200198
CONT2022002995,EXPORT,NSICT,VC202200198
CONT2022002996,IMPORT,GTI,VC202200199
CONT2022002997,EXPORT,GTI,VC202200199
CONT2022002998,IMPORT,GTI,VC202200199
CONT2022002999,IMPORT,GTI,VC202200199
CONT2022003000,IMPORT,GTI,VC202200199
CONT2022003001,EXPORT,GTI,VC202200199
CONT2022003002,IMPORT,GTI,VC202200199
CONT2022003003,EXPORT,NSIGT,VC202200200
CONT2022003004,IMPORT,NSIGT,VC202200200
CONT2022003005,IMPORT,NSIGT,VC202200200
CONT2022003006,IMPORT,NSIGT,VC202200200
CONT2022003007,IMPORT,NSIGT,VC202200200
CONT2022003008,IMPORT,NSIGT,VC202200200
CONT2022003009,IMPORT,NSIGT,VC202200200
CONT2022003010,IMPORT,NSIGT,VC202200200
CONT2022003011,EXPORT,NSIGT,VC202200200
CONT2022003012,EXPORT,NSIGT,VC202200200
CONT2022003013,EXPORT,NSIGT,VC202200200
CONT2022003014,IMPORT,NSIGT,VC202200200
CONT2022003015,IMPORT,NSIGT,VC202200200
CONT2022003016,IMPORT,NSIGT,VC202200200
CONT2022003017,IMPORT,NSIGT,VC202200200
CONT2022003018,IMPORT,NSIGT,VC202200200
CONT2022003019,IMPORT,BMCT,VC202200201
CONT2022003020,EXPORT,BMCT,VC202200201
CONT2022003021,IMPORT,BMCT,VC202200201
CONT2022003022,EXPORT,BMCT,VC202200201
CONT2022003023,EXPORT,BMCT,VC202200201
CONT2022003024,IMPORT,BMCT,VC202200201
CONT2022003025,EXPORT,BMCT,VC202200201
CONT2022003026,EXPORT,BMCT,VC202200201
CONT2022003027,IMPORT,BMCT,VC202200201
CONT2022003028,IMPORT,BMCT,VC202200201
CONT2022003029,EXPORT,BMCT,VC202200201
CONT2022003030,IMPORT,BMCT,VC202200201
CONT2022003031,EXPORT,BMCT,VC202200201
CONT2022003032,EXPORT,BMCT,VC202200201
CONT2022003033,IMPORT,BMCT,VC202200201
CONT2022003034,EXPORT,BMCT,VC202200201
CONT2022003035,EXPORT,BMCT,VC202200201
CONT2022003036,EXPORT,BMCT,VC202200201
CONT2022003037,IMPORT,NSFT,VC202200202
CONT2022003038,IMPORT,NSFT,VC202200202
CONT2022003039,EXPORT,NSFT,VC202200202
CONT2022003040,EXPORT,NSFT,VC202200202
CONT2022003041,IMPORT,NSFT,VC202200202
CONT2022003042,IMPORT,NSFT,VC202200202
CONT2022003043,IMPORT,NSFT,VC202200202
CONT2022003044,EXPORT,NSFT,VC202200202
CONT2022003045,IMPORT,NSFT,VC202200202
CONT2022003046,EXPORT,NSFT,VC202200202
CONT2022003047,EXPORT,NSFT,VC202200202
CONT2022003048,IMPORT,NSFT,VC202200202
CONT2022003049,EXPORT,NSFT,VC202200202
CONT2022003050,EXPORT,NSFT,VC202200202
CONT2022003051,EXPORT,NSFT,VC202200202
CONT2022003052,IMPORT,NSFT,VC202200202
CONT2022003053,IMPORT,NSFT,VC202200202
CONT2022003054,IMPORT,NSFT,VC202200202
CONT2022003055,IMPORT,NSFT,VC202200202
CONT2022003056,IMPORT,NSFT,VC202200202
CONT2022003057,EXPORT,NSFT,VC202200202
CONT2022003058,IMPORT,NSFT,VC202200202
CONT2022003059,IMPORT,NSFT,VC202200202
CONT2022003060,EXPORT,NSFT,VC202200202
CONT2022003061,EXPORT,NSIGT,VC202200203
CONT2022003062,IMPORT,NSIGT,VC202200203
CONT2022003063,IMPORT,NSIGT,VC202200203
CONT2022003064,IMPORT,NSIGT,VC202200203
CONT2022003065,IMPORT,NSIGT,VC202200203
CONT2022003066,EXPORT,NSIGT,VC202200203
CONT2022003067,EXPORT,NSIGT,VC202200203
CONT2022003068,EXPORT,NSIGT,VC202200203
CONT2022003069,EXPORT,NSIGT,VC202200203
CONT2022003070,IMPORT,NSIGT,VC202200203
CONT2022003071,EXPORT,NSIGT,VC202200203
CONT2022003072,EXPORT,NSIGT,VC202200203
CONT2022003073,EXPORT,NSIGT,VC202200203
CONT2022003074,EXPORT,NSIGT,VC202200203
CONT2022003075,IMPORT,NSIGT,VC202200203
CONT2022003076,EXPORT,NSIGT,VC202200203
CONT2022003077,EXPORT,NSIGT,VC202200203
CONT2022003078,IMPORT,NSIGT,VC202200203
CONT2022003079,IMPORT,NSIGT,VC202200203
CONT2022003080,IMPORT,NSIGT,VC202200203
CONT2022003081,IMPORT,NSIGT,VC202200203
CONT2022003082,EXPORT,NSIGT,VC202200203
CONT2022003083,EXPORT,NSIGT,VC202200203
CONT2022003084,EXPORT,NSIGT,VC202200203
CONT2022003085,IMPORT,BMCT,VC202200204
CONT2022003086,IMPORT,BMCT,VC202200204
CONT2022003087,EXPORT,BMCT,VC202200204
CONT2022003088,EXPORT,BMCT,VC202200204
CONT2022003089,IMPORT,BMCT,VC202200204
CONT2022003090,EXPORT,BMCT,VC202200204
CONT2022003091,IMPORT,NSFT,VC202200205
CONT2022003092,IMPORT,NSFT,VC202200205
CONT2022003093,IMPORT,NSFT,VC202200205
CONT2022003094,EXPORT,NSFT,VC202200205
CONT2022003095,EXPORT,NSFT,VC202200205
CONT2022003096,IMPORT,NSFT,VC202200205
CONT2022003097,EXPORT,NSFT,VC202200205
CONT2022003098,IMPORT,NSFT,VC202200205
CONT2022003099,EXPORT,NSIGT,VC202200206
CONT2022003100,EXPORT,NSIGT,VC202200206
CONT2022003101,IMPORT,NSIGT,VC202200206
CONT2022003102,EXPORT,NSIGT,VC202200206
CONT2022003103,EXPORT,NSIGT,VC202200206
CONT2022003104,EXPORT,NSIGT,VC202200206
CONT2022003105,IMPORT,NSIGT,VC202200206
CONT2022003106,EXPORT,NSIGT,VC202200206
CONT2022003107,EXPORT,NSIGT,VC202200206
CONT2022003108,IMPORT,NSIGT,VC202200206
CONT2022003109,EXPORT,NSIGT,VC202200206
CONT2022003110,EXPORT,NSIGT,VC202200206
CONT2022003111,IMPORT,NSIGT,VC202200206
CONT2022003112,EXPORT,NSIGT,VC202200206
CONT2022003113,IMPORT,NSIGT,VC202200206
CONT2022003114,IMPORT,NSIGT,VC202200206
CONT2022003115,EXPORT,NSIGT,VC202200206
CONT2022003116,EXPORT,NSIGT,VC202200206
CONT2022003117,EXPORT,NSFT,VC202200207
CONT2022003118,EXPORT,NSFT,VC202200207
CONT2022003119,EXPORT,NSFT,VC202200207
CONT2022003120,EXPORT,NSFT,VC202200207
CONT2022003121,EXPORT,NSFT,VC202200207
CONT2022003122,IMPORT,NSFT,VC202200207
CONT2022003123,IMPORT,NSFT,VC202200207
CONT2022003124,EXPORT,NSFT,VC202200207
CONT2022003125,EXPORT,NSFT,VC202200207
CONT2022003126,IMPORT,NSFT,VC202200207
CONT2022003127,EXPORT,NSFT,VC202200207
CONT2022003128,EXPORT,NSFT,VC202200207
CONT2022003129,EXPORT,NSFT,VC202200207
CONT2022003130,EXPORT,NSFT,VC202200207
CONT2022003131,EXPORT,NSFT,VC202200207
CONT2022003132,IMPORT,NSFT,VC202200207
CONT2022003133,IMPORT,NSFT,VC202200207
CONT2022003134,EXPORT,NSFT,VC202200207
CONT2022003135,IMPORT,NSICT,VC202200208
CONT2022003136,IMPORT,NSICT,VC202200208
CONT2022003137,EXPORT,NSICT,VC202200208
CONT2022003138,EXPORT,NSICT,VC202200208
CONT2022003139,EXPORT,NSICT,VC202200208
CONT2022003140,IMPORT,NSICT,VC202200208
CONT2022003141,IMPORT,NSICT,VC202200208
CONT2022003142,EXPORT,NSICT,VC202200208
CONT2022003143,IMPORT,NSICT,VC202200208
CONT2022003144,EXPORT,NSICT,VC202200208
CONT2022003145,EXPORT,NSICT,VC202200208
CONT2022003146,EXPORT,NSICT,VC202200208
CONT2022003147,EXPORT,NSICT,VC202200208
CONT2022003148,EXPORT,NSICT,VC202200208
CONT2022003149,EXPORT,NSICT,VC202200208
CONT2022003150,EXPORT,NSICT,VC202200208
CONT2022003151,EXPORT,NSICT,VC202200208
CONT2022003152,EXPORT,NSICT,VC202200208
CONT2022003153,IMPORT,BMCT,VC202200209
CONT2022003154,IMPORT,BMCT,VC202200209
CONT2022003155,EXPORT,BMCT,VC202200209
CONT2022003156,IMPORT,BMCT,VC202200209
CONT2022003157,EXPORT,BMCT,VC202200209
CONT2022003158,IMPORT,BMCT,VC202200209
CONT2022003159,EXPORT,BMCT,VC202200209
CONT2022003160,EXPORT,BMCT,VC202200209
CONT2022003161,IMPORT,BMCT,VC202200209
CONT2022003162,EXPORT,BMCT,VC202200209
CONT2022003163,EXPORT,BMCT,VC202200209
CONT2022003164,IMPORT,BMCT,VC202200209
CONT2022003165,EXPORT,BMCT,VC202200209
CONT2022003166,EXPORT,BMCT,VC202200209
CONT2022003167,IMPORT,BMCT,VC202200209
CONT2022003168,IMPORT,BMCT,VC202200209
CONT2022003169,IMPORT,BMCT,VC202200209
CONT2022003170,IMPORT,BMCT,VC202200209
CONT2022003171,IMPORT,BMCT,VC202200209
CONT2022003172,IMPORT,BMCT,VC202200209
CONT2022003173,IMPORT,BMCT,VC202200209
CONT2022003174,EXPORT,BMCT,VC202200209
CONT2022003175,EXPORT,BMCT,VC202200209
CONT2022003176,IMPORT,BMCT,VC202200209
CONT2022003177,EXPORT,BMCT,VC202200209
CONT2022003178,IMPORT,BMCT,VC202200209
CONT2022003179,EXPORT,BMCT,VC202200209
CONT2022003180,IMPORT,BMCT,VC202200209
CONT2022003181,EXPORT,BMCT,VC202200209
CONT2022003182,IMPORT,BMCT,VC202200209
CONT2022003183,EXPORT,BMCT,VC202200209
CONT2022003184,IMPORT,BMCT,VC202200209
CONT2022003185,EXPORT,BMCT,VC202200209
CONT2022003186,EXPORT,BMCT,VC202200209
CONT2022003187,IMPORT,BMCT,VC202200209
CONT2022003188,EXPORT,BMCT,VC202200209
CONT2022003189,IMPORT,BMCT,VC202200209
CONT2022003190,EXPORT,BMCT,VC202200209
CONT2022003191,IMPORT,BMCT,VC202200209
CONT2022003192,IMPORT,BMCT,VC202200209
CONT2022003193,EXPORT,BMCT,VC202200209
CONT2022003194,EXPORT,BMCT,VC202200209
CONT2022003195,IMPORT,BMCT,VC202200209
CONT2022003196,IMPORT,BMCT,VC202200209
CONT2022003197,EXPORT,BMCT,VC202200209
CONT2022003198,EXPORT,BMCT,VC202200209
CONT2022003199,EXPORT,BMCT,VC202200209
CONT2022003200,IMPORT,BMCT,VC202200209
CONT2022003201,IMPORT,BMCT,VC202200209
CONT2022003202,EXPORT,BMCT,VC202200209
CONT2022003203,EXPORT,BMCT,VC202200209
CONT2022003204,IMPORT,BMCT,VC202200209
CONT2022003205,EXPORT,BMCT,VC202200209
CONT2022003206,IMPORT,BMCT,VC202200209
CONT2022003207,IMPORT,BMCT,VC202200209
CONT2022003208,IMPORT,BMCT,VC202200209
CONT2022003209,IMPORT,BMCT,VC202200209
CONT2022003210,EXPORT,BMCT,VC202200209
CONT2022003211,IMPORT,BMCT,VC202200209
CONT2022003212,EXPORT,BMCT,VC202200209
CONT2022003213,IMPORT,BMCT,VC202200209
CONT2022003214,EXPORT,BMCT,VC202200209
CONT2022003215,IMPORT,BMCT,VC202200209
CONT2022003216,IMPORT,BMCT,VC202200209
CONT2022003217,EXPORT,BMCT,VC202200209
CONT2022003218,IMPORT,BMCT,VC202200209
CONT2022003219,IMPORT,BMCT,VC202200209
CONT2022003220,IMPORT,BMCT,VC202200209
CONT2022003221,IMPORT,BMCT,VC202200209
CONT2022003222,IMPORT,BMCT,VC202200209
CONT2022003223,IMPORT,BMCT,VC202200209
CONT2022003224,EXPORT,BMCT,VC202200209
CONT2022003225,EXPORT,BMCT,VC202200209
CONT2022003226,EXPORT,BMCT,VC202200209
CONT2022003227,EXPORT,BMCT,VC202200209
CONT2022003228,EXPORT,BMCT,VC202200209
CONT2022003229,EXPORT,BMCT,VC202200209
CONT2022003230,EXPORT,BMCT,VC202200209
CONT2022003231,IMPORT,BMCT,VC202200209
CONT2022003232,EXPORT,BMCT,VC202200209
CONT2022003233,EXPORT,BMCT,VC202200209
CONT2022003234,IMPORT,BMCT,VC202200209
CONT2022003235,IMPORT,BMCT,VC202200209
CONT2022003236,IMPORT,BMCT,VC202200209
CONT2022003237,EXPORT,BMCT,VC202200209
CONT2022003238,EXPORT,BMCT,VC202200209
CONT2022003239,EXPORT,BMCT,VC202200209
CONT2022003240,EXPORT,BMCT,VC202200209
CONT2022003241,IMPORT,BMCT,VC202200209
CONT2022003242,EXPORT,BMCT,VC202200209
CONT2022003243,EXPORT,BMCT,VC202200209
CONT2022003244,EXPORT,BMCT,VC202200209
CONT2022003245,IMPORT,BMCT,VC202200209
CONT2022003246,IMPORT,BMCT,VC202200209
CONT2022003247,IMPORT,BMCT,VC202200209
CONT2022003248,EXPORT,BMCT,VC202200209
CONT2022003249,EXPORT,BMCT,VC202200209
CONT2022003250,EXPORT,BMCT,VC202200209
CONT2022003251,IMPORT,BMCT,VC202200209
CONT2022003252,IMPORT,BMCT,VC202200209
CONT2022003253,IMPORT,BMCT,VC202200209
CONT2022003254,IMPORT,BMCT,VC202200209
CONT2022003255,EXPORT,BMCT,VC202200209
CONT2022003256,IMPORT,BMCT,VC202200209
CONT2022003257,IMPORT,BMCT,VC202200209
CONT2022003258,IMPORT,BMCT,VC202200209
CONT2022003259,EXPORT,BMCT,VC202200209
CONT2022003260,EXPORT,BMCT,VC202200209
CONT2022003261,IMPORT,BMCT,VC202200209
CONT2022003262,EXPORT,BMCT,VC202200209
CONT2022003263,EXPORT,BMCT,VC202200209
CONT2022003264,IMPORT,BMCT,VC202200209
CONT2022003265,EXPORT,GTI,VC202200210
CONT2022003266,EXPORT,GTI,VC202200210
CONT2022003267,IMPORT,GTI,VC202200210
CONT2022003268,IMPORT,GTI,VC202200210
CONT2022003269,IMPORT,GTI,VC202200210
CONT2022003270,IMPORT,GTI,VC202200210
CONT2022003271,IMPORT,GTI,VC202200210
CONT2022003272,IMPORT,GTI,VC202200210
CONT2022003273,IMPORT,GTI,VC202200210
CONT2022003274,EXPORT,GTI,VC202200210
CONT2022003275,IMPORT,GTI,VC202200210
CONT2022003276,IMPORT,GTI,VC202200210
CONT2022003277,IMPORT,GTI,VC202200210
CONT2022003278,IMPORT,GTI,VC202200210
CONT2022003279,IMPORT,GTI,VC202200210
CONT2022003280,EXPORT,GTI,VC202200210
CONT2022003281,IMPORT,GTI,VC202200210
CONT2022003282,IMPORT,GTI,VC202200210
CONT2022003283,EXPORT,NSIGT,VC202200211
CONT2022003284,EXPORT,NSIGT,VC202200211
CONT2022003285,IMPORT,NSIGT,VC202200211
CONT2022003286,IMPORT,NSIGT,VC202200211
CONT2022003287,IMPORT,NSIGT,VC202200211
CONT2022003288,EXPORT,NSIGT,VC202200211
CONT2022003289,IMPORT,NSIGT,VC202200211
CONT2022003290,IMPORT,NSIGT,VC202200211
CONT2022003291,EXPORT,NSIGT,VC202200211
CONT2022003292,IMPORT,NSIGT,VC202200211
CONT2022003293,IMPORT,NSIGT,VC202200211
CONT2022003294,EXPORT,NSIGT,VC202200211
CONT2022003295,EXPORT,NSIGT,VC202200211
CONT2022003296,EXPORT,NSIGT,VC202200211
CONT2022003297,IMPORT,NSIGT,VC202200211
CONT2022003298,IMPORT,NSIGT,VC202200211
CONT2022003299,IMPORT,NSIGT,VC202200211
CONT2022003300,EXPORT,NSIGT,VC202200211
CONT2022003301,IMPORT,NSIGT,VC202200211
CONT2022003302,EXPORT,NSIGT,VC202200211
CONT2022003303,IMPORT,NSIGT,VC202200211
CONT2022003304,IMPORT,NSIGT,VC202200211
CONT2022003305,EXPORT,NSIGT,VC202200211
CONT2022003306,IMPORT,NSIGT,VC202200211
CONT2022003307,EXPORT,NSIGT,VC202200211
CONT2022003308,IMPORT,NSIGT,VC202200212
CONT2022003309,EXPORT,NSIGT,VC202200212
CONT2022003310,IMPORT,NSIGT,VC202200212
CONT2022003311,IMPORT,NSIGT,VC202200212
CONT2022003312,IMPORT,NSIGT,VC202200212
CONT2022003313,IMPORT,NSIGT,VC202200212
CONT2022003314,IMPORT,NSIGT,VC202200212
CONT2022003315,EXPORT,NSIGT,VC202200212
CONT2022003316,IMPORT,NSIGT,VC202200212
CONT2022003317,IMPORT,NSIGT,VC202200212
CONT2022003318,IMPORT,NSIGT,VC202200212
CONT2022003319,IMPORT,NSIGT,VC202200212
CONT2022003320,IMPORT,NSIGT,VC202200212
CONT2022003321,EXPORT,NSIGT,VC202200212
CONT2022003322,EXPORT,NSIGT,VC202200212
CONT2022003323,EXPORT,NSIGT,VC202200212
CONT2022003324,IMPORT,NSIGT,VC202200212
CONT2022003325,EXPORT,NSIGT,VC202200212
CONT2022003326,IMPORT,NSIGT,VC202200212
CONT2022003327,IMPORT,NSIGT,VC202200212
CONT2022003328,IMPORT,NSIGT,VC202200212
CONT2022003329,IMPORT,NSIGT,VC202200212
CONT2022003330,EXPORT,NSIGT,VC202200212
CONT2022003331,EXPORT,BMCT,VC202200213
CONT2022003332,IMPORT,BMCT,VC202200213
CONT2022003333,EXPORT,BMCT,VC202200213
CONT2022003334,IMPORT,BMCT,VC202200213
CONT2022003335,IMPORT,BMCT,VC202200213
CONT2022003336,EXPORT,BMCT,VC202200213
CONT2022003337,IMPORT,BMCT,VC202200213
CONT2022003338,IMPORT,BMCT,VC202200213
CONT2022003339,IMPORT,BMCT,VC202200213
CONT2022003340,IMPORT,BMCT,VC202200213
CONT2022003341,IMPORT,BMCT,VC202200213
CONT2022003342,IMPORT,BMCT,VC202200213
CONT2022003343,EXPORT,BMCT,VC202200213
CONT2022003344,IMPORT,BMCT,VC202200213
CONT2022003345,EXPORT,BMCT,VC202200213
CONT2022003346,EXPORT,BMCT,VC202200213
CONT2022003347,IMPORT,BMCT,VC202200213
CONT2022003348,EXPORT,BMCT,VC202200213
CONT2022003349,IMPORT,BMCT,VC202200213
CONT2022003350,IMPORT,GTI,VC202200214
CONT2022003351,IMPORT,GTI,VC202200214
CONT2022003352,EXPORT,GTI,VC202200214
CONT2022003353,IMPORT,GTI,VC202200214
CONT2022003354,IMPORT,GTI,VC202200214
CONT2022003355,EXPORT,GTI,VC202200214
CONT2022003356,IMPORT,GTI,VC202200214
CONT2022003357,EXPORT,GTI,VC202200214
CONT2022003358,EXPORT,GTI,VC202200214
CONT2022003359,IMPORT,GTI,VC202200214
CONT2022003360,IMPORT,GTI,VC202200214
CONT2022003361,IMPORT,NSIGT,VC202200215
CONT2022003362,IMPORT,NSIGT,VC202200215
CONT2022003363,EXPORT,NSIGT,VC202200215
CONT2022003364,IMPORT,NSIGT,VC202200215
CONT2022003365,IMPORT,NSIGT,VC202200215
CONT2022003366,EXPORT,NSIGT,VC202200215
CONT2022003367,EXPORT,NSIGT,VC202200215
CONT2022003368,EXPORT,NSIGT,VC202200215
CONT2022003369,EXPORT,NSIGT,VC202200215
CONT2022003370,EXPORT,NSIGT,VC202200215
CONT2022003371,EXPORT,NSIGT,VC202200215
CONT2022003372,EXPORT,NSIGT,VC202200215
CONT2022003373,IMPORT,NSIGT,VC202200215
CONT2022003374,IMPORT,NSIGT,VC202200215
CONT2022003375,EXPORT,NSIGT,VC202200215
CONT2022003376,EXPORT,NSIGT,VC202200215
CONT2022003377,IMPORT,NSIGT,VC202200215
CONT2022003378,EXPORT,NSIGT,VC202200215
CONT2022003379,EXPORT,NSIGT,VC202200215
CONT2022003380,IMPORT,NSIGT,VC202200215
CONT2022003381,IMPORT,BMCT,VC202200216
CONT2022003382,EXPORT,BMCT,VC202200216
CONT2022003383,IMPORT,BMCT,VC202200216
CONT2022003384,EXPORT,BMCT,VC202200216
CONT2022003385,EXPORT,BMCT,VC202200216
CONT2022003386,EXPORT,BMCT,VC202200216
CONT2022003387,IMPORT,BMCT,VC202200216
CONT2022003388,EXPORT,BMCT,VC202200216
CONT2022003389,IMPORT,BMCT,VC202200216
CONT2022003390,EXPORT,NSICT,VC202200217
CONT2022003391,EXPORT,NSICT,VC202200217
CONT2022003392,IMPORT,NSICT,VC202200217
CONT2022003393,IMPORT,NSICT,VC202200217
CONT2022003394,IMPORT,NSICT,VC202200217
CONT2022003395,IMPORT,NSICT,VC202200217
CONT2022003396,IMPORT,NSICT,VC202200217
CONT2022003397,EXPORT,NSICT,VC202200217
CONT2022003398,IMPORT,NSICT,VC202200217
CONT2022003399,IMPORT,NSICT,VC202200217
CONT2022003400,IMPORT,NSICT,VC202200217
CONT2022003401,IMPORT,NSICT,VC202200217
CONT2022003402,IMPORT,NSIGT,VC202200218
CONT2022003403,IMPORT,NSIGT,VC202200218
CONT2022003404,EXPORT,NSIGT,VC202200218
CONT2022003405,IMPORT,NSIGT,VC202200218
CONT2022003406,EXPORT,NSIGT,VC202200218
CONT2022003407,IMPORT,NSIGT,VC202200218
CONT2022003408,IMPORT,NSIGT,VC202200218
CONT2022003409,EXPORT,NSIGT,VC202200218
CONT2022003410,IMPORT,NSIGT,VC202200218
CONT2022003411,IMPORT,NSIGT,VC202200218
CONT2022003412,EXPORT,BMCT,VC202200219
CONT2022003413,IMPORT,BMCT,VC202200219
CONT2022003414,EXPORT,BMCT,VC202200219
CONT2022003415,EXPORT,BMCT,VC202200219
CONT2022003416,IMPORT,BMCT,VC202200219
CONT2022003417,IMPORT,BMCT,VC202200219
CONT2022003418,EXPORT,BMCT,VC202200219
CONT2022003419,IMPORT,BMCT,VC202200219
CONT2022003420,IMPORT,BMCT,VC202200219
CONT2022003421,IMPORT,BMCT,VC202200219
CONT2022003422,EXPORT,BMCT,VC202200219
CONT2022003423,IMPORT,BMCT,VC202200219
CONT2022003424,EXPORT,BMCT,VC202200219
CONT2022003425,IMPORT,BMCT,VC202200219
CONT2022003426,EXPORT,NSFT,VC202200220
CONT2022003427,EXPORT,NSFT,VC202200220
CONT2022003428,EXPORT,NSFT,VC202200220
CONT2022003429,EXPORT,NSFT,VC202200220
CONT2022003430,EXPORT,NSFT,VC202200220
CONT2022003431,IMPORT,NSFT,VC202200220
CONT2022003432,EXPORT,NSFT,VC202200220
CONT2022003433,EXPORT,NSFT,VC202200220
CONT2022003434,IMPORT,NSFT,VC202200220
CONT2022003435,IMPORT,NSFT,VC202200220
CONT2022003436,IMPORT,NSFT,VC202200220
CONT2022003437,EXPORT,NSFT,VC202200220
CONT2022003438,IMPORT,NSFT,VC202200220
CONT2022003439,EXPORT,NSFT,VC202200220
CONT2022003440,IMPORT,NSFT,VC202200220
CONT2022003441,EXPORT,NSFT,VC202200220
CONT2022003442,IMPORT,NSFT,VC202200220
CONT2022003443,EXPORT,NSFT,VC202200220
CONT2022003444,EXPORT,NSFT,VC202200220
CONT2022003445,IMPORT,NSFT,VC202200220
CONT2022003446,IMPORT,NSFT,VC202200220
CONT2022003447,IMPORT,NSFT,VC202200220
CONT2022003448,EXPORT,NSFT,VC202200220
CONT2022003449,EXPORT,NSFT,VC202200220
CONT2022003450,EXPORT,NSFT,VC202200220
CONT2022003451,IMPORT,NSFT,VC202200220
CONT2022003452,IMPORT,NSFT,VC202200220
CONT2022003453,EXPORT,NSFT,VC202200220
CONT2022003454,IMPORT,NSFT,VC202200220
CONT2022003455,EXPORT,NSFT,VC202200220
CONT2022003456,EXPORT,NSFT,VC202200220
CONT2022003457,IMPORT,NSFT,VC202200220
CONT2022003458,IMPORT,NSFT,VC202200220
CONT2022003459,EXPORT,NSFT,VC202200220
CONT2022003460,IMPORT,NSFT,VC202200220
CONT2022003461,EXPORT,NSFT,VC202200220
CONT2022003462,EXPORT,NSFT,VC202200220
CONT2022003463,EXPORT,NSFT,VC202200220
CONT2022003464,IMPORT,NSFT,VC202200220
CONT2022003465,EXPORT,NSFT,VC202200220
CONT2022003466,IMPORT,NSFT,VC202200220
CONT2022003467,EXPORT,NSFT,VC202200220
CONT2022003468,EXPORT,NSFT,VC202200220
CONT2022003469,IMPORT,NSFT,VC202200220
CONT2022003470,EXPORT,NSFT,VC202200220
CONT2022003471,EXPORT,NSFT,VC202200220
CONT2022003472,EXPORT,NSFT,VC202200220
CONT2022003473,IMPORT,NSFT,VC202200220
CONT2022003474,EXPORT,NSFT,VC202200221
CONT2022003475,IMPORT,NSFT,VC202200221
CONT2022003476,EXPORT,NSFT,VC202200221
CONT2022003477,EXPORT,NSFT,VC202200221
CONT2022003478,EXPORT,NSFT,VC202200221
CONT2022003479,IMPORT,NSFT,VC202200221
CONT2022003480,IMPORT,NSICT,VC202200222
CONT2022003481,IMPORT,NSICT,VC202200222
CONT2022003482,IMPORT,NSICT,VC202200222
CONT2022003483,IMPORT,NSICT,VC202200222
CONT2022003484,EXPORT,NSICT,VC202200222
CONT2022003485,EXPORT,NSICT,VC202200222
CONT2022003486,IMPORT,NSICT,VC202200222
CONT2022003487,EXPORT,NSICT,VC202200222
CONT2022003488,EXPORT,NSICT,VC202200222
CONT2022003489,EXPORT,NSICT,VC202200222
CONT2022003490,EXPORT,NSICT,VC202200222
CONT2022003491,EXPORT,NSICT,VC202200222
CONT2022003492,IMPORT,NSICT,VC202200222
CONT2022003493,IMPORT,NSICT,VC202200222
CONT2022003494,IMPORT,NSICT,VC202200222
CONT2022003495,EXPORT,NSICT,VC202200222
CONT2022003496,EXPORT,NSICT,VC202200222
CONT2022003497,IMPORT,NSICT,VC202200222
CONT2022003498,EXPORT,NSICT,VC202200222
CONT2022003499,EXPORT,NSICT,VC202200222
CONT2022003500,IMPORT,NSFT,VC202200223
CONT2022003501,EXPORT,NSFT,VC202200223
CONT2022003502,IMPORT,NSFT,VC202200223
CONT2022003503,IMPORT,NSFT,VC202200223
CONT2022003504,IMPORT,NSFT,VC202200223
CONT2022003505,EXPORT,NSFT,VC202200223
CONT2022003506,EXPORT,GTI,VC202200224
CONT2022003507,IMPORT,GTI,VC202200224
CONT2022003508,EXPORT,GTI,VC202200224
CONT2022003509,EXPORT,GTI,VC202200224
CONT2022003510,IMPORT,GTI,VC202200224
CONT2022003511,EXPORT,GTI,VC202200224
CONT2022003512,IMPORT,GTI,VC202200224
CONT2022003513,IMPORT,GTI,VC202200224
CONT2022003514,IMPORT,GTI,VC202200224
CONT2022003515,IMPORT,GTI,VC202200224
CONT2022003516,IMPORT,BMCT,VC202200225
CONT2022003517,EXPORT,BMCT,VC202200225
CONT2022003518,EXPORT,BMCT,VC202200225
CONT2022003519,EXPORT,BMCT,VC202200225
CONT2022003520,IMPORT,BMCT,VC202200225
CONT2022003521,EXPORT,BMCT,VC202200225
CONT2022003522,EXPORT,BMCT,VC202200225
CONT2022003523,EXPORT,BMCT,VC202200225
CONT2022003524,IMPORT,BMCT,VC202200225
CONT2022003525,IMPORT,BMCT,VC202200225
CONT2022003526,EXPORT,BMCT,VC202200225
CONT2022003527,EXPORT,BMCT,VC202200225
CONT2022003528,EXPORT,BMCT,VC202200225
CONT2022003529,EXPORT,BMCT,VC202200225
CONT2022003530,IMPORT,BMCT,VC202200225
CONT2022003531,IMPORT,BMCT,VC202200225
CONT2022003532,IMPORT,BMCT,VC202200225
CONT2022003533,EXPORT,BMCT,VC202200225
CONT2022003534,EXPORT,BMCT,VC202200225
CONT2022003535,IMPORT,BMCT,VC202200225
CONT2022003536,EXPORT,BMCT,VC202200225
CONT2022003537,EXPORT,BMCT,VC202200225
CONT2022003538,IMPORT,BMCT,VC202200225
CONT2022003539,IMPORT,BMCT,VC202200225
CONT2022003540,EXPORT,BMCT,VC202200225
CONT2022003541,EXPORT,NSIGT,VC202200226
CONT2022003542,IMPORT,NSIGT,VC202200226
CONT2022003543,EXPORT,NSIGT,VC202200226
CONT2022003544,EXPORT,NSIGT,VC202200226
CONT2022003545,EXPORT,NSIGT,VC202200226
CONT2022003546,IMPORT,NSIGT,VC202200226
CONT2022003547,EXPORT,NSIGT,VC202200226
CONT2022003548,EXPORT,NSIGT,VC202200226
CONT2022003549,IMPORT,NSIGT,VC202200226
CONT2022003550,EXPORT,NSIGT,VC202200226
CONT2022003551,EXPORT,NSIGT,VC202200226
CONT2022003552,EXPORT,NSIGT,VC202200226
CONT2022003553,IMPORT,NSIGT,VC202200226
CONT2022003554,EXPORT,NSIGT,VC202200226
CONT2022003555,EXPORT,NSIGT,VC202200227
CONT2022003556,IMPORT,NSIGT,VC202200227
CONT2022003557,EXPORT,NSIGT,VC202200227
CONT2022003558,IMPORT,NSIGT,VC202200227
CONT2022003559,IMPORT,NSIGT,VC202200227
CONT2022003560,IMPORT,NSIGT,VC202200227
CONT2022003561,EXPORT,NSIGT,VC202200227
CONT2022003562,EXPORT,BMCT,VC202200228
CONT2022003563,IMPORT,BMCT,VC202200228
CONT2022003564,EXPORT,BMCT,VC202200228
CONT2022003565,IMPORT,BMCT,VC202200228
CONT2022003566,EXPORT,BMCT,VC202200228
CONT2022003567,EXPORT,BMCT,VC202200228
CONT2022003568,EXPORT,BMCT,VC202200228
CONT2022003569,IMPORT,BMCT,VC202200228
CONT2022003570,IMPORT,BMCT,VC202200228
CONT2022003571,EXPORT,NSICT,VC202200229
CONT2022003572,IMPORT,NSICT,VC202200229
CONT2022003573,EXPORT,NSICT,VC202200229
CONT2022003574,EXPORT,NSICT,VC202200229
CONT2022003575,EXPORT,NSICT,VC202200229
CONT2022003576,IMPORT,NSICT,VC202200229
CONT2022003577,EXPORT,NSICT,VC202200229
CONT2022003578,IMPORT,NSICT,VC202200229
CONT2022003579,EXPORT,NSICT,VC202200229
CONT2022003580,IMPORT,NSICT,VC202200229
CONT2022003581,IMPORT,NSICT,VC202200229
CONT2022003582,IMPORT,NSICT,VC202200229
CONT2022003583,IMPORT,NSICT,VC202200229
CONT2022003584,IMPORT,NSICT,VC202200229
CONT2022003585,EXPORT,NSICT,VC202200229
CONT2022003586,EXPORT,NSICT,VC202200229
CONT2022003587,EXPORT,NSICT,VC202200229
CONT2022003588,EXPORT,NSICT,VC202200229
CONT2022003589,EXPORT,NSICT,VC202200229
CONT2022003590,IMPORT,NSICT,VC202200229
CONT2022003591,EXPORT,NSICT,VC202200230
CONT2022003592,EXPORT,NSICT,VC202200230
CONT2022003593,IMPORT,NSICT,VC202200230
CONT2022003594,EXPORT,NSICT,VC202200230
CONT2022003595,IMPORT,NSICT,VC202200230
CONT2022003596,IMPORT,NSICT,VC202200230
CONT2022003597,EXPORT,NSICT,VC202200230
CONT2022003598,IMPORT,NSICT,VC202200230
CONT2022003599,IMPORT,NSICT,VC202200230
CONT2022003600,IMPORT,NSIGT,VC202200231
CONT2022003601,IMPORT,NSIGT,VC202200231
CONT2022003602,IMPORT,NSIGT,VC202200231
CONT2022003603,IMPORT,NSIGT,VC202200231
CONT2022003604,IMPORT,NSIGT,VC202200231
CONT2022003605,EXPORT,NSIGT,VC202200231
CONT2022003606,EXPORT,NSIGT,VC202200231
CONT2022003607,EXPORT,NSIGT,VC202200231
CONT2022003608,EXPORT,NSIGT,VC202200231
CONT2022003609,EXPORT,NSIGT,VC202200231
CONT2022003610,EXPORT,NSIGT,VC202200231
CONT2022003611,EXPORT,NSIGT,VC202200231
CONT2022003612,IMPORT,NSIGT,VC202200231
CONT2022003613,EXPORT,NSIGT,VC202200231
CONT2022003614,IMPORT,NSIGT,VC202200231
CONT2022003615,IMPORT,GTI,VC202200232
CONT2022003616,IMPORT,GTI,VC202200232
CONT2022003617,EXPORT,GTI,VC202200232
CONT2022003618,EXPORT,GTI,VC202200232
CONT2022003619,IMPORT,GTI,VC202200232
CONT2022003620,IMPORT,GTI,VC202200232
CONT2022003621,EXPORT,GTI,VC202200232
CONT2022003622,EXPORT,GTI,VC202200232
CONT2022003623,EXPORT,GTI,VC202200232
CONT2022003624,IMPORT,GTI,VC202200232
CONT2022003625,IMPORT,GTI,VC202200232
CONT2022003626,IMPORT,GTI,VC202200232
CONT2022003627,IMPORT,GTI,VC202200232
CONT2022003628,EXPORT,GTI,VC202200232
CONT2022003629,EXPORT,GTI,VC202200233
CONT2022003630,EXPORT,GTI,VC202200233
CONT2022003631,EXPORT,GTI,VC202200233
CONT2022003632,IMPORT,GTI,VC202200233
CONT2022003633,EXPORT,GTI,VC202200233
CONT2022003634,EXPORT,GTI,VC202200233
CONT2022003635,IMPORT,GTI,VC202200233
CONT2022003636,EXPORT,GTI,VC202200233
CONT2022003637,IMPORT,GTI,VC202200233
CONT2022003638,EXPORT,GTI,VC202200234
CONT2022003639,IMPORT,GTI,VC202200234
CONT2022003640,IMPORT,GTI,VC202200234
CONT2022003641,IMPORT,GTI,VC202200234
CONT2022003642,IMPORT,GTI,VC202200234
CONT2022003643,EXPORT,GTI,VC202200234
CONT2022003644,IMPORT,GTI,VC202200234
CONT2022003645,EXPORT,GTI,VC202200234
CONT2022003646,IMPORT,GTI,VC202200234
CONT2022003647,EXPORT,GTI,VC202200234
CONT2022003648,EXPORT,GTI,VC202200234
CONT2022003649,EXPORT,GTI,VC202200234
CONT2022003650,IMPORT,GTI,VC202200234
CONT2022003651,EXPORT,GTI,VC202200234
CONT2022003652,EXPORT,GTI,VC202200234
CONT2022003653,EXPORT,GTI,VC202200234
CONT2022003654,IMPORT,GTI,VC202200234
CONT2022003655,EXPORT,GTI,VC202200234
CONT2022003656,IMPORT,GTI,VC202200234
CONT2022003657,EXPORT,GTI,VC202200234
CONT2022003658,EXPORT,GTI,VC202200234
CONT2022003659,IMPORT,GTI,VC202200234
CONT2022003660,IMPORT,GTI,VC202200234
CONT2022003661,EXPORT,GTI,VC202200234
CONT2022003662,EXPORT,GTI,VC202200234
CONT2022003663,EXPORT,GTI,VC202200234
CONT2022003664,IMPORT,GTI,VC202200234
CONT2022003665,IMPORT,GTI,VC202200234
CONT2022003666,EXPORT,GTI,VC202200234
CONT2022003667,IMPORT,GTI,VC202200234
CONT2022003668,IMPORT,GTI,VC202200234
CONT2022003669,EXPORT,GTI,VC202200234
CONT2022003670,IMPORT,GTI,VC202200234
CONT2022003671,IMPORT,GTI,VC202200234
CONT2022003672,EXPORT,GTI,VC202200234
CONT2022003673,EXPORT,GTI,VC202200234
CONT2022003674,EXPORT,GTI,VC202200234
CONT2022003675,EXPORT,GTI,VC202200234
CONT2022003676,IMPORT,GTI,VC202200234
CONT2022003677,EXPORT,GTI,VC202200234
CONT2022003678,EXPORT,GTI,VC202200234
CONT2022003679,EXPORT,GTI,VC202200234
CONT2022003680,IMPORT,GTI,VC202200234
CONT2022003681,IMPORT,GTI,VC202200234
CONT2022003682,EXPORT,NSIGT,VC202200235
CONT2022003683,IMPORT,NSIGT,VC202200235
CONT2022003684,EXPORT,NSIGT,VC202200235
CONT2022003685,EXPORT,NSIGT,VC202200235
CONT2022003686,EXPORT,NSIGT,VC202200235
CONT2022003687,EXPORT,NSIGT,VC202200235
CONT2022003688,EXPORT,NSIGT,VC202200235
CONT2022003689,IMPORT,NSIGT,VC202200235
CONT2022003690,EXPORT,NSIGT,VC202200235
CONT2022003691,EXPORT,NSIGT,VC202200235
CONT2022003692,EXPORT,NSIGT,VC202200235
CONT2022003693,IMPORT,NSIGT,VC202200235
CONT2022003694,IMPORT,NSIGT,VC202200235
CONT2022003695,EXPORT,NSIGT,VC202200235
CONT2022003696,EXPORT,NSIGT,VC202200235
CONT2022003697,EXPORT,NSIGT,VC202200235
CONT2022003698,EXPORT,NSIGT,VC202200235
CONT2022003699,EXPORT,NSIGT,VC202200235
CONT2022003700,IMPORT,NSIGT,VC202200235
CONT2022003701,EXPORT,BMCT,VC202200236
CONT2022003702,EXPORT,BMCT,VC202200236
CONT2022003703,EXPORT,BMCT,VC202200236
CONT2022003704,IMPORT,BMCT,VC202200236
CONT2022003705,EXPORT,BMCT,VC202200236
CONT2022003706,EXPORT,BMCT,VC202200236
CONT2022003707,IMPORT,NSICT,VC202200237
CONT2022003708,IMPORT,NSICT,VC202200237
CONT2022003709,IMPORT,NSICT,VC202200237
CONT2022003710,EXPORT,NSICT,VC202200237
CONT2022003711,EXPORT,NSICT,VC202200237
CONT2022003712,EXPORT,NSICT,VC202200237
CONT2022003713,IMPORT,NSICT,VC202200237
CONT2022003714,EXPORT,NSICT,VC202200237
CONT2022003715,EXPORT,NSICT,VC202200237
CONT2022003716,IMPORT,NSICT,VC202200237
CONT2022003717,IMPORT,NSICT,VC202200237
CONT2022003718,IMPORT,NSICT,VC202200237
CONT2022003719,EXPORT,NSICT,VC202200237
CONT2022003720,IMPORT,NSICT,VC202200237
CONT2022003721,EXPORT,NSICT,VC202200237
CONT2022003722,EXPORT,BMCT,VC202200238
CONT2022003723,IMPORT,BMCT,VC202200238
CONT2022003724,IMPORT,BMCT,VC202200238
CONT2022003725,EXPORT,BMCT,VC202200238
CONT2022003726,EXPORT,BMCT,VC202200238
CONT2022003727,IMPORT,BMCT,VC202200238
CONT2022003728,IMPORT,BMCT,VC202200238
CONT2022003729,IMPORT,BMCT,VC202200238
CONT2022003730,IMPORT,BMCT,VC202200238
CONT2022003731,IMPORT,NSICT,VC202200239
CONT2022003732,EXPORT,NSICT,VC202200239
CONT2022003733,IMPORT,NSICT,VC202200239
CONT2022003734,EXPORT,NSICT,VC202200239
CONT2022003735,EXPORT,NSICT,VC202200239
CONT2022003736,IMPORT,NSICT,VC202200239
CONT2022003737,EXPORT,NSICT,VC202200239
CONT2022003738,EXPORT,NSICT,VC202200239
CONT2022003739,EXPORT,NSICT,VC202200239
CONT2022003740,IMPORT,NSICT,VC202200239
CONT2022003741,EXPORT,NSICT,VC202200239
CONT2022003742,EXPORT,NSICT,VC202200239
CONT2022003743,IMPORT,NSICT,VC202200239
CONT2022003744,EXPORT,NSICT,VC202200239
CONT2022003745,EXPORT,NSICT,VC202200239
CONT2022003746,EXPORT,NSICT,VC202200239
CONT2022003747,EXPORT,NSICT,VC202200239
CONT2022003748,EXPORT,NSICT,VC202200239
CONT2022003749,IMPORT,NSICT,VC202200239
CONT2022003750,IMPORT,NSICT,VC202200239
CONT2022003751,IMPORT,NSICT,VC202200239
CONT2022003752,EXPORT,NSICT,VC202200239
CONT2022003753,EXPORT,NSICT,VC202200240
CONT2022003754,EXPORT,NSICT,VC202200240
CONT2022003755,EXPORT,NSICT,VC202200240
CONT2022003756,IMPORT,NSICT,VC202200240
CONT2022003757,EXPORT,NSICT,VC202200240
CONT2022003758,EXPORT,NSICT,VC202200240
CONT2022003759,EXPORT,NSICT,VC202200240
CONT2022003760,EXPORT,NSICT,VC202200240
CONT2022003761,IMPORT,NSICT,VC202200240
CONT2022003762,EXPORT,NSIGT,VC202200241
CONT2022003763,EXPORT,NSIGT,VC202200241
CONT2022003764,IMPORT,NSIGT,VC202200241
CONT2022003765,IMPORT,NSIGT,VC202200241
CONT2022003766,EXPORT,NSIGT,VC202200241
CONT2022003767,IMPORT,NSIGT,VC202200241
CONT2022003768,EXPORT,NSIGT,VC202200241
CONT2022003769,IMPORT,NSIGT,VC202200241
CONT2022003770,IMPORT,NSIGT,VC202200241
CONT2022003771,IMPORT,NSIGT,VC202200241
CONT2022003772,IMPORT,NSIGT,VC202200241
CONT2022003773,IMPORT,NSIGT,VC202200241
CONT2022003774,IMPORT,NSIGT,VC202200241
CONT2022003775,IMPORT,GTI,VC202200242
CONT2022003776,IMPORT,GTI,VC202200242
CONT2022003777,IMPORT,GTI,VC202200242
CONT2022003778,IMPORT,GTI,VC202200242
CONT2022003779,IMPORT,GTI,VC202200242
CONT2022003780,IMPORT,GTI,VC202200242
CONT2022003781,IMPORT,GTI,VC202200242
CONT2022003782,IMPORT,GTI,VC202200242
CONT2022003783,EXPORT,GTI,VC202200242
CONT2022003784,EXPORT,GTI,VC202200242
CONT2022003785,IMPORT,GTI,VC202200242
CONT2022003786,EXPORT,GTI,VC202200242
CONT2022003787,EXPORT,GTI,VC202200242
CONT2022003788,IMPORT,GTI,VC202200242
CONT2022003789,EXPORT,GTI,VC202200242
CONT2022003790,EXPORT,GTI,VC202200242
CONT2022003791,IMPORT,GTI,VC202200242
CONT2022003792,IMPORT,GTI,VC202200242
CONT2022003793,IMPORT,GTI,VC202200243
CONT2022003794,IMPORT,GTI,VC202200243
CONT2022003795,EXPORT,GTI,VC202200243
CONT2022003796,EXPORT,GTI,VC202200243
CONT2022003797,IMPORT,GTI,VC202200243
CONT2022003798,IMPORT,GTI,VC202200243
CONT2022003799,EXPORT,GTI,VC202200243
CONT2022003800,IMPORT,GTI,VC202200243
CONT2022003801,EXPORT,GTI,VC202200243
CONT2022003802,IMPORT,GTI,VC202200243
CONT2022003803,EXPORT,GTI,VC202200243
CONT2022003804,EXPORT,GTI,VC202200243
CONT2022003805,EXPORT,GTI,VC202200243
CONT2022003806,EXPORT,GTI,VC202200243
CONT2022003807,IMPORT,GTI,VC202200243
CONT2022003808,IMPORT,GTI,VC202200243
CONT2022003809,EXPORT,GTI,VC202200243
CONT2022003810,EXPORT,GTI,VC202200243
CONT2022003811,EXPORT,GTI,VC202200243
CONT2022003812,IMPORT,GTI,VC202200243
CONT2022003813,EXPORT,GTI,VC202200243
CONT2022003814,EXPORT,GTI,VC202200243
CONT2022003815,EXPORT,BMCT,VC202200244
CONT2022003816,EXPORT,BMCT,VC202200244
CONT2022003817,IMPORT,BMCT,VC202200244
CONT2022003818,EXPORT,BMCT,VC202200244
CONT2022003819,EXPORT,BMCT,VC202200244
CONT2022003820,IMPORT,BMCT,VC202200244
CONT2022003821,IMPORT,BMCT,VC202200244
CONT2022003822,EXPORT,NSIGT,VC202200245
CONT2022003823,IMPORT,NSIGT,VC202200245
CONT2022003824,IMPORT,NSIGT,VC202200245
CONT2022003825,IMPORT,NSIGT,VC202200245
CONT2022003826,IMPORT,NSIGT,VC202200245
CONT2022003827,IMPORT,NSIGT,VC202200245
CONT2022003828,IMPORT,NSIGT,VC202200245
CONT2022003829,EXPORT,NSIGT,VC202200245
CONT2022003830,EXPORT,NSIGT,VC202200245
CONT2022003831,IMPORT,NSIGT,VC202200245
CONT2022003832,EXPORT,NSIGT,VC202200245
CONT2022003833,EXPORT,NSICT,VC202200246
CONT2022003834,EXPORT,NSICT,VC202200246
CONT2022003835,EXPORT,NSICT,VC202200246
CONT2022003836,EXPORT,NSICT,VC202200246
CONT2022003837,EXPORT,NSICT,VC202200246
CONT2022003838,EXPORT,NSICT,VC202200246
CONT2022003839,IMPORT,NSICT,VC202200246
CONT2022003840,IMPORT,NSICT,VC202200246
CONT2022003841,IMPORT,NSICT,VC202200246
CONT2022003842,IMPORT,NSICT,VC202200246
CONT2022003843,IMPORT,NSFT,VC202200247
CONT2022003844,EXPORT,NSFT,VC202200247
CONT2022003845,EXPORT,NSFT,VC202200247
CONT2022003846,EXPORT,NSFT,VC202200247
CONT2022003847,EXPORT,NSFT,VC202200247
CONT2022003848,EXPORT,NSFT,VC202200247
CONT2022003849,IMPORT,NSFT,VC202200247
CONT2022003850,IMPORT,NSFT,VC202200247
CONT2022003851,IMPORT,NSFT,VC202200247
CONT2022003852,IMPORT,NSFT,VC202200248
CONT2022003853,EXPORT,NSFT,VC202200248
CONT2022003854,EXPORT,NSFT,VC202200248
CONT2022003855,EXPORT,NSFT,VC202200248
CONT2022003856,EXPORT,NSFT,VC202200248
CONT2022003857,EXPORT,NSFT,VC202200248
CONT2022003858,IMPORT,NSFT,VC202200248
CONT2022003859,EXPORT,NSFT,VC202200248
CONT2022003860,IMPORT,NSFT,VC202200248
CONT2022003861,EXPORT,NSFT,VC202200248
CONT2022003862,IMPORT,NSFT,VC202200248
CONT2022003863,EXPORT,NSFT,VC202200248
CONT2022003864,EXPORT,NSFT,VC202200248
CONT2022003865,EXPORT,NSFT,VC202200248
CONT2022003866,EXPORT,NSFT,VC202200248
CONT2022003867,EXPORT,NSFT,VC202200248
CONT2022003868,IMPORT,NSFT,VC202200248
CONT2022003869,IMPORT,NSFT,VC202200248
CONT2022003870,IMPORT,NSFT,VC202200248
CONT2022003871,EXPORT,NSFT,VC202200248
CONT2022003872,EXPORT,NSFT,VC202200248
CONT2022003873,EXPORT,NSFT,VC202200248
CONT2022003874,IMPORT,NSFT,VC202200248
CONT2022003875,EXPORT,NSFT,VC202200248
CONT2022003876,EXPORT,NSFT,VC202200248
CONT2022003877,EXPORT,NSFT,VC202200248
CONT2022003878,EXPORT,NSFT,VC202200248
CONT2022003879,IMPORT,NSFT,VC202200248
CONT2022003880,IMPORT,NSFT,VC202200248
CONT2022003881,EXPORT,NSFT,VC202200248
CONT2022003882,EXPORT,NSFT,VC202200248
CONT2022003883,EXPORT,NSFT,VC202200248
CONT2022003884,EXPORT,NSFT,VC202200248
CONT2022003885,IMPORT,NSFT,VC202200248
CONT2022003886,EXPORT,NSFT,VC202200248
CONT2022003887,EXPORT,NSFT,VC202200248
CONT2022003888,IMPORT,NSFT,VC202200249
CONT2022003889,EXPORT,NSFT,VC202200249
CONT2022003890,IMPORT,NSFT,VC202200249
CONT2022003891,EXPORT,NSFT,VC202200249
CONT2022003892,EXPORT,NSFT,VC202200249
CONT2022003893,EXPORT,NSFT,VC202200249
CONT2022003894,EXPORT,NSFT,VC202200249
CONT2022003895,IMPORT,NSFT,VC202200249
CONT2022003896,IMPORT,NSFT,VC202200249
CONT2022003897,IMPORT,NSFT,VC202200249
CONT2022003898,IMPORT,NSFT,VC202200249
CONT2022003899,EXPORT,NSFT,VC202200249
CONT2022003900,IMPORT,NSFT,VC202200249
CONT2022003901,EXPORT,NSFT,VC202200249
CONT2022003902,IMPORT,NSFT,VC202200249
CONT2022003903,EXPORT,NSFT,VC202200249
CONT2022003904,IMPORT,NSFT,VC202200249
CONT2022003905,IMPORT,NSIGT,VC202200250
CONT2022003906,EXPORT,NSIGT,VC202200250
CONT2022003907,IMPORT,NSIGT,VC202200250
CONT2022003908,IMPORT,NSIGT,VC202200250
CONT2022003909,IMPORT,NSIGT,VC202200250
CONT2022003910,IMPORT,NSIGT,VC202200250
CONT2022003911,IMPORT,NSIGT,VC202200250
CONT2022003912,EXPORT,GTI,VC202200251
CONT2022003913,IMPORT,GTI,VC202200251
CONT2022003914,EXPORT,GTI,VC202200251
CONT2022003915,EXPORT,GTI,VC202200251
CONT2022003916,EXPORT,GTI,VC202200251
CONT2022003917,IMPORT,GTI,VC202200251
CONT2022003918,IMPORT,GTI,VC202200251
CONT2022003919,IMPORT,GTI,VC202200251
CONT2022003920,EXPORT,GTI,VC202200251
CONT2022003921,IMPORT,GTI,VC202200251
CONT2022003922,IMPORT,GTI,VC202200251
CONT2022003923,IMPORT,GTI,VC202200251
CONT2022003924,EXPORT,GTI,VC202200251
CONT2022003925,IMPORT,GTI,VC202200251
CONT2022003926,IMPORT,GTI,VC202200251
CONT2022003927,EXPORT,GTI,VC202200251
CONT2022003928,IMPORT,GTI,VC202200251
CONT2022003929,IMPORT,GTI,VC202200251
CONT2022003930,IMPORT,GTI,VC202200251
CONT2022003931,EXPORT,GTI,VC202200251
CONT2022003932,IMPORT,GTI,VC202200251
CONT2022003933,IMPORT,GTI,VC202200251
CONT2022003934,EXPORT,NSIGT,VC202200252
CONT2022003935,EXPORT,NSIGT,VC202200252
CONT2022003936,IMPORT,NSIGT,VC202200252
CONT2022003937,EXPORT,NSIGT,VC202200252
CONT2022003938,IMPORT,NSIGT,VC202200252
CONT2022003939,IMPORT,NSIGT,VC202200252
CONT2022003940,EXPORT,NSIGT,VC202200252
CONT2022003941,IMPORT,NSIGT,VC202200252
CONT2022003942,EXPORT,NSIGT,VC202200252
CONT2022003943,IMPORT,NSIGT,VC202200252
CONT2022003944,IMPORT,NSIGT,VC202200252
CONT2022003945,IMPORT,NSIGT,VC202200252
CONT2022003946,EXPORT,NSIGT,VC202200252
CONT2022003947,EXPORT,NSIGT,VC202200252
CONT2022003948,IMPORT,NSIGT,VC202200252
CONT2022003949,IMPORT,NSIGT,VC202200252
CONT2022003950,EXPORT,NSIGT,VC202200252
CONT2022003951,IMPORT,NSIGT,VC202200252
CONT2022003952,EXPORT,NSIGT,VC202200252
CONT2022003953,EXPORT,NSIGT,VC202200252
CONT2022003954,IMPORT,NSIGT,VC202200252
CONT2022003955,EXPORT,NSIGT,VC202200252
CONT2022003956,EXPORT,NSIGT,VC202200252
CONT2022003957,IMPORT,NSIGT,VC202200252
CONT2022003958,EXPORT,NSIGT,VC202200252
CONT2022003959,EXPORT,NSIGT,VC202200252
CONT2022003960,IMPORT,NSIGT,VC202200252
CONT2022003961,IMPORT,NSIGT,VC202200252
CONT2022003962,EXPORT,NSIGT,VC202200252
CONT2022003963,EXPORT,NSIGT,VC202200252
CONT2022003964,EXPORT,NSIGT,VC202200252
CONT2022003965,EXPORT,NSIGT,VC202200252
CONT2022003966,IMPORT,NSIGT,VC202200252
CONT2022003967,EXPORT,NSIGT,VC202200252
CONT2022003968,IMPORT,NSIGT,VC202200252
CONT2022003969,EXPORT,NSIGT,VC202200252
CONT2022003970,IMPORT,NSIGT,VC202200252
CONT2022003971,IMPORT,NSIGT,VC202200252
CONT2022003972,IMPORT,NSIGT,VC202200252
CONT2022003973,EXPORT,NSIGT,VC202200252
CONT2022003974,IMPORT,NSIGT,VC202200252
CONT2022003975,EXPORT,NSIGT,VC202200252
CONT2022003976,IMPORT,NSIGT,VC202200252
CONT2022003977,EXPORT,BMCT,VC202200253
CONT2022003978,EXPORT,BMCT,VC202200253
CONT2022003979,IMPORT,BMCT,VC202200253
CONT2022003980,IMPORT,BMCT,VC202200253
CONT2022003981,EXPORT,BMCT,VC202200253
CONT2022003982,EXPORT,BMCT,VC202200253
CONT2022003983,EXPORT,BMCT,VC202200253
CONT2022003984,IMPORT,BMCT,VC202200253
CONT2022003985,IMPORT,BMCT,VC202200253
CONT2022003986,IMPORT,BMCT,VC202200253
CONT2022003987,IMPORT,BMCT,VC202200253
CONT2022003988,EXPORT,BMCT,VC202200253
CONT2022003989,IMPORT,BMCT,VC202200253
CONT2022003990,IMPORT,BMCT,VC202200253
CONT2022003991,IMPORT,BMCT,VC202200253
CONT2022003992,EXPORT,BMCT,VC202200253
CONT2022003993,EXPORT,BMCT,VC202200253
CONT2022003994,IMPORT,BMCT,VC202200253
CONT2022003995,IMPORT,BMCT,VC202200253
CONT2022003996,EXPORT,BMCT,VC202200253
CONT2022003997,EXPORT,BMCT,VC202200253
CONT2022003998,IMPORT,BMCT,VC202200253
CONT2022003999,EXPORT,BMCT,VC202200253
CONT2022004000,EXPORT,BMCT,VC202200253
CONT2022004001,EXPORT,NSFT,VC202200254
CONT2022004002,IMPORT,NSFT,VC202200254
CONT2022004003,IMPORT,NSFT,VC202200254
CONT2022004004,IMPORT,NSFT,VC202200254
CONT2022004005,IMPORT,NSFT,VC202200254
CONT2022004006,EXPORT,NSFT,VC202200254
CONT2022004007,IMPORT,NSICT,VC202200255
CONT2022004008,EXPORT,NSICT,VC202200255
CONT2022004009,IMPORT,NSICT,VC202200255
CONT2022004010,IMPORT,NSICT,VC202200255
CONT2022004011,EXPORT,NSICT,VC202200255
CONT2022004012,EXPORT,NSICT,VC202200255
CONT2022004013,EXPORT,NSICT,VC202200255
CONT2022004014,IMPORT,NSICT,VC202200255
CONT2022004015,EXPORT,NSICT,VC202200255
CONT2022004016,IMPORT,NSICT,VC202200255
CONT2022004017,IMPORT,NSIGT,VC202200256
CONT2022004018,EXPORT,NSIGT,VC202200256
CONT2022004019,EXPORT,NSIGT,VC202200256
CONT2022004020,IMPORT,NSIGT,VC202200256
CONT2022004021,EXPORT,NSIGT,VC202200256
CONT2022004022,IMPORT,NSIGT,VC202200256
CONT2022004023,IMPORT,NSIGT,VC202200256
CONT2022004024,IMPORT,NSIGT,VC202200256
CONT2022004025,EXPORT,NSIGT,VC202200256
CONT2022004026,EXPORT,NSIGT,VC202200256
CONT2022004027,EXPORT,NSIGT,VC202200256
CONT2022004028,EXPORT,NSIGT,VC202200256
CONT2022004029,IMPORT,NSIGT,VC202200256
CONT2022004030,EXPORT,NSIGT,VC202200256
CONT2022004031,EXPORT,NSIGT,VC202200256
CONT2022004032,IMPORT,NSIGT,VC202200256
CONT2022004033,IMPORT,NSIGT,VC202200256
CONT2022004034,IMPORT,NSIGT,VC202200256
CONT2022004035,EXPORT,NSIGT,VC202200256
CONT2022004036,IMPORT,NSIGT,VC202200256
CONT2022004037,IMPORT,NSIGT,VC202200256
CONT2022004038,IMPORT,NSIGT,VC202200256
CONT2022004039,EXPORT,NSIGT,VC202200256
CONT2022004040,IMPORT,NSIGT,VC202200256
CONT2022004041,EXPORT,NSIGT,VC202200256
CONT2022004042,IMPORT,NSIGT,VC202200256
CONT2022004043,IMPORT,NSIGT,VC202200256
CONT2022004044,IMPORT,GTI,VC202200257
CONT2022004045,IMPORT,GTI,VC202200257
CONT2022004046,IMPORT,GTI,VC202200257
CONT2022004047,EXPORT,GTI,VC202200257
CONT2022004048,IMPORT,GTI,VC202200257
CONT2022004049,EXPORT,GTI,VC202200257
CONT2022004050,EXPORT,GTI,VC202200257
CONT2022004051,IMPORT,GTI,VC202200257
CONT2022004052,IMPORT,GTI,VC202200257
CONT2022004053,IMPORT,BMCT,VC202200258
CONT2022004054,IMPORT,BMCT,VC202200258
CONT2022004055,EXPORT,BMCT,VC202200258
CONT2022004056,EXPORT,BMCT,VC202200258
CONT2022004057,EXPORT,BMCT,VC202200258
CONT2022004058,EXPORT,BMCT,VC202200258
CONT2022004059,IMPORT,BMCT,VC202200258
CONT2022004060,EXPORT,BMCT,VC202200258
CONT2022004061,EXPORT,BMCT,VC202200258
CONT2022004062,EXPORT,BMCT,VC202200258
CONT2022004063,IMPORT,BMCT,VC202200258
CONT2022004064,EXPORT,BMCT,VC202200258
CONT2022004065,IMPORT,BMCT,VC202200258
CONT2022004066,EXPORT,BMCT,VC202200258
CONT2022004067,IMPORT,BMCT,VC202200258
CONT2022004068,EXPORT,BMCT,VC202200258
CONT2022004069,IMPORT,BMCT,VC202200258
CONT2022004070,EXPORT,NSIGT,VC202200259
CONT2022004071,IMPORT,NSIGT,VC202200259
CONT2022004072,IMPORT,NSIGT,VC202200259
CONT2022004073,IMPORT,NSIGT,VC202200259
CONT2022004074,EXPORT,NSIGT,VC202200259
CONT2022004075,IMPORT,NSIGT,VC202200259
CONT2022004076,EXPORT,NSIGT,VC202200259
CONT2022004077,EXPORT,NSIGT,VC202200259
CONT2022004078,IMPORT,NSIGT,VC202200259
CONT2022004079,EXPORT,NSIGT,VC202200259
CONT2022004080,IMPORT,NSIGT,VC202200259
CONT2022004081,IMPORT,NSIGT,VC202200259
CONT2022004082,EXPORT,NSIGT,VC202200259
CONT2022004083,EXPORT,NSIGT,VC202200259
CONT2022004084,IMPORT,NSIGT,VC202200259
CONT2022004085,EXPORT,NSIGT,VC202200259
CONT2022004086,EXPORT,NSIGT,VC202200259
CONT2022004087,EXPORT,NSIGT,VC202200259
CONT2022004088,EXPORT,NSIGT,VC202200259
CONT2022004089,EXPORT,NSIGT,VC202200259
CONT2022004090,IMPORT,NSIGT,VC202200259
CONT2022004091,EXPORT,GTI,VC202200260
CONT2022004092,EXPORT,GTI,VC202200260
CONT2022004093,EXPORT,GTI,VC202200260
CONT2022004094,EXPORT,GTI,VC202200260
CONT2022004095,EXPORT,GTI,VC202200260
CONT2022004096,EXPORT,GTI,VC202200260
CONT2022004097,IMPORT,GTI,VC202200260
CONT2022004098,EXPORT,GTI,VC202200260
CONT2022004099,IMPORT,BMCT,VC202200261
CONT2022004100,IMPORT,BMCT,VC202200261
CONT2022004101,IMPORT,BMCT,VC202200261
CONT2022004102,IMPORT,BMCT,VC202200261
CONT2022004103,IMPORT,BMCT,VC202200261
CONT2022004104,IMPORT,BMCT,VC202200261
CONT2022004105,EXPORT,BMCT,VC202200261
CONT2022004106,EXPORT,BMCT,VC202200261
CONT2022004107,EXPORT,BMCT,VC202200261
CONT2022004108,EXPORT,BMCT,VC202200261
CONT2022004109,IMPORT,BMCT,VC202200261
CONT2022004110,IMPORT,BMCT,VC202200261
CONT2022004111,EXPORT,BMCT,VC202200261
CONT2022004112,EXPORT,GTI,VC202200262
CONT2022004113,IMPORT,GTI,VC202200262
CONT2022004114,EXPORT,GTI,VC202200262
CONT2022004115,IMPORT,GTI,VC202200262
CONT2022004116,IMPORT,GTI,VC202200262
CONT2022004117,EXPORT,GTI,VC202200262
CONT2022004118,IMPORT,BMCT,VC202200263
CONT2022004119,IMPORT,BMCT,VC202200263
CONT2022004120,EXPORT,BMCT,VC202200263
CONT2022004121,EXPORT,BMCT,VC202200263
CONT2022004122,IMPORT,BMCT,VC202200263
CONT2022004123,EXPORT,BMCT,VC202200263
CONT2022004124,IMPORT,BMCT,VC202200263
CONT2022004125,EXPORT,BMCT,VC202200263
CONT2022004126,EXPORT,NSFT,VC202200264
CONT2022004127,EXPORT,NSFT,VC202200264
CONT2022004128,IMPORT,NSFT,VC202200264
CONT2022004129,IMPORT,NSFT,VC202200264
CONT2022004130,IMPORT,NSFT,VC202200264
CONT2022004131,IMPORT,NSFT,VC202200264
CONT2022004132,IMPORT,NSFT,VC202200264
CONT2022004133,IMPORT,NSFT,VC202200264
CONT2022004134,IMPORT,NSFT,VC202200264
CONT2022004135,IMPORT,NSFT,VC202200264
CONT2022004136,IMPORT,NSFT,VC202200264
CONT2022004137,IMPORT,NSFT,VC202200264
CONT2022004138,EXPORT,NSICT,VC202200265
CONT2022004139,IMPORT,NSICT,VC202200265
CONT2022004140,EXPORT,NSICT,VC202200265
CONT2022004141,EXPORT,NSICT,VC202200265
CONT2022004142,EXPORT,NSICT,VC202200265
CONT2022004143,EXPORT,NSICT,VC202200265
CONT2022004144,IMPORT,NSICT,VC202200265
CONT2022004145,IMPORT,NSICT,VC202200266
CONT2022004146,IMPORT,NSICT,VC202200266
CONT2022004147,IMPORT,NSICT,VC202200266
CONT2022004148,IMPORT,NSICT,VC202200266
CONT2022004149,IMPORT,NSICT,VC202200266
CONT2022004150,EXPORT,NSICT,VC202200266
CONT2022004151,EXPORT,NSICT,VC202200266
CONT2022004152,EXPORT,NSICT,VC202200266
CONT2022004153,IMPORT,NSICT,VC202200266
CONT2022004154,IMPORT,NSICT,VC202200266
CONT2022004155,EXPORT,NSICT,VC202200266
CONT2022004156,EXPORT,NSICT,VC202200266
CONT2022004157,EXPORT,NSICT,VC202200266
CONT2022004158,EXPORT,NSICT,VC202200266
CONT2022004159,EXPORT,NSICT,VC202200266
CONT2022004160,IMPORT,NSICT,VC202200266
CONT2022004161,EXPORT,NSICT,VC202200266
CONT2022004162,IMPORT,NSICT,VC202200266
CONT2022004163,IMPORT,NSICT,VC202200266
CONT2022004164,EXPORT,NSICT,VC202200266
CONT2022004165,IMPORT,NSICT,VC202200266
CONT2022004166,EXPORT,NSICT,VC202200266
CONT2022004167,EXPORT,NSICT,VC202200266
CONT2022004168,IMPORT,NSICT,VC202200266
CONT2022004169,IMPORT,NSICT,VC202200266
CONT2022004170,IMPORT,NSICT,VC202200266
CONT2022004171,EXPORT,NSICT,VC202200266
CONT2022004172,IMPORT,NSICT,VC202200266
CONT2022004173,IMPORT,NSICT,VC202200266
CONT2022004174,IMPORT,NSICT,VC202200266
CONT2022004175,EXPORT,NSICT,VC202200266
CONT2022004176,EXPORT,NSICT,VC202200266
CONT2022004177,EXPORT,NSICT,VC202200266
CONT2022004178,EXPORT,NSICT,VC202200267
CONT2022004179,EXPORT,NSICT,VC202200267
CONT2022004180,EXPORT,NSICT,VC202200267
CONT2022004181,IMPORT,NSICT,VC202200267
CONT2022004182,IMPORT,NSICT,VC202200267
CONT2022004183,EXPORT,NSICT,VC202200267
CONT2022004184,IMPORT,NSFT,VC202200268
CONT2022004185,IMPORT,NSFT,VC202200268
CONT2022004186,IMPORT,NSFT,VC202200268
CONT2022004187,IMPORT,NSFT,VC202200268
CONT2022004188,IMPORT,NSFT,VC202200268
CONT2022004189,EXPORT,NSFT,VC202200268
CONT2022004190,EXPORT,NSFT,VC202200268
CONT2022004191,IMPORT,NSFT,VC202200268
CONT2022004192,IMPORT,NSFT,VC202200268
CONT2022004193,IMPORT,NSFT,VC202200268
CONT2022004194,EXPORT,NSFT,VC202200268
CONT2022004195,IMPORT,NSFT,VC202200269
CONT2022004196,EXPORT,NSFT,VC202200269
CONT2022004197,IMPORT,NSFT,VC202200269
CONT2022004198,EXPORT,NSFT,VC202200269
CONT2022004199,IMPORT,NSFT,VC202200269
CONT2022004200,EXPORT,NSFT,VC202200269
CONT2022004201,EXPORT,NSFT,VC202200269
CONT2022004202,EXPORT,NSFT,VC202200269
CONT2022004203,EXPORT,NSFT,VC202200269
CONT2022004204,EXPORT,NSFT,VC202200269
CONT2022004205,EXPORT,NSFT,VC202200269
CONT2022004206,EXPORT,NSFT,VC202200269
CONT2022004207,IMPORT,NSFT,VC202200269
CONT2022004208,EXPORT,NSFT,VC202200269
CONT2022004209,EXPORT,NSFT,VC202200269
CONT2022004210,EXPORT,BMCT,VC202200270
CONT2022004211,EXPORT,BMCT,VC202200270
CONT2022004212,EXPORT,BMCT,VC202200270
CONT2022004213,IMPORT,BMCT,VC202200270
CONT2022004214,EXPORT,BMCT,VC202200270
CONT2022004215,IMPORT,BMCT,VC202200270
CONT2022004216,EXPORT,BMCT,VC202200270
CONT2022004217,EXPORT,BMCT,VC202200270
CONT2022004218,EXPORT,BMCT,VC202200270
CONT2022004219,EXPORT,BMCT,VC202200270
CONT2022004220,EXPORT,BMCT,VC202200270
CONT2022004221,IMPORT,BMCT,VC202200270
CONT2022004222,IMPORT,BMCT,VC202200270
CONT2022004223,EXPORT,BMCT,VC202200270
CONT2022004224,IMPORT,BMCT,VC202200270
CONT2022004225,IMPORT,BMCT,VC202200270
CONT2022004226,IMPORT,BMCT,VC202200270
CONT2022004227,EXPORT,BMCT,VC202200270
CONT2022004228,EXPORT,BMCT,VC202200270
CONT2022004229,EXPORT,BMCT,VC202200270
CONT2022004230,IMPORT,BMCT,VC202200270
CONT2022004231,IMPORT,BMCT,VC202200270
CONT2022004232,IMPORT,BMCT,VC202200270
CONT2022004233,IMPORT,BMCT,VC202200270
CONT2022004234,EXPORT,BMCT,VC202200270
CONT2022004235,IMPORT,BMCT,VC202200270
CONT2022004236,EXPORT,BMCT,VC202200270
CONT2022004237,IMPORT,BMCT,VC202200270
CONT2022004238,EXPORT,BMCT,VC202200270
CONT2022004239,IMPORT,BMCT,VC202200270
CONT2022004240,EXPORT,BMCT,VC202200271
CONT2022004241,IMPORT,BMCT,VC202200271
CONT2022004242,EXPORT,BMCT,VC202200271
CONT2022004243,EXPORT,BMCT,VC202200271
CONT2022004244,EXPORT,BMCT,VC202200271
CONT2022004245,EXPORT,BMCT,VC202200271
CONT2022004246,IMPORT,NSIGT,VC202200272
CONT2022004247,IMPORT,NSIGT,VC202200272
CONT2022004248,IMPORT,NSIGT,VC202200272
CONT2022004249,EXPORT,NSIGT,VC202200272
CONT2022004250,IMPORT,NSIGT,VC202200272
CONT2022004251,IMPORT,NSIGT,VC202200272
CONT2022004252,EXPORT,NSIGT,VC202200272
CONT2022004253,EXPORT,NSIGT,VC202200272
CONT2022004254,IMPORT,NSIGT,VC202200272
CONT2022004255,IMPORT,NSIGT,VC202200272
CONT2022004256,IMPORT,NSIGT,VC202200272
CONT2022004257,IMPORT,NSIGT,VC202200272
CONT2022004258,IMPORT,NSIGT,VC202200272
CONT2022004259,IMPORT,NSIGT,VC202200272
CONT2022004260,IMPORT,NSIGT,VC202200272
CONT2022004261,IMPORT,NSIGT,VC202200272
CONT2022004262,IMPORT,NSIGT,VC202200272
CONT2022004263,IMPORT,NSIGT,VC202200272
CONT2022004264,IMPORT,NSIGT,VC202200272
CONT2022004265,IMPORT,NSIGT,VC202200272
CONT2022004266,IMPORT,NSIGT,VC202200272
CONT2022004267,IMPORT,NSIGT,VC202200272
CONT2022004268,EXPORT,NSIGT,VC202200272
CONT2022004269,IMPORT,NSIGT,VC202200272
CONT2022004270,EXPORT,NSIGT,VC202200272
CONT2022004271,EXPORT,NSIGT,VC202200272
CONT2022004272,IMPORT,NSIGT,VC202200273
CONT2022004273,IMPORT,NSIGT,VC202200273
CONT2022004274,IMPORT,NSIGT,VC202200273
CONT2022004275,EXPORT,NSIGT,VC202200273
CONT2022004276,EXPORT,NSIGT,VC202200273
CONT2022004277,IMPORT,NSIGT,VC202200273
CONT2022004278,EXPORT,NSIGT,VC202200273
CONT2022004279,IMPORT,NSIGT,VC202200273
CONT2022004280,EXPORT,NSIGT,VC202200273
CONT2022004281,EXPORT,NSIGT,VC202200273
CONT2022004282,IMPORT,NSIGT,VC202200273
CONT2022004283,EXPORT,NSIGT,VC202200273
CONT2022004284,IMPORT,NSIGT,VC202200273
CONT2022004285,IMPORT,NSIGT,VC202200273
CONT2022004286,IMPORT,NSIGT,VC202200274
CONT2022004287,IMPORT,NSIGT,VC202200274
CONT2022004288,IMPORT,NSIGT,VC202200274
CONT2022004289,EXPORT,NSIGT,VC202200274
CONT2022004290,IMPORT,NSIGT,VC202200274
CONT2022004291,IMPORT,NSIGT,VC202200274
CONT2022004292,EXPORT,NSIGT,VC202200274
CONT2022004293,EXPORT,NSIGT,VC202200274
CONT2022004294,EXPORT,NSIGT,VC202200275
CONT2022004295,EXPORT,NSIGT,VC202200275
CONT2022004296,EXPORT,NSIGT,VC202200275
CONT2022004297,EXPORT,NSIGT,VC202200275
CONT2022004298,IMPORT,NSIGT,VC202200275
CONT2022004299,EXPORT,NSIGT,VC202200275
CONT2022004300,IMPORT,NSIGT,VC202200275
CONT2022004301,IMPORT,NSIGT,VC202200275
CONT2022004302,EXPORT,NSIGT,VC202200275
CONT2022004303,IMPORT,NSIGT,VC202200275
CONT2022004304,IMPORT,NSIGT,VC202200275
CONT2022004305,EXPORT,NSIGT,VC202200275
CONT2022004306,EXPORT,NSIGT,VC202200275
CONT2022004307,EXPORT,NSIGT,VC202200275
CONT2022004308,IMPORT,NSIGT,VC202200275
CONT2022004309,IMPORT,NSIGT,VC202200275
CONT2022004310,IMPORT,NSIGT,VC202200275
CONT2022004311,EXPORT,GTI,VC202200276
CONT2022004312,IMPORT,GTI,VC202200276
CONT2022004313,IMPORT,GTI,VC202200276
CONT2022004314,EXPORT,GTI,VC202200276
CONT2022004315,EXPORT,GTI,VC202200276
CONT2022004316,EXPORT,GTI,VC202200276
CONT2022004317,IMPORT,GTI,VC202200276
CONT2022004318,EXPORT,GTI,VC202200276
CONT2022004319,EXPORT,GTI,VC202200276
CONT2022004320,IMPORT,GTI,VC202200276
CONT2022004321,EXPORT,GTI,VC202200276
CONT2022004322,EXPORT,GTI,VC202200276
CONT2022004323,EXPORT,GTI,VC202200276
CONT2022004324,IMPORT,GTI,VC202200276
CONT2022004325,IMPORT,GTI,VC202200276
CONT2022004326,EXPORT,NSICT,VC202200277
CONT2022004327,EXPORT,NSICT,VC202200277
CONT2022004328,EXPORT,NSICT,VC202200277
CONT2022004329,EXPORT,NSICT,VC202200277
CONT2022004330,IMPORT,NSICT,VC202200277
CONT2022004331,IMPORT,NSICT,VC202200277
CONT2022004332,EXPORT,NSICT,VC202200277
CONT2022004333,IMPORT,NSICT,VC202200277
CONT2022004334,IMPORT,NSICT,VC202200277
CONT2022004335,IMPORT,NSICT,VC202200277
CONT2022004336,EXPORT,GTI,VC202200278
CONT2022004337,IMPORT,GTI,VC202200278
CONT2022004338,IMPORT,GTI,VC202200278
CONT2022004339,EXPORT,GTI,VC202200278
CONT2022004340,IMPORT,GTI,VC202200278
CONT2022004341,EXPORT,GTI,VC202200278
CONT2022004342,IMPORT,GTI,VC202200278
CONT2022004343,EXPORT,GTI,VC202200278
CONT2022004344,IMPORT,GTI,VC202200278
CONT2022004345,IMPORT,GTI,VC202200278
CONT2022004346,IMPORT,GTI,VC202200278
CONT2022004347,IMPORT,GTI,VC202200278
CONT2022004348,EXPORT,GTI,VC202200278
CONT2022004349,EXPORT,GTI,VC202200278
CONT2022004350,IMPORT,NSICT,VC202200279
CONT2022004351,EXPORT,NSICT,VC202200279
CONT2022004352,IMPORT,NSICT,VC202200279
CONT2022004353,EXPORT,NSICT,VC202200279
CONT2022004354,EXPORT,NSICT,VC202200279
CONT2022004355,IMPORT,NSICT,VC202200279
CONT2022004356,IMPORT,NSICT,VC202200279
CONT2022004357,EXPORT,NSICT,VC202200279
CONT2022004358,EXPORT,NSICT,VC202200279
CONT2022004359,EXPORT,NSICT,VC202200279
CONT2022004360,IMPORT,NSICT,VC202200279
CONT2022004361,IMPORT,NSFT,VC202200280
CONT2022004362,EXPORT,NSFT,VC202200280
CONT2022004363,EXPORT,NSFT,VC202200280
CONT2022004364,EXPORT,NSFT,VC202200280
CONT2022004365,EXPORT,NSFT,VC202200280
CONT2022004366,EXPORT,NSFT,VC202200280
CONT2022004367,EXPORT,NSFT,VC202200280
CONT2022004368,EXPORT,NSFT,VC202200280
CONT2022004369,IMPORT,NSFT,VC202200280
CONT2022004370,IMPORT,NSFT,VC202200280
CONT2022004371,IMPORT,NSFT,VC202200280
CONT2022004372,EXPORT,NSFT,VC202200280
CONT2022004373,IMPORT,NSFT,VC202200280
CONT2022004374,IMPORT,NSFT,VC202200280
CONT2022004375,IMPORT,NSICT,VC202200281
CONT2022004376,EXPORT,NSICT,VC202200281
CONT2022004377,IMPORT,NSICT,VC202200281
CONT2022004378,IMPORT,NSICT,VC202200281
CONT2022004379,EXPORT,NSICT,VC202200281
CONT2022004380,IMPORT,NSICT,VC202200281
CONT2022004381,EXPORT,NSICT,VC202200281
CONT2022004382,IMPORT,NSICT,VC202200281
CONT2022004383,IMPORT,NSICT,VC202200281
CONT2022004384,EXPORT,NSICT,VC202200281
CONT2022004385,IMPORT,NSICT,VC202200281
CONT2022004386,EXPORT,NSICT,VC202200281
CONT2022004387,IMPORT,NSICT,VC202200281
CONT2022004388,IMPORT,NSICT,VC202200281
CONT2022004389,IMPORT,NSICT,VC202200281
CONT2022004390,IMPORT,NSICT,VC202200281
CONT2022004391,IMPORT,NSICT,VC202200281
CONT2022004392,IMPORT,NSICT,VC202200281
CONT2022004393,EXPORT,NSICT,VC202200281
CONT2022004394,EXPORT,BMCT,VC202200282
CONT2022004395,EXPORT,BMCT,VC202200282
CONT2022004396,EXPORT,BMCT,VC202200282
CONT2022004397,EXPORT,BMCT,VC202200282
CONT2022004398,IMPORT,BMCT,VC202200282
CONT2022004399,EXPORT,BMCT,VC202200282
CONT2022004400,EXPORT,BMCT,VC202200282
CONT2022004401,IMPORT,BMCT,VC202200282
CONT2022004402,IMPORT,BMCT,VC202200282
CONT2022004403,IMPORT,BMCT,VC202200282
CONT2022004404,IMPORT,BMCT,VC202200282
CONT2022004405,EXPORT,BMCT,VC202200282
CONT2022004406,IMPORT,BMCT,VC202200282
CONT2022004407,EXPORT,BMCT,VC202200282
CONT2022004408,EXPORT,BMCT,VC202200282
CONT2022004409,IMPORT,BMCT,VC202200282
CONT2022004410,IMPORT,BMCT,VC202200282
CONT2022004411,EXPORT,BMCT,VC202200282
CONT2022004412,EXPORT,BMCT,VC202200282
CONT2022004413,IMPORT,BMCT,VC202200282
CONT2022004414,IMPORT,BMCT,VC202200282
CONT2022004415,EXPORT,BMCT,VC202200282
CONT2022004416,IMPORT,BMCT,VC202200282
CONT2022004417,IMPORT,BMCT,VC202200282
CONT2022004418,EXPORT,BMCT,VC202200282
CONT2022004419,IMPORT,BMCT,VC202200282
CONT2022004420,IMPORT,BMCT,VC202200282
CONT2022004421,IMPORT,BMCT,VC202200282
CONT2022004422,IMPORT,BMCT,VC202200282
CONT2022004423,EXPORT,BMCT,VC202200282
CONT2022004424,IMPORT,BMCT,VC202200282
CONT2022004425,EXPORT,BMCT,VC202200282
CONT2022004426,IMPORT,BMCT,VC202200283
CONT2022004427,EXPORT,BMCT,VC202200283
CONT2022004428,EXPORT,BMCT,VC202200283
CONT2022004429,EXPORT,BMCT,VC202200283
CONT2022004430,IMPORT,BMCT,VC202200283
CONT2022004431,IMPORT,BMCT,VC202200283
CONT2022004432,IMPORT,BMCT,VC202200283
CONT2022004433,IMPORT,NSFT,VC202200284
CONT2022004434,EXPORT,NSFT,VC202200284
CONT2022004435,IMPORT,NSFT,VC202200284
CONT2022004436,IMPORT,NSFT,VC202200284
CONT2022004437,EXPORT,NSFT,VC202200284
CONT2022004438,EXPORT,NSFT,VC202200284
CONT2022004439,IMPORT,NSFT,VC202200284
CONT2022004440,IMPORT,NSFT,VC202200284
CONT2022004441,IMPORT,NSFT,VC202200284
CONT2022004442,IMPORT,NSFT,VC202200284
CONT2022004443,IMPORT,NSFT,VC202200284
CONT2022004444,EXPORT,NSFT,VC202200284
CONT2022004445,EXPORT,NSFT,VC202200284
CONT2022004446,IMPORT,NSFT,VC202200284
CONT2022004447,EXPORT,NSFT,VC202200284
CONT2022004448,EXPORT,NSFT,VC202200284
CONT2022004449,IMPORT,NSFT,VC202200284
CONT2022004450,IMPORT,NSFT,VC202200284
CONT2022004451,EXPORT,NSFT,VC202200284
CONT2022004452,IMPORT,NSFT,VC202200284
CONT2022004453,IMPORT,NSFT,VC202200284
CONT2022004454,EXPORT,NSFT,VC202200284
CONT2022004455,IMPORT,NSFT,VC202200284
CONT2022004456,EXPORT,NSFT,VC202200284
CONT2022004457,EXPORT,NSFT,VC202200284
CONT2022004458,EXPORT,NSFT,VC202200284
CONT2022004459,IMPORT,NSFT,VC202200284
CONT2022004460,EXPORT,NSFT,VC202200284
CONT2022004461,EXPORT,NSFT,VC202200284
CONT2022004462,IMPORT,NSFT,VC202200284
CONT2022004463,IMPORT,NSFT,VC202200284
CONT2022004464,IMPORT,NSFT,VC202200284
CONT2022004465,IMPORT,NSFT,VC202200284
CONT2022004466,EXPORT,NSFT,VC202200284
CONT2022004467,EXPORT,NSFT,VC202200284
CONT2022004468,IMPORT,NSFT,VC202200284
CONT2022004469,EXPORT,NSFT,VC202200284
CONT2022004470,IMPORT,NSFT,VC202200284
CONT2022004471,IMPORT,NSFT,VC202200284
CONT2022004472,EXPORT,NSFT,VC202200284
CONT2022004473,IMPORT,NSFT,VC202200284
CONT2022004474,IMPORT,NSFT,VC202200284
CONT2022004475,EXPORT,NSFT,VC202200284
CONT2022004476,IMPORT,NSFT,VC202200284
CONT2022004477,EXPORT,NSFT,VC202200285
CONT2022004478,EXPORT,NSFT,VC202200285
CONT2022004479,IMPORT,NSFT,VC202200285
CONT2022004480,EXPORT,NSFT,VC202200285
CONT2022004481,IMPORT,NSFT,VC202200285
CONT2022004482,EXPORT,NSFT,VC202200285
CONT2022004483,IMPORT,BMCT,VC202200286
CONT2022004484,IMPORT,BMCT,VC202200286
CONT2022004485,IMPORT,BMCT,VC202200286
CONT2022004486,IMPORT,BMCT,VC202200286
CONT2022004487,EXPORT,BMCT,VC202200286
CONT2022004488,EXPORT,BMCT,VC202200286
CONT2022004489,IMPORT,BMCT,VC202200286
CONT2022004490,EXPORT,BMCT,VC202200286
CONT2022004491,IMPORT,BMCT,VC202200286
CONT2022004492,IMPORT,BMCT,VC202200286
CONT2022004493,EXPORT,BMCT,VC202200286
CONT2022004494,IMPORT,BMCT,VC202200286
CONT2022004495,IMPORT,NSFT,VC202200287
CONT2022004496,IMPORT,NSFT,VC202200287
CONT2022004497,EXPORT,NSFT,VC202200287
CONT2022004498,EXPORT,NSFT,VC202200287
CONT2022004499,IMPORT,NSFT,VC202200287
CONT2022004500,EXPORT,NSFT,VC202200287
CONT2022004501,EXPORT,NSFT,VC202200287
CONT2022004502,IMPORT,NSFT,VC202200287
CONT2022004503,IMPORT,NSFT,VC202200287
CONT2022004504,IMPORT,NSFT,VC202200287
CONT2022004505,EXPORT,NSFT,VC202200287
CONT2022004506,EXPORT,NSFT,VC202200287
CONT2022004507,IMPORT,NSFT,VC202200287
CONT2022004508,EXPORT,NSFT,VC202200287
CONT2022004509,IMPORT,NSFT,VC202200287
CONT2022004510,EXPORT,NSFT,VC202200287
CONT2022004511,IMPORT,NSFT,VC202200287
CONT2022004512,EXPORT,NSFT,VC202200287
CONT2022004513,EXPORT,NSFT,VC202200287
CONT2022004514,EXPORT,BMCT,VC202200288
CONT2022004515,EXPORT,BMCT,VC202200288
CONT2022004516,IMPORT,BMCT,VC202200288
CONT2022004517,IMPORT,BMCT,VC202200288
CONT2022004518,EXPORT,BMCT,VC202200288
CONT2022004519,IMPORT,BMCT,VC202200288
CONT2022004520,EXPORT,BMCT,VC202200288
CONT2022004521,EXPORT,BMCT,VC202200288
CONT2022004522,IMPORT,BMCT,VC202200288
CONT2022004523,EXPORT,BMCT,VC202200288
CONT2022004524,IMPORT,BMCT,VC202200288
CONT2022004525,EXPORT,BMCT,VC202200288
CONT2022004526,EXPORT,BMCT,VC202200288
CONT2022004527,EXPORT,BMCT,VC202200288
CONT2022004528,EXPORT,BMCT,VC202200288
CONT2022004529,IMPORT,BMCT,VC202200288
CONT2022004530,IMPORT,BMCT,VC202200289
CONT2022004531,EXPORT,BMCT,VC202200289
CONT2022004532,EXPORT,BMCT,VC202200289
CONT2022004533,IMPORT,BMCT,VC202200289
CONT2022004534,EXPORT,BMCT,VC202200289
CONT2022004535,EXPORT,BMCT,VC202200289
CONT2022004536,IMPORT,BMCT,VC202200289
CONT2022004537,IMPORT,BMCT,VC202200289
CONT2022004538,EXPORT,BMCT,VC202200289
CONT2022004539,EXPORT,BMCT,VC202200289
CONT2022004540,EXPORT,NSFT,VC202200290
CONT2022004541,IMPORT,NSFT,VC202200290
CONT2022004542,IMPORT,NSFT,VC202200290
CONT2022004543,IMPORT,NSFT,VC202200290
CONT2022004544,EXPORT,NSFT,VC202200290
CONT2022004545,IMPORT,NSFT,VC202200290
CONT2022004546,EXPORT,NSFT,VC202200290
CONT2022004547,EXPORT,NSFT,VC202200290
CONT2022004548,IMPORT,NSFT,VC202200290
CONT2022004549,IMPORT,NSFT,VC202200290
CONT2022004550,EXPORT,NSFT,VC202200290
CONT2022004551,EXPORT,NSFT,VC202200290
CONT2022004552,EXPORT,GTI,VC202200291
CONT2022004553,EXPORT,GTI,VC202200291
CONT2022004554,IMPORT,GTI,VC202200291
CONT2022004555,EXPORT,GTI,VC202200291
CONT2022004556,IMPORT,GTI,VC202200291
CONT2022004557,EXPORT,GTI,VC202200291
CONT2022004558,EXPORT,GTI,VC202200291
CONT2022004559,IMPORT,GTI,VC202200291
CONT2022004560,EXPORT,GTI,VC202200291
CONT2022004561,IMPORT,GTI,VC202200291
CONT2022004562,IMPORT,NSIGT,VC202200292
CONT2022004563,IMPORT,NSIGT,VC202200292
CONT2022004564,IMPORT,NSIGT,VC202200292
CONT2022004565,IMPORT,NSIGT,VC202200292
CONT2022004566,IMPORT,NSIGT,VC202200292
CONT2022004567,IMPORT,NSIGT,VC202200292
CONT2022004568,IMPORT,NSIGT,VC202200292
CONT2022004569,IMPORT,NSIGT,VC202200292
CONT2022004570,EXPORT,NSIGT,VC202200292
CONT2022004571,IMPORT,NSIGT,VC202200292
CONT2022004572,EXPORT,NSIGT,VC202200293
CONT2022004573,EXPORT,NSIGT,VC202200293
CONT2022004574,EXPORT,NSIGT,VC202200293
CONT2022004575,IMPORT,NSIGT,VC202200293
CONT2022004576,EXPORT,NSIGT,VC202200293
CONT2022004577,EXPORT,NSIGT,VC202200293
CONT2022004578,IMPORT,NSIGT,VC202200293
CONT2022004579,EXPORT,NSIGT,VC202200293
CONT2022004580,IMPORT,NSIGT,VC202200293
CONT2022004581,EXPORT,NSIGT,VC202200293
CONT2022004582,EXPORT,NSIGT,VC202200293
CONT2022004583,IMPORT,NSIGT,VC202200293
CONT2022004584,IMPORT,NSIGT,VC202200293
CONT2022004585,EXPORT,NSIGT,VC202200293
CONT2022004586,IMPORT,NSIGT,VC202200293
CONT2022004587,IMPORT,NSIGT,VC202200293
CONT2022004588,EXPORT,NSIGT,VC202200293
CONT2022004589,IMPORT,NSIGT,VC202200293
CONT2022004590,EXPORT,NSIGT,VC202200293
CONT2022004591,EXPORT,NSIGT,VC202200293
CONT2022004592,IMPORT,NSIGT,VC202200293
CONT2022004593,IMPORT,NSIGT,VC202200293
CONT2022004594,IMPORT,NSIGT,VC202200294
CONT2022004595,IMPORT,NSIGT,VC202200294
CONT2022004596,EXPORT,NSIGT,VC202200294
CONT2022004597,IMPORT,NSIGT,VC202200294
CONT2022004598,EXPORT,NSIGT,VC202200294
CONT2022004599,EXPORT,NSIGT,VC202200294
CONT2022004600,EXPORT,NSIGT,VC202200294
CONT2022004601,EXPORT,NSIGT,VC202200294
CONT2022004602,IMPORT,NSIGT,VC202200294
CONT2022004603,EXPORT,NSIGT,VC202200294
CONT2022004604,EXPORT,NSIGT,VC202200294
CONT2022004605,EXPORT,NSIGT,VC202200294
CONT2022004606,EXPORT,NSIGT,VC202200294
CONT2022004607,EXPORT,NSIGT,VC202200294
CONT2022004608,EXPORT,NSIGT,VC202200294
CONT2022004609,EXPORT,NSIGT,VC202200294
CONT2022004610,IMPORT,GTI,VC202200295
CONT2022004611,EXPORT,GTI,VC202200295
CONT2022004612,IMPORT,GTI,VC202200295
CONT2022004613,IMPORT,GTI,VC202200295
CONT2022004614,IMPORT,GTI,VC202200295
CONT2022004615,IMPORT,GTI,VC202200295
CONT2022004616,IMPORT,GTI,VC202200295
CONT2022004617,EXPORT,GTI,VC202200295
CONT2022004618,EXPORT,GTI,VC202200295
CONT2022004619,EXPORT,NSIGT,VC202200296
CONT2022004620,IMPORT,NSIGT,VC202200296
CONT2022004621,IMPORT,NSIGT,VC202200296
CONT2022004622,EXPORT,NSIGT,VC202200296
CONT2022004623,IMPORT,NSIGT,VC202200296
CONT2022004624,EXPORT,NSIGT,VC202200296
CONT2022004625,EXPORT,NSIGT,VC202200296
CONT2022004626,IMPORT,NSIGT,VC202200296
CONT2022004627,EXPORT,NSIGT,VC202200296
CONT2022004628,EXPORT,NSIGT,VC202200296
CONT2022004629,EXPORT,NSIGT,VC202200296
CONT2022004630,EXPORT,NSIGT,VC202200296
CONT2022004631,IMPORT,NSIGT,VC202200296
CONT2022004632,IMPORT,NSIGT,VC202200296
CONT2022004633,IMPORT,NSIGT,VC202200296
CONT2022004634,IMPORT,NSIGT,VC202200296
CONT2022004635,EXPORT,NSIGT,VC202200296
CONT2022004636,EXPORT,NSIGT,VC202200296
CONT2022004637,IMPORT,NSIGT,VC202200296
CONT2022004638,EXPORT,NSIGT,VC202200296
CONT2022004639,IMPORT,NSIGT,VC202200296
CONT2022004640,IMPORT,NSIGT,VC202200296
CONT2022004641,IMPORT,GTI,VC202200297
CONT2022004642,EXPORT,GTI,VC202200297
CONT2022004643,IMPORT,GTI,VC202200297
CONT2022004644,IMPORT,GTI,VC202200297
CONT2022004645,IMPORT,GTI,VC202200297
CONT2022004646,IMPORT,GTI,VC202200297
CONT2022004647,IMPORT,GTI,VC202200297
CONT2022004648,EXPORT,GTI,VC202200297
CONT2022004649,IMPORT,GTI,VC202200297
CONT2022004650,EXPORT,GTI,VC202200297
CONT2022004651,EXPORT,GTI,VC202200297
CONT2022004652,EXPORT,GTI,VC202200297
CONT2022004653,EXPORT,GTI,VC202200297
CONT2022004654,EXPORT,GTI,VC202200297
CONT2022004655,IMPORT,GTI,VC202200297
CONT2022004656,IMPORT,GTI,VC202200297
CONT2022004657,IMPORT,BMCT,VC202200298
CONT2022004658,EXPORT,BMCT,VC202200298
CONT2022004659,IMPORT,BMCT,VC202200298
CONT2022004660,EXPORT,BMCT,VC202200298
CONT2022004661,EXPORT,BMCT,VC202200298
CONT2022004662,EXPORT,BMCT,VC202200298
CONT2022004663,IMPORT,BMCT,VC202200298
CONT2022004664,EXPORT,BMCT,VC202200298
CONT2022004665,IMPORT,BMCT,VC202200298
CONT2022004666,IMPORT,BMCT,VC202200298
CONT2022004667,EXPORT,BMCT,VC202200298
CONT2022004668,EXPORT,BMCT,VC202200298
CONT2022004669,EXPORT,BMCT,VC202200298
CONT2022004670,EXPORT,BMCT,VC202200298
CONT2022004671,EXPORT,BMCT,VC202200298
CONT2022004672,EXPORT,BMCT,VC202200298
CONT2022004673,EXPORT,BMCT,VC202200298
CONT2022004674,EXPORT,BMCT,VC202200298
CONT2022004675,EXPORT,BMCT,VC202200298
CONT2022004676,EXPORT,BMCT,VC202200298
CONT2022004677,EXPORT,BMCT,VC202200298
CONT2022004678,EXPORT,NSIGT,VC202200299
CONT2022004679,IMPORT,NSIGT,VC202200299
CONT2022004680,IMPORT,NSIGT,VC202200299
CONT2022004681,IMPORT,NSIGT,VC202200299
CONT2022004682,IMPORT,NSIGT,VC202200299
CONT2022004683,IMPORT,NSIGT,VC202200299
CONT2022004684,IMPORT,NSIGT,VC202200299
CONT2022004685,EXPORT,NSIGT,VC202200299
CONT2022004686,IMPORT,NSIGT,VC202200299
CONT2022004687,EXPORT,NSIGT,VC202200299
CONT2022004688,IMPORT,NSIGT,VC202200299
CONT2022004689,EXPORT,NSIGT,VC202200299
CONT2022004690,IMPORT,NSIGT,VC202200299
CONT2022004691,IMPORT,NSIGT,VC202200299
CONT2022004692,IMPORT,NSIGT,VC202200299
CONT2022004693,EXPORT,NSIGT,VC202200299
CONT2022004694,EXPORT,NSIGT,VC202200299
CONT2022004695,IMPORT,NSIGT,VC202200299
CONT2022004696,IMPORT,NSIGT,VC202200299
CONT2022004697,EXPORT,NSICT,VC202200300
CONT2022004698,IMPORT,NSICT,VC202200300
CONT2022004699,IMPORT,NSICT,VC202200300
CONT2022004700,IMPORT,NSICT,VC202200300
CONT2022004701,EXPORT,NSICT,VC202200300
CONT2022004702,EXPORT,NSICT,VC202200300
CONT2022004703,IMPORT,NSICT,VC202200300
CONT2022004704,EXPORT,NSICT,VC202200300
CONT2022004705,EXPORT,NSICT,VC202200300
CONT2022004706,IMPORT,NSICT,VC202200301
CONT2022004707,EXPORT,NSICT,VC202200301
CONT2022004708,EXPORT,NSICT,VC202200301
CONT2022004709,EXPORT,NSICT,VC202200301
CONT2022004710,IMPORT,NSICT,VC202200301
CONT2022004711,EXPORT,NSICT,VC202200301
CONT2022004712,EXPORT,NSICT,VC202200301
CONT2022004713,EXPORT,NSICT,VC202200301
CONT2022004714,IMPORT,NSICT,VC202200301
CONT2022004715,IMPORT,NSICT,VC202200301
CONT2022004716,EXPORT,BMCT,VC202200302
CONT2022004717,IMPORT,BMCT,VC202200302
CONT2022004718,EXPORT,BMCT,VC202200302
CONT2022004719,EXPORT,BMCT,VC202200302
CONT2022004720,EXPORT,BMCT,VC202200302
CONT2022004721,EXPORT,BMCT,VC202200302
CONT2022004722,EXPORT,BMCT,VC202200302
CONT2022004723,EXPORT,BMCT,VC202200302
CONT2022004724,EXPORT,BMCT,VC202200302
CONT2022004725,IMPORT,BMCT,VC202200302
CONT2022004726,EXPORT,BMCT,VC202200302
CONT2022004727,IMPORT,BMCT,VC202200302
CONT2022004728,EXPORT,BMCT,VC202200302
CONT2022004729,EXPORT,BMCT,VC202200302
CONT2022004730,EXPORT,BMCT,VC202200302
CONT2022004731,IMPORT,BMCT,VC202200302
CONT2022004732,IMPORT,BMCT,VC202200302
CONT2022004733,IMPORT,BMCT,VC202200302
CONT2022004734,IMPORT,BMCT,VC202200302
CONT2022004735,IMPORT,BMCT,VC202200302
CONT2022004736,IMPORT,BMCT,VC202200303
CONT2022004737,EXPORT,BMCT,VC202200303
CONT2022004738,EXPORT,BMCT,VC202200303
CONT2022004739,EXPORT,BMCT,VC202200303
CONT2022004740,IMPORT,BMCT,VC202200303
CONT2022004741,EXPORT,BMCT,VC202200303
CONT2022004742,EXPORT,BMCT,VC202200303
CONT2022004743,IMPORT,BMCT,VC202200303
CONT2022004744,IMPORT,BMCT,VC202200303
CONT2022004745,IMPORT,BMCT,VC202200303
CONT2022004746,IMPORT,BMCT,VC202200303
CONT2022004747,EXPORT,BMCT,VC202200303
CONT2022004748,EXPORT,BMCT,VC202200303
CONT2022004749,IMPORT,BMCT,VC202200303
CONT2022004750,EXPORT,BMCT,VC202200303
CONT2022004751,EXPORT,BMCT,VC202200303
CONT2022004752,IMPORT,BMCT,VC202200303
CONT2022004753,IMPORT,BMCT,VC202200303
CONT2022004754,IMPORT,BMCT,VC202200303
CONT2022004755,IMPORT,NSFT,VC202200304
CONT2022004756,IMPORT,NSFT,VC202200304
CONT2022004757,EXPORT,NSFT,VC202200304
CONT2022004758,EXPORT,NSFT,VC202200304
CONT2022004759,IMPORT,NSFT,VC202200304
CONT2022004760,IMPORT,NSFT,VC202200304
CONT2022004761,EXPORT,NSFT,VC202200304
CONT2022004762,IMPORT,NSFT,VC202200304
CONT2022004763,IMPORT,NSFT,VC202200304
CONT2022004764,IMPORT,NSFT,VC202200304
CONT2022004765,IMPORT,NSFT,VC202200304
CONT2022004766,EXPORT,NSFT,VC202200304
CONT2022004767,IMPORT,NSFT,VC202200304
CONT2022004768,IMPORT,NSFT,VC202200305
CONT2022004769,IMPORT,NSFT,VC202200305
CONT2022004770,EXPORT,NSFT,VC202200305
CONT2022004771,EXPORT,NSFT,VC202200305
CONT2022004772,IMPORT,NSFT,VC202200305
CONT2022004773,EXPORT,NSFT,VC202200305
CONT2022004774,IMPORT,NSFT,VC202200305
CONT2022004775,IMPORT,NSFT,VC202200305
CONT2022004776,IMPORT,NSFT,VC202200305
CONT2022004777,IMPORT,NSFT,VC202200305
CONT2022004778,EXPORT,NSFT,VC202200305
CONT2022004779,EXPORT,NSFT,VC202200305
CONT2022004780,EXPORT,NSFT,VC202200305
CONT2022004781,EXPORT,NSFT,VC202200305
CONT2022004782,IMPORT,GTI,VC202200306
CONT2022004783,IMPORT,GTI,VC202200306
CONT2022004784,IMPORT,GTI,VC202200306
CONT2022004785,EXPORT,GTI,VC202200306
CONT2022004786,IMPORT,GTI,VC202200306
CONT2022004787,IMPORT,GTI,VC202200306
CONT2022004788,EXPORT,GTI,VC202200306
CONT2022004789,IMPORT,GTI,VC202200306
CONT2022004790,IMPORT,GTI,VC202200306
CONT2022004791,EXPORT,GTI,VC202200306
CONT2022004792,EXPORT,GTI,VC202200306
CONT2022004793,IMPORT,GTI,VC202200306
CONT2022004794,EXPORT,GTI,VC202200306
CONT2022004795,EXPORT,GTI,VC202200306
CONT2022004796,IMPORT,GTI,VC202200306
CONT2022004797,IMPORT,GTI,VC202200306
CONT2022004798,IMPORT,GTI,VC202200306
CONT2022004799,IMPORT,GTI,VC202200306
CONT2022004800,EXPORT,GTI,VC202200306
CONT2022004801,IMPORT,GTI,VC202200306
CONT2022004802,IMPORT,GTI,VC202200306
CONT2022004803,EXPORT,GTI,VC202200306
CONT2022004804,IMPORT,GTI,VC202200306
CONT2022004805,EXPORT,GTI,VC202200306
CONT2022004806,EXPORT,GTI,VC202200306
CONT2022004807,IMPORT,GTI,VC202200306
CONT2022004808,IMPORT,GTI,VC202200306
CONT2022004809,EXPORT,NSICT,VC202200307
CONT2022004810,IMPORT,NSICT,VC202200307
CONT2022004811,IMPORT,NSICT,VC202200307
CONT2022004812,IMPORT,NSICT,VC202200307
CONT2022004813,IMPORT,NSICT,VC202200307
CONT2022004814,EXPORT,NSICT,VC202200307
CONT2022004815,EXPORT,NSICT,VC202200307
CONT2022004816,IMPORT,NSICT,VC202200307
CONT2022004817,IMPORT,NSICT,VC202200307
CONT2022004818,IMPORT,NSICT,VC202200307
CONT2022004819,EXPORT,NSICT,VC202200308
CONT2022004820,IMPORT,NSICT,VC202200308
CONT2022004821,IMPORT,NSICT,VC202200308
CONT2022004822,EXPORT,NSICT,VC202200308
CONT2022004823,IMPORT,NSICT,VC202200308
CONT2022004824,IMPORT,NSICT,VC202200308
CONT2022004825,EXPORT,NSICT,VC202200308
CONT2022004826,IMPORT,NSICT,VC202200308
CONT2022004827,IMPORT,NSICT,VC202200308
CONT2022004828,IMPORT,NSICT,VC202200308
CONT2022004829,IMPORT,NSICT,VC202200308
CONT2022004830,EXPORT,NSICT,VC202200308
CONT2022004831,IMPORT,NSICT,VC202200308
CONT2022004832,IMPORT,NSICT,VC202200308
CONT2022004833,EXPORT,NSICT,VC202200308
CONT2022004834,IMPORT,NSICT,VC202200308
CONT2022004835,EXPORT,NSICT,VC202200308
CONT2022004836,EXPORT,NSICT,VC202200308
CONT2022004837,EXPORT,GTI,VC202200309
CONT2022004838,EXPORT,GTI,VC202200309
CONT2022004839,EXPORT,GTI,VC202200309
CONT2022004840,IMPORT,GTI,VC202200309
CONT2022004841,EXPORT,GTI,VC202200309
CONT2022004842,EXPORT,GTI,VC202200309
CONT2022004843,EXPORT,GTI,VC202200309
CONT2022004844,EXPORT,GTI,VC202200309
CONT2022004845,EXPORT,GTI,VC202200309
CONT2022004846,EXPORT,GTI,VC202200309
CONT2022004847,EXPORT,GTI,VC202200309
CONT2022004848,IMPORT,GTI,VC202200309
CONT2022004849,EXPORT,NSIGT,VC202200310
CONT2022004850,EXPORT,NSIGT,VC202200310
CONT2022004851,IMPORT,NSIGT,VC202200310
CONT2022004852,EXPORT,NSIGT,VC202200310
CONT2022004853,IMPORT,NSIGT,VC202200310
CONT2022004854,IMPORT,NSIGT,VC202200310
CONT2022004855,EXPORT,NSIGT,VC202200310
CONT2022004856,IMPORT,NSIGT,VC202200310
CONT2022004857,EXPORT,NSIGT,VC202200310
CONT2022004858,IMPORT,NSIGT,VC202200310
CONT2022004859,IMPORT,NSIGT,VC202200310
CONT2022004860,IMPORT,NSIGT,VC202200310
CONT2022004861,EXPORT,NSIGT,VC202200311
CONT2022004862,EXPORT,NSIGT,VC202200311
CONT2022004863,IMPORT,NSIGT,VC202200311
CONT2022004864,IMPORT,NSIGT,VC202200311
CONT2022004865,IMPORT,NSIGT,VC202200311
CONT2022004866,EXPORT,NSIGT,VC202200311
CONT2022004867,EXPORT,NSIGT,VC202200311
CONT2022004868,EXPORT,NSIGT,VC202200311
CONT2022004869,IMPORT,NSIGT,VC202200311
CONT2022004870,IMPORT,NSIGT,VC202200311
CONT2022004871,EXPORT,NSIGT,VC202200311
CONT2022004872,EXPORT,NSIGT,VC202200311
CONT2022004873,EXPORT,NSIGT,VC202200311
CONT2022004874,EXPORT,NSIGT,VC202200311
CONT2022004875,IMPORT,NSIGT,VC202200311
CONT2022004876,IMPORT,NSIGT,VC202200311
CONT2022004877,EXPORT,NSIGT,VC202200311
CONT2022004878,IMPORT,NSIGT,VC202200311
CONT2022004879,IMPORT,NSIGT,VC202200311
CONT2022004880,EXPORT,NSIGT,VC202200311
CONT2022004881,EXPORT,NSIGT,VC202200311
CONT2022004882,IMPORT,NSIGT,VC202200311
CONT2022004883,EXPORT,NSIGT,VC202200311
CONT2022004884,EXPORT,NSIGT,VC202200311
CONT2022004885,EXPORT,NSIGT,VC202200311
CONT2022004886,IMPORT,NSIGT,VC202200312
CONT2022004887,IMPORT,NSIGT,VC202200312
CONT2022004888,IMPORT,NSIGT,VC202200312
CONT2022004889,IMPORT,NSIGT,VC202200312
CONT2022004890,IMPORT,NSIGT,VC202200312
CONT2022004891,EXPORT,NSIGT,VC202200312
CONT2022004892,EXPORT,NSIGT,VC202200312
CONT2022004893,IMPORT,NSIGT,VC202200312
CONT2022004894,EXPORT,NSIGT,VC202200312
CONT2022004895,IMPORT,NSIGT,VC202200312
CONT2022004896,IMPORT,NSIGT,VC202200312
CONT2022004897,EXPORT,NSIGT,VC202200312
CONT2022004898,IMPORT,NSIGT,VC202200312
CONT2022004899,EXPORT,NSIGT,VC202200312
CONT2022004900,IMPORT,NSIGT,VC202200312
CONT2022004901,IMPORT,NSIGT,VC202200312
CONT2022004902,IMPORT,NSIGT,VC202200312
CONT2022004903,IMPORT,NSIGT,VC202200312
CONT2022004904,IMPORT,NSIGT,VC202200312
CONT2022004905,EXPORT,NSIGT,VC202200312
CONT2022004906,EXPORT,NSIGT,VC202200312
CONT2022004907,EXPORT,BMCT,VC202200313
CONT2022004908,IMPORT,BMCT,VC202200313
CONT2022004909,IMPORT,BMCT,VC202200313
CONT2022004910,IMPORT,BMCT,VC202200313
CONT2022004911,EXPORT,BMCT,VC202200313
CONT2022004912,EXPORT,BMCT,VC202200313
CONT2022004913,EXPORT,BMCT,VC202200313
CONT2022004914,IMPORT,BMCT,VC202200313
CONT2022004915,IMPORT,BMCT,VC202200313
CONT2022004916,IMPORT,BMCT,VC202200313
CONT2022004917,IMPORT,BMCT,VC202200313
CONT2022004918,EXPORT,BMCT,VC202200313
CONT2022004919,IMPORT,BMCT,VC202200313
CONT2022004920,IMPORT,BMCT,VC202200313
CONT2022004921,EXPORT,BMCT,VC202200313
CONT2022004922,EXPORT,BMCT,VC202200313
CONT2022004923,IMPORT,BMCT,VC202200313
CONT2022004924,IMPORT,BMCT,VC202200313
CONT2022004925,EXPORT,BMCT,VC202200313
CONT2022004926,EXPORT,BMCT,VC202200313
CONT2022004927,IMPORT,BMCT,VC202200313
CONT2022004928,EXPORT,NSICT,VC202200314
CONT2022004929,EXPORT,NSICT,VC202200314
CONT2022004930,EXPORT,NSICT,VC202200314
CONT2022004931,IMPORT,NSICT,VC202200314
CONT2022004932,IMPORT,NSICT,VC202200314
CONT2022004933,IMPORT,NSICT,VC202200314
CONT2022004934,EXPORT,NSICT,VC202200314
CONT2022004935,EXPORT,NSICT,VC202200314
CONT2022004936,IMPORT,NSICT,VC202200314
CONT2022004937,EXPORT,NSICT,VC202200314
CONT2022004938,IMPORT,NSICT,VC202200314
CONT2022004939,EXPORT,NSICT,VC202200314
CONT2022004940,IMPORT,NSICT,VC202200314
CONT2022004941,EXPORT,NSICT,VC202200314
CONT2022004942,EXPORT,NSICT,VC202200314
CONT2022004943,IMPORT,NSICT,VC202200314
CONT2022004944,EXPORT,NSICT,VC202200314
CONT2022004945,EXPORT,NSICT,VC202200314
CONT2022004946,EXPORT,NSICT,VC202200314
CONT2022004947,IMPORT,NSICT,VC202200314
CONT2022004948,IMPORT,NSICT,VC202200314
CONT2022004949,EXPORT,NSICT,VC202200314
CONT2022004950,IMPORT,NSICT,VC202200314
CONT2022004951,IMPORT,NSICT,VC202200314
CONT2022004952,IMPORT,NSICT,VC202200314
CONT2022004953,IMPORT,NSICT,VC202200314
CONT2022004954,EXPORT,NSICT,VC202200314
CONT2022004955,IMPORT,NSICT,VC202200314
CONT2022004956,IMPORT,GTI,VC202200315
CONT2022004957,EXPORT,GTI,VC202200315
CONT2022004958,IMPORT,GTI,VC202200315
CONT2022004959,EXPORT,GTI,VC202200315
CONT2022004960,IMPORT,GTI,VC202200315
CONT2022004961,IMPORT,GTI,VC202200315
CONT2022004962,IMPORT,GTI,VC202200315
CONT2022004963,IMPORT,GTI,VC202200315
CONT2022004964,IMPORT,GTI,VC202200315
CONT2022004965,EXPORT,GTI,VC202200315
CONT2022004966,EXPORT,GTI,VC202200315
CONT2022004967,IMPORT,GTI,VC202200315
CONT2022004968,EXPORT,GTI,VC202200315
CONT2022004969,EXPORT,GTI,VC202200315
CONT2022004970,EXPORT,NSICT,VC202200316
CONT2022004971,EXPORT,NSICT,VC202200316
CONT2022004972,IMPORT,NSICT,VC202200316
CONT2022004973,EXPORT,NSICT,VC202200316
CONT2022004974,IMPORT,NSICT,VC202200316
CONT2022004975,EXPORT,NSICT,VC202200316
CONT2022004976,IMPORT,NSICT,VC202200316
CONT2022004977,EXPORT,NSICT,VC202200316
CONT2022004978,EXPORT,NSICT,VC202200316
CONT2022004979,EXPORT,NSICT,VC202200316
CONT2022004980,IMPORT,NSICT,VC202200316
CONT2022004981,IMPORT,NSICT,VC202200316
CONT2022004982,IMPORT,NSICT,VC202200316
CONT2022004983,IMPORT,NSICT,VC202200316
CONT2022004984,EXPORT,NSICT,VC202200316
CONT2022004985,IMPORT,NSICT,VC202200316
CONT2022004986,IMPORT,NSICT,VC202200316
CONT2022004987,EXPORT,NSICT,VC202200316
CONT2022004988,EXPORT,NSICT,VC202200316
CONT2022004989,EXPORT,NSICT,VC202200316
CONT2022004990,EXPORT,NSFT,VC202200317
CONT2022004991,IMPORT,NSFT,VC202200317
CONT2022004992,IMPORT,NSFT,VC202200317
CONT2022004993,EXPORT,NSFT,VC202200317
CONT2022004994,EXPORT,NSFT,VC202200317
CONT2022004995,EXPORT,NSFT,VC202200317
CONT2022004996,EXPORT,NSFT,VC202200317
CONT2022004997,IMPORT,NSFT,VC202200317
CONT2022004998,EXPORT,NSFT,VC202200317
CONT2022004999,IMPORT,NSFT,VC202200317
CONT2022005000,EXPORT,NSFT,VC202200317
CONT2022005001,IMPORT,NSFT,VC202200318
CONT2022005002,EXPORT,NSFT,VC202200318
CONT2022005003,IMPORT,NSFT,VC202200318
CONT2022005004,IMPORT,NSFT,VC202200318
CONT2022005005,IMPORT,NSFT,VC202200318
CONT2022005006,EXPORT,NSFT,VC202200318
CONT2022005007,IMPORT,NSFT,VC202200318
CONT2022005008,EXPORT,NSFT,VC202200318
CONT2022005009,EXPORT,NSFT,VC202200318
CONT2022005010,EXPORT,NSFT,VC202200318
CONT2022005011,EXPORT,NSFT,VC202200318
CONT2022005012,EXPORT,NSFT,VC202200318
CONT2022005013,EXPORT,NSFT,VC202200318
CONT2022005014,EXPORT,NSFT,VC202200318
CONT2022005015,EXPORT,NSFT,VC202200318
CONT2022005016,IMPORT,NSFT,VC202200318
CONT2022005017,IMPORT,GTI,VC202200319
CONT2022005018,IMPORT,GTI,VC202200319
CONT2022005019,EXPORT,GTI,VC202200319
CONT2022005020,IMPORT,GTI,VC202200319
CONT2022005021,IMPORT,GTI,VC202200319
CONT2022005022,IMPORT,GTI,VC202200319
CONT2022005023,IMPORT,GTI,VC202200319
CONT2022005024,EXPORT,GTI,VC202200319
CONT2022005025,EXPORT,GTI,VC202200319
CONT2022005026,EXPORT,GTI,VC202200319
CONT2022005027,IMPORT,GTI,VC202200319
CONT2022005028,IMPORT,GTI,VC202200319
CONT2022005029,EXPORT,GTI,VC202200319
CONT2022005030,EXPORT,NSIGT,VC202200320
CONT2022005031,IMPORT,NSIGT,VC202200320
CONT2022005032,IMPORT,NSIGT,VC202200320
CONT2022005033,IMPORT,NSIGT,VC202200320
CONT2022005034,EXPORT,NSIGT,VC202200320
CONT2022005035,EXPORT,NSIGT,VC202200320
CONT2022005036,EXPORT,NSIGT,VC202200320
CONT2022005037,EXPORT,NSIGT,VC202200320
CONT2022005038,IMPORT,NSIGT,VC202200320
CONT2022005039,EXPORT,NSIGT,VC202200320
CONT2022005040,IMPORT,NSIGT,VC202200320
CONT2022005041,IMPORT,NSIGT,VC202200320
CONT2022005042,IMPORT,NSIGT,VC202200320
CONT2022005043,EXPORT,NSIGT,VC202200320
CONT2022005044,IMPORT,NSFT,VC202200321
CONT2022005045,EXPORT,NSFT,VC202200321
CONT2022005046,IMPORT,NSFT,VC202200321
CONT2022005047,IMPORT,NSFT,VC202200321
CONT2022005048,EXPORT,NSFT,VC202200321
CONT2022005049,IMPORT,NSFT,VC202200321
CONT2022005050,IMPORT,NSFT,VC202200321
CONT2022005051,IMPORT,NSFT,VC202200321
CONT2022005052,IMPORT,NSFT,VC202200321
CONT2022005053,EXPORT,NSFT,VC202200321
CONT2022005054,IMPORT,NSFT,VC202200321
CONT2022005055,EXPORT,NSFT,VC202200321
CONT2022005056,IMPORT,NSFT,VC202200321
CONT2022005057,EXPORT,NSFT,VC202200321
CONT2022005058,IMPORT,NSFT,VC202200321
CONT2022005059,EXPORT,NSFT,VC202200321
CONT2022005060,EXPORT,NSFT,VC202200321
CONT2022005061,IMPORT,NSFT,VC202200321
CONT2022005062,EXPORT,NSFT,VC202200321
CONT2022005063,EXPORT,GTI,VC202200322
CONT2022005064,IMPORT,GTI,VC202200322
CONT2022005065,EXPORT,GTI,VC202200322
CONT2022005066,EXPORT,GTI,VC202200322
CONT2022005067,IMPORT,GTI,VC202200322
CONT2022005068,EXPORT,GTI,VC202200322
CONT2022005069,IMPORT,GTI,VC202200322
CONT2022005070,IMPORT,GTI,VC202200322
CONT2022005071,EXPORT,GTI,VC202200322
CONT2022005072,EXPORT,NSIGT,VC202200323
CONT2022005073,EXPORT,NSIGT,VC202200323
CONT2022005074,EXPORT,NSIGT,VC202200323
CONT2022005075,EXPORT,NSIGT,VC202200323
CONT2022005076,IMPORT,NSIGT,VC202200323
CONT2022005077,EXPORT,NSIGT,VC202200323
CONT2022005078,IMPORT,NSIGT,VC202200323
CONT2022005079,EXPORT,NSIGT,VC202200323
CONT2022005080,EXPORT,NSIGT,VC202200323
CONT2022005081,EXPORT,NSIGT,VC202200323
CONT2022005082,EXPORT,NSIGT,VC202200323
CONT2022005083,EXPORT,NSIGT,VC202200323
CONT2022005084,IMPORT,NSIGT,VC202200323
CONT2022005085,EXPORT,NSIGT,VC202200323
CONT2022005086,IMPORT,NSIGT,VC202200323
CONT2022005087,EXPORT,NSIGT,VC202200323
CONT2022005088,IMPORT,NSIGT,VC202200323
CONT2022005089,EXPORT,NSIGT,VC202200323
CONT2022005090,IMPORT,NSIGT,VC202200323
CONT2022005091,EXPORT,NSIGT,VC202200323
CONT2022005092,EXPORT,NSIGT,VC202200323
CONT2022005093,IMPORT,NSIGT,VC202200323
CONT2022005094,EXPORT,NSIGT,VC202200323
CONT2022005095,IMPORT,NSIGT,VC202200323
CONT2022005096,EXPORT,NSIGT,VC202200323
CONT2022005097,IMPORT,NSIGT,VC202200323
CONT2022005098,IMPORT,NSIGT,VC202200323
CONT2022005099,EXPORT,NSIGT,VC202200323
CONT2022005100,EXPORT,NSIGT,VC202200323
CONT2022005101,IMPORT,NSIGT,VC202200323
CONT2022005102,IMPORT,NSIGT,VC202200323
CONT2022005103,EXPORT,NSIGT,VC202200323
CONT2022005104,IMPORT,NSIGT,VC202200323
CONT2022005105,IMPORT,NSIGT,VC202200323
CONT2022005106,IMPORT,NSIGT,VC202200323
CONT2022005107,IMPORT,NSIGT,VC202200323
CONT2022005108,EXPORT,NSIGT,VC202200323
CONT2022005109,EXPORT,NSIGT,VC202200323
CONT2022005110,IMPORT,NSIGT,VC202200323
CONT2022005111,IMPORT,NSIGT,VC202200323
CONT2022005112,EXPORT,NSIGT,VC202200323
CONT2022005113,IMPORT,NSIGT,VC202200323
CONT2022005114,EXPORT,NSIGT,VC202200323
CONT2022005115,IMPORT,NSICT,VC202200324
CONT2022005116,EXPORT,NSICT,VC202200324
CONT2022005117,EXPORT,NSICT,VC202200324
CONT2022005118,IMPORT,NSICT,VC202200324
CONT2022005119,IMPORT,NSICT,VC202200324
CONT2022005120,EXPORT,NSICT,VC202200324
CONT2022005121,EXPORT,NSICT,VC202200324
CONT2022005122,EXPORT,NSICT,VC202200324
CONT2022005123,IMPORT,GTI,VC202200325
CONT2022005124,EXPORT,GTI,VC202200325
CONT2022005125,EXPORT,GTI,VC202200325
CONT2022005126,IMPORT,GTI,VC202200325
CONT2022005127,IMPORT,GTI,VC202200325
CONT2022005128,IMPORT,GTI,VC202200325
CONT2022005129,EXPORT,GTI,VC202200325
CONT2022005130,IMPORT,GTI,VC202200326
CONT2022005131,IMPORT,GTI,VC202200326
CONT2022005132,EXPORT,GTI,VC202200326
CONT2022005133,IMPORT,GTI,VC202200326
CONT2022005134,IMPORT,GTI,VC202200326
CONT2022005135,IMPORT,GTI,VC202200326
CONT2022005136,IMPORT,GTI,VC202200326
CONT2022005137,EXPORT,GTI,VC202200326
CONT2022005138,EXPORT,GTI,VC202200326
CONT2022005139,IMPORT,GTI,VC202200326
CONT2022005140,IMPORT,GTI,VC202200326
CONT2022005141,IMPORT,GTI,VC202200326
CONT2022005142,EXPORT,GTI,VC202200326
CONT2022005143,EXPORT,GTI,VC202200326
CONT2022005144,EXPORT,GTI,VC202200326
CONT2022005145,EXPORT,GTI,VC202200326
CONT2022005146,EXPORT,GTI,VC202200326
CONT2022005147,IMPORT,GTI,VC202200326
CONT2022005148,EXPORT,GTI,VC202200326
CONT2022005149,EXPORT,GTI,VC202200326
CONT2022005150,IMPORT,GTI,VC202200326
CONT2022005151,EXPORT,GTI,VC202200326
CONT2022005152,IMPORT,GTI,VC202200326
CONT2022005153,IMPORT,GTI,VC202200326
CONT2022005154,EXPORT,GTI,VC202200326
CONT2022005155,IMPORT,GTI,VC202200326
CONT2022005156,EXPORT,NSICT,VC202200327
CONT2022005157,IMPORT,NSICT,VC202200327
CONT2022005158,IMPORT,NSICT,VC202200327
CONT2022005159,IMPORT,NSICT,VC202200327
CONT2022005160,EXPORT,NSICT,VC202200327
CONT2022005161,IMPORT,NSICT,VC202200327
CONT2022005162,IMPORT,NSICT,VC202200327
CONT2022005163,EXPORT,NSICT,VC202200327
CONT2022005164,IMPORT,NSICT,VC202200327
CONT2022005165,IMPORT,NSICT,VC202200327
CONT2022005166,IMPORT,NSICT,VC202200327
CONT2022005167,IMPORT,NSICT,VC202200327
CONT2022005168,IMPORT,NSICT,VC202200327
CONT2022005169,IMPORT,NSICT,VC202200327
CONT2022005170,IMPORT,NSICT,VC202200327
CONT2022005171,IMPORT,NSICT,VC202200327
CONT2022005172,EXPORT,NSICT,VC202200327
CONT2022005173,EXPORT,NSICT,VC202200327
CONT2022005174,EXPORT,NSICT,VC202200327
CONT2022005175,EXPORT,NSICT,VC202200327
CONT2022005176,IMPORT,NSICT,VC202200327
CONT2022005177,EXPORT,GTI,VC202200328
CONT2022005178,EXPORT,GTI,VC202200328
CONT2022005179,IMPORT,GTI,VC202200328
CONT2022005180,IMPORT,GTI,VC202200328
CONT2022005181,EXPORT,GTI,VC202200328
CONT2022005182,IMPORT,GTI,VC202200328
CONT2022005183,EXPORT,GTI,VC202200328
CONT2022005184,EXPORT,GTI,VC202200328
CONT2022005185,IMPORT,GTI,VC202200328
CONT2022005186,EXPORT,GTI,VC202200328
CONT2022005187,IMPORT,GTI,VC202200328
CONT2022005188,EXPORT,GTI,VC202200328
CONT2022005189,EXPORT,GTI,VC202200328
CONT2022005190,EXPORT,GTI,VC202200328
CONT2022005191,EXPORT,GTI,VC202200328
CONT2022005192,IMPORT,GTI,VC202200328
CONT2022005193,IMPORT,GTI,VC202200328
CONT2022005194,IMPORT,GTI,VC202200328
CONT2022005195,EXPORT,GTI,VC202200328
CONT2022005196,IMPORT,BMCT,VC202200329
CONT2022005197,EXPORT,BMCT,VC202200329
CONT2022005198,IMPORT,BMCT,VC202200329
CONT2022005199,EXPORT,BMCT,VC202200329
CONT2022005200,IMPORT,BMCT,VC202200329
CONT2022005201,EXPORT,BMCT,VC202200329
CONT2022005202,IMPORT,BMCT,VC202200329
CONT2022005203,EXPORT,BMCT,VC202200329
CONT2022005204,EXPORT,BMCT,VC202200329
CONT2022005205,EXPORT,BMCT,VC202200329
CONT2022005206,IMPORT,BMCT,VC202200329
CONT2022005207,EXPORT,BMCT,VC202200329
CONT2022005208,IMPORT,BMCT,VC202200329
CONT2022005209,EXPORT,BMCT,VC202200329
CONT2022005210,IMPORT,BMCT,VC202200329
CONT2022005211,EXPORT,BMCT,VC202200329
CONT2022005212,IMPORT,BMCT,VC202200329
CONT2022005213,EXPORT,BMCT,VC202200329
CONT2022005214,IMPORT,BMCT,VC202200329
CONT2022005215,IMPORT,NSFT,VC202200330
CONT2022005216,IMPORT,NSFT,VC202200330
CONT2022005217,IMPORT,NSFT,VC202200330
CONT2022005218,EXPORT,NSFT,VC202200330
CONT2022005219,EXPORT,NSFT,VC202200330
CONT2022005220,IMPORT,NSFT,VC202200330
CONT2022005221,IMPORT,NSFT,VC202200330
CONT2022005222,EXPORT,NSFT,VC202200330
CONT2022005223,EXPORT,NSFT,VC202200330
CONT2022005224,IMPORT,NSFT,VC202200330
CONT2022005225,EXPORT,NSFT,VC202200330
CONT2022005226,EXPORT,NSFT,VC202200330
CONT2022005227,IMPORT,NSFT,VC202200330
CONT2022005228,IMPORT,NSFT,VC202200331
CONT2022005229,IMPORT,NSFT,VC202200331
CONT2022005230,IMPORT,NSFT,VC202200331
CONT2022005231,EXPORT,NSFT,VC202200331
CONT2022005232,EXPORT,NSFT,VC202200331
CONT2022005233,EXPORT,NSFT,VC202200331
CONT2022005234,EXPORT,NSFT,VC202200331
CONT2022005235,IMPORT,NSFT,VC202200331
CONT2022005236,IMPORT,GTI,VC202200332
CONT2022005237,IMPORT,GTI,VC202200332
CONT2022005238,EXPORT,GTI,VC202200332
CONT2022005239,IMPORT,GTI,VC202200332
CONT2022005240,EXPORT,GTI,VC202200332
CONT2022005241,IMPORT,GTI,VC202200332
CONT2022005242,EXPORT,GTI,VC202200332
CONT2022005243,EXPORT,GTI,VC202200332
CONT2022005244,IMPORT,GTI,VC202200332
CONT2022005245,IMPORT,GTI,VC202200332
CONT2022005246,IMPORT,GTI,VC202200332
CONT2022005247,EXPORT,GTI,VC202200332
CONT2022005248,EXPORT,GTI,VC202200332
CONT2022005249,IMPORT,GTI,VC202200332
CONT2022005250,EXPORT,NSFT,VC202200333
CONT2022005251,EXPORT,NSFT,VC202200333
CONT2022005252,EXPORT,NSFT,VC202200333
CONT2022005253,IMPORT,NSFT,VC202200333
CONT2022005254,EXPORT,NSFT,VC202200333
CONT2022005255,EXPORT,NSFT,VC202200333
CONT2022005256,IMPORT,NSFT,VC202200333
CONT2022005257,IMPORT,NSFT,VC202200333
CONT2022005258,IMPORT,NSFT,VC202200333
CONT2022005259,IMPORT,NSICT,VC202200334
CONT2022005260,EXPORT,NSICT,VC202200334
CONT2022005261,IMPORT,NSICT,VC202200334
CONT2022005262,EXPORT,NSICT,VC202200334
CONT2022005263,EXPORT,NSICT,VC202200334
CONT2022005264,IMPORT,NSICT,VC202200334
CONT2022005265,IMPORT,NSICT,VC202200334
CONT2022005266,EXPORT,NSICT,VC202200334
CONT2022005267,EXPORT,NSICT,VC202200334
CONT2022005268,EXPORT,NSICT,VC202200334
CONT2022005269,EXPORT,NSICT,VC202200334
CONT2022005270,EXPORT,NSICT,VC202200334
CONT2022005271,EXPORT,NSICT,VC202200334
CONT2022005272,IMPORT,NSICT,VC202200334
CONT2022005273,IMPORT,NSICT,VC202200334
CONT2022005274,IMPORT,NSICT,VC202200334
CONT2022005275,IMPORT,NSICT,VC202200334
CONT2022005276,IMPORT,NSICT,VC202200334
CONT2022005277,EXPORT,NSICT,VC202200334
CONT2022005278,EXPORT,NSICT,VC202200334
CONT2022005279,EXPORT,NSICT,VC202200334
CONT2022005280,IMPORT,NSICT,VC202200334
CONT2022005281,IMPORT,NSICT,VC202200334
CONT2022005282,EXPORT,GTI,VC202200335
CONT2022005283,EXPORT,GTI,VC202200335
CONT2022005284,IMPORT,GTI,VC202200335
CONT2022005285,IMPORT,GTI,VC202200335
CONT2022005286,EXPORT,GTI,VC202200335
CONT2022005287,EXPORT,GTI,VC202200335
CONT2022005288,IMPORT,GTI,VC202200335
CONT2022005289,EXPORT,GTI,VC202200335
CONT2022005290,EXPORT,GTI,VC202200335
CONT2022005291,EXPORT,GTI,VC202200335
CONT2022005292,EXPORT,GTI,VC202200335
CONT2022005293,IMPORT,GTI,VC202200335
CONT2022005294,IMPORT,GTI,VC202200336
CONT2022005295,EXPORT,GTI,VC202200336
CONT2022005296,IMPORT,GTI,VC202200336
CONT2022005297,IMPORT,GTI,VC202200336
CONT2022005298,IMPORT,GTI,VC202200336
CONT2022005299,IMPORT,GTI,VC202200336
CONT2022005300,EXPORT,GTI,VC202200336
CONT2022005301,EXPORT,GTI,VC202200336
CONT2022005302,IMPORT,GTI,VC202200336
CONT2022005303,EXPORT,NSFT,VC202200337
CONT2022005304,EXPORT,NSFT,VC202200337
CONT2022005305,EXPORT,NSFT,VC202200337
CONT2022005306,IMPORT,NSFT,VC202200337
CONT2022005307,IMPORT,NSFT,VC202200337
CONT2022005308,EXPORT,NSFT,VC202200337
CONT2022005309,IMPORT,NSFT,VC202200337
CONT2022005310,EXPORT,NSFT,VC202200337
CONT2022005311,EXPORT,NSFT,VC202200337
CONT2022005312,EXPORT,NSFT,VC202200337
CONT2022005313,EXPORT,NSFT,VC202200337
CONT2022005314,EXPORT,GTI,VC202200338
CONT2022005315,IMPORT,GTI,VC202200338
CONT2022005316,EXPORT,GTI,VC202200338
CONT2022005317,IMPORT,GTI,VC202200338
CONT2022005318,EXPORT,GTI,VC202200338
CONT2022005319,IMPORT,GTI,VC202200338
CONT2022005320,IMPORT,GTI,VC202200338
CONT2022005321,IMPORT,GTI,VC202200338
CONT2022005322,EXPORT,GTI,VC202200338
CONT2022005323,EXPORT,GTI,VC202200338
CONT2022005324,EXPORT,GTI,VC202200338
CONT2022005325,EXPORT,GTI,VC202200338
CONT2022005326,IMPORT,GTI,VC202200338
CONT2022005327,IMPORT,GTI,VC202200338
CONT2022005328,EXPORT,GTI,VC202200338
CONT2022005329,IMPORT,GTI,VC202200338
CONT2022005330,EXPORT,GTI,VC202200338
CONT2022005331,EXPORT,NSFT,VC202200339
CONT2022005332,IMPORT,NSFT,VC202200339
CONT2022005333,EXPORT,NSFT,VC202200339
CONT2022005334,IMPORT,NSFT,VC202200339
CONT2022005335,EXPORT,NSFT,VC202200339
CONT2022005336,EXPORT,NSFT,VC202200339
CONT2022005337,IMPORT,NSFT,VC202200339
CONT2022005338,IMPORT,NSFT,VC202200339
CONT2022005339,IMPORT,NSFT,VC202200339
CONT2022005340,EXPORT,NSFT,VC202200339
CONT2022005341,EXPORT,GTI,VC202200340
CONT2022005342,EXPORT,GTI,VC202200340
CONT2022005343,EXPORT,GTI,VC202200340
CONT2022005344,IMPORT,GTI,VC202200340
CONT2022005345,EXPORT,GTI,VC202200340
CONT2022005346,IMPORT,GTI,VC202200340
CONT2022005347,EXPORT,GTI,VC202200340
CONT2022005348,EXPORT,GTI,VC202200340
CONT2022005349,IMPORT,GTI,VC202200340
CONT2022005350,EXPORT,GTI,VC202200341
CONT2022005351,EXPORT,GTI,VC202200341
CONT2022005352,EXPORT,GTI,VC202200341
CONT2022005353,EXPORT,GTI,VC202200341
CONT2022005354,IMPORT,GTI,VC202200341
CONT2022005355,EXPORT,GTI,VC202200341
CONT2022005356,EXPORT,GTI,VC202200341
CONT2022005357,EXPORT,GTI,VC202200341
CONT2022005358,IMPORT,GTI,VC202200341
CONT2022005359,IMPORT,GTI,VC202200341
CONT2022005360,IMPORT,GTI,VC202200341
CONT2022005361,IMPORT,GTI,VC202200341
CONT2022005362,IMPORT,GTI,VC202200341
CONT2022005363,EXPORT,GTI,VC202200341
CONT2022005364,IMPORT,GTI,VC202200341
CONT2022005365,EXPORT,NSFT,VC202200342
CONT2022005366,EXPORT,NSFT,VC202200342
CONT2022005367,EXPORT,NSFT,VC202200342
CONT2022005368,IMPORT,NSFT,VC202200342
CONT2022005369,EXPORT,NSFT,VC202200342
CONT2022005370,EXPORT,NSFT,VC202200342
CONT2022005371,EXPORT,NSFT,VC202200342
CONT2022005372,IMPORT,NSFT,VC202200342
CONT2022005373,IMPORT,NSFT,VC202200342
CONT2022005374,IMPORT,NSFT,VC202200342
CONT2022005375,IMPORT,NSFT,VC202200342
CONT2022005376,EXPORT,NSFT,VC202200342
CONT2022005377,EXPORT,NSFT,VC202200342
CONT2022005378,EXPORT,NSFT,VC202200342
CONT2022005379,IMPORT,NSFT,VC202200342
CONT2022005380,EXPORT,NSIGT,VC202200343
CONT2022005381,EXPORT,NSIGT,VC202200343
CONT2022005382,EXPORT,NSIGT,VC202200343
CONT2022005383,EXPORT,NSIGT,VC202200343
CONT2022005384,EXPORT,NSIGT,VC202200343
CONT2022005385,IMPORT,NSIGT,VC202200343
CONT2022005386,EXPORT,NSIGT,VC202200343
CONT2022005387,IMPORT,NSIGT,VC202200343
CONT2022005388,IMPORT,NSIGT,VC202200343
CONT2022005389,IMPORT,NSIGT,VC202200343
CONT2022005390,IMPORT,NSIGT,VC202200344
CONT2022005391,EXPORT,NSIGT,VC202200344
CONT2022005392,IMPORT,NSIGT,VC202200344
CONT2022005393,IMPORT,NSIGT,VC202200344
CONT2022005394,IMPORT,NSIGT,VC202200344
CONT2022005395,EXPORT,NSIGT,VC202200344
CONT2022005396,IMPORT,NSIGT,VC202200344
CONT2022005397,IMPORT,NSIGT,VC202200344
CONT2022005398,EXPORT,NSIGT,VC202200344
CONT2022005399,IMPORT,NSIGT,VC202200344
CONT2022005400,IMPORT,NSFT,VC202200345
CONT2022005401,IMPORT,NSFT,VC202200345
CONT2022005402,IMPORT,NSFT,VC202200345
CONT2022005403,IMPORT,NSFT,VC202200345
CONT2022005404,IMPORT,NSFT,VC202200345
CONT2022005405,IMPORT,NSFT,VC202200345
CONT2022005406,IMPORT,NSFT,VC202200345
CONT2022005407,IMPORT,NSFT,VC202200345
CONT2022005408,IMPORT,NSFT,VC202200345
CONT2022005409,IMPORT,NSFT,VC202200345
CONT2022005410,EXPORT,NSFT,VC202200345
CONT2022005411,IMPORT,NSFT,VC202200345
CONT2022005412,EXPORT,NSFT,VC202200345
CONT2022005413,IMPORT,NSFT,VC202200345
CONT2022005414,EXPORT,NSFT,VC202200345
CONT2022005415,IMPORT,NSIGT,VC202200346
CONT2022005416,EXPORT,NSIGT,VC202200346
CONT2022005417,EXPORT,NSIGT,VC202200346
CONT2022005418,IMPORT,NSIGT,VC202200346
CONT2022005419,IMPORT,NSIGT,VC202200346
CONT2022005420,IMPORT,NSIGT,VC202200346
CONT2022005421,EXPORT,NSIGT,VC202200347
CONT2022005422,IMPORT,NSIGT,VC202200347
CONT2022005423,IMPORT,NSIGT,VC202200347
CONT2022005424,IMPORT,NSIGT,VC202200347
CONT2022005425,IMPORT,NSIGT,VC202200347
CONT2022005426,IMPORT,NSIGT,VC202200347
CONT2022005427,IMPORT,GTI,VC202200348
CONT2022005428,IMPORT,GTI,VC202200348
CONT2022005429,EXPORT,GTI,VC202200348
CONT2022005430,EXPORT,GTI,VC202200348
CONT2022005431,IMPORT,GTI,VC202200348
CONT2022005432,EXPORT,GTI,VC202200348
CONT2022005433,IMPORT,GTI,VC202200348
CONT2022005434,IMPORT,GTI,VC202200348
CONT2022005435,EXPORT,GTI,VC202200348
CONT2022005436,IMPORT,NSICT,VC202200349
CONT2022005437,EXPORT,NSICT,VC202200349
CONT2022005438,EXPORT,NSICT,VC202200349
CONT2022005439,EXPORT,NSICT,VC202200349
CONT2022005440,EXPORT,NSICT,VC202200349
CONT2022005441,EXPORT,NSICT,VC202200349
CONT2022005442,EXPORT,NSICT,VC202200349
CONT2022005443,IMPORT,NSICT,VC202200349
CONT2022005444,EXPORT,NSICT,VC202200349
CONT2022005445,IMPORT,NSICT,VC202200349
CONT2022005446,EXPORT,NSICT,VC202200349
CONT2022005447,EXPORT,NSICT,VC202200349
CONT2022005448,IMPORT,BMCT,VC202200350
CONT2022005449,EXPORT,BMCT,VC202200350
CONT2022005450,IMPORT,BMCT,VC202200350
CONT2022005451,IMPORT,BMCT,VC202200350
CONT2022005452,EXPORT,BMCT,VC202200350
CONT2022005453,EXPORT,BMCT,VC202200350
CONT2022005454,IMPORT,BMCT,VC202200350
CONT2022005455,IMPORT,BMCT,VC202200350
CONT2022005456,EXPORT,BMCT,VC202200350
CONT2022005457,EXPORT,BMCT,VC202200350
CONT2022005458,EXPORT,BMCT,VC202200350
CONT2022005459,EXPORT,BMCT,VC202200350
CONT2022005460,EXPORT,BMCT,VC202200350
CONT2022005461,IMPORT,BMCT,VC202200350
CONT2022005462,IMPORT,BMCT,VC202200350
CONT2022005463,EXPORT,BMCT,VC202200350
CONT2022005464,EXPORT,NSIGT,VC202200351
CONT2022005465,EXPORT,NSIGT,VC202200351
CONT2022005466,EXPORT,NSIGT,VC202200351
CONT2022005467,EXPORT,NSIGT,VC202200351
CONT2022005468,IMPORT,NSIGT,VC202200351
CONT2022005469,IMPORT,NSIGT,VC202200351
CONT2022005470,IMPORT,NSIGT,VC202200351
CONT2022005471,EXPORT,NSIGT,VC202200351
CONT2022005472,EXPORT,NSIGT,VC202200351
CONT2022005473,EXPORT,NSIGT,VC202200351
CONT2022005474,IMPORT,NSIGT,VC202200351
CONT2022005475,EXPORT,NSIGT,VC202200351
CONT2022005476,IMPORT,NSIGT,VC202200351
CONT2022005477,EXPORT,NSIGT,VC202200351
CONT2022005478,IMPORT,NSIGT,VC202200351
CONT2022005479,EXPORT,NSIGT,VC202200351
CONT2022005480,EXPORT,NSIGT,VC202200351
CONT2022005481,IMPORT,NSIGT,VC202200351
CONT2022005482,EXPORT,NSIGT,VC202200351
CONT2022005483,EXPORT,NSIGT,VC202200351
CONT2022005484,EXPORT,NSIGT,VC202200351
CONT2022005485,EXPORT,NSIGT,VC202200351
CONT2022005486,IMPORT,NSIGT,VC202200351
CONT2022005487,EXPORT,NSIGT,VC202200351
CONT2022005488,EXPORT,NSIGT,VC202200351
CONT2022005489,IMPORT,NSIGT,VC202200351
CONT2022005490,IMPORT,NSIGT,VC202200351
CONT2022005491,IMPORT,NSIGT,VC202200351
CONT2022005492,IMPORT,NSIGT,VC202200351
CONT2022005493,IMPORT,NSIGT,VC202200351
CONT2022005494,EXPORT,GTI,VC202200352
CONT2022005495,EXPORT,GTI,VC202200352
CONT2022005496,IMPORT,GTI,VC202200352
CONT2022005497,EXPORT,GTI,VC202200352
CONT2022005498,EXPORT,GTI,VC202200352
CONT2022005499,EXPORT,GTI,VC202200352
CONT2022005500,EXPORT,GTI,VC202200352
CONT2022005501,EXPORT,GTI,VC202200352
CONT2022005502,EXPORT,GTI,VC202200352
CONT2022005503,EXPORT,GTI,VC202200352
CONT2022005504,EXPORT,GTI,VC202200352
CONT2022005505,EXPORT,GTI,VC202200352
CONT2022005506,EXPORT,GTI,VC202200352
CONT2022005507,EXPORT,GTI,VC202200352
CONT2022005508,EXPORT,GTI,VC202200352
CONT2022005509,EXPORT,GTI,VC202200352
CONT2022005510,EXPORT,GTI,VC202200352
CONT2022005511,IMPORT,GTI,VC202200352
CONT2022005512,EXPORT,GTI,VC202200352
CONT2022005513,EXPORT,GTI,VC202200352
CONT2022005514,IMPORT,GTI,VC202200352
CONT2022005515,IMPORT,GTI,VC202200352
CONT2022005516,EXPORT,NSFT,VC202200353
CONT2022005517,EXPORT,NSFT,VC202200353
CONT2022005518,EXPORT,NSFT,VC202200353
CONT2022005519,IMPORT,NSFT,VC202200353
CONT2022005520,EXPORT,NSFT,VC202200353
CONT2022005521,EXPORT,NSFT,VC202200353
CONT2022005522,EXPORT,NSFT,VC202200353
CONT2022005523,EXPORT,NSFT,VC202200353
CONT2022005524,IMPORT,NSFT,VC202200353
CONT2022005525,EXPORT,NSFT,VC202200353
CONT2022005526,EXPORT,NSFT,VC202200353
CONT2022005527,IMPORT,NSFT,VC202200353
CONT2022005528,EXPORT,NSIGT,VC202200354
CONT2022005529,IMPORT,NSIGT,VC202200354
CONT2022005530,IMPORT,NSIGT,VC202200354
CONT2022005531,IMPORT,NSIGT,VC202200354
CONT2022005532,EXPORT,NSIGT,VC202200354
CONT2022005533,EXPORT,NSIGT,VC202200354
CONT2022005534,IMPORT,NSIGT,VC202200354
CONT2022005535,EXPORT,NSIGT,VC202200354
CONT2022005536,IMPORT,NSIGT,VC202200354
CONT2022005537,IMPORT,NSIGT,VC202200354
CONT2022005538,IMPORT,NSIGT,VC202200354
CONT2022005539,IMPORT,NSIGT,VC202200354
CONT2022005540,IMPORT,NSIGT,VC202200354
CONT2022005541,IMPORT,NSICT,VC202200355
CONT2022005542,EXPORT,NSICT,VC202200355
CONT2022005543,EXPORT,NSICT,VC202200355
CONT2022005544,IMPORT,NSICT,VC202200355
CONT2022005545,EXPORT,NSICT,VC202200355
CONT2022005546,IMPORT,NSICT,VC202200355
CONT2022005547,IMPORT,NSICT,VC202200355
CONT2022005548,EXPORT,NSICT,VC202200355
CONT2022005549,IMPORT,NSFT,VC202200356
CONT2022005550,IMPORT,NSFT,VC202200356
CONT2022005551,IMPORT,NSFT,VC202200356
CONT2022005552,IMPORT,NSFT,VC202200356
CONT2022005553,IMPORT,NSFT,VC202200356
CONT2022005554,IMPORT,NSFT,VC202200356
CONT2022005555,IMPORT,NSFT,VC202200356
CONT2022005556,EXPORT,NSFT,VC202200356
CONT2022005557,EXPORT,NSFT,VC202200356
CONT2022005558,EXPORT,NSFT,VC202200356
CONT2022005559,EXPORT,NSFT,VC202200356
CONT2022005560,IMPORT,NSFT,VC202200356
CONT2022005561,IMPORT,NSFT,VC202200356
CONT2022005562,EXPORT,NSIGT,VC202200357
CONT2022005563,IMPORT,NSIGT,VC202200357
CONT2022005564,EXPORT,NSIGT,VC202200357
CONT2022005565,EXPORT,NSIGT,VC202200357
CONT2022005566,EXPORT,NSIGT,VC202200357
CONT2022005567,EXPORT,NSIGT,VC202200357
CONT2022005568,EXPORT,NSIGT,VC202200357
CONT2022005569,EXPORT,NSIGT,VC202200357
CONT2022005570,IMPORT,NSIGT,VC202200357
CONT2022005571,IMPORT,NSIGT,VC202200357
CONT2022005572,IMPORT,NSIGT,VC202200357
CONT2022005573,IMPORT,NSIGT,VC202200357
CONT2022005574,IMPORT,BMCT,VC202200358
CONT2022005575,EXPORT,BMCT,VC202200358
CONT2022005576,EXPORT,BMCT,VC202200358
CONT2022005577,EXPORT,BMCT,VC202200358
CONT2022005578,EXPORT,BMCT,VC202200358
CONT2022005579,EXPORT,BMCT,VC202200358
CONT2022005580,EXPORT,BMCT,VC202200358
CONT2022005581,IMPORT,BMCT,VC202200358
CONT2022005582,EXPORT,BMCT,VC202200358
CONT2022005583,EXPORT,BMCT,VC202200358
CONT2022005584,EXPORT,BMCT,VC202200358
CONT2022005585,EXPORT,BMCT,VC202200358
CONT2022005586,EXPORT,BMCT,VC202200358
CONT2022005587,IMPORT,BMCT,VC202200358
CONT2022005588,EXPORT,BMCT,VC202200358
CONT2022005589,IMPORT,BMCT,VC202200358
CONT2022005590,IMPORT,GTI,VC202200359
CONT2022005591,EXPORT,GTI,VC202200359
CONT2022005592,IMPORT,GTI,VC202200359
CONT2022005593,IMPORT,GTI,VC202200359
CONT2022005594,EXPORT,GTI,VC202200359
CONT2022005595,IMPORT,GTI,VC202200359
CONT2022005596,EXPORT,GTI,VC202200359
CONT2022005597,EXPORT,GTI,VC202200359
CONT2022005598,IMPORT,GTI,VC202200359
CONT2022005599,EXPORT,NSICT,VC202200360
CONT2022005600,IMPORT,NSICT,VC202200360
CONT2022005601,EXPORT,NSICT,VC202200360
CONT2022005602,IMPORT,NSICT,VC202200360
CONT2022005603,EXPORT,NSICT,VC202200360
CONT2022005604,IMPORT,NSICT,VC202200360
CONT2022005605,EXPORT,NSICT,VC202200360
CONT2022005606,EXPORT,NSICT,VC202200360
CONT2022005607,IMPORT,NSICT,VC202200360
CONT2022005608,IMPORT,NSICT,VC202200360
CONT2022005609,EXPORT,NSICT,VC202200360
CONT2022005610,EXPORT,NSICT,VC202200360
CONT2022005611,IMPORT,NSICT,VC202200360
CONT2022005612,EXPORT,NSICT,VC202200360
CONT2022005613,EXPORT,NSICT,VC202200360
CONT2022005614,IMPORT,NSICT,VC202200360
CONT2022005615,IMPORT,NSICT,VC202200360
CONT2022005616,EXPORT,NSICT,VC202200360
CONT2022005617,EXPORT,NSFT,VC202200361
CONT2022005618,IMPORT,NSFT,VC202200361
CONT2022005619,IMPORT,NSFT,VC202200361
CONT2022005620,EXPORT,NSFT,VC202200361
CONT2022005621,EXPORT,NSFT,VC202200361
CONT2022005622,IMPORT,NSFT,VC202200361
CONT2022005623,EXPORT,NSFT,VC202200361
CONT2022005624,EXPORT,NSFT,VC202200361
CONT2022005625,IMPORT,NSFT,VC202200361
CONT2022005626,IMPORT,NSFT,VC202200361
CONT2022005627,IMPORT,NSFT,VC202200361
CONT2022005628,EXPORT,NSFT,VC202200361
CONT2022005629,EXPORT,NSFT,VC202200361
CONT2022005630,EXPORT,NSFT,VC202200361
CONT2022005631,EXPORT,NSFT,VC202200361
CONT2022005632,IMPORT,NSFT,VC202200361
CONT2022005633,EXPORT,NSFT,VC202200361
CONT2022005634,IMPORT,NSFT,VC202200361
CONT2022005635,IMPORT,NSFT,VC202200361
CONT2022005636,EXPORT,NSFT,VC202200361
CONT2022005637,IMPORT,NSFT,VC202200361
CONT2022005638,EXPORT,NSFT,VC202200361
CONT2022005639,EXPORT,NSFT,VC202200361
CONT2022005640,EXPORT,NSFT,VC202200361
CONT2022005641,IMPORT,NSFT,VC202200361
CONT2022005642,EXPORT,NSFT,VC202200361
CONT2022005643,IMPORT,NSFT,VC202200361
CONT2022005644,EXPORT,NSFT,VC202200361
CONT2022005645,IMPORT,NSFT,VC202200361
CONT2022005646,IMPORT,NSFT,VC202200361
CONT2022005647,EXPORT,NSFT,VC202200361
CONT2022005648,IMPORT,NSIGT,VC202200362
CONT2022005649,IMPORT,NSIGT,VC202200362
CONT2022005650,IMPORT,NSIGT,VC202200362
CONT2022005651,IMPORT,NSIGT,VC202200362
CONT2022005652,IMPORT,NSIGT,VC202200362
CONT2022005653,EXPORT,NSIGT,VC202200362
CONT2022005654,EXPORT,NSIGT,VC202200362
CONT2022005655,EXPORT,NSIGT,VC202200362
CONT2022005656,EXPORT,NSIGT,VC202200362
CONT2022005657,IMPORT,NSIGT,VC202200362
CONT2022005658,IMPORT,NSIGT,VC202200362
CONT2022005659,EXPORT,NSIGT,VC202200362
CONT2022005660,EXPORT,NSIGT,VC202200362
CONT2022005661,IMPORT,NSICT,VC202200363
CONT2022005662,IMPORT,NSICT,VC202200363
CONT2022005663,EXPORT,NSICT,VC202200363
CONT2022005664,IMPORT,NSICT,VC202200363
CONT2022005665,IMPORT,NSICT,VC202200363
CONT2022005666,IMPORT,NSICT,VC202200363
CONT2022005667,IMPORT,NSICT,VC202200363
CONT2022005668,IMPORT,NSICT,VC202200363
CONT2022005669,EXPORT,NSICT,VC202200363
CONT2022005670,EXPORT,NSICT,VC202200363
CONT2022005671,EXPORT,NSICT,VC202200363
CONT2022005672,IMPORT,NSICT,VC202200363
CONT2022005673,EXPORT,NSICT,VC202200363
CONT2022005674,IMPORT,NSICT,VC202200363
CONT2022005675,IMPORT,NSICT,VC202200363
CONT2022005676,EXPORT,NSICT,VC202200363
CONT2022005677,EXPORT,NSICT,VC202200363
CONT2022005678,EXPORT,NSIGT,VC202200364
CONT2022005679,EXPORT,NSIGT,VC202200364
CONT2022005680,EXPORT,NSIGT,VC202200364
CONT2022005681,EXPORT,NSIGT,VC202200364
CONT2022005682,IMPORT,NSIGT,VC202200364
CONT2022005683,EXPORT,NSIGT,VC202200364
CONT2022005684,EXPORT,NSIGT,VC202200364
CONT2022005685,IMPORT,NSIGT,VC202200364
CONT2022005686,EXPORT,NSIGT,VC202200364
CONT2022005687,EXPORT,NSIGT,VC202200364
CONT2022005688,IMPORT,NSIGT,VC202200364
CONT2022005689,EXPORT,NSIGT,VC202200364
CONT2022005690,IMPORT,NSIGT,VC202200364
CONT2022005691,EXPORT,NSIGT,VC202200364
CONT2022005692,IMPORT,NSIGT,VC202200364
CONT2022005693,EXPORT,NSIGT,VC202200364
CONT2022005694,EXPORT,NSIGT,VC202200364
CONT2022005695,EXPORT,NSIGT,VC202200364
CONT2022005696,IMPORT,NSIGT,VC202200364
CONT2022005697,IMPORT,NSIGT,VC202200364
CONT2022005698,EXPORT,NSICT,VC202200365
CONT2022005699,EXPORT,NSICT,VC202200365
CONT2022005700,EXPORT,NSICT,VC202200365
CONT2022005701,IMPORT,NSICT,VC202200365
CONT2022005702,IMPORT,NSICT,VC202200365
CONT2022005703,IMPORT,NSICT,VC202200365
CONT2022005704,IMPORT,NSICT,VC202200365
CONT2022005705,IMPORT,NSICT,VC202200365
CONT2022005706,IMPORT,NSICT,VC202200365
CONT2022005707,EXPORT,NSICT,VC202200365
CONT2022005708,IMPORT,NSICT,VC202200365
CONT2022005709,EXPORT,NSFT,VC202200366
CONT2022005710,IMPORT,NSFT,VC202200366
CONT2022005711,EXPORT,NSFT,VC202200366
CONT2022005712,EXPORT,NSFT,VC202200366
CONT2022005713,EXPORT,NSFT,VC202200366
CONT2022005714,IMPORT,NSFT,VC202200366
CONT2022005715,IMPORT,NSFT,VC202200366
CONT2022005716,IMPORT,NSFT,VC202200366
CONT2022005717,IMPORT,NSFT,VC202200366
CONT2022005718,EXPORT,NSFT,VC202200366
CONT2022005719,EXPORT,NSFT,VC202200366
CONT2022005720,IMPORT,NSFT,VC202200366
CONT2022005721,EXPORT,NSFT,VC202200366
CONT2022005722,IMPORT,NSFT,VC202200366
CONT2022005723,EXPORT,NSFT,VC202200366
CONT2022005724,IMPORT,NSIGT,VC202200367
CONT2022005725,IMPORT,NSIGT,VC202200367
CONT2022005726,IMPORT,NSIGT,VC202200367
CONT2022005727,EXPORT,NSIGT,VC202200367
CONT2022005728,IMPORT,NSIGT,VC202200367
CONT2022005729,IMPORT,NSIGT,VC202200367
CONT2022005730,EXPORT,NSIGT,VC202200367
CONT2022005731,IMPORT,NSIGT,VC202200367
CONT2022005732,IMPORT,NSIGT,VC202200367
CONT2022005733,IMPORT,NSIGT,VC202200367
CONT2022005734,EXPORT,NSIGT,VC202200367
CONT2022005735,IMPORT,NSIGT,VC202200367
CONT2022005736,IMPORT,NSIGT,VC202200367
CONT2022005737,IMPORT,NSIGT,VC202200367
CONT2022005738,IMPORT,NSIGT,VC202200368
CONT2022005739,IMPORT,NSIGT,VC202200368
CONT2022005740,IMPORT,NSIGT,VC202200368
CONT2022005741,EXPORT,NSIGT,VC202200368
CONT2022005742,IMPORT,NSIGT,VC202200368
CONT2022005743,IMPORT,NSIGT,VC202200368
CONT2022005744,EXPORT,NSIGT,VC202200368
CONT2022005745,IMPORT,NSIGT,VC202200368
CONT2022005746,IMPORT,NSIGT,VC202200368
CONT2022005747,IMPORT,NSIGT,VC202200368
CONT2022005748,IMPORT,NSIGT,VC202200368
CONT2022005749,IMPORT,NSIGT,VC202200368
CONT2022005750,EXPORT,NSIGT,VC202200368
CONT2022005751,EXPORT,NSIGT,VC202200368
CONT2022005752,EXPORT,NSIGT,VC202200369
CONT2022005753,IMPORT,NSIGT,VC202200369
CONT2022005754,IMPORT,NSIGT,VC202200369
CONT2022005755,IMPORT,NSIGT,VC202200369
CONT2022005756,EXPORT,NSIGT,VC202200369
CONT2022005757,EXPORT,NSIGT,VC202200369
CONT2022005758,IMPORT,NSIGT,VC202200369
CONT2022005759,IMPORT,NSIGT,VC202200369
CONT2022005760,IMPORT,NSIGT,VC202200369
CONT2022005761,EXPORT,NSICT,VC202200370
CONT2022005762,EXPORT,NSICT,VC202200370
CONT2022005763,IMPORT,NSICT,VC202200370
CONT2022005764,EXPORT,NSICT,VC202200370
CONT2022005765,EXPORT,NSICT,VC202200370
CONT2022005766,IMPORT,NSICT,VC202200370
CONT2022005767,EXPORT,NSICT,VC202200370
CONT2022005768,IMPORT,NSICT,VC202200370
CONT2022005769,IMPORT,NSICT,VC202200370
CONT2022005770,IMPORT,NSICT,VC202200370
CONT2022005771,IMPORT,NSICT,VC202200370
CONT2022005772,IMPORT,NSICT,VC202200370
CONT2022005773,EXPORT,NSICT,VC202200370
CONT2022005774,IMPORT,NSICT,VC202200370
CONT2022005775,IMPORT,BMCT,VC202200371
CONT2022005776,IMPORT,BMCT,VC202200371
CONT2022005777,IMPORT,BMCT,VC202200371
CONT2022005778,IMPORT,BMCT,VC202200371
CONT2022005779,IMPORT,BMCT,VC202200371
CONT2022005780,EXPORT,BMCT,VC202200371
CONT2022005781,IMPORT,BMCT,VC202200371
CONT2022005782,IMPORT,BMCT,VC202200371
CONT2022005783,IMPORT,BMCT,VC202200371
CONT2022005784,IMPORT,BMCT,VC202200371
CONT2022005785,EXPORT,BMCT,VC202200371
CONT2022005786,EXPORT,BMCT,VC202200371
CONT2022005787,EXPORT,BMCT,VC202200371
CONT2022005788,IMPORT,BMCT,VC202200371
CONT2022005789,EXPORT,BMCT,VC202200371
CONT2022005790,IMPORT,BMCT,VC202200371
CONT2022005791,IMPORT,BMCT,VC202200371
CONT2022005792,IMPORT,BMCT,VC202200371
CONT2022005793,EXPORT,NSIGT,VC202200372
CONT2022005794,IMPORT,NSIGT,VC202200372
CONT2022005795,IMPORT,NSIGT,VC202200372
CONT2022005796,IMPORT,NSIGT,VC202200372
CONT2022005797,EXPORT,NSIGT,VC202200372
CONT2022005798,EXPORT,NSIGT,VC202200372
CONT2022005799,IMPORT,NSIGT,VC202200372
CONT2022005800,IMPORT,NSIGT,VC202200372
CONT2022005801,IMPORT,NSIGT,VC202200372
CONT2022005802,EXPORT,NSIGT,VC202200372
CONT2022005803,IMPORT,NSIGT,VC202200372
CONT2022005804,EXPORT,NSIGT,VC202200372
CONT2022005805,IMPORT,NSIGT,VC202200372
CONT2022005806,EXPORT,NSIGT,VC202200372
CONT2022005807,IMPORT,NSIGT,VC202200372
CONT2022005808,EXPORT,NSIGT,VC202200372
CONT2022005809,IMPORT,NSIGT,VC202200372
CONT2022005810,IMPORT,NSIGT,VC202200372
CONT2022005811,IMPORT,NSIGT,VC202200372
CONT2022005812,EXPORT,NSIGT,VC202200372
CONT2022005813,IMPORT,NSIGT,VC202200372
CONT2022005814,IMPORT,NSIGT,VC202200372
CONT2022005815,EXPORT,NSIGT,VC202200372
CONT2022005816,IMPORT,NSIGT,VC202200372
CONT2022005817,IMPORT,NSIGT,VC202200372
CONT2022005818,IMPORT,NSIGT,VC202200372
CONT2022005819,IMPORT,NSIGT,VC202200372
CONT2022005820,IMPORT,NSIGT,VC202200372
CONT2022005821,IMPORT,NSIGT,VC202200372
CONT2022005822,EXPORT,NSIGT,VC202200372
CONT2022005823,EXPORT,BMCT,VC202200373
CONT2022005824,IMPORT,BMCT,VC202200373
CONT2022005825,IMPORT,BMCT,VC202200373
CONT2022005826,EXPORT,BMCT,VC202200373
CONT2022005827,IMPORT,BMCT,VC202200373
CONT2022005828,IMPORT,BMCT,VC202200373
CONT2022005829,EXPORT,BMCT,VC202200373
CONT2022005830,EXPORT,BMCT,VC202200373
CONT2022005831,EXPORT,BMCT,VC202200373
CONT2022005832,IMPORT,BMCT,VC202200373
CONT2022005833,IMPORT,BMCT,VC202200373
CONT2022005834,EXPORT,BMCT,VC202200373
CONT2022005835,EXPORT,BMCT,VC202200373
CONT2022005836,IMPORT,BMCT,VC202200373
CONT2022005837,IMPORT,BMCT,VC202200373
CONT2022005838,IMPORT,BMCT,VC202200373
CONT2022005839,EXPORT,BMCT,VC202200373
CONT2022005840,EXPORT,BMCT,VC202200373
CONT2022005841,EXPORT,BMCT,VC202200373
CONT2022005842,IMPORT,BMCT,VC202200373
CONT2022005843,EXPORT,BMCT,VC202200373
CONT2022005844,EXPORT,BMCT,VC202200373
CONT2022005845,EXPORT,BMCT,VC202200373
CONT2022005846,EXPORT,BMCT,VC202200374
CONT2022005847,EXPORT,BMCT,VC202200374
CONT2022005848,IMPORT,BMCT,VC202200374
CONT2022005849,IMPORT,BMCT,VC202200374
CONT2022005850,IMPORT,BMCT,VC202200374
CONT2022005851,IMPORT,BMCT,VC202200374
CONT2022005852,EXPORT,BMCT,VC202200374
CONT2022005853,EXPORT,BMCT,VC202200374
CONT2022005854,IMPORT,BMCT,VC202200374
CONT2022005855,IMPORT,BMCT,VC202200374
CONT2022005856,EXPORT,BMCT,VC202200374
CONT2022005857,EXPORT,BMCT,VC202200374
CONT2022005858,EXPORT,BMCT,VC202200374
CONT2022005859,IMPORT,BMCT,VC202200374
CONT2022005860,EXPORT,BMCT,VC202200374
CONT2022005861,EXPORT,BMCT,VC202200374
CONT2022005862,IMPORT,BMCT,VC202200374
CONT2022005863,EXPORT,BMCT,VC202200374
CONT2022005864,IMPORT,BMCT,VC202200374
CONT2022005865,EXPORT,BMCT,VC202200374
CONT2022005866,EXPORT,BMCT,VC202200374
CONT2022005867,IMPORT,BMCT,VC202200374
CONT2022005868,EXPORT,BMCT,VC202200374
CONT2022005869,IMPORT,BMCT,VC202200374
CONT2022005870,EXPORT,BMCT,VC202200374
CONT2022005871,IMPORT,BMCT,VC202200374
CONT2022005872,EXPORT,BMCT,VC202200374
CONT2022005873,EXPORT,BMCT,VC202200374
CONT2022005874,EXPORT,BMCT,VC202200374
CONT2022005875,EXPORT,BMCT,VC202200374
CONT2022005876,IMPORT,BMCT,VC202200374
CONT2022005877,IMPORT,BMCT,VC202200374
CONT2022005878,IMPORT,BMCT,VC202200374
CONT2022005879,EXPORT,BMCT,VC202200374
CONT2022005880,EXPORT,BMCT,VC202200374
CONT2022005881,IMPORT,BMCT,VC202200374
CONT2022005882,EXPORT,BMCT,VC202200374
CONT2022005883,EXPORT,BMCT,VC202200374
CONT2022005884,IMPORT,BMCT,VC202200374
CONT2022005885,IMPORT,BMCT,VC202200374
CONT2022005886,IMPORT,BMCT,VC202200374
CONT2022005887,IMPORT,BMCT,VC202200374
CONT2022005888,EXPORT,BMCT,VC202200374
CONT2022005889,IMPORT,BMCT,VC202200374
CONT2022005890,EXPORT,BMCT,VC202200375
CONT2022005891,EXPORT,BMCT,VC202200375
CONT2022005892,EXPORT,BMCT,VC202200375
CONT2022005893,IMPORT,BMCT,VC202200375
CONT2022005894,EXPORT,BMCT,VC202200375
CONT2022005895,IMPORT,BMCT,VC202200375
CONT2022005896,EXPORT,BMCT,VC202200375
CONT2022005897,EXPORT,BMCT,VC202200375
CONT2022005898,IMPORT,BMCT,VC202200375
CONT2022005899,IMPORT,BMCT,VC202200376
CONT2022005900,EXPORT,BMCT,VC202200376
CONT2022005901,EXPORT,BMCT,VC202200376
CONT2022005902,EXPORT,BMCT,VC202200376
CONT2022005903,IMPORT,BMCT,VC202200376
CONT2022005904,EXPORT,BMCT,VC202200376
CONT2022005905,EXPORT,BMCT,VC202200376
CONT2022005906,EXPORT,BMCT,VC202200376
CONT2022005907,EXPORT,BMCT,VC202200376
CONT2022005908,EXPORT,BMCT,VC202200376
CONT2022005909,EXPORT,BMCT,VC202200376
CONT2022005910,IMPORT,BMCT,VC202200376
CONT2022005911,IMPORT,BMCT,VC202200376
CONT2022005912,EXPORT,BMCT,VC202200376
CONT2022005913,EXPORT,BMCT,VC202200376
CONT2022005914,IMPORT,BMCT,VC202200376
CONT2022005915,IMPORT,BMCT,VC202200376
CONT2022005916,EXPORT,BMCT,VC202200376
CONT2022005917,IMPORT,BMCT,VC202200376
CONT2022005918,IMPORT,BMCT,VC202200376
CONT2022005919,EXPORT,BMCT,VC202200376
CONT2022005920,IMPORT,BMCT,VC202200376
CONT2022005921,EXPORT,NSICT,VC202200377
CONT2022005922,EXPORT,NSICT,VC202200377
CONT2022005923,IMPORT,NSICT,VC202200377
CONT2022005924,EXPORT,NSICT,VC202200377
CONT2022005925,EXPORT,NSICT,VC202200377
CONT2022005926,EXPORT,NSICT,VC202200377
CONT2022005927,EXPORT,NSICT,VC202200377
CONT2022005928,IMPORT,NSICT,VC202200377
CONT2022005929,IMPORT,NSICT,VC202200377
CONT2022005930,IMPORT,NSICT,VC202200377
CONT2022005931,EXPORT,NSICT,VC202200377
CONT2022005932,EXPORT,NSICT,VC202200377
CONT2022005933,IMPORT,NSICT,VC202200377
CONT2022005934,EXPORT,NSICT,VC202200377
CONT2022005935,IMPORT,NSICT,VC202200377
CONT2022005936,IMPORT,NSIGT,VC202200378
CONT2022005937,IMPORT,NSIGT,VC202200378
CONT2022005938,IMPORT,NSIGT,VC202200378
CONT2022005939,EXPORT,NSIGT,VC202200378
CONT2022005940,EXPORT,NSIGT,VC202200378
CONT2022005941,IMPORT,NSIGT,VC202200378
CONT2022005942,EXPORT,NSIGT,VC202200378
CONT2022005943,EXPORT,NSIGT,VC202200378
CONT2022005944,EXPORT,NSIGT,VC202200378
CONT2022005945,IMPORT,NSIGT,VC202200378
CONT2022005946,IMPORT,NSIGT,VC202200378
CONT2022005947,IMPORT,NSIGT,VC202200378
CONT2022005948,IMPORT,NSIGT,VC202200378
CONT2022005949,IMPORT,NSIGT,VC202200378
CONT2022005950,EXPORT,NSIGT,VC202200378
CONT2022005951,IMPORT,NSIGT,VC202200378
CONT2022005952,IMPORT,NSIGT,VC202200378
CONT2022005953,IMPORT,NSIGT,VC202200378
CONT2022005954,EXPORT,NSIGT,VC202200378
CONT2022005955,EXPORT,NSIGT,VC202200378
CONT2022005956,EXPORT,NSIGT,VC202200378
CONT2022005957,IMPORT,NSIGT,VC202200378
CONT2022005958,EXPORT,NSIGT,VC202200378
CONT2022005959,EXPORT,NSIGT,VC202200378
CONT2022005960,EXPORT,NSIGT,VC202200378
CONT2022005961,EXPORT,NSIGT,VC202200378
CONT2022005962,EXPORT,NSIGT,VC202200378
CONT2022005963,EXPORT,NSIGT,VC202200378
CONT2022005964,EXPORT,NSIGT,VC202200378
CONT2022005965,EXPORT,NSIGT,VC202200378
CONT2022005966,IMPORT,NSIGT,VC202200378
CONT2022005967,EXPORT,NSIGT,VC202200378
CONT2022005968,EXPORT,NSIGT,VC202200378
CONT2022005969,EXPORT,NSIGT,VC202200378
CONT2022005970,EXPORT,NSIGT,VC202200378
CONT2022005971,IMPORT,NSIGT,VC202200378
CONT2022005972,IMPORT,NSIGT,VC202200378
CONT2022005973,EXPORT,NSIGT,VC202200378
CONT2022005974,IMPORT,NSIGT,VC202200378
CONT2022005975,IMPORT,NSIGT,VC202200378
CONT2022005976,EXPORT,NSIGT,VC202200378
CONT2022005977,EXPORT,NSIGT,VC202200378
CONT2022005978,IMPORT,NSIGT,VC202200378
CONT2022005979,IMPORT,NSIGT,VC202200378
CONT2022005980,IMPORT,NSIGT,VC202200378
CONT2022005981,IMPORT,GTI,VC202200379
CONT2022005982,EXPORT,GTI,VC202200379
CONT2022005983,EXPORT,GTI,VC202200379
CONT2022005984,IMPORT,GTI,VC202200379
CONT2022005985,IMPORT,GTI,VC202200379
CONT2022005986,EXPORT,GTI,VC202200379
CONT2022005987,IMPORT,GTI,VC202200379
CONT2022005988,IMPORT,GTI,VC202200379
CONT2022005989,EXPORT,GTI,VC202200379
CONT2022005990,IMPORT,NSFT,VC202200380
CONT2022005991,EXPORT,NSFT,VC202200380
CONT2022005992,IMPORT,NSFT,VC202200380
CONT2022005993,IMPORT,NSFT,VC202200380
CONT2022005994,IMPORT,NSFT,VC202200380
CONT2022005995,EXPORT,NSFT,VC202200380
CONT2022005996,IMPORT,NSFT,VC202200380
CONT2022005997,IMPORT,NSFT,VC202200380
CONT2022005998,EXPORT,NSFT,VC202200380
CONT2022005999,EXPORT,NSICT,VC202200381
CONT2022006000,IMPORT,NSICT,VC202200381
CONT2022006001,IMPORT,NSICT,VC202200381
CONT2022006002,IMPORT,NSICT,VC202200381
CONT2022006003,IMPORT,NSICT,VC202200381
CONT2022006004,EXPORT,NSICT,VC202200381
CONT2022006005,IMPORT,NSICT,VC202200381
CONT2022006006,IMPORT,NSICT,VC202200381
CONT2022006007,EXPORT,NSICT,VC202200381
CONT2022006008,EXPORT,NSICT,VC202200381
CONT2022006009,IMPORT,BMCT,VC202200382
CONT2022006010,IMPORT,BMCT,VC202200382
CONT2022006011,EXPORT,BMCT,VC202200382
CONT2022006012,IMPORT,BMCT,VC202200382
CONT2022006013,IMPORT,BMCT,VC202200382
CONT2022006014,IMPORT,BMCT,VC202200382
CONT2022006015,EXPORT,NSIGT,VC202200383
CONT2022006016,IMPORT,NSIGT,VC202200383
CONT2022006017,IMPORT,NSIGT,VC202200383
CONT2022006018,IMPORT,NSIGT,VC202200383
CONT2022006019,IMPORT,NSIGT,VC202200383
CONT2022006020,EXPORT,NSIGT,VC202200383
CONT2022006021,EXPORT,NSIGT,VC202200383
CONT2022006022,EXPORT,NSIGT,VC202200383
CONT2022006023,EXPORT,NSIGT,VC202200383
CONT2022006024,EXPORT,NSIGT,VC202200383
CONT2022006025,EXPORT,NSIGT,VC202200384
CONT2022006026,EXPORT,NSIGT,VC202200384
CONT2022006027,EXPORT,NSIGT,VC202200384
CONT2022006028,EXPORT,NSIGT,VC202200384
CONT2022006029,EXPORT,NSIGT,VC202200384
CONT2022006030,EXPORT,NSIGT,VC202200384
CONT2022006031,IMPORT,NSIGT,VC202200384
CONT2022006032,IMPORT,NSIGT,VC202200384
CONT2022006033,IMPORT,NSIGT,VC202200384
CONT2022006034,EXPORT,BMCT,VC202200385
CONT2022006035,EXPORT,BMCT,VC202200385
CONT2022006036,IMPORT,BMCT,VC202200385
CONT2022006037,EXPORT,BMCT,VC202200385
CONT2022006038,EXPORT,BMCT,VC202200385
CONT2022006039,EXPORT,BMCT,VC202200385
CONT2022006040,EXPORT,BMCT,VC202200385
CONT2022006041,EXPORT,BMCT,VC202200385
CONT2022006042,IMPORT,BMCT,VC202200385
CONT2022006043,IMPORT,BMCT,VC202200385
CONT2022006044,EXPORT,BMCT,VC202200385
CONT2022006045,IMPORT,BMCT,VC202200385
CONT2022006046,IMPORT,BMCT,VC202200385
CONT2022006047,IMPORT,BMCT,VC202200385
CONT2022006048,IMPORT,BMCT,VC202200385
CONT2022006049,EXPORT,GTI,VC202200386
CONT2022006050,IMPORT,GTI,VC202200386
CONT2022006051,EXPORT,GTI,VC202200386
CONT2022006052,IMPORT,GTI,VC202200386
CONT2022006053,EXPORT,GTI,VC202200386
CONT2022006054,EXPORT,GTI,VC202200386
CONT2022006055,EXPORT,GTI,VC202200386
CONT2022006056,EXPORT,GTI,VC202200386
CONT2022006057,EXPORT,GTI,VC202200386
CONT2022006058,EXPORT,GTI,VC202200386
CONT2022006059,EXPORT,GTI,VC202200386
CONT2022006060,EXPORT,GTI,VC202200386
CONT2022006061,EXPORT,GTI,VC202200386
CONT2022006062,EXPORT,GTI,VC202200386
CONT2022006063,IMPORT,GTI,VC202200386
CONT2022006064,EXPORT,GTI,VC202200386
CONT2022006065,IMPORT,NSIGT,VC202200387
CONT2022006066,EXPORT,NSIGT,VC202200387
CONT2022006067,EXPORT,NSIGT,VC202200387
CONT2022006068,IMPORT,NSIGT,VC202200387
CONT2022006069,IMPORT,NSIGT,VC202200387
CONT2022006070,EXPORT,NSIGT,VC202200387
CONT2022006071,IMPORT,NSIGT,VC202200387
CONT2022006072,EXPORT,NSIGT,VC202200387
CONT2022006073,IMPORT,NSIGT,VC202200387
CONT2022006074,EXPORT,NSIGT,VC202200387
CONT2022006075,IMPORT,NSIGT,VC202200387
CONT2022006076,IMPORT,NSIGT,VC202200387
CONT2022006077,IMPORT,NSIGT,VC202200387
CONT2022006078,EXPORT,NSIGT,VC202200387
CONT2022006079,IMPORT,NSIGT,VC202200387
CONT2022006080,EXPORT,NSIGT,VC202200387
CONT2022006081,IMPORT,NSIGT,VC202200387
CONT2022006082,IMPORT,NSIGT,VC202200387
CONT2022006083,IMPORT,NSIGT,VC202200387
CONT2022006084,IMPORT,NSIGT,VC202200387
CONT2022006085,EXPORT,NSIGT,VC202200387
CONT2022006086,EXPORT,NSIGT,VC202200387
CONT2022006087,IMPORT,NSIGT,VC202200387
CONT2022006088,IMPORT,NSIGT,VC202200387
CONT2022006089,EXPORT,NSIGT,VC202200387
CONT2022006090,IMPORT,NSIGT,VC202200387
CONT2022006091,IMPORT,NSIGT,VC202200387
CONT2022006092,IMPORT,NSIGT,VC202200387
CONT2022006093,IMPORT,NSIGT,VC202200387
CONT2022006094,EXPORT,NSIGT,VC202200387
CONT2022006095,IMPORT,NSIGT,VC202200387
CONT2022006096,EXPORT,NSIGT,VC202200387
CONT2022006097,IMPORT,NSIGT,VC202200387
CONT2022006098,IMPORT,NSIGT,VC202200387
CONT2022006099,IMPORT,NSIGT,VC202200387
CONT2022006100,EXPORT,NSIGT,VC202200387
CONT2022006101,IMPORT,NSIGT,VC202200387
CONT2022006102,EXPORT,NSIGT,VC202200387
CONT2022006103,IMPORT,NSFT,VC202200388
CONT2022006104,EXPORT,NSFT,VC202200388
CONT2022006105,EXPORT,NSFT,VC202200388
CONT2022006106,EXPORT,NSFT,VC202200388
CONT2022006107,EXPORT,NSFT,VC202200388
CONT2022006108,EXPORT,NSFT,VC202200388
CONT2022006109,EXPORT,NSFT,VC202200388
CONT2022006110,IMPORT,NSFT,VC202200388
CONT2022006111,EXPORT,NSFT,VC202200388
CONT2022006112,IMPORT,NSFT,VC202200388
CONT2022006113,IMPORT,NSFT,VC202200388
CONT2022006114,EXPORT,NSFT,VC202200388
CONT2022006115,IMPORT,NSFT,VC202200388
CONT2022006116,EXPORT,NSFT,VC202200388
CONT2022006117,IMPORT,NSFT,VC202200388
CONT2022006118,EXPORT,NSFT,VC202200388
CONT2022006119,EXPORT,NSFT,VC202200388
CONT2022006120,EXPORT,NSFT,VC202200388
CONT2022006121,EXPORT,NSFT,VC202200388
CONT2022006122,EXPORT,NSFT,VC202200388
CONT2022006123,IMPORT,NSFT,VC202200388
CONT2022006124,EXPORT,NSFT,VC202200388
CONT2022006125,EXPORT,NSFT,VC202200388
CONT2022006126,IMPORT,NSIGT,VC202200389
CONT2022006127,IMPORT,NSIGT,VC202200389
CONT2022006128,IMPORT,NSIGT,VC202200389
CONT2022006129,IMPORT,NSIGT,VC202200389
CONT2022006130,EXPORT,NSIGT,VC202200389
CONT2022006131,EXPORT,NSIGT,VC202200389
CONT2022006132,EXPORT,NSIGT,VC202200389
CONT2022006133,IMPORT,NSIGT,VC202200389
CONT2022006134,IMPORT,NSIGT,VC202200389
CONT2022006135,EXPORT,NSIGT,VC202200389
CONT2022006136,EXPORT,BMCT,VC202200390
CONT2022006137,IMPORT,BMCT,VC202200390
CONT2022006138,IMPORT,BMCT,VC202200390
CONT2022006139,IMPORT,BMCT,VC202200390
CONT2022006140,IMPORT,BMCT,VC202200390
CONT2022006141,EXPORT,BMCT,VC202200390
CONT2022006142,IMPORT,BMCT,VC202200390
CONT2022006143,IMPORT,BMCT,VC202200390
CONT2022006144,IMPORT,NSICT,VC202200391
CONT2022006145,EXPORT,NSICT,VC202200391
CONT2022006146,IMPORT,NSICT,VC202200391
CONT2022006147,EXPORT,NSICT,VC202200391
CONT2022006148,EXPORT,NSICT,VC202200391
CONT2022006149,IMPORT,NSICT,VC202200391
CONT2022006150,EXPORT,NSICT,VC202200391
CONT2022006151,EXPORT,NSICT,VC202200391
CONT2022006152,EXPORT,NSICT,VC202200391
CONT2022006153,EXPORT,NSICT,VC202200391
CONT2022006154,IMPORT,NSICT,VC202200391
CONT2022006155,EXPORT,NSICT,VC202200391
CONT2022006156,IMPORT,NSICT,VC202200391
CONT2022006157,EXPORT,NSICT,VC202200391
CONT2022006158,IMPORT,NSICT,VC202200391
CONT2022006159,EXPORT,NSICT,VC202200391
CONT2022006160,EXPORT,NSICT,VC202200391
CONT2022006161,IMPORT,NSICT,VC202200391
CONT2022006162,EXPORT,GTI,VC202200392
CONT2022006163,EXPORT,GTI,VC202200392
CONT2022006164,IMPORT,GTI,VC202200392
CONT2022006165,IMPORT,GTI,VC202200392
CONT2022006166,EXPORT,GTI,VC202200392
CONT2022006167,IMPORT,GTI,VC202200392
CONT2022006168,IMPORT,GTI,VC202200392
CONT2022006169,EXPORT,NSICT,VC202200393
CONT2022006170,IMPORT,NSICT,VC202200393
CONT2022006171,IMPORT,NSICT,VC202200393
CONT2022006172,IMPORT,NSICT,VC202200393
CONT2022006173,EXPORT,NSICT,VC202200393
CONT2022006174,IMPORT,NSICT,VC202200393
CONT2022006175,EXPORT,NSICT,VC202200393
CONT2022006176,IMPORT,NSICT,VC202200393
CONT2022006177,IMPORT,NSICT,VC202200393
CONT2022006178,IMPORT,NSICT,VC202200393
CONT2022006179,IMPORT,NSICT,VC202200393
CONT2022006180,EXPORT,NSICT,VC202200393
CONT2022006181,EXPORT,NSICT,VC202200393
CONT2022006182,EXPORT,NSICT,VC202200393
CONT2022006183,EXPORT,NSICT,VC202200393
CONT2022006184,EXPORT,NSICT,VC202200393
CONT2022006185,IMPORT,NSICT,VC202200393
CONT2022006186,IMPORT,NSICT,VC202200393
CONT2022006187,EXPORT,NSICT,VC202200393
CONT2022006188,EXPORT,NSICT,VC202200393
CONT2022006189,IMPORT,NSICT,VC202200393
CONT2022006190,IMPORT,NSICT,VC202200393
CONT2022006191,EXPORT,NSICT,VC202200393
CONT2022006192,IMPORT,NSICT,VC202200393
CONT2022006193,EXPORT,NSICT,VC202200393
CONT2022006194,IMPORT,NSICT,VC202200393
CONT2022006195,IMPORT,NSICT,VC202200393
CONT2022006196,IMPORT,NSICT,VC202200393
CONT2022006197,IMPORT,NSICT,VC202200393
CONT2022006198,IMPORT,NSICT,VC202200393
CONT2022006199,IMPORT,NSICT,VC202200393
CONT2022006200,EXPORT,NSICT,VC202200393
CONT2022006201,IMPORT,NSICT,VC202200393
CONT2022006202,EXPORT,NSICT,VC202200393
CONT2022006203,IMPORT,NSICT,VC202200393
CONT2022006204,IMPORT,NSICT,VC202200393
CONT2022006205,EXPORT,NSICT,VC202200393
CONT2022006206,IMPORT,NSICT,VC202200394
CONT2022006207,IMPORT,NSICT,VC202200394
CONT2022006208,IMPORT,NSICT,VC202200394
CONT2022006209,EXPORT,NSICT,VC202200394
CONT2022006210,IMPORT,NSICT,VC202200394
CONT2022006211,IMPORT,NSICT,VC202200394
CONT2022006212,IMPORT,NSICT,VC202200394
CONT2022006213,IMPORT,NSICT,VC202200394
CONT2022006214,IMPORT,NSICT,VC202200394
CONT2022006215,IMPORT,NSICT,VC202200394
CONT2022006216,IMPORT,NSICT,VC202200394
CONT2022006217,IMPORT,NSICT,VC202200394
CONT2022006218,IMPORT,NSICT,VC202200394
CONT2022006219,EXPORT,NSICT,VC202200394
CONT2022006220,EXPORT,NSICT,VC202200394
CONT2022006221,EXPORT,NSICT,VC202200394
CONT2022006222,EXPORT,NSICT,VC202200394
CONT2022006223,EXPORT,NSICT,VC202200394
CONT2022006224,IMPORT,NSICT,VC202200394
CONT2022006225,EXPORT,NSICT,VC202200394
CONT2022006226,IMPORT,NSICT,VC202200394
CONT2022006227,IMPORT,NSICT,VC202200394
CONT2022006228,EXPORT,NSICT,VC202200394
CONT2022006229,EXPORT,NSICT,VC202200394
CONT2022006230,IMPORT,NSICT,VC202200394
CONT2022006231,EXPORT,NSICT,VC202200394
CONT2022006232,IMPORT,GTI,VC202200395
CONT2022006233,IMPORT,GTI,VC202200395
CONT2022006234,EXPORT,GTI,VC202200395
CONT2022006235,IMPORT,GTI,VC202200395
CONT2022006236,EXPORT,GTI,VC202200395
CONT2022006237,IMPORT,GTI,VC202200395
CONT2022006238,EXPORT,GTI,VC202200395
CONT2022006239,EXPORT,GTI,VC202200395
CONT2022006240,IMPORT,GTI,VC202200395
CONT2022006241,EXPORT,GTI,VC202200395
CONT2022006242,EXPORT,NSFT,VC202200396
CONT2022006243,EXPORT,NSFT,VC202200396
CONT2022006244,EXPORT,NSFT,VC202200396
CONT2022006245,EXPORT,NSFT,VC202200396
CONT2022006246,IMPORT,NSFT,VC202200396
CONT2022006247,EXPORT,NSFT,VC202200396
CONT2022006248,IMPORT,BMCT,VC202200397
CONT2022006249,IMPORT,BMCT,VC202200397
CONT2022006250,IMPORT,BMCT,VC202200397
CONT2022006251,IMPORT,BMCT,VC202200397
CONT2022006252,IMPORT,BMCT,VC202200397
CONT2022006253,IMPORT,BMCT,VC202200397
CONT2022006254,IMPORT,BMCT,VC202200397
CONT2022006255,EXPORT,BMCT,VC202200397
CONT2022006256,IMPORT,BMCT,VC202200397
CONT2022006257,EXPORT,BMCT,VC202200397
CONT2022006258,IMPORT,BMCT,VC202200397
CONT2022006259,IMPORT,BMCT,VC202200397
CONT2022006260,IMPORT,BMCT,VC202200397
CONT2022006261,IMPORT,BMCT,VC202200397
CONT2022006262,IMPORT,BMCT,VC202200397
CONT2022006263,EXPORT,BMCT,VC202200397
CONT2022006264,EXPORT,BMCT,VC202200397
CONT2022006265,IMPORT,BMCT,VC202200397
CONT2022006266,EXPORT,BMCT,VC202200397
CONT2022006267,IMPORT,BMCT,VC202200397
CONT2022006268,EXPORT,BMCT,VC202200397
CONT2022006269,IMPORT,BMCT,VC202200397
CONT2022006270,EXPORT,BMCT,VC202200397
CONT2022006271,EXPORT,BMCT,VC202200397
CONT2022006272,EXPORT,BMCT,VC202200397
CONT2022006273,IMPORT,BMCT,VC202200397
CONT2022006274,EXPORT,BMCT,VC202200397
CONT2022006275,EXPORT,BMCT,VC202200397
CONT2022006276,IMPORT,NSFT,VC202200398
CONT2022006277,IMPORT,NSFT,VC202200398
CONT2022006278,IMPORT,NSFT,VC202200398
CONT2022006279,IMPORT,NSFT,VC202200398
CONT2022006280,EXPORT,NSFT,VC202200398
CONT2022006281,EXPORT,NSFT,VC202200398
CONT2022006282,IMPORT,NSFT,VC202200398
CONT2022006283,EXPORT,NSFT,VC202200398
CONT2022006284,IMPORT,NSFT,VC202200398
CONT2022006285,IMPORT,NSFT,VC202200398
CONT2022006286,EXPORT,NSFT,VC202200398
CONT2022006287,EXPORT,NSFT,VC202200398
CONT2022006288,EXPORT,NSFT,VC202200398
CONT2022006289,EXPORT,BMCT,VC202200399
CONT2022006290,EXPORT,BMCT,VC202200399
CONT2022006291,EXPORT,BMCT,VC202200399
CONT2022006292,EXPORT,BMCT,VC202200399
CONT2022006293,EXPORT,BMCT,VC202200399
CONT2022006294,IMPORT,BMCT,VC202200399
CONT2022006295,EXPORT,BMCT,VC202200399
CONT2022006296,EXPORT,BMCT,VC202200399
CONT2022006297,IMPORT,BMCT,VC202200399
CONT2022006298,IMPORT,BMCT,VC202200399
CONT2022006299,IMPORT,BMCT,VC202200399
CONT2022006300,IMPORT,BMCT,VC202200399
CONT2022006301,EXPORT,BMCT,VC202200399
CONT2022006302,EXPORT,BMCT,VC202200399
CONT2022006303,IMPORT,BMCT,VC202200399
CONT2022006304,IMPORT,BMCT,VC202200399
CONT2022006305,IMPORT,BMCT,VC202200399
CONT2022006306,IMPORT,BMCT,VC202200399
CONT2022006307,IMPORT,BMCT,VC202200399
CONT2022006308,IMPORT,BMCT,VC202200399
CONT2022006309,IMPORT,BMCT,VC202200399
CONT2022006310,EXPORT,BMCT,VC202200399
CONT2022006311,IMPORT,BMCT,VC202200399
CONT2022006312,EXPORT,BMCT,VC202200399
CONT2022006313,IMPORT,BMCT,VC202200399
CONT2022006314,IMPORT,BMCT,VC202200399
CONT2022006315,EXPORT,BMCT,VC202200399
CONT2022006316,IMPORT,GTI,VC202200400
CONT2022006317,EXPORT,GTI,VC202200400
CONT2022006318,EXPORT,GTI,VC202200400
CONT2022006319,IMPORT,GTI,VC202200400
CONT2022006320,EXPORT,GTI,VC202200400
CONT2022006321,IMPORT,GTI,VC202200400
CONT2022006322,EXPORT,BMCT,VC202200401
CONT2022006323,EXPORT,BMCT,VC202200401
CONT2022006324,IMPORT,BMCT,VC202200401
CONT2022006325,EXPORT,BMCT,VC202200401
CONT2022006326,EXPORT,BMCT,VC202200401
CONT2022006327,EXPORT,BMCT,VC202200401
CONT2022006328,IMPORT,BMCT,VC202200401
CONT2022006329,IMPORT,BMCT,VC202200401
CONT2022006330,IMPORT,BMCT,VC202200401
CONT2022006331,IMPORT,BMCT,VC202200401
CONT2022006332,EXPORT,BMCT,VC202200402
CONT2022006333,EXPORT,BMCT,VC202200402
CONT2022006334,IMPORT,BMCT,VC202200402
CONT2022006335,IMPORT,BMCT,VC202200402
CONT2022006336,IMPORT,BMCT,VC202200402
CONT2022006337,EXPORT,BMCT,VC202200402
CONT2022006338,EXPORT,BMCT,VC202200402
CONT2022006339,EXPORT,BMCT,VC202200402
CONT2022006340,IMPORT,BMCT,VC202200402
CONT2022006341,IMPORT,BMCT,VC202200402
CONT2022006342,EXPORT,BMCT,VC202200402
CONT2022006343,EXPORT,BMCT,VC202200402
CONT2022006344,EXPORT,BMCT,VC202200402
CONT2022006345,IMPORT,BMCT,VC202200402
CONT2022006346,IMPORT,NSICT,VC202200403
CONT2022006347,EXPORT,NSICT,VC202200403
CONT2022006348,IMPORT,NSICT,VC202200403
CONT2022006349,EXPORT,NSICT,VC202200403
CONT2022006350,EXPORT,NSICT,VC202200403
CONT2022006351,IMPORT,NSICT,VC202200403
CONT2022006352,EXPORT,NSICT,VC202200403
CONT2022006353,EXPORT,NSICT,VC202200403
CONT2022006354,IMPORT,NSICT,VC202200403
CONT2022006355,IMPORT,NSICT,VC202200403
CONT2022006356,EXPORT,NSICT,VC202200403
CONT2022006357,IMPORT,NSICT,VC202200403
CONT2022006358,IMPORT,NSICT,VC202200403
CONT2022006359,EXPORT,NSICT,VC202200403
CONT2022006360,IMPORT,NSIGT,VC202200404
CONT2022006361,IMPORT,NSIGT,VC202200404
CONT2022006362,EXPORT,NSIGT,VC202200404
CONT2022006363,EXPORT,NSIGT,VC202200404
CONT2022006364,EXPORT,NSIGT,VC202200404
CONT2022006365,IMPORT,NSIGT,VC202200404
CONT2022006366,IMPORT,NSIGT,VC202200404
CONT2022006367,IMPORT,NSIGT,VC202200404
CONT2022006368,EXPORT,NSIGT,VC202200404
CONT2022006369,IMPORT,NSIGT,VC202200404
CONT2022006370,EXPORT,NSIGT,VC202200404
CONT2022006371,IMPORT,NSFT,VC202200405
CONT2022006372,IMPORT,NSFT,VC202200405
CONT2022006373,EXPORT,NSFT,VC202200405
CONT2022006374,EXPORT,NSFT,VC202200405
CONT2022006375,IMPORT,NSFT,VC202200405
CONT2022006376,EXPORT,NSFT,VC202200405
CONT2022006377,EXPORT,NSFT,VC202200405
CONT2022006378,IMPORT,NSFT,VC202200405
CONT2022006379,EXPORT,NSFT,VC202200405
CONT2022006380,EXPORT,NSFT,VC202200405
CONT2022006381,EXPORT,NSFT,VC202200405
CONT2022006382,EXPORT,NSFT,VC202200405
CONT2022006383,EXPORT,NSFT,VC202200405
CONT2022006384,IMPORT,NSFT,VC202200405
CONT2022006385,IMPORT,NSFT,VC202200405
CONT2022006386,EXPORT,NSFT,VC202200405
CONT2022006387,EXPORT,NSFT,VC202200405
CONT2022006388,EXPORT,NSFT,VC202200405
CONT2022006389,IMPORT,NSFT,VC202200405
CONT2022006390,IMPORT,NSICT,VC202200406
CONT2022006391,IMPORT,NSICT,VC202200406
CONT2022006392,EXPORT,NSICT,VC202200406
CONT2022006393,IMPORT,NSICT,VC202200406
CONT2022006394,IMPORT,NSICT,VC202200406
CONT2022006395,EXPORT,NSICT,VC202200406
CONT2022006396,EXPORT,NSICT,VC202200406
CONT2022006397,IMPORT,NSICT,VC202200406
CONT2022006398,IMPORT,GTI,VC202200407
CONT2022006399,IMPORT,GTI,VC202200407
CONT2022006400,IMPORT,GTI,VC202200407
CONT2022006401,EXPORT,GTI,VC202200407
CONT2022006402,IMPORT,GTI,VC202200407
CONT2022006403,EXPORT,GTI,VC202200407
CONT2022006404,IMPORT,GTI,VC202200407
CONT2022006405,EXPORT,GTI,VC202200407
CONT2022006406,IMPORT,GTI,VC202200407
CONT2022006407,IMPORT,GTI,VC202200407
CONT2022006408,EXPORT,GTI,VC202200407
CONT2022006409,IMPORT,GTI,VC202200407
CONT2022006410,EXPORT,NSIGT,VC202200408
CONT2022006411,IMPORT,NSIGT,VC202200408
CONT2022006412,IMPORT,NSIGT,VC202200408
CONT2022006413,EXPORT,NSIGT,VC202200408
CONT2022006414,EXPORT,NSIGT,VC202200408
CONT2022006415,IMPORT,NSIGT,VC202200408
CONT2022006416,EXPORT,NSIGT,VC202200408
CONT2022006417,IMPORT,NSIGT,VC202200408
CONT2022006418,IMPORT,NSIGT,VC202200408
CONT2022006419,EXPORT,NSIGT,VC202200408
CONT2022006420,EXPORT,NSIGT,VC202200408
CONT2022006421,EXPORT,NSIGT,VC202200408
CONT2022006422,IMPORT,NSIGT,VC202200408
CONT2022006423,IMPORT,NSIGT,VC202200408
CONT2022006424,IMPORT,NSIGT,VC202200409
CONT2022006425,EXPORT,NSIGT,VC202200409
CONT2022006426,EXPORT,NSIGT,VC202200409
CONT2022006427,IMPORT,NSIGT,VC202200409
CONT2022006428,EXPORT,NSIGT,VC202200409
CONT2022006429,EXPORT,NSIGT,VC202200409
CONT2022006430,EXPORT,NSIGT,VC202200409
CONT2022006431,EXPORT,NSIGT,VC202200409
CONT2022006432,IMPORT,NSIGT,VC202200409
CONT2022006433,IMPORT,NSIGT,VC202200409
CONT2022006434,EXPORT,NSIGT,VC202200409
CONT2022006435,IMPORT,NSIGT,VC202200409
CONT2022006436,IMPORT,NSIGT,VC202200409
CONT2022006437,EXPORT,NSIGT,VC202200409
CONT2022006438,EXPORT,NSIGT,VC202200409
CONT2022006439,EXPORT,NSIGT,VC202200409
CONT2022006440,EXPORT,NSIGT,VC202200409
CONT2022006441,EXPORT,NSIGT,VC202200409
CONT2022006442,EXPORT,GTI,VC202200410
CONT2022006443,EXPORT,GTI,VC202200410
CONT2022006444,IMPORT,GTI,VC202200410
CONT2022006445,IMPORT,GTI,VC202200410
CONT2022006446,EXPORT,GTI,VC202200410
CONT2022006447,IMPORT,GTI,VC202200410
CONT2022006448,EXPORT,GTI,VC202200410
CONT2022006449,IMPORT,GTI,VC202200410
CONT2022006450,IMPORT,GTI,VC202200410
CONT2022006451,EXPORT,GTI,VC202200410
CONT2022006452,EXPORT,GTI,VC202200410
CONT2022006453,IMPORT,GTI,VC202200410
CONT2022006454,EXPORT,GTI,VC202200410
CONT2022006455,EXPORT,GTI,VC202200410
CONT2022006456,EXPORT,GTI,VC202200410
CONT2022006457,EXPORT,GTI,VC202200410
CONT2022006458,IMPORT,GTI,VC202200410
CONT2022006459,IMPORT,GTI,VC202200410
CONT2022006460,IMPORT,GTI,VC202200410
CONT2022006461,IMPORT,GTI,VC202200410
CONT2022006462,IMPORT,GTI,VC202200411
CONT2022006463,EXPORT,GTI,VC202200411
CONT2022006464,IMPORT,GTI,VC202200411
CONT2022006465,IMPORT,GTI,VC202200411
CONT2022006466,IMPORT,GTI,VC202200411
CONT2022006467,IMPORT,GTI,VC202200411
CONT2022006468,IMPORT,GTI,VC202200411
CONT2022006469,EXPORT,NSICT,VC202200412
CONT2022006470,IMPORT,NSICT,VC202200412
CONT2022006471,EXPORT,NSICT,VC202200412
CONT2022006472,IMPORT,NSICT,VC202200412
CONT2022006473,IMPORT,NSICT,VC202200412
CONT2022006474,IMPORT,NSICT,VC202200412
CONT2022006475,IMPORT,NSIGT,VC202200413
CONT2022006476,EXPORT,NSIGT,VC202200413
CONT2022006477,IMPORT,NSIGT,VC202200413
CONT2022006478,IMPORT,NSIGT,VC202200413
CONT2022006479,IMPORT,NSIGT,VC202200413
CONT2022006480,EXPORT,NSIGT,VC202200413
CONT2022006481,IMPORT,NSIGT,VC202200413
CONT2022006482,EXPORT,NSIGT,VC202200413
CONT2022006483,EXPORT,NSIGT,VC202200413
CONT2022006484,IMPORT,NSIGT,VC202200413
CONT2022006485,IMPORT,NSIGT,VC202200413
CONT2022006486,EXPORT,NSIGT,VC202200413
CONT2022006487,IMPORT,NSIGT,VC202200413
CONT2022006488,EXPORT,NSIGT,VC202200413
CONT2022006489,IMPORT,NSIGT,VC202200413
CONT2022006490,IMPORT,NSIGT,VC202200413
CONT2022006491,IMPORT,NSIGT,VC202200413
CONT2022006492,EXPORT,NSIGT,VC202200413
CONT2022006493,EXPORT,NSIGT,VC202200413
CONT2022006494,IMPORT,NSIGT,VC202200413
CONT2022006495,IMPORT,NSIGT,VC202200413
CONT2022006496,IMPORT,NSIGT,VC202200413
CONT2022006497,IMPORT,NSIGT,VC202200413
CONT2022006498,IMPORT,NSIGT,VC202200413
CONT2022006499,IMPORT,NSIGT,VC202200413
CONT2022006500,EXPORT,NSIGT,VC202200413
CONT2022006501,EXPORT,NSIGT,VC202200413
CONT2022006502,IMPORT,NSIGT,VC202200414
CONT2022006503,IMPORT,NSIGT,VC202200414
CONT2022006504,IMPORT,NSIGT,VC202200414
CONT2022006505,EXPORT,NSIGT,VC202200414
CONT2022006506,IMPORT,NSIGT,VC202200414
CONT2022006507,EXPORT,NSIGT,VC202200414
CONT2022006508,EXPORT,NSIGT,VC202200414
CONT2022006509,EXPORT,NSIGT,VC202200414
CONT2022006510,EXPORT,NSIGT,VC202200414
CONT2022006511,EXPORT,NSIGT,VC202200414
CONT2022006512,EXPORT,NSIGT,VC202200414
CONT2022006513,IMPORT,NSIGT,VC202200414
CONT2022006514,IMPORT,NSIGT,VC202200414
CONT2022006515,EXPORT,NSIGT,VC202200414
CONT2022006516,IMPORT,NSIGT,VC202200414
CONT2022006517,EXPORT,NSIGT,VC202200414
CONT2022006518,IMPORT,NSFT,VC202200415
CONT2022006519,IMPORT,NSFT,VC202200415
CONT2022006520,EXPORT,NSFT,VC202200415
CONT2022006521,IMPORT,NSFT,VC202200415
CONT2022006522,EXPORT,NSFT,VC202200415
CONT2022006523,EXPORT,NSFT,VC202200415
CONT2022006524,EXPORT,NSFT,VC202200415
CONT2022006525,EXPORT,NSFT,VC202200415
CONT2022006526,EXPORT,NSFT,VC202200415
CONT2022006527,EXPORT,BMCT,VC202200416
CONT2022006528,IMPORT,BMCT,VC202200416
CONT2022006529,IMPORT,BMCT,VC202200416
CONT2022006530,IMPORT,BMCT,VC202200416
CONT2022006531,IMPORT,BMCT,VC202200416
CONT2022006532,IMPORT,BMCT,VC202200416
CONT2022006533,EXPORT,BMCT,VC202200416
CONT2022006534,EXPORT,BMCT,VC202200416
CONT2022006535,IMPORT,BMCT,VC202200416
CONT2022006536,IMPORT,BMCT,VC202200416
CONT2022006537,IMPORT,BMCT,VC202200416
CONT2022006538,EXPORT,BMCT,VC202200416
CONT2022006539,EXPORT,BMCT,VC202200416
CONT2022006540,EXPORT,BMCT,VC202200416
CONT2022006541,EXPORT,BMCT,VC202200416
CONT2022006542,EXPORT,BMCT,VC202200416
CONT2022006543,EXPORT,BMCT,VC202200416
CONT2022006544,EXPORT,BMCT,VC202200416
CONT2022006545,IMPORT,BMCT,VC202200416
CONT2022006546,IMPORT,BMCT,VC202200416
CONT2022006547,EXPORT,BMCT,VC202200416
CONT2022006548,IMPORT,BMCT,VC202200416
CONT2022006549,EXPORT,BMCT,VC202200416
CONT2022006550,EXPORT,BMCT,VC202200416
CONT2022006551,IMPORT,BMCT,VC202200416
CONT2022006552,EXPORT,BMCT,VC202200416
CONT2022006553,EXPORT,BMCT,VC202200416
CONT2022006554,IMPORT,BMCT,VC202200416
CONT2022006555,EXPORT,BMCT,VC202200416
CONT2022006556,IMPORT,BMCT,VC202200416
CONT2022006557,IMPORT,BMCT,VC202200416
CONT2022006558,EXPORT,BMCT,VC202200416
CONT2022006559,EXPORT,GTI,VC202200417
CONT2022006560,IMPORT,GTI,VC202200417
CONT2022006561,EXPORT,GTI,VC202200417
CONT2022006562,EXPORT,GTI,VC202200417
CONT2022006563,IMPORT,GTI,VC202200417
CONT2022006564,EXPORT,GTI,VC202200417
CONT2022006565,IMPORT,GTI,VC202200417
CONT2022006566,IMPORT,GTI,VC202200417
CONT2022006567,IMPORT,GTI,VC202200417
CONT2022006568,EXPORT,GTI,VC202200417
CONT2022006569,EXPORT,GTI,VC202200417
CONT2022006570,IMPORT,GTI,VC202200417
CONT2022006571,IMPORT,GTI,VC202200417
CONT2022006572,EXPORT,GTI,VC202200417
CONT2022006573,IMPORT,NSFT,VC202200418
CONT2022006574,EXPORT,NSFT,VC202200418
CONT2022006575,IMPORT,NSFT,VC202200418
CONT2022006576,EXPORT,NSFT,VC202200418
CONT2022006577,EXPORT,NSFT,VC202200418
CONT2022006578,EXPORT,NSFT,VC202200418
CONT2022006579,IMPORT,NSFT,VC202200418
CONT2022006580,IMPORT,NSFT,VC202200418
CONT2022006581,IMPORT,NSFT,VC202200418
CONT2022006582,EXPORT,NSFT,VC202200418
CONT2022006583,IMPORT,NSFT,VC202200418
CONT2022006584,IMPORT,NSFT,VC202200418
CONT2022006585,EXPORT,NSFT,VC202200418
CONT2022006586,EXPORT,NSFT,VC202200418
CONT2022006587,EXPORT,NSFT,VC202200418
CONT2022006588,IMPORT,NSFT,VC202200418
CONT2022006589,EXPORT,NSFT,VC202200418
CONT2022006590,IMPORT,NSFT,VC202200418
CONT2022006591,IMPORT,NSFT,VC202200418
CONT2022006592,IMPORT,NSFT,VC202200418
CONT2022006593,IMPORT,NSFT,VC202200418
CONT2022006594,EXPORT,NSFT,VC202200418
CONT2022006595,EXPORT,NSFT,VC202200418
CONT2022006596,EXPORT,NSFT,VC202200418
CONT2022006597,IMPORT,NSFT,VC202200418
CONT2022006598,EXPORT,NSFT,VC202200418
CONT2022006599,IMPORT,NSIGT,VC202200419
CONT2022006600,EXPORT,NSIGT,VC202200419
CONT2022006601,EXPORT,NSIGT,VC202200419
CONT2022006602,IMPORT,NSIGT,VC202200419
CONT2022006603,IMPORT,NSIGT,VC202200419
CONT2022006604,EXPORT,NSIGT,VC202200419
CONT2022006605,EXPORT,NSIGT,VC202200419
CONT2022006606,IMPORT,NSIGT,VC202200419
CONT2022006607,EXPORT,NSIGT,VC202200419
CONT2022006608,IMPORT,NSIGT,VC202200419
CONT2022006609,EXPORT,NSIGT,VC202200419
CONT2022006610,IMPORT,NSIGT,VC202200419
CONT2022006611,IMPORT,NSIGT,VC202200419
CONT2022006612,IMPORT,NSIGT,VC202200419
CONT2022006613,IMPORT,GTI,VC202200420
CONT2022006614,EXPORT,GTI,VC202200420
CONT2022006615,EXPORT,GTI,VC202200420
CONT2022006616,IMPORT,GTI,VC202200420
CONT2022006617,IMPORT,GTI,VC202200420
CONT2022006618,EXPORT,GTI,VC202200420
CONT2022006619,EXPORT,GTI,VC202200420
CONT2022006620,IMPORT,GTI,VC202200420
CONT2022006621,IMPORT,GTI,VC202200420
CONT2022006622,IMPORT,GTI,VC202200420
CONT2022006623,IMPORT,GTI,VC202200420
CONT2022006624,EXPORT,GTI,VC202200420
CONT2022006625,EXPORT,GTI,VC202200420
CONT2022006626,EXPORT,GTI,VC202200420
CONT2022006627,EXPORT,GTI,VC202200420
CONT2022006628,EXPORT,GTI,VC202200420
CONT2022006629,IMPORT,GTI,VC202200420
CONT2022006630,EXPORT,GTI,VC202200420
CONT2022006631,EXPORT,GTI,VC202200420
CONT2022006632,EXPORT,GTI,VC202200420
CONT2022006633,EXPORT,GTI,VC202200420
CONT2022006634,EXPORT,GTI,VC202200420
CONT2022006635,IMPORT,GTI,VC202200420
CONT2022006636,IMPORT,GTI,VC202200420
CONT2022006637,IMPORT,GTI,VC202200420
CONT2022006638,EXPORT,GTI,VC202200420
CONT2022006639,IMPORT,GTI,VC202200420
CONT2022006640,EXPORT,GTI,VC202200420
CONT2022006641,IMPORT,GTI,VC202200420
CONT2022006642,IMPORT,GTI,VC202200420
CONT2022006643,EXPORT,GTI,VC202200420
CONT2022006644,EXPORT,GTI,VC202200420
CONT2022006645,IMPORT,GTI,VC202200420
CONT2022006646,IMPORT,GTI,VC202200420
CONT2022006647,IMPORT,GTI,VC202200420
CONT2022006648,IMPORT,GTI,VC202200420
CONT2022006649,IMPORT,GTI,VC202200420
CONT2022006650,IMPORT,GTI,VC202200420
CONT2022006651,IMPORT,GTI,VC202200420
CONT2022006652,IMPORT,GTI,VC202200420
CONT2022006653,EXPORT,GTI,VC202200420
CONT2022006654,EXPORT,GTI,VC202200420
CONT2022006655,EXPORT,NSICT,VC202200421
CONT2022006656,EXPORT,NSICT,VC202200421
CONT2022006657,EXPORT,NSICT,VC202200421
CONT2022006658,EXPORT,NSICT,VC202200421
CONT2022006659,EXPORT,NSICT,VC202200421
CONT2022006660,IMPORT,NSICT,VC202200421
CONT2022006661,EXPORT,NSICT,VC202200421
CONT2022006662,EXPORT,NSICT,VC202200421
CONT2022006663,IMPORT,NSICT,VC202200421
CONT2022006664,EXPORT,NSICT,VC202200421
CONT2022006665,IMPORT,NSICT,VC202200421
CONT2022006666,EXPORT,NSICT,VC202200421
CONT2022006667,IMPORT,NSICT,VC202200421
CONT2022006668,EXPORT,NSICT,VC202200421
CONT2022006669,EXPORT,NSICT,VC202200421
CONT2022006670,IMPORT,NSICT,VC202200421
CONT2022006671,EXPORT,NSICT,VC202200421
CONT2022006672,EXPORT,NSICT,VC202200421
CONT2022006673,EXPORT,NSICT,VC202200421
CONT2022006674,EXPORT,NSICT,VC202200421
CONT2022006675,IMPORT,NSICT,VC202200421
CONT2022006676,IMPORT,NSICT,VC202200421
CONT2022006677,EXPORT,NSICT,VC202200421
CONT2022006678,IMPORT,NSICT,VC202200421
CONT2022006679,EXPORT,NSICT,VC202200421
CONT2022006680,IMPORT,NSICT,VC202200421
CONT2022006681,IMPORT,NSICT,VC202200421
CONT2022006682,IMPORT,NSICT,VC202200421
CONT2022006683,EXPORT,NSICT,VC202200421
CONT2022006684,IMPORT,NSICT,VC202200421
CONT2022006685,IMPORT,NSICT,VC202200421
CONT2022006686,IMPORT,NSICT,VC202200421
CONT2022006687,EXPORT,NSICT,VC202200421
CONT2022006688,IMPORT,NSICT,VC202200421
CONT2022006689,IMPORT,NSICT,VC202200421
CONT2022006690,EXPORT,BMCT,VC202200422
CONT2022006691,EXPORT,BMCT,VC202200422
CONT2022006692,IMPORT,BMCT,VC202200422
CONT2022006693,IMPORT,BMCT,VC202200422
CONT2022006694,IMPORT,BMCT,VC202200422
CONT2022006695,IMPORT,BMCT,VC202200422
CONT2022006696,EXPORT,BMCT,VC202200422
CONT2022006697,IMPORT,BMCT,VC202200422
CONT2022006698,EXPORT,BMCT,VC202200422
CONT2022006699,IMPORT,BMCT,VC202200422
CONT2022006700,EXPORT,BMCT,VC202200422
CONT2022006701,EXPORT,BMCT,VC202200422
CONT2022006702,EXPORT,BMCT,VC202200423
CONT2022006703,IMPORT,BMCT,VC202200423
CONT2022006704,IMPORT,BMCT,VC202200423
CONT2022006705,IMPORT,BMCT,VC202200423
CONT2022006706,EXPORT,BMCT,VC202200423
CONT2022006707,IMPORT,BMCT,VC202200423
CONT2022006708,IMPORT,BMCT,VC202200423
CONT2022006709,IMPORT,BMCT,VC202200423
CONT2022006710,IMPORT,BMCT,VC202200423
CONT2022006711,IMPORT,BMCT,VC202200423
CONT2022006712,EXPORT,BMCT,VC202200423
CONT2022006713,IMPORT,BMCT,VC202200423
CONT2022006714,EXPORT,BMCT,VC202200423
CONT2022006715,EXPORT,BMCT,VC202200423
CONT2022006716,IMPORT,BMCT,VC202200423
CONT2022006717,IMPORT,BMCT,VC202200423
CONT2022006718,IMPORT,BMCT,VC202200423
CONT2022006719,IMPORT,BMCT,VC202200423
CONT2022006720,IMPORT,BMCT,VC202200423
CONT2022006721,IMPORT,BMCT,VC202200423
CONT2022006722,EXPORT,BMCT,VC202200423
CONT2022006723,IMPORT,BMCT,VC202200423
CONT2022006724,IMPORT,BMCT,VC202200423
CONT2022006725,EXPORT,NSFT,VC202200424
CONT2022006726,IMPORT,NSFT,VC202200424
CONT2022006727,IMPORT,NSFT,VC202200424
CONT2022006728,EXPORT,NSFT,VC202200424
CONT2022006729,IMPORT,NSFT,VC202200424
CONT2022006730,EXPORT,NSFT,VC202200424
CONT2022006731,IMPORT,NSFT,VC202200424
CONT2022006732,EXPORT,NSFT,VC202200424
CONT2022006733,EXPORT,NSFT,VC202200424
CONT2022006734,EXPORT,NSFT,VC202200424
CONT2022006735,IMPORT,NSFT,VC202200424
CONT2022006736,IMPORT,NSFT,VC202200424
CONT2022006737,EXPORT,NSFT,VC202200424
CONT2022006738,EXPORT,NSFT,VC202200424
CONT2022006739,EXPORT,NSFT,VC202200424
CONT2022006740,EXPORT,NSFT,VC202200424
CONT2022006741,EXPORT,NSFT,VC202200424
CONT2022006742,EXPORT,NSFT,VC202200424
CONT2022006743,IMPORT,NSFT,VC202200424
CONT2022006744,IMPORT,GTI,VC202200425
CONT2022006745,IMPORT,GTI,VC202200425
CONT2022006746,IMPORT,GTI,VC202200425
CONT2022006747,EXPORT,GTI,VC202200425
CONT2022006748,EXPORT,GTI,VC202200425
CONT2022006749,IMPORT,GTI,VC202200425
CONT2022006750,EXPORT,GTI,VC202200425
CONT2022006751,IMPORT,GTI,VC202200425
CONT2022006752,EXPORT,GTI,VC202200425
CONT2022006753,IMPORT,GTI,VC202200425
CONT2022006754,EXPORT,GTI,VC202200425
CONT2022006755,EXPORT,GTI,VC202200425
CONT2022006756,EXPORT,GTI,VC202200425
CONT2022006757,EXPORT,GTI,VC202200425
CONT2022006758,IMPORT,GTI,VC202200425
CONT2022006759,EXPORT,GTI,VC202200425
CONT2022006760,IMPORT,GTI,VC202200425
CONT2022006761,IMPORT,GTI,VC202200425
CONT2022006762,EXPORT,GTI,VC202200425
CONT2022006763,IMPORT,GTI,VC202200425
CONT2022006764,IMPORT,GTI,VC202200425
CONT2022006765,IMPORT,GTI,VC202200425
CONT2022006766,IMPORT,GTI,VC202200425
CONT2022006767,EXPORT,GTI,VC202200425
CONT2022006768,IMPORT,GTI,VC202200425
CONT2022006769,IMPORT,GTI,VC202200425
CONT2022006770,IMPORT,GTI,VC202200425
CONT2022006771,EXPORT,GTI,VC202200425
CONT2022006772,IMPORT,GTI,VC202200425
CONT2022006773,EXPORT,NSIGT,VC202200426
CONT2022006774,IMPORT,NSIGT,VC202200426
CONT2022006775,IMPORT,NSIGT,VC202200426
CONT2022006776,EXPORT,NSIGT,VC202200426
CONT2022006777,IMPORT,NSIGT,VC202200426
CONT2022006778,EXPORT,NSIGT,VC202200426
CONT2022006779,EXPORT,NSIGT,VC202200426
CONT2022006780,EXPORT,NSIGT,VC202200426
CONT2022006781,IMPORT,NSICT,VC202200427
CONT2022006782,EXPORT,NSICT,VC202200427
CONT2022006783,IMPORT,NSICT,VC202200427
CONT2022006784,IMPORT,NSICT,VC202200427
CONT2022006785,IMPORT,NSICT,VC202200427
CONT2022006786,IMPORT,NSICT,VC202200427
CONT2022006787,EXPORT,NSICT,VC202200427
CONT2022006788,EXPORT,NSICT,VC202200427
CONT2022006789,IMPORT,NSICT,VC202200427
CONT2022006790,IMPORT,NSICT,VC202200427
CONT2022006791,EXPORT,NSICT,VC202200427
CONT2022006792,EXPORT,NSICT,VC202200427
CONT2022006793,EXPORT,NSICT,VC202200427
CONT2022006794,EXPORT,NSICT,VC202200427
CONT2022006795,IMPORT,NSICT,VC202200427
CONT2022006796,IMPORT,NSICT,VC202200427
CONT2022006797,IMPORT,NSICT,VC202200427
CONT2022006798,EXPORT,NSICT,VC202200427
CONT2022006799,EXPORT,NSICT,VC202200427
CONT2022006800,IMPORT,NSICT,VC202200427
CONT2022006801,IMPORT,NSIGT,VC202200428
CONT2022006802,EXPORT,NSIGT,VC202200428
CONT2022006803,EXPORT,NSIGT,VC202200428
CONT2022006804,EXPORT,NSIGT,VC202200428
CONT2022006805,EXPORT,NSIGT,VC202200428
CONT2022006806,IMPORT,NSIGT,VC202200428
CONT2022006807,IMPORT,NSIGT,VC202200428
CONT2022006808,IMPORT,NSIGT,VC202200428
CONT2022006809,EXPORT,NSIGT,VC202200428
CONT2022006810,EXPORT,NSIGT,VC202200428
CONT2022006811,EXPORT,NSIGT,VC202200428
CONT2022006812,EXPORT,NSIGT,VC202200428
CONT2022006813,EXPORT,NSIGT,VC202200428
CONT2022006814,EXPORT,NSIGT,VC202200428
CONT2022006815,IMPORT,NSIGT,VC202200428
CONT2022006816,EXPORT,NSIGT,VC202200428
CONT2022006817,IMPORT,NSIGT,VC202200428
CONT2022006818,IMPORT,NSIGT,VC202200428
CONT2022006819,IMPORT,NSIGT,VC202200428
CONT2022006820,IMPORT,NSIGT,VC202200428
CONT2022006821,IMPORT,NSIGT,VC202200428
CONT2022006822,EXPORT,NSIGT,VC202200428
CONT2022006823,IMPORT,NSIGT,VC202200428
CONT2022006824,EXPORT,NSIGT,VC202200428
CONT2022006825,IMPORT,NSIGT,VC202200429
CONT2022006826,IMPORT,NSIGT,VC202200429
CONT2022006827,EXPORT,NSIGT,VC202200429
CONT2022006828,EXPORT,NSIGT,VC202200429
CONT2022006829,EXPORT,NSIGT,VC202200429
CONT2022006830,IMPORT,NSIGT,VC202200429
CONT2022006831,EXPORT,BMCT,VC202200430
CONT2022006832,EXPORT,BMCT,VC202200430
CONT2022006833,IMPORT,BMCT,VC202200430
CONT2022006834,IMPORT,BMCT,VC202200430
CONT2022006835,EXPORT,BMCT,VC202200430
CONT2022006836,IMPORT,BMCT,VC202200430
CONT2022006837,IMPORT,BMCT,VC202200430
CONT2022006838,EXPORT,NSICT,VC202200431
CONT2022006839,IMPORT,NSICT,VC202200431
CONT2022006840,IMPORT,NSICT,VC202200431
CONT2022006841,IMPORT,NSICT,VC202200431
CONT2022006842,IMPORT,NSICT,VC202200431
CONT2022006843,IMPORT,NSICT,VC202200431
CONT2022006844,EXPORT,GTI,VC202200432
CONT2022006845,IMPORT,GTI,VC202200432
CONT2022006846,IMPORT,GTI,VC202200432
CONT2022006847,IMPORT,GTI,VC202200432
CONT2022006848,EXPORT,GTI,VC202200432
CONT2022006849,EXPORT,GTI,VC202200432
CONT2022006850,EXPORT,GTI,VC202200432
CONT2022006851,EXPORT,GTI,VC202200432
CONT2022006852,IMPORT,GTI,VC202200432
CONT2022006853,IMPORT,GTI,VC202200432
CONT2022006854,IMPORT,GTI,VC202200432
CONT2022006855,IMPORT,GTI,VC202200432
CONT2022006856,IMPORT,GTI,VC202200433
CONT2022006857,EXPORT,GTI,VC202200433
CONT2022006858,EXPORT,GTI,VC202200433
CONT2022006859,IMPORT,GTI,VC202200433
CONT2022006860,EXPORT,GTI,VC202200433
CONT2022006861,EXPORT,GTI,VC202200433
CONT2022006862,IMPORT,GTI,VC202200433
CONT2022006863,IMPORT,GTI,VC202200433
CONT2022006864,IMPORT,GTI,VC202200433
CONT2022006865,EXPORT,GTI,VC202200433
CONT2022006866,EXPORT,GTI,VC202200433
CONT2022006867,IMPORT,GTI,VC202200433
CONT2022006868,IMPORT,GTI,VC202200433
CONT2022006869,IMPORT,GTI,VC202200433
CONT2022006870,IMPORT,GTI,VC202200433
CONT2022006871,IMPORT,GTI,VC202200433
CONT2022006872,EXPORT,GTI,VC202200433
CONT2022006873,EXPORT,GTI,VC202200433
CONT2022006874,EXPORT,GTI,VC202200433
CONT2022006875,IMPORT,GTI,VC202200433
CONT2022006876,IMPORT,GTI,VC202200434
CONT2022006877,EXPORT,GTI,VC202200434
CONT2022006878,EXPORT,GTI,VC202200434
CONT2022006879,EXPORT,GTI,VC202200434
CONT2022006880,EXPORT,GTI,VC202200434
CONT2022006881,EXPORT,GTI,VC202200434
CONT2022006882,EXPORT,GTI,VC202200434
CONT2022006883,EXPORT,GTI,VC202200434
CONT2022006884,IMPORT,GTI,VC202200434
CONT2022006885,EXPORT,GTI,VC202200434
CONT2022006886,IMPORT,GTI,VC202200434
CONT2022006887,IMPORT,GTI,VC202200434
CONT2022006888,IMPORT,GTI,VC202200434
CONT2022006889,EXPORT,GTI,VC202200434
CONT2022006890,EXPORT,GTI,VC202200434
CONT2022006891,EXPORT,GTI,VC202200434
CONT2022006892,EXPORT,GTI,VC202200434
CONT2022006893,IMPORT,GTI,VC202200434
CONT2022006894,EXPORT,GTI,VC202200434
CONT2022006895,IMPORT,GTI,VC202200434
CONT2022006896,IMPORT,GTI,VC202200434
CONT2022006897,IMPORT,GTI,VC202200434
CONT2022006898,IMPORT,GTI,VC202200434
CONT2022006899,EXPORT,GTI,VC202200434
CONT2022006900,IMPORT,GTI,VC202200434
CONT2022006901,EXPORT,GTI,VC202200434
CONT2022006902,IMPORT,GTI,VC202200434
CONT2022006903,IMPORT,GTI,VC202200434
CONT2022006904,EXPORT,GTI,VC202200434
CONT2022006905,EXPORT,GTI,VC202200434
CONT2022006906,EXPORT,GTI,VC202200434
CONT2022006907,EXPORT,GTI,VC202200435
CONT2022006908,IMPORT,GTI,VC202200435
CONT2022006909,IMPORT,GTI,VC202200435
CONT2022006910,EXPORT,GTI,VC202200435
CONT2022006911,EXPORT,GTI,VC202200435
CONT2022006912,IMPORT,GTI,VC202200435
CONT2022006913,IMPORT,GTI,VC202200435
CONT2022006914,EXPORT,GTI,VC202200435
CONT2022006915,IMPORT,GTI,VC202200435
CONT2022006916,IMPORT,GTI,VC202200435
CONT2022006917,IMPORT,GTI,VC202200435
CONT2022006918,IMPORT,GTI,VC202200435
CONT2022006919,IMPORT,GTI,VC202200435
CONT2022006920,IMPORT,GTI,VC202200435
CONT2022006921,EXPORT,GTI,VC202200436
CONT2022006922,EXPORT,GTI,VC202200436
CONT2022006923,IMPORT,GTI,VC202200436
CONT2022006924,IMPORT,GTI,VC202200436
CONT2022006925,IMPORT,GTI,VC202200436
CONT2022006926,EXPORT,GTI,VC202200436
CONT2022006927,IMPORT,GTI,VC202200436
CONT2022006928,IMPORT,GTI,VC202200436
CONT2022006929,EXPORT,GTI,VC202200436
CONT2022006930,IMPORT,GTI,VC202200436
CONT2022006931,IMPORT,GTI,VC202200436
CONT2022006932,IMPORT,GTI,VC202200436
CONT2022006933,EXPORT,GTI,VC202200436
CONT2022006934,IMPORT,GTI,VC202200436
CONT2022006935,EXPORT,GTI,VC202200436
CONT2022006936,IMPORT,GTI,VC202200436
CONT2022006937,EXPORT,GTI,VC202200436
CONT2022006938,EXPORT,GTI,VC202200436
CONT2022006939,IMPORT,GTI,VC202200436
CONT2022006940,IMPORT,GTI,VC202200436
CONT2022006941,EXPORT,GTI,VC202200436
CONT2022006942,EXPORT,GTI,VC202200436
CONT2022006943,EXPORT,GTI,VC202200436
CONT2022006944,IMPORT,GTI,VC202200436
CONT2022006945,IMPORT,GTI,VC202200436
CONT2022006946,EXPORT,GTI,VC202200436
CONT2022006947,IMPORT,GTI,VC202200436
CONT2022006948,IMPORT,GTI,VC202200436
CONT2022006949,EXPORT,GTI,VC202200436
CONT2022006950,IMPORT,GTI,VC202200436
CONT2022006951,IMPORT,GTI,VC202200436
CONT2022006952,IMPORT,GTI,VC202200436
CONT2022006953,IMPORT,GTI,VC202200436
CONT2022006954,EXPORT,NSIGT,VC202200437
CONT2022006955,EXPORT,NSIGT,VC202200437
CONT2022006956,IMPORT,NSIGT,VC202200437
CONT2022006957,EXPORT,NSIGT,VC202200437
CONT2022006958,IMPORT,NSIGT,VC202200437
CONT2022006959,IMPORT,NSIGT,VC202200437
CONT2022006960,EXPORT,BMCT,VC202200438
CONT2022006961,EXPORT,BMCT,VC202200438
CONT2022006962,IMPORT,BMCT,VC202200438
CONT2022006963,IMPORT,BMCT,VC202200438
CONT2022006964,IMPORT,BMCT,VC202200438
CONT2022006965,IMPORT,BMCT,VC202200438
CONT2022006966,IMPORT,BMCT,VC202200439
CONT2022006967,EXPORT,BMCT,VC202200439
CONT2022006968,EXPORT,BMCT,VC202200439
CONT2022006969,IMPORT,BMCT,VC202200439
CONT2022006970,EXPORT,BMCT,VC202200439
CONT2022006971,EXPORT,BMCT,VC202200439
CONT2022006972,IMPORT,BMCT,VC202200439
CONT2022006973,EXPORT,BMCT,VC202200439
CONT2022006974,IMPORT,BMCT,VC202200439
CONT2022006975,EXPORT,BMCT,VC202200439
CONT2022006976,IMPORT,BMCT,VC202200439
CONT2022006977,IMPORT,BMCT,VC202200439
CONT2022006978,EXPORT,BMCT,VC202200439
CONT2022006979,EXPORT,NSIGT,VC202200440
CONT2022006980,EXPORT,NSIGT,VC202200440
CONT2022006981,EXPORT,NSIGT,VC202200440
CONT2022006982,EXPORT,NSIGT,VC202200440
CONT2022006983,IMPORT,NSIGT,VC202200440
CONT2022006984,EXPORT,NSIGT,VC202200440
CONT2022006985,IMPORT,NSIGT,VC202200440
CONT2022006986,IMPORT,NSIGT,VC202200440
CONT2022006987,IMPORT,NSIGT,VC202200440
CONT2022006988,EXPORT,NSIGT,VC202200440
CONT2022006989,IMPORT,NSIGT,VC202200440
CONT2022006990,EXPORT,NSIGT,VC202200440
CONT2022006991,IMPORT,NSIGT,VC202200440
CONT2022006992,EXPORT,NSIGT,VC202200440
CONT2022006993,EXPORT,NSIGT,VC202200440
CONT2022006994,IMPORT,NSIGT,VC202200440
CONT2022006995,EXPORT,NSIGT,VC202200440
CONT2022006996,IMPORT,BMCT,VC202200441
CONT2022006997,IMPORT,BMCT,VC202200441
CONT2022006998,IMPORT,BMCT,VC202200441
CONT2022006999,IMPORT,BMCT,VC202200441
CONT2022007000,IMPORT,BMCT,VC202200441
CONT2022007001,IMPORT,BMCT,VC202200441
CONT2022007002,IMPORT,BMCT,VC202200441
CONT2022007003,IMPORT,BMCT,VC202200441
CONT2022007004,EXPORT,BMCT,VC202200441
CONT2022007005,EXPORT,BMCT,VC202200441
CONT2022007006,IMPORT,BMCT,VC202200441
CONT2022007007,IMPORT,BMCT,VC202200441
CONT2022007008,IMPORT,BMCT,VC202200441
CONT2022007009,EXPORT,BMCT,VC202200442
CONT2022007010,IMPORT,BMCT,VC202200442
CONT2022007011,EXPORT,BMCT,VC202200442
CONT2022007012,EXPORT,BMCT,VC202200442
CONT2022007013,IMPORT,BMCT,VC202200442
CONT2022007014,IMPORT,BMCT,VC202200442
CONT2022007015,IMPORT,NSIGT,VC202200443
CONT2022007016,EXPORT,NSIGT,VC202200443
CONT2022007017,IMPORT,NSIGT,VC202200443
CONT2022007018,IMPORT,NSIGT,VC202200443
CONT2022007019,EXPORT,NSIGT,VC202200443
CONT2022007020,EXPORT,NSIGT,VC202200443
CONT2022007021,IMPORT,NSIGT,VC202200443
CONT2022007022,IMPORT,NSIGT,VC202200443
CONT2022007023,IMPORT,NSIGT,VC202200443
CONT2022007024,EXPORT,NSIGT,VC202200443
CONT2022007025,IMPORT,NSIGT,VC202200443
CONT2022007026,IMPORT,NSIGT,VC202200443
CONT2022007027,EXPORT,NSIGT,VC202200443
CONT2022007028,EXPORT,BMCT,VC202200444
CONT2022007029,IMPORT,BMCT,VC202200444
CONT2022007030,IMPORT,BMCT,VC202200444
CONT2022007031,IMPORT,BMCT,VC202200444
CONT2022007032,EXPORT,BMCT,VC202200444
CONT2022007033,IMPORT,BMCT,VC202200444
CONT2022007034,IMPORT,BMCT,VC202200444
CONT2022007035,EXPORT,GTI,VC202200445
CONT2022007036,EXPORT,GTI,VC202200445
CONT2022007037,IMPORT,GTI,VC202200445
CONT2022007038,IMPORT,GTI,VC202200445
CONT2022007039,EXPORT,GTI,VC202200445
CONT2022007040,IMPORT,GTI,VC202200445
CONT2022007041,IMPORT,GTI,VC202200445
CONT2022007042,EXPORT,GTI,VC202200445
CONT2022007043,IMPORT,GTI,VC202200445
CONT2022007044,EXPORT,GTI,VC202200445
CONT2022007045,IMPORT,GTI,VC202200445
CONT2022007046,EXPORT,GTI,VC202200445
CONT2022007047,EXPORT,GTI,VC202200445
CONT2022007048,EXPORT,GTI,VC202200445
CONT2022007049,IMPORT,GTI,VC202200445
CONT2022007050,EXPORT,GTI,VC202200445
CONT2022007051,EXPORT,GTI,VC202200445
CONT2022007052,EXPORT,GTI,VC202200445
CONT2022007053,EXPORT,GTI,VC202200445
CONT2022007054,IMPORT,GTI,VC202200445
CONT2022007055,EXPORT,GTI,VC202200446
CONT2022007056,IMPORT,GTI,VC202200446
CONT2022007057,EXPORT,GTI,VC202200446
CONT2022007058,EXPORT,GTI,VC202200446
CONT2022007059,EXPORT,GTI,VC202200446
CONT2022007060,EXPORT,GTI,VC202200446
CONT2022007061,EXPORT,GTI,VC202200446
CONT2022007062,IMPORT,GTI,VC202200446
CONT2022007063,EXPORT,GTI,VC202200446
CONT2022007064,EXPORT,GTI,VC202200446
CONT2022007065,EXPORT,GTI,VC202200446
CONT2022007066,EXPORT,GTI,VC202200446
CONT2022007067,EXPORT,GTI,VC202200446
CONT2022007068,IMPORT,GTI,VC202200446
CONT2022007069,IMPORT,GTI,VC202200446
CONT2022007070,IMPORT,GTI,VC202200446
CONT2022007071,IMPORT,GTI,VC202200446
CONT2022007072,IMPORT,GTI,VC202200447
CONT2022007073,IMPORT,GTI,VC202200447
CONT2022007074,EXPORT,GTI,VC202200447
CONT2022007075,EXPORT,GTI,VC202200447
CONT2022007076,IMPORT,GTI,VC202200447
CONT2022007077,EXPORT,GTI,VC202200447
CONT2022007078,EXPORT,GTI,VC202200447
CONT2022007079,EXPORT,GTI,VC202200447
CONT2022007080,IMPORT,NSIGT,VC202200448
CONT2022007081,EXPORT,NSIGT,VC202200448
CONT2022007082,EXPORT,NSIGT,VC202200448
CONT2022007083,IMPORT,NSIGT,VC202200448
CONT2022007084,EXPORT,NSIGT,VC202200448
CONT2022007085,IMPORT,NSIGT,VC202200448
CONT2022007086,IMPORT,NSIGT,VC202200448
CONT2022007087,IMPORT,NSIGT,VC202200448
CONT2022007088,IMPORT,NSIGT,VC202200448
CONT2022007089,EXPORT,NSIGT,VC202200448
CONT2022007090,IMPORT,NSFT,VC202200449
CONT2022007091,IMPORT,NSFT,VC202200449
CONT2022007092,IMPORT,NSFT,VC202200449
CONT2022007093,IMPORT,NSFT,VC202200449
CONT2022007094,EXPORT,NSFT,VC202200449
CONT2022007095,EXPORT,NSFT,VC202200449
CONT2022007096,EXPORT,NSFT,VC202200449
CONT2022007097,IMPORT,NSFT,VC202200449
CONT2022007098,EXPORT,GTI,VC202200450
CONT2022007099,IMPORT,GTI,VC202200450
CONT2022007100,IMPORT,GTI,VC202200450
CONT2022007101,IMPORT,GTI,VC202200450
CONT2022007102,IMPORT,GTI,VC202200450
CONT2022007103,EXPORT,GTI,VC202200450
CONT2022007104,IMPORT,GTI,VC202200450
CONT2022007105,IMPORT,GTI,VC202200450
CONT2022007106,IMPORT,GTI,VC202200450
CONT2022007107,IMPORT,GTI,VC202200450
CONT2022007108,EXPORT,GTI,VC202200450
CONT2022007109,IMPORT,GTI,VC202200450
CONT2022007110,EXPORT,GTI,VC202200450
CONT2022007111,EXPORT,NSICT,VC202200451
CONT2022007112,EXPORT,NSICT,VC202200451
CONT2022007113,EXPORT,NSICT,VC202200451
CONT2022007114,EXPORT,NSICT,VC202200451
CONT2022007115,EXPORT,NSICT,VC202200451
CONT2022007116,IMPORT,NSICT,VC202200451
CONT2022007117,EXPORT,NSICT,VC202200451
CONT2022007118,IMPORT,NSICT,VC202200451
CONT2022007119,EXPORT,NSICT,VC202200451
CONT2022007120,EXPORT,NSICT,VC202200451
CONT2022007121,IMPORT,NSICT,VC202200451
CONT2022007122,EXPORT,NSICT,VC202200451
CONT2022007123,IMPORT,NSICT,VC202200451
CONT2022007124,EXPORT,NSICT,VC202200451
CONT2022007125,EXPORT,NSICT,VC202200451
CONT2022007126,EXPORT,NSICT,VC202200451
CONT2022007127,EXPORT,NSICT,VC202200451
CONT2022007128,IMPORT,NSICT,VC202200451
CONT2022007129,IMPORT,NSICT,VC202200451
CONT2022007130,EXPORT,NSICT,VC202200451
CONT2022007131,IMPORT,NSICT,VC202200451
CONT2022007132,EXPORT,NSICT,VC202200451
CONT2022007133,EXPORT,NSICT,VC202200451
CONT2022007134,EXPORT,NSICT,VC202200452
CONT2022007135,IMPORT,NSICT,VC202200452
CONT2022007136,EXPORT,NSICT,VC202200452
CONT2022007137,IMPORT,NSICT,VC202200452
CONT2022007138,IMPORT,NSICT,VC202200452
CONT2022007139,EXPORT,NSICT,VC202200452
CONT2022007140,EXPORT,NSICT,VC202200452
CONT2022007141,IMPORT,NSICT,VC202200452
CONT2022007142,EXPORT,GTI,VC202200453
CONT2022007143,IMPORT,GTI,VC202200453
CONT2022007144,EXPORT,GTI,VC202200453
CONT2022007145,EXPORT,GTI,VC202200453
CONT2022007146,EXPORT,GTI,VC202200453
CONT2022007147,EXPORT,GTI,VC202200453
CONT2022007148,IMPORT,GTI,VC202200453
CONT2022007149,EXPORT,GTI,VC202200453
CONT2022007150,EXPORT,GTI,VC202200453
CONT2022007151,EXPORT,GTI,VC202200453
CONT2022007152,EXPORT,GTI,VC202200453
CONT2022007153,EXPORT,GTI,VC202200453
CONT2022007154,EXPORT,GTI,VC202200453
CONT2022007155,IMPORT,GTI,VC202200453
CONT2022007156,IMPORT,GTI,VC202200453
CONT2022007157,EXPORT,GTI,VC202200453
CONT2022007158,IMPORT,GTI,VC202200453
CONT2022007159,IMPORT,GTI,VC202200453
CONT2022007160,IMPORT,NSICT,VC202200454
CONT2022007161,IMPORT,NSICT,VC202200454
CONT2022007162,IMPORT,NSICT,VC202200454
CONT2022007163,EXPORT,NSICT,VC202200454
CONT2022007164,IMPORT,NSICT,VC202200454
CONT2022007165,IMPORT,NSICT,VC202200454
CONT2022007166,IMPORT,NSICT,VC202200454
CONT2022007167,EXPORT,NSICT,VC202200454
CONT2022007168,IMPORT,NSICT,VC202200454
CONT2022007169,EXPORT,NSICT,VC202200454
CONT2022007170,IMPORT,NSICT,VC202200455
CONT2022007171,IMPORT,NSICT,VC202200455
CONT2022007172,EXPORT,NSICT,VC202200455
CONT2022007173,IMPORT,NSICT,VC202200455
CONT2022007174,EXPORT,NSICT,VC202200455
CONT2022007175,IMPORT,NSICT,VC202200455
CONT2022007176,EXPORT,NSICT,VC202200455
CONT2022007177,IMPORT,NSICT,VC202200455
CONT2022007178,IMPORT,NSICT,VC202200455
CONT2022007179,EXPORT,NSFT,VC202200456
CONT2022007180,EXPORT,NSFT,VC202200456
CONT2022007181,IMPORT,NSFT,VC202200456
CONT2022007182,IMPORT,NSFT,VC202200456
CONT2022007183,IMPORT,NSFT,VC202200456
CONT2022007184,EXPORT,NSFT,VC202200456
CONT2022007185,EXPORT,NSFT,VC202200456
CONT2022007186,IMPORT,NSFT,VC202200456
CONT2022007187,IMPORT,NSFT,VC202200456
CONT2022007188,IMPORT,NSFT,VC202200456
CONT2022007189,EXPORT,NSFT,VC202200456
CONT2022007190,EXPORT,NSFT,VC202200456
CONT2022007191,EXPORT,NSFT,VC202200456
CONT2022007192,IMPORT,NSICT,VC202200457
CONT2022007193,IMPORT,NSICT,VC202200457
CONT2022007194,EXPORT,NSICT,VC202200457
CONT2022007195,IMPORT,NSICT,VC202200457
CONT2022007196,EXPORT,NSICT,VC202200457
CONT2022007197,EXPORT,NSICT,VC202200457
CONT2022007198,IMPORT,NSICT,VC202200457
CONT2022007199,EXPORT,NSICT,VC202200457
CONT2022007200,EXPORT,NSICT,VC202200458
CONT2022007201,EXPORT,NSICT,VC202200458
CONT2022007202,EXPORT,NSICT,VC202200458
CONT2022007203,EXPORT,NSICT,VC202200458
CONT2022007204,IMPORT,NSICT,VC202200458
CONT2022007205,IMPORT,NSICT,VC202200458
CONT2022007206,EXPORT,NSICT,VC202200458
CONT2022007207,EXPORT,NSICT,VC202200458
CONT2022007208,IMPORT,NSICT,VC202200458
CONT2022007209,IMPORT,NSICT,VC202200458
CONT2022007210,EXPORT,NSIGT,VC202200459
CONT2022007211,IMPORT,NSIGT,VC202200459
CONT2022007212,IMPORT,NSIGT,VC202200459
CONT2022007213,IMPORT,NSIGT,VC202200459
CONT2022007214,IMPORT,NSIGT,VC202200459
CONT2022007215,IMPORT,NSIGT,VC202200459
CONT2022007216,EXPORT,NSIGT,VC202200459
CONT2022007217,EXPORT,GTI,VC202200460
CONT2022007218,EXPORT,GTI,VC202200460
CONT2022007219,EXPORT,GTI,VC202200460
CONT2022007220,EXPORT,GTI,VC202200460
CONT2022007221,EXPORT,GTI,VC202200460
CONT2022007222,EXPORT,GTI,VC202200460
CONT2022007223,EXPORT,GTI,VC202200460
CONT2022007224,EXPORT,GTI,VC202200460
CONT2022007225,IMPORT,GTI,VC202200460
CONT2022007226,EXPORT,GTI,VC202200460
CONT2022007227,EXPORT,GTI,VC202200460
CONT2022007228,IMPORT,GTI,VC202200460
CONT2022007229,IMPORT,GTI,VC202200460
CONT2022007230,EXPORT,GTI,VC202200460
CONT2022007231,EXPORT,GTI,VC202200460
CONT2022007232,EXPORT,GTI,VC202200460
CONT2022007233,IMPORT,GTI,VC202200460
CONT2022007234,EXPORT,GTI,VC202200460
CONT2022007235,IMPORT,GTI,VC202200460
CONT2022007236,EXPORT,GTI,VC202200460
CONT2022007237,IMPORT,GTI,VC202200460
CONT2022007238,EXPORT,GTI,VC202200460
CONT2022007239,IMPORT,GTI,VC202200460
CONT2022007240,IMPORT,GTI,VC202200460
CONT2022007241,EXPORT,GTI,VC202200460
CONT2022007242,IMPORT,GTI,VC202200460
CONT2022007243,EXPORT,GTI,VC202200460
CONT2022007244,EXPORT,GTI,VC202200460
CONT2022007245,IMPORT,GTI,VC202200460
CONT2022007246,EXPORT,GTI,VC202200460
CONT2022007247,EXPORT,GTI,VC202200460
CONT2022007248,IMPORT,GTI,VC202200460
CONT2022007249,EXPORT,GTI,VC202200460
CONT2022007250,IMPORT,GTI,VC202200460
CONT2022007251,EXPORT,GTI,VC202200460
CONT2022007252,EXPORT,GTI,VC202200460
CONT2022007253,IMPORT,GTI,VC202200460
CONT2022007254,EXPORT,GTI,VC202200460
CONT2022007255,IMPORT,GTI,VC202200460
CONT2022007256,EXPORT,GTI,VC202200460
CONT2022007257,IMPORT,NSICT,VC202200461
CONT2022007258,EXPORT,NSICT,VC202200461
CONT2022007259,IMPORT,NSICT,VC202200461
CONT2022007260,EXPORT,NSICT,VC202200461
CONT2022007261,EXPORT,NSICT,VC202200461
CONT2022007262,IMPORT,NSICT,VC202200461
CONT2022007263,IMPORT,NSICT,VC202200461
CONT2022007264,IMPORT,NSICT,VC202200461
CONT2022007265,IMPORT,NSICT,VC202200461
CONT2022007266,IMPORT,NSICT,VC202200461
CONT2022007267,IMPORT,NSICT,VC202200461
CONT2022007268,EXPORT,NSICT,VC202200461
CONT2022007269,EXPORT,NSICT,VC202200461
CONT2022007270,EXPORT,NSICT,VC202200461
CONT2022007271,IMPORT,BMCT,VC202200462
CONT2022007272,IMPORT,BMCT,VC202200462
CONT2022007273,IMPORT,BMCT,VC202200462
CONT2022007274,EXPORT,BMCT,VC202200462
CONT2022007275,EXPORT,BMCT,VC202200462
CONT2022007276,EXPORT,BMCT,VC202200462
CONT2022007277,EXPORT,BMCT,VC202200462
CONT2022007278,EXPORT,BMCT,VC202200462
CONT2022007279,EXPORT,BMCT,VC202200462
CONT2022007280,EXPORT,NSICT,VC202200463
CONT2022007281,EXPORT,NSICT,VC202200463
CONT2022007282,IMPORT,NSICT,VC202200463
CONT2022007283,EXPORT,NSICT,VC202200463
CONT2022007284,IMPORT,NSICT,VC202200463
CONT2022007285,IMPORT,NSICT,VC202200463
CONT2022007286,EXPORT,NSICT,VC202200463
CONT2022007287,EXPORT,NSICT,VC202200463
CONT2022007288,EXPORT,NSICT,VC202200463
CONT2022007289,IMPORT,NSICT,VC202200463
CONT2022007290,IMPORT,NSICT,VC202200463
CONT2022007291,IMPORT,NSICT,VC202200463
CONT2022007292,IMPORT,NSICT,VC202200463
CONT2022007293,IMPORT,NSICT,VC202200463
CONT2022007294,EXPORT,NSICT,VC202200463
CONT2022007295,EXPORT,GTI,VC202200464
CONT2022007296,EXPORT,GTI,VC202200464
CONT2022007297,EXPORT,GTI,VC202200464
CONT2022007298,IMPORT,GTI,VC202200464
CONT2022007299,EXPORT,GTI,VC202200464
CONT2022007300,IMPORT,GTI,VC202200464
CONT2022007301,EXPORT,GTI,VC202200464
CONT2022007302,IMPORT,GTI,VC202200464
CONT2022007303,IMPORT,GTI,VC202200464
CONT2022007304,IMPORT,GTI,VC202200464
CONT2022007305,EXPORT,GTI,VC202200464
CONT2022007306,EXPORT,GTI,VC202200464
CONT2022007307,EXPORT,GTI,VC202200464
CONT2022007308,EXPORT,GTI,VC202200465
CONT2022007309,IMPORT,GTI,VC202200465
CONT2022007310,IMPORT,GTI,VC202200465
CONT2022007311,EXPORT,GTI,VC202200465
CONT2022007312,EXPORT,GTI,VC202200465
CONT2022007313,IMPORT,GTI,VC202200465
CONT2022007314,IMPORT,GTI,VC202200465
CONT2022007315,IMPORT,GTI,VC202200465
CONT2022007316,EXPORT,GTI,VC202200465
CONT2022007317,EXPORT,GTI,VC202200465
CONT2022007318,IMPORT,GTI,VC202200465
CONT2022007319,EXPORT,GTI,VC202200465
CONT2022007320,IMPORT,GTI,VC202200466
CONT2022007321,EXPORT,GTI,VC202200466
CONT2022007322,EXPORT,GTI,VC202200466
CONT2022007323,EXPORT,GTI,VC202200466
CONT2022007324,EXPORT,GTI,VC202200466
CONT2022007325,EXPORT,GTI,VC202200466
CONT2022007326,IMPORT,GTI,VC202200466
CONT2022007327,IMPORT,GTI,VC202200466
CONT2022007328,IMPORT,GTI,VC202200466
CONT2022007329,IMPORT,GTI,VC202200466
CONT2022007330,EXPORT,GTI,VC202200466
CONT2022007331,IMPORT,GTI,VC202200466
CONT2022007332,IMPORT,GTI,VC202200466
CONT2022007333,EXPORT,GTI,VC202200466
CONT2022007334,EXPORT,GTI,VC202200466
CONT2022007335,EXPORT,GTI,VC202200466
CONT2022007336,IMPORT,GTI,VC202200466
CONT2022007337,IMPORT,GTI,VC202200466
CONT2022007338,EXPORT,GTI,VC202200466
CONT2022007339,EXPORT,GTI,VC202200467
CONT2022007340,IMPORT,GTI,VC202200467
CONT2022007341,IMPORT,GTI,VC202200467
CONT2022007342,IMPORT,GTI,VC202200467
CONT2022007343,IMPORT,GTI,VC202200467
CONT2022007344,EXPORT,GTI,VC202200467
CONT2022007345,EXPORT,GTI,VC202200467
CONT2022007346,EXPORT,GTI,VC202200467
CONT2022007347,IMPORT,GTI,VC202200467
CONT2022007348,IMPORT,GTI,VC202200467
CONT2022007349,IMPORT,GTI,VC202200467
CONT2022007350,EXPORT,GTI,VC202200467
CONT2022007351,IMPORT,GTI,VC202200467
CONT2022007352,IMPORT,GTI,VC202200467
CONT2022007353,IMPORT,GTI,VC202200467
CONT2022007354,IMPORT,GTI,VC202200467
CONT2022007355,EXPORT,GTI,VC202200467
CONT2022007356,EXPORT,GTI,VC202200467
CONT2022007357,EXPORT,GTI,VC202200467
CONT2022007358,IMPORT,GTI,VC202200467
CONT2022007359,EXPORT,NSICT,VC202200468
CONT2022007360,EXPORT,NSICT,VC202200468
CONT2022007361,IMPORT,NSICT,VC202200468
CONT2022007362,IMPORT,NSICT,VC202200468
CONT2022007363,IMPORT,NSICT,VC202200468
CONT2022007364,IMPORT,NSICT,VC202200468
CONT2022007365,EXPORT,NSICT,VC202200468
CONT2022007366,IMPORT,NSICT,VC202200468
CONT2022007367,IMPORT,NSICT,VC202200468
CONT2022007368,IMPORT,NSICT,VC202200468
CONT2022007369,EXPORT,BMCT,VC202200469
CONT2022007370,IMPORT,BMCT,VC202200469
CONT2022007371,EXPORT,BMCT,VC202200469
CONT2022007372,IMPORT,BMCT,VC202200469
CONT2022007373,EXPORT,BMCT,VC202200469
CONT2022007374,EXPORT,BMCT,VC202200469
CONT2022007375,IMPORT,BMCT,VC202200469
CONT2022007376,IMPORT,BMCT,VC202200469
CONT2022007377,EXPORT,BMCT,VC202200469
CONT2022007378,EXPORT,BMCT,VC202200469
CONT2022007379,EXPORT,NSICT,VC202200470
CONT2022007380,IMPORT,NSICT,VC202200470
CONT2022007381,EXPORT,NSICT,VC202200470
CONT2022007382,EXPORT,NSICT,VC202200470
CONT2022007383,EXPORT,NSICT,VC202200470
CONT2022007384,IMPORT,NSICT,VC202200470
CONT2022007385,IMPORT,NSICT,VC202200470
CONT2022007386,EXPORT,NSICT,VC202200470
CONT2022007387,IMPORT,NSICT,VC202200470
CONT2022007388,EXPORT,NSICT,VC202200470
CONT2022007389,EXPORT,NSICT,VC202200470
CONT2022007390,IMPORT,NSICT,VC202200470
CONT2022007391,IMPORT,GTI,VC202200471
CONT2022007392,EXPORT,GTI,VC202200471
CONT2022007393,IMPORT,GTI,VC202200471
CONT2022007394,IMPORT,GTI,VC202200471
CONT2022007395,IMPORT,GTI,VC202200471
CONT2022007396,EXPORT,GTI,VC202200471
CONT2022007397,IMPORT,NSICT,VC202200472
CONT2022007398,IMPORT,NSICT,VC202200472
CONT2022007399,EXPORT,NSICT,VC202200472
CONT2022007400,EXPORT,NSICT,VC202200472
CONT2022007401,IMPORT,NSICT,VC202200472
CONT2022007402,IMPORT,NSICT,VC202200472
CONT2022007403,EXPORT,NSFT,VC202200473
CONT2022007404,EXPORT,NSFT,VC202200473
CONT2022007405,EXPORT,NSFT,VC202200473
CONT2022007406,EXPORT,NSFT,VC202200473
CONT2022007407,IMPORT,NSFT,VC202200473
CONT2022007408,IMPORT,NSFT,VC202200473
CONT2022007409,EXPORT,NSFT,VC202200473
CONT2022007410,EXPORT,NSFT,VC202200473
CONT2022007411,IMPORT,NSFT,VC202200473
CONT2022007412,EXPORT,NSFT,VC202200473
CONT2022007413,EXPORT,NSFT,VC202200473
CONT2022007414,EXPORT,NSFT,VC202200473
CONT2022007415,EXPORT,NSFT,VC202200473
CONT2022007416,EXPORT,NSFT,VC202200473
CONT2022007417,IMPORT,NSFT,VC202200473
CONT2022007418,EXPORT,NSFT,VC202200473
CONT2022007419,IMPORT,NSFT,VC202200473
CONT2022007420,EXPORT,NSFT,VC202200473
CONT2022007421,IMPORT,NSFT,VC202200473
CONT2022007422,IMPORT,NSFT,VC202200473
CONT2022007423,IMPORT,NSFT,VC202200473
CONT2022007424,IMPORT,NSFT,VC202200473
CONT2022007425,EXPORT,NSFT,VC202200473
CONT2022007426,IMPORT,NSFT,VC202200473
CONT2022007427,EXPORT,NSFT,VC202200473
CONT2022007428,EXPORT,NSFT,VC202200473
CONT2022007429,IMPORT,NSFT,VC202200473
CONT2022007430,IMPORT,NSFT,VC202200473
CONT2022007431,EXPORT,NSFT,VC202200473
CONT2022007432,IMPORT,NSICT,VC202200474
CONT2022007433,EXPORT,NSICT,VC202200474
CONT2022007434,IMPORT,NSICT,VC202200474
CONT2022007435,EXPORT,NSICT,VC202200474
CONT2022007436,IMPORT,NSICT,VC202200474
CONT2022007437,IMPORT,NSICT,VC202200474
CONT2022007438,IMPORT,NSICT,VC202200474
CONT2022007439,EXPORT,NSICT,VC202200474
CONT2022007440,IMPORT,NSICT,VC202200474
CONT2022007441,EXPORT,NSICT,VC202200474
CONT2022007442,IMPORT,NSICT,VC202200474
CONT2022007443,EXPORT,NSICT,VC202200474
CONT2022007444,EXPORT,NSICT,VC202200474
CONT2022007445,IMPORT,NSICT,VC202200474
CONT2022007446,EXPORT,NSICT,VC202200474
CONT2022007447,IMPORT,NSICT,VC202200474
CONT2022007448,IMPORT,NSICT,VC202200474
CONT2022007449,EXPORT,NSICT,VC202200474
CONT2022007450,EXPORT,NSICT,VC202200474
CONT2022007451,EXPORT,NSICT,VC202200474
CONT2022007452,EXPORT,NSICT,VC202200474
CONT2022007453,EXPORT,NSICT,VC202200474
CONT2022007454,EXPORT,NSICT,VC202200474
CONT2022007455,EXPORT,NSICT,VC202200474
CONT2022007456,EXPORT,NSICT,VC202200474
CONT2022007457,IMPORT,NSICT,VC202200474
CONT2022007458,IMPORT,NSICT,VC202200474
CONT2022007459,EXPORT,NSICT,VC202200474
CONT2022007460,IMPORT,NSICT,VC202200474
CONT2022007461,IMPORT,NSICT,VC202200474
CONT2022007462,IMPORT,NSICT,VC202200474
CONT2022007463,IMPORT,NSICT,VC202200474
CONT2022007464,EXPORT,NSICT,VC202200474
CONT2022007465,EXPORT,GTI,VC202200475
CONT2022007466,EXPORT,GTI,VC202200475
CONT2022007467,EXPORT,GTI,VC202200475
CONT2022007468,EXPORT,GTI,VC202200475
CONT2022007469,IMPORT,GTI,VC202200475
CONT2022007470,IMPORT,GTI,VC202200475
CONT2022007471,IMPORT,GTI,VC202200475
CONT2022007472,IMPORT,GTI,VC202200475
CONT2022007473,EXPORT,GTI,VC202200475
CONT2022007474,EXPORT,GTI,VC202200475
CONT2022007475,IMPORT,GTI,VC202200475
CONT2022007476,IMPORT,GTI,VC202200475
CONT2022007477,EXPORT,NSIGT,VC202200476
CONT2022007478,EXPORT,NSIGT,VC202200476
CONT2022007479,EXPORT,NSIGT,VC202200476
CONT2022007480,EXPORT,NSIGT,VC202200476
CONT2022007481,EXPORT,NSIGT,VC202200476
CONT2022007482,EXPORT,NSIGT,VC202200476
CONT2022007483,IMPORT,NSIGT,VC202200476
CONT2022007484,IMPORT,NSIGT,VC202200476
CONT2022007485,IMPORT,NSIGT,VC202200476
CONT2022007486,EXPORT,NSIGT,VC202200476
CONT2022007487,IMPORT,NSIGT,VC202200476
CONT2022007488,IMPORT,NSIGT,VC202200476
CONT2022007489,IMPORT,NSIGT,VC202200476
CONT2022007490,IMPORT,NSIGT,VC202200476
CONT2022007491,EXPORT,NSIGT,VC202200476
CONT2022007492,EXPORT,NSIGT,VC202200476
CONT2022007493,IMPORT,NSIGT,VC202200476
CONT2022007494,IMPORT,NSIGT,VC202200476
CONT2022007495,IMPORT,NSIGT,VC202200476
CONT2022007496,IMPORT,NSICT,VC202200477
CONT2022007497,IMPORT,NSICT,VC202200477
CONT2022007498,IMPORT,NSICT,VC202200477
CONT2022007499,EXPORT,NSICT,VC202200477
CONT2022007500,EXPORT,NSICT,VC202200477
CONT2022007501,IMPORT,NSICT,VC202200477
CONT2022007502,EXPORT,NSICT,VC202200477
CONT2022007503,IMPORT,NSICT,VC202200477
CONT2022007504,EXPORT,NSICT,VC202200477
CONT2022007505,EXPORT,NSICT,VC202200477
CONT2022007506,IMPORT,NSICT,VC202200477
CONT2022007507,IMPORT,NSICT,VC202200477
CONT2022007508,IMPORT,NSICT,VC202200477
CONT2022007509,EXPORT,NSICT,VC202200477
CONT2022007510,IMPORT,NSICT,VC202200477
CONT2022007511,IMPORT,NSICT,VC202200477
CONT2022007512,IMPORT,NSICT,VC202200478
CONT2022007513,IMPORT,NSICT,VC202200478
CONT2022007514,EXPORT,NSICT,VC202200478
CONT2022007515,EXPORT,NSICT,VC202200478
CONT2022007516,IMPORT,NSICT,VC202200478
CONT2022007517,EXPORT,NSICT,VC202200478
CONT2022007518,IMPORT,NSICT,VC202200478
CONT2022007519,IMPORT,NSICT,VC202200478
CONT2022007520,IMPORT,NSICT,VC202200478
CONT2022007521,IMPORT,NSICT,VC202200478
CONT2022007522,IMPORT,NSICT,VC202200478
CONT2022007523,EXPORT,NSICT,VC202200478
CONT2022007524,EXPORT,NSICT,VC202200478
CONT2022007525,IMPORT,NSICT,VC202200478
CONT2022007526,IMPORT,NSICT,VC202200478
CONT2022007527,IMPORT,NSICT,VC202200478
CONT2022007528,EXPORT,NSICT,VC202200478
CONT2022007529,IMPORT,NSICT,VC202200478
CONT2022007530,IMPORT,NSICT,VC202200478
CONT2022007531,IMPORT,NSICT,VC202200478
CONT2022007532,IMPORT,NSICT,VC202200478
CONT2022007533,IMPORT,NSICT,VC202200478
CONT2022007534,IMPORT,NSICT,VC202200478
CONT2022007535,EXPORT,NSICT,VC202200478
CONT2022007536,IMPORT,NSICT,VC202200478
CONT2022007537,IMPORT,NSICT,VC202200478
CONT2022007538,IMPORT,NSICT,VC202200478
CONT2022007539,EXPORT,NSICT,VC202200478
CONT2022007540,EXPORT,NSICT,VC202200478
CONT2022007541,EXPORT,NSICT,VC202200478
CONT2022007542,EXPORT,NSICT,VC202200478
CONT2022007543,IMPORT,NSICT,VC202200478
CONT2022007544,IMPORT,NSICT,VC202200478
CONT2022007545,EXPORT,NSICT,VC202200478
CONT2022007546,EXPORT,NSICT,VC202200478
CONT2022007547,EXPORT,NSICT,VC202200478
CONT2022007548,EXPORT,NSICT,VC202200478
CONT2022007549,EXPORT,NSICT,VC202200478
CONT2022007550,EXPORT,NSICT,VC202200478
CONT2022007551,EXPORT,NSICT,VC202200478
CONT2022007552,IMPORT,NSICT,VC202200478
CONT2022007553,IMPORT,NSICT,VC202200478
CONT2022007554,IMPORT,NSICT,VC202200478
CONT2022007555,EXPORT,NSICT,VC202200478
CONT2022007556,EXPORT,NSICT,VC202200478
CONT2022007557,EXPORT,NSICT,VC202200478
CONT2022007558,EXPORT,NSICT,VC202200478
CONT2022007559,IMPORT,NSICT,VC202200478
CONT2022007560,IMPORT,NSICT,VC202200478
CONT2022007561,EXPORT,NSICT,VC202200478
CONT2022007562,IMPORT,NSICT,VC202200478
CONT2022007563,EXPORT,NSICT,VC202200478
CONT2022007564,IMPORT,NSICT,VC202200478
CONT2022007565,IMPORT,NSICT,VC202200478
CONT2022007566,IMPORT,NSICT,VC202200478
CONT2022007567,EXPORT,NSICT,VC202200478
CONT2022007568,IMPORT,NSICT,VC202200478
CONT2022007569,EXPORT,NSICT,VC202200478
CONT2022007570,EXPORT,NSICT,VC202200478
CONT2022007571,IMPORT,NSICT,VC202200478
CONT2022007572,IMPORT,NSICT,VC202200478
CONT2022007573,IMPORT,NSICT,VC202200478
CONT2022007574,IMPORT,NSICT,VC202200478
CONT2022007575,IMPORT,NSICT,VC202200478
CONT2022007576,EXPORT,NSICT,VC202200478
CONT2022007577,EXPORT,NSICT,VC202200478
CONT2022007578,IMPORT,NSICT,VC202200478
CONT2022007579,IMPORT,NSICT,VC202200478
CONT2022007580,EXPORT,NSICT,VC202200478
CONT2022007581,IMPORT,NSICT,VC202200478
CONT2022007582,IMPORT,NSICT,VC202200478
CONT2022007583,EXPORT,NSICT,VC202200478
CONT2022007584,IMPORT,NSICT,VC202200478
CONT2022007585,EXPORT,NSICT,VC202200479
CONT2022007586,EXPORT,NSICT,VC202200479
CONT2022007587,IMPORT,NSICT,VC202200479
CONT2022007588,IMPORT,NSICT,VC202200479
CONT2022007589,IMPORT,NSICT,VC202200479
CONT2022007590,EXPORT,NSICT,VC202200479
CONT2022007591,IMPORT,NSICT,VC202200479
CONT2022007592,IMPORT,NSICT,VC202200479
CONT2022007593,IMPORT,NSICT,VC202200479
CONT2022007594,EXPORT,NSICT,VC202200479
CONT2022007595,IMPORT,NSICT,VC202200479
CONT2022007596,IMPORT,NSICT,VC202200479
CONT2022007597,EXPORT,NSICT,VC202200479
CONT2022007598,IMPORT,NSICT,VC202200479
CONT2022007599,EXPORT,NSICT,VC202200479
CONT2022007600,IMPORT,NSICT,VC202200479
CONT2022007601,EXPORT,NSICT,VC202200479
CONT2022007602,EXPORT,NSICT,VC202200479
CONT2022007603,EXPORT,NSICT,VC202200479
CONT2022007604,EXPORT,NSICT,VC202200479
CONT2022007605,EXPORT,NSICT,VC202200479
CONT2022007606,IMPORT,NSICT,VC202200479
CONT2022007607,EXPORT,NSICT,VC202200479
CONT2022007608,IMPORT,NSICT,VC202200479
CONT2022007609,EXPORT,NSICT,VC202200479
