container_id,leo_or_boe_time,ooc_time
CONT2022000000,2021-12-23 20:33:57,2021-12-24 09:40:32
CONT2022000001,2021-12-25 03:39:31,2021-12-26 14:56:03
CONT2022000002,2021-12-28 17:23:34,
CONT2022000003,2021-12-29 23:38:02,
CONT2022000004,2021-12-28 11:07:33,
CONT2022000005,2021-12-22 16:40:33,2022-01-03 11:25:29
CONT2022000006,2021-12-20 15:38:25,2021-12-21 18:19:33
CONT2022000007,2021-12-26 21:53:00,2022-01-03 10:01:11
CONT2022000008,2021-12-28 01:30:23,2022-01-03 05:59:38
CONT2022000009,2021-12-29 15:03:11,2021-12-29 20:05:13
CONT2022000010,2021-12-26 00:50:05,2021-12-26 22:43:11
CONT2022000011,2021-12-23 04:43:33,
CONT2022000012,2021-12-27 08:31:52,2022-01-02 19:47:56
CONT2022000013,2021-12-27 06:25:14,
CONT2022000014,2021-12-23 02:36:23,
CONT2022000015,2022-01-01 15:49:33,2022-01-04 16:08:30
CONT2022000016,2021-12-26 01:16:27,2021-12-27 06:01:40
CONT2022000017,2021-12-27 01:52:44,2021-12-27 22:27:55
CONT2022000018,2021-12-30 08:27:55,2022-01-04 02:15:36
CONT2022000019,2021-12-31 22:22:48,2022-01-01 18:51:13
CONT2022000020,2021-12-23 00:44:36,2021-12-23 16:23:45
CONT2022000021,2021-12-24 19:24:59,2021-12-24 23:24:59
CONT2022000022,2021-12-22 02:33:14,2021-12-23 08:43:35
CONT2022000023,2022-01-01 06:29:52,2022-01-04 10:06:13
CONT2022000024,2022-01-01 10:53:48,2022-01-03 21:15:02
CONT2022000025,2021-12-29 23:15:26,2021-12-31 09:17:44
CONT2022000026,2021-12-25 01:42:51,
CONT2022000027,2021-12-28 12:40:44,2021-12-28 21:53:36
CONT2022000028,2021-12-27 08:16:12,2022-01-04 10:47:57
CONT2022000029,2021-12-26 21:01:34,2022-01-03 23:15:11
CONT2022000030,2021-12-26 12:30:00,2021-12-27 01:06:50
CONT2022000031,2021-12-22 03:02:56,2021-12-22 16:10:55
CONT2022000032,2021-12-30 20:32:09,2022-01-05 00:34:10
CONT2022000033,2021-12-31 14:23:07,2022-01-04 21:28:45
CONT2022000034,2021-12-23 01:41:44,2021-12-24 01:07:57
CONT2022000035,2021-12-28 17:45:01,2021-12-29 13:58:36
CONT2022000036,2021-12-31 05:48:22,2022-01-04 20:29:00
CONT2022000037,2021-12-29 03:44:52,2022-01-05 02:47:52
CONT2022000038,2021-12-23 04:22:54,2022-01-05 10:00:49
CONT2022000039,2021-12-29 20:04:00,2021-12-31 04:28:14
CONT2022000040,2021-12-22 23:57:21,2022-01-04 17:10:25
CONT2022000041,2021-12-25 16:47:43,2022-01-05 07:39:19
CONT2022000042,2021-12-25 16:26:11,2022-01-04 20:03:43
CONT2022000043,2021-12-27 09:16:32,2022-01-04 14:09:05
CONT2022000044,2021-12-25 20:55:34,2021-12-26 22:22:53
CONT2022000045,2021-12-27 10:42:18,
CONT2022000046,2022-01-02 05:54:01,2022-01-02 19:21:53
CONT2022000047,2021-12-22 13:30:08,2021-12-23 15:28:20
CONT2022000048,2021-12-25 05:05:22,2022-01-05 05:06:00
CONT2022000049,2022-01-01 16:49:54,2022-01-04 01:58:03
CONT2022000050,2021-12-29 16:18:05,2022-01-04 07:58:46
CONT2022000051,2022-01-01 20:44:28,
CONT2022000052,2021-12-27 23:46:25,2022-01-04 06:31:10
CONT2022000053,2021-12-29 17:38:10,2021-12-30 15:12:30
CONT2022000054,2021-12-23 10:04:36,2022-01-04 21:07:13
CONT2022000055,2021-12-26 15:13:25,2022-01-04 21:31:20
CONT2022000056,2022-01-01 13:49:21,
CONT2022000057,2021-12-22 22:26:51,2021-12-23 23:34:27
CONT2022000058,2021-12-22 23:51:02,2022-01-04 21:20:49
CONT2022000059,2021-12-30 23:04:37,2022-01-04 19:13:20
CONT2022000060,2021-12-22 22:01:35,
CONT2022000061,2021-12-31 04:38:59,2022-01-04 22:57:45
CONT2022000062,2021-12-27 16:54:29,2022-01-05 13:31:21
CONT2022000063,2021-12-22 02:27:02,
CONT2022000064,2021-12-24 18:22:23,
CONT2022000065,2021-12-29 14:33:34,2021-12-30 10:11:02
CONT2022000066,2021-12-29 15:54:42,
CONT2022000067,2021-12-31 08:46:19,2022-01-01 08:12:44
CONT2022000068,2021-12-25 01:50:46,2022-01-04 20:22:14
CONT2022000069,2021-12-24 07:00:38,2022-01-04 11:36:14
CONT2022000070,2021-12-30 22:42:03,2021-12-31 22:39:58
CONT2022000071,2021-12-27 22:06:49,2021-12-29 03:36:35
CONT2022000072,2021-12-25 15:05:44,2022-01-04 20:16:13
CONT2022000073,2021-12-25 20:03:53,2021-12-26 21:40:27
CONT2022000074,2021-12-25 01:54:10,2022-01-04 05:39:42
CONT2022000075,2021-12-28 11:16:15,2022-01-08 01:36:36
CONT2022000076,2022-01-02 02:49:28,
CONT2022000077,2021-12-29 12:40:51,2021-12-30 00:46:19
CONT2022000078,2021-12-27 08:54:56,2022-01-06 14:12:59
CONT2022000079,2021-12-30 18:54:49,2022-01-06 21:25:53
CONT2022000080,2021-12-29 04:30:52,2021-12-29 18:53:54
CONT2022000081,2021-12-28 00:38:25,2021-12-28 18:16:51
CONT2022000082,2021-12-28 16:07:47,2021-12-29 17:12:00
CONT2022000083,2022-01-03 08:32:02,2022-01-04 00:04:26
CONT2022000084,2022-01-02 16:56:57,2022-01-03 17:30:04
CONT2022000085,2021-12-30 07:55:38,2021-12-31 04:11:59
CONT2022000086,2021-12-27 18:30:54,2021-12-29 00:20:11
CONT2022000087,2022-01-01 10:08:48,2022-01-02 05:15:25
CONT2022000088,2021-12-27 07:43:50,
CONT2022000089,2021-12-31 20:25:49,
CONT2022000090,2021-12-26 11:40:37,
CONT2022000091,2021-12-28 06:07:12,
CONT2022000092,2022-01-02 00:34:53,2022-01-07 14:34:40
CONT2022000093,2021-12-30 20:32:08,2022-01-01 03:39:26
CONT2022000094,2021-12-25 19:30:26,2021-12-26 15:57:37
CONT2022000095,2021-12-27 04:45:52,2021-12-27 15:05:13
CONT2022000096,2021-12-27 20:36:23,2022-01-07 13:27:38
CONT2022000097,2021-12-25 01:43:11,2021-12-25 05:43:11
CONT2022000098,2022-01-04 16:11:02,2022-01-05 07:34:19
CONT2022000099,2021-12-25 23:06:17,2021-12-26 20:03:41
CONT2022000100,2021-12-30 13:19:13,
CONT2022000101,2021-12-25 13:36:52,2022-01-08 04:33:42
CONT2022000102,2021-12-29 01:26:22,2022-01-08 11:48:44
CONT2022000103,2021-12-28 13:32:47,2021-12-29 01:46:24
CONT2022000104,2022-01-02 03:36:19,2022-01-02 17:33:03
CONT2022000105,2021-12-29 08:21:52,2021-12-30 21:41:04
CONT2022000106,2021-12-25 19:51:32,2021-12-27 00:26:20
CONT2022000107,2022-01-04 11:18:05,2022-01-07 11:49:08
CONT2022000108,2021-12-29 13:34:30,2022-01-08 08:46:41
CONT2022000109,2021-12-29 20:03:31,2022-01-07 21:33:29
CONT2022000110,2021-12-28 19:22:03,2021-12-29 20:45:11
CONT2022000111,2022-01-03 19:38:54,
CONT2022000112,2022-01-02 05:43:02,2022-01-07 10:36:53
CONT2022000113,2021-12-30 11:13:52,2021-12-31 09:01:43
CONT2022000114,2021-12-30 08:58:42,2022-01-07 11:09:00
CONT2022000115,2022-01-04 08:19:19,2022-01-04 21:46:35
CONT2022000116,2021-12-26 06:29:39,
CONT2022000117,2021-12-30 15:42:35,2022-01-08 00:49:16
CONT2022000118,2022-01-05 05:56:12,2022-01-08 14:47:14
CONT2022000119,2022-01-04 09:47:32,2022-01-05 19:58:13
CONT2022000120,2022-01-01 04:33:13,2022-01-09 21:28:35
CONT2022000121,2022-01-04 06:54:48,2022-01-05 00:44:40
CONT2022000122,2022-01-04 18:21:33,
CONT2022000123,2021-12-31 19:49:04,2022-01-01 19:32:57
CONT2022000124,2022-01-04 03:50:57,2022-01-04 15:43:21
CONT2022000125,2022-01-05 04:28:27,2022-01-08 17:58:05
CONT2022000126,2022-01-02 22:35:21,2022-01-09 06:15:15
CONT2022000127,2022-01-03 07:26:35,
CONT2022000128,2022-01-03 23:44:59,2022-01-04 13:44:08
CONT2022000129,2022-01-01 12:11:49,2022-01-09 16:07:40
CONT2022000130,2022-01-02 00:56:55,2022-01-09 08:05:00
CONT2022000131,2021-12-27 00:34:58,2022-01-09 14:05:33
CONT2022000132,2022-01-05 07:59:17,2022-01-09 03:37:59
CONT2022000133,2021-12-30 19:44:21,2021-12-31 15:33:23
CONT2022000134,2021-12-29 16:36:24,
CONT2022000135,2022-01-05 00:22:03,2022-01-09 16:01:49
CONT2022000136,2021-12-29 18:24:14,2022-01-09 15:00:00
CONT2022000137,2021-12-28 11:02:05,
CONT2022000138,2022-01-05 01:59:34,2022-01-06 13:11:30
CONT2022000139,2022-01-03 15:44:43,2022-01-09 10:29:03
CONT2022000140,2021-12-31 04:11:49,2022-01-10 12:36:50
CONT2022000141,2022-01-05 07:41:43,
CONT2022000142,2022-01-01 12:25:25,2022-01-02 16:13:31
CONT2022000143,2022-01-02 05:00:34,2022-01-09 17:29:44
CONT2022000144,2021-12-29 00:22:54,
CONT2022000145,2021-12-29 16:15:18,2021-12-31 01:48:55
CONT2022000146,2021-12-28 11:25:03,
CONT2022000147,2021-12-27 23:14:53,2022-01-09 12:14:15
CONT2022000148,2022-01-06 11:28:54,
CONT2022000149,2021-12-28 05:44:34,2022-01-08 23:37:12
CONT2022000150,2021-12-27 10:03:36,2021-12-28 00:18:24
CONT2022000151,2022-01-02 14:58:58,2022-01-09 20:49:09
CONT2022000152,2021-12-27 07:17:46,2022-01-09 23:45:48
CONT2022000153,2022-01-06 18:55:48,2022-01-07 06:42:31
CONT2022000154,2022-01-03 05:48:33,2022-01-04 09:09:44
CONT2022000155,2022-01-01 11:09:54,2022-01-02 13:39:05
CONT2022000156,2022-01-01 00:25:30,2022-01-01 17:08:19
CONT2022000157,2021-12-30 16:35:52,2021-12-31 10:55:27
CONT2022000158,2022-01-05 21:48:45,2022-01-06 20:03:13
CONT2022000159,2021-12-28 07:21:09,2021-12-29 02:28:32
CONT2022000160,2022-01-04 17:09:09,2022-01-09 14:28:47
CONT2022000161,2022-01-04 04:21:57,2022-01-10 17:53:05
CONT2022000162,2021-12-30 02:05:42,2022-01-10 00:35:26
CONT2022000163,2021-12-30 23:35:37,2021-12-31 23:34:02
CONT2022000164,2021-12-28 18:29:08,
CONT2022000165,2021-12-28 05:45:11,2021-12-29 04:46:12
CONT2022000166,2022-01-05 06:02:54,
CONT2022000167,2022-01-01 10:38:29,2022-01-02 08:55:33
CONT2022000168,2022-01-04 12:40:40,2022-01-10 10:56:50
CONT2022000169,2021-12-30 01:58:55,2021-12-31 04:52:52
CONT2022000170,2021-12-29 21:32:41,
CONT2022000171,2022-01-02 04:27:04,2022-01-02 23:08:47
CONT2022000172,2022-01-05 15:01:19,2022-01-06 11:01:54
CONT2022000173,2022-01-07 13:06:10,
CONT2022000174,2021-12-31 04:06:07,2022-01-10 13:49:00
CONT2022000175,2021-12-30 20:35:06,2022-01-10 04:17:52
CONT2022000176,2022-01-05 03:34:26,2022-01-10 04:54:25
CONT2022000177,2022-01-03 06:41:34,2022-01-10 07:56:58
CONT2022000178,2021-12-30 23:57:59,2022-01-11 21:45:34
CONT2022000179,2022-01-04 00:40:06,2022-01-04 18:08:23
CONT2022000180,2021-12-29 22:42:40,2022-01-11 08:24:17
CONT2022000181,2021-12-29 17:06:27,2021-12-30 03:59:49
CONT2022000182,2021-12-30 18:37:58,2022-01-11 22:15:03
CONT2022000183,2021-12-30 16:06:35,2022-01-12 04:47:05
CONT2022000184,2022-01-09 03:51:00,2022-01-12 11:04:54
CONT2022000185,2022-01-08 20:00:19,2022-01-09 16:09:44
CONT2022000186,2022-01-05 10:56:23,2022-01-05 19:11:58
CONT2022000187,2022-01-01 20:46:08,2022-01-12 01:40:28
CONT2022000188,2021-12-29 12:55:26,2022-01-12 10:41:44
CONT2022000189,2022-01-07 02:31:00,2022-01-07 21:54:32
CONT2022000190,2022-01-04 14:44:03,2022-01-05 10:47:19
CONT2022000191,2022-01-05 18:02:56,2022-01-06 11:54:56
CONT2022000192,2022-01-05 02:43:51,2022-01-05 17:26:06
CONT2022000193,2022-01-02 04:54:40,2022-01-11 16:18:13
CONT2022000194,2022-01-05 06:53:12,
CONT2022000195,2022-01-02 21:06:37,2022-01-12 10:48:55
CONT2022000196,2022-01-07 07:38:15,
CONT2022000197,2022-01-07 23:40:41,2022-01-11 23:23:01
CONT2022000198,2022-01-01 23:11:59,2022-01-11 17:06:51
CONT2022000199,2022-01-01 07:54:50,
CONT2022000200,2021-12-30 21:09:58,2022-01-12 17:44:43
CONT2022000201,2022-01-01 03:47:51,2022-01-11 16:25:28
CONT2022000202,2022-01-02 18:42:20,2022-01-03 10:59:25
CONT2022000203,2022-01-09 02:34:54,2022-01-12 14:51:43
CONT2022000204,2021-12-30 20:06:22,2021-12-31 20:57:35
CONT2022000205,2022-01-05 09:25:59,2022-01-06 10:45:37
CONT2022000206,2022-01-08 03:07:12,2022-01-09 02:46:56
CONT2022000207,2022-01-09 16:32:28,2022-01-12 13:50:32
CONT2022000208,2022-01-09 00:29:04,2022-01-12 21:00:59
CONT2022000209,2022-01-06 02:04:44,
CONT2022000210,2022-01-08 19:05:54,2022-01-12 19:06:28
CONT2022000211,2022-01-01 18:20:21,2022-01-13 06:27:37
CONT2022000212,2022-01-01 15:29:31,2022-01-12 22:28:10
CONT2022000213,2022-01-04 19:11:51,2022-01-13 01:50:45
CONT2022000214,2022-01-08 06:56:39,2022-01-13 09:02:44
CONT2022000215,2022-01-07 11:02:29,2022-01-13 06:02:41
CONT2022000216,2022-01-03 11:44:55,2022-01-13 11:58:07
CONT2022000217,2021-12-31 08:17:14,
CONT2022000218,2022-01-05 11:13:26,
CONT2022000219,2022-01-02 21:13:58,2022-01-03 11:42:30
CONT2022000220,2022-01-01 06:27:18,2022-01-02 04:22:13
CONT2022000221,2022-01-07 14:09:01,2022-01-08 17:14:55
CONT2022000222,2022-01-07 17:13:10,2022-01-08 02:10:16
CONT2022000223,2022-01-06 03:18:00,2022-01-14 02:57:55
CONT2022000224,2022-01-05 02:51:08,2022-01-12 17:06:09
CONT2022000225,2022-01-01 18:26:28,2022-01-02 07:50:17
CONT2022000226,2022-01-03 22:14:43,2022-01-14 08:38:22
CONT2022000227,2022-01-08 12:09:25,2022-01-14 17:48:20
CONT2022000228,2022-01-06 13:17:07,2022-01-13 20:06:27
CONT2022000229,2022-01-02 18:39:00,2022-01-03 12:10:56
CONT2022000230,2022-01-08 16:26:10,2022-01-13 22:33:16
CONT2022000231,2021-12-31 23:52:07,2022-01-01 20:33:15
CONT2022000232,2022-01-03 03:06:10,2022-01-03 21:13:33
CONT2022000233,2022-01-06 06:43:13,
CONT2022000234,2022-01-09 21:16:12,2022-01-10 10:52:10
CONT2022000235,2022-01-09 15:00:23,
CONT2022000236,2022-01-12 01:40:32,2022-01-12 12:09:30
CONT2022000237,2022-01-12 11:23:49,
CONT2022000238,2022-01-11 09:58:47,2022-01-12 09:38:17
CONT2022000239,2022-01-06 05:19:16,2022-01-17 12:40:21
CONT2022000240,2022-01-03 11:55:01,
CONT2022000241,2022-01-12 12:24:07,2022-01-16 13:36:24
CONT2022000242,2022-01-11 18:33:09,2022-01-12 22:47:50
CONT2022000243,2022-01-09 01:26:03,2022-01-16 14:15:44
CONT2022000244,2022-01-05 06:18:26,2022-01-17 05:19:22
CONT2022000245,2022-01-08 22:33:45,2022-01-09 16:08:47
CONT2022000246,2022-01-13 02:01:43,2022-01-16 20:58:56
CONT2022000247,2022-01-13 19:13:13,2022-01-15 01:51:06
CONT2022000248,2022-01-13 09:21:26,2022-01-14 05:32:54
CONT2022000249,2022-01-15 22:37:49,2022-01-16 19:37:08
CONT2022000250,2022-01-16 16:15:12,2022-01-20 00:25:46
CONT2022000251,2022-01-07 02:10:25,2022-01-08 00:54:45
CONT2022000252,2022-01-10 17:11:04,2022-01-19 10:15:59
CONT2022000253,2022-01-05 21:44:27,2022-01-06 14:07:39
CONT2022000254,2022-01-16 02:33:24,2022-01-16 17:30:14
CONT2022000255,2022-01-13 23:56:58,2022-01-19 02:44:54
CONT2022000256,2022-01-11 07:25:54,2022-01-11 22:14:01
CONT2022000257,2022-01-14 05:43:21,2022-01-14 18:18:32
CONT2022000258,2022-01-09 11:18:12,2022-01-20 17:08:05
CONT2022000259,2022-01-14 02:29:59,2022-01-14 17:24:55
CONT2022000260,2022-01-10 02:33:47,2022-01-18 19:11:53
CONT2022000261,2022-01-12 16:54:33,2022-01-13 09:58:37
CONT2022000262,2022-01-09 17:37:31,
CONT2022000263,2022-01-14 15:46:27,2022-01-15 06:54:40
CONT2022000264,2022-01-17 23:43:07,2022-01-22 01:41:33
CONT2022000265,2022-01-08 13:57:03,2022-01-21 21:14:54
CONT2022000266,2022-01-13 18:20:23,2022-01-14 06:50:51
CONT2022000267,2022-01-16 08:32:38,2022-01-16 12:32:38
CONT2022000268,2022-01-15 14:00:52,2022-01-22 12:14:49
CONT2022000269,2022-01-13 21:15:08,2022-01-14 12:41:37
CONT2022000270,2022-01-14 07:20:26,2022-01-21 20:50:47
CONT2022000271,2022-01-12 02:34:23,
CONT2022000272,2022-01-11 22:06:01,2022-01-22 07:09:21
CONT2022000273,2022-01-13 04:10:26,2022-01-13 22:20:15
CONT2022000274,2022-01-17 10:44:31,2022-01-17 21:33:38
CONT2022000275,2022-01-09 22:35:52,2022-01-22 22:19:10
CONT2022000276,2022-01-15 17:37:26,2022-01-16 05:10:17
CONT2022000277,2022-01-10 11:19:27,2022-01-11 06:46:30
CONT2022000278,2022-01-08 21:03:31,2022-01-22 02:36:46
CONT2022000279,2022-01-13 21:00:59,
CONT2022000280,2022-01-16 16:15:45,2022-01-22 02:46:11
CONT2022000281,2022-01-10 23:47:05,2022-01-22 11:05:11
CONT2022000282,2022-01-09 14:01:41,2022-01-09 21:52:24
CONT2022000283,2022-01-09 08:43:16,
CONT2022000284,2022-01-15 02:47:52,2022-01-15 17:31:54
CONT2022000285,2022-01-08 12:01:17,2022-01-09 06:22:06
CONT2022000286,2022-01-10 22:45:08,2022-01-11 16:03:44
CONT2022000287,2022-01-15 02:12:26,2022-01-15 15:21:11
CONT2022000288,2022-01-08 19:14:15,2022-01-09 11:00:10
CONT2022000289,2022-01-17 22:10:54,2022-01-22 23:47:45
CONT2022000290,2022-01-10 00:00:03,2022-01-10 21:07:26
CONT2022000291,2022-01-12 19:05:28,2022-01-13 16:14:23
CONT2022000292,2022-01-10 08:02:53,2022-01-11 08:42:59
CONT2022000293,2022-01-19 09:58:06,
CONT2022000294,2022-01-11 18:46:25,
CONT2022000295,2022-01-18 09:12:43,2022-01-19 02:20:52
CONT2022000296,2022-01-14 13:43:46,2022-01-15 09:25:44
CONT2022000297,2022-01-12 10:06:20,2022-01-22 23:14:20
CONT2022000298,2022-01-10 16:36:03,2022-01-22 18:11:05
CONT2022000299,2022-01-10 08:14:12,2022-01-23 09:34:10
CONT2022000300,2022-01-20 02:41:06,2022-01-23 02:28:21
CONT2022000301,2022-01-16 20:07:00,
CONT2022000302,2022-01-14 14:14:54,2022-01-22 14:54:40
CONT2022000303,2022-01-10 08:59:05,2022-01-23 06:59:13
CONT2022000304,2022-01-14 00:12:10,2022-01-22 18:27:50
CONT2022000305,2022-01-15 12:41:41,
CONT2022000306,2022-01-18 18:17:05,2022-01-20 00:16:54
CONT2022000307,2022-01-10 13:40:59,2022-01-23 16:32:25
CONT2022000308,2022-01-10 00:19:44,2022-01-11 02:30:16
CONT2022000309,2022-01-17 02:11:52,2022-01-18 06:39:46
CONT2022000310,2022-01-17 13:56:14,2022-01-18 10:18:19
CONT2022000311,2022-01-11 01:45:16,2022-01-12 02:55:35
CONT2022000312,2022-01-19 08:23:13,2022-01-23 13:45:53
CONT2022000313,2022-01-10 03:23:06,2022-01-23 10:53:49
CONT2022000314,2022-01-19 17:25:27,
CONT2022000315,2022-01-14 19:12:41,
CONT2022000316,2022-01-13 12:16:28,2022-01-14 11:52:13
CONT2022000317,2022-01-19 16:05:49,
CONT2022000318,2022-01-11 02:13:01,2022-01-23 11:23:29
CONT2022000319,2022-01-19 03:54:12,2022-01-20 05:33:07
CONT2022000320,2022-01-11 03:40:07,2022-01-23 12:39:06
CONT2022000321,2022-01-17 13:21:10,2022-01-18 13:01:05
CONT2022000322,2022-01-19 16:50:41,2022-01-20 08:38:16
CONT2022000323,2022-01-13 18:58:06,2022-01-14 01:30:25
CONT2022000324,2022-01-10 02:16:06,2022-01-23 17:47:09
CONT2022000325,2022-01-16 15:09:26,2022-01-17 15:12:07
CONT2022000326,2022-01-11 10:52:48,2022-01-12 10:22:04
CONT2022000327,2022-01-15 08:03:17,2022-01-16 19:59:14
CONT2022000328,2022-01-11 16:16:49,2022-01-23 08:45:21
CONT2022000329,2022-01-17 15:04:52,2022-01-24 02:26:32
CONT2022000330,2022-01-15 16:13:46,2022-01-23 16:18:07
CONT2022000331,2022-01-11 13:59:29,2022-01-23 13:40:21
CONT2022000332,2022-01-14 05:26:36,
CONT2022000333,2022-01-11 04:00:08,2022-01-23 15:58:20
CONT2022000334,2022-01-20 15:20:24,2022-01-22 17:48:18
CONT2022000335,2022-01-19 17:25:51,2022-01-23 19:28:30
CONT2022000336,2022-01-17 08:28:36,2022-01-17 23:27:30
CONT2022000337,2022-01-14 23:23:40,
CONT2022000338,2022-01-13 17:14:44,2022-01-23 21:47:00
CONT2022000339,2022-01-14 08:20:59,
CONT2022000340,2022-01-13 05:46:20,
CONT2022000341,2022-01-10 20:25:51,
CONT2022000342,2022-01-12 00:30:55,2022-01-24 19:55:04
CONT2022000343,2022-01-15 09:14:10,
CONT2022000344,2022-01-12 23:33:38,2022-01-14 03:13:39
CONT2022000345,2022-01-18 02:15:53,2022-01-24 06:01:04
CONT2022000346,2022-01-10 22:22:51,2022-01-12 09:44:38
CONT2022000347,2022-01-20 15:00:56,
CONT2022000348,2022-01-19 23:33:09,2022-01-21 03:36:35
CONT2022000349,2022-01-15 17:50:50,2022-01-16 10:31:31
CONT2022000350,2022-01-15 19:01:47,
CONT2022000351,2022-01-14 06:13:34,
CONT2022000352,2022-01-20 19:31:24,2022-01-21 10:26:56
CONT2022000353,2022-01-11 10:12:08,2022-01-24 20:03:29
CONT2022000354,2022-01-13 15:38:30,2022-01-24 10:32:22
CONT2022000355,2022-01-15 02:54:27,2022-01-16 16:36:28
CONT2022000356,2022-01-12 01:48:25,2022-01-13 04:47:08
CONT2022000357,2022-01-19 01:46:50,2022-01-25 04:33:42
CONT2022000358,2022-01-19 10:16:57,2022-01-20 05:04:08
CONT2022000359,2022-01-20 11:11:59,
CONT2022000360,2022-01-19 16:36:31,2022-01-25 00:55:51
CONT2022000361,2022-01-17 04:50:05,2022-01-18 08:56:09
CONT2022000362,2022-01-13 06:50:57,2022-01-24 17:36:07
CONT2022000363,2022-01-16 16:39:40,2022-01-24 13:14:49
CONT2022000364,2022-01-12 02:45:28,2022-01-25 06:21:29
CONT2022000365,2022-01-12 06:36:17,2022-01-25 16:11:04
CONT2022000366,2022-01-21 03:33:49,2022-01-21 17:03:34
CONT2022000367,2022-01-15 16:18:46,2022-01-16 20:19:38
CONT2022000368,2022-01-15 20:15:34,2022-01-24 02:14:38
CONT2022000369,2022-01-11 22:19:07,2022-01-25 09:04:33
CONT2022000370,2022-01-20 04:54:10,2022-01-20 16:57:21
CONT2022000371,2022-01-22 00:42:43,2022-01-22 20:59:23
CONT2022000372,2022-01-18 21:12:58,2022-01-19 07:06:01
CONT2022000373,2022-01-12 19:33:43,2022-01-13 06:09:09
CONT2022000374,2022-01-15 13:59:38,
CONT2022000375,2022-01-19 14:50:44,
CONT2022000376,2022-01-18 19:45:14,2022-01-19 14:33:16
CONT2022000377,2022-01-15 09:37:26,2022-01-25 07:34:48
CONT2022000378,2022-01-18 06:09:39,2022-01-26 00:42:28
CONT2022000379,2022-01-22 20:40:59,2022-01-24 00:16:59
CONT2022000380,2022-01-21 15:11:23,2022-01-25 15:21:33
CONT2022000381,2022-01-15 08:05:01,2022-01-25 15:52:10
CONT2022000382,2022-01-15 18:52:35,2022-01-26 21:49:26
CONT2022000383,2022-01-13 20:41:58,2022-01-26 10:08:46
CONT2022000384,2022-01-17 02:11:04,2022-01-25 17:02:51
CONT2022000385,2022-01-19 19:24:46,2022-01-26 02:30:13
CONT2022000386,2022-01-13 13:58:43,2022-01-26 00:21:02
CONT2022000387,2022-01-18 17:58:21,2022-01-26 11:47:47
CONT2022000388,2022-01-14 14:04:18,
CONT2022000389,2022-01-17 05:32:37,2022-01-26 03:15:45
CONT2022000390,2022-01-21 01:52:01,2022-01-24 23:41:06
CONT2022000391,2022-01-19 04:01:09,2022-01-26 04:17:20
CONT2022000392,2022-01-18 07:12:30,2022-01-26 08:48:58
CONT2022000393,2022-01-21 15:56:07,2022-01-22 07:18:08
CONT2022000394,2022-01-17 16:09:41,2022-01-26 05:07:44
CONT2022000395,2022-01-23 11:57:00,2022-01-24 06:10:41
CONT2022000396,2022-01-13 05:26:35,2022-01-13 22:07:20
CONT2022000397,2022-01-17 07:36:36,2022-01-26 11:40:24
CONT2022000398,2022-01-15 21:08:35,2022-01-26 13:18:08
CONT2022000399,2022-01-14 07:37:23,
CONT2022000400,2022-01-18 08:00:53,
CONT2022000401,2022-01-16 16:00:21,
CONT2022000402,2022-01-15 22:10:40,
CONT2022000403,2022-01-19 21:50:50,2022-01-26 01:30:02
CONT2022000404,2022-01-20 22:31:21,2022-01-27 01:09:05
CONT2022000405,2022-01-19 11:35:27,
CONT2022000406,2022-01-21 01:45:30,2022-01-27 20:43:53
CONT2022000407,2022-01-24 18:34:29,2022-01-27 17:17:19
CONT2022000408,2022-01-21 05:30:41,2022-01-22 02:12:01
CONT2022000409,2022-01-19 12:14:59,2022-01-20 08:21:08
CONT2022000410,2022-01-21 22:15:59,
CONT2022000411,2022-01-23 10:41:33,2022-01-24 10:37:28
CONT2022000412,2022-01-21 21:39:59,2022-01-27 03:06:50
CONT2022000413,2022-01-22 18:26:57,
CONT2022000414,2022-01-15 13:10:18,2022-01-27 06:26:11
CONT2022000415,2022-01-14 03:59:18,2022-01-27 05:00:33
CONT2022000416,2022-01-16 21:55:17,
CONT2022000417,2022-01-23 07:57:27,2022-01-24 07:18:55
CONT2022000418,2022-01-17 19:21:59,2022-01-18 05:55:51
CONT2022000419,2022-01-14 09:12:19,2022-01-15 10:47:41
CONT2022000420,2022-01-15 12:11:48,2022-01-27 12:52:35
CONT2022000421,2022-01-14 11:43:50,2022-01-27 04:34:51
CONT2022000422,2022-01-21 01:57:07,2022-01-27 09:28:49
CONT2022000423,2022-01-21 12:18:14,2022-01-21 20:12:32
CONT2022000424,2022-01-14 21:47:58,2022-01-15 22:38:40
CONT2022000425,2022-01-18 22:24:51,
CONT2022000426,2022-01-15 05:57:55,2022-01-26 18:01:47
CONT2022000427,2022-01-17 15:02:43,
CONT2022000428,2022-01-20 08:37:32,
CONT2022000429,2022-01-18 04:08:52,2022-01-19 13:44:36
CONT2022000430,2022-01-17 21:52:17,2022-01-26 20:16:52
CONT2022000431,2022-01-15 21:54:31,2022-01-16 17:31:47
CONT2022000432,2022-01-20 02:42:26,2022-01-21 01:56:28
CONT2022000433,2022-01-21 16:47:49,2022-01-22 15:00:35
CONT2022000434,2022-01-14 14:05:04,2022-01-26 14:53:16
CONT2022000435,2022-01-21 09:05:08,2022-01-22 06:20:34
CONT2022000436,2022-01-22 16:08:55,2022-01-27 09:42:47
CONT2022000437,2022-01-14 03:57:34,
CONT2022000438,2022-01-24 08:59:37,2022-01-27 20:51:47
CONT2022000439,2022-01-16 07:56:51,
CONT2022000440,2022-01-20 05:13:42,2022-01-21 11:16:18
CONT2022000441,2022-01-20 08:53:26,
CONT2022000442,2022-01-15 18:07:06,2022-01-28 04:13:55
CONT2022000443,2022-01-24 10:17:24,2022-01-28 01:00:40
CONT2022000444,2022-01-23 03:23:29,2022-01-24 14:11:11
CONT2022000445,2022-01-15 01:54:16,2022-01-28 05:32:39
CONT2022000446,2022-01-24 19:53:34,2022-01-28 13:33:54
CONT2022000447,2022-01-19 05:32:48,
CONT2022000448,2022-01-24 21:19:27,2022-01-27 19:22:30
CONT2022000449,2022-01-14 17:32:11,2022-01-28 06:02:54
CONT2022000450,2022-01-19 14:46:59,2022-01-20 07:26:37
CONT2022000451,2022-01-24 00:42:37,2022-01-28 13:47:12
CONT2022000452,2022-01-21 06:59:20,2022-01-22 08:55:43
CONT2022000453,2022-01-24 01:55:52,2022-01-27 01:37:42
CONT2022000454,2022-01-23 11:57:59,2022-01-23 23:55:18
CONT2022000455,2022-01-20 14:05:06,2022-01-21 16:25:12
CONT2022000456,2022-01-21 14:58:27,2022-01-28 08:42:12
CONT2022000457,2022-01-21 07:51:43,2022-01-28 03:46:41
CONT2022000458,2022-01-24 18:56:48,
CONT2022000459,2022-01-15 09:18:00,2022-01-28 21:16:01
CONT2022000460,2022-01-14 22:53:15,2022-01-15 12:10:34
CONT2022000461,2022-01-24 07:38:44,2022-01-27 03:45:41
CONT2022000462,2022-01-25 14:01:47,2022-01-26 05:42:55
CONT2022000463,2022-01-21 23:11:43,2022-01-22 03:11:43
CONT2022000464,2022-01-18 16:56:35,2022-01-29 06:07:10
CONT2022000465,2022-01-15 13:24:27,
CONT2022000466,2022-01-19 20:28:17,2022-01-29 04:55:18
CONT2022000467,2022-01-20 08:58:08,2022-01-21 11:33:04
CONT2022000468,2022-01-20 09:50:27,2022-01-29 13:47:06
CONT2022000469,2022-01-23 00:45:29,2022-01-24 04:22:06
CONT2022000470,2022-01-23 21:29:05,2022-01-28 14:34:35
CONT2022000471,2022-01-20 00:04:01,2022-01-20 15:12:00
CONT2022000472,2022-01-22 20:24:18,2022-01-29 16:46:54
CONT2022000473,2022-01-24 22:22:07,
CONT2022000474,2022-01-17 04:02:42,2022-01-29 11:28:19
CONT2022000475,2022-01-24 10:55:32,2022-01-28 22:48:29
CONT2022000476,2022-01-19 08:05:27,
CONT2022000477,2022-01-24 07:18:45,2022-01-25 08:41:17
CONT2022000478,2022-01-17 15:04:47,2022-01-29 04:16:10
CONT2022000479,2022-01-23 10:17:58,
CONT2022000480,2022-01-23 03:41:07,2022-01-28 16:16:15
CONT2022000481,2022-01-16 04:12:59,2022-01-16 08:37:18
CONT2022000482,2022-01-25 01:43:23,2022-01-25 08:57:21
CONT2022000483,2022-01-24 22:54:06,2022-01-29 04:15:52
CONT2022000484,2022-01-21 14:29:10,
CONT2022000485,2022-01-24 02:41:52,2022-01-24 07:24:26
CONT2022000486,2022-01-19 17:26:00,2022-01-29 17:37:49
CONT2022000487,2022-01-22 02:16:24,2022-01-23 02:31:17
CONT2022000488,2022-01-19 12:07:48,
CONT2022000489,2022-01-23 09:07:29,2022-01-29 06:53:52
CONT2022000490,2022-01-25 19:02:01,2022-01-27 02:01:29
CONT2022000491,2022-01-16 06:26:09,2022-01-17 07:31:25
CONT2022000492,2022-01-18 10:56:23,2022-01-29 05:45:36
CONT2022000493,2022-01-21 03:05:30,2022-01-29 09:10:41
CONT2022000494,2022-01-17 11:26:48,2022-01-18 04:26:30
CONT2022000495,2022-01-26 13:45:19,2022-01-27 05:44:43
CONT2022000496,2022-01-23 05:16:40,2022-01-24 10:15:24
CONT2022000497,2022-01-21 06:35:40,2022-01-22 00:56:58
CONT2022000498,2022-01-25 11:45:24,2022-01-29 16:00:23
CONT2022000499,2022-01-26 13:45:42,2022-01-27 13:47:11
CONT2022000500,2022-01-20 04:26:02,2022-01-30 03:14:58
CONT2022000501,2022-01-25 00:20:30,2022-01-29 12:39:46
CONT2022000502,2022-01-21 01:44:40,
CONT2022000503,2022-01-17 06:28:17,2022-01-29 09:58:01
CONT2022000504,2022-01-19 02:05:25,2022-01-29 17:19:41
CONT2022000505,2022-01-28 06:15:02,
CONT2022000506,2022-01-26 08:39:36,2022-01-26 18:47:02
CONT2022000507,2022-01-28 19:23:01,
CONT2022000508,2022-01-29 00:17:48,2022-01-30 00:17:22
CONT2022000509,2022-01-29 13:51:55,2022-02-03 02:13:07
CONT2022000510,2022-01-21 22:06:52,2022-02-02 23:27:08
CONT2022000511,2022-01-24 15:25:49,2022-02-03 05:22:46
CONT2022000512,2022-01-22 21:33:50,2022-01-23 18:14:23
CONT2022000513,2022-01-28 15:28:00,2022-02-02 10:07:49
CONT2022000514,2022-01-29 03:09:24,2022-02-03 11:13:12
CONT2022000515,2022-01-21 20:14:05,2022-02-02 18:53:55
CONT2022000516,2022-01-22 11:38:58,2022-02-02 07:51:51
CONT2022000517,2022-01-22 01:20:07,2022-01-23 00:49:24
CONT2022000518,2022-01-26 15:45:46,2022-01-27 20:02:02
CONT2022000519,2022-01-29 14:29:52,2022-02-04 12:44:40
CONT2022000520,2022-01-25 17:45:47,
CONT2022000521,2022-01-30 00:31:22,2022-01-30 19:19:04
CONT2022000522,2022-01-31 16:50:32,2022-02-02 03:15:14
CONT2022000523,2022-01-29 00:20:25,2022-02-03 12:53:23
CONT2022000524,2022-01-23 05:52:49,
CONT2022000525,2022-01-22 13:05:54,
CONT2022000526,2022-01-31 12:30:12,
CONT2022000527,2022-01-30 14:56:24,2022-01-31 13:49:24
CONT2022000528,2022-01-29 12:37:30,2022-02-03 15:53:26
CONT2022000529,2022-01-30 07:34:52,2022-02-03 07:40:12
CONT2022000530,2022-01-24 09:29:23,2022-02-03 18:06:02
CONT2022000531,2022-01-21 22:18:46,2022-02-03 02:28:09
CONT2022000532,2022-01-28 03:52:12,2022-01-29 02:02:58
CONT2022000533,2022-01-23 17:12:58,2022-02-03 08:06:11
CONT2022000534,2022-01-30 23:37:13,2022-02-01 08:34:14
CONT2022000535,2022-01-24 19:45:46,
CONT2022000536,2022-01-30 16:12:02,2022-01-31 14:25:52
CONT2022000537,2022-01-24 14:14:55,
CONT2022000538,2022-01-21 13:09:13,2022-01-22 03:54:00
CONT2022000539,2022-01-30 04:49:57,2022-01-31 09:30:21
CONT2022000540,2022-01-21 02:32:29,
CONT2022000541,2022-01-29 06:56:51,2022-02-03 06:59:34
CONT2022000542,2022-01-24 18:22:26,2022-01-24 22:22:26
CONT2022000543,2022-01-28 09:47:07,2022-01-29 12:56:40
CONT2022000544,2022-01-21 18:23:38,
CONT2022000545,2022-01-23 17:33:23,2022-01-24 03:37:06
CONT2022000546,2022-01-23 06:31:34,2022-02-04 09:22:31
CONT2022000547,2022-01-24 18:56:51,2022-02-03 09:05:49
CONT2022000548,2022-01-22 18:25:16,2022-02-02 23:01:51
CONT2022000549,2022-01-31 11:55:28,2022-02-01 06:16:55
CONT2022000550,2022-01-22 20:53:25,
CONT2022000551,2022-01-29 21:34:43,2022-02-03 11:19:39
CONT2022000552,2022-01-29 20:39:54,2022-02-03 11:04:46
CONT2022000553,2022-01-22 10:58:02,2022-01-23 21:06:46
CONT2022000554,2022-02-01 02:55:20,2022-02-02 10:07:05
CONT2022000555,2022-01-27 21:36:25,2022-01-28 11:37:20
CONT2022000556,2022-02-01 14:09:31,2022-02-04 23:18:58
CONT2022000557,2022-01-27 06:49:30,
CONT2022000558,2022-01-31 22:38:10,2022-02-04 12:25:19
CONT2022000559,2022-01-28 02:09:21,2022-01-28 06:09:21
CONT2022000560,2022-01-28 16:07:00,2022-02-04 06:33:11
CONT2022000561,2022-01-25 12:57:08,2022-02-05 04:49:40
CONT2022000562,2022-01-23 07:23:46,
CONT2022000563,2022-01-27 23:57:32,
CONT2022000564,2022-01-28 17:46:51,
CONT2022000565,2022-01-29 02:16:52,2022-02-04 17:00:18
CONT2022000566,2022-01-22 20:31:10,2022-01-24 00:54:37
CONT2022000567,2022-01-28 09:15:18,2022-01-29 10:46:32
CONT2022000568,2022-01-24 02:34:40,2022-02-04 23:56:01
CONT2022000569,2022-01-26 13:43:14,2022-01-26 17:43:14
CONT2022000570,2022-02-01 23:20:10,2022-02-04 13:06:10
CONT2022000571,2022-01-24 23:05:57,
CONT2022000572,2022-01-24 19:11:09,2022-02-05 18:01:27
CONT2022000573,2022-01-29 20:54:37,2022-02-04 18:19:07
CONT2022000574,2022-01-28 07:46:32,2022-01-29 04:59:12
CONT2022000575,2022-01-24 21:58:35,2022-02-05 11:30:18
CONT2022000576,2022-02-02 07:13:06,2022-02-03 01:48:34
CONT2022000577,2022-01-30 17:19:14,2022-02-05 22:49:32
CONT2022000578,2022-01-31 04:53:10,2022-01-31 11:02:39
CONT2022000579,2022-01-29 08:42:26,2022-02-05 01:31:13
CONT2022000580,2022-01-23 17:37:21,2022-01-24 23:39:49
CONT2022000581,2022-01-29 17:30:38,2022-02-06 03:21:02
CONT2022000582,2022-01-24 12:46:28,2022-02-06 02:09:37
CONT2022000583,2022-02-01 09:24:40,2022-02-02 09:51:31
CONT2022000584,2022-01-29 19:41:34,2022-02-05 06:12:29
CONT2022000585,2022-01-28 19:17:41,2022-01-29 19:55:47
CONT2022000586,2022-01-23 10:11:15,2022-01-23 16:02:06
CONT2022000587,2022-02-02 03:34:59,2022-02-03 10:42:39
CONT2022000588,2022-01-28 23:06:03,2022-02-06 04:13:10
CONT2022000589,2022-01-29 22:14:29,2022-02-07 01:42:16
CONT2022000590,2022-01-30 05:10:10,2022-01-30 15:18:33
CONT2022000591,2022-01-24 13:38:06,
CONT2022000592,2022-02-03 03:24:26,2022-02-03 18:12:44
CONT2022000593,2022-02-02 07:31:16,2022-02-06 05:56:12
CONT2022000594,2022-01-27 19:27:28,2022-01-28 16:52:02
CONT2022000595,2022-01-25 02:45:54,2022-01-25 09:22:10
CONT2022000596,2022-01-23 12:43:38,2022-02-06 16:43:37
CONT2022000597,2022-01-23 16:23:07,2022-01-23 20:23:07
CONT2022000598,2022-01-26 08:01:55,2022-02-05 19:06:12
CONT2022000599,2022-01-30 00:55:17,2022-01-30 16:07:22
CONT2022000600,2022-01-24 13:29:02,2022-01-25 02:11:55
CONT2022000601,2022-01-30 22:19:18,2022-02-01 05:27:40
CONT2022000602,2022-01-28 23:43:31,2022-02-06 10:09:19
CONT2022000603,2022-02-02 06:32:49,
CONT2022000604,2022-01-25 16:59:38,2022-02-06 11:39:49
CONT2022000605,2022-02-02 03:57:38,2022-02-03 06:20:36
CONT2022000606,2022-02-01 17:48:49,2022-02-01 23:47:40
CONT2022000607,2022-01-28 02:54:44,2022-02-07 19:57:50
CONT2022000608,2022-02-02 18:15:48,2022-02-06 20:57:36
CONT2022000609,2022-01-30 08:24:38,
CONT2022000610,2022-02-01 10:28:16,2022-02-01 19:28:01
CONT2022000611,2022-02-03 06:06:58,2022-02-04 02:07:20
CONT2022000612,2022-01-28 16:42:03,2022-02-07 08:21:19
CONT2022000613,2022-02-03 13:52:17,
CONT2022000614,2022-02-03 19:17:26,2022-02-05 00:30:42
CONT2022000615,2022-02-04 00:58:26,2022-02-06 19:05:24
CONT2022000616,2022-01-30 01:49:37,
CONT2022000617,2022-02-03 11:47:45,2022-02-08 12:03:55
CONT2022000618,2022-01-31 17:08:29,2022-02-01 13:41:46
CONT2022000619,2022-01-31 15:54:52,2022-02-08 13:18:46
CONT2022000620,2022-01-30 22:31:25,2022-02-09 00:37:26
CONT2022000621,2022-01-30 13:30:38,2022-02-01 04:36:52
CONT2022000622,2022-02-03 13:09:40,2022-02-07 18:55:30
CONT2022000623,2022-02-03 21:59:39,2022-02-08 20:32:55
CONT2022000624,2022-02-05 08:10:28,2022-02-08 12:46:26
CONT2022000625,2022-01-28 11:10:30,2022-01-29 09:01:12
CONT2022000626,2022-02-04 18:54:27,
CONT2022000627,2022-01-28 21:30:58,
CONT2022000628,2022-02-03 05:07:53,2022-02-04 02:48:51
CONT2022000629,2022-02-01 04:30:51,2022-02-08 00:42:20
CONT2022000630,2022-02-01 08:47:48,2022-02-08 15:21:50
CONT2022000631,2022-01-29 00:03:20,2022-02-08 04:11:35
CONT2022000632,2022-01-29 10:33:46,2022-02-08 14:27:24
CONT2022000633,2022-01-28 04:23:54,2022-02-08 15:04:43
CONT2022000634,2022-02-03 20:29:14,2022-02-04 14:02:37
CONT2022000635,2022-01-29 05:33:50,2022-02-09 05:27:15
CONT2022000636,2022-02-04 10:54:34,2022-02-05 04:02:36
CONT2022000637,2022-02-03 11:18:20,2022-02-08 19:37:13
CONT2022000638,2022-02-04 07:46:32,2022-02-04 18:12:08
CONT2022000639,2022-02-01 10:49:37,2022-02-02 04:12:16
CONT2022000640,2022-02-03 13:35:53,2022-02-03 17:35:53
CONT2022000641,2022-01-31 03:33:35,
CONT2022000642,2022-02-06 08:02:32,2022-02-10 06:06:00
CONT2022000643,2022-02-04 04:49:43,2022-02-09 10:05:14
CONT2022000644,2022-01-28 06:38:24,2022-01-29 01:54:16
CONT2022000645,2022-02-01 05:31:47,
CONT2022000646,2022-01-29 19:56:53,2022-01-30 21:32:19
CONT2022000647,2022-01-29 14:02:37,2022-02-09 14:31:56
CONT2022000648,2022-02-04 18:30:18,2022-02-09 20:17:43
CONT2022000649,2022-02-04 13:47:50,2022-02-05 15:31:40
CONT2022000650,2022-01-27 17:51:43,2022-02-09 19:01:47
CONT2022000651,2022-02-01 07:31:46,2022-02-02 01:13:16
CONT2022000652,2022-02-03 13:38:02,2022-02-09 04:40:58
CONT2022000653,2022-01-31 12:52:08,
CONT2022000654,2022-02-01 00:55:10,2022-02-01 05:03:50
CONT2022000655,2022-01-28 02:54:48,2022-02-09 09:05:51
CONT2022000656,2022-02-01 00:46:48,2022-02-09 08:53:23
CONT2022000657,2022-01-27 23:12:55,2022-01-28 03:40:50
CONT2022000658,2022-01-27 05:58:19,2022-02-10 07:16:04
CONT2022000659,2022-01-29 02:31:28,
CONT2022000660,2022-01-29 12:52:23,2022-02-09 16:31:26
CONT2022000661,2022-02-05 07:22:56,2022-02-10 03:38:51
CONT2022000662,2022-02-03 01:29:48,2022-02-03 18:53:13
CONT2022000663,2022-02-04 01:30:28,2022-02-04 17:49:04
CONT2022000664,2022-01-30 21:03:54,2022-02-09 14:28:50
CONT2022000665,2022-02-05 09:51:27,2022-02-06 12:19:50
CONT2022000666,2022-01-31 19:52:49,
CONT2022000667,2022-02-06 00:52:21,2022-02-10 08:57:21
CONT2022000668,2022-01-28 02:01:48,2022-02-10 05:41:21
CONT2022000669,2022-02-06 22:57:20,2022-02-08 04:46:26
CONT2022000670,2022-01-28 20:03:09,2022-01-29 06:16:01
CONT2022000671,2022-01-31 00:52:55,
CONT2022000672,2022-02-06 19:53:33,2022-02-10 10:46:14
CONT2022000673,2022-02-03 00:20:48,2022-02-10 17:23:37
CONT2022000674,2022-02-06 16:35:54,2022-02-09 18:13:30
CONT2022000675,2022-02-01 07:29:19,2022-02-10 00:09:10
CONT2022000676,2022-02-05 18:56:40,2022-02-07 02:43:01
CONT2022000677,2022-02-03 21:18:22,
CONT2022000678,2022-01-27 08:03:25,
CONT2022000679,2022-01-28 17:31:13,
CONT2022000680,2022-01-30 21:46:10,2022-01-31 13:44:06
CONT2022000681,2022-01-29 02:19:50,2022-01-29 21:51:12
CONT2022000682,2022-02-05 02:34:31,2022-02-10 01:27:54
CONT2022000683,2022-02-06 03:57:23,2022-02-10 07:39:14
CONT2022000684,2022-02-02 01:32:37,2022-02-10 00:47:36
CONT2022000685,2022-01-29 18:34:49,2022-01-30 07:45:09
CONT2022000686,2022-02-03 02:00:16,2022-02-10 17:59:50
CONT2022000687,2022-01-29 00:35:42,2022-01-30 03:15:37
CONT2022000688,2022-02-01 20:30:38,2022-02-10 09:50:36
CONT2022000689,2022-01-29 00:25:01,2022-01-29 15:11:36
CONT2022000690,2022-01-29 04:27:16,2022-01-30 04:14:22
CONT2022000691,2022-02-03 17:23:22,2022-02-11 02:41:23
CONT2022000692,2022-01-29 19:49:11,2022-02-11 22:58:07
CONT2022000693,2022-01-28 20:08:20,2022-02-12 07:38:21
CONT2022000694,2022-02-07 20:17:04,
CONT2022000695,2022-02-08 16:18:54,
CONT2022000696,2022-02-06 02:16:00,2022-02-10 11:28:39
CONT2022000697,2022-02-08 00:01:39,2022-02-08 17:54:40
CONT2022000698,2022-02-03 00:34:26,
CONT2022000699,2022-02-05 08:05:29,2022-02-11 17:49:06
CONT2022000700,2022-02-05 07:29:43,2022-02-11 19:25:52
CONT2022000701,2022-01-29 14:45:08,2022-01-30 07:07:16
CONT2022000702,2022-02-04 17:35:27,2022-02-05 23:26:11
CONT2022000703,2022-02-01 12:49:18,2022-02-12 02:26:43
CONT2022000704,2022-01-29 02:29:47,2022-02-11 05:54:09
CONT2022000705,2022-01-30 10:18:37,2022-02-11 17:29:13
CONT2022000706,2022-02-04 16:51:08,2022-02-10 21:35:18
CONT2022000707,2022-02-06 20:50:09,2022-02-12 02:30:39
CONT2022000708,2022-02-08 13:11:31,2022-02-09 06:51:02
CONT2022000709,2022-02-06 07:12:52,2022-02-07 11:27:35
CONT2022000710,2022-02-01 13:11:03,
CONT2022000711,2022-01-30 14:31:11,2022-02-11 20:39:59
CONT2022000712,2022-01-29 15:42:11,2022-02-12 03:34:31
CONT2022000713,2022-02-03 14:26:12,2022-02-12 05:18:10
CONT2022000714,2022-02-05 14:56:25,2022-02-05 18:56:25
CONT2022000715,2022-02-07 03:38:48,2022-02-12 09:09:20
CONT2022000716,2022-02-03 11:29:50,2022-02-04 06:57:32
CONT2022000717,2022-02-03 17:10:02,2022-02-12 13:58:53
CONT2022000718,2022-02-01 11:01:53,2022-02-11 06:12:15
CONT2022000719,2022-02-08 21:23:57,2022-02-12 18:50:03
CONT2022000720,2022-01-29 21:46:28,2022-01-30 09:14:47
CONT2022000721,2022-02-03 17:49:46,2022-02-12 13:53:11
CONT2022000722,2022-02-03 04:21:46,2022-02-11 15:09:58
CONT2022000723,2022-01-31 09:39:07,2022-02-01 05:36:39
CONT2022000724,2022-02-02 03:28:40,2022-02-12 15:54:32
CONT2022000725,2022-02-03 10:14:42,
CONT2022000726,2022-01-31 03:28:32,
CONT2022000727,2022-01-29 19:45:04,2022-01-30 04:50:18
CONT2022000728,2022-02-07 12:13:19,2022-02-07 16:13:19
CONT2022000729,2022-02-02 18:29:08,2022-02-12 00:18:48
CONT2022000730,2022-02-01 03:27:36,
CONT2022000731,2022-02-06 11:32:54,2022-02-07 08:29:07
CONT2022000732,2022-02-05 23:03:04,2022-02-11 04:37:55
CONT2022000733,2022-02-02 12:52:25,2022-02-03 18:49:17
CONT2022000734,2022-02-07 07:08:04,
CONT2022000735,2022-02-06 19:31:12,
CONT2022000736,2022-02-03 08:25:55,
CONT2022000737,2022-02-04 23:56:20,2022-02-11 04:12:25
CONT2022000738,2022-02-02 15:56:23,2022-02-11 13:16:48
CONT2022000739,2022-02-06 14:40:31,2022-02-07 10:04:50
CONT2022000740,2022-01-31 11:08:57,2022-02-11 13:06:35
CONT2022000741,2022-01-28 22:48:58,2022-01-30 05:44:50
CONT2022000742,2022-02-08 13:38:16,
CONT2022000743,2022-02-04 13:26:36,2022-02-13 14:23:52
CONT2022000744,2022-02-07 15:10:43,2022-02-08 03:27:37
CONT2022000745,2022-02-02 15:18:51,2022-02-13 19:08:40
CONT2022000746,2022-02-06 17:32:27,
CONT2022000747,2022-02-01 18:26:46,2022-02-14 00:41:29
CONT2022000748,2022-02-02 02:47:22,2022-02-13 12:33:36
CONT2022000749,2022-01-31 03:24:30,2022-01-31 21:46:31
CONT2022000750,2022-02-01 08:01:47,2022-02-01 19:43:00
CONT2022000751,2022-01-31 13:43:17,
CONT2022000752,2022-02-07 13:14:59,2022-02-13 07:08:12
CONT2022000753,2022-01-31 14:22:16,2022-02-02 00:55:45
CONT2022000754,2022-02-01 10:22:32,2022-02-02 17:15:00
CONT2022000755,2022-02-08 08:45:00,2022-02-13 15:01:27
CONT2022000756,2022-01-31 01:24:23,2022-02-14 08:45:38
CONT2022000757,2022-01-30 19:03:22,2022-01-31 09:55:20
CONT2022000758,2022-02-05 05:45:47,2022-02-06 10:44:06
CONT2022000759,2022-01-31 23:11:09,2022-02-02 06:40:36
CONT2022000760,2022-02-07 19:20:54,2022-02-14 00:23:31
CONT2022000761,2022-01-31 19:54:14,2022-02-14 00:03:20
CONT2022000762,2022-02-02 20:30:25,2022-02-14 00:35:44
CONT2022000763,2022-02-01 10:20:54,2022-02-13 02:10:55
CONT2022000764,2022-02-02 09:55:23,2022-02-14 05:21:22
CONT2022000765,2022-02-07 14:01:18,2022-02-08 05:58:40
CONT2022000766,2022-02-04 02:31:20,2022-02-05 03:23:43
CONT2022000767,2022-02-03 14:14:34,2022-02-04 12:45:21
CONT2022000768,2022-02-02 02:53:24,2022-02-14 09:51:39
CONT2022000769,2022-02-09 10:04:39,2022-02-10 04:36:18
CONT2022000770,2022-02-09 07:03:00,2022-02-14 18:41:39
CONT2022000771,2022-02-04 06:10:01,
CONT2022000772,2022-02-11 02:42:40,2022-02-12 00:19:49
CONT2022000773,2022-02-05 02:30:02,2022-02-14 03:28:14
CONT2022000774,2022-02-01 09:25:37,
CONT2022000775,2022-02-01 07:29:45,2022-02-14 21:23:41
CONT2022000776,2022-02-03 01:00:56,
CONT2022000777,2022-02-06 10:36:02,2022-02-14 12:06:02
CONT2022000778,2022-02-03 11:04:53,2022-02-14 12:23:11
CONT2022000779,2022-02-03 08:57:52,2022-02-14 04:59:50
CONT2022000780,2022-02-04 06:33:10,2022-02-14 14:20:25
CONT2022000781,2022-02-09 04:09:55,
CONT2022000782,2022-02-01 18:51:58,2022-02-02 02:10:46
CONT2022000783,2022-02-06 09:02:34,2022-02-06 13:02:34
CONT2022000784,2022-02-06 15:21:54,2022-02-06 19:21:54
CONT2022000785,2022-02-09 22:23:17,
CONT2022000786,2022-02-02 14:32:03,
CONT2022000787,2022-02-11 18:46:59,2022-02-15 08:12:48
CONT2022000788,2022-02-09 11:06:27,2022-02-10 18:58:39
CONT2022000789,2022-02-03 14:05:02,2022-02-15 04:57:24
CONT2022000790,2022-02-07 23:52:10,2022-02-15 10:45:30
CONT2022000791,2022-02-04 15:10:31,2022-02-14 23:55:40
CONT2022000792,2022-02-03 04:21:40,2022-02-14 05:48:16
CONT2022000793,2022-02-09 10:08:05,2022-02-15 00:31:46
CONT2022000794,2022-02-06 23:23:10,2022-02-14 21:02:45
CONT2022000795,2022-02-05 06:32:18,
CONT2022000796,2022-02-04 03:12:55,2022-02-04 15:14:15
CONT2022000797,2022-02-03 01:56:52,2022-02-15 23:32:01
CONT2022000798,2022-02-03 09:47:59,2022-02-14 21:16:32
CONT2022000799,2022-02-11 00:29:37,2022-02-14 22:30:02
CONT2022000800,2022-02-02 19:21:44,2022-02-03 11:21:47
CONT2022000801,2022-02-01 14:36:31,2022-02-15 16:34:32
CONT2022000802,2022-02-11 19:46:31,2022-02-12 09:57:40
CONT2022000803,2022-02-05 04:04:02,2022-02-15 06:03:21
CONT2022000804,2022-02-03 00:28:26,2022-02-15 01:41:34
CONT2022000805,2022-02-09 00:01:53,2022-02-10 17:42:51
CONT2022000806,2022-02-06 07:39:31,2022-02-15 09:19:55
CONT2022000807,2022-02-11 13:42:46,2022-02-15 11:46:50
CONT2022000808,2022-02-06 09:42:21,2022-02-15 18:34:28
CONT2022000809,2022-02-07 11:43:37,
CONT2022000810,2022-02-08 01:44:43,2022-02-15 14:23:31
CONT2022000811,2022-02-07 04:44:45,2022-02-07 18:23:53
CONT2022000812,2022-02-08 23:55:40,2022-02-09 05:15:30
CONT2022000813,2022-02-10 03:37:47,2022-02-15 23:00:34
CONT2022000814,2022-02-07 14:35:18,2022-02-08 03:25:02
CONT2022000815,2022-02-10 14:50:13,2022-02-15 20:47:28
CONT2022000816,2022-02-10 10:22:06,2022-02-10 23:46:16
CONT2022000817,2022-02-06 23:00:39,2022-02-07 15:50:55
CONT2022000818,2022-02-12 19:04:36,2022-02-15 03:37:03
CONT2022000819,2022-02-11 20:23:14,2022-02-15 11:39:23
CONT2022000820,2022-02-11 19:13:22,2022-02-16 05:55:33
CONT2022000821,2022-02-03 03:08:30,2022-02-03 21:13:53
CONT2022000822,2022-02-05 23:34:09,2022-02-14 22:41:51
CONT2022000823,2022-02-11 23:01:16,2022-02-15 02:39:39
CONT2022000824,2022-02-01 19:14:36,2022-02-02 19:34:52
CONT2022000825,2022-02-03 04:22:46,2022-02-04 09:44:54
CONT2022000826,2022-02-10 13:23:54,2022-02-10 21:31:17
CONT2022000827,2022-02-09 21:12:16,2022-02-16 12:35:10
CONT2022000828,2022-02-07 07:14:30,2022-02-15 13:17:24
CONT2022000829,2022-02-12 10:16:06,2022-02-13 23:32:29
CONT2022000830,2022-02-03 15:09:39,2022-02-15 07:20:16
CONT2022000831,2022-02-08 05:59:44,2022-02-15 10:10:00
CONT2022000832,2022-02-05 19:56:42,
CONT2022000833,2022-02-04 09:22:13,2022-02-05 18:28:55
CONT2022000834,2022-02-11 10:32:27,2022-02-12 16:45:49
CONT2022000835,2022-02-03 16:50:19,2022-02-15 15:42:43
CONT2022000836,2022-02-03 03:51:39,2022-02-14 16:52:48
CONT2022000837,2022-02-05 17:15:51,2022-02-16 06:27:14
CONT2022000838,2022-02-05 18:09:11,2022-02-15 02:46:17
CONT2022000839,2022-02-09 08:11:17,2022-02-10 00:47:55
CONT2022000840,2022-02-07 00:18:12,2022-02-07 21:08:44
CONT2022000841,2022-02-08 20:48:24,2022-02-15 23:00:03
CONT2022000842,2022-02-08 03:04:11,2022-02-09 01:56:32
CONT2022000843,2022-02-07 12:39:48,2022-02-07 16:47:09
CONT2022000844,2022-02-10 13:18:54,2022-02-15 18:00:18
CONT2022000845,2022-02-09 03:00:11,2022-02-09 13:44:38
CONT2022000846,2022-02-03 12:17:39,
CONT2022000847,2022-02-11 11:45:53,2022-02-12 07:39:11
CONT2022000848,2022-02-04 21:36:52,2022-02-16 03:58:30
CONT2022000849,2022-02-07 05:28:20,2022-02-07 19:35:56
CONT2022000850,2022-02-03 17:50:06,2022-02-15 22:04:14
CONT2022000851,2022-02-04 18:52:06,2022-02-15 09:14:12
CONT2022000852,2022-02-10 18:44:00,2022-02-15 22:45:17
CONT2022000853,2022-02-12 07:17:36,2022-02-15 23:35:18
CONT2022000854,2022-02-10 08:52:45,2022-02-15 20:16:16
CONT2022000855,2022-02-05 10:03:43,2022-02-15 17:55:56
CONT2022000856,2022-02-09 06:34:56,2022-02-09 18:45:22
CONT2022000857,2022-02-03 05:23:27,
CONT2022000858,2022-02-08 21:25:07,2022-02-09 15:26:46
CONT2022000859,2022-02-10 13:02:03,2022-02-11 16:20:48
CONT2022000860,2022-02-07 20:11:37,2022-02-17 16:51:13
CONT2022000861,2022-02-10 17:58:02,2022-02-11 11:22:55
CONT2022000862,2022-02-09 02:25:12,2022-02-16 08:21:53
CONT2022000863,2022-02-10 08:51:39,2022-02-17 03:06:11
CONT2022000864,2022-02-06 16:15:32,2022-02-16 04:30:00
CONT2022000865,2022-02-03 00:45:27,2022-02-04 12:33:01
CONT2022000866,2022-02-06 02:25:33,2022-02-07 05:04:40
CONT2022000867,2022-02-13 14:46:58,
CONT2022000868,2022-02-09 21:38:27,2022-02-10 13:41:51
CONT2022000869,2022-02-05 23:37:56,2022-02-16 11:13:03
CONT2022000870,2022-02-04 20:46:16,2022-02-05 05:56:53
CONT2022000871,2022-02-07 16:39:11,2022-02-08 15:18:43
CONT2022000872,2022-02-05 08:09:55,2022-02-16 12:28:39
CONT2022000873,2022-02-07 10:39:03,2022-02-08 03:09:49
CONT2022000874,2022-02-11 20:16:36,2022-02-15 22:47:11
CONT2022000875,2022-02-11 06:12:12,2022-02-12 04:39:15
CONT2022000876,2022-02-06 13:03:26,2022-02-15 19:56:50
CONT2022000877,2022-02-12 09:39:03,2022-02-16 07:17:51
CONT2022000878,2022-02-02 21:49:48,2022-02-03 17:30:10
CONT2022000879,2022-02-07 02:12:15,2022-02-16 09:06:35
CONT2022000880,2022-02-07 21:34:32,2022-02-15 21:48:43
CONT2022000881,2022-02-13 05:02:28,2022-02-14 12:14:11
CONT2022000882,2022-02-12 03:05:44,2022-02-16 22:09:43
CONT2022000883,2022-02-11 17:37:42,2022-02-13 02:20:40
CONT2022000884,2022-02-07 01:26:14,2022-02-08 08:38:57
CONT2022000885,2022-02-09 12:41:02,
CONT2022000886,2022-02-07 04:37:12,2022-02-17 03:50:23
CONT2022000887,2022-02-06 03:59:19,
CONT2022000888,2022-02-13 02:08:08,2022-02-17 01:28:39
CONT2022000889,2022-02-07 19:12:46,2022-02-16 12:34:57
CONT2022000890,2022-02-08 17:00:33,2022-02-17 02:26:31
CONT2022000891,2022-02-05 14:52:38,2022-02-16 06:23:23
CONT2022000892,2022-02-02 21:48:27,2022-02-03 22:58:35
CONT2022000893,2022-02-05 05:18:09,2022-02-17 05:29:36
CONT2022000894,2022-02-10 09:42:01,2022-02-11 22:53:12
CONT2022000895,2022-02-08 19:48:54,2022-02-09 15:57:39
CONT2022000896,2022-02-11 05:16:38,2022-02-12 10:59:40
CONT2022000897,2022-02-05 23:51:31,2022-02-16 05:32:32
CONT2022000898,2022-02-09 15:32:38,2022-02-15 16:47:54
CONT2022000899,2022-02-09 22:30:35,2022-02-16 03:45:37
CONT2022000900,2022-02-10 06:03:39,2022-02-11 06:42:52
CONT2022000901,2022-02-07 10:58:38,2022-02-17 04:45:03
CONT2022000902,2022-02-10 01:41:47,2022-02-10 16:13:15
CONT2022000903,2022-02-03 13:27:47,2022-02-15 17:58:21
CONT2022000904,2022-02-08 11:35:51,2022-02-16 00:47:39
CONT2022000905,2022-02-11 02:40:46,
CONT2022000906,2022-02-06 15:47:56,2022-02-07 09:12:00
CONT2022000907,2022-02-08 23:13:58,
CONT2022000908,2022-02-13 11:21:21,2022-02-15 19:44:08
CONT2022000909,2022-02-06 21:39:49,2022-02-07 16:42:25
CONT2022000910,2022-02-06 22:02:00,2022-02-07 13:19:54
CONT2022000911,2022-02-06 15:58:13,2022-02-07 04:58:36
CONT2022000912,2022-02-08 20:20:50,2022-02-16 17:43:52
CONT2022000913,2022-02-14 05:25:41,2022-02-16 21:33:29
CONT2022000914,2022-02-06 14:43:27,
CONT2022000915,2022-02-07 23:47:25,
CONT2022000916,2022-02-10 11:46:04,2022-02-16 18:09:51
CONT2022000917,2022-02-13 18:18:35,2022-02-14 03:56:52
CONT2022000918,2022-02-05 12:47:46,2022-02-16 22:32:53
CONT2022000919,2022-02-09 15:25:29,2022-02-16 16:51:13
CONT2022000920,2022-02-05 06:33:25,
CONT2022000921,2022-02-09 01:35:15,2022-02-09 17:28:29
CONT2022000922,2022-02-12 18:19:45,2022-02-16 22:24:16
CONT2022000923,2022-02-11 17:59:42,2022-02-12 17:52:19
CONT2022000924,2022-02-10 17:18:37,2022-02-11 04:39:32
CONT2022000925,2022-02-07 03:10:08,2022-02-17 02:07:06
CONT2022000926,2022-02-11 08:47:05,
CONT2022000927,2022-02-04 11:43:18,
CONT2022000928,2022-02-05 23:18:11,
CONT2022000929,2022-02-05 17:20:09,2022-02-06 23:30:39
CONT2022000930,2022-02-10 14:53:54,2022-02-11 08:29:35
CONT2022000931,2022-02-11 04:34:07,2022-02-11 21:35:55
CONT2022000932,2022-02-06 08:05:52,2022-02-07 01:59:25
CONT2022000933,2022-02-10 10:41:22,2022-02-17 08:13:39
CONT2022000934,2022-02-06 21:54:43,2022-02-07 05:36:37
CONT2022000935,2022-02-05 19:35:25,
CONT2022000936,2022-02-09 19:51:50,2022-02-10 07:09:43
CONT2022000937,2022-02-03 10:16:06,2022-02-04 03:20:15
CONT2022000938,2022-02-14 03:57:11,2022-02-15 03:45:52
CONT2022000939,2022-02-12 07:37:27,2022-02-13 02:01:54
CONT2022000940,2022-02-03 07:13:44,2022-02-04 00:58:16
CONT2022000941,2022-02-09 14:40:12,2022-02-10 12:43:28
CONT2022000942,2022-02-12 18:27:54,2022-02-13 11:20:13
CONT2022000943,2022-02-11 20:12:00,2022-02-12 21:12:17
CONT2022000944,2022-02-07 05:30:26,
CONT2022000945,2022-02-04 01:18:25,2022-02-17 23:17:27
CONT2022000946,2022-02-10 07:05:16,2022-02-17 12:10:37
CONT2022000947,2022-02-12 23:05:59,2022-02-16 19:44:41
CONT2022000948,2022-02-07 04:41:04,2022-02-08 09:15:28
CONT2022000949,2022-02-08 16:07:39,2022-02-17 06:14:02
CONT2022000950,2022-02-09 06:29:40,2022-02-16 09:09:20
CONT2022000951,2022-02-13 20:50:11,2022-02-14 11:18:51
CONT2022000952,2022-02-10 19:42:27,
CONT2022000953,2022-02-06 01:39:09,2022-02-17 22:11:47
CONT2022000954,2022-02-10 05:12:04,2022-02-17 01:39:48
CONT2022000955,2022-02-05 16:50:18,2022-02-06 18:24:58
CONT2022000956,2022-02-04 14:55:35,2022-02-17 03:01:15
CONT2022000957,2022-02-08 08:59:31,2022-02-18 01:21:35
CONT2022000958,2022-02-07 21:40:44,2022-02-08 17:00:49
CONT2022000959,2022-02-04 19:41:24,2022-02-05 20:15:27
CONT2022000960,2022-02-06 00:56:49,2022-02-16 16:44:40
CONT2022000961,2022-02-09 18:50:47,2022-02-17 18:50:54
CONT2022000962,2022-02-07 00:10:07,2022-02-08 07:21:05
CONT2022000963,2022-02-09 04:20:34,2022-02-09 14:18:38
CONT2022000964,2022-02-05 21:49:08,2022-02-18 14:34:29
CONT2022000965,2022-02-11 06:43:48,2022-02-17 22:25:27
CONT2022000966,2022-02-10 06:48:19,2022-02-10 18:44:16
CONT2022000967,2022-02-10 08:52:11,2022-02-18 02:45:02
CONT2022000968,2022-02-05 19:10:50,
CONT2022000969,2022-02-12 19:19:31,2022-02-13 12:01:03
CONT2022000970,2022-02-11 07:27:48,
CONT2022000971,2022-02-12 04:45:11,2022-02-12 18:02:46
CONT2022000972,2022-02-12 21:11:56,2022-02-18 14:38:08
CONT2022000973,2022-02-06 10:55:39,2022-02-18 04:31:03
CONT2022000974,2022-02-06 08:49:14,
CONT2022000975,2022-02-09 23:46:26,2022-02-11 04:02:21
CONT2022000976,2022-02-14 16:38:28,2022-02-15 13:29:35
CONT2022000977,2022-02-15 04:54:02,
CONT2022000978,2022-02-09 17:48:38,2022-02-18 12:12:51
CONT2022000979,2022-02-12 18:24:14,
CONT2022000980,2022-02-09 09:14:55,2022-02-18 07:19:32
CONT2022000981,2022-02-14 10:21:37,2022-02-17 18:13:41
CONT2022000982,2022-02-13 09:19:58,2022-02-18 19:28:41
CONT2022000983,2022-02-15 08:09:37,2022-02-16 07:43:12
CONT2022000984,2022-02-07 05:43:43,2022-02-08 05:34:05
CONT2022000985,2022-02-12 23:24:34,2022-02-13 21:52:55
CONT2022000986,2022-02-11 23:39:38,2022-02-18 23:58:40
CONT2022000987,2022-02-12 18:40:56,
CONT2022000988,2022-02-10 18:10:29,
CONT2022000989,2022-02-09 15:42:56,2022-02-19 05:53:35
CONT2022000990,2022-02-07 05:26:13,2022-02-08 15:52:49
CONT2022000991,2022-02-10 15:02:52,2022-02-11 07:48:39
CONT2022000992,2022-02-12 21:26:55,2022-02-13 19:41:26
CONT2022000993,2022-02-14 10:49:18,2022-02-15 23:02:10
CONT2022000994,2022-02-06 22:22:57,2022-02-07 17:30:52
CONT2022000995,2022-02-16 00:18:03,2022-02-18 05:55:26
CONT2022000996,2022-02-08 15:21:45,
CONT2022000997,2022-02-07 19:27:07,2022-02-08 14:40:56
CONT2022000998,2022-02-11 08:07:48,2022-02-19 00:23:03
CONT2022000999,2022-02-14 07:57:35,2022-02-19 05:19:15
CONT2022001000,2022-02-08 02:18:32,2022-02-18 23:10:21
CONT2022001001,2022-02-13 03:41:11,
CONT2022001002,2022-02-15 22:58:10,2022-02-19 10:14:04
CONT2022001003,2022-02-06 01:46:58,2022-02-07 07:18:26
CONT2022001004,2022-02-05 08:09:42,2022-02-05 21:36:23
CONT2022001005,2022-02-14 06:32:30,2022-02-14 21:45:57
CONT2022001006,2022-02-14 22:40:03,2022-02-18 16:03:19
CONT2022001007,2022-02-08 03:51:37,
CONT2022001008,2022-02-11 20:05:58,2022-02-18 11:21:52
CONT2022001009,2022-02-15 17:47:48,2022-02-19 16:37:03
CONT2022001010,2022-02-11 23:12:53,2022-02-12 10:33:31
CONT2022001011,2022-02-11 15:14:59,2022-02-19 07:40:29
CONT2022001012,2022-02-15 05:59:13,2022-02-18 13:41:03
CONT2022001013,2022-02-10 22:50:37,2022-02-11 02:50:37
CONT2022001014,2022-02-08 22:27:22,2022-02-09 14:51:12
CONT2022001015,2022-02-05 15:38:11,2022-02-19 02:16:17
CONT2022001016,2022-02-09 16:06:43,2022-02-19 04:02:10
CONT2022001017,2022-02-13 08:01:14,2022-02-19 14:09:06
CONT2022001018,2022-02-13 17:36:24,2022-02-19 17:45:01
CONT2022001019,2022-02-08 17:25:21,2022-02-19 06:29:47
CONT2022001020,2022-02-14 04:41:05,2022-02-19 02:14:19
CONT2022001021,2022-02-08 02:43:43,2022-02-08 07:39:53
CONT2022001022,2022-02-11 08:24:35,2022-02-12 02:33:48
CONT2022001023,2022-02-10 03:27:26,2022-02-19 14:53:11
CONT2022001024,2022-02-06 09:50:41,2022-02-18 16:57:54
CONT2022001025,2022-02-14 10:12:12,
CONT2022001026,2022-02-07 03:00:06,2022-02-19 08:22:35
CONT2022001027,2022-02-07 12:18:55,2022-02-19 12:04:27
CONT2022001028,2022-02-14 18:41:04,
CONT2022001029,2022-02-09 09:03:26,2022-02-19 15:54:17
CONT2022001030,2022-02-14 07:40:54,2022-02-14 11:40:54
CONT2022001031,2022-02-16 17:19:10,2022-02-17 20:00:55
CONT2022001032,2022-02-06 19:32:52,2022-02-07 17:05:30
CONT2022001033,2022-02-09 03:35:15,2022-02-09 18:51:39
CONT2022001034,2022-02-13 14:20:37,2022-02-20 23:47:29
CONT2022001035,2022-02-10 10:06:45,2022-02-11 09:11:39
CONT2022001036,2022-02-07 13:58:30,2022-02-19 19:35:40
CONT2022001037,2022-02-16 04:24:19,
CONT2022001038,2022-02-16 23:28:22,2022-02-18 04:49:17
CONT2022001039,2022-02-16 04:44:18,2022-02-16 22:49:46
CONT2022001040,2022-02-16 22:26:41,2022-02-19 13:57:24
CONT2022001041,2022-02-12 18:30:32,2022-02-13 05:55:25
CONT2022001042,2022-02-07 23:40:33,2022-02-08 09:51:12
CONT2022001043,2022-02-09 03:40:03,
CONT2022001044,2022-02-13 23:45:26,2022-02-14 18:38:06
CONT2022001045,2022-02-14 11:01:32,2022-02-19 18:10:59
CONT2022001046,2022-02-14 10:04:31,2022-02-15 13:50:21
CONT2022001047,2022-02-13 16:07:54,
CONT2022001048,2022-02-06 18:12:07,2022-02-07 14:57:56
CONT2022001049,2022-02-15 05:19:05,2022-02-15 23:26:29
CONT2022001050,2022-02-10 08:41:01,2022-02-11 05:40:25
CONT2022001051,2022-02-09 00:27:26,
CONT2022001052,2022-02-11 14:07:41,2022-02-12 17:04:13
CONT2022001053,2022-02-14 14:07:00,2022-02-20 05:04:27
CONT2022001054,2022-02-10 15:15:47,2022-02-19 19:41:14
CONT2022001055,2022-02-09 09:55:07,2022-02-19 17:34:12
CONT2022001056,2022-02-14 07:40:06,
CONT2022001057,2022-02-16 17:29:22,2022-02-20 04:00:59
CONT2022001058,2022-02-16 16:30:26,2022-02-17 06:20:20
CONT2022001059,2022-02-09 02:25:46,2022-02-19 19:44:46
CONT2022001060,2022-02-08 08:29:25,2022-02-09 05:00:31
CONT2022001061,2022-02-07 12:15:53,2022-02-20 06:07:25
CONT2022001062,2022-02-17 07:07:11,
CONT2022001063,2022-02-07 08:54:39,2022-02-20 06:17:23
CONT2022001064,2022-02-16 23:31:14,
CONT2022001065,2022-02-15 15:23:01,2022-02-20 18:12:34
CONT2022001066,2022-02-08 07:14:35,2022-02-20 05:17:19
CONT2022001067,2022-02-10 09:42:35,2022-02-11 17:45:33
CONT2022001068,2022-02-14 10:06:33,2022-02-22 08:40:29
CONT2022001069,2022-02-12 15:29:48,
CONT2022001070,2022-02-18 07:16:42,2022-02-18 21:15:12
CONT2022001071,2022-02-16 05:54:44,2022-02-17 05:41:41
CONT2022001072,2022-02-08 19:02:01,2022-02-09 06:36:54
CONT2022001073,2022-02-10 08:11:34,2022-02-10 23:16:23
CONT2022001074,2022-02-14 18:18:58,2022-02-22 02:24:43
CONT2022001075,2022-02-17 01:56:52,2022-02-21 20:04:41
CONT2022001076,2022-02-11 18:35:48,2022-02-22 22:34:28
CONT2022001077,2022-02-16 10:23:07,2022-02-22 00:50:30
CONT2022001078,2022-02-19 11:22:34,2022-02-20 00:41:12
CONT2022001079,2022-02-16 05:51:29,2022-02-17 12:11:23
CONT2022001080,2022-02-11 13:51:18,
CONT2022001081,2022-02-15 08:41:31,2022-02-16 03:47:42
CONT2022001082,2022-02-11 03:34:21,2022-02-11 21:59:02
CONT2022001083,2022-02-08 23:28:42,2022-02-09 12:55:27
CONT2022001084,2022-02-10 19:38:40,2022-02-22 07:44:12
CONT2022001085,2022-02-13 13:40:50,2022-02-14 14:43:55
CONT2022001086,2022-02-09 08:58:12,2022-02-21 16:24:33
CONT2022001087,2022-02-11 07:15:26,2022-02-22 12:22:54
CONT2022001088,2022-02-18 16:06:42,2022-02-22 18:28:06
CONT2022001089,2022-02-12 02:13:50,2022-02-12 16:13:16
CONT2022001090,2022-02-14 13:45:02,2022-02-23 17:39:38
CONT2022001091,2022-02-19 19:50:20,2022-02-20 18:55:41
CONT2022001092,2022-02-17 07:49:42,2022-02-23 15:23:51
CONT2022001093,2022-02-18 21:50:40,2022-02-19 07:19:51
CONT2022001094,2022-02-20 09:07:25,2022-02-21 03:55:16
CONT2022001095,2022-02-16 16:02:46,2022-02-16 20:02:46
CONT2022001096,2022-02-16 18:26:16,2022-02-23 06:26:24
CONT2022001097,2022-02-19 21:35:00,2022-02-20 18:33:48
CONT2022001098,2022-02-19 08:39:24,2022-02-20 08:57:45
CONT2022001099,2022-02-14 15:36:40,2022-02-15 16:12:50
CONT2022001100,2022-02-14 20:13:11,2022-02-23 07:47:57
CONT2022001101,2022-02-12 08:17:18,2022-02-13 01:24:51
CONT2022001102,2022-02-13 13:22:15,
CONT2022001103,2022-02-11 07:48:57,2022-02-11 19:15:02
CONT2022001104,2022-02-18 16:48:17,2022-02-23 19:58:57
CONT2022001105,2022-02-19 07:14:49,2022-02-23 06:12:03
CONT2022001106,2022-02-16 18:47:33,2022-02-23 09:16:59
CONT2022001107,2022-02-11 21:23:38,2022-02-12 21:02:21
CONT2022001108,2022-02-16 20:32:34,2022-02-22 23:34:23
CONT2022001109,2022-02-10 22:41:57,2022-02-12 04:29:22
CONT2022001110,2022-02-14 08:42:24,2022-02-14 20:45:19
CONT2022001111,2022-02-15 18:25:17,2022-02-16 18:58:33
CONT2022001112,2022-02-10 23:15:30,2022-02-11 10:33:18
CONT2022001113,2022-02-19 18:33:41,2022-02-21 02:53:31
CONT2022001114,2022-02-19 10:58:29,2022-02-20 06:12:49
CONT2022001115,2022-02-11 22:40:38,2022-02-23 10:38:48
CONT2022001116,2022-02-17 07:09:30,
CONT2022001117,2022-02-13 12:33:30,
CONT2022001118,2022-02-13 06:58:24,2022-02-23 18:36:11
CONT2022001119,2022-02-13 00:12:03,2022-02-24 01:54:17
CONT2022001120,2022-02-11 15:03:40,2022-02-13 05:27:40
CONT2022001121,2022-02-10 10:50:34,2022-02-10 21:10:30
CONT2022001122,2022-02-13 07:21:42,
CONT2022001123,2022-02-15 13:55:49,2022-02-16 12:30:12
CONT2022001124,2022-02-15 07:59:23,
CONT2022001125,2022-02-19 09:58:59,2022-02-19 23:08:14
CONT2022001126,2022-02-16 02:56:31,2022-02-16 21:18:55
CONT2022001127,2022-02-17 15:23:52,2022-02-24 11:18:30
CONT2022001128,2022-02-15 21:26:51,2022-02-16 14:47:36
CONT2022001129,2022-02-14 08:38:42,2022-02-23 23:53:40
CONT2022001130,2022-02-17 12:38:53,2022-02-23 19:21:16
CONT2022001131,2022-02-11 04:44:29,
CONT2022001132,2022-02-15 14:55:28,
CONT2022001133,2022-02-16 09:17:31,
CONT2022001134,2022-02-14 12:32:41,2022-02-23 22:36:52
CONT2022001135,2022-02-20 06:06:59,2022-02-23 16:52:34
CONT2022001136,2022-02-11 11:32:14,2022-02-24 02:01:26
CONT2022001137,2022-02-13 13:32:14,2022-02-23 05:48:57
CONT2022001138,2022-02-14 05:50:31,2022-02-23 21:12:00
CONT2022001139,2022-02-16 08:06:06,2022-02-23 03:50:49
CONT2022001140,2022-02-15 07:04:38,2022-02-24 01:42:04
CONT2022001141,2022-02-11 12:31:26,2022-02-23 23:27:53
CONT2022001142,2022-02-17 16:20:48,2022-02-18 19:48:36
CONT2022001143,2022-02-21 13:16:49,2022-02-24 23:48:01
CONT2022001144,2022-02-16 00:33:40,2022-02-24 05:33:11
CONT2022001145,2022-02-17 19:20:11,2022-02-24 06:25:33
CONT2022001146,2022-02-15 01:35:15,2022-02-15 21:29:32
CONT2022001147,2022-02-11 09:16:49,2022-02-24 10:28:07
CONT2022001148,2022-02-14 23:20:50,2022-02-15 17:07:14
CONT2022001149,2022-02-11 09:40:20,
CONT2022001150,2022-02-21 09:28:18,2022-02-21 19:14:04
CONT2022001151,2022-02-15 20:48:31,
CONT2022001152,2022-02-14 22:09:24,2022-02-24 03:45:26
CONT2022001153,2022-02-15 11:44:17,2022-02-25 02:24:13
CONT2022001154,2022-02-14 13:33:11,2022-02-14 17:57:23
CONT2022001155,2022-02-12 14:08:54,2022-02-13 12:05:21
CONT2022001156,2022-02-18 01:32:09,2022-02-24 20:19:13
CONT2022001157,2022-02-12 00:28:46,
CONT2022001158,2022-02-14 08:03:30,
CONT2022001159,2022-02-20 08:14:13,2022-02-21 04:05:36
CONT2022001160,2022-02-17 13:11:33,2022-02-24 04:57:21
CONT2022001161,2022-02-12 08:02:34,2022-02-24 21:25:48
CONT2022001162,2022-02-11 22:36:30,2022-02-25 12:46:23
CONT2022001163,2022-02-12 06:33:23,2022-02-25 01:38:18
CONT2022001164,2022-02-14 08:17:22,2022-02-24 13:03:24
CONT2022001165,2022-02-14 14:59:34,2022-02-24 19:06:43
CONT2022001166,2022-02-18 05:28:10,
CONT2022001167,2022-02-12 16:56:33,2022-02-24 08:29:47
CONT2022001168,2022-02-21 18:00:33,2022-02-25 15:17:16
CONT2022001169,2022-02-11 14:49:04,2022-02-25 08:52:54
CONT2022001170,2022-02-17 19:00:46,
CONT2022001171,2022-02-17 16:51:29,
CONT2022001172,2022-02-18 07:04:33,2022-02-19 04:23:14
CONT2022001173,2022-02-13 05:38:04,2022-02-25 14:32:13
CONT2022001174,2022-02-19 16:00:29,2022-02-20 05:17:28
CONT2022001175,2022-02-19 18:31:14,2022-02-21 00:41:20
CONT2022001176,2022-02-20 14:45:54,2022-02-21 01:50:38
CONT2022001177,2022-02-15 00:51:07,2022-02-25 04:10:54
CONT2022001178,2022-02-15 09:06:23,2022-02-16 09:02:04
CONT2022001179,2022-02-17 04:35:40,2022-02-25 00:23:14
CONT2022001180,2022-02-21 00:13:07,2022-02-25 00:09:36
CONT2022001181,2022-02-17 13:01:40,2022-02-18 17:46:17
CONT2022001182,2022-02-14 02:52:31,2022-02-24 18:03:38
CONT2022001183,2022-02-14 12:25:07,2022-02-24 15:07:40
CONT2022001184,2022-02-22 00:52:04,2022-02-24 21:48:10
CONT2022001185,2022-02-12 01:09:17,2022-02-12 17:55:55
CONT2022001186,2022-02-22 15:38:08,2022-02-25 15:41:23
CONT2022001187,2022-02-15 18:31:46,2022-02-25 01:52:05
CONT2022001188,2022-02-20 18:08:08,2022-02-21 10:24:21
CONT2022001189,2022-02-11 19:47:50,2022-02-12 13:33:10
CONT2022001190,2022-02-18 12:13:26,2022-02-25 11:00:13
CONT2022001191,2022-02-20 04:32:29,2022-02-25 11:54:09
CONT2022001192,2022-02-21 21:43:00,
CONT2022001193,2022-02-15 11:30:14,2022-02-16 02:47:26
CONT2022001194,2022-02-19 20:40:01,
CONT2022001195,2022-02-13 14:12:36,2022-02-14 11:55:32
CONT2022001196,2022-02-21 22:45:45,2022-02-25 10:30:55
CONT2022001197,2022-02-11 18:28:56,2022-02-12 17:00:44
CONT2022001198,2022-02-21 12:41:27,2022-02-22 02:56:35
CONT2022001199,2022-02-21 00:48:14,2022-02-22 13:53:11
CONT2022001200,2022-02-16 02:29:29,2022-02-16 16:12:32
CONT2022001201,2022-02-18 12:18:25,2022-02-25 01:57:45
CONT2022001202,2022-02-19 13:32:20,2022-02-20 08:31:57
CONT2022001203,2022-02-20 15:45:36,
CONT2022001204,2022-02-21 11:04:58,2022-02-22 14:23:29
CONT2022001205,2022-02-14 01:22:14,2022-02-15 06:10:25
CONT2022001206,2022-02-22 23:51:17,
CONT2022001207,2022-02-19 19:23:26,
CONT2022001208,2022-02-14 05:43:53,2022-02-15 13:06:39
CONT2022001209,2022-02-19 16:09:22,2022-02-26 18:37:01
CONT2022001210,2022-02-15 02:45:08,2022-02-26 10:27:14
CONT2022001211,2022-02-17 19:18:26,2022-02-18 21:21:56
CONT2022001212,2022-02-22 04:11:43,2022-02-26 09:05:22
CONT2022001213,2022-02-17 01:28:54,2022-02-18 02:03:02
CONT2022001214,2022-02-18 18:36:52,2022-02-26 18:29:07
CONT2022001215,2022-02-13 22:48:36,2022-02-14 16:04:26
CONT2022001216,2022-02-18 22:35:21,2022-02-27 04:43:53
CONT2022001217,2022-02-19 20:05:03,2022-02-26 15:56:11
CONT2022001218,2022-02-17 16:42:43,2022-02-18 05:52:03
CONT2022001219,2022-02-22 10:45:01,2022-02-23 03:41:46
CONT2022001220,2022-02-16 18:14:49,
CONT2022001221,2022-02-19 02:08:09,2022-03-02 20:53:49
CONT2022001222,2022-02-19 16:52:58,2022-02-20 07:51:59
CONT2022001223,2022-02-21 08:08:45,
CONT2022001224,2022-02-28 00:02:30,
CONT2022001225,2022-02-17 22:51:35,2022-03-03 19:49:27
CONT2022001226,2022-02-20 02:47:19,2022-03-03 21:32:21
CONT2022001227,2022-02-27 01:47:25,2022-02-27 12:02:41
CONT2022001228,2022-02-27 18:36:46,2022-02-28 19:37:13
CONT2022001229,2022-02-25 12:16:06,
CONT2022001230,2022-02-24 12:32:49,2022-03-03 15:59:12
CONT2022001231,2022-02-18 23:22:52,2022-02-20 08:13:14
CONT2022001232,2022-02-21 07:27:12,
CONT2022001233,2022-02-22 23:18:07,2022-02-24 05:01:48
CONT2022001234,2022-02-18 21:59:25,
CONT2022001235,2022-02-25 21:29:20,2022-03-03 13:18:44
CONT2022001236,2022-02-26 17:51:10,
CONT2022001237,2022-02-22 10:59:53,
CONT2022001238,2022-02-19 05:23:39,
CONT2022001239,2022-02-17 14:39:49,2022-03-04 02:06:26
CONT2022001240,2022-02-21 08:42:03,
CONT2022001241,2022-02-26 16:41:38,2022-02-27 12:26:32
CONT2022001242,2022-02-21 05:44:18,2022-02-22 09:37:33
CONT2022001243,2022-02-22 12:47:58,2022-03-03 12:17:36
CONT2022001244,2022-02-28 10:24:37,2022-03-03 13:20:35
CONT2022001245,2022-02-27 10:08:47,2022-03-03 13:18:03
CONT2022001246,2022-02-25 15:39:36,
CONT2022001247,2022-02-27 06:41:41,2022-03-03 21:46:11
CONT2022001248,2022-02-20 21:49:29,2022-03-04 04:13:45
CONT2022001249,2022-02-25 12:40:50,
CONT2022001250,2022-02-26 18:41:37,2022-02-27 09:07:42
CONT2022001251,2022-03-01 05:42:31,2022-03-02 00:10:04
CONT2022001252,2022-02-22 16:58:49,2022-02-23 12:02:28
CONT2022001253,2022-02-22 01:53:21,
CONT2022001254,2022-02-21 03:30:11,
CONT2022001255,2022-02-20 11:39:51,
CONT2022001256,2022-02-21 00:35:36,2022-02-21 05:11:28
CONT2022001257,2022-02-18 14:40:13,2022-02-19 07:53:25
CONT2022001258,2022-02-25 23:28:49,2022-02-26 14:13:55
CONT2022001259,2022-02-26 20:37:31,2022-02-28 06:27:35
CONT2022001260,2022-02-23 19:48:51,2022-02-24 04:26:15
CONT2022001261,2022-02-28 00:35:38,2022-03-05 06:19:09
CONT2022001262,2022-02-26 23:36:48,2022-02-27 10:40:03
CONT2022001263,2022-02-27 22:29:12,2022-02-28 21:57:08
CONT2022001264,2022-02-28 00:48:51,2022-03-01 01:35:58
CONT2022001265,2022-02-27 09:19:38,2022-02-27 13:19:38
CONT2022001266,2022-02-27 08:14:04,2022-02-28 02:20:10
CONT2022001267,2022-02-27 11:00:35,2022-03-05 01:45:53
CONT2022001268,2022-02-26 04:01:09,2022-03-04 23:04:10
CONT2022001269,2022-02-24 15:33:31,2022-02-25 10:06:44
CONT2022001270,2022-02-27 05:10:29,2022-02-27 22:31:30
CONT2022001271,2022-03-02 05:47:44,2022-03-05 11:34:24
CONT2022001272,2022-02-23 04:21:07,
CONT2022001273,2022-02-24 01:56:43,2022-03-05 22:06:03
CONT2022001274,2022-02-22 21:42:26,2022-02-24 11:07:32
CONT2022001275,2022-02-27 16:48:40,2022-03-01 02:04:56
CONT2022001276,2022-03-02 04:07:17,2022-03-02 12:30:51
CONT2022001277,2022-02-23 01:40:13,2022-02-23 17:44:33
CONT2022001278,2022-02-23 03:26:31,2022-02-23 15:31:18
CONT2022001279,2022-02-24 21:14:01,2022-03-04 23:29:59
CONT2022001280,2022-02-23 16:40:54,2022-02-24 10:24:20
CONT2022001281,2022-02-25 23:56:03,
CONT2022001282,2022-02-26 00:34:15,2022-02-26 19:59:17
CONT2022001283,2022-02-20 22:24:28,2022-02-21 18:32:07
CONT2022001284,2022-03-02 13:22:59,2022-03-03 04:12:39
CONT2022001285,2022-03-02 22:56:03,2022-03-05 17:35:22
CONT2022001286,2022-03-02 19:21:12,2022-03-03 18:48:13
CONT2022001287,2022-02-22 19:21:12,
CONT2022001288,2022-02-23 05:04:01,2022-02-23 21:21:49
CONT2022001289,2022-02-21 11:44:12,2022-03-06 14:54:25
CONT2022001290,2022-02-25 17:02:32,2022-03-05 19:16:36
CONT2022001291,2022-02-24 17:53:46,
CONT2022001292,2022-02-23 10:36:53,2022-02-24 00:10:36
CONT2022001293,2022-02-23 01:05:53,2022-03-06 00:16:47
CONT2022001294,2022-02-26 06:27:00,2022-03-05 13:57:36
CONT2022001295,2022-03-02 00:32:32,2022-03-05 19:24:18
CONT2022001296,2022-03-01 13:29:08,2022-03-02 11:45:57
CONT2022001297,2022-03-01 19:49:09,
CONT2022001298,2022-02-28 10:42:17,
CONT2022001299,2022-02-21 11:34:44,2022-02-22 04:45:29
CONT2022001300,2022-02-22 20:23:05,2022-03-06 02:46:51
CONT2022001301,2022-03-04 07:13:43,2022-03-07 08:19:47
CONT2022001302,2022-02-28 18:16:34,2022-02-28 22:22:39
CONT2022001303,2022-02-26 17:53:20,2022-02-27 17:59:50
CONT2022001304,2022-02-24 01:41:37,2022-03-07 13:25:14
CONT2022001305,2022-03-02 13:19:39,
CONT2022001306,2022-02-25 09:02:41,2022-02-25 20:20:42
CONT2022001307,2022-03-04 06:01:49,2022-03-07 06:32:35
CONT2022001308,2022-03-01 23:06:19,2022-03-02 18:22:04
CONT2022001309,2022-03-02 07:18:57,
CONT2022001310,2022-02-26 18:52:18,
CONT2022001311,2022-03-02 08:58:19,2022-03-03 02:50:32
CONT2022001312,2022-02-27 06:09:05,
CONT2022001313,2022-03-01 15:56:44,2022-03-01 23:53:25
CONT2022001314,2022-02-25 22:16:28,2022-03-07 00:23:27
CONT2022001315,2022-02-27 05:25:47,
CONT2022001316,2022-02-24 00:15:40,2022-03-06 21:12:14
CONT2022001317,2022-02-27 13:35:00,2022-02-28 14:44:09
CONT2022001318,2022-02-25 06:20:48,2022-03-07 16:41:37
CONT2022001319,2022-03-04 19:12:53,2022-03-07 16:11:14
CONT2022001320,2022-03-03 17:04:32,2022-03-03 21:04:32
CONT2022001321,2022-02-26 20:15:17,2022-02-27 05:44:26
CONT2022001322,2022-02-28 13:53:05,2022-03-07 15:22:17
CONT2022001323,2022-02-27 16:15:17,
CONT2022001324,2022-02-23 19:23:47,2022-02-24 21:23:45
CONT2022001325,2022-02-26 13:10:45,2022-02-27 13:28:59
CONT2022001326,2022-03-05 17:59:24,2022-03-08 22:02:51
CONT2022001327,2022-02-27 12:46:04,2022-03-09 07:05:58
CONT2022001328,2022-02-28 10:20:48,2022-03-01 12:24:11
CONT2022001329,2022-02-25 17:21:23,2022-02-26 06:39:57
CONT2022001330,2022-02-27 09:25:49,2022-03-08 21:39:14
CONT2022001331,2022-02-27 07:42:31,
CONT2022001332,2022-03-04 10:41:37,2022-03-09 06:25:40
CONT2022001333,2022-02-28 23:24:13,2022-03-08 22:54:52
CONT2022001334,2022-02-28 09:24:14,
CONT2022001335,2022-03-01 16:11:04,2022-03-09 01:43:09
CONT2022001336,2022-02-25 03:05:13,
CONT2022001337,2022-03-01 11:44:04,2022-03-08 18:39:28
CONT2022001338,2022-03-01 16:21:33,2022-03-09 07:58:45
CONT2022001339,2022-02-27 02:13:12,
CONT2022001340,2022-03-01 18:29:46,2022-03-02 02:17:29
CONT2022001341,2022-02-27 02:48:07,2022-03-09 07:13:42
CONT2022001342,2022-02-28 05:04:33,2022-03-08 13:11:58
CONT2022001343,2022-03-02 20:57:19,
CONT2022001344,2022-03-05 19:42:21,2022-03-10 02:38:39
CONT2022001345,2022-03-02 17:07:37,2022-03-09 21:56:31
CONT2022001346,2022-03-01 19:16:42,2022-03-09 22:45:39
CONT2022001347,2022-03-03 12:26:01,2022-03-04 08:02:36
CONT2022001348,2022-02-27 23:52:59,2022-02-28 20:21:46
CONT2022001349,2022-03-01 14:08:28,2022-03-03 09:53:50
CONT2022001350,2022-03-07 06:35:29,2022-03-10 04:32:22
CONT2022001351,2022-03-05 17:23:24,2022-03-10 21:55:42
CONT2022001352,2022-03-06 00:10:39,2022-03-10 04:41:03
CONT2022001353,2022-02-25 10:39:15,2022-03-09 21:14:17
CONT2022001354,2022-03-01 20:22:39,2022-03-10 00:33:19
CONT2022001355,2022-03-05 03:47:29,2022-03-06 12:42:35
CONT2022001356,2022-03-01 03:24:48,2022-03-10 10:26:57
CONT2022001357,2022-03-04 12:57:49,2022-03-05 07:35:04
CONT2022001358,2022-02-27 05:41:58,2022-03-10 16:22:01
CONT2022001359,2022-03-06 03:23:50,2022-03-10 14:55:16
CONT2022001360,2022-03-05 17:43:24,2022-03-06 17:46:04
CONT2022001361,2022-02-28 09:08:30,2022-03-01 12:04:44
CONT2022001362,2022-03-03 17:43:42,2022-03-04 12:01:32
CONT2022001363,2022-03-05 22:11:10,2022-03-06 21:26:56
CONT2022001364,2022-03-04 17:16:13,2022-03-05 08:13:50
CONT2022001365,2022-03-07 01:43:43,
CONT2022001366,2022-03-02 14:02:18,
CONT2022001367,2022-02-25 13:24:33,2022-02-26 07:15:25
CONT2022001368,2022-03-04 00:58:29,
CONT2022001369,2022-03-07 03:13:37,2022-03-10 23:16:00
CONT2022001370,2022-03-04 16:48:14,2022-03-05 09:51:12
CONT2022001371,2022-03-06 04:22:38,2022-03-07 13:50:18
CONT2022001372,2022-03-05 19:31:50,2022-03-07 04:17:19
CONT2022001373,2022-02-27 05:57:43,
CONT2022001374,2022-03-07 13:12:48,2022-03-10 18:45:47
CONT2022001375,2022-03-03 17:36:53,2022-03-04 17:28:04
CONT2022001376,2022-03-06 18:55:15,2022-03-11 09:02:16
CONT2022001377,2022-02-27 15:57:04,2022-02-28 02:35:17
CONT2022001378,2022-03-05 16:03:06,2022-03-10 10:02:28
CONT2022001379,2022-02-28 01:55:21,2022-03-01 00:15:13
CONT2022001380,2022-03-03 08:27:20,2022-03-11 07:10:42
CONT2022001381,2022-02-28 16:54:19,2022-03-11 00:42:14
CONT2022001382,2022-03-08 00:04:54,2022-03-10 20:34:00
CONT2022001383,2022-03-04 04:56:48,2022-03-05 05:01:01
CONT2022001384,2022-03-01 04:03:29,2022-03-01 18:24:14
CONT2022001385,2022-03-01 23:04:24,2022-03-02 10:23:37
CONT2022001386,2022-03-01 07:08:44,2022-03-11 09:34:41
CONT2022001387,2022-03-01 12:51:26,2022-03-11 07:54:38
CONT2022001388,2022-02-26 12:59:21,
CONT2022001389,2022-02-26 23:43:06,2022-02-28 03:55:03
CONT2022001390,2022-03-06 14:20:08,2022-03-11 00:58:56
CONT2022001391,2022-03-05 03:03:36,
CONT2022001392,2022-03-01 05:12:52,2022-03-10 16:37:05
CONT2022001393,2022-02-27 19:51:18,2022-03-11 19:38:27
CONT2022001394,2022-03-02 23:23:16,2022-03-12 12:54:38
CONT2022001395,2022-03-02 13:32:32,
CONT2022001396,2022-03-06 18:31:54,
CONT2022001397,2022-03-08 13:53:07,2022-03-12 23:52:57
CONT2022001398,2022-03-04 01:13:49,2022-03-12 17:07:25
CONT2022001399,2022-03-09 05:14:04,2022-03-13 06:25:59
CONT2022001400,2022-03-02 07:48:56,2022-03-12 09:04:11
CONT2022001401,2022-03-02 22:26:40,2022-03-13 08:01:23
CONT2022001402,2022-03-01 09:27:38,
CONT2022001403,2022-03-03 16:34:02,2022-03-12 16:42:50
CONT2022001404,2022-03-03 03:14:01,2022-03-04 09:07:03
CONT2022001405,2022-03-01 06:19:34,2022-03-02 03:12:46
CONT2022001406,2022-03-03 14:07:36,2022-03-04 20:17:36
CONT2022001407,2022-03-01 17:34:01,2022-03-14 03:02:12
CONT2022001408,2022-03-02 07:10:18,2022-03-14 15:17:06
CONT2022001409,2022-03-03 20:24:40,2022-03-14 09:59:43
CONT2022001410,2022-03-05 05:23:17,2022-03-05 18:08:18
CONT2022001411,2022-03-11 21:47:18,2022-03-12 17:08:07
CONT2022001412,2022-03-05 17:37:51,2022-03-06 08:57:25
CONT2022001413,2022-03-01 11:38:55,2022-03-14 11:36:53
CONT2022001414,2022-03-06 16:31:13,2022-03-07 05:48:41
CONT2022001415,2022-03-07 21:09:37,2022-03-13 22:53:36
CONT2022001416,2022-03-10 06:30:53,
CONT2022001417,2022-03-03 10:21:52,
CONT2022001418,2022-03-05 04:12:06,2022-03-14 11:34:14
CONT2022001419,2022-03-03 21:39:52,
CONT2022001420,2022-03-02 06:52:52,2022-03-03 04:55:43
CONT2022001421,2022-03-05 03:24:00,2022-03-05 22:02:59
CONT2022001422,2022-03-03 21:20:25,2022-03-04 15:28:09
CONT2022001423,2022-03-09 03:43:25,2022-03-14 15:20:11
CONT2022001424,2022-03-04 20:41:46,2022-03-05 17:26:07
CONT2022001425,2022-03-11 17:39:44,2022-03-12 14:16:53
CONT2022001426,2022-03-09 06:20:23,2022-03-10 08:08:40
CONT2022001427,2022-03-02 19:59:49,2022-03-14 19:40:39
CONT2022001428,2022-03-03 10:31:28,2022-03-15 04:38:34
CONT2022001429,2022-03-10 15:35:20,2022-03-11 04:58:58
CONT2022001430,2022-03-01 12:23:13,2022-03-02 11:52:02
CONT2022001431,2022-03-07 11:54:09,2022-03-08 03:06:03
CONT2022001432,2022-03-10 05:50:42,2022-03-15 03:55:23
CONT2022001433,2022-03-09 15:35:46,2022-03-15 03:25:08
CONT2022001434,2022-03-04 21:18:45,2022-03-15 08:12:24
CONT2022001435,2022-03-02 15:54:20,2022-03-15 05:23:27
CONT2022001436,2022-03-09 22:32:11,2022-03-10 13:29:34
CONT2022001437,2022-03-02 20:39:54,2022-03-03 10:52:12
CONT2022001438,2022-03-11 16:39:37,2022-03-12 13:30:03
CONT2022001439,2022-03-09 02:22:28,2022-03-10 06:19:47
CONT2022001440,2022-03-06 15:29:59,
CONT2022001441,2022-03-09 12:37:37,2022-03-10 05:20:15
CONT2022001442,2022-03-06 21:58:27,2022-03-14 21:56:01
CONT2022001443,2022-03-11 04:02:13,
CONT2022001444,2022-03-08 04:13:24,
CONT2022001445,2022-03-06 03:39:08,
CONT2022001446,2022-03-07 22:24:44,2022-03-16 06:50:51
CONT2022001447,2022-03-11 13:15:27,2022-03-12 04:15:32
CONT2022001448,2022-03-13 21:11:35,
CONT2022001449,2022-03-14 12:11:14,2022-03-18 08:49:33
CONT2022001450,2022-03-08 02:42:05,2022-03-19 09:42:27
CONT2022001451,2022-03-06 14:30:17,2022-03-07 14:07:51
CONT2022001452,2022-03-06 12:21:31,2022-03-07 02:33:34
CONT2022001453,2022-03-10 01:48:57,2022-03-19 17:38:55
CONT2022001454,2022-03-11 15:00:14,2022-03-12 05:51:11
CONT2022001455,2022-03-15 16:10:49,2022-03-19 14:19:36
CONT2022001456,2022-03-07 17:43:07,2022-03-08 08:16:04
CONT2022001457,2022-03-11 22:25:37,2022-03-12 19:03:38
CONT2022001458,2022-03-12 01:21:53,2022-03-18 22:33:07
CONT2022001459,2022-03-16 09:11:00,2022-03-18 16:58:36
CONT2022001460,2022-03-13 02:49:59,2022-03-19 01:33:36
CONT2022001461,2022-03-10 21:49:25,2022-03-11 18:22:32
CONT2022001462,2022-03-08 13:37:12,
CONT2022001463,2022-03-11 20:24:22,
CONT2022001464,2022-03-12 13:14:40,2022-03-19 13:38:26
CONT2022001465,2022-03-08 20:33:27,2022-03-18 12:41:36
CONT2022001466,2022-03-10 18:28:28,2022-03-19 19:56:25
CONT2022001467,2022-03-08 21:25:54,2022-03-10 05:54:02
CONT2022001468,2022-03-10 08:57:58,2022-03-11 03:14:59
CONT2022001469,2022-03-08 12:21:29,2022-03-18 20:15:25
CONT2022001470,2022-03-07 22:01:20,2022-03-20 11:52:16
CONT2022001471,2022-03-15 22:13:14,2022-03-16 10:47:26
CONT2022001472,2022-03-14 15:55:43,2022-03-18 23:03:57
CONT2022001473,2022-03-10 08:59:19,
CONT2022001474,2022-03-08 11:31:36,2022-03-09 10:38:53
CONT2022001475,2022-03-11 04:16:58,2022-03-19 12:58:22
CONT2022001476,2022-03-12 04:17:24,2022-03-18 23:03:50
CONT2022001477,2022-03-12 05:55:55,
CONT2022001478,2022-03-10 02:11:57,2022-03-10 19:19:12
CONT2022001479,2022-03-13 12:43:03,2022-03-19 09:18:35
CONT2022001480,2022-03-06 06:11:49,2022-03-20 06:31:47
CONT2022001481,2022-03-13 02:23:22,2022-03-19 05:03:53
CONT2022001482,2022-03-09 09:09:15,2022-03-10 06:02:33
CONT2022001483,2022-03-11 01:37:18,2022-03-12 10:18:26
CONT2022001484,2022-03-07 16:54:10,2022-03-08 13:34:29
CONT2022001485,2022-03-09 11:12:39,2022-03-19 20:54:32
CONT2022001486,2022-03-12 06:37:38,2022-03-13 01:26:15
CONT2022001487,2022-03-10 07:50:16,2022-03-11 03:36:06
CONT2022001488,2022-03-12 05:59:35,2022-03-19 18:25:29
CONT2022001489,2022-03-14 16:43:07,2022-03-15 18:06:46
CONT2022001490,2022-03-07 03:12:28,2022-03-08 10:52:52
CONT2022001491,2022-03-05 22:58:34,
CONT2022001492,2022-03-11 09:10:44,2022-03-11 23:52:25
CONT2022001493,2022-03-10 10:50:12,
CONT2022001494,2022-03-16 04:41:38,2022-03-19 13:19:43
CONT2022001495,2022-03-11 23:33:07,
CONT2022001496,2022-03-10 11:42:02,2022-03-20 04:24:48
CONT2022001497,2022-03-14 06:58:56,
CONT2022001498,2022-03-13 21:39:34,2022-03-14 09:21:39
CONT2022001499,2022-03-09 08:54:45,
CONT2022001500,2022-03-10 08:16:18,2022-03-19 19:45:15
CONT2022001501,2022-03-13 21:02:48,2022-03-14 19:55:40
CONT2022001502,2022-03-10 21:09:09,2022-03-19 06:50:20
CONT2022001503,2022-03-07 06:09:34,2022-03-19 17:38:50
CONT2022001504,2022-03-14 00:25:44,2022-03-14 09:47:38
CONT2022001505,2022-03-14 01:33:04,2022-03-14 18:28:00
CONT2022001506,2022-03-10 05:56:06,2022-03-19 12:16:03
CONT2022001507,2022-03-14 13:00:13,2022-03-15 08:29:37
CONT2022001508,2022-03-08 21:43:24,
CONT2022001509,2022-03-09 23:57:44,2022-03-20 04:08:07
CONT2022001510,2022-03-08 04:15:58,2022-03-19 08:45:30
CONT2022001511,2022-03-14 07:17:18,2022-03-15 05:34:43
CONT2022001512,2022-03-12 06:41:44,2022-03-13 19:53:53
CONT2022001513,2022-03-12 01:31:51,2022-03-19 20:29:20
CONT2022001514,2022-03-07 13:01:22,2022-03-19 18:42:54
CONT2022001515,2022-03-10 10:58:06,2022-03-20 01:22:21
CONT2022001516,2022-03-15 02:16:57,
CONT2022001517,2022-03-06 19:04:48,2022-03-19 08:04:52
CONT2022001518,2022-03-15 04:38:07,2022-03-19 07:13:14
CONT2022001519,2022-03-06 06:27:28,2022-03-06 21:33:49
CONT2022001520,2022-03-07 20:12:48,2022-03-19 14:14:39
CONT2022001521,2022-03-07 01:08:10,2022-03-07 16:36:10
CONT2022001522,2022-03-07 16:23:16,2022-03-20 01:27:29
CONT2022001523,2022-03-12 15:29:57,2022-03-21 05:06:00
CONT2022001524,2022-03-08 11:07:46,
CONT2022001525,2022-03-14 00:54:33,
CONT2022001526,2022-03-15 06:29:11,2022-03-20 14:05:54
CONT2022001527,2022-03-07 12:39:56,
CONT2022001528,2022-03-11 07:49:58,2022-03-12 14:49:33
CONT2022001529,2022-03-12 23:05:51,2022-03-21 01:02:16
CONT2022001530,2022-03-10 07:22:14,2022-03-21 02:25:29
CONT2022001531,2022-03-08 01:37:39,
CONT2022001532,2022-03-12 16:48:11,2022-03-13 13:19:47
CONT2022001533,2022-03-17 08:57:47,2022-03-18 02:51:33
CONT2022001534,2022-03-14 23:02:00,2022-03-15 16:27:11
CONT2022001535,2022-03-07 02:35:26,
CONT2022001536,2022-03-15 19:49:19,2022-03-16 14:22:14
CONT2022001537,2022-03-07 00:22:41,2022-03-20 23:48:07
CONT2022001538,2022-03-17 02:25:22,
CONT2022001539,2022-03-16 17:07:10,2022-03-18 08:24:45
CONT2022001540,2022-03-06 22:02:46,2022-03-07 15:48:21
CONT2022001541,2022-03-09 01:51:45,2022-03-09 20:40:30
CONT2022001542,2022-03-07 19:34:59,
CONT2022001543,2022-03-11 17:43:16,
CONT2022001544,2022-03-13 12:07:05,2022-03-20 17:07:26
CONT2022001545,2022-03-07 04:54:01,2022-03-07 10:17:46
CONT2022001546,2022-03-15 13:18:41,
CONT2022001547,2022-03-08 16:18:30,2022-03-20 12:00:56
CONT2022001548,2022-03-09 18:23:27,
CONT2022001549,2022-03-15 09:36:34,2022-03-16 12:26:04
CONT2022001550,2022-03-07 02:54:47,2022-03-07 18:14:47
CONT2022001551,2022-03-08 13:46:49,2022-03-20 12:40:16
CONT2022001552,2022-03-07 06:57:00,2022-03-21 04:02:56
CONT2022001553,2022-03-15 20:20:11,
CONT2022001554,2022-03-15 15:25:39,2022-03-20 16:53:07
CONT2022001555,2022-03-08 09:12:10,2022-03-21 02:13:52
CONT2022001556,2022-03-09 15:44:29,
CONT2022001557,2022-03-15 11:50:48,2022-03-21 07:37:38
CONT2022001558,2022-03-15 14:15:31,2022-03-16 09:15:08
CONT2022001559,2022-03-10 15:10:00,2022-03-11 08:14:47
CONT2022001560,2022-03-11 22:10:30,2022-03-13 00:13:41
CONT2022001561,2022-03-11 14:26:25,2022-03-12 22:39:26
CONT2022001562,2022-03-08 15:26:42,2022-03-20 03:36:29
CONT2022001563,2022-03-11 15:38:38,2022-03-12 09:04:05
CONT2022001564,2022-03-07 06:44:51,2022-03-20 16:49:14
CONT2022001565,2022-03-17 16:19:28,2022-03-18 21:49:15
CONT2022001566,2022-03-13 12:29:57,2022-03-20 20:39:55
CONT2022001567,2022-03-09 02:40:50,2022-03-21 11:24:03
CONT2022001568,2022-03-16 18:32:13,2022-03-17 03:48:33
CONT2022001569,2022-03-12 08:32:12,2022-03-13 02:30:27
CONT2022001570,2022-03-08 19:15:35,2022-03-21 05:26:04
CONT2022001571,2022-03-08 16:11:48,
CONT2022001572,2022-03-12 14:43:37,2022-03-13 03:10:07
CONT2022001573,2022-03-12 19:02:23,2022-03-23 00:49:58
CONT2022001574,2022-03-18 15:24:41,
CONT2022001575,2022-03-10 02:36:31,
CONT2022001576,2022-03-12 07:29:19,2022-03-12 12:34:28
CONT2022001577,2022-03-19 03:11:28,2022-03-22 13:06:52
CONT2022001578,2022-03-17 17:41:33,2022-03-17 21:49:20
CONT2022001579,2022-03-19 19:09:16,2022-03-23 16:08:12
CONT2022001580,2022-03-16 19:28:39,2022-03-17 20:26:42
CONT2022001581,2022-03-14 23:24:24,2022-03-15 15:54:15
CONT2022001582,2022-03-12 00:41:11,2022-03-22 12:20:35
CONT2022001583,2022-03-11 21:55:03,2022-03-22 10:21:00
CONT2022001584,2022-03-11 19:25:25,2022-03-22 23:00:55
CONT2022001585,2022-03-19 04:15:10,2022-03-22 17:10:39
CONT2022001586,2022-03-09 20:27:15,2022-03-10 23:27:50
CONT2022001587,2022-03-17 13:29:23,2022-03-22 23:05:30
CONT2022001588,2022-03-12 12:27:36,2022-03-22 07:33:09
CONT2022001589,2022-03-17 03:16:58,2022-03-18 00:10:17
CONT2022001590,2022-03-14 00:02:48,2022-03-15 00:30:09
CONT2022001591,2022-03-14 08:21:27,2022-03-23 04:58:03
CONT2022001592,2022-03-14 02:05:12,2022-03-15 06:04:13
CONT2022001593,2022-03-17 01:08:46,2022-03-22 21:47:58
CONT2022001594,2022-03-13 06:23:59,2022-03-14 02:33:12
CONT2022001595,2022-03-11 07:07:56,2022-03-22 09:02:49
CONT2022001596,2022-03-19 01:49:56,2022-03-19 16:08:48
CONT2022001597,2022-03-14 03:41:39,2022-03-15 01:38:02
CONT2022001598,2022-03-19 10:59:48,2022-03-20 10:35:07
CONT2022001599,2022-03-09 19:08:33,2022-03-22 06:10:55
CONT2022001600,2022-03-10 05:11:33,2022-03-24 07:31:17
CONT2022001601,2022-03-10 01:38:00,2022-03-10 14:42:37
CONT2022001602,2022-03-15 07:25:58,
CONT2022001603,2022-03-12 15:44:52,2022-03-13 19:37:27
CONT2022001604,2022-03-17 03:12:27,2022-03-18 07:10:45
CONT2022001605,2022-03-13 16:01:06,2022-03-23 06:14:25
CONT2022001606,2022-03-14 12:24:24,2022-03-23 04:40:02
CONT2022001607,2022-03-12 16:57:15,2022-03-13 06:21:08
CONT2022001608,2022-03-18 09:11:23,2022-03-24 05:37:23
CONT2022001609,2022-03-19 06:22:37,2022-03-20 07:12:33
CONT2022001610,2022-03-10 20:50:12,
CONT2022001611,2022-03-12 01:53:17,2022-03-23 07:23:46
CONT2022001612,2022-03-16 06:11:17,2022-03-24 06:28:37
CONT2022001613,2022-03-20 07:26:55,2022-03-21 05:44:48
CONT2022001614,2022-03-19 22:05:00,2022-03-23 21:37:36
CONT2022001615,2022-03-13 13:25:31,2022-03-22 23:38:23
CONT2022001616,2022-03-15 10:18:29,2022-03-16 17:07:01
CONT2022001617,2022-03-11 10:05:05,2022-03-23 12:06:27
CONT2022001618,2022-03-16 07:26:08,2022-03-16 17:19:53
CONT2022001619,2022-03-11 20:53:20,2022-03-23 12:23:56
CONT2022001620,2022-03-17 08:43:18,2022-03-23 18:56:33
CONT2022001621,2022-03-15 12:32:41,
CONT2022001622,2022-03-14 07:02:50,
CONT2022001623,2022-03-18 06:34:34,2022-03-19 01:36:21
CONT2022001624,2022-03-09 14:45:42,2022-03-11 02:03:33
CONT2022001625,2022-03-14 15:06:52,2022-03-23 23:28:38
CONT2022001626,2022-03-12 23:36:45,2022-03-23 00:14:59
CONT2022001627,2022-03-18 15:17:58,2022-03-18 19:17:58
CONT2022001628,2022-03-13 16:23:29,2022-03-14 15:08:49
CONT2022001629,2022-03-12 07:41:23,2022-03-24 07:03:56
CONT2022001630,2022-03-20 15:21:53,2022-03-21 08:48:12
CONT2022001631,2022-03-19 18:48:16,
CONT2022001632,2022-03-16 20:55:15,2022-03-17 19:03:11
CONT2022001633,2022-03-16 10:21:50,2022-03-17 20:36:27
CONT2022001634,2022-03-18 04:52:24,2022-03-19 03:21:48
CONT2022001635,2022-03-16 13:45:11,2022-03-17 08:56:06
CONT2022001636,2022-03-13 12:51:45,
CONT2022001637,2022-03-20 01:36:27,2022-03-20 12:36:37
CONT2022001638,2022-03-13 09:41:38,2022-03-14 23:19:13
CONT2022001639,2022-03-11 03:27:23,2022-03-11 20:19:33
CONT2022001640,2022-03-13 05:11:38,2022-03-23 06:27:52
CONT2022001641,2022-03-16 00:36:28,2022-03-17 04:17:02
CONT2022001642,2022-03-14 09:55:41,2022-03-24 20:58:44
CONT2022001643,2022-03-12 15:17:17,2022-03-13 12:59:14
CONT2022001644,2022-03-16 16:44:54,2022-03-23 22:39:40
CONT2022001645,2022-03-11 11:22:32,2022-03-24 17:59:39
CONT2022001646,2022-03-12 10:35:56,
CONT2022001647,2022-03-11 21:05:54,2022-03-23 20:12:34
CONT2022001648,2022-03-13 10:30:03,2022-03-23 10:56:01
CONT2022001649,2022-03-12 14:50:11,2022-03-13 18:10:01
CONT2022001650,2022-03-17 13:54:39,2022-03-18 02:14:22
CONT2022001651,2022-03-11 15:24:36,
CONT2022001652,2022-03-12 05:01:27,2022-03-12 09:01:27
CONT2022001653,2022-03-15 20:46:26,2022-03-23 03:17:22
CONT2022001654,2022-03-12 17:31:39,2022-03-13 10:01:13
CONT2022001655,2022-03-19 08:38:13,
CONT2022001656,2022-03-17 12:06:03,
CONT2022001657,2022-03-10 22:41:13,
CONT2022001658,2022-03-19 03:33:15,2022-03-24 13:11:20
CONT2022001659,2022-03-19 14:03:43,
CONT2022001660,2022-03-16 22:48:10,2022-03-23 08:15:04
CONT2022001661,2022-03-20 23:48:26,2022-03-23 08:43:15
CONT2022001662,2022-03-17 07:16:39,2022-03-24 02:52:53
CONT2022001663,2022-03-19 18:53:50,
CONT2022001664,2022-03-15 00:58:51,2022-03-16 00:42:45
CONT2022001665,2022-03-21 12:31:33,2022-03-22 10:05:27
CONT2022001666,2022-03-20 20:27:50,2022-03-24 14:25:03
CONT2022001667,2022-03-19 10:12:10,2022-03-25 05:37:08
CONT2022001668,2022-03-11 08:27:03,2022-03-12 01:21:15
CONT2022001669,2022-03-16 11:44:41,2022-03-24 22:56:57
CONT2022001670,2022-03-13 05:50:08,2022-03-24 23:42:44
CONT2022001671,2022-03-21 19:35:37,2022-03-24 07:46:29
CONT2022001672,2022-03-12 23:47:05,2022-03-24 05:40:51
CONT2022001673,2022-03-21 09:43:33,2022-03-22 06:37:10
CONT2022001674,2022-03-11 22:47:34,2022-03-12 21:43:49
CONT2022001675,2022-03-17 22:43:50,2022-03-24 23:32:05
CONT2022001676,2022-03-19 08:16:41,2022-03-20 19:20:55
CONT2022001677,2022-03-15 06:26:20,2022-03-15 17:32:38
CONT2022001678,2022-03-17 18:16:44,2022-03-25 08:15:41
CONT2022001679,2022-03-16 08:33:21,2022-03-23 22:27:08
CONT2022001680,2022-03-17 22:36:49,2022-03-24 08:14:55
CONT2022001681,2022-03-18 21:38:51,2022-03-19 19:56:08
CONT2022001682,2022-03-20 02:05:33,2022-03-21 03:22:04
CONT2022001683,2022-03-21 18:49:07,2022-03-22 17:00:27
CONT2022001684,2022-03-14 05:32:44,2022-03-24 07:36:26
CONT2022001685,2022-03-12 04:26:05,2022-03-23 21:54:16
CONT2022001686,2022-03-11 10:16:24,2022-03-24 13:12:16
CONT2022001687,2022-03-16 04:15:38,2022-03-16 21:23:23
CONT2022001688,2022-03-21 19:15:32,2022-03-25 11:43:14
CONT2022001689,2022-03-15 12:09:50,2022-03-24 19:05:44
CONT2022001690,2022-03-17 07:41:02,
CONT2022001691,2022-03-11 17:24:48,2022-03-24 20:54:48
CONT2022001692,2022-03-14 13:47:52,
CONT2022001693,2022-03-12 14:00:13,
CONT2022001694,2022-03-11 15:41:49,
CONT2022001695,2022-03-13 11:23:44,
CONT2022001696,2022-03-12 05:11:43,
CONT2022001697,2022-03-20 14:44:39,2022-03-25 00:23:08
CONT2022001698,2022-03-18 09:16:39,2022-03-24 17:36:19
CONT2022001699,2022-03-11 18:08:16,2022-03-12 10:33:50
CONT2022001700,2022-03-17 19:27:11,2022-03-25 14:34:24
CONT2022001701,2022-03-15 20:39:34,2022-03-17 00:09:31
CONT2022001702,2022-03-15 22:05:01,
CONT2022001703,2022-03-14 21:22:27,2022-03-25 04:36:17
CONT2022001704,2022-03-19 00:47:30,2022-03-19 10:43:31
CONT2022001705,2022-03-14 16:14:34,
CONT2022001706,2022-03-20 13:21:29,2022-03-21 07:04:04
CONT2022001707,2022-03-18 00:06:56,2022-03-25 00:26:35
CONT2022001708,2022-03-19 01:52:01,2022-03-24 17:10:58
CONT2022001709,2022-03-11 20:50:03,
CONT2022001710,2022-03-21 13:28:20,2022-03-22 08:22:30
CONT2022001711,2022-03-17 18:26:36,
CONT2022001712,2022-03-16 23:30:39,2022-03-18 06:28:37
CONT2022001713,2022-03-18 21:00:13,2022-03-26 16:22:40
CONT2022001714,2022-03-20 06:21:18,2022-03-24 07:02:44
CONT2022001715,2022-03-21 23:18:36,2022-03-22 03:18:36
CONT2022001716,2022-03-20 15:44:20,
CONT2022001717,2022-03-21 17:18:11,2022-03-24 16:43:55
CONT2022001718,2022-03-21 01:33:55,2022-03-22 06:27:42
CONT2022001719,2022-03-15 11:23:10,
CONT2022001720,2022-03-19 09:32:05,2022-03-25 06:16:59
CONT2022001721,2022-03-15 18:12:21,2022-03-16 09:40:53
CONT2022001722,2022-03-21 13:48:37,2022-03-24 14:54:06
CONT2022001723,2022-03-20 16:57:35,
CONT2022001724,2022-03-12 23:25:14,2022-03-24 10:41:17
CONT2022001725,2022-03-17 06:49:09,2022-03-25 08:28:57
CONT2022001726,2022-03-20 16:11:41,
CONT2022001727,2022-03-20 07:37:16,2022-03-21 11:37:16
CONT2022001728,2022-03-12 13:26:15,2022-03-25 16:39:28
CONT2022001729,2022-03-20 10:35:59,2022-03-25 07:17:41
CONT2022001730,2022-03-18 15:50:55,2022-03-25 15:03:13
CONT2022001731,2022-03-12 12:48:08,
CONT2022001732,2022-03-14 15:16:18,2022-03-25 23:35:49
CONT2022001733,2022-03-19 12:14:44,2022-03-20 01:43:12
CONT2022001734,2022-03-11 21:37:57,2022-03-12 12:15:17
CONT2022001735,2022-03-13 09:08:28,2022-03-25 15:05:06
CONT2022001736,2022-03-17 01:35:55,2022-03-26 07:32:44
CONT2022001737,2022-03-15 13:05:03,2022-03-16 06:41:32
CONT2022001738,2022-03-12 09:24:13,2022-03-25 02:00:47
CONT2022001739,2022-03-19 10:10:51,2022-03-20 05:37:01
CONT2022001740,2022-03-17 15:23:39,2022-03-25 13:52:07
CONT2022001741,2022-03-22 03:15:23,
CONT2022001742,2022-03-15 00:18:36,
CONT2022001743,2022-03-12 01:49:19,2022-03-12 20:24:31
CONT2022001744,2022-03-22 10:36:37,
CONT2022001745,2022-03-21 02:27:36,2022-03-26 20:10:26
CONT2022001746,2022-03-20 06:48:22,
CONT2022001747,2022-03-22 02:13:36,2022-03-23 12:23:40
CONT2022001748,2022-03-13 06:17:54,2022-03-14 11:57:57
CONT2022001749,2022-03-15 20:25:36,2022-03-16 03:54:28
CONT2022001750,2022-03-20 08:20:13,2022-03-20 19:33:21
CONT2022001751,2022-03-17 12:12:20,
CONT2022001752,2022-03-21 00:02:48,2022-03-25 16:54:32
CONT2022001753,2022-03-18 04:49:17,2022-03-18 18:00:31
CONT2022001754,2022-03-19 22:01:43,2022-03-27 06:21:22
CONT2022001755,2022-03-15 02:35:46,2022-03-26 20:49:18
CONT2022001756,2022-03-22 20:43:38,2022-03-23 21:27:27
CONT2022001757,2022-03-13 05:59:03,2022-03-25 20:40:01
CONT2022001758,2022-03-16 13:54:11,
CONT2022001759,2022-03-12 06:52:06,2022-03-13 06:33:59
CONT2022001760,2022-03-20 16:19:29,2022-03-25 09:39:19
CONT2022001761,2022-03-15 18:39:04,2022-03-26 06:29:29
CONT2022001762,2022-03-12 07:24:42,2022-03-26 01:07:52
CONT2022001763,2022-03-19 07:01:27,2022-03-19 21:33:50
CONT2022001764,2022-03-18 21:02:24,2022-03-19 05:27:54
CONT2022001765,2022-03-17 20:52:26,2022-03-25 15:18:25
CONT2022001766,2022-03-18 20:03:03,2022-03-19 19:14:50
CONT2022001767,2022-03-18 13:20:46,2022-03-28 20:41:43
CONT2022001768,2022-03-18 17:32:45,2022-03-19 19:07:50
CONT2022001769,2022-03-21 04:50:02,2022-03-28 18:56:35
CONT2022001770,2022-03-22 11:57:47,2022-03-23 11:17:58
CONT2022001771,2022-03-25 01:32:16,2022-03-25 13:52:12
CONT2022001772,2022-03-15 21:15:26,2022-03-28 15:32:58
CONT2022001773,2022-03-25 00:18:04,
CONT2022001774,2022-03-22 22:12:52,2022-03-23 12:49:50
CONT2022001775,2022-03-15 11:50:46,2022-03-29 09:23:16
CONT2022001776,2022-03-23 04:15:30,2022-03-29 02:48:42
CONT2022001777,2022-03-21 08:39:53,2022-03-22 03:03:01
CONT2022001778,2022-03-19 17:41:47,2022-03-29 14:55:20
CONT2022001779,2022-03-25 04:58:02,2022-03-29 05:19:11
CONT2022001780,2022-03-23 14:37:54,2022-03-28 10:38:22
CONT2022001781,2022-03-22 12:58:39,2022-03-29 02:23:30
CONT2022001782,2022-03-17 10:14:58,2022-03-28 20:46:09
CONT2022001783,2022-03-24 13:19:12,2022-03-25 07:59:58
CONT2022001784,2022-03-19 23:59:18,2022-03-20 22:37:41
CONT2022001785,2022-03-26 02:29:15,
CONT2022001786,2022-03-22 09:25:51,2022-03-29 08:40:18
CONT2022001787,2022-03-20 19:13:58,2022-03-29 06:03:12
CONT2022001788,2022-03-19 15:29:09,2022-03-20 10:19:45
CONT2022001789,2022-03-16 19:27:02,2022-03-28 11:29:16
CONT2022001790,2022-03-20 10:12:16,2022-03-21 01:53:24
CONT2022001791,2022-03-16 02:59:55,2022-03-28 13:55:54
CONT2022001792,2022-03-22 17:54:25,
CONT2022001793,2022-03-19 07:14:32,2022-03-19 23:26:34
CONT2022001794,2022-03-15 23:56:54,
CONT2022001795,2022-03-18 01:18:31,
CONT2022001796,2022-03-19 02:21:04,2022-03-29 12:01:53
CONT2022001797,2022-03-20 01:48:58,2022-03-20 09:15:29
CONT2022001798,2022-03-18 05:56:53,2022-03-19 00:12:49
CONT2022001799,2022-03-25 23:14:48,2022-03-26 07:55:30
CONT2022001800,2022-03-20 01:45:50,2022-03-29 15:09:13
CONT2022001801,2022-03-19 05:26:44,2022-03-19 21:35:00
CONT2022001802,2022-03-23 05:14:15,2022-03-23 18:35:26
CONT2022001803,2022-03-16 15:28:52,2022-03-29 17:17:27
CONT2022001804,2022-03-22 00:40:36,2022-03-30 01:17:21
CONT2022001805,2022-03-19 14:09:30,2022-03-29 21:13:04
CONT2022001806,2022-03-19 15:08:45,2022-03-29 12:46:32
CONT2022001807,2022-03-23 03:12:56,2022-03-29 19:39:02
CONT2022001808,2022-03-19 08:11:39,2022-03-29 23:03:57
CONT2022001809,2022-03-20 02:40:25,2022-03-20 21:32:07
CONT2022001810,2022-03-26 05:55:52,2022-04-03 04:05:47
CONT2022001811,2022-03-28 10:45:09,2022-04-02 06:45:23
CONT2022001812,2022-03-24 18:33:39,2022-04-02 06:58:28
CONT2022001813,2022-03-21 19:19:11,2022-04-03 02:27:46
CONT2022001814,2022-03-27 21:12:22,2022-04-02 17:46:11
CONT2022001815,2022-03-26 17:23:29,2022-04-03 01:11:35
CONT2022001816,2022-03-27 08:26:12,2022-04-02 20:23:53
CONT2022001817,2022-03-29 09:40:10,
CONT2022001818,2022-03-25 10:15:42,2022-03-25 18:59:40
CONT2022001819,2022-03-22 18:05:59,2022-03-23 18:04:25
CONT2022001820,2022-03-20 16:21:15,2022-03-21 17:05:57
CONT2022001821,2022-03-27 15:02:07,
CONT2022001822,2022-03-28 05:54:34,2022-03-29 10:02:48
CONT2022001823,2022-03-24 00:51:51,
CONT2022001824,2022-03-24 01:05:22,2022-04-01 20:58:33
CONT2022001825,2022-03-28 19:30:17,2022-03-29 16:01:02
CONT2022001826,2022-03-28 18:07:32,
CONT2022001827,2022-03-29 11:47:33,2022-04-02 17:58:24
CONT2022001828,2022-03-24 06:22:58,
CONT2022001829,2022-03-21 05:57:59,2022-04-03 07:50:39
CONT2022001830,2022-03-21 14:45:34,2022-04-04 01:50:19
CONT2022001831,2022-03-30 11:44:37,2022-04-03 23:04:04
CONT2022001832,2022-03-23 00:01:47,
CONT2022001833,2022-03-28 17:52:20,2022-03-29 12:36:11
CONT2022001834,2022-03-30 16:12:48,2022-03-31 23:40:02
CONT2022001835,2022-03-26 16:01:22,2022-04-03 15:12:48
CONT2022001836,2022-03-31 02:09:29,2022-03-31 20:58:01
CONT2022001837,2022-03-23 08:15:22,2022-03-24 10:55:03
CONT2022001838,2022-03-21 15:04:56,2022-03-22 19:20:34
CONT2022001839,2022-03-25 02:18:18,
CONT2022001840,2022-03-26 14:37:58,
CONT2022001841,2022-03-27 00:43:15,2022-03-27 10:18:54
CONT2022001842,2022-03-30 21:29:42,2022-04-01 10:32:09
CONT2022001843,2022-03-30 11:51:31,2022-03-30 18:54:04
CONT2022001844,2022-03-24 20:04:31,2022-04-03 13:57:06
CONT2022001845,2022-03-22 21:03:24,2022-04-04 01:21:21
CONT2022001846,2022-03-26 11:04:13,2022-03-26 18:14:14
CONT2022001847,2022-03-29 11:32:01,2022-04-03 22:12:39
CONT2022001848,2022-03-26 04:39:16,
CONT2022001849,2022-03-22 07:22:21,2022-03-23 02:50:08
CONT2022001850,2022-03-28 13:05:40,2022-04-03 13:55:07
CONT2022001851,2022-03-29 03:27:18,2022-04-04 00:22:34
CONT2022001852,2022-03-27 19:57:08,2022-04-03 14:47:52
CONT2022001853,2022-03-22 07:10:31,
CONT2022001854,2022-03-27 05:55:51,
CONT2022001855,2022-03-31 03:13:11,2022-03-31 19:13:39
CONT2022001856,2022-03-24 16:53:36,
CONT2022001857,2022-03-30 18:06:53,2022-03-31 17:16:03
CONT2022001858,2022-03-27 23:15:10,2022-03-28 16:47:40
CONT2022001859,2022-03-26 22:12:46,2022-04-05 00:06:34
CONT2022001860,2022-03-21 11:54:49,2022-03-22 21:16:07
CONT2022001861,2022-03-28 10:21:38,2022-04-03 15:29:12
CONT2022001862,2022-03-22 11:45:29,
CONT2022001863,2022-03-29 08:06:08,2022-03-30 02:04:46
CONT2022001864,2022-03-28 21:35:58,
CONT2022001865,2022-03-28 18:57:18,2022-04-04 00:22:44
CONT2022001866,2022-03-24 15:47:38,
CONT2022001867,2022-03-25 23:06:45,2022-03-26 11:43:39
CONT2022001868,2022-03-22 16:19:48,2022-03-23 13:57:44
CONT2022001869,2022-03-24 22:49:08,2022-03-26 04:44:47
CONT2022001870,2022-03-26 02:05:13,2022-03-26 13:08:38
CONT2022001871,2022-03-22 20:54:50,2022-03-23 19:17:01
CONT2022001872,2022-03-24 22:44:04,2022-04-03 05:02:49
CONT2022001873,2022-03-27 21:02:53,
CONT2022001874,2022-03-27 23:37:36,2022-04-04 06:54:24
CONT2022001875,2022-03-25 22:36:57,2022-03-26 16:45:52
CONT2022001876,2022-03-29 12:03:05,
CONT2022001877,2022-04-01 05:31:21,2022-04-04 03:50:08
CONT2022001878,2022-03-26 06:30:01,2022-04-04 14:08:02
CONT2022001879,2022-03-25 21:24:03,2022-03-27 04:18:33
CONT2022001880,2022-03-23 13:09:41,2022-03-24 05:03:59
CONT2022001881,2022-03-25 15:05:02,2022-04-03 16:02:04
CONT2022001882,2022-03-27 23:16:03,2022-04-03 22:10:15
CONT2022001883,2022-03-27 05:19:15,2022-03-28 16:15:31
CONT2022001884,2022-03-29 06:19:38,2022-04-04 04:42:05
CONT2022001885,2022-03-27 13:12:23,2022-04-04 04:49:20
CONT2022001886,2022-03-27 04:33:27,2022-04-05 05:58:35
CONT2022001887,2022-03-28 20:24:07,2022-03-29 19:31:56
CONT2022001888,2022-04-01 07:29:45,2022-04-04 06:10:31
CONT2022001889,2022-03-25 19:43:17,2022-04-03 02:43:40
CONT2022001890,2022-03-30 16:07:15,2022-04-04 00:10:57
CONT2022001891,2022-03-26 02:24:36,2022-03-26 14:39:16
CONT2022001892,2022-03-23 15:58:06,2022-03-24 11:05:54
CONT2022001893,2022-03-31 09:16:12,2022-04-04 07:57:52
CONT2022001894,2022-03-27 10:09:45,2022-04-04 02:40:56
CONT2022001895,2022-03-26 07:24:20,
CONT2022001896,2022-03-24 23:19:38,
CONT2022001897,2022-03-25 16:03:07,2022-04-04 21:48:34
CONT2022001898,2022-03-26 00:14:25,
CONT2022001899,2022-03-30 12:37:49,2022-03-31 11:11:20
CONT2022001900,2022-03-30 22:51:17,2022-04-04 18:32:40
CONT2022001901,2022-03-29 14:00:31,2022-03-30 11:21:53
CONT2022001902,2022-03-29 02:54:48,2022-04-05 00:50:50
CONT2022001903,2022-03-25 13:12:01,2022-04-04 18:55:43
CONT2022001904,2022-03-28 09:26:47,2022-03-29 06:33:54
CONT2022001905,2022-03-24 14:54:07,2022-03-25 01:37:18
CONT2022001906,2022-04-02 03:22:36,
CONT2022001907,2022-04-01 18:06:31,2022-04-05 23:44:25
CONT2022001908,2022-03-30 04:04:28,2022-03-30 20:57:41
CONT2022001909,2022-03-25 10:35:35,2022-03-26 08:55:07
CONT2022001910,2022-03-28 10:16:58,2022-03-29 06:17:59
CONT2022001911,2022-03-28 10:14:12,2022-04-04 23:36:42
CONT2022001912,2022-03-23 12:25:10,2022-04-05 21:57:52
CONT2022001913,2022-03-29 02:07:45,2022-03-30 03:45:34
CONT2022001914,2022-03-27 16:38:47,
CONT2022001915,2022-03-31 21:43:22,2022-04-07 05:10:48
CONT2022001916,2022-03-27 17:15:32,2022-04-07 16:31:30
CONT2022001917,2022-03-25 04:41:42,
CONT2022001918,2022-04-04 00:57:47,2022-04-05 10:28:11
CONT2022001919,2022-03-27 17:36:25,2022-03-29 00:04:43
CONT2022001920,2022-03-29 13:47:18,2022-04-07 08:28:18
CONT2022001921,2022-03-25 15:05:52,2022-03-26 20:51:26
CONT2022001922,2022-04-01 12:35:41,2022-04-02 18:31:04
CONT2022001923,2022-03-27 15:35:59,
CONT2022001924,2022-03-30 22:59:44,2022-04-07 23:18:17
CONT2022001925,2022-03-28 18:58:45,2022-03-29 17:36:34
CONT2022001926,2022-04-01 13:59:43,2022-04-06 17:56:27
CONT2022001927,2022-04-03 04:03:28,2022-04-06 18:38:20
CONT2022001928,2022-04-02 07:55:49,2022-04-07 07:45:21
CONT2022001929,2022-03-31 21:11:41,2022-04-07 17:45:25
CONT2022001930,2022-03-25 07:09:52,2022-04-07 15:13:30
CONT2022001931,2022-03-25 10:14:26,
CONT2022001932,2022-03-31 18:48:30,2022-04-07 10:11:31
CONT2022001933,2022-03-25 09:14:40,2022-04-07 08:21:17
CONT2022001934,2022-03-28 05:28:37,2022-04-06 18:33:52
CONT2022001935,2022-04-01 02:11:55,2022-04-02 01:45:32
CONT2022001936,2022-03-30 17:32:57,2022-03-30 21:32:57
CONT2022001937,2022-04-03 04:25:29,2022-04-07 18:31:18
CONT2022001938,2022-03-29 08:03:18,2022-04-07 13:53:05
CONT2022001939,2022-03-26 12:15:47,
CONT2022001940,2022-03-29 07:37:03,2022-03-29 19:45:39
CONT2022001941,2022-04-02 11:51:15,2022-04-08 07:25:20
CONT2022001942,2022-04-03 20:16:27,
CONT2022001943,2022-04-01 20:59:22,2022-04-02 22:37:27
CONT2022001944,2022-03-27 23:10:39,
CONT2022001945,2022-04-05 22:34:46,2022-04-08 16:40:56
CONT2022001946,2022-04-05 00:09:09,2022-04-08 22:47:58
CONT2022001947,2022-03-29 17:45:25,2022-04-09 08:58:21
CONT2022001948,2022-03-30 23:47:18,2022-04-09 05:57:18
CONT2022001949,2022-04-02 12:23:57,2022-04-03 13:57:41
CONT2022001950,2022-04-03 12:23:57,2022-04-04 00:40:19
CONT2022001951,2022-03-27 04:51:10,2022-03-28 09:25:10
CONT2022001952,2022-03-31 20:20:14,2022-04-09 03:58:35
CONT2022001953,2022-03-30 10:00:20,
CONT2022001954,2022-04-01 17:09:47,2022-04-09 09:15:39
CONT2022001955,2022-04-04 19:29:48,2022-04-09 03:43:46
CONT2022001956,2022-04-05 18:52:26,2022-04-09 06:01:44
CONT2022001957,2022-04-03 04:16:59,2022-04-04 07:59:02
CONT2022001958,2022-04-03 06:59:41,2022-04-03 16:25:48
CONT2022001959,2022-03-27 00:28:51,2022-04-09 00:07:31
CONT2022001960,2022-04-04 23:31:13,2022-04-09 05:13:17
CONT2022001961,2022-04-04 09:06:43,
CONT2022001962,2022-04-04 14:43:52,
CONT2022001963,2022-03-31 20:16:48,2022-04-09 14:50:38
CONT2022001964,2022-03-31 01:08:58,
CONT2022001965,2022-03-30 11:39:50,2022-03-31 17:42:24
CONT2022001966,2022-03-27 05:05:58,2022-04-10 01:08:48
CONT2022001967,2022-03-27 07:50:14,2022-04-09 19:22:25
CONT2022001968,2022-03-27 19:52:05,2022-04-09 21:37:29
CONT2022001969,2022-04-05 16:43:12,
CONT2022001970,2022-03-27 01:10:33,2022-03-27 12:18:05
CONT2022001971,2022-03-27 21:50:55,2022-04-09 01:48:34
CONT2022001972,2022-03-28 14:29:48,2022-04-09 07:18:23
CONT2022001973,2022-03-31 14:45:43,2022-04-09 06:22:44
CONT2022001974,2022-04-04 21:17:40,
CONT2022001975,2022-04-06 00:19:59,2022-04-08 22:25:48
CONT2022001976,2022-03-28 23:41:09,
CONT2022001977,2022-03-29 20:57:58,2022-04-08 20:44:08
CONT2022001978,2022-03-27 06:43:06,
CONT2022001979,2022-04-04 09:17:44,2022-04-10 04:24:56
CONT2022001980,2022-04-05 14:49:44,
CONT2022001981,2022-04-04 11:14:22,2022-04-05 17:43:56
CONT2022001982,2022-04-06 16:16:27,2022-04-09 22:47:15
CONT2022001983,2022-04-01 04:11:33,2022-04-08 09:05:34
CONT2022001984,2022-03-27 15:46:37,2022-04-08 23:12:22
CONT2022001985,2022-03-29 05:21:58,2022-03-29 17:38:14
CONT2022001986,2022-03-27 17:18:16,2022-03-28 11:08:24
CONT2022001987,2022-03-31 22:19:11,2022-04-09 03:28:51
CONT2022001988,2022-03-27 17:01:32,2022-04-10 01:26:42
CONT2022001989,2022-04-02 03:56:37,2022-04-02 23:04:30
CONT2022001990,2022-04-03 03:14:20,2022-04-09 05:19:37
CONT2022001991,2022-03-28 02:08:09,
CONT2022001992,2022-03-31 13:54:16,2022-04-01 03:19:03
CONT2022001993,2022-04-02 12:53:49,2022-04-03 01:53:40
CONT2022001994,2022-04-03 14:53:38,2022-04-04 05:49:58
CONT2022001995,2022-03-27 14:48:45,2022-03-27 20:46:24
CONT2022001996,2022-03-27 00:36:31,2022-04-09 16:50:07
CONT2022001997,2022-04-04 07:12:51,2022-04-05 12:37:04
CONT2022001998,2022-04-06 05:02:24,
CONT2022001999,2022-04-04 09:15:46,2022-04-05 15:50:41
CONT2022002000,2022-04-04 21:03:56,2022-04-05 13:45:12
CONT2022002001,2022-04-04 06:20:43,
CONT2022002002,2022-04-04 12:19:44,2022-04-05 01:36:20
CONT2022002003,2022-04-05 18:45:55,2022-04-10 19:19:56
CONT2022002004,2022-03-28 19:02:51,
CONT2022002005,2022-03-29 00:31:40,2022-03-29 21:04:41
CONT2022002006,2022-04-07 07:05:26,2022-04-10 16:34:21
CONT2022002007,2022-04-05 10:42:28,2022-04-10 20:01:52
CONT2022002008,2022-03-30 01:10:40,2022-04-09 17:22:53
CONT2022002009,2022-03-30 22:41:06,
CONT2022002010,2022-04-07 08:22:09,2022-04-12 01:25:46
CONT2022002011,2022-04-05 13:12:55,2022-04-12 12:28:26
CONT2022002012,2022-04-03 18:59:48,2022-04-12 04:05:57
CONT2022002013,2022-04-01 23:24:42,2022-04-03 03:39:56
CONT2022002014,2022-04-01 21:06:19,2022-04-03 10:47:43
CONT2022002015,2022-04-01 02:38:54,2022-04-12 15:13:39
CONT2022002016,2022-04-04 11:28:45,2022-04-12 07:03:20
CONT2022002017,2022-03-30 04:24:43,
CONT2022002018,2022-04-08 05:24:55,2022-04-09 05:42:51
CONT2022002019,2022-04-04 13:57:55,2022-04-05 00:31:45
CONT2022002020,2022-04-09 00:43:34,2022-04-12 00:57:15
CONT2022002021,2022-04-03 02:27:46,2022-04-03 17:38:21
CONT2022002022,2022-04-02 17:10:48,2022-04-13 03:19:07
CONT2022002023,2022-04-10 10:59:07,2022-04-13 00:57:33
CONT2022002024,2022-04-07 02:23:11,2022-04-13 15:57:05
CONT2022002025,2022-04-03 14:28:08,2022-04-04 11:45:14
CONT2022002026,2022-04-02 09:23:11,2022-04-13 01:45:18
CONT2022002027,2022-04-07 15:38:33,2022-04-08 09:10:46
CONT2022002028,2022-04-03 04:02:01,
CONT2022002029,2022-04-05 11:59:03,2022-04-13 20:40:33
CONT2022002030,2022-04-09 04:26:02,2022-04-13 05:31:30
CONT2022002031,2022-04-07 08:33:57,2022-04-08 15:04:03
CONT2022002032,2022-04-07 02:37:34,2022-04-13 15:59:06
CONT2022002033,2022-04-03 02:40:49,2022-04-13 03:34:56
CONT2022002034,2022-04-03 21:57:17,2022-04-12 16:21:24
CONT2022002035,2022-04-05 18:59:21,2022-04-13 08:26:11
CONT2022002036,2022-04-08 10:18:23,2022-04-09 15:19:29
CONT2022002037,2022-04-03 18:47:28,
CONT2022002038,2022-04-07 22:52:13,
CONT2022002039,2022-04-08 10:23:32,2022-04-09 06:22:15
CONT2022002040,2022-04-06 05:47:15,2022-04-06 17:19:11
CONT2022002041,2022-04-06 18:11:04,2022-04-08 03:29:10
CONT2022002042,2022-04-08 04:10:34,2022-04-09 10:55:07
CONT2022002043,2022-04-08 07:55:39,
CONT2022002044,2022-04-04 09:41:33,2022-04-05 21:22:42
CONT2022002045,2022-04-08 15:50:43,2022-04-14 17:34:57
CONT2022002046,2022-04-06 17:19:00,2022-04-13 17:07:41
CONT2022002047,2022-03-31 20:30:54,2022-04-14 12:16:32
CONT2022002048,2022-04-05 08:49:08,2022-04-13 15:36:21
CONT2022002049,2022-04-09 20:16:58,2022-04-15 03:39:30
CONT2022002050,2022-04-10 01:12:42,2022-04-14 15:57:52
CONT2022002051,2022-04-01 07:50:00,
CONT2022002052,2022-04-05 15:58:11,2022-04-15 17:00:17
CONT2022002053,2022-04-04 22:57:49,2022-04-05 13:49:04
CONT2022002054,2022-04-09 10:52:20,
CONT2022002055,2022-04-10 13:31:52,2022-04-10 18:21:47
CONT2022002056,2022-04-05 07:13:26,2022-04-05 13:52:30
CONT2022002057,2022-04-10 06:04:13,2022-04-14 11:18:52
CONT2022002058,2022-04-02 12:22:46,2022-04-03 08:24:56
CONT2022002059,2022-04-11 09:12:32,2022-04-11 23:46:09
CONT2022002060,2022-04-05 15:48:10,2022-04-14 20:38:10
CONT2022002061,2022-04-11 04:50:38,2022-04-12 13:05:07
CONT2022002062,2022-04-01 22:45:28,2022-04-02 12:04:01
CONT2022002063,2022-04-10 21:06:22,2022-04-11 18:09:07
CONT2022002064,2022-04-06 17:10:00,2022-04-07 15:24:58
CONT2022002065,2022-04-08 23:49:06,2022-04-15 12:13:19
CONT2022002066,2022-04-12 02:59:28,2022-04-13 01:35:14
CONT2022002067,2022-04-07 13:04:23,2022-04-08 02:13:27
CONT2022002068,2022-04-06 11:24:10,2022-04-15 01:22:29
CONT2022002069,2022-04-06 07:42:56,
CONT2022002070,2022-04-01 18:22:16,2022-04-15 08:46:24
CONT2022002071,2022-04-07 04:09:47,2022-04-07 19:28:53
CONT2022002072,2022-04-02 08:25:21,2022-04-15 07:59:41
CONT2022002073,2022-04-02 20:24:13,
CONT2022002074,2022-04-01 21:24:18,
CONT2022002075,2022-04-01 10:24:35,2022-04-14 11:11:40
CONT2022002076,2022-04-11 03:56:28,2022-04-11 22:04:14
CONT2022002077,2022-04-07 21:45:46,2022-04-14 13:21:56
CONT2022002078,2022-04-09 16:56:46,
CONT2022002079,2022-04-07 00:00:17,2022-04-07 21:07:05
CONT2022002080,2022-04-04 10:27:00,2022-04-14 15:55:00
CONT2022002081,2022-04-06 01:16:30,2022-04-07 05:46:32
CONT2022002082,2022-04-11 14:36:36,2022-04-14 17:53:58
CONT2022002083,2022-04-09 17:55:36,
CONT2022002084,2022-04-08 14:41:04,2022-04-14 20:34:45
CONT2022002085,2022-04-04 08:32:58,2022-04-15 14:22:25
CONT2022002086,2022-04-05 04:56:44,2022-04-16 00:47:29
CONT2022002087,2022-04-07 21:55:38,
CONT2022002088,2022-04-08 04:55:16,2022-04-09 01:25:29
CONT2022002089,2022-04-03 13:34:32,2022-04-14 22:28:30
CONT2022002090,2022-04-07 21:14:38,2022-04-14 17:56:37
CONT2022002091,2022-04-07 14:12:21,
CONT2022002092,2022-04-08 04:57:30,2022-04-15 02:44:44
CONT2022002093,2022-04-08 14:35:37,2022-04-14 17:02:29
CONT2022002094,2022-04-01 17:53:12,2022-04-15 12:28:40
CONT2022002095,2022-04-11 06:28:20,2022-04-11 10:28:20
CONT2022002096,2022-04-06 23:33:26,
CONT2022002097,2022-04-03 23:40:03,2022-04-14 08:19:13
CONT2022002098,2022-04-07 21:23:47,2022-04-16 05:42:41
CONT2022002099,2022-04-07 16:17:59,2022-04-08 17:06:02
CONT2022002100,2022-04-08 22:56:12,2022-04-10 11:25:06
CONT2022002101,2022-04-03 17:48:25,2022-04-16 03:23:13
CONT2022002102,2022-04-02 15:37:58,2022-04-15 14:24:39
CONT2022002103,2022-04-04 20:03:04,2022-04-15 17:23:38
CONT2022002104,2022-04-08 17:42:56,2022-04-09 20:32:57
CONT2022002105,2022-04-06 20:55:19,2022-04-16 18:21:58
CONT2022002106,2022-04-06 12:34:48,2022-04-15 12:31:12
CONT2022002107,2022-04-05 18:50:38,2022-04-06 04:21:17
CONT2022002108,2022-04-10 06:31:51,2022-04-15 23:14:51
CONT2022002109,2022-04-10 03:05:58,
CONT2022002110,2022-04-10 08:25:06,2022-04-11 06:46:26
CONT2022002111,2022-04-10 14:05:25,2022-04-11 12:04:34
CONT2022002112,2022-04-01 23:37:57,
CONT2022002113,2022-04-12 22:45:31,2022-04-17 01:35:52
CONT2022002114,2022-04-13 09:43:07,
CONT2022002115,2022-04-09 02:40:44,2022-04-16 10:59:31
CONT2022002116,2022-04-13 14:13:37,2022-04-17 00:48:31
CONT2022002117,2022-04-12 12:53:30,
CONT2022002118,2022-04-06 03:09:17,2022-04-16 09:33:06
CONT2022002119,2022-04-10 11:37:43,2022-04-10 23:47:31
CONT2022002120,2022-04-05 09:16:41,
CONT2022002121,2022-04-04 23:52:07,
CONT2022002122,2022-04-07 10:02:06,
CONT2022002123,2022-04-09 20:55:51,2022-04-11 06:37:01
CONT2022002124,2022-04-09 02:04:38,2022-04-09 08:46:12
CONT2022002125,2022-04-03 07:20:17,2022-04-16 22:32:00
CONT2022002126,2022-04-09 22:40:47,2022-04-16 13:13:49
CONT2022002127,2022-04-11 11:40:04,
CONT2022002128,2022-04-12 17:27:44,2022-04-15 20:41:22
CONT2022002129,2022-04-04 19:02:59,2022-04-16 14:22:04
CONT2022002130,2022-04-03 12:43:55,2022-04-04 09:06:43
CONT2022002131,2022-04-12 15:17:01,2022-04-13 17:56:25
CONT2022002132,2022-04-09 21:07:01,2022-04-16 10:29:59
CONT2022002133,2022-04-12 02:50:52,2022-04-17 02:26:53
CONT2022002134,2022-04-06 23:12:52,
CONT2022002135,2022-04-10 00:31:05,
CONT2022002136,2022-04-11 08:35:36,2022-04-16 20:32:02
CONT2022002137,2022-04-06 06:36:54,2022-04-07 07:45:39
CONT2022002138,2022-04-11 10:14:14,2022-04-15 19:27:31
CONT2022002139,2022-04-05 00:07:54,2022-04-16 18:48:00
CONT2022002140,2022-04-10 14:33:13,
CONT2022002141,2022-04-04 20:09:47,2022-04-17 03:55:10
CONT2022002142,2022-04-10 17:03:42,2022-04-16 20:24:48
CONT2022002143,2022-04-13 12:43:35,2022-04-14 03:51:27
CONT2022002144,2022-04-12 18:07:41,2022-04-16 11:11:51
CONT2022002145,2022-04-11 15:38:19,2022-04-12 22:49:39
CONT2022002146,2022-04-05 07:47:38,2022-04-16 22:05:23
CONT2022002147,2022-04-13 18:00:25,
CONT2022002148,2022-04-11 16:31:52,2022-04-15 23:31:37
CONT2022002149,2022-04-07 19:00:37,
CONT2022002150,2022-04-07 02:54:02,
CONT2022002151,2022-04-12 19:07:35,
CONT2022002152,2022-04-07 23:03:09,2022-04-16 16:51:59
CONT2022002153,2022-04-11 16:16:42,2022-04-12 12:45:20
CONT2022002154,2022-04-08 03:36:03,2022-04-09 05:09:06
CONT2022002155,2022-04-13 23:23:06,
CONT2022002156,2022-04-04 06:34:36,2022-04-05 04:15:33
CONT2022002157,2022-04-08 05:33:14,2022-04-09 00:37:49
CONT2022002158,2022-04-06 22:50:33,2022-04-17 18:36:07
CONT2022002159,2022-04-11 07:02:53,2022-04-17 08:56:12
CONT2022002160,2022-04-13 09:58:56,2022-04-14 03:40:16
CONT2022002161,2022-04-11 03:34:03,2022-04-18 11:28:10
CONT2022002162,2022-04-12 05:49:41,2022-04-13 01:42:26
CONT2022002163,2022-04-07 12:43:50,2022-04-08 19:33:37
CONT2022002164,2022-04-12 22:59:00,2022-04-18 08:56:12
CONT2022002165,2022-04-11 21:49:08,
CONT2022002166,2022-04-05 14:53:31,
CONT2022002167,2022-04-06 20:34:58,
CONT2022002168,2022-04-11 04:24:15,2022-04-18 06:33:14
CONT2022002169,2022-04-15 04:42:27,2022-04-17 13:53:25
CONT2022002170,2022-04-06 13:46:54,2022-04-17 21:55:54
CONT2022002171,2022-04-15 03:31:53,2022-04-17 12:03:39
CONT2022002172,2022-04-14 21:37:54,2022-04-18 06:30:27
CONT2022002173,2022-04-06 15:56:58,2022-04-18 02:34:04
CONT2022002174,2022-04-10 01:05:14,2022-04-10 13:44:02
CONT2022002175,2022-04-08 17:40:10,
CONT2022002176,2022-04-12 18:37:01,2022-04-18 10:20:13
CONT2022002177,2022-04-06 16:20:16,2022-04-07 18:45:41
CONT2022002178,2022-04-07 17:14:07,2022-04-08 05:33:56
CONT2022002179,2022-04-12 06:35:15,2022-04-13 17:34:34
CONT2022002180,2022-04-12 15:08:07,2022-04-18 02:02:04
CONT2022002181,2022-04-04 05:49:14,2022-04-17 08:51:50
CONT2022002182,2022-04-10 16:19:59,2022-04-19 06:34:00
CONT2022002183,2022-04-09 20:36:26,2022-04-18 18:54:05
CONT2022002184,2022-04-09 09:43:16,2022-04-18 17:48:43
CONT2022002185,2022-04-14 13:51:28,2022-04-18 08:51:30
CONT2022002186,2022-04-15 05:42:40,2022-04-17 17:41:25
CONT2022002187,2022-04-07 19:45:55,2022-04-19 03:55:05
CONT2022002188,2022-04-13 04:18:50,
CONT2022002189,2022-04-10 14:08:37,
CONT2022002190,2022-04-08 21:19:33,2022-04-09 13:58:17
CONT2022002191,2022-04-08 12:51:09,2022-04-18 14:49:49
CONT2022002192,2022-04-08 05:13:37,2022-04-18 10:40:16
CONT2022002193,2022-04-09 14:03:09,2022-04-10 12:49:18
CONT2022002194,2022-04-06 03:46:45,2022-04-18 14:50:41
CONT2022002195,2022-04-07 04:19:39,2022-04-18 17:19:15
CONT2022002196,2022-04-05 22:24:22,2022-04-18 09:15:29
CONT2022002197,2022-04-12 09:08:52,
CONT2022002198,2022-04-13 07:03:06,2022-04-13 14:48:59
CONT2022002199,2022-04-10 05:05:49,2022-04-11 01:06:44
CONT2022002200,2022-04-08 20:34:28,2022-04-09 18:12:31
CONT2022002201,2022-04-15 04:11:22,2022-04-15 08:11:22
CONT2022002202,2022-04-09 14:40:13,2022-04-19 08:28:31
CONT2022002203,2022-04-11 03:29:51,2022-04-12 08:50:12
CONT2022002204,2022-04-09 19:06:31,2022-04-10 19:46:16
CONT2022002205,2022-04-13 11:48:29,
CONT2022002206,2022-04-07 10:56:19,2022-04-08 03:51:42
CONT2022002207,2022-04-15 23:22:27,2022-04-19 09:31:00
CONT2022002208,2022-04-13 15:01:23,2022-04-19 16:32:17
CONT2022002209,2022-04-06 05:03:47,2022-04-06 15:44:48
CONT2022002210,2022-04-15 15:35:27,
CONT2022002211,2022-04-11 21:34:48,2022-04-13 03:08:30
CONT2022002212,2022-04-06 02:32:55,2022-04-19 10:52:10
CONT2022002213,2022-04-12 07:33:31,2022-04-21 10:12:39
CONT2022002214,2022-04-14 17:11:01,2022-04-15 21:42:25
CONT2022002215,2022-04-10 04:59:30,2022-04-11 18:05:46
CONT2022002216,2022-04-08 14:08:05,2022-04-09 08:52:02
CONT2022002217,2022-04-09 09:36:22,
CONT2022002218,2022-04-09 03:35:07,2022-04-20 20:34:44
CONT2022002219,2022-04-13 06:40:56,2022-04-21 03:20:41
CONT2022002220,2022-04-15 19:26:06,2022-04-16 11:09:39
CONT2022002221,2022-04-07 11:05:23,2022-04-08 20:28:55
CONT2022002222,2022-04-11 04:11:44,2022-04-21 03:34:00
CONT2022002223,2022-04-09 17:08:36,
CONT2022002224,2022-04-14 10:16:47,2022-04-20 08:06:45
CONT2022002225,2022-04-08 22:01:04,2022-04-20 19:22:06
CONT2022002226,2022-04-14 11:43:07,2022-04-15 02:25:16
CONT2022002227,2022-04-13 07:19:34,2022-04-13 11:19:34
CONT2022002228,2022-04-16 18:13:42,2022-04-17 13:05:57
CONT2022002229,2022-04-14 04:40:45,2022-04-14 18:09:02
CONT2022002230,2022-04-15 01:20:17,2022-04-23 00:12:12
CONT2022002231,2022-04-14 23:51:08,2022-04-15 10:45:26
CONT2022002232,2022-04-13 23:20:46,2022-04-15 09:17:21
CONT2022002233,2022-04-09 09:30:08,2022-04-23 02:42:24
CONT2022002234,2022-04-19 11:07:31,2022-04-22 07:08:42
CONT2022002235,2022-04-09 22:51:39,2022-04-10 13:08:30
CONT2022002236,2022-04-12 12:55:09,
CONT2022002237,2022-04-10 21:19:55,2022-04-11 16:50:42
CONT2022002238,2022-04-12 08:10:50,2022-04-13 08:57:15
CONT2022002239,2022-04-12 23:18:46,2022-04-14 02:21:23
CONT2022002240,2022-04-12 21:03:13,2022-04-23 23:34:16
CONT2022002241,2022-04-14 13:39:28,2022-04-23 07:27:38
CONT2022002242,2022-04-12 06:32:35,2022-04-23 04:19:36
CONT2022002243,2022-04-15 14:45:58,2022-04-23 04:26:36
CONT2022002244,2022-04-14 05:12:39,
CONT2022002245,2022-04-14 12:13:10,2022-04-15 11:31:31
CONT2022002246,2022-04-14 19:02:26,2022-04-23 06:17:12
CONT2022002247,2022-04-16 12:00:32,2022-04-23 16:07:44
CONT2022002248,2022-04-09 16:35:13,2022-04-10 14:29:17
CONT2022002249,2022-04-10 23:28:11,
CONT2022002250,2022-04-17 23:48:13,2022-04-22 09:46:17
CONT2022002251,2022-04-13 20:42:55,
CONT2022002252,2022-04-12 06:57:49,2022-04-22 16:04:44
CONT2022002253,2022-04-10 02:18:50,2022-04-23 12:41:37
CONT2022002254,2022-04-14 20:29:36,
CONT2022002255,2022-04-19 17:10:09,
CONT2022002256,2022-04-12 09:43:21,2022-04-22 14:36:30
CONT2022002257,2022-04-17 15:10:29,2022-04-19 03:24:26
CONT2022002258,2022-04-17 14:12:15,2022-04-23 08:05:37
CONT2022002259,2022-04-16 20:41:54,2022-04-17 03:30:35
CONT2022002260,2022-04-14 07:24:40,2022-04-23 04:25:49
CONT2022002261,2022-04-18 02:49:02,2022-04-18 18:16:21
CONT2022002262,2022-04-19 05:08:32,2022-04-22 01:14:13
CONT2022002263,2022-04-19 01:55:47,2022-04-22 20:12:26
CONT2022002264,2022-04-18 17:26:04,2022-04-23 05:36:03
CONT2022002265,2022-04-16 20:22:22,
CONT2022002266,2022-04-14 04:53:02,2022-04-23 06:54:13
CONT2022002267,2022-04-16 16:57:07,2022-04-23 01:08:36
CONT2022002268,2022-04-13 10:18:03,
CONT2022002269,2022-04-12 01:42:29,
CONT2022002270,2022-04-15 00:20:05,2022-04-16 02:30:15
CONT2022002271,2022-04-20 12:01:44,2022-04-23 12:01:37
CONT2022002272,2022-04-19 09:30:07,2022-04-19 23:00:50
CONT2022002273,2022-04-11 22:40:41,2022-04-22 20:21:49
CONT2022002274,2022-04-15 09:40:56,2022-04-16 08:51:37
CONT2022002275,2022-04-17 20:04:37,
CONT2022002276,2022-04-18 14:47:43,2022-04-22 23:19:08
CONT2022002277,2022-04-19 03:56:18,2022-04-20 00:33:33
CONT2022002278,2022-04-14 19:15:15,2022-04-15 13:51:06
CONT2022002279,2022-04-18 06:25:23,
CONT2022002280,2022-04-18 01:16:11,
CONT2022002281,2022-04-13 03:35:34,2022-04-25 00:18:28
CONT2022002282,2022-04-14 13:52:03,2022-04-15 22:22:46
CONT2022002283,2022-04-17 23:56:00,2022-04-19 00:23:42
CONT2022002284,2022-04-15 21:04:39,2022-04-25 06:36:13
CONT2022002285,2022-04-12 02:25:52,2022-04-12 15:48:14
CONT2022002286,2022-04-13 12:40:06,2022-04-24 23:06:53
CONT2022002287,2022-04-12 03:29:23,2022-04-12 23:19:49
CONT2022002288,2022-04-19 16:32:53,2022-04-21 04:47:33
CONT2022002289,2022-04-19 00:52:13,2022-04-19 23:45:37
CONT2022002290,2022-04-19 11:53:16,
CONT2022002291,2022-04-21 13:08:56,2022-04-22 16:29:19
CONT2022002292,2022-04-16 21:55:38,2022-04-24 22:10:16
CONT2022002293,2022-04-12 15:27:39,2022-04-14 02:56:53
CONT2022002294,2022-04-17 21:49:01,2022-04-18 17:35:24
CONT2022002295,2022-04-11 23:38:42,2022-04-25 19:12:54
CONT2022002296,2022-04-19 10:41:44,2022-04-20 07:21:02
CONT2022002297,2022-04-17 15:23:30,
CONT2022002298,2022-04-12 10:59:21,2022-04-13 01:11:08
CONT2022002299,2022-04-21 09:53:39,
CONT2022002300,2022-04-13 09:09:23,2022-04-25 20:51:18
CONT2022002301,2022-04-15 16:17:30,2022-04-16 17:08:42
CONT2022002302,2022-04-21 13:15:44,2022-04-25 08:55:36
CONT2022002303,2022-04-20 18:21:53,2022-04-21 14:17:55
CONT2022002304,2022-04-16 18:38:50,
CONT2022002305,2022-04-15 12:37:06,2022-04-24 04:24:33
CONT2022002306,2022-04-14 10:48:38,2022-04-24 20:49:48
CONT2022002307,2022-04-21 00:30:18,2022-04-24 17:19:57
CONT2022002308,2022-04-18 19:56:00,2022-04-19 12:17:06
CONT2022002309,2022-04-16 23:00:08,2022-04-18 06:32:34
CONT2022002310,2022-04-16 14:39:14,2022-04-16 23:12:16
CONT2022002311,2022-04-21 13:10:23,2022-04-24 14:01:38
CONT2022002312,2022-04-21 20:39:57,
CONT2022002313,2022-04-12 17:11:30,2022-04-13 17:55:52
CONT2022002314,2022-04-19 10:34:15,2022-04-19 21:08:53
CONT2022002315,2022-04-19 07:25:38,2022-04-20 09:43:20
CONT2022002316,2022-04-15 05:07:53,2022-04-15 13:49:51
CONT2022002317,2022-04-14 14:14:59,2022-04-15 10:45:04
CONT2022002318,2022-04-14 17:07:39,
CONT2022002319,2022-04-21 00:56:10,2022-04-25 03:31:06
CONT2022002320,2022-04-12 03:32:17,2022-04-25 09:53:45
CONT2022002321,2022-04-14 23:17:21,2022-04-15 19:29:15
CONT2022002322,2022-04-15 09:40:45,2022-04-24 20:13:12
CONT2022002323,2022-04-18 12:46:19,2022-04-19 00:57:13
CONT2022002324,2022-04-17 03:31:34,2022-04-25 12:56:46
CONT2022002325,2022-04-14 01:55:32,2022-04-24 13:37:31
CONT2022002326,2022-04-16 17:43:24,2022-04-18 09:05:57
CONT2022002327,2022-04-13 21:42:06,2022-04-24 13:23:03
CONT2022002328,2022-04-17 21:00:46,
CONT2022002329,2022-04-13 00:39:26,
CONT2022002330,2022-04-21 04:48:02,
CONT2022002331,2022-04-18 11:00:45,2022-04-18 21:55:52
CONT2022002332,2022-04-17 06:30:56,
CONT2022002333,2022-04-17 00:24:06,2022-04-25 18:04:56
CONT2022002334,2022-04-17 05:51:38,2022-04-18 03:21:12
CONT2022002335,2022-04-22 08:27:24,2022-04-22 20:07:32
CONT2022002336,2022-04-18 06:09:12,2022-04-18 10:09:12
CONT2022002337,2022-04-13 22:14:43,2022-04-25 03:32:53
CONT2022002338,2022-04-22 14:21:16,2022-04-23 05:51:07
CONT2022002339,2022-04-22 18:21:06,2022-04-23 12:55:33
CONT2022002340,2022-04-14 07:38:25,2022-04-14 15:35:26
CONT2022002341,2022-04-16 08:36:47,2022-04-26 05:14:02
CONT2022002342,2022-04-18 09:44:30,2022-04-19 03:50:59
CONT2022002343,2022-04-18 01:30:07,2022-04-25 18:20:36
CONT2022002344,2022-04-23 04:32:56,
CONT2022002345,2022-04-13 21:53:18,2022-04-26 10:03:09
CONT2022002346,2022-04-20 01:14:59,2022-04-25 19:04:56
CONT2022002347,2022-04-20 18:01:30,2022-04-22 01:34:06
CONT2022002348,2022-04-22 20:08:24,2022-04-23 07:44:49
CONT2022002349,2022-04-19 09:55:07,
CONT2022002350,2022-04-22 23:39:52,2022-04-26 02:04:59
CONT2022002351,2022-04-15 21:12:33,2022-04-26 10:50:18
CONT2022002352,2022-04-22 18:40:49,2022-04-23 13:08:31
CONT2022002353,2022-04-19 06:54:33,2022-04-20 04:58:15
CONT2022002354,2022-04-22 00:11:38,2022-04-26 03:14:30
CONT2022002355,2022-04-15 17:18:36,2022-04-25 02:11:32
CONT2022002356,2022-04-18 17:54:12,2022-04-25 13:24:11
CONT2022002357,2022-04-17 12:19:43,2022-04-18 21:53:37
CONT2022002358,2022-04-12 18:18:47,
CONT2022002359,2022-04-13 04:47:45,2022-04-26 11:18:48
CONT2022002360,2022-04-21 06:48:39,2022-04-22 11:51:52
CONT2022002361,2022-04-17 06:53:48,2022-04-18 11:14:19
CONT2022002362,2022-04-17 05:05:10,2022-04-17 22:32:20
CONT2022002363,2022-04-12 22:10:27,2022-04-26 02:12:11
CONT2022002364,2022-04-15 04:08:01,2022-04-16 07:30:25
CONT2022002365,2022-04-17 21:25:45,2022-04-26 09:46:34
CONT2022002366,2022-04-19 11:05:45,2022-04-27 16:57:53
CONT2022002367,2022-04-18 13:02:36,2022-04-26 11:50:50
CONT2022002368,2022-04-18 19:06:42,
CONT2022002369,2022-04-14 01:21:28,2022-04-14 23:51:44
CONT2022002370,2022-04-19 12:28:37,2022-04-20 22:12:20
CONT2022002371,2022-04-20 05:03:55,2022-04-20 11:46:08
CONT2022002372,2022-04-23 18:55:06,2022-04-24 05:58:03
CONT2022002373,2022-04-23 22:52:08,2022-04-26 20:24:42
CONT2022002374,2022-04-13 23:06:01,
CONT2022002375,2022-04-19 11:02:27,2022-04-20 00:45:02
CONT2022002376,2022-04-22 06:04:39,2022-04-27 10:35:02
CONT2022002377,2022-04-20 18:07:04,2022-04-21 21:20:51
CONT2022002378,2022-04-21 00:38:34,2022-04-22 02:56:36
CONT2022002379,2022-04-13 09:06:31,2022-04-14 11:39:06
CONT2022002380,2022-04-22 23:28:04,2022-04-27 05:12:10
CONT2022002381,2022-04-21 10:14:14,2022-04-27 11:05:02
CONT2022002382,2022-04-14 19:35:32,2022-04-26 11:23:06
CONT2022002383,2022-04-21 13:59:59,2022-04-22 11:10:40
CONT2022002384,2022-04-23 01:42:11,2022-04-23 21:01:55
CONT2022002385,2022-04-15 19:01:22,2022-04-27 02:44:30
CONT2022002386,2022-04-18 01:26:17,
CONT2022002387,2022-04-18 21:02:55,2022-04-19 22:18:43
CONT2022002388,2022-04-16 22:29:31,2022-04-27 06:16:15
CONT2022002389,2022-04-24 19:12:11,
CONT2022002390,2022-04-23 22:11:33,2022-04-28 09:28:30
CONT2022002391,2022-04-21 14:48:51,2022-04-22 09:08:47
CONT2022002392,2022-04-16 11:08:20,2022-04-17 17:56:05
CONT2022002393,2022-04-19 12:05:15,2022-04-20 16:56:26
CONT2022002394,2022-04-16 10:25:44,2022-04-17 10:08:50
CONT2022002395,2022-04-20 23:40:31,2022-04-21 20:03:21
CONT2022002396,2022-04-20 01:24:41,2022-04-21 02:24:39
CONT2022002397,2022-04-24 18:23:53,2022-04-25 22:26:32
CONT2022002398,2022-04-24 15:04:19,2022-04-28 02:00:00
CONT2022002399,2022-04-17 23:00:16,2022-04-27 18:59:05
CONT2022002400,2022-04-22 20:11:00,2022-04-28 02:55:18
CONT2022002401,2022-04-24 11:04:08,2022-04-28 05:06:25
CONT2022002402,2022-04-24 12:13:02,
CONT2022002403,2022-04-16 15:03:12,2022-04-27 16:51:47
CONT2022002404,2022-04-24 02:47:34,2022-04-24 21:48:59
CONT2022002405,2022-04-23 19:08:50,2022-04-24 16:12:03
CONT2022002406,2022-04-21 01:25:36,2022-04-28 13:31:24
CONT2022002407,2022-04-18 04:03:14,2022-04-27 04:38:42
CONT2022002408,2022-04-23 06:41:18,2022-04-28 12:40:34
CONT2022002409,2022-04-22 13:38:22,2022-04-27 20:37:48
CONT2022002410,2022-04-17 09:59:51,2022-04-27 00:29:21
CONT2022002411,2022-04-15 19:37:08,2022-04-28 21:23:38
CONT2022002412,2022-04-18 22:53:51,2022-04-19 06:04:57
CONT2022002413,2022-04-23 04:29:01,2022-04-27 19:11:15
CONT2022002414,2022-04-19 06:58:51,2022-04-19 23:04:55
CONT2022002415,2022-04-14 17:23:09,
CONT2022002416,2022-04-22 09:10:56,2022-04-27 01:27:46
CONT2022002417,2022-04-24 14:22:03,2022-04-25 06:46:47
CONT2022002418,2022-04-16 20:50:16,2022-04-28 12:13:08
CONT2022002419,2022-04-18 05:11:20,
CONT2022002420,2022-04-19 01:20:48,2022-04-28 04:28:01
CONT2022002421,2022-04-22 16:38:48,2022-04-27 08:33:50
CONT2022002422,2022-04-19 10:03:12,2022-04-27 22:24:32
CONT2022002423,2022-04-18 16:57:28,2022-04-27 10:50:35
CONT2022002424,2022-04-16 01:41:51,2022-04-28 00:05:25
CONT2022002425,2022-04-15 06:45:37,2022-04-27 20:27:00
CONT2022002426,2022-04-18 23:07:19,
CONT2022002427,2022-04-23 05:11:50,
CONT2022002428,2022-04-14 13:09:59,2022-04-15 09:55:18
CONT2022002429,2022-04-21 18:46:07,2022-04-22 15:45:20
CONT2022002430,2022-04-18 08:29:15,2022-04-19 03:08:30
CONT2022002431,2022-04-20 14:53:11,
CONT2022002432,2022-04-17 21:33:58,2022-04-27 14:34:24
CONT2022002433,2022-04-22 05:42:23,
CONT2022002434,2022-04-22 16:27:14,2022-04-23 20:06:21
CONT2022002435,2022-04-17 20:29:43,2022-04-18 20:35:59
CONT2022002436,2022-04-22 16:16:44,2022-04-23 10:11:38
CONT2022002437,2022-04-22 06:36:31,2022-04-27 19:46:51
CONT2022002438,2022-04-15 13:36:44,2022-04-27 22:37:07
CONT2022002439,2022-04-24 20:35:04,2022-04-28 06:08:30
CONT2022002440,2022-04-24 04:56:52,2022-04-28 11:53:25
CONT2022002441,2022-04-14 04:50:35,2022-04-27 11:05:15
CONT2022002442,2022-04-15 06:58:30,2022-04-27 21:42:42
CONT2022002443,2022-04-16 14:20:48,2022-04-17 04:35:26
CONT2022002444,2022-04-14 20:49:30,2022-04-15 03:25:33
CONT2022002445,2022-04-22 18:11:13,2022-04-27 11:30:06
CONT2022002446,2022-04-22 03:24:01,2022-04-22 15:49:34
CONT2022002447,2022-04-21 05:04:09,2022-04-21 21:59:36
CONT2022002448,2022-04-22 23:48:36,
CONT2022002449,2022-04-17 03:51:31,2022-04-29 10:23:12
CONT2022002450,2022-04-17 11:42:20,2022-04-28 10:17:35
CONT2022002451,2022-04-21 21:23:37,
CONT2022002452,2022-04-22 06:59:27,2022-04-23 00:36:29
CONT2022002453,2022-04-21 23:19:44,2022-04-22 13:09:38
CONT2022002454,2022-04-15 12:54:38,2022-04-16 14:11:59
CONT2022002455,2022-04-16 18:33:07,2022-04-17 08:57:19
CONT2022002456,2022-04-19 16:35:57,2022-04-20 15:25:54
CONT2022002457,2022-04-23 09:34:12,2022-04-24 03:14:51
CONT2022002458,2022-04-18 06:44:48,2022-04-18 17:55:53
CONT2022002459,2022-04-18 19:11:44,2022-04-19 09:32:34
CONT2022002460,2022-04-22 10:04:41,2022-04-29 04:27:04
CONT2022002461,2022-04-22 08:16:33,2022-04-23 00:17:38
CONT2022002462,2022-04-15 14:00:27,2022-04-16 13:10:02
CONT2022002463,2022-04-19 23:42:49,2022-04-20 21:15:21
CONT2022002464,2022-04-19 05:11:32,2022-04-20 11:41:52
CONT2022002465,2022-04-20 18:02:44,2022-04-29 12:25:17
CONT2022002466,2022-04-26 00:22:11,2022-04-27 08:55:58
CONT2022002467,2022-04-23 06:31:07,2022-04-30 00:32:49
CONT2022002468,2022-04-17 18:38:45,
CONT2022002469,2022-04-23 11:11:45,
CONT2022002470,2022-04-23 19:30:52,
CONT2022002471,2022-04-15 23:08:36,2022-04-16 16:42:40
CONT2022002472,2022-04-19 16:51:54,2022-04-20 18:37:37
CONT2022002473,2022-04-25 04:16:23,2022-04-29 01:55:38
CONT2022002474,2022-04-20 22:50:42,2022-04-21 15:50:57
CONT2022002475,2022-04-20 09:08:44,2022-04-21 05:57:05
CONT2022002476,2022-04-18 05:20:18,2022-04-29 05:33:06
CONT2022002477,2022-04-25 09:43:04,2022-04-28 21:07:31
CONT2022002478,2022-04-16 16:09:07,2022-04-17 01:28:49
CONT2022002479,2022-04-24 08:30:19,2022-04-24 18:13:32
CONT2022002480,2022-04-23 01:06:41,2022-04-30 01:55:14
CONT2022002481,2022-04-24 14:02:22,2022-04-29 07:43:31
CONT2022002482,2022-04-15 11:59:01,2022-04-29 05:21:44
CONT2022002483,2022-04-26 02:51:51,2022-04-26 21:20:55
CONT2022002484,2022-04-25 09:55:36,2022-04-26 13:06:32
CONT2022002485,2022-04-20 10:00:52,2022-04-21 11:45:56
CONT2022002486,2022-04-20 06:22:11,2022-04-20 20:11:22
CONT2022002487,2022-04-16 01:32:03,
CONT2022002488,2022-04-26 01:30:30,2022-04-29 19:22:47
CONT2022002489,2022-04-17 10:02:23,2022-04-29 14:30:27
CONT2022002490,2022-04-17 09:40:05,2022-04-17 19:04:45
CONT2022002491,2022-04-27 03:43:02,2022-04-29 12:07:57
CONT2022002492,2022-04-16 02:52:02,2022-04-28 20:32:23
CONT2022002493,2022-04-18 15:10:36,2022-04-29 15:52:06
CONT2022002494,2022-04-18 07:31:57,2022-04-29 07:13:49
CONT2022002495,2022-04-23 23:07:27,2022-04-24 17:19:13
CONT2022002496,2022-04-16 12:32:59,
CONT2022002497,2022-04-18 07:57:38,2022-04-19 07:24:55
CONT2022002498,2022-04-17 10:43:34,2022-04-18 00:40:56
CONT2022002499,2022-04-17 00:54:47,
CONT2022002500,2022-04-21 22:14:41,2022-04-29 12:55:29
CONT2022002501,2022-04-26 00:53:02,
CONT2022002502,2022-04-21 08:12:05,2022-04-22 07:16:01
CONT2022002503,2022-04-20 13:54:34,2022-04-30 20:12:10
CONT2022002504,2022-04-17 00:06:57,2022-04-17 18:43:57
CONT2022002505,2022-04-24 04:16:17,2022-04-25 06:20:58
CONT2022002506,2022-04-19 09:51:49,2022-04-19 20:29:04
CONT2022002507,2022-04-17 15:23:24,2022-04-18 20:50:43
CONT2022002508,2022-04-24 08:55:24,2022-04-29 05:14:55
CONT2022002509,2022-04-25 12:25:36,2022-04-29 18:29:24
CONT2022002510,2022-04-22 12:28:39,
CONT2022002511,2022-04-20 19:59:55,2022-04-29 14:01:17
CONT2022002512,2022-04-21 18:07:09,
CONT2022002513,2022-04-18 18:45:10,2022-04-20 03:24:25
CONT2022002514,2022-04-21 06:32:47,
CONT2022002515,2022-04-22 15:51:59,
CONT2022002516,2022-04-20 23:06:14,2022-04-29 09:48:33
CONT2022002517,2022-04-20 18:33:09,2022-04-28 22:50:29
CONT2022002518,2022-04-26 22:48:22,2022-04-28 06:02:06
CONT2022002519,2022-04-23 17:16:02,
CONT2022002520,2022-04-21 07:37:42,2022-04-28 21:31:22
CONT2022002521,2022-04-17 06:15:16,2022-04-29 03:08:46
CONT2022002522,2022-04-17 19:38:52,2022-04-18 16:27:15
CONT2022002523,2022-04-16 16:16:14,2022-04-30 14:45:57
CONT2022002524,2022-04-23 18:25:52,2022-04-30 02:25:26
CONT2022002525,2022-04-18 21:56:23,2022-04-30 09:50:02
CONT2022002526,2022-04-19 03:32:36,2022-04-19 18:39:24
CONT2022002527,2022-04-18 05:04:00,2022-04-29 16:57:38
CONT2022002528,2022-04-18 07:42:27,2022-04-19 04:38:21
CONT2022002529,2022-04-21 20:33:28,2022-04-22 13:16:49
CONT2022002530,2022-04-25 20:51:11,2022-04-30 03:09:33
CONT2022002531,2022-04-20 19:11:24,
CONT2022002532,2022-04-25 23:23:02,2022-04-30 16:31:43
CONT2022002533,2022-04-19 04:24:48,2022-04-30 00:18:41
CONT2022002534,2022-04-24 05:31:27,2022-04-29 23:28:58
CONT2022002535,2022-04-17 01:33:46,2022-04-30 07:57:38
CONT2022002536,2022-04-22 16:48:26,
CONT2022002537,2022-04-19 10:20:34,2022-04-20 01:38:57
CONT2022002538,2022-04-24 03:32:44,2022-04-29 23:25:46
CONT2022002539,2022-04-25 15:49:03,2022-04-26 20:53:38
CONT2022002540,2022-04-19 23:40:09,
CONT2022002541,2022-04-21 07:15:35,2022-04-22 06:20:22
CONT2022002542,2022-04-24 21:41:57,2022-04-30 15:19:11
CONT2022002543,2022-04-21 09:46:47,
CONT2022002544,2022-04-25 10:21:20,2022-04-26 09:01:41
CONT2022002545,2022-04-24 06:51:08,2022-05-02 16:11:08
CONT2022002546,2022-04-29 12:40:05,2022-04-29 20:57:54
CONT2022002547,2022-04-22 10:52:16,2022-04-23 04:24:17
CONT2022002548,2022-04-23 04:59:37,2022-05-02 12:57:56
CONT2022002549,2022-04-27 05:27:54,2022-05-02 04:38:03
CONT2022002550,2022-04-29 00:07:05,2022-05-02 12:44:42
CONT2022002551,2022-04-24 04:02:15,2022-05-02 06:40:08
CONT2022002552,2022-04-20 18:17:16,2022-05-03 23:19:04
CONT2022002553,2022-04-25 08:47:58,2022-04-26 02:13:33
CONT2022002554,2022-04-21 02:51:27,2022-05-02 07:41:06
CONT2022002555,2022-04-25 11:44:46,2022-05-01 20:04:03
CONT2022002556,2022-04-27 12:25:01,2022-05-02 07:01:31
CONT2022002557,2022-04-26 06:27:58,2022-05-02 14:43:31
CONT2022002558,2022-04-20 01:46:25,
CONT2022002559,2022-04-28 04:40:07,2022-04-29 16:39:05
CONT2022002560,2022-04-27 08:24:34,2022-04-28 06:18:26
CONT2022002561,2022-04-28 11:34:35,2022-05-03 15:55:39
CONT2022002562,2022-04-26 15:28:00,2022-04-27 15:03:04
CONT2022002563,2022-04-30 02:19:31,2022-05-02 22:35:46
CONT2022002564,2022-04-27 14:11:17,2022-05-03 06:39:53
CONT2022002565,2022-04-25 00:10:34,2022-05-02 16:34:17
CONT2022002566,2022-04-23 14:43:11,2022-05-02 20:40:12
CONT2022002567,2022-04-25 23:39:01,2022-05-02 18:46:44
CONT2022002568,2022-04-28 21:58:53,2022-05-02 17:11:56
CONT2022002569,2022-04-29 02:42:47,2022-04-29 22:56:16
CONT2022002570,2022-04-28 18:13:17,2022-05-03 12:14:41
CONT2022002571,2022-04-26 18:46:57,2022-05-01 23:24:30
CONT2022002572,2022-04-25 07:54:19,2022-05-02 08:32:22
CONT2022002573,2022-04-28 12:20:02,2022-05-02 13:08:56
CONT2022002574,2022-04-22 06:51:23,
CONT2022002575,2022-04-20 03:57:22,2022-05-03 00:45:22
CONT2022002576,2022-04-27 04:56:43,2022-05-03 06:23:20
CONT2022002577,2022-04-27 10:31:51,2022-05-03 05:48:01
CONT2022002578,2022-04-27 12:19:32,2022-04-28 15:02:54
CONT2022002579,2022-04-28 10:40:17,2022-04-29 02:05:26
CONT2022002580,2022-04-29 08:47:17,
CONT2022002581,2022-04-27 06:00:36,
CONT2022002582,2022-04-20 21:00:47,2022-05-03 09:14:37
CONT2022002583,2022-04-24 15:35:50,2022-04-25 07:57:58
CONT2022002584,2022-04-26 00:52:33,2022-05-02 20:58:59
CONT2022002585,2022-04-22 12:18:23,2022-05-02 11:14:14
CONT2022002586,2022-04-26 06:44:41,2022-05-02 19:44:09
CONT2022002587,2022-04-25 14:55:43,2022-05-03 22:58:24
CONT2022002588,2022-04-20 01:32:53,
CONT2022002589,2022-04-25 00:22:46,2022-04-25 19:13:56
CONT2022002590,2022-04-24 04:23:19,2022-04-24 08:23:19
CONT2022002591,2022-05-01 11:45:56,2022-05-04 23:15:25
CONT2022002592,2022-04-25 14:45:10,2022-04-26 12:20:49
CONT2022002593,2022-04-21 12:18:28,2022-04-21 18:54:59
CONT2022002594,2022-04-25 16:43:05,2022-05-05 02:05:52
CONT2022002595,2022-04-24 17:26:58,2022-04-25 12:53:42
CONT2022002596,2022-04-27 06:52:52,2022-05-04 07:02:19
CONT2022002597,2022-04-29 09:09:51,2022-05-04 08:32:37
CONT2022002598,2022-04-21 23:11:39,
CONT2022002599,2022-05-01 01:40:36,
CONT2022002600,2022-04-26 02:46:25,
CONT2022002601,2022-04-28 05:31:04,2022-04-29 08:55:26
CONT2022002602,2022-04-22 23:16:17,2022-05-05 10:43:21
CONT2022002603,2022-04-29 13:53:41,2022-04-30 12:11:56
CONT2022002604,2022-04-28 18:57:31,
CONT2022002605,2022-04-23 10:45:06,2022-04-24 02:20:56
CONT2022002606,2022-04-29 02:20:58,
CONT2022002607,2022-04-30 07:29:39,2022-05-06 14:49:40
CONT2022002608,2022-04-26 18:45:06,
CONT2022002609,2022-04-29 22:27:00,
CONT2022002610,2022-04-27 06:26:18,
CONT2022002611,2022-04-24 00:07:56,
CONT2022002612,2022-04-27 06:54:23,2022-05-06 04:28:34
CONT2022002613,2022-04-27 15:20:43,2022-05-05 16:21:40
CONT2022002614,2022-04-28 19:04:34,2022-04-30 01:01:18
CONT2022002615,2022-04-22 18:33:19,2022-04-23 10:15:10
CONT2022002616,2022-05-02 08:01:04,2022-05-03 01:58:48
CONT2022002617,2022-04-25 19:04:43,2022-05-06 13:00:33
CONT2022002618,2022-04-29 13:08:20,
CONT2022002619,2022-04-26 18:22:45,2022-04-27 19:54:15
CONT2022002620,2022-04-26 08:48:15,2022-05-05 22:27:11
CONT2022002621,2022-04-30 05:20:35,2022-05-01 01:57:55
CONT2022002622,2022-04-23 02:11:58,2022-05-05 15:14:33
CONT2022002623,2022-05-02 11:47:01,2022-05-06 16:34:14
CONT2022002624,2022-04-26 05:33:32,2022-04-26 18:07:40
CONT2022002625,2022-04-23 23:21:08,2022-04-24 21:22:11
CONT2022002626,2022-04-30 09:39:51,2022-05-06 16:35:45
CONT2022002627,2022-04-27 22:00:44,
CONT2022002628,2022-04-24 07:29:13,2022-05-06 14:36:48
CONT2022002629,2022-04-30 06:43:00,2022-05-01 01:38:42
CONT2022002630,2022-04-28 09:36:06,2022-05-06 14:02:12
CONT2022002631,2022-04-24 17:52:12,2022-05-06 15:43:00
CONT2022002632,2022-05-02 20:29:31,2022-05-07 00:10:22
CONT2022002633,2022-05-01 18:53:58,
CONT2022002634,2022-05-01 11:14:51,2022-05-06 10:31:46
CONT2022002635,2022-05-03 05:29:42,2022-05-06 08:12:06
CONT2022002636,2022-04-25 01:26:32,
CONT2022002637,2022-04-26 21:33:28,
CONT2022002638,2022-04-29 10:23:01,2022-04-30 12:45:06
CONT2022002639,2022-04-28 02:11:34,2022-05-06 19:46:45
CONT2022002640,2022-04-25 05:28:57,2022-04-26 07:43:40
CONT2022002641,2022-04-26 02:26:40,2022-04-26 23:53:50
CONT2022002642,2022-04-30 01:51:48,
CONT2022002643,2022-04-28 02:21:28,2022-05-08 02:42:33
CONT2022002644,2022-04-28 02:51:34,2022-04-28 15:44:34
CONT2022002645,2022-05-01 13:58:39,2022-05-02 14:57:12
CONT2022002646,2022-04-29 17:58:59,
CONT2022002647,2022-05-03 02:42:38,2022-05-03 20:49:37
CONT2022002648,2022-05-01 14:12:31,2022-05-08 05:40:06
CONT2022002649,2022-04-30 21:30:45,2022-05-07 13:56:10
CONT2022002650,2022-04-25 21:52:31,2022-05-07 23:19:39
CONT2022002651,2022-04-30 01:35:36,2022-05-07 07:11:53
CONT2022002652,2022-05-03 06:41:35,2022-05-08 00:00:42
CONT2022002653,2022-04-30 19:04:12,2022-05-07 10:42:04
CONT2022002654,2022-04-26 09:14:32,2022-04-26 22:24:24
CONT2022002655,2022-04-25 03:22:02,2022-04-25 11:45:12
CONT2022002656,2022-04-25 15:46:24,2022-05-08 04:08:51
CONT2022002657,2022-05-01 21:10:25,
CONT2022002658,2022-05-02 22:26:10,2022-05-07 09:26:38
CONT2022002659,2022-04-30 06:58:16,2022-05-08 06:51:49
CONT2022002660,2022-04-26 14:41:48,2022-04-27 09:46:34
CONT2022002661,2022-04-30 13:18:57,2022-05-01 11:50:14
CONT2022002662,2022-04-28 13:45:20,2022-04-29 13:12:01
CONT2022002663,2022-04-29 09:23:54,2022-05-08 07:20:21
CONT2022002664,2022-05-03 10:03:22,2022-05-04 13:07:40
CONT2022002665,2022-05-01 00:22:49,2022-05-08 03:20:02
CONT2022002666,2022-04-28 02:32:15,2022-05-08 13:13:10
CONT2022002667,2022-04-28 16:21:36,2022-05-08 01:12:50
CONT2022002668,2022-04-27 11:01:37,2022-05-08 15:21:48
CONT2022002669,2022-04-27 02:45:06,2022-04-28 03:55:25
CONT2022002670,2022-05-04 17:44:16,2022-05-05 20:18:05
CONT2022002671,2022-05-02 00:40:31,
CONT2022002672,2022-05-01 16:18:01,2022-05-02 12:22:50
CONT2022002673,2022-05-06 04:30:03,2022-05-08 11:19:51
CONT2022002674,2022-05-01 22:17:53,2022-05-02 13:41:29
CONT2022002675,2022-05-05 17:22:17,2022-05-09 03:21:10
CONT2022002676,2022-04-29 11:23:18,2022-05-08 13:56:24
CONT2022002677,2022-04-28 01:55:20,
CONT2022002678,2022-05-04 12:35:36,2022-05-04 22:42:54
CONT2022002679,2022-04-29 22:02:56,
CONT2022002680,2022-05-06 05:22:48,
CONT2022002681,2022-05-03 09:06:06,2022-05-08 06:02:05
CONT2022002682,2022-05-01 03:53:27,2022-05-08 07:33:16
CONT2022002683,2022-04-28 05:43:43,2022-05-09 03:25:51
CONT2022002684,2022-04-26 04:58:04,
CONT2022002685,2022-04-28 01:57:54,2022-05-09 14:00:21
CONT2022002686,2022-04-29 09:06:59,2022-04-30 05:44:17
CONT2022002687,2022-04-28 02:49:20,
CONT2022002688,2022-05-06 03:20:34,2022-05-09 09:53:17
CONT2022002689,2022-04-30 11:32:54,2022-05-01 05:12:36
CONT2022002690,2022-04-26 22:29:10,
CONT2022002691,2022-05-04 10:11:54,2022-05-09 03:57:34
CONT2022002692,2022-05-06 06:44:19,2022-05-09 10:13:03
CONT2022002693,2022-04-30 18:33:47,
CONT2022002694,2022-05-02 13:27:48,2022-05-09 10:59:53
CONT2022002695,2022-05-02 21:41:31,2022-05-09 06:22:12
CONT2022002696,2022-05-02 00:17:31,2022-05-02 22:12:55
CONT2022002697,2022-04-30 04:28:44,2022-05-09 21:52:19
CONT2022002698,2022-05-03 04:11:33,2022-05-03 16:08:48
CONT2022002699,2022-04-28 18:34:10,
CONT2022002700,2022-04-30 14:05:47,2022-05-01 18:48:40
CONT2022002701,2022-04-25 23:47:49,
CONT2022002702,2022-04-30 09:34:15,2022-05-08 17:39:10
CONT2022002703,2022-04-30 01:56:11,2022-04-30 22:58:34
CONT2022002704,2022-05-01 20:31:27,2022-05-08 01:29:11
CONT2022002705,2022-04-27 15:20:21,
CONT2022002706,2022-05-02 01:37:35,2022-05-09 07:02:27
CONT2022002707,2022-05-04 17:01:31,2022-05-05 14:58:39
CONT2022002708,2022-05-03 10:52:04,2022-05-04 07:50:45
CONT2022002709,2022-04-29 05:51:41,2022-04-29 19:05:45
CONT2022002710,2022-05-04 19:11:48,2022-05-05 12:34:27
CONT2022002711,2022-04-29 09:14:38,2022-04-30 08:52:59
CONT2022002712,2022-05-05 01:38:43,2022-05-09 04:21:03
CONT2022002713,2022-04-28 12:16:29,
CONT2022002714,2022-04-26 17:43:14,2022-04-27 07:04:33
CONT2022002715,2022-04-29 23:07:00,2022-05-09 04:37:57
CONT2022002716,2022-04-30 11:16:34,2022-05-01 07:06:30
CONT2022002717,2022-05-05 17:10:27,2022-05-06 10:47:24
CONT2022002718,2022-04-28 06:54:36,2022-05-09 04:17:42
CONT2022002719,2022-04-26 06:16:53,2022-05-09 06:22:29
CONT2022002720,2022-05-04 00:21:14,2022-05-04 19:49:16
CONT2022002721,2022-04-27 14:15:41,2022-05-09 05:25:29
CONT2022002722,2022-05-03 16:21:40,2022-05-09 00:27:27
CONT2022002723,2022-05-06 14:25:28,2022-05-09 00:47:16
CONT2022002724,2022-04-30 12:34:43,2022-05-09 13:30:39
CONT2022002725,2022-04-26 10:46:26,2022-04-27 09:12:04
CONT2022002726,2022-05-02 09:00:17,
CONT2022002727,2022-04-29 14:21:29,2022-05-09 00:59:43
CONT2022002728,2022-04-28 02:17:19,
CONT2022002729,2022-05-04 19:57:56,2022-05-06 03:36:30
CONT2022002730,2022-05-02 16:55:43,2022-05-03 16:24:01
CONT2022002731,2022-05-02 23:50:05,2022-05-09 02:08:09
CONT2022002732,2022-05-03 17:59:51,2022-05-04 11:05:29
CONT2022002733,2022-04-25 16:00:57,2022-05-09 12:38:11
CONT2022002734,2022-04-30 13:26:06,2022-05-09 12:14:29
CONT2022002735,2022-05-05 18:32:35,2022-05-10 00:27:51
CONT2022002736,2022-05-02 23:01:00,2022-05-03 19:08:29
CONT2022002737,2022-05-05 20:47:35,2022-05-08 18:07:43
CONT2022002738,2022-05-03 11:10:49,2022-05-08 10:34:48
CONT2022002739,2022-04-30 06:05:24,2022-05-01 02:11:38
CONT2022002740,2022-04-29 22:17:26,2022-05-08 11:43:09
CONT2022002741,2022-04-28 21:52:59,2022-04-29 15:43:54
CONT2022002742,2022-05-04 01:02:07,2022-05-09 08:40:36
CONT2022002743,2022-05-05 13:23:05,2022-05-06 06:01:27
CONT2022002744,2022-04-30 12:59:41,
CONT2022002745,2022-04-28 08:04:02,2022-04-28 19:02:39
CONT2022002746,2022-04-26 10:58:49,2022-04-26 22:43:36
CONT2022002747,2022-04-30 19:53:26,2022-05-01 08:54:43
CONT2022002748,2022-04-28 21:33:48,2022-04-29 03:37:27
CONT2022002749,2022-04-30 13:33:06,2022-05-01 17:51:29
CONT2022002750,2022-05-04 04:44:59,2022-05-05 08:26:04
CONT2022002751,2022-04-26 21:28:29,
CONT2022002752,2022-04-27 17:50:48,
CONT2022002753,2022-04-28 22:01:38,
CONT2022002754,2022-05-05 06:21:21,2022-05-05 19:58:22
CONT2022002755,2022-04-27 08:10:31,2022-04-27 14:00:05
CONT2022002756,2022-05-02 14:43:27,2022-05-03 12:52:19
CONT2022002757,2022-05-01 02:05:45,
CONT2022002758,2022-04-26 20:21:10,2022-04-27 08:56:27
CONT2022002759,2022-05-06 00:49:57,2022-05-06 12:16:12
CONT2022002760,2022-05-04 23:39:06,
CONT2022002761,2022-04-26 05:07:28,2022-05-09 02:58:55
CONT2022002762,2022-04-28 05:02:02,2022-05-10 02:16:27
CONT2022002763,2022-04-28 18:12:17,2022-05-09 16:19:31
CONT2022002764,2022-05-02 13:48:17,
CONT2022002765,2022-04-27 07:00:50,2022-05-10 02:47:49
CONT2022002766,2022-05-06 11:42:48,2022-05-09 16:11:29
CONT2022002767,2022-05-01 07:18:45,
CONT2022002768,2022-05-04 00:07:51,2022-05-10 20:37:46
CONT2022002769,2022-05-06 12:07:53,2022-05-07 07:31:09
CONT2022002770,2022-04-29 20:31:00,2022-05-11 17:48:11
CONT2022002771,2022-04-28 05:17:12,2022-04-28 22:45:40
CONT2022002772,2022-05-03 23:53:45,2022-05-10 21:05:16
CONT2022002773,2022-04-28 21:54:28,2022-05-10 16:49:18
CONT2022002774,2022-05-04 02:45:54,2022-05-11 17:01:44
CONT2022002775,2022-05-01 17:17:47,2022-05-02 12:52:52
CONT2022002776,2022-04-27 19:36:52,
CONT2022002777,2022-05-06 05:03:32,2022-05-12 04:51:41
CONT2022002778,2022-04-29 16:12:27,2022-05-11 21:03:07
CONT2022002779,2022-05-03 18:34:00,2022-05-12 07:40:49
CONT2022002780,2022-05-08 22:51:43,2022-05-13 10:44:00
CONT2022002781,2022-05-02 00:26:35,2022-05-02 19:07:49
CONT2022002782,2022-05-05 08:50:15,2022-05-12 19:20:24
CONT2022002783,2022-05-04 10:09:12,
CONT2022002784,2022-05-07 22:04:57,2022-05-11 15:16:49
CONT2022002785,2022-05-05 20:51:15,2022-05-06 10:30:55
CONT2022002786,2022-05-03 20:38:47,2022-05-04 23:28:18
CONT2022002787,2022-04-29 04:09:23,
CONT2022002788,2022-05-02 17:11:30,2022-05-04 01:05:29
CONT2022002789,2022-05-04 17:51:30,2022-05-05 08:21:26
CONT2022002790,2022-05-02 17:12:03,
CONT2022002791,2022-05-08 02:46:50,2022-05-11 23:31:50
CONT2022002792,2022-05-07 11:54:16,2022-05-08 01:14:37
CONT2022002793,2022-05-02 15:26:39,2022-05-12 20:18:48
CONT2022002794,2022-05-03 01:07:09,2022-05-12 06:02:13
CONT2022002795,2022-04-28 23:48:53,2022-04-29 22:17:00
CONT2022002796,2022-05-06 04:42:15,2022-05-12 13:22:59
CONT2022002797,2022-05-02 05:05:38,2022-05-03 16:49:58
CONT2022002798,2022-05-05 12:40:16,2022-05-06 01:47:54
CONT2022002799,2022-05-02 05:27:59,2022-05-02 23:04:18
CONT2022002800,2022-04-29 21:23:59,2022-04-30 20:20:50
CONT2022002801,2022-04-29 10:04:54,2022-04-30 21:41:21
CONT2022002802,2022-04-30 05:39:27,2022-05-01 00:29:56
CONT2022002803,2022-05-03 11:44:14,2022-05-12 13:29:38
CONT2022002804,2022-04-30 01:54:37,2022-05-01 00:32:58
CONT2022002805,2022-05-08 16:51:59,2022-05-12 19:07:31
CONT2022002806,2022-05-06 16:19:49,2022-05-12 01:36:55
CONT2022002807,2022-05-06 14:40:22,
CONT2022002808,2022-05-10 04:48:42,2022-05-10 23:54:04
CONT2022002809,2022-04-30 11:15:56,2022-05-01 09:55:19
CONT2022002810,2022-05-02 13:33:52,2022-05-13 00:39:12
CONT2022002811,2022-05-05 02:25:59,2022-05-12 16:54:15
CONT2022002812,2022-05-09 17:02:01,2022-05-12 13:09:16
CONT2022002813,2022-05-03 13:00:09,2022-05-12 19:42:25
CONT2022002814,2022-05-08 18:44:29,2022-05-12 18:43:26
CONT2022002815,2022-05-01 19:38:44,2022-05-12 08:36:18
CONT2022002816,2022-05-01 21:17:18,2022-05-14 01:59:05
CONT2022002817,2022-05-09 21:00:55,2022-05-13 01:17:04
CONT2022002818,2022-05-10 01:40:57,2022-05-12 18:23:05
CONT2022002819,2022-04-29 18:44:13,2022-05-13 02:05:28
CONT2022002820,2022-05-07 13:08:07,2022-05-07 18:43:36
CONT2022002821,2022-05-09 02:03:04,2022-05-13 18:22:58
CONT2022002822,2022-05-07 20:19:48,2022-05-12 11:36:52
CONT2022002823,2022-05-09 02:47:34,2022-05-09 18:05:36
CONT2022002824,2022-05-02 15:34:49,2022-05-03 12:28:23
CONT2022002825,2022-05-02 13:08:39,2022-05-03 09:12:07
CONT2022002826,2022-05-01 02:50:43,2022-05-13 04:27:42
CONT2022002827,2022-05-07 18:39:08,2022-05-08 09:58:29
CONT2022002828,2022-05-05 16:47:13,2022-05-05 21:33:23
CONT2022002829,2022-05-02 15:50:29,2022-05-13 23:53:45
CONT2022002830,2022-05-07 05:48:00,2022-05-08 07:02:22
CONT2022002831,2022-05-08 21:02:57,2022-05-13 21:42:43
CONT2022002832,2022-05-08 08:27:26,2022-05-09 06:02:20
CONT2022002833,2022-05-08 09:43:05,
CONT2022002834,2022-05-02 17:07:08,2022-05-03 17:15:21
CONT2022002835,2022-05-09 04:49:41,2022-05-13 13:16:20
CONT2022002836,2022-05-02 14:32:09,2022-05-15 05:13:31
CONT2022002837,2022-05-03 23:01:00,2022-05-04 10:30:08
CONT2022002838,2022-05-03 19:08:56,
CONT2022002839,2022-05-06 13:46:12,2022-05-14 07:33:39
CONT2022002840,2022-05-06 22:10:29,2022-05-08 00:55:58
CONT2022002841,2022-05-03 12:42:01,2022-05-04 02:45:23
CONT2022002842,2022-05-03 06:16:55,2022-05-13 17:26:25
CONT2022002843,2022-05-10 12:38:33,2022-05-11 05:33:42
CONT2022002844,2022-05-03 07:05:09,2022-05-13 06:33:39
CONT2022002845,2022-05-05 16:36:54,2022-05-15 14:09:39
CONT2022002846,2022-05-03 15:01:27,2022-05-04 12:13:51
CONT2022002847,2022-05-11 02:27:36,2022-05-11 21:19:46
CONT2022002848,2022-05-11 22:21:05,2022-05-16 11:46:02
CONT2022002849,2022-05-09 18:21:06,2022-05-10 19:05:40
CONT2022002850,2022-05-12 09:20:14,2022-05-16 18:46:53
CONT2022002851,2022-05-10 19:48:23,2022-05-11 06:27:17
CONT2022002852,2022-05-06 23:56:48,2022-05-16 05:10:54
CONT2022002853,2022-05-08 04:16:19,2022-05-16 19:23:39
CONT2022002854,2022-05-12 00:05:24,
CONT2022002855,2022-05-09 16:04:22,2022-05-15 22:13:02
CONT2022002856,2022-05-07 02:24:26,2022-05-07 06:24:26
CONT2022002857,2022-05-03 03:54:46,2022-05-04 12:31:45
CONT2022002858,2022-05-14 01:14:26,2022-05-17 02:43:04
CONT2022002859,2022-05-07 06:25:12,2022-05-16 17:58:33
CONT2022002860,2022-05-09 21:33:21,2022-05-11 08:23:52
CONT2022002861,2022-05-08 13:30:01,2022-05-17 02:27:35
CONT2022002862,2022-05-03 21:46:53,
CONT2022002863,2022-05-11 19:30:58,
CONT2022002864,2022-05-05 22:29:49,2022-05-17 06:17:44
CONT2022002865,2022-05-08 03:56:34,
CONT2022002866,2022-05-05 19:05:06,2022-05-06 21:37:22
CONT2022002867,2022-05-15 09:12:26,2022-05-16 09:11:23
CONT2022002868,2022-05-10 16:29:54,2022-05-19 07:20:51
CONT2022002869,2022-05-06 14:09:14,2022-05-19 20:11:44
CONT2022002870,2022-05-14 07:44:29,2022-05-14 21:28:25
CONT2022002871,2022-05-13 20:50:03,2022-05-19 07:33:05
CONT2022002872,2022-05-07 13:27:59,2022-05-08 06:10:55
CONT2022002873,2022-05-12 05:34:47,2022-05-13 11:39:46
CONT2022002874,2022-05-11 14:56:22,2022-05-18 23:13:07
CONT2022002875,2022-05-11 04:28:40,2022-05-19 08:43:59
CONT2022002876,2022-05-10 10:56:35,2022-05-20 04:10:22
CONT2022002877,2022-05-10 08:23:25,2022-05-10 23:35:48
CONT2022002878,2022-05-09 14:00:42,
CONT2022002879,2022-05-13 13:40:57,2022-05-20 01:13:46
CONT2022002880,2022-05-11 20:26:02,2022-05-12 20:57:55
CONT2022002881,2022-05-08 11:33:15,2022-05-08 21:46:21
CONT2022002882,2022-05-09 10:05:59,
CONT2022002883,2022-05-08 23:46:15,2022-05-09 18:32:50
CONT2022002884,2022-05-16 04:17:17,2022-05-20 11:08:57
CONT2022002885,2022-05-09 19:40:56,2022-05-20 01:17:50
CONT2022002886,2022-05-11 04:09:20,
CONT2022002887,2022-05-12 06:22:54,2022-05-19 20:28:57
CONT2022002888,2022-05-15 06:45:47,
CONT2022002889,2022-05-11 06:57:41,2022-05-19 08:03:39
CONT2022002890,2022-05-07 17:30:13,2022-05-20 10:57:59
CONT2022002891,2022-05-10 09:26:34,2022-05-20 14:08:25
CONT2022002892,2022-05-07 06:34:34,2022-05-20 02:51:22
CONT2022002893,2022-05-16 19:32:57,2022-05-20 02:35:57
CONT2022002894,2022-05-11 05:35:23,2022-05-12 07:42:53
CONT2022002895,2022-05-13 22:09:06,2022-05-14 16:47:21
CONT2022002896,2022-05-11 12:08:20,
CONT2022002897,2022-05-12 16:55:24,2022-05-20 23:51:35
CONT2022002898,2022-05-15 11:24:09,2022-05-19 10:40:28
CONT2022002899,2022-05-10 11:44:19,2022-05-11 00:31:40
CONT2022002900,2022-05-08 11:29:03,
CONT2022002901,2022-05-16 13:27:13,2022-05-17 07:55:28
CONT2022002902,2022-05-08 06:52:00,2022-05-08 19:45:49
CONT2022002903,2022-05-16 02:10:08,2022-05-17 05:40:26
CONT2022002904,2022-05-15 19:12:30,2022-05-20 07:58:22
CONT2022002905,2022-05-08 05:45:12,2022-05-20 11:39:37
CONT2022002906,2022-05-16 06:57:58,2022-05-20 12:31:32
CONT2022002907,2022-05-15 21:20:59,
CONT2022002908,2022-05-11 19:07:18,2022-05-20 17:40:15
CONT2022002909,2022-05-12 00:45:09,2022-05-20 11:19:53
CONT2022002910,2022-05-08 02:55:27,
CONT2022002911,2022-05-11 21:19:56,2022-05-13 01:55:48
CONT2022002912,2022-05-07 10:35:48,2022-05-07 14:40:32
CONT2022002913,2022-05-13 18:59:59,2022-05-21 03:52:55
CONT2022002914,2022-05-08 18:06:04,2022-05-20 17:35:51
CONT2022002915,2022-05-13 21:19:54,
CONT2022002916,2022-05-17 17:27:30,2022-05-20 18:23:24
CONT2022002917,2022-05-12 12:08:12,2022-05-20 03:07:32
CONT2022002918,2022-05-14 13:09:50,2022-05-20 11:10:25
CONT2022002919,2022-05-14 08:24:31,2022-05-20 00:58:31
CONT2022002920,2022-05-10 18:05:42,2022-05-21 21:39:01
CONT2022002921,2022-05-10 11:54:21,2022-05-11 17:02:58
CONT2022002922,2022-05-11 11:19:24,2022-05-11 22:04:42
CONT2022002923,2022-05-16 04:29:23,2022-05-17 10:23:17
CONT2022002924,2022-05-08 05:14:03,
CONT2022002925,2022-05-16 13:31:57,2022-05-21 10:15:35
CONT2022002926,2022-05-11 23:26:50,
CONT2022002927,2022-05-14 13:07:38,2022-05-22 20:49:54
CONT2022002928,2022-05-13 07:21:45,
CONT2022002929,2022-05-14 02:21:04,2022-05-22 12:11:45
CONT2022002930,2022-05-18 13:52:03,2022-05-23 18:01:20
CONT2022002931,2022-05-17 03:28:16,2022-05-22 13:51:38
CONT2022002932,2022-05-13 10:04:39,2022-05-23 11:25:53
CONT2022002933,2022-05-09 21:02:37,
CONT2022002934,2022-05-17 09:36:07,
CONT2022002935,2022-05-17 05:45:47,2022-05-23 01:49:08
CONT2022002936,2022-05-16 08:49:21,2022-05-16 21:45:32
CONT2022002937,2022-05-17 00:09:15,
CONT2022002938,2022-05-18 00:12:59,2022-05-23 06:53:20
CONT2022002939,2022-05-18 14:35:08,2022-05-22 18:38:55
CONT2022002940,2022-05-09 21:10:07,2022-05-10 23:03:05
CONT2022002941,2022-05-15 06:40:42,2022-05-16 07:12:00
CONT2022002942,2022-05-21 06:34:14,2022-05-24 12:05:08
CONT2022002943,2022-05-14 19:02:16,
CONT2022002944,2022-05-15 18:16:32,
CONT2022002945,2022-05-19 18:44:53,2022-05-24 22:22:12
CONT2022002946,2022-05-13 00:05:12,
CONT2022002947,2022-05-11 10:16:31,2022-05-24 11:55:07
CONT2022002948,2022-05-17 09:47:11,2022-05-18 13:36:07
CONT2022002949,2022-05-11 23:30:06,2022-05-23 16:49:06
CONT2022002950,2022-05-12 01:43:14,
CONT2022002951,2022-05-19 10:58:32,2022-05-24 06:07:56
CONT2022002952,2022-05-15 04:39:20,2022-05-23 09:02:11
CONT2022002953,2022-05-17 17:19:38,
CONT2022002954,2022-05-15 22:06:29,2022-05-23 19:47:20
CONT2022002955,2022-05-11 20:41:19,2022-05-24 20:21:11
CONT2022002956,2022-05-14 16:50:10,2022-05-15 16:48:35
CONT2022002957,2022-05-20 17:25:12,2022-05-24 07:39:31
CONT2022002958,2022-05-19 05:16:46,2022-05-24 16:34:23
CONT2022002959,2022-05-19 22:20:09,2022-05-25 15:11:41
CONT2022002960,2022-05-15 05:54:01,2022-05-25 16:44:47
CONT2022002961,2022-05-12 17:45:13,2022-05-25 07:31:54
CONT2022002962,2022-05-12 10:41:56,2022-05-13 03:39:40
CONT2022002963,2022-05-17 14:30:44,2022-05-18 05:44:36
CONT2022002964,2022-05-19 20:33:23,2022-05-20 00:33:23
CONT2022002965,2022-05-13 16:27:45,2022-05-24 14:16:41
CONT2022002966,2022-05-16 20:51:17,2022-05-24 18:49:35
CONT2022002967,2022-05-23 08:52:06,
CONT2022002968,2022-05-16 23:43:13,
CONT2022002969,2022-05-22 04:52:05,2022-05-26 20:47:10
CONT2022002970,2022-05-22 11:40:10,
CONT2022002971,2022-05-16 02:56:44,2022-05-27 01:30:48
CONT2022002972,2022-05-23 07:33:45,2022-05-26 14:01:10
CONT2022002973,2022-05-14 21:27:39,2022-05-16 03:51:17
CONT2022002974,2022-05-23 10:53:45,2022-05-26 18:35:58
CONT2022002975,2022-05-15 21:14:07,2022-05-16 16:12:45
CONT2022002976,2022-05-22 01:06:13,2022-05-22 13:41:35
CONT2022002977,2022-05-21 18:59:07,2022-05-26 13:36:54
CONT2022002978,2022-05-20 08:55:07,
CONT2022002979,2022-05-17 12:08:08,2022-05-26 21:14:15
CONT2022002980,2022-05-17 07:08:22,2022-05-27 19:22:14
CONT2022002981,2022-05-20 09:08:21,
CONT2022002982,2022-05-21 23:43:16,
CONT2022002983,2022-05-21 19:11:51,2022-05-22 06:49:13
CONT2022002984,2022-05-21 04:31:41,2022-05-27 18:53:49
CONT2022002985,2022-05-17 11:39:55,2022-05-28 04:21:39
CONT2022002986,2022-05-23 19:04:10,2022-05-27 18:11:31
CONT2022002987,2022-05-18 21:27:53,2022-05-20 04:37:30
CONT2022002988,2022-05-14 10:44:26,2022-05-28 04:47:02
CONT2022002989,2022-05-20 06:57:59,
CONT2022002990,2022-05-20 08:18:43,
CONT2022002991,2022-05-17 15:46:55,2022-05-27 21:47:42
CONT2022002992,2022-05-23 05:52:06,2022-05-23 14:49:32
CONT2022002993,2022-05-23 15:56:24,2022-05-24 16:53:40
CONT2022002994,2022-05-24 03:33:39,2022-05-27 14:05:33
CONT2022002995,2022-05-14 16:38:43,2022-05-15 10:08:38
CONT2022002996,2022-05-17 05:23:51,2022-05-27 12:29:27
CONT2022002997,2022-05-15 14:10:23,2022-05-16 21:52:10
CONT2022002998,2022-05-17 12:01:38,2022-05-28 08:52:50
CONT2022002999,2022-05-20 14:25:21,2022-05-27 13:12:08
CONT2022003000,2022-05-19 12:50:19,2022-05-27 04:11:46
CONT2022003001,2022-05-20 00:25:29,
CONT2022003002,2022-05-17 21:55:42,2022-05-27 14:46:59
CONT2022003003,2022-05-22 05:48:43,2022-05-22 23:16:57
CONT2022003004,2022-05-18 07:57:50,2022-05-29 10:48:54
CONT2022003005,2022-05-15 18:25:22,2022-05-29 10:10:03
CONT2022003006,2022-05-25 05:50:28,2022-05-29 00:23:37
CONT2022003007,2022-05-24 10:41:54,
CONT2022003008,2022-05-22 08:28:49,2022-05-29 04:40:23
CONT2022003009,2022-05-16 06:59:31,2022-05-29 23:56:25
CONT2022003010,2022-05-24 23:56:40,2022-05-28 21:57:24
CONT2022003011,2022-05-18 12:10:16,2022-05-19 07:50:47
CONT2022003012,2022-05-19 10:23:28,2022-05-20 08:29:16
CONT2022003013,2022-05-16 10:55:33,
CONT2022003014,2022-05-24 07:08:58,2022-05-29 03:33:02
CONT2022003015,2022-05-18 23:38:40,2022-05-27 15:13:39
CONT2022003016,2022-05-20 09:01:05,2022-05-28 13:00:27
CONT2022003017,2022-05-20 01:58:22,2022-05-28 13:50:14
CONT2022003018,2022-05-23 04:43:55,2022-05-29 00:50:06
CONT2022003019,2022-05-20 11:25:47,2022-05-30 21:15:57
CONT2022003020,2022-05-20 01:18:09,2022-05-20 06:51:27
CONT2022003021,2022-05-24 00:39:20,2022-05-30 03:44:00
CONT2022003022,2022-05-25 10:42:42,2022-05-26 20:13:28
CONT2022003023,2022-05-24 18:15:39,2022-05-26 01:44:11
CONT2022003024,2022-05-19 12:46:42,2022-05-29 23:14:07
CONT2022003025,2022-05-22 00:12:32,2022-05-22 23:21:47
CONT2022003026,2022-05-25 19:08:16,2022-05-26 23:44:04
CONT2022003027,2022-05-16 10:38:17,2022-05-29 07:53:26
CONT2022003028,2022-05-25 01:33:15,2022-05-28 18:40:45
CONT2022003029,2022-05-25 16:06:32,2022-05-26 15:12:03
CONT2022003030,2022-05-17 01:12:21,2022-05-30 04:22:00
CONT2022003031,2022-05-20 20:35:06,2022-05-22 02:40:18
CONT2022003032,2022-05-21 05:01:03,2022-05-21 23:43:49
CONT2022003033,2022-05-22 01:02:14,2022-05-29 18:36:40
CONT2022003034,2022-05-23 04:51:27,2022-05-24 07:07:06
CONT2022003035,2022-05-24 13:35:00,
CONT2022003036,2022-05-23 22:12:35,2022-05-25 02:08:18
CONT2022003037,2022-05-25 06:24:43,2022-05-29 10:14:21
CONT2022003038,2022-05-17 09:21:26,2022-05-30 15:26:55
CONT2022003039,2022-05-18 20:24:44,
CONT2022003040,2022-05-18 04:10:02,2022-05-19 02:05:56
CONT2022003041,2022-05-20 19:44:28,2022-05-29 15:35:26
CONT2022003042,2022-05-22 19:04:46,2022-05-30 15:42:39
CONT2022003043,2022-05-23 16:53:59,2022-05-30 14:32:28
CONT2022003044,2022-05-24 20:43:32,2022-05-25 03:54:56
CONT2022003045,2022-05-23 16:57:36,2022-05-29 20:37:14
CONT2022003046,2022-05-18 09:19:12,2022-05-19 02:47:16
CONT2022003047,2022-05-17 22:33:16,2022-05-18 07:05:47
CONT2022003048,2022-05-16 13:36:00,2022-05-30 05:39:45
CONT2022003049,2022-05-22 01:35:43,2022-05-22 23:17:58
CONT2022003050,2022-05-19 04:51:32,2022-05-20 04:11:38
CONT2022003051,2022-05-25 20:10:22,2022-05-26 19:50:27
CONT2022003052,2022-05-26 16:19:25,2022-05-30 01:53:55
CONT2022003053,2022-05-25 17:23:40,
CONT2022003054,2022-05-17 23:47:11,2022-05-30 02:55:28
CONT2022003055,2022-05-17 08:53:30,2022-05-30 09:16:27
CONT2022003056,2022-05-24 22:13:30,2022-05-29 16:06:45
CONT2022003057,2022-05-18 10:39:18,2022-05-20 05:44:50
CONT2022003058,2022-05-18 03:40:20,2022-05-29 10:48:29
CONT2022003059,2022-05-16 08:47:10,2022-05-30 15:23:17
CONT2022003060,2022-05-18 10:57:47,2022-05-18 14:57:47
CONT2022003061,2022-05-30 11:14:14,2022-05-31 11:25:48
CONT2022003062,2022-05-27 22:37:59,2022-06-03 06:07:54
CONT2022003063,2022-05-28 23:10:38,
CONT2022003064,2022-05-29 22:35:13,
CONT2022003065,2022-05-21 20:17:16,2022-06-03 09:57:19
CONT2022003066,2022-05-24 08:52:35,2022-05-25 10:16:15
CONT2022003067,2022-05-27 08:34:12,
CONT2022003068,2022-05-26 09:09:41,
CONT2022003069,2022-05-28 06:25:13,2022-05-29 04:26:09
CONT2022003070,2022-05-30 02:04:42,2022-06-03 18:19:38
CONT2022003071,2022-05-27 08:59:37,2022-05-27 17:28:01
CONT2022003072,2022-05-23 05:31:22,2022-05-24 15:32:17
CONT2022003073,2022-05-30 16:21:28,
CONT2022003074,2022-05-26 22:52:58,2022-05-27 16:00:50
CONT2022003075,2022-05-26 02:20:17,2022-06-03 05:04:38
CONT2022003076,2022-05-21 08:06:58,
CONT2022003077,2022-05-26 05:46:59,2022-05-27 12:17:52
CONT2022003078,2022-05-21 17:20:05,2022-06-03 05:02:25
CONT2022003079,2022-05-28 14:14:06,2022-06-03 14:02:19
CONT2022003080,2022-05-31 01:11:49,2022-06-03 12:26:21
CONT2022003081,2022-05-30 00:36:11,2022-06-02 16:49:55
CONT2022003082,2022-05-21 02:03:53,2022-05-21 13:27:44
CONT2022003083,2022-05-29 16:32:18,
CONT2022003084,2022-05-22 03:23:57,2022-05-22 18:30:46
CONT2022003085,2022-05-25 03:09:14,2022-06-03 06:23:15
CONT2022003086,2022-05-30 05:52:19,2022-06-03 17:28:39
CONT2022003087,2022-05-25 00:54:08,2022-05-25 09:06:35
CONT2022003088,2022-05-31 04:23:49,2022-06-01 11:16:40
CONT2022003089,2022-05-22 04:56:58,2022-06-04 03:18:09
CONT2022003090,2022-05-21 05:56:31,2022-05-21 22:03:30
CONT2022003091,2022-05-23 03:46:51,2022-06-04 00:38:17
CONT2022003092,2022-05-27 08:26:26,
CONT2022003093,2022-05-27 14:24:00,2022-06-03 13:22:11
CONT2022003094,2022-05-24 15:11:36,2022-05-25 05:46:44
CONT2022003095,2022-05-24 14:32:26,2022-05-24 18:32:26
CONT2022003096,2022-05-28 01:50:25,2022-06-03 11:05:01
CONT2022003097,2022-05-30 23:17:24,2022-05-31 16:14:24
CONT2022003098,2022-05-22 02:16:25,2022-06-03 20:43:38
CONT2022003099,2022-06-01 07:58:38,2022-06-02 01:15:38
CONT2022003100,2022-05-26 21:52:31,
CONT2022003101,2022-05-25 19:33:23,2022-06-03 19:16:03
CONT2022003102,2022-05-27 13:49:20,2022-05-28 10:25:31
CONT2022003103,2022-05-30 13:50:54,2022-05-31 04:24:39
CONT2022003104,2022-05-29 00:15:29,2022-05-30 01:44:51
CONT2022003105,2022-06-01 03:38:51,2022-06-04 08:37:58
CONT2022003106,2022-05-31 09:51:42,
CONT2022003107,2022-05-27 11:51:39,2022-05-28 01:44:37
CONT2022003108,2022-05-27 05:48:39,
CONT2022003109,2022-05-29 09:14:19,2022-05-30 03:26:23
CONT2022003110,2022-05-23 02:26:21,2022-05-24 06:03:45
CONT2022003111,2022-05-27 20:27:54,2022-06-04 19:50:56
CONT2022003112,2022-05-26 02:28:56,2022-05-26 14:26:20
CONT2022003113,2022-05-25 04:11:04,2022-06-05 11:58:08
CONT2022003114,2022-05-26 08:34:41,2022-06-04 07:30:25
CONT2022003115,2022-05-22 22:11:32,
CONT2022003116,2022-05-30 04:09:22,
CONT2022003117,2022-05-28 18:23:18,2022-05-29 15:26:05
CONT2022003118,2022-05-23 22:27:10,
CONT2022003119,2022-05-30 03:54:08,2022-05-31 12:59:55
CONT2022003120,2022-05-30 14:06:41,2022-05-31 05:47:45
CONT2022003121,2022-06-01 04:46:38,2022-06-02 05:23:29
CONT2022003122,2022-05-31 05:26:21,2022-06-05 16:34:53
CONT2022003123,2022-05-29 23:00:32,2022-06-05 01:04:32
CONT2022003124,2022-05-30 12:10:06,2022-05-31 11:01:43
CONT2022003125,2022-05-25 05:12:31,2022-05-26 05:23:40
CONT2022003126,2022-06-01 10:35:53,
CONT2022003127,2022-05-28 19:33:31,2022-05-29 19:53:03
CONT2022003128,2022-05-23 05:43:42,2022-05-23 13:55:39
CONT2022003129,2022-05-28 10:53:07,
CONT2022003130,2022-05-29 11:02:11,2022-05-29 19:19:11
CONT2022003131,2022-05-26 03:41:00,2022-05-26 19:24:42
CONT2022003132,2022-05-28 18:53:19,2022-06-05 00:09:25
CONT2022003133,2022-05-27 19:09:38,
CONT2022003134,2022-05-24 16:47:00,
CONT2022003135,2022-05-28 12:59:37,
CONT2022003136,2022-05-23 23:52:46,
CONT2022003137,2022-06-02 14:13:05,2022-06-03 02:19:48
CONT2022003138,2022-05-31 05:40:20,2022-06-01 10:24:05
CONT2022003139,2022-05-23 10:42:28,2022-05-24 12:31:07
CONT2022003140,2022-05-29 10:51:45,2022-06-05 19:34:24
CONT2022003141,2022-05-23 00:27:35,2022-06-05 23:26:49
CONT2022003142,2022-05-23 11:51:24,2022-05-24 16:38:38
CONT2022003143,2022-05-26 09:26:13,2022-06-05 17:32:37
CONT2022003144,2022-05-30 00:22:56,2022-05-31 00:38:53
CONT2022003145,2022-05-29 12:49:47,2022-05-30 10:11:09
CONT2022003146,2022-05-29 22:11:28,
CONT2022003147,2022-05-25 16:05:16,2022-05-26 09:08:38
CONT2022003148,2022-05-23 22:11:43,2022-05-24 23:53:06
CONT2022003149,2022-05-27 05:02:35,2022-05-28 14:54:54
CONT2022003150,2022-05-27 10:16:53,2022-05-28 02:22:09
CONT2022003151,2022-05-27 18:39:42,2022-05-28 04:15:45
CONT2022003152,2022-05-30 07:12:46,2022-05-31 03:27:41
CONT2022003153,2022-05-24 08:25:24,2022-06-05 21:40:45
CONT2022003154,2022-05-27 04:55:21,2022-06-05 02:56:02
CONT2022003155,2022-05-31 19:01:37,
CONT2022003156,2022-05-29 15:04:53,
CONT2022003157,2022-05-25 20:48:06,2022-05-26 13:04:56
CONT2022003158,2022-05-27 13:29:46,2022-06-05 22:32:27
CONT2022003159,2022-05-30 14:41:10,2022-05-31 19:06:22
CONT2022003160,2022-05-22 17:56:19,2022-05-24 06:40:53
CONT2022003161,2022-05-24 17:19:43,2022-06-06 02:36:47
CONT2022003162,2022-05-30 16:17:17,2022-05-31 08:02:35
CONT2022003163,2022-05-24 01:32:03,2022-05-24 15:37:30
CONT2022003164,2022-05-24 01:16:49,2022-06-05 10:02:14
CONT2022003165,2022-06-03 08:28:42,2022-06-04 04:31:24
CONT2022003166,2022-05-28 20:40:18,2022-05-29 05:58:49
CONT2022003167,2022-05-30 00:54:40,2022-06-05 18:45:30
CONT2022003168,2022-05-24 00:26:15,2022-06-05 21:06:33
CONT2022003169,2022-05-29 15:06:03,
CONT2022003170,2022-05-31 16:53:23,2022-06-05 06:42:31
CONT2022003171,2022-05-24 18:52:16,2022-06-06 08:23:44
CONT2022003172,2022-05-26 14:21:34,2022-06-06 13:50:05
CONT2022003173,2022-06-01 15:54:40,2022-06-06 02:42:03
CONT2022003174,2022-06-02 20:25:17,2022-06-03 23:58:15
CONT2022003175,2022-05-26 19:47:33,2022-05-27 21:55:44
CONT2022003176,2022-05-28 03:15:34,2022-06-05 14:58:09
CONT2022003177,2022-06-02 07:05:06,2022-06-03 16:00:52
CONT2022003178,2022-05-29 05:45:47,2022-06-05 19:12:26
CONT2022003179,2022-05-31 14:32:51,2022-06-01 06:02:27
CONT2022003180,2022-06-01 07:31:22,2022-06-05 08:12:22
CONT2022003181,2022-06-01 05:53:11,2022-06-02 06:38:41
CONT2022003182,2022-06-02 03:37:59,2022-06-06 06:46:26
CONT2022003183,2022-05-29 16:15:03,2022-05-30 06:05:31
CONT2022003184,2022-06-02 08:10:42,2022-06-05 18:37:48
CONT2022003185,2022-05-23 10:41:12,2022-05-24 06:57:01
CONT2022003186,2022-05-27 15:40:56,
CONT2022003187,2022-05-23 11:52:46,2022-06-05 09:52:56
CONT2022003188,2022-06-02 14:25:49,2022-06-03 15:24:35
CONT2022003189,2022-06-02 11:54:52,
CONT2022003190,2022-05-26 16:35:25,2022-05-27 16:15:08
CONT2022003191,2022-05-29 15:34:08,2022-06-05 20:09:09
CONT2022003192,2022-05-28 01:43:10,2022-06-05 08:13:39
CONT2022003193,2022-05-28 10:23:37,2022-05-29 13:07:12
CONT2022003194,2022-05-30 02:55:36,2022-05-30 17:47:17
CONT2022003195,2022-06-01 18:29:23,2022-06-05 11:12:09
CONT2022003196,2022-06-02 11:14:55,2022-06-06 13:53:35
CONT2022003197,2022-06-01 10:26:30,2022-06-02 18:42:44
CONT2022003198,2022-05-31 01:21:35,2022-06-01 02:36:44
CONT2022003199,2022-06-02 21:09:15,2022-06-03 04:58:41
CONT2022003200,2022-05-31 05:10:32,2022-06-06 16:47:52
CONT2022003201,2022-05-26 09:24:29,2022-06-06 20:56:22
CONT2022003202,2022-06-02 11:41:54,2022-06-03 10:57:02
CONT2022003203,2022-06-01 18:30:23,
CONT2022003204,2022-06-02 07:57:16,2022-06-05 10:42:10
CONT2022003205,2022-06-03 06:48:56,2022-06-04 08:15:22
CONT2022003206,2022-05-30 04:57:46,2022-06-05 15:55:32
CONT2022003207,2022-05-27 03:07:18,2022-06-05 08:42:26
CONT2022003208,2022-05-25 03:47:18,2022-06-06 12:47:17
CONT2022003209,2022-06-01 15:28:35,2022-06-06 00:50:03
CONT2022003210,2022-05-25 16:05:57,2022-05-26 16:42:45
CONT2022003211,2022-06-02 04:06:00,2022-06-05 16:37:41
CONT2022003212,2022-05-30 22:55:46,2022-06-01 00:53:21
CONT2022003213,2022-05-29 21:42:58,2022-06-06 01:09:15
CONT2022003214,2022-05-28 00:48:26,2022-05-29 03:59:43
CONT2022003215,2022-05-26 02:05:17,2022-06-05 06:06:54
CONT2022003216,2022-05-29 21:07:21,2022-06-05 17:08:03
CONT2022003217,2022-06-01 11:58:00,2022-06-02 19:29:29
CONT2022003218,2022-05-24 11:20:03,
CONT2022003219,2022-05-27 03:55:57,2022-06-06 05:47:08
CONT2022003220,2022-05-28 13:06:21,2022-06-06 02:06:01
CONT2022003221,2022-05-23 12:19:49,2022-06-06 01:14:08
CONT2022003222,2022-05-28 06:44:54,2022-06-06 17:45:27
CONT2022003223,2022-05-28 11:32:57,2022-06-06 12:04:24
CONT2022003224,2022-05-25 14:58:48,2022-05-26 00:27:16
CONT2022003225,2022-05-28 11:51:05,2022-05-29 16:38:56
CONT2022003226,2022-05-27 09:31:55,2022-05-28 02:19:43
CONT2022003227,2022-05-31 12:14:37,2022-05-31 21:51:40
CONT2022003228,2022-06-02 20:41:35,2022-06-03 19:13:42
CONT2022003229,2022-05-23 22:12:40,2022-05-24 13:47:20
CONT2022003230,2022-05-23 20:32:58,
CONT2022003231,2022-05-31 03:40:51,
CONT2022003232,2022-05-29 10:19:18,
CONT2022003233,2022-05-31 19:15:09,2022-06-02 04:40:30
CONT2022003234,2022-05-29 05:14:03,2022-06-06 13:47:12
CONT2022003235,2022-05-26 12:28:46,2022-06-06 11:54:10
CONT2022003236,2022-05-26 17:52:32,2022-06-05 08:57:56
CONT2022003237,2022-05-28 05:42:23,2022-05-28 11:58:29
CONT2022003238,2022-05-25 10:42:31,2022-05-26 05:54:31
CONT2022003239,2022-06-02 19:35:21,2022-06-03 14:24:22
CONT2022003240,2022-05-29 11:52:08,2022-05-30 04:45:00
CONT2022003241,2022-05-25 01:43:58,2022-06-05 22:47:21
CONT2022003242,2022-05-31 10:37:12,2022-06-01 04:38:35
CONT2022003243,2022-06-02 08:43:32,2022-06-03 01:59:57
CONT2022003244,2022-05-28 12:50:44,2022-05-29 09:49:11
CONT2022003245,2022-05-23 01:39:52,2022-06-05 11:08:09
CONT2022003246,2022-05-24 10:45:22,2022-06-06 05:20:00
CONT2022003247,2022-05-28 13:32:25,2022-06-06 09:12:41
CONT2022003248,2022-05-24 17:56:30,2022-05-25 08:39:40
CONT2022003249,2022-05-24 11:39:59,2022-05-24 16:44:02
CONT2022003250,2022-06-01 19:08:45,2022-06-02 19:06:31
CONT2022003251,2022-06-01 03:53:28,2022-06-05 11:13:19
CONT2022003252,2022-05-30 04:33:55,2022-06-05 13:54:17
CONT2022003253,2022-05-29 13:23:09,2022-06-06 03:35:40
CONT2022003254,2022-05-26 14:59:56,2022-06-05 17:18:55
CONT2022003255,2022-05-28 09:57:34,2022-05-29 09:27:33
CONT2022003256,2022-05-28 11:14:34,2022-06-06 02:10:10
CONT2022003257,2022-05-26 03:56:01,2022-06-05 18:12:25
CONT2022003258,2022-05-25 09:22:31,2022-06-05 23:45:47
CONT2022003259,2022-05-30 21:12:37,2022-05-31 14:12:01
CONT2022003260,2022-05-27 15:39:09,2022-05-28 07:30:31
CONT2022003261,2022-05-29 21:16:54,2022-06-05 08:02:13
CONT2022003262,2022-06-02 20:19:21,
CONT2022003263,2022-05-31 10:56:06,2022-06-01 03:45:06
CONT2022003264,2022-05-24 07:14:22,2022-06-05 13:14:30
CONT2022003265,2022-05-30 22:03:30,2022-05-31 23:18:14
CONT2022003266,2022-06-01 10:54:24,
CONT2022003267,2022-06-02 23:59:24,2022-06-06 20:02:22
CONT2022003268,2022-05-29 18:04:33,2022-06-07 06:01:03
CONT2022003269,2022-05-26 14:19:17,2022-06-06 02:36:34
CONT2022003270,2022-05-28 18:24:22,2022-06-06 09:32:22
CONT2022003271,2022-06-03 20:59:28,2022-06-06 10:24:27
CONT2022003272,2022-06-02 23:37:14,
CONT2022003273,2022-06-01 20:36:35,
CONT2022003274,2022-06-01 15:25:32,2022-06-01 20:43:00
CONT2022003275,2022-05-31 14:58:22,2022-06-06 14:16:20
CONT2022003276,2022-05-29 09:22:33,2022-06-06 19:47:11
CONT2022003277,2022-05-27 12:14:41,2022-06-07 06:41:50
CONT2022003278,2022-05-24 22:20:35,2022-06-07 11:03:16
CONT2022003279,2022-06-02 21:35:09,2022-06-07 01:57:53
CONT2022003280,2022-05-31 01:34:30,2022-05-31 21:17:18
CONT2022003281,2022-05-27 05:25:48,
CONT2022003282,2022-05-31 19:15:06,
CONT2022003283,2022-06-04 16:04:54,2022-06-05 06:50:45
CONT2022003284,2022-05-27 04:47:14,
CONT2022003285,2022-05-30 15:24:05,2022-06-09 06:48:33
CONT2022003286,2022-05-29 08:11:16,
CONT2022003287,2022-06-03 07:30:15,2022-06-10 07:21:30
CONT2022003288,2022-06-05 01:48:57,2022-06-05 18:09:16
CONT2022003289,2022-06-03 23:08:03,2022-06-09 16:22:27
CONT2022003290,2022-05-27 11:04:56,2022-06-09 16:13:12
CONT2022003291,2022-05-31 04:31:44,2022-05-31 22:13:41
CONT2022003292,2022-06-02 03:40:55,2022-06-09 15:12:20
CONT2022003293,2022-05-31 21:42:50,2022-06-09 06:40:37
CONT2022003294,2022-05-29 16:58:13,2022-05-30 09:59:48
CONT2022003295,2022-06-05 01:02:47,2022-06-06 02:10:17
CONT2022003296,2022-06-03 08:11:33,2022-06-04 00:49:06
CONT2022003297,2022-06-02 09:53:30,2022-06-09 14:49:42
CONT2022003298,2022-06-01 05:46:02,
CONT2022003299,2022-05-28 00:59:47,2022-06-09 02:39:50
CONT2022003300,2022-06-06 06:05:24,2022-06-06 21:40:28
CONT2022003301,2022-06-03 02:34:23,2022-06-10 02:44:27
CONT2022003302,2022-06-01 06:49:42,2022-06-01 15:57:06
CONT2022003303,2022-06-03 21:03:54,2022-06-09 08:41:31
CONT2022003304,2022-05-27 05:52:29,
CONT2022003305,2022-06-06 19:07:13,2022-06-07 18:49:46
CONT2022003306,2022-06-02 23:31:11,2022-06-09 04:32:04
CONT2022003307,2022-05-28 00:50:47,
CONT2022003308,2022-05-31 06:16:32,
CONT2022003309,2022-06-06 05:35:19,2022-06-07 13:18:04
CONT2022003310,2022-06-02 08:24:37,2022-06-08 20:33:08
CONT2022003311,2022-06-03 17:09:42,2022-06-10 09:40:17
CONT2022003312,2022-05-28 01:38:12,2022-06-09 04:00:14
CONT2022003313,2022-06-04 19:21:50,
CONT2022003314,2022-05-29 21:34:51,2022-06-09 22:29:07
CONT2022003315,2022-06-06 01:05:36,2022-06-06 17:21:54
CONT2022003316,2022-06-04 14:29:33,
CONT2022003317,2022-06-06 20:34:52,2022-06-10 06:14:18
CONT2022003318,2022-06-01 02:45:07,2022-06-10 09:34:06
CONT2022003319,2022-06-06 18:38:04,2022-06-10 05:13:41
CONT2022003320,2022-06-02 12:07:26,2022-06-09 10:07:03
CONT2022003321,2022-05-27 04:40:32,2022-05-28 08:58:51
CONT2022003322,2022-05-30 13:20:16,2022-05-31 09:20:05
CONT2022003323,2022-05-28 05:13:34,2022-05-29 03:19:57
CONT2022003324,2022-06-03 15:03:33,2022-06-09 22:48:13
CONT2022003325,2022-06-01 03:34:35,2022-06-02 13:22:15
CONT2022003326,2022-06-01 06:18:37,2022-06-09 14:04:38
CONT2022003327,2022-06-01 12:46:58,2022-06-09 08:56:00
CONT2022003328,2022-06-01 03:38:19,2022-06-10 02:11:38
CONT2022003329,2022-06-04 10:27:34,2022-06-10 08:54:32
CONT2022003330,2022-05-31 14:21:07,2022-06-01 06:23:26
CONT2022003331,2022-05-31 22:09:47,2022-06-01 12:32:29
CONT2022003332,2022-05-27 16:57:19,2022-06-10 08:58:05
CONT2022003333,2022-05-27 13:45:26,2022-05-28 04:21:10
CONT2022003334,2022-06-03 21:42:50,
CONT2022003335,2022-06-03 04:40:34,
CONT2022003336,2022-06-05 05:57:38,2022-06-06 05:34:21
CONT2022003337,2022-05-28 15:55:45,2022-06-09 18:35:40
CONT2022003338,2022-06-04 04:59:27,2022-06-10 03:40:31
CONT2022003339,2022-05-30 20:45:24,2022-06-09 03:38:06
CONT2022003340,2022-06-01 02:22:25,2022-06-09 17:12:30
CONT2022003341,2022-05-31 12:42:35,2022-06-09 20:32:33
CONT2022003342,2022-06-06 05:59:28,2022-06-09 21:32:34
CONT2022003343,2022-06-03 18:54:57,2022-06-04 06:49:01
CONT2022003344,2022-06-05 01:16:16,2022-06-10 00:22:15
CONT2022003345,2022-06-02 02:03:14,2022-06-02 20:56:23
CONT2022003346,2022-06-03 01:53:39,2022-06-04 00:56:23
CONT2022003347,2022-06-04 16:16:47,
CONT2022003348,2022-06-03 07:37:37,2022-06-04 06:29:23
CONT2022003349,2022-06-05 10:43:41,2022-06-08 16:25:34
CONT2022003350,2022-05-28 04:51:42,
CONT2022003351,2022-06-01 03:43:16,2022-06-10 02:48:21
CONT2022003352,2022-05-28 07:00:01,2022-05-29 00:27:58
CONT2022003353,2022-05-28 09:21:21,2022-06-09 22:06:01
CONT2022003354,2022-05-30 22:37:44,2022-06-09 21:29:42
CONT2022003355,2022-05-30 15:48:20,2022-05-31 14:37:53
CONT2022003356,2022-05-31 13:57:32,2022-06-09 19:59:54
CONT2022003357,2022-05-27 11:57:41,2022-05-28 08:11:12
CONT2022003358,2022-05-31 01:03:51,2022-06-01 00:16:29
CONT2022003359,2022-06-05 12:40:53,2022-06-09 16:15:52
CONT2022003360,2022-06-05 04:41:48,2022-06-10 00:24:09
CONT2022003361,2022-05-31 15:49:20,2022-06-10 07:19:38
CONT2022003362,2022-05-31 22:31:52,2022-06-11 03:20:10
CONT2022003363,2022-05-28 20:03:38,2022-05-30 09:30:25
CONT2022003364,2022-06-07 02:41:57,2022-06-11 06:24:30
CONT2022003365,2022-05-31 13:37:56,2022-06-09 17:24:53
CONT2022003366,2022-05-30 12:01:38,2022-05-31 12:18:43
CONT2022003367,2022-05-30 00:01:30,
CONT2022003368,2022-06-05 22:41:24,2022-06-06 16:34:31
CONT2022003369,2022-06-07 01:07:05,2022-06-07 21:21:13
CONT2022003370,2022-05-31 06:03:21,2022-05-31 23:49:44
CONT2022003371,2022-05-28 20:43:39,2022-05-30 05:21:01
CONT2022003372,2022-06-06 03:04:29,2022-06-07 10:40:51
CONT2022003373,2022-05-31 06:54:14,2022-06-11 11:36:51
CONT2022003374,2022-06-06 15:41:16,2022-06-10 05:22:05
CONT2022003375,2022-05-29 01:28:01,
CONT2022003376,2022-06-02 06:07:16,2022-06-03 04:34:48
CONT2022003377,2022-06-02 00:07:45,
CONT2022003378,2022-06-03 07:02:42,2022-06-04 13:37:29
CONT2022003379,2022-06-06 16:15:12,2022-06-07 10:44:21
CONT2022003380,2022-06-02 13:27:44,2022-06-11 09:15:11
CONT2022003381,2022-06-06 14:11:53,
CONT2022003382,2022-06-06 01:36:16,2022-06-06 10:36:53
CONT2022003383,2022-06-03 13:17:48,2022-06-11 23:51:40
CONT2022003384,2022-05-29 15:36:14,2022-05-30 19:35:34
CONT2022003385,2022-06-08 18:31:59,2022-06-09 10:27:04
CONT2022003386,2022-06-03 03:59:37,2022-06-03 07:59:37
CONT2022003387,2022-06-08 13:44:34,2022-06-12 12:04:09
CONT2022003388,2022-06-01 01:35:00,2022-06-01 19:10:51
CONT2022003389,2022-06-03 17:39:36,2022-06-11 16:25:28
CONT2022003390,2022-06-01 06:02:59,2022-06-01 21:02:16
CONT2022003391,2022-06-02 18:47:56,2022-06-03 11:17:13
CONT2022003392,2022-06-07 17:23:20,2022-06-12 21:54:48
CONT2022003393,2022-06-07 04:00:12,2022-06-11 00:15:47
CONT2022003394,2022-06-07 04:17:20,2022-06-11 08:22:06
CONT2022003395,2022-06-02 05:21:54,2022-06-12 03:26:28
CONT2022003396,2022-06-02 12:33:03,2022-06-12 11:01:09
CONT2022003397,2022-06-03 03:07:09,
CONT2022003398,2022-06-03 13:05:04,2022-06-11 01:52:11
CONT2022003399,2022-06-05 14:30:59,2022-06-12 03:27:46
CONT2022003400,2022-05-31 17:51:06,2022-06-12 00:12:19
CONT2022003401,2022-06-06 10:25:38,2022-06-12 17:00:07
CONT2022003402,2022-06-03 18:29:35,2022-06-11 15:59:47
CONT2022003403,2022-06-07 09:52:16,2022-06-11 14:41:22
CONT2022003404,2022-06-02 01:04:39,2022-06-02 18:10:59
CONT2022003405,2022-06-04 02:46:04,2022-06-11 23:49:06
CONT2022003406,2022-06-01 22:24:02,2022-06-02 10:52:05
CONT2022003407,2022-05-30 19:34:36,2022-06-12 08:14:04
CONT2022003408,2022-05-29 12:20:45,
CONT2022003409,2022-06-02 02:03:26,2022-06-03 07:03:14
CONT2022003410,2022-06-07 13:57:32,2022-06-12 00:37:56
CONT2022003411,2022-06-04 06:05:49,2022-06-12 00:25:39
CONT2022003412,2022-06-06 15:49:38,
CONT2022003413,2022-06-07 00:32:20,2022-06-13 04:16:34
CONT2022003414,2022-06-05 16:05:37,2022-06-06 05:05:08
CONT2022003415,2022-05-31 13:38:39,2022-06-01 09:09:13
CONT2022003416,2022-06-06 18:25:30,2022-06-12 08:50:03
CONT2022003417,2022-06-07 00:31:18,2022-06-13 12:58:38
CONT2022003418,2022-06-05 18:46:13,2022-06-07 00:56:29
CONT2022003419,2022-06-04 23:56:00,2022-06-13 10:24:28
CONT2022003420,2022-06-04 23:01:43,2022-06-13 02:53:51
CONT2022003421,2022-05-31 17:08:45,2022-06-13 03:19:29
CONT2022003422,2022-06-01 07:05:27,2022-06-02 02:29:30
CONT2022003423,2022-06-01 22:52:16,
CONT2022003424,2022-06-05 14:19:17,2022-06-06 19:47:27
CONT2022003425,2022-05-31 16:29:16,2022-06-12 09:09:05
CONT2022003426,2022-06-04 04:05:25,2022-06-05 06:43:43
CONT2022003427,2022-06-04 14:53:32,
CONT2022003428,2022-06-06 07:09:03,
CONT2022003429,2022-06-09 19:33:49,2022-06-10 17:05:15
CONT2022003430,2022-06-09 21:59:47,2022-06-10 17:02:58
CONT2022003431,2022-06-02 11:11:35,
CONT2022003432,2022-06-02 03:14:18,2022-06-03 04:47:05
CONT2022003433,2022-06-07 13:28:14,2022-06-08 20:21:32
CONT2022003434,2022-06-05 15:55:43,2022-06-14 19:40:46
CONT2022003435,2022-06-05 23:51:06,2022-06-13 08:51:40
CONT2022003436,2022-06-05 03:54:04,2022-06-14 01:08:39
CONT2022003437,2022-06-09 07:06:55,2022-06-10 02:42:58
CONT2022003438,2022-06-06 22:25:52,
CONT2022003439,2022-06-04 21:57:40,2022-06-06 01:02:39
CONT2022003440,2022-06-09 05:18:00,2022-06-14 07:56:16
CONT2022003441,2022-05-31 20:15:12,2022-06-01 09:23:11
CONT2022003442,2022-06-05 00:15:02,2022-06-14 02:28:36
CONT2022003443,2022-06-09 22:44:31,2022-06-11 14:04:08
CONT2022003444,2022-06-04 11:12:40,
CONT2022003445,2022-06-07 20:52:16,2022-06-14 09:14:50
CONT2022003446,2022-06-05 15:46:53,
CONT2022003447,2022-06-04 08:48:40,2022-06-14 10:13:55
CONT2022003448,2022-06-10 05:07:29,
CONT2022003449,2022-06-07 18:49:13,2022-06-08 07:26:28
CONT2022003450,2022-06-07 04:22:22,2022-06-07 23:24:30
CONT2022003451,2022-06-10 13:12:05,2022-06-14 02:38:16
CONT2022003452,2022-06-04 11:37:42,2022-06-13 20:33:35
CONT2022003453,2022-06-05 14:16:11,2022-06-05 21:33:01
CONT2022003454,2022-06-04 21:39:43,2022-06-13 21:46:27
CONT2022003455,2022-06-07 03:43:45,2022-06-07 18:00:30
CONT2022003456,2022-06-09 14:25:23,2022-06-10 15:04:47
CONT2022003457,2022-06-02 14:56:57,2022-06-14 12:20:30
CONT2022003458,2022-06-04 16:36:11,
CONT2022003459,2022-06-08 21:51:34,2022-06-10 00:04:47
CONT2022003460,2022-06-07 04:35:40,2022-06-14 15:09:45
CONT2022003461,2022-06-09 05:31:54,
CONT2022003462,2022-06-09 03:57:06,2022-06-10 13:03:43
CONT2022003463,2022-06-10 04:39:49,2022-06-10 21:11:42
CONT2022003464,2022-06-02 00:52:56,2022-06-14 11:39:04
CONT2022003465,2022-06-05 14:54:46,2022-06-06 11:44:46
CONT2022003466,2022-06-08 03:23:31,
CONT2022003467,2022-06-08 02:20:05,
CONT2022003468,2022-06-05 20:44:21,
CONT2022003469,2022-06-08 04:38:40,2022-06-14 11:48:50
CONT2022003470,2022-06-07 01:51:31,2022-06-07 21:59:30
CONT2022003471,2022-06-10 14:10:44,
CONT2022003472,2022-06-08 23:54:09,2022-06-10 04:15:31
CONT2022003473,2022-06-05 19:15:00,2022-06-14 06:33:06
CONT2022003474,2022-06-10 23:10:16,
CONT2022003475,2022-06-12 15:08:46,2022-06-16 02:17:23
CONT2022003476,2022-06-07 22:27:57,2022-06-08 16:03:17
CONT2022003477,2022-06-06 10:28:43,2022-06-07 00:46:47
CONT2022003478,2022-06-04 07:30:48,2022-06-04 21:29:03
CONT2022003479,2022-06-07 00:00:05,2022-06-15 19:44:25
CONT2022003480,2022-06-04 02:25:08,2022-06-16 02:31:19
CONT2022003481,2022-06-11 02:30:29,2022-06-14 23:45:40
CONT2022003482,2022-06-07 18:41:32,
CONT2022003483,2022-06-06 19:52:06,2022-06-15 21:46:46
CONT2022003484,2022-06-06 00:02:38,2022-06-06 04:02:38
CONT2022003485,2022-06-02 17:10:03,2022-06-03 18:30:21
CONT2022003486,2022-06-10 14:50:54,2022-06-15 11:13:24
CONT2022003487,2022-06-09 15:10:37,2022-06-10 20:22:59
CONT2022003488,2022-06-05 06:19:53,2022-06-06 00:26:26
CONT2022003489,2022-06-07 01:19:51,2022-06-07 16:21:24
CONT2022003490,2022-06-02 17:03:10,2022-06-03 14:04:00
CONT2022003491,2022-06-05 16:33:03,2022-06-06 10:51:08
CONT2022003492,2022-06-11 20:01:57,2022-06-16 02:25:31
CONT2022003493,2022-06-05 19:42:42,2022-06-16 00:29:45
CONT2022003494,2022-06-05 21:59:24,2022-06-15 02:54:05
CONT2022003495,2022-06-04 20:23:34,
CONT2022003496,2022-06-04 11:02:13,
CONT2022003497,2022-06-02 02:40:49,2022-06-15 15:47:42
CONT2022003498,2022-06-07 11:24:12,2022-06-08 02:31:54
CONT2022003499,2022-06-07 22:16:05,2022-06-08 11:37:39
CONT2022003500,2022-06-06 07:55:06,2022-06-17 08:22:30
CONT2022003501,2022-06-05 05:29:48,2022-06-06 08:28:21
CONT2022003502,2022-06-11 17:59:42,2022-06-16 00:34:52
CONT2022003503,2022-06-03 22:35:05,2022-06-16 09:14:29
CONT2022003504,2022-06-10 17:23:28,2022-06-17 22:54:43
CONT2022003505,2022-06-11 01:29:51,
CONT2022003506,2022-06-10 02:33:52,
CONT2022003507,2022-06-14 08:08:35,2022-06-19 20:55:29
CONT2022003508,2022-06-13 19:17:34,2022-06-14 14:12:57
CONT2022003509,2022-06-16 20:34:29,2022-06-17 15:45:22
CONT2022003510,2022-06-13 13:59:51,2022-06-19 04:59:58
CONT2022003511,2022-06-05 17:42:32,
CONT2022003512,2022-06-11 06:05:23,2022-06-19 04:00:20
CONT2022003513,2022-06-11 19:47:28,2022-06-19 13:07:46
CONT2022003514,2022-06-11 05:58:41,2022-06-20 04:44:15
CONT2022003515,2022-06-07 04:17:05,2022-06-19 14:15:42
CONT2022003516,2022-06-13 18:34:32,2022-06-19 03:32:45
CONT2022003517,2022-06-12 03:38:16,2022-06-12 16:54:47
CONT2022003518,2022-06-11 06:41:40,2022-06-12 05:04:27
CONT2022003519,2022-06-12 19:30:12,2022-06-13 17:23:43
CONT2022003520,2022-06-13 12:37:03,2022-06-19 04:55:10
CONT2022003521,2022-06-14 21:59:01,2022-06-15 18:08:47
CONT2022003522,2022-06-10 03:56:02,2022-06-10 16:26:21
CONT2022003523,2022-06-13 04:54:37,2022-06-14 15:59:18
CONT2022003524,2022-06-06 15:06:48,2022-06-19 11:17:47
CONT2022003525,2022-06-16 08:56:36,2022-06-19 19:43:09
CONT2022003526,2022-06-10 02:32:33,2022-06-10 19:01:09
CONT2022003527,2022-06-11 20:20:45,2022-06-13 03:31:16
CONT2022003528,2022-06-09 06:31:01,2022-06-10 03:32:48
CONT2022003529,2022-06-13 12:15:56,2022-06-13 22:45:29
CONT2022003530,2022-06-11 21:29:49,2022-06-19 23:00:36
CONT2022003531,2022-06-15 14:38:37,
CONT2022003532,2022-06-16 12:31:00,2022-06-20 12:56:27
CONT2022003533,2022-06-15 18:34:34,2022-06-16 09:14:44
CONT2022003534,2022-06-15 03:17:35,
CONT2022003535,2022-06-11 09:25:10,2022-06-20 03:12:28
CONT2022003536,2022-06-13 22:11:01,2022-06-14 06:56:03
CONT2022003537,2022-06-07 12:48:04,2022-06-08 00:15:06
CONT2022003538,2022-06-13 13:28:25,2022-06-19 22:23:30
CONT2022003539,2022-06-09 16:18:32,2022-06-19 15:42:19
CONT2022003540,2022-06-08 13:27:43,2022-06-09 03:47:46
CONT2022003541,2022-06-09 00:50:07,
CONT2022003542,2022-06-10 22:36:17,2022-06-20 22:37:40
CONT2022003543,2022-06-14 09:42:22,2022-06-15 14:23:08
CONT2022003544,2022-06-15 18:23:14,2022-06-16 11:29:13
CONT2022003545,2022-06-10 05:13:55,2022-06-11 11:56:21
CONT2022003546,2022-06-12 06:56:51,2022-06-21 05:20:11
CONT2022003547,2022-06-13 22:22:02,2022-06-15 11:25:42
CONT2022003548,2022-06-16 11:32:15,
CONT2022003549,2022-06-17 01:48:59,
CONT2022003550,2022-06-16 17:13:07,2022-06-17 03:11:24
CONT2022003551,2022-06-12 21:13:23,2022-06-13 16:40:45
CONT2022003552,2022-06-12 17:32:55,2022-06-13 18:53:38
CONT2022003553,2022-06-08 01:10:24,2022-06-20 22:57:06
CONT2022003554,2022-06-15 07:31:01,2022-06-16 15:23:30
CONT2022003555,2022-06-14 03:00:40,
CONT2022003556,2022-06-14 20:31:28,2022-06-21 09:59:20
CONT2022003557,2022-06-08 09:04:41,2022-06-09 06:38:34
CONT2022003558,2022-06-12 07:07:59,2022-06-21 20:30:43
CONT2022003559,2022-06-12 06:17:02,2022-06-21 12:36:00
CONT2022003560,2022-06-17 07:43:44,2022-06-21 14:43:22
CONT2022003561,2022-06-13 22:06:47,
CONT2022003562,2022-06-19 22:09:32,2022-06-21 01:48:17
CONT2022003563,2022-06-16 00:48:51,2022-06-24 13:07:45
CONT2022003564,2022-06-19 21:24:56,2022-06-20 12:17:09
CONT2022003565,2022-06-14 20:52:16,
CONT2022003566,2022-06-12 07:46:56,2022-06-13 04:00:38
CONT2022003567,2022-06-09 14:29:18,2022-06-10 08:58:22
CONT2022003568,2022-06-11 09:06:36,2022-06-12 11:39:53
CONT2022003569,2022-06-14 12:55:54,2022-06-23 11:50:30
CONT2022003570,2022-06-12 11:33:46,2022-06-23 03:16:23
CONT2022003571,2022-06-15 14:29:32,2022-06-16 15:07:58
CONT2022003572,2022-06-18 23:52:48,2022-06-23 10:33:50
CONT2022003573,2022-06-12 21:46:56,2022-06-13 01:46:56
CONT2022003574,2022-06-11 06:55:32,2022-06-12 06:35:18
CONT2022003575,2022-06-10 08:39:49,2022-06-10 12:52:12
CONT2022003576,2022-06-11 04:43:08,2022-06-23 22:55:45
CONT2022003577,2022-06-17 17:27:00,2022-06-19 01:02:27
CONT2022003578,2022-06-17 11:13:44,
CONT2022003579,2022-06-19 04:11:45,2022-06-19 11:47:10
CONT2022003580,2022-06-14 15:11:57,2022-06-23 18:09:38
CONT2022003581,2022-06-09 19:57:20,2022-06-23 13:00:14
CONT2022003582,2022-06-12 15:23:17,2022-06-23 02:48:13
CONT2022003583,2022-06-16 04:19:25,2022-06-23 01:30:42
CONT2022003584,2022-06-13 18:05:13,2022-06-23 16:50:54
CONT2022003585,2022-06-09 21:23:23,
CONT2022003586,2022-06-15 04:09:17,2022-06-15 17:16:35
CONT2022003587,2022-06-18 05:12:52,
CONT2022003588,2022-06-15 14:18:28,
CONT2022003589,2022-06-18 07:22:31,
CONT2022003590,2022-06-15 15:26:04,2022-06-23 06:02:24
CONT2022003591,2022-06-19 04:42:47,2022-06-20 01:26:48
CONT2022003592,2022-06-18 02:57:38,2022-06-18 21:55:10
CONT2022003593,2022-06-17 11:11:17,
CONT2022003594,2022-06-19 20:48:54,2022-06-20 14:43:48
CONT2022003595,2022-06-13 15:45:55,
CONT2022003596,2022-06-17 03:54:05,2022-06-24 01:28:05
CONT2022003597,2022-06-19 04:43:51,2022-06-20 03:10:45
CONT2022003598,2022-06-17 03:41:34,2022-06-24 01:42:23
CONT2022003599,2022-06-20 01:12:12,2022-06-25 03:23:42
CONT2022003600,2022-06-13 06:52:33,2022-06-24 17:38:54
CONT2022003601,2022-06-11 11:12:42,
CONT2022003602,2022-06-16 05:28:43,2022-06-24 21:09:10
CONT2022003603,2022-06-15 11:03:56,2022-06-24 14:12:21
CONT2022003604,2022-06-14 00:07:46,2022-06-24 07:37:49
CONT2022003605,2022-06-18 11:12:09,2022-06-19 03:10:33
CONT2022003606,2022-06-16 02:15:23,
CONT2022003607,2022-06-14 10:08:22,
CONT2022003608,2022-06-11 17:27:39,2022-06-12 18:50:57
CONT2022003609,2022-06-21 22:01:12,2022-06-22 06:44:07
CONT2022003610,2022-06-20 04:29:36,2022-06-20 17:24:34
CONT2022003611,2022-06-19 07:01:42,2022-06-20 10:13:04
CONT2022003612,2022-06-16 17:09:33,2022-06-24 09:01:36
CONT2022003613,2022-06-11 13:52:12,2022-06-11 23:36:10
CONT2022003614,2022-06-15 20:40:22,
CONT2022003615,2022-06-11 18:49:02,2022-06-24 05:01:15
CONT2022003616,2022-06-19 17:56:56,2022-06-23 23:36:08
CONT2022003617,2022-06-20 05:57:37,2022-06-20 15:51:37
CONT2022003618,2022-06-17 11:08:40,
CONT2022003619,2022-06-16 16:30:51,2022-06-24 15:14:49
CONT2022003620,2022-06-13 17:33:40,2022-06-24 21:34:52
CONT2022003621,2022-06-17 16:33:08,2022-06-18 03:28:06
CONT2022003622,2022-06-12 05:27:26,2022-06-13 11:01:50
CONT2022003623,2022-06-21 17:50:22,2022-06-22 08:35:41
CONT2022003624,2022-06-14 05:10:11,2022-06-25 00:05:31
CONT2022003625,2022-06-12 02:07:47,2022-06-25 02:18:03
CONT2022003626,2022-06-17 05:31:36,2022-06-24 15:10:02
CONT2022003627,2022-06-21 11:19:26,2022-06-25 06:53:09
CONT2022003628,2022-06-11 17:53:32,2022-06-12 16:05:26
CONT2022003629,2022-06-14 17:33:02,
CONT2022003630,2022-06-16 05:06:53,2022-06-16 23:30:11
CONT2022003631,2022-06-20 13:24:30,2022-06-21 20:27:03
CONT2022003632,2022-06-20 09:21:48,2022-06-27 09:20:04
CONT2022003633,2022-06-14 12:11:57,2022-06-15 11:22:40
CONT2022003634,2022-06-20 11:11:01,
CONT2022003635,2022-06-12 20:50:29,2022-06-26 21:34:58
CONT2022003636,2022-06-13 04:10:05,2022-06-14 12:43:07
CONT2022003637,2022-06-20 03:57:30,2022-06-26 14:43:50
CONT2022003638,2022-06-13 03:10:23,
CONT2022003639,2022-06-18 14:12:56,2022-06-26 22:46:59
CONT2022003640,2022-06-14 21:31:52,2022-06-26 08:42:24
CONT2022003641,2022-06-22 04:45:18,2022-06-26 16:48:46
CONT2022003642,2022-06-24 00:40:57,2022-06-26 09:04:43
CONT2022003643,2022-06-19 19:41:17,2022-06-20 14:46:29
CONT2022003644,2022-06-14 20:40:17,2022-06-27 07:44:18
CONT2022003645,2022-06-23 14:54:06,2022-06-24 04:30:37
CONT2022003646,2022-06-22 05:42:18,
CONT2022003647,2022-06-21 23:00:11,
CONT2022003648,2022-06-22 09:43:29,2022-06-23 06:32:45
CONT2022003649,2022-06-16 14:43:01,
CONT2022003650,2022-06-22 08:11:29,2022-06-27 13:13:16
CONT2022003651,2022-06-12 21:21:30,2022-06-13 21:11:59
CONT2022003652,2022-06-20 15:34:56,2022-06-21 12:07:16
CONT2022003653,2022-06-13 07:00:30,2022-06-14 12:03:54
CONT2022003654,2022-06-17 23:38:04,2022-06-26 17:03:39
CONT2022003655,2022-06-21 19:49:09,2022-06-22 06:00:15
CONT2022003656,2022-06-16 08:13:11,2022-06-27 00:46:22
CONT2022003657,2022-06-20 04:21:22,2022-06-21 09:52:44
CONT2022003658,2022-06-23 08:02:00,2022-06-24 03:12:47
CONT2022003659,2022-06-14 12:04:27,2022-06-26 20:13:01
CONT2022003660,2022-06-16 23:07:10,2022-06-26 23:11:58
CONT2022003661,2022-06-16 03:47:10,2022-06-17 01:45:12
CONT2022003662,2022-06-16 08:41:42,
CONT2022003663,2022-06-16 13:57:38,2022-06-18 03:41:24
CONT2022003664,2022-06-16 04:39:45,
CONT2022003665,2022-06-15 18:07:25,2022-06-26 20:06:00
CONT2022003666,2022-06-13 05:31:20,2022-06-14 06:54:30
CONT2022003667,2022-06-23 16:57:53,2022-06-26 03:07:02
CONT2022003668,2022-06-20 05:07:21,2022-06-27 06:47:22
CONT2022003669,2022-06-13 03:17:21,2022-06-13 17:17:47
CONT2022003670,2022-06-15 17:01:33,2022-06-27 03:21:35
CONT2022003671,2022-06-23 09:23:54,2022-06-27 04:11:10
CONT2022003672,2022-06-15 10:08:48,2022-06-16 01:21:08
CONT2022003673,2022-06-20 17:05:23,
CONT2022003674,2022-06-17 17:16:05,2022-06-18 15:49:43
CONT2022003675,2022-06-20 08:16:14,2022-06-21 04:04:06
CONT2022003676,2022-06-13 23:40:23,2022-06-27 11:51:25
CONT2022003677,2022-06-14 11:42:15,2022-06-15 06:38:01
CONT2022003678,2022-06-18 20:43:10,2022-06-19 14:20:05
CONT2022003679,2022-06-18 04:02:45,2022-06-19 04:00:55
CONT2022003680,2022-06-23 18:38:10,
CONT2022003681,2022-06-20 09:23:17,2022-06-26 23:41:11
CONT2022003682,2022-06-23 19:24:08,2022-06-24 02:43:27
CONT2022003683,2022-06-17 07:12:22,2022-06-27 02:31:08
CONT2022003684,2022-06-19 07:47:16,
CONT2022003685,2022-06-15 14:38:06,
CONT2022003686,2022-06-15 00:12:18,2022-06-15 20:57:47
CONT2022003687,2022-06-21 02:08:28,
CONT2022003688,2022-06-14 21:09:32,2022-06-16 05:52:58
CONT2022003689,2022-06-21 06:27:24,2022-06-26 19:30:58
CONT2022003690,2022-06-22 01:15:34,2022-06-22 22:10:14
CONT2022003691,2022-06-20 22:51:45,2022-06-22 03:16:48
CONT2022003692,2022-06-16 01:28:22,2022-06-17 03:09:38
CONT2022003693,2022-06-23 21:36:58,2022-06-26 21:48:07
CONT2022003694,2022-06-16 18:34:04,2022-06-27 14:04:02
CONT2022003695,2022-06-22 10:37:43,
CONT2022003696,2022-06-22 04:26:21,2022-06-22 19:26:30
CONT2022003697,2022-06-22 14:24:25,2022-06-23 10:24:22
CONT2022003698,2022-06-20 01:03:36,
CONT2022003699,2022-06-14 23:48:49,
CONT2022003700,2022-06-21 00:31:11,2022-06-27 18:50:58
CONT2022003701,2022-06-14 08:48:27,
CONT2022003702,2022-06-22 16:09:05,2022-06-23 13:31:36
CONT2022003703,2022-06-24 19:49:54,
CONT2022003704,2022-06-19 15:44:57,
CONT2022003705,2022-06-23 18:57:36,2022-06-24 04:18:29
CONT2022003706,2022-06-23 01:04:49,2022-06-24 02:08:59
CONT2022003707,2022-06-16 18:30:00,2022-06-28 18:17:00
CONT2022003708,2022-06-20 22:42:43,2022-06-28 20:00:42
CONT2022003709,2022-06-17 12:44:28,2022-06-29 05:31:15
CONT2022003710,2022-06-23 13:12:11,2022-06-24 09:36:41
CONT2022003711,2022-06-23 11:38:29,
CONT2022003712,2022-06-17 14:45:44,2022-06-18 06:51:03
CONT2022003713,2022-06-25 02:53:24,2022-06-29 03:52:47
CONT2022003714,2022-06-17 21:09:41,2022-06-18 05:54:01
CONT2022003715,2022-06-15 02:43:00,2022-06-16 08:43:25
CONT2022003716,2022-06-25 21:13:03,2022-06-29 00:10:56
CONT2022003717,2022-06-23 20:00:36,2022-06-28 08:33:11
CONT2022003718,2022-06-16 02:45:52,2022-06-28 09:28:13
CONT2022003719,2022-06-18 00:42:26,2022-06-18 09:43:50
CONT2022003720,2022-06-22 01:30:10,2022-06-28 08:40:57
CONT2022003721,2022-06-23 17:44:09,2022-06-24 15:51:34
CONT2022003722,2022-06-23 08:24:05,2022-06-24 01:23:46
CONT2022003723,2022-06-25 01:28:33,2022-06-29 15:33:44
CONT2022003724,2022-06-21 01:19:03,2022-06-29 05:06:01
CONT2022003725,2022-06-21 21:14:45,
CONT2022003726,2022-06-26 11:36:58,2022-06-26 22:11:32
CONT2022003727,2022-06-25 01:13:16,2022-06-29 16:56:48
CONT2022003728,2022-06-15 23:49:13,
CONT2022003729,2022-06-19 07:35:29,2022-06-29 02:43:24
CONT2022003730,2022-06-15 21:20:14,
CONT2022003731,2022-06-26 19:46:05,2022-06-30 12:44:46
CONT2022003732,2022-06-17 10:21:13,2022-06-17 16:16:15
CONT2022003733,2022-06-22 19:23:35,2022-06-30 22:29:34
CONT2022003734,2022-06-24 10:05:39,2022-06-24 19:40:01
CONT2022003735,2022-06-19 06:01:19,
CONT2022003736,2022-06-22 06:50:34,2022-06-29 21:13:41
CONT2022003737,2022-06-20 20:37:53,
CONT2022003738,2022-06-27 02:03:00,2022-06-28 06:05:18
CONT2022003739,2022-06-22 21:04:16,2022-06-24 05:13:17
CONT2022003740,2022-06-25 23:14:09,2022-06-29 21:50:59
CONT2022003741,2022-06-24 10:42:13,2022-06-25 07:20:11
CONT2022003742,2022-06-20 22:28:19,2022-06-22 02:44:27
CONT2022003743,2022-06-21 16:12:14,2022-06-30 02:42:46
CONT2022003744,2022-06-24 07:05:01,2022-06-24 15:13:36
CONT2022003745,2022-06-26 12:02:40,
CONT2022003746,2022-06-20 13:34:29,2022-06-21 03:12:41
CONT2022003747,2022-06-26 06:06:49,
CONT2022003748,2022-06-23 10:35:33,2022-06-23 17:35:59
CONT2022003749,2022-06-22 22:17:21,
CONT2022003750,2022-06-18 19:28:08,2022-06-30 07:42:59
CONT2022003751,2022-06-16 19:13:10,2022-06-30 07:20:12
CONT2022003752,2022-06-24 03:30:01,
CONT2022003753,2022-06-17 04:38:58,2022-06-17 17:12:16
CONT2022003754,2022-06-17 08:07:40,
CONT2022003755,2022-06-16 17:24:15,2022-06-17 20:07:37
CONT2022003756,2022-06-16 15:27:56,2022-06-30 07:25:11
CONT2022003757,2022-06-23 03:32:06,2022-06-24 00:00:30
CONT2022003758,2022-06-18 22:26:05,2022-06-19 06:20:11
CONT2022003759,2022-06-23 11:05:01,2022-06-23 23:48:13
CONT2022003760,2022-06-21 04:14:54,2022-06-22 02:11:38
CONT2022003761,2022-06-24 22:52:26,2022-06-29 12:08:46
CONT2022003762,2022-06-30 23:57:54,2022-07-01 11:25:19
CONT2022003763,2022-06-20 19:59:21,2022-06-21 06:37:49
CONT2022003764,2022-06-27 02:55:14,2022-07-03 11:40:57
CONT2022003765,2022-07-01 07:34:47,2022-07-04 15:09:47
CONT2022003766,2022-06-26 16:48:29,2022-06-27 16:00:04
CONT2022003767,2022-06-22 14:05:52,2022-07-04 16:37:52
CONT2022003768,2022-06-28 09:09:53,2022-06-28 23:33:44
CONT2022003769,2022-06-22 19:59:57,2022-07-03 23:09:53
CONT2022003770,2022-06-26 05:02:55,2022-07-04 00:03:06
CONT2022003771,2022-06-30 19:48:21,
CONT2022003772,2022-07-01 03:07:09,2022-07-03 23:49:58
CONT2022003773,2022-06-27 19:43:05,2022-07-03 16:33:18
CONT2022003774,2022-06-21 19:53:12,2022-07-04 07:38:52
CONT2022003775,2022-06-29 08:58:34,
CONT2022003776,2022-06-23 18:48:00,2022-07-05 01:34:15
CONT2022003777,2022-06-29 15:02:22,
CONT2022003778,2022-06-27 06:12:23,
CONT2022003779,2022-06-23 17:44:48,
CONT2022003780,2022-06-28 09:39:05,2022-07-03 15:19:55
CONT2022003781,2022-06-30 05:44:17,2022-07-03 22:44:35
CONT2022003782,2022-06-22 11:58:53,2022-07-03 20:30:20
CONT2022003783,2022-06-25 09:46:47,2022-06-26 06:57:23
CONT2022003784,2022-06-24 13:55:36,2022-06-25 03:31:47
CONT2022003785,2022-07-01 11:40:56,2022-07-04 12:21:49
CONT2022003786,2022-07-01 03:21:24,2022-07-02 01:18:43
CONT2022003787,2022-06-25 03:32:28,2022-06-26 05:31:44
CONT2022003788,2022-06-22 22:39:07,2022-07-03 12:08:20
CONT2022003789,2022-06-23 20:30:04,2022-06-25 02:06:05
CONT2022003790,2022-06-22 10:37:34,2022-06-22 16:01:49
CONT2022003791,2022-07-01 00:17:50,2022-07-03 18:27:47
CONT2022003792,2022-06-26 09:41:01,2022-07-04 13:47:00
CONT2022003793,2022-06-30 12:35:26,2022-07-04 06:49:01
CONT2022003794,2022-06-29 10:59:57,2022-07-04 12:18:14
CONT2022003795,2022-06-22 23:00:47,2022-06-23 06:01:53
CONT2022003796,2022-06-29 00:46:59,
CONT2022003797,2022-06-29 13:42:32,2022-07-04 14:17:29
CONT2022003798,2022-06-29 20:07:22,2022-07-04 19:32:08
CONT2022003799,2022-06-25 19:30:21,
CONT2022003800,2022-06-27 18:49:34,2022-07-04 09:56:43
CONT2022003801,2022-06-30 22:59:40,2022-07-02 13:18:03
CONT2022003802,2022-06-26 08:35:10,2022-07-04 18:06:09
CONT2022003803,2022-06-25 18:10:49,2022-06-27 03:07:27
CONT2022003804,2022-06-29 15:46:10,2022-06-30 04:31:46
CONT2022003805,2022-06-30 23:40:47,2022-07-02 17:05:46
CONT2022003806,2022-06-28 15:15:42,2022-06-29 02:00:18
CONT2022003807,2022-06-30 21:11:33,2022-07-04 03:55:04
CONT2022003808,2022-06-30 06:49:20,2022-07-04 11:24:09
CONT2022003809,2022-06-29 05:08:40,2022-06-29 20:23:34
CONT2022003810,2022-07-01 01:38:37,2022-07-02 01:58:06
CONT2022003811,2022-06-22 07:23:35,2022-06-23 01:20:38
CONT2022003812,2022-06-24 16:19:42,2022-07-03 21:11:30
CONT2022003813,2022-06-27 18:45:27,2022-06-28 10:59:51
CONT2022003814,2022-07-01 12:00:40,2022-07-02 18:02:49
CONT2022003815,2022-06-23 12:35:26,2022-06-24 23:54:45
CONT2022003816,2022-06-28 22:04:07,2022-06-29 23:33:47
CONT2022003817,2022-06-23 16:07:26,2022-07-04 17:17:14
CONT2022003818,2022-06-21 16:38:40,2022-06-22 19:18:04
CONT2022003819,2022-06-30 03:42:45,2022-07-01 12:57:35
CONT2022003820,2022-06-22 22:02:43,2022-07-04 04:37:05
CONT2022003821,2022-06-23 01:36:09,2022-07-05 06:37:37
CONT2022003822,2022-07-02 10:28:21,2022-07-03 06:25:35
CONT2022003823,2022-06-30 20:11:54,2022-07-05 21:27:29
CONT2022003824,2022-06-23 19:05:08,2022-07-06 03:32:05
CONT2022003825,2022-06-26 11:15:58,2022-07-06 00:18:51
CONT2022003826,2022-06-24 07:19:42,
CONT2022003827,2022-06-30 10:51:17,2022-07-05 23:59:26
CONT2022003828,2022-06-22 15:57:49,2022-07-06 20:47:52
CONT2022003829,2022-07-01 14:39:40,
CONT2022003830,2022-06-28 11:08:29,2022-06-29 19:23:20
CONT2022003831,2022-06-30 09:00:08,2022-07-06 01:20:00
CONT2022003832,2022-06-29 03:29:37,2022-06-30 00:08:20
CONT2022003833,2022-06-23 17:17:29,2022-06-24 04:39:56
CONT2022003834,2022-06-24 06:14:32,2022-06-25 01:36:30
CONT2022003835,2022-06-26 14:50:25,2022-06-26 18:50:25
CONT2022003836,2022-07-02 18:27:36,
CONT2022003837,2022-06-24 22:03:47,2022-06-25 12:09:45
CONT2022003838,2022-06-22 22:02:49,2022-06-23 08:30:38
CONT2022003839,2022-06-24 21:53:41,2022-07-06 10:28:45
CONT2022003840,2022-07-03 05:19:43,2022-07-05 21:11:48
CONT2022003841,2022-06-26 21:32:13,2022-07-06 17:59:23
CONT2022003842,2022-06-23 14:38:41,2022-07-06 05:14:45
CONT2022003843,2022-07-02 07:43:55,2022-07-07 18:57:15
CONT2022003844,2022-06-24 08:36:18,2022-06-24 17:22:45
CONT2022003845,2022-06-26 02:51:29,2022-06-27 11:20:44
CONT2022003846,2022-06-24 10:06:21,2022-06-24 14:06:21
CONT2022003847,2022-06-25 07:29:03,2022-06-26 12:06:49
CONT2022003848,2022-06-23 18:29:03,2022-06-24 03:46:48
CONT2022003849,2022-06-28 23:03:09,2022-07-07 20:06:14
CONT2022003850,2022-07-03 06:49:05,2022-07-07 13:37:40
CONT2022003851,2022-06-27 16:17:41,2022-07-07 08:33:38
CONT2022003852,2022-06-29 09:39:04,2022-07-10 16:40:15
CONT2022003853,2022-07-07 14:20:31,2022-07-09 02:55:12
CONT2022003854,2022-07-07 03:24:10,2022-07-08 12:23:55
CONT2022003855,2022-07-01 17:26:49,2022-07-02 10:03:20
CONT2022003856,2022-06-30 21:07:45,2022-07-01 08:17:22
CONT2022003857,2022-07-04 02:32:54,2022-07-04 18:21:30
CONT2022003858,2022-07-07 01:19:33,2022-07-09 21:17:25
CONT2022003859,2022-07-06 22:04:09,
CONT2022003860,2022-07-06 07:42:05,
CONT2022003861,2022-07-05 10:24:05,
CONT2022003862,2022-06-30 04:41:55,2022-07-10 14:10:25
CONT2022003863,2022-07-02 04:09:28,2022-07-03 00:04:03
CONT2022003864,2022-06-29 19:24:19,2022-06-30 17:10:02
CONT2022003865,2022-07-05 03:55:52,2022-07-05 15:53:05
CONT2022003866,2022-07-05 04:58:38,2022-07-05 15:35:56
CONT2022003867,2022-07-05 20:22:09,2022-07-06 06:18:57
CONT2022003868,2022-07-06 01:03:12,2022-07-10 13:19:28
CONT2022003869,2022-07-01 06:34:59,2022-07-10 01:25:47
CONT2022003870,2022-06-28 16:32:07,2022-07-10 03:15:44
CONT2022003871,2022-06-30 16:44:41,2022-07-01 08:35:38
CONT2022003872,2022-07-04 08:11:20,2022-07-04 17:13:58
CONT2022003873,2022-07-04 23:39:10,2022-07-05 13:20:57
CONT2022003874,2022-07-03 15:22:08,2022-07-10 08:57:23
CONT2022003875,2022-06-29 11:30:02,2022-06-30 11:04:08
CONT2022003876,2022-07-04 12:22:17,2022-07-05 04:31:05
CONT2022003877,2022-07-05 20:27:57,2022-07-06 22:59:38
CONT2022003878,2022-07-01 17:53:24,2022-07-02 07:51:00
CONT2022003879,2022-07-02 02:44:19,2022-07-09 12:41:29
CONT2022003880,2022-07-01 18:49:40,
CONT2022003881,2022-07-06 03:24:03,2022-07-07 05:19:00
CONT2022003882,2022-07-07 11:37:07,2022-07-07 15:37:07
CONT2022003883,2022-07-04 18:35:12,2022-07-06 00:03:24
CONT2022003884,2022-07-06 03:46:17,2022-07-06 21:13:05
CONT2022003885,2022-07-04 00:42:29,2022-07-10 06:23:54
CONT2022003886,2022-07-06 00:40:36,2022-07-07 06:41:15
CONT2022003887,2022-07-05 05:17:50,2022-07-06 00:32:22
CONT2022003888,2022-07-05 13:13:44,
CONT2022003889,2022-07-06 10:49:29,2022-07-06 23:34:03
CONT2022003890,2022-07-05 13:41:03,2022-07-10 17:24:43
CONT2022003891,2022-07-01 09:00:20,2022-07-01 15:12:05
CONT2022003892,2022-06-30 08:27:25,2022-07-01 07:39:07
CONT2022003893,2022-07-03 19:56:38,2022-07-04 07:08:07
CONT2022003894,2022-06-29 11:45:04,2022-06-30 01:36:10
CONT2022003895,2022-07-01 18:59:08,2022-07-10 09:01:41
CONT2022003896,2022-06-30 13:03:50,2022-07-10 23:54:00
CONT2022003897,2022-06-29 03:59:02,2022-07-11 04:07:22
CONT2022003898,2022-07-06 10:17:08,2022-07-10 14:40:21
CONT2022003899,2022-06-30 12:58:26,2022-07-01 10:33:21
CONT2022003900,2022-07-05 15:17:32,2022-07-11 03:27:38
CONT2022003901,2022-06-29 16:46:16,
CONT2022003902,2022-07-05 09:42:58,2022-07-10 03:16:48
CONT2022003903,2022-07-06 00:40:00,2022-07-06 23:39:17
CONT2022003904,2022-06-27 13:22:55,
CONT2022003905,2022-07-06 09:53:41,2022-07-10 22:03:57
CONT2022003906,2022-07-06 05:34:05,2022-07-07 10:17:20
CONT2022003907,2022-07-06 01:03:17,
CONT2022003908,2022-06-30 23:21:18,2022-07-10 17:24:49
CONT2022003909,2022-06-27 20:36:54,2022-07-11 05:49:14
CONT2022003910,2022-06-29 03:50:48,2022-07-11 00:46:14
CONT2022003911,2022-07-05 18:39:08,2022-07-11 11:12:00
CONT2022003912,2022-07-07 14:03:23,2022-07-08 17:31:01
CONT2022003913,2022-06-28 21:35:02,2022-07-11 01:07:57
CONT2022003914,2022-07-05 19:33:08,2022-07-06 18:52:00
CONT2022003915,2022-06-28 12:37:27,2022-06-29 06:52:51
CONT2022003916,2022-07-06 11:28:57,2022-07-07 11:36:40
CONT2022003917,2022-06-29 10:52:47,2022-07-10 07:36:48
CONT2022003918,2022-07-07 14:23:03,
CONT2022003919,2022-07-04 01:57:51,2022-07-10 20:01:39
CONT2022003920,2022-07-04 09:31:59,2022-07-04 18:46:21
CONT2022003921,2022-07-07 16:40:16,2022-07-10 14:42:57
CONT2022003922,2022-06-28 21:29:04,2022-07-11 02:49:49
CONT2022003923,2022-06-30 11:09:51,2022-07-10 08:05:10
CONT2022003924,2022-06-30 05:30:22,2022-07-01 00:46:32
CONT2022003925,2022-07-01 08:58:09,2022-07-11 07:02:33
CONT2022003926,2022-07-06 03:06:36,2022-07-10 19:59:10
CONT2022003927,2022-07-07 06:18:05,2022-07-07 16:39:30
CONT2022003928,2022-07-02 04:03:33,2022-07-10 16:07:47
CONT2022003929,2022-07-02 21:50:09,2022-07-10 08:56:23
CONT2022003930,2022-06-27 22:59:34,2022-07-11 06:03:08
CONT2022003931,2022-06-28 20:44:16,2022-06-29 12:41:37
CONT2022003932,2022-07-08 01:06:41,2022-07-10 19:18:45
CONT2022003933,2022-07-05 15:31:43,2022-07-11 09:17:09
CONT2022003934,2022-07-01 14:07:36,2022-07-02 23:45:41
CONT2022003935,2022-07-07 08:55:50,2022-07-08 08:01:51
CONT2022003936,2022-07-07 14:44:41,2022-07-12 19:41:40
CONT2022003937,2022-07-01 09:20:28,2022-07-01 23:17:09
CONT2022003938,2022-07-06 23:53:54,2022-07-12 17:12:36
CONT2022003939,2022-06-30 14:37:05,2022-07-12 17:08:36
CONT2022003940,2022-07-08 04:48:02,
CONT2022003941,2022-07-02 19:57:15,2022-07-12 19:16:07
CONT2022003942,2022-07-07 06:21:00,
CONT2022003943,2022-07-06 14:54:56,2022-07-12 02:05:11
CONT2022003944,2022-06-29 09:52:54,
CONT2022003945,2022-07-01 08:13:11,2022-07-12 19:09:22
CONT2022003946,2022-07-04 13:35:18,2022-07-05 03:20:22
CONT2022003947,2022-07-05 10:33:24,2022-07-06 03:13:44
CONT2022003948,2022-07-09 05:10:39,2022-07-12 04:04:38
CONT2022003949,2022-07-05 08:33:46,2022-07-12 10:26:27
CONT2022003950,2022-06-29 21:40:16,2022-06-30 17:41:25
CONT2022003951,2022-07-01 02:02:27,2022-07-12 15:27:41
CONT2022003952,2022-07-02 09:27:49,
CONT2022003953,2022-07-04 15:32:48,2022-07-04 23:56:21
CONT2022003954,2022-07-08 11:35:19,2022-07-12 04:22:31
CONT2022003955,2022-07-04 10:20:18,2022-07-04 19:22:39
CONT2022003956,2022-07-04 10:36:04,
CONT2022003957,2022-07-04 07:28:22,2022-07-13 11:32:38
CONT2022003958,2022-07-01 12:31:34,2022-07-02 18:51:21
CONT2022003959,2022-07-05 10:47:12,
CONT2022003960,2022-07-07 19:30:22,2022-07-12 18:19:15
CONT2022003961,2022-07-08 13:17:35,2022-07-13 10:13:33
CONT2022003962,2022-07-03 09:18:25,2022-07-04 21:01:48
CONT2022003963,2022-06-29 18:30:51,2022-06-30 19:49:08
CONT2022003964,2022-07-06 23:11:09,
CONT2022003965,2022-07-06 14:31:22,2022-07-07 23:06:03
CONT2022003966,2022-07-04 09:24:09,2022-07-12 10:10:07
CONT2022003967,2022-07-04 09:52:51,2022-07-05 06:32:37
CONT2022003968,2022-07-03 12:15:57,
CONT2022003969,2022-06-30 05:57:16,2022-07-01 11:52:36
CONT2022003970,2022-07-01 05:04:33,2022-07-12 14:05:13
CONT2022003971,2022-07-07 09:18:02,2022-07-12 18:52:46
CONT2022003972,2022-06-29 11:50:00,2022-07-12 17:59:24
CONT2022003973,2022-06-30 12:14:18,2022-07-01 01:48:05
CONT2022003974,2022-07-04 09:58:33,2022-07-12 10:16:16
CONT2022003975,2022-07-01 00:05:31,2022-07-02 05:07:37
CONT2022003976,2022-07-03 20:52:12,
CONT2022003977,2022-07-10 08:57:13,
CONT2022003978,2022-06-30 02:38:46,2022-07-01 15:18:32
CONT2022003979,2022-07-08 17:55:50,
CONT2022003980,2022-07-08 14:20:50,2022-07-13 12:46:22
CONT2022003981,2022-07-09 10:42:09,2022-07-10 14:25:08
CONT2022003982,2022-07-06 13:31:48,2022-07-07 12:22:22
CONT2022003983,2022-07-08 17:41:59,2022-07-09 03:53:26
CONT2022003984,2022-07-01 14:32:05,2022-07-13 10:47:52
CONT2022003985,2022-07-03 00:08:54,2022-07-13 05:00:47
CONT2022003986,2022-07-06 06:15:54,2022-07-13 14:16:13
CONT2022003987,2022-07-02 18:01:45,2022-07-12 16:59:17
CONT2022003988,2022-07-09 17:03:41,2022-07-10 07:48:52
CONT2022003989,2022-07-07 02:11:55,2022-07-13 14:07:31
CONT2022003990,2022-07-08 05:38:40,2022-07-12 19:11:45
CONT2022003991,2022-07-02 03:00:45,2022-07-12 13:52:13
CONT2022003992,2022-07-09 01:47:16,2022-07-09 21:19:11
CONT2022003993,2022-06-30 00:33:07,2022-06-30 15:00:22
CONT2022003994,2022-07-09 16:01:57,2022-07-12 23:29:41
CONT2022003995,2022-07-02 01:36:20,2022-07-12 10:12:03
CONT2022003996,2022-07-06 14:26:36,2022-07-07 11:20:23
CONT2022003997,2022-07-07 06:15:38,2022-07-07 18:46:53
CONT2022003998,2022-06-29 18:21:02,2022-07-11 19:30:14
CONT2022003999,2022-07-04 10:49:39,2022-07-05 10:47:37
CONT2022004000,2022-07-04 13:10:26,2022-07-05 13:37:08
CONT2022004001,2022-07-02 01:58:56,2022-07-02 15:17:41
CONT2022004002,2022-07-03 04:11:08,2022-07-14 08:29:05
CONT2022004003,2022-07-08 02:27:06,2022-07-13 18:02:51
CONT2022004004,2022-07-09 01:51:54,2022-07-14 03:26:43
CONT2022004005,2022-07-08 21:18:51,2022-07-14 13:31:58
CONT2022004006,2022-07-04 00:50:00,2022-07-04 10:18:44
CONT2022004007,2022-07-13 01:00:31,2022-07-16 05:12:52
CONT2022004008,2022-07-04 05:07:07,2022-07-04 16:47:54
CONT2022004009,2022-07-11 21:15:56,2022-07-15 17:21:34
CONT2022004010,2022-07-04 12:47:06,2022-07-16 02:06:19
CONT2022004011,2022-07-05 12:33:13,2022-07-06 03:27:51
CONT2022004012,2022-07-02 17:40:01,2022-07-03 04:55:50
CONT2022004013,2022-07-03 20:54:05,2022-07-05 03:11:58
CONT2022004014,2022-07-08 20:09:34,2022-07-16 16:51:06
CONT2022004015,2022-07-03 02:10:31,2022-07-03 21:06:54
CONT2022004016,2022-07-10 03:42:54,2022-07-15 16:52:07
CONT2022004017,2022-07-04 03:30:30,2022-07-15 22:21:37
CONT2022004018,2022-07-06 08:03:58,
CONT2022004019,2022-07-03 10:30:01,
CONT2022004020,2022-07-06 14:46:53,2022-07-16 20:49:18
CONT2022004021,2022-07-03 07:29:06,2022-07-04 03:44:51
CONT2022004022,2022-07-12 16:16:27,2022-07-16 22:29:48
CONT2022004023,2022-07-08 09:30:25,2022-07-17 13:57:15
CONT2022004024,2022-07-05 01:17:50,
CONT2022004025,2022-07-03 09:12:45,
CONT2022004026,2022-07-12 17:34:02,
CONT2022004027,2022-07-12 19:35:41,2022-07-14 09:25:07
CONT2022004028,2022-07-03 00:00:45,2022-07-04 04:21:55
CONT2022004029,2022-07-03 22:12:56,2022-07-16 08:13:32
CONT2022004030,2022-07-07 22:52:38,2022-07-08 23:09:13
CONT2022004031,2022-07-05 04:50:26,2022-07-05 17:52:08
CONT2022004032,2022-07-13 12:22:32,
CONT2022004033,2022-07-10 01:15:46,2022-07-16 17:26:45
CONT2022004034,2022-07-04 13:29:40,
CONT2022004035,2022-07-11 10:44:26,2022-07-12 11:38:03
CONT2022004036,2022-07-12 08:12:49,2022-07-16 06:50:01
CONT2022004037,2022-07-10 20:23:29,2022-07-16 12:55:24
CONT2022004038,2022-07-12 10:56:05,2022-07-15 19:19:50
CONT2022004039,2022-07-05 13:57:06,
CONT2022004040,2022-07-12 18:46:20,2022-07-16 01:17:11
CONT2022004041,2022-07-10 00:22:52,2022-07-11 02:33:00
CONT2022004042,2022-07-12 08:34:22,2022-07-16 09:53:17
CONT2022004043,2022-07-11 07:46:36,2022-07-16 09:27:12
CONT2022004044,2022-07-06 09:10:08,2022-07-16 20:50:08
CONT2022004045,2022-07-13 15:53:44,2022-07-16 08:43:42
CONT2022004046,2022-07-12 19:18:51,
CONT2022004047,2022-07-11 18:15:16,
CONT2022004048,2022-07-13 09:10:42,
CONT2022004049,2022-07-05 02:03:35,2022-07-05 14:50:45
CONT2022004050,2022-07-04 07:44:53,
CONT2022004051,2022-07-07 16:32:14,2022-07-16 10:07:33
CONT2022004052,2022-07-04 04:12:46,2022-07-15 23:47:50
CONT2022004053,2022-07-06 01:15:42,2022-07-17 16:10:06
CONT2022004054,2022-07-12 03:32:53,
CONT2022004055,2022-07-05 06:47:37,2022-07-05 15:06:25
CONT2022004056,2022-07-09 17:18:24,2022-07-10 07:13:23
CONT2022004057,2022-07-11 22:33:13,2022-07-12 21:38:17
CONT2022004058,2022-07-13 10:11:04,
CONT2022004059,2022-07-08 18:59:45,2022-07-16 17:15:22
CONT2022004060,2022-07-04 05:46:01,2022-07-05 00:35:16
CONT2022004061,2022-07-03 05:21:49,2022-07-04 11:57:51
CONT2022004062,2022-07-04 17:04:11,2022-07-06 01:12:50
CONT2022004063,2022-07-11 05:13:47,
CONT2022004064,2022-07-07 19:20:17,2022-07-07 23:20:28
CONT2022004065,2022-07-07 15:37:39,2022-07-16 20:26:17
CONT2022004066,2022-07-14 06:32:17,2022-07-14 17:28:02
CONT2022004067,2022-07-12 07:55:05,2022-07-16 21:36:26
CONT2022004068,2022-07-13 07:35:37,
CONT2022004069,2022-07-07 14:32:32,2022-07-17 02:24:52
CONT2022004070,2022-07-06 15:37:41,2022-07-08 01:26:09
CONT2022004071,2022-07-14 07:20:21,2022-07-17 23:49:19
CONT2022004072,2022-07-09 10:38:10,
CONT2022004073,2022-07-07 07:58:07,2022-07-18 13:20:10
CONT2022004074,2022-07-14 01:03:29,2022-07-15 02:40:35
CONT2022004075,2022-07-11 06:32:55,2022-07-17 11:34:23
CONT2022004076,2022-07-06 04:38:49,2022-07-06 15:59:53
CONT2022004077,2022-07-08 00:53:50,2022-07-08 14:45:52
CONT2022004078,2022-07-10 14:45:27,2022-07-18 04:12:10
CONT2022004079,2022-07-14 02:34:15,2022-07-14 13:01:38
CONT2022004080,2022-07-10 15:37:33,2022-07-18 14:17:41
CONT2022004081,2022-07-12 10:08:34,2022-07-19 06:07:38
CONT2022004082,2022-07-11 03:21:42,2022-07-11 20:16:47
CONT2022004083,2022-07-07 21:34:51,2022-07-08 21:11:24
CONT2022004084,2022-07-07 12:38:19,
CONT2022004085,2022-07-08 20:29:06,2022-07-10 07:29:39
CONT2022004086,2022-07-11 12:46:05,2022-07-12 15:25:56
CONT2022004087,2022-07-15 07:55:31,
CONT2022004088,2022-07-05 06:24:00,2022-07-06 01:07:49
CONT2022004089,2022-07-16 02:58:50,2022-07-17 12:54:15
CONT2022004090,2022-07-08 20:11:24,2022-07-17 23:39:54
CONT2022004091,2022-07-13 21:10:07,2022-07-14 22:27:34
CONT2022004092,2022-07-16 09:29:11,2022-07-17 07:47:30
CONT2022004093,2022-07-08 23:19:52,2022-07-09 18:25:01
CONT2022004094,2022-07-11 04:38:45,
CONT2022004095,2022-07-16 06:27:13,2022-07-16 22:10:25
CONT2022004096,2022-07-08 22:56:16,2022-07-09 18:10:28
CONT2022004097,2022-07-07 23:52:05,2022-07-20 15:09:11
CONT2022004098,2022-07-09 17:10:05,2022-07-10 20:44:05
CONT2022004099,2022-07-14 01:51:36,2022-07-20 11:35:02
CONT2022004100,2022-07-10 09:28:08,2022-07-20 10:17:59
CONT2022004101,2022-07-12 05:04:02,
CONT2022004102,2022-07-09 09:00:12,2022-07-19 21:56:38
CONT2022004103,2022-07-11 03:24:24,
CONT2022004104,2022-07-11 06:01:26,2022-07-20 14:34:56
CONT2022004105,2022-07-12 01:29:48,
CONT2022004106,2022-07-16 22:06:55,2022-07-18 07:28:41
CONT2022004107,2022-07-10 14:55:00,2022-07-11 11:51:35
CONT2022004108,2022-07-07 14:55:21,2022-07-08 23:38:32
CONT2022004109,2022-07-09 21:30:22,2022-07-20 14:02:35
CONT2022004110,2022-07-07 02:05:19,2022-07-20 08:18:18
CONT2022004111,2022-07-07 19:28:15,2022-07-08 20:47:28
CONT2022004112,2022-07-10 09:57:28,
CONT2022004113,2022-07-09 06:33:05,2022-07-23 06:54:47
CONT2022004114,2022-07-10 07:37:23,2022-07-11 10:06:58
CONT2022004115,2022-07-09 21:49:56,2022-07-22 00:30:56
CONT2022004116,2022-07-09 23:56:46,2022-07-23 20:11:59
CONT2022004117,2022-07-11 20:47:01,
CONT2022004118,2022-07-18 01:18:56,2022-07-22 16:47:19
CONT2022004119,2022-07-12 19:53:37,2022-07-23 00:38:50
CONT2022004120,2022-07-17 22:45:53,2022-07-18 15:50:08
CONT2022004121,2022-07-11 12:33:47,2022-07-12 18:28:43
CONT2022004122,2022-07-18 07:36:24,2022-07-23 02:56:28
CONT2022004123,2022-07-16 05:02:02,2022-07-16 19:28:49
CONT2022004124,2022-07-10 01:53:19,
CONT2022004125,2022-07-11 10:16:16,2022-07-12 01:15:57
CONT2022004126,2022-07-19 06:36:47,
CONT2022004127,2022-07-10 20:52:41,2022-07-11 21:08:56
CONT2022004128,2022-07-16 23:56:37,2022-07-23 00:48:58
CONT2022004129,2022-07-13 01:19:33,2022-07-23 19:17:14
CONT2022004130,2022-07-11 05:53:29,2022-07-24 01:06:51
CONT2022004131,2022-07-11 18:48:02,2022-07-23 16:13:02
CONT2022004132,2022-07-19 13:16:30,2022-07-23 00:30:29
CONT2022004133,2022-07-12 13:50:02,2022-07-23 19:41:15
CONT2022004134,2022-07-10 12:32:04,
CONT2022004135,2022-07-19 14:02:32,2022-07-23 05:28:06
CONT2022004136,2022-07-16 06:26:12,
CONT2022004137,2022-07-13 20:45:19,2022-07-23 22:00:37
CONT2022004138,2022-07-13 03:12:25,2022-07-13 14:49:26
CONT2022004139,2022-07-12 22:12:53,
CONT2022004140,2022-07-12 23:12:15,2022-07-13 19:35:43
CONT2022004141,2022-07-11 03:03:33,2022-07-11 16:01:01
CONT2022004142,2022-07-17 03:37:54,2022-07-17 17:21:43
CONT2022004143,2022-07-14 18:49:09,2022-07-15 20:26:56
CONT2022004144,2022-07-18 01:02:28,2022-07-23 21:15:14
CONT2022004145,2022-07-18 18:07:19,2022-07-23 22:15:24
CONT2022004146,2022-07-13 17:03:50,2022-07-23 23:37:07
CONT2022004147,2022-07-14 03:13:33,2022-07-24 00:43:19
CONT2022004148,2022-07-17 20:40:42,2022-07-23 10:08:55
CONT2022004149,2022-07-12 00:58:55,
CONT2022004150,2022-07-13 15:06:53,2022-07-14 18:10:54
CONT2022004151,2022-07-16 14:35:26,2022-07-17 12:42:17
CONT2022004152,2022-07-14 16:54:53,
CONT2022004153,2022-07-11 23:24:07,2022-07-23 12:12:27
CONT2022004154,2022-07-11 17:45:47,2022-07-23 06:26:10
CONT2022004155,2022-07-11 10:45:41,2022-07-12 13:37:16
CONT2022004156,2022-07-16 14:11:58,
CONT2022004157,2022-07-16 23:13:14,
CONT2022004158,2022-07-12 22:49:30,
CONT2022004159,2022-07-15 07:48:57,2022-07-16 07:44:21
CONT2022004160,2022-07-15 06:53:01,2022-07-24 00:17:45
CONT2022004161,2022-07-12 06:49:03,2022-07-12 19:54:38
CONT2022004162,2022-07-16 02:56:39,2022-07-23 14:16:16
CONT2022004163,2022-07-18 11:26:32,2022-07-24 05:41:09
CONT2022004164,2022-07-16 16:36:35,2022-07-16 23:34:12
CONT2022004165,2022-07-12 23:23:09,2022-07-24 22:50:17
CONT2022004166,2022-07-21 03:39:00,
CONT2022004167,2022-07-19 08:35:42,2022-07-20 06:52:13
CONT2022004168,2022-07-17 13:03:38,2022-07-23 11:48:15
CONT2022004169,2022-07-10 21:37:21,2022-07-23 19:51:36
CONT2022004170,2022-07-15 02:43:27,2022-07-23 23:32:16
CONT2022004171,2022-07-14 20:40:30,2022-07-16 00:09:24
CONT2022004172,2022-07-20 17:37:46,2022-07-24 04:58:27
CONT2022004173,2022-07-14 17:08:27,2022-07-24 19:54:57
CONT2022004174,2022-07-18 22:05:16,2022-07-23 23:08:20
CONT2022004175,2022-07-16 16:21:48,
CONT2022004176,2022-07-19 16:02:14,2022-07-20 16:53:21
CONT2022004177,2022-07-17 18:42:30,2022-07-18 13:02:53
CONT2022004178,2022-07-19 20:24:56,2022-07-21 02:21:52
CONT2022004179,2022-07-19 17:49:58,
CONT2022004180,2022-07-12 04:31:15,2022-07-12 19:35:37
CONT2022004181,2022-07-12 16:52:12,2022-07-23 01:46:53
CONT2022004182,2022-07-14 08:36:41,2022-07-24 15:48:07
CONT2022004183,2022-07-17 02:43:27,2022-07-17 21:48:54
CONT2022004184,2022-07-20 09:21:25,2022-07-24 03:06:06
CONT2022004185,2022-07-14 22:32:05,2022-07-24 04:14:35
CONT2022004186,2022-07-11 14:47:20,2022-07-24 16:11:39
CONT2022004187,2022-07-12 00:41:20,2022-07-24 00:47:23
CONT2022004188,2022-07-16 21:45:12,2022-07-24 11:26:30
CONT2022004189,2022-07-20 02:47:06,2022-07-21 04:37:37
CONT2022004190,2022-07-16 13:24:58,
CONT2022004191,2022-07-12 10:16:14,
CONT2022004192,2022-07-14 04:29:31,2022-07-24 01:35:56
CONT2022004193,2022-07-21 02:07:26,
CONT2022004194,2022-07-15 15:39:24,2022-07-16 09:27:54
CONT2022004195,2022-07-13 02:13:35,2022-07-25 00:26:07
CONT2022004196,2022-07-15 21:37:32,
CONT2022004197,2022-07-15 21:06:00,2022-07-23 21:46:48
CONT2022004198,2022-07-22 00:51:43,
CONT2022004199,2022-07-12 07:55:33,2022-07-24 04:08:12
CONT2022004200,2022-07-12 11:50:16,
CONT2022004201,2022-07-15 08:27:50,2022-07-16 00:12:27
CONT2022004202,2022-07-13 14:37:31,2022-07-14 03:28:10
CONT2022004203,2022-07-15 22:44:45,2022-07-16 08:19:12
CONT2022004204,2022-07-17 03:42:12,2022-07-18 03:36:16
CONT2022004205,2022-07-14 16:31:25,2022-07-15 17:43:38
CONT2022004206,2022-07-14 08:23:14,2022-07-14 19:42:28
CONT2022004207,2022-07-17 19:17:55,2022-07-24 22:15:03
CONT2022004208,2022-07-19 20:01:18,2022-07-21 00:27:10
CONT2022004209,2022-07-15 02:43:15,2022-07-16 01:52:04
CONT2022004210,2022-07-16 18:12:20,2022-07-18 02:06:09
CONT2022004211,2022-07-16 21:19:04,2022-07-17 19:51:16
CONT2022004212,2022-07-23 09:03:58,2022-07-24 15:17:06
CONT2022004213,2022-07-20 22:44:06,
CONT2022004214,2022-07-20 19:06:02,2022-07-21 09:57:15
CONT2022004215,2022-07-12 19:44:25,2022-07-25 11:00:24
CONT2022004216,2022-07-18 06:46:58,2022-07-18 19:27:19
CONT2022004217,2022-07-21 03:24:46,2022-07-21 23:36:23
CONT2022004218,2022-07-17 23:39:00,2022-07-18 05:28:40
CONT2022004219,2022-07-14 19:58:10,2022-07-14 23:58:10
CONT2022004220,2022-07-15 13:04:20,
CONT2022004221,2022-07-16 13:11:39,2022-07-26 08:44:15
CONT2022004222,2022-07-20 17:52:27,2022-07-26 00:03:07
CONT2022004223,2022-07-14 02:11:08,2022-07-14 06:11:08
CONT2022004224,2022-07-23 08:31:19,2022-07-25 22:35:15
CONT2022004225,2022-07-16 22:12:51,2022-07-25 20:54:14
CONT2022004226,2022-07-16 17:27:48,2022-07-26 23:13:30
CONT2022004227,2022-07-21 15:46:47,2022-07-22 03:59:51
CONT2022004228,2022-07-15 17:49:32,2022-07-17 02:49:48
CONT2022004229,2022-07-13 19:36:31,2022-07-14 14:43:38
CONT2022004230,2022-07-15 11:07:08,2022-07-25 11:25:49
CONT2022004231,2022-07-20 17:41:40,2022-07-25 21:48:17
CONT2022004232,2022-07-20 21:53:16,
CONT2022004233,2022-07-19 10:54:02,2022-07-25 11:33:28
CONT2022004234,2022-07-19 12:51:52,
CONT2022004235,2022-07-18 13:28:50,2022-07-25 20:59:40
CONT2022004236,2022-07-15 15:54:59,2022-07-16 03:17:03
CONT2022004237,2022-07-22 08:42:26,
CONT2022004238,2022-07-16 00:03:15,2022-07-16 19:06:32
CONT2022004239,2022-07-15 23:14:38,2022-07-25 06:12:28
CONT2022004240,2022-07-21 01:35:35,2022-07-22 02:30:44
CONT2022004241,2022-07-14 11:49:14,2022-07-27 01:50:09
CONT2022004242,2022-07-15 19:20:50,2022-07-16 20:54:46
CONT2022004243,2022-07-22 18:57:02,2022-07-23 10:01:57
CONT2022004244,2022-07-16 17:39:18,2022-07-17 17:36:49
CONT2022004245,2022-07-18 07:04:53,2022-07-19 02:25:54
CONT2022004246,2022-07-22 19:38:02,2022-07-28 22:08:22
CONT2022004247,2022-07-22 12:25:23,2022-07-28 21:25:39
CONT2022004248,2022-07-23 17:23:15,2022-07-29 01:39:53
CONT2022004249,2022-07-22 10:27:29,
CONT2022004250,2022-07-16 00:06:05,2022-07-29 09:49:23
CONT2022004251,2022-07-19 08:22:13,2022-07-28 17:00:33
CONT2022004252,2022-07-24 03:12:40,2022-07-24 16:15:45
CONT2022004253,2022-07-21 20:29:22,2022-07-22 08:45:21
CONT2022004254,2022-07-21 15:12:28,2022-07-29 11:26:51
CONT2022004255,2022-07-22 09:26:33,2022-07-29 08:28:14
CONT2022004256,2022-07-18 22:50:03,2022-07-28 01:39:08
CONT2022004257,2022-07-25 03:29:43,2022-07-29 09:13:23
CONT2022004258,2022-07-15 17:17:33,2022-07-28 23:37:03
CONT2022004259,2022-07-22 20:30:00,2022-07-28 21:56:31
CONT2022004260,2022-07-15 18:47:58,2022-07-28 02:41:08
CONT2022004261,2022-07-15 22:10:59,2022-07-29 00:09:07
CONT2022004262,2022-07-17 03:41:38,2022-07-29 03:10:15
CONT2022004263,2022-07-16 19:11:13,2022-07-30 00:05:02
CONT2022004264,2022-07-18 05:24:04,2022-07-29 11:58:09
CONT2022004265,2022-07-24 02:12:59,2022-07-28 19:02:07
CONT2022004266,2022-07-21 13:35:06,2022-07-28 01:45:05
CONT2022004267,2022-07-16 17:43:25,2022-07-28 22:48:40
CONT2022004268,2022-07-21 22:42:28,2022-07-22 23:55:21
CONT2022004269,2022-07-18 00:52:48,2022-07-28 09:36:40
CONT2022004270,2022-07-22 13:45:55,2022-07-23 06:34:07
CONT2022004271,2022-07-24 00:38:33,2022-07-25 02:05:05
CONT2022004272,2022-07-21 15:38:46,2022-08-03 01:38:09
CONT2022004273,2022-07-22 14:53:27,2022-08-02 20:09:36
CONT2022004274,2022-07-27 04:22:33,2022-08-02 11:13:48
CONT2022004275,2022-07-29 09:52:05,
CONT2022004276,2022-07-30 10:37:18,
CONT2022004277,2022-07-23 03:25:25,2022-08-02 00:44:37
CONT2022004278,2022-07-29 19:03:42,2022-07-30 14:12:31
CONT2022004279,2022-07-22 03:24:36,2022-08-03 02:06:28
CONT2022004280,2022-07-22 03:37:12,2022-07-22 20:52:09
CONT2022004281,2022-07-24 17:04:54,2022-07-25 12:11:41
CONT2022004282,2022-07-26 21:35:10,2022-08-02 22:11:39
CONT2022004283,2022-07-27 05:30:46,2022-07-27 17:26:10
CONT2022004284,2022-07-22 20:32:47,2022-08-02 23:00:49
CONT2022004285,2022-07-22 06:12:46,2022-08-02 21:46:45
CONT2022004286,2022-07-21 02:21:17,2022-08-03 05:46:08
CONT2022004287,2022-07-30 22:27:25,2022-08-01 22:46:56
CONT2022004288,2022-07-30 04:21:14,2022-08-02 22:57:37
CONT2022004289,2022-07-29 01:18:56,2022-07-29 17:56:36
CONT2022004290,2022-07-24 16:16:35,2022-08-02 15:03:59
CONT2022004291,2022-07-25 13:44:18,2022-08-02 19:37:18
CONT2022004292,2022-07-23 21:12:42,2022-07-24 21:00:51
CONT2022004293,2022-07-29 20:52:36,2022-07-30 16:13:51
CONT2022004294,2022-07-30 07:15:15,2022-07-31 15:11:04
CONT2022004295,2022-07-24 00:10:22,2022-07-24 19:44:49
CONT2022004296,2022-07-22 02:51:23,2022-07-22 22:17:50
CONT2022004297,2022-07-23 03:30:03,2022-07-23 22:47:29
CONT2022004298,2022-07-27 18:32:36,2022-08-03 13:01:22
CONT2022004299,2022-07-23 14:30:41,2022-07-24 16:05:43
CONT2022004300,2022-07-21 23:36:53,2022-08-03 05:03:02
CONT2022004301,2022-07-30 11:40:31,2022-08-03 09:11:09
CONT2022004302,2022-07-22 16:55:30,2022-07-23 19:42:12
CONT2022004303,2022-07-23 18:35:51,2022-08-03 05:22:15
CONT2022004304,2022-07-24 03:20:04,2022-08-02 15:04:08
CONT2022004305,2022-07-21 23:32:40,
CONT2022004306,2022-07-29 11:19:59,2022-07-30 16:31:36
CONT2022004307,2022-07-22 00:41:43,
CONT2022004308,2022-07-28 16:25:43,2022-08-03 08:57:11
CONT2022004309,2022-07-25 18:45:42,2022-08-03 01:33:15
CONT2022004310,2022-07-22 02:14:35,2022-08-02 20:03:09
CONT2022004311,2022-07-29 11:39:19,2022-07-30 19:34:03
CONT2022004312,2022-07-21 22:41:10,2022-08-05 01:38:36
CONT2022004313,2022-07-24 03:48:37,2022-08-03 14:38:02
CONT2022004314,2022-07-29 16:47:35,2022-07-30 14:15:06
CONT2022004315,2022-07-30 06:56:50,2022-07-30 21:26:39
CONT2022004316,2022-07-29 03:28:13,
CONT2022004317,2022-07-20 19:08:46,2022-08-03 13:26:58
CONT2022004318,2022-07-21 17:19:44,2022-07-23 01:01:37
CONT2022004319,2022-07-29 11:31:34,
CONT2022004320,2022-07-25 15:51:59,2022-08-02 23:00:37
CONT2022004321,2022-07-27 13:48:29,2022-07-28 20:51:10
CONT2022004322,2022-07-22 21:12:20,2022-07-23 16:34:51
CONT2022004323,2022-07-30 20:03:16,2022-07-31 06:39:44
CONT2022004324,2022-07-30 17:47:30,2022-08-03 04:48:19
CONT2022004325,2022-07-25 07:53:49,2022-08-03 07:18:18
CONT2022004326,2022-08-01 10:28:07,2022-08-02 09:02:47
CONT2022004327,2022-07-27 06:12:36,2022-07-27 15:19:20
CONT2022004328,2022-07-30 00:55:40,2022-07-30 18:06:06
CONT2022004329,2022-07-25 13:59:55,2022-07-25 21:47:25
CONT2022004330,2022-07-22 22:33:36,2022-08-05 10:37:15
CONT2022004331,2022-07-28 18:23:03,
CONT2022004332,2022-07-22 02:07:40,
CONT2022004333,2022-07-24 19:25:34,
CONT2022004334,2022-07-30 23:33:24,2022-08-05 04:17:01
CONT2022004335,2022-07-27 11:29:20,2022-08-04 00:13:49
CONT2022004336,2022-07-25 13:31:30,
CONT2022004337,2022-08-02 12:25:02,2022-08-05 02:34:15
CONT2022004338,2022-08-01 13:37:21,2022-08-04 18:16:56
CONT2022004339,2022-08-02 17:46:00,2022-08-03 06:26:00
CONT2022004340,2022-07-26 06:46:02,2022-08-05 03:50:32
CONT2022004341,2022-08-02 18:53:42,2022-08-04 02:22:14
CONT2022004342,2022-07-24 12:29:59,2022-08-06 01:57:15
CONT2022004343,2022-07-26 12:37:06,2022-07-27 09:18:20
CONT2022004344,2022-07-23 14:45:55,2022-08-05 11:17:20
CONT2022004345,2022-07-29 02:52:43,2022-08-05 20:47:55
CONT2022004346,2022-07-30 14:38:01,2022-08-06 08:45:40
CONT2022004347,2022-07-26 12:12:02,2022-08-05 17:46:19
CONT2022004348,2022-07-26 23:27:19,
CONT2022004349,2022-07-27 01:43:57,2022-07-27 22:55:00
CONT2022004350,2022-07-26 19:29:48,2022-08-07 07:37:27
CONT2022004351,2022-07-30 05:11:39,
CONT2022004352,2022-08-02 20:35:58,2022-08-07 00:32:58
CONT2022004353,2022-07-29 02:42:06,2022-07-29 21:27:56
CONT2022004354,2022-07-24 22:46:13,
CONT2022004355,2022-07-31 19:27:47,2022-08-06 13:59:48
CONT2022004356,2022-07-31 04:33:18,2022-08-06 17:43:34
CONT2022004357,2022-07-26 19:29:33,2022-07-27 04:57:23
CONT2022004358,2022-07-26 14:45:21,
CONT2022004359,2022-07-31 06:34:42,2022-07-31 10:34:42
CONT2022004360,2022-07-30 22:01:41,2022-08-06 07:51:44
CONT2022004361,2022-08-01 18:20:12,2022-08-06 15:33:18
CONT2022004362,2022-07-24 17:26:38,2022-07-25 01:09:05
CONT2022004363,2022-08-03 13:21:34,2022-08-04 08:43:05
CONT2022004364,2022-07-27 23:10:15,2022-07-29 17:59:11
CONT2022004365,2022-07-27 14:56:05,2022-07-27 18:56:05
CONT2022004366,2022-07-29 04:54:47,2022-07-30 04:09:06
CONT2022004367,2022-08-04 02:13:11,2022-08-04 18:49:36
CONT2022004368,2022-07-30 04:51:58,
CONT2022004369,2022-07-31 10:30:56,2022-08-07 07:16:16
CONT2022004370,2022-07-31 18:10:18,2022-08-07 20:44:30
CONT2022004371,2022-07-27 08:36:56,2022-08-07 04:35:46
CONT2022004372,2022-07-24 17:14:47,
CONT2022004373,2022-07-27 23:10:10,
CONT2022004374,2022-08-02 11:56:42,2022-08-07 09:32:44
CONT2022004375,2022-08-02 10:23:36,2022-08-09 23:40:16
CONT2022004376,2022-08-05 01:06:02,2022-08-06 07:37:30
CONT2022004377,2022-08-05 03:06:35,2022-08-10 17:47:49
CONT2022004378,2022-07-29 02:31:40,2022-08-10 18:41:43
CONT2022004379,2022-08-04 19:29:07,2022-08-05 17:05:35
CONT2022004380,2022-08-07 02:30:49,2022-08-10 13:45:51
CONT2022004381,2022-08-05 01:48:29,2022-08-05 21:17:20
CONT2022004382,2022-07-27 21:09:46,2022-08-09 23:32:16
CONT2022004383,2022-07-28 17:37:20,
CONT2022004384,2022-07-31 01:29:58,2022-08-01 02:27:10
CONT2022004385,2022-08-04 19:17:12,2022-08-10 07:55:56
CONT2022004386,2022-08-01 20:01:15,2022-08-02 14:31:51
CONT2022004387,2022-08-04 08:20:02,
CONT2022004388,2022-08-03 02:02:07,2022-08-09 22:14:17
CONT2022004389,2022-08-07 11:31:07,2022-08-10 17:07:55
CONT2022004390,2022-08-07 07:38:02,2022-08-10 01:59:00
CONT2022004391,2022-08-03 23:16:50,
CONT2022004392,2022-08-03 12:43:27,
CONT2022004393,2022-07-29 04:34:01,2022-07-29 21:13:15
CONT2022004394,2022-07-29 19:22:18,2022-07-30 16:04:37
CONT2022004395,2022-08-04 08:25:09,2022-08-05 16:32:36
CONT2022004396,2022-08-07 04:39:58,2022-08-07 20:37:17
CONT2022004397,2022-07-31 21:30:42,2022-08-02 04:31:43
CONT2022004398,2022-07-28 14:04:44,2022-08-10 12:41:41
CONT2022004399,2022-07-30 11:42:19,
CONT2022004400,2022-07-31 07:24:33,2022-07-31 23:04:55
CONT2022004401,2022-08-03 11:10:00,2022-08-10 18:18:34
CONT2022004402,2022-08-05 02:50:56,2022-08-09 17:58:30
CONT2022004403,2022-08-03 13:26:28,2022-08-10 14:07:41
CONT2022004404,2022-08-02 12:07:09,
CONT2022004405,2022-07-31 09:11:38,2022-07-31 19:31:31
CONT2022004406,2022-08-02 03:43:04,
CONT2022004407,2022-08-02 11:22:58,
CONT2022004408,2022-08-01 05:21:33,2022-08-02 08:57:38
CONT2022004409,2022-08-05 05:51:49,
CONT2022004410,2022-08-04 14:16:47,
CONT2022004411,2022-07-29 05:33:39,2022-07-29 19:14:10
CONT2022004412,2022-08-02 09:05:35,
CONT2022004413,2022-08-06 13:57:52,
CONT2022004414,2022-08-01 18:54:06,2022-08-10 07:07:50
CONT2022004415,2022-07-30 08:58:08,2022-07-31 06:49:30
CONT2022004416,2022-08-04 17:29:14,2022-08-11 04:35:39
CONT2022004417,2022-08-06 00:58:43,2022-08-11 09:16:09
CONT2022004418,2022-08-05 16:35:18,2022-08-06 00:19:59
CONT2022004419,2022-07-31 04:25:46,2022-08-10 06:01:45
CONT2022004420,2022-07-29 20:24:50,2022-08-10 22:58:39
CONT2022004421,2022-08-05 14:25:42,2022-08-10 13:19:29
CONT2022004422,2022-08-01 20:44:20,2022-08-11 01:23:03
CONT2022004423,2022-08-04 00:47:42,2022-08-04 21:37:06
CONT2022004424,2022-08-07 13:24:02,2022-08-10 11:25:47
CONT2022004425,2022-08-05 17:01:32,2022-08-06 03:59:58
CONT2022004426,2022-07-29 14:45:44,
CONT2022004427,2022-08-06 13:29:39,2022-08-07 17:05:58
CONT2022004428,2022-07-30 23:25:00,
CONT2022004429,2022-08-05 19:02:55,2022-08-06 17:08:58
CONT2022004430,2022-07-28 03:52:53,
CONT2022004431,2022-07-29 23:18:19,2022-08-10 18:01:24
CONT2022004432,2022-08-07 03:10:19,2022-08-10 21:05:34
CONT2022004433,2022-07-30 03:05:46,2022-08-10 03:48:32
CONT2022004434,2022-07-30 03:19:56,
CONT2022004435,2022-08-02 04:58:41,2022-08-11 12:51:44
CONT2022004436,2022-07-31 17:13:46,2022-08-10 18:07:03
CONT2022004437,2022-07-29 11:11:35,
CONT2022004438,2022-08-02 10:43:20,2022-08-03 11:21:46
CONT2022004439,2022-07-29 09:18:47,
CONT2022004440,2022-07-29 17:33:31,2022-08-09 12:00:19
CONT2022004441,2022-08-05 04:17:22,2022-08-11 01:09:55
CONT2022004442,2022-08-03 21:32:37,2022-08-09 23:43:32
CONT2022004443,2022-08-05 08:09:33,2022-08-10 19:24:03
CONT2022004444,2022-08-07 15:59:52,
CONT2022004445,2022-08-02 23:35:14,
CONT2022004446,2022-08-05 01:35:44,2022-08-10 09:30:05
CONT2022004447,2022-08-03 17:25:51,2022-08-04 23:00:06
CONT2022004448,2022-08-03 14:57:38,2022-08-04 10:43:52
CONT2022004449,2022-07-30 18:49:20,
CONT2022004450,2022-08-02 01:48:10,2022-08-10 11:28:42
CONT2022004451,2022-08-07 02:49:18,2022-08-07 16:38:11
CONT2022004452,2022-08-05 13:07:00,2022-08-10 14:47:52
CONT2022004453,2022-08-03 14:22:23,2022-08-09 20:43:13
CONT2022004454,2022-07-31 00:19:24,2022-08-01 04:08:22
CONT2022004455,2022-08-06 14:53:33,2022-08-10 08:15:52
CONT2022004456,2022-08-04 23:25:37,
CONT2022004457,2022-08-06 20:27:43,2022-08-07 16:54:43
CONT2022004458,2022-07-28 16:35:28,2022-07-29 05:22:44
CONT2022004459,2022-08-04 06:09:35,2022-08-11 04:26:56
CONT2022004460,2022-07-29 13:49:52,2022-07-30 19:34:51
CONT2022004461,2022-08-06 23:36:10,2022-08-08 05:35:43
CONT2022004462,2022-08-05 23:06:48,2022-08-10 23:16:03
CONT2022004463,2022-08-06 06:41:00,2022-08-11 01:20:01
CONT2022004464,2022-08-07 18:54:36,2022-08-10 17:30:52
CONT2022004465,2022-08-04 20:06:17,2022-08-11 13:39:52
CONT2022004466,2022-08-04 08:55:09,2022-08-04 22:21:51
CONT2022004467,2022-08-01 14:40:43,
CONT2022004468,2022-08-04 13:23:12,2022-08-10 08:36:02
CONT2022004469,2022-08-07 10:36:58,2022-08-08 10:19:47
CONT2022004470,2022-08-01 06:34:16,2022-08-10 19:00:39
CONT2022004471,2022-08-07 07:05:48,2022-08-11 06:11:00
CONT2022004472,2022-08-05 08:59:47,2022-08-05 19:28:06
CONT2022004473,2022-08-02 10:49:05,
CONT2022004474,2022-08-03 12:31:26,2022-08-10 18:00:45
CONT2022004475,2022-08-01 04:07:42,2022-08-01 12:29:35
CONT2022004476,2022-07-29 07:30:49,2022-08-10 13:19:52
CONT2022004477,2022-08-04 06:46:13,
CONT2022004478,2022-08-06 05:16:53,
CONT2022004479,2022-08-07 11:09:34,2022-08-12 02:17:00
CONT2022004480,2022-08-04 12:47:24,2022-08-05 03:16:33
CONT2022004481,2022-08-02 19:16:32,2022-08-12 02:04:06
CONT2022004482,2022-08-06 07:39:29,2022-08-06 19:40:13
CONT2022004483,2022-08-09 05:19:51,2022-08-12 15:42:05
CONT2022004484,2022-08-01 09:12:05,2022-08-12 06:46:06
CONT2022004485,2022-08-07 01:20:34,2022-08-13 02:35:43
CONT2022004486,2022-08-07 20:20:15,2022-08-12 02:32:17
CONT2022004487,2022-08-05 20:26:00,2022-08-06 22:15:05
CONT2022004488,2022-08-07 18:08:55,2022-08-08 17:06:55
CONT2022004489,2022-08-07 04:30:59,2022-08-12 10:39:48
CONT2022004490,2022-08-06 08:19:02,2022-08-06 17:18:42
CONT2022004491,2022-08-09 01:33:34,
CONT2022004492,2022-08-04 07:34:06,2022-08-12 23:36:32
CONT2022004493,2022-08-05 13:06:38,2022-08-05 21:54:40
CONT2022004494,2022-08-02 21:16:19,2022-08-12 21:53:14
CONT2022004495,2022-08-03 19:19:51,2022-08-13 10:44:38
CONT2022004496,2022-08-06 04:52:19,2022-08-12 22:54:52
CONT2022004497,2022-08-07 05:17:41,2022-08-07 21:09:35
CONT2022004498,2022-08-06 06:48:16,2022-08-06 19:19:06
CONT2022004499,2022-08-02 17:22:13,2022-08-13 01:24:56
CONT2022004500,2022-08-07 10:40:07,
CONT2022004501,2022-08-06 06:49:29,
CONT2022004502,2022-08-10 03:06:09,2022-08-13 18:54:58
CONT2022004503,2022-08-01 16:32:02,2022-08-13 20:06:43
CONT2022004504,2022-08-08 06:28:10,2022-08-13 22:02:01
CONT2022004505,2022-08-05 10:41:21,2022-08-05 18:37:12
CONT2022004506,2022-08-03 11:51:12,
CONT2022004507,2022-08-10 06:52:21,2022-08-13 02:44:48
CONT2022004508,2022-08-07 11:34:06,2022-08-08 04:41:16
CONT2022004509,2022-08-09 19:42:40,2022-08-13 22:17:28
CONT2022004510,2022-08-06 17:42:41,2022-08-07 09:52:06
CONT2022004511,2022-07-31 12:27:08,2022-08-13 10:34:16
CONT2022004512,2022-08-08 02:00:33,2022-08-09 11:31:30
CONT2022004513,2022-08-05 04:01:02,2022-08-06 11:26:09
CONT2022004514,2022-08-05 21:02:31,2022-08-07 01:26:06
CONT2022004515,2022-08-11 05:16:52,
CONT2022004516,2022-08-10 17:35:52,2022-08-15 07:57:14
CONT2022004517,2022-08-09 09:29:32,2022-08-14 11:41:08
CONT2022004518,2022-08-03 13:44:35,
CONT2022004519,2022-08-07 13:22:20,2022-08-14 16:53:04
CONT2022004520,2022-08-01 23:55:54,2022-08-02 22:03:08
CONT2022004521,2022-08-03 05:26:54,2022-08-04 06:24:14
CONT2022004522,2022-08-01 08:30:50,
CONT2022004523,2022-08-02 02:48:52,2022-08-03 00:52:39
CONT2022004524,2022-08-02 01:20:57,2022-08-14 04:27:33
CONT2022004525,2022-08-06 18:30:52,2022-08-07 16:39:52
CONT2022004526,2022-08-05 03:41:41,2022-08-05 19:58:24
CONT2022004527,2022-08-06 17:05:26,
CONT2022004528,2022-08-10 18:33:22,2022-08-11 01:59:59
CONT2022004529,2022-08-11 10:35:45,2022-08-14 20:46:07
CONT2022004530,2022-08-11 19:01:51,2022-08-14 19:34:10
CONT2022004531,2022-08-02 04:28:20,2022-08-03 09:42:48
CONT2022004532,2022-08-12 01:13:44,2022-08-12 11:36:51
CONT2022004533,2022-08-10 18:56:01,2022-08-15 21:37:44
CONT2022004534,2022-08-02 12:01:28,
CONT2022004535,2022-08-08 01:54:18,2022-08-09 09:16:42
CONT2022004536,2022-08-11 08:48:36,2022-08-14 09:31:40
CONT2022004537,2022-08-02 06:18:56,2022-08-14 22:04:06
CONT2022004538,2022-08-11 21:33:45,
CONT2022004539,2022-08-07 05:35:49,2022-08-08 03:00:37
CONT2022004540,2022-08-11 20:04:23,2022-08-12 10:57:04
CONT2022004541,2022-08-05 04:28:54,2022-08-15 19:40:24
CONT2022004542,2022-08-02 14:19:17,2022-08-15 08:18:33
CONT2022004543,2022-08-02 00:45:54,2022-08-15 11:03:14
CONT2022004544,2022-08-09 12:54:17,2022-08-10 16:57:30
CONT2022004545,2022-08-04 09:02:32,
CONT2022004546,2022-08-04 17:10:04,2022-08-04 21:10:04
CONT2022004547,2022-08-08 15:24:40,2022-08-09 08:24:03
CONT2022004548,2022-08-11 20:37:23,2022-08-14 18:32:11
CONT2022004549,2022-08-03 17:50:59,
CONT2022004550,2022-08-02 19:48:44,2022-08-04 09:25:46
CONT2022004551,2022-08-04 03:21:10,2022-08-04 14:11:21
CONT2022004552,2022-08-12 21:10:36,
CONT2022004553,2022-08-08 08:50:48,2022-08-08 20:47:18
CONT2022004554,2022-08-02 16:58:40,2022-08-16 15:26:16
CONT2022004555,2022-08-11 20:48:54,2022-08-12 11:57:28
CONT2022004556,2022-08-06 18:48:23,2022-08-16 13:26:05
CONT2022004557,2022-08-06 19:34:36,2022-08-07 15:20:26
CONT2022004558,2022-08-09 08:01:47,
CONT2022004559,2022-08-10 03:31:59,2022-08-16 15:14:21
CONT2022004560,2022-08-05 14:28:31,2022-08-06 14:21:55
CONT2022004561,2022-08-09 08:05:43,2022-08-15 20:16:08
CONT2022004562,2022-08-04 23:02:24,2022-08-16 17:26:33
CONT2022004563,2022-08-03 19:05:40,2022-08-17 02:29:46
CONT2022004564,2022-08-08 10:44:55,2022-08-16 18:11:47
CONT2022004565,2022-08-05 05:04:46,2022-08-16 21:00:10
CONT2022004566,2022-08-08 00:41:00,2022-08-16 19:24:36
CONT2022004567,2022-08-06 14:56:55,
CONT2022004568,2022-08-06 02:28:46,2022-08-16 06:57:39
CONT2022004569,2022-08-06 23:02:10,
CONT2022004570,2022-08-07 00:03:19,2022-08-07 18:37:40
CONT2022004571,2022-08-10 07:03:37,2022-08-17 07:31:16
CONT2022004572,2022-08-04 02:20:50,2022-08-04 13:45:39
CONT2022004573,2022-08-08 11:50:45,2022-08-09 17:51:34
CONT2022004574,2022-08-07 21:32:25,2022-08-08 15:02:39
CONT2022004575,2022-08-04 02:35:30,2022-08-17 22:51:05
CONT2022004576,2022-08-09 14:01:49,
CONT2022004577,2022-08-05 12:59:21,2022-08-07 02:12:11
CONT2022004578,2022-08-04 12:02:37,2022-08-16 20:39:12
CONT2022004579,2022-08-10 07:05:11,
CONT2022004580,2022-08-03 23:50:17,2022-08-17 05:51:33
CONT2022004581,2022-08-04 22:54:55,2022-08-06 01:11:26
CONT2022004582,2022-08-10 16:55:45,2022-08-12 04:07:20
CONT2022004583,2022-08-08 21:01:02,
CONT2022004584,2022-08-11 16:08:54,2022-08-16 15:20:27
CONT2022004585,2022-08-11 20:41:40,
CONT2022004586,2022-08-07 06:17:24,
CONT2022004587,2022-08-11 20:37:01,
CONT2022004588,2022-08-10 11:47:10,2022-08-11 02:24:40
CONT2022004589,2022-08-06 04:16:19,2022-08-17 10:41:45
CONT2022004590,2022-08-13 18:03:28,2022-08-14 18:59:58
CONT2022004591,2022-08-12 17:45:56,2022-08-13 13:28:30
CONT2022004592,2022-08-11 00:57:12,2022-08-17 03:56:31
CONT2022004593,2022-08-12 09:13:05,2022-08-17 08:00:48
CONT2022004594,2022-08-07 03:17:16,2022-08-16 14:13:00
CONT2022004595,2022-08-06 03:44:12,2022-08-17 16:37:31
CONT2022004596,2022-08-11 09:50:26,2022-08-12 05:47:48
CONT2022004597,2022-08-09 23:19:41,
CONT2022004598,2022-08-08 04:21:21,2022-08-08 17:07:35
CONT2022004599,2022-08-05 20:15:12,2022-08-06 21:53:08
CONT2022004600,2022-08-13 11:12:35,
CONT2022004601,2022-08-12 23:16:32,2022-08-14 06:44:22
CONT2022004602,2022-08-06 18:50:07,2022-08-17 15:14:37
CONT2022004603,2022-08-03 22:46:04,2022-08-05 05:37:23
CONT2022004604,2022-08-14 13:11:36,
CONT2022004605,2022-08-06 05:44:43,2022-08-06 19:12:34
CONT2022004606,2022-08-03 18:32:23,2022-08-04 15:58:06
CONT2022004607,2022-08-06 13:57:00,2022-08-07 10:51:42
CONT2022004608,2022-08-13 11:30:25,2022-08-14 16:56:25
CONT2022004609,2022-08-08 21:03:13,2022-08-09 08:01:23
CONT2022004610,2022-08-15 00:37:41,2022-08-17 10:29:39
CONT2022004611,2022-08-12 01:44:04,
CONT2022004612,2022-08-08 20:01:21,2022-08-18 22:37:51
CONT2022004613,2022-08-07 19:51:00,
CONT2022004614,2022-08-06 00:50:27,
CONT2022004615,2022-08-12 02:47:34,2022-08-17 17:29:10
CONT2022004616,2022-08-05 07:44:52,2022-08-18 17:12:35
CONT2022004617,2022-08-10 06:53:13,
CONT2022004618,2022-08-09 02:21:04,2022-08-09 16:04:22
CONT2022004619,2022-08-09 17:50:39,2022-08-10 12:35:51
CONT2022004620,2022-08-06 15:08:51,2022-08-18 19:19:52
CONT2022004621,2022-08-10 07:03:22,2022-08-17 15:22:04
CONT2022004622,2022-08-10 19:23:18,2022-08-11 13:29:13
CONT2022004623,2022-08-11 12:08:42,2022-08-18 08:50:45
CONT2022004624,2022-08-14 03:31:45,2022-08-15 03:01:39
CONT2022004625,2022-08-05 17:25:58,2022-08-06 13:21:39
CONT2022004626,2022-08-11 06:42:40,2022-08-18 19:37:48
CONT2022004627,2022-08-06 09:12:40,2022-08-07 12:27:52
CONT2022004628,2022-08-07 04:47:43,
CONT2022004629,2022-08-06 04:25:12,2022-08-07 00:10:18
CONT2022004630,2022-08-08 05:37:02,2022-08-09 15:53:24
CONT2022004631,2022-08-07 10:18:17,2022-08-18 08:23:20
CONT2022004632,2022-08-14 01:20:20,2022-08-18 05:34:53
CONT2022004633,2022-08-05 23:11:25,
CONT2022004634,2022-08-13 23:32:48,2022-08-18 19:59:18
CONT2022004635,2022-08-11 08:46:37,2022-08-11 21:36:33
CONT2022004636,2022-08-09 16:18:55,2022-08-10 20:09:11
CONT2022004637,2022-08-13 09:15:15,
CONT2022004638,2022-08-11 18:50:37,2022-08-12 20:11:46
CONT2022004639,2022-08-09 20:03:09,2022-08-18 08:41:07
CONT2022004640,2022-08-06 19:33:11,2022-08-18 23:48:12
CONT2022004641,2022-08-11 23:36:25,
CONT2022004642,2022-08-09 15:38:53,2022-08-10 10:19:29
CONT2022004643,2022-08-08 13:35:05,2022-08-19 07:37:32
CONT2022004644,2022-08-06 09:20:15,2022-08-19 11:09:23
CONT2022004645,2022-08-10 14:37:18,2022-08-20 12:32:53
CONT2022004646,2022-08-15 15:21:46,2022-08-19 23:06:59
CONT2022004647,2022-08-13 19:45:45,2022-08-20 15:58:41
CONT2022004648,2022-08-14 00:32:23,
CONT2022004649,2022-08-08 18:30:48,
CONT2022004650,2022-08-14 18:18:54,2022-08-15 20:17:29
CONT2022004651,2022-08-07 06:33:22,
CONT2022004652,2022-08-12 16:51:28,2022-08-13 16:42:34
CONT2022004653,2022-08-13 19:27:49,
CONT2022004654,2022-08-09 01:05:12,2022-08-09 08:47:36
CONT2022004655,2022-08-06 07:08:33,2022-08-19 16:27:14
CONT2022004656,2022-08-16 19:23:40,2022-08-19 17:48:44
CONT2022004657,2022-08-11 17:03:58,2022-08-20 08:48:47
CONT2022004658,2022-08-08 03:49:30,
CONT2022004659,2022-08-15 16:57:26,2022-08-19 20:12:14
CONT2022004660,2022-08-09 16:05:25,
CONT2022004661,2022-08-14 06:41:21,
CONT2022004662,2022-08-12 01:39:09,
CONT2022004663,2022-08-07 22:38:45,2022-08-19 20:49:52
CONT2022004664,2022-08-10 05:10:01,2022-08-10 10:32:05
CONT2022004665,2022-08-14 23:10:00,2022-08-20 03:51:27
CONT2022004666,2022-08-15 06:07:15,
CONT2022004667,2022-08-12 02:31:42,2022-08-12 16:58:42
CONT2022004668,2022-08-14 09:34:08,2022-08-14 23:48:08
CONT2022004669,2022-08-12 12:46:59,2022-08-13 00:24:36
CONT2022004670,2022-08-15 14:22:19,2022-08-16 06:23:15
CONT2022004671,2022-08-17 04:45:36,2022-08-17 13:25:46
CONT2022004672,2022-08-09 14:02:35,2022-08-10 09:09:36
CONT2022004673,2022-08-16 18:07:45,2022-08-17 13:04:30
CONT2022004674,2022-08-16 17:08:49,2022-08-17 13:44:40
CONT2022004675,2022-08-13 18:02:05,2022-08-14 12:57:54
CONT2022004676,2022-08-10 03:05:11,2022-08-11 12:06:57
CONT2022004677,2022-08-15 00:47:25,
CONT2022004678,2022-08-08 08:43:27,
CONT2022004679,2022-08-15 02:21:55,2022-08-20 08:13:08
CONT2022004680,2022-08-16 11:51:40,2022-08-20 15:31:22
CONT2022004681,2022-08-12 13:00:50,2022-08-20 01:19:38
CONT2022004682,2022-08-15 22:34:02,2022-08-19 21:01:29
CONT2022004683,2022-08-12 02:42:14,2022-08-20 23:36:51
CONT2022004684,2022-08-08 09:41:26,2022-08-20 09:36:08
CONT2022004685,2022-08-11 04:05:51,2022-08-12 02:19:11
CONT2022004686,2022-08-10 00:03:56,2022-08-20 08:02:25
CONT2022004687,2022-08-14 09:08:46,2022-08-14 22:09:39
CONT2022004688,2022-08-14 18:57:01,2022-08-19 10:28:29
CONT2022004689,2022-08-08 04:38:45,2022-08-08 20:03:38
CONT2022004690,2022-08-13 05:52:22,2022-08-20 00:25:12
CONT2022004691,2022-08-15 01:31:26,2022-08-19 23:14:05
CONT2022004692,2022-08-09 09:28:46,2022-08-20 00:53:16
CONT2022004693,2022-08-14 18:32:57,
CONT2022004694,2022-08-17 04:18:15,2022-08-17 22:52:05
CONT2022004695,2022-08-16 20:18:06,2022-08-20 12:34:19
CONT2022004696,2022-08-08 23:25:06,2022-08-19 16:06:26
CONT2022004697,2022-08-17 13:26:25,2022-08-18 11:58:45
CONT2022004698,2022-08-11 19:01:58,2022-08-21 14:41:10
CONT2022004699,2022-08-15 17:21:45,2022-08-22 02:30:18
CONT2022004700,2022-08-10 00:04:06,2022-08-22 12:50:50
CONT2022004701,2022-08-13 14:12:49,2022-08-14 07:51:49
CONT2022004702,2022-08-16 03:48:01,2022-08-16 16:44:47
CONT2022004703,2022-08-15 02:12:14,2022-08-22 11:36:39
CONT2022004704,2022-08-18 13:17:20,2022-08-18 17:49:15
CONT2022004705,2022-08-17 19:37:01,
CONT2022004706,2022-08-14 09:36:48,2022-08-22 16:47:20
CONT2022004707,2022-08-16 12:31:35,2022-08-17 12:30:08
CONT2022004708,2022-08-11 09:11:20,2022-08-12 20:08:53
CONT2022004709,2022-08-14 22:20:30,2022-08-15 16:37:32
CONT2022004710,2022-08-14 11:24:41,2022-08-21 21:39:46
CONT2022004711,2022-08-09 13:13:40,2022-08-10 12:26:44
CONT2022004712,2022-08-12 04:04:08,2022-08-12 19:22:04
CONT2022004713,2022-08-13 09:05:29,2022-08-14 02:39:05
CONT2022004714,2022-08-17 20:09:48,2022-08-22 01:46:27
CONT2022004715,2022-08-12 00:27:27,2022-08-22 20:21:45
CONT2022004716,2022-08-10 20:06:44,
CONT2022004717,2022-08-14 23:56:09,2022-08-24 01:21:19
CONT2022004718,2022-08-13 05:44:55,2022-08-13 22:22:34
CONT2022004719,2022-08-14 21:42:06,
CONT2022004720,2022-08-14 10:37:30,2022-08-14 18:06:38
CONT2022004721,2022-08-11 15:34:48,
CONT2022004722,2022-08-18 06:50:58,2022-08-18 12:06:17
CONT2022004723,2022-08-15 04:27:39,2022-08-16 08:29:54
CONT2022004724,2022-08-15 04:17:55,2022-08-16 06:52:00
CONT2022004725,2022-08-14 15:49:37,2022-08-24 02:34:18
CONT2022004726,2022-08-18 06:35:37,
CONT2022004727,2022-08-17 03:04:50,
CONT2022004728,2022-08-16 03:02:03,2022-08-16 17:15:06
CONT2022004729,2022-08-10 07:01:53,2022-08-11 09:08:44
CONT2022004730,2022-08-19 12:16:45,2022-08-19 19:45:50
CONT2022004731,2022-08-20 17:46:59,2022-08-23 19:26:39
CONT2022004732,2022-08-17 07:33:10,
CONT2022004733,2022-08-18 16:07:14,
CONT2022004734,2022-08-19 04:20:04,2022-08-23 09:08:32
CONT2022004735,2022-08-19 00:12:23,2022-08-23 01:07:25
CONT2022004736,2022-08-12 23:50:36,2022-08-24 06:57:20
CONT2022004737,2022-08-21 13:33:14,2022-08-21 17:59:02
CONT2022004738,2022-08-16 11:42:27,2022-08-16 23:06:55
CONT2022004739,2022-08-17 07:56:21,2022-08-17 19:02:29
CONT2022004740,2022-08-11 15:02:14,
CONT2022004741,2022-08-11 20:29:48,2022-08-13 10:41:57
CONT2022004742,2022-08-11 07:22:45,2022-08-12 07:05:00
CONT2022004743,2022-08-13 22:25:19,2022-08-24 23:14:49
CONT2022004744,2022-08-11 20:00:01,2022-08-24 18:51:30
CONT2022004745,2022-08-17 19:32:21,2022-08-24 03:14:50
CONT2022004746,2022-08-18 13:52:10,2022-08-25 03:29:53
CONT2022004747,2022-08-19 12:12:23,2022-08-20 00:18:07
CONT2022004748,2022-08-18 19:30:24,
CONT2022004749,2022-08-22 07:40:44,2022-08-25 14:21:38
CONT2022004750,2022-08-18 11:28:49,2022-08-19 08:59:41
CONT2022004751,2022-08-12 22:54:21,2022-08-13 08:48:25
CONT2022004752,2022-08-20 15:32:53,2022-08-24 06:11:43
CONT2022004753,2022-08-19 15:10:14,2022-08-24 15:58:11
CONT2022004754,2022-08-13 01:49:42,2022-08-24 21:13:12
CONT2022004755,2022-08-14 18:09:44,
CONT2022004756,2022-08-22 22:35:47,2022-08-26 08:28:04
CONT2022004757,2022-08-23 00:39:37,2022-08-23 19:52:02
CONT2022004758,2022-08-17 15:07:35,2022-08-18 18:57:05
CONT2022004759,2022-08-19 17:35:03,2022-08-25 05:37:51
CONT2022004760,2022-08-23 03:46:17,2022-08-26 07:34:39
CONT2022004761,2022-08-20 17:26:53,2022-08-21 06:45:10
CONT2022004762,2022-08-19 06:21:17,2022-08-26 12:14:17
CONT2022004763,2022-08-15 02:52:16,2022-08-26 01:54:19
CONT2022004764,2022-08-13 15:26:35,2022-08-26 16:23:08
CONT2022004765,2022-08-14 07:40:49,
CONT2022004766,2022-08-16 22:23:18,2022-08-17 02:23:18
CONT2022004767,2022-08-19 23:09:20,2022-08-25 22:38:38
CONT2022004768,2022-08-14 19:34:46,2022-08-27 13:45:19
CONT2022004769,2022-08-20 12:21:47,2022-08-26 10:30:29
CONT2022004770,2022-08-21 17:55:22,2022-08-22 10:25:51
CONT2022004771,2022-08-13 01:58:18,2022-08-13 05:58:18
CONT2022004772,2022-08-17 07:41:32,2022-08-27 11:06:32
CONT2022004773,2022-08-16 20:35:02,2022-08-18 00:57:11
CONT2022004774,2022-08-23 17:15:40,2022-08-26 12:58:42
CONT2022004775,2022-08-21 11:12:38,2022-08-26 03:15:30
CONT2022004776,2022-08-21 02:14:22,2022-08-26 08:05:33
CONT2022004777,2022-08-19 23:52:45,2022-08-25 15:09:09
CONT2022004778,2022-08-14 05:30:31,2022-08-15 10:19:34
CONT2022004779,2022-08-23 04:09:14,2022-08-23 22:55:23
CONT2022004780,2022-08-17 10:04:01,2022-08-18 04:34:28
CONT2022004781,2022-08-12 16:13:34,2022-08-13 01:51:23
CONT2022004782,2022-08-15 00:10:30,
CONT2022004783,2022-08-20 00:01:44,2022-08-26 09:19:24
CONT2022004784,2022-08-16 10:47:41,2022-08-27 11:43:14
CONT2022004785,2022-08-15 23:05:41,2022-08-16 17:25:03
CONT2022004786,2022-08-14 06:47:17,2022-08-26 15:32:33
CONT2022004787,2022-08-19 14:54:26,2022-08-27 13:21:10
CONT2022004788,2022-08-14 04:56:52,2022-08-15 01:51:27
CONT2022004789,2022-08-21 19:55:21,2022-08-27 18:11:36
CONT2022004790,2022-08-17 07:47:29,2022-08-27 19:18:36
CONT2022004791,2022-08-18 09:04:53,2022-08-18 23:54:45
CONT2022004792,2022-08-16 18:34:03,2022-08-17 10:56:55
CONT2022004793,2022-08-14 20:08:11,2022-08-27 00:03:57
CONT2022004794,2022-08-20 01:04:31,2022-08-20 15:47:01
CONT2022004795,2022-08-16 19:40:45,2022-08-17 05:10:34
CONT2022004796,2022-08-15 15:01:08,2022-08-26 04:24:15
CONT2022004797,2022-08-21 07:15:05,2022-08-26 21:21:38
CONT2022004798,2022-08-20 11:36:09,2022-08-26 17:48:18
CONT2022004799,2022-08-17 12:47:33,
CONT2022004800,2022-08-14 16:41:52,2022-08-15 13:16:25
CONT2022004801,2022-08-19 11:45:07,2022-08-27 01:33:45
CONT2022004802,2022-08-14 16:34:54,2022-08-27 00:28:42
CONT2022004803,2022-08-16 00:34:43,2022-08-17 07:34:10
CONT2022004804,2022-08-19 23:30:58,2022-08-27 19:16:58
CONT2022004805,2022-08-16 12:03:34,2022-08-17 17:45:01
CONT2022004806,2022-08-17 15:11:04,2022-08-17 21:42:58
CONT2022004807,2022-08-18 03:20:41,2022-08-26 19:52:02
CONT2022004808,2022-08-19 23:03:55,2022-08-27 01:41:57
CONT2022004809,2022-08-13 02:16:08,2022-08-13 09:48:17
CONT2022004810,2022-08-19 00:14:19,
CONT2022004811,2022-08-24 01:58:59,2022-08-27 16:04:04
CONT2022004812,2022-08-23 18:02:34,2022-08-26 17:37:26
CONT2022004813,2022-08-24 07:22:50,2022-08-27 10:37:38
CONT2022004814,2022-08-15 15:53:22,2022-08-16 02:23:31
CONT2022004815,2022-08-20 22:35:31,2022-08-21 21:26:46
CONT2022004816,2022-08-15 20:45:25,2022-08-27 06:14:15
CONT2022004817,2022-08-18 09:08:49,2022-08-27 16:53:07
CONT2022004818,2022-08-15 15:55:23,2022-08-26 14:22:21
CONT2022004819,2022-08-22 05:56:57,2022-08-22 19:55:39
CONT2022004820,2022-08-21 04:15:52,2022-08-27 07:37:19
CONT2022004821,2022-08-19 05:51:32,
CONT2022004822,2022-08-14 03:34:39,2022-08-15 05:50:01
CONT2022004823,2022-08-18 13:50:50,2022-08-26 23:39:55
CONT2022004824,2022-08-15 09:06:15,2022-08-27 06:58:06
CONT2022004825,2022-08-19 00:44:45,2022-08-19 16:38:56
CONT2022004826,2022-08-14 22:11:11,2022-08-27 07:03:54
CONT2022004827,2022-08-13 19:24:15,2022-08-27 02:54:01
CONT2022004828,2022-08-15 23:22:10,2022-08-26 16:11:40
CONT2022004829,2022-08-14 04:22:53,2022-08-27 13:10:16
CONT2022004830,2022-08-14 09:07:05,
CONT2022004831,2022-08-20 15:23:34,2022-08-27 09:44:20
CONT2022004832,2022-08-23 21:10:48,2022-08-27 04:41:59
CONT2022004833,2022-08-20 13:23:11,2022-08-21 16:09:32
CONT2022004834,2022-08-17 17:38:52,2022-08-26 19:38:20
CONT2022004835,2022-08-17 18:22:53,2022-08-18 12:21:19
CONT2022004836,2022-08-19 11:01:08,2022-08-20 05:36:47
CONT2022004837,2022-08-22 12:39:02,2022-08-23 18:54:57
CONT2022004838,2022-08-15 08:49:33,2022-08-16 01:27:35
CONT2022004839,2022-08-18 14:06:04,
CONT2022004840,2022-08-23 07:40:21,2022-08-27 21:47:42
CONT2022004841,2022-08-14 19:53:48,2022-08-15 22:15:04
CONT2022004842,2022-08-16 23:51:36,2022-08-17 08:42:18
CONT2022004843,2022-08-16 06:37:24,2022-08-16 15:29:20
CONT2022004844,2022-08-15 12:14:20,2022-08-16 00:20:13
CONT2022004845,2022-08-23 06:42:17,2022-08-23 19:22:47
CONT2022004846,2022-08-17 18:26:15,2022-08-17 23:48:58
CONT2022004847,2022-08-19 08:32:33,
CONT2022004848,2022-08-15 14:20:38,
CONT2022004849,2022-08-23 01:54:02,2022-08-23 16:21:54
CONT2022004850,2022-08-17 22:52:39,2022-08-18 12:19:22
CONT2022004851,2022-08-14 09:56:41,2022-08-28 12:03:26
CONT2022004852,2022-08-20 20:56:08,2022-08-21 11:26:02
CONT2022004853,2022-08-15 19:25:57,2022-08-27 17:11:45
CONT2022004854,2022-08-19 18:16:38,2022-08-28 14:43:09
CONT2022004855,2022-08-14 20:57:30,
CONT2022004856,2022-08-23 04:03:25,
CONT2022004857,2022-08-16 22:39:42,2022-08-17 08:30:43
CONT2022004858,2022-08-18 03:32:56,
CONT2022004859,2022-08-17 04:26:50,2022-08-28 11:26:39
CONT2022004860,2022-08-20 23:55:04,2022-08-27 15:43:21
CONT2022004861,2022-08-20 07:53:34,2022-08-21 08:47:36
CONT2022004862,2022-08-17 15:30:59,2022-08-18 18:47:25
CONT2022004863,2022-08-21 06:18:58,2022-08-27 04:10:09
CONT2022004864,2022-08-23 18:28:03,2022-08-28 14:41:52
CONT2022004865,2022-08-16 01:10:49,2022-08-27 18:01:28
CONT2022004866,2022-08-15 19:48:13,
CONT2022004867,2022-08-16 17:55:32,
CONT2022004868,2022-08-17 10:24:55,2022-08-18 05:31:38
CONT2022004869,2022-08-24 02:19:26,2022-08-28 06:59:36
CONT2022004870,2022-08-16 08:10:13,2022-08-28 00:14:31
CONT2022004871,2022-08-17 13:56:06,2022-08-18 12:43:25
CONT2022004872,2022-08-16 21:55:32,2022-08-17 23:52:02
CONT2022004873,2022-08-16 23:30:39,
CONT2022004874,2022-08-17 06:59:24,
CONT2022004875,2022-08-20 02:08:57,
CONT2022004876,2022-08-18 18:51:53,2022-08-28 03:19:17
CONT2022004877,2022-08-20 01:42:00,2022-08-21 03:06:53
CONT2022004878,2022-08-17 03:15:53,
CONT2022004879,2022-08-23 13:09:22,2022-08-28 06:28:49
CONT2022004880,2022-08-20 16:35:19,2022-08-21 15:02:59
CONT2022004881,2022-08-17 10:05:51,2022-08-18 07:23:52
CONT2022004882,2022-08-15 16:18:30,2022-08-28 08:54:54
CONT2022004883,2022-08-21 05:21:51,2022-08-21 14:58:11
CONT2022004884,2022-08-15 17:20:28,2022-08-16 16:27:33
CONT2022004885,2022-08-19 03:22:51,2022-08-19 17:21:51
CONT2022004886,2022-08-15 14:32:18,2022-08-28 13:57:37
CONT2022004887,2022-08-24 20:24:51,2022-08-28 15:16:12
CONT2022004888,2022-08-18 12:13:14,2022-08-28 12:54:49
CONT2022004889,2022-08-22 10:09:53,2022-08-28 23:24:15
CONT2022004890,2022-08-17 09:28:18,2022-08-28 22:54:53
CONT2022004891,2022-08-21 03:39:10,2022-08-21 09:04:09
CONT2022004892,2022-08-17 06:24:34,2022-08-17 20:58:26
CONT2022004893,2022-08-15 08:20:23,2022-08-28 01:54:55
CONT2022004894,2022-08-17 06:43:57,2022-08-18 08:11:27
CONT2022004895,2022-08-19 23:57:14,2022-08-28 22:39:00
CONT2022004896,2022-08-17 13:01:09,2022-08-28 13:52:56
CONT2022004897,2022-08-23 22:27:19,2022-08-24 17:44:27
CONT2022004898,2022-08-17 19:23:28,2022-08-28 07:49:24
CONT2022004899,2022-08-17 14:09:36,2022-08-18 12:52:52
CONT2022004900,2022-08-18 16:15:23,2022-08-28 07:25:01
CONT2022004901,2022-08-16 14:03:55,2022-08-28 10:11:35
CONT2022004902,2022-08-20 13:05:32,2022-08-28 23:48:53
CONT2022004903,2022-08-22 22:05:43,2022-08-28 16:18:44
CONT2022004904,2022-08-17 13:04:01,2022-08-28 03:29:49
CONT2022004905,2022-08-23 20:18:23,2022-08-24 22:42:51
CONT2022004906,2022-08-17 11:01:41,2022-08-17 19:34:12
CONT2022004907,2022-08-24 10:49:04,2022-08-26 09:51:46
CONT2022004908,2022-08-18 21:20:08,
CONT2022004909,2022-08-20 16:23:15,
CONT2022004910,2022-08-16 04:54:32,2022-08-28 19:00:27
CONT2022004911,2022-08-24 14:29:44,2022-08-25 06:15:20
CONT2022004912,2022-08-20 16:08:19,2022-08-21 09:48:33
CONT2022004913,2022-08-19 08:22:58,2022-08-19 12:22:58
CONT2022004914,2022-08-21 00:22:42,2022-08-29 06:08:47
CONT2022004915,2022-08-17 07:49:29,2022-08-29 17:23:55
CONT2022004916,2022-08-19 03:14:54,2022-08-29 02:23:29
CONT2022004917,2022-08-22 22:41:27,2022-08-29 19:38:58
CONT2022004918,2022-08-24 22:31:39,2022-08-25 16:26:30
CONT2022004919,2022-08-25 06:20:07,2022-08-29 13:04:09
CONT2022004920,2022-08-23 19:50:22,2022-08-28 17:02:27
CONT2022004921,2022-08-15 16:46:57,2022-08-16 13:33:39
CONT2022004922,2022-08-20 06:03:08,2022-08-20 18:18:33
CONT2022004923,2022-08-20 05:40:38,2022-08-29 02:13:03
CONT2022004924,2022-08-25 04:44:49,2022-08-29 04:14:03
CONT2022004925,2022-08-24 01:10:21,2022-08-25 00:01:27
CONT2022004926,2022-08-20 06:37:41,2022-08-21 18:55:16
CONT2022004927,2022-08-17 17:56:50,2022-08-28 13:17:39
CONT2022004928,2022-08-19 17:04:32,2022-08-20 07:18:44
CONT2022004929,2022-08-17 02:28:19,2022-08-17 15:31:10
CONT2022004930,2022-08-23 06:51:41,2022-08-24 06:27:02
CONT2022004931,2022-08-18 01:20:54,2022-08-29 16:06:50
CONT2022004932,2022-08-20 16:31:59,2022-08-28 21:43:12
CONT2022004933,2022-08-18 21:40:50,
CONT2022004934,2022-08-19 18:39:47,2022-08-20 00:57:58
CONT2022004935,2022-08-24 01:48:33,2022-08-24 17:48:48
CONT2022004936,2022-08-24 10:12:24,2022-08-29 14:56:21
CONT2022004937,2022-08-16 03:44:54,2022-08-17 12:05:40
CONT2022004938,2022-08-22 09:44:39,2022-08-29 21:09:32
CONT2022004939,2022-08-23 15:12:18,2022-08-24 14:17:11
CONT2022004940,2022-08-15 21:51:04,2022-08-28 23:00:33
CONT2022004941,2022-08-23 04:41:15,
CONT2022004942,2022-08-21 19:09:02,
CONT2022004943,2022-08-20 01:36:53,
CONT2022004944,2022-08-18 23:52:12,2022-08-19 09:45:43
CONT2022004945,2022-08-17 18:05:01,2022-08-18 12:57:52
CONT2022004946,2022-08-21 12:09:11,
CONT2022004947,2022-08-18 10:49:51,
CONT2022004948,2022-08-26 06:29:49,2022-08-29 13:19:32
CONT2022004949,2022-08-20 08:30:37,2022-08-21 10:32:05
CONT2022004950,2022-08-24 23:02:34,2022-08-28 11:09:15
CONT2022004951,2022-08-18 23:30:26,2022-08-29 05:04:04
CONT2022004952,2022-08-17 02:55:32,2022-08-29 04:07:27
CONT2022004953,2022-08-16 17:45:39,2022-08-29 00:51:50
CONT2022004954,2022-08-18 19:51:34,2022-08-19 15:37:39
CONT2022004955,2022-08-16 02:55:26,2022-08-29 12:36:59
CONT2022004956,2022-08-21 13:42:37,2022-08-28 20:37:34
CONT2022004957,2022-08-20 21:00:13,
CONT2022004958,2022-08-20 20:42:55,2022-08-30 00:24:44
CONT2022004959,2022-08-19 03:10:07,2022-08-19 07:10:07
CONT2022004960,2022-08-25 18:32:00,2022-08-29 15:30:18
CONT2022004961,2022-08-25 05:08:24,2022-08-29 11:33:04
CONT2022004962,2022-08-22 06:59:04,2022-08-29 13:23:17
CONT2022004963,2022-08-16 16:19:00,2022-08-28 19:54:34
CONT2022004964,2022-08-17 14:58:27,2022-08-29 04:10:43
CONT2022004965,2022-08-15 19:17:09,2022-08-16 11:37:03
CONT2022004966,2022-08-23 03:59:08,2022-08-24 05:13:32
CONT2022004967,2022-08-19 03:49:58,2022-08-29 01:05:18
CONT2022004968,2022-08-26 04:47:03,2022-08-27 07:22:39
CONT2022004969,2022-08-21 00:34:59,2022-08-21 23:20:56
CONT2022004970,2022-08-26 15:35:02,2022-08-27 10:39:16
CONT2022004971,2022-08-21 10:17:00,2022-08-22 13:54:17
CONT2022004972,2022-08-22 20:47:08,2022-08-29 17:01:21
CONT2022004973,2022-08-24 03:38:20,2022-08-24 17:30:01
CONT2022004974,2022-08-21 11:34:30,2022-08-29 19:17:34
CONT2022004975,2022-08-23 01:28:05,
CONT2022004976,2022-08-19 09:37:41,2022-08-29 09:10:11
CONT2022004977,2022-08-17 09:53:08,
CONT2022004978,2022-08-23 10:21:21,2022-08-24 03:48:04
CONT2022004979,2022-08-19 11:25:40,
CONT2022004980,2022-08-25 12:37:43,2022-08-30 02:34:04
CONT2022004981,2022-08-20 07:47:38,2022-08-29 23:31:26
CONT2022004982,2022-08-20 01:59:20,2022-08-31 03:09:08
CONT2022004983,2022-08-17 09:54:30,2022-08-29 20:32:17
CONT2022004984,2022-08-25 09:00:45,2022-08-27 02:29:17
CONT2022004985,2022-08-24 17:06:55,
CONT2022004986,2022-08-16 17:43:26,2022-08-29 11:16:50
CONT2022004987,2022-08-19 07:11:47,
CONT2022004988,2022-08-18 14:56:31,
CONT2022004989,2022-08-26 00:32:22,
CONT2022004990,2022-08-20 08:53:39,
CONT2022004991,2022-08-30 06:31:15,2022-09-02 14:46:48
CONT2022004992,2022-08-27 05:43:58,2022-09-02 23:07:29
CONT2022004993,2022-08-28 20:16:15,2022-08-29 20:12:55
CONT2022004994,2022-08-22 08:02:01,
CONT2022004995,2022-08-23 08:20:05,
CONT2022004996,2022-08-27 12:45:55,2022-08-27 18:00:42
CONT2022004997,2022-08-30 09:39:24,2022-09-02 04:38:02
CONT2022004998,2022-08-23 12:27:31,
CONT2022004999,2022-08-19 23:39:48,2022-09-02 14:03:18
CONT2022005000,2022-08-27 01:49:15,2022-08-27 21:37:58
CONT2022005001,2022-08-26 07:30:50,2022-09-04 13:21:01
CONT2022005002,2022-08-30 23:51:24,
CONT2022005003,2022-08-27 22:14:02,2022-09-05 15:24:27
CONT2022005004,2022-08-26 15:44:45,2022-09-05 05:58:22
CONT2022005005,2022-08-31 06:48:23,2022-09-05 12:23:59
CONT2022005006,2022-08-29 03:20:31,2022-08-29 17:52:13
CONT2022005007,2022-08-31 08:19:17,2022-09-04 22:17:31
CONT2022005008,2022-08-30 13:33:01,2022-08-31 10:11:51
CONT2022005009,2022-08-27 02:41:33,
CONT2022005010,2022-08-24 10:40:41,2022-08-25 00:52:27
CONT2022005011,2022-08-23 08:36:11,2022-08-24 11:38:03
CONT2022005012,2022-08-25 23:19:28,2022-08-26 16:23:01
CONT2022005013,2022-09-02 09:34:05,2022-09-03 09:57:14
CONT2022005014,2022-08-23 09:02:24,2022-08-24 02:02:15
CONT2022005015,2022-08-30 21:12:17,2022-08-31 23:21:27
CONT2022005016,2022-08-24 06:58:41,2022-09-05 01:05:05
CONT2022005017,2022-08-31 15:21:36,2022-09-06 07:57:51
CONT2022005018,2022-08-28 06:40:38,2022-09-06 10:23:48
CONT2022005019,2022-09-02 13:44:20,
CONT2022005020,2022-09-01 17:17:08,2022-09-05 11:34:29
CONT2022005021,2022-09-01 21:00:32,2022-09-05 21:24:18
CONT2022005022,2022-08-28 03:49:17,2022-09-05 05:53:18
CONT2022005023,2022-08-27 17:22:44,2022-09-06 01:25:49
CONT2022005024,2022-08-25 20:06:23,
CONT2022005025,2022-09-02 18:05:13,2022-09-02 22:05:13
CONT2022005026,2022-08-26 15:31:37,
CONT2022005027,2022-08-25 22:46:45,2022-09-06 00:37:39
CONT2022005028,2022-09-01 04:48:26,
CONT2022005029,2022-08-24 17:41:18,
CONT2022005030,2022-08-24 13:29:22,2022-08-25 20:38:25
CONT2022005031,2022-08-30 12:47:41,2022-09-05 19:42:23
CONT2022005032,2022-08-31 21:59:19,2022-09-06 03:49:53
CONT2022005033,2022-08-29 15:37:04,2022-09-06 07:42:51
CONT2022005034,2022-08-27 17:20:33,2022-08-28 23:37:45
CONT2022005035,2022-08-24 20:38:39,2022-08-25 12:40:46
CONT2022005036,2022-09-01 05:40:31,2022-09-01 16:36:33
CONT2022005037,2022-09-02 13:45:34,
CONT2022005038,2022-08-24 08:06:00,2022-09-06 21:52:19
CONT2022005039,2022-08-29 03:35:19,2022-08-29 08:54:59
CONT2022005040,2022-09-03 15:23:35,
CONT2022005041,2022-08-27 22:27:12,2022-09-06 09:16:47
CONT2022005042,2022-08-27 16:50:34,2022-09-06 06:32:07
CONT2022005043,2022-09-03 16:10:11,2022-09-04 04:01:20
CONT2022005044,2022-09-02 16:50:32,2022-09-05 14:43:01
CONT2022005045,2022-09-03 22:31:38,2022-09-05 00:54:40
CONT2022005046,2022-09-02 19:02:34,2022-09-07 04:04:00
CONT2022005047,2022-09-01 09:29:36,
CONT2022005048,2022-08-27 03:51:11,2022-08-28 01:56:15
CONT2022005049,2022-08-25 05:49:32,2022-09-07 01:40:14
CONT2022005050,2022-08-28 14:42:08,2022-09-06 12:19:03
CONT2022005051,2022-08-30 04:54:43,2022-09-07 09:45:17
CONT2022005052,2022-08-25 20:31:29,2022-09-06 15:02:19
CONT2022005053,2022-09-01 04:53:27,
CONT2022005054,2022-08-25 17:06:34,2022-09-06 13:13:51
CONT2022005055,2022-08-28 18:30:46,2022-08-30 07:06:28
CONT2022005056,2022-08-31 13:42:39,
CONT2022005057,2022-09-02 06:10:46,
CONT2022005058,2022-08-24 08:35:39,2022-09-06 21:16:39
CONT2022005059,2022-08-31 20:20:37,2022-09-01 18:13:28
CONT2022005060,2022-09-03 12:03:20,2022-09-04 13:05:45
CONT2022005061,2022-08-24 17:33:28,
CONT2022005062,2022-08-31 17:26:50,2022-09-01 09:04:56
CONT2022005063,2022-08-25 10:52:50,2022-08-26 00:17:06
CONT2022005064,2022-08-31 04:13:57,2022-09-07 20:35:11
CONT2022005065,2022-09-03 15:52:14,
CONT2022005066,2022-08-25 09:49:12,2022-08-25 14:32:23
CONT2022005067,2022-08-26 22:49:43,2022-09-06 17:54:21
CONT2022005068,2022-09-02 06:13:42,2022-09-03 09:58:15
CONT2022005069,2022-08-31 03:29:19,2022-09-07 14:22:59
CONT2022005070,2022-09-02 04:57:35,2022-09-07 06:16:48
CONT2022005071,2022-09-02 15:15:26,2022-09-03 12:13:29
CONT2022005072,2022-08-31 23:03:10,2022-09-02 03:18:41
CONT2022005073,2022-08-31 15:08:14,2022-09-01 10:34:11
CONT2022005074,2022-08-28 11:25:03,
CONT2022005075,2022-08-26 02:02:36,2022-08-26 18:33:47
CONT2022005076,2022-09-02 07:15:30,2022-09-07 03:47:54
CONT2022005077,2022-09-03 05:17:21,2022-09-03 16:39:03
CONT2022005078,2022-08-25 13:53:22,2022-09-07 07:20:57
CONT2022005079,2022-08-25 07:28:37,
CONT2022005080,2022-08-28 14:19:09,2022-08-29 13:12:03
CONT2022005081,2022-08-29 14:06:31,
CONT2022005082,2022-09-01 04:54:03,
CONT2022005083,2022-09-03 14:24:43,2022-09-04 03:15:30
CONT2022005084,2022-08-25 20:15:39,
CONT2022005085,2022-09-03 18:43:18,2022-09-04 12:19:43
CONT2022005086,2022-09-04 01:07:34,2022-09-06 18:40:54
CONT2022005087,2022-08-30 05:21:49,2022-08-31 00:52:45
CONT2022005088,2022-08-31 08:32:37,2022-09-07 11:34:17
CONT2022005089,2022-08-31 09:00:20,2022-09-01 04:49:03
CONT2022005090,2022-08-29 04:03:37,2022-09-07 04:53:03
CONT2022005091,2022-09-04 19:39:15,2022-09-05 06:18:55
CONT2022005092,2022-09-03 23:19:47,2022-09-05 07:15:45
CONT2022005093,2022-08-25 06:29:52,2022-09-07 12:35:51
CONT2022005094,2022-09-02 09:19:16,2022-09-02 15:36:44
CONT2022005095,2022-08-28 23:49:08,2022-09-08 01:14:39
CONT2022005096,2022-09-02 03:28:38,2022-09-02 13:39:15
CONT2022005097,2022-08-25 15:33:55,2022-09-07 14:05:33
CONT2022005098,2022-09-02 08:30:19,2022-09-07 18:17:31
CONT2022005099,2022-08-29 02:48:56,2022-08-30 06:48:16
CONT2022005100,2022-08-30 01:37:54,2022-08-31 11:36:30
CONT2022005101,2022-08-31 12:04:38,2022-09-07 13:28:04
CONT2022005102,2022-08-27 20:59:56,2022-09-07 21:37:57
CONT2022005103,2022-08-31 10:46:24,2022-09-01 06:43:20
CONT2022005104,2022-08-25 08:52:04,2022-09-07 11:40:27
CONT2022005105,2022-08-30 15:41:03,
CONT2022005106,2022-09-03 05:21:04,2022-09-07 06:30:43
CONT2022005107,2022-08-31 15:10:44,
CONT2022005108,2022-08-31 08:59:04,2022-09-01 13:08:42
CONT2022005109,2022-08-28 16:40:55,2022-08-29 08:15:58
CONT2022005110,2022-09-02 08:05:19,2022-09-06 19:15:24
CONT2022005111,2022-08-31 01:20:16,2022-09-07 06:13:23
CONT2022005112,2022-09-02 15:50:12,2022-09-03 10:29:27
CONT2022005113,2022-08-31 08:59:30,2022-09-08 05:01:01
CONT2022005114,2022-09-03 14:37:27,2022-09-04 14:58:15
CONT2022005115,2022-08-28 01:43:11,
CONT2022005116,2022-09-03 02:38:19,2022-09-03 07:23:53
CONT2022005117,2022-09-01 06:12:41,2022-09-02 05:44:17
CONT2022005118,2022-09-01 15:41:36,2022-09-09 05:56:15
CONT2022005119,2022-09-04 04:22:23,2022-09-09 01:57:00
CONT2022005120,2022-08-31 00:12:14,
CONT2022005121,2022-09-02 09:44:09,2022-09-02 22:15:04
CONT2022005122,2022-09-05 05:38:20,
CONT2022005123,2022-09-01 12:16:40,2022-09-09 21:16:40
CONT2022005124,2022-09-03 20:29:55,2022-09-04 23:34:38
CONT2022005125,2022-08-31 00:43:44,2022-08-31 23:51:38
CONT2022005126,2022-08-28 14:59:06,
CONT2022005127,2022-08-29 23:35:37,
CONT2022005128,2022-08-28 20:27:22,
CONT2022005129,2022-09-04 06:33:32,2022-09-04 21:33:01
CONT2022005130,2022-08-29 01:09:37,2022-09-08 17:56:32
CONT2022005131,2022-09-06 13:53:28,
CONT2022005132,2022-09-06 10:54:40,2022-09-07 01:22:02
CONT2022005133,2022-09-05 10:45:57,
CONT2022005134,2022-09-05 00:30:29,2022-09-09 18:36:51
CONT2022005135,2022-08-29 00:17:01,
CONT2022005136,2022-08-27 02:26:04,2022-09-11 01:06:29
CONT2022005137,2022-09-01 12:09:09,2022-09-02 06:34:45
CONT2022005138,2022-08-28 19:45:26,2022-08-29 22:42:29
CONT2022005139,2022-08-29 05:27:31,2022-09-10 07:53:34
CONT2022005140,2022-08-27 07:29:25,
CONT2022005141,2022-09-01 13:24:38,2022-09-09 22:17:36
CONT2022005142,2022-09-05 19:16:19,2022-09-07 00:49:42
CONT2022005143,2022-08-28 22:08:49,2022-08-29 14:28:57
CONT2022005144,2022-09-04 06:03:43,2022-09-05 02:08:19
CONT2022005145,2022-09-03 08:33:54,
CONT2022005146,2022-08-31 13:09:04,2022-09-01 06:00:37
CONT2022005147,2022-08-27 22:55:38,2022-09-09 19:25:51
CONT2022005148,2022-09-03 02:11:04,2022-09-04 06:53:49
CONT2022005149,2022-08-30 10:43:36,2022-08-31 14:11:27
CONT2022005150,2022-08-30 08:28:20,2022-09-10 05:10:33
CONT2022005151,2022-08-31 05:11:08,2022-08-31 09:11:08
CONT2022005152,2022-09-06 09:29:22,2022-09-09 18:18:18
CONT2022005153,2022-08-27 03:38:28,2022-09-09 21:31:13
CONT2022005154,2022-08-29 05:19:43,
CONT2022005155,2022-08-27 10:47:08,2022-09-09 04:20:26
CONT2022005156,2022-09-02 17:04:59,
CONT2022005157,2022-09-02 07:41:21,
CONT2022005158,2022-08-30 23:49:19,2022-09-12 07:10:39
CONT2022005159,2022-09-05 03:26:48,2022-09-11 23:46:41
CONT2022005160,2022-09-01 05:13:40,
CONT2022005161,2022-09-07 14:26:50,2022-09-12 12:23:29
CONT2022005162,2022-09-03 21:18:18,
CONT2022005163,2022-09-07 08:25:28,2022-09-08 11:04:56
CONT2022005164,2022-09-02 19:49:44,
CONT2022005165,2022-09-05 18:29:29,2022-09-12 01:57:09
CONT2022005166,2022-08-29 08:07:37,2022-09-11 02:40:00
CONT2022005167,2022-09-07 03:04:19,2022-09-11 15:09:20
CONT2022005168,2022-09-07 03:52:04,2022-09-11 17:51:20
CONT2022005169,2022-09-04 18:21:24,2022-09-11 18:11:43
CONT2022005170,2022-09-06 03:05:54,
CONT2022005171,2022-09-03 06:19:27,2022-09-12 05:00:23
CONT2022005172,2022-09-06 04:08:49,
CONT2022005173,2022-09-07 11:04:21,2022-09-08 13:29:15
CONT2022005174,2022-09-01 04:05:24,2022-09-02 10:53:32
CONT2022005175,2022-09-05 18:34:08,2022-09-06 12:19:00
CONT2022005176,2022-09-03 21:14:48,2022-09-11 15:04:01
CONT2022005177,2022-09-09 05:04:53,2022-09-10 15:01:20
CONT2022005178,2022-09-01 17:39:20,2022-09-02 13:27:05
CONT2022005179,2022-09-01 07:17:44,2022-09-11 21:58:47
CONT2022005180,2022-09-03 00:58:25,2022-09-11 11:58:52
CONT2022005181,2022-09-03 17:36:09,2022-09-04 07:17:05
CONT2022005182,2022-09-08 04:20:18,2022-09-12 03:34:18
CONT2022005183,2022-09-01 11:44:21,2022-09-02 14:29:04
CONT2022005184,2022-09-05 07:03:50,2022-09-06 05:43:50
CONT2022005185,2022-08-31 23:25:54,2022-09-12 10:54:38
CONT2022005186,2022-09-03 00:08:59,2022-09-03 20:54:42
CONT2022005187,2022-09-01 09:01:38,2022-09-11 23:38:12
CONT2022005188,2022-09-07 00:06:21,2022-09-07 17:36:40
CONT2022005189,2022-09-03 06:01:38,2022-09-04 09:24:36
CONT2022005190,2022-09-07 04:21:59,2022-09-07 23:32:48
CONT2022005191,2022-09-08 06:30:02,2022-09-08 10:51:50
CONT2022005192,2022-09-02 04:23:03,2022-09-12 08:38:48
CONT2022005193,2022-08-29 23:18:51,2022-09-11 18:36:40
CONT2022005194,2022-09-05 13:34:09,2022-09-12 19:41:10
CONT2022005195,2022-09-07 08:31:04,2022-09-07 23:44:52
CONT2022005196,2022-09-06 20:23:28,2022-09-11 10:53:52
CONT2022005197,2022-09-04 15:51:22,2022-09-05 10:06:36
CONT2022005198,2022-08-30 15:39:20,2022-09-12 05:46:10
CONT2022005199,2022-09-07 01:14:38,2022-09-07 19:41:15
CONT2022005200,2022-08-29 23:10:43,2022-09-12 19:54:06
CONT2022005201,2022-09-02 04:34:40,2022-09-03 00:16:41
CONT2022005202,2022-09-08 22:38:06,2022-09-11 19:06:27
CONT2022005203,2022-09-08 16:32:37,2022-09-09 15:34:22
CONT2022005204,2022-09-06 06:14:58,2022-09-06 22:02:19
CONT2022005205,2022-09-06 02:38:43,2022-09-07 01:21:44
CONT2022005206,2022-09-02 08:26:54,2022-09-11 22:30:29
CONT2022005207,2022-08-31 02:44:04,2022-08-31 23:25:17
CONT2022005208,2022-08-31 17:22:33,2022-09-12 10:20:15
CONT2022005209,2022-08-30 14:43:10,2022-08-31 17:14:34
CONT2022005210,2022-08-31 17:36:22,2022-09-11 17:59:22
CONT2022005211,2022-09-08 17:47:32,2022-09-09 06:30:09
CONT2022005212,2022-09-05 12:50:42,2022-09-12 11:48:37
CONT2022005213,2022-09-01 15:00:52,2022-09-02 08:02:04
CONT2022005214,2022-09-08 05:36:50,2022-09-12 01:22:33
CONT2022005215,2022-09-09 19:37:20,2022-09-13 05:28:18
CONT2022005216,2022-09-04 14:15:14,2022-09-11 22:34:28
CONT2022005217,2022-09-01 04:42:12,2022-09-12 17:58:26
CONT2022005218,2022-09-05 13:20:57,2022-09-06 13:47:52
CONT2022005219,2022-09-09 18:21:30,2022-09-11 02:53:18
CONT2022005220,2022-09-07 21:53:20,2022-09-12 05:17:34
CONT2022005221,2022-09-06 22:58:42,2022-09-13 03:07:47
CONT2022005222,2022-09-07 19:52:06,2022-09-08 18:36:47
CONT2022005223,2022-09-08 20:34:33,2022-09-09 14:30:43
CONT2022005224,2022-09-04 05:41:51,2022-09-12 14:45:48
CONT2022005225,2022-09-02 11:46:00,2022-09-03 15:24:26
CONT2022005226,2022-09-05 21:58:44,2022-09-07 07:41:49
CONT2022005227,2022-09-08 08:40:32,2022-09-12 08:59:25
CONT2022005228,2022-09-06 20:10:33,2022-09-13 01:33:54
CONT2022005229,2022-09-03 14:01:08,
CONT2022005230,2022-09-07 20:48:50,
CONT2022005231,2022-09-02 17:19:12,2022-09-03 16:21:52
CONT2022005232,2022-09-05 16:55:44,2022-09-06 12:10:11
CONT2022005233,2022-09-09 09:23:19,2022-09-10 04:21:22
CONT2022005234,2022-09-08 10:21:32,2022-09-09 04:51:13
CONT2022005235,2022-09-09 15:28:56,2022-09-13 07:04:58
CONT2022005236,2022-09-03 18:28:18,2022-09-14 00:40:24
CONT2022005237,2022-09-10 18:34:20,2022-09-14 10:15:53
CONT2022005238,2022-09-04 18:49:51,
CONT2022005239,2022-09-04 05:31:16,2022-09-14 09:50:35
CONT2022005240,2022-09-03 20:53:14,2022-09-04 14:54:47
CONT2022005241,2022-09-05 01:20:21,2022-09-12 23:32:13
CONT2022005242,2022-09-07 08:29:04,
CONT2022005243,2022-09-06 06:14:45,
CONT2022005244,2022-09-01 01:34:47,2022-09-13 23:59:20
CONT2022005245,2022-09-08 01:11:05,
CONT2022005246,2022-09-04 02:17:52,2022-09-13 03:26:54
CONT2022005247,2022-09-01 15:23:12,2022-09-02 05:00:32
CONT2022005248,2022-09-01 07:36:10,2022-09-01 22:08:48
CONT2022005249,2022-09-05 12:14:06,
CONT2022005250,2022-09-05 15:51:50,2022-09-06 16:29:21
CONT2022005251,2022-09-09 08:55:31,2022-09-10 18:13:35
CONT2022005252,2022-09-08 06:00:49,2022-09-09 12:57:30
CONT2022005253,2022-09-01 08:36:32,2022-09-14 16:34:03
CONT2022005254,2022-09-11 11:55:10,2022-09-12 04:27:25
CONT2022005255,2022-09-11 17:06:52,2022-09-12 17:49:25
CONT2022005256,2022-09-06 01:07:06,2022-09-14 14:36:39
CONT2022005257,2022-09-02 03:08:29,2022-09-14 21:33:34
CONT2022005258,2022-09-10 01:14:20,2022-09-15 16:28:40
CONT2022005259,2022-09-08 02:19:04,2022-09-15 10:15:38
CONT2022005260,2022-09-03 18:55:00,2022-09-04 11:24:57
CONT2022005261,2022-09-10 03:09:05,2022-09-14 18:04:52
CONT2022005262,2022-09-09 09:19:29,
CONT2022005263,2022-09-07 02:36:52,
CONT2022005264,2022-09-01 19:42:32,2022-09-14 09:04:18
CONT2022005265,2022-09-10 19:43:38,2022-09-14 21:08:50
CONT2022005266,2022-09-02 02:30:27,2022-09-03 15:50:20
CONT2022005267,2022-09-03 08:06:42,2022-09-03 23:22:38
CONT2022005268,2022-09-09 00:41:58,2022-09-10 01:23:03
CONT2022005269,2022-09-09 23:05:35,2022-09-11 08:11:26
CONT2022005270,2022-09-09 15:26:06,2022-09-10 11:33:52
CONT2022005271,2022-09-04 06:34:23,2022-09-05 04:33:15
CONT2022005272,2022-09-04 01:50:41,
CONT2022005273,2022-09-07 19:37:33,
CONT2022005274,2022-09-11 08:05:21,2022-09-14 22:31:21
CONT2022005275,2022-09-05 17:59:45,2022-09-14 19:17:31
CONT2022005276,2022-09-03 12:33:56,2022-09-15 14:01:08
CONT2022005277,2022-09-08 13:38:17,2022-09-09 21:36:11
CONT2022005278,2022-09-05 08:13:44,2022-09-06 03:20:46
CONT2022005279,2022-09-11 12:55:08,2022-09-11 18:31:07
CONT2022005280,2022-09-07 19:55:23,2022-09-14 17:29:19
CONT2022005281,2022-09-06 19:33:26,2022-09-15 11:30:10
CONT2022005282,2022-09-08 23:08:07,2022-09-09 03:08:07
CONT2022005283,2022-09-06 03:28:29,2022-09-06 09:27:20
CONT2022005284,2022-09-07 22:41:44,2022-09-15 03:22:31
CONT2022005285,2022-09-04 06:47:15,2022-09-15 10:43:37
CONT2022005286,2022-09-10 09:28:54,2022-09-11 02:49:25
CONT2022005287,2022-09-04 13:58:54,
CONT2022005288,2022-09-09 21:18:44,2022-09-15 05:10:02
CONT2022005289,2022-09-10 03:57:43,
CONT2022005290,2022-09-11 05:49:40,2022-09-12 06:53:09
CONT2022005291,2022-09-07 06:07:21,
CONT2022005292,2022-09-09 10:56:56,
CONT2022005293,2022-09-08 00:47:15,2022-09-15 02:51:49
CONT2022005294,2022-09-04 11:13:26,2022-09-15 15:32:43
CONT2022005295,2022-09-05 02:40:11,2022-09-06 05:28:26
CONT2022005296,2022-09-10 04:05:12,2022-09-15 04:36:10
CONT2022005297,2022-09-09 13:33:22,2022-09-15 02:37:14
CONT2022005298,2022-09-04 07:33:06,2022-09-14 17:37:58
CONT2022005299,2022-09-12 06:55:10,2022-09-15 13:31:08
CONT2022005300,2022-09-12 06:44:14,2022-09-13 06:25:03
CONT2022005301,2022-09-03 09:54:51,2022-09-04 07:48:13
CONT2022005302,2022-09-09 14:39:09,2022-09-14 09:11:37
CONT2022005303,2022-09-07 11:42:59,
CONT2022005304,2022-09-04 03:06:16,2022-09-04 10:50:46
CONT2022005305,2022-09-04 07:55:22,2022-09-04 17:17:57
CONT2022005306,2022-09-06 23:20:02,2022-09-15 14:52:48
CONT2022005307,2022-09-04 21:58:09,2022-09-14 22:50:35
CONT2022005308,2022-09-06 09:49:34,
CONT2022005309,2022-09-11 21:38:36,2022-09-15 12:55:11
CONT2022005310,2022-09-01 22:55:22,2022-09-02 19:28:51
CONT2022005311,2022-09-09 03:56:13,2022-09-09 21:46:53
CONT2022005312,2022-09-03 12:49:00,
CONT2022005313,2022-09-10 11:21:23,
CONT2022005314,2022-09-02 14:21:11,
CONT2022005315,2022-09-08 20:03:22,2022-09-16 11:58:27
CONT2022005316,2022-09-04 05:14:55,2022-09-05 03:35:29
CONT2022005317,2022-09-11 23:15:38,2022-09-16 00:51:47
CONT2022005318,2022-09-09 13:42:39,2022-09-10 09:01:00
CONT2022005319,2022-09-04 13:08:27,2022-09-15 15:08:18
CONT2022005320,2022-09-02 16:16:21,2022-09-16 02:45:29
CONT2022005321,2022-09-06 08:33:04,
CONT2022005322,2022-09-09 03:36:40,2022-09-10 06:53:56
CONT2022005323,2022-09-03 14:59:44,2022-09-04 18:34:19
CONT2022005324,2022-09-06 04:29:45,2022-09-06 22:12:30
CONT2022005325,2022-09-10 03:24:05,
CONT2022005326,2022-09-04 02:08:15,2022-09-16 03:28:13
CONT2022005327,2022-09-05 11:16:46,
CONT2022005328,2022-09-06 15:25:41,
CONT2022005329,2022-09-07 10:57:01,2022-09-16 20:54:57
CONT2022005330,2022-09-12 15:28:27,
CONT2022005331,2022-09-07 23:52:43,2022-09-09 07:38:51
CONT2022005332,2022-09-08 09:09:48,2022-09-16 14:14:11
CONT2022005333,2022-09-11 19:12:31,2022-09-12 21:43:31
CONT2022005334,2022-09-09 06:57:50,
CONT2022005335,2022-09-07 03:00:50,
CONT2022005336,2022-09-07 02:15:39,2022-09-08 01:16:57
CONT2022005337,2022-09-04 12:26:57,2022-09-16 14:26:37
CONT2022005338,2022-09-11 06:57:06,
CONT2022005339,2022-09-05 00:40:21,2022-09-16 21:06:10
CONT2022005340,2022-09-08 05:19:44,
CONT2022005341,2022-09-11 01:14:33,2022-09-12 01:56:38
CONT2022005342,2022-09-12 12:47:59,
CONT2022005343,2022-09-09 00:46:40,2022-09-09 18:58:29
CONT2022005344,2022-09-15 18:33:51,2022-09-18 20:36:02
CONT2022005345,2022-09-11 12:44:36,
CONT2022005346,2022-09-11 02:51:34,2022-09-19 09:12:29
CONT2022005347,2022-09-10 16:15:52,2022-09-10 22:53:17
CONT2022005348,2022-09-14 19:26:17,2022-09-16 03:03:11
CONT2022005349,2022-09-13 12:11:00,2022-09-19 16:44:00
CONT2022005350,2022-09-08 08:14:28,2022-09-08 15:48:32
CONT2022005351,2022-09-13 04:48:32,2022-09-13 22:47:21
CONT2022005352,2022-09-13 00:11:18,2022-09-13 16:33:29
CONT2022005353,2022-09-13 11:51:11,2022-09-13 23:17:07
CONT2022005354,2022-09-09 18:29:14,2022-09-20 07:52:45
CONT2022005355,2022-09-11 23:35:23,2022-09-12 13:15:22
CONT2022005356,2022-09-13 21:20:14,2022-09-14 13:17:00
CONT2022005357,2022-09-08 12:43:31,
CONT2022005358,2022-09-14 21:33:03,2022-09-20 12:19:04
CONT2022005359,2022-09-13 06:52:21,2022-09-19 01:49:48
CONT2022005360,2022-09-17 00:02:00,2022-09-20 06:50:19
CONT2022005361,2022-09-06 14:45:15,2022-09-20 11:21:31
CONT2022005362,2022-09-15 02:06:44,2022-09-19 00:28:05
CONT2022005363,2022-09-11 16:43:17,2022-09-12 21:24:14
CONT2022005364,2022-09-16 02:11:28,2022-09-19 20:18:21
CONT2022005365,2022-09-07 05:10:09,
CONT2022005366,2022-09-07 21:17:34,2022-09-08 12:40:34
CONT2022005367,2022-09-10 01:51:37,2022-09-10 18:29:49
CONT2022005368,2022-09-13 14:51:07,2022-09-20 08:04:03
CONT2022005369,2022-09-11 21:45:21,2022-09-12 12:55:31
CONT2022005370,2022-09-07 14:05:25,2022-09-07 23:46:22
CONT2022005371,2022-09-11 08:07:37,
CONT2022005372,2022-09-14 05:28:41,2022-09-19 16:21:50
CONT2022005373,2022-09-16 07:48:23,2022-09-20 20:53:21
CONT2022005374,2022-09-16 00:09:10,2022-09-20 15:29:43
CONT2022005375,2022-09-08 04:08:17,
CONT2022005376,2022-09-10 05:23:45,2022-09-11 00:07:21
CONT2022005377,2022-09-16 13:27:41,2022-09-17 13:21:48
CONT2022005378,2022-09-17 05:54:21,2022-09-18 05:21:05
CONT2022005379,2022-09-11 21:52:44,2022-09-21 19:24:09
CONT2022005380,2022-09-12 09:05:52,2022-09-13 00:25:21
CONT2022005381,2022-09-14 10:27:39,2022-09-15 03:14:00
CONT2022005382,2022-09-10 01:18:14,2022-09-10 17:26:04
CONT2022005383,2022-09-06 23:34:08,2022-09-08 01:34:18
CONT2022005384,2022-09-11 10:14:13,2022-09-12 10:18:50
CONT2022005385,2022-09-16 08:26:38,2022-09-20 23:52:48
CONT2022005386,2022-09-15 15:44:11,2022-09-16 12:36:55
CONT2022005387,2022-09-08 10:03:31,2022-09-21 05:13:40
CONT2022005388,2022-09-09 10:21:42,2022-09-20 01:43:53
CONT2022005389,2022-09-12 15:30:56,2022-09-20 11:06:47
CONT2022005390,2022-09-19 21:50:58,2022-09-23 10:33:45
CONT2022005391,2022-09-14 05:10:14,2022-09-14 12:51:36
CONT2022005392,2022-09-12 01:29:24,2022-09-23 01:08:33
CONT2022005393,2022-09-19 22:13:57,2022-09-22 22:22:01
CONT2022005394,2022-09-20 12:12:13,2022-09-23 12:54:12
CONT2022005395,2022-09-19 00:47:01,
CONT2022005396,2022-09-12 08:04:20,2022-09-23 00:22:52
CONT2022005397,2022-09-12 05:39:25,2022-09-23 08:54:43
CONT2022005398,2022-09-13 23:33:53,2022-09-14 03:33:53
CONT2022005399,2022-09-18 23:06:52,2022-09-23 19:33:02
CONT2022005400,2022-09-21 19:30:51,2022-09-24 18:28:58
CONT2022005401,2022-09-13 00:33:15,2022-09-25 08:06:28
CONT2022005402,2022-09-13 12:51:36,2022-09-25 00:42:53
CONT2022005403,2022-09-14 11:09:13,2022-09-25 12:17:27
CONT2022005404,2022-09-16 05:20:32,2022-09-25 03:21:35
CONT2022005405,2022-09-19 00:12:42,
CONT2022005406,2022-09-22 00:24:29,2022-09-24 22:37:49
CONT2022005407,2022-09-13 07:46:37,2022-09-25 12:15:48
CONT2022005408,2022-09-20 00:55:51,2022-09-25 08:40:24
CONT2022005409,2022-09-14 07:36:10,2022-09-25 12:48:56
CONT2022005410,2022-09-18 17:32:25,2022-09-19 08:27:47
CONT2022005411,2022-09-13 12:29:23,
CONT2022005412,2022-09-12 19:27:28,2022-09-13 22:18:34
CONT2022005413,2022-09-12 17:08:34,
CONT2022005414,2022-09-13 20:06:58,
CONT2022005415,2022-09-15 20:25:27,2022-09-26 17:33:49
CONT2022005416,2022-09-15 09:52:56,2022-09-16 11:47:32
CONT2022005417,2022-09-20 05:25:24,2022-09-21 02:27:05
CONT2022005418,2022-09-12 20:58:37,2022-09-26 07:04:15
CONT2022005419,2022-09-16 16:10:29,2022-09-26 08:25:21
CONT2022005420,2022-09-17 08:00:14,2022-09-25 15:58:04
CONT2022005421,2022-09-22 05:41:10,2022-09-23 13:09:12
CONT2022005422,2022-09-23 12:29:06,2022-09-26 14:43:16
CONT2022005423,2022-09-14 18:27:40,2022-09-27 01:05:45
CONT2022005424,2022-09-22 00:11:33,
CONT2022005425,2022-09-23 15:44:34,2022-09-26 20:58:20
CONT2022005426,2022-09-20 23:18:42,2022-09-26 18:10:42
CONT2022005427,2022-09-20 09:37:54,2022-09-26 01:51:23
CONT2022005428,2022-09-15 10:24:31,2022-09-27 11:29:52
CONT2022005429,2022-09-15 06:17:31,2022-09-15 12:08:59
CONT2022005430,2022-09-20 13:59:48,2022-09-21 08:56:00
CONT2022005431,2022-09-18 11:24:53,2022-09-25 21:46:44
CONT2022005432,2022-09-20 19:14:59,2022-09-21 18:36:26
CONT2022005433,2022-09-17 22:57:23,2022-09-26 00:17:40
CONT2022005434,2022-09-13 02:56:20,
CONT2022005435,2022-09-23 07:38:07,2022-09-23 21:30:18
CONT2022005436,2022-09-17 14:39:00,2022-09-26 10:26:14
CONT2022005437,2022-09-17 11:58:59,
CONT2022005438,2022-09-22 04:09:19,2022-09-23 23:12:29
CONT2022005439,2022-09-23 22:53:42,2022-09-24 11:49:11
CONT2022005440,2022-09-13 14:29:47,2022-09-14 15:01:05
CONT2022005441,2022-09-14 02:30:57,2022-09-15 00:53:22
CONT2022005442,2022-09-19 12:39:19,2022-09-20 19:44:47
CONT2022005443,2022-09-17 02:12:09,
CONT2022005444,2022-09-19 18:17:23,2022-09-20 20:40:56
CONT2022005445,2022-09-18 10:27:01,2022-09-26 16:31:34
CONT2022005446,2022-09-22 07:26:36,2022-09-22 12:56:34
CONT2022005447,2022-09-20 23:55:46,
CONT2022005448,2022-09-18 17:28:51,2022-09-28 06:15:12
CONT2022005449,2022-09-18 00:41:16,
CONT2022005450,2022-09-21 12:13:13,2022-09-27 23:20:51
CONT2022005451,2022-09-20 20:52:11,2022-09-27 22:19:32
CONT2022005452,2022-09-18 13:22:54,2022-09-19 07:41:59
CONT2022005453,2022-09-16 12:29:39,2022-09-17 01:17:52
CONT2022005454,2022-09-21 01:57:16,2022-09-28 01:41:43
CONT2022005455,2022-09-20 03:31:35,2022-09-27 13:52:52
CONT2022005456,2022-09-15 16:06:43,2022-09-16 18:16:54
CONT2022005457,2022-09-19 16:18:49,2022-09-20 10:33:43
CONT2022005458,2022-09-22 20:38:48,2022-09-23 14:59:48
CONT2022005459,2022-09-24 10:43:36,2022-09-26 01:17:43
CONT2022005460,2022-09-15 19:25:36,2022-09-16 17:50:36
CONT2022005461,2022-09-22 08:29:50,2022-09-27 17:01:19
CONT2022005462,2022-09-17 18:24:50,
CONT2022005463,2022-09-20 23:05:12,2022-09-21 19:05:00
CONT2022005464,2022-09-19 06:55:58,2022-09-20 03:48:24
CONT2022005465,2022-09-20 05:31:19,
CONT2022005466,2022-09-16 19:49:30,2022-09-17 04:35:22
CONT2022005467,2022-09-21 02:43:26,2022-09-21 18:36:10
CONT2022005468,2022-09-16 20:16:53,2022-09-28 15:25:51
CONT2022005469,2022-09-17 15:08:15,2022-09-28 15:55:16
CONT2022005470,2022-09-19 03:55:47,2022-09-29 13:24:01
CONT2022005471,2022-09-19 00:37:24,2022-09-19 04:37:24
CONT2022005472,2022-09-20 10:44:43,2022-09-20 18:27:39
CONT2022005473,2022-09-18 03:59:09,
CONT2022005474,2022-09-22 01:31:09,
CONT2022005475,2022-09-17 22:21:50,2022-09-19 09:57:51
CONT2022005476,2022-09-24 01:20:18,2022-09-29 04:00:02
CONT2022005477,2022-09-24 20:17:15,2022-09-25 14:54:08
CONT2022005478,2022-09-16 03:09:08,2022-09-28 14:27:03
CONT2022005479,2022-09-17 05:13:04,2022-09-18 00:57:44
CONT2022005480,2022-09-15 20:59:56,2022-09-17 05:26:32
CONT2022005481,2022-09-16 22:37:27,2022-09-28 14:13:57
CONT2022005482,2022-09-22 13:56:33,2022-09-23 07:11:30
CONT2022005483,2022-09-23 19:44:46,2022-09-24 01:51:39
CONT2022005484,2022-09-16 15:37:35,2022-09-17 12:32:05
CONT2022005485,2022-09-16 06:32:57,2022-09-16 17:16:06
CONT2022005486,2022-09-16 05:03:26,2022-09-29 01:36:33
CONT2022005487,2022-09-17 08:09:57,
CONT2022005488,2022-09-21 04:41:41,
CONT2022005489,2022-09-20 00:59:44,2022-09-29 01:42:47
CONT2022005490,2022-09-17 05:35:25,2022-09-29 06:05:24
CONT2022005491,2022-09-23 06:26:49,2022-09-28 16:09:49
CONT2022005492,2022-09-18 06:36:34,2022-09-28 15:53:51
CONT2022005493,2022-09-19 21:07:21,
CONT2022005494,2022-09-21 22:29:37,2022-09-23 02:53:53
CONT2022005495,2022-09-18 11:16:34,2022-09-19 14:01:48
CONT2022005496,2022-09-21 02:04:56,2022-09-30 04:53:43
CONT2022005497,2022-09-17 03:15:28,2022-09-17 21:08:43
CONT2022005498,2022-09-24 01:19:54,2022-09-24 23:30:25
CONT2022005499,2022-09-25 03:20:56,2022-09-25 12:30:29
CONT2022005500,2022-09-23 06:58:30,2022-09-24 06:37:03
CONT2022005501,2022-09-21 08:25:41,
CONT2022005502,2022-09-19 14:30:33,2022-09-21 01:09:38
CONT2022005503,2022-09-22 08:22:36,2022-09-22 18:07:55
CONT2022005504,2022-09-17 23:37:46,2022-09-18 19:44:20
CONT2022005505,2022-09-21 22:29:35,2022-09-22 10:55:55
CONT2022005506,2022-09-23 10:26:27,2022-09-23 14:26:27
CONT2022005507,2022-09-27 10:14:43,2022-09-28 06:50:47
CONT2022005508,2022-09-23 02:12:49,2022-09-24 05:44:16
CONT2022005509,2022-09-19 06:19:14,2022-09-20 00:14:15
CONT2022005510,2022-09-26 19:45:04,2022-09-26 23:45:04
CONT2022005511,2022-09-25 05:37:55,2022-09-30 13:56:30
CONT2022005512,2022-09-26 09:02:39,2022-09-26 17:59:42
CONT2022005513,2022-09-17 21:21:35,2022-09-18 19:57:37
CONT2022005514,2022-09-19 00:25:56,
CONT2022005515,2022-09-17 07:07:26,2022-09-30 01:17:12
CONT2022005516,2022-09-24 02:08:44,
CONT2022005517,2022-09-20 22:15:07,2022-09-22 00:29:06
CONT2022005518,2022-09-29 04:49:11,2022-09-30 05:56:23
CONT2022005519,2022-09-28 16:04:51,2022-10-02 09:31:28
CONT2022005520,2022-09-25 04:06:44,2022-09-25 17:08:25
CONT2022005521,2022-09-20 02:05:24,2022-09-21 02:23:31
CONT2022005522,2022-09-22 03:20:48,
CONT2022005523,2022-09-20 11:56:39,2022-09-21 11:54:19
CONT2022005524,2022-09-25 00:25:04,2022-10-02 02:19:32
CONT2022005525,2022-09-25 23:26:31,2022-09-27 04:38:32
CONT2022005526,2022-09-21 15:19:12,
CONT2022005527,2022-09-29 19:31:24,2022-10-03 07:06:10
CONT2022005528,2022-10-01 09:54:40,2022-10-02 19:52:18
CONT2022005529,2022-09-22 23:30:45,2022-10-04 12:03:33
CONT2022005530,2022-09-21 16:30:40,2022-10-03 21:54:10
CONT2022005531,2022-10-01 13:12:14,2022-10-03 23:04:06
CONT2022005532,2022-09-26 12:09:10,2022-09-27 11:00:42
CONT2022005533,2022-09-25 05:49:53,2022-09-25 15:19:23
CONT2022005534,2022-09-25 22:59:35,
CONT2022005535,2022-09-27 21:37:59,2022-09-29 10:33:45
CONT2022005536,2022-09-22 20:05:22,2022-10-04 01:45:02
CONT2022005537,2022-09-25 02:49:05,
CONT2022005538,2022-09-22 00:58:18,2022-10-04 20:23:32
CONT2022005539,2022-09-22 05:42:05,
CONT2022005540,2022-09-29 21:59:20,2022-10-04 03:34:43
CONT2022005541,2022-09-28 22:17:32,
CONT2022005542,2022-09-30 03:14:38,2022-09-30 11:25:53
CONT2022005543,2022-09-24 10:53:47,2022-09-25 19:16:01
CONT2022005544,2022-09-28 00:55:25,2022-10-05 12:20:46
CONT2022005545,2022-09-23 00:13:33,
CONT2022005546,2022-10-02 15:10:45,2022-10-05 22:32:42
CONT2022005547,2022-09-22 14:27:00,2022-10-05 10:44:25
CONT2022005548,2022-09-23 15:19:05,2022-09-24 15:45:06
CONT2022005549,2022-09-28 01:24:59,2022-10-06 02:14:26
CONT2022005550,2022-10-02 19:17:46,2022-10-06 15:22:08
CONT2022005551,2022-10-01 00:09:23,
CONT2022005552,2022-09-29 07:19:23,2022-10-06 13:18:48
CONT2022005553,2022-09-23 18:11:11,2022-10-06 13:00:44
CONT2022005554,2022-09-27 01:50:57,2022-10-06 10:08:44
CONT2022005555,2022-09-30 18:31:28,2022-10-06 01:18:40
CONT2022005556,2022-09-23 18:30:27,2022-09-25 00:30:05
CONT2022005557,2022-10-03 07:30:00,2022-10-04 04:13:20
CONT2022005558,2022-09-25 03:27:02,
CONT2022005559,2022-09-24 08:30:51,
CONT2022005560,2022-09-25 05:51:02,
CONT2022005561,2022-10-02 13:27:51,2022-10-06 00:44:53
CONT2022005562,2022-10-03 11:03:22,
CONT2022005563,2022-09-23 05:18:29,2022-10-06 23:29:33
CONT2022005564,2022-10-03 02:37:31,2022-10-03 11:34:17
CONT2022005565,2022-09-29 12:20:23,
CONT2022005566,2022-10-01 11:47:50,2022-10-02 06:15:09
CONT2022005567,2022-10-03 09:14:20,2022-10-04 05:45:57
CONT2022005568,2022-09-29 13:45:09,
CONT2022005569,2022-09-26 03:21:19,2022-09-27 00:46:26
CONT2022005570,2022-09-28 03:22:54,2022-10-06 10:10:47
CONT2022005571,2022-10-01 02:52:22,
CONT2022005572,2022-09-25 08:53:11,
CONT2022005573,2022-09-25 22:58:00,2022-10-07 01:06:19
CONT2022005574,2022-09-23 18:36:27,2022-10-07 00:00:04
CONT2022005575,2022-09-23 05:40:22,2022-09-24 09:19:12
CONT2022005576,2022-09-29 09:13:50,2022-09-30 18:16:07
CONT2022005577,2022-09-29 19:43:16,2022-09-30 09:01:52
CONT2022005578,2022-09-26 05:14:26,2022-09-27 16:07:34
CONT2022005579,2022-09-25 01:58:43,2022-09-26 10:17:59
CONT2022005580,2022-09-30 17:51:54,2022-10-01 22:44:42
CONT2022005581,2022-09-28 05:31:55,2022-10-07 03:43:52
CONT2022005582,2022-10-01 20:12:03,
CONT2022005583,2022-09-27 04:26:47,2022-09-27 08:26:47
CONT2022005584,2022-10-03 23:32:36,2022-10-04 15:09:50
CONT2022005585,2022-09-28 06:47:30,2022-09-28 22:58:37
CONT2022005586,2022-09-27 04:03:43,2022-09-27 17:21:34
CONT2022005587,2022-10-01 11:19:48,2022-10-07 01:20:42
CONT2022005588,2022-10-01 16:52:47,2022-10-02 10:15:11
CONT2022005589,2022-09-28 14:24:42,2022-10-06 14:09:06
CONT2022005590,2022-09-24 07:04:15,
CONT2022005591,2022-09-24 14:17:52,2022-09-25 07:06:08
CONT2022005592,2022-09-28 20:15:24,
CONT2022005593,2022-09-25 10:54:50,2022-10-08 00:41:32
CONT2022005594,2022-09-30 10:34:57,2022-10-01 00:58:51
CONT2022005595,2022-09-30 00:35:20,2022-10-08 05:06:09
CONT2022005596,2022-09-27 23:15:07,2022-09-28 16:28:43
CONT2022005597,2022-10-02 17:29:51,2022-10-03 12:06:38
CONT2022005598,2022-09-27 00:55:30,
CONT2022005599,2022-10-02 21:20:16,2022-10-04 01:26:24
CONT2022005600,2022-09-28 16:48:01,2022-10-07 23:25:02
CONT2022005601,2022-09-30 21:16:05,2022-10-01 13:17:36
CONT2022005602,2022-09-26 16:50:39,2022-10-07 17:28:20
CONT2022005603,2022-09-25 03:18:10,2022-09-26 01:26:47
CONT2022005604,2022-09-27 02:35:12,2022-10-07 16:27:33
CONT2022005605,2022-09-23 22:17:02,
CONT2022005606,2022-09-30 19:15:48,2022-10-01 04:56:49
CONT2022005607,2022-10-02 16:27:04,2022-10-08 10:30:35
CONT2022005608,2022-09-24 13:45:48,2022-10-07 05:46:27
CONT2022005609,2022-09-25 18:33:56,2022-09-26 14:15:10
CONT2022005610,2022-10-01 16:52:30,2022-10-02 05:59:59
CONT2022005611,2022-09-27 05:08:20,2022-10-07 06:26:52
CONT2022005612,2022-09-25 08:23:23,2022-09-26 04:43:20
CONT2022005613,2022-09-26 21:06:13,2022-09-27 07:29:13
CONT2022005614,2022-09-27 19:50:50,2022-10-07 14:17:10
CONT2022005615,2022-09-24 13:34:54,2022-10-08 09:10:35
CONT2022005616,2022-10-01 06:05:49,2022-10-01 19:22:50
CONT2022005617,2022-10-02 19:09:05,
CONT2022005618,2022-10-04 04:06:20,
CONT2022005619,2022-10-05 03:23:19,2022-10-07 11:23:23
CONT2022005620,2022-10-02 16:13:43,2022-10-03 11:36:52
CONT2022005621,2022-09-30 21:02:01,2022-10-02 03:17:42
CONT2022005622,2022-09-27 03:36:08,2022-10-08 07:16:02
CONT2022005623,2022-09-24 05:00:00,2022-09-24 21:19:02
CONT2022005624,2022-10-03 19:03:44,2022-10-04 20:40:06
CONT2022005625,2022-10-02 17:51:28,
CONT2022005626,2022-09-29 13:23:30,2022-10-08 12:57:34
CONT2022005627,2022-10-03 21:22:52,2022-10-08 11:06:13
CONT2022005628,2022-10-05 05:38:36,2022-10-06 11:35:43
CONT2022005629,2022-10-01 02:58:59,2022-10-01 06:58:59
CONT2022005630,2022-09-29 07:37:12,2022-09-29 12:41:37
CONT2022005631,2022-09-27 16:01:40,2022-09-28 12:57:48
CONT2022005632,2022-09-28 10:38:01,2022-10-08 21:45:05
CONT2022005633,2022-09-28 04:53:27,2022-09-29 04:06:43
CONT2022005634,2022-10-04 05:18:37,
CONT2022005635,2022-10-04 15:36:35,2022-10-07 20:05:27
CONT2022005636,2022-09-25 18:38:28,
CONT2022005637,2022-10-01 08:03:20,2022-10-07 22:12:58
CONT2022005638,2022-10-04 13:26:28,2022-10-05 10:20:11
CONT2022005639,2022-10-05 02:20:57,2022-10-05 18:15:43
CONT2022005640,2022-09-24 06:39:38,2022-09-25 17:46:13
CONT2022005641,2022-09-26 23:12:57,2022-10-07 14:32:36
CONT2022005642,2022-09-29 15:03:01,2022-10-01 07:55:47
CONT2022005643,2022-09-28 18:08:03,
CONT2022005644,2022-09-29 05:04:45,2022-09-30 04:42:56
CONT2022005645,2022-09-29 11:01:16,2022-10-07 18:57:45
CONT2022005646,2022-09-29 03:42:42,2022-10-07 23:13:35
CONT2022005647,2022-09-29 20:09:49,2022-09-30 18:35:49
CONT2022005648,2022-10-01 15:55:42,2022-10-08 08:51:05
CONT2022005649,2022-09-27 23:18:25,2022-10-07 18:04:43
CONT2022005650,2022-09-26 03:04:49,2022-10-08 19:03:29
CONT2022005651,2022-09-27 07:22:59,
CONT2022005652,2022-09-30 10:56:32,
CONT2022005653,2022-09-25 06:21:35,
CONT2022005654,2022-09-29 00:55:43,2022-09-29 21:37:01
CONT2022005655,2022-10-01 19:59:16,2022-10-02 19:02:22
CONT2022005656,2022-10-03 11:02:27,
CONT2022005657,2022-09-27 09:26:34,2022-10-07 09:32:45
CONT2022005658,2022-09-30 07:10:17,2022-10-08 20:17:41
CONT2022005659,2022-10-01 16:33:09,
CONT2022005660,2022-09-25 09:21:33,2022-09-25 19:15:54
CONT2022005661,2022-10-03 20:32:27,2022-10-08 18:04:30
CONT2022005662,2022-09-27 01:01:38,2022-10-08 18:06:39
CONT2022005663,2022-09-25 19:09:29,2022-09-26 14:18:17
CONT2022005664,2022-09-27 03:25:46,
CONT2022005665,2022-09-26 15:17:04,2022-10-08 02:01:39
CONT2022005666,2022-10-01 18:36:42,2022-10-08 08:55:29
CONT2022005667,2022-09-28 17:14:51,2022-10-08 12:11:44
CONT2022005668,2022-10-01 06:15:13,2022-10-07 20:14:38
CONT2022005669,2022-10-04 15:43:54,2022-10-05 16:51:19
CONT2022005670,2022-09-25 04:21:36,2022-09-25 08:21:36
CONT2022005671,2022-09-26 01:47:08,2022-09-27 08:27:34
CONT2022005672,2022-09-29 16:20:01,2022-10-09 00:14:24
CONT2022005673,2022-09-28 23:44:12,2022-09-30 07:34:25
CONT2022005674,2022-09-29 06:09:54,2022-10-08 01:26:55
CONT2022005675,2022-10-05 03:01:05,2022-10-08 09:51:26
CONT2022005676,2022-10-04 14:48:08,2022-10-05 13:38:34
CONT2022005677,2022-10-03 14:03:36,
CONT2022005678,2022-09-30 08:14:14,2022-10-01 07:48:24
CONT2022005679,2022-09-29 02:40:27,2022-09-30 01:52:48
CONT2022005680,2022-09-28 20:51:15,2022-09-29 15:55:06
CONT2022005681,2022-09-30 19:59:29,2022-10-01 16:23:27
CONT2022005682,2022-10-04 07:04:49,2022-10-09 20:16:28
CONT2022005683,2022-10-06 20:14:07,2022-10-07 18:55:14
CONT2022005684,2022-09-28 07:34:27,2022-09-29 18:22:04
CONT2022005685,2022-10-02 14:59:36,2022-10-09 13:18:50
CONT2022005686,2022-10-01 06:43:09,2022-10-02 12:56:53
CONT2022005687,2022-10-02 13:50:36,2022-10-03 18:46:19
CONT2022005688,2022-09-27 07:05:46,2022-10-09 12:01:29
CONT2022005689,2022-10-03 13:59:45,2022-10-04 04:36:34
CONT2022005690,2022-09-30 18:19:38,2022-10-08 23:40:51
CONT2022005691,2022-10-01 01:28:25,2022-10-01 23:38:52
CONT2022005692,2022-09-29 08:25:55,2022-10-09 09:58:11
CONT2022005693,2022-10-06 08:21:10,2022-10-06 14:21:19
CONT2022005694,2022-10-03 16:04:27,2022-10-05 03:42:49
CONT2022005695,2022-10-06 08:24:35,2022-10-07 20:00:29
CONT2022005696,2022-09-28 12:06:31,
CONT2022005697,2022-10-02 22:03:28,2022-10-09 07:42:09
CONT2022005698,2022-09-30 14:05:06,2022-10-01 08:30:17
CONT2022005699,2022-09-28 15:51:47,2022-09-29 13:40:52
CONT2022005700,2022-10-02 15:10:45,2022-10-03 13:04:24
CONT2022005701,2022-10-05 11:15:23,2022-10-09 06:59:02
CONT2022005702,2022-09-28 11:40:30,2022-10-09 06:32:16
CONT2022005703,2022-09-29 19:01:54,2022-10-09 18:58:40
CONT2022005704,2022-09-29 11:20:09,2022-10-09 12:35:23
CONT2022005705,2022-10-06 10:37:44,2022-10-09 03:52:49
CONT2022005706,2022-10-03 09:07:39,2022-10-09 09:49:16
CONT2022005707,2022-09-30 20:30:41,2022-10-02 08:05:37
CONT2022005708,2022-10-07 04:24:21,2022-10-09 06:26:56
CONT2022005709,2022-09-28 05:23:57,2022-09-29 08:48:14
CONT2022005710,2022-10-07 00:56:44,2022-10-10 04:20:15
CONT2022005711,2022-09-29 14:20:44,2022-09-30 08:30:39
CONT2022005712,2022-10-06 17:19:08,
CONT2022005713,2022-10-07 06:08:58,
CONT2022005714,2022-09-26 16:40:52,2022-10-09 13:40:49
CONT2022005715,2022-09-30 10:06:20,2022-10-10 16:48:31
CONT2022005716,2022-10-05 15:49:04,
CONT2022005717,2022-10-02 10:28:48,2022-10-10 11:17:11
CONT2022005718,2022-09-28 19:04:24,2022-09-29 12:04:10
CONT2022005719,2022-09-27 17:55:40,2022-09-28 20:55:12
CONT2022005720,2022-09-30 14:23:12,2022-10-09 20:08:35
CONT2022005721,2022-09-27 19:20:03,
CONT2022005722,2022-10-03 16:06:21,2022-10-10 09:24:46
CONT2022005723,2022-09-26 10:26:07,2022-09-27 01:16:50
CONT2022005724,2022-10-03 04:00:05,2022-10-10 07:27:29
CONT2022005725,2022-10-02 19:08:55,2022-10-10 06:31:34
CONT2022005726,2022-09-30 05:26:50,2022-10-09 15:03:57
CONT2022005727,2022-10-04 12:51:27,2022-10-05 11:36:53
CONT2022005728,2022-09-27 06:51:17,2022-10-10 16:57:40
CONT2022005729,2022-09-29 11:35:19,2022-10-10 22:47:02
CONT2022005730,2022-10-03 08:25:34,2022-10-03 22:26:35
CONT2022005731,2022-10-01 20:43:37,2022-10-10 13:19:36
CONT2022005732,2022-09-28 04:43:18,2022-10-10 06:55:49
CONT2022005733,2022-10-04 01:30:20,2022-10-10 09:10:38
CONT2022005734,2022-09-26 16:15:15,
CONT2022005735,2022-09-28 00:21:56,2022-10-09 13:11:42
CONT2022005736,2022-10-03 12:22:26,2022-10-11 08:15:06
CONT2022005737,2022-10-07 09:01:54,2022-10-10 00:20:04
CONT2022005738,2022-09-28 23:39:13,
CONT2022005739,2022-10-03 06:04:24,2022-10-10 14:18:12
CONT2022005740,2022-10-04 02:02:03,2022-10-10 12:10:38
CONT2022005741,2022-09-30 04:50:48,2022-09-30 22:29:50
CONT2022005742,2022-10-06 00:43:56,2022-10-10 10:13:29
CONT2022005743,2022-09-30 14:23:19,2022-10-10 00:51:58
CONT2022005744,2022-09-28 17:40:53,2022-09-29 16:03:13
CONT2022005745,2022-09-29 05:48:20,2022-10-10 23:21:03
CONT2022005746,2022-09-28 00:47:17,2022-10-10 23:26:13
CONT2022005747,2022-10-04 08:41:47,2022-10-10 12:54:52
CONT2022005748,2022-10-01 08:47:08,2022-10-10 15:16:24
CONT2022005749,2022-10-06 19:38:09,2022-10-11 03:07:03
CONT2022005750,2022-09-27 23:59:00,2022-09-28 19:49:26
CONT2022005751,2022-09-27 21:49:38,2022-09-28 23:57:38
CONT2022005752,2022-09-30 01:21:32,
CONT2022005753,2022-09-29 03:08:34,2022-10-10 13:02:55
CONT2022005754,2022-10-06 11:45:45,2022-10-11 22:31:36
CONT2022005755,2022-10-07 02:53:45,
CONT2022005756,2022-09-28 21:55:51,2022-09-29 06:10:41
CONT2022005757,2022-09-28 18:54:34,2022-09-29 22:50:58
CONT2022005758,2022-09-28 03:03:04,2022-10-10 07:16:57
CONT2022005759,2022-10-04 18:55:35,2022-10-11 05:20:53
CONT2022005760,2022-09-27 03:08:15,2022-10-10 14:44:12
CONT2022005761,2022-10-09 07:28:52,2022-10-09 18:02:38
CONT2022005762,2022-10-02 17:04:52,2022-10-03 17:45:07
CONT2022005763,2022-10-01 08:45:15,2022-10-12 12:01:35
CONT2022005764,2022-10-04 10:07:01,
CONT2022005765,2022-10-06 11:37:47,2022-10-07 09:33:19
CONT2022005766,2022-09-29 17:30:48,
CONT2022005767,2022-09-29 21:12:24,2022-09-30 19:14:53
CONT2022005768,2022-10-02 22:00:07,2022-10-12 13:04:35
CONT2022005769,2022-10-01 00:05:56,2022-10-12 06:00:58
CONT2022005770,2022-10-06 02:18:07,2022-10-12 06:13:44
CONT2022005771,2022-10-05 16:42:57,2022-10-11 22:04:48
CONT2022005772,2022-10-01 05:55:58,
CONT2022005773,2022-10-08 14:12:24,2022-10-08 21:51:25
CONT2022005774,2022-09-29 22:20:01,2022-10-12 11:33:30
CONT2022005775,2022-10-04 21:17:26,2022-10-12 13:05:59
CONT2022005776,2022-10-02 15:05:03,2022-10-12 12:32:49
CONT2022005777,2022-10-01 20:12:39,2022-10-12 18:05:48
CONT2022005778,2022-10-01 19:21:44,2022-10-12 02:37:46
CONT2022005779,2022-10-07 22:11:25,2022-10-13 01:23:31
CONT2022005780,2022-09-30 01:40:56,2022-10-01 11:12:39
CONT2022005781,2022-10-05 01:34:02,2022-10-12 10:43:49
CONT2022005782,2022-10-06 02:05:32,2022-10-12 03:54:54
CONT2022005783,2022-10-03 07:26:32,2022-10-13 11:27:04
CONT2022005784,2022-10-08 04:04:34,2022-10-12 16:50:45
CONT2022005785,2022-10-04 06:34:35,2022-10-05 03:57:33
CONT2022005786,2022-09-29 10:15:30,2022-09-30 08:55:54
CONT2022005787,2022-10-02 12:03:43,2022-10-03 09:43:20
CONT2022005788,2022-09-30 12:25:50,2022-10-12 10:12:45
CONT2022005789,2022-10-01 17:00:28,2022-10-02 14:32:45
CONT2022005790,2022-10-06 23:36:42,
CONT2022005791,2022-10-03 16:59:05,2022-10-13 04:10:05
CONT2022005792,2022-10-05 23:27:28,2022-10-13 11:05:18
CONT2022005793,2022-10-08 17:25:49,2022-10-09 19:31:05
CONT2022005794,2022-10-07 21:20:08,2022-10-12 23:50:11
CONT2022005795,2022-10-02 02:29:58,2022-10-12 03:11:50
CONT2022005796,2022-10-09 18:05:01,2022-10-13 04:03:44
CONT2022005797,2022-10-03 21:10:55,2022-10-04 22:00:15
CONT2022005798,2022-10-08 11:47:37,2022-10-09 09:25:29
CONT2022005799,2022-10-01 16:31:29,2022-10-13 00:57:32
CONT2022005800,2022-10-02 08:39:56,2022-10-13 03:27:18
CONT2022005801,2022-10-01 07:37:20,2022-10-12 23:36:37
CONT2022005802,2022-10-05 08:54:36,2022-10-06 16:06:41
CONT2022005803,2022-10-08 12:05:35,2022-10-12 02:49:33
CONT2022005804,2022-10-02 12:51:24,2022-10-02 16:51:24
CONT2022005805,2022-10-08 20:51:40,2022-10-12 07:33:46
CONT2022005806,2022-10-05 18:51:20,2022-10-06 11:02:19
CONT2022005807,2022-10-01 04:39:54,2022-10-12 11:48:07
CONT2022005808,2022-10-02 20:26:13,2022-10-03 17:46:33
CONT2022005809,2022-10-07 11:47:31,2022-10-12 18:26:54
CONT2022005810,2022-10-02 01:44:22,2022-10-12 22:07:30
CONT2022005811,2022-10-07 03:55:38,2022-10-13 00:06:39
CONT2022005812,2022-10-07 10:48:18,2022-10-08 05:59:37
CONT2022005813,2022-10-09 04:10:55,2022-10-12 07:07:49
CONT2022005814,2022-10-08 12:31:20,2022-10-12 21:51:40
CONT2022005815,2022-10-03 10:16:20,2022-10-04 00:15:56
CONT2022005816,2022-10-03 02:23:36,2022-10-12 23:04:50
CONT2022005817,2022-10-10 02:58:26,2022-10-13 10:40:04
CONT2022005818,2022-10-06 18:16:27,2022-10-12 22:26:55
CONT2022005819,2022-10-09 18:18:06,2022-10-12 18:03:29
CONT2022005820,2022-10-08 04:45:25,2022-10-12 10:35:06
CONT2022005821,2022-10-10 04:12:45,2022-10-13 06:01:35
CONT2022005822,2022-10-02 07:48:30,2022-10-03 00:33:45
CONT2022005823,2022-10-03 04:55:17,
CONT2022005824,2022-10-02 15:12:52,2022-10-15 01:57:12
CONT2022005825,2022-10-07 08:34:34,
CONT2022005826,2022-10-02 23:37:44,2022-10-03 18:31:19
CONT2022005827,2022-10-06 13:37:33,2022-10-14 11:19:01
CONT2022005828,2022-10-06 15:08:44,2022-10-15 04:06:58
CONT2022005829,2022-10-05 12:49:27,
CONT2022005830,2022-10-04 19:08:29,2022-10-05 13:49:13
CONT2022005831,2022-10-03 00:04:53,2022-10-03 09:22:31
CONT2022005832,2022-10-02 17:19:47,2022-10-14 13:20:58
CONT2022005833,2022-10-01 18:58:28,2022-10-14 22:36:50
CONT2022005834,2022-10-08 02:29:06,2022-10-09 05:56:04
CONT2022005835,2022-10-08 13:03:23,2022-10-09 10:02:41
CONT2022005836,2022-10-06 20:07:08,
CONT2022005837,2022-10-08 17:07:16,2022-10-14 12:14:31
CONT2022005838,2022-10-07 16:17:40,2022-10-14 18:09:34
CONT2022005839,2022-10-03 09:51:58,2022-10-04 07:32:31
CONT2022005840,2022-10-04 20:57:11,2022-10-05 16:34:23
CONT2022005841,2022-10-06 23:35:08,2022-10-07 16:09:55
CONT2022005842,2022-10-10 06:49:08,2022-10-14 15:02:24
CONT2022005843,2022-10-09 03:50:45,2022-10-10 01:55:17
CONT2022005844,2022-10-02 13:04:45,2022-10-03 07:14:41
CONT2022005845,2022-10-07 06:17:19,
CONT2022005846,2022-10-12 10:21:50,2022-10-12 17:31:58
CONT2022005847,2022-10-06 03:50:31,2022-10-07 11:24:53
CONT2022005848,2022-10-12 08:25:35,2022-10-15 14:14:00
CONT2022005849,2022-10-12 22:19:29,2022-10-15 17:34:08
CONT2022005850,2022-10-10 02:32:38,2022-10-16 15:22:31
CONT2022005851,2022-10-08 12:30:35,2022-10-16 11:36:26
CONT2022005852,2022-10-06 22:28:53,2022-10-07 05:35:34
CONT2022005853,2022-10-12 13:47:56,2022-10-12 17:47:56
CONT2022005854,2022-10-04 10:23:26,
CONT2022005855,2022-10-06 20:02:00,2022-10-17 09:09:55
CONT2022005856,2022-10-07 15:15:39,2022-10-08 09:18:54
CONT2022005857,2022-10-05 06:04:11,
CONT2022005858,2022-10-04 03:15:10,2022-10-04 07:15:10
CONT2022005859,2022-10-11 23:37:24,2022-10-16 05:14:07
CONT2022005860,2022-10-10 13:31:13,2022-10-10 23:41:34
CONT2022005861,2022-10-10 13:21:17,
CONT2022005862,2022-10-07 07:32:36,2022-10-16 01:36:18
CONT2022005863,2022-10-07 16:44:44,
CONT2022005864,2022-10-11 16:33:24,2022-10-16 01:04:16
CONT2022005865,2022-10-06 08:05:32,
CONT2022005866,2022-10-08 20:40:36,2022-10-10 10:47:40
CONT2022005867,2022-10-13 06:02:26,2022-10-16 07:13:13
CONT2022005868,2022-10-10 05:52:02,2022-10-11 06:03:05
CONT2022005869,2022-10-11 05:50:09,2022-10-15 22:08:24
CONT2022005870,2022-10-12 14:48:07,2022-10-12 21:26:02
CONT2022005871,2022-10-11 05:47:12,2022-10-15 12:15:02
CONT2022005872,2022-10-07 04:59:47,2022-10-08 04:28:07
CONT2022005873,2022-10-03 13:47:08,2022-10-04 01:45:29
CONT2022005874,2022-10-09 21:51:37,2022-10-10 15:26:18
CONT2022005875,2022-10-04 06:55:36,
CONT2022005876,2022-10-08 09:15:27,2022-10-16 02:38:02
CONT2022005877,2022-10-12 05:22:06,2022-10-16 15:37:21
CONT2022005878,2022-10-09 05:17:05,2022-10-16 04:43:47
CONT2022005879,2022-10-08 23:24:39,
CONT2022005880,2022-10-04 20:42:36,2022-10-06 01:26:49
CONT2022005881,2022-10-03 09:27:18,2022-10-16 08:36:27
CONT2022005882,2022-10-08 18:57:26,2022-10-10 02:09:52
CONT2022005883,2022-10-08 14:08:52,2022-10-08 21:36:33
CONT2022005884,2022-10-04 09:39:31,2022-10-16 08:27:08
CONT2022005885,2022-10-02 22:41:14,2022-10-16 10:52:31
CONT2022005886,2022-10-10 02:01:28,2022-10-16 02:06:29
CONT2022005887,2022-10-02 09:32:00,2022-10-16 17:53:15
CONT2022005888,2022-10-09 09:14:30,2022-10-10 18:19:31
CONT2022005889,2022-10-07 19:14:55,2022-10-16 08:46:01
CONT2022005890,2022-10-11 05:12:19,2022-10-12 05:41:56
CONT2022005891,2022-10-10 13:29:34,2022-10-10 19:28:05
CONT2022005892,2022-10-06 06:52:32,
CONT2022005893,2022-10-10 11:31:53,
CONT2022005894,2022-10-12 05:04:25,2022-10-13 07:02:30
CONT2022005895,2022-10-12 06:30:29,2022-10-19 22:37:00
CONT2022005896,2022-10-12 05:48:02,2022-10-12 17:12:27
CONT2022005897,2022-10-13 22:13:14,2022-10-14 20:39:49
CONT2022005898,2022-10-11 01:38:51,2022-10-19 20:14:47
CONT2022005899,2022-10-11 14:33:00,2022-10-19 12:57:12
CONT2022005900,2022-10-10 07:55:06,2022-10-11 06:43:22
CONT2022005901,2022-10-16 06:18:00,2022-10-17 03:44:40
CONT2022005902,2022-10-09 22:51:42,2022-10-10 23:13:56
CONT2022005903,2022-10-09 02:31:37,2022-10-20 18:03:55
CONT2022005904,2022-10-06 23:58:41,2022-10-08 05:49:56
CONT2022005905,2022-10-11 07:49:24,2022-10-12 09:11:36
CONT2022005906,2022-10-15 09:01:54,2022-10-16 02:45:53
CONT2022005907,2022-10-07 17:58:45,2022-10-09 01:27:05
CONT2022005908,2022-10-07 02:42:35,2022-10-07 23:45:04
CONT2022005909,2022-10-15 15:44:37,2022-10-16 04:49:31
CONT2022005910,2022-10-08 13:59:26,
CONT2022005911,2022-10-09 11:45:22,2022-10-19 07:30:44
CONT2022005912,2022-10-14 07:16:20,2022-10-14 23:08:10
CONT2022005913,2022-10-14 12:21:39,
CONT2022005914,2022-10-17 09:06:40,2022-10-19 21:38:39
CONT2022005915,2022-10-09 13:37:10,2022-10-19 05:25:48
CONT2022005916,2022-10-14 16:45:19,2022-10-15 11:40:27
CONT2022005917,2022-10-15 18:38:50,2022-10-19 20:13:00
CONT2022005918,2022-10-11 12:01:33,2022-10-20 07:12:07
CONT2022005919,2022-10-09 17:22:56,
CONT2022005920,2022-10-14 15:29:29,2022-10-19 13:48:28
CONT2022005921,2022-10-12 22:26:36,2022-10-13 23:14:46
CONT2022005922,2022-10-14 07:30:18,2022-10-15 16:01:26
CONT2022005923,2022-10-07 14:11:32,2022-10-19 22:31:00
CONT2022005924,2022-10-13 22:52:52,2022-10-14 23:38:42
CONT2022005925,2022-10-07 15:56:26,2022-10-08 09:15:32
CONT2022005926,2022-10-07 06:06:47,2022-10-08 06:31:38
CONT2022005927,2022-10-12 05:11:09,2022-10-12 15:43:15
CONT2022005928,2022-10-10 12:52:53,2022-10-20 08:37:39
CONT2022005929,2022-10-13 23:45:48,2022-10-20 16:18:25
CONT2022005930,2022-10-16 18:36:16,2022-10-20 08:08:30
CONT2022005931,2022-10-11 15:54:08,
CONT2022005932,2022-10-13 10:08:15,2022-10-13 23:00:12
CONT2022005933,2022-10-17 16:58:14,2022-10-21 02:43:14
CONT2022005934,2022-10-13 14:56:41,2022-10-14 12:55:42
CONT2022005935,2022-10-09 22:53:26,2022-10-20 21:56:40
CONT2022005936,2022-10-13 12:37:28,2022-10-20 05:06:25
CONT2022005937,2022-10-13 09:22:41,2022-10-20 01:50:54
CONT2022005938,2022-10-10 13:09:54,2022-10-20 14:00:41
CONT2022005939,2022-10-12 20:31:42,
CONT2022005940,2022-10-13 05:12:31,2022-10-13 12:19:03
CONT2022005941,2022-10-07 05:49:11,2022-10-19 23:17:23
CONT2022005942,2022-10-13 04:21:15,2022-10-13 22:41:53
CONT2022005943,2022-10-08 12:59:47,2022-10-09 08:18:48
CONT2022005944,2022-10-11 15:37:57,2022-10-12 18:19:07
CONT2022005945,2022-10-17 05:57:40,2022-10-19 09:34:57
CONT2022005946,2022-10-14 00:45:01,2022-10-20 03:18:07
CONT2022005947,2022-10-14 06:41:24,2022-10-20 09:46:19
CONT2022005948,2022-10-12 05:56:49,2022-10-20 17:39:17
CONT2022005949,2022-10-17 08:08:53,2022-10-19 22:18:58
CONT2022005950,2022-10-17 04:28:48,2022-10-18 09:44:53
CONT2022005951,2022-10-09 17:54:56,
CONT2022005952,2022-10-11 15:28:27,
CONT2022005953,2022-10-16 09:03:54,2022-10-20 11:50:52
CONT2022005954,2022-10-15 03:36:35,2022-10-15 22:06:57
CONT2022005955,2022-10-17 14:48:42,2022-10-17 23:19:46
CONT2022005956,2022-10-17 00:08:40,2022-10-18 10:55:52
CONT2022005957,2022-10-07 13:02:56,2022-10-20 05:43:55
CONT2022005958,2022-10-09 08:24:26,2022-10-10 02:00:39
CONT2022005959,2022-10-15 12:10:44,2022-10-16 10:42:51
CONT2022005960,2022-10-08 09:02:39,2022-10-09 04:36:39
CONT2022005961,2022-10-09 00:37:10,2022-10-09 16:22:47
CONT2022005962,2022-10-11 02:55:18,2022-10-11 10:51:57
CONT2022005963,2022-10-16 09:50:11,2022-10-17 00:48:50
CONT2022005964,2022-10-08 13:00:33,2022-10-09 10:55:41
CONT2022005965,2022-10-08 18:25:35,
CONT2022005966,2022-10-16 00:11:48,2022-10-20 03:47:05
CONT2022005967,2022-10-14 11:26:05,2022-10-14 17:40:49
CONT2022005968,2022-10-17 04:48:04,2022-10-18 05:14:36
CONT2022005969,2022-10-07 08:52:27,2022-10-08 10:24:53
CONT2022005970,2022-10-12 21:01:22,2022-10-13 22:59:39
CONT2022005971,2022-10-15 03:10:52,2022-10-20 22:07:29
CONT2022005972,2022-10-17 06:09:29,2022-10-21 09:45:34
CONT2022005973,2022-10-16 09:11:28,2022-10-16 23:57:12
CONT2022005974,2022-10-07 16:51:58,2022-10-20 10:05:27
CONT2022005975,2022-10-12 04:01:12,2022-10-21 10:42:44
CONT2022005976,2022-10-08 01:21:15,2022-10-08 21:49:26
CONT2022005977,2022-10-15 21:31:23,2022-10-16 08:46:39
CONT2022005978,2022-10-12 00:13:10,2022-10-21 10:51:19
CONT2022005979,2022-10-11 06:32:51,2022-10-20 01:55:22
CONT2022005980,2022-10-13 14:20:48,2022-10-20 12:06:52
CONT2022005981,2022-10-17 22:11:51,2022-10-22 09:50:01
CONT2022005982,2022-10-09 05:41:17,2022-10-10 11:32:00
CONT2022005983,2022-10-13 05:43:38,2022-10-14 20:33:38
CONT2022005984,2022-10-18 01:17:00,2022-10-23 01:37:16
CONT2022005985,2022-10-15 08:32:35,2022-10-21 14:49:36
CONT2022005986,2022-10-12 11:18:20,2022-10-13 00:32:38
CONT2022005987,2022-10-16 23:56:59,
CONT2022005988,2022-10-12 06:03:00,2022-10-21 10:13:52
CONT2022005989,2022-10-08 08:59:33,2022-10-09 17:29:28
CONT2022005990,2022-10-18 10:08:57,
CONT2022005991,2022-10-12 16:55:43,
CONT2022005992,2022-10-18 22:08:50,2022-10-22 08:08:57
CONT2022005993,2022-10-17 16:42:08,2022-10-22 17:30:21
CONT2022005994,2022-10-17 13:49:17,2022-10-23 05:39:25
CONT2022005995,2022-10-11 18:42:09,2022-10-12 13:50:04
CONT2022005996,2022-10-12 06:09:15,2022-10-22 17:03:55
CONT2022005997,2022-10-10 16:07:09,
CONT2022005998,2022-10-19 15:47:11,2022-10-20 03:08:53
CONT2022005999,2022-10-16 00:48:50,2022-10-16 22:15:14
CONT2022006000,2022-10-16 18:42:50,2022-10-23 20:26:30
CONT2022006001,2022-10-16 04:26:39,2022-10-25 01:54:06
CONT2022006002,2022-10-14 11:03:00,2022-10-24 07:37:27
CONT2022006003,2022-10-12 09:56:54,2022-10-25 03:54:16
CONT2022006004,2022-10-15 00:47:39,
CONT2022006005,2022-10-10 23:50:04,2022-10-24 05:50:01
CONT2022006006,2022-10-20 17:43:19,2022-10-24 01:27:44
CONT2022006007,2022-10-13 06:29:18,2022-10-13 20:34:26
CONT2022006008,2022-10-17 13:04:14,2022-10-18 02:37:40
CONT2022006009,2022-10-16 02:02:35,2022-10-24 22:20:32
CONT2022006010,2022-10-19 08:04:58,2022-10-24 18:57:48
CONT2022006011,2022-10-11 19:03:00,2022-10-12 22:12:32
CONT2022006012,2022-10-14 08:24:30,2022-10-24 11:35:01
CONT2022006013,2022-10-14 01:12:15,2022-10-24 19:37:18
CONT2022006014,2022-10-11 04:57:47,2022-10-25 07:42:14
CONT2022006015,2022-10-16 21:05:28,2022-10-17 06:13:28
CONT2022006016,2022-10-21 19:23:52,2022-10-25 19:49:14
CONT2022006017,2022-10-20 21:03:16,
CONT2022006018,2022-10-12 16:10:18,2022-10-25 03:02:05
CONT2022006019,2022-10-18 19:56:41,2022-10-25 11:00:07
CONT2022006020,2022-10-16 03:22:41,2022-10-16 23:51:16
CONT2022006021,2022-10-14 22:04:55,2022-10-15 09:04:31
CONT2022006022,2022-10-21 15:01:22,2022-10-21 19:01:22
CONT2022006023,2022-10-22 00:04:10,2022-10-23 01:37:16
CONT2022006024,2022-10-12 08:51:44,2022-10-12 12:51:44
CONT2022006025,2022-10-16 08:13:31,2022-10-17 07:53:23
CONT2022006026,2022-10-25 09:09:57,2022-10-25 17:32:37
CONT2022006027,2022-10-21 20:48:43,2022-10-22 18:30:04
CONT2022006028,2022-10-25 07:44:08,2022-10-26 00:12:17
CONT2022006029,2022-10-19 08:58:38,2022-10-20 08:14:45
CONT2022006030,2022-10-17 14:06:54,2022-10-18 14:15:02
CONT2022006031,2022-10-25 13:43:54,2022-10-28 03:57:27
CONT2022006032,2022-10-17 06:03:05,2022-10-27 18:34:26
CONT2022006033,2022-10-15 17:50:57,2022-10-28 05:45:12
CONT2022006034,2022-10-21 09:28:50,2022-10-22 03:27:30
CONT2022006035,2022-10-23 13:54:38,2022-10-24 17:20:22
CONT2022006036,2022-10-17 14:11:38,2022-10-28 11:04:18
CONT2022006037,2022-10-23 10:54:24,
CONT2022006038,2022-10-26 01:06:04,2022-10-27 03:35:45
CONT2022006039,2022-10-23 08:20:47,
CONT2022006040,2022-10-22 19:09:07,2022-10-23 21:54:30
CONT2022006041,2022-10-20 08:59:15,2022-10-21 16:55:22
CONT2022006042,2022-10-17 03:13:29,2022-10-29 22:07:02
CONT2022006043,2022-10-16 10:18:39,
CONT2022006044,2022-10-20 18:44:53,
CONT2022006045,2022-10-23 01:24:28,2022-10-28 12:47:53
CONT2022006046,2022-10-20 11:02:42,2022-10-29 05:58:56
CONT2022006047,2022-10-25 00:50:55,2022-10-28 18:56:18
CONT2022006048,2022-10-23 18:20:17,2022-10-28 13:43:32
CONT2022006049,2022-10-24 17:31:59,2022-10-25 21:00:25
CONT2022006050,2022-10-17 19:26:19,2022-10-30 05:18:32
CONT2022006051,2022-10-22 21:37:07,2022-10-23 14:07:12
CONT2022006052,2022-10-26 20:06:13,
CONT2022006053,2022-10-24 19:11:00,2022-10-25 05:58:34
CONT2022006054,2022-10-24 11:21:12,2022-10-25 20:34:59
CONT2022006055,2022-10-26 16:31:52,2022-10-27 13:50:50
CONT2022006056,2022-10-21 21:34:12,2022-10-23 00:23:37
CONT2022006057,2022-10-23 06:06:11,
CONT2022006058,2022-10-18 14:20:04,
CONT2022006059,2022-10-20 10:47:26,2022-10-21 07:02:56
CONT2022006060,2022-10-17 04:50:44,2022-10-17 22:41:02
CONT2022006061,2022-10-17 22:21:26,2022-10-18 09:03:24
CONT2022006062,2022-10-17 13:26:23,
CONT2022006063,2022-10-23 20:55:19,2022-10-30 23:50:44
CONT2022006064,2022-10-20 20:47:59,
CONT2022006065,2022-10-17 03:35:15,2022-10-30 17:55:02
CONT2022006066,2022-10-22 06:17:46,2022-10-23 09:04:17
CONT2022006067,2022-10-19 16:34:45,2022-10-19 20:34:45
CONT2022006068,2022-10-25 11:00:16,
CONT2022006069,2022-10-21 23:10:06,
CONT2022006070,2022-10-21 08:15:11,2022-10-22 14:59:30
CONT2022006071,2022-10-26 03:05:19,2022-10-30 09:24:36
CONT2022006072,2022-10-23 08:45:08,2022-10-24 13:38:00
CONT2022006073,2022-10-26 03:01:02,2022-10-30 19:16:45
CONT2022006074,2022-10-17 10:23:15,2022-10-18 14:40:17
CONT2022006075,2022-10-19 15:14:43,2022-10-30 05:09:25
CONT2022006076,2022-10-22 09:44:03,2022-10-29 22:59:36
CONT2022006077,2022-10-16 15:47:47,
CONT2022006078,2022-10-18 10:54:32,2022-10-18 22:45:55
CONT2022006079,2022-10-17 03:49:13,2022-10-30 14:11:29
CONT2022006080,2022-10-17 07:11:15,2022-10-18 08:41:59
CONT2022006081,2022-10-25 04:41:06,2022-10-30 12:40:10
CONT2022006082,2022-10-21 02:09:45,2022-10-30 23:22:32
CONT2022006083,2022-10-20 05:52:41,2022-10-30 06:25:32
CONT2022006084,2022-10-17 06:45:24,2022-10-29 16:55:02
CONT2022006085,2022-10-25 16:27:36,2022-10-26 20:49:57
CONT2022006086,2022-10-21 21:16:02,
CONT2022006087,2022-10-20 22:14:16,2022-10-30 16:40:46
CONT2022006088,2022-10-21 20:34:38,2022-10-30 08:37:38
CONT2022006089,2022-10-26 00:19:30,2022-10-26 22:02:27
CONT2022006090,2022-10-24 08:35:59,
CONT2022006091,2022-10-23 21:07:50,2022-10-31 00:24:55
CONT2022006092,2022-10-23 21:32:49,2022-10-30 03:05:20
CONT2022006093,2022-10-24 20:52:18,2022-10-29 11:41:15
CONT2022006094,2022-10-25 04:01:13,2022-10-26 04:01:05
CONT2022006095,2022-10-16 17:53:43,2022-10-30 05:19:52
CONT2022006096,2022-10-24 07:14:56,2022-10-25 04:22:57
CONT2022006097,2022-10-19 04:51:01,
CONT2022006098,2022-10-23 13:52:18,2022-10-30 20:44:11
CONT2022006099,2022-10-22 03:30:48,2022-10-30 11:43:08
CONT2022006100,2022-10-26 12:29:59,2022-10-27 04:02:28
CONT2022006101,2022-10-27 04:47:55,2022-10-29 08:32:26
CONT2022006102,2022-10-21 00:10:03,2022-10-21 23:24:10
CONT2022006103,2022-10-27 08:45:51,
CONT2022006104,2022-10-28 16:10:58,2022-10-29 15:06:36
CONT2022006105,2022-10-26 20:31:56,2022-10-27 17:39:37
CONT2022006106,2022-10-24 00:15:02,2022-10-24 13:32:26
CONT2022006107,2022-10-23 07:07:34,2022-10-23 18:18:38
CONT2022006108,2022-10-25 20:57:11,2022-10-26 12:54:42
CONT2022006109,2022-10-21 13:27:56,2022-10-22 05:00:20
CONT2022006110,2022-10-29 23:00:36,2022-11-02 12:43:37
CONT2022006111,2022-10-30 07:49:30,2022-10-31 11:26:51
CONT2022006112,2022-10-24 03:52:57,2022-11-03 10:34:29
CONT2022006113,2022-10-29 17:42:29,2022-11-02 19:53:57
CONT2022006114,2022-10-24 14:50:58,2022-10-25 10:01:18
CONT2022006115,2022-10-23 16:07:30,2022-11-02 17:57:31
CONT2022006116,2022-10-25 09:02:54,2022-10-26 17:54:38
CONT2022006117,2022-10-26 22:58:11,2022-11-02 17:06:52
CONT2022006118,2022-10-29 00:13:20,
CONT2022006119,2022-10-24 00:28:21,2022-10-24 16:23:38
CONT2022006120,2022-10-27 07:48:13,2022-10-28 02:09:49
CONT2022006121,2022-10-20 17:09:24,2022-10-21 16:20:02
CONT2022006122,2022-10-23 02:35:59,2022-10-24 14:36:15
CONT2022006123,2022-10-25 14:04:21,2022-11-02 06:11:16
CONT2022006124,2022-10-20 16:55:16,2022-10-21 16:35:15
CONT2022006125,2022-10-20 01:19:00,
CONT2022006126,2022-10-29 11:27:24,2022-11-04 06:41:06
CONT2022006127,2022-10-29 22:49:59,2022-11-04 00:55:51
CONT2022006128,2022-10-28 03:57:35,
CONT2022006129,2022-10-24 20:18:21,2022-11-04 15:01:34
CONT2022006130,2022-10-25 23:00:51,2022-10-27 00:16:53
CONT2022006131,2022-10-29 10:58:28,2022-10-30 08:59:38
CONT2022006132,2022-10-31 12:27:15,2022-11-01 01:38:08
CONT2022006133,2022-11-01 04:59:08,2022-11-04 12:46:01
CONT2022006134,2022-10-24 07:15:45,2022-11-04 06:36:09
CONT2022006135,2022-10-25 15:18:21,2022-10-26 13:18:51
CONT2022006136,2022-10-29 12:43:31,2022-10-29 16:43:31
CONT2022006137,2022-10-26 23:18:54,2022-11-04 06:03:25
CONT2022006138,2022-10-23 19:06:50,2022-11-04 18:36:55
CONT2022006139,2022-10-31 08:45:43,2022-11-04 10:43:56
CONT2022006140,2022-10-22 12:59:59,2022-11-04 11:03:32
CONT2022006141,2022-10-26 14:57:22,
CONT2022006142,2022-10-26 08:49:20,2022-11-04 09:36:57
CONT2022006143,2022-10-31 16:20:36,2022-11-04 08:26:08
CONT2022006144,2022-10-31 08:57:37,2022-11-03 22:39:35
CONT2022006145,2022-10-23 05:22:58,
CONT2022006146,2022-10-28 21:49:55,
CONT2022006147,2022-10-24 21:33:35,2022-10-25 07:19:25
CONT2022006148,2022-10-24 08:59:32,2022-10-25 01:30:44
CONT2022006149,2022-11-01 19:56:12,2022-11-05 06:17:30
CONT2022006150,2022-10-28 12:35:25,2022-10-28 18:11:28
CONT2022006151,2022-10-25 21:39:41,2022-10-26 12:29:56
CONT2022006152,2022-10-22 09:16:11,2022-10-23 11:31:08
CONT2022006153,2022-10-23 03:20:57,2022-10-24 07:51:15
CONT2022006154,2022-10-25 06:47:43,2022-11-04 14:04:10
CONT2022006155,2022-11-01 03:58:01,
CONT2022006156,2022-10-31 07:27:46,2022-11-04 12:17:11
CONT2022006157,2022-10-28 04:19:54,
CONT2022006158,2022-10-24 23:41:05,2022-11-04 05:35:18
CONT2022006159,2022-10-23 19:04:32,
CONT2022006160,2022-10-22 18:55:57,2022-10-24 07:14:16
CONT2022006161,2022-10-25 00:41:28,2022-11-05 14:51:37
CONT2022006162,2022-10-27 12:20:44,2022-10-28 09:09:21
CONT2022006163,2022-10-24 10:55:31,
CONT2022006164,2022-10-25 05:12:46,2022-11-05 02:57:08
CONT2022006165,2022-10-24 08:24:02,2022-11-05 02:18:01
CONT2022006166,2022-10-31 08:19:01,2022-11-01 06:44:19
CONT2022006167,2022-11-01 08:29:20,2022-11-04 17:06:06
CONT2022006168,2022-10-27 06:48:06,2022-11-04 13:59:02
CONT2022006169,2022-10-27 19:59:34,2022-10-28 19:00:01
CONT2022006170,2022-10-24 14:24:43,2022-11-04 06:19:26
CONT2022006171,2022-10-29 07:56:32,2022-11-04 16:20:49
CONT2022006172,2022-10-25 02:15:52,2022-11-04 06:37:03
CONT2022006173,2022-10-22 22:09:34,
CONT2022006174,2022-10-25 15:41:08,2022-11-04 11:32:41
CONT2022006175,2022-10-26 23:12:09,2022-10-27 12:05:01
CONT2022006176,2022-10-26 21:35:32,2022-11-05 02:56:55
CONT2022006177,2022-11-02 05:53:32,
CONT2022006178,2022-10-28 02:27:02,2022-11-04 20:34:07
CONT2022006179,2022-10-30 10:35:00,2022-11-05 11:05:34
CONT2022006180,2022-10-25 04:51:15,2022-10-25 16:26:23
CONT2022006181,2022-10-27 23:42:50,
CONT2022006182,2022-10-24 20:48:14,2022-10-26 00:01:24
CONT2022006183,2022-10-30 13:22:29,2022-10-31 07:21:02
CONT2022006184,2022-10-30 06:49:45,2022-10-31 05:28:48
CONT2022006185,2022-10-26 04:58:15,2022-11-04 00:35:52
CONT2022006186,2022-10-22 15:41:28,2022-11-05 21:26:36
CONT2022006187,2022-10-30 13:33:49,2022-10-31 21:18:41
CONT2022006188,2022-10-31 23:54:17,2022-11-02 00:33:24
CONT2022006189,2022-10-30 20:05:14,
CONT2022006190,2022-10-23 00:16:02,2022-11-05 00:13:51
CONT2022006191,2022-10-24 08:03:55,
CONT2022006192,2022-10-31 01:17:35,
CONT2022006193,2022-10-28 11:44:10,
CONT2022006194,2022-10-25 16:17:34,2022-11-05 06:44:09
CONT2022006195,2022-10-27 13:03:21,2022-11-04 01:37:29
CONT2022006196,2022-10-25 14:45:06,
CONT2022006197,2022-10-26 21:46:52,2022-11-05 04:55:53
CONT2022006198,2022-10-26 06:06:33,2022-11-05 00:44:52
CONT2022006199,2022-10-26 18:10:01,2022-11-04 21:44:35
CONT2022006200,2022-10-25 19:44:49,2022-10-26 23:20:55
CONT2022006201,2022-10-23 01:53:26,2022-11-05 00:24:09
CONT2022006202,2022-10-29 03:17:01,
CONT2022006203,2022-10-28 04:05:47,2022-11-04 14:36:42
CONT2022006204,2022-10-29 16:16:24,2022-11-05 00:46:10
CONT2022006205,2022-10-28 00:26:26,2022-10-29 07:19:45
CONT2022006206,2022-10-31 06:48:25,2022-11-05 16:02:08
CONT2022006207,2022-10-29 01:29:15,2022-11-05 13:48:04
CONT2022006208,2022-10-26 00:04:44,2022-11-06 00:15:12
CONT2022006209,2022-10-23 09:20:51,2022-10-24 04:37:27
CONT2022006210,2022-10-27 10:29:37,2022-11-05 05:57:38
CONT2022006211,2022-10-31 22:17:52,
CONT2022006212,2022-11-02 06:37:37,2022-11-04 15:53:29
CONT2022006213,2022-10-30 18:50:25,
CONT2022006214,2022-10-31 14:45:47,2022-11-04 23:05:54
CONT2022006215,2022-10-30 05:21:37,2022-11-04 17:59:52
CONT2022006216,2022-10-23 11:34:22,2022-11-04 15:15:29
CONT2022006217,2022-10-30 05:06:55,2022-11-05 14:16:42
CONT2022006218,2022-10-29 13:03:16,2022-11-05 04:58:43
CONT2022006219,2022-10-31 04:05:07,2022-11-01 15:06:43
CONT2022006220,2022-10-24 11:29:56,2022-10-25 02:22:40
CONT2022006221,2022-10-24 14:20:32,2022-10-25 16:08:51
CONT2022006222,2022-10-28 12:15:23,2022-10-29 19:11:47
CONT2022006223,2022-10-30 10:29:24,2022-10-31 22:43:05
CONT2022006224,2022-10-30 20:42:04,2022-11-05 12:37:20
CONT2022006225,2022-10-24 19:15:23,2022-10-25 19:08:47
CONT2022006226,2022-10-28 02:00:28,2022-11-05 02:26:17
CONT2022006227,2022-10-26 09:10:28,2022-11-05 08:08:19
CONT2022006228,2022-11-02 11:20:37,
CONT2022006229,2022-11-02 12:00:33,2022-11-02 18:43:06
CONT2022006230,2022-11-01 13:52:26,
CONT2022006231,2022-10-28 04:54:38,2022-10-29 03:08:12
CONT2022006232,2022-10-27 04:26:52,2022-11-05 16:10:10
CONT2022006233,2022-10-29 14:59:54,2022-11-04 13:27:46
CONT2022006234,2022-10-23 05:08:04,2022-10-24 07:18:23
CONT2022006235,2022-10-30 06:33:20,
CONT2022006236,2022-11-01 10:10:52,
CONT2022006237,2022-10-24 11:51:27,
CONT2022006238,2022-11-01 03:47:42,2022-11-02 02:25:08
CONT2022006239,2022-10-25 08:26:59,
CONT2022006240,2022-10-29 18:12:14,2022-11-04 20:22:50
CONT2022006241,2022-10-27 19:16:17,2022-10-28 14:58:58
CONT2022006242,2022-10-23 14:14:12,2022-10-24 04:12:42
CONT2022006243,2022-10-29 02:21:42,2022-10-29 13:21:04
CONT2022006244,2022-10-31 22:14:40,2022-11-02 03:17:52
CONT2022006245,2022-10-25 14:30:52,2022-10-26 17:10:41
CONT2022006246,2022-10-31 05:48:46,2022-11-05 13:45:07
CONT2022006247,2022-10-31 23:30:17,2022-11-01 20:02:53
CONT2022006248,2022-10-26 15:27:50,2022-11-06 16:22:03
CONT2022006249,2022-10-29 08:21:48,
CONT2022006250,2022-11-01 19:30:45,2022-11-06 02:33:32
CONT2022006251,2022-10-30 17:21:48,
CONT2022006252,2022-10-27 02:30:51,2022-11-05 14:41:40
CONT2022006253,2022-10-29 19:07:29,
CONT2022006254,2022-11-01 08:57:55,
CONT2022006255,2022-10-30 12:17:56,2022-10-31 11:09:15
CONT2022006256,2022-10-29 09:52:42,2022-11-05 02:58:43
CONT2022006257,2022-10-26 03:37:40,2022-10-26 21:20:10
CONT2022006258,2022-10-25 06:41:11,2022-11-06 06:50:01
CONT2022006259,2022-10-31 01:39:53,2022-11-05 21:01:08
CONT2022006260,2022-10-27 17:20:04,2022-11-05 22:00:40
CONT2022006261,2022-10-23 15:26:52,
CONT2022006262,2022-10-28 00:28:59,2022-11-05 12:28:43
CONT2022006263,2022-10-25 01:02:44,
CONT2022006264,2022-10-26 17:45:51,2022-10-27 16:10:19
CONT2022006265,2022-10-24 13:51:05,2022-11-06 00:52:11
CONT2022006266,2022-10-27 15:00:01,
CONT2022006267,2022-10-23 14:05:21,2022-11-05 03:52:03
CONT2022006268,2022-10-28 18:30:04,2022-10-29 17:17:06
CONT2022006269,2022-10-23 19:54:27,
CONT2022006270,2022-10-24 10:02:52,2022-10-25 13:05:58
CONT2022006271,2022-10-28 13:04:46,2022-10-29 00:16:16
CONT2022006272,2022-10-30 06:05:24,2022-10-30 22:20:26
CONT2022006273,2022-11-02 16:01:40,
CONT2022006274,2022-10-29 17:11:03,2022-10-30 19:14:10
CONT2022006275,2022-10-27 21:43:24,2022-10-28 10:53:54
CONT2022006276,2022-10-31 16:23:21,2022-11-07 04:12:12
CONT2022006277,2022-10-28 07:39:52,2022-11-05 19:05:39
CONT2022006278,2022-10-27 07:35:27,2022-11-07 11:42:58
CONT2022006279,2022-10-30 04:25:23,2022-11-06 13:22:47
CONT2022006280,2022-10-23 22:25:59,2022-10-25 01:35:43
CONT2022006281,2022-10-24 23:24:27,2022-10-26 07:40:24
CONT2022006282,2022-10-23 23:02:38,2022-11-05 23:07:03
CONT2022006283,2022-10-27 08:45:02,2022-10-27 22:10:32
CONT2022006284,2022-10-23 23:36:11,2022-11-05 06:01:16
CONT2022006285,2022-10-25 07:48:40,
CONT2022006286,2022-10-31 17:06:43,2022-11-01 17:02:15
CONT2022006287,2022-10-25 23:47:03,2022-10-27 04:34:05
CONT2022006288,2022-10-30 08:22:40,2022-10-31 05:04:44
CONT2022006289,2022-10-25 03:28:04,
CONT2022006290,2022-11-01 03:51:25,2022-11-02 05:04:56
CONT2022006291,2022-11-02 22:46:47,
CONT2022006292,2022-11-04 05:52:06,2022-11-05 06:24:33
CONT2022006293,2022-11-01 08:27:11,2022-11-01 19:26:14
CONT2022006294,2022-11-02 15:09:26,2022-11-06 22:08:29
CONT2022006295,2022-10-30 18:35:49,2022-10-31 20:37:43
CONT2022006296,2022-10-25 03:03:52,2022-10-25 19:06:38
CONT2022006297,2022-10-29 14:28:52,2022-11-06 13:24:57
CONT2022006298,2022-10-25 07:23:50,2022-11-07 06:14:06
CONT2022006299,2022-10-26 08:49:48,2022-11-07 06:02:33
CONT2022006300,2022-10-27 21:18:34,
CONT2022006301,2022-10-28 04:35:30,2022-10-28 21:52:16
CONT2022006302,2022-10-30 06:29:15,2022-10-30 19:29:10
CONT2022006303,2022-10-31 08:01:21,2022-11-07 06:27:24
CONT2022006304,2022-10-27 01:21:49,2022-11-07 04:21:02
CONT2022006305,2022-10-31 20:11:05,2022-11-06 16:32:42
CONT2022006306,2022-10-27 06:24:58,2022-11-07 20:53:05
CONT2022006307,2022-10-25 06:27:26,2022-11-06 22:02:13
CONT2022006308,2022-10-29 00:57:43,2022-11-07 05:19:57
CONT2022006309,2022-10-30 14:01:50,2022-11-07 20:29:31
CONT2022006310,2022-10-24 14:53:22,2022-10-25 14:25:25
CONT2022006311,2022-11-03 16:53:18,2022-11-07 13:58:14
CONT2022006312,2022-11-01 23:51:55,2022-11-03 04:56:37
CONT2022006313,2022-11-01 02:38:04,2022-11-07 15:30:39
CONT2022006314,2022-10-28 22:11:39,2022-11-07 12:15:05
CONT2022006315,2022-11-04 00:46:26,2022-11-04 14:47:14
CONT2022006316,2022-11-06 07:19:31,2022-11-09 11:09:31
CONT2022006317,2022-11-04 13:36:55,
CONT2022006318,2022-11-03 23:57:52,2022-11-04 09:33:35
CONT2022006319,2022-10-30 09:24:56,2022-11-09 15:23:05
CONT2022006320,2022-11-03 14:28:59,2022-11-05 06:30:40
CONT2022006321,2022-11-02 01:40:25,2022-11-09 06:52:15
CONT2022006322,2022-11-05 08:23:52,2022-11-06 06:41:32
CONT2022006323,2022-11-02 08:34:50,2022-11-03 09:23:55
CONT2022006324,2022-10-28 09:17:41,2022-11-09 08:39:56
CONT2022006325,2022-10-28 03:39:48,2022-10-28 18:55:22
CONT2022006326,2022-11-03 21:09:25,2022-11-04 18:15:46
CONT2022006327,2022-10-31 01:37:15,2022-11-01 05:15:06
CONT2022006328,2022-10-28 02:45:03,2022-11-09 17:48:39
CONT2022006329,2022-10-28 23:26:50,2022-11-09 08:59:03
CONT2022006330,2022-11-06 10:15:11,2022-11-09 16:23:12
CONT2022006331,2022-10-30 00:05:56,2022-11-10 17:40:01
CONT2022006332,2022-11-05 15:27:54,2022-11-06 21:31:38
CONT2022006333,2022-11-02 00:09:09,2022-11-02 08:06:44
CONT2022006334,2022-11-03 01:16:40,2022-11-10 22:38:13
CONT2022006335,2022-10-31 20:05:44,2022-11-11 06:23:48
CONT2022006336,2022-10-28 20:48:28,2022-11-11 06:41:45
CONT2022006337,2022-11-06 16:04:50,2022-11-08 05:14:18
CONT2022006338,2022-11-07 23:33:50,2022-11-09 05:17:53
CONT2022006339,2022-11-07 05:06:47,2022-11-08 07:11:30
CONT2022006340,2022-11-03 01:45:26,2022-11-11 04:18:46
CONT2022006341,2022-11-01 02:55:58,2022-11-11 02:41:50
CONT2022006342,2022-11-01 04:21:02,2022-11-01 08:56:44
CONT2022006343,2022-11-01 01:13:19,2022-11-01 18:32:04
CONT2022006344,2022-11-06 23:03:37,2022-11-08 03:13:44
CONT2022006345,2022-11-01 04:15:28,2022-11-11 09:49:57
CONT2022006346,2022-11-06 21:08:40,2022-11-13 01:48:24
CONT2022006347,2022-11-03 18:12:19,2022-11-04 16:27:50
CONT2022006348,2022-10-31 20:08:51,2022-11-11 15:34:13
CONT2022006349,2022-10-31 10:42:42,2022-11-01 16:26:34
CONT2022006350,2022-10-30 18:30:28,2022-10-31 08:48:30
CONT2022006351,2022-11-06 04:50:34,2022-11-12 09:51:49
CONT2022006352,2022-11-02 12:09:12,2022-11-03 10:43:41
CONT2022006353,2022-11-04 00:29:52,2022-11-04 20:53:51
CONT2022006354,2022-11-07 07:56:47,2022-11-11 19:57:17
CONT2022006355,2022-11-08 01:01:39,2022-11-12 06:42:59
CONT2022006356,2022-11-05 08:24:40,2022-11-05 22:00:55
CONT2022006357,2022-11-08 16:57:28,2022-11-12 10:46:51
CONT2022006358,2022-11-08 04:59:43,2022-11-11 23:56:43
CONT2022006359,2022-11-04 07:10:30,2022-11-04 16:57:50
CONT2022006360,2022-11-07 15:22:47,2022-11-13 12:30:06
CONT2022006361,2022-11-09 18:39:37,2022-11-12 19:44:37
CONT2022006362,2022-11-05 04:05:24,2022-11-06 00:24:37
CONT2022006363,2022-11-01 14:25:22,
CONT2022006364,2022-11-01 18:40:57,2022-11-02 12:49:47
CONT2022006365,2022-11-07 13:33:42,2022-11-13 19:25:47
CONT2022006366,2022-10-31 20:35:03,2022-11-13 23:40:03
CONT2022006367,2022-11-05 08:28:06,2022-11-13 21:21:13
CONT2022006368,2022-11-09 22:37:49,2022-11-11 01:34:10
CONT2022006369,2022-11-03 05:50:04,2022-11-13 05:09:56
CONT2022006370,2022-11-10 11:47:14,
CONT2022006371,2022-11-04 20:13:49,2022-11-14 18:48:09
CONT2022006372,2022-11-06 11:57:07,2022-11-13 21:48:53
CONT2022006373,2022-11-09 14:35:33,
CONT2022006374,2022-11-01 15:56:59,2022-11-02 18:18:18
CONT2022006375,2022-11-04 08:55:32,2022-11-14 12:16:06
CONT2022006376,2022-11-09 18:52:01,2022-11-10 09:04:50
CONT2022006377,2022-11-10 13:13:28,2022-11-11 01:07:07
CONT2022006378,2022-11-05 13:13:52,
CONT2022006379,2022-11-09 09:33:22,2022-11-10 00:50:33
CONT2022006380,2022-11-11 08:29:33,2022-11-12 19:01:36
CONT2022006381,2022-11-03 01:56:19,2022-11-03 14:13:38
CONT2022006382,2022-11-07 07:22:48,2022-11-08 16:20:54
CONT2022006383,2022-11-10 04:34:57,
CONT2022006384,2022-11-03 10:49:23,2022-11-14 13:03:40
CONT2022006385,2022-11-11 20:09:26,2022-11-14 21:40:24
CONT2022006386,2022-11-06 15:41:05,
CONT2022006387,2022-11-05 08:40:51,2022-11-06 05:42:23
CONT2022006388,2022-11-01 19:00:17,2022-11-02 22:03:40
CONT2022006389,2022-11-08 13:24:32,2022-11-14 19:30:17
CONT2022006390,2022-11-07 19:13:18,2022-11-15 07:16:29
CONT2022006391,2022-11-08 14:23:10,2022-11-14 17:21:01
CONT2022006392,2022-11-10 10:38:47,2022-11-10 14:38:47
CONT2022006393,2022-11-04 07:30:28,
CONT2022006394,2022-11-07 02:51:39,2022-11-15 03:10:41
CONT2022006395,2022-11-11 22:01:01,2022-11-12 21:34:41
CONT2022006396,2022-11-11 15:57:28,2022-11-12 07:59:04
CONT2022006397,2022-11-09 17:40:36,2022-11-14 17:13:07
CONT2022006398,2022-11-09 18:22:27,2022-11-15 12:02:07
CONT2022006399,2022-11-03 21:15:09,2022-11-15 02:11:54
CONT2022006400,2022-11-08 14:32:26,2022-11-15 12:09:19
CONT2022006401,2022-11-03 16:28:03,2022-11-04 05:51:24
CONT2022006402,2022-11-08 16:08:23,2022-11-15 16:10:39
CONT2022006403,2022-11-03 10:44:33,2022-11-05 02:35:26
CONT2022006404,2022-11-05 19:17:07,2022-11-14 16:12:45
CONT2022006405,2022-11-07 04:50:15,
CONT2022006406,2022-11-10 23:01:12,2022-11-15 13:24:31
CONT2022006407,2022-11-05 02:16:00,2022-11-14 22:38:34
CONT2022006408,2022-11-06 22:26:11,2022-11-07 16:03:37
CONT2022006409,2022-11-03 01:02:52,
CONT2022006410,2022-11-07 03:52:30,2022-11-08 00:00:43
CONT2022006411,2022-11-03 02:06:28,2022-11-15 07:31:56
CONT2022006412,2022-11-08 09:41:08,2022-11-16 02:31:36
CONT2022006413,2022-11-02 05:35:43,
CONT2022006414,2022-11-06 12:11:53,2022-11-07 15:52:33
CONT2022006415,2022-11-04 09:17:46,2022-11-14 17:23:35
CONT2022006416,2022-11-04 19:27:49,2022-11-06 00:57:36
CONT2022006417,2022-11-03 22:32:50,2022-11-15 17:12:52
CONT2022006418,2022-11-08 08:46:38,2022-11-16 00:16:02
CONT2022006419,2022-11-05 18:29:59,2022-11-06 06:27:53
CONT2022006420,2022-11-09 06:10:14,2022-11-10 02:48:52
CONT2022006421,2022-11-05 06:15:00,
CONT2022006422,2022-11-03 22:11:17,2022-11-16 02:39:48
CONT2022006423,2022-11-12 08:58:37,2022-11-14 17:12:39
CONT2022006424,2022-11-08 13:02:02,2022-11-16 10:09:08
CONT2022006425,2022-11-06 09:55:00,
CONT2022006426,2022-11-09 15:44:31,2022-11-10 15:49:46
CONT2022006427,2022-11-10 23:12:57,2022-11-15 23:43:31
CONT2022006428,2022-11-09 08:12:48,2022-11-09 12:24:10
CONT2022006429,2022-11-10 11:38:16,2022-11-11 19:19:51
CONT2022006430,2022-11-06 01:12:53,2022-11-06 10:34:12
CONT2022006431,2022-11-06 07:54:14,2022-11-06 20:06:56
CONT2022006432,2022-11-06 00:06:00,2022-11-15 06:48:09
CONT2022006433,2022-11-06 16:34:28,2022-11-15 17:50:23
CONT2022006434,2022-11-12 22:32:19,2022-11-14 04:00:13
CONT2022006435,2022-11-10 04:59:26,
CONT2022006436,2022-11-05 16:25:56,2022-11-15 13:38:18
CONT2022006437,2022-11-12 00:27:07,2022-11-12 07:49:05
CONT2022006438,2022-11-11 01:23:16,2022-11-11 17:45:20
CONT2022006439,2022-11-12 10:45:26,2022-11-12 22:55:16
CONT2022006440,2022-11-11 18:48:57,2022-11-13 07:09:46
CONT2022006441,2022-11-03 03:39:38,2022-11-04 02:50:31
CONT2022006442,2022-11-10 19:02:08,
CONT2022006443,2022-11-05 02:57:11,
CONT2022006444,2022-11-05 15:12:05,2022-11-15 21:33:00
CONT2022006445,2022-11-03 10:47:44,2022-11-16 06:49:05
CONT2022006446,2022-11-02 21:15:40,2022-11-03 03:48:56
CONT2022006447,2022-11-05 03:59:22,2022-11-16 23:21:01
CONT2022006448,2022-11-08 20:25:31,2022-11-09 16:07:31
CONT2022006449,2022-11-13 08:13:27,2022-11-16 03:33:57
CONT2022006450,2022-11-11 16:14:57,
CONT2022006451,2022-11-07 04:20:18,2022-11-08 02:36:06
CONT2022006452,2022-11-11 14:11:52,2022-11-13 02:03:57
CONT2022006453,2022-11-12 23:21:40,
CONT2022006454,2022-11-02 17:24:21,2022-11-03 09:46:27
CONT2022006455,2022-11-07 00:04:03,2022-11-07 04:34:58
CONT2022006456,2022-11-06 15:41:06,2022-11-07 10:44:14
CONT2022006457,2022-11-10 19:10:55,
CONT2022006458,2022-11-03 15:36:46,2022-11-16 14:55:25
CONT2022006459,2022-11-05 10:43:02,
CONT2022006460,2022-11-09 12:04:48,2022-11-16 22:57:55
CONT2022006461,2022-11-02 20:09:07,2022-11-16 07:38:51
CONT2022006462,2022-11-12 02:23:35,
CONT2022006463,2022-11-13 11:48:52,
CONT2022006464,2022-11-08 17:44:36,2022-11-17 09:58:06
CONT2022006465,2022-11-12 12:21:08,2022-11-17 10:42:17
CONT2022006466,2022-11-10 13:54:26,2022-11-16 11:04:15
CONT2022006467,2022-11-10 19:58:37,2022-11-17 01:07:36
CONT2022006468,2022-11-08 10:00:52,2022-11-17 04:43:16
CONT2022006469,2022-11-04 23:14:18,2022-11-05 09:24:55
CONT2022006470,2022-11-04 21:03:44,2022-11-17 01:35:37
CONT2022006471,2022-11-09 02:00:24,2022-11-10 03:23:46
CONT2022006472,2022-11-10 11:54:44,2022-11-16 11:06:07
CONT2022006473,2022-11-11 18:37:14,2022-11-17 11:40:52
CONT2022006474,2022-11-11 08:45:15,2022-11-16 21:17:40
CONT2022006475,2022-11-09 20:13:35,2022-11-17 00:06:07
CONT2022006476,2022-11-05 14:43:44,2022-11-06 16:31:22
CONT2022006477,2022-11-13 04:22:39,2022-11-17 17:32:29
CONT2022006478,2022-11-12 21:44:56,2022-11-17 12:58:11
CONT2022006479,2022-11-11 02:28:23,2022-11-17 17:20:12
CONT2022006480,2022-11-06 08:19:19,2022-11-07 04:29:13
CONT2022006481,2022-11-09 20:53:32,
CONT2022006482,2022-11-06 13:45:50,2022-11-07 07:59:51
CONT2022006483,2022-11-08 02:46:43,2022-11-09 01:14:49
CONT2022006484,2022-11-14 06:24:26,2022-11-18 01:57:35
CONT2022006485,2022-11-09 21:29:45,2022-11-16 23:16:18
CONT2022006486,2022-11-04 17:06:53,2022-11-05 12:12:28
CONT2022006487,2022-11-06 19:02:28,
CONT2022006488,2022-11-14 04:06:22,2022-11-14 20:46:09
CONT2022006489,2022-11-13 04:00:49,2022-11-17 16:22:43
CONT2022006490,2022-11-11 18:48:14,2022-11-17 08:31:30
CONT2022006491,2022-11-13 04:08:16,2022-11-17 13:01:19
CONT2022006492,2022-11-11 03:13:30,2022-11-12 19:10:51
CONT2022006493,2022-11-08 15:02:59,
CONT2022006494,2022-11-13 07:25:30,2022-11-17 05:35:01
CONT2022006495,2022-11-14 13:03:02,2022-11-17 03:11:09
CONT2022006496,2022-11-04 15:32:26,2022-11-17 04:49:05
CONT2022006497,2022-11-13 11:51:06,2022-11-17 23:46:35
CONT2022006498,2022-11-11 17:26:25,2022-11-17 12:29:30
CONT2022006499,2022-11-12 12:57:24,2022-11-17 03:57:13
CONT2022006500,2022-11-14 07:23:38,2022-11-15 01:16:22
CONT2022006501,2022-11-10 08:13:07,2022-11-11 10:26:28
CONT2022006502,2022-11-12 21:48:42,2022-11-19 14:36:19
CONT2022006503,2022-11-14 00:21:42,2022-11-20 11:49:13
CONT2022006504,2022-11-11 19:26:30,2022-11-19 03:32:02
CONT2022006505,2022-11-10 10:37:53,2022-11-10 19:23:38
CONT2022006506,2022-11-14 22:13:09,2022-11-18 22:10:48
CONT2022006507,2022-11-11 09:49:12,2022-11-11 19:54:27
CONT2022006508,2022-11-07 04:46:00,
CONT2022006509,2022-11-12 23:14:52,2022-11-14 08:30:43
CONT2022006510,2022-11-13 11:01:13,
CONT2022006511,2022-11-06 13:28:45,2022-11-07 20:42:56
CONT2022006512,2022-11-15 12:40:46,2022-11-15 16:40:46
CONT2022006513,2022-11-10 06:40:11,2022-11-19 17:49:20
CONT2022006514,2022-11-15 08:46:02,2022-11-19 22:16:03
CONT2022006515,2022-11-11 00:56:12,
CONT2022006516,2022-11-14 17:03:59,2022-11-19 17:49:27
CONT2022006517,2022-11-08 18:57:39,2022-11-09 14:52:12
CONT2022006518,2022-11-11 14:32:08,2022-11-20 17:17:28
CONT2022006519,2022-11-14 10:18:59,2022-11-20 11:28:41
CONT2022006520,2022-11-13 04:54:24,2022-11-13 08:54:24
CONT2022006521,2022-11-09 09:09:25,2022-11-20 09:13:27
CONT2022006522,2022-11-08 08:24:02,2022-11-09 07:51:02
CONT2022006523,2022-11-12 23:10:26,2022-11-13 15:17:00
CONT2022006524,2022-11-07 10:46:08,2022-11-08 12:22:50
CONT2022006525,2022-11-11 12:45:53,2022-11-11 16:45:53
CONT2022006526,2022-11-08 17:14:06,2022-11-09 12:41:27
CONT2022006527,2022-11-10 18:13:59,
CONT2022006528,2022-11-10 07:08:33,2022-11-20 19:30:28
CONT2022006529,2022-11-17 11:35:24,2022-11-20 14:51:42
CONT2022006530,2022-11-14 09:12:15,2022-11-20 21:04:10
CONT2022006531,2022-11-15 18:00:25,2022-11-20 09:46:12
CONT2022006532,2022-11-09 12:38:38,2022-11-21 21:26:29
CONT2022006533,2022-11-14 15:53:19,2022-11-15 08:19:52
CONT2022006534,2022-11-13 08:47:58,2022-11-14 21:43:05
CONT2022006535,2022-11-07 14:13:59,2022-11-21 03:33:15
CONT2022006536,2022-11-09 05:18:54,2022-11-21 14:41:53
CONT2022006537,2022-11-07 17:41:10,2022-11-20 23:10:47
CONT2022006538,2022-11-09 01:07:25,2022-11-09 22:14:44
CONT2022006539,2022-11-08 20:30:55,2022-11-09 04:35:48
CONT2022006540,2022-11-13 08:00:22,2022-11-14 09:36:26
CONT2022006541,2022-11-10 01:09:22,2022-11-10 05:45:00
CONT2022006542,2022-11-08 14:56:54,2022-11-10 00:07:38
CONT2022006543,2022-11-09 15:30:49,2022-11-10 11:01:00
CONT2022006544,2022-11-13 10:08:42,2022-11-14 07:09:54
CONT2022006545,2022-11-11 09:47:19,2022-11-21 06:41:21
CONT2022006546,2022-11-09 03:38:06,2022-11-20 23:44:00
CONT2022006547,2022-11-16 14:14:10,2022-11-17 08:50:16
CONT2022006548,2022-11-18 05:53:28,2022-11-21 07:49:23
CONT2022006549,2022-11-13 12:22:35,2022-11-14 04:55:42
CONT2022006550,2022-11-14 07:01:34,2022-11-15 03:45:09
CONT2022006551,2022-11-11 06:57:44,2022-11-21 12:14:18
CONT2022006552,2022-11-13 02:22:50,2022-11-14 15:57:17
CONT2022006553,2022-11-07 15:54:17,
CONT2022006554,2022-11-12 11:08:54,2022-11-20 11:52:52
CONT2022006555,2022-11-07 14:37:12,2022-11-08 04:52:23
CONT2022006556,2022-11-08 01:35:37,2022-11-21 15:50:37
CONT2022006557,2022-11-12 18:54:18,2022-11-20 16:49:32
CONT2022006558,2022-11-13 21:17:17,2022-11-14 19:36:31
CONT2022006559,2022-11-12 12:59:37,2022-11-13 10:06:50
CONT2022006560,2022-11-14 22:14:51,2022-11-22 03:22:02
CONT2022006561,2022-11-14 13:08:28,2022-11-15 20:21:46
CONT2022006562,2022-11-10 12:49:51,2022-11-11 10:27:28
CONT2022006563,2022-11-11 16:32:52,2022-11-22 14:18:02
CONT2022006564,2022-11-16 00:17:51,
CONT2022006565,2022-11-14 21:42:28,2022-11-22 06:22:09
CONT2022006566,2022-11-10 15:05:56,2022-11-21 18:02:01
CONT2022006567,2022-11-14 05:15:38,2022-11-21 13:32:27
CONT2022006568,2022-11-12 11:19:02,2022-11-12 23:56:57
CONT2022006569,2022-11-15 14:03:42,2022-11-16 10:01:58
CONT2022006570,2022-11-08 04:27:35,2022-11-20 22:29:15
CONT2022006571,2022-11-15 15:10:53,2022-11-21 18:32:08
CONT2022006572,2022-11-17 11:35:55,2022-11-18 01:26:53
CONT2022006573,2022-11-17 18:51:58,
CONT2022006574,2022-11-10 17:18:20,
CONT2022006575,2022-11-11 13:41:39,2022-11-22 03:52:33
CONT2022006576,2022-11-12 16:36:18,2022-11-13 08:42:06
CONT2022006577,2022-11-13 10:26:29,
CONT2022006578,2022-11-13 05:19:31,2022-11-13 13:26:04
CONT2022006579,2022-11-16 02:45:08,2022-11-21 10:04:12
CONT2022006580,2022-11-13 12:12:28,2022-11-22 02:39:23
CONT2022006581,2022-11-09 05:57:30,2022-11-22 00:29:13
CONT2022006582,2022-11-08 18:08:58,
CONT2022006583,2022-11-18 15:10:48,2022-11-21 16:20:42
CONT2022006584,2022-11-12 04:54:55,2022-11-22 06:52:11
CONT2022006585,2022-11-11 04:04:22,
CONT2022006586,2022-11-16 20:27:44,2022-11-17 16:49:03
CONT2022006587,2022-11-11 01:11:16,2022-11-12 08:23:44
CONT2022006588,2022-11-10 17:32:12,2022-11-21 16:09:14
CONT2022006589,2022-11-11 17:39:57,2022-11-12 20:03:06
CONT2022006590,2022-11-09 04:49:51,2022-11-22 00:31:50
CONT2022006591,2022-11-13 15:33:41,2022-11-21 13:07:32
CONT2022006592,2022-11-12 00:45:23,2022-11-22 17:47:06
CONT2022006593,2022-11-19 00:50:00,2022-11-21 17:24:06
CONT2022006594,2022-11-10 06:45:50,2022-11-11 19:09:12
CONT2022006595,2022-11-16 20:55:00,2022-11-17 12:24:27
CONT2022006596,2022-11-11 21:49:24,
CONT2022006597,2022-11-14 18:09:26,2022-11-22 03:48:10
CONT2022006598,2022-11-12 00:39:11,2022-11-12 18:18:08
CONT2022006599,2022-11-19 11:08:20,2022-11-22 12:57:11
CONT2022006600,2022-11-15 07:26:56,2022-11-16 16:12:31
CONT2022006601,2022-11-13 10:15:13,
CONT2022006602,2022-11-14 21:25:27,2022-11-22 09:25:21
CONT2022006603,2022-11-13 16:27:10,2022-11-21 15:45:35
CONT2022006604,2022-11-17 06:19:24,2022-11-17 10:19:24
CONT2022006605,2022-11-12 22:33:36,2022-11-13 18:44:03
CONT2022006606,2022-11-09 03:50:22,2022-11-21 03:11:53
CONT2022006607,2022-11-12 14:00:06,2022-11-13 06:05:20
CONT2022006608,2022-11-18 16:16:28,
CONT2022006609,2022-11-15 02:50:30,2022-11-15 22:51:37
CONT2022006610,2022-11-13 09:46:59,
CONT2022006611,2022-11-09 18:05:09,2022-11-22 15:18:30
CONT2022006612,2022-11-14 13:57:37,
CONT2022006613,2022-11-11 21:20:03,2022-11-23 02:15:49
CONT2022006614,2022-11-15 12:56:13,2022-11-16 18:59:11
CONT2022006615,2022-11-15 19:11:16,2022-11-17 05:26:37
CONT2022006616,2022-11-11 07:06:23,2022-11-23 22:33:15
CONT2022006617,2022-11-15 18:55:26,2022-11-22 16:29:39
CONT2022006618,2022-11-10 02:28:52,2022-11-11 02:17:20
CONT2022006619,2022-11-11 05:02:31,2022-11-12 04:13:20
CONT2022006620,2022-11-14 19:53:41,2022-11-22 19:18:21
CONT2022006621,2022-11-15 21:22:33,2022-11-23 06:25:50
CONT2022006622,2022-11-16 04:40:31,2022-11-23 09:03:58
CONT2022006623,2022-11-20 08:08:03,2022-11-22 12:05:16
CONT2022006624,2022-11-13 17:38:41,2022-11-13 23:10:14
CONT2022006625,2022-11-13 08:43:22,2022-11-14 12:51:03
CONT2022006626,2022-11-18 04:25:11,2022-11-18 19:00:51
CONT2022006627,2022-11-17 00:36:44,2022-11-18 08:27:06
CONT2022006628,2022-11-15 10:27:52,2022-11-16 13:16:23
CONT2022006629,2022-11-16 15:33:31,2022-11-23 14:48:42
CONT2022006630,2022-11-12 17:28:26,2022-11-13 10:04:46
CONT2022006631,2022-11-15 17:17:59,2022-11-17 01:26:25
CONT2022006632,2022-11-15 07:22:31,2022-11-16 07:10:01
CONT2022006633,2022-11-10 02:05:15,2022-11-11 04:54:52
CONT2022006634,2022-11-11 13:43:12,2022-11-12 19:56:35
CONT2022006635,2022-11-18 20:30:40,2022-11-23 02:32:43
CONT2022006636,2022-11-14 02:50:31,2022-11-23 09:57:09
CONT2022006637,2022-11-12 04:23:58,2022-11-23 06:47:47
CONT2022006638,2022-11-17 04:19:10,
CONT2022006639,2022-11-20 00:33:42,2022-11-23 21:32:38
CONT2022006640,2022-11-15 13:34:35,2022-11-16 01:58:03
CONT2022006641,2022-11-18 16:55:15,2022-11-23 16:41:11
CONT2022006642,2022-11-11 19:25:21,2022-11-22 13:06:00
CONT2022006643,2022-11-18 15:25:56,2022-11-19 12:27:40
CONT2022006644,2022-11-11 07:20:38,2022-11-12 07:24:11
CONT2022006645,2022-11-10 11:34:28,2022-11-23 02:01:32
CONT2022006646,2022-11-11 21:35:32,2022-11-23 04:15:03
CONT2022006647,2022-11-18 18:06:50,2022-11-23 00:30:36
CONT2022006648,2022-11-17 23:25:13,2022-11-22 13:07:35
CONT2022006649,2022-11-18 11:41:02,2022-11-22 22:25:39
CONT2022006650,2022-11-11 06:10:13,2022-11-22 00:47:02
CONT2022006651,2022-11-20 01:37:59,2022-11-23 08:49:52
CONT2022006652,2022-11-19 05:34:13,2022-11-22 12:29:21
CONT2022006653,2022-11-18 07:09:40,2022-11-18 22:50:39
CONT2022006654,2022-11-10 19:37:15,2022-11-11 05:40:08
CONT2022006655,2022-11-20 17:11:10,2022-11-21 07:03:52
CONT2022006656,2022-11-20 05:49:22,2022-11-20 19:57:29
CONT2022006657,2022-11-18 09:34:39,
CONT2022006658,2022-11-15 13:29:20,
CONT2022006659,2022-11-11 12:00:55,2022-11-12 01:58:26
CONT2022006660,2022-11-20 14:15:10,2022-11-25 02:25:38
CONT2022006661,2022-11-17 09:27:35,
CONT2022006662,2022-11-20 19:17:20,2022-11-21 17:18:41
CONT2022006663,2022-11-15 14:28:17,2022-11-24 04:07:43
CONT2022006664,2022-11-16 13:03:00,2022-11-17 14:32:01
CONT2022006665,2022-11-15 11:37:25,2022-11-23 23:35:55
CONT2022006666,2022-11-17 20:21:40,2022-11-18 16:14:21
CONT2022006667,2022-11-19 01:57:12,
CONT2022006668,2022-11-12 11:04:21,2022-11-13 07:47:17
CONT2022006669,2022-11-17 22:57:58,2022-11-18 19:02:35
CONT2022006670,2022-11-20 17:57:58,2022-11-24 12:53:43
CONT2022006671,2022-11-15 15:54:13,2022-11-16 17:14:19
CONT2022006672,2022-11-21 03:54:16,2022-11-22 08:25:16
CONT2022006673,2022-11-17 13:12:53,2022-11-17 20:53:31
CONT2022006674,2022-11-13 20:09:38,2022-11-14 03:26:26
CONT2022006675,2022-11-19 17:25:52,2022-11-24 00:32:30
CONT2022006676,2022-11-15 01:09:31,2022-11-25 15:23:59
CONT2022006677,2022-11-11 03:49:27,2022-11-11 07:49:27
CONT2022006678,2022-11-15 10:27:55,
CONT2022006679,2022-11-17 01:43:09,2022-11-17 22:40:47
CONT2022006680,2022-11-20 15:17:56,
CONT2022006681,2022-11-19 17:50:25,2022-11-24 01:07:21
CONT2022006682,2022-11-13 07:41:50,
CONT2022006683,2022-11-19 13:13:48,
CONT2022006684,2022-11-14 18:54:42,2022-11-24 23:07:00
CONT2022006685,2022-11-19 15:40:58,2022-11-23 22:51:59
CONT2022006686,2022-11-21 06:21:36,2022-11-25 01:37:59
CONT2022006687,2022-11-16 17:14:14,2022-11-17 12:04:34
CONT2022006688,2022-11-16 16:02:44,2022-11-24 13:05:04
CONT2022006689,2022-11-21 11:39:05,2022-11-24 18:38:17
CONT2022006690,2022-11-16 06:30:53,2022-11-16 15:14:27
CONT2022006691,2022-11-19 19:00:30,
CONT2022006692,2022-11-17 05:13:59,2022-11-25 06:39:17
CONT2022006693,2022-11-15 15:48:34,
CONT2022006694,2022-11-17 22:59:46,2022-11-25 03:03:27
CONT2022006695,2022-11-12 11:05:09,2022-11-25 06:00:18
CONT2022006696,2022-11-17 23:36:09,
CONT2022006697,2022-11-16 06:38:25,2022-11-24 12:31:38
CONT2022006698,2022-11-13 08:03:38,2022-11-13 18:51:28
CONT2022006699,2022-11-13 16:18:33,2022-11-24 14:16:24
CONT2022006700,2022-11-15 21:05:17,
CONT2022006701,2022-11-21 22:00:54,2022-11-22 12:22:36
CONT2022006702,2022-11-13 17:41:54,2022-11-14 12:22:52
CONT2022006703,2022-11-19 12:50:25,2022-11-26 05:57:55
CONT2022006704,2022-11-15 00:50:49,2022-11-25 23:29:40
CONT2022006705,2022-11-22 00:33:46,2022-11-26 10:38:55
CONT2022006706,2022-11-22 18:11:44,2022-11-23 07:12:03
CONT2022006707,2022-11-18 04:28:59,2022-11-24 20:00:00
CONT2022006708,2022-11-18 00:25:11,2022-11-26 00:51:29
CONT2022006709,2022-11-13 17:22:21,2022-11-25 13:36:47
CONT2022006710,2022-11-22 03:00:01,2022-11-26 19:56:38
CONT2022006711,2022-11-22 09:19:29,2022-11-26 06:06:37
CONT2022006712,2022-11-15 02:56:51,2022-11-15 10:40:28
CONT2022006713,2022-11-16 22:00:59,2022-11-26 00:29:57
CONT2022006714,2022-11-13 18:37:30,2022-11-14 19:42:13
CONT2022006715,2022-11-16 13:00:18,
CONT2022006716,2022-11-14 19:10:29,2022-11-25 21:30:28
CONT2022006717,2022-11-16 22:16:43,2022-11-26 04:49:21
CONT2022006718,2022-11-14 08:26:03,2022-11-26 09:58:13
CONT2022006719,2022-11-12 10:19:55,2022-11-25 09:28:03
CONT2022006720,2022-11-20 05:56:08,2022-11-26 09:02:07
CONT2022006721,2022-11-23 02:09:52,2022-11-25 16:14:38
CONT2022006722,2022-11-17 22:32:44,
CONT2022006723,2022-11-14 20:47:52,2022-11-26 01:24:45
CONT2022006724,2022-11-12 12:24:35,2022-11-25 14:58:12
CONT2022006725,2022-11-22 23:26:48,2022-11-23 22:49:10
CONT2022006726,2022-11-19 18:33:00,2022-11-25 18:06:35
CONT2022006727,2022-11-14 10:12:28,2022-11-26 18:09:32
CONT2022006728,2022-11-21 10:03:38,2022-11-22 00:50:03
CONT2022006729,2022-11-21 18:36:00,2022-11-26 11:22:11
CONT2022006730,2022-11-17 21:59:12,2022-11-19 06:59:37
CONT2022006731,2022-11-16 03:48:33,2022-11-26 10:07:21
CONT2022006732,2022-11-19 07:31:34,2022-11-20 06:14:55
CONT2022006733,2022-11-13 10:38:20,2022-11-14 07:36:49
CONT2022006734,2022-11-21 03:13:47,2022-11-21 20:44:17
CONT2022006735,2022-11-13 17:24:44,2022-11-26 14:34:07
CONT2022006736,2022-11-17 08:09:11,2022-11-25 23:38:00
CONT2022006737,2022-11-17 04:09:10,2022-11-17 14:23:50
CONT2022006738,2022-11-17 23:27:52,2022-11-19 02:47:53
CONT2022006739,2022-11-16 22:00:25,2022-11-18 11:27:16
CONT2022006740,2022-11-23 05:48:33,2022-11-24 08:30:24
CONT2022006741,2022-11-15 09:57:08,
CONT2022006742,2022-11-20 17:47:08,
CONT2022006743,2022-11-13 22:47:01,2022-11-26 00:07:14
CONT2022006744,2022-11-21 18:42:17,2022-11-27 00:18:13
CONT2022006745,2022-11-20 10:00:05,2022-11-27 07:44:27
CONT2022006746,2022-11-16 10:50:59,2022-11-27 17:17:29
CONT2022006747,2022-11-13 03:22:30,2022-11-14 02:00:10
CONT2022006748,2022-11-23 18:51:34,2022-11-24 21:58:50
CONT2022006749,2022-11-23 13:43:50,
CONT2022006750,2022-11-19 08:06:42,
CONT2022006751,2022-11-18 10:35:00,2022-11-26 03:06:12
CONT2022006752,2022-11-15 01:40:08,2022-11-16 03:28:49
CONT2022006753,2022-11-22 10:27:54,2022-11-26 04:47:42
CONT2022006754,2022-11-23 13:37:47,2022-11-24 11:38:40
CONT2022006755,2022-11-17 15:27:58,2022-11-18 14:53:19
CONT2022006756,2022-11-19 06:22:53,2022-11-19 12:18:40
CONT2022006757,2022-11-22 02:50:57,2022-11-22 14:41:35
CONT2022006758,2022-11-17 13:34:45,2022-11-26 16:46:15
CONT2022006759,2022-11-15 02:45:52,2022-11-15 17:33:08
CONT2022006760,2022-11-18 08:38:19,2022-11-26 15:53:40
CONT2022006761,2022-11-13 15:19:34,2022-11-27 00:47:37
CONT2022006762,2022-11-23 07:21:56,2022-11-23 17:33:25
CONT2022006763,2022-11-18 14:16:59,2022-11-27 00:33:44
CONT2022006764,2022-11-13 15:24:35,2022-11-26 23:07:40
CONT2022006765,2022-11-13 04:32:34,2022-11-27 05:40:19
CONT2022006766,2022-11-15 22:44:10,
CONT2022006767,2022-11-21 05:54:20,2022-11-21 15:37:48
CONT2022006768,2022-11-18 14:10:16,2022-11-27 15:01:20
CONT2022006769,2022-11-19 01:52:32,
CONT2022006770,2022-11-23 12:07:21,2022-11-26 10:52:49
CONT2022006771,2022-11-13 18:26:05,2022-11-14 18:01:15
CONT2022006772,2022-11-22 18:24:06,2022-11-26 17:56:07
CONT2022006773,2022-11-13 23:56:55,2022-11-14 06:46:09
CONT2022006774,2022-11-15 03:50:17,2022-11-27 00:43:29
CONT2022006775,2022-11-18 04:28:56,2022-11-26 22:52:29
CONT2022006776,2022-11-14 05:11:03,2022-11-14 17:09:00
CONT2022006777,2022-11-13 23:45:42,2022-11-27 03:57:03
CONT2022006778,2022-11-17 21:25:17,2022-11-18 13:21:45
CONT2022006779,2022-11-24 15:44:00,
CONT2022006780,2022-11-15 10:27:11,2022-11-16 04:23:49
CONT2022006781,2022-11-20 10:51:14,2022-11-27 15:55:42
CONT2022006782,2022-11-17 04:00:57,
CONT2022006783,2022-11-15 16:04:03,2022-11-28 00:47:45
CONT2022006784,2022-11-15 05:26:27,2022-11-28 12:13:41
CONT2022006785,2022-11-24 03:45:12,2022-11-27 18:22:03
CONT2022006786,2022-11-20 15:25:48,2022-11-27 08:07:50
CONT2022006787,2022-11-18 18:38:29,2022-11-19 16:42:46
CONT2022006788,2022-11-24 05:54:34,
CONT2022006789,2022-11-14 06:31:38,2022-11-27 18:49:23
CONT2022006790,2022-11-20 12:29:35,2022-11-27 11:22:52
CONT2022006791,2022-11-14 10:07:36,2022-11-14 19:19:04
CONT2022006792,2022-11-22 02:47:17,2022-11-23 07:29:19
CONT2022006793,2022-11-15 14:25:48,2022-11-16 00:44:39
CONT2022006794,2022-11-19 12:24:49,2022-11-20 13:00:32
CONT2022006795,2022-11-17 10:42:44,
CONT2022006796,2022-11-14 05:56:54,2022-11-26 14:10:50
CONT2022006797,2022-11-19 04:16:51,2022-11-27 01:19:09
CONT2022006798,2022-11-18 23:36:36,2022-11-20 00:54:05
CONT2022006799,2022-11-13 07:59:53,2022-11-14 02:22:17
CONT2022006800,2022-11-16 22:48:27,2022-11-27 12:20:12
CONT2022006801,2022-11-14 00:24:05,2022-11-27 10:44:26
CONT2022006802,2022-11-16 16:19:17,2022-11-17 11:44:46
CONT2022006803,2022-11-20 21:44:42,
CONT2022006804,2022-11-14 04:25:58,2022-11-14 21:41:40
CONT2022006805,2022-11-17 09:57:34,2022-11-18 10:03:18
CONT2022006806,2022-11-17 15:59:54,2022-11-27 12:37:01
CONT2022006807,2022-11-13 20:25:17,2022-11-27 12:43:11
CONT2022006808,2022-11-21 05:55:44,
CONT2022006809,2022-11-19 05:10:42,2022-11-20 04:27:39
CONT2022006810,2022-11-21 01:14:03,2022-11-21 17:56:35
CONT2022006811,2022-11-18 12:22:40,
CONT2022006812,2022-11-15 03:04:05,
CONT2022006813,2022-11-19 10:33:13,2022-11-19 19:48:56
CONT2022006814,2022-11-22 17:49:01,2022-11-23 17:39:18
CONT2022006815,2022-11-17 03:54:49,2022-11-27 12:56:09
CONT2022006816,2022-11-23 14:31:22,2022-11-24 02:57:34
CONT2022006817,2022-11-22 09:22:37,2022-11-28 02:40:21
CONT2022006818,2022-11-18 15:07:09,
CONT2022006819,2022-11-15 05:02:01,2022-11-28 01:46:31
CONT2022006820,2022-11-14 22:30:54,2022-11-28 00:22:20
CONT2022006821,2022-11-19 14:50:14,2022-11-27 10:54:28
CONT2022006822,2022-11-21 10:24:48,2022-11-22 08:23:19
CONT2022006823,2022-11-16 07:58:01,
CONT2022006824,2022-11-22 10:43:46,2022-11-23 04:17:24
CONT2022006825,2022-11-21 20:16:04,2022-11-29 07:45:06
CONT2022006826,2022-11-22 20:15:06,
CONT2022006827,2022-11-16 03:58:16,2022-11-17 04:54:05
CONT2022006828,2022-11-18 06:42:51,2022-11-19 14:48:26
CONT2022006829,2022-11-19 08:33:50,2022-11-19 17:58:40
CONT2022006830,2022-11-15 14:41:57,2022-11-28 03:00:00
CONT2022006831,2022-11-21 01:58:24,2022-11-21 19:36:12
CONT2022006832,2022-11-16 00:22:05,2022-11-17 02:41:34
CONT2022006833,2022-11-15 16:27:18,2022-11-28 11:57:00
CONT2022006834,2022-11-19 10:06:05,2022-11-29 09:23:17
CONT2022006835,2022-11-25 08:37:37,
CONT2022006836,2022-11-23 05:17:44,2022-11-28 22:51:30
CONT2022006837,2022-11-16 06:14:33,2022-11-29 00:51:48
CONT2022006838,2022-11-18 06:23:17,2022-11-18 20:51:33
CONT2022006839,2022-11-26 14:15:10,2022-11-29 12:48:23
CONT2022006840,2022-11-23 15:00:42,
CONT2022006841,2022-11-24 23:52:08,2022-11-30 00:34:24
CONT2022006842,2022-11-25 19:12:18,2022-11-30 16:08:38
CONT2022006843,2022-11-18 05:01:36,2022-11-29 19:13:17
CONT2022006844,2022-11-17 12:45:22,2022-11-19 00:51:45
CONT2022006845,2022-11-21 08:43:16,2022-11-30 00:17:29
CONT2022006846,2022-11-22 12:23:33,2022-11-30 00:55:52
CONT2022006847,2022-11-24 17:31:21,2022-11-30 06:48:18
CONT2022006848,2022-11-22 21:06:22,
CONT2022006849,2022-11-18 18:37:17,
CONT2022006850,2022-11-20 01:07:35,2022-11-20 15:10:50
CONT2022006851,2022-11-22 01:21:24,
CONT2022006852,2022-11-16 03:06:00,
CONT2022006853,2022-11-19 23:01:27,2022-11-30 05:52:45
CONT2022006854,2022-11-18 18:28:18,2022-11-30 12:29:57
CONT2022006855,2022-11-22 17:12:32,2022-11-30 03:09:42
CONT2022006856,2022-11-25 06:53:28,2022-12-04 01:47:53
CONT2022006857,2022-11-26 06:08:12,2022-11-26 20:39:33
CONT2022006858,2022-11-23 10:04:05,2022-11-24 06:27:41
CONT2022006859,2022-11-30 05:02:45,
CONT2022006860,2022-11-23 22:46:09,2022-11-24 16:49:32
CONT2022006861,2022-11-21 06:42:57,2022-11-21 21:47:10
CONT2022006862,2022-11-23 09:47:03,
CONT2022006863,2022-11-22 10:44:59,2022-12-03 05:22:42
CONT2022006864,2022-11-29 11:38:39,2022-12-03 02:42:38
CONT2022006865,2022-11-29 04:36:23,
CONT2022006866,2022-11-28 15:32:40,2022-11-29 02:37:07
CONT2022006867,2022-11-21 19:59:46,2022-12-04 00:05:20
CONT2022006868,2022-11-28 22:27:27,2022-12-02 20:18:29
CONT2022006869,2022-11-29 23:35:42,2022-12-03 07:29:52
CONT2022006870,2022-11-23 07:58:55,2022-12-03 10:08:24
CONT2022006871,2022-11-25 18:25:59,2022-12-03 06:16:23
CONT2022006872,2022-11-21 03:20:29,2022-11-22 02:57:23
CONT2022006873,2022-11-19 19:54:44,2022-11-21 04:28:31
CONT2022006874,2022-11-25 17:29:16,
CONT2022006875,2022-11-23 06:04:18,2022-12-03 01:37:44
CONT2022006876,2022-11-29 23:29:41,2022-12-03 16:29:06
CONT2022006877,2022-11-29 16:11:12,2022-11-30 17:32:00
CONT2022006878,2022-11-24 22:34:35,
CONT2022006879,2022-11-30 12:28:10,2022-12-01 15:39:47
CONT2022006880,2022-11-26 05:18:15,
CONT2022006881,2022-11-24 23:38:43,2022-11-25 12:51:31
CONT2022006882,2022-11-29 00:20:36,2022-11-29 21:00:26
CONT2022006883,2022-11-29 12:27:33,2022-11-30 15:17:43
CONT2022006884,2022-11-30 00:52:31,2022-12-04 05:13:08
CONT2022006885,2022-11-26 09:25:16,
CONT2022006886,2022-11-22 01:15:34,2022-12-03 23:16:33
CONT2022006887,2022-11-22 23:35:56,2022-12-04 00:39:25
CONT2022006888,2022-11-28 00:41:29,
CONT2022006889,2022-11-27 22:32:53,2022-11-29 06:20:43
CONT2022006890,2022-11-25 18:23:33,2022-11-26 10:07:04
CONT2022006891,2022-11-25 23:12:16,
CONT2022006892,2022-11-29 18:48:56,
CONT2022006893,2022-11-30 09:49:41,2022-12-04 13:07:45
CONT2022006894,2022-11-29 10:03:30,2022-11-30 14:41:01
CONT2022006895,2022-11-20 00:13:41,2022-12-03 04:16:07
CONT2022006896,2022-12-01 01:37:25,2022-12-04 06:15:28
CONT2022006897,2022-11-21 08:55:17,
CONT2022006898,2022-11-29 10:01:18,2022-12-03 11:43:10
CONT2022006899,2022-11-25 14:15:52,2022-11-26 02:58:18
CONT2022006900,2022-11-22 08:34:15,
CONT2022006901,2022-11-25 06:49:21,2022-11-26 11:36:32
CONT2022006902,2022-11-26 11:41:41,2022-12-03 17:05:19
CONT2022006903,2022-11-20 18:39:10,2022-12-04 00:57:05
CONT2022006904,2022-11-23 20:21:40,2022-11-24 20:37:36
CONT2022006905,2022-11-22 12:42:27,2022-11-23 01:50:04
CONT2022006906,2022-11-23 17:36:34,2022-11-24 07:44:49
CONT2022006907,2022-11-27 11:51:06,2022-11-28 13:25:50
CONT2022006908,2022-11-22 02:59:49,2022-12-05 03:45:35
CONT2022006909,2022-11-28 17:08:36,2022-12-04 05:58:14
CONT2022006910,2022-11-29 12:53:37,2022-11-30 03:51:23
CONT2022006911,2022-11-22 07:23:26,2022-11-23 04:30:49
CONT2022006912,2022-11-24 15:43:07,2022-12-04 05:26:14
CONT2022006913,2022-11-27 09:04:03,
CONT2022006914,2022-11-23 17:09:52,2022-11-24 20:06:59
CONT2022006915,2022-11-22 03:10:04,2022-12-04 08:38:53
CONT2022006916,2022-11-28 21:02:46,2022-12-04 17:16:40
CONT2022006917,2022-11-25 12:55:31,2022-12-03 17:13:08
CONT2022006918,2022-11-29 14:17:19,
CONT2022006919,2022-11-22 12:42:25,2022-12-04 06:39:37
CONT2022006920,2022-11-26 21:36:22,2022-12-05 06:51:30
CONT2022006921,2022-11-24 01:42:32,2022-11-25 11:33:04
CONT2022006922,2022-11-24 08:30:44,2022-11-24 23:04:15
CONT2022006923,2022-11-25 20:02:42,2022-12-05 07:24:07
CONT2022006924,2022-11-24 08:41:03,2022-12-04 20:15:01
CONT2022006925,2022-11-28 12:15:16,2022-12-04 15:39:56
CONT2022006926,2022-11-21 17:55:20,2022-11-22 09:44:23
CONT2022006927,2022-11-22 01:26:03,2022-12-04 14:41:56
CONT2022006928,2022-11-23 10:16:49,2022-12-05 08:05:39
CONT2022006929,2022-11-25 05:44:51,2022-11-26 09:44:11
CONT2022006930,2022-11-28 22:54:21,
CONT2022006931,2022-11-25 02:42:11,2022-12-05 08:49:23
CONT2022006932,2022-11-24 13:12:24,2022-12-05 05:19:50
CONT2022006933,2022-11-25 23:42:37,
CONT2022006934,2022-11-22 07:45:10,2022-12-04 23:14:11
CONT2022006935,2022-11-25 13:26:09,2022-11-26 10:37:41
CONT2022006936,2022-11-24 21:55:14,2022-12-04 07:18:43
CONT2022006937,2022-11-24 11:24:53,2022-11-25 05:47:40
CONT2022006938,2022-11-23 03:23:25,
CONT2022006939,2022-12-01 00:30:29,2022-12-04 15:46:11
CONT2022006940,2022-11-29 01:10:19,2022-12-04 21:35:27
CONT2022006941,2022-11-21 15:16:25,
CONT2022006942,2022-11-21 16:35:40,2022-11-22 00:57:57
CONT2022006943,2022-11-25 22:55:34,2022-11-26 19:38:21
CONT2022006944,2022-12-01 11:05:39,2022-12-05 05:53:54
CONT2022006945,2022-11-28 17:21:49,2022-12-04 21:56:21
CONT2022006946,2022-11-29 14:05:02,2022-11-30 12:50:15
CONT2022006947,2022-11-25 13:07:01,2022-12-04 00:05:51
CONT2022006948,2022-11-30 17:24:27,2022-12-04 09:30:55
CONT2022006949,2022-12-02 03:58:11,2022-12-03 01:40:06
CONT2022006950,2022-11-27 12:45:44,2022-12-04 23:16:55
CONT2022006951,2022-11-26 20:08:00,2022-12-04 23:54:24
CONT2022006952,2022-11-26 11:45:32,
CONT2022006953,2022-11-21 08:15:43,2022-12-04 09:05:58
CONT2022006954,2022-11-27 20:23:15,2022-11-28 07:36:01
CONT2022006955,2022-11-28 21:59:35,2022-11-29 02:54:53
CONT2022006956,2022-11-29 17:07:58,2022-12-05 03:30:30
CONT2022006957,2022-11-23 15:16:07,2022-11-24 15:31:59
CONT2022006958,2022-11-24 07:46:50,2022-12-05 08:48:11
CONT2022006959,2022-12-02 01:22:11,2022-12-05 12:22:37
CONT2022006960,2022-11-29 14:49:07,2022-11-30 01:45:28
CONT2022006961,2022-12-01 01:30:04,2022-12-01 18:34:01
CONT2022006962,2022-11-28 19:03:24,2022-12-05 03:20:36
CONT2022006963,2022-11-24 01:18:31,2022-12-05 12:19:28
CONT2022006964,2022-11-29 02:51:29,2022-12-04 08:31:44
CONT2022006965,2022-11-30 20:39:48,2022-12-04 22:10:32
CONT2022006966,2022-11-26 10:40:13,2022-12-05 04:42:06
CONT2022006967,2022-11-21 19:05:31,2022-11-22 13:00:08
CONT2022006968,2022-11-26 17:03:23,2022-11-28 02:55:29
CONT2022006969,2022-11-24 00:56:35,2022-12-05 03:17:17
CONT2022006970,2022-12-02 06:36:37,
CONT2022006971,2022-11-24 02:11:01,2022-11-25 01:31:21
CONT2022006972,2022-11-30 13:54:15,2022-12-05 12:38:41
CONT2022006973,2022-11-22 06:39:30,
CONT2022006974,2022-11-27 05:18:16,2022-12-05 12:39:38
CONT2022006975,2022-11-26 04:42:39,2022-11-27 09:40:44
CONT2022006976,2022-11-22 17:29:37,
CONT2022006977,2022-11-26 03:53:14,
CONT2022006978,2022-11-22 14:18:06,2022-11-23 02:29:01
CONT2022006979,2022-11-22 13:45:13,2022-11-23 16:32:54
CONT2022006980,2022-12-02 07:52:32,2022-12-02 21:54:09
CONT2022006981,2022-11-24 22:36:51,2022-11-25 05:38:50
CONT2022006982,2022-11-24 15:47:51,2022-11-26 04:42:47
CONT2022006983,2022-11-27 07:37:32,2022-12-05 17:11:33
CONT2022006984,2022-11-29 03:49:01,2022-11-30 01:22:51
CONT2022006985,2022-11-23 06:04:00,2022-12-05 23:56:57
CONT2022006986,2022-11-28 18:27:40,2022-12-06 03:06:04
CONT2022006987,2022-11-29 22:01:12,2022-12-05 07:54:59
CONT2022006988,2022-11-22 05:55:24,2022-11-23 00:07:35
CONT2022006989,2022-11-22 23:38:54,
CONT2022006990,2022-12-01 04:06:06,2022-12-01 20:41:18
CONT2022006991,2022-11-25 13:31:55,
CONT2022006992,2022-11-30 21:33:34,
CONT2022006993,2022-11-24 15:12:47,2022-11-25 09:23:20
CONT2022006994,2022-11-30 14:17:24,2022-12-06 06:29:17
CONT2022006995,2022-11-22 22:12:10,2022-11-24 05:55:27
CONT2022006996,2022-11-29 02:01:08,2022-12-05 15:01:29
CONT2022006997,2022-11-23 08:40:58,2022-12-06 17:09:19
CONT2022006998,2022-11-22 14:27:34,2022-12-05 09:33:58
CONT2022006999,2022-12-01 11:29:21,2022-12-05 06:18:21
CONT2022007000,2022-11-22 07:23:50,
CONT2022007001,2022-12-02 14:02:39,2022-12-05 17:43:03
CONT2022007002,2022-11-29 02:17:49,2022-12-06 00:00:51
CONT2022007003,2022-11-30 13:09:38,2022-12-05 15:33:45
CONT2022007004,2022-11-29 17:38:36,2022-11-29 23:58:59
CONT2022007005,2022-11-27 21:12:41,2022-11-29 07:28:39
CONT2022007006,2022-12-01 22:38:17,2022-12-05 08:06:26
CONT2022007007,2022-11-25 14:55:12,2022-12-05 18:16:11
CONT2022007008,2022-11-26 04:39:07,2022-12-06 10:53:51
CONT2022007009,2022-11-30 03:55:42,
CONT2022007010,2022-11-28 08:50:30,2022-12-05 13:09:49
CONT2022007011,2022-11-26 23:47:52,2022-11-27 15:11:59
CONT2022007012,2022-11-26 11:26:12,2022-11-27 01:46:21
CONT2022007013,2022-11-22 23:11:20,2022-12-05 20:53:50
CONT2022007014,2022-11-23 23:34:55,2022-12-05 18:16:10
CONT2022007015,2022-11-23 04:45:32,2022-12-06 03:28:30
CONT2022007016,2022-11-25 05:28:43,2022-11-26 02:45:15
CONT2022007017,2022-11-23 12:28:09,2022-12-05 16:46:05
CONT2022007018,2022-12-03 01:21:19,2022-12-06 12:00:35
CONT2022007019,2022-11-29 13:19:42,2022-11-30 10:18:53
CONT2022007020,2022-11-30 19:18:00,2022-12-01 13:07:03
CONT2022007021,2022-11-30 13:52:30,2022-12-06 01:05:39
CONT2022007022,2022-12-02 23:31:15,2022-12-06 17:01:17
CONT2022007023,2022-12-02 21:28:18,2022-12-05 23:25:23
CONT2022007024,2022-11-23 04:33:33,2022-11-24 01:18:02
CONT2022007025,2022-11-30 16:16:21,2022-12-05 07:42:15
CONT2022007026,2022-12-02 05:49:13,2022-12-06 07:11:03
CONT2022007027,2022-11-29 01:44:44,2022-11-29 15:31:48
CONT2022007028,2022-11-23 21:11:35,2022-11-25 04:31:31
CONT2022007029,2022-11-25 08:23:07,
CONT2022007030,2022-11-29 17:10:54,2022-12-06 05:45:43
CONT2022007031,2022-11-28 18:46:41,2022-12-06 20:33:02
CONT2022007032,2022-11-23 07:31:23,2022-11-24 07:28:46
CONT2022007033,2022-11-23 01:48:19,2022-12-05 07:33:26
CONT2022007034,2022-11-25 13:46:10,2022-12-06 16:03:56
CONT2022007035,2022-11-24 20:14:57,2022-11-25 10:54:23
CONT2022007036,2022-12-01 14:44:39,2022-12-01 20:14:05
CONT2022007037,2022-11-27 13:44:21,
CONT2022007038,2022-12-01 07:56:47,
CONT2022007039,2022-11-23 11:22:01,2022-11-24 11:43:59
CONT2022007040,2022-11-27 21:44:24,2022-12-05 22:43:56
CONT2022007041,2022-11-29 20:21:08,2022-12-07 00:13:28
CONT2022007042,2022-11-28 22:10:38,2022-11-29 17:53:22
CONT2022007043,2022-11-29 18:34:59,2022-12-05 23:44:21
CONT2022007044,2022-11-24 06:56:08,2022-11-25 02:53:54
CONT2022007045,2022-12-03 07:05:12,2022-12-07 00:07:54
CONT2022007046,2022-11-28 22:06:05,2022-11-29 18:04:24
CONT2022007047,2022-11-30 07:13:32,2022-11-30 23:16:22
CONT2022007048,2022-11-28 18:30:33,2022-11-29 00:59:29
CONT2022007049,2022-12-01 17:44:06,2022-12-06 16:23:24
CONT2022007050,2022-11-30 07:55:17,2022-12-01 15:38:25
CONT2022007051,2022-11-25 05:45:36,2022-11-26 02:33:28
CONT2022007052,2022-11-26 21:11:09,2022-11-27 04:02:05
CONT2022007053,2022-11-24 00:32:33,
CONT2022007054,2022-11-27 10:04:45,
CONT2022007055,2022-11-28 05:45:25,
CONT2022007056,2022-11-30 07:45:38,2022-12-08 07:02:25
CONT2022007057,2022-12-05 19:29:00,2022-12-06 14:29:28
CONT2022007058,2022-12-04 01:45:22,
CONT2022007059,2022-12-03 13:43:47,
CONT2022007060,2022-12-03 17:45:21,2022-12-04 08:55:11
CONT2022007061,2022-11-28 11:01:43,2022-11-28 19:19:22
CONT2022007062,2022-12-01 16:32:07,2022-12-08 01:36:24
CONT2022007063,2022-11-25 13:05:08,2022-11-26 10:02:33
CONT2022007064,2022-12-04 17:07:49,2022-12-05 10:16:42
CONT2022007065,2022-11-30 02:48:00,
CONT2022007066,2022-12-05 00:04:23,2022-12-06 08:20:37
CONT2022007067,2022-12-04 06:00:49,2022-12-05 07:41:59
CONT2022007068,2022-11-30 09:40:28,2022-12-08 11:58:36
CONT2022007069,2022-12-01 12:46:53,2022-12-08 13:12:38
CONT2022007070,2022-11-26 02:43:25,
CONT2022007071,2022-11-29 15:32:12,2022-12-09 10:06:32
CONT2022007072,2022-11-30 05:12:24,2022-12-09 17:23:36
CONT2022007073,2022-11-26 20:30:26,2022-12-10 01:36:20
CONT2022007074,2022-12-06 19:24:09,
CONT2022007075,2022-12-04 19:18:20,2022-12-05 23:03:45
CONT2022007076,2022-11-30 20:47:47,2022-12-10 07:16:36
CONT2022007077,2022-12-06 11:45:33,2022-12-07 14:47:40
CONT2022007078,2022-12-06 11:59:15,
CONT2022007079,2022-11-28 05:09:52,2022-11-28 16:23:34
CONT2022007080,2022-11-27 18:42:35,2022-12-09 17:09:03
CONT2022007081,2022-12-04 12:06:13,2022-12-05 08:26:35
CONT2022007082,2022-11-29 01:59:36,2022-11-29 11:15:03
CONT2022007083,2022-12-06 17:22:34,
CONT2022007084,2022-12-01 04:49:20,2022-12-02 06:20:17
CONT2022007085,2022-11-28 04:48:41,2022-12-10 07:10:13
CONT2022007086,2022-11-28 17:58:33,
CONT2022007087,2022-12-06 22:08:03,2022-12-09 22:16:53
CONT2022007088,2022-11-26 20:08:17,2022-12-10 08:32:50
CONT2022007089,2022-11-29 03:24:45,2022-11-30 07:06:50
CONT2022007090,2022-12-02 20:19:22,2022-12-09 21:20:02
CONT2022007091,2022-11-30 23:42:25,2022-12-10 02:26:18
CONT2022007092,2022-11-26 09:04:49,2022-12-09 21:01:30
CONT2022007093,2022-11-28 14:56:17,2022-12-10 08:03:13
CONT2022007094,2022-12-04 19:58:31,
CONT2022007095,2022-12-04 15:06:34,
CONT2022007096,2022-11-26 22:03:58,
CONT2022007097,2022-12-03 06:29:29,2022-12-10 05:38:00
CONT2022007098,2022-12-01 07:01:00,
CONT2022007099,2022-12-06 15:39:02,2022-12-10 12:05:31
CONT2022007100,2022-11-27 23:07:53,2022-12-09 20:55:36
CONT2022007101,2022-11-28 02:20:35,2022-12-10 06:16:53
CONT2022007102,2022-12-05 21:59:44,2022-12-09 22:42:22
CONT2022007103,2022-11-29 17:54:43,2022-11-30 23:00:19
CONT2022007104,2022-12-02 10:40:37,2022-12-10 10:48:12
CONT2022007105,2022-11-30 22:03:49,2022-12-11 02:28:06
CONT2022007106,2022-11-30 10:20:46,
CONT2022007107,2022-11-30 05:45:27,
CONT2022007108,2022-12-01 13:11:12,2022-12-02 08:59:51
CONT2022007109,2022-12-02 00:45:09,2022-12-10 12:06:33
CONT2022007110,2022-12-05 20:15:38,
CONT2022007111,2022-11-28 23:47:02,
CONT2022007112,2022-12-01 22:44:30,2022-12-02 19:22:54
CONT2022007113,2022-12-03 01:00:21,2022-12-03 23:58:31
CONT2022007114,2022-11-30 14:10:03,2022-12-01 06:13:12
CONT2022007115,2022-12-04 23:35:48,2022-12-06 00:17:50
CONT2022007116,2022-11-30 20:27:50,2022-12-10 10:04:55
CONT2022007117,2022-12-02 00:00:55,2022-12-02 19:04:58
CONT2022007118,2022-11-28 05:50:48,
CONT2022007119,2022-12-04 00:38:09,
CONT2022007120,2022-12-03 19:16:46,2022-12-04 07:54:49
CONT2022007121,2022-12-03 02:37:06,2022-12-11 00:16:11
CONT2022007122,2022-12-07 10:29:59,2022-12-08 11:10:13
CONT2022007123,2022-12-03 22:57:12,2022-12-11 09:40:10
CONT2022007124,2022-11-30 20:58:21,2022-12-01 17:00:50
CONT2022007125,2022-12-04 01:32:42,
CONT2022007126,2022-12-04 16:37:17,2022-12-05 14:43:56
CONT2022007127,2022-11-27 16:51:32,
CONT2022007128,2022-12-03 14:06:34,2022-12-11 03:23:05
CONT2022007129,2022-11-28 19:17:29,2022-12-11 09:27:04
CONT2022007130,2022-12-04 05:58:28,2022-12-05 05:43:01
CONT2022007131,2022-11-27 16:42:20,2022-12-11 04:08:06
CONT2022007132,2022-12-01 18:15:59,2022-12-02 16:06:40
CONT2022007133,2022-12-04 16:04:56,
CONT2022007134,2022-12-06 06:39:48,
CONT2022007135,2022-11-28 20:29:12,
CONT2022007136,2022-12-05 21:18:09,
CONT2022007137,2022-12-05 06:10:57,2022-12-11 19:03:17
CONT2022007138,2022-12-01 23:29:45,2022-12-11 02:46:13
CONT2022007139,2022-12-03 09:10:08,2022-12-04 08:09:40
CONT2022007140,2022-12-04 10:50:33,2022-12-05 00:26:22
CONT2022007141,2022-12-06 10:18:14,2022-12-12 07:12:04
CONT2022007142,2022-12-02 23:36:32,
CONT2022007143,2022-12-08 11:30:22,2022-12-12 09:00:12
CONT2022007144,2022-12-01 00:40:35,2022-12-01 15:22:01
CONT2022007145,2022-11-29 10:23:57,2022-11-29 20:29:27
CONT2022007146,2022-12-05 21:07:54,
CONT2022007147,2022-12-03 04:59:32,2022-12-04 08:32:49
CONT2022007148,2022-12-04 21:25:12,2022-12-12 09:33:02
CONT2022007149,2022-12-07 11:22:05,2022-12-08 03:16:34
CONT2022007150,2022-11-30 19:38:23,2022-12-01 21:40:31
CONT2022007151,2022-12-08 06:07:43,2022-12-09 05:38:04
CONT2022007152,2022-12-08 07:04:51,2022-12-09 05:13:11
CONT2022007153,2022-12-08 11:40:21,2022-12-09 12:28:27
CONT2022007154,2022-12-06 13:57:49,2022-12-08 09:40:57
CONT2022007155,2022-12-08 01:15:29,2022-12-11 13:06:18
CONT2022007156,2022-12-05 19:31:13,2022-12-12 22:11:40
CONT2022007157,2022-12-08 20:37:02,2022-12-09 16:08:18
CONT2022007158,2022-12-07 19:43:13,2022-12-11 18:31:05
CONT2022007159,2022-12-07 21:05:22,2022-12-11 14:42:25
CONT2022007160,2022-12-04 09:30:32,2022-12-13 01:23:45
CONT2022007161,2022-12-04 11:39:06,2022-12-13 22:30:58
CONT2022007162,2022-12-06 13:28:12,2022-12-13 01:54:55
CONT2022007163,2022-12-10 00:08:03,
CONT2022007164,2022-12-02 11:10:59,
CONT2022007165,2022-12-02 13:41:40,2022-12-13 15:04:47
CONT2022007166,2022-12-05 23:40:56,2022-12-13 13:02:38
CONT2022007167,2022-12-05 13:14:40,2022-12-06 08:52:11
CONT2022007168,2022-12-10 10:51:02,2022-12-13 05:06:17
CONT2022007169,2022-12-05 02:12:59,
CONT2022007170,2022-12-06 22:33:58,
CONT2022007171,2022-12-04 14:45:24,2022-12-15 14:26:15
CONT2022007172,2022-12-09 19:49:07,2022-12-10 17:46:34
CONT2022007173,2022-12-07 01:07:48,2022-12-16 00:45:02
CONT2022007174,2022-12-10 12:03:25,2022-12-11 00:19:29
CONT2022007175,2022-12-03 16:58:04,2022-12-16 02:20:25
CONT2022007176,2022-12-09 03:57:10,2022-12-10 10:02:48
CONT2022007177,2022-12-06 03:55:45,2022-12-15 23:44:42
CONT2022007178,2022-12-03 11:13:54,2022-12-16 11:23:50
CONT2022007179,2022-12-04 10:13:23,2022-12-05 13:14:22
CONT2022007180,2022-12-04 04:24:21,
CONT2022007181,2022-12-07 06:04:24,
CONT2022007182,2022-12-13 10:09:35,2022-12-17 21:17:15
CONT2022007183,2022-12-06 04:22:44,2022-12-17 05:26:53
CONT2022007184,2022-12-03 06:25:35,
CONT2022007185,2022-12-07 14:56:28,
CONT2022007186,2022-12-12 23:04:17,2022-12-17 05:00:21
CONT2022007187,2022-12-03 04:50:32,2022-12-16 20:12:59
CONT2022007188,2022-12-10 23:37:33,2022-12-16 06:17:57
CONT2022007189,2022-12-09 22:41:38,
CONT2022007190,2022-12-05 14:04:44,2022-12-06 22:54:01
CONT2022007191,2022-12-05 01:27:07,2022-12-06 03:11:30
CONT2022007192,2022-12-05 09:38:30,2022-12-17 07:49:53
CONT2022007193,2022-12-07 10:30:45,2022-12-17 15:06:06
CONT2022007194,2022-12-13 13:37:36,2022-12-13 23:25:39
CONT2022007195,2022-12-07 03:27:47,
CONT2022007196,2022-12-06 16:16:08,2022-12-07 12:31:33
CONT2022007197,2022-12-10 07:38:35,2022-12-10 16:30:43
CONT2022007198,2022-12-13 23:53:56,2022-12-17 04:32:21
CONT2022007199,2022-12-12 21:43:02,
CONT2022007200,2022-12-14 16:01:47,2022-12-15 15:40:28
CONT2022007201,2022-12-13 15:54:43,2022-12-14 21:25:03
CONT2022007202,2022-12-08 19:13:42,2022-12-10 05:00:00
CONT2022007203,2022-12-10 06:48:40,2022-12-10 17:21:45
CONT2022007204,2022-12-05 20:51:02,2022-12-17 15:01:07
CONT2022007205,2022-12-09 01:33:08,2022-12-17 05:51:01
CONT2022007206,2022-12-13 03:16:07,2022-12-14 03:46:33
CONT2022007207,2022-12-11 22:29:38,2022-12-12 02:29:38
CONT2022007208,2022-12-14 06:12:55,2022-12-17 06:39:51
CONT2022007209,2022-12-05 08:12:42,2022-12-17 17:06:36
CONT2022007210,2022-12-08 10:55:19,2022-12-09 02:50:01
CONT2022007211,2022-12-03 19:04:07,2022-12-17 14:49:34
CONT2022007212,2022-12-11 00:23:21,2022-12-17 14:53:47
CONT2022007213,2022-12-12 16:39:59,2022-12-16 22:58:08
CONT2022007214,2022-12-12 12:25:45,2022-12-17 08:17:45
CONT2022007215,2022-12-09 13:38:38,2022-12-17 17:20:00
CONT2022007216,2022-12-04 06:12:29,2022-12-04 17:03:00
CONT2022007217,2022-12-09 04:49:59,2022-12-09 22:15:28
CONT2022007218,2022-12-14 08:12:37,2022-12-16 02:19:30
CONT2022007219,2022-12-13 19:43:18,2022-12-14 08:09:14
CONT2022007220,2022-12-15 09:17:49,
CONT2022007221,2022-12-05 19:33:19,2022-12-06 14:18:28
CONT2022007222,2022-12-10 05:51:47,2022-12-11 01:26:25
CONT2022007223,2022-12-14 11:51:36,
CONT2022007224,2022-12-06 12:36:09,2022-12-07 11:33:58
CONT2022007225,2022-12-10 18:46:27,2022-12-19 10:33:08
CONT2022007226,2022-12-06 02:01:56,2022-12-07 03:02:21
CONT2022007227,2022-12-14 21:28:41,2022-12-15 14:00:01
CONT2022007228,2022-12-10 03:51:09,2022-12-18 12:06:27
CONT2022007229,2022-12-12 08:54:16,2022-12-17 21:55:22
CONT2022007230,2022-12-14 11:00:47,2022-12-15 05:40:19
CONT2022007231,2022-12-06 22:08:56,2022-12-07 06:09:27
CONT2022007232,2022-12-05 22:55:05,2022-12-06 19:15:32
CONT2022007233,2022-12-13 04:53:48,2022-12-18 05:09:52
CONT2022007234,2022-12-05 22:22:47,2022-12-06 16:06:22
CONT2022007235,2022-12-14 17:49:16,
CONT2022007236,2022-12-14 06:15:57,
CONT2022007237,2022-12-12 11:22:17,2022-12-18 23:43:51
CONT2022007238,2022-12-06 02:23:14,
CONT2022007239,2022-12-12 23:11:45,
CONT2022007240,2022-12-07 22:48:10,2022-12-18 12:38:56
CONT2022007241,2022-12-11 12:32:59,2022-12-12 15:39:52
CONT2022007242,2022-12-05 07:36:31,2022-12-18 15:31:14
CONT2022007243,2022-12-12 18:13:51,
CONT2022007244,2022-12-11 05:50:47,
CONT2022007245,2022-12-08 19:23:05,2022-12-19 18:12:00
CONT2022007246,2022-12-10 07:07:14,2022-12-10 21:54:47
CONT2022007247,2022-12-13 11:49:42,2022-12-14 23:29:36
CONT2022007248,2022-12-07 04:12:03,
CONT2022007249,2022-12-09 21:30:50,2022-12-10 23:09:23
CONT2022007250,2022-12-09 16:54:38,
CONT2022007251,2022-12-05 12:57:33,2022-12-06 21:29:53
CONT2022007252,2022-12-09 08:13:25,2022-12-09 23:18:43
CONT2022007253,2022-12-09 23:42:02,2022-12-19 02:29:22
CONT2022007254,2022-12-05 12:01:16,
CONT2022007255,2022-12-09 14:49:49,
CONT2022007256,2022-12-12 10:27:20,2022-12-13 05:26:56
CONT2022007257,2022-12-06 01:39:59,2022-12-18 22:27:10
CONT2022007258,2022-12-08 15:34:06,2022-12-09 09:30:33
CONT2022007259,2022-12-09 18:53:11,2022-12-18 16:50:56
CONT2022007260,2022-12-07 14:26:14,2022-12-08 06:04:18
CONT2022007261,2022-12-07 00:52:22,2022-12-07 13:08:14
CONT2022007262,2022-12-14 00:09:42,2022-12-18 18:37:24
CONT2022007263,2022-12-12 03:56:41,2022-12-18 23:28:56
CONT2022007264,2022-12-12 17:19:39,2022-12-19 18:00:24
CONT2022007265,2022-12-10 02:03:02,
CONT2022007266,2022-12-15 15:28:34,2022-12-20 17:42:12
CONT2022007267,2022-12-13 13:03:24,2022-12-19 13:38:07
CONT2022007268,2022-12-08 11:58:25,2022-12-09 08:11:30
CONT2022007269,2022-12-15 01:51:43,2022-12-15 16:16:07
CONT2022007270,2022-12-06 04:10:50,2022-12-06 12:57:28
CONT2022007271,2022-12-14 02:54:50,2022-12-19 03:41:07
CONT2022007272,2022-12-16 13:53:01,2022-12-19 18:01:46
CONT2022007273,2022-12-14 21:48:08,2022-12-19 19:15:05
CONT2022007274,2022-12-10 09:10:23,2022-12-10 21:53:28
CONT2022007275,2022-12-14 00:29:11,2022-12-14 05:43:29
CONT2022007276,2022-12-14 14:06:44,2022-12-15 02:21:37
CONT2022007277,2022-12-08 07:30:36,
CONT2022007278,2022-12-06 05:42:25,2022-12-06 16:32:05
CONT2022007279,2022-12-13 11:16:05,2022-12-14 08:31:11
CONT2022007280,2022-12-11 05:17:37,2022-12-12 06:29:14
CONT2022007281,2022-12-12 01:30:31,2022-12-13 01:48:18
CONT2022007282,2022-12-14 15:02:12,2022-12-20 02:13:09
CONT2022007283,2022-12-16 04:10:08,
CONT2022007284,2022-12-10 10:22:12,
CONT2022007285,2022-12-10 12:20:13,2022-12-19 10:10:32
CONT2022007286,2022-12-06 18:17:18,2022-12-08 03:38:57
CONT2022007287,2022-12-14 03:10:34,2022-12-15 07:38:09
CONT2022007288,2022-12-14 23:19:57,2022-12-15 19:20:06
CONT2022007289,2022-12-08 23:31:46,2022-12-20 15:39:12
CONT2022007290,2022-12-16 05:39:48,2022-12-19 16:00:23
CONT2022007291,2022-12-14 08:00:48,2022-12-19 13:14:22
CONT2022007292,2022-12-08 20:33:47,2022-12-19 22:48:54
CONT2022007293,2022-12-15 03:12:09,
CONT2022007294,2022-12-08 15:54:47,2022-12-09 10:13:12
CONT2022007295,2022-12-10 23:32:15,2022-12-12 03:19:26
CONT2022007296,2022-12-12 06:29:05,
CONT2022007297,2022-12-17 05:18:03,2022-12-18 09:54:50
CONT2022007298,2022-12-08 20:32:07,
CONT2022007299,2022-12-07 02:27:41,2022-12-07 23:47:59
CONT2022007300,2022-12-10 02:34:56,2022-12-20 11:48:48
CONT2022007301,2022-12-10 20:25:40,
CONT2022007302,2022-12-11 21:15:14,2022-12-19 23:46:07
CONT2022007303,2022-12-16 22:51:56,2022-12-19 14:34:10
CONT2022007304,2022-12-16 14:13:43,
CONT2022007305,2022-12-08 13:46:35,2022-12-09 12:03:32
CONT2022007306,2022-12-15 01:54:13,2022-12-16 00:32:18
CONT2022007307,2022-12-11 10:53:41,2022-12-12 14:01:48
CONT2022007308,2022-12-18 04:57:54,2022-12-18 17:50:21
CONT2022007309,2022-12-17 21:15:12,2022-12-20 22:32:15
CONT2022007310,2022-12-07 17:28:34,2022-12-21 07:35:24
CONT2022007311,2022-12-14 15:27:42,
CONT2022007312,2022-12-09 08:09:35,2022-12-10 05:41:07
CONT2022007313,2022-12-09 01:57:57,2022-12-21 11:37:41
CONT2022007314,2022-12-15 07:57:28,2022-12-21 06:28:40
CONT2022007315,2022-12-11 11:21:35,2022-12-21 16:34:47
CONT2022007316,2022-12-08 01:34:18,
CONT2022007317,2022-12-17 21:39:56,2022-12-18 21:04:39
CONT2022007318,2022-12-17 18:41:30,2022-12-21 06:17:19
CONT2022007319,2022-12-13 06:42:34,2022-12-14 01:23:42
CONT2022007320,2022-12-14 00:36:33,2022-12-20 19:56:08
CONT2022007321,2022-12-08 21:41:02,2022-12-09 18:01:56
CONT2022007322,2022-12-09 06:03:11,2022-12-10 06:26:55
CONT2022007323,2022-12-17 20:25:27,
CONT2022007324,2022-12-13 03:14:06,2022-12-14 12:42:15
CONT2022007325,2022-12-08 23:23:08,2022-12-10 01:52:24
CONT2022007326,2022-12-12 07:45:05,2022-12-21 10:23:23
CONT2022007327,2022-12-17 07:24:19,2022-12-21 02:13:31
CONT2022007328,2022-12-13 08:19:25,2022-12-21 07:07:46
CONT2022007329,2022-12-15 19:45:30,2022-12-21 14:16:27
CONT2022007330,2022-12-10 06:42:53,2022-12-11 15:08:17
CONT2022007331,2022-12-07 13:46:50,2022-12-20 13:57:21
CONT2022007332,2022-12-17 13:46:50,2022-12-20 17:49:17
CONT2022007333,2022-12-13 01:41:51,2022-12-13 15:36:00
CONT2022007334,2022-12-17 15:45:14,
CONT2022007335,2022-12-16 02:29:23,2022-12-17 00:45:02
CONT2022007336,2022-12-16 08:46:41,2022-12-21 02:12:33
CONT2022007337,2022-12-10 09:20:30,2022-12-21 13:09:23
CONT2022007338,2022-12-11 03:15:58,2022-12-12 15:06:30
CONT2022007339,2022-12-14 03:02:53,2022-12-14 11:26:01
CONT2022007340,2022-12-10 23:37:40,2022-12-21 21:58:35
CONT2022007341,2022-12-16 16:06:56,2022-12-21 04:10:19
CONT2022007342,2022-12-14 21:00:28,2022-12-21 03:53:20
CONT2022007343,2022-12-15 07:25:39,2022-12-21 18:40:55
CONT2022007344,2022-12-13 21:43:37,2022-12-14 11:49:52
CONT2022007345,2022-12-13 02:08:37,2022-12-14 07:58:03
CONT2022007346,2022-12-10 22:25:19,2022-12-11 22:15:45
CONT2022007347,2022-12-17 13:07:50,2022-12-21 08:50:49
CONT2022007348,2022-12-08 17:04:55,2022-12-21 08:55:22
CONT2022007349,2022-12-12 18:28:03,2022-12-21 12:02:33
CONT2022007350,2022-12-13 22:08:33,2022-12-14 06:48:59
CONT2022007351,2022-12-16 21:51:33,
CONT2022007352,2022-12-13 04:55:13,2022-12-22 12:51:52
CONT2022007353,2022-12-18 08:45:52,2022-12-20 12:09:14
CONT2022007354,2022-12-16 02:25:28,
CONT2022007355,2022-12-12 12:23:55,2022-12-12 19:11:56
CONT2022007356,2022-12-17 22:20:32,
CONT2022007357,2022-12-08 14:31:38,
CONT2022007358,2022-12-08 20:27:46,2022-12-22 05:03:51
CONT2022007359,2022-12-11 11:52:35,2022-12-12 22:28:41
CONT2022007360,2022-12-17 22:37:42,2022-12-18 12:49:49
CONT2022007361,2022-12-08 01:06:29,2022-12-22 02:03:41
CONT2022007362,2022-12-09 21:32:41,2022-12-21 17:37:24
CONT2022007363,2022-12-13 14:31:13,2022-12-21 20:55:17
CONT2022007364,2022-12-15 22:09:49,2022-12-22 02:17:09
CONT2022007365,2022-12-10 07:57:52,2022-12-10 20:06:46
CONT2022007366,2022-12-16 08:23:50,2022-12-21 17:50:16
CONT2022007367,2022-12-10 08:55:29,2022-12-21 09:07:04
CONT2022007368,2022-12-10 09:31:36,2022-12-21 16:29:33
CONT2022007369,2022-12-16 09:54:43,2022-12-17 02:32:42
CONT2022007370,2022-12-19 12:03:51,2022-12-21 23:57:02
CONT2022007371,2022-12-14 17:20:18,2022-12-16 01:28:55
CONT2022007372,2022-12-08 22:18:53,2022-12-22 21:38:37
CONT2022007373,2022-12-09 04:50:03,2022-12-09 17:29:00
CONT2022007374,2022-12-18 07:17:41,2022-12-19 02:11:24
CONT2022007375,2022-12-16 20:09:52,
CONT2022007376,2022-12-14 06:21:28,2022-12-22 10:04:49
CONT2022007377,2022-12-11 16:05:01,2022-12-12 19:25:21
CONT2022007378,2022-12-13 23:39:16,2022-12-14 22:02:45
CONT2022007379,2022-12-09 21:53:45,2022-12-10 14:06:49
CONT2022007380,2022-12-13 21:46:57,2022-12-22 14:57:42
CONT2022007381,2022-12-09 23:03:26,2022-12-10 21:38:02
CONT2022007382,2022-12-14 03:34:33,2022-12-14 22:34:20
CONT2022007383,2022-12-09 03:04:22,2022-12-09 18:13:00
CONT2022007384,2022-12-11 12:56:37,2022-12-21 23:07:20
CONT2022007385,2022-12-16 11:01:34,2022-12-22 03:05:30
CONT2022007386,2022-12-16 18:17:12,2022-12-17 16:15:31
CONT2022007387,2022-12-18 16:26:58,2022-12-22 23:34:13
CONT2022007388,2022-12-10 07:54:25,2022-12-11 09:35:21
CONT2022007389,2022-12-09 08:51:12,2022-12-09 23:02:23
CONT2022007390,2022-12-12 21:45:46,2022-12-22 15:03:30
CONT2022007391,2022-12-11 10:26:23,2022-12-22 11:06:37
CONT2022007392,2022-12-16 18:27:14,2022-12-17 19:15:27
CONT2022007393,2022-12-17 08:19:07,2022-12-23 14:44:03
CONT2022007394,2022-12-18 02:39:01,
CONT2022007395,2022-12-17 06:35:47,2022-12-22 07:49:51
CONT2022007396,2022-12-16 20:51:57,2022-12-17 22:29:25
CONT2022007397,2022-12-15 22:19:53,2022-12-23 09:12:35
CONT2022007398,2022-12-20 06:03:54,
CONT2022007399,2022-12-16 05:13:14,2022-12-17 15:41:54
CONT2022007400,2022-12-11 04:42:48,2022-12-12 02:56:42
CONT2022007401,2022-12-14 21:35:35,2022-12-23 22:29:55
CONT2022007402,2022-12-20 07:43:15,
CONT2022007403,2022-12-19 22:08:45,2022-12-20 18:05:16
CONT2022007404,2022-12-16 06:32:29,2022-12-17 14:20:02
CONT2022007405,2022-12-15 00:22:33,2022-12-15 08:20:30
CONT2022007406,2022-12-12 11:03:54,2022-12-13 18:12:06
CONT2022007407,2022-12-11 11:39:08,2022-12-23 19:54:11
CONT2022007408,2022-12-20 19:46:58,2022-12-24 03:08:42
CONT2022007409,2022-12-15 02:53:56,2022-12-15 23:03:03
CONT2022007410,2022-12-18 19:35:52,2022-12-19 07:51:23
CONT2022007411,2022-12-11 05:02:36,2022-12-24 00:37:42
CONT2022007412,2022-12-14 17:31:20,2022-12-15 08:51:59
CONT2022007413,2022-12-21 02:52:07,2022-12-22 00:55:11
CONT2022007414,2022-12-15 20:47:35,2022-12-16 19:45:09
CONT2022007415,2022-12-15 13:43:32,2022-12-16 04:54:19
CONT2022007416,2022-12-13 18:42:46,2022-12-14 13:24:03
CONT2022007417,2022-12-11 01:58:42,2022-12-24 20:24:42
CONT2022007418,2022-12-11 10:39:42,2022-12-11 16:33:22
CONT2022007419,2022-12-17 13:38:59,2022-12-24 07:25:19
CONT2022007420,2022-12-10 21:06:42,
CONT2022007421,2022-12-17 22:50:53,2022-12-23 14:26:26
CONT2022007422,2022-12-18 17:29:33,2022-12-24 15:01:18
CONT2022007423,2022-12-19 02:06:33,2022-12-24 05:47:04
CONT2022007424,2022-12-15 21:57:17,2022-12-24 21:32:41
CONT2022007425,2022-12-14 08:18:51,2022-12-15 00:50:03
CONT2022007426,2022-12-14 10:38:34,2022-12-24 23:30:26
CONT2022007427,2022-12-16 10:20:59,
CONT2022007428,2022-12-12 09:41:35,2022-12-12 18:38:25
CONT2022007429,2022-12-14 00:26:18,2022-12-24 16:05:50
CONT2022007430,2022-12-20 09:51:26,2022-12-25 00:06:00
CONT2022007431,2022-12-11 05:17:56,2022-12-12 13:56:30
CONT2022007432,2022-12-12 08:11:36,2022-12-24 15:54:37
CONT2022007433,2022-12-16 01:11:54,
CONT2022007434,2022-12-18 19:24:39,2022-12-24 17:24:40
CONT2022007435,2022-12-15 17:18:16,2022-12-16 01:05:13
CONT2022007436,2022-12-19 03:24:11,2022-12-24 23:16:45
CONT2022007437,2022-12-14 06:45:45,2022-12-25 11:42:24
CONT2022007438,2022-12-16 04:16:58,2022-12-24 07:13:37
CONT2022007439,2022-12-12 20:45:11,2022-12-13 18:54:58
CONT2022007440,2022-12-13 23:12:39,
CONT2022007441,2022-12-18 20:39:31,2022-12-19 23:15:48
CONT2022007442,2022-12-21 23:34:45,2022-12-24 06:53:59
CONT2022007443,2022-12-12 01:28:22,
CONT2022007444,2022-12-15 03:13:59,2022-12-15 19:00:07
CONT2022007445,2022-12-19 05:02:47,2022-12-24 21:31:07
CONT2022007446,2022-12-11 19:58:50,2022-12-12 01:32:20
CONT2022007447,2022-12-10 22:33:08,2022-12-25 05:37:21
CONT2022007448,2022-12-14 03:52:55,2022-12-24 12:47:00
CONT2022007449,2022-12-16 14:09:53,2022-12-17 05:16:06
CONT2022007450,2022-12-12 23:30:03,2022-12-13 19:18:07
CONT2022007451,2022-12-12 19:04:57,2022-12-13 20:27:21
CONT2022007452,2022-12-12 14:29:47,2022-12-13 14:23:34
CONT2022007453,2022-12-14 07:21:15,2022-12-15 11:54:40
CONT2022007454,2022-12-12 11:09:02,2022-12-13 03:09:38
CONT2022007455,2022-12-19 01:26:33,2022-12-20 08:09:41
CONT2022007456,2022-12-21 08:48:04,2022-12-22 04:13:11
CONT2022007457,2022-12-15 13:38:30,2022-12-24 17:26:35
CONT2022007458,2022-12-17 13:38:45,2022-12-24 06:55:50
CONT2022007459,2022-12-18 03:13:48,
CONT2022007460,2022-12-15 19:24:45,2022-12-24 22:41:55
CONT2022007461,2022-12-14 21:44:31,2022-12-24 18:38:26
CONT2022007462,2022-12-20 00:27:07,2022-12-25 05:12:55
CONT2022007463,2022-12-12 01:01:12,2022-12-24 14:08:35
CONT2022007464,2022-12-12 10:37:09,
CONT2022007465,2022-12-18 17:53:31,2022-12-19 14:29:28
CONT2022007466,2022-12-17 13:03:46,
CONT2022007467,2022-12-22 19:17:44,2022-12-23 13:46:34
CONT2022007468,2022-12-13 05:31:12,2022-12-14 08:53:47
CONT2022007469,2022-12-13 15:41:08,
CONT2022007470,2022-12-15 07:43:33,2022-12-25 06:54:08
CONT2022007471,2022-12-12 06:50:13,2022-12-25 11:34:05
CONT2022007472,2022-12-17 11:56:15,
CONT2022007473,2022-12-21 10:02:21,2022-12-22 02:07:30
CONT2022007474,2022-12-18 11:46:00,2022-12-19 17:22:34
CONT2022007475,2022-12-13 02:25:47,2022-12-25 13:32:29
CONT2022007476,2022-12-15 11:41:00,2022-12-25 17:25:10
CONT2022007477,2022-12-24 03:59:11,2022-12-25 06:23:29
CONT2022007478,2022-12-15 14:53:43,
CONT2022007479,2022-12-22 22:45:19,2022-12-23 11:44:30
CONT2022007480,2022-12-22 18:23:43,2022-12-24 07:01:30
CONT2022007481,2022-12-14 08:49:34,2022-12-15 07:04:37
CONT2022007482,2022-12-14 09:26:02,2022-12-15 08:30:39
CONT2022007483,2022-12-24 02:21:28,
CONT2022007484,2022-12-15 09:28:33,2022-12-27 12:24:51
CONT2022007485,2022-12-15 02:27:45,2022-12-26 23:32:12
CONT2022007486,2022-12-14 06:59:48,2022-12-14 23:11:42
CONT2022007487,2022-12-18 06:42:01,2022-12-27 14:31:33
CONT2022007488,2022-12-17 16:43:17,2022-12-28 11:53:07
CONT2022007489,2022-12-19 12:24:11,2022-12-27 15:21:22
CONT2022007490,2022-12-15 12:04:45,2022-12-27 22:02:59
CONT2022007491,2022-12-20 09:07:58,2022-12-21 07:06:36
CONT2022007492,2022-12-21 07:47:38,2022-12-22 08:13:49
CONT2022007493,2022-12-14 08:37:31,
CONT2022007494,2022-12-21 08:36:06,2022-12-28 10:19:30
CONT2022007495,2022-12-15 20:35:13,2022-12-27 08:51:48
CONT2022007496,2022-12-20 02:33:32,2022-12-29 16:01:13
CONT2022007497,2022-12-18 22:28:07,2022-12-30 06:18:46
CONT2022007498,2022-12-20 20:30:09,2022-12-30 03:22:40
CONT2022007499,2022-12-19 15:03:59,2022-12-20 15:38:26
CONT2022007500,2022-12-17 12:31:32,2022-12-17 23:24:31
CONT2022007501,2022-12-17 01:16:08,2022-12-29 16:05:55
CONT2022007502,2022-12-21 21:40:52,2022-12-22 23:22:15
CONT2022007503,2022-12-23 06:59:54,2022-12-29 07:52:14
CONT2022007504,2022-12-26 15:41:25,2022-12-27 07:20:43
CONT2022007505,2022-12-25 19:26:12,2022-12-26 17:33:17
CONT2022007506,2022-12-24 00:59:32,2022-12-29 23:33:04
CONT2022007507,2022-12-22 02:28:34,2022-12-29 18:31:02
CONT2022007508,2022-12-26 04:14:18,2022-12-29 14:12:42
CONT2022007509,2022-12-26 20:11:31,2022-12-27 11:13:12
CONT2022007510,2022-12-24 19:15:05,2022-12-30 08:41:22
CONT2022007511,2022-12-18 08:35:54,2022-12-30 03:56:25
CONT2022007512,2022-12-25 03:24:41,2022-12-30 00:37:51
CONT2022007513,2022-12-20 14:17:14,2022-12-30 04:55:13
CONT2022007514,2022-12-16 08:53:35,2022-12-17 11:14:21
CONT2022007515,2022-12-21 22:24:24,
CONT2022007516,2022-12-24 02:53:37,2022-12-30 04:32:40
CONT2022007517,2022-12-24 09:25:43,2022-12-25 04:12:45
CONT2022007518,2022-12-16 18:29:32,
CONT2022007519,2022-12-22 09:14:00,2022-12-29 12:35:53
CONT2022007520,2022-12-18 06:43:03,2022-12-29 19:31:26
CONT2022007521,2022-12-25 20:08:41,2022-12-29 23:34:28
CONT2022007522,2022-12-22 02:51:12,2022-12-30 09:35:34
CONT2022007523,2022-12-18 17:00:35,2022-12-19 21:00:24
CONT2022007524,2022-12-22 19:23:39,2022-12-23 12:07:15
CONT2022007525,2022-12-25 08:40:58,2022-12-29 08:05:31
CONT2022007526,2022-12-15 23:34:56,2022-12-29 05:49:33
CONT2022007527,2022-12-25 18:08:33,2022-12-29 09:44:43
CONT2022007528,2022-12-19 09:31:06,2022-12-19 21:46:06
CONT2022007529,2022-12-21 17:27:36,2022-12-29 14:50:22
CONT2022007530,2022-12-20 12:36:34,2022-12-29 21:16:04
CONT2022007531,2022-12-17 08:25:18,2022-12-30 00:26:42
CONT2022007532,2022-12-16 22:55:13,2022-12-29 12:29:34
CONT2022007533,2022-12-21 09:42:57,2022-12-29 14:32:19
CONT2022007534,2022-12-19 06:16:03,2022-12-30 07:50:57
CONT2022007535,2022-12-26 17:24:28,2022-12-27 20:09:49
CONT2022007536,2022-12-24 01:54:52,2022-12-29 20:22:10
CONT2022007537,2022-12-20 10:14:54,2022-12-29 20:13:03
CONT2022007538,2022-12-20 14:09:42,2022-12-30 01:02:40
CONT2022007539,2022-12-25 07:57:08,2022-12-26 04:35:04
CONT2022007540,2022-12-23 01:46:07,2022-12-23 13:04:25
CONT2022007541,2022-12-22 10:21:09,2022-12-23 21:13:06
CONT2022007542,2022-12-17 14:27:49,2022-12-18 02:47:15
CONT2022007543,2022-12-21 08:19:15,
CONT2022007544,2022-12-21 03:34:22,2022-12-29 07:21:04
CONT2022007545,2022-12-24 14:28:34,2022-12-25 06:48:18
CONT2022007546,2022-12-19 16:36:25,2022-12-20 15:07:26
CONT2022007547,2022-12-21 22:34:51,
CONT2022007548,2022-12-23 18:01:29,2022-12-24 23:20:37
CONT2022007549,2022-12-24 13:54:44,2022-12-25 05:01:56
CONT2022007550,2022-12-23 14:35:24,2022-12-24 18:28:58
CONT2022007551,2022-12-16 14:50:24,2022-12-17 13:46:41
CONT2022007552,2022-12-19 16:23:51,2022-12-30 03:52:33
CONT2022007553,2022-12-24 14:49:58,2022-12-29 20:24:27
CONT2022007554,2022-12-21 12:06:26,2022-12-30 01:04:26
CONT2022007555,2022-12-25 20:18:29,2022-12-26 15:12:47
CONT2022007556,2022-12-25 22:46:52,2022-12-26 05:35:45
CONT2022007557,2022-12-19 04:24:31,2022-12-19 19:15:03
CONT2022007558,2022-12-19 23:21:51,
CONT2022007559,2022-12-22 19:03:49,2022-12-29 19:13:06
CONT2022007560,2022-12-18 07:56:37,2022-12-29 11:36:28
CONT2022007561,2022-12-21 13:41:36,
CONT2022007562,2022-12-24 05:18:18,2022-12-29 22:38:31
CONT2022007563,2022-12-24 20:57:19,2022-12-25 20:23:01
CONT2022007564,2022-12-17 22:57:38,2022-12-29 03:17:16
CONT2022007565,2022-12-21 11:32:35,2022-12-29 03:38:12
CONT2022007566,2022-12-17 10:34:06,2022-12-29 08:39:45
CONT2022007567,2022-12-18 21:05:10,2022-12-20 10:34:06
CONT2022007568,2022-12-21 22:22:26,2022-12-29 23:45:32
CONT2022007569,2022-12-26 05:51:03,
CONT2022007570,2022-12-16 12:54:25,2022-12-17 06:59:16
CONT2022007571,2022-12-19 10:23:26,2022-12-29 16:50:28
CONT2022007572,2022-12-24 04:09:55,2022-12-29 15:41:03
CONT2022007573,2022-12-23 12:40:44,2022-12-30 01:00:36
CONT2022007574,2022-12-22 14:16:30,2022-12-28 22:11:38
CONT2022007575,2022-12-19 04:47:44,2022-12-29 06:11:41
CONT2022007576,2022-12-18 07:29:50,
CONT2022007577,2022-12-19 15:08:16,2022-12-20 18:08:22
CONT2022007578,2022-12-24 15:48:32,2022-12-30 01:54:29
CONT2022007579,2022-12-19 06:09:49,2022-12-29 13:48:57
CONT2022007580,2022-12-26 05:05:41,2022-12-26 21:32:52
CONT2022007581,2022-12-23 15:09:02,2022-12-30 06:06:27
CONT2022007582,2022-12-16 14:43:05,2022-12-29 08:18:35
CONT2022007583,2022-12-20 12:01:45,
CONT2022007584,2022-12-19 09:19:47,2022-12-29 08:35:06
CONT2022007585,2022-12-21 11:08:12,2022-12-21 21:01:09
CONT2022007586,2022-12-17 13:16:27,2022-12-18 15:41:18
CONT2022007587,2022-12-20 00:41:54,2022-12-29 15:33:56
CONT2022007588,2022-12-24 19:34:43,2022-12-29 18:59:46
CONT2022007589,2022-12-20 08:19:35,2022-12-29 11:04:50
CONT2022007590,2022-12-23 05:04:43,2022-12-24 06:02:03
CONT2022007591,2022-12-21 18:46:44,2022-12-29 16:32:42
CONT2022007592,2022-12-18 13:22:53,2022-12-30 07:19:20
CONT2022007593,2022-12-20 05:25:09,2022-12-30 11:37:02
CONT2022007594,2022-12-19 00:21:22,2022-12-19 10:37:47
CONT2022007595,2022-12-21 00:52:51,2022-12-30 11:07:59
CONT2022007596,2022-12-22 14:24:22,2022-12-29 17:01:22
CONT2022007597,2022-12-18 15:59:45,2022-12-19 11:14:17
CONT2022007598,2022-12-21 10:50:08,2022-12-30 02:46:05
CONT2022007599,2022-12-22 12:08:31,2022-12-23 11:59:01
CONT2022007600,2022-12-16 09:10:39,2022-12-30 11:08:42
CONT2022007601,2022-12-25 02:24:29,2022-12-25 14:23:11
CONT2022007602,2022-12-24 18:21:34,2022-12-25 20:12:13
CONT2022007603,2022-12-18 07:19:52,2022-12-19 09:42:34
CONT2022007604,2022-12-26 14:04:50,2022-12-27 12:49:34
CONT2022007605,2022-12-17 18:49:08,2022-12-18 03:53:22
CONT2022007606,2022-12-17 11:31:11,2022-12-29 12:15:23
CONT2022007607,2022-12-26 16:12:19,2022-12-27 17:55:08
CONT2022007608,2022-12-17 12:58:40,2022-12-30 01:19:31
CONT2022007609,2022-12-27 02:20:01,2022-12-27 22:29:47
