container_id,flow_type,terminal,vessel_call_id
CONT2026000000,IMPORT,NSIGT,VC202600001
CONT2026000001,EXPORT,NSIGT,VC202600001
CONT2026000002,IMPORT,NSIGT,VC202600001
CONT2026000003,IMPORT,NSIGT,VC202600001
CONT2026000004,EXPORT,NSIGT,VC202600001
CONT2026000005,EXPORT,NSIGT,VC202600001
CONT2026000006,IMPORT,NSIGT,VC202600001
CONT2026000007,IMPORT,NSIGT,VC202600001
CONT2026000008,EXPORT,NSIGT,VC202600001
CONT2026000009,EXPORT,NSIGT,VC202600002
CONT2026000010,IMPORT,NSIGT,VC202600002
CONT2026000011,IMPORT,NSIGT,VC202600002
CONT2026000012,IMPORT,NSIGT,VC202600002
CONT2026000013,IMPORT,NSIGT,VC202600002
CONT2026000014,IMPORT,NSIGT,VC202600002
CONT2026000015,EXPORT,NSIGT,VC202600002
CONT2026000016,EXPORT,NSIGT,VC202600002
CONT2026000017,EXPORT,NSIGT,VC202600002
CONT2026000018,IMPORT,NSIGT,VC202600002
CONT2026000019,EXPORT,NSIGT,VC202600002
CONT2026000020,IMPORT,NSIGT,VC202600002
CONT2026000021,IMPORT,NSIGT,VC202600002
CONT2026000022,IMPORT,NSIGT,VC202600002
CONT2026000023,EXPORT,NSIGT,VC202600002
CONT2026000024,EXPORT,NSIGT,VC202600002
CONT2026000025,IMPORT,NSICT,VC202600003
CONT2026000026,EXPORT,NSICT,VC202600003
CONT2026000027,IMPORT,NSICT,VC202600003
CONT2026000028,IMPORT,NSICT,VC202600003
CONT2026000029,IMPORT,NSICT,VC202600003
CONT2026000030,EXPORT,NSICT,VC202600003
CONT2026000031,EXPORT,NSICT,VC202600003
CONT2026000032,EXPORT,NSIGT,VC202600004
CONT2026000033,EXPORT,NSIGT,VC202600004
CONT2026000034,IMPORT,NSIGT,VC202600004
CONT2026000035,EXPORT,NSIGT,VC202600004
CONT2026000036,EXPORT,NSIGT,VC202600004
CONT2026000037,IMPORT,NSIGT,VC202600004
CONT2026000038,EXPORT,NSIGT,VC202600004
CONT2026000039,IMPORT,NSIGT,VC202600004
CONT2026000040,IMPORT,NSIGT,VC202600004
CONT2026000041,IMPORT,NSIGT,VC202600005
CONT2026000042,IMPORT,NSIGT,VC202600005
CONT2026000043,IMPORT,NSIGT,VC202600005
CONT2026000044,EXPORT,NSIGT,VC202600005
CONT2026000045,IMPORT,NSIGT,VC202600005
CONT2026000046,IMPORT,NSIGT,VC202600005
CONT2026000047,EXPORT,NSIGT,VC202600005
CONT2026000048,EXPORT,NSIGT,VC202600005
CONT2026000049,EXPORT,NSIGT,VC202600005
CONT2026000050,EXPORT,NSIGT,VC202600005
CONT2026000051,IMPORT,NSIGT,VC202600005
CONT2026000052,EXPORT,NSIGT,VC202600005
CONT2026000053,EXPORT,NSIGT,VC202600006
CONT2026000054,IMPORT,NSIGT,VC202600006
CONT2026000055,EXPORT,NSIGT,VC202600006
CONT2026000056,IMPORT,NSIGT,VC202600006
CONT2026000057,IMPORT,NSIGT,VC202600006
CONT2026000058,EXPORT,NSIGT,VC202600006
CONT2026000059,IMPORT,NSIGT,VC202600006
CONT2026000060,EXPORT,NSIGT,VC202600006
CONT2026000061,EXPORT,NSIGT,VC202600006
CONT2026000062,IMPORT,NSIGT,VC202600006
CONT2026000063,EXPORT,NSIGT,VC202600006
CONT2026000064,EXPORT,NSIGT,VC202600006
CONT2026000065,EXPORT,NSIGT,VC202600006
CONT2026000066,IMPORT,NSIGT,VC202600006
CONT2026000067,IMPORT,NSIGT,VC202600006
CONT2026000068,EXPORT,NSIGT,VC202600006
CONT2026000069,EXPORT,NSIGT,VC202600006
CONT2026000070,EXPORT,NSIGT,VC202600006
CONT2026000071,EXPORT,NSIGT,VC202600006
CONT2026000072,EXPORT,NSIGT,VC202600006
CONT2026000073,IMPORT,NSIGT,VC202600006
CONT2026000074,EXPORT,NSIGT,VC202600006
CONT2026000075,IMPORT,NSIGT,VC202600006
CONT2026000076,EXPORT,NSIGT,VC202600006
CONT2026000077,EXPORT,BMCT,VC202600007
CONT2026000078,EXPORT,BMCT,VC202600007
CONT2026000079,IMPORT,BMCT,VC202600007
CONT2026000080,IMPORT,BMCT,VC202600007
CONT2026000081,IMPORT,BMCT,VC202600007
CONT2026000082,EXPORT,BMCT,VC202600007
CONT2026000083,IMPORT,BMCT,VC202600007
CONT2026000084,IMPORT,BMCT,VC202600007
CONT2026000085,IMPORT,BMCT,VC202600007
CONT2026000086,EXPORT,BMCT,VC202600007
CONT2026000087,IMPORT,BMCT,VC202600007
CONT2026000088,EXPORT,BMCT,VC202600007
CONT2026000089,EXPORT,BMCT,VC202600007
CONT2026000090,IMPORT,BMCT,VC202600007
CONT2026000091,IMPORT,BMCT,VC202600007
CONT2026000092,IMPORT,BMCT,VC202600008
CONT2026000093,IMPORT,BMCT,VC202600008
CONT2026000094,EXPORT,BMCT,VC202600008
CONT2026000095,IMPORT,BMCT,VC202600008
CONT2026000096,IMPORT,BMCT,VC202600008
CONT2026000097,IMPORT,BMCT,VC202600008
CONT2026000098,EXPORT,BMCT,VC202600008
CONT2026000099,EXPORT,BMCT,VC202600008
CONT2026000100,IMPORT,BMCT,VC202600008
CONT2026000101,IMPORT,GTI,VC202600009
CONT2026000102,IMPORT,GTI,VC202600009
CONT2026000103,IMPORT,GTI,VC202600009
CONT2026000104,IMPORT,GTI,VC202600009
CONT2026000105,IMPORT,GTI,VC202600009
CONT2026000106,IMPORT,GTI,VC202600009
CONT2026000107,IMPORT,GTI,VC202600009
CONT2026000108,EXPORT,GTI,VC202600009
CONT2026000109,EXPORT,GTI,VC202600009
CONT2026000110,IMPORT,GTI,VC202600009
CONT2026000111,IMPORT,GTI,VC202600009
CONT2026000112,IMPORT,GTI,VC202600009
CONT2026000113,IMPORT,GTI,VC202600009
CONT2026000114,IMPORT,GTI,VC202600009
CONT2026000115,IMPORT,GTI,VC202600010
CONT2026000116,EXPORT,GTI,VC202600010
CONT2026000117,IMPORT,GTI,VC202600010
CONT2026000118,IMPORT,GTI,VC202600010
CONT2026000119,IMPORT,GTI,VC202600010
CONT2026000120,IMPORT,GTI,VC202600010
CONT2026000121,EXPORT,GTI,VC202600010
CONT2026000122,EXPORT,GTI,VC202600010
CONT2026000123,IMPORT,GTI,VC202600010
CONT2026000124,EXPORT,GTI,VC202600010
CONT2026000125,IMPORT,GTI,VC202600010
CONT2026000126,IMPORT,BMCT,VC202600011
CONT2026000127,EXPORT,BMCT,VC202600011
CONT2026000128,IMPORT,BMCT,VC202600011
CONT2026000129,IMPORT,BMCT,VC202600011
CONT2026000130,EXPORT,BMCT,VC202600011
CONT2026000131,EXPORT,BMCT,VC202600011
CONT2026000132,IMPORT,BMCT,VC202600011
CONT2026000133,IMPORT,BMCT,VC202600011
CONT2026000134,EXPORT,BMCT,VC202600011
CONT2026000135,EXPORT,BMCT,VC202600011
CONT2026000136,EXPORT,BMCT,VC202600011
CONT2026000137,IMPORT,BMCT,VC202600011
CONT2026000138,EXPORT,BMCT,VC202600011
CONT2026000139,IMPORT,BMCT,VC202600011
CONT2026000140,IMPORT,BMCT,VC202600011
CONT2026000141,IMPORT,BMCT,VC202600011
CONT2026000142,EXPORT,BMCT,VC202600011
CONT2026000143,IMPORT,BMCT,VC202600011
CONT2026000144,IMPORT,BMCT,VC202600011
CONT2026000145,IMPORT,BMCT,VC202600011
CONT2026000146,EXPORT,BMCT,VC202600011
CONT2026000147,IMPORT,BMCT,VC202600011
CONT2026000148,IMPORT,BMCT,VC202600011
CONT2026000149,EXPORT,BMCT,VC202600011
CONT2026000150,IMPORT,BMCT,VC202600011
CONT2026000151,IMPORT,BMCT,VC202600011
CONT2026000152,EXPORT,BMCT,VC202600011
CONT2026000153,IMPORT,BMCT,VC202600011
CONT2026000154,IMPORT,BMCT,VC202600011
CONT2026000155,IMPORT,BMCT,VC202600011
CONT2026000156,IMPORT,BMCT,VC202600011
CONT2026000157,EXPORT,BMCT,VC202600011
CONT2026000158,IMPORT,BMCT,VC202600011
CONT2026000159,EXPORT,BMCT,VC202600011
CONT2026000160,EXPORT,BMCT,VC202600011
CONT2026000161,EXPORT,BMCT,VC202600011
CONT2026000162,EXPORT,BMCT,VC202600011
CONT2026000163,EXPORT,BMCT,VC202600011
CONT2026000164,IMPORT,BMCT,VC202600011
CONT2026000165,IMPORT,BMCT,VC202600011
CONT2026000166,EXPORT,BMCT,VC202600011
CONT2026000167,IMPORT,BMCT,VC202600011
CONT2026000168,EXPORT,BMCT,VC202600011
CONT2026000169,IMPORT,BMCT,VC202600011
CONT2026000170,IMPORT,BMCT,VC202600011
CONT2026000171,EXPORT,BMCT,VC202600011
CONT2026000172,IMPORT,BMCT,VC202600011
CONT2026000173,EXPORT,BMCT,VC202600011
CONT2026000174,IMPORT,NSICT,VC202600012
CONT2026000175,EXPORT,NSICT,VC202600012
CONT2026000176,IMPORT,NSICT,VC202600012
CONT2026000177,EXPORT,NSICT,VC202600012
CONT2026000178,IMPORT,NSICT,VC202600012
CONT2026000179,EXPORT,NSICT,VC202600012
CONT2026000180,IMPORT,NSICT,VC202600012
CONT2026000181,IMPORT,NSICT,VC202600012
CONT2026000182,IMPORT,NSICT,VC202600012
CONT2026000183,IMPORT,NSICT,VC202600012
CONT2026000184,IMPORT,NSICT,VC202600012
CONT2026000185,EXPORT,NSICT,VC202600012
CONT2026000186,IMPORT,NSFT,VC202600013
CONT2026000187,IMPORT,NSFT,VC202600013
CONT2026000188,EXPORT,NSFT,VC202600013
CONT2026000189,IMPORT,NSFT,VC202600013
CONT2026000190,EXPORT,NSFT,VC202600013
CONT2026000191,EXPORT,NSFT,VC202600013
CONT2026000192,EXPORT,NSFT,VC202600013
CONT2026000193,IMPORT,NSFT,VC202600013
CONT2026000194,EXPORT,NSFT,VC202600013
CONT2026000195,EXPORT,NSFT,VC202600013
CONT2026000196,EXPORT,NSFT,VC202600013
CONT2026000197,EXPORT,NSFT,VC202600013
CONT2026000198,EXPORT,NSFT,VC202600013
CONT2026000199,IMPORT,NSFT,VC202600013
CONT2026000200,EXPORT,NSFT,VC202600013
CONT2026000201,IMPORT,NSFT,VC202600013
CONT2026000202,IMPORT,NSFT,VC202600013
CONT2026000203,EXPORT,NSFT,VC202600013
CONT2026000204,IMPORT,NSFT,VC202600013
CONT2026000205,IMPORT,NSFT,VC202600014
CONT2026000206,IMPORT,NSFT,VC202600014
CONT2026000207,IMPORT,NSFT,VC202600014
CONT2026000208,EXPORT,NSFT,VC202600014
CONT2026000209,EXPORT,NSFT,VC202600014
CONT2026000210,IMPORT,NSFT,VC202600014
CONT2026000211,EXPORT,NSFT,VC202600014
CONT2026000212,EXPORT,NSFT,VC202600014
CONT2026000213,IMPORT,BMCT,VC202600015
CONT2026000214,IMPORT,BMCT,VC202600015
CONT2026000215,IMPORT,BMCT,VC202600015
CONT2026000216,EXPORT,BMCT,VC202600015
CONT2026000217,EXPORT,BMCT,VC202600015
CONT2026000218,EXPORT,BMCT,VC202600015
CONT2026000219,IMPORT,BMCT,VC202600015
CONT2026000220,IMPORT,BMCT,VC202600015
CONT2026000221,IMPORT,BMCT,VC202600015
CONT2026000222,EXPORT,BMCT,VC202600015
CONT2026000223,IMPORT,BMCT,VC202600015
CONT2026000224,EXPORT,BMCT,VC202600015
CONT2026000225,EXPORT,GTI,VC202600016
CONT2026000226,IMPORT,GTI,VC202600016
CONT2026000227,IMPORT,GTI,VC202600016
CONT2026000228,EXPORT,GTI,VC202600016
CONT2026000229,EXPORT,GTI,VC202600016
CONT2026000230,IMPORT,GTI,VC202600016
CONT2026000231,EXPORT,NSICT,VC202600017
CONT2026000232,IMPORT,NSICT,VC202600017
CONT2026000233,EXPORT,NSICT,VC202600017
CONT2026000234,IMPORT,NSICT,VC202600017
CONT2026000235,EXPORT,NSICT,VC202600017
CONT2026000236,EXPORT,NSICT,VC202600017
CONT2026000237,IMPORT,NSICT,VC202600017
CONT2026000238,IMPORT,NSICT,VC202600017
CONT2026000239,EXPORT,NSICT,VC202600017
CONT2026000240,IMPORT,NSICT,VC202600017
CONT2026000241,IMPORT,NSICT,VC202600017
CONT2026000242,EXPORT,NSICT,VC202600017
CONT2026000243,EXPORT,NSICT,VC202600017
CONT2026000244,IMPORT,NSICT,VC202600017
CONT2026000245,EXPORT,NSICT,VC202600017
CONT2026000246,EXPORT,NSICT,VC202600017
CONT2026000247,EXPORT,NSICT,VC202600017
CONT2026000248,EXPORT,NSICT,VC202600017
CONT2026000249,EXPORT,NSICT,VC202600017
CONT2026000250,EXPORT,NSICT,VC202600017
CONT2026000251,EXPORT,NSICT,VC202600017
CONT2026000252,EXPORT,BMCT,VC202600018
CONT2026000253,IMPORT,BMCT,VC202600018
CONT2026000254,EXPORT,BMCT,VC202600018
CONT2026000255,EXPORT,BMCT,VC202600018
CONT2026000256,EXPORT,BMCT,VC202600018
CONT2026000257,IMPORT,BMCT,VC202600018
CONT2026000258,EXPORT,BMCT,VC202600018
CONT2026000259,IMPORT,BMCT,VC202600018
CONT2026000260,IMPORT,BMCT,VC202600018
CONT2026000261,EXPORT,BMCT,VC202600018
CONT2026000262,EXPORT,BMCT,VC202600018
CONT2026000263,EXPORT,BMCT,VC202600018
CONT2026000264,IMPORT,BMCT,VC202600018
CONT2026000265,IMPORT,BMCT,VC202600018
CONT2026000266,EXPORT,NSICT,VC202600019
CONT2026000267,IMPORT,NSICT,VC202600019
CONT2026000268,EXPORT,NSICT,VC202600019
CONT2026000269,EXPORT,NSICT,VC202600019
CONT2026000270,EXPORT,NSICT,VC202600019
CONT2026000271,EXPORT,NSICT,VC202600019
CONT2026000272,IMPORT,NSICT,VC202600019
CONT2026000273,IMPORT,NSICT,VC202600019
CONT2026000274,IMPORT,NSICT,VC202600019
CONT2026000275,EXPORT,NSICT,VC202600019
CONT2026000276,EXPORT,NSICT,VC202600019
CONT2026000277,EXPORT,NSICT,VC202600019
CONT2026000278,EXPORT,NSICT,VC202600019
CONT2026000279,IMPORT,NSICT,VC202600019
CONT2026000280,IMPORT,NSICT,VC202600019
CONT2026000281,EXPORT,NSICT,VC202600019
CONT2026000282,IMPORT,NSICT,VC202600019
CONT2026000283,IMPORT,BMCT,VC202600020
CONT2026000284,IMPORT,BMCT,VC202600020
CONT2026000285,EXPORT,BMCT,VC202600020
CONT2026000286,IMPORT,BMCT,VC202600020
CONT2026000287,IMPORT,BMCT,VC202600020
CONT2026000288,IMPORT,BMCT,VC202600020
CONT2026000289,IMPORT,BMCT,VC202600020
CONT2026000290,IMPORT,BMCT,VC202600020
CONT2026000291,IMPORT,BMCT,VC202600020
CONT2026000292,IMPORT,NSFT,VC202600021
CONT2026000293,EXPORT,NSFT,VC202600021
CONT2026000294,IMPORT,NSFT,VC202600021
CONT2026000295,IMPORT,NSFT,VC202600021
CONT2026000296,EXPORT,NSFT,VC202600021
CONT2026000297,EXPORT,NSFT,VC202600021
CONT2026000298,EXPORT,NSFT,VC202600021
CONT2026000299,IMPORT,NSFT,VC202600021
CONT2026000300,IMPORT,NSFT,VC202600021
CONT2026000301,IMPORT,NSFT,VC202600021
CONT2026000302,EXPORT,BMCT,VC202600022
CONT2026000303,EXPORT,BMCT,VC202600022
CONT2026000304,IMPORT,BMCT,VC202600022
CONT2026000305,IMPORT,BMCT,VC202600022
CONT2026000306,IMPORT,BMCT,VC202600022
CONT2026000307,IMPORT,BMCT,VC202600022
CONT2026000308,EXPORT,BMCT,VC202600022
CONT2026000309,EXPORT,BMCT,VC202600022
CONT2026000310,EXPORT,BMCT,VC202600022
CONT2026000311,EXPORT,BMCT,VC202600022
CONT2026000312,IMPORT,BMCT,VC202600022
CONT2026000313,EXPORT,BMCT,VC202600022
CONT2026000314,EXPORT,BMCT,VC202600022
CONT2026000315,IMPORT,BMCT,VC202600022
CONT2026000316,IMPORT,BMCT,VC202600022
CONT2026000317,IMPORT,BMCT,VC202600022
CONT2026000318,EXPORT,BMCT,VC202600022
CONT2026000319,EXPORT,BMCT,VC202600022
CONT2026000320,EXPORT,BMCT,VC202600022
CONT2026000321,EXPORT,GTI,VC202600023
CONT2026000322,EXPORT,GTI,VC202600023
CONT2026000323,IMPORT,GTI,VC202600023
CONT2026000324,IMPORT,GTI,VC202600023
CONT2026000325,EXPORT,GTI,VC202600023
CONT2026000326,EXPORT,GTI,VC202600023
CONT2026000327,IMPORT,GTI,VC202600023
CONT2026000328,EXPORT,GTI,VC202600023
CONT2026000329,EXPORT,BMCT,VC202600024
CONT2026000330,IMPORT,BMCT,VC202600024
CONT2026000331,IMPORT,BMCT,VC202600024
CONT2026000332,IMPORT,BMCT,VC202600024
CONT2026000333,IMPORT,BMCT,VC202600024
CONT2026000334,IMPORT,BMCT,VC202600024
CONT2026000335,IMPORT,BMCT,VC202600024
CONT2026000336,EXPORT,BMCT,VC202600024
CONT2026000337,EXPORT,BMCT,VC202600024
CONT2026000338,EXPORT,BMCT,VC202600024
CONT2026000339,EXPORT,BMCT,VC202600024
CONT2026000340,EXPORT,BMCT,VC202600024
CONT2026000341,IMPORT,NSICT,VC202600025
CONT2026000342,EXPORT,NSICT,VC202600025
CONT2026000343,IMPORT,NSICT,VC202600025
CONT2026000344,IMPORT,NSICT,VC202600025
CONT2026000345,EXPORT,NSICT,VC202600025
CONT2026000346,EXPORT,NSICT,VC202600025
CONT2026000347,EXPORT,NSICT,VC202600025
CONT2026000348,IMPORT,NSICT,VC202600025
CONT2026000349,EXPORT,NSICT,VC202600025
CONT2026000350,IMPORT,NSICT,VC202600025
CONT2026000351,IMPORT,NSICT,VC202600025
CONT2026000352,IMPORT,NSICT,VC202600025
CONT2026000353,EXPORT,NSICT,VC202600025
CONT2026000354,EXPORT,NSICT,VC202600025
CONT2026000355,IMPORT,NSICT,VC202600025
CONT2026000356,IMPORT,NSICT,VC202600025
CONT2026000357,IMPORT,BMCT,VC202600026
CONT2026000358,EXPORT,BMCT,VC202600026
CONT2026000359,IMPORT,BMCT,VC202600026
CONT2026000360,EXPORT,BMCT,VC202600026
CONT2026000361,EXPORT,BMCT,VC202600026
CONT2026000362,IMPORT,BMCT,VC202600026
CONT2026000363,IMPORT,BMCT,VC202600026
CONT2026000364,IMPORT,BMCT,VC202600026
CONT2026000365,IMPORT,BMCT,VC202600026
CONT2026000366,EXPORT,BMCT,VC202600026
CONT2026000367,EXPORT,BMCT,VC202600026
CONT2026000368,IMPORT,BMCT,VC202600026
CONT2026000369,IMPORT,BMCT,VC202600026
CONT2026000370,IMPORT,BMCT,VC202600026
CONT2026000371,EXPORT,BMCT,VC202600026
CONT2026000372,IMPORT,BMCT,VC202600026
CONT2026000373,IMPORT,BMCT,VC202600026
CONT2026000374,EXPORT,NSFT,VC202600027
CONT2026000375,EXPORT,NSFT,VC202600027
CONT2026000376,EXPORT,NSFT,VC202600027
CONT2026000377,IMPORT,NSFT,VC202600027
CONT2026000378,EXPORT,NSFT,VC202600027
CONT2026000379,IMPORT,NSFT,VC202600027
CONT2026000380,EXPORT,NSFT,VC202600027
CONT2026000381,EXPORT,NSFT,VC202600027
CONT2026000382,EXPORT,NSFT,VC202600027
CONT2026000383,EXPORT,NSFT,VC202600027
CONT2026000384,EXPORT,NSFT,VC202600027
CONT2026000385,EXPORT,NSFT,VC202600027
CONT2026000386,IMPORT,NSFT,VC202600027
CONT2026000387,IMPORT,NSFT,VC202600027
CONT2026000388,IMPORT,NSFT,VC202600027
CONT2026000389,IMPORT,NSFT,VC202600027
CONT2026000390,IMPORT,NSFT,VC202600027
CONT2026000391,IMPORT,NSFT,VC202600027
CONT2026000392,EXPORT,NSFT,VC202600027
CONT2026000393,EXPORT,NSFT,VC202600027
CONT2026000394,EXPORT,NSFT,VC202600027
CONT2026000395,IMPORT,NSFT,VC202600027
CONT2026000396,IMPORT,NSFT,VC202600027
CONT2026000397,IMPORT,NSICT,VC202600028
CONT2026000398,EXPORT,NSICT,VC202600028
CONT2026000399,IMPORT,NSICT,VC202600028
CONT2026000400,IMPORT,NSICT,VC202600028
CONT2026000401,EXPORT,NSICT,VC202600028
CONT2026000402,IMPORT,NSICT,VC202600028
CONT2026000403,EXPORT,NSICT,VC202600028
CONT2026000404,EXPORT,NSICT,VC202600029
CONT2026000405,IMPORT,NSICT,VC202600029
CONT2026000406,EXPORT,NSICT,VC202600029
CONT2026000407,IMPORT,NSICT,VC202600029
CONT2026000408,IMPORT,NSICT,VC202600029
CONT2026000409,IMPORT,NSICT,VC202600029
CONT2026000410,EXPORT,NSICT,VC202600029
CONT2026000411,EXPORT,NSICT,VC202600029
CONT2026000412,IMPORT,NSICT,VC202600029
CONT2026000413,EXPORT,NSICT,VC202600029
CONT2026000414,IMPORT,NSICT,VC202600029
CONT2026000415,IMPORT,NSICT,VC202600029
CONT2026000416,IMPORT,NSICT,VC202600029
CONT2026000417,IMPORT,NSICT,VC202600029
CONT2026000418,IMPORT,NSICT,VC202600029
CONT2026000419,IMPORT,NSICT,VC202600029
CONT2026000420,EXPORT,NSICT,VC202600029
CONT2026000421,IMPORT,NSICT,VC202600029
CONT2026000422,IMPORT,NSICT,VC202600029
CONT2026000423,IMPORT,BMCT,VC202600030
CONT2026000424,IMPORT,BMCT,VC202600030
CONT2026000425,EXPORT,BMCT,VC202600030
CONT2026000426,IMPORT,BMCT,VC202600030
CONT2026000427,IMPORT,BMCT,VC202600030
CONT2026000428,IMPORT,BMCT,VC202600030
CONT2026000429,EXPORT,BMCT,VC202600030
CONT2026000430,IMPORT,BMCT,VC202600030
CONT2026000431,IMPORT,BMCT,VC202600030
CONT2026000432,IMPORT,BMCT,VC202600030
CONT2026000433,EXPORT,BMCT,VC202600030
CONT2026000434,EXPORT,BMCT,VC202600030
CONT2026000435,EXPORT,BMCT,VC202600030
CONT2026000436,EXPORT,BMCT,VC202600030
CONT2026000437,EXPORT,BMCT,VC202600030
CONT2026000438,IMPORT,BMCT,VC202600030
CONT2026000439,EXPORT,BMCT,VC202600030
CONT2026000440,IMPORT,BMCT,VC202600031
CONT2026000441,EXPORT,BMCT,VC202600031
CONT2026000442,EXPORT,BMCT,VC202600031
CONT2026000443,EXPORT,BMCT,VC202600031
CONT2026000444,EXPORT,BMCT,VC202600031
CONT2026000445,IMPORT,BMCT,VC202600031
CONT2026000446,IMPORT,BMCT,VC202600031
CONT2026000447,IMPORT,BMCT,VC202600031
CONT2026000448,IMPORT,BMCT,VC202600031
CONT2026000449,IMPORT,BMCT,VC202600031
CONT2026000450,EXPORT,BMCT,VC202600031
CONT2026000451,IMPORT,BMCT,VC202600031
CONT2026000452,EXPORT,NSFT,VC202600032
CONT2026000453,EXPORT,NSFT,VC202600032
CONT2026000454,EXPORT,NSFT,VC202600032
CONT2026000455,IMPORT,NSFT,VC202600032
CONT2026000456,EXPORT,NSFT,VC202600032
CONT2026000457,EXPORT,NSFT,VC202600032
CONT2026000458,EXPORT,NSFT,VC202600032
CONT2026000459,IMPORT,NSFT,VC202600032
CONT2026000460,EXPORT,NSFT,VC202600032
CONT2026000461,IMPORT,NSFT,VC202600032
CONT2026000462,EXPORT,NSFT,VC202600032
CONT2026000463,EXPORT,NSFT,VC202600032
CONT2026000464,IMPORT,NSFT,VC202600032
CONT2026000465,EXPORT,NSFT,VC202600032
CONT2026000466,EXPORT,NSFT,VC202600032
CONT2026000467,EXPORT,NSFT,VC202600032
CONT2026000468,IMPORT,NSFT,VC202600032
CONT2026000469,EXPORT,NSFT,VC202600032
CONT2026000470,IMPORT,NSFT,VC202600032
CONT2026000471,IMPORT,NSFT,VC202600032
CONT2026000472,EXPORT,NSFT,VC202600032
CONT2026000473,EXPORT,NSFT,VC202600032
CONT2026000474,EXPORT,NSFT,VC202600032
CONT2026000475,IMPORT,NSFT,VC202600032
CONT2026000476,EXPORT,NSFT,VC202600032
CONT2026000477,EXPORT,NSFT,VC202600032
CONT2026000478,IMPORT,NSFT,VC202600032
CONT2026000479,IMPORT,NSFT,VC202600032
CONT2026000480,IMPORT,NSFT,VC202600032
CONT2026000481,IMPORT,NSFT,VC202600032
CONT2026000482,IMPORT,BMCT,VC202600033
CONT2026000483,EXPORT,BMCT,VC202600033
CONT2026000484,EXPORT,BMCT,VC202600033
CONT2026000485,EXPORT,BMCT,VC202600033
CONT2026000486,IMPORT,BMCT,VC202600033
CONT2026000487,IMPORT,BMCT,VC202600033
CONT2026000488,IMPORT,BMCT,VC202600033
CONT2026000489,IMPORT,BMCT,VC202600033
CONT2026000490,IMPORT,BMCT,VC202600033
CONT2026000491,EXPORT,BMCT,VC202600033
CONT2026000492,EXPORT,BMCT,VC202600033
CONT2026000493,EXPORT,BMCT,VC202600033
CONT2026000494,IMPORT,BMCT,VC202600033
CONT2026000495,IMPORT,BMCT,VC202600033
CONT2026000496,EXPORT,BMCT,VC202600033
CONT2026000497,EXPORT,BMCT,VC202600033
CONT2026000498,EXPORT,BMCT,VC202600033
CONT2026000499,EXPORT,BMCT,VC202600033
CONT2026000500,EXPORT,BMCT,VC202600033
CONT2026000501,EXPORT,BMCT,VC202600033
CONT2026000502,EXPORT,BMCT,VC202600033
CONT2026000503,IMPORT,BMCT,VC202600033
CONT2026000504,EXPORT,BMCT,VC202600033
CONT2026000505,EXPORT,NSICT,VC202600034
CONT2026000506,EXPORT,NSICT,VC202600034
CONT2026000507,IMPORT,NSICT,VC202600034
CONT2026000508,EXPORT,NSICT,VC202600034
CONT2026000509,EXPORT,NSICT,VC202600034
CONT2026000510,IMPORT,NSICT,VC202600034
CONT2026000511,IMPORT,NSICT,VC202600034
CONT2026000512,EXPORT,NSICT,VC202600034
CONT2026000513,EXPORT,NSICT,VC202600034
CONT2026000514,EXPORT,NSICT,VC202600034
CONT2026000515,IMPORT,NSICT,VC202600034
CONT2026000516,EXPORT,NSICT,VC202600034
CONT2026000517,EXPORT,GTI,VC202600035
CONT2026000518,EXPORT,GTI,VC202600035
CONT2026000519,IMPORT,GTI,VC202600035
CONT2026000520,EXPORT,GTI,VC202600035
CONT2026000521,EXPORT,GTI,VC202600035
CONT2026000522,EXPORT,GTI,VC202600035
CONT2026000523,IMPORT,GTI,VC202600035
CONT2026000524,EXPORT,GTI,VC202600035
CONT2026000525,IMPORT,BMCT,VC202600036
CONT2026000526,IMPORT,BMCT,VC202600036
CONT2026000527,IMPORT,BMCT,VC202600036
CONT2026000528,IMPORT,BMCT,VC202600036
CONT2026000529,IMPORT,BMCT,VC202600036
CONT2026000530,IMPORT,BMCT,VC202600036
CONT2026000531,IMPORT,BMCT,VC202600036
CONT2026000532,EXPORT,BMCT,VC202600036
CONT2026000533,EXPORT,BMCT,VC202600036
CONT2026000534,EXPORT,BMCT,VC202600036
CONT2026000535,EXPORT,BMCT,VC202600036
CONT2026000536,EXPORT,BMCT,VC202600036
CONT2026000537,IMPORT,BMCT,VC202600036
CONT2026000538,EXPORT,BMCT,VC202600036
CONT2026000539,IMPORT,BMCT,VC202600036
CONT2026000540,EXPORT,BMCT,VC202600036
CONT2026000541,EXPORT,BMCT,VC202600036
CONT2026000542,IMPORT,BMCT,VC202600036
CONT2026000543,IMPORT,BMCT,VC202600036
CONT2026000544,IMPORT,BMCT,VC202600036
CONT2026000545,IMPORT,BMCT,VC202600036
CONT2026000546,EXPORT,BMCT,VC202600036
CONT2026000547,IMPORT,BMCT,VC202600036
CONT2026000548,EXPORT,BMCT,VC202600036
CONT2026000549,IMPORT,BMCT,VC202600036
CONT2026000550,EXPORT,BMCT,VC202600036
CONT2026000551,IMPORT,BMCT,VC202600036
CONT2026000552,IMPORT,BMCT,VC202600036
CONT2026000553,IMPORT,BMCT,VC202600036
CONT2026000554,IMPORT,BMCT,VC202600036
CONT2026000555,IMPORT,BMCT,VC202600036
CONT2026000556,EXPORT,BMCT,VC202600036
CONT2026000557,EXPORT,BMCT,VC202600036
CONT2026000558,EXPORT,BMCT,VC202600036
CONT2026000559,EXPORT,BMCT,VC202600036
CONT2026000560,IMPORT,BMCT,VC202600036
CONT2026000561,EXPORT,BMCT,VC202600036
CONT2026000562,EXPORT,BMCT,VC202600036
CONT2026000563,IMPORT,BMCT,VC202600036
CONT2026000564,IMPORT,NSIGT,VC202600037
CONT2026000565,IMPORT,NSIGT,VC202600037
CONT2026000566,EXPORT,NSIGT,VC202600037
CONT2026000567,IMPORT,NSIGT,VC202600037
CONT2026000568,EXPORT,NSIGT,VC202600037
CONT2026000569,EXPORT,NSIGT,VC202600037
CONT2026000570,EXPORT,NSIGT,VC202600037
CONT2026000571,EXPORT,NSIGT,VC202600037
CONT2026000572,IMPORT,NSIGT,VC202600037
CONT2026000573,IMPORT,NSIGT,VC202600037
CONT2026000574,IMPORT,NSIGT,VC202600037
CONT2026000575,IMPORT,GTI,VC202600038
CONT2026000576,IMPORT,GTI,VC202600038
CONT2026000577,IMPORT,GTI,VC202600038
CONT2026000578,IMPORT,GTI,VC202600038
CONT2026000579,EXPORT,GTI,VC202600038
CONT2026000580,EXPORT,GTI,VC202600038
CONT2026000581,EXPORT,GTI,VC202600038
CONT2026000582,EXPORT,GTI,VC202600038
CONT2026000583,EXPORT,GTI,VC202600038
CONT2026000584,EXPORT,GTI,VC202600038
CONT2026000585,EXPORT,GTI,VC202600038
CONT2026000586,IMPORT,GTI,VC202600038
CONT2026000587,IMPORT,GTI,VC202600038
CONT2026000588,EXPORT,GTI,VC202600039
CONT2026000589,EXPORT,GTI,VC202600039
CONT2026000590,EXPORT,GTI,VC202600039
CONT2026000591,IMPORT,GTI,VC202600039
CONT2026000592,IMPORT,GTI,VC202600039
CONT2026000593,IMPORT,GTI,VC202600039
CONT2026000594,IMPORT,GTI,VC202600039
CONT2026000595,EXPORT,GTI,VC202600039
CONT2026000596,IMPORT,GTI,VC202600039
CONT2026000597,EXPORT,GTI,VC202600039
CONT2026000598,IMPORT,GTI,VC202600039
CONT2026000599,IMPORT,GTI,VC202600039
CONT2026000600,IMPORT,GTI,VC202600039
CONT2026000601,IMPORT,GTI,VC202600039
CONT2026000602,IMPORT,GTI,VC202600039
CONT2026000603,IMPORT,GTI,VC202600039
CONT2026000604,EXPORT,GTI,VC202600039
CONT2026000605,IMPORT,GTI,VC202600039
CONT2026000606,EXPORT,GTI,VC202600039
CONT2026000607,EXPORT,GTI,VC202600039
CONT2026000608,IMPORT,GTI,VC202600039
CONT2026000609,EXPORT,GTI,VC202600039
CONT2026000610,IMPORT,BMCT,VC202600040
CONT2026000611,EXPORT,BMCT,VC202600040
CONT2026000612,IMPORT,BMCT,VC202600040
CONT2026000613,IMPORT,BMCT,VC202600040
CONT2026000614,EXPORT,BMCT,VC202600040
CONT2026000615,IMPORT,BMCT,VC202600040
CONT2026000616,IMPORT,BMCT,VC202600040
CONT2026000617,EXPORT,BMCT,VC202600040
CONT2026000618,IMPORT,BMCT,VC202600040
CONT2026000619,IMPORT,BMCT,VC202600040
CONT2026000620,IMPORT,BMCT,VC202600040
CONT2026000621,IMPORT,BMCT,VC202600040
CONT2026000622,EXPORT,BMCT,VC202600040
CONT2026000623,EXPORT,BMCT,VC202600040
CONT2026000624,EXPORT,BMCT,VC202600040
CONT2026000625,EXPORT,BMCT,VC202600040
CONT2026000626,IMPORT,BMCT,VC202600040
CONT2026000627,EXPORT,NSIGT,VC202600041
CONT2026000628,EXPORT,NSIGT,VC202600041
CONT2026000629,EXPORT,NSIGT,VC202600041
CONT2026000630,EXPORT,NSIGT,VC202600041
CONT2026000631,EXPORT,NSIGT,VC202600041
CONT2026000632,IMPORT,NSIGT,VC202600041
CONT2026000633,EXPORT,NSICT,VC202600042
CONT2026000634,IMPORT,NSICT,VC202600042
CONT2026000635,EXPORT,NSICT,VC202600042
CONT2026000636,IMPORT,NSICT,VC202600042
CONT2026000637,IMPORT,NSICT,VC202600042
CONT2026000638,IMPORT,NSICT,VC202600042
CONT2026000639,IMPORT,NSICT,VC202600042
CONT2026000640,IMPORT,NSICT,VC202600042
CONT2026000641,EXPORT,NSICT,VC202600042
CONT2026000642,IMPORT,NSICT,VC202600042
CONT2026000643,EXPORT,NSICT,VC202600042
CONT2026000644,EXPORT,NSICT,VC202600042
CONT2026000645,IMPORT,NSICT,VC202600042
CONT2026000646,EXPORT,NSICT,VC202600042
CONT2026000647,EXPORT,NSICT,VC202600042
CONT2026000648,IMPORT,NSICT,VC202600042
CONT2026000649,IMPORT,NSICT,VC202600042
CONT2026000650,EXPORT,GTI,VC202600043
CONT2026000651,IMPORT,GTI,VC202600043
CONT2026000652,EXPORT,GTI,VC202600043
CONT2026000653,EXPORT,GTI,VC202600043
CONT2026000654,IMPORT,GTI,VC202600043
CONT2026000655,IMPORT,GTI,VC202600043
CONT2026000656,EXPORT,GTI,VC202600043
CONT2026000657,EXPORT,GTI,VC202600043
CONT2026000658,IMPORT,GTI,VC202600043
CONT2026000659,IMPORT,GTI,VC202600043
CONT2026000660,EXPORT,GTI,VC202600043
CONT2026000661,IMPORT,NSFT,VC202600044
CONT2026000662,IMPORT,NSFT,VC202600044
CONT2026000663,EXPORT,NSFT,VC202600044
CONT2026000664,EXPORT,NSFT,VC202600044
CONT2026000665,EXPORT,NSFT,VC202600044
CONT2026000666,EXPORT,NSFT,VC202600044
CONT2026000667,EXPORT,NSFT,VC202600044
CONT2026000668,EXPORT,NSFT,VC202600044
CONT2026000669,EXPORT,NSFT,VC202600044
CONT2026000670,EXPORT,NSFT,VC202600044
CONT2026000671,EXPORT,NSFT,VC202600044
CONT2026000672,EXPORT,GTI,VC202600045
CONT2026000673,IMPORT,GTI,VC202600045
CONT2026000674,EXPORT,GTI,VC202600045
CONT2026000675,IMPORT,GTI,VC202600045
CONT2026000676,EXPORT,GTI,VC202600045
CONT2026000677,IMPORT,GTI,VC202600045
CONT2026000678,EXPORT,GTI,VC202600045
CONT2026000679,EXPORT,GTI,VC202600045
CONT2026000680,IMPORT,GTI,VC202600045
CONT2026000681,EXPORT,NSICT,VC202600046
CONT2026000682,EXPORT,NSICT,VC202600046
CONT2026000683,EXPORT,NSICT,VC202600046
CONT2026000684,IMPORT,NSICT,VC202600046
CONT2026000685,EXPORT,NSICT,VC202600046
CONT2026000686,IMPORT,NSICT,VC202600046
CONT2026000687,EXPORT,NSICT,VC202600046
CONT2026000688,IMPORT,NSICT,VC202600046
CONT2026000689,EXPORT,NSICT,VC202600046
CONT2026000690,IMPORT,NSICT,VC202600046
CONT2026000691,IMPORT,NSICT,VC202600046
CONT2026000692,EXPORT,NSICT,VC202600046
CONT2026000693,EXPORT,NSICT,VC202600046
CONT2026000694,IMPORT,NSICT,VC202600046
CONT2026000695,IMPORT,NSICT,VC202600046
CONT2026000696,IMPORT,NSFT,VC202600047
CONT2026000697,EXPORT,NSFT,VC202600047
CONT2026000698,IMPORT,NSFT,VC202600047
CONT2026000699,EXPORT,NSFT,VC202600047
CONT2026000700,IMPORT,NSFT,VC202600047
CONT2026000701,IMPORT,NSFT,VC202600047
CONT2026000702,EXPORT,NSFT,VC202600047
CONT2026000703,IMPORT,NSFT,VC202600047
CONT2026000704,IMPORT,NSFT,VC202600047
CONT2026000705,EXPORT,NSFT,VC202600048
CONT2026000706,IMPORT,NSFT,VC202600048
CONT2026000707,IMPORT,NSFT,VC202600048
CONT2026000708,IMPORT,NSFT,VC202600048
CONT2026000709,IMPORT,NSFT,VC202600048
CONT2026000710,IMPORT,NSFT,VC202600048
CONT2026000711,EXPORT,NSFT,VC202600048
CONT2026000712,IMPORT,NSFT,VC202600048
CONT2026000713,EXPORT,NSFT,VC202600048
CONT2026000714,EXPORT,NSFT,VC202600048
CONT2026000715,IMPORT,NSIGT,VC202600049
CONT2026000716,IMPORT,NSIGT,VC202600049
CONT2026000717,EXPORT,NSIGT,VC202600049
CONT2026000718,IMPORT,NSIGT,VC202600049
CONT2026000719,IMPORT,NSIGT,VC202600049
CONT2026000720,EXPORT,NSIGT,VC202600049
CONT2026000721,IMPORT,NSIGT,VC202600049
CONT2026000722,EXPORT,NSIGT,VC202600049
CONT2026000723,IMPORT,NSIGT,VC202600049
CONT2026000724,IMPORT,NSIGT,VC202600049
CONT2026000725,IMPORT,NSIGT,VC202600049
CONT2026000726,EXPORT,GTI,VC202600050
CONT2026000727,IMPORT,GTI,VC202600050
CONT2026000728,IMPORT,GTI,VC202600050
CONT2026000729,IMPORT,GTI,VC202600050
CONT2026000730,EXPORT,GTI,VC202600050
CONT2026000731,IMPORT,GTI,VC202600050
CONT2026000732,EXPORT,GTI,VC202600050
CONT2026000733,EXPORT,GTI,VC202600050
CONT2026000734,IMPORT,GTI,VC202600050
CONT2026000735,EXPORT,GTI,VC202600050
CONT2026000736,IMPORT,GTI,VC202600050
CONT2026000737,IMPORT,GTI,VC202600050
CONT2026000738,EXPORT,GTI,VC202600050
CONT2026000739,IMPORT,GTI,VC202600050
CONT2026000740,IMPORT,GTI,VC202600050
CONT2026000741,IMPORT,GTI,VC202600050
CONT2026000742,IMPORT,GTI,VC202600050
CONT2026000743,IMPORT,NSIGT,VC202600051
CONT2026000744,EXPORT,NSIGT,VC202600051
CONT2026000745,IMPORT,NSIGT,VC202600051
CONT2026000746,IMPORT,NSIGT,VC202600051
CONT2026000747,EXPORT,NSIGT,VC202600051
CONT2026000748,IMPORT,NSIGT,VC202600051
CONT2026000749,EXPORT,NSIGT,VC202600051
CONT2026000750,EXPORT,NSIGT,VC202600051
CONT2026000751,IMPORT,NSIGT,VC202600051
CONT2026000752,IMPORT,NSIGT,VC202600051
CONT2026000753,IMPORT,NSIGT,VC202600051
CONT2026000754,EXPORT,NSIGT,VC202600051
CONT2026000755,EXPORT,NSIGT,VC202600051
CONT2026000756,IMPORT,NSICT,VC202600052
CONT2026000757,EXPORT,NSICT,VC202600052
CONT2026000758,EXPORT,NSICT,VC202600052
CONT2026000759,EXPORT,NSICT,VC202600052
CONT2026000760,EXPORT,NSICT,VC202600052
CONT2026000761,IMPORT,NSICT,VC202600052
CONT2026000762,EXPORT,NSICT,VC202600052
CONT2026000763,EXPORT,NSICT,VC202600052
CONT2026000764,EXPORT,NSICT,VC202600052
CONT2026000765,EXPORT,NSICT,VC202600052
CONT2026000766,IMPORT,NSICT,VC202600052
CONT2026000767,IMPORT,NSICT,VC202600052
CONT2026000768,IMPORT,NSICT,VC202600052
CONT2026000769,EXPORT,NSICT,VC202600052
CONT2026000770,IMPORT,GTI,VC202600053
CONT2026000771,EXPORT,GTI,VC202600053
CONT2026000772,EXPORT,GTI,VC202600053
CONT2026000773,IMPORT,GTI,VC202600053
CONT2026000774,EXPORT,GTI,VC202600053
CONT2026000775,EXPORT,GTI,VC202600053
CONT2026000776,IMPORT,GTI,VC202600053
CONT2026000777,IMPORT,GTI,VC202600053
CONT2026000778,IMPORT,GTI,VC202600053
CONT2026000779,EXPORT,GTI,VC202600053
CONT2026000780,EXPORT,GTI,VC202600053
CONT2026000781,EXPORT,GTI,VC202600053
CONT2026000782,IMPORT,GTI,VC202600053
CONT2026000783,IMPORT,GTI,VC202600053
CONT2026000784,EXPORT,GTI,VC202600053
CONT2026000785,EXPORT,GTI,VC202600053
CONT2026000786,IMPORT,GTI,VC202600053
CONT2026000787,IMPORT,GTI,VC202600053
CONT2026000788,IMPORT,NSICT,VC202600054
CONT2026000789,EXPORT,NSICT,VC202600054
CONT2026000790,IMPORT,NSICT,VC202600054
CONT2026000791,IMPORT,NSICT,VC202600054
CONT2026000792,IMPORT,NSICT,VC202600054
CONT2026000793,EXPORT,NSICT,VC202600054
CONT2026000794,IMPORT,NSICT,VC202600054
CONT2026000795,IMPORT,NSICT,VC202600054
CONT2026000796,IMPORT,NSICT,VC202600054
CONT2026000797,EXPORT,NSICT,VC202600054
CONT2026000798,IMPORT,NSICT,VC202600054
CONT2026000799,IMPORT,NSICT,VC202600054
CONT2026000800,IMPORT,GTI,VC202600055
CONT2026000801,EXPORT,GTI,VC202600055
CONT2026000802,EXPORT,GTI,VC202600055
CONT2026000803,IMPORT,GTI,VC202600055
CONT2026000804,EXPORT,GTI,VC202600055
CONT2026000805,EXPORT,GTI,VC202600055
CONT2026000806,EXPORT,GTI,VC202600055
CONT2026000807,IMPORT,GTI,VC202600055
CONT2026000808,EXPORT,GTI,VC202600055
CONT2026000809,EXPORT,GTI,VC202600055
CONT2026000810,IMPORT,GTI,VC202600055
CONT2026000811,EXPORT,GTI,VC202600055
CONT2026000812,IMPORT,GTI,VC202600055
CONT2026000813,EXPORT,GTI,VC202600055
CONT2026000814,IMPORT,GTI,VC202600055
CONT2026000815,IMPORT,GTI,VC202600055
CONT2026000816,IMPORT,GTI,VC202600055
CONT2026000817,IMPORT,GTI,VC202600055
CONT2026000818,EXPORT,NSICT,VC202600056
CONT2026000819,EXPORT,NSICT,VC202600056
CONT2026000820,IMPORT,NSICT,VC202600056
CONT2026000821,IMPORT,NSICT,VC202600056
CONT2026000822,EXPORT,NSICT,VC202600056
CONT2026000823,EXPORT,NSICT,VC202600056
CONT2026000824,EXPORT,NSICT,VC202600056
CONT2026000825,EXPORT,NSICT,VC202600056
CONT2026000826,EXPORT,NSICT,VC202600056
CONT2026000827,EXPORT,NSICT,VC202600057
CONT2026000828,IMPORT,NSICT,VC202600057
CONT2026000829,IMPORT,NSICT,VC202600057
CONT2026000830,IMPORT,NSICT,VC202600057
CONT2026000831,EXPORT,NSICT,VC202600057
CONT2026000832,EXPORT,NSICT,VC202600057
CONT2026000833,IMPORT,NSICT,VC202600057
CONT2026000834,IMPORT,NSICT,VC202600057
CONT2026000835,EXPORT,NSICT,VC202600057
CONT2026000836,EXPORT,NSICT,VC202600057
CONT2026000837,IMPORT,NSICT,VC202600057
CONT2026000838,IMPORT,NSICT,VC202600057
CONT2026000839,IMPORT,NSICT,VC202600057
CONT2026000840,EXPORT,NSICT,VC202600057
CONT2026000841,EXPORT,NSICT,VC202600057
CONT2026000842,IMPORT,NSICT,VC202600057
CONT2026000843,IMPORT,NSICT,VC202600057
CONT2026000844,IMPORT,NSICT,VC202600058
CONT2026000845,EXPORT,NSICT,VC202600058
CONT2026000846,IMPORT,NSICT,VC202600058
CONT2026000847,IMPORT,NSICT,VC202600058
CONT2026000848,IMPORT,NSICT,VC202600058
CONT2026000849,EXPORT,NSICT,VC202600058
CONT2026000850,EXPORT,NSICT,VC202600058
CONT2026000851,EXPORT,NSICT,VC202600058
CONT2026000852,IMPORT,NSICT,VC202600058
CONT2026000853,EXPORT,NSICT,VC202600058
CONT2026000854,IMPORT,NSICT,VC202600058
CONT2026000855,IMPORT,NSICT,VC202600058
CONT2026000856,EXPORT,NSICT,VC202600058
CONT2026000857,EXPORT,NSICT,VC202600058
CONT2026000858,IMPORT,NSICT,VC202600058
CONT2026000859,EXPORT,NSICT,VC202600058
CONT2026000860,IMPORT,NSICT,VC202600058
CONT2026000861,EXPORT,NSICT,VC202600058
CONT2026000862,EXPORT,NSICT,VC202600058
CONT2026000863,IMPORT,NSICT,VC202600058
CONT2026000864,IMPORT,NSICT,VC202600058
CONT2026000865,IMPORT,NSICT,VC202600058
CONT2026000866,EXPORT,NSICT,VC202600058
CONT2026000867,EXPORT,NSICT,VC202600058
CONT2026000868,IMPORT,NSICT,VC202600058
CONT2026000869,IMPORT,NSICT,VC202600058
CONT2026000870,EXPORT,NSICT,VC202600058
CONT2026000871,IMPORT,NSICT,VC202600058
CONT2026000872,EXPORT,NSICT,VC202600058
CONT2026000873,EXPORT,NSICT,VC202600058
CONT2026000874,EXPORT,NSICT,VC202600058
CONT2026000875,IMPORT,NSICT,VC202600058
CONT2026000876,EXPORT,NSICT,VC202600058
CONT2026000877,EXPORT,NSICT,VC202600058
CONT2026000878,EXPORT,NSICT,VC202600058
CONT2026000879,IMPORT,NSICT,VC202600058
CONT2026000880,EXPORT,NSICT,VC202600058
CONT2026000881,IMPORT,NSICT,VC202600058
CONT2026000882,EXPORT,NSICT,VC202600058
CONT2026000883,EXPORT,NSICT,VC202600058
CONT2026000884,EXPORT,NSICT,VC202600058
CONT2026000885,IMPORT,NSICT,VC202600058
CONT2026000886,IMPORT,NSICT,VC202600058
CONT2026000887,EXPORT,NSICT,VC202600058
CONT2026000888,EXPORT,NSICT,VC202600058
CONT2026000889,IMPORT,NSICT,VC202600058
CONT2026000890,EXPORT,NSICT,VC202600058
CONT2026000891,IMPORT,NSICT,VC202600058
CONT2026000892,EXPORT,NSICT,VC202600058
CONT2026000893,IMPORT,NSICT,VC202600058
CONT2026000894,EXPORT,NSICT,VC202600058
CONT2026000895,EXPORT,NSICT,VC202600058
CONT2026000896,EXPORT,NSICT,VC202600058
CONT2026000897,IMPORT,NSICT,VC202600058
CONT2026000898,IMPORT,NSICT,VC202600058
CONT2026000899,IMPORT,NSICT,VC202600058
CONT2026000900,EXPORT,NSICT,VC202600058
CONT2026000901,IMPORT,NSICT,VC202600059
CONT2026000902,EXPORT,NSICT,VC202600059
CONT2026000903,IMPORT,NSICT,VC202600059
CONT2026000904,IMPORT,NSICT,VC202600059
CONT2026000905,EXPORT,NSICT,VC202600059
CONT2026000906,IMPORT,NSICT,VC202600059
CONT2026000907,IMPORT,NSICT,VC202600059
CONT2026000908,IMPORT,NSICT,VC202600059
CONT2026000909,IMPORT,NSICT,VC202600059
CONT2026000910,EXPORT,NSICT,VC202600059
CONT2026000911,EXPORT,NSICT,VC202600059
CONT2026000912,EXPORT,NSICT,VC202600059
CONT2026000913,IMPORT,NSICT,VC202600059
CONT2026000914,IMPORT,NSIGT,VC202600060
CONT2026000915,IMPORT,NSIGT,VC202600060
CONT2026000916,EXPORT,NSIGT,VC202600060
CONT2026000917,EXPORT,NSIGT,VC202600060
CONT2026000918,IMPORT,NSIGT,VC202600060
CONT2026000919,IMPORT,NSIGT,VC202600060
CONT2026000920,IMPORT,NSIGT,VC202600060
CONT2026000921,EXPORT,NSIGT,VC202600060
CONT2026000922,IMPORT,NSIGT,VC202600060
CONT2026000923,EXPORT,NSIGT,VC202600060
CONT2026000924,IMPORT,NSIGT,VC202600060
CONT2026000925,EXPORT,NSIGT,VC202600061
CONT2026000926,EXPORT,NSIGT,VC202600061
CONT2026000927,EXPORT,NSIGT,VC202600061
CONT2026000928,EXPORT,NSIGT,VC202600061
CONT2026000929,EXPORT,NSIGT,VC202600061
CONT2026000930,IMPORT,NSIGT,VC202600061
CONT2026000931,EXPORT,NSIGT,VC202600061
CONT2026000932,IMPORT,NSIGT,VC202600061
CONT2026000933,EXPORT,NSIGT,VC202600061
CONT2026000934,EXPORT,NSIGT,VC202600061
CONT2026000935,EXPORT,NSIGT,VC202600061
CONT2026000936,EXPORT,NSIGT,VC202600061
CONT2026000937,IMPORT,NSIGT,VC202600061
CONT2026000938,EXPORT,NSIGT,VC202600061
CONT2026000939,EXPORT,NSIGT,VC202600061
CONT2026000940,EXPORT,NSIGT,VC202600061
CONT2026000941,EXPORT,NSIGT,VC202600061
CONT2026000942,IMPORT,NSIGT,VC202600061
CONT2026000943,IMPORT,NSIGT,VC202600061
CONT2026000944,IMPORT,NSIGT,VC202600061
CONT2026000945,IMPORT,BMCT,VC202600062
CONT2026000946,EXPORT,BMCT,VC202600062
CONT2026000947,IMPORT,BMCT,VC202600062
CONT2026000948,IMPORT,BMCT,VC202600062
CONT2026000949,IMPORT,BMCT,VC202600062
CONT2026000950,IMPORT,BMCT,VC202600062
CONT2026000951,EXPORT,BMCT,VC202600062
CONT2026000952,IMPORT,NSIGT,VC202600063
CONT2026000953,IMPORT,NSIGT,VC202600063
CONT2026000954,EXPORT,NSIGT,VC202600063
CONT2026000955,IMPORT,NSIGT,VC202600063
CONT2026000956,IMPORT,NSIGT,VC202600063
CONT2026000957,EXPORT,NSIGT,VC202600063
CONT2026000958,EXPORT,NSIGT,VC202600063
CONT2026000959,EXPORT,NSFT,VC202600064
CONT2026000960,EXPORT,NSFT,VC202600064
CONT2026000961,IMPORT,NSFT,VC202600064
CONT2026000962,EXPORT,NSFT,VC202600064
CONT2026000963,IMPORT,NSFT,VC202600064
CONT2026000964,IMPORT,NSFT,VC202600064
CONT2026000965,IMPORT,NSFT,VC202600064
CONT2026000966,EXPORT,NSFT,VC202600064
CONT2026000967,EXPORT,NSFT,VC202600064
CONT2026000968,EXPORT,NSFT,VC202600064
CONT2026000969,EXPORT,NSFT,VC202600064
CONT2026000970,EXPORT,NSFT,VC202600064
CONT2026000971,EXPORT,NSFT,VC202600064
CONT2026000972,IMPORT,NSFT,VC202600064
CONT2026000973,IMPORT,NSFT,VC202600064
CONT2026000974,IMPORT,NSIGT,VC202600065
CONT2026000975,IMPORT,NSIGT,VC202600065
CONT2026000976,EXPORT,NSIGT,VC202600065
CONT2026000977,IMPORT,NSIGT,VC202600065
CONT2026000978,IMPORT,NSIGT,VC202600065
CONT2026000979,EXPORT,NSIGT,VC202600065
CONT2026000980,IMPORT,NSIGT,VC202600065
CONT2026000981,EXPORT,NSIGT,VC202600065
CONT2026000982,IMPORT,NSIGT,VC202600065
CONT2026000983,EXPORT,NSIGT,VC202600065
CONT2026000984,EXPORT,NSIGT,VC202600065
CONT2026000985,IMPORT,NSIGT,VC202600065
CONT2026000986,EXPORT,NSIGT,VC202600065
CONT2026000987,IMPORT,GTI,VC202600066
CONT2026000988,EXPORT,GTI,VC202600066
CONT2026000989,IMPORT,GTI,VC202600066
CONT2026000990,EXPORT,GTI,VC202600066
CONT2026000991,EXPORT,GTI,VC202600066
CONT2026000992,IMPORT,GTI,VC202600066
CONT2026000993,EXPORT,GTI,VC202600066
CONT2026000994,IMPORT,GTI,VC202600066
CONT2026000995,IMPORT,GTI,VC202600066
CONT2026000996,EXPORT,GTI,VC202600066
CONT2026000997,IMPORT,GTI,VC202600066
CONT2026000998,IMPORT,GTI,VC202600066
CONT2026000999,IMPORT,GTI,VC202600067
CONT2026001000,IMPORT,GTI,VC202600067
CONT2026001001,IMPORT,GTI,VC202600067
CONT2026001002,IMPORT,GTI,VC202600067
CONT2026001003,IMPORT,GTI,VC202600067
CONT2026001004,IMPORT,GTI,VC202600067
CONT2026001005,IMPORT,GTI,VC202600067
CONT2026001006,EXPORT,GTI,VC202600067
CONT2026001007,IMPORT,GTI,VC202600067
CONT2026001008,IMPORT,NSIGT,VC202600068
CONT2026001009,EXPORT,NSIGT,VC202600068
CONT2026001010,IMPORT,NSIGT,VC202600068
CONT2026001011,IMPORT,NSIGT,VC202600068
CONT2026001012,EXPORT,NSIGT,VC202600068
CONT2026001013,IMPORT,NSIGT,VC202600068
CONT2026001014,EXPORT,NSIGT,VC202600068
CONT2026001015,EXPORT,NSIGT,VC202600068
CONT2026001016,EXPORT,NSIGT,VC202600068
CONT2026001017,EXPORT,NSIGT,VC202600068
CONT2026001018,EXPORT,NSIGT,VC202600068
CONT2026001019,IMPORT,NSIGT,VC202600068
CONT2026001020,IMPORT,NSIGT,VC202600068
CONT2026001021,EXPORT,NSIGT,VC202600068
CONT2026001022,EXPORT,NSIGT,VC202600068
CONT2026001023,IMPORT,NSIGT,VC202600068
CONT2026001024,EXPORT,NSIGT,VC202600068
CONT2026001025,IMPORT,NSIGT,VC202600068
CONT2026001026,EXPORT,NSIGT,VC202600068
CONT2026001027,IMPORT,NSIGT,VC202600068
CONT2026001028,IMPORT,BMCT,VC202600069
CONT2026001029,IMPORT,BMCT,VC202600069
CONT2026001030,IMPORT,BMCT,VC202600069
CONT2026001031,EXPORT,BMCT,VC202600069
CONT2026001032,EXPORT,BMCT,VC202600069
CONT2026001033,IMPORT,BMCT,VC202600069
CONT2026001034,IMPORT,BMCT,VC202600069
CONT2026001035,EXPORT,BMCT,VC202600069
CONT2026001036,IMPORT,BMCT,VC202600069
CONT2026001037,EXPORT,NSFT,VC202600070
CONT2026001038,EXPORT,NSFT,VC202600070
CONT2026001039,EXPORT,NSFT,VC202600070
CONT2026001040,IMPORT,NSFT,VC202600070
CONT2026001041,IMPORT,NSFT,VC202600070
CONT2026001042,IMPORT,NSFT,VC202600070
CONT2026001043,IMPORT,NSFT,VC202600070
CONT2026001044,EXPORT,NSFT,VC202600070
CONT2026001045,EXPORT,NSFT,VC202600070
CONT2026001046,EXPORT,NSFT,VC202600070
CONT2026001047,EXPORT,NSFT,VC202600070
CONT2026001048,EXPORT,NSFT,VC202600070
CONT2026001049,IMPORT,NSFT,VC202600070
CONT2026001050,EXPORT,NSFT,VC202600070
CONT2026001051,IMPORT,NSFT,VC202600070
CONT2026001052,IMPORT,NSFT,VC202600070
CONT2026001053,IMPORT,NSFT,VC202600070
CONT2026001054,IMPORT,NSFT,VC202600070
CONT2026001055,EXPORT,NSFT,VC202600070
CONT2026001056,IMPORT,NSFT,VC202600070
CONT2026001057,IMPORT,NSFT,VC202600070
CONT2026001058,EXPORT,NSFT,VC202600070
CONT2026001059,EXPORT,NSFT,VC202600070
CONT2026001060,EXPORT,NSFT,VC202600070
CONT2026001061,IMPORT,NSFT,VC202600070
CONT2026001062,EXPORT,NSFT,VC202600070
CONT2026001063,IMPORT,NSFT,VC202600070
CONT2026001064,EXPORT,NSFT,VC202600070
CONT2026001065,IMPORT,NSFT,VC202600070
CONT2026001066,IMPORT,NSFT,VC202600070
CONT2026001067,EXPORT,NSFT,VC202600070
CONT2026001068,EXPORT,NSFT,VC202600070
CONT2026001069,EXPORT,NSFT,VC202600070
CONT2026001070,EXPORT,NSFT,VC202600070
CONT2026001071,IMPORT,NSFT,VC202600070
CONT2026001072,EXPORT,NSFT,VC202600070
CONT2026001073,EXPORT,NSFT,VC202600070
CONT2026001074,IMPORT,NSFT,VC202600070
CONT2026001075,EXPORT,NSFT,VC202600070
CONT2026001076,EXPORT,NSFT,VC202600070
CONT2026001077,EXPORT,NSFT,VC202600070
CONT2026001078,EXPORT,NSFT,VC202600070
CONT2026001079,EXPORT,NSFT,VC202600070
CONT2026001080,IMPORT,NSFT,VC202600070
CONT2026001081,EXPORT,NSIGT,VC202600071
CONT2026001082,EXPORT,NSIGT,VC202600071
CONT2026001083,EXPORT,NSIGT,VC202600071
CONT2026001084,EXPORT,NSIGT,VC202600071
CONT2026001085,IMPORT,NSIGT,VC202600071
CONT2026001086,EXPORT,NSIGT,VC202600071
CONT2026001087,EXPORT,NSIGT,VC202600071
CONT2026001088,EXPORT,NSIGT,VC202600071
CONT2026001089,IMPORT,NSIGT,VC202600071
CONT2026001090,IMPORT,BMCT,VC202600072
CONT2026001091,IMPORT,BMCT,VC202600072
CONT2026001092,EXPORT,BMCT,VC202600072
CONT2026001093,EXPORT,BMCT,VC202600072
CONT2026001094,IMPORT,BMCT,VC202600072
CONT2026001095,EXPORT,BMCT,VC202600072
CONT2026001096,IMPORT,BMCT,VC202600072
CONT2026001097,EXPORT,BMCT,VC202600072
CONT2026001098,IMPORT,BMCT,VC202600072
CONT2026001099,EXPORT,BMCT,VC202600072
CONT2026001100,IMPORT,BMCT,VC202600072
CONT2026001101,EXPORT,BMCT,VC202600072
CONT2026001102,IMPORT,BMCT,VC202600072
CONT2026001103,EXPORT,BMCT,VC202600072
CONT2026001104,IMPORT,BMCT,VC202600072
CONT2026001105,EXPORT,BMCT,VC202600072
CONT2026001106,EXPORT,BMCT,VC202600072
CONT2026001107,EXPORT,BMCT,VC202600072
CONT2026001108,EXPORT,BMCT,VC202600072
CONT2026001109,EXPORT,BMCT,VC202600072
CONT2026001110,EXPORT,BMCT,VC202600072
CONT2026001111,IMPORT,BMCT,VC202600072
CONT2026001112,IMPORT,BMCT,VC202600072
CONT2026001113,EXPORT,BMCT,VC202600072
CONT2026001114,IMPORT,BMCT,VC202600072
CONT2026001115,EXPORT,BMCT,VC202600072
CONT2026001116,EXPORT,BMCT,VC202600072
CONT2026001117,EXPORT,BMCT,VC202600072
CONT2026001118,EXPORT,BMCT,VC202600072
CONT2026001119,IMPORT,BMCT,VC202600072
CONT2026001120,IMPORT,BMCT,VC202600072
CONT2026001121,IMPORT,BMCT,VC202600072
CONT2026001122,IMPORT,BMCT,VC202600072
CONT2026001123,IMPORT,BMCT,VC202600072
CONT2026001124,IMPORT,NSFT,VC202600073
CONT2026001125,EXPORT,NSFT,VC202600073
CONT2026001126,EXPORT,NSFT,VC202600073
CONT2026001127,IMPORT,NSFT,VC202600073
CONT2026001128,EXPORT,NSFT,VC202600073
CONT2026001129,IMPORT,NSFT,VC202600073
CONT2026001130,EXPORT,NSFT,VC202600073
CONT2026001131,EXPORT,NSFT,VC202600073
CONT2026001132,EXPORT,NSFT,VC202600073
CONT2026001133,EXPORT,NSFT,VC202600073
CONT2026001134,EXPORT,NSFT,VC202600073
CONT2026001135,IMPORT,NSFT,VC202600073
CONT2026001136,EXPORT,NSFT,VC202600073
CONT2026001137,IMPORT,NSFT,VC202600073
CONT2026001138,IMPORT,NSFT,VC202600073
CONT2026001139,IMPORT,GTI,VC202600074
CONT2026001140,EXPORT,GTI,VC202600074
CONT2026001141,IMPORT,GTI,VC202600074
CONT2026001142,IMPORT,GTI,VC202600074
CONT2026001143,IMPORT,GTI,VC202600074
CONT2026001144,EXPORT,GTI,VC202600074
CONT2026001145,EXPORT,GTI,VC202600074
CONT2026001146,EXPORT,GTI,VC202600074
CONT2026001147,IMPORT,GTI,VC202600074
CONT2026001148,IMPORT,NSICT,VC202600075
CONT2026001149,IMPORT,NSICT,VC202600075
CONT2026001150,EXPORT,NSICT,VC202600075
CONT2026001151,IMPORT,NSICT,VC202600075
CONT2026001152,IMPORT,NSICT,VC202600075
CONT2026001153,IMPORT,NSICT,VC202600075
CONT2026001154,IMPORT,NSICT,VC202600075
CONT2026001155,EXPORT,NSICT,VC202600075
CONT2026001156,IMPORT,NSICT,VC202600075
CONT2026001157,EXPORT,NSICT,VC202600075
CONT2026001158,IMPORT,NSICT,VC202600075
CONT2026001159,IMPORT,NSICT,VC202600075
CONT2026001160,IMPORT,NSICT,VC202600075
CONT2026001161,IMPORT,NSICT,VC202600075
CONT2026001162,IMPORT,BMCT,VC202600076
CONT2026001163,EXPORT,BMCT,VC202600076
CONT2026001164,EXPORT,BMCT,VC202600076
CONT2026001165,EXPORT,BMCT,VC202600076
CONT2026001166,EXPORT,BMCT,VC202600076
CONT2026001167,IMPORT,BMCT,VC202600076
CONT2026001168,EXPORT,NSFT,VC202600077
CONT2026001169,IMPORT,NSFT,VC202600077
CONT2026001170,EXPORT,NSFT,VC202600077
CONT2026001171,IMPORT,NSFT,VC202600077
CONT2026001172,IMPORT,NSFT,VC202600077
CONT2026001173,EXPORT,NSFT,VC202600077
CONT2026001174,EXPORT,NSFT,VC202600077
CONT2026001175,EXPORT,NSFT,VC202600077
CONT2026001176,IMPORT,NSFT,VC202600077
CONT2026001177,IMPORT,NSFT,VC202600077
CONT2026001178,EXPORT,NSFT,VC202600077
CONT2026001179,IMPORT,NSFT,VC202600077
CONT2026001180,EXPORT,NSFT,VC202600077
CONT2026001181,IMPORT,NSFT,VC202600077
CONT2026001182,IMPORT,NSFT,VC202600077
CONT2026001183,IMPORT,NSFT,VC202600077
CONT2026001184,EXPORT,NSFT,VC202600077
CONT2026001185,IMPORT,NSFT,VC202600077
CONT2026001186,IMPORT,NSFT,VC202600077
CONT2026001187,EXPORT,NSFT,VC202600078
CONT2026001188,IMPORT,NSFT,VC202600078
CONT2026001189,IMPORT,NSFT,VC202600078
CONT2026001190,EXPORT,NSFT,VC202600078
CONT2026001191,IMPORT,NSFT,VC202600078
CONT2026001192,IMPORT,NSFT,VC202600078
CONT2026001193,EXPORT,NSFT,VC202600078
CONT2026001194,EXPORT,NSFT,VC202600078
CONT2026001195,EXPORT,NSFT,VC202600078
CONT2026001196,EXPORT,NSFT,VC202600078
CONT2026001197,IMPORT,NSFT,VC202600078
CONT2026001198,EXPORT,NSFT,VC202600078
CONT2026001199,EXPORT,NSFT,VC202600078
CONT2026001200,IMPORT,NSFT,VC202600078
CONT2026001201,IMPORT,NSFT,VC202600078
CONT2026001202,EXPORT,NSFT,VC202600078
CONT2026001203,IMPORT,NSFT,VC202600078
CONT2026001204,EXPORT,NSFT,VC202600078
CONT2026001205,EXPORT,NSFT,VC202600078
CONT2026001206,IMPORT,NSFT,VC202600078
CONT2026001207,EXPORT,NSFT,VC202600078
CONT2026001208,IMPORT,NSFT,VC202600079
CONT2026001209,EXPORT,NSFT,VC202600079
CONT2026001210,IMPORT,NSFT,VC202600079
CONT2026001211,IMPORT,NSFT,VC202600079
CONT2026001212,IMPORT,NSFT,VC202600079
CONT2026001213,EXPORT,NSFT,VC202600079
CONT2026001214,IMPORT,NSFT,VC202600079
CONT2026001215,EXPORT,NSFT,VC202600079
CONT2026001216,EXPORT,NSFT,VC202600079
CONT2026001217,EXPORT,NSFT,VC202600079
CONT2026001218,IMPORT,NSFT,VC202600079
CONT2026001219,EXPORT,NSFT,VC202600079
CONT2026001220,EXPORT,NSFT,VC202600079
CONT2026001221,EXPORT,NSFT,VC202600079
CONT2026001222,IMPORT,NSFT,VC202600079
CONT2026001223,EXPORT,NSFT,VC202600079
CONT2026001224,IMPORT,NSIGT,VC202600080
CONT2026001225,IMPORT,NSIGT,VC202600080
CONT2026001226,EXPORT,NSIGT,VC202600080
CONT2026001227,EXPORT,NSIGT,VC202600080
CONT2026001228,IMPORT,NSIGT,VC202600080
CONT2026001229,EXPORT,NSIGT,VC202600080
CONT2026001230,IMPORT,NSIGT,VC202600080
CONT2026001231,IMPORT,NSIGT,VC202600080
CONT2026001232,IMPORT,NSIGT,VC202600080
CONT2026001233,EXPORT,NSIGT,VC202600080
CONT2026001234,EXPORT,NSIGT,VC202600080
CONT2026001235,EXPORT,NSIGT,VC202600080
CONT2026001236,IMPORT,GTI,VC202600081
CONT2026001237,EXPORT,GTI,VC202600081
CONT2026001238,IMPORT,GTI,VC202600081
CONT2026001239,IMPORT,GTI,VC202600081
CONT2026001240,EXPORT,GTI,VC202600081
CONT2026001241,EXPORT,GTI,VC202600081
CONT2026001242,IMPORT,GTI,VC202600082
CONT2026001243,EXPORT,GTI,VC202600082
CONT2026001244,IMPORT,GTI,VC202600082
CONT2026001245,EXPORT,GTI,VC202600082
CONT2026001246,IMPORT,GTI,VC202600082
CONT2026001247,EXPORT,GTI,VC202600082
CONT2026001248,EXPORT,GTI,VC202600082
CONT2026001249,EXPORT,GTI,VC202600082
CONT2026001250,EXPORT,GTI,VC202600082
CONT2026001251,EXPORT,GTI,VC202600082
CONT2026001252,IMPORT,GTI,VC202600082
CONT2026001253,IMPORT,GTI,VC202600082
CONT2026001254,EXPORT,GTI,VC202600082
CONT2026001255,IMPORT,GTI,VC202600082
CONT2026001256,EXPORT,GTI,VC202600082
CONT2026001257,EXPORT,GTI,VC202600082
CONT2026001258,EXPORT,GTI,VC202600082
CONT2026001259,EXPORT,GTI,VC202600082
CONT2026001260,IMPORT,GTI,VC202600082
CONT2026001261,IMPORT,NSFT,VC202600083
CONT2026001262,EXPORT,NSFT,VC202600083
CONT2026001263,IMPORT,NSFT,VC202600083
CONT2026001264,EXPORT,NSFT,VC202600083
CONT2026001265,EXPORT,NSFT,VC202600083
CONT2026001266,IMPORT,NSFT,VC202600083
CONT2026001267,EXPORT,NSFT,VC202600083
CONT2026001268,IMPORT,NSFT,VC202600083
CONT2026001269,EXPORT,NSFT,VC202600083
CONT2026001270,EXPORT,NSFT,VC202600083
CONT2026001271,EXPORT,NSFT,VC202600083
CONT2026001272,IMPORT,NSFT,VC202600083
CONT2026001273,EXPORT,NSFT,VC202600083
CONT2026001274,IMPORT,NSFT,VC202600083
CONT2026001275,IMPORT,NSFT,VC202600083
CONT2026001276,IMPORT,BMCT,VC202600084
CONT2026001277,IMPORT,BMCT,VC202600084
CONT2026001278,EXPORT,BMCT,VC202600084
CONT2026001279,IMPORT,BMCT,VC202600084
CONT2026001280,IMPORT,BMCT,VC202600084
CONT2026001281,EXPORT,BMCT,VC202600084
CONT2026001282,IMPORT,BMCT,VC202600084
CONT2026001283,IMPORT,BMCT,VC202600084
CONT2026001284,IMPORT,BMCT,VC202600084
CONT2026001285,IMPORT,BMCT,VC202600084
CONT2026001286,IMPORT,BMCT,VC202600084
CONT2026001287,IMPORT,BMCT,VC202600084
CONT2026001288,EXPORT,BMCT,VC202600084
CONT2026001289,EXPORT,BMCT,VC202600084
CONT2026001290,EXPORT,BMCT,VC202600084
CONT2026001291,EXPORT,BMCT,VC202600084
CONT2026001292,EXPORT,BMCT,VC202600084
CONT2026001293,IMPORT,BMCT,VC202600084
CONT2026001294,IMPORT,BMCT,VC202600084
CONT2026001295,EXPORT,BMCT,VC202600084
CONT2026001296,EXPORT,BMCT,VC202600084
CONT2026001297,IMPORT,BMCT,VC202600084
CONT2026001298,EXPORT,BMCT,VC202600084
CONT2026001299,IMPORT,BMCT,VC202600084
CONT2026001300,EXPORT,BMCT,VC202600084
CONT2026001301,IMPORT,BMCT,VC202600084
CONT2026001302,IMPORT,BMCT,VC202600084
CONT2026001303,IMPORT,BMCT,VC202600084
CONT2026001304,EXPORT,BMCT,VC202600084
CONT2026001305,EXPORT,BMCT,VC202600084
CONT2026001306,IMPORT,BMCT,VC202600084
CONT2026001307,IMPORT,BMCT,VC202600084
CONT2026001308,IMPORT,BMCT,VC202600084
CONT2026001309,IMPORT,BMCT,VC202600084
CONT2026001310,EXPORT,BMCT,VC202600084
CONT2026001311,EXPORT,BMCT,VC202600084
CONT2026001312,EXPORT,BMCT,VC202600084
CONT2026001313,EXPORT,BMCT,VC202600084
CONT2026001314,IMPORT,BMCT,VC202600084
CONT2026001315,EXPORT,BMCT,VC202600084
CONT2026001316,EXPORT,BMCT,VC202600084
CONT2026001317,IMPORT,BMCT,VC202600084
CONT2026001318,EXPORT,BMCT,VC202600084
CONT2026001319,EXPORT,BMCT,VC202600084
CONT2026001320,EXPORT,BMCT,VC202600084
CONT2026001321,IMPORT,BMCT,VC202600084
CONT2026001322,EXPORT,BMCT,VC202600084
CONT2026001323,EXPORT,BMCT,VC202600084
CONT2026001324,IMPORT,BMCT,VC202600084
CONT2026001325,EXPORT,BMCT,VC202600084
CONT2026001326,IMPORT,BMCT,VC202600084
CONT2026001327,IMPORT,BMCT,VC202600084
CONT2026001328,IMPORT,BMCT,VC202600084
CONT2026001329,EXPORT,BMCT,VC202600084
CONT2026001330,EXPORT,BMCT,VC202600084
CONT2026001331,IMPORT,NSFT,VC202600085
CONT2026001332,IMPORT,NSFT,VC202600085
CONT2026001333,EXPORT,NSFT,VC202600085
CONT2026001334,EXPORT,NSFT,VC202600085
CONT2026001335,EXPORT,NSFT,VC202600085
CONT2026001336,EXPORT,NSFT,VC202600085
CONT2026001337,EXPORT,NSFT,VC202600085
CONT2026001338,IMPORT,NSFT,VC202600085
CONT2026001339,EXPORT,NSFT,VC202600085
CONT2026001340,EXPORT,NSFT,VC202600085
CONT2026001341,EXPORT,NSFT,VC202600085
CONT2026001342,EXPORT,NSFT,VC202600085
CONT2026001343,IMPORT,NSFT,VC202600085
CONT2026001344,EXPORT,NSFT,VC202600085
CONT2026001345,IMPORT,NSFT,VC202600085
CONT2026001346,IMPORT,NSFT,VC202600085
CONT2026001347,EXPORT,NSFT,VC202600085
CONT2026001348,EXPORT,NSFT,VC202600085
CONT2026001349,IMPORT,GTI,VC202600086
CONT2026001350,EXPORT,GTI,VC202600086
CONT2026001351,IMPORT,GTI,VC202600086
CONT2026001352,IMPORT,GTI,VC202600086
CONT2026001353,IMPORT,GTI,VC202600086
CONT2026001354,IMPORT,GTI,VC202600086
CONT2026001355,IMPORT,GTI,VC202600086
CONT2026001356,EXPORT,GTI,VC202600086
CONT2026001357,EXPORT,GTI,VC202600086
CONT2026001358,IMPORT,GTI,VC202600086
CONT2026001359,EXPORT,GTI,VC202600086
CONT2026001360,EXPORT,GTI,VC202600086
CONT2026001361,EXPORT,NSIGT,VC202600087
CONT2026001362,IMPORT,NSIGT,VC202600087
CONT2026001363,EXPORT,NSIGT,VC202600087
CONT2026001364,EXPORT,NSIGT,VC202600087
CONT2026001365,EXPORT,NSIGT,VC202600087
CONT2026001366,IMPORT,NSIGT,VC202600087
CONT2026001367,IMPORT,NSIGT,VC202600087
CONT2026001368,IMPORT,NSIGT,VC202600087
CONT2026001369,EXPORT,NSIGT,VC202600087
CONT2026001370,EXPORT,NSIGT,VC202600087
CONT2026001371,EXPORT,NSIGT,VC202600087
CONT2026001372,EXPORT,NSIGT,VC202600087
CONT2026001373,IMPORT,NSIGT,VC202600087
CONT2026001374,EXPORT,NSIGT,VC202600087
CONT2026001375,IMPORT,NSIGT,VC202600087
CONT2026001376,EXPORT,NSIGT,VC202600087
CONT2026001377,EXPORT,NSIGT,VC202600087
CONT2026001378,IMPORT,NSIGT,VC202600087
CONT2026001379,EXPORT,NSIGT,VC202600087
CONT2026001380,IMPORT,NSICT,VC202600088
CONT2026001381,EXPORT,NSICT,VC202600088
CONT2026001382,EXPORT,NSICT,VC202600088
CONT2026001383,IMPORT,NSICT,VC202600088
CONT2026001384,IMPORT,NSICT,VC202600088
CONT2026001385,EXPORT,NSICT,VC202600088
CONT2026001386,EXPORT,GTI,VC202600089
CONT2026001387,EXPORT,GTI,VC202600089
CONT2026001388,IMPORT,GTI,VC202600089
CONT2026001389,IMPORT,GTI,VC202600089
CONT2026001390,EXPORT,GTI,VC202600089
CONT2026001391,EXPORT,GTI,VC202600089
CONT2026001392,IMPORT,GTI,VC202600089
CONT2026001393,IMPORT,GTI,VC202600089
CONT2026001394,IMPORT,GTI,VC202600089
CONT2026001395,IMPORT,GTI,VC202600089
CONT2026001396,EXPORT,GTI,VC202600089
CONT2026001397,IMPORT,GTI,VC202600089
CONT2026001398,IMPORT,GTI,VC202600089
CONT2026001399,EXPORT,GTI,VC202600089
CONT2026001400,IMPORT,GTI,VC202600089
CONT2026001401,IMPORT,GTI,VC202600089
CONT2026001402,EXPORT,GTI,VC202600089
CONT2026001403,IMPORT,GTI,VC202600089
CONT2026001404,EXPORT,GTI,VC202600089
CONT2026001405,IMPORT,GTI,VC202600089
CONT2026001406,IMPORT,GTI,VC202600089
CONT2026001407,EXPORT,GTI,VC202600089
CONT2026001408,EXPORT,GTI,VC202600089
CONT2026001409,EXPORT,GTI,VC202600089
CONT2026001410,IMPORT,GTI,VC202600089
CONT2026001411,EXPORT,GTI,VC202600089
CONT2026001412,IMPORT,GTI,VC202600089
CONT2026001413,EXPORT,GTI,VC202600089
CONT2026001414,IMPORT,NSIGT,VC202600090
CONT2026001415,IMPORT,NSIGT,VC202600090
CONT2026001416,IMPORT,NSIGT,VC202600090
CONT2026001417,EXPORT,NSIGT,VC202600090
CONT2026001418,IMPORT,NSIGT,VC202600090
CONT2026001419,EXPORT,NSIGT,VC202600090
CONT2026001420,EXPORT,NSIGT,VC202600090
CONT2026001421,EXPORT,NSIGT,VC202600090
CONT2026001422,IMPORT,NSIGT,VC202600090
CONT2026001423,IMPORT,NSIGT,VC202600090
CONT2026001424,EXPORT,NSIGT,VC202600090
CONT2026001425,IMPORT,NSIGT,VC202600090
CONT2026001426,EXPORT,NSIGT,VC202600090
CONT2026001427,EXPORT,NSIGT,VC202600090
CONT2026001428,IMPORT,NSIGT,VC202600090
CONT2026001429,IMPORT,NSIGT,VC202600090
CONT2026001430,EXPORT,NSIGT,VC202600090
CONT2026001431,IMPORT,NSIGT,VC202600090
CONT2026001432,EXPORT,NSIGT,VC202600090
CONT2026001433,IMPORT,NSIGT,VC202600090
CONT2026001434,EXPORT,NSIGT,VC202600091
CONT2026001435,EXPORT,NSIGT,VC202600091
CONT2026001436,IMPORT,NSIGT,VC202600091
CONT2026001437,EXPORT,NSIGT,VC202600091
CONT2026001438,EXPORT,NSIGT,VC202600091
CONT2026001439,IMPORT,NSIGT,VC202600091
CONT2026001440,EXPORT,NSIGT,VC202600091
CONT2026001441,EXPORT,NSIGT,VC202600091
CONT2026001442,EXPORT,NSICT,VC202600092
CONT2026001443,EXPORT,NSICT,VC202600092
CONT2026001444,IMPORT,NSICT,VC202600092
CONT2026001445,EXPORT,NSICT,VC202600092
CONT2026001446,IMPORT,NSICT,VC202600092
CONT2026001447,IMPORT,NSICT,VC202600092
CONT2026001448,IMPORT,NSICT,VC202600092
CONT2026001449,EXPORT,NSICT,VC202600092
CONT2026001450,EXPORT,NSICT,VC202600092
CONT2026001451,EXPORT,NSICT,VC202600092
CONT2026001452,IMPORT,NSICT,VC202600092
CONT2026001453,EXPORT,NSICT,VC202600092
CONT2026001454,IMPORT,NSICT,VC202600092
CONT2026001455,EXPORT,NSICT,VC202600092
CONT2026001456,IMPORT,NSICT,VC202600092
CONT2026001457,IMPORT,NSICT,VC202600092
CONT2026001458,IMPORT,NSICT,VC202600092
CONT2026001459,IMPORT,NSICT,VC202600092
CONT2026001460,EXPORT,NSICT,VC202600092
CONT2026001461,EXPORT,NSICT,VC202600092
CONT2026001462,EXPORT,NSFT,VC202600093
CONT2026001463,IMPORT,NSFT,VC202600093
CONT2026001464,EXPORT,NSFT,VC202600093
CONT2026001465,EXPORT,NSFT,VC202600093
CONT2026001466,EXPORT,NSFT,VC202600093
CONT2026001467,EXPORT,NSFT,VC202600093
CONT2026001468,EXPORT,BMCT,VC202600094
CONT2026001469,IMPORT,BMCT,VC202600094
CONT2026001470,EXPORT,BMCT,VC202600094
CONT2026001471,IMPORT,BMCT,VC202600094
CONT2026001472,IMPORT,BMCT,VC202600094
CONT2026001473,IMPORT,BMCT,VC202600094
CONT2026001474,IMPORT,BMCT,VC202600094
CONT2026001475,IMPORT,BMCT,VC202600094
CONT2026001476,IMPORT,BMCT,VC202600094
CONT2026001477,EXPORT,BMCT,VC202600094
CONT2026001478,IMPORT,BMCT,VC202600094
CONT2026001479,EXPORT,BMCT,VC202600094
CONT2026001480,IMPORT,BMCT,VC202600094
CONT2026001481,EXPORT,BMCT,VC202600094
CONT2026001482,EXPORT,BMCT,VC202600095
CONT2026001483,EXPORT,BMCT,VC202600095
CONT2026001484,EXPORT,BMCT,VC202600095
CONT2026001485,EXPORT,BMCT,VC202600095
CONT2026001486,IMPORT,BMCT,VC202600095
CONT2026001487,EXPORT,BMCT,VC202600095
CONT2026001488,EXPORT,BMCT,VC202600095
CONT2026001489,IMPORT,BMCT,VC202600095
CONT2026001490,IMPORT,BMCT,VC202600095
CONT2026001491,IMPORT,BMCT,VC202600095
CONT2026001492,IMPORT,BMCT,VC202600095
CONT2026001493,IMPORT,NSFT,VC202600096
CONT2026001494,EXPORT,NSFT,VC202600096
CONT2026001495,IMPORT,NSFT,VC202600096
CONT2026001496,EXPORT,NSFT,VC202600096
CONT2026001497,IMPORT,NSFT,VC202600096
CONT2026001498,IMPORT,NSFT,VC202600096
CONT2026001499,IMPORT,NSFT,VC202600096
CONT2026001500,EXPORT,NSFT,VC202600096
CONT2026001501,IMPORT,NSFT,VC202600096
CONT2026001502,IMPORT,NSIGT,VC202600097
CONT2026001503,IMPORT,NSIGT,VC202600097
CONT2026001504,EXPORT,NSIGT,VC202600097
CONT2026001505,IMPORT,NSIGT,VC202600097
CONT2026001506,IMPORT,NSIGT,VC202600097
CONT2026001507,IMPORT,NSIGT,VC202600097
CONT2026001508,EXPORT,NSIGT,VC202600097
CONT2026001509,EXPORT,NSIGT,VC202600097
CONT2026001510,IMPORT,NSIGT,VC202600097
CONT2026001511,IMPORT,NSIGT,VC202600097
CONT2026001512,IMPORT,NSIGT,VC202600097
CONT2026001513,EXPORT,NSIGT,VC202600097
CONT2026001514,EXPORT,NSIGT,VC202600097
CONT2026001515,IMPORT,NSIGT,VC202600097
CONT2026001516,EXPORT,NSIGT,VC202600097
CONT2026001517,IMPORT,NSIGT,VC202600097
CONT2026001518,EXPORT,NSIGT,VC202600097
CONT2026001519,IMPORT,NSIGT,VC202600097
CONT2026001520,EXPORT,NSIGT,VC202600097
CONT2026001521,EXPORT,NSIGT,VC202600097
CONT2026001522,IMPORT,NSIGT,VC202600097
CONT2026001523,EXPORT,NSIGT,VC202600097
CONT2026001524,IMPORT,NSIGT,VC202600097
CONT2026001525,EXPORT,NSIGT,VC202600097
CONT2026001526,IMPORT,NSIGT,VC202600097
CONT2026001527,EXPORT,NSIGT,VC202600097
CONT2026001528,IMPORT,NSIGT,VC202600097
CONT2026001529,IMPORT,NSIGT,VC202600097
CONT2026001530,IMPORT,NSIGT,VC202600097
CONT2026001531,IMPORT,NSIGT,VC202600097
CONT2026001532,EXPORT,NSIGT,VC202600097
CONT2026001533,IMPORT,NSIGT,VC202600097
CONT2026001534,IMPORT,NSIGT,VC202600097
CONT2026001535,IMPORT,NSIGT,VC202600097
CONT2026001536,IMPORT,NSIGT,VC202600097
CONT2026001537,EXPORT,NSIGT,VC202600097
CONT2026001538,EXPORT,NSIGT,VC202600097
CONT2026001539,EXPORT,NSFT,VC202600098
CONT2026001540,IMPORT,NSFT,VC202600098
CONT2026001541,EXPORT,NSFT,VC202600098
CONT2026001542,IMPORT,NSFT,VC202600098
CONT2026001543,EXPORT,NSFT,VC202600098
CONT2026001544,EXPORT,NSFT,VC202600098
CONT2026001545,EXPORT,NSFT,VC202600098
CONT2026001546,EXPORT,NSFT,VC202600098
CONT2026001547,IMPORT,NSFT,VC202600098
CONT2026001548,EXPORT,NSFT,VC202600098
CONT2026001549,EXPORT,NSFT,VC202600098
CONT2026001550,EXPORT,NSFT,VC202600098
CONT2026001551,IMPORT,NSFT,VC202600098
CONT2026001552,EXPORT,NSFT,VC202600098
CONT2026001553,IMPORT,BMCT,VC202600099
CONT2026001554,IMPORT,BMCT,VC202600099
CONT2026001555,EXPORT,BMCT,VC202600099
CONT2026001556,EXPORT,BMCT,VC202600099
CONT2026001557,IMPORT,BMCT,VC202600099
CONT2026001558,EXPORT,BMCT,VC202600099
CONT2026001559,EXPORT,NSFT,VC202600100
CONT2026001560,EXPORT,NSFT,VC202600100
CONT2026001561,EXPORT,NSFT,VC202600100
CONT2026001562,EXPORT,NSFT,VC202600100
CONT2026001563,EXPORT,NSFT,VC202600100
CONT2026001564,EXPORT,NSFT,VC202600100
CONT2026001565,IMPORT,NSFT,VC202600100
CONT2026001566,EXPORT,NSFT,VC202600100
CONT2026001567,EXPORT,NSFT,VC202600100
CONT2026001568,EXPORT,NSFT,VC202600100
CONT2026001569,IMPORT,NSFT,VC202600100
CONT2026001570,EXPORT,NSFT,VC202600100
CONT2026001571,IMPORT,NSFT,VC202600100
CONT2026001572,IMPORT,NSFT,VC202600100
CONT2026001573,IMPORT,NSFT,VC202600100
CONT2026001574,EXPORT,NSFT,VC202600100
CONT2026001575,EXPORT,NSFT,VC202600100
CONT2026001576,EXPORT,NSFT,VC202600100
CONT2026001577,EXPORT,NSFT,VC202600100
CONT2026001578,IMPORT,NSFT,VC202600100
CONT2026001579,IMPORT,NSFT,VC202600100
CONT2026001580,EXPORT,NSFT,VC202600100
CONT2026001581,EXPORT,NSFT,VC202600100
CONT2026001582,IMPORT,NSFT,VC202600100
CONT2026001583,EXPORT,GTI,VC202600101
CONT2026001584,EXPORT,GTI,VC202600101
CONT2026001585,IMPORT,GTI,VC202600101
CONT2026001586,EXPORT,GTI,VC202600101
CONT2026001587,EXPORT,GTI,VC202600101
CONT2026001588,EXPORT,GTI,VC202600101
CONT2026001589,IMPORT,GTI,VC202600101
CONT2026001590,IMPORT,GTI,VC202600101
CONT2026001591,EXPORT,GTI,VC202600101
CONT2026001592,EXPORT,GTI,VC202600101
CONT2026001593,IMPORT,GTI,VC202600101
CONT2026001594,EXPORT,GTI,VC202600101
CONT2026001595,EXPORT,GTI,VC202600101
CONT2026001596,EXPORT,GTI,VC202600101
CONT2026001597,EXPORT,GTI,VC202600101
CONT2026001598,EXPORT,GTI,VC202600101
CONT2026001599,IMPORT,GTI,VC202600101
CONT2026001600,EXPORT,GTI,VC202600101
CONT2026001601,EXPORT,GTI,VC202600101
CONT2026001602,EXPORT,GTI,VC202600101
CONT2026001603,EXPORT,GTI,VC202600101
CONT2026001604,IMPORT,GTI,VC202600101
CONT2026001605,IMPORT,GTI,VC202600101
CONT2026001606,IMPORT,BMCT,VC202600102
CONT2026001607,EXPORT,BMCT,VC202600102
CONT2026001608,IMPORT,BMCT,VC202600102
CONT2026001609,EXPORT,BMCT,VC202600102
CONT2026001610,EXPORT,BMCT,VC202600102
CONT2026001611,IMPORT,BMCT,VC202600102
CONT2026001612,IMPORT,BMCT,VC202600102
CONT2026001613,EXPORT,BMCT,VC202600102
CONT2026001614,EXPORT,BMCT,VC202600102
CONT2026001615,IMPORT,BMCT,VC202600102
CONT2026001616,IMPORT,BMCT,VC202600102
CONT2026001617,IMPORT,BMCT,VC202600102
CONT2026001618,IMPORT,BMCT,VC202600102
CONT2026001619,EXPORT,BMCT,VC202600102
CONT2026001620,EXPORT,NSIGT,VC202600103
CONT2026001621,EXPORT,NSIGT,VC202600103
CONT2026001622,IMPORT,NSIGT,VC202600103
CONT2026001623,EXPORT,NSIGT,VC202600103
CONT2026001624,IMPORT,NSIGT,VC202600103
CONT2026001625,EXPORT,NSIGT,VC202600103
CONT2026001626,IMPORT,NSFT,VC202600104
CONT2026001627,IMPORT,NSFT,VC202600104
CONT2026001628,IMPORT,NSFT,VC202600104
CONT2026001629,EXPORT,NSFT,VC202600104
CONT2026001630,EXPORT,NSFT,VC202600104
CONT2026001631,IMPORT,NSFT,VC202600104
CONT2026001632,IMPORT,NSFT,VC202600104
CONT2026001633,EXPORT,NSFT,VC202600104
CONT2026001634,IMPORT,NSFT,VC202600104
CONT2026001635,EXPORT,NSFT,VC202600104
CONT2026001636,EXPORT,NSFT,VC202600104
CONT2026001637,EXPORT,NSFT,VC202600104
CONT2026001638,EXPORT,NSFT,VC202600104
CONT2026001639,IMPORT,NSFT,VC202600104
CONT2026001640,IMPORT,NSFT,VC202600104
CONT2026001641,IMPORT,NSFT,VC202600104
CONT2026001642,IMPORT,NSFT,VC202600104
CONT2026001643,IMPORT,NSFT,VC202600104
CONT2026001644,IMPORT,NSFT,VC202600104
CONT2026001645,EXPORT,NSFT,VC202600104
CONT2026001646,IMPORT,NSFT,VC202600104
CONT2026001647,IMPORT,NSFT,VC202600104
CONT2026001648,EXPORT,NSFT,VC202600104
CONT2026001649,EXPORT,NSFT,VC202600104
CONT2026001650,EXPORT,NSFT,VC202600104
CONT2026001651,EXPORT,NSIGT,VC202600105
CONT2026001652,IMPORT,NSIGT,VC202600105
CONT2026001653,EXPORT,NSIGT,VC202600105
CONT2026001654,EXPORT,NSIGT,VC202600105
CONT2026001655,EXPORT,NSIGT,VC202600105
CONT2026001656,EXPORT,NSIGT,VC202600105
CONT2026001657,IMPORT,NSIGT,VC202600105
CONT2026001658,IMPORT,NSIGT,VC202600105
CONT2026001659,IMPORT,NSIGT,VC202600105
CONT2026001660,IMPORT,NSIGT,VC202600105
CONT2026001661,EXPORT,NSIGT,VC202600105
CONT2026001662,IMPORT,NSIGT,VC202600105
CONT2026001663,IMPORT,GTI,VC202600106
CONT2026001664,EXPORT,GTI,VC202600106
CONT2026001665,EXPORT,GTI,VC202600106
CONT2026001666,EXPORT,GTI,VC202600106
CONT2026001667,EXPORT,GTI,VC202600106
CONT2026001668,IMPORT,GTI,VC202600106
CONT2026001669,IMPORT,NSIGT,VC202600107
CONT2026001670,IMPORT,NSIGT,VC202600107
CONT2026001671,IMPORT,NSIGT,VC202600107
CONT2026001672,EXPORT,NSIGT,VC202600107
CONT2026001673,IMPORT,NSIGT,VC202600107
CONT2026001674,IMPORT,NSIGT,VC202600107
CONT2026001675,IMPORT,NSIGT,VC202600107
CONT2026001676,EXPORT,NSIGT,VC202600107
CONT2026001677,IMPORT,NSIGT,VC202600107
CONT2026001678,EXPORT,NSIGT,VC202600107
CONT2026001679,IMPORT,NSIGT,VC202600108
CONT2026001680,EXPORT,NSIGT,VC202600108
CONT2026001681,IMPORT,NSIGT,VC202600108
CONT2026001682,IMPORT,NSIGT,VC202600108
CONT2026001683,IMPORT,NSIGT,VC202600108
CONT2026001684,EXPORT,NSIGT,VC202600108
CONT2026001685,IMPORT,NSIGT,VC202600108
CONT2026001686,EXPORT,NSIGT,VC202600108
CONT2026001687,IMPORT,NSIGT,VC202600108
CONT2026001688,IMPORT,NSIGT,VC202600108
CONT2026001689,IMPORT,NSIGT,VC202600108
CONT2026001690,IMPORT,GTI,VC202600109
CONT2026001691,EXPORT,GTI,VC202600109
CONT2026001692,EXPORT,GTI,VC202600109
CONT2026001693,IMPORT,GTI,VC202600109
CONT2026001694,EXPORT,GTI,VC202600109
CONT2026001695,EXPORT,GTI,VC202600109
CONT2026001696,IMPORT,GTI,VC202600109
CONT2026001697,EXPORT,GTI,VC202600109
CONT2026001698,IMPORT,GTI,VC202600109
CONT2026001699,EXPORT,GTI,VC202600109
CONT2026001700,EXPORT,GTI,VC202600109
CONT2026001701,IMPORT,GTI,VC202600109
CONT2026001702,IMPORT,NSFT,VC202600110
CONT2026001703,EXPORT,NSFT,VC202600110
CONT2026001704,EXPORT,NSFT,VC202600110
CONT2026001705,EXPORT,NSFT,VC202600110
CONT2026001706,EXPORT,NSFT,VC202600110
CONT2026001707,IMPORT,NSFT,VC202600110
CONT2026001708,EXPORT,NSFT,VC202600110
CONT2026001709,IMPORT,NSFT,VC202600110
CONT2026001710,IMPORT,NSFT,VC202600110
CONT2026001711,EXPORT,NSFT,VC202600111
CONT2026001712,IMPORT,NSFT,VC202600111
CONT2026001713,EXPORT,NSFT,VC202600111
CONT2026001714,IMPORT,NSFT,VC202600111
CONT2026001715,EXPORT,NSFT,VC202600111
CONT2026001716,EXPORT,NSFT,VC202600111
CONT2026001717,EXPORT,NSFT,VC202600111
CONT2026001718,IMPORT,NSFT,VC202600111
CONT2026001719,IMPORT,NSFT,VC202600111
CONT2026001720,IMPORT,NSFT,VC202600111
CONT2026001721,EXPORT,NSFT,VC202600111
CONT2026001722,IMPORT,NSFT,VC202600111
CONT2026001723,EXPORT,NSFT,VC202600111
CONT2026001724,IMPORT,NSFT,VC202600111
CONT2026001725,IMPORT,NSFT,VC202600111
CONT2026001726,IMPORT,NSFT,VC202600111
CONT2026001727,IMPORT,NSFT,VC202600111
CONT2026001728,EXPORT,NSICT,VC202600112
CONT2026001729,EXPORT,NSICT,VC202600112
CONT2026001730,IMPORT,NSICT,VC202600112
CONT2026001731,IMPORT,NSICT,VC202600112
CONT2026001732,EXPORT,NSICT,VC202600112
CONT2026001733,IMPORT,NSICT,VC202600112
CONT2026001734,IMPORT,NSICT,VC202600112
CONT2026001735,IMPORT,NSICT,VC202600112
CONT2026001736,EXPORT,NSICT,VC202600112
CONT2026001737,EXPORT,NSICT,VC202600112
CONT2026001738,EXPORT,NSICT,VC202600112
CONT2026001739,EXPORT,NSICT,VC202600112
CONT2026001740,EXPORT,NSICT,VC202600112
CONT2026001741,IMPORT,NSICT,VC202600112
CONT2026001742,EXPORT,NSICT,VC202600112
CONT2026001743,IMPORT,NSICT,VC202600112
CONT2026001744,IMPORT,NSICT,VC202600112
CONT2026001745,IMPORT,NSICT,VC202600112
CONT2026001746,EXPORT,NSICT,VC202600112
CONT2026001747,EXPORT,NSICT,VC202600112
CONT2026001748,IMPORT,NSICT,VC202600112
CONT2026001749,IMPORT,NSICT,VC202600112
CONT2026001750,IMPORT,NSICT,VC202600112
CONT2026001751,IMPORT,NSICT,VC202600112
CONT2026001752,IMPORT,NSICT,VC202600112
CONT2026001753,IMPORT,NSICT,VC202600112
CONT2026001754,EXPORT,NSICT,VC202600112
CONT2026001755,IMPORT,NSICT,VC202600112
CONT2026001756,IMPORT,NSICT,VC202600112
CONT2026001757,EXPORT,NSICT,VC202600112
CONT2026001758,EXPORT,BMCT,VC202600113
CONT2026001759,IMPORT,BMCT,VC202600113
CONT2026001760,IMPORT,BMCT,VC202600113
CONT2026001761,EXPORT,BMCT,VC202600113
CONT2026001762,EXPORT,BMCT,VC202600113
CONT2026001763,IMPORT,BMCT,VC202600113
CONT2026001764,IMPORT,BMCT,VC202600113
CONT2026001765,IMPORT,BMCT,VC202600113
CONT2026001766,IMPORT,BMCT,VC202600113
CONT2026001767,IMPORT,BMCT,VC202600113
CONT2026001768,IMPORT,BMCT,VC202600113
CONT2026001769,IMPORT,BMCT,VC202600114
CONT2026001770,EXPORT,BMCT,VC202600114
CONT2026001771,IMPORT,BMCT,VC202600114
CONT2026001772,IMPORT,BMCT,VC202600114
CONT2026001773,EXPORT,BMCT,VC202600114
CONT2026001774,EXPORT,BMCT,VC202600114
CONT2026001775,IMPORT,BMCT,VC202600114
CONT2026001776,EXPORT,BMCT,VC202600114
CONT2026001777,IMPORT,BMCT,VC202600114
CONT2026001778,EXPORT,BMCT,VC202600114
CONT2026001779,EXPORT,BMCT,VC202600115
CONT2026001780,IMPORT,BMCT,VC202600115
CONT2026001781,IMPORT,BMCT,VC202600115
CONT2026001782,EXPORT,BMCT,VC202600115
CONT2026001783,EXPORT,BMCT,VC202600115
CONT2026001784,IMPORT,BMCT,VC202600115
CONT2026001785,EXPORT,BMCT,VC202600115
CONT2026001786,IMPORT,BMCT,VC202600115
CONT2026001787,IMPORT,BMCT,VC202600115
CONT2026001788,EXPORT,BMCT,VC202600115
CONT2026001789,EXPORT,BMCT,VC202600115
CONT2026001790,IMPORT,BMCT,VC202600115
CONT2026001791,EXPORT,BMCT,VC202600115
CONT2026001792,IMPORT,BMCT,VC202600115
CONT2026001793,IMPORT,BMCT,VC202600115
CONT2026001794,EXPORT,BMCT,VC202600115
CONT2026001795,IMPORT,BMCT,VC202600115
CONT2026001796,IMPORT,BMCT,VC202600115
CONT2026001797,EXPORT,BMCT,VC202600115
CONT2026001798,IMPORT,BMCT,VC202600116
CONT2026001799,EXPORT,BMCT,VC202600116
CONT2026001800,IMPORT,BMCT,VC202600116
CONT2026001801,EXPORT,BMCT,VC202600116
CONT2026001802,EXPORT,BMCT,VC202600116
CONT2026001803,IMPORT,BMCT,VC202600116
CONT2026001804,IMPORT,BMCT,VC202600116
CONT2026001805,IMPORT,BMCT,VC202600116
CONT2026001806,EXPORT,NSIGT,VC202600117
CONT2026001807,IMPORT,NSIGT,VC202600117
CONT2026001808,IMPORT,NSIGT,VC202600117
CONT2026001809,IMPORT,NSIGT,VC202600117
CONT2026001810,IMPORT,NSIGT,VC202600117
CONT2026001811,EXPORT,NSIGT,VC202600117
CONT2026001812,IMPORT,NSIGT,VC202600117
CONT2026001813,EXPORT,NSIGT,VC202600117
CONT2026001814,EXPORT,NSIGT,VC202600117
CONT2026001815,EXPORT,NSIGT,VC202600117
CONT2026001816,EXPORT,NSIGT,VC202600117
CONT2026001817,EXPORT,NSIGT,VC202600117
CONT2026001818,EXPORT,NSICT,VC202600118
CONT2026001819,IMPORT,NSICT,VC202600118
CONT2026001820,EXPORT,NSICT,VC202600118
CONT2026001821,IMPORT,NSICT,VC202600118
CONT2026001822,IMPORT,NSICT,VC202600118
CONT2026001823,IMPORT,NSICT,VC202600118
CONT2026001824,IMPORT,NSICT,VC202600118
CONT2026001825,IMPORT,NSICT,VC202600118
CONT2026001826,EXPORT,NSICT,VC202600118
CONT2026001827,EXPORT,NSICT,VC202600118
CONT2026001828,IMPORT,NSICT,VC202600118
CONT2026001829,IMPORT,NSICT,VC202600118
CONT2026001830,IMPORT,NSICT,VC202600118
CONT2026001831,IMPORT,NSICT,VC202600118
CONT2026001832,EXPORT,NSICT,VC202600118
CONT2026001833,EXPORT,NSICT,VC202600118
CONT2026001834,IMPORT,NSICT,VC202600118
CONT2026001835,EXPORT,NSICT,VC202600118
CONT2026001836,IMPORT,NSICT,VC202600118
CONT2026001837,EXPORT,NSICT,VC202600118
CONT2026001838,EXPORT,NSICT,VC202600118
CONT2026001839,EXPORT,NSICT,VC202600118
CONT2026001840,IMPORT,NSICT,VC202600118
CONT2026001841,IMPORT,BMCT,VC202600119
CONT2026001842,IMPORT,BMCT,VC202600119
CONT2026001843,IMPORT,BMCT,VC202600119
CONT2026001844,IMPORT,BMCT,VC202600119
CONT2026001845,IMPORT,BMCT,VC202600119
CONT2026001846,IMPORT,BMCT,VC202600119
CONT2026001847,IMPORT,BMCT,VC202600119
CONT2026001848,EXPORT,BMCT,VC202600119
CONT2026001849,IMPORT,BMCT,VC202600119
CONT2026001850,EXPORT,BMCT,VC202600119
CONT2026001851,EXPORT,BMCT,VC202600119
CONT2026001852,IMPORT,BMCT,VC202600119
CONT2026001853,EXPORT,BMCT,VC202600119
CONT2026001854,IMPORT,BMCT,VC202600119
CONT2026001855,IMPORT,BMCT,VC202600119
CONT2026001856,IMPORT,BMCT,VC202600119
CONT2026001857,EXPORT,BMCT,VC202600120
CONT2026001858,IMPORT,BMCT,VC202600120
CONT2026001859,EXPORT,BMCT,VC202600120
CONT2026001860,EXPORT,BMCT,VC202600120
CONT2026001861,EXPORT,BMCT,VC202600120
CONT2026001862,EXPORT,BMCT,VC202600120
CONT2026001863,IMPORT,BMCT,VC202600120
CONT2026001864,IMPORT,BMCT,VC202600120
CONT2026001865,IMPORT,BMCT,VC202600120
CONT2026001866,IMPORT,BMCT,VC202600120
CONT2026001867,IMPORT,BMCT,VC202600120
CONT2026001868,IMPORT,BMCT,VC202600120
CONT2026001869,IMPORT,BMCT,VC202600120
CONT2026001870,EXPORT,BMCT,VC202600120
CONT2026001871,EXPORT,BMCT,VC202600120
CONT2026001872,EXPORT,BMCT,VC202600120
CONT2026001873,IMPORT,BMCT,VC202600120
CONT2026001874,EXPORT,BMCT,VC202600120
CONT2026001875,IMPORT,BMCT,VC202600120
CONT2026001876,EXPORT,BMCT,VC202600120
CONT2026001877,EXPORT,BMCT,VC202600120
CONT2026001878,IMPORT,BMCT,VC202600120
CONT2026001879,IMPORT,BMCT,VC202600120
CONT2026001880,EXPORT,BMCT,VC202600120
CONT2026001881,IMPORT,NSIGT,VC202600121
CONT2026001882,IMPORT,NSIGT,VC202600121
CONT2026001883,EXPORT,NSIGT,VC202600121
CONT2026001884,IMPORT,NSIGT,VC202600121
CONT2026001885,EXPORT,NSIGT,VC202600121
CONT2026001886,EXPORT,NSIGT,VC202600121
CONT2026001887,EXPORT,NSIGT,VC202600121
CONT2026001888,EXPORT,NSIGT,VC202600121
CONT2026001889,EXPORT,NSIGT,VC202600121
CONT2026001890,EXPORT,NSIGT,VC202600121
CONT2026001891,IMPORT,NSIGT,VC202600121
CONT2026001892,IMPORT,NSIGT,VC202600121
CONT2026001893,IMPORT,NSIGT,VC202600121
CONT2026001894,IMPORT,NSIGT,VC202600121
CONT2026001895,IMPORT,NSIGT,VC202600121
CONT2026001896,EXPORT,NSIGT,VC202600121
CONT2026001897,EXPORT,NSIGT,VC202600121
CONT2026001898,EXPORT,NSIGT,VC202600121
CONT2026001899,IMPORT,GTI,VC202600122
CONT2026001900,EXPORT,GTI,VC202600122
CONT2026001901,IMPORT,GTI,VC202600122
CONT2026001902,IMPORT,GTI,VC202600122
CONT2026001903,IMPORT,GTI,VC202600122
CONT2026001904,EXPORT,GTI,VC202600122
CONT2026001905,IMPORT,GTI,VC202600122
CONT2026001906,IMPORT,GTI,VC202600122
CONT2026001907,IMPORT,GTI,VC202600122
CONT2026001908,EXPORT,GTI,VC202600122
CONT2026001909,IMPORT,GTI,VC202600122
CONT2026001910,IMPORT,NSIGT,VC202600123
CONT2026001911,IMPORT,NSIGT,VC202600123
CONT2026001912,EXPORT,NSIGT,VC202600123
CONT2026001913,IMPORT,NSIGT,VC202600123
CONT2026001914,IMPORT,NSIGT,VC202600123
CONT2026001915,IMPORT,NSIGT,VC202600123
CONT2026001916,EXPORT,NSIGT,VC202600123
CONT2026001917,EXPORT,NSIGT,VC202600123
CONT2026001918,EXPORT,NSIGT,VC202600123
CONT2026001919,EXPORT,NSIGT,VC202600123
CONT2026001920,IMPORT,NSIGT,VC202600123
CONT2026001921,IMPORT,NSIGT,VC202600123
CONT2026001922,EXPORT,NSIGT,VC202600123
CONT2026001923,EXPORT,NSIGT,VC202600123
CONT2026001924,EXPORT,NSFT,VC202600124
CONT2026001925,IMPORT,NSFT,VC202600124
CONT2026001926,IMPORT,NSFT,VC202600124
CONT2026001927,EXPORT,NSFT,VC202600124
CONT2026001928,IMPORT,NSFT,VC202600124
CONT2026001929,IMPORT,NSFT,VC202600124
CONT2026001930,EXPORT,NSFT,VC202600124
CONT2026001931,EXPORT,NSFT,VC202600124
CONT2026001932,IMPORT,BMCT,VC202600125
CONT2026001933,EXPORT,BMCT,VC202600125
CONT2026001934,EXPORT,BMCT,VC202600125
CONT2026001935,IMPORT,BMCT,VC202600125
CONT2026001936,IMPORT,BMCT,VC202600125
CONT2026001937,IMPORT,BMCT,VC202600125
CONT2026001938,IMPORT,BMCT,VC202600125
CONT2026001939,EXPORT,BMCT,VC202600125
CONT2026001940,EXPORT,BMCT,VC202600125
CONT2026001941,IMPORT,BMCT,VC202600125
CONT2026001942,IMPORT,BMCT,VC202600125
CONT2026001943,IMPORT,BMCT,VC202600125
CONT2026001944,EXPORT,BMCT,VC202600125
CONT2026001945,EXPORT,BMCT,VC202600125
CONT2026001946,IMPORT,BMCT,VC202600125
CONT2026001947,EXPORT,BMCT,VC202600125
CONT2026001948,IMPORT,BMCT,VC202600125
CONT2026001949,EXPORT,NSFT,VC202600126
CONT2026001950,EXPORT,NSFT,VC202600126
CONT2026001951,IMPORT,NSFT,VC202600126
CONT2026001952,EXPORT,NSFT,VC202600126
CONT2026001953,EXPORT,NSFT,VC202600126
CONT2026001954,EXPORT,NSFT,VC202600126
CONT2026001955,EXPORT,NSFT,VC202600126
CONT2026001956,IMPORT,NSFT,VC202600126
CONT2026001957,IMPORT,NSFT,VC202600126
CONT2026001958,EXPORT,NSFT,VC202600126
CONT2026001959,IMPORT,NSFT,VC202600126
CONT2026001960,EXPORT,NSFT,VC202600126
CONT2026001961,EXPORT,NSFT,VC202600126
CONT2026001962,EXPORT,NSFT,VC202600126
CONT2026001963,EXPORT,NSFT,VC202600126
CONT2026001964,IMPORT,NSFT,VC202600127
CONT2026001965,EXPORT,NSFT,VC202600127
CONT2026001966,EXPORT,NSFT,VC202600127
CONT2026001967,IMPORT,NSFT,VC202600127
CONT2026001968,EXPORT,NSFT,VC202600127
CONT2026001969,IMPORT,NSFT,VC202600127
CONT2026001970,IMPORT,NSFT,VC202600127
CONT2026001971,EXPORT,NSFT,VC202600127
CONT2026001972,EXPORT,NSFT,VC202600127
CONT2026001973,EXPORT,NSFT,VC202600127
CONT2026001974,IMPORT,NSFT,VC202600127
CONT2026001975,IMPORT,NSFT,VC202600127
CONT2026001976,EXPORT,BMCT,VC202600128
CONT2026001977,IMPORT,BMCT,VC202600128
CONT2026001978,IMPORT,BMCT,VC202600128
CONT2026001979,EXPORT,BMCT,VC202600128
CONT2026001980,IMPORT,BMCT,VC202600128
CONT2026001981,EXPORT,BMCT,VC202600128
CONT2026001982,IMPORT,BMCT,VC202600128
CONT2026001983,EXPORT,BMCT,VC202600128
CONT2026001984,IMPORT,BMCT,VC202600128
CONT2026001985,IMPORT,BMCT,VC202600128
CONT2026001986,IMPORT,BMCT,VC202600128
CONT2026001987,IMPORT,BMCT,VC202600128
CONT2026001988,IMPORT,BMCT,VC202600128
CONT2026001989,EXPORT,BMCT,VC202600128
CONT2026001990,EXPORT,BMCT,VC202600128
CONT2026001991,IMPORT,NSICT,VC202600129
CONT2026001992,IMPORT,NSICT,VC202600129
CONT2026001993,IMPORT,NSICT,VC202600129
CONT2026001994,IMPORT,NSICT,VC202600129
CONT2026001995,EXPORT,NSICT,VC202600129
CONT2026001996,IMPORT,NSICT,VC202600129
CONT2026001997,EXPORT,NSICT,VC202600129
CONT2026001998,EXPORT,NSICT,VC202600129
CONT2026001999,EXPORT,NSICT,VC202600129
CONT2026002000,IMPORT,NSICT,VC202600129
CONT2026002001,EXPORT,NSICT,VC202600129
CONT2026002002,IMPORT,NSICT,VC202600129
CONT2026002003,IMPORT,NSICT,VC202600129
CONT2026002004,EXPORT,NSICT,VC202600129
CONT2026002005,EXPORT,NSICT,VC202600129
CONT2026002006,IMPORT,NSICT,VC202600129
CONT2026002007,EXPORT,NSICT,VC202600129
CONT2026002008,IMPORT,NSICT,VC202600129
CONT2026002009,IMPORT,NSICT,VC202600129
CONT2026002010,EXPORT,NSICT,VC202600129
CONT2026002011,IMPORT,NSICT,VC202600129
CONT2026002012,IMPORT,NSICT,VC202600129
CONT2026002013,IMPORT,NSICT,VC202600129
CONT2026002014,EXPORT,NSICT,VC202600129
CONT2026002015,EXPORT,NSICT,VC202600129
CONT2026002016,IMPORT,NSICT,VC202600129
CONT2026002017,EXPORT,NSICT,VC202600129
CONT2026002018,EXPORT,NSICT,VC202600129
CONT2026002019,EXPORT,NSICT,VC202600129
CONT2026002020,IMPORT,NSICT,VC202600130
CONT2026002021,IMPORT,NSICT,VC202600130
CONT2026002022,IMPORT,NSICT,VC202600130
CONT2026002023,EXPORT,NSICT,VC202600130
CONT2026002024,EXPORT,NSICT,VC202600130
CONT2026002025,IMPORT,NSICT,VC202600130
CONT2026002026,EXPORT,NSICT,VC202600130
CONT2026002027,EXPORT,NSICT,VC202600130
CONT2026002028,IMPORT,NSICT,VC202600130
CONT2026002029,IMPORT,NSFT,VC202600131
CONT2026002030,EXPORT,NSFT,VC202600131
CONT2026002031,EXPORT,NSFT,VC202600131
CONT2026002032,EXPORT,NSFT,VC202600131
CONT2026002033,EXPORT,NSFT,VC202600131
CONT2026002034,IMPORT,NSFT,VC202600131
CONT2026002035,EXPORT,NSFT,VC202600131
CONT2026002036,IMPORT,NSFT,VC202600131
CONT2026002037,IMPORT,NSFT,VC202600131
CONT2026002038,IMPORT,GTI,VC202600132
CONT2026002039,EXPORT,GTI,VC202600132
CONT2026002040,IMPORT,GTI,VC202600132
CONT2026002041,IMPORT,GTI,VC202600132
CONT2026002042,IMPORT,GTI,VC202600132
CONT2026002043,EXPORT,GTI,VC202600132
CONT2026002044,EXPORT,GTI,VC202600132
CONT2026002045,IMPORT,GTI,VC202600132
CONT2026002046,EXPORT,GTI,VC202600132
CONT2026002047,IMPORT,GTI,VC202600132
CONT2026002048,IMPORT,GTI,VC202600132
CONT2026002049,IMPORT,GTI,VC202600132
CONT2026002050,EXPORT,NSIGT,VC202600133
CONT2026002051,IMPORT,NSIGT,VC202600133
CONT2026002052,IMPORT,NSIGT,VC202600133
CONT2026002053,IMPORT,NSIGT,VC202600133
CONT2026002054,EXPORT,NSIGT,VC202600133
CONT2026002055,EXPORT,NSIGT,VC202600133
CONT2026002056,EXPORT,NSIGT,VC202600133
CONT2026002057,IMPORT,NSIGT,VC202600133
CONT2026002058,IMPORT,NSIGT,VC202600133
CONT2026002059,IMPORT,NSIGT,VC202600133
CONT2026002060,EXPORT,NSIGT,VC202600133
CONT2026002061,EXPORT,NSIGT,VC202600133
CONT2026002062,IMPORT,NSIGT,VC202600133
CONT2026002063,EXPORT,NSIGT,VC202600133
CONT2026002064,EXPORT,NSIGT,VC202600134
CONT2026002065,EXPORT,NSIGT,VC202600134
CONT2026002066,IMPORT,NSIGT,VC202600134
CONT2026002067,IMPORT,NSIGT,VC202600134
CONT2026002068,EXPORT,NSIGT,VC202600134
CONT2026002069,EXPORT,NSIGT,VC202600134
CONT2026002070,EXPORT,NSIGT,VC202600134
CONT2026002071,EXPORT,NSIGT,VC202600134
CONT2026002072,IMPORT,NSIGT,VC202600134
CONT2026002073,EXPORT,NSIGT,VC202600134
CONT2026002074,EXPORT,NSIGT,VC202600134
CONT2026002075,IMPORT,BMCT,VC202600135
CONT2026002076,EXPORT,BMCT,VC202600135
CONT2026002077,IMPORT,BMCT,VC202600135
CONT2026002078,IMPORT,BMCT,VC202600135
CONT2026002079,EXPORT,BMCT,VC202600135
CONT2026002080,EXPORT,BMCT,VC202600135
CONT2026002081,IMPORT,GTI,VC202600136
CONT2026002082,EXPORT,GTI,VC202600136
CONT2026002083,IMPORT,GTI,VC202600136
CONT2026002084,EXPORT,GTI,VC202600136
CONT2026002085,EXPORT,GTI,VC202600136
CONT2026002086,IMPORT,GTI,VC202600136
CONT2026002087,EXPORT,BMCT,VC202600137
CONT2026002088,IMPORT,BMCT,VC202600137
CONT2026002089,IMPORT,BMCT,VC202600137
CONT2026002090,EXPORT,BMCT,VC202600137
CONT2026002091,IMPORT,BMCT,VC202600137
CONT2026002092,IMPORT,BMCT,VC202600137
CONT2026002093,IMPORT,BMCT,VC202600137
CONT2026002094,IMPORT,BMCT,VC202600137
CONT2026002095,EXPORT,BMCT,VC202600137
CONT2026002096,IMPORT,BMCT,VC202600137
CONT2026002097,EXPORT,BMCT,VC202600137
CONT2026002098,EXPORT,BMCT,VC202600137
CONT2026002099,IMPORT,BMCT,VC202600137
CONT2026002100,IMPORT,BMCT,VC202600137
CONT2026002101,EXPORT,BMCT,VC202600137
CONT2026002102,IMPORT,BMCT,VC202600137
CONT2026002103,IMPORT,BMCT,VC202600137
CONT2026002104,EXPORT,BMCT,VC202600137
CONT2026002105,EXPORT,BMCT,VC202600137
CONT2026002106,EXPORT,BMCT,VC202600137
CONT2026002107,IMPORT,BMCT,VC202600137
CONT2026002108,EXPORT,BMCT,VC202600137
CONT2026002109,EXPORT,BMCT,VC202600137
CONT2026002110,EXPORT,NSICT,VC202600138
CONT2026002111,EXPORT,NSICT,VC202600138
CONT2026002112,EXPORT,NSICT,VC202600138
CONT2026002113,IMPORT,NSICT,VC202600138
CONT2026002114,EXPORT,NSICT,VC202600138
CONT2026002115,IMPORT,NSICT,VC202600138
CONT2026002116,IMPORT,NSICT,VC202600138
CONT2026002117,IMPORT,NSICT,VC202600138
CONT2026002118,EXPORT,NSICT,VC202600139
CONT2026002119,EXPORT,NSICT,VC202600139
CONT2026002120,EXPORT,NSICT,VC202600139
CONT2026002121,EXPORT,NSICT,VC202600139
CONT2026002122,IMPORT,NSICT,VC202600139
CONT2026002123,IMPORT,NSICT,VC202600139
CONT2026002124,EXPORT,NSICT,VC202600139
CONT2026002125,IMPORT,NSICT,VC202600139
CONT2026002126,EXPORT,NSICT,VC202600139
CONT2026002127,IMPORT,NSICT,VC202600139
CONT2026002128,EXPORT,NSICT,VC202600139
CONT2026002129,EXPORT,NSICT,VC202600139
CONT2026002130,EXPORT,NSICT,VC202600139
CONT2026002131,EXPORT,GTI,VC202600140
CONT2026002132,EXPORT,GTI,VC202600140
CONT2026002133,EXPORT,GTI,VC202600140
CONT2026002134,EXPORT,GTI,VC202600140
CONT2026002135,IMPORT,GTI,VC202600140
CONT2026002136,EXPORT,GTI,VC202600140
CONT2026002137,EXPORT,GTI,VC202600140
CONT2026002138,IMPORT,GTI,VC202600140
CONT2026002139,EXPORT,GTI,VC202600140
CONT2026002140,IMPORT,GTI,VC202600141
CONT2026002141,EXPORT,GTI,VC202600141
CONT2026002142,EXPORT,GTI,VC202600141
CONT2026002143,EXPORT,GTI,VC202600141
CONT2026002144,IMPORT,GTI,VC202600141
CONT2026002145,IMPORT,GTI,VC202600141
CONT2026002146,EXPORT,GTI,VC202600141
CONT2026002147,IMPORT,GTI,VC202600141
CONT2026002148,EXPORT,GTI,VC202600141
CONT2026002149,EXPORT,GTI,VC202600141
CONT2026002150,EXPORT,GTI,VC202600141
CONT2026002151,EXPORT,GTI,VC202600141
CONT2026002152,IMPORT,GTI,VC202600141
CONT2026002153,EXPORT,GTI,VC202600142
CONT2026002154,IMPORT,GTI,VC202600142
CONT2026002155,EXPORT,GTI,VC202600142
CONT2026002156,EXPORT,GTI,VC202600142
CONT2026002157,EXPORT,GTI,VC202600142
CONT2026002158,IMPORT,GTI,VC202600142
CONT2026002159,IMPORT,GTI,VC202600142
CONT2026002160,IMPORT,GTI,VC202600142
CONT2026002161,EXPORT,GTI,VC202600142
CONT2026002162,EXPORT,GTI,VC202600142
CONT2026002163,EXPORT,GTI,VC202600142
CONT2026002164,EXPORT,GTI,VC202600142
CONT2026002165,EXPORT,GTI,VC202600142
CONT2026002166,EXPORT,NSICT,VC202600143
CONT2026002167,IMPORT,NSICT,VC202600143
CONT2026002168,IMPORT,NSICT,VC202600143
CONT2026002169,IMPORT,NSICT,VC202600143
CONT2026002170,IMPORT,NSICT,VC202600143
CONT2026002171,IMPORT,NSICT,VC202600143
CONT2026002172,EXPORT,NSICT,VC202600143
CONT2026002173,IMPORT,NSICT,VC202600143
CONT2026002174,EXPORT,GTI,VC202600144
CONT2026002175,EXPORT,GTI,VC202600144
CONT2026002176,IMPORT,GTI,VC202600144
CONT2026002177,EXPORT,GTI,VC202600144
CONT2026002178,IMPORT,GTI,VC202600144
CONT2026002179,EXPORT,GTI,VC202600144
CONT2026002180,IMPORT,GTI,VC202600144
CONT2026002181,IMPORT,GTI,VC202600144
CONT2026002182,EXPORT,GTI,VC202600144
CONT2026002183,EXPORT,NSFT,VC202600145
CONT2026002184,EXPORT,NSFT,VC202600145
CONT2026002185,EXPORT,NSFT,VC202600145
CONT2026002186,IMPORT,NSFT,VC202600145
CONT2026002187,IMPORT,NSFT,VC202600145
CONT2026002188,EXPORT,NSFT,VC202600145
CONT2026002189,IMPORT,NSFT,VC202600145
CONT2026002190,IMPORT,NSFT,VC202600145
CONT2026002191,IMPORT,NSFT,VC202600145
CONT2026002192,IMPORT,NSFT,VC202600145
CONT2026002193,IMPORT,NSFT,VC202600145
CONT2026002194,IMPORT,NSFT,VC202600145
CONT2026002195,IMPORT,NSFT,VC202600145
CONT2026002196,EXPORT,NSFT,VC202600145
CONT2026002197,EXPORT,BMCT,VC202600146
CONT2026002198,EXPORT,BMCT,VC202600146
CONT2026002199,IMPORT,BMCT,VC202600146
CONT2026002200,EXPORT,BMCT,VC202600146
CONT2026002201,IMPORT,BMCT,VC202600146
CONT2026002202,EXPORT,BMCT,VC202600146
CONT2026002203,EXPORT,BMCT,VC202600146
CONT2026002204,IMPORT,BMCT,VC202600146
CONT2026002205,IMPORT,BMCT,VC202600146
CONT2026002206,EXPORT,BMCT,VC202600146
CONT2026002207,IMPORT,BMCT,VC202600146
CONT2026002208,EXPORT,BMCT,VC202600146
CONT2026002209,EXPORT,BMCT,VC202600146
CONT2026002210,EXPORT,BMCT,VC202600146
CONT2026002211,IMPORT,BMCT,VC202600146
CONT2026002212,EXPORT,BMCT,VC202600146
CONT2026002213,IMPORT,BMCT,VC202600146
CONT2026002214,EXPORT,BMCT,VC202600146
CONT2026002215,EXPORT,GTI,VC202600147
CONT2026002216,IMPORT,GTI,VC202600147
CONT2026002217,EXPORT,GTI,VC202600147
CONT2026002218,IMPORT,GTI,VC202600147
CONT2026002219,EXPORT,GTI,VC202600147
CONT2026002220,IMPORT,GTI,VC202600147
CONT2026002221,IMPORT,GTI,VC202600147
CONT2026002222,IMPORT,GTI,VC202600147
CONT2026002223,EXPORT,GTI,VC202600147
CONT2026002224,EXPORT,GTI,VC202600147
CONT2026002225,IMPORT,GTI,VC202600147
CONT2026002226,EXPORT,NSICT,VC202600148
CONT2026002227,IMPORT,NSICT,VC202600148
CONT2026002228,IMPORT,NSICT,VC202600148
CONT2026002229,EXPORT,NSICT,VC202600148
CONT2026002230,EXPORT,NSICT,VC202600148
CONT2026002231,IMPORT,NSICT,VC202600148
CONT2026002232,IMPORT,NSICT,VC202600148
CONT2026002233,EXPORT,NSICT,VC202600148
CONT2026002234,EXPORT,NSICT,VC202600148
CONT2026002235,IMPORT,NSICT,VC202600148
CONT2026002236,EXPORT,NSICT,VC202600148
CONT2026002237,EXPORT,NSICT,VC202600148
CONT2026002238,IMPORT,NSICT,VC202600148
CONT2026002239,IMPORT,NSICT,VC202600148
CONT2026002240,IMPORT,NSIGT,VC202600149
CONT2026002241,IMPORT,NSIGT,VC202600149
CONT2026002242,IMPORT,NSIGT,VC202600149
CONT2026002243,IMPORT,NSIGT,VC202600149
CONT2026002244,IMPORT,NSIGT,VC202600149
CONT2026002245,EXPORT,NSIGT,VC202600149
CONT2026002246,IMPORT,NSIGT,VC202600149
CONT2026002247,IMPORT,NSIGT,VC202600149
CONT2026002248,EXPORT,NSIGT,VC202600149
CONT2026002249,IMPORT,NSIGT,VC202600149
CONT2026002250,IMPORT,NSIGT,VC202600149
CONT2026002251,EXPORT,NSIGT,VC202600149
CONT2026002252,EXPORT,NSIGT,VC202600149
CONT2026002253,EXPORT,NSIGT,VC202600149
CONT2026002254,EXPORT,NSIGT,VC202600149
CONT2026002255,EXPORT,NSIGT,VC202600149
CONT2026002256,IMPORT,NSIGT,VC202600149
CONT2026002257,IMPORT,NSIGT,VC202600149
CONT2026002258,IMPORT,NSIGT,VC202600149
CONT2026002259,IMPORT,NSIGT,VC202600149
CONT2026002260,EXPORT,NSIGT,VC202600150
CONT2026002261,EXPORT,NSIGT,VC202600150
CONT2026002262,EXPORT,NSIGT,VC202600150
CONT2026002263,IMPORT,NSIGT,VC202600150
CONT2026002264,EXPORT,NSIGT,VC202600150
CONT2026002265,EXPORT,NSIGT,VC202600150
CONT2026002266,IMPORT,NSIGT,VC202600150
CONT2026002267,IMPORT,NSIGT,VC202600150
CONT2026002268,EXPORT,NSIGT,VC202600150
CONT2026002269,IMPORT,NSIGT,VC202600150
CONT2026002270,EXPORT,NSIGT,VC202600150
CONT2026002271,EXPORT,NSFT,VC202600151
CONT2026002272,EXPORT,NSFT,VC202600151
CONT2026002273,IMPORT,NSFT,VC202600151
CONT2026002274,EXPORT,NSFT,VC202600151
CONT2026002275,IMPORT,NSFT,VC202600151
CONT2026002276,IMPORT,NSFT,VC202600151
CONT2026002277,IMPORT,NSFT,VC202600151
CONT2026002278,EXPORT,NSFT,VC202600151
CONT2026002279,IMPORT,NSFT,VC202600151
CONT2026002280,EXPORT,NSFT,VC202600151
CONT2026002281,EXPORT,NSFT,VC202600151
CONT2026002282,EXPORT,NSFT,VC202600151
CONT2026002283,IMPORT,NSFT,VC202600151
CONT2026002284,IMPORT,NSFT,VC202600151
CONT2026002285,IMPORT,NSFT,VC202600151
CONT2026002286,EXPORT,NSFT,VC202600151
CONT2026002287,IMPORT,NSFT,VC202600151
CONT2026002288,EXPORT,NSFT,VC202600151
CONT2026002289,IMPORT,NSFT,VC202600151
CONT2026002290,EXPORT,NSFT,VC202600151
CONT2026002291,EXPORT,NSFT,VC202600151
CONT2026002292,EXPORT,NSFT,VC202600151
CONT2026002293,EXPORT,NSFT,VC202600151
CONT2026002294,IMPORT,GTI,VC202600152
CONT2026002295,EXPORT,GTI,VC202600152
CONT2026002296,EXPORT,GTI,VC202600152
CONT2026002297,EXPORT,GTI,VC202600152
CONT2026002298,IMPORT,GTI,VC202600152
CONT2026002299,IMPORT,GTI,VC202600152
CONT2026002300,EXPORT,GTI,VC202600152
CONT2026002301,EXPORT,GTI,VC202600152
CONT2026002302,EXPORT,GTI,VC202600152
CONT2026002303,IMPORT,GTI,VC202600152
CONT2026002304,IMPORT,GTI,VC202600152
CONT2026002305,IMPORT,GTI,VC202600152
CONT2026002306,IMPORT,GTI,VC202600152
CONT2026002307,EXPORT,GTI,VC202600152
CONT2026002308,IMPORT,GTI,VC202600152
CONT2026002309,IMPORT,GTI,VC202600152
CONT2026002310,EXPORT,NSIGT,VC202600153
CONT2026002311,EXPORT,NSIGT,VC202600153
CONT2026002312,EXPORT,NSIGT,VC202600153
CONT2026002313,EXPORT,NSIGT,VC202600153
CONT2026002314,EXPORT,NSIGT,VC202600153
CONT2026002315,IMPORT,NSIGT,VC202600153
CONT2026002316,IMPORT,NSIGT,VC202600153
CONT2026002317,IMPORT,NSIGT,VC202600153
CONT2026002318,IMPORT,NSIGT,VC202600153
CONT2026002319,EXPORT,NSIGT,VC202600153
CONT2026002320,IMPORT,NSIGT,VC202600153
CONT2026002321,EXPORT,NSIGT,VC202600153
CONT2026002322,IMPORT,NSFT,VC202600154
CONT2026002323,EXPORT,NSFT,VC202600154
CONT2026002324,EXPORT,NSFT,VC202600154
CONT2026002325,EXPORT,NSFT,VC202600154
CONT2026002326,EXPORT,NSFT,VC202600154
CONT2026002327,EXPORT,NSFT,VC202600154
CONT2026002328,EXPORT,NSFT,VC202600154
CONT2026002329,EXPORT,NSFT,VC202600154
CONT2026002330,IMPORT,NSFT,VC202600154
CONT2026002331,EXPORT,NSFT,VC202600154
CONT2026002332,EXPORT,NSFT,VC202600154
CONT2026002333,EXPORT,BMCT,VC202600155
CONT2026002334,EXPORT,BMCT,VC202600155
CONT2026002335,EXPORT,BMCT,VC202600155
CONT2026002336,IMPORT,BMCT,VC202600155
CONT2026002337,EXPORT,BMCT,VC202600155
CONT2026002338,EXPORT,BMCT,VC202600155
CONT2026002339,EXPORT,BMCT,VC202600155
CONT2026002340,IMPORT,BMCT,VC202600155
CONT2026002341,EXPORT,BMCT,VC202600155
CONT2026002342,IMPORT,BMCT,VC202600155
CONT2026002343,IMPORT,BMCT,VC202600155
CONT2026002344,EXPORT,BMCT,VC202600155
CONT2026002345,EXPORT,BMCT,VC202600155
CONT2026002346,IMPORT,BMCT,VC202600155
CONT2026002347,EXPORT,BMCT,VC202600155
CONT2026002348,IMPORT,NSFT,VC202600156
CONT2026002349,IMPORT,NSFT,VC202600156
CONT2026002350,EXPORT,NSFT,VC202600156
CONT2026002351,EXPORT,NSFT,VC202600156
CONT2026002352,IMPORT,NSFT,VC202600156
CONT2026002353,IMPORT,NSFT,VC202600156
CONT2026002354,IMPORT,NSFT,VC202600156
CONT2026002355,EXPORT,NSFT,VC202600156
CONT2026002356,EXPORT,NSFT,VC202600156
CONT2026002357,IMPORT,NSFT,VC202600156
CONT2026002358,EXPORT,NSFT,VC202600156
CONT2026002359,EXPORT,NSFT,VC202600156
CONT2026002360,IMPORT,NSFT,VC202600156
CONT2026002361,IMPORT,NSFT,VC202600156
CONT2026002362,IMPORT,NSFT,VC202600156
CONT2026002363,IMPORT,NSFT,VC202600156
CONT2026002364,EXPORT,NSFT,VC202600156
CONT2026002365,IMPORT,NSFT,VC202600156
CONT2026002366,EXPORT,NSFT,VC202600156
CONT2026002367,IMPORT,NSFT,VC202600156
CONT2026002368,IMPORT,NSFT,VC202600156
CONT2026002369,EXPORT,NSFT,VC202600156
CONT2026002370,IMPORT,NSFT,VC202600156
CONT2026002371,EXPORT,NSFT,VC202600156
CONT2026002372,IMPORT,NSFT,VC202600156
CONT2026002373,IMPORT,NSFT,VC202600156
CONT2026002374,IMPORT,NSFT,VC202600156
CONT2026002375,IMPORT,NSFT,VC202600156
CONT2026002376,IMPORT,NSFT,VC202600156
CONT2026002377,IMPORT,NSFT,VC202600156
CONT2026002378,IMPORT,NSFT,VC202600156
CONT2026002379,EXPORT,NSFT,VC202600156
CONT2026002380,IMPORT,NSFT,VC202600156
CONT2026002381,IMPORT,NSICT,VC202600157
CONT2026002382,EXPORT,NSICT,VC202600157
CONT2026002383,EXPORT,NSICT,VC202600157
CONT2026002384,EXPORT,NSICT,VC202600157
CONT2026002385,EXPORT,NSICT,VC202600157
CONT2026002386,EXPORT,NSICT,VC202600157
CONT2026002387,EXPORT,NSICT,VC202600157
CONT2026002388,IMPORT,NSICT,VC202600157
CONT2026002389,IMPORT,NSICT,VC202600157
CONT2026002390,IMPORT,NSICT,VC202600157
CONT2026002391,IMPORT,NSICT,VC202600157
CONT2026002392,EXPORT,NSICT,VC202600157
CONT2026002393,EXPORT,NSICT,VC202600157
CONT2026002394,EXPORT,NSICT,VC202600157
CONT2026002395,IMPORT,NSICT,VC202600157
CONT2026002396,EXPORT,NSICT,VC202600157
CONT2026002397,IMPORT,NSICT,VC202600157
CONT2026002398,IMPORT,NSICT,VC202600157
CONT2026002399,IMPORT,NSICT,VC202600157
CONT2026002400,EXPORT,NSICT,VC202600157
CONT2026002401,EXPORT,NSICT,VC202600157
CONT2026002402,EXPORT,NSICT,VC202600157
CONT2026002403,EXPORT,GTI,VC202600158
CONT2026002404,EXPORT,GTI,VC202600158
CONT2026002405,EXPORT,GTI,VC202600158
CONT2026002406,EXPORT,GTI,VC202600158
CONT2026002407,EXPORT,GTI,VC202600158
CONT2026002408,IMPORT,GTI,VC202600158
CONT2026002409,EXPORT,GTI,VC202600158
CONT2026002410,IMPORT,GTI,VC202600158
CONT2026002411,EXPORT,GTI,VC202600158
CONT2026002412,EXPORT,NSIGT,VC202600159
CONT2026002413,EXPORT,NSIGT,VC202600159
CONT2026002414,IMPORT,NSIGT,VC202600159
CONT2026002415,IMPORT,NSIGT,VC202600159
CONT2026002416,EXPORT,NSIGT,VC202600159
CONT2026002417,IMPORT,NSIGT,VC202600159
CONT2026002418,EXPORT,NSIGT,VC202600159
CONT2026002419,EXPORT,NSIGT,VC202600159
CONT2026002420,EXPORT,NSIGT,VC202600159
CONT2026002421,EXPORT,NSIGT,VC202600159
CONT2026002422,IMPORT,NSIGT,VC202600159
CONT2026002423,IMPORT,NSIGT,VC202600159
CONT2026002424,IMPORT,NSIGT,VC202600159
CONT2026002425,EXPORT,NSIGT,VC202600159
CONT2026002426,EXPORT,NSIGT,VC202600159
CONT2026002427,IMPORT,NSIGT,VC202600159
CONT2026002428,IMPORT,NSIGT,VC202600159
CONT2026002429,EXPORT,NSIGT,VC202600159
CONT2026002430,EXPORT,NSIGT,VC202600159
CONT2026002431,EXPORT,NSIGT,VC202600159
CONT2026002432,IMPORT,NSIGT,VC202600159
CONT2026002433,IMPORT,NSIGT,VC202600159
CONT2026002434,EXPORT,NSIGT,VC202600159
CONT2026002435,IMPORT,NSIGT,VC202600159
CONT2026002436,IMPORT,NSIGT,VC202600159
CONT2026002437,IMPORT,NSIGT,VC202600159
CONT2026002438,EXPORT,NSIGT,VC202600159
CONT2026002439,EXPORT,NSIGT,VC202600159
CONT2026002440,IMPORT,NSIGT,VC202600159
CONT2026002441,IMPORT,NSIGT,VC202600159
CONT2026002442,IMPORT,NSIGT,VC202600159
CONT2026002443,IMPORT,NSIGT,VC202600159
CONT2026002444,IMPORT,GTI,VC202600160
CONT2026002445,EXPORT,GTI,VC202600160
CONT2026002446,IMPORT,GTI,VC202600160
CONT2026002447,EXPORT,GTI,VC202600160
CONT2026002448,EXPORT,GTI,VC202600160
CONT2026002449,IMPORT,GTI,VC202600160
CONT2026002450,IMPORT,GTI,VC202600160
CONT2026002451,EXPORT,GTI,VC202600160
CONT2026002452,EXPORT,GTI,VC202600160
CONT2026002453,EXPORT,GTI,VC202600160
CONT2026002454,IMPORT,GTI,VC202600160
CONT2026002455,EXPORT,GTI,VC202600160
CONT2026002456,IMPORT,GTI,VC202600160
CONT2026002457,EXPORT,GTI,VC202600160
CONT2026002458,EXPORT,GTI,VC202600160
CONT2026002459,IMPORT,GTI,VC202600160
CONT2026002460,EXPORT,GTI,VC202600160
CONT2026002461,EXPORT,GTI,VC202600160
CONT2026002462,EXPORT,GTI,VC202600160
CONT2026002463,IMPORT,GTI,VC202600160
CONT2026002464,IMPORT,GTI,VC202600160
CONT2026002465,IMPORT,GTI,VC202600160
CONT2026002466,EXPORT,GTI,VC202600160
CONT2026002467,EXPORT,GTI,VC202600160
CONT2026002468,IMPORT,GTI,VC202600160
CONT2026002469,EXPORT,NSFT,VC202600161
CONT2026002470,EXPORT,NSFT,VC202600161
CONT2026002471,IMPORT,NSFT,VC202600161
CONT2026002472,IMPORT,NSFT,VC202600161
CONT2026002473,EXPORT,NSFT,VC202600161
CONT2026002474,IMPORT,NSFT,VC202600161
CONT2026002475,IMPORT,NSFT,VC202600161
CONT2026002476,IMPORT,NSFT,VC202600161
CONT2026002477,EXPORT,NSFT,VC202600161
CONT2026002478,IMPORT,NSFT,VC202600161
CONT2026002479,EXPORT,NSFT,VC202600161
CONT2026002480,IMPORT,NSFT,VC202600161
CONT2026002481,IMPORT,NSFT,VC202600161
CONT2026002482,EXPORT,NSFT,VC202600161
CONT2026002483,EXPORT,NSFT,VC202600161
CONT2026002484,IMPORT,NSFT,VC202600161
CONT2026002485,IMPORT,NSFT,VC202600161
CONT2026002486,IMPORT,NSFT,VC202600161
CONT2026002487,EXPORT,NSFT,VC202600161
CONT2026002488,EXPORT,NSFT,VC202600161
CONT2026002489,EXPORT,NSFT,VC202600161
CONT2026002490,EXPORT,NSFT,VC202600161
CONT2026002491,IMPORT,NSFT,VC202600161
CONT2026002492,EXPORT,NSFT,VC202600161
CONT2026002493,EXPORT,NSFT,VC202600161
CONT2026002494,IMPORT,NSFT,VC202600161
CONT2026002495,EXPORT,NSFT,VC202600161
CONT2026002496,IMPORT,NSFT,VC202600161
CONT2026002497,EXPORT,NSFT,VC202600161
CONT2026002498,IMPORT,NSFT,VC202600161
CONT2026002499,IMPORT,NSFT,VC202600161
CONT2026002500,EXPORT,NSFT,VC202600161
CONT2026002501,IMPORT,NSFT,VC202600161
CONT2026002502,EXPORT,NSFT,VC202600161
CONT2026002503,IMPORT,NSFT,VC202600161
CONT2026002504,IMPORT,NSFT,VC202600161
CONT2026002505,EXPORT,NSFT,VC202600161
CONT2026002506,EXPORT,NSFT,VC202600161
CONT2026002507,IMPORT,NSFT,VC202600161
CONT2026002508,EXPORT,NSFT,VC202600161
CONT2026002509,EXPORT,NSFT,VC202600161
CONT2026002510,IMPORT,NSFT,VC202600161
CONT2026002511,EXPORT,NSFT,VC202600161
CONT2026002512,EXPORT,NSFT,VC202600161
CONT2026002513,EXPORT,NSFT,VC202600161
CONT2026002514,EXPORT,NSFT,VC202600161
CONT2026002515,IMPORT,NSFT,VC202600161
CONT2026002516,EXPORT,NSFT,VC202600161
CONT2026002517,EXPORT,NSFT,VC202600161
CONT2026002518,EXPORT,NSFT,VC202600161
CONT2026002519,EXPORT,NSICT,VC202600162
CONT2026002520,IMPORT,NSICT,VC202600162
CONT2026002521,IMPORT,NSICT,VC202600162
CONT2026002522,IMPORT,NSICT,VC202600162
CONT2026002523,IMPORT,NSICT,VC202600162
CONT2026002524,IMPORT,NSICT,VC202600162
CONT2026002525,IMPORT,NSICT,VC202600162
CONT2026002526,IMPORT,NSICT,VC202600162
CONT2026002527,EXPORT,NSICT,VC202600162
CONT2026002528,EXPORT,NSICT,VC202600162
CONT2026002529,EXPORT,NSICT,VC202600162
CONT2026002530,EXPORT,BMCT,VC202600163
CONT2026002531,EXPORT,BMCT,VC202600163
CONT2026002532,EXPORT,BMCT,VC202600163
CONT2026002533,IMPORT,BMCT,VC202600163
CONT2026002534,EXPORT,BMCT,VC202600163
CONT2026002535,EXPORT,BMCT,VC202600163
CONT2026002536,EXPORT,NSFT,VC202600164
CONT2026002537,EXPORT,NSFT,VC202600164
CONT2026002538,EXPORT,NSFT,VC202600164
CONT2026002539,EXPORT,NSFT,VC202600164
CONT2026002540,EXPORT,NSFT,VC202600164
CONT2026002541,EXPORT,NSFT,VC202600164
CONT2026002542,EXPORT,NSFT,VC202600164
CONT2026002543,EXPORT,NSFT,VC202600164
CONT2026002544,IMPORT,NSFT,VC202600164
CONT2026002545,EXPORT,NSFT,VC202600164
CONT2026002546,IMPORT,NSFT,VC202600164
CONT2026002547,EXPORT,NSFT,VC202600164
CONT2026002548,IMPORT,NSFT,VC202600164
CONT2026002549,IMPORT,NSFT,VC202600164
CONT2026002550,EXPORT,NSFT,VC202600164
CONT2026002551,IMPORT,NSFT,VC202600164
CONT2026002552,EXPORT,NSFT,VC202600164
CONT2026002553,EXPORT,NSFT,VC202600164
CONT2026002554,EXPORT,NSFT,VC202600164
CONT2026002555,EXPORT,NSFT,VC202600164
CONT2026002556,IMPORT,NSFT,VC202600164
CONT2026002557,EXPORT,NSFT,VC202600164
CONT2026002558,EXPORT,NSFT,VC202600164
CONT2026002559,EXPORT,NSFT,VC202600164
CONT2026002560,IMPORT,NSFT,VC202600164
CONT2026002561,EXPORT,NSFT,VC202600164
CONT2026002562,EXPORT,NSFT,VC202600164
CONT2026002563,IMPORT,NSFT,VC202600164
CONT2026002564,IMPORT,NSFT,VC202600164
CONT2026002565,IMPORT,NSFT,VC202600164
CONT2026002566,IMPORT,NSFT,VC202600164
CONT2026002567,EXPORT,NSFT,VC202600164
CONT2026002568,EXPORT,NSFT,VC202600164
CONT2026002569,IMPORT,NSFT,VC202600164
CONT2026002570,EXPORT,NSFT,VC202600164
CONT2026002571,EXPORT,NSFT,VC202600164
CONT2026002572,EXPORT,NSFT,VC202600164
CONT2026002573,EXPORT,NSFT,VC202600164
CONT2026002574,IMPORT,NSFT,VC202600164
CONT2026002575,IMPORT,NSFT,VC202600164
CONT2026002576,IMPORT,NSFT,VC202600164
CONT2026002577,EXPORT,NSFT,VC202600164
CONT2026002578,EXPORT,NSFT,VC202600164
CONT2026002579,EXPORT,NSFT,VC202600164
CONT2026002580,IMPORT,NSFT,VC202600164
CONT2026002581,IMPORT,NSFT,VC202600164
CONT2026002582,IMPORT,BMCT,VC202600165
CONT2026002583,IMPORT,BMCT,VC202600165
CONT2026002584,IMPORT,BMCT,VC202600165
CONT2026002585,EXPORT,BMCT,VC202600165
CONT2026002586,EXPORT,BMCT,VC202600165
CONT2026002587,IMPORT,BMCT,VC202600165
CONT2026002588,IMPORT,BMCT,VC202600165
CONT2026002589,EXPORT,BMCT,VC202600165
CONT2026002590,IMPORT,BMCT,VC202600165
CONT2026002591,IMPORT,BMCT,VC202600165
CONT2026002592,EXPORT,BMCT,VC202600165
CONT2026002593,IMPORT,BMCT,VC202600165
CONT2026002594,IMPORT,BMCT,VC202600165
CONT2026002595,IMPORT,BMCT,VC202600165
CONT2026002596,IMPORT,BMCT,VC202600165
CONT2026002597,IMPORT,BMCT,VC202600165
CONT2026002598,IMPORT,BMCT,VC202600165
CONT2026002599,IMPORT,BMCT,VC202600165
CONT2026002600,EXPORT,BMCT,VC202600165
CONT2026002601,IMPORT,BMCT,VC202600165
CONT2026002602,EXPORT,NSFT,VC202600166
CONT2026002603,EXPORT,NSFT,VC202600166
CONT2026002604,IMPORT,NSFT,VC202600166
CONT2026002605,EXPORT,NSFT,VC202600166
CONT2026002606,IMPORT,NSFT,VC202600166
CONT2026002607,IMPORT,NSFT,VC202600166
CONT2026002608,EXPORT,NSFT,VC202600166
CONT2026002609,EXPORT,NSFT,VC202600166
CONT2026002610,IMPORT,NSFT,VC202600166
CONT2026002611,IMPORT,NSICT,VC202600167
CONT2026002612,EXPORT,NSICT,VC202600167
CONT2026002613,IMPORT,NSICT,VC202600167
CONT2026002614,EXPORT,NSICT,VC202600167
CONT2026002615,IMPORT,NSICT,VC202600167
CONT2026002616,EXPORT,NSICT,VC202600167
CONT2026002617,IMPORT,NSICT,VC202600167
CONT2026002618,EXPORT,NSICT,VC202600167
CONT2026002619,IMPORT,NSICT,VC202600167
CONT2026002620,EXPORT,NSICT,VC202600167
CONT2026002621,EXPORT,NSFT,VC202600168
CONT2026002622,IMPORT,NSFT,VC202600168
CONT2026002623,EXPORT,NSFT,VC202600168
CONT2026002624,IMPORT,NSFT,VC202600168
CONT2026002625,IMPORT,NSFT,VC202600168
CONT2026002626,EXPORT,NSFT,VC202600168
CONT2026002627,IMPORT,NSFT,VC202600168
CONT2026002628,IMPORT,NSFT,VC202600168
CONT2026002629,IMPORT,NSFT,VC202600168
CONT2026002630,IMPORT,NSFT,VC202600168
CONT2026002631,IMPORT,NSFT,VC202600168
CONT2026002632,IMPORT,NSFT,VC202600168
CONT2026002633,EXPORT,NSFT,VC202600168
CONT2026002634,IMPORT,NSFT,VC202600168
CONT2026002635,IMPORT,NSFT,VC202600168
CONT2026002636,IMPORT,NSFT,VC202600168
CONT2026002637,EXPORT,NSFT,VC202600168
CONT2026002638,IMPORT,NSFT,VC202600168
CONT2026002639,IMPORT,NSFT,VC202600168
CONT2026002640,IMPORT,NSFT,VC202600168
CONT2026002641,IMPORT,NSFT,VC202600168
CONT2026002642,IMPORT,NSFT,VC202600168
CONT2026002643,IMPORT,NSFT,VC202600168
CONT2026002644,IMPORT,NSFT,VC202600168
CONT2026002645,EXPORT,NSFT,VC202600168
CONT2026002646,EXPORT,NSFT,VC202600168
CONT2026002647,IMPORT,NSFT,VC202600169
CONT2026002648,IMPORT,NSFT,VC202600169
CONT2026002649,EXPORT,NSFT,VC202600169
CONT2026002650,EXPORT,NSFT,VC202600169
CONT2026002651,IMPORT,NSFT,VC202600169
CONT2026002652,EXPORT,NSFT,VC202600169
CONT2026002653,IMPORT,NSFT,VC202600169
CONT2026002654,EXPORT,NSFT,VC202600169
CONT2026002655,EXPORT,NSFT,VC202600169
CONT2026002656,EXPORT,NSFT,VC202600169
CONT2026002657,IMPORT,NSFT,VC202600169
CONT2026002658,IMPORT,NSFT,VC202600169
CONT2026002659,EXPORT,NSFT,VC202600169
CONT2026002660,EXPORT,NSFT,VC202600169
CONT2026002661,IMPORT,NSFT,VC202600169
CONT2026002662,IMPORT,NSFT,VC202600169
CONT2026002663,EXPORT,NSFT,VC202600169
CONT2026002664,EXPORT,NSIGT,VC202600170
CONT2026002665,IMPORT,NSIGT,VC202600170
CONT2026002666,EXPORT,NSIGT,VC202600170
CONT2026002667,EXPORT,NSIGT,VC202600170
CONT2026002668,EXPORT,NSIGT,VC202600170
CONT2026002669,EXPORT,NSIGT,VC202600170
CONT2026002670,IMPORT,NSIGT,VC202600170
CONT2026002671,IMPORT,NSIGT,VC202600170
CONT2026002672,IMPORT,NSIGT,VC202600170
CONT2026002673,EXPORT,NSIGT,VC202600170
CONT2026002674,IMPORT,NSIGT,VC202600170
CONT2026002675,EXPORT,NSIGT,VC202600170
CONT2026002676,IMPORT,NSIGT,VC202600170
CONT2026002677,EXPORT,NSIGT,VC202600170
CONT2026002678,IMPORT,NSIGT,VC202600170
CONT2026002679,IMPORT,NSIGT,VC202600170
CONT2026002680,IMPORT,NSIGT,VC202600170
CONT2026002681,EXPORT,NSIGT,VC202600170
CONT2026002682,EXPORT,NSIGT,VC202600170
CONT2026002683,EXPORT,NSIGT,VC202600170
CONT2026002684,IMPORT,NSIGT,VC202600170
CONT2026002685,EXPORT,NSIGT,VC202600170
CONT2026002686,EXPORT,NSIGT,VC202600170
CONT2026002687,EXPORT,NSIGT,VC202600170
CONT2026002688,IMPORT,NSIGT,VC202600170
CONT2026002689,IMPORT,NSICT,VC202600171
CONT2026002690,IMPORT,NSICT,VC202600171
CONT2026002691,IMPORT,NSICT,VC202600171
CONT2026002692,IMPORT,NSICT,VC202600171
CONT2026002693,IMPORT,NSICT,VC202600171
CONT2026002694,EXPORT,NSICT,VC202600171
CONT2026002695,IMPORT,NSICT,VC202600171
CONT2026002696,EXPORT,NSICT,VC202600171
CONT2026002697,IMPORT,NSICT,VC202600171
CONT2026002698,IMPORT,NSICT,VC202600171
CONT2026002699,IMPORT,NSICT,VC202600171
CONT2026002700,IMPORT,NSICT,VC202600171
CONT2026002701,EXPORT,NSICT,VC202600171
CONT2026002702,EXPORT,NSICT,VC202600171
CONT2026002703,EXPORT,NSICT,VC202600171
CONT2026002704,EXPORT,NSICT,VC202600171
CONT2026002705,IMPORT,NSICT,VC202600171
CONT2026002706,EXPORT,NSICT,VC202600171
CONT2026002707,EXPORT,NSICT,VC202600171
CONT2026002708,IMPORT,NSICT,VC202600171
CONT2026002709,EXPORT,NSICT,VC202600172
CONT2026002710,EXPORT,NSICT,VC202600172
CONT2026002711,IMPORT,NSICT,VC202600172
CONT2026002712,EXPORT,NSICT,VC202600172
CONT2026002713,IMPORT,NSICT,VC202600172
CONT2026002714,EXPORT,NSICT,VC202600172
CONT2026002715,IMPORT,NSICT,VC202600172
CONT2026002716,EXPORT,NSICT,VC202600172
CONT2026002717,IMPORT,NSICT,VC202600172
CONT2026002718,EXPORT,NSICT,VC202600172
CONT2026002719,IMPORT,NSICT,VC202600172
CONT2026002720,IMPORT,NSICT,VC202600172
CONT2026002721,EXPORT,GTI,VC202600173
CONT2026002722,IMPORT,GTI,VC202600173
CONT2026002723,EXPORT,GTI,VC202600173
CONT2026002724,IMPORT,GTI,VC202600173
CONT2026002725,EXPORT,GTI,VC202600173
CONT2026002726,EXPORT,GTI,VC202600173
CONT2026002727,EXPORT,GTI,VC202600173
CONT2026002728,EXPORT,GTI,VC202600173
CONT2026002729,IMPORT,GTI,VC202600173
CONT2026002730,EXPORT,GTI,VC202600173
CONT2026002731,IMPORT,GTI,VC202600173
CONT2026002732,EXPORT,GTI,VC202600173
CONT2026002733,IMPORT,GTI,VC202600173
CONT2026002734,IMPORT,GTI,VC202600173
CONT2026002735,IMPORT,GTI,VC202600173
CONT2026002736,IMPORT,GTI,VC202600173
CONT2026002737,EXPORT,GTI,VC202600173
CONT2026002738,EXPORT,GTI,VC202600173
CONT2026002739,IMPORT,GTI,VC202600173
CONT2026002740,EXPORT,GTI,VC202600173
CONT2026002741,IMPORT,GTI,VC202600173
CONT2026002742,EXPORT,GTI,VC202600173
CONT2026002743,EXPORT,GTI,VC202600173
CONT2026002744,EXPORT,GTI,VC202600173
CONT2026002745,EXPORT,GTI,VC202600173
CONT2026002746,EXPORT,GTI,VC202600173
CONT2026002747,EXPORT,GTI,VC202600173
CONT2026002748,IMPORT,GTI,VC202600173
CONT2026002749,EXPORT,GTI,VC202600173
CONT2026002750,IMPORT,GTI,VC202600173
CONT2026002751,EXPORT,GTI,VC202600173
CONT2026002752,EXPORT,GTI,VC202600173
CONT2026002753,EXPORT,GTI,VC202600173
CONT2026002754,IMPORT,GTI,VC202600173
CONT2026002755,EXPORT,GTI,VC202600173
CONT2026002756,IMPORT,GTI,VC202600173
CONT2026002757,IMPORT,GTI,VC202600173
CONT2026002758,EXPORT,GTI,VC202600173
CONT2026002759,IMPORT,GTI,VC202600173
CONT2026002760,EXPORT,GTI,VC202600173
CONT2026002761,IMPORT,GTI,VC202600173
CONT2026002762,EXPORT,GTI,VC202600173
CONT2026002763,EXPORT,GTI,VC202600173
CONT2026002764,EXPORT,GTI,VC202600173
CONT2026002765,IMPORT,NSIGT,VC202600174
CONT2026002766,EXPORT,NSIGT,VC202600174
CONT2026002767,EXPORT,NSIGT,VC202600174
CONT2026002768,EXPORT,NSIGT,VC202600174
CONT2026002769,IMPORT,NSIGT,VC202600174
CONT2026002770,IMPORT,NSIGT,VC202600174
CONT2026002771,EXPORT,NSIGT,VC202600174
CONT2026002772,IMPORT,NSIGT,VC202600174
CONT2026002773,EXPORT,NSICT,VC202600175
CONT2026002774,IMPORT,NSICT,VC202600175
CONT2026002775,EXPORT,NSICT,VC202600175
CONT2026002776,EXPORT,NSICT,VC202600175
CONT2026002777,IMPORT,NSICT,VC202600175
CONT2026002778,IMPORT,NSICT,VC202600175
CONT2026002779,IMPORT,NSICT,VC202600175
CONT2026002780,EXPORT,NSICT,VC202600175
CONT2026002781,EXPORT,NSICT,VC202600175
CONT2026002782,EXPORT,NSICT,VC202600175
CONT2026002783,EXPORT,NSICT,VC202600175
CONT2026002784,IMPORT,NSICT,VC202600175
CONT2026002785,IMPORT,NSICT,VC202600175
CONT2026002786,EXPORT,NSICT,VC202600175
CONT2026002787,EXPORT,NSICT,VC202600175
CONT2026002788,EXPORT,NSICT,VC202600175
CONT2026002789,EXPORT,NSICT,VC202600175
CONT2026002790,EXPORT,NSICT,VC202600175
CONT2026002791,IMPORT,NSICT,VC202600175
CONT2026002792,EXPORT,NSICT,VC202600175
CONT2026002793,IMPORT,NSICT,VC202600175
CONT2026002794,EXPORT,NSICT,VC202600175
CONT2026002795,EXPORT,NSICT,VC202600175
CONT2026002796,EXPORT,NSICT,VC202600175
CONT2026002797,IMPORT,NSICT,VC202600175
CONT2026002798,IMPORT,NSICT,VC202600175
CONT2026002799,IMPORT,NSICT,VC202600175
CONT2026002800,IMPORT,NSIGT,VC202600176
CONT2026002801,EXPORT,NSIGT,VC202600176
CONT2026002802,IMPORT,NSIGT,VC202600176
CONT2026002803,IMPORT,NSIGT,VC202600176
CONT2026002804,EXPORT,NSIGT,VC202600176
CONT2026002805,EXPORT,NSIGT,VC202600176
CONT2026002806,IMPORT,NSIGT,VC202600176
CONT2026002807,IMPORT,NSIGT,VC202600176
CONT2026002808,IMPORT,NSIGT,VC202600176
CONT2026002809,IMPORT,NSIGT,VC202600176
CONT2026002810,EXPORT,NSIGT,VC202600176
CONT2026002811,EXPORT,NSIGT,VC202600176
CONT2026002812,IMPORT,NSIGT,VC202600176
CONT2026002813,IMPORT,NSIGT,VC202600176
CONT2026002814,EXPORT,NSIGT,VC202600176
CONT2026002815,IMPORT,NSIGT,VC202600176
CONT2026002816,EXPORT,NSIGT,VC202600176
CONT2026002817,IMPORT,NSIGT,VC202600176
CONT2026002818,EXPORT,NSIGT,VC202600176
CONT2026002819,EXPORT,NSIGT,VC202600176
CONT2026002820,EXPORT,NSIGT,VC202600176
CONT2026002821,IMPORT,NSIGT,VC202600176
CONT2026002822,EXPORT,GTI,VC202600177
CONT2026002823,IMPORT,GTI,VC202600177
CONT2026002824,IMPORT,GTI,VC202600177
CONT2026002825,EXPORT,GTI,VC202600177
CONT2026002826,EXPORT,GTI,VC202600177
CONT2026002827,IMPORT,GTI,VC202600177
CONT2026002828,IMPORT,GTI,VC202600177
CONT2026002829,EXPORT,GTI,VC202600177
CONT2026002830,IMPORT,GTI,VC202600177
CONT2026002831,EXPORT,GTI,VC202600177
CONT2026002832,EXPORT,GTI,VC202600177
CONT2026002833,IMPORT,GTI,VC202600177
CONT2026002834,EXPORT,GTI,VC202600177
CONT2026002835,EXPORT,GTI,VC202600177
CONT2026002836,IMPORT,GTI,VC202600177
CONT2026002837,IMPORT,GTI,VC202600177
CONT2026002838,IMPORT,GTI,VC202600177
CONT2026002839,EXPORT,GTI,VC202600177
CONT2026002840,EXPORT,GTI,VC202600177
CONT2026002841,IMPORT,GTI,VC202600177
CONT2026002842,EXPORT,GTI,VC202600177
CONT2026002843,IMPORT,GTI,VC202600177
CONT2026002844,IMPORT,BMCT,VC202600178
CONT2026002845,IMPORT,BMCT,VC202600178
CONT2026002846,IMPORT,BMCT,VC202600178
CONT2026002847,EXPORT,BMCT,VC202600178
CONT2026002848,IMPORT,BMCT,VC202600178
CONT2026002849,EXPORT,BMCT,VC202600178
CONT2026002850,IMPORT,BMCT,VC202600178
CONT2026002851,EXPORT,BMCT,VC202600178
CONT2026002852,IMPORT,BMCT,VC202600178
CONT2026002853,IMPORT,BMCT,VC202600178
CONT2026002854,IMPORT,BMCT,VC202600178
CONT2026002855,IMPORT,BMCT,VC202600178
CONT2026002856,IMPORT,NSIGT,VC202600179
CONT2026002857,EXPORT,NSIGT,VC202600179
CONT2026002858,IMPORT,NSIGT,VC202600179
CONT2026002859,IMPORT,NSIGT,VC202600179
CONT2026002860,IMPORT,NSIGT,VC202600179
CONT2026002861,EXPORT,NSIGT,VC202600179
CONT2026002862,IMPORT,NSIGT,VC202600179
CONT2026002863,EXPORT,NSIGT,VC202600179
CONT2026002864,IMPORT,NSIGT,VC202600179
CONT2026002865,IMPORT,NSIGT,VC202600179
CONT2026002866,EXPORT,NSIGT,VC202600179
CONT2026002867,EXPORT,NSIGT,VC202600179
CONT2026002868,EXPORT,GTI,VC202600180
CONT2026002869,EXPORT,GTI,VC202600180
CONT2026002870,IMPORT,GTI,VC202600180
CONT2026002871,IMPORT,GTI,VC202600180
CONT2026002872,EXPORT,GTI,VC202600180
CONT2026002873,EXPORT,GTI,VC202600180
CONT2026002874,IMPORT,GTI,VC202600180
CONT2026002875,IMPORT,GTI,VC202600180
CONT2026002876,IMPORT,GTI,VC202600180
CONT2026002877,IMPORT,GTI,VC202600180
CONT2026002878,EXPORT,GTI,VC202600180
CONT2026002879,EXPORT,GTI,VC202600180
CONT2026002880,EXPORT,GTI,VC202600180
CONT2026002881,IMPORT,GTI,VC202600180
CONT2026002882,EXPORT,GTI,VC202600180
CONT2026002883,EXPORT,GTI,VC202600181
CONT2026002884,EXPORT,GTI,VC202600181
CONT2026002885,EXPORT,GTI,VC202600181
CONT2026002886,EXPORT,GTI,VC202600181
CONT2026002887,IMPORT,GTI,VC202600181
CONT2026002888,EXPORT,GTI,VC202600181
CONT2026002889,EXPORT,GTI,VC202600181
CONT2026002890,EXPORT,GTI,VC202600181
CONT2026002891,EXPORT,GTI,VC202600181
CONT2026002892,IMPORT,GTI,VC202600181
CONT2026002893,EXPORT,GTI,VC202600181
CONT2026002894,EXPORT,GTI,VC202600181
CONT2026002895,IMPORT,GTI,VC202600181
CONT2026002896,EXPORT,NSIGT,VC202600182
CONT2026002897,IMPORT,NSIGT,VC202600182
CONT2026002898,IMPORT,NSIGT,VC202600182
CONT2026002899,EXPORT,NSIGT,VC202600182
CONT2026002900,IMPORT,NSIGT,VC202600182
CONT2026002901,EXPORT,NSIGT,VC202600182
CONT2026002902,EXPORT,NSIGT,VC202600182
CONT2026002903,IMPORT,NSIGT,VC202600182
CONT2026002904,EXPORT,NSIGT,VC202600182
CONT2026002905,EXPORT,NSIGT,VC202600182
CONT2026002906,EXPORT,NSIGT,VC202600182
CONT2026002907,IMPORT,NSIGT,VC202600182
CONT2026002908,IMPORT,NSIGT,VC202600182
CONT2026002909,EXPORT,NSIGT,VC202600182
CONT2026002910,EXPORT,NSIGT,VC202600182
CONT2026002911,IMPORT,GTI,VC202600183
CONT2026002912,IMPORT,GTI,VC202600183
CONT2026002913,IMPORT,GTI,VC202600183
CONT2026002914,EXPORT,GTI,VC202600183
CONT2026002915,IMPORT,GTI,VC202600183
CONT2026002916,IMPORT,GTI,VC202600183
CONT2026002917,EXPORT,GTI,VC202600183
CONT2026002918,EXPORT,GTI,VC202600183
CONT2026002919,IMPORT,GTI,VC202600183
CONT2026002920,IMPORT,GTI,VC202600183
CONT2026002921,IMPORT,GTI,VC202600183
CONT2026002922,EXPORT,NSFT,VC202600184
CONT2026002923,IMPORT,NSFT,VC202600184
CONT2026002924,EXPORT,NSFT,VC202600184
CONT2026002925,IMPORT,NSFT,VC202600184
CONT2026002926,EXPORT,NSFT,VC202600184
CONT2026002927,EXPORT,NSFT,VC202600184
CONT2026002928,EXPORT,NSIGT,VC202600185
CONT2026002929,EXPORT,NSIGT,VC202600185
CONT2026002930,IMPORT,NSIGT,VC202600185
CONT2026002931,IMPORT,NSIGT,VC202600185
CONT2026002932,EXPORT,NSIGT,VC202600185
CONT2026002933,IMPORT,NSIGT,VC202600185
CONT2026002934,EXPORT,NSIGT,VC202600185
CONT2026002935,IMPORT,NSIGT,VC202600185
CONT2026002936,EXPORT,NSIGT,VC202600185
CONT2026002937,EXPORT,NSIGT,VC202600185
CONT2026002938,IMPORT,NSIGT,VC202600185
CONT2026002939,IMPORT,NSIGT,VC202600185
CONT2026002940,IMPORT,NSIGT,VC202600185
CONT2026002941,IMPORT,NSIGT,VC202600185
CONT2026002942,IMPORT,NSIGT,VC202600185
CONT2026002943,IMPORT,NSIGT,VC202600185
CONT2026002944,EXPORT,NSIGT,VC202600185
CONT2026002945,EXPORT,NSIGT,VC202600185
CONT2026002946,EXPORT,NSIGT,VC202600185
CONT2026002947,EXPORT,NSIGT,VC202600185
CONT2026002948,IMPORT,NSIGT,VC202600185
CONT2026002949,IMPORT,NSIGT,VC202600185
CONT2026002950,EXPORT,NSIGT,VC202600185
CONT2026002951,IMPORT,NSIGT,VC202600185
CONT2026002952,EXPORT,NSIGT,VC202600185
CONT2026002953,EXPORT,NSIGT,VC202600185
CONT2026002954,IMPORT,NSIGT,VC202600185
CONT2026002955,EXPORT,NSIGT,VC202600185
CONT2026002956,EXPORT,NSICT,VC202600186
CONT2026002957,IMPORT,NSICT,VC202600186
CONT2026002958,IMPORT,NSICT,VC202600186
CONT2026002959,IMPORT,NSICT,VC202600186
CONT2026002960,EXPORT,NSICT,VC202600186
CONT2026002961,IMPORT,NSICT,VC202600186
CONT2026002962,EXPORT,NSICT,VC202600186
CONT2026002963,IMPORT,NSICT,VC202600186
CONT2026002964,IMPORT,NSICT,VC202600186
CONT2026002965,EXPORT,NSICT,VC202600186
CONT2026002966,IMPORT,NSICT,VC202600186
CONT2026002967,IMPORT,NSICT,VC202600186
CONT2026002968,EXPORT,NSICT,VC202600186
CONT2026002969,IMPORT,NSICT,VC202600186
CONT2026002970,IMPORT,NSICT,VC202600186
CONT2026002971,EXPORT,NSICT,VC202600186
CONT2026002972,IMPORT,NSICT,VC202600186
CONT2026002973,EXPORT,NSICT,VC202600186
CONT2026002974,IMPORT,NSICT,VC202600186
CONT2026002975,IMPORT,NSICT,VC202600186
CONT2026002976,EXPORT,NSICT,VC202600186
CONT2026002977,IMPORT,NSICT,VC202600186
CONT2026002978,EXPORT,NSICT,VC202600186
CONT2026002979,EXPORT,NSICT,VC202600186
CONT2026002980,EXPORT,NSICT,VC202600186
CONT2026002981,EXPORT,BMCT,VC202600187
CONT2026002982,IMPORT,BMCT,VC202600187
CONT2026002983,EXPORT,BMCT,VC202600187
CONT2026002984,IMPORT,BMCT,VC202600187
CONT2026002985,EXPORT,BMCT,VC202600187
CONT2026002986,IMPORT,BMCT,VC202600187
CONT2026002987,EXPORT,BMCT,VC202600187
CONT2026002988,IMPORT,BMCT,VC202600187
CONT2026002989,EXPORT,BMCT,VC202600187
CONT2026002990,EXPORT,BMCT,VC202600187
CONT2026002991,IMPORT,BMCT,VC202600187
CONT2026002992,EXPORT,BMCT,VC202600187
CONT2026002993,EXPORT,BMCT,VC202600187
CONT2026002994,EXPORT,BMCT,VC202600187
CONT2026002995,EXPORT,BMCT,VC202600187
CONT2026002996,EXPORT,BMCT,VC202600187
CONT2026002997,EXPORT,BMCT,VC202600187
CONT2026002998,IMPORT,BMCT,VC202600187
CONT2026002999,EXPORT,BMCT,VC202600187
CONT2026003000,EXPORT,BMCT,VC202600187
CONT2026003001,EXPORT,BMCT,VC202600187
CONT2026003002,EXPORT,BMCT,VC202600187
CONT2026003003,EXPORT,BMCT,VC202600187
CONT2026003004,EXPORT,BMCT,VC202600187
CONT2026003005,EXPORT,BMCT,VC202600187
CONT2026003006,IMPORT,BMCT,VC202600187
CONT2026003007,IMPORT,BMCT,VC202600187
CONT2026003008,IMPORT,BMCT,VC202600187
CONT2026003009,EXPORT,BMCT,VC202600187
CONT2026003010,EXPORT,BMCT,VC202600187
CONT2026003011,IMPORT,BMCT,VC202600187
CONT2026003012,EXPORT,NSFT,VC202600188
CONT2026003013,IMPORT,NSFT,VC202600188
CONT2026003014,IMPORT,NSFT,VC202600188
CONT2026003015,IMPORT,NSFT,VC202600188
CONT2026003016,EXPORT,NSFT,VC202600188
CONT2026003017,EXPORT,NSFT,VC202600188
CONT2026003018,EXPORT,NSFT,VC202600188
CONT2026003019,IMPORT,NSFT,VC202600188
CONT2026003020,IMPORT,NSICT,VC202600189
CONT2026003021,EXPORT,NSICT,VC202600189
CONT2026003022,EXPORT,NSICT,VC202600189
CONT2026003023,IMPORT,NSICT,VC202600189
CONT2026003024,IMPORT,NSICT,VC202600189
CONT2026003025,IMPORT,NSICT,VC202600189
CONT2026003026,EXPORT,NSICT,VC202600189
CONT2026003027,EXPORT,NSICT,VC202600189
CONT2026003028,IMPORT,NSICT,VC202600189
CONT2026003029,EXPORT,NSICT,VC202600189
CONT2026003030,IMPORT,NSICT,VC202600189
CONT2026003031,EXPORT,GTI,VC202600190
CONT2026003032,EXPORT,GTI,VC202600190
CONT2026003033,IMPORT,GTI,VC202600190
CONT2026003034,IMPORT,GTI,VC202600190
CONT2026003035,EXPORT,GTI,VC202600190
CONT2026003036,EXPORT,GTI,VC202600190
CONT2026003037,EXPORT,GTI,VC202600190
CONT2026003038,EXPORT,GTI,VC202600190
CONT2026003039,IMPORT,GTI,VC202600191
CONT2026003040,EXPORT,GTI,VC202600191
CONT2026003041,EXPORT,GTI,VC202600191
CONT2026003042,EXPORT,GTI,VC202600191
CONT2026003043,IMPORT,GTI,VC202600191
CONT2026003044,IMPORT,GTI,VC202600191
CONT2026003045,EXPORT,GTI,VC202600191
CONT2026003046,EXPORT,GTI,VC202600191
CONT2026003047,EXPORT,GTI,VC202600191
CONT2026003048,IMPORT,GTI,VC202600191
CONT2026003049,IMPORT,GTI,VC202600192
CONT2026003050,EXPORT,GTI,VC202600192
CONT2026003051,EXPORT,GTI,VC202600192
CONT2026003052,IMPORT,GTI,VC202600192
CONT2026003053,EXPORT,GTI,VC202600192
CONT2026003054,IMPORT,GTI,VC202600192
CONT2026003055,EXPORT,GTI,VC202600192
CONT2026003056,EXPORT,GTI,VC202600192
CONT2026003057,IMPORT,GTI,VC202600192
CONT2026003058,EXPORT,GTI,VC202600192
CONT2026003059,EXPORT,GTI,VC202600192
CONT2026003060,IMPORT,GTI,VC202600192
CONT2026003061,IMPORT,GTI,VC202600192
CONT2026003062,IMPORT,GTI,VC202600192
CONT2026003063,IMPORT,NSIGT,VC202600193
CONT2026003064,IMPORT,NSIGT,VC202600193
CONT2026003065,IMPORT,NSIGT,VC202600193
CONT2026003066,IMPORT,NSIGT,VC202600193
CONT2026003067,IMPORT,NSIGT,VC202600193
CONT2026003068,IMPORT,NSIGT,VC202600193
CONT2026003069,IMPORT,NSIGT,VC202600193
CONT2026003070,IMPORT,NSIGT,VC202600193
CONT2026003071,EXPORT,NSIGT,VC202600193
CONT2026003072,IMPORT,NSIGT,VC202600193
CONT2026003073,EXPORT,NSIGT,VC202600193
CONT2026003074,IMPORT,NSIGT,VC202600193
CONT2026003075,EXPORT,NSIGT,VC202600193
CONT2026003076,EXPORT,NSIGT,VC202600193
CONT2026003077,IMPORT,NSIGT,VC202600193
CONT2026003078,EXPORT,NSIGT,VC202600193
CONT2026003079,IMPORT,NSIGT,VC202600194
CONT2026003080,IMPORT,NSIGT,VC202600194
CONT2026003081,IMPORT,NSIGT,VC202600194
CONT2026003082,IMPORT,NSIGT,VC202600194
CONT2026003083,IMPORT,NSIGT,VC202600194
CONT2026003084,IMPORT,NSIGT,VC202600194
CONT2026003085,IMPORT,NSIGT,VC202600194
CONT2026003086,IMPORT,NSIGT,VC202600194
CONT2026003087,IMPORT,NSIGT,VC202600194
CONT2026003088,EXPORT,NSIGT,VC202600194
CONT2026003089,IMPORT,NSIGT,VC202600194
CONT2026003090,IMPORT,NSIGT,VC202600194
CONT2026003091,IMPORT,NSIGT,VC202600194
CONT2026003092,IMPORT,NSIGT,VC202600194
CONT2026003093,IMPORT,NSIGT,VC202600194
CONT2026003094,IMPORT,NSICT,VC202600195
CONT2026003095,IMPORT,NSICT,VC202600195
CONT2026003096,IMPORT,NSICT,VC202600195
CONT2026003097,IMPORT,NSICT,VC202600195
CONT2026003098,EXPORT,NSICT,VC202600195
CONT2026003099,IMPORT,NSICT,VC202600195
CONT2026003100,IMPORT,NSICT,VC202600195
CONT2026003101,EXPORT,NSICT,VC202600195
CONT2026003102,EXPORT,NSICT,VC202600195
CONT2026003103,IMPORT,NSICT,VC202600195
CONT2026003104,EXPORT,NSICT,VC202600195
CONT2026003105,EXPORT,NSICT,VC202600195
CONT2026003106,IMPORT,NSICT,VC202600195
CONT2026003107,EXPORT,NSICT,VC202600195
CONT2026003108,EXPORT,NSICT,VC202600195
CONT2026003109,IMPORT,NSICT,VC202600195
CONT2026003110,IMPORT,NSICT,VC202600195
CONT2026003111,EXPORT,NSICT,VC202600195
CONT2026003112,EXPORT,NSICT,VC202600195
CONT2026003113,EXPORT,NSICT,VC202600195
CONT2026003114,IMPORT,NSICT,VC202600195
CONT2026003115,IMPORT,NSICT,VC202600195
CONT2026003116,EXPORT,NSICT,VC202600195
CONT2026003117,EXPORT,NSICT,VC202600195
CONT2026003118,EXPORT,NSICT,VC202600195
CONT2026003119,IMPORT,NSICT,VC202600195
CONT2026003120,EXPORT,NSICT,VC202600195
CONT2026003121,IMPORT,NSICT,VC202600195
CONT2026003122,IMPORT,NSICT,VC202600195
CONT2026003123,EXPORT,NSICT,VC202600195
CONT2026003124,EXPORT,NSICT,VC202600195
CONT2026003125,IMPORT,NSICT,VC202600195
CONT2026003126,IMPORT,NSICT,VC202600195
CONT2026003127,EXPORT,NSIGT,VC202600196
CONT2026003128,IMPORT,NSIGT,VC202600196
CONT2026003129,IMPORT,NSIGT,VC202600196
CONT2026003130,EXPORT,NSIGT,VC202600196
CONT2026003131,IMPORT,NSIGT,VC202600196
CONT2026003132,EXPORT,NSIGT,VC202600196
CONT2026003133,EXPORT,NSIGT,VC202600196
CONT2026003134,IMPORT,NSIGT,VC202600196
CONT2026003135,EXPORT,NSIGT,VC202600196
CONT2026003136,IMPORT,NSIGT,VC202600196
CONT2026003137,EXPORT,NSIGT,VC202600196
CONT2026003138,EXPORT,NSIGT,VC202600196
CONT2026003139,EXPORT,NSIGT,VC202600196
CONT2026003140,IMPORT,NSIGT,VC202600196
CONT2026003141,EXPORT,NSIGT,VC202600196
CONT2026003142,EXPORT,NSIGT,VC202600196
CONT2026003143,EXPORT,NSIGT,VC202600196
CONT2026003144,IMPORT,NSIGT,VC202600196
CONT2026003145,IMPORT,NSIGT,VC202600196
CONT2026003146,IMPORT,NSIGT,VC202600196
CONT2026003147,IMPORT,NSIGT,VC202600196
CONT2026003148,EXPORT,NSIGT,VC202600196
CONT2026003149,EXPORT,NSIGT,VC202600196
CONT2026003150,EXPORT,NSIGT,VC202600196
CONT2026003151,IMPORT,NSIGT,VC202600196
CONT2026003152,EXPORT,NSIGT,VC202600196
CONT2026003153,EXPORT,NSIGT,VC202600196
CONT2026003154,IMPORT,NSIGT,VC202600196
CONT2026003155,EXPORT,NSIGT,VC202600196
CONT2026003156,IMPORT,NSIGT,VC202600196
CONT2026003157,IMPORT,NSIGT,VC202600196
CONT2026003158,EXPORT,NSIGT,VC202600196
CONT2026003159,EXPORT,NSIGT,VC202600196
CONT2026003160,IMPORT,NSIGT,VC202600196
CONT2026003161,IMPORT,NSIGT,VC202600196
CONT2026003162,IMPORT,NSIGT,VC202600196
CONT2026003163,EXPORT,NSIGT,VC202600196
CONT2026003164,EXPORT,NSIGT,VC202600196
CONT2026003165,EXPORT,NSIGT,VC202600196
CONT2026003166,EXPORT,NSIGT,VC202600196
CONT2026003167,EXPORT,NSIGT,VC202600196
CONT2026003168,IMPORT,NSFT,VC202600197
CONT2026003169,EXPORT,NSFT,VC202600197
CONT2026003170,EXPORT,NSFT,VC202600197
CONT2026003171,EXPORT,NSFT,VC202600197
CONT2026003172,EXPORT,NSFT,VC202600197
CONT2026003173,EXPORT,NSFT,VC202600197
CONT2026003174,EXPORT,NSFT,VC202600197
CONT2026003175,EXPORT,NSFT,VC202600197
CONT2026003176,EXPORT,NSFT,VC202600197
CONT2026003177,IMPORT,NSFT,VC202600197
CONT2026003178,EXPORT,NSFT,VC202600197
CONT2026003179,IMPORT,NSFT,VC202600198
CONT2026003180,IMPORT,NSFT,VC202600198
CONT2026003181,EXPORT,NSFT,VC202600198
CONT2026003182,IMPORT,NSFT,VC202600198
CONT2026003183,EXPORT,NSFT,VC202600198
CONT2026003184,IMPORT,NSFT,VC202600198
CONT2026003185,EXPORT,NSFT,VC202600198
CONT2026003186,EXPORT,NSFT,VC202600198
CONT2026003187,IMPORT,NSFT,VC202600198
CONT2026003188,EXPORT,NSFT,VC202600198
CONT2026003189,EXPORT,NSFT,VC202600198
CONT2026003190,IMPORT,NSFT,VC202600198
CONT2026003191,IMPORT,NSFT,VC202600198
CONT2026003192,IMPORT,NSFT,VC202600198
CONT2026003193,EXPORT,NSFT,VC202600198
CONT2026003194,IMPORT,NSFT,VC202600198
CONT2026003195,EXPORT,NSFT,VC202600198
CONT2026003196,IMPORT,NSFT,VC202600198
CONT2026003197,IMPORT,NSFT,VC202600198
CONT2026003198,EXPORT,NSFT,VC202600198
CONT2026003199,EXPORT,NSFT,VC202600198
CONT2026003200,IMPORT,NSFT,VC202600198
CONT2026003201,EXPORT,NSFT,VC202600198
CONT2026003202,IMPORT,NSFT,VC202600198
CONT2026003203,EXPORT,BMCT,VC202600199
CONT2026003204,EXPORT,BMCT,VC202600199
CONT2026003205,EXPORT,BMCT,VC202600199
CONT2026003206,IMPORT,BMCT,VC202600199
CONT2026003207,IMPORT,BMCT,VC202600199
CONT2026003208,EXPORT,BMCT,VC202600199
CONT2026003209,EXPORT,BMCT,VC202600199
CONT2026003210,EXPORT,BMCT,VC202600199
CONT2026003211,EXPORT,BMCT,VC202600199
CONT2026003212,IMPORT,BMCT,VC202600199
CONT2026003213,EXPORT,BMCT,VC202600199
CONT2026003214,EXPORT,BMCT,VC202600199
CONT2026003215,EXPORT,BMCT,VC202600199
CONT2026003216,IMPORT,BMCT,VC202600199
CONT2026003217,EXPORT,BMCT,VC202600199
CONT2026003218,IMPORT,BMCT,VC202600199
CONT2026003219,IMPORT,BMCT,VC202600199
CONT2026003220,EXPORT,BMCT,VC202600199
CONT2026003221,EXPORT,BMCT,VC202600200
CONT2026003222,IMPORT,BMCT,VC202600200
CONT2026003223,EXPORT,BMCT,VC202600200
CONT2026003224,IMPORT,BMCT,VC202600200
CONT2026003225,EXPORT,BMCT,VC202600200
CONT2026003226,IMPORT,BMCT,VC202600200
CONT2026003227,IMPORT,BMCT,VC202600200
CONT2026003228,EXPORT,BMCT,VC202600200
CONT2026003229,IMPORT,BMCT,VC202600200
CONT2026003230,IMPORT,BMCT,VC202600200
CONT2026003231,EXPORT,BMCT,VC202600200
CONT2026003232,EXPORT,BMCT,VC202600200
CONT2026003233,EXPORT,BMCT,VC202600200
CONT2026003234,EXPORT,BMCT,VC202600200
CONT2026003235,EXPORT,BMCT,VC202600200
CONT2026003236,IMPORT,BMCT,VC202600200
CONT2026003237,EXPORT,BMCT,VC202600200
CONT2026003238,EXPORT,BMCT,VC202600200
CONT2026003239,EXPORT,BMCT,VC202600200
CONT2026003240,IMPORT,NSFT,VC202600201
CONT2026003241,EXPORT,NSFT,VC202600201
CONT2026003242,EXPORT,NSFT,VC202600201
CONT2026003243,EXPORT,NSFT,VC202600201
CONT2026003244,IMPORT,NSFT,VC202600201
CONT2026003245,EXPORT,NSFT,VC202600201
CONT2026003246,EXPORT,NSFT,VC202600201
CONT2026003247,EXPORT,NSFT,VC202600201
CONT2026003248,EXPORT,NSFT,VC202600201
CONT2026003249,IMPORT,NSFT,VC202600201
CONT2026003250,EXPORT,NSFT,VC202600201
CONT2026003251,IMPORT,NSFT,VC202600201
CONT2026003252,EXPORT,GTI,VC202600202
CONT2026003253,EXPORT,GTI,VC202600202
CONT2026003254,EXPORT,GTI,VC202600202
CONT2026003255,IMPORT,GTI,VC202600202
CONT2026003256,IMPORT,GTI,VC202600202
CONT2026003257,EXPORT,GTI,VC202600202
CONT2026003258,IMPORT,GTI,VC202600202
CONT2026003259,IMPORT,GTI,VC202600202
CONT2026003260,EXPORT,GTI,VC202600202
CONT2026003261,EXPORT,GTI,VC202600202
CONT2026003262,IMPORT,GTI,VC202600202
CONT2026003263,EXPORT,GTI,VC202600202
CONT2026003264,EXPORT,GTI,VC202600202
CONT2026003265,EXPORT,GTI,VC202600202
CONT2026003266,EXPORT,GTI,VC202600202
CONT2026003267,IMPORT,NSICT,VC202600203
CONT2026003268,IMPORT,NSICT,VC202600203
CONT2026003269,EXPORT,NSICT,VC202600203
CONT2026003270,EXPORT,NSICT,VC202600203
CONT2026003271,EXPORT,NSICT,VC202600203
CONT2026003272,IMPORT,NSICT,VC202600203
CONT2026003273,IMPORT,NSICT,VC202600203
CONT2026003274,EXPORT,NSICT,VC202600203
CONT2026003275,IMPORT,NSICT,VC202600203
CONT2026003276,EXPORT,NSICT,VC202600203
CONT2026003277,EXPORT,NSICT,VC202600203
CONT2026003278,EXPORT,NSICT,VC202600203
CONT2026003279,IMPORT,BMCT,VC202600204
CONT2026003280,IMPORT,BMCT,VC202600204
CONT2026003281,IMPORT,BMCT,VC202600204
CONT2026003282,EXPORT,BMCT,VC202600204
CONT2026003283,IMPORT,BMCT,VC202600204
CONT2026003284,EXPORT,BMCT,VC202600204
CONT2026003285,IMPORT,BMCT,VC202600204
CONT2026003286,EXPORT,BMCT,VC202600204
CONT2026003287,EXPORT,BMCT,VC202600204
CONT2026003288,IMPORT,BMCT,VC202600204
CONT2026003289,IMPORT,BMCT,VC202600204
CONT2026003290,EXPORT,BMCT,VC202600204
CONT2026003291,EXPORT,BMCT,VC202600204
CONT2026003292,IMPORT,BMCT,VC202600204
CONT2026003293,IMPORT,BMCT,VC202600204
CONT2026003294,IMPORT,BMCT,VC202600204
CONT2026003295,IMPORT,BMCT,VC202600204
CONT2026003296,IMPORT,BMCT,VC202600204
CONT2026003297,EXPORT,BMCT,VC202600204
CONT2026003298,EXPORT,BMCT,VC202600204
CONT2026003299,EXPORT,BMCT,VC202600204
CONT2026003300,IMPORT,BMCT,VC202600204
CONT2026003301,EXPORT,BMCT,VC202600204
CONT2026003302,IMPORT,BMCT,VC202600204
CONT2026003303,EXPORT,BMCT,VC202600204
CONT2026003304,EXPORT,BMCT,VC202600204
CONT2026003305,IMPORT,GTI,VC202600205
CONT2026003306,EXPORT,GTI,VC202600205
CONT2026003307,EXPORT,GTI,VC202600205
CONT2026003308,IMPORT,GTI,VC202600205
CONT2026003309,IMPORT,GTI,VC202600205
CONT2026003310,IMPORT,GTI,VC202600205
CONT2026003311,IMPORT,GTI,VC202600205
CONT2026003312,IMPORT,NSFT,VC202600206
CONT2026003313,IMPORT,NSFT,VC202600206
CONT2026003314,EXPORT,NSFT,VC202600206
CONT2026003315,EXPORT,NSFT,VC202600206
CONT2026003316,EXPORT,NSFT,VC202600206
CONT2026003317,EXPORT,NSFT,VC202600206
CONT2026003318,EXPORT,NSFT,VC202600206
CONT2026003319,EXPORT,NSFT,VC202600206
CONT2026003320,EXPORT,NSFT,VC202600206
CONT2026003321,IMPORT,NSFT,VC202600206
CONT2026003322,EXPORT,NSFT,VC202600206
CONT2026003323,EXPORT,NSFT,VC202600206
CONT2026003324,IMPORT,NSFT,VC202600206
CONT2026003325,EXPORT,NSFT,VC202600206
CONT2026003326,EXPORT,NSFT,VC202600206
CONT2026003327,EXPORT,NSFT,VC202600206
CONT2026003328,EXPORT,NSFT,VC202600206
CONT2026003329,EXPORT,NSFT,VC202600206
CONT2026003330,EXPORT,NSFT,VC202600206
CONT2026003331,IMPORT,NSIGT,VC202600207
CONT2026003332,IMPORT,NSIGT,VC202600207
CONT2026003333,EXPORT,NSIGT,VC202600207
CONT2026003334,EXPORT,NSIGT,VC202600207
CONT2026003335,IMPORT,NSIGT,VC202600207
CONT2026003336,EXPORT,NSIGT,VC202600207
CONT2026003337,EXPORT,NSIGT,VC202600207
CONT2026003338,IMPORT,NSIGT,VC202600207
CONT2026003339,EXPORT,NSIGT,VC202600207
CONT2026003340,IMPORT,NSIGT,VC202600207
CONT2026003341,EXPORT,NSIGT,VC202600207
CONT2026003342,EXPORT,NSIGT,VC202600207
CONT2026003343,EXPORT,NSIGT,VC202600207
CONT2026003344,EXPORT,NSIGT,VC202600207
CONT2026003345,EXPORT,NSIGT,VC202600207
CONT2026003346,IMPORT,NSIGT,VC202600207
CONT2026003347,IMPORT,NSIGT,VC202600207
CONT2026003348,EXPORT,NSIGT,VC202600207
CONT2026003349,EXPORT,NSIGT,VC202600207
CONT2026003350,EXPORT,NSIGT,VC202600207
CONT2026003351,EXPORT,NSIGT,VC202600207
CONT2026003352,IMPORT,NSIGT,VC202600207
CONT2026003353,EXPORT,NSIGT,VC202600207
CONT2026003354,EXPORT,NSIGT,VC202600207
CONT2026003355,EXPORT,NSIGT,VC202600207
CONT2026003356,IMPORT,NSIGT,VC202600207
CONT2026003357,EXPORT,NSIGT,VC202600207
CONT2026003358,EXPORT,NSIGT,VC202600207
CONT2026003359,EXPORT,NSIGT,VC202600207
CONT2026003360,IMPORT,NSIGT,VC202600207
CONT2026003361,IMPORT,NSIGT,VC202600207
CONT2026003362,EXPORT,NSIGT,VC202600207
CONT2026003363,EXPORT,NSFT,VC202600208
CONT2026003364,IMPORT,NSFT,VC202600208
CONT2026003365,EXPORT,NSFT,VC202600208
CONT2026003366,IMPORT,NSFT,VC202600208
CONT2026003367,IMPORT,NSFT,VC202600208
CONT2026003368,EXPORT,NSFT,VC202600208
CONT2026003369,EXPORT,NSFT,VC202600208
CONT2026003370,EXPORT,NSFT,VC202600208
CONT2026003371,EXPORT,NSFT,VC202600208
CONT2026003372,EXPORT,NSFT,VC202600208
CONT2026003373,EXPORT,NSFT,VC202600208
CONT2026003374,IMPORT,NSFT,VC202600208
CONT2026003375,IMPORT,NSFT,VC202600208
CONT2026003376,IMPORT,NSFT,VC202600208
CONT2026003377,IMPORT,NSFT,VC202600208
CONT2026003378,IMPORT,NSFT,VC202600208
CONT2026003379,EXPORT,NSFT,VC202600208
CONT2026003380,IMPORT,NSIGT,VC202600209
CONT2026003381,IMPORT,NSIGT,VC202600209
CONT2026003382,IMPORT,NSIGT,VC202600209
CONT2026003383,IMPORT,NSIGT,VC202600209
CONT2026003384,EXPORT,NSIGT,VC202600209
CONT2026003385,EXPORT,NSIGT,VC202600209
CONT2026003386,IMPORT,NSFT,VC202600210
CONT2026003387,IMPORT,NSFT,VC202600210
CONT2026003388,EXPORT,NSFT,VC202600210
CONT2026003389,IMPORT,NSFT,VC202600210
CONT2026003390,EXPORT,NSFT,VC202600210
CONT2026003391,IMPORT,NSFT,VC202600210
CONT2026003392,IMPORT,NSFT,VC202600210
CONT2026003393,EXPORT,NSFT,VC202600210
CONT2026003394,EXPORT,NSFT,VC202600210
CONT2026003395,EXPORT,NSFT,VC202600210
CONT2026003396,EXPORT,NSFT,VC202600210
CONT2026003397,IMPORT,GTI,VC202600211
CONT2026003398,IMPORT,GTI,VC202600211
CONT2026003399,EXPORT,GTI,VC202600211
CONT2026003400,IMPORT,GTI,VC202600211
CONT2026003401,EXPORT,GTI,VC202600211
CONT2026003402,IMPORT,GTI,VC202600211
CONT2026003403,EXPORT,GTI,VC202600211
CONT2026003404,EXPORT,GTI,VC202600211
CONT2026003405,IMPORT,GTI,VC202600211
CONT2026003406,EXPORT,GTI,VC202600211
CONT2026003407,EXPORT,GTI,VC202600211
CONT2026003408,IMPORT,GTI,VC202600211
CONT2026003409,IMPORT,NSICT,VC202600212
CONT2026003410,IMPORT,NSICT,VC202600212
CONT2026003411,IMPORT,NSICT,VC202600212
CONT2026003412,EXPORT,NSICT,VC202600212
CONT2026003413,IMPORT,NSICT,VC202600212
CONT2026003414,IMPORT,NSICT,VC202600212
CONT2026003415,IMPORT,NSICT,VC202600212
CONT2026003416,IMPORT,NSICT,VC202600212
CONT2026003417,IMPORT,NSICT,VC202600212
CONT2026003418,IMPORT,NSICT,VC202600212
CONT2026003419,IMPORT,NSICT,VC202600212
CONT2026003420,EXPORT,NSICT,VC202600212
CONT2026003421,IMPORT,NSICT,VC202600212
CONT2026003422,IMPORT,NSICT,VC202600212
CONT2026003423,IMPORT,NSICT,VC202600212
CONT2026003424,EXPORT,NSICT,VC202600212
CONT2026003425,EXPORT,NSICT,VC202600212
CONT2026003426,IMPORT,NSICT,VC202600212
CONT2026003427,EXPORT,NSICT,VC202600212
CONT2026003428,EXPORT,NSICT,VC202600212
CONT2026003429,IMPORT,NSICT,VC202600212
CONT2026003430,EXPORT,NSICT,VC202600212
CONT2026003431,EXPORT,GTI,VC202600213
CONT2026003432,EXPORT,GTI,VC202600213
CONT2026003433,EXPORT,GTI,VC202600213
CONT2026003434,EXPORT,GTI,VC202600213
CONT2026003435,EXPORT,GTI,VC202600213
CONT2026003436,EXPORT,GTI,VC202600213
CONT2026003437,EXPORT,GTI,VC202600213
CONT2026003438,IMPORT,GTI,VC202600213
CONT2026003439,IMPORT,GTI,VC202600213
CONT2026003440,EXPORT,NSFT,VC202600214
CONT2026003441,EXPORT,NSFT,VC202600214
CONT2026003442,IMPORT,NSFT,VC202600214
CONT2026003443,IMPORT,NSFT,VC202600214
CONT2026003444,EXPORT,NSFT,VC202600214
CONT2026003445,EXPORT,NSFT,VC202600214
CONT2026003446,IMPORT,NSFT,VC202600214
CONT2026003447,IMPORT,NSFT,VC202600214
CONT2026003448,IMPORT,NSFT,VC202600214
CONT2026003449,EXPORT,NSFT,VC202600214
CONT2026003450,EXPORT,NSFT,VC202600214
CONT2026003451,EXPORT,NSFT,VC202600214
CONT2026003452,EXPORT,NSFT,VC202600214
CONT2026003453,EXPORT,NSFT,VC202600214
CONT2026003454,EXPORT,NSFT,VC202600214
CONT2026003455,IMPORT,NSFT,VC202600214
CONT2026003456,IMPORT,NSFT,VC202600214
CONT2026003457,IMPORT,NSFT,VC202600214
CONT2026003458,EXPORT,NSIGT,VC202600215
CONT2026003459,EXPORT,NSIGT,VC202600215
CONT2026003460,IMPORT,NSIGT,VC202600215
CONT2026003461,EXPORT,NSIGT,VC202600215
CONT2026003462,EXPORT,NSIGT,VC202600215
CONT2026003463,EXPORT,NSIGT,VC202600215
CONT2026003464,EXPORT,NSIGT,VC202600215
CONT2026003465,EXPORT,NSFT,VC202600216
CONT2026003466,EXPORT,NSFT,VC202600216
CONT2026003467,EXPORT,NSFT,VC202600216
CONT2026003468,IMPORT,NSFT,VC202600216
CONT2026003469,IMPORT,NSFT,VC202600216
CONT2026003470,IMPORT,NSFT,VC202600216
CONT2026003471,IMPORT,NSFT,VC202600216
CONT2026003472,IMPORT,NSFT,VC202600216
CONT2026003473,EXPORT,NSFT,VC202600216
CONT2026003474,EXPORT,NSFT,VC202600216
CONT2026003475,IMPORT,NSFT,VC202600216
CONT2026003476,EXPORT,NSFT,VC202600216
CONT2026003477,EXPORT,NSFT,VC202600216
CONT2026003478,IMPORT,NSFT,VC202600216
CONT2026003479,EXPORT,NSFT,VC202600216
CONT2026003480,EXPORT,NSFT,VC202600216
CONT2026003481,IMPORT,NSFT,VC202600216
CONT2026003482,IMPORT,NSFT,VC202600216
CONT2026003483,EXPORT,NSFT,VC202600216
CONT2026003484,IMPORT,NSFT,VC202600216
CONT2026003485,EXPORT,NSFT,VC202600216
CONT2026003486,EXPORT,NSFT,VC202600216
CONT2026003487,EXPORT,NSFT,VC202600216
CONT2026003488,EXPORT,NSFT,VC202600216
CONT2026003489,IMPORT,NSFT,VC202600216
CONT2026003490,IMPORT,NSFT,VC202600216
CONT2026003491,EXPORT,NSFT,VC202600216
CONT2026003492,EXPORT,NSFT,VC202600216
CONT2026003493,EXPORT,NSFT,VC202600216
CONT2026003494,EXPORT,NSFT,VC202600216
CONT2026003495,EXPORT,NSFT,VC202600216
CONT2026003496,EXPORT,NSFT,VC202600216
CONT2026003497,IMPORT,NSFT,VC202600216
CONT2026003498,IMPORT,NSFT,VC202600216
CONT2026003499,IMPORT,NSFT,VC202600216
CONT2026003500,EXPORT,NSFT,VC202600216
CONT2026003501,EXPORT,NSFT,VC202600216
CONT2026003502,IMPORT,NSFT,VC202600216
CONT2026003503,IMPORT,NSFT,VC202600216
CONT2026003504,IMPORT,NSFT,VC202600216
CONT2026003505,EXPORT,NSFT,VC202600216
CONT2026003506,IMPORT,NSFT,VC202600216
CONT2026003507,IMPORT,NSFT,VC202600216
CONT2026003508,EXPORT,NSICT,VC202600217
CONT2026003509,EXPORT,NSICT,VC202600217
CONT2026003510,IMPORT,NSICT,VC202600217
CONT2026003511,EXPORT,NSICT,VC202600217
CONT2026003512,EXPORT,NSICT,VC202600217
CONT2026003513,IMPORT,NSICT,VC202600217
CONT2026003514,IMPORT,NSICT,VC202600217
CONT2026003515,IMPORT,NSICT,VC202600217
CONT2026003516,EXPORT,NSICT,VC202600217
CONT2026003517,EXPORT,NSICT,VC202600217
CONT2026003518,EXPORT,NSICT,VC202600217
CONT2026003519,EXPORT,NSICT,VC202600217
CONT2026003520,IMPORT,NSICT,VC202600217
CONT2026003521,EXPORT,NSICT,VC202600217
CONT2026003522,EXPORT,NSICT,VC202600217
CONT2026003523,IMPORT,NSICT,VC202600217
CONT2026003524,IMPORT,NSICT,VC202600217
CONT2026003525,EXPORT,NSICT,VC202600217
CONT2026003526,IMPORT,NSICT,VC202600217
CONT2026003527,EXPORT,NSICT,VC202600217
CONT2026003528,EXPORT,NSICT,VC202600218
CONT2026003529,IMPORT,NSICT,VC202600218
CONT2026003530,EXPORT,NSICT,VC202600218
CONT2026003531,IMPORT,NSICT,VC202600218
CONT2026003532,IMPORT,NSICT,VC202600218
CONT2026003533,IMPORT,NSICT,VC202600218
CONT2026003534,EXPORT,NSICT,VC202600218
CONT2026003535,EXPORT,NSICT,VC202600218
CONT2026003536,EXPORT,NSICT,VC202600218
CONT2026003537,EXPORT,NSICT,VC202600218
CONT2026003538,EXPORT,NSICT,VC202600218
CONT2026003539,EXPORT,NSICT,VC202600218
CONT2026003540,IMPORT,NSICT,VC202600218
CONT2026003541,EXPORT,NSICT,VC202600218
CONT2026003542,EXPORT,NSICT,VC202600218
CONT2026003543,IMPORT,NSICT,VC202600218
CONT2026003544,IMPORT,NSICT,VC202600218
CONT2026003545,EXPORT,NSICT,VC202600218
CONT2026003546,IMPORT,NSICT,VC202600218
CONT2026003547,EXPORT,NSICT,VC202600218
CONT2026003548,IMPORT,NSICT,VC202600218
CONT2026003549,IMPORT,NSICT,VC202600218
CONT2026003550,IMPORT,NSICT,VC202600218
CONT2026003551,EXPORT,NSICT,VC202600218
CONT2026003552,EXPORT,NSICT,VC202600218
CONT2026003553,EXPORT,NSICT,VC202600218
CONT2026003554,EXPORT,NSICT,VC202600218
CONT2026003555,EXPORT,NSICT,VC202600218
CONT2026003556,EXPORT,BMCT,VC202600219
CONT2026003557,IMPORT,BMCT,VC202600219
CONT2026003558,EXPORT,BMCT,VC202600219
CONT2026003559,EXPORT,BMCT,VC202600219
CONT2026003560,EXPORT,BMCT,VC202600219
CONT2026003561,IMPORT,BMCT,VC202600219
CONT2026003562,EXPORT,BMCT,VC202600220
CONT2026003563,EXPORT,BMCT,VC202600220
CONT2026003564,EXPORT,BMCT,VC202600220
CONT2026003565,EXPORT,BMCT,VC202600220
CONT2026003566,IMPORT,BMCT,VC202600220
CONT2026003567,IMPORT,BMCT,VC202600220
CONT2026003568,EXPORT,NSIGT,VC202600221
CONT2026003569,EXPORT,NSIGT,VC202600221
CONT2026003570,IMPORT,NSIGT,VC202600221
CONT2026003571,EXPORT,NSIGT,VC202600221
CONT2026003572,IMPORT,NSIGT,VC202600221
CONT2026003573,IMPORT,NSIGT,VC202600221
CONT2026003574,IMPORT,NSIGT,VC202600221
CONT2026003575,IMPORT,NSIGT,VC202600221
CONT2026003576,EXPORT,NSIGT,VC202600221
CONT2026003577,IMPORT,NSIGT,VC202600221
CONT2026003578,EXPORT,NSIGT,VC202600221
CONT2026003579,IMPORT,NSIGT,VC202600221
CONT2026003580,EXPORT,NSIGT,VC202600221
CONT2026003581,IMPORT,NSIGT,VC202600221
CONT2026003582,IMPORT,NSIGT,VC202600221
CONT2026003583,IMPORT,NSIGT,VC202600221
CONT2026003584,EXPORT,NSIGT,VC202600221
CONT2026003585,EXPORT,NSIGT,VC202600221
CONT2026003586,EXPORT,NSIGT,VC202600221
CONT2026003587,IMPORT,NSIGT,VC202600221
CONT2026003588,EXPORT,NSIGT,VC202600221
CONT2026003589,IMPORT,NSICT,VC202600222
CONT2026003590,EXPORT,NSICT,VC202600222
CONT2026003591,IMPORT,NSICT,VC202600222
CONT2026003592,IMPORT,NSICT,VC202600222
CONT2026003593,IMPORT,NSICT,VC202600222
CONT2026003594,EXPORT,NSICT,VC202600222
CONT2026003595,IMPORT,NSICT,VC202600222
CONT2026003596,EXPORT,NSICT,VC202600222
CONT2026003597,EXPORT,NSICT,VC202600222
CONT2026003598,EXPORT,NSICT,VC202600222
CONT2026003599,IMPORT,NSICT,VC202600222
CONT2026003600,IMPORT,NSICT,VC202600222
CONT2026003601,IMPORT,NSICT,VC202600222
CONT2026003602,IMPORT,NSICT,VC202600222
CONT2026003603,IMPORT,NSICT,VC202600222
CONT2026003604,EXPORT,NSICT,VC202600223
CONT2026003605,IMPORT,NSICT,VC202600223
CONT2026003606,IMPORT,NSICT,VC202600223
CONT2026003607,IMPORT,NSICT,VC202600223
CONT2026003608,IMPORT,NSICT,VC202600223
CONT2026003609,IMPORT,NSICT,VC202600223
CONT2026003610,EXPORT,NSICT,VC202600223
CONT2026003611,IMPORT,NSICT,VC202600223
CONT2026003612,IMPORT,NSICT,VC202600223
CONT2026003613,EXPORT,NSICT,VC202600223
CONT2026003614,IMPORT,NSICT,VC202600223
CONT2026003615,IMPORT,NSICT,VC202600223
CONT2026003616,IMPORT,NSICT,VC202600223
CONT2026003617,IMPORT,NSICT,VC202600223
CONT2026003618,IMPORT,GTI,VC202600224
CONT2026003619,EXPORT,GTI,VC202600224
CONT2026003620,IMPORT,GTI,VC202600224
CONT2026003621,EXPORT,GTI,VC202600224
CONT2026003622,EXPORT,GTI,VC202600224
CONT2026003623,EXPORT,GTI,VC202600224
CONT2026003624,EXPORT,GTI,VC202600224
CONT2026003625,IMPORT,GTI,VC202600224
CONT2026003626,IMPORT,GTI,VC202600224
CONT2026003627,EXPORT,GTI,VC202600224
CONT2026003628,EXPORT,NSICT,VC202600225
CONT2026003629,IMPORT,NSICT,VC202600225
CONT2026003630,EXPORT,NSICT,VC202600225
CONT2026003631,IMPORT,NSICT,VC202600225
CONT2026003632,IMPORT,NSICT,VC202600225
CONT2026003633,IMPORT,NSICT,VC202600225
CONT2026003634,IMPORT,NSICT,VC202600225
CONT2026003635,EXPORT,NSICT,VC202600225
CONT2026003636,IMPORT,NSICT,VC202600225
CONT2026003637,IMPORT,NSICT,VC202600225
CONT2026003638,EXPORT,NSICT,VC202600225
CONT2026003639,EXPORT,NSICT,VC202600225
CONT2026003640,IMPORT,NSICT,VC202600225
CONT2026003641,IMPORT,NSIGT,VC202600226
CONT2026003642,EXPORT,NSIGT,VC202600226
CONT2026003643,IMPORT,NSIGT,VC202600226
CONT2026003644,IMPORT,NSIGT,VC202600226
CONT2026003645,EXPORT,NSIGT,VC202600226
CONT2026003646,IMPORT,NSIGT,VC202600226
CONT2026003647,IMPORT,NSIGT,VC202600226
CONT2026003648,IMPORT,NSIGT,VC202600226
CONT2026003649,IMPORT,NSIGT,VC202600226
CONT2026003650,IMPORT,NSIGT,VC202600226
CONT2026003651,EXPORT,GTI,VC202600227
CONT2026003652,IMPORT,GTI,VC202600227
CONT2026003653,IMPORT,GTI,VC202600227
CONT2026003654,EXPORT,GTI,VC202600227
CONT2026003655,EXPORT,GTI,VC202600227
CONT2026003656,IMPORT,GTI,VC202600227
CONT2026003657,IMPORT,GTI,VC202600227
CONT2026003658,EXPORT,GTI,VC202600227
CONT2026003659,EXPORT,BMCT,VC202600228
CONT2026003660,IMPORT,BMCT,VC202600228
CONT2026003661,EXPORT,BMCT,VC202600228
CONT2026003662,EXPORT,BMCT,VC202600228
CONT2026003663,IMPORT,BMCT,VC202600228
CONT2026003664,EXPORT,BMCT,VC202600228
CONT2026003665,IMPORT,BMCT,VC202600228
CONT2026003666,EXPORT,BMCT,VC202600228
CONT2026003667,EXPORT,GTI,VC202600229
CONT2026003668,IMPORT,GTI,VC202600229
CONT2026003669,EXPORT,GTI,VC202600229
CONT2026003670,IMPORT,GTI,VC202600229
CONT2026003671,IMPORT,GTI,VC202600229
CONT2026003672,EXPORT,GTI,VC202600229
CONT2026003673,EXPORT,GTI,VC202600229
CONT2026003674,EXPORT,GTI,VC202600229
CONT2026003675,EXPORT,GTI,VC202600229
CONT2026003676,IMPORT,GTI,VC202600229
CONT2026003677,EXPORT,GTI,VC202600229
CONT2026003678,EXPORT,GTI,VC202600229
CONT2026003679,EXPORT,GTI,VC202600229
CONT2026003680,EXPORT,GTI,VC202600229
CONT2026003681,EXPORT,GTI,VC202600229
CONT2026003682,EXPORT,GTI,VC202600229
CONT2026003683,EXPORT,GTI,VC202600229
CONT2026003684,EXPORT,GTI,VC202600229
CONT2026003685,IMPORT,GTI,VC202600229
CONT2026003686,IMPORT,GTI,VC202600229
CONT2026003687,EXPORT,GTI,VC202600229
CONT2026003688,EXPORT,GTI,VC202600229
CONT2026003689,IMPORT,GTI,VC202600229
CONT2026003690,IMPORT,GTI,VC202600229
CONT2026003691,IMPORT,GTI,VC202600229
CONT2026003692,IMPORT,GTI,VC202600229
CONT2026003693,EXPORT,GTI,VC202600229
CONT2026003694,IMPORT,GTI,VC202600229
CONT2026003695,IMPORT,GTI,VC202600229
CONT2026003696,EXPORT,GTI,VC202600229
CONT2026003697,EXPORT,GTI,VC202600229
CONT2026003698,EXPORT,GTI,VC202600229
CONT2026003699,EXPORT,GTI,VC202600229
CONT2026003700,IMPORT,GTI,VC202600229
CONT2026003701,IMPORT,GTI,VC202600229
CONT2026003702,IMPORT,GTI,VC202600229
CONT2026003703,EXPORT,GTI,VC202600229
CONT2026003704,IMPORT,GTI,VC202600229
CONT2026003705,IMPORT,GTI,VC202600229
CONT2026003706,IMPORT,NSIGT,VC202600230
CONT2026003707,IMPORT,NSIGT,VC202600230
CONT2026003708,EXPORT,NSIGT,VC202600230
CONT2026003709,IMPORT,NSIGT,VC202600230
CONT2026003710,EXPORT,NSIGT,VC202600230
CONT2026003711,EXPORT,NSIGT,VC202600230
CONT2026003712,EXPORT,NSIGT,VC202600230
CONT2026003713,EXPORT,NSIGT,VC202600230
CONT2026003714,EXPORT,NSIGT,VC202600230
CONT2026003715,EXPORT,NSIGT,VC202600230
CONT2026003716,EXPORT,NSIGT,VC202600230
CONT2026003717,IMPORT,NSIGT,VC202600230
CONT2026003718,EXPORT,NSIGT,VC202600230
CONT2026003719,EXPORT,NSIGT,VC202600231
CONT2026003720,IMPORT,NSIGT,VC202600231
CONT2026003721,IMPORT,NSIGT,VC202600231
CONT2026003722,EXPORT,NSIGT,VC202600231
CONT2026003723,EXPORT,NSIGT,VC202600231
CONT2026003724,IMPORT,NSIGT,VC202600231
CONT2026003725,EXPORT,NSIGT,VC202600231
CONT2026003726,IMPORT,NSIGT,VC202600231
CONT2026003727,EXPORT,NSIGT,VC202600231
CONT2026003728,EXPORT,NSIGT,VC202600231
CONT2026003729,IMPORT,NSIGT,VC202600231
CONT2026003730,IMPORT,NSIGT,VC202600231
CONT2026003731,IMPORT,NSIGT,VC202600231
CONT2026003732,IMPORT,NSIGT,VC202600231
CONT2026003733,IMPORT,NSIGT,VC202600231
CONT2026003734,IMPORT,NSIGT,VC202600231
CONT2026003735,IMPORT,NSIGT,VC202600231
CONT2026003736,EXPORT,NSIGT,VC202600231
CONT2026003737,IMPORT,NSIGT,VC202600231
CONT2026003738,EXPORT,NSIGT,VC202600231
CONT2026003739,IMPORT,NSIGT,VC202600231
CONT2026003740,EXPORT,NSIGT,VC202600231
CONT2026003741,IMPORT,NSIGT,VC202600231
CONT2026003742,IMPORT,NSIGT,VC202600231
CONT2026003743,EXPORT,NSIGT,VC202600231
CONT2026003744,EXPORT,NSIGT,VC202600231
CONT2026003745,EXPORT,NSIGT,VC202600231
CONT2026003746,IMPORT,NSIGT,VC202600231
CONT2026003747,EXPORT,GTI,VC202600232
CONT2026003748,EXPORT,GTI,VC202600232
CONT2026003749,EXPORT,GTI,VC202600232
CONT2026003750,IMPORT,GTI,VC202600232
CONT2026003751,EXPORT,GTI,VC202600232
CONT2026003752,IMPORT,GTI,VC202600232
CONT2026003753,IMPORT,GTI,VC202600232
CONT2026003754,IMPORT,GTI,VC202600232
CONT2026003755,IMPORT,NSICT,VC202600233
CONT2026003756,EXPORT,NSICT,VC202600233
CONT2026003757,IMPORT,NSICT,VC202600233
CONT2026003758,EXPORT,NSICT,VC202600233
CONT2026003759,IMPORT,NSICT,VC202600233
CONT2026003760,EXPORT,NSICT,VC202600233
CONT2026003761,EXPORT,NSICT,VC202600233
CONT2026003762,EXPORT,NSICT,VC202600233
CONT2026003763,EXPORT,NSICT,VC202600233
CONT2026003764,IMPORT,NSICT,VC202600233
CONT2026003765,IMPORT,NSICT,VC202600233
CONT2026003766,EXPORT,NSICT,VC202600233
CONT2026003767,EXPORT,NSICT,VC202600233
CONT2026003768,EXPORT,NSICT,VC202600233
CONT2026003769,IMPORT,NSICT,VC202600233
CONT2026003770,EXPORT,NSICT,VC202600233
CONT2026003771,EXPORT,NSICT,VC202600233
CONT2026003772,EXPORT,NSICT,VC202600233
CONT2026003773,EXPORT,NSICT,VC202600233
CONT2026003774,EXPORT,NSICT,VC202600233
CONT2026003775,IMPORT,NSICT,VC202600233
CONT2026003776,IMPORT,NSICT,VC202600233
CONT2026003777,IMPORT,NSICT,VC202600233
CONT2026003778,EXPORT,NSICT,VC202600233
CONT2026003779,EXPORT,NSICT,VC202600233
CONT2026003780,EXPORT,NSICT,VC202600233
CONT2026003781,EXPORT,NSICT,VC202600233
CONT2026003782,IMPORT,NSICT,VC202600233
CONT2026003783,IMPORT,NSICT,VC202600233
CONT2026003784,IMPORT,NSICT,VC202600233
CONT2026003785,EXPORT,NSICT,VC202600233
CONT2026003786,IMPORT,NSICT,VC202600233
CONT2026003787,IMPORT,NSICT,VC202600233
CONT2026003788,EXPORT,NSICT,VC202600233
CONT2026003789,IMPORT,NSICT,VC202600233
CONT2026003790,IMPORT,NSICT,VC202600233
CONT2026003791,IMPORT,NSICT,VC202600234
CONT2026003792,EXPORT,NSICT,VC202600234
CONT2026003793,EXPORT,NSICT,VC202600234
CONT2026003794,IMPORT,NSICT,VC202600234
CONT2026003795,EXPORT,NSICT,VC202600234
CONT2026003796,IMPORT,NSICT,VC202600234
CONT2026003797,EXPORT,NSICT,VC202600234
CONT2026003798,EXPORT,NSICT,VC202600234
CONT2026003799,EXPORT,NSICT,VC202600234
CONT2026003800,IMPORT,NSICT,VC202600234
CONT2026003801,IMPORT,NSICT,VC202600234
CONT2026003802,EXPORT,NSICT,VC202600234
CONT2026003803,IMPORT,NSICT,VC202600234
CONT2026003804,EXPORT,NSICT,VC202600234
CONT2026003805,EXPORT,NSICT,VC202600234
CONT2026003806,EXPORT,NSICT,VC202600234
CONT2026003807,IMPORT,NSICT,VC202600234
CONT2026003808,EXPORT,NSICT,VC202600234
CONT2026003809,EXPORT,NSICT,VC202600234
CONT2026003810,IMPORT,NSICT,VC202600234
CONT2026003811,IMPORT,NSICT,VC202600234
CONT2026003812,EXPORT,NSICT,VC202600234
CONT2026003813,IMPORT,NSICT,VC202600234
CONT2026003814,IMPORT,NSICT,VC202600234
CONT2026003815,EXPORT,NSICT,VC202600234
CONT2026003816,EXPORT,NSICT,VC202600234
CONT2026003817,IMPORT,NSICT,VC202600234
CONT2026003818,IMPORT,NSICT,VC202600234
CONT2026003819,IMPORT,NSICT,VC202600234
CONT2026003820,IMPORT,NSICT,VC202600234
CONT2026003821,EXPORT,NSICT,VC202600234
CONT2026003822,EXPORT,NSICT,VC202600234
CONT2026003823,EXPORT,NSICT,VC202600234
CONT2026003824,IMPORT,GTI,VC202600235
CONT2026003825,IMPORT,GTI,VC202600235
CONT2026003826,EXPORT,GTI,VC202600235
CONT2026003827,EXPORT,GTI,VC202600235
CONT2026003828,EXPORT,GTI,VC202600235
CONT2026003829,IMPORT,GTI,VC202600235
CONT2026003830,EXPORT,GTI,VC202600235
CONT2026003831,IMPORT,GTI,VC202600235
CONT2026003832,IMPORT,GTI,VC202600235
CONT2026003833,IMPORT,GTI,VC202600235
CONT2026003834,IMPORT,NSFT,VC202600236
CONT2026003835,IMPORT,NSFT,VC202600236
CONT2026003836,EXPORT,NSFT,VC202600236
CONT2026003837,IMPORT,NSFT,VC202600236
CONT2026003838,IMPORT,NSFT,VC202600236
CONT2026003839,EXPORT,NSFT,VC202600236
CONT2026003840,EXPORT,NSFT,VC202600236
CONT2026003841,IMPORT,NSFT,VC202600236
CONT2026003842,IMPORT,NSFT,VC202600236
CONT2026003843,EXPORT,NSFT,VC202600236
CONT2026003844,EXPORT,NSFT,VC202600237
CONT2026003845,EXPORT,NSFT,VC202600237
CONT2026003846,EXPORT,NSFT,VC202600237
CONT2026003847,EXPORT,NSFT,VC202600237
CONT2026003848,EXPORT,NSFT,VC202600237
CONT2026003849,EXPORT,NSFT,VC202600237
CONT2026003850,IMPORT,NSFT,VC202600237
CONT2026003851,IMPORT,NSFT,VC202600237
CONT2026003852,IMPORT,NSFT,VC202600237
CONT2026003853,IMPORT,NSFT,VC202600237
CONT2026003854,EXPORT,NSFT,VC202600237
CONT2026003855,IMPORT,NSFT,VC202600237
CONT2026003856,IMPORT,NSFT,VC202600237
CONT2026003857,IMPORT,NSFT,VC202600237
CONT2026003858,IMPORT,NSFT,VC202600237
CONT2026003859,EXPORT,NSFT,VC202600237
CONT2026003860,EXPORT,NSFT,VC202600237
CONT2026003861,EXPORT,NSFT,VC202600237
CONT2026003862,IMPORT,NSFT,VC202600237
CONT2026003863,IMPORT,BMCT,VC202600238
CONT2026003864,EXPORT,BMCT,VC202600238
CONT2026003865,EXPORT,BMCT,VC202600238
CONT2026003866,EXPORT,BMCT,VC202600238
CONT2026003867,EXPORT,BMCT,VC202600238
CONT2026003868,IMPORT,BMCT,VC202600238
CONT2026003869,IMPORT,BMCT,VC202600238
CONT2026003870,EXPORT,BMCT,VC202600238
CONT2026003871,IMPORT,BMCT,VC202600238
CONT2026003872,EXPORT,BMCT,VC202600238
CONT2026003873,IMPORT,BMCT,VC202600238
CONT2026003874,EXPORT,NSFT,VC202600239
CONT2026003875,EXPORT,NSFT,VC202600239
CONT2026003876,EXPORT,NSFT,VC202600239
CONT2026003877,IMPORT,NSFT,VC202600239
CONT2026003878,EXPORT,NSFT,VC202600239
CONT2026003879,EXPORT,NSFT,VC202600239
CONT2026003880,IMPORT,BMCT,VC202600240
CONT2026003881,IMPORT,BMCT,VC202600240
CONT2026003882,EXPORT,BMCT,VC202600240
CONT2026003883,IMPORT,BMCT,VC202600240
CONT2026003884,IMPORT,BMCT,VC202600240
CONT2026003885,EXPORT,BMCT,VC202600240
CONT2026003886,IMPORT,BMCT,VC202600240
CONT2026003887,EXPORT,NSFT,VC202600241
CONT2026003888,EXPORT,NSFT,VC202600241
CONT2026003889,IMPORT,NSFT,VC202600241
CONT2026003890,EXPORT,NSFT,VC202600241
CONT2026003891,IMPORT,NSFT,VC202600241
CONT2026003892,IMPORT,NSFT,VC202600241
CONT2026003893,EXPORT,NSFT,VC202600241
CONT2026003894,IMPORT,NSFT,VC202600241
CONT2026003895,IMPORT,NSFT,VC202600241
CONT2026003896,IMPORT,NSFT,VC202600241
CONT2026003897,EXPORT,GTI,VC202600242
CONT2026003898,IMPORT,GTI,VC202600242
CONT2026003899,EXPORT,GTI,VC202600242
CONT2026003900,IMPORT,GTI,VC202600242
CONT2026003901,IMPORT,GTI,VC202600242
CONT2026003902,EXPORT,GTI,VC202600242
CONT2026003903,EXPORT,GTI,VC202600242
CONT2026003904,IMPORT,GTI,VC202600242
CONT2026003905,EXPORT,GTI,VC202600242
CONT2026003906,IMPORT,GTI,VC202600242
CONT2026003907,IMPORT,GTI,VC202600242
CONT2026003908,IMPORT,GTI,VC202600242
CONT2026003909,EXPORT,GTI,VC202600242
CONT2026003910,EXPORT,GTI,VC202600242
CONT2026003911,IMPORT,GTI,VC202600242
CONT2026003912,IMPORT,GTI,VC202600242
CONT2026003913,EXPORT,GTI,VC202600242
CONT2026003914,IMPORT,GTI,VC202600242
CONT2026003915,EXPORT,GTI,VC202600242
CONT2026003916,EXPORT,GTI,VC202600242
CONT2026003917,IMPORT,GTI,VC202600242
CONT2026003918,EXPORT,GTI,VC202600242
CONT2026003919,EXPORT,GTI,VC202600242
CONT2026003920,EXPORT,GTI,VC202600242
CONT2026003921,EXPORT,GTI,VC202600242
CONT2026003922,IMPORT,GTI,VC202600242
CONT2026003923,EXPORT,GTI,VC202600242
CONT2026003924,IMPORT,GTI,VC202600242
CONT2026003925,IMPORT,GTI,VC202600242
CONT2026003926,IMPORT,GTI,VC202600243
CONT2026003927,IMPORT,GTI,VC202600243
CONT2026003928,IMPORT,GTI,VC202600243
CONT2026003929,EXPORT,GTI,VC202600243
CONT2026003930,IMPORT,GTI,VC202600243
CONT2026003931,EXPORT,GTI,VC202600243
CONT2026003932,IMPORT,GTI,VC202600243
CONT2026003933,EXPORT,GTI,VC202600243
CONT2026003934,IMPORT,GTI,VC202600243
CONT2026003935,IMPORT,GTI,VC202600243
CONT2026003936,EXPORT,GTI,VC202600243
CONT2026003937,EXPORT,GTI,VC202600243
CONT2026003938,EXPORT,GTI,VC202600243
CONT2026003939,IMPORT,GTI,VC202600243
CONT2026003940,IMPORT,GTI,VC202600243
CONT2026003941,IMPORT,GTI,VC202600243
CONT2026003942,EXPORT,GTI,VC202600243
CONT2026003943,IMPORT,GTI,VC202600243
CONT2026003944,IMPORT,GTI,VC202600243
CONT2026003945,EXPORT,GTI,VC202600243
CONT2026003946,EXPORT,BMCT,VC202600244
CONT2026003947,EXPORT,BMCT,VC202600244
CONT2026003948,IMPORT,BMCT,VC202600244
CONT2026003949,EXPORT,BMCT,VC202600244
CONT2026003950,EXPORT,BMCT,VC202600244
CONT2026003951,EXPORT,BMCT,VC202600244
CONT2026003952,EXPORT,BMCT,VC202600244
CONT2026003953,IMPORT,BMCT,VC202600244
CONT2026003954,IMPORT,BMCT,VC202600244
CONT2026003955,IMPORT,BMCT,VC202600244
CONT2026003956,EXPORT,BMCT,VC202600244
CONT2026003957,IMPORT,BMCT,VC202600244
CONT2026003958,IMPORT,BMCT,VC202600244
CONT2026003959,IMPORT,BMCT,VC202600244
CONT2026003960,IMPORT,BMCT,VC202600244
CONT2026003961,EXPORT,BMCT,VC202600244
CONT2026003962,EXPORT,NSFT,VC202600245
CONT2026003963,IMPORT,NSFT,VC202600245
CONT2026003964,IMPORT,NSFT,VC202600245
CONT2026003965,IMPORT,NSFT,VC202600245
CONT2026003966,IMPORT,NSFT,VC202600245
CONT2026003967,IMPORT,NSFT,VC202600245
CONT2026003968,EXPORT,NSFT,VC202600245
CONT2026003969,EXPORT,NSICT,VC202600246
CONT2026003970,IMPORT,NSICT,VC202600246
CONT2026003971,IMPORT,NSICT,VC202600246
CONT2026003972,EXPORT,NSICT,VC202600246
CONT2026003973,EXPORT,NSICT,VC202600246
CONT2026003974,IMPORT,NSICT,VC202600246
CONT2026003975,IMPORT,NSICT,VC202600246
CONT2026003976,IMPORT,NSICT,VC202600246
CONT2026003977,IMPORT,NSICT,VC202600246
CONT2026003978,EXPORT,NSICT,VC202600246
CONT2026003979,IMPORT,NSICT,VC202600246
CONT2026003980,EXPORT,NSICT,VC202600246
CONT2026003981,IMPORT,NSICT,VC202600246
CONT2026003982,IMPORT,BMCT,VC202600247
CONT2026003983,EXPORT,BMCT,VC202600247
CONT2026003984,EXPORT,BMCT,VC202600247
CONT2026003985,IMPORT,BMCT,VC202600247
CONT2026003986,IMPORT,BMCT,VC202600247
CONT2026003987,EXPORT,BMCT,VC202600247
CONT2026003988,IMPORT,BMCT,VC202600247
CONT2026003989,EXPORT,BMCT,VC202600247
CONT2026003990,IMPORT,BMCT,VC202600247
CONT2026003991,EXPORT,BMCT,VC202600247
CONT2026003992,IMPORT,BMCT,VC202600247
CONT2026003993,IMPORT,GTI,VC202600248
CONT2026003994,EXPORT,GTI,VC202600248
CONT2026003995,EXPORT,GTI,VC202600248
CONT2026003996,IMPORT,GTI,VC202600248
CONT2026003997,IMPORT,GTI,VC202600248
CONT2026003998,IMPORT,GTI,VC202600248
CONT2026003999,IMPORT,GTI,VC202600248
CONT2026004000,EXPORT,GTI,VC202600248
CONT2026004001,EXPORT,GTI,VC202600248
CONT2026004002,EXPORT,NSFT,VC202600249
CONT2026004003,IMPORT,NSFT,VC202600249
CONT2026004004,EXPORT,NSFT,VC202600249
CONT2026004005,IMPORT,NSFT,VC202600249
CONT2026004006,EXPORT,NSFT,VC202600249
CONT2026004007,IMPORT,NSFT,VC202600249
CONT2026004008,IMPORT,NSFT,VC202600249
CONT2026004009,IMPORT,NSFT,VC202600249
CONT2026004010,IMPORT,NSFT,VC202600249
CONT2026004011,EXPORT,NSFT,VC202600249
CONT2026004012,IMPORT,NSFT,VC202600249
CONT2026004013,IMPORT,NSFT,VC202600249
CONT2026004014,IMPORT,NSFT,VC202600249
CONT2026004015,IMPORT,NSFT,VC202600249
CONT2026004016,IMPORT,NSFT,VC202600249
CONT2026004017,IMPORT,NSFT,VC202600249
CONT2026004018,EXPORT,NSFT,VC202600249
CONT2026004019,IMPORT,NSFT,VC202600249
CONT2026004020,EXPORT,NSFT,VC202600249
CONT2026004021,EXPORT,NSFT,VC202600249
CONT2026004022,IMPORT,NSFT,VC202600249
CONT2026004023,IMPORT,NSFT,VC202600249
CONT2026004024,EXPORT,NSFT,VC202600249
CONT2026004025,IMPORT,NSFT,VC202600249
CONT2026004026,IMPORT,NSFT,VC202600249
CONT2026004027,IMPORT,NSIGT,VC202600250
CONT2026004028,EXPORT,NSIGT,VC202600250
CONT2026004029,EXPORT,NSIGT,VC202600250
CONT2026004030,IMPORT,NSIGT,VC202600250
CONT2026004031,IMPORT,NSIGT,VC202600250
CONT2026004032,EXPORT,NSIGT,VC202600250
CONT2026004033,IMPORT,NSIGT,VC202600250
CONT2026004034,EXPORT,NSIGT,VC202600250
CONT2026004035,EXPORT,NSIGT,VC202600250
CONT2026004036,IMPORT,NSIGT,VC202600250
CONT2026004037,IMPORT,NSIGT,VC202600250
CONT2026004038,EXPORT,NSIGT,VC202600250
CONT2026004039,EXPORT,NSIGT,VC202600250
CONT2026004040,IMPORT,NSIGT,VC202600250
CONT2026004041,IMPORT,NSIGT,VC202600250
CONT2026004042,EXPORT,NSIGT,VC202600250
CONT2026004043,IMPORT,NSIGT,VC202600250
CONT2026004044,IMPORT,NSIGT,VC202600250
CONT2026004045,EXPORT,NSIGT,VC202600250
CONT2026004046,IMPORT,BMCT,VC202600251
CONT2026004047,EXPORT,BMCT,VC202600251
CONT2026004048,IMPORT,BMCT,VC202600251
CONT2026004049,EXPORT,BMCT,VC202600251
CONT2026004050,EXPORT,BMCT,VC202600251
CONT2026004051,EXPORT,BMCT,VC202600251
CONT2026004052,IMPORT,BMCT,VC202600251
CONT2026004053,EXPORT,BMCT,VC202600251
CONT2026004054,EXPORT,BMCT,VC202600251
CONT2026004055,IMPORT,BMCT,VC202600251
CONT2026004056,EXPORT,BMCT,VC202600251
CONT2026004057,IMPORT,BMCT,VC202600251
CONT2026004058,EXPORT,BMCT,VC202600251
CONT2026004059,IMPORT,BMCT,VC202600251
CONT2026004060,IMPORT,BMCT,VC202600251
CONT2026004061,EXPORT,NSIGT,VC202600252
CONT2026004062,EXPORT,NSIGT,VC202600252
CONT2026004063,IMPORT,NSIGT,VC202600252
CONT2026004064,IMPORT,NSIGT,VC202600252
CONT2026004065,EXPORT,NSIGT,VC202600252
CONT2026004066,IMPORT,NSIGT,VC202600252
CONT2026004067,IMPORT,BMCT,VC202600253
CONT2026004068,EXPORT,BMCT,VC202600253
CONT2026004069,EXPORT,BMCT,VC202600253
CONT2026004070,EXPORT,BMCT,VC202600253
CONT2026004071,IMPORT,BMCT,VC202600253
CONT2026004072,EXPORT,BMCT,VC202600253
CONT2026004073,IMPORT,BMCT,VC202600253
CONT2026004074,EXPORT,BMCT,VC202600253
CONT2026004075,IMPORT,BMCT,VC202600253
CONT2026004076,EXPORT,BMCT,VC202600253
CONT2026004077,EXPORT,BMCT,VC202600253
CONT2026004078,IMPORT,BMCT,VC202600253
CONT2026004079,EXPORT,BMCT,VC202600253
CONT2026004080,EXPORT,BMCT,VC202600253
CONT2026004081,IMPORT,BMCT,VC202600253
CONT2026004082,IMPORT,BMCT,VC202600253
CONT2026004083,IMPORT,BMCT,VC202600253
CONT2026004084,EXPORT,NSFT,VC202600254
CONT2026004085,EXPORT,NSFT,VC202600254
CONT2026004086,EXPORT,NSFT,VC202600254
CONT2026004087,IMPORT,NSFT,VC202600254
CONT2026004088,EXPORT,NSFT,VC202600254
CONT2026004089,IMPORT,NSFT,VC202600254
CONT2026004090,EXPORT,NSFT,VC202600254
CONT2026004091,EXPORT,NSFT,VC202600254
CONT2026004092,EXPORT,NSFT,VC202600254
CONT2026004093,EXPORT,NSFT,VC202600254
CONT2026004094,IMPORT,NSFT,VC202600254
CONT2026004095,IMPORT,NSFT,VC202600254
CONT2026004096,IMPORT,NSFT,VC202600254
CONT2026004097,IMPORT,NSFT,VC202600254
CONT2026004098,EXPORT,NSFT,VC202600254
CONT2026004099,EXPORT,NSFT,VC202600254
CONT2026004100,EXPORT,NSFT,VC202600254
CONT2026004101,IMPORT,NSFT,VC202600254
CONT2026004102,EXPORT,NSFT,VC202600254
CONT2026004103,IMPORT,NSFT,VC202600254
CONT2026004104,IMPORT,NSFT,VC202600254
CONT2026004105,IMPORT,BMCT,VC202600255
CONT2026004106,EXPORT,BMCT,VC202600255
CONT2026004107,IMPORT,BMCT,VC202600255
CONT2026004108,EXPORT,BMCT,VC202600255
CONT2026004109,EXPORT,BMCT,VC202600255
CONT2026004110,IMPORT,BMCT,VC202600255
CONT2026004111,IMPORT,BMCT,VC202600255
CONT2026004112,IMPORT,BMCT,VC202600255
CONT2026004113,EXPORT,BMCT,VC202600255
CONT2026004114,EXPORT,BMCT,VC202600255
CONT2026004115,EXPORT,BMCT,VC202600255
CONT2026004116,IMPORT,BMCT,VC202600255
CONT2026004117,IMPORT,BMCT,VC202600255
CONT2026004118,IMPORT,BMCT,VC202600255
CONT2026004119,EXPORT,BMCT,VC202600255
CONT2026004120,IMPORT,BMCT,VC202600255
CONT2026004121,EXPORT,BMCT,VC202600255
CONT2026004122,IMPORT,BMCT,VC202600255
CONT2026004123,IMPORT,BMCT,VC202600255
CONT2026004124,IMPORT,BMCT,VC202600255
CONT2026004125,IMPORT,BMCT,VC202600255
CONT2026004126,EXPORT,BMCT,VC202600255
CONT2026004127,EXPORT,BMCT,VC202600255
CONT2026004128,IMPORT,BMCT,VC202600255
CONT2026004129,IMPORT,BMCT,VC202600255
CONT2026004130,EXPORT,NSIGT,VC202600256
CONT2026004131,IMPORT,NSIGT,VC202600256
CONT2026004132,IMPORT,NSIGT,VC202600256
CONT2026004133,EXPORT,NSIGT,VC202600256
CONT2026004134,IMPORT,NSIGT,VC202600256
CONT2026004135,IMPORT,NSIGT,VC202600256
CONT2026004136,EXPORT,NSIGT,VC202600256
CONT2026004137,IMPORT,NSIGT,VC202600256
CONT2026004138,EXPORT,NSIGT,VC202600256
CONT2026004139,EXPORT,BMCT,VC202600257
CONT2026004140,IMPORT,BMCT,VC202600257
CONT2026004141,IMPORT,BMCT,VC202600257
CONT2026004142,EXPORT,BMCT,VC202600257
CONT2026004143,EXPORT,BMCT,VC202600257
CONT2026004144,IMPORT,BMCT,VC202600257
CONT2026004145,IMPORT,BMCT,VC202600257
CONT2026004146,EXPORT,BMCT,VC202600257
CONT2026004147,IMPORT,BMCT,VC202600257
CONT2026004148,IMPORT,BMCT,VC202600257
CONT2026004149,EXPORT,BMCT,VC202600257
CONT2026004150,EXPORT,BMCT,VC202600257
CONT2026004151,IMPORT,BMCT,VC202600257
CONT2026004152,IMPORT,BMCT,VC202600257
CONT2026004153,EXPORT,NSFT,VC202600258
CONT2026004154,EXPORT,NSFT,VC202600258
CONT2026004155,IMPORT,NSFT,VC202600258
CONT2026004156,IMPORT,NSFT,VC202600258
CONT2026004157,EXPORT,NSFT,VC202600258
CONT2026004158,EXPORT,NSFT,VC202600258
CONT2026004159,EXPORT,NSFT,VC202600258
CONT2026004160,EXPORT,NSFT,VC202600258
CONT2026004161,IMPORT,NSFT,VC202600258
CONT2026004162,IMPORT,NSFT,VC202600258
CONT2026004163,EXPORT,NSFT,VC202600258
CONT2026004164,EXPORT,NSFT,VC202600258
CONT2026004165,IMPORT,NSFT,VC202600258
CONT2026004166,IMPORT,NSFT,VC202600258
CONT2026004167,EXPORT,NSFT,VC202600258
CONT2026004168,EXPORT,NSFT,VC202600258
CONT2026004169,EXPORT,NSFT,VC202600258
CONT2026004170,IMPORT,NSFT,VC202600258
CONT2026004171,EXPORT,GTI,VC202600259
CONT2026004172,EXPORT,GTI,VC202600259
CONT2026004173,EXPORT,GTI,VC202600259
CONT2026004174,IMPORT,GTI,VC202600259
CONT2026004175,EXPORT,GTI,VC202600259
CONT2026004176,IMPORT,GTI,VC202600259
CONT2026004177,EXPORT,GTI,VC202600259
CONT2026004178,IMPORT,GTI,VC202600259
CONT2026004179,IMPORT,GTI,VC202600259
CONT2026004180,EXPORT,GTI,VC202600259
CONT2026004181,EXPORT,GTI,VC202600259
CONT2026004182,EXPORT,NSFT,VC202600260
CONT2026004183,IMPORT,NSFT,VC202600260
CONT2026004184,EXPORT,NSFT,VC202600260
CONT2026004185,IMPORT,NSFT,VC202600260
CONT2026004186,EXPORT,NSFT,VC202600260
CONT2026004187,EXPORT,NSFT,VC202600260
CONT2026004188,IMPORT,NSFT,VC202600260
CONT2026004189,IMPORT,NSFT,VC202600260
CONT2026004190,IMPORT,NSFT,VC202600260
CONT2026004191,IMPORT,NSFT,VC202600260
CONT2026004192,IMPORT,NSFT,VC202600260
CONT2026004193,EXPORT,NSFT,VC202600260
CONT2026004194,EXPORT,NSFT,VC202600260
CONT2026004195,EXPORT,NSFT,VC202600260
CONT2026004196,EXPORT,NSFT,VC202600260
CONT2026004197,EXPORT,NSFT,VC202600260
CONT2026004198,EXPORT,NSFT,VC202600260
CONT2026004199,IMPORT,NSFT,VC202600260
CONT2026004200,EXPORT,NSFT,VC202600260
CONT2026004201,EXPORT,NSFT,VC202600260
CONT2026004202,EXPORT,NSFT,VC202600260
CONT2026004203,IMPORT,NSFT,VC202600260
CONT2026004204,EXPORT,NSFT,VC202600260
CONT2026004205,IMPORT,NSFT,VC202600260
CONT2026004206,EXPORT,NSFT,VC202600260
CONT2026004207,IMPORT,NSFT,VC202600260
CONT2026004208,EXPORT,NSFT,VC202600260
CONT2026004209,IMPORT,NSFT,VC202600260
CONT2026004210,IMPORT,NSFT,VC202600260
CONT2026004211,EXPORT,NSFT,VC202600260
CONT2026004212,IMPORT,NSFT,VC202600260
CONT2026004213,EXPORT,NSFT,VC202600260
CONT2026004214,IMPORT,NSFT,VC202600260
CONT2026004215,IMPORT,NSFT,VC202600260
CONT2026004216,IMPORT,NSFT,VC202600260
CONT2026004217,IMPORT,NSFT,VC202600260
CONT2026004218,IMPORT,NSFT,VC202600260
CONT2026004219,IMPORT,NSFT,VC202600260
CONT2026004220,EXPORT,NSFT,VC202600260
CONT2026004221,IMPORT,NSFT,VC202600260
CONT2026004222,EXPORT,NSFT,VC202600260
CONT2026004223,EXPORT,NSFT,VC202600260
CONT2026004224,IMPORT,NSFT,VC202600260
CONT2026004225,IMPORT,NSFT,VC202600260
CONT2026004226,EXPORT,NSFT,VC202600260
CONT2026004227,EXPORT,NSFT,VC202600260
CONT2026004228,IMPORT,NSFT,VC202600260
CONT2026004229,IMPORT,NSFT,VC202600260
CONT2026004230,EXPORT,NSFT,VC202600260
CONT2026004231,IMPORT,NSFT,VC202600260
CONT2026004232,IMPORT,NSFT,VC202600260
CONT2026004233,EXPORT,NSFT,VC202600260
CONT2026004234,IMPORT,NSFT,VC202600260
CONT2026004235,EXPORT,NSFT,VC202600260
CONT2026004236,EXPORT,NSFT,VC202600260
CONT2026004237,EXPORT,NSFT,VC202600260
CONT2026004238,EXPORT,NSFT,VC202600260
CONT2026004239,EXPORT,NSFT,VC202600260
CONT2026004240,EXPORT,NSFT,VC202600260
CONT2026004241,EXPORT,NSFT,VC202600260
CONT2026004242,EXPORT,NSFT,VC202600260
CONT2026004243,IMPORT,GTI,VC202600261
CONT2026004244,EXPORT,GTI,VC202600261
CONT2026004245,IMPORT,GTI,VC202600261
CONT2026004246,EXPORT,GTI,VC202600261
CONT2026004247,EXPORT,GTI,VC202600261
CONT2026004248,IMPORT,GTI,VC202600261
CONT2026004249,IMPORT,GTI,VC202600261
CONT2026004250,EXPORT,GTI,VC202600261
CONT2026004251,EXPORT,GTI,VC202600261
CONT2026004252,IMPORT,GTI,VC202600261
CONT2026004253,EXPORT,GTI,VC202600261
CONT2026004254,IMPORT,GTI,VC202600261
CONT2026004255,EXPORT,GTI,VC202600261
CONT2026004256,EXPORT,GTI,VC202600261
CONT2026004257,IMPORT,GTI,VC202600261
CONT2026004258,EXPORT,GTI,VC202600261
CONT2026004259,IMPORT,GTI,VC202600261
CONT2026004260,IMPORT,GTI,VC202600261
CONT2026004261,IMPORT,GTI,VC202600261
CONT2026004262,IMPORT,GTI,VC202600261
CONT2026004263,EXPORT,GTI,VC202600261
CONT2026004264,EXPORT,NSICT,VC202600262
CONT2026004265,EXPORT,NSICT,VC202600262
CONT2026004266,EXPORT,NSICT,VC202600262
CONT2026004267,IMPORT,NSICT,VC202600262
CONT2026004268,IMPORT,NSICT,VC202600262
CONT2026004269,IMPORT,NSICT,VC202600262
CONT2026004270,IMPORT,NSICT,VC202600262
CONT2026004271,EXPORT,NSICT,VC202600262
CONT2026004272,IMPORT,NSICT,VC202600262
CONT2026004273,IMPORT,NSICT,VC202600262
CONT2026004274,IMPORT,NSICT,VC202600262
CONT2026004275,EXPORT,NSICT,VC202600262
CONT2026004276,IMPORT,NSIGT,VC202600263
CONT2026004277,IMPORT,NSIGT,VC202600263
CONT2026004278,EXPORT,NSIGT,VC202600263
CONT2026004279,IMPORT,NSIGT,VC202600263
CONT2026004280,IMPORT,NSIGT,VC202600263
CONT2026004281,EXPORT,NSIGT,VC202600263
CONT2026004282,EXPORT,NSIGT,VC202600263
CONT2026004283,EXPORT,GTI,VC202600264
CONT2026004284,EXPORT,GTI,VC202600264
CONT2026004285,EXPORT,GTI,VC202600264
CONT2026004286,EXPORT,GTI,VC202600264
CONT2026004287,IMPORT,GTI,VC202600264
CONT2026004288,EXPORT,GTI,VC202600264
CONT2026004289,EXPORT,GTI,VC202600264
CONT2026004290,EXPORT,GTI,VC202600264
CONT2026004291,IMPORT,GTI,VC202600264
CONT2026004292,EXPORT,GTI,VC202600264
CONT2026004293,IMPORT,GTI,VC202600264
CONT2026004294,EXPORT,GTI,VC202600264
CONT2026004295,EXPORT,GTI,VC202600264
CONT2026004296,EXPORT,GTI,VC202600264
CONT2026004297,EXPORT,GTI,VC202600264
CONT2026004298,EXPORT,GTI,VC202600264
CONT2026004299,EXPORT,GTI,VC202600264
CONT2026004300,IMPORT,GTI,VC202600264
CONT2026004301,IMPORT,GTI,VC202600264
CONT2026004302,EXPORT,GTI,VC202600264
CONT2026004303,IMPORT,GTI,VC202600264
CONT2026004304,IMPORT,GTI,VC202600264
CONT2026004305,EXPORT,GTI,VC202600264
CONT2026004306,IMPORT,GTI,VC202600264
CONT2026004307,EXPORT,GTI,VC202600264
CONT2026004308,EXPORT,NSFT,VC202600265
CONT2026004309,IMPORT,NSFT,VC202600265
CONT2026004310,EXPORT,NSFT,VC202600265
CONT2026004311,EXPORT,NSFT,VC202600265
CONT2026004312,EXPORT,NSFT,VC202600265
CONT2026004313,EXPORT,NSFT,VC202600265
CONT2026004314,EXPORT,NSIGT,VC202600266
CONT2026004315,EXPORT,NSIGT,VC202600266
CONT2026004316,IMPORT,NSIGT,VC202600266
CONT2026004317,IMPORT,NSIGT,VC202600266
CONT2026004318,EXPORT,NSIGT,VC202600266
CONT2026004319,IMPORT,NSIGT,VC202600266
CONT2026004320,IMPORT,NSIGT,VC202600266
CONT2026004321,IMPORT,NSIGT,VC202600266
CONT2026004322,IMPORT,NSIGT,VC202600266
CONT2026004323,EXPORT,NSIGT,VC202600266
CONT2026004324,IMPORT,NSIGT,VC202600266
CONT2026004325,IMPORT,NSICT,VC202600267
CONT2026004326,EXPORT,NSICT,VC202600267
CONT2026004327,EXPORT,NSICT,VC202600267
CONT2026004328,EXPORT,NSICT,VC202600267
CONT2026004329,IMPORT,NSICT,VC202600267
CONT2026004330,EXPORT,NSICT,VC202600267
CONT2026004331,IMPORT,NSICT,VC202600267
CONT2026004332,EXPORT,NSICT,VC202600267
CONT2026004333,EXPORT,NSIGT,VC202600268
CONT2026004334,IMPORT,NSIGT,VC202600268
CONT2026004335,IMPORT,NSIGT,VC202600268
CONT2026004336,IMPORT,NSIGT,VC202600268
CONT2026004337,EXPORT,NSIGT,VC202600268
CONT2026004338,IMPORT,NSIGT,VC202600268
CONT2026004339,EXPORT,NSIGT,VC202600268
CONT2026004340,EXPORT,NSIGT,VC202600268
CONT2026004341,IMPORT,NSIGT,VC202600268
CONT2026004342,IMPORT,GTI,VC202600269
CONT2026004343,EXPORT,GTI,VC202600269
CONT2026004344,IMPORT,GTI,VC202600269
CONT2026004345,IMPORT,GTI,VC202600269
CONT2026004346,EXPORT,GTI,VC202600269
CONT2026004347,IMPORT,GTI,VC202600269
CONT2026004348,IMPORT,GTI,VC202600269
CONT2026004349,IMPORT,GTI,VC202600269
CONT2026004350,EXPORT,GTI,VC202600269
CONT2026004351,EXPORT,GTI,VC202600269
CONT2026004352,IMPORT,GTI,VC202600269
CONT2026004353,IMPORT,GTI,VC202600269
CONT2026004354,IMPORT,GTI,VC202600269
CONT2026004355,IMPORT,GTI,VC202600269
CONT2026004356,IMPORT,GTI,VC202600269
CONT2026004357,IMPORT,GTI,VC202600269
CONT2026004358,EXPORT,GTI,VC202600269
CONT2026004359,EXPORT,GTI,VC202600269
CONT2026004360,IMPORT,GTI,VC202600269
CONT2026004361,EXPORT,GTI,VC202600269
CONT2026004362,IMPORT,GTI,VC202600269
CONT2026004363,IMPORT,GTI,VC202600269
CONT2026004364,IMPORT,GTI,VC202600269
CONT2026004365,IMPORT,GTI,VC202600269
CONT2026004366,EXPORT,GTI,VC202600269
CONT2026004367,EXPORT,GTI,VC202600269
CONT2026004368,IMPORT,GTI,VC202600269
CONT2026004369,EXPORT,GTI,VC202600269
CONT2026004370,IMPORT,GTI,VC202600269
CONT2026004371,IMPORT,GTI,VC202600269
CONT2026004372,EXPORT,GTI,VC202600269
CONT2026004373,EXPORT,GTI,VC202600269
CONT2026004374,IMPORT,GTI,VC202600269
CONT2026004375,IMPORT,GTI,VC202600269
CONT2026004376,IMPORT,GTI,VC202600269
CONT2026004377,EXPORT,GTI,VC202600269
CONT2026004378,IMPORT,GTI,VC202600269
CONT2026004379,EXPORT,GTI,VC202600269
CONT2026004380,IMPORT,GTI,VC202600269
CONT2026004381,EXPORT,GTI,VC202600269
CONT2026004382,IMPORT,GTI,VC202600269
CONT2026004383,IMPORT,GTI,VC202600269
CONT2026004384,IMPORT,GTI,VC202600269
CONT2026004385,IMPORT,GTI,VC202600269
CONT2026004386,EXPORT,GTI,VC202600269
CONT2026004387,EXPORT,GTI,VC202600269
CONT2026004388,IMPORT,GTI,VC202600269
CONT2026004389,IMPORT,GTI,VC202600269
CONT2026004390,IMPORT,GTI,VC202600269
CONT2026004391,IMPORT,GTI,VC202600269
CONT2026004392,IMPORT,GTI,VC202600269
CONT2026004393,IMPORT,GTI,VC202600269
CONT2026004394,IMPORT,GTI,VC202600269
CONT2026004395,EXPORT,GTI,VC202600269
CONT2026004396,IMPORT,GTI,VC202600269
CONT2026004397,EXPORT,GTI,VC202600269
CONT2026004398,IMPORT,NSFT,VC202600270
CONT2026004399,IMPORT,NSFT,VC202600270
CONT2026004400,EXPORT,NSFT,VC202600270
CONT2026004401,IMPORT,NSFT,VC202600270
CONT2026004402,EXPORT,NSFT,VC202600270
CONT2026004403,EXPORT,NSFT,VC202600270
CONT2026004404,IMPORT,NSFT,VC202600270
CONT2026004405,EXPORT,NSFT,VC202600270
CONT2026004406,EXPORT,NSFT,VC202600270
CONT2026004407,IMPORT,NSFT,VC202600270
CONT2026004408,IMPORT,GTI,VC202600271
CONT2026004409,IMPORT,GTI,VC202600271
CONT2026004410,IMPORT,GTI,VC202600271
CONT2026004411,IMPORT,GTI,VC202600271
CONT2026004412,IMPORT,GTI,VC202600271
CONT2026004413,EXPORT,GTI,VC202600271
CONT2026004414,IMPORT,GTI,VC202600271
CONT2026004415,IMPORT,GTI,VC202600271
CONT2026004416,IMPORT,BMCT,VC202600272
CONT2026004417,EXPORT,BMCT,VC202600272
CONT2026004418,IMPORT,BMCT,VC202600272
CONT2026004419,IMPORT,BMCT,VC202600272
CONT2026004420,EXPORT,BMCT,VC202600272
CONT2026004421,EXPORT,BMCT,VC202600272
CONT2026004422,EXPORT,BMCT,VC202600272
CONT2026004423,IMPORT,BMCT,VC202600272
CONT2026004424,IMPORT,BMCT,VC202600272
CONT2026004425,IMPORT,BMCT,VC202600272
CONT2026004426,IMPORT,BMCT,VC202600272
CONT2026004427,EXPORT,BMCT,VC202600272
CONT2026004428,IMPORT,BMCT,VC202600272
CONT2026004429,EXPORT,BMCT,VC202600272
CONT2026004430,IMPORT,BMCT,VC202600272
CONT2026004431,IMPORT,BMCT,VC202600272
CONT2026004432,IMPORT,BMCT,VC202600272
CONT2026004433,IMPORT,BMCT,VC202600272
CONT2026004434,EXPORT,BMCT,VC202600272
CONT2026004435,IMPORT,BMCT,VC202600272
CONT2026004436,EXPORT,BMCT,VC202600272
CONT2026004437,IMPORT,BMCT,VC202600272
CONT2026004438,EXPORT,BMCT,VC202600272
CONT2026004439,IMPORT,BMCT,VC202600272
CONT2026004440,IMPORT,BMCT,VC202600272
CONT2026004441,EXPORT,BMCT,VC202600272
CONT2026004442,EXPORT,BMCT,VC202600272
CONT2026004443,IMPORT,BMCT,VC202600272
CONT2026004444,IMPORT,BMCT,VC202600272
CONT2026004445,EXPORT,NSICT,VC202600273
CONT2026004446,EXPORT,NSICT,VC202600273
CONT2026004447,EXPORT,NSICT,VC202600273
CONT2026004448,IMPORT,NSICT,VC202600273
CONT2026004449,EXPORT,NSICT,VC202600273
CONT2026004450,EXPORT,NSICT,VC202600273
CONT2026004451,IMPORT,NSICT,VC202600273
CONT2026004452,IMPORT,NSICT,VC202600273
CONT2026004453,IMPORT,GTI,VC202600274
CONT2026004454,EXPORT,GTI,VC202600274
CONT2026004455,EXPORT,GTI,VC202600274
CONT2026004456,EXPORT,GTI,VC202600274
CONT2026004457,IMPORT,GTI,VC202600274
CONT2026004458,IMPORT,GTI,VC202600274
CONT2026004459,EXPORT,GTI,VC202600274
CONT2026004460,IMPORT,GTI,VC202600274
CONT2026004461,EXPORT,GTI,VC202600274
CONT2026004462,EXPORT,GTI,VC202600274
CONT2026004463,EXPORT,GTI,VC202600274
CONT2026004464,IMPORT,GTI,VC202600274
CONT2026004465,EXPORT,GTI,VC202600274
CONT2026004466,EXPORT,GTI,VC202600274
CONT2026004467,EXPORT,GTI,VC202600274
CONT2026004468,EXPORT,GTI,VC202600274
CONT2026004469,EXPORT,GTI,VC202600274
CONT2026004470,IMPORT,NSFT,VC202600275
CONT2026004471,EXPORT,NSFT,VC202600275
CONT2026004472,IMPORT,NSFT,VC202600275
CONT2026004473,IMPORT,NSFT,VC202600275
CONT2026004474,IMPORT,NSFT,VC202600275
CONT2026004475,EXPORT,NSFT,VC202600275
CONT2026004476,IMPORT,NSFT,VC202600275
CONT2026004477,IMPORT,NSFT,VC202600275
CONT2026004478,EXPORT,NSFT,VC202600275
CONT2026004479,IMPORT,NSFT,VC202600275
CONT2026004480,IMPORT,NSFT,VC202600275
CONT2026004481,IMPORT,NSFT,VC202600275
CONT2026004482,IMPORT,NSFT,VC202600275
CONT2026004483,IMPORT,NSFT,VC202600275
CONT2026004484,EXPORT,NSFT,VC202600275
CONT2026004485,IMPORT,NSIGT,VC202600276
CONT2026004486,IMPORT,NSIGT,VC202600276
CONT2026004487,IMPORT,NSIGT,VC202600276
CONT2026004488,EXPORT,NSIGT,VC202600276
CONT2026004489,IMPORT,NSIGT,VC202600276
CONT2026004490,EXPORT,NSIGT,VC202600276
CONT2026004491,EXPORT,NSIGT,VC202600276
CONT2026004492,EXPORT,NSIGT,VC202600276
CONT2026004493,EXPORT,NSIGT,VC202600276
CONT2026004494,EXPORT,NSIGT,VC202600276
CONT2026004495,EXPORT,NSIGT,VC202600276
CONT2026004496,IMPORT,NSIGT,VC202600276
CONT2026004497,EXPORT,NSIGT,VC202600276
CONT2026004498,IMPORT,NSIGT,VC202600276
CONT2026004499,IMPORT,NSIGT,VC202600276
CONT2026004500,EXPORT,NSIGT,VC202600276
CONT2026004501,EXPORT,NSIGT,VC202600276
CONT2026004502,EXPORT,NSIGT,VC202600276
CONT2026004503,EXPORT,NSIGT,VC202600276
CONT2026004504,IMPORT,NSIGT,VC202600276
CONT2026004505,IMPORT,NSIGT,VC202600276
CONT2026004506,IMPORT,NSIGT,VC202600276
CONT2026004507,IMPORT,NSIGT,VC202600276
CONT2026004508,EXPORT,NSIGT,VC202600276
CONT2026004509,IMPORT,NSIGT,VC202600276
CONT2026004510,IMPORT,NSFT,VC202600277
CONT2026004511,EXPORT,NSFT,VC202600277
CONT2026004512,EXPORT,NSFT,VC202600277
CONT2026004513,EXPORT,NSFT,VC202600277
CONT2026004514,IMPORT,NSFT,VC202600277
CONT2026004515,EXPORT,NSFT,VC202600277
CONT2026004516,EXPORT,NSFT,VC202600277
CONT2026004517,EXPORT,NSFT,VC202600277
CONT2026004518,IMPORT,NSFT,VC202600277
CONT2026004519,IMPORT,NSFT,VC202600278
CONT2026004520,EXPORT,NSFT,VC202600278
CONT2026004521,EXPORT,NSFT,VC202600278
CONT2026004522,EXPORT,NSFT,VC202600278
CONT2026004523,EXPORT,NSFT,VC202600278
CONT2026004524,EXPORT,NSFT,VC202600278
CONT2026004525,EXPORT,NSFT,VC202600278
CONT2026004526,EXPORT,NSFT,VC202600278
CONT2026004527,EXPORT,NSFT,VC202600278
CONT2026004528,EXPORT,NSFT,VC202600279
CONT2026004529,EXPORT,NSFT,VC202600279
CONT2026004530,EXPORT,NSFT,VC202600279
CONT2026004531,EXPORT,NSFT,VC202600279
CONT2026004532,EXPORT,NSFT,VC202600279
CONT2026004533,IMPORT,NSFT,VC202600279
CONT2026004534,IMPORT,NSFT,VC202600279
CONT2026004535,EXPORT,NSFT,VC202600279
CONT2026004536,EXPORT,NSFT,VC202600279
CONT2026004537,IMPORT,NSFT,VC202600279
CONT2026004538,EXPORT,NSFT,VC202600279
CONT2026004539,EXPORT,NSFT,VC202600279
CONT2026004540,IMPORT,NSFT,VC202600279
CONT2026004541,EXPORT,BMCT,VC202600280
CONT2026004542,IMPORT,BMCT,VC202600280
CONT2026004543,IMPORT,BMCT,VC202600280
CONT2026004544,EXPORT,BMCT,VC202600280
CONT2026004545,EXPORT,BMCT,VC202600280
CONT2026004546,IMPORT,BMCT,VC202600280
CONT2026004547,EXPORT,BMCT,VC202600280
CONT2026004548,IMPORT,BMCT,VC202600280
CONT2026004549,IMPORT,BMCT,VC202600280
CONT2026004550,IMPORT,BMCT,VC202600280
CONT2026004551,IMPORT,BMCT,VC202600280
CONT2026004552,IMPORT,BMCT,VC202600280
CONT2026004553,IMPORT,BMCT,VC202600280
CONT2026004554,IMPORT,BMCT,VC202600280
CONT2026004555,IMPORT,BMCT,VC202600280
CONT2026004556,EXPORT,BMCT,VC202600280
CONT2026004557,IMPORT,BMCT,VC202600280
CONT2026004558,EXPORT,BMCT,VC202600280
CONT2026004559,EXPORT,BMCT,VC202600280
CONT2026004560,IMPORT,BMCT,VC202600280
CONT2026004561,EXPORT,BMCT,VC202600280
CONT2026004562,EXPORT,BMCT,VC202600280
CONT2026004563,EXPORT,BMCT,VC202600280
CONT2026004564,EXPORT,BMCT,VC202600280
CONT2026004565,IMPORT,BMCT,VC202600280
CONT2026004566,IMPORT,NSFT,VC202600281
CONT2026004567,IMPORT,NSFT,VC202600281
CONT2026004568,EXPORT,NSFT,VC202600281
CONT2026004569,IMPORT,NSFT,VC202600281
CONT2026004570,EXPORT,NSFT,VC202600281
CONT2026004571,EXPORT,NSFT,VC202600281
CONT2026004572,EXPORT,NSFT,VC202600281
CONT2026004573,IMPORT,NSFT,VC202600281
CONT2026004574,EXPORT,NSFT,VC202600281
CONT2026004575,EXPORT,NSFT,VC202600281
CONT2026004576,IMPORT,NSFT,VC202600281
CONT2026004577,IMPORT,NSFT,VC202600281
CONT2026004578,EXPORT,NSFT,VC202600281
CONT2026004579,IMPORT,NSFT,VC202600281
CONT2026004580,EXPORT,NSFT,VC202600281
CONT2026004581,IMPORT,NSFT,VC202600281
CONT2026004582,EXPORT,NSFT,VC202600281
CONT2026004583,IMPORT,NSFT,VC202600281
CONT2026004584,IMPORT,NSFT,VC202600281
CONT2026004585,IMPORT,NSFT,VC202600281
CONT2026004586,EXPORT,NSFT,VC202600281
CONT2026004587,IMPORT,NSFT,VC202600281
CONT2026004588,IMPORT,NSFT,VC202600281
CONT2026004589,IMPORT,NSFT,VC202600281
CONT2026004590,EXPORT,NSFT,VC202600281
CONT2026004591,IMPORT,NSFT,VC202600281
CONT2026004592,EXPORT,NSFT,VC202600281
CONT2026004593,IMPORT,BMCT,VC202600282
CONT2026004594,IMPORT,BMCT,VC202600282
CONT2026004595,EXPORT,BMCT,VC202600282
CONT2026004596,EXPORT,BMCT,VC202600282
CONT2026004597,EXPORT,BMCT,VC202600282
CONT2026004598,EXPORT,BMCT,VC202600282
CONT2026004599,EXPORT,BMCT,VC202600282
CONT2026004600,IMPORT,BMCT,VC202600282
CONT2026004601,EXPORT,BMCT,VC202600282
CONT2026004602,IMPORT,BMCT,VC202600282
CONT2026004603,IMPORT,NSFT,VC202600283
CONT2026004604,IMPORT,NSFT,VC202600283
CONT2026004605,IMPORT,NSFT,VC202600283
CONT2026004606,IMPORT,NSFT,VC202600283
CONT2026004607,IMPORT,NSFT,VC202600283
CONT2026004608,IMPORT,NSFT,VC202600283
CONT2026004609,EXPORT,NSFT,VC202600283
CONT2026004610,IMPORT,NSFT,VC202600283
CONT2026004611,IMPORT,NSFT,VC202600283
CONT2026004612,EXPORT,NSFT,VC202600283
CONT2026004613,EXPORT,NSFT,VC202600283
CONT2026004614,IMPORT,NSFT,VC202600283
CONT2026004615,EXPORT,NSFT,VC202600283
CONT2026004616,IMPORT,NSFT,VC202600283
CONT2026004617,EXPORT,NSFT,VC202600283
CONT2026004618,IMPORT,NSFT,VC202600283
CONT2026004619,EXPORT,NSFT,VC202600283
CONT2026004620,IMPORT,NSFT,VC202600283
CONT2026004621,IMPORT,NSICT,VC202600284
CONT2026004622,IMPORT,NSICT,VC202600284
CONT2026004623,IMPORT,NSICT,VC202600284
CONT2026004624,EXPORT,NSICT,VC202600284
CONT2026004625,EXPORT,NSICT,VC202600284
CONT2026004626,IMPORT,NSICT,VC202600284
CONT2026004627,EXPORT,NSICT,VC202600284
CONT2026004628,EXPORT,NSICT,VC202600284
CONT2026004629,EXPORT,NSICT,VC202600284
CONT2026004630,IMPORT,NSICT,VC202600285
CONT2026004631,IMPORT,NSICT,VC202600285
CONT2026004632,IMPORT,NSICT,VC202600285
CONT2026004633,IMPORT,NSICT,VC202600285
CONT2026004634,EXPORT,NSICT,VC202600285
CONT2026004635,EXPORT,NSICT,VC202600285
CONT2026004636,EXPORT,NSICT,VC202600285
CONT2026004637,EXPORT,BMCT,VC202600286
CONT2026004638,IMPORT,BMCT,VC202600286
CONT2026004639,IMPORT,BMCT,VC202600286
CONT2026004640,EXPORT,BMCT,VC202600286
CONT2026004641,EXPORT,BMCT,VC202600286
CONT2026004642,IMPORT,BMCT,VC202600286
CONT2026004643,EXPORT,BMCT,VC202600286
CONT2026004644,EXPORT,BMCT,VC202600286
CONT2026004645,EXPORT,BMCT,VC202600286
CONT2026004646,IMPORT,BMCT,VC202600286
CONT2026004647,IMPORT,BMCT,VC202600286
CONT2026004648,IMPORT,BMCT,VC202600286
CONT2026004649,IMPORT,NSIGT,VC202600287
CONT2026004650,IMPORT,NSIGT,VC202600287
CONT2026004651,IMPORT,NSIGT,VC202600287
CONT2026004652,IMPORT,NSIGT,VC202600287
CONT2026004653,IMPORT,NSIGT,VC202600287
CONT2026004654,EXPORT,NSIGT,VC202600287
CONT2026004655,EXPORT,NSIGT,VC202600287
CONT2026004656,EXPORT,NSIGT,VC202600287
CONT2026004657,IMPORT,NSIGT,VC202600287
CONT2026004658,EXPORT,NSIGT,VC202600287
CONT2026004659,EXPORT,NSFT,VC202600288
CONT2026004660,EXPORT,NSFT,VC202600288
CONT2026004661,EXPORT,NSFT,VC202600288
CONT2026004662,EXPORT,NSFT,VC202600288
CONT2026004663,EXPORT,NSFT,VC202600288
CONT2026004664,IMPORT,NSFT,VC202600288
CONT2026004665,EXPORT,NSFT,VC202600288
CONT2026004666,EXPORT,NSFT,VC202600288
CONT2026004667,EXPORT,NSFT,VC202600288
CONT2026004668,IMPORT,NSFT,VC202600288
CONT2026004669,IMPORT,NSFT,VC202600288
CONT2026004670,EXPORT,NSFT,VC202600288
CONT2026004671,IMPORT,NSFT,VC202600288
CONT2026004672,IMPORT,NSFT,VC202600288
CONT2026004673,IMPORT,NSFT,VC202600288
CONT2026004674,EXPORT,NSFT,VC202600288
CONT2026004675,EXPORT,NSFT,VC202600288
CONT2026004676,EXPORT,NSFT,VC202600288
CONT2026004677,EXPORT,NSFT,VC202600288
CONT2026004678,IMPORT,NSFT,VC202600288
CONT2026004679,EXPORT,NSFT,VC202600288
CONT2026004680,IMPORT,NSFT,VC202600288
CONT2026004681,IMPORT,NSFT,VC202600288
CONT2026004682,IMPORT,NSFT,VC202600288
CONT2026004683,IMPORT,NSFT,VC202600288
CONT2026004684,IMPORT,NSFT,VC202600288
CONT2026004685,EXPORT,NSFT,VC202600288
CONT2026004686,EXPORT,NSFT,VC202600288
CONT2026004687,EXPORT,NSFT,VC202600288
CONT2026004688,IMPORT,NSFT,VC202600288
CONT2026004689,IMPORT,BMCT,VC202600289
CONT2026004690,EXPORT,BMCT,VC202600289
CONT2026004691,IMPORT,BMCT,VC202600289
CONT2026004692,EXPORT,BMCT,VC202600289
CONT2026004693,EXPORT,BMCT,VC202600289
CONT2026004694,EXPORT,BMCT,VC202600289
CONT2026004695,IMPORT,NSFT,VC202600290
CONT2026004696,EXPORT,NSFT,VC202600290
CONT2026004697,IMPORT,NSFT,VC202600290
CONT2026004698,IMPORT,NSFT,VC202600290
CONT2026004699,EXPORT,NSFT,VC202600290
CONT2026004700,EXPORT,NSFT,VC202600290
CONT2026004701,EXPORT,NSFT,VC202600290
CONT2026004702,IMPORT,NSFT,VC202600290
CONT2026004703,IMPORT,NSFT,VC202600290
CONT2026004704,IMPORT,NSFT,VC202600290
CONT2026004705,IMPORT,NSFT,VC202600290
CONT2026004706,IMPORT,NSFT,VC202600290
CONT2026004707,EXPORT,NSFT,VC202600290
CONT2026004708,EXPORT,NSFT,VC202600290
CONT2026004709,EXPORT,NSFT,VC202600290
CONT2026004710,IMPORT,NSIGT,VC202600291
CONT2026004711,IMPORT,NSIGT,VC202600291
CONT2026004712,IMPORT,NSIGT,VC202600291
CONT2026004713,EXPORT,NSIGT,VC202600291
CONT2026004714,EXPORT,NSIGT,VC202600291
CONT2026004715,IMPORT,NSIGT,VC202600291
CONT2026004716,IMPORT,NSIGT,VC202600291
CONT2026004717,EXPORT,NSIGT,VC202600291
CONT2026004718,EXPORT,NSIGT,VC202600291
CONT2026004719,EXPORT,NSIGT,VC202600291
CONT2026004720,IMPORT,NSIGT,VC202600291
CONT2026004721,IMPORT,NSIGT,VC202600291
CONT2026004722,EXPORT,NSIGT,VC202600291
CONT2026004723,IMPORT,NSIGT,VC202600291
CONT2026004724,EXPORT,NSIGT,VC202600291
CONT2026004725,EXPORT,NSIGT,VC202600291
CONT2026004726,EXPORT,NSIGT,VC202600291
CONT2026004727,IMPORT,NSIGT,VC202600291
CONT2026004728,IMPORT,NSIGT,VC202600291
CONT2026004729,EXPORT,NSIGT,VC202600292
CONT2026004730,IMPORT,NSIGT,VC202600292
CONT2026004731,IMPORT,NSIGT,VC202600292
CONT2026004732,IMPORT,NSIGT,VC202600292
CONT2026004733,EXPORT,NSIGT,VC202600292
CONT2026004734,EXPORT,NSIGT,VC202600292
CONT2026004735,IMPORT,NSFT,VC202600293
CONT2026004736,EXPORT,NSFT,VC202600293
CONT2026004737,IMPORT,NSFT,VC202600293
CONT2026004738,IMPORT,NSFT,VC202600293
CONT2026004739,IMPORT,NSFT,VC202600293
CONT2026004740,EXPORT,NSFT,VC202600293
CONT2026004741,IMPORT,NSFT,VC202600293
CONT2026004742,IMPORT,NSFT,VC202600293
CONT2026004743,EXPORT,NSFT,VC202600293
CONT2026004744,EXPORT,NSFT,VC202600293
CONT2026004745,EXPORT,NSFT,VC202600293
CONT2026004746,IMPORT,NSFT,VC202600293
CONT2026004747,EXPORT,NSFT,VC202600293
CONT2026004748,EXPORT,NSFT,VC202600293
CONT2026004749,EXPORT,NSFT,VC202600293
CONT2026004750,EXPORT,NSFT,VC202600293
CONT2026004751,IMPORT,NSFT,VC202600293
CONT2026004752,EXPORT,NSFT,VC202600293
CONT2026004753,IMPORT,NSFT,VC202600293
CONT2026004754,IMPORT,NSFT,VC202600293
CONT2026004755,EXPORT,NSIGT,VC202600294
CONT2026004756,EXPORT,NSIGT,VC202600294
CONT2026004757,IMPORT,NSIGT,VC202600294
CONT2026004758,EXPORT,NSIGT,VC202600294
CONT2026004759,EXPORT,NSIGT,VC202600294
CONT2026004760,EXPORT,NSIGT,VC202600294
CONT2026004761,EXPORT,NSIGT,VC202600294
CONT2026004762,EXPORT,NSICT,VC202600295
CONT2026004763,EXPORT,NSICT,VC202600295
CONT2026004764,EXPORT,NSICT,VC202600295
CONT2026004765,EXPORT,NSICT,VC202600295
CONT2026004766,EXPORT,NSICT,VC202600295
CONT2026004767,IMPORT,NSICT,VC202600295
CONT2026004768,IMPORT,NSICT,VC202600295
CONT2026004769,IMPORT,NSICT,VC202600295
CONT2026004770,EXPORT,NSICT,VC202600295
CONT2026004771,EXPORT,NSICT,VC202600295
CONT2026004772,EXPORT,NSICT,VC202600295
CONT2026004773,EXPORT,NSICT,VC202600295
CONT2026004774,EXPORT,NSICT,VC202600295
CONT2026004775,IMPORT,NSICT,VC202600295
CONT2026004776,IMPORT,NSICT,VC202600295
CONT2026004777,EXPORT,NSICT,VC202600295
CONT2026004778,IMPORT,NSIGT,VC202600296
CONT2026004779,EXPORT,NSIGT,VC202600296
CONT2026004780,EXPORT,NSIGT,VC202600296
CONT2026004781,EXPORT,NSIGT,VC202600296
CONT2026004782,IMPORT,NSIGT,VC202600296
CONT2026004783,EXPORT,NSIGT,VC202600296
CONT2026004784,EXPORT,NSIGT,VC202600296
CONT2026004785,EXPORT,NSIGT,VC202600296
CONT2026004786,IMPORT,NSIGT,VC202600296
CONT2026004787,EXPORT,NSIGT,VC202600296
CONT2026004788,EXPORT,NSIGT,VC202600296
CONT2026004789,IMPORT,NSIGT,VC202600296
CONT2026004790,IMPORT,NSICT,VC202600297
CONT2026004791,EXPORT,NSICT,VC202600297
CONT2026004792,IMPORT,NSICT,VC202600297
CONT2026004793,IMPORT,NSICT,VC202600297
CONT2026004794,IMPORT,NSICT,VC202600297
CONT2026004795,EXPORT,NSICT,VC202600297
CONT2026004796,EXPORT,NSICT,VC202600297
CONT2026004797,EXPORT,NSICT,VC202600297
CONT2026004798,EXPORT,NSICT,VC202600297
CONT2026004799,IMPORT,NSICT,VC202600297
CONT2026004800,EXPORT,NSICT,VC202600297
CONT2026004801,IMPORT,NSICT,VC202600297
CONT2026004802,EXPORT,NSICT,VC202600297
CONT2026004803,EXPORT,GTI,VC202600298
CONT2026004804,IMPORT,GTI,VC202600298
CONT2026004805,EXPORT,GTI,VC202600298
CONT2026004806,EXPORT,GTI,VC202600298
CONT2026004807,IMPORT,GTI,VC202600298
CONT2026004808,IMPORT,GTI,VC202600298
CONT2026004809,IMPORT,GTI,VC202600298
CONT2026004810,EXPORT,GTI,VC202600298
CONT2026004811,IMPORT,GTI,VC202600298
CONT2026004812,EXPORT,GTI,VC202600298
CONT2026004813,IMPORT,GTI,VC202600298
CONT2026004814,IMPORT,GTI,VC202600298
CONT2026004815,IMPORT,GTI,VC202600298
CONT2026004816,EXPORT,GTI,VC202600298
CONT2026004817,EXPORT,GTI,VC202600298
CONT2026004818,EXPORT,GTI,VC202600298
CONT2026004819,EXPORT,GTI,VC202600298
CONT2026004820,EXPORT,GTI,VC202600298
CONT2026004821,IMPORT,GTI,VC202600298
CONT2026004822,EXPORT,GTI,VC202600298
CONT2026004823,EXPORT,GTI,VC202600298
CONT2026004824,EXPORT,GTI,VC202600298
CONT2026004825,EXPORT,GTI,VC202600298
CONT2026004826,IMPORT,GTI,VC202600298
CONT2026004827,EXPORT,GTI,VC202600298
CONT2026004828,EXPORT,GTI,VC202600298
CONT2026004829,EXPORT,GTI,VC202600298
CONT2026004830,IMPORT,GTI,VC202600298
CONT2026004831,EXPORT,GTI,VC202600298
CONT2026004832,EXPORT,GTI,VC202600298
CONT2026004833,IMPORT,GTI,VC202600298
CONT2026004834,EXPORT,GTI,VC202600298
CONT2026004835,IMPORT,GTI,VC202600298
CONT2026004836,EXPORT,GTI,VC202600298
CONT2026004837,IMPORT,GTI,VC202600298
CONT2026004838,IMPORT,GTI,VC202600298
CONT2026004839,IMPORT,GTI,VC202600298
CONT2026004840,IMPORT,GTI,VC202600298
CONT2026004841,IMPORT,GTI,VC202600298
CONT2026004842,IMPORT,GTI,VC202600298
CONT2026004843,EXPORT,GTI,VC202600298
CONT2026004844,IMPORT,GTI,VC202600298
CONT2026004845,IMPORT,GTI,VC202600298
CONT2026004846,EXPORT,GTI,VC202600298
CONT2026004847,IMPORT,GTI,VC202600298
CONT2026004848,EXPORT,GTI,VC202600298
CONT2026004849,IMPORT,GTI,VC202600298
CONT2026004850,EXPORT,GTI,VC202600298
CONT2026004851,EXPORT,GTI,VC202600298
CONT2026004852,IMPORT,GTI,VC202600298
CONT2026004853,EXPORT,GTI,VC202600298
CONT2026004854,EXPORT,NSICT,VC202600299
CONT2026004855,IMPORT,NSICT,VC202600299
CONT2026004856,EXPORT,NSICT,VC202600299
CONT2026004857,EXPORT,NSICT,VC202600299
CONT2026004858,EXPORT,NSICT,VC202600299
CONT2026004859,IMPORT,NSICT,VC202600299
CONT2026004860,IMPORT,NSICT,VC202600299
CONT2026004861,EXPORT,NSICT,VC202600299
CONT2026004862,EXPORT,NSICT,VC202600299
CONT2026004863,EXPORT,NSICT,VC202600299
CONT2026004864,IMPORT,NSICT,VC202600299
CONT2026004865,EXPORT,NSICT,VC202600299
CONT2026004866,IMPORT,NSICT,VC202600299
CONT2026004867,EXPORT,NSICT,VC202600299
CONT2026004868,EXPORT,NSICT,VC202600299
CONT2026004869,IMPORT,NSICT,VC202600299
CONT2026004870,EXPORT,NSICT,VC202600299
CONT2026004871,IMPORT,NSICT,VC202600299
CONT2026004872,EXPORT,NSICT,VC202600299
CONT2026004873,EXPORT,NSICT,VC202600299
CONT2026004874,EXPORT,NSICT,VC202600299
CONT2026004875,IMPORT,NSICT,VC202600299
CONT2026004876,IMPORT,NSICT,VC202600299
CONT2026004877,IMPORT,NSICT,VC202600299
CONT2026004878,EXPORT,NSICT,VC202600299
CONT2026004879,IMPORT,NSICT,VC202600299
CONT2026004880,IMPORT,NSFT,VC202600300
CONT2026004881,IMPORT,NSFT,VC202600300
CONT2026004882,IMPORT,NSFT,VC202600300
CONT2026004883,EXPORT,NSFT,VC202600300
CONT2026004884,EXPORT,NSFT,VC202600300
CONT2026004885,IMPORT,NSFT,VC202600300
CONT2026004886,IMPORT,NSFT,VC202600300
CONT2026004887,EXPORT,NSFT,VC202600300
CONT2026004888,IMPORT,NSFT,VC202600300
CONT2026004889,EXPORT,NSFT,VC202600300
CONT2026004890,IMPORT,NSFT,VC202600300
CONT2026004891,EXPORT,NSFT,VC202600300
CONT2026004892,EXPORT,NSICT,VC202600301
CONT2026004893,IMPORT,NSICT,VC202600301
CONT2026004894,EXPORT,NSICT,VC202600301
CONT2026004895,IMPORT,NSICT,VC202600301
CONT2026004896,IMPORT,NSICT,VC202600301
CONT2026004897,EXPORT,NSICT,VC202600301
CONT2026004898,EXPORT,NSICT,VC202600301
CONT2026004899,EXPORT,NSICT,VC202600301
CONT2026004900,EXPORT,NSFT,VC202600302
CONT2026004901,EXPORT,NSFT,VC202600302
CONT2026004902,EXPORT,NSFT,VC202600302
CONT2026004903,EXPORT,NSFT,VC202600302
CONT2026004904,EXPORT,NSFT,VC202600302
CONT2026004905,IMPORT,NSFT,VC202600302
CONT2026004906,EXPORT,NSFT,VC202600302
CONT2026004907,IMPORT,NSFT,VC202600302
CONT2026004908,IMPORT,NSFT,VC202600302
CONT2026004909,IMPORT,NSFT,VC202600302
CONT2026004910,EXPORT,NSFT,VC202600302
CONT2026004911,IMPORT,NSFT,VC202600302
CONT2026004912,EXPORT,NSFT,VC202600302
CONT2026004913,EXPORT,NSFT,VC202600302
CONT2026004914,EXPORT,NSFT,VC202600302
CONT2026004915,IMPORT,NSFT,VC202600302
CONT2026004916,IMPORT,NSFT,VC202600302
CONT2026004917,IMPORT,NSFT,VC202600302
CONT2026004918,IMPORT,NSFT,VC202600302
CONT2026004919,EXPORT,NSFT,VC202600302
CONT2026004920,IMPORT,NSFT,VC202600302
CONT2026004921,EXPORT,NSFT,VC202600302
CONT2026004922,IMPORT,NSFT,VC202600302
CONT2026004923,IMPORT,NSFT,VC202600302
CONT2026004924,IMPORT,NSFT,VC202600302
CONT2026004925,IMPORT,NSFT,VC202600302
CONT2026004926,EXPORT,NSFT,VC202600302
CONT2026004927,EXPORT,NSFT,VC202600303
CONT2026004928,IMPORT,NSFT,VC202600303
CONT2026004929,IMPORT,NSFT,VC202600303
CONT2026004930,EXPORT,NSFT,VC202600303
CONT2026004931,EXPORT,NSFT,VC202600303
CONT2026004932,IMPORT,NSFT,VC202600303
CONT2026004933,IMPORT,NSFT,VC202600303
CONT2026004934,EXPORT,NSFT,VC202600303
CONT2026004935,IMPORT,NSFT,VC202600303
CONT2026004936,IMPORT,NSFT,VC202600303
CONT2026004937,IMPORT,NSFT,VC202600303
CONT2026004938,IMPORT,NSFT,VC202600303
CONT2026004939,EXPORT,NSFT,VC202600303
CONT2026004940,IMPORT,NSFT,VC202600303
CONT2026004941,IMPORT,NSFT,VC202600303
CONT2026004942,IMPORT,NSFT,VC202600303
CONT2026004943,EXPORT,NSFT,VC202600303
CONT2026004944,IMPORT,NSFT,VC202600303
CONT2026004945,IMPORT,NSFT,VC202600303
CONT2026004946,IMPORT,NSFT,VC202600303
CONT2026004947,IMPORT,NSFT,VC202600303
CONT2026004948,IMPORT,NSFT,VC202600303
CONT2026004949,IMPORT,NSFT,VC202600303
CONT2026004950,EXPORT,NSFT,VC202600303
CONT2026004951,EXPORT,NSICT,VC202600304
CONT2026004952,IMPORT,NSICT,VC202600304
CONT2026004953,EXPORT,NSICT,VC202600304
CONT2026004954,IMPORT,NSICT,VC202600304
CONT2026004955,EXPORT,NSICT,VC202600304
CONT2026004956,EXPORT,NSICT,VC202600304
CONT2026004957,EXPORT,NSICT,VC202600304
CONT2026004958,EXPORT,NSICT,VC202600304
CONT2026004959,IMPORT,NSICT,VC202600304
CONT2026004960,IMPORT,NSICT,VC202600304
CONT2026004961,IMPORT,NSICT,VC202600304
CONT2026004962,IMPORT,NSICT,VC202600304
CONT2026004963,IMPORT,NSICT,VC202600304
CONT2026004964,IMPORT,NSICT,VC202600304
CONT2026004965,EXPORT,NSICT,VC202600304
CONT2026004966,EXPORT,NSICT,VC202600304
CONT2026004967,IMPORT,GTI,VC202600305
CONT2026004968,IMPORT,GTI,VC202600305
CONT2026004969,IMPORT,GTI,VC202600305
CONT2026004970,EXPORT,GTI,VC202600305
CONT2026004971,IMPORT,GTI,VC202600305
CONT2026004972,IMPORT,GTI,VC202600305
CONT2026004973,EXPORT,GTI,VC202600305
CONT2026004974,IMPORT,GTI,VC202600305
CONT2026004975,IMPORT,GTI,VC202600305
CONT2026004976,IMPORT,GTI,VC202600305
CONT2026004977,IMPORT,BMCT,VC202600306
CONT2026004978,IMPORT,BMCT,VC202600306
CONT2026004979,IMPORT,BMCT,VC202600306
CONT2026004980,EXPORT,BMCT,VC202600306
CONT2026004981,IMPORT,BMCT,VC202600306
CONT2026004982,EXPORT,BMCT,VC202600306
CONT2026004983,EXPORT,BMCT,VC202600306
CONT2026004984,EXPORT,BMCT,VC202600306
CONT2026004985,EXPORT,BMCT,VC202600306
CONT2026004986,IMPORT,BMCT,VC202600306
CONT2026004987,IMPORT,BMCT,VC202600306
CONT2026004988,EXPORT,BMCT,VC202600306
CONT2026004989,IMPORT,BMCT,VC202600307
CONT2026004990,IMPORT,BMCT,VC202600307
CONT2026004991,EXPORT,BMCT,VC202600307
CONT2026004992,IMPORT,BMCT,VC202600307
CONT2026004993,IMPORT,BMCT,VC202600307
CONT2026004994,EXPORT,BMCT,VC202600307
CONT2026004995,EXPORT,BMCT,VC202600307
CONT2026004996,IMPORT,BMCT,VC202600307
CONT2026004997,EXPORT,BMCT,VC202600307
CONT2026004998,IMPORT,BMCT,VC202600307
CONT2026004999,EXPORT,BMCT,VC202600307
CONT2026005000,IMPORT,BMCT,VC202600307
CONT2026005001,EXPORT,BMCT,VC202600307
CONT2026005002,IMPORT,BMCT,VC202600307
CONT2026005003,IMPORT,BMCT,VC202600307
CONT2026005004,EXPORT,BMCT,VC202600307
CONT2026005005,EXPORT,BMCT,VC202600307
CONT2026005006,EXPORT,BMCT,VC202600307
CONT2026005007,EXPORT,BMCT,VC202600307
CONT2026005008,IMPORT,BMCT,VC202600307
CONT2026005009,EXPORT,BMCT,VC202600307
CONT2026005010,EXPORT,BMCT,VC202600307
CONT2026005011,EXPORT,BMCT,VC202600307
CONT2026005012,EXPORT,BMCT,VC202600307
CONT2026005013,EXPORT,BMCT,VC202600307
CONT2026005014,IMPORT,BMCT,VC202600307
CONT2026005015,EXPORT,BMCT,VC202600307
CONT2026005016,EXPORT,BMCT,VC202600307
CONT2026005017,EXPORT,BMCT,VC202600307
CONT2026005018,EXPORT,BMCT,VC202600307
CONT2026005019,IMPORT,BMCT,VC202600307
CONT2026005020,EXPORT,BMCT,VC202600307
CONT2026005021,IMPORT,BMCT,VC202600307
CONT2026005022,EXPORT,BMCT,VC202600307
CONT2026005023,EXPORT,BMCT,VC202600307
CONT2026005024,IMPORT,BMCT,VC202600307
CONT2026005025,IMPORT,BMCT,VC202600307
CONT2026005026,IMPORT,BMCT,VC202600307
CONT2026005027,EXPORT,BMCT,VC202600307
CONT2026005028,EXPORT,BMCT,VC202600307
CONT2026005029,EXPORT,BMCT,VC202600307
CONT2026005030,IMPORT,BMCT,VC202600307
CONT2026005031,IMPORT,BMCT,VC202600307
CONT2026005032,EXPORT,GTI,VC202600308
CONT2026005033,EXPORT,GTI,VC202600308
CONT2026005034,IMPORT,GTI,VC202600308
CONT2026005035,EXPORT,GTI,VC202600308
CONT2026005036,IMPORT,GTI,VC202600308
CONT2026005037,EXPORT,GTI,VC202600308
CONT2026005038,IMPORT,GTI,VC202600308
CONT2026005039,EXPORT,GTI,VC202600308
CONT2026005040,IMPORT,GTI,VC202600308
CONT2026005041,EXPORT,GTI,VC202600308
CONT2026005042,IMPORT,GTI,VC202600308
CONT2026005043,IMPORT,GTI,VC202600308
CONT2026005044,IMPORT,GTI,VC202600308
CONT2026005045,EXPORT,GTI,VC202600308
CONT2026005046,EXPORT,GTI,VC202600308
CONT2026005047,EXPORT,GTI,VC202600308
CONT2026005048,EXPORT,GTI,VC202600308
CONT2026005049,IMPORT,GTI,VC202600308
CONT2026005050,EXPORT,GTI,VC202600308
CONT2026005051,IMPORT,GTI,VC202600308
CONT2026005052,EXPORT,GTI,VC202600308
CONT2026005053,EXPORT,GTI,VC202600308
CONT2026005054,IMPORT,NSFT,VC202600309
CONT2026005055,EXPORT,NSFT,VC202600309
CONT2026005056,IMPORT,NSFT,VC202600309
CONT2026005057,IMPORT,NSFT,VC202600309
CONT2026005058,EXPORT,NSFT,VC202600309
CONT2026005059,IMPORT,NSFT,VC202600309
CONT2026005060,IMPORT,NSFT,VC202600309
CONT2026005061,IMPORT,NSFT,VC202600309
CONT2026005062,EXPORT,NSFT,VC202600309
CONT2026005063,IMPORT,NSFT,VC202600309
CONT2026005064,IMPORT,NSFT,VC202600309
CONT2026005065,IMPORT,NSFT,VC202600309
CONT2026005066,EXPORT,NSFT,VC202600309
CONT2026005067,IMPORT,NSFT,VC202600309
CONT2026005068,IMPORT,NSFT,VC202600309
CONT2026005069,IMPORT,NSFT,VC202600309
CONT2026005070,EXPORT,NSFT,VC202600309
CONT2026005071,IMPORT,NSFT,VC202600309
CONT2026005072,IMPORT,NSFT,VC202600309
CONT2026005073,IMPORT,NSFT,VC202600309
CONT2026005074,IMPORT,NSFT,VC202600309
CONT2026005075,IMPORT,NSFT,VC202600309
CONT2026005076,IMPORT,NSFT,VC202600309
CONT2026005077,IMPORT,NSFT,VC202600309
CONT2026005078,EXPORT,NSFT,VC202600309
CONT2026005079,IMPORT,NSFT,VC202600309
CONT2026005080,IMPORT,NSFT,VC202600309
CONT2026005081,IMPORT,NSFT,VC202600310
CONT2026005082,IMPORT,NSFT,VC202600310
CONT2026005083,EXPORT,NSFT,VC202600310
CONT2026005084,EXPORT,NSFT,VC202600310
CONT2026005085,IMPORT,NSFT,VC202600310
CONT2026005086,EXPORT,NSFT,VC202600310
CONT2026005087,IMPORT,NSFT,VC202600310
CONT2026005088,EXPORT,NSFT,VC202600310
CONT2026005089,EXPORT,BMCT,VC202600311
CONT2026005090,IMPORT,BMCT,VC202600311
CONT2026005091,IMPORT,BMCT,VC202600311
CONT2026005092,EXPORT,BMCT,VC202600311
CONT2026005093,EXPORT,BMCT,VC202600311
CONT2026005094,IMPORT,BMCT,VC202600311
CONT2026005095,IMPORT,BMCT,VC202600311
CONT2026005096,EXPORT,BMCT,VC202600311
CONT2026005097,EXPORT,BMCT,VC202600311
CONT2026005098,IMPORT,BMCT,VC202600311
CONT2026005099,IMPORT,BMCT,VC202600311
CONT2026005100,EXPORT,BMCT,VC202600311
CONT2026005101,EXPORT,BMCT,VC202600311
CONT2026005102,EXPORT,BMCT,VC202600311
CONT2026005103,IMPORT,BMCT,VC202600311
CONT2026005104,EXPORT,BMCT,VC202600311
CONT2026005105,EXPORT,BMCT,VC202600311
CONT2026005106,EXPORT,BMCT,VC202600311
CONT2026005107,EXPORT,BMCT,VC202600311
CONT2026005108,EXPORT,BMCT,VC202600311
CONT2026005109,EXPORT,BMCT,VC202600311
CONT2026005110,EXPORT,BMCT,VC202600311
CONT2026005111,IMPORT,BMCT,VC202600311
CONT2026005112,EXPORT,BMCT,VC202600311
CONT2026005113,IMPORT,BMCT,VC202600312
CONT2026005114,IMPORT,BMCT,VC202600312
CONT2026005115,IMPORT,BMCT,VC202600312
CONT2026005116,EXPORT,BMCT,VC202600312
CONT2026005117,EXPORT,BMCT,VC202600312
CONT2026005118,IMPORT,BMCT,VC202600312
CONT2026005119,EXPORT,BMCT,VC202600312
CONT2026005120,EXPORT,BMCT,VC202600312
CONT2026005121,IMPORT,BMCT,VC202600312
CONT2026005122,EXPORT,BMCT,VC202600312
CONT2026005123,IMPORT,NSICT,VC202600313
CONT2026005124,IMPORT,NSICT,VC202600313
CONT2026005125,IMPORT,NSICT,VC202600313
CONT2026005126,IMPORT,NSICT,VC202600313
CONT2026005127,IMPORT,NSICT,VC202600313
CONT2026005128,EXPORT,NSICT,VC202600313
CONT2026005129,IMPORT,NSICT,VC202600313
CONT2026005130,IMPORT,NSICT,VC202600313
CONT2026005131,EXPORT,GTI,VC202600314
CONT2026005132,IMPORT,GTI,VC202600314
CONT2026005133,IMPORT,GTI,VC202600314
CONT2026005134,IMPORT,GTI,VC202600314
CONT2026005135,EXPORT,GTI,VC202600314
CONT2026005136,EXPORT,GTI,VC202600314
CONT2026005137,IMPORT,GTI,VC202600314
CONT2026005138,IMPORT,GTI,VC202600314
CONT2026005139,IMPORT,GTI,VC202600314
CONT2026005140,IMPORT,GTI,VC202600314
CONT2026005141,IMPORT,GTI,VC202600314
CONT2026005142,EXPORT,GTI,VC202600314
CONT2026005143,IMPORT,GTI,VC202600314
CONT2026005144,IMPORT,GTI,VC202600314
CONT2026005145,EXPORT,GTI,VC202600314
CONT2026005146,EXPORT,GTI,VC202600314
CONT2026005147,IMPORT,GTI,VC202600314
CONT2026005148,IMPORT,GTI,VC202600314
CONT2026005149,IMPORT,GTI,VC202600314
CONT2026005150,IMPORT,GTI,VC202600314
CONT2026005151,EXPORT,GTI,VC202600314
CONT2026005152,IMPORT,GTI,VC202600314
CONT2026005153,EXPORT,GTI,VC202600314
CONT2026005154,EXPORT,GTI,VC202600314
CONT2026005155,IMPORT,GTI,VC202600314
CONT2026005156,IMPORT,GTI,VC202600315
CONT2026005157,IMPORT,GTI,VC202600315
CONT2026005158,IMPORT,GTI,VC202600315
CONT2026005159,IMPORT,GTI,VC202600315
CONT2026005160,IMPORT,GTI,VC202600315
CONT2026005161,IMPORT,GTI,VC202600315
CONT2026005162,IMPORT,GTI,VC202600315
CONT2026005163,IMPORT,GTI,VC202600315
CONT2026005164,EXPORT,GTI,VC202600315
CONT2026005165,EXPORT,GTI,VC202600315
CONT2026005166,IMPORT,BMCT,VC202600316
CONT2026005167,EXPORT,BMCT,VC202600316
CONT2026005168,IMPORT,BMCT,VC202600316
CONT2026005169,EXPORT,BMCT,VC202600316
CONT2026005170,EXPORT,BMCT,VC202600316
CONT2026005171,EXPORT,BMCT,VC202600316
CONT2026005172,IMPORT,NSIGT,VC202600317
CONT2026005173,EXPORT,NSIGT,VC202600317
CONT2026005174,EXPORT,NSIGT,VC202600317
CONT2026005175,EXPORT,NSIGT,VC202600317
CONT2026005176,IMPORT,NSIGT,VC202600317
CONT2026005177,EXPORT,NSIGT,VC202600317
CONT2026005178,EXPORT,NSIGT,VC202600317
CONT2026005179,IMPORT,NSIGT,VC202600317
CONT2026005180,EXPORT,NSIGT,VC202600317
CONT2026005181,EXPORT,NSIGT,VC202600317
CONT2026005182,IMPORT,NSIGT,VC202600317
CONT2026005183,EXPORT,NSIGT,VC202600317
CONT2026005184,IMPORT,NSIGT,VC202600317
CONT2026005185,IMPORT,NSIGT,VC202600317
CONT2026005186,EXPORT,NSIGT,VC202600317
CONT2026005187,EXPORT,NSIGT,VC202600317
CONT2026005188,EXPORT,NSIGT,VC202600317
CONT2026005189,EXPORT,NSIGT,VC202600317
CONT2026005190,EXPORT,NSIGT,VC202600317
CONT2026005191,EXPORT,NSIGT,VC202600317
CONT2026005192,IMPORT,NSIGT,VC202600317
CONT2026005193,IMPORT,NSIGT,VC202600317
CONT2026005194,EXPORT,NSIGT,VC202600317
CONT2026005195,EXPORT,NSIGT,VC202600317
CONT2026005196,EXPORT,NSIGT,VC202600317
CONT2026005197,EXPORT,NSIGT,VC202600317
CONT2026005198,IMPORT,NSIGT,VC202600317
CONT2026005199,EXPORT,NSIGT,VC202600317
CONT2026005200,IMPORT,NSIGT,VC202600317
CONT2026005201,EXPORT,NSIGT,VC202600317
CONT2026005202,EXPORT,NSIGT,VC202600317
CONT2026005203,IMPORT,NSICT,VC202600318
CONT2026005204,EXPORT,NSICT,VC202600318
CONT2026005205,IMPORT,NSICT,VC202600318
CONT2026005206,IMPORT,NSICT,VC202600318
CONT2026005207,EXPORT,NSICT,VC202600318
CONT2026005208,EXPORT,NSICT,VC202600318
CONT2026005209,IMPORT,NSICT,VC202600318
CONT2026005210,EXPORT,NSICT,VC202600318
CONT2026005211,IMPORT,NSICT,VC202600318
CONT2026005212,EXPORT,NSICT,VC202600318
CONT2026005213,IMPORT,NSICT,VC202600318
CONT2026005214,IMPORT,NSICT,VC202600318
CONT2026005215,IMPORT,NSICT,VC202600318
CONT2026005216,IMPORT,NSICT,VC202600318
CONT2026005217,IMPORT,NSICT,VC202600318
CONT2026005218,IMPORT,NSICT,VC202600318
CONT2026005219,IMPORT,NSICT,VC202600318
CONT2026005220,EXPORT,NSICT,VC202600318
CONT2026005221,EXPORT,NSICT,VC202600318
CONT2026005222,IMPORT,NSICT,VC202600318
CONT2026005223,EXPORT,NSICT,VC202600318
CONT2026005224,EXPORT,NSICT,VC202600318
CONT2026005225,IMPORT,NSICT,VC202600318
CONT2026005226,EXPORT,NSICT,VC202600318
CONT2026005227,IMPORT,NSICT,VC202600318
CONT2026005228,IMPORT,GTI,VC202600319
CONT2026005229,IMPORT,GTI,VC202600319
CONT2026005230,IMPORT,GTI,VC202600319
CONT2026005231,IMPORT,GTI,VC202600319
CONT2026005232,IMPORT,GTI,VC202600319
CONT2026005233,EXPORT,GTI,VC202600319
CONT2026005234,EXPORT,GTI,VC202600319
CONT2026005235,EXPORT,GTI,VC202600319
CONT2026005236,IMPORT,GTI,VC202600319
CONT2026005237,IMPORT,GTI,VC202600319
CONT2026005238,EXPORT,GTI,VC202600319
CONT2026005239,EXPORT,GTI,VC202600319
CONT2026005240,EXPORT,NSIGT,VC202600320
CONT2026005241,IMPORT,NSIGT,VC202600320
CONT2026005242,IMPORT,NSIGT,VC202600320
CONT2026005243,EXPORT,NSIGT,VC202600320
CONT2026005244,EXPORT,NSIGT,VC202600320
CONT2026005245,IMPORT,NSIGT,VC202600320
CONT2026005246,EXPORT,NSIGT,VC202600320
CONT2026005247,IMPORT,NSIGT,VC202600320
CONT2026005248,IMPORT,NSIGT,VC202600320
CONT2026005249,EXPORT,NSIGT,VC202600320
CONT2026005250,IMPORT,NSIGT,VC202600320
CONT2026005251,IMPORT,GTI,VC202600321
CONT2026005252,IMPORT,GTI,VC202600321
CONT2026005253,EXPORT,GTI,VC202600321
CONT2026005254,EXPORT,GTI,VC202600321
CONT2026005255,IMPORT,GTI,VC202600321
CONT2026005256,IMPORT,GTI,VC202600321
CONT2026005257,EXPORT,GTI,VC202600321
CONT2026005258,EXPORT,GTI,VC202600321
CONT2026005259,EXPORT,NSIGT,VC202600322
CONT2026005260,IMPORT,NSIGT,VC202600322
CONT2026005261,IMPORT,NSIGT,VC202600322
CONT2026005262,IMPORT,NSIGT,VC202600322
CONT2026005263,EXPORT,NSIGT,VC202600322
CONT2026005264,IMPORT,NSIGT,VC202600322
CONT2026005265,EXPORT,NSIGT,VC202600322
CONT2026005266,IMPORT,NSIGT,VC202600322
CONT2026005267,IMPORT,NSIGT,VC202600322
CONT2026005268,IMPORT,NSIGT,VC202600322
CONT2026005269,IMPORT,NSIGT,VC202600322
CONT2026005270,EXPORT,NSIGT,VC202600322
CONT2026005271,IMPORT,NSIGT,VC202600322
CONT2026005272,EXPORT,NSIGT,VC202600322
CONT2026005273,IMPORT,NSIGT,VC202600322
CONT2026005274,EXPORT,NSIGT,VC202600322
CONT2026005275,EXPORT,NSIGT,VC202600322
CONT2026005276,IMPORT,NSIGT,VC202600322
CONT2026005277,EXPORT,NSIGT,VC202600323
CONT2026005278,IMPORT,NSIGT,VC202600323
CONT2026005279,EXPORT,NSIGT,VC202600323
CONT2026005280,EXPORT,NSIGT,VC202600323
CONT2026005281,IMPORT,NSIGT,VC202600323
CONT2026005282,EXPORT,NSIGT,VC202600323
CONT2026005283,EXPORT,NSIGT,VC202600323
CONT2026005284,EXPORT,NSIGT,VC202600323
CONT2026005285,EXPORT,NSIGT,VC202600323
CONT2026005286,IMPORT,NSIGT,VC202600323
CONT2026005287,EXPORT,NSIGT,VC202600323
CONT2026005288,EXPORT,NSIGT,VC202600323
CONT2026005289,IMPORT,NSIGT,VC202600323
CONT2026005290,IMPORT,NSIGT,VC202600323
CONT2026005291,IMPORT,NSIGT,VC202600323
CONT2026005292,EXPORT,NSIGT,VC202600323
CONT2026005293,IMPORT,NSIGT,VC202600323
CONT2026005294,IMPORT,NSIGT,VC202600323
CONT2026005295,EXPORT,NSIGT,VC202600323
CONT2026005296,EXPORT,NSIGT,VC202600323
CONT2026005297,IMPORT,NSIGT,VC202600323
CONT2026005298,IMPORT,NSIGT,VC202600323
CONT2026005299,IMPORT,BMCT,VC202600324
CONT2026005300,IMPORT,BMCT,VC202600324
CONT2026005301,EXPORT,BMCT,VC202600324
CONT2026005302,IMPORT,BMCT,VC202600324
CONT2026005303,IMPORT,BMCT,VC202600324
CONT2026005304,IMPORT,BMCT,VC202600324
CONT2026005305,EXPORT,BMCT,VC202600324
CONT2026005306,EXPORT,BMCT,VC202600324
CONT2026005307,IMPORT,BMCT,VC202600324
CONT2026005308,EXPORT,BMCT,VC202600324
CONT2026005309,IMPORT,BMCT,VC202600324
CONT2026005310,IMPORT,BMCT,VC202600324
CONT2026005311,IMPORT,NSFT,VC202600325
CONT2026005312,IMPORT,NSFT,VC202600325
CONT2026005313,EXPORT,NSFT,VC202600325
CONT2026005314,EXPORT,NSFT,VC202600325
CONT2026005315,IMPORT,NSFT,VC202600325
CONT2026005316,EXPORT,NSFT,VC202600325
CONT2026005317,EXPORT,NSFT,VC202600325
CONT2026005318,IMPORT,NSFT,VC202600325
CONT2026005319,IMPORT,NSFT,VC202600326
CONT2026005320,EXPORT,NSFT,VC202600326
CONT2026005321,EXPORT,NSFT,VC202600326
CONT2026005322,IMPORT,NSFT,VC202600326
CONT2026005323,EXPORT,NSFT,VC202600326
CONT2026005324,EXPORT,NSFT,VC202600326
CONT2026005325,IMPORT,NSFT,VC202600326
CONT2026005326,IMPORT,NSFT,VC202600326
CONT2026005327,IMPORT,NSFT,VC202600326
CONT2026005328,EXPORT,NSFT,VC202600326
CONT2026005329,IMPORT,NSFT,VC202600326
CONT2026005330,IMPORT,NSFT,VC202600326
CONT2026005331,IMPORT,NSFT,VC202600327
CONT2026005332,EXPORT,NSFT,VC202600327
CONT2026005333,EXPORT,NSFT,VC202600327
CONT2026005334,EXPORT,NSFT,VC202600327
CONT2026005335,EXPORT,NSFT,VC202600327
CONT2026005336,IMPORT,NSFT,VC202600327
CONT2026005337,IMPORT,NSFT,VC202600327
CONT2026005338,EXPORT,NSFT,VC202600327
CONT2026005339,EXPORT,NSFT,VC202600327
CONT2026005340,EXPORT,NSFT,VC202600327
CONT2026005341,IMPORT,NSFT,VC202600327
CONT2026005342,IMPORT,NSFT,VC202600327
CONT2026005343,EXPORT,NSFT,VC202600327
CONT2026005344,IMPORT,NSFT,VC202600327
CONT2026005345,EXPORT,NSFT,VC202600327
CONT2026005346,IMPORT,NSFT,VC202600327
CONT2026005347,IMPORT,NSFT,VC202600327
CONT2026005348,EXPORT,NSFT,VC202600327
CONT2026005349,EXPORT,NSFT,VC202600327
CONT2026005350,EXPORT,NSFT,VC202600327
CONT2026005351,IMPORT,NSFT,VC202600327
CONT2026005352,EXPORT,NSFT,VC202600327
CONT2026005353,IMPORT,NSFT,VC202600327
CONT2026005354,IMPORT,NSFT,VC202600327
CONT2026005355,IMPORT,NSFT,VC202600327
CONT2026005356,IMPORT,NSFT,VC202600327
CONT2026005357,EXPORT,NSICT,VC202600328
CONT2026005358,IMPORT,NSICT,VC202600328
CONT2026005359,EXPORT,NSICT,VC202600328
CONT2026005360,IMPORT,NSICT,VC202600328
CONT2026005361,IMPORT,NSICT,VC202600328
CONT2026005362,EXPORT,NSICT,VC202600328
CONT2026005363,EXPORT,NSICT,VC202600328
CONT2026005364,EXPORT,NSICT,VC202600328
CONT2026005365,EXPORT,NSICT,VC202600328
CONT2026005366,IMPORT,NSICT,VC202600328
CONT2026005367,EXPORT,NSICT,VC202600328
CONT2026005368,IMPORT,NSICT,VC202600328
CONT2026005369,IMPORT,NSICT,VC202600328
CONT2026005370,IMPORT,NSICT,VC202600328
CONT2026005371,EXPORT,NSICT,VC202600328
CONT2026005372,IMPORT,NSICT,VC202600328
CONT2026005373,EXPORT,NSICT,VC202600328
CONT2026005374,EXPORT,NSICT,VC202600328
CONT2026005375,EXPORT,NSICT,VC202600328
CONT2026005376,EXPORT,NSICT,VC202600328
CONT2026005377,EXPORT,NSICT,VC202600328
CONT2026005378,EXPORT,NSICT,VC202600328
CONT2026005379,EXPORT,NSICT,VC202600328
CONT2026005380,IMPORT,NSICT,VC202600328
CONT2026005381,IMPORT,GTI,VC202600329
CONT2026005382,EXPORT,GTI,VC202600329
CONT2026005383,EXPORT,GTI,VC202600329
CONT2026005384,EXPORT,GTI,VC202600329
CONT2026005385,EXPORT,GTI,VC202600329
CONT2026005386,IMPORT,GTI,VC202600329
CONT2026005387,EXPORT,GTI,VC202600329
CONT2026005388,EXPORT,GTI,VC202600329
CONT2026005389,EXPORT,GTI,VC202600329
CONT2026005390,IMPORT,GTI,VC202600329
CONT2026005391,EXPORT,GTI,VC202600329
CONT2026005392,EXPORT,GTI,VC202600329
CONT2026005393,EXPORT,GTI,VC202600329
CONT2026005394,EXPORT,GTI,VC202600329
CONT2026005395,IMPORT,GTI,VC202600329
CONT2026005396,EXPORT,GTI,VC202600329
CONT2026005397,IMPORT,GTI,VC202600329
CONT2026005398,EXPORT,GTI,VC202600329
CONT2026005399,EXPORT,GTI,VC202600329
CONT2026005400,IMPORT,GTI,VC202600329
CONT2026005401,IMPORT,BMCT,VC202600330
CONT2026005402,IMPORT,BMCT,VC202600330
CONT2026005403,EXPORT,BMCT,VC202600330
CONT2026005404,EXPORT,BMCT,VC202600330
CONT2026005405,EXPORT,BMCT,VC202600330
CONT2026005406,IMPORT,BMCT,VC202600330
CONT2026005407,IMPORT,BMCT,VC202600330
CONT2026005408,IMPORT,BMCT,VC202600330
CONT2026005409,IMPORT,BMCT,VC202600330
CONT2026005410,IMPORT,BMCT,VC202600330
CONT2026005411,EXPORT,GTI,VC202600331
CONT2026005412,EXPORT,GTI,VC202600331
CONT2026005413,EXPORT,GTI,VC202600331
CONT2026005414,EXPORT,GTI,VC202600331
CONT2026005415,IMPORT,GTI,VC202600331
CONT2026005416,EXPORT,GTI,VC202600331
CONT2026005417,IMPORT,GTI,VC202600331
CONT2026005418,EXPORT,GTI,VC202600332
CONT2026005419,EXPORT,GTI,VC202600332
CONT2026005420,EXPORT,GTI,VC202600332
CONT2026005421,EXPORT,GTI,VC202600332
CONT2026005422,EXPORT,GTI,VC202600332
CONT2026005423,IMPORT,GTI,VC202600332
CONT2026005424,IMPORT,GTI,VC202600332
CONT2026005425,EXPORT,GTI,VC202600332
CONT2026005426,IMPORT,GTI,VC202600332
CONT2026005427,IMPORT,GTI,VC202600332
CONT2026005428,IMPORT,GTI,VC202600332
CONT2026005429,IMPORT,GTI,VC202600332
CONT2026005430,EXPORT,GTI,VC202600332
CONT2026005431,IMPORT,GTI,VC202600332
CONT2026005432,IMPORT,GTI,VC202600332
CONT2026005433,EXPORT,GTI,VC202600332
CONT2026005434,IMPORT,GTI,VC202600332
CONT2026005435,IMPORT,GTI,VC202600332
CONT2026005436,IMPORT,GTI,VC202600332
CONT2026005437,IMPORT,GTI,VC202600332
CONT2026005438,EXPORT,GTI,VC202600332
CONT2026005439,IMPORT,GTI,VC202600332
CONT2026005440,EXPORT,GTI,VC202600332
CONT2026005441,IMPORT,GTI,VC202600332
CONT2026005442,IMPORT,GTI,VC202600332
CONT2026005443,IMPORT,GTI,VC202600332
CONT2026005444,IMPORT,GTI,VC202600332
CONT2026005445,EXPORT,GTI,VC202600332
CONT2026005446,EXPORT,GTI,VC202600332
CONT2026005447,EXPORT,GTI,VC202600332
CONT2026005448,EXPORT,GTI,VC202600332
CONT2026005449,EXPORT,GTI,VC202600333
CONT2026005450,EXPORT,GTI,VC202600333
CONT2026005451,EXPORT,GTI,VC202600333
CONT2026005452,IMPORT,GTI,VC202600333
CONT2026005453,IMPORT,GTI,VC202600333
CONT2026005454,EXPORT,GTI,VC202600333
CONT2026005455,EXPORT,GTI,VC202600333
CONT2026005456,EXPORT,GTI,VC202600333
CONT2026005457,IMPORT,GTI,VC202600333
CONT2026005458,EXPORT,GTI,VC202600333
CONT2026005459,IMPORT,GTI,VC202600333
CONT2026005460,EXPORT,GTI,VC202600333
CONT2026005461,EXPORT,GTI,VC202600333
CONT2026005462,EXPORT,NSIGT,VC202600334
CONT2026005463,IMPORT,NSIGT,VC202600334
CONT2026005464,EXPORT,NSIGT,VC202600334
CONT2026005465,EXPORT,NSIGT,VC202600334
CONT2026005466,EXPORT,NSIGT,VC202600334
CONT2026005467,EXPORT,NSIGT,VC202600334
CONT2026005468,IMPORT,NSIGT,VC202600334
CONT2026005469,EXPORT,NSIGT,VC202600334
CONT2026005470,EXPORT,NSIGT,VC202600334
CONT2026005471,IMPORT,NSIGT,VC202600334
CONT2026005472,EXPORT,NSIGT,VC202600334
CONT2026005473,IMPORT,NSFT,VC202600335
CONT2026005474,IMPORT,NSFT,VC202600335
CONT2026005475,IMPORT,NSFT,VC202600335
CONT2026005476,EXPORT,NSFT,VC202600335
CONT2026005477,IMPORT,NSFT,VC202600335
CONT2026005478,IMPORT,NSFT,VC202600335
CONT2026005479,IMPORT,NSFT,VC202600335
CONT2026005480,EXPORT,NSFT,VC202600335
CONT2026005481,IMPORT,NSFT,VC202600335
CONT2026005482,IMPORT,NSFT,VC202600335
CONT2026005483,EXPORT,NSFT,VC202600335
CONT2026005484,EXPORT,NSFT,VC202600335
CONT2026005485,EXPORT,NSFT,VC202600335
CONT2026005486,IMPORT,NSFT,VC202600335
CONT2026005487,IMPORT,NSFT,VC202600335
CONT2026005488,EXPORT,NSFT,VC202600335
CONT2026005489,IMPORT,NSFT,VC202600335
CONT2026005490,IMPORT,NSFT,VC202600335
CONT2026005491,IMPORT,NSFT,VC202600335
CONT2026005492,IMPORT,NSFT,VC202600335
CONT2026005493,IMPORT,NSFT,VC202600335
CONT2026005494,EXPORT,NSFT,VC202600335
CONT2026005495,IMPORT,NSFT,VC202600335
CONT2026005496,IMPORT,NSIGT,VC202600336
CONT2026005497,EXPORT,NSIGT,VC202600336
CONT2026005498,IMPORT,NSIGT,VC202600336
CONT2026005499,IMPORT,NSIGT,VC202600336
CONT2026005500,IMPORT,NSIGT,VC202600336
CONT2026005501,IMPORT,NSIGT,VC202600336
CONT2026005502,IMPORT,NSIGT,VC202600336
CONT2026005503,IMPORT,NSIGT,VC202600336
CONT2026005504,IMPORT,NSICT,VC202600337
CONT2026005505,EXPORT,NSICT,VC202600337
CONT2026005506,IMPORT,NSICT,VC202600337
CONT2026005507,IMPORT,NSICT,VC202600337
CONT2026005508,IMPORT,NSICT,VC202600337
CONT2026005509,EXPORT,NSICT,VC202600337
CONT2026005510,EXPORT,NSICT,VC202600337
CONT2026005511,EXPORT,NSICT,VC202600337
CONT2026005512,IMPORT,NSICT,VC202600337
CONT2026005513,EXPORT,NSICT,VC202600337
CONT2026005514,EXPORT,NSICT,VC202600337
CONT2026005515,IMPORT,NSICT,VC202600337
CONT2026005516,EXPORT,NSICT,VC202600337
CONT2026005517,IMPORT,NSICT,VC202600337
CONT2026005518,EXPORT,NSICT,VC202600337
CONT2026005519,IMPORT,NSICT,VC202600337
CONT2026005520,EXPORT,NSICT,VC202600337
CONT2026005521,IMPORT,NSICT,VC202600338
CONT2026005522,IMPORT,NSICT,VC202600338
CONT2026005523,EXPORT,NSICT,VC202600338
CONT2026005524,IMPORT,NSICT,VC202600338
CONT2026005525,EXPORT,NSICT,VC202600338
CONT2026005526,IMPORT,NSICT,VC202600338
CONT2026005527,IMPORT,NSICT,VC202600338
CONT2026005528,IMPORT,NSICT,VC202600338
CONT2026005529,EXPORT,NSICT,VC202600338
CONT2026005530,EXPORT,NSICT,VC202600338
CONT2026005531,EXPORT,NSICT,VC202600338
CONT2026005532,IMPORT,NSICT,VC202600338
CONT2026005533,IMPORT,NSICT,VC202600338
CONT2026005534,IMPORT,NSICT,VC202600338
CONT2026005535,EXPORT,NSICT,VC202600338
CONT2026005536,EXPORT,NSICT,VC202600338
CONT2026005537,EXPORT,NSICT,VC202600338
CONT2026005538,EXPORT,NSFT,VC202600339
CONT2026005539,EXPORT,NSFT,VC202600339
CONT2026005540,IMPORT,NSFT,VC202600339
CONT2026005541,EXPORT,NSFT,VC202600339
CONT2026005542,EXPORT,NSFT,VC202600339
CONT2026005543,EXPORT,NSFT,VC202600339
CONT2026005544,EXPORT,NSFT,VC202600339
CONT2026005545,IMPORT,NSFT,VC202600339
CONT2026005546,IMPORT,NSFT,VC202600339
CONT2026005547,EXPORT,NSFT,VC202600339
CONT2026005548,IMPORT,NSFT,VC202600339
CONT2026005549,IMPORT,NSFT,VC202600339
CONT2026005550,EXPORT,NSFT,VC202600339
CONT2026005551,IMPORT,NSFT,VC202600339
CONT2026005552,EXPORT,NSFT,VC202600339
CONT2026005553,EXPORT,NSFT,VC202600339
CONT2026005554,EXPORT,NSFT,VC202600339
CONT2026005555,IMPORT,NSFT,VC202600339
CONT2026005556,EXPORT,NSFT,VC202600339
CONT2026005557,EXPORT,NSFT,VC202600339
CONT2026005558,IMPORT,NSFT,VC202600339
CONT2026005559,EXPORT,NSFT,VC202600339
CONT2026005560,EXPORT,NSFT,VC202600339
CONT2026005561,IMPORT,NSFT,VC202600339
CONT2026005562,IMPORT,NSFT,VC202600339
CONT2026005563,IMPORT,NSFT,VC202600339
CONT2026005564,IMPORT,NSFT,VC202600339
CONT2026005565,IMPORT,NSFT,VC202600339
CONT2026005566,EXPORT,NSFT,VC202600339
CONT2026005567,IMPORT,NSFT,VC202600339
CONT2026005568,IMPORT,NSFT,VC202600339
CONT2026005569,EXPORT,NSFT,VC202600339
CONT2026005570,EXPORT,NSFT,VC202600339
CONT2026005571,EXPORT,NSFT,VC202600339
CONT2026005572,EXPORT,NSFT,VC202600339
CONT2026005573,EXPORT,NSFT,VC202600339
CONT2026005574,EXPORT,NSFT,VC202600339
CONT2026005575,EXPORT,NSFT,VC202600339
CONT2026005576,EXPORT,NSFT,VC202600339
CONT2026005577,EXPORT,NSFT,VC202600339
CONT2026005578,IMPORT,NSFT,VC202600339
CONT2026005579,IMPORT,NSFT,VC202600339
CONT2026005580,IMPORT,NSFT,VC202600339
CONT2026005581,EXPORT,NSFT,VC202600339
CONT2026005582,EXPORT,NSFT,VC202600339
CONT2026005583,IMPORT,NSFT,VC202600339
CONT2026005584,IMPORT,NSFT,VC202600339
CONT2026005585,IMPORT,NSFT,VC202600339
CONT2026005586,EXPORT,NSFT,VC202600339
CONT2026005587,IMPORT,NSFT,VC202600339
CONT2026005588,IMPORT,NSFT,VC202600339
CONT2026005589,IMPORT,NSFT,VC202600339
CONT2026005590,EXPORT,NSFT,VC202600339
CONT2026005591,IMPORT,NSFT,VC202600339
CONT2026005592,EXPORT,NSFT,VC202600339
CONT2026005593,IMPORT,NSFT,VC202600339
CONT2026005594,EXPORT,NSFT,VC202600339
CONT2026005595,EXPORT,NSFT,VC202600339
CONT2026005596,EXPORT,NSFT,VC202600339
CONT2026005597,EXPORT,NSICT,VC202600340
CONT2026005598,IMPORT,NSICT,VC202600340
CONT2026005599,EXPORT,NSICT,VC202600340
CONT2026005600,IMPORT,NSICT,VC202600340
CONT2026005601,IMPORT,NSICT,VC202600340
CONT2026005602,IMPORT,NSICT,VC202600340
CONT2026005603,EXPORT,NSICT,VC202600340
CONT2026005604,IMPORT,NSICT,VC202600340
CONT2026005605,EXPORT,NSICT,VC202600340
CONT2026005606,EXPORT,NSICT,VC202600340
CONT2026005607,IMPORT,NSICT,VC202600340
CONT2026005608,IMPORT,NSICT,VC202600341
CONT2026005609,EXPORT,NSICT,VC202600341
CONT2026005610,IMPORT,NSICT,VC202600341
CONT2026005611,EXPORT,NSICT,VC202600341
CONT2026005612,IMPORT,NSICT,VC202600341
CONT2026005613,IMPORT,NSICT,VC202600341
CONT2026005614,EXPORT,NSICT,VC202600341
CONT2026005615,IMPORT,NSICT,VC202600341
CONT2026005616,IMPORT,NSICT,VC202600341
CONT2026005617,EXPORT,NSICT,VC202600341
CONT2026005618,EXPORT,NSICT,VC202600341
CONT2026005619,EXPORT,NSICT,VC202600341
CONT2026005620,EXPORT,NSICT,VC202600341
CONT2026005621,IMPORT,NSICT,VC202600341
CONT2026005622,EXPORT,NSICT,VC202600341
CONT2026005623,IMPORT,NSICT,VC202600341
CONT2026005624,IMPORT,NSICT,VC202600341
CONT2026005625,IMPORT,NSICT,VC202600341
CONT2026005626,IMPORT,NSICT,VC202600341
CONT2026005627,EXPORT,NSICT,VC202600341
CONT2026005628,EXPORT,NSICT,VC202600341
CONT2026005629,IMPORT,NSICT,VC202600341
CONT2026005630,IMPORT,NSICT,VC202600341
CONT2026005631,EXPORT,NSICT,VC202600341
CONT2026005632,IMPORT,NSICT,VC202600341
CONT2026005633,IMPORT,NSICT,VC202600341
CONT2026005634,IMPORT,NSICT,VC202600341
CONT2026005635,IMPORT,NSICT,VC202600341
CONT2026005636,IMPORT,NSICT,VC202600341
CONT2026005637,EXPORT,NSICT,VC202600341
CONT2026005638,EXPORT,NSICT,VC202600341
CONT2026005639,IMPORT,NSICT,VC202600341
CONT2026005640,IMPORT,NSICT,VC202600341
CONT2026005641,IMPORT,NSICT,VC202600341
CONT2026005642,EXPORT,NSICT,VC202600341
CONT2026005643,IMPORT,NSIGT,VC202600342
CONT2026005644,EXPORT,NSIGT,VC202600342
CONT2026005645,IMPORT,NSIGT,VC202600342
CONT2026005646,EXPORT,NSIGT,VC202600342
CONT2026005647,EXPORT,NSIGT,VC202600342
CONT2026005648,EXPORT,NSIGT,VC202600342
CONT2026005649,IMPORT,NSIGT,VC202600342
CONT2026005650,IMPORT,NSIGT,VC202600342
CONT2026005651,EXPORT,NSIGT,VC202600342
CONT2026005652,EXPORT,NSIGT,VC202600342
CONT2026005653,EXPORT,NSIGT,VC202600342
CONT2026005654,EXPORT,NSIGT,VC202600342
CONT2026005655,IMPORT,NSIGT,VC202600342
CONT2026005656,IMPORT,NSIGT,VC202600342
CONT2026005657,EXPORT,NSIGT,VC202600342
CONT2026005658,EXPORT,NSIGT,VC202600342
CONT2026005659,EXPORT,NSIGT,VC202600342
CONT2026005660,EXPORT,NSIGT,VC202600342
CONT2026005661,EXPORT,NSIGT,VC202600342
CONT2026005662,EXPORT,NSIGT,VC202600342
CONT2026005663,IMPORT,NSIGT,VC202600342
CONT2026005664,IMPORT,NSIGT,VC202600342
CONT2026005665,EXPORT,NSICT,VC202600343
CONT2026005666,IMPORT,NSICT,VC202600343
CONT2026005667,EXPORT,NSICT,VC202600343
CONT2026005668,IMPORT,NSICT,VC202600343
CONT2026005669,EXPORT,NSICT,VC202600343
CONT2026005670,EXPORT,NSICT,VC202600343
CONT2026005671,EXPORT,NSICT,VC202600343
CONT2026005672,EXPORT,NSICT,VC202600343
CONT2026005673,EXPORT,NSICT,VC202600343
CONT2026005674,IMPORT,BMCT,VC202600344
CONT2026005675,EXPORT,BMCT,VC202600344
CONT2026005676,IMPORT,BMCT,VC202600344
CONT2026005677,EXPORT,BMCT,VC202600344
CONT2026005678,IMPORT,BMCT,VC202600344
CONT2026005679,EXPORT,BMCT,VC202600344
CONT2026005680,EXPORT,BMCT,VC202600344
CONT2026005681,EXPORT,BMCT,VC202600344
CONT2026005682,IMPORT,BMCT,VC202600344
CONT2026005683,IMPORT,BMCT,VC202600344
CONT2026005684,EXPORT,BMCT,VC202600344
CONT2026005685,IMPORT,BMCT,VC202600344
CONT2026005686,EXPORT,BMCT,VC202600344
CONT2026005687,EXPORT,BMCT,VC202600344
CONT2026005688,EXPORT,BMCT,VC202600344
CONT2026005689,EXPORT,BMCT,VC202600344
CONT2026005690,EXPORT,BMCT,VC202600344
CONT2026005691,EXPORT,BMCT,VC202600344
CONT2026005692,EXPORT,BMCT,VC202600344
CONT2026005693,EXPORT,BMCT,VC202600344
CONT2026005694,IMPORT,NSIGT,VC202600345
CONT2026005695,EXPORT,NSIGT,VC202600345
CONT2026005696,IMPORT,NSIGT,VC202600345
CONT2026005697,EXPORT,NSIGT,VC202600345
CONT2026005698,EXPORT,NSIGT,VC202600345
CONT2026005699,IMPORT,NSIGT,VC202600345
CONT2026005700,IMPORT,NSIGT,VC202600345
CONT2026005701,EXPORT,NSIGT,VC202600345
CONT2026005702,IMPORT,NSIGT,VC202600345
CONT2026005703,EXPORT,NSIGT,VC202600345
CONT2026005704,IMPORT,NSIGT,VC202600345
CONT2026005705,IMPORT,NSIGT,VC202600345
CONT2026005706,IMPORT,NSIGT,VC202600345
CONT2026005707,EXPORT,NSIGT,VC202600345
CONT2026005708,IMPORT,NSIGT,VC202600345
CONT2026005709,EXPORT,NSIGT,VC202600345
CONT2026005710,IMPORT,NSIGT,VC202600345
CONT2026005711,EXPORT,NSIGT,VC202600345
CONT2026005712,IMPORT,NSIGT,VC202600345
CONT2026005713,EXPORT,NSIGT,VC202600345
CONT2026005714,IMPORT,NSIGT,VC202600345
CONT2026005715,IMPORT,NSIGT,VC202600345
CONT2026005716,EXPORT,NSIGT,VC202600345
CONT2026005717,EXPORT,NSIGT,VC202600345
CONT2026005718,IMPORT,NSIGT,VC202600345
CONT2026005719,EXPORT,NSIGT,VC202600345
CONT2026005720,EXPORT,NSIGT,VC202600345
CONT2026005721,IMPORT,NSIGT,VC202600345
CONT2026005722,IMPORT,BMCT,VC202600346
CONT2026005723,IMPORT,BMCT,VC202600346
CONT2026005724,IMPORT,BMCT,VC202600346
CONT2026005725,IMPORT,BMCT,VC202600346
CONT2026005726,IMPORT,BMCT,VC202600346
CONT2026005727,IMPORT,BMCT,VC202600346
CONT2026005728,IMPORT,BMCT,VC202600346
CONT2026005729,IMPORT,BMCT,VC202600346
CONT2026005730,EXPORT,BMCT,VC202600346
CONT2026005731,IMPORT,BMCT,VC202600346
CONT2026005732,IMPORT,BMCT,VC202600346
CONT2026005733,EXPORT,BMCT,VC202600346
CONT2026005734,EXPORT,BMCT,VC202600346
CONT2026005735,IMPORT,BMCT,VC202600346
CONT2026005736,EXPORT,BMCT,VC202600346
CONT2026005737,IMPORT,BMCT,VC202600346
CONT2026005738,IMPORT,BMCT,VC202600346
CONT2026005739,EXPORT,BMCT,VC202600346
CONT2026005740,EXPORT,BMCT,VC202600346
CONT2026005741,IMPORT,BMCT,VC202600346
CONT2026005742,EXPORT,BMCT,VC202600346
CONT2026005743,EXPORT,BMCT,VC202600346
CONT2026005744,IMPORT,BMCT,VC202600346
CONT2026005745,EXPORT,BMCT,VC202600346
CONT2026005746,IMPORT,BMCT,VC202600346
CONT2026005747,IMPORT,BMCT,VC202600346
CONT2026005748,EXPORT,BMCT,VC202600346
CONT2026005749,IMPORT,BMCT,VC202600346
CONT2026005750,IMPORT,BMCT,VC202600346
CONT2026005751,IMPORT,NSIGT,VC202600347
CONT2026005752,IMPORT,NSIGT,VC202600347
CONT2026005753,IMPORT,NSIGT,VC202600347
CONT2026005754,IMPORT,NSIGT,VC202600347
CONT2026005755,IMPORT,NSIGT,VC202600347
CONT2026005756,IMPORT,NSIGT,VC202600347
CONT2026005757,IMPORT,NSIGT,VC202600347
CONT2026005758,EXPORT,GTI,VC202600348
CONT2026005759,EXPORT,GTI,VC202600348
CONT2026005760,EXPORT,GTI,VC202600348
CONT2026005761,EXPORT,GTI,VC202600348
CONT2026005762,EXPORT,GTI,VC202600348
CONT2026005763,IMPORT,GTI,VC202600348
CONT2026005764,IMPORT,GTI,VC202600348
CONT2026005765,EXPORT,GTI,VC202600348
CONT2026005766,IMPORT,GTI,VC202600348
CONT2026005767,EXPORT,GTI,VC202600348
CONT2026005768,IMPORT,GTI,VC202600348
CONT2026005769,IMPORT,GTI,VC202600348
CONT2026005770,IMPORT,GTI,VC202600348
CONT2026005771,IMPORT,GTI,VC202600348
CONT2026005772,EXPORT,GTI,VC202600348
CONT2026005773,IMPORT,GTI,VC202600348
CONT2026005774,IMPORT,GTI,VC202600348
CONT2026005775,EXPORT,GTI,VC202600348
CONT2026005776,EXPORT,NSFT,VC202600349
CONT2026005777,EXPORT,NSFT,VC202600349
CONT2026005778,EXPORT,NSFT,VC202600349
CONT2026005779,IMPORT,NSFT,VC202600349
CONT2026005780,IMPORT,NSFT,VC202600349
CONT2026005781,IMPORT,NSFT,VC202600349
CONT2026005782,EXPORT,NSFT,VC202600349
CONT2026005783,EXPORT,NSFT,VC202600349
CONT2026005784,IMPORT,NSFT,VC202600349
CONT2026005785,EXPORT,NSFT,VC202600349
CONT2026005786,EXPORT,NSFT,VC202600349
CONT2026005787,EXPORT,NSFT,VC202600349
CONT2026005788,EXPORT,NSFT,VC202600349
CONT2026005789,IMPORT,NSFT,VC202600350
CONT2026005790,IMPORT,NSFT,VC202600350
CONT2026005791,EXPORT,NSFT,VC202600350
CONT2026005792,IMPORT,NSFT,VC202600350
CONT2026005793,IMPORT,NSFT,VC202600350
CONT2026005794,IMPORT,NSFT,VC202600350
CONT2026005795,EXPORT,NSIGT,VC202600351
CONT2026005796,EXPORT,NSIGT,VC202600351
CONT2026005797,EXPORT,NSIGT,VC202600351
CONT2026005798,IMPORT,NSIGT,VC202600351
CONT2026005799,EXPORT,NSIGT,VC202600351
CONT2026005800,IMPORT,NSIGT,VC202600351
CONT2026005801,IMPORT,BMCT,VC202600352
CONT2026005802,EXPORT,BMCT,VC202600352
CONT2026005803,IMPORT,BMCT,VC202600352
CONT2026005804,EXPORT,BMCT,VC202600352
CONT2026005805,IMPORT,BMCT,VC202600352
CONT2026005806,IMPORT,BMCT,VC202600352
CONT2026005807,EXPORT,BMCT,VC202600352
CONT2026005808,EXPORT,BMCT,VC202600352
CONT2026005809,EXPORT,BMCT,VC202600352
CONT2026005810,IMPORT,BMCT,VC202600353
CONT2026005811,IMPORT,BMCT,VC202600353
CONT2026005812,EXPORT,BMCT,VC202600353
CONT2026005813,IMPORT,BMCT,VC202600353
CONT2026005814,EXPORT,BMCT,VC202600353
CONT2026005815,IMPORT,BMCT,VC202600353
CONT2026005816,EXPORT,BMCT,VC202600353
CONT2026005817,IMPORT,BMCT,VC202600353
CONT2026005818,IMPORT,BMCT,VC202600353
CONT2026005819,EXPORT,GTI,VC202600354
CONT2026005820,EXPORT,GTI,VC202600354
CONT2026005821,IMPORT,GTI,VC202600354
CONT2026005822,EXPORT,GTI,VC202600354
CONT2026005823,EXPORT,GTI,VC202600354
CONT2026005824,IMPORT,GTI,VC202600354
CONT2026005825,EXPORT,GTI,VC202600354
CONT2026005826,EXPORT,GTI,VC202600354
CONT2026005827,IMPORT,GTI,VC202600354
CONT2026005828,IMPORT,GTI,VC202600354
CONT2026005829,EXPORT,NSFT,VC202600355
CONT2026005830,EXPORT,NSFT,VC202600355
CONT2026005831,EXPORT,NSFT,VC202600355
CONT2026005832,IMPORT,NSFT,VC202600355
CONT2026005833,EXPORT,NSFT,VC202600355
CONT2026005834,IMPORT,NSFT,VC202600355
CONT2026005835,IMPORT,NSFT,VC202600355
CONT2026005836,IMPORT,NSFT,VC202600355
CONT2026005837,EXPORT,NSFT,VC202600355
CONT2026005838,IMPORT,NSFT,VC202600355
CONT2026005839,EXPORT,GTI,VC202600356
CONT2026005840,IMPORT,GTI,VC202600356
CONT2026005841,IMPORT,GTI,VC202600356
CONT2026005842,EXPORT,GTI,VC202600356
CONT2026005843,IMPORT,GTI,VC202600356
CONT2026005844,EXPORT,GTI,VC202600356
CONT2026005845,EXPORT,GTI,VC202600356
CONT2026005846,IMPORT,GTI,VC202600356
CONT2026005847,EXPORT,GTI,VC202600356
CONT2026005848,IMPORT,GTI,VC202600356
CONT2026005849,IMPORT,GTI,VC202600356
CONT2026005850,EXPORT,GTI,VC202600356
CONT2026005851,IMPORT,GTI,VC202600356
CONT2026005852,IMPORT,GTI,VC202600356
CONT2026005853,EXPORT,GTI,VC202600356
CONT2026005854,EXPORT,GTI,VC202600356
CONT2026005855,IMPORT,GTI,VC202600356
CONT2026005856,IMPORT,GTI,VC202600356
CONT2026005857,IMPORT,GTI,VC202600357
CONT2026005858,IMPORT,GTI,VC202600357
CONT2026005859,IMPORT,GTI,VC202600357
CONT2026005860,EXPORT,GTI,VC202600357
CONT2026005861,EXPORT,GTI,VC202600357
CONT2026005862,IMPORT,GTI,VC202600357
CONT2026005863,IMPORT,GTI,VC202600357
CONT2026005864,IMPORT,GTI,VC202600357
CONT2026005865,EXPORT,GTI,VC202600357
CONT2026005866,IMPORT,GTI,VC202600357
CONT2026005867,IMPORT,GTI,VC202600357
CONT2026005868,EXPORT,GTI,VC202600357
CONT2026005869,EXPORT,NSICT,VC202600358
CONT2026005870,IMPORT,NSICT,VC202600358
CONT2026005871,IMPORT,NSICT,VC202600358
CONT2026005872,EXPORT,NSICT,VC202600358
CONT2026005873,EXPORT,NSICT,VC202600358
CONT2026005874,IMPORT,NSICT,VC202600358
CONT2026005875,EXPORT,NSICT,VC202600358
CONT2026005876,EXPORT,NSICT,VC202600358
CONT2026005877,EXPORT,NSICT,VC202600358
CONT2026005878,EXPORT,NSICT,VC202600358
CONT2026005879,IMPORT,NSICT,VC202600358
CONT2026005880,EXPORT,NSICT,VC202600358
CONT2026005881,EXPORT,NSICT,VC202600358
CONT2026005882,IMPORT,NSICT,VC202600358
CONT2026005883,IMPORT,NSICT,VC202600358
CONT2026005884,IMPORT,NSICT,VC202600358
CONT2026005885,IMPORT,NSICT,VC202600358
CONT2026005886,IMPORT,NSICT,VC202600358
CONT2026005887,EXPORT,NSICT,VC202600358
CONT2026005888,IMPORT,NSICT,VC202600358
CONT2026005889,IMPORT,NSFT,VC202600359
CONT2026005890,EXPORT,NSFT,VC202600359
CONT2026005891,IMPORT,NSFT,VC202600359
CONT2026005892,EXPORT,NSFT,VC202600359
CONT2026005893,EXPORT,NSFT,VC202600359
CONT2026005894,IMPORT,NSFT,VC202600359
CONT2026005895,EXPORT,NSFT,VC202600359
CONT2026005896,IMPORT,NSFT,VC202600359
CONT2026005897,IMPORT,NSFT,VC202600359
CONT2026005898,EXPORT,NSFT,VC202600359
CONT2026005899,IMPORT,NSFT,VC202600359
CONT2026005900,IMPORT,NSFT,VC202600359
CONT2026005901,EXPORT,NSICT,VC202600360
CONT2026005902,EXPORT,NSICT,VC202600360
CONT2026005903,IMPORT,NSICT,VC202600360
CONT2026005904,EXPORT,NSICT,VC202600360
CONT2026005905,IMPORT,NSICT,VC202600360
CONT2026005906,EXPORT,NSICT,VC202600360
CONT2026005907,IMPORT,NSICT,VC202600360
CONT2026005908,EXPORT,NSICT,VC202600360
CONT2026005909,IMPORT,NSICT,VC202600360
CONT2026005910,EXPORT,NSICT,VC202600360
CONT2026005911,EXPORT,NSICT,VC202600360
CONT2026005912,IMPORT,NSICT,VC202600360
CONT2026005913,IMPORT,NSICT,VC202600360
CONT2026005914,IMPORT,NSICT,VC202600361
CONT2026005915,EXPORT,NSICT,VC202600361
CONT2026005916,IMPORT,NSICT,VC202600361
CONT2026005917,EXPORT,NSICT,VC202600361
CONT2026005918,IMPORT,NSICT,VC202600361
CONT2026005919,EXPORT,NSICT,VC202600361
CONT2026005920,EXPORT,NSICT,VC202600361
CONT2026005921,EXPORT,NSFT,VC202600362
CONT2026005922,IMPORT,NSFT,VC202600362
CONT2026005923,EXPORT,NSFT,VC202600362
CONT2026005924,EXPORT,NSFT,VC202600362
CONT2026005925,EXPORT,NSFT,VC202600362
CONT2026005926,EXPORT,NSFT,VC202600362
CONT2026005927,IMPORT,NSFT,VC202600362
CONT2026005928,IMPORT,NSFT,VC202600362
CONT2026005929,IMPORT,NSFT,VC202600362
CONT2026005930,EXPORT,NSFT,VC202600362
CONT2026005931,EXPORT,NSFT,VC202600362
CONT2026005932,IMPORT,NSFT,VC202600362
CONT2026005933,EXPORT,NSFT,VC202600362
CONT2026005934,IMPORT,NSFT,VC202600362
CONT2026005935,EXPORT,NSFT,VC202600363
CONT2026005936,EXPORT,NSFT,VC202600363
CONT2026005937,EXPORT,NSFT,VC202600363
CONT2026005938,IMPORT,NSFT,VC202600363
CONT2026005939,EXPORT,NSFT,VC202600363
CONT2026005940,EXPORT,NSFT,VC202600363
CONT2026005941,IMPORT,NSFT,VC202600363
CONT2026005942,IMPORT,NSFT,VC202600363
CONT2026005943,IMPORT,NSFT,VC202600363
CONT2026005944,EXPORT,NSFT,VC202600363
CONT2026005945,IMPORT,NSFT,VC202600363
CONT2026005946,EXPORT,NSFT,VC202600363
CONT2026005947,EXPORT,NSFT,VC202600363
CONT2026005948,EXPORT,NSFT,VC202600363
CONT2026005949,IMPORT,NSFT,VC202600363
CONT2026005950,IMPORT,NSFT,VC202600363
CONT2026005951,IMPORT,NSFT,VC202600363
CONT2026005952,EXPORT,NSFT,VC202600363
CONT2026005953,IMPORT,NSFT,VC202600363
CONT2026005954,IMPORT,NSFT,VC202600363
CONT2026005955,IMPORT,NSFT,VC202600363
CONT2026005956,IMPORT,NSFT,VC202600363
CONT2026005957,EXPORT,NSFT,VC202600363
CONT2026005958,IMPORT,NSFT,VC202600363
CONT2026005959,IMPORT,NSFT,VC202600363
CONT2026005960,EXPORT,NSFT,VC202600363
CONT2026005961,IMPORT,NSFT,VC202600363
CONT2026005962,IMPORT,NSFT,VC202600363
CONT2026005963,IMPORT,NSIGT,VC202600364
CONT2026005964,EXPORT,NSIGT,VC202600364
CONT2026005965,IMPORT,NSIGT,VC202600364
CONT2026005966,EXPORT,NSIGT,VC202600364
CONT2026005967,EXPORT,NSIGT,VC202600364
CONT2026005968,EXPORT,NSIGT,VC202600364
CONT2026005969,IMPORT,NSIGT,VC202600364
CONT2026005970,EXPORT,NSIGT,VC202600364
CONT2026005971,EXPORT,NSIGT,VC202600364
CONT2026005972,EXPORT,NSIGT,VC202600364
CONT2026005973,EXPORT,NSIGT,VC202600364
CONT2026005974,EXPORT,NSIGT,VC202600364
CONT2026005975,IMPORT,NSIGT,VC202600364
CONT2026005976,IMPORT,NSIGT,VC202600364
CONT2026005977,EXPORT,NSIGT,VC202600364
CONT2026005978,EXPORT,NSIGT,VC202600364
CONT2026005979,EXPORT,NSIGT,VC202600364
CONT2026005980,EXPORT,NSIGT,VC202600364
CONT2026005981,IMPORT,NSIGT,VC202600364
CONT2026005982,IMPORT,BMCT,VC202600365
CONT2026005983,IMPORT,BMCT,VC202600365
CONT2026005984,EXPORT,BMCT,VC202600365
CONT2026005985,IMPORT,BMCT,VC202600365
CONT2026005986,IMPORT,BMCT,VC202600365
CONT2026005987,IMPORT,BMCT,VC202600365
CONT2026005988,EXPORT,BMCT,VC202600365
CONT2026005989,IMPORT,BMCT,VC202600365
CONT2026005990,IMPORT,BMCT,VC202600365
CONT2026005991,IMPORT,BMCT,VC202600365
CONT2026005992,EXPORT,BMCT,VC202600365
CONT2026005993,EXPORT,BMCT,VC202600365
CONT2026005994,IMPORT,BMCT,VC202600365
CONT2026005995,IMPORT,BMCT,VC202600366
CONT2026005996,EXPORT,BMCT,VC202600366
CONT2026005997,IMPORT,BMCT,VC202600366
CONT2026005998,EXPORT,BMCT,VC202600366
CONT2026005999,IMPORT,BMCT,VC202600366
CONT2026006000,IMPORT,BMCT,VC202600366
CONT2026006001,IMPORT,BMCT,VC202600366
CONT2026006002,IMPORT,BMCT,VC202600366
CONT2026006003,EXPORT,BMCT,VC202600366
CONT2026006004,EXPORT,BMCT,VC202600366
CONT2026006005,EXPORT,BMCT,VC202600366
CONT2026006006,EXPORT,BMCT,VC202600366
CONT2026006007,IMPORT,BMCT,VC202600366
CONT2026006008,EXPORT,BMCT,VC202600366
CONT2026006009,IMPORT,BMCT,VC202600366
CONT2026006010,EXPORT,BMCT,VC202600366
CONT2026006011,IMPORT,BMCT,VC202600367
CONT2026006012,EXPORT,BMCT,VC202600367
CONT2026006013,EXPORT,BMCT,VC202600367
CONT2026006014,IMPORT,BMCT,VC202600367
CONT2026006015,IMPORT,BMCT,VC202600367
CONT2026006016,EXPORT,BMCT,VC202600367
CONT2026006017,EXPORT,BMCT,VC202600367
CONT2026006018,EXPORT,BMCT,VC202600367
CONT2026006019,EXPORT,BMCT,VC202600367
CONT2026006020,EXPORT,BMCT,VC202600367
CONT2026006021,EXPORT,BMCT,VC202600367
CONT2026006022,IMPORT,BMCT,VC202600367
CONT2026006023,IMPORT,BMCT,VC202600367
CONT2026006024,EXPORT,BMCT,VC202600367
CONT2026006025,EXPORT,BMCT,VC202600367
CONT2026006026,IMPORT,BMCT,VC202600367
CONT2026006027,EXPORT,NSICT,VC202600368
CONT2026006028,IMPORT,NSICT,VC202600368
CONT2026006029,IMPORT,NSICT,VC202600368
CONT2026006030,IMPORT,NSICT,VC202600368
CONT2026006031,EXPORT,NSICT,VC202600368
CONT2026006032,EXPORT,NSICT,VC202600368
CONT2026006033,EXPORT,NSICT,VC202600368
CONT2026006034,IMPORT,NSICT,VC202600368
CONT2026006035,IMPORT,NSICT,VC202600368
CONT2026006036,IMPORT,NSICT,VC202600368
CONT2026006037,EXPORT,NSICT,VC202600368
CONT2026006038,EXPORT,NSICT,VC202600368
CONT2026006039,EXPORT,NSICT,VC202600368
CONT2026006040,EXPORT,NSICT,VC202600368
CONT2026006041,EXPORT,NSICT,VC202600368
CONT2026006042,IMPORT,NSIGT,VC202600369
CONT2026006043,IMPORT,NSIGT,VC202600369
CONT2026006044,IMPORT,NSIGT,VC202600369
CONT2026006045,EXPORT,NSIGT,VC202600369
CONT2026006046,EXPORT,NSIGT,VC202600369
CONT2026006047,EXPORT,NSIGT,VC202600369
CONT2026006048,EXPORT,NSIGT,VC202600369
CONT2026006049,EXPORT,NSIGT,VC202600369
CONT2026006050,EXPORT,NSIGT,VC202600369
CONT2026006051,EXPORT,BMCT,VC202600370
CONT2026006052,IMPORT,BMCT,VC202600370
CONT2026006053,IMPORT,BMCT,VC202600370
CONT2026006054,EXPORT,BMCT,VC202600370
CONT2026006055,EXPORT,BMCT,VC202600370
CONT2026006056,IMPORT,BMCT,VC202600370
CONT2026006057,IMPORT,BMCT,VC202600370
CONT2026006058,EXPORT,NSIGT,VC202600371
CONT2026006059,EXPORT,NSIGT,VC202600371
CONT2026006060,IMPORT,NSIGT,VC202600371
CONT2026006061,EXPORT,NSIGT,VC202600371
CONT2026006062,EXPORT,NSIGT,VC202600371
CONT2026006063,EXPORT,NSIGT,VC202600371
CONT2026006064,EXPORT,NSIGT,VC202600371
CONT2026006065,IMPORT,NSIGT,VC202600371
CONT2026006066,IMPORT,NSIGT,VC202600371
CONT2026006067,IMPORT,NSIGT,VC202600371
CONT2026006068,IMPORT,NSIGT,VC202600372
CONT2026006069,EXPORT,NSIGT,VC202600372
CONT2026006070,IMPORT,NSIGT,VC202600372
CONT2026006071,EXPORT,NSIGT,VC202600372
CONT2026006072,IMPORT,NSIGT,VC202600372
CONT2026006073,IMPORT,NSIGT,VC202600372
CONT2026006074,EXPORT,NSIGT,VC202600373
CONT2026006075,IMPORT,NSIGT,VC202600373
CONT2026006076,EXPORT,NSIGT,VC202600373
CONT2026006077,EXPORT,NSIGT,VC202600373
CONT2026006078,EXPORT,NSIGT,VC202600373
CONT2026006079,EXPORT,NSIGT,VC202600373
CONT2026006080,IMPORT,NSIGT,VC202600373
CONT2026006081,IMPORT,NSIGT,VC202600373
CONT2026006082,EXPORT,NSIGT,VC202600373
CONT2026006083,EXPORT,NSIGT,VC202600373
CONT2026006084,IMPORT,NSIGT,VC202600373
CONT2026006085,EXPORT,GTI,VC202600374
CONT2026006086,EXPORT,GTI,VC202600374
CONT2026006087,EXPORT,GTI,VC202600374
CONT2026006088,EXPORT,GTI,VC202600374
CONT2026006089,IMPORT,GTI,VC202600374
CONT2026006090,EXPORT,GTI,VC202600374
CONT2026006091,EXPORT,GTI,VC202600374
CONT2026006092,EXPORT,GTI,VC202600374
CONT2026006093,EXPORT,GTI,VC202600374
CONT2026006094,EXPORT,GTI,VC202600374
CONT2026006095,IMPORT,GTI,VC202600374
CONT2026006096,EXPORT,GTI,VC202600374
CONT2026006097,EXPORT,GTI,VC202600374
CONT2026006098,IMPORT,GTI,VC202600374
CONT2026006099,EXPORT,GTI,VC202600374
CONT2026006100,IMPORT,GTI,VC202600374
CONT2026006101,EXPORT,GTI,VC202600375
CONT2026006102,IMPORT,GTI,VC202600375
CONT2026006103,EXPORT,GTI,VC202600375
CONT2026006104,IMPORT,GTI,VC202600375
CONT2026006105,IMPORT,GTI,VC202600375
CONT2026006106,IMPORT,GTI,VC202600375
CONT2026006107,IMPORT,GTI,VC202600375
CONT2026006108,EXPORT,GTI,VC202600375
CONT2026006109,IMPORT,GTI,VC202600375
CONT2026006110,EXPORT,GTI,VC202600375
CONT2026006111,EXPORT,NSFT,VC202600376
CONT2026006112,IMPORT,NSFT,VC202600376
CONT2026006113,IMPORT,NSFT,VC202600376
CONT2026006114,IMPORT,NSFT,VC202600376
CONT2026006115,IMPORT,NSFT,VC202600376
CONT2026006116,IMPORT,NSFT,VC202600376
CONT2026006117,EXPORT,NSFT,VC202600376
CONT2026006118,EXPORT,NSFT,VC202600376
CONT2026006119,IMPORT,NSFT,VC202600376
CONT2026006120,IMPORT,NSFT,VC202600376
CONT2026006121,IMPORT,NSFT,VC202600376
CONT2026006122,IMPORT,NSFT,VC202600376
CONT2026006123,IMPORT,NSFT,VC202600376
CONT2026006124,EXPORT,GTI,VC202600377
CONT2026006125,IMPORT,GTI,VC202600377
CONT2026006126,EXPORT,GTI,VC202600377
CONT2026006127,EXPORT,GTI,VC202600377
CONT2026006128,EXPORT,GTI,VC202600377
CONT2026006129,IMPORT,GTI,VC202600377
CONT2026006130,EXPORT,GTI,VC202600377
CONT2026006131,IMPORT,GTI,VC202600377
CONT2026006132,IMPORT,GTI,VC202600377
CONT2026006133,EXPORT,GTI,VC202600377
CONT2026006134,IMPORT,GTI,VC202600377
CONT2026006135,IMPORT,GTI,VC202600377
CONT2026006136,IMPORT,GTI,VC202600377
CONT2026006137,IMPORT,GTI,VC202600377
CONT2026006138,IMPORT,GTI,VC202600377
CONT2026006139,IMPORT,GTI,VC202600377
CONT2026006140,EXPORT,GTI,VC202600377
CONT2026006141,IMPORT,GTI,VC202600377
CONT2026006142,IMPORT,GTI,VC202600377
CONT2026006143,EXPORT,GTI,VC202600377
CONT2026006144,IMPORT,GTI,VC202600377
CONT2026006145,IMPORT,GTI,VC202600377
CONT2026006146,IMPORT,GTI,VC202600377
CONT2026006147,IMPORT,GTI,VC202600377
CONT2026006148,IMPORT,GTI,VC202600377
CONT2026006149,EXPORT,GTI,VC202600377
CONT2026006150,IMPORT,GTI,VC202600377
CONT2026006151,EXPORT,GTI,VC202600377
CONT2026006152,IMPORT,GTI,VC202600377
CONT2026006153,IMPORT,GTI,VC202600377
CONT2026006154,EXPORT,GTI,VC202600377
CONT2026006155,EXPORT,GTI,VC202600377
CONT2026006156,IMPORT,GTI,VC202600377
CONT2026006157,IMPORT,GTI,VC202600377
CONT2026006158,EXPORT,GTI,VC202600377
CONT2026006159,IMPORT,GTI,VC202600377
CONT2026006160,EXPORT,BMCT,VC202600378
CONT2026006161,IMPORT,BMCT,VC202600378
CONT2026006162,IMPORT,BMCT,VC202600378
CONT2026006163,EXPORT,BMCT,VC202600378
CONT2026006164,EXPORT,BMCT,VC202600378
CONT2026006165,IMPORT,BMCT,VC202600378
CONT2026006166,IMPORT,BMCT,VC202600378
CONT2026006167,EXPORT,BMCT,VC202600378
CONT2026006168,EXPORT,BMCT,VC202600378
CONT2026006169,EXPORT,BMCT,VC202600378
CONT2026006170,IMPORT,BMCT,VC202600378
CONT2026006171,EXPORT,BMCT,VC202600378
CONT2026006172,IMPORT,BMCT,VC202600378
CONT2026006173,IMPORT,BMCT,VC202600378
CONT2026006174,IMPORT,BMCT,VC202600378
CONT2026006175,EXPORT,BMCT,VC202600378
CONT2026006176,IMPORT,NSFT,VC202600379
CONT2026006177,IMPORT,NSFT,VC202600379
CONT2026006178,EXPORT,NSFT,VC202600379
CONT2026006179,EXPORT,NSFT,VC202600379
CONT2026006180,EXPORT,NSFT,VC202600379
CONT2026006181,EXPORT,NSFT,VC202600379
CONT2026006182,EXPORT,NSICT,VC202600380
CONT2026006183,EXPORT,NSICT,VC202600380
CONT2026006184,IMPORT,NSICT,VC202600380
CONT2026006185,IMPORT,NSICT,VC202600380
CONT2026006186,EXPORT,NSICT,VC202600380
CONT2026006187,IMPORT,NSICT,VC202600380
CONT2026006188,EXPORT,NSICT,VC202600380
CONT2026006189,EXPORT,NSICT,VC202600380
CONT2026006190,IMPORT,NSICT,VC202600380
CONT2026006191,IMPORT,NSICT,VC202600380
CONT2026006192,EXPORT,NSICT,VC202600380
CONT2026006193,IMPORT,NSICT,VC202600380
CONT2026006194,EXPORT,NSICT,VC202600380
CONT2026006195,IMPORT,NSICT,VC202600381
CONT2026006196,IMPORT,NSICT,VC202600381
CONT2026006197,IMPORT,NSICT,VC202600381
CONT2026006198,EXPORT,NSICT,VC202600381
CONT2026006199,EXPORT,NSICT,VC202600381
CONT2026006200,EXPORT,NSICT,VC202600381
CONT2026006201,EXPORT,NSICT,VC202600381
CONT2026006202,IMPORT,NSICT,VC202600381
CONT2026006203,IMPORT,NSICT,VC202600381
CONT2026006204,IMPORT,NSICT,VC202600382
CONT2026006205,EXPORT,NSICT,VC202600382
CONT2026006206,IMPORT,NSICT,VC202600382
CONT2026006207,EXPORT,NSICT,VC202600382
CONT2026006208,IMPORT,NSICT,VC202600382
CONT2026006209,EXPORT,NSICT,VC202600382
CONT2026006210,IMPORT,NSICT,VC202600382
CONT2026006211,EXPORT,NSICT,VC202600382
CONT2026006212,IMPORT,NSICT,VC202600382
CONT2026006213,IMPORT,NSICT,VC202600382
CONT2026006214,EXPORT,NSIGT,VC202600383
CONT2026006215,EXPORT,NSIGT,VC202600383
CONT2026006216,EXPORT,NSIGT,VC202600383
CONT2026006217,IMPORT,NSIGT,VC202600383
CONT2026006218,EXPORT,NSIGT,VC202600383
CONT2026006219,IMPORT,NSIGT,VC202600383
CONT2026006220,IMPORT,NSIGT,VC202600383
CONT2026006221,EXPORT,NSIGT,VC202600383
CONT2026006222,IMPORT,NSIGT,VC202600383
CONT2026006223,IMPORT,NSIGT,VC202600383
CONT2026006224,EXPORT,GTI,VC202600384
CONT2026006225,IMPORT,GTI,VC202600384
CONT2026006226,EXPORT,GTI,VC202600384
CONT2026006227,EXPORT,GTI,VC202600384
CONT2026006228,EXPORT,GTI,VC202600384
CONT2026006229,IMPORT,GTI,VC202600384
CONT2026006230,EXPORT,GTI,VC202600384
CONT2026006231,IMPORT,GTI,VC202600384
CONT2026006232,EXPORT,GTI,VC202600384
CONT2026006233,EXPORT,GTI,VC202600384
CONT2026006234,IMPORT,GTI,VC202600384
CONT2026006235,EXPORT,GTI,VC202600384
CONT2026006236,IMPORT,GTI,VC202600384
CONT2026006237,IMPORT,GTI,VC202600384
CONT2026006238,IMPORT,GTI,VC202600384
CONT2026006239,EXPORT,GTI,VC202600384
CONT2026006240,IMPORT,GTI,VC202600384
CONT2026006241,EXPORT,GTI,VC202600384
CONT2026006242,EXPORT,GTI,VC202600384
CONT2026006243,IMPORT,NSFT,VC202600385
CONT2026006244,EXPORT,NSFT,VC202600385
CONT2026006245,IMPORT,NSFT,VC202600385
CONT2026006246,IMPORT,NSFT,VC202600385
CONT2026006247,EXPORT,NSFT,VC202600385
CONT2026006248,IMPORT,NSFT,VC202600385
CONT2026006249,IMPORT,NSFT,VC202600385
CONT2026006250,EXPORT,NSIGT,VC202600386
CONT2026006251,EXPORT,NSIGT,VC202600386
CONT2026006252,EXPORT,NSIGT,VC202600386
CONT2026006253,EXPORT,NSIGT,VC202600386
CONT2026006254,EXPORT,NSIGT,VC202600386
CONT2026006255,IMPORT,NSIGT,VC202600386
CONT2026006256,IMPORT,NSFT,VC202600387
CONT2026006257,EXPORT,NSFT,VC202600387
CONT2026006258,EXPORT,NSFT,VC202600387
CONT2026006259,EXPORT,NSFT,VC202600387
CONT2026006260,IMPORT,NSFT,VC202600387
CONT2026006261,EXPORT,NSFT,VC202600387
CONT2026006262,EXPORT,NSFT,VC202600387
CONT2026006263,EXPORT,NSFT,VC202600387
CONT2026006264,IMPORT,NSFT,VC202600387
CONT2026006265,IMPORT,NSFT,VC202600387
CONT2026006266,EXPORT,NSFT,VC202600387
CONT2026006267,IMPORT,NSFT,VC202600387
CONT2026006268,IMPORT,NSFT,VC202600387
CONT2026006269,EXPORT,NSFT,VC202600387
CONT2026006270,EXPORT,NSFT,VC202600387
CONT2026006271,EXPORT,BMCT,VC202600388
CONT2026006272,EXPORT,BMCT,VC202600388
CONT2026006273,EXPORT,BMCT,VC202600388
CONT2026006274,EXPORT,BMCT,VC202600388
CONT2026006275,EXPORT,BMCT,VC202600388
CONT2026006276,EXPORT,BMCT,VC202600388
CONT2026006277,IMPORT,BMCT,VC202600388
CONT2026006278,EXPORT,BMCT,VC202600388
CONT2026006279,EXPORT,BMCT,VC202600388
CONT2026006280,IMPORT,BMCT,VC202600388
CONT2026006281,IMPORT,BMCT,VC202600388
CONT2026006282,IMPORT,BMCT,VC202600388
CONT2026006283,EXPORT,BMCT,VC202600388
CONT2026006284,EXPORT,BMCT,VC202600388
CONT2026006285,IMPORT,NSIGT,VC202600389
CONT2026006286,IMPORT,NSIGT,VC202600389
CONT2026006287,IMPORT,NSIGT,VC202600389
CONT2026006288,EXPORT,NSIGT,VC202600389
CONT2026006289,IMPORT,NSIGT,VC202600389
CONT2026006290,EXPORT,NSIGT,VC202600389
CONT2026006291,IMPORT,NSIGT,VC202600389
CONT2026006292,IMPORT,NSIGT,VC202600389
CONT2026006293,IMPORT,NSIGT,VC202600389
CONT2026006294,EXPORT,NSIGT,VC202600389
CONT2026006295,EXPORT,NSIGT,VC202600389
CONT2026006296,EXPORT,NSIGT,VC202600389
CONT2026006297,EXPORT,NSIGT,VC202600389
CONT2026006298,EXPORT,NSIGT,VC202600389
CONT2026006299,IMPORT,NSIGT,VC202600389
CONT2026006300,IMPORT,NSIGT,VC202600389
CONT2026006301,EXPORT,NSIGT,VC202600389
CONT2026006302,IMPORT,NSIGT,VC202600389
CONT2026006303,IMPORT,NSIGT,VC202600389
CONT2026006304,EXPORT,NSIGT,VC202600389
CONT2026006305,EXPORT,NSIGT,VC202600389
CONT2026006306,IMPORT,NSIGT,VC202600389
CONT2026006307,IMPORT,NSIGT,VC202600389
CONT2026006308,IMPORT,NSIGT,VC202600389
CONT2026006309,IMPORT,NSIGT,VC202600389
CONT2026006310,EXPORT,NSIGT,VC202600389
CONT2026006311,EXPORT,NSIGT,VC202600389
CONT2026006312,IMPORT,NSIGT,VC202600389
CONT2026006313,EXPORT,NSIGT,VC202600389
CONT2026006314,IMPORT,NSIGT,VC202600389
CONT2026006315,EXPORT,NSIGT,VC202600389
CONT2026006316,IMPORT,NSIGT,VC202600389
CONT2026006317,EXPORT,NSIGT,VC202600389
CONT2026006318,EXPORT,NSIGT,VC202600389
CONT2026006319,IMPORT,NSIGT,VC202600389
CONT2026006320,IMPORT,NSIGT,VC202600389
CONT2026006321,IMPORT,NSIGT,VC202600389
CONT2026006322,IMPORT,BMCT,VC202600390
CONT2026006323,IMPORT,BMCT,VC202600390
CONT2026006324,IMPORT,BMCT,VC202600390
CONT2026006325,IMPORT,BMCT,VC202600390
CONT2026006326,IMPORT,BMCT,VC202600390
CONT2026006327,EXPORT,BMCT,VC202600390
CONT2026006328,IMPORT,BMCT,VC202600390
CONT2026006329,IMPORT,BMCT,VC202600390
CONT2026006330,IMPORT,BMCT,VC202600390
CONT2026006331,IMPORT,BMCT,VC202600390
CONT2026006332,IMPORT,NSIGT,VC202600391
CONT2026006333,EXPORT,NSIGT,VC202600391
CONT2026006334,IMPORT,NSIGT,VC202600391
CONT2026006335,IMPORT,NSIGT,VC202600391
CONT2026006336,EXPORT,NSIGT,VC202600391
CONT2026006337,EXPORT,NSIGT,VC202600391
CONT2026006338,IMPORT,NSIGT,VC202600391
CONT2026006339,IMPORT,NSICT,VC202600392
CONT2026006340,IMPORT,NSICT,VC202600392
CONT2026006341,IMPORT,NSICT,VC202600392
CONT2026006342,IMPORT,NSICT,VC202600392
CONT2026006343,IMPORT,NSICT,VC202600392
CONT2026006344,EXPORT,NSICT,VC202600392
CONT2026006345,EXPORT,NSICT,VC202600392
CONT2026006346,EXPORT,NSICT,VC202600392
CONT2026006347,EXPORT,NSICT,VC202600392
CONT2026006348,EXPORT,NSICT,VC202600392
CONT2026006349,IMPORT,NSICT,VC202600392
CONT2026006350,EXPORT,NSICT,VC202600392
CONT2026006351,EXPORT,NSICT,VC202600392
CONT2026006352,IMPORT,NSICT,VC202600392
CONT2026006353,IMPORT,NSICT,VC202600392
CONT2026006354,EXPORT,NSICT,VC202600392
CONT2026006355,EXPORT,NSICT,VC202600392
CONT2026006356,IMPORT,NSICT,VC202600392
CONT2026006357,IMPORT,NSICT,VC202600392
CONT2026006358,IMPORT,NSICT,VC202600392
CONT2026006359,EXPORT,NSICT,VC202600392
CONT2026006360,EXPORT,NSICT,VC202600392
CONT2026006361,IMPORT,NSICT,VC202600392
CONT2026006362,IMPORT,NSICT,VC202600392
CONT2026006363,EXPORT,NSICT,VC202600392
CONT2026006364,EXPORT,NSICT,VC202600392
CONT2026006365,EXPORT,NSICT,VC202600392
CONT2026006366,IMPORT,NSICT,VC202600392
CONT2026006367,IMPORT,NSICT,VC202600392
CONT2026006368,IMPORT,NSICT,VC202600392
CONT2026006369,IMPORT,NSICT,VC202600392
CONT2026006370,IMPORT,NSICT,VC202600392
CONT2026006371,EXPORT,NSICT,VC202600392
CONT2026006372,IMPORT,NSIGT,VC202600393
CONT2026006373,IMPORT,NSIGT,VC202600393
CONT2026006374,IMPORT,NSIGT,VC202600393
CONT2026006375,EXPORT,NSIGT,VC202600393
CONT2026006376,EXPORT,NSIGT,VC202600393
CONT2026006377,EXPORT,NSIGT,VC202600393
CONT2026006378,IMPORT,NSIGT,VC202600393
CONT2026006379,EXPORT,NSIGT,VC202600393
CONT2026006380,EXPORT,NSIGT,VC202600394
CONT2026006381,IMPORT,NSIGT,VC202600394
CONT2026006382,IMPORT,NSIGT,VC202600394
CONT2026006383,EXPORT,NSIGT,VC202600394
CONT2026006384,EXPORT,NSIGT,VC202600394
CONT2026006385,IMPORT,NSIGT,VC202600394
CONT2026006386,IMPORT,NSIGT,VC202600394
CONT2026006387,IMPORT,NSIGT,VC202600394
CONT2026006388,EXPORT,NSIGT,VC202600394
CONT2026006389,EXPORT,NSIGT,VC202600394
CONT2026006390,EXPORT,NSIGT,VC202600394
CONT2026006391,IMPORT,NSIGT,VC202600394
CONT2026006392,IMPORT,NSIGT,VC202600394
CONT2026006393,EXPORT,NSIGT,VC202600394
CONT2026006394,EXPORT,NSFT,VC202600395
CONT2026006395,IMPORT,NSFT,VC202600395
CONT2026006396,EXPORT,NSFT,VC202600395
CONT2026006397,IMPORT,NSFT,VC202600395
CONT2026006398,EXPORT,NSFT,VC202600395
CONT2026006399,IMPORT,NSFT,VC202600395
CONT2026006400,IMPORT,NSFT,VC202600395
CONT2026006401,IMPORT,NSFT,VC202600395
CONT2026006402,EXPORT,NSFT,VC202600395
CONT2026006403,EXPORT,NSFT,VC202600395
CONT2026006404,EXPORT,NSFT,VC202600395
CONT2026006405,IMPORT,NSFT,VC202600395
CONT2026006406,IMPORT,NSFT,VC202600395
CONT2026006407,IMPORT,NSFT,VC202600395
CONT2026006408,EXPORT,NSFT,VC202600395
CONT2026006409,IMPORT,NSFT,VC202600395
CONT2026006410,EXPORT,NSFT,VC202600395
CONT2026006411,EXPORT,NSFT,VC202600395
CONT2026006412,EXPORT,NSFT,VC202600395
CONT2026006413,EXPORT,NSFT,VC202600395
CONT2026006414,IMPORT,NSFT,VC202600395
CONT2026006415,IMPORT,NSFT,VC202600395
CONT2026006416,EXPORT,NSFT,VC202600395
CONT2026006417,IMPORT,NSFT,VC202600395
CONT2026006418,EXPORT,NSFT,VC202600395
CONT2026006419,EXPORT,NSFT,VC202600395
CONT2026006420,IMPORT,NSFT,VC202600395
CONT2026006421,EXPORT,NSFT,VC202600395
CONT2026006422,EXPORT,NSFT,VC202600395
CONT2026006423,IMPORT,NSFT,VC202600395
CONT2026006424,EXPORT,NSFT,VC202600395
CONT2026006425,EXPORT,NSFT,VC202600395
CONT2026006426,EXPORT,NSFT,VC202600395
CONT2026006427,IMPORT,NSFT,VC202600395
CONT2026006428,IMPORT,NSFT,VC202600395
CONT2026006429,IMPORT,NSIGT,VC202600396
CONT2026006430,EXPORT,NSIGT,VC202600396
CONT2026006431,IMPORT,NSIGT,VC202600396
CONT2026006432,EXPORT,NSIGT,VC202600396
CONT2026006433,EXPORT,NSIGT,VC202600396
CONT2026006434,EXPORT,NSIGT,VC202600396
CONT2026006435,EXPORT,NSIGT,VC202600396
CONT2026006436,IMPORT,NSIGT,VC202600396
CONT2026006437,EXPORT,NSIGT,VC202600396
CONT2026006438,IMPORT,NSIGT,VC202600396
CONT2026006439,EXPORT,NSIGT,VC202600396
CONT2026006440,IMPORT,NSIGT,VC202600396
CONT2026006441,IMPORT,BMCT,VC202600397
CONT2026006442,EXPORT,BMCT,VC202600397
CONT2026006443,IMPORT,BMCT,VC202600397
CONT2026006444,IMPORT,BMCT,VC202600397
CONT2026006445,IMPORT,BMCT,VC202600397
CONT2026006446,EXPORT,BMCT,VC202600397
CONT2026006447,IMPORT,BMCT,VC202600397
CONT2026006448,IMPORT,BMCT,VC202600397
CONT2026006449,IMPORT,BMCT,VC202600397
CONT2026006450,EXPORT,BMCT,VC202600397
CONT2026006451,EXPORT,BMCT,VC202600397
CONT2026006452,IMPORT,BMCT,VC202600397
CONT2026006453,IMPORT,BMCT,VC202600397
CONT2026006454,EXPORT,BMCT,VC202600397
CONT2026006455,IMPORT,NSFT,VC202600398
CONT2026006456,IMPORT,NSFT,VC202600398
CONT2026006457,IMPORT,NSFT,VC202600398
CONT2026006458,IMPORT,NSFT,VC202600398
CONT2026006459,EXPORT,NSFT,VC202600398
CONT2026006460,EXPORT,NSFT,VC202600398
CONT2026006461,IMPORT,NSFT,VC202600398
CONT2026006462,IMPORT,NSFT,VC202600398
CONT2026006463,EXPORT,NSFT,VC202600398
CONT2026006464,EXPORT,NSFT,VC202600398
CONT2026006465,IMPORT,NSFT,VC202600398
CONT2026006466,IMPORT,NSFT,VC202600398
CONT2026006467,IMPORT,NSFT,VC202600398
CONT2026006468,IMPORT,NSFT,VC202600398
CONT2026006469,EXPORT,NSFT,VC202600398
CONT2026006470,IMPORT,NSFT,VC202600398
CONT2026006471,IMPORT,NSFT,VC202600398
CONT2026006472,EXPORT,NSFT,VC202600398
CONT2026006473,EXPORT,NSFT,VC202600398
CONT2026006474,IMPORT,NSFT,VC202600398
CONT2026006475,IMPORT,NSFT,VC202600398
CONT2026006476,EXPORT,NSFT,VC202600398
CONT2026006477,EXPORT,NSFT,VC202600398
CONT2026006478,IMPORT,NSFT,VC202600398
CONT2026006479,IMPORT,NSFT,VC202600398
CONT2026006480,EXPORT,NSFT,VC202600398
CONT2026006481,EXPORT,NSFT,VC202600398
CONT2026006482,EXPORT,NSIGT,VC202600399
CONT2026006483,IMPORT,NSIGT,VC202600399
CONT2026006484,IMPORT,NSIGT,VC202600399
CONT2026006485,IMPORT,NSIGT,VC202600399
CONT2026006486,IMPORT,NSIGT,VC202600399
CONT2026006487,IMPORT,NSIGT,VC202600399
CONT2026006488,IMPORT,NSIGT,VC202600399
CONT2026006489,IMPORT,NSIGT,VC202600399
CONT2026006490,EXPORT,NSIGT,VC202600399
CONT2026006491,EXPORT,NSIGT,VC202600399
CONT2026006492,EXPORT,GTI,VC202600400
CONT2026006493,EXPORT,GTI,VC202600400
CONT2026006494,IMPORT,GTI,VC202600400
CONT2026006495,IMPORT,GTI,VC202600400
CONT2026006496,EXPORT,GTI,VC202600400
CONT2026006497,IMPORT,GTI,VC202600400
CONT2026006498,EXPORT,GTI,VC202600400
CONT2026006499,IMPORT,GTI,VC202600400
CONT2026006500,EXPORT,BMCT,VC202600401
CONT2026006501,EXPORT,BMCT,VC202600401
CONT2026006502,EXPORT,BMCT,VC202600401
CONT2026006503,IMPORT,BMCT,VC202600401
CONT2026006504,EXPORT,BMCT,VC202600401
CONT2026006505,EXPORT,BMCT,VC202600401
CONT2026006506,EXPORT,BMCT,VC202600401
CONT2026006507,IMPORT,BMCT,VC202600401
CONT2026006508,EXPORT,BMCT,VC202600401
CONT2026006509,IMPORT,BMCT,VC202600401
CONT2026006510,IMPORT,BMCT,VC202600401
CONT2026006511,IMPORT,BMCT,VC202600401
CONT2026006512,IMPORT,BMCT,VC202600401
CONT2026006513,IMPORT,BMCT,VC202600401
CONT2026006514,EXPORT,BMCT,VC202600401
CONT2026006515,IMPORT,BMCT,VC202600401
CONT2026006516,IMPORT,BMCT,VC202600401
CONT2026006517,IMPORT,BMCT,VC202600401
CONT2026006518,IMPORT,BMCT,VC202600401
CONT2026006519,IMPORT,BMCT,VC202600401
CONT2026006520,IMPORT,BMCT,VC202600401
CONT2026006521,EXPORT,BMCT,VC202600401
CONT2026006522,EXPORT,NSIGT,VC202600402
CONT2026006523,IMPORT,NSIGT,VC202600402
CONT2026006524,EXPORT,NSIGT,VC202600402
CONT2026006525,IMPORT,NSIGT,VC202600402
CONT2026006526,EXPORT,NSIGT,VC202600402
CONT2026006527,IMPORT,NSIGT,VC202600402
CONT2026006528,EXPORT,NSIGT,VC202600402
CONT2026006529,IMPORT,NSIGT,VC202600403
CONT2026006530,EXPORT,NSIGT,VC202600403
CONT2026006531,EXPORT,NSIGT,VC202600403
CONT2026006532,IMPORT,NSIGT,VC202600403
CONT2026006533,EXPORT,NSIGT,VC202600403
CONT2026006534,IMPORT,NSIGT,VC202600403
CONT2026006535,IMPORT,NSIGT,VC202600403
CONT2026006536,IMPORT,NSIGT,VC202600403
CONT2026006537,EXPORT,NSIGT,VC202600403
CONT2026006538,IMPORT,NSIGT,VC202600403
CONT2026006539,EXPORT,NSICT,VC202600404
CONT2026006540,EXPORT,NSICT,VC202600404
CONT2026006541,IMPORT,NSICT,VC202600404
CONT2026006542,EXPORT,NSICT,VC202600404
CONT2026006543,IMPORT,NSICT,VC202600404
CONT2026006544,EXPORT,NSICT,VC202600404
CONT2026006545,IMPORT,NSIGT,VC202600405
CONT2026006546,EXPORT,NSIGT,VC202600405
CONT2026006547,EXPORT,NSIGT,VC202600405
CONT2026006548,EXPORT,NSIGT,VC202600405
CONT2026006549,EXPORT,NSIGT,VC202600405
CONT2026006550,EXPORT,NSIGT,VC202600405
CONT2026006551,IMPORT,NSIGT,VC202600405
CONT2026006552,EXPORT,NSIGT,VC202600405
CONT2026006553,IMPORT,NSIGT,VC202600405
CONT2026006554,EXPORT,NSFT,VC202600406
CONT2026006555,IMPORT,NSFT,VC202600406
CONT2026006556,IMPORT,NSFT,VC202600406
CONT2026006557,IMPORT,NSFT,VC202600406
CONT2026006558,IMPORT,NSFT,VC202600406
CONT2026006559,IMPORT,NSFT,VC202600406
CONT2026006560,EXPORT,NSFT,VC202600406
CONT2026006561,EXPORT,NSFT,VC202600406
CONT2026006562,EXPORT,NSFT,VC202600406
CONT2026006563,IMPORT,GTI,VC202600407
CONT2026006564,EXPORT,GTI,VC202600407
CONT2026006565,EXPORT,GTI,VC202600407
CONT2026006566,EXPORT,GTI,VC202600407
CONT2026006567,EXPORT,GTI,VC202600407
CONT2026006568,EXPORT,GTI,VC202600407
CONT2026006569,EXPORT,GTI,VC202600408
CONT2026006570,EXPORT,GTI,VC202600408
CONT2026006571,IMPORT,GTI,VC202600408
CONT2026006572,IMPORT,GTI,VC202600408
CONT2026006573,IMPORT,GTI,VC202600408
CONT2026006574,IMPORT,GTI,VC202600408
CONT2026006575,EXPORT,GTI,VC202600408
CONT2026006576,EXPORT,GTI,VC202600408
CONT2026006577,EXPORT,GTI,VC202600408
CONT2026006578,EXPORT,GTI,VC202600408
CONT2026006579,EXPORT,GTI,VC202600408
CONT2026006580,EXPORT,GTI,VC202600408
CONT2026006581,IMPORT,BMCT,VC202600409
CONT2026006582,EXPORT,BMCT,VC202600409
CONT2026006583,EXPORT,BMCT,VC202600409
CONT2026006584,IMPORT,BMCT,VC202600409
CONT2026006585,IMPORT,BMCT,VC202600409
CONT2026006586,EXPORT,BMCT,VC202600409
CONT2026006587,EXPORT,BMCT,VC202600409
CONT2026006588,EXPORT,BMCT,VC202600409
CONT2026006589,EXPORT,BMCT,VC202600409
CONT2026006590,IMPORT,BMCT,VC202600409
CONT2026006591,IMPORT,BMCT,VC202600410
CONT2026006592,EXPORT,BMCT,VC202600410
CONT2026006593,IMPORT,BMCT,VC202600410
CONT2026006594,EXPORT,BMCT,VC202600410
CONT2026006595,IMPORT,BMCT,VC202600410
CONT2026006596,IMPORT,BMCT,VC202600410
CONT2026006597,EXPORT,BMCT,VC202600410
CONT2026006598,IMPORT,BMCT,VC202600410
CONT2026006599,EXPORT,BMCT,VC202600410
CONT2026006600,EXPORT,BMCT,VC202600411
CONT2026006601,EXPORT,BMCT,VC202600411
CONT2026006602,IMPORT,BMCT,VC202600411
CONT2026006603,EXPORT,BMCT,VC202600411
CONT2026006604,IMPORT,BMCT,VC202600411
CONT2026006605,IMPORT,BMCT,VC202600411
CONT2026006606,IMPORT,BMCT,VC202600411
CONT2026006607,EXPORT,BMCT,VC202600411
CONT2026006608,EXPORT,BMCT,VC202600411
CONT2026006609,EXPORT,BMCT,VC202600411
CONT2026006610,IMPORT,BMCT,VC202600411
CONT2026006611,EXPORT,BMCT,VC202600411
CONT2026006612,IMPORT,BMCT,VC202600411
CONT2026006613,EXPORT,BMCT,VC202600411
CONT2026006614,EXPORT,BMCT,VC202600411
CONT2026006615,EXPORT,BMCT,VC202600411
CONT2026006616,IMPORT,BMCT,VC202600411
CONT2026006617,IMPORT,BMCT,VC202600411
CONT2026006618,IMPORT,BMCT,VC202600411
CONT2026006619,IMPORT,BMCT,VC202600411
CONT2026006620,IMPORT,BMCT,VC202600411
CONT2026006621,IMPORT,BMCT,VC202600411
CONT2026006622,IMPORT,BMCT,VC202600411
CONT2026006623,EXPORT,BMCT,VC202600411
CONT2026006624,EXPORT,BMCT,VC202600411
CONT2026006625,IMPORT,BMCT,VC202600411
CONT2026006626,IMPORT,BMCT,VC202600411
CONT2026006627,IMPORT,BMCT,VC202600411
CONT2026006628,EXPORT,BMCT,VC202600411
CONT2026006629,EXPORT,BMCT,VC202600411
CONT2026006630,IMPORT,BMCT,VC202600411
CONT2026006631,IMPORT,BMCT,VC202600411
CONT2026006632,IMPORT,NSFT,VC202600412
CONT2026006633,EXPORT,NSFT,VC202600412
CONT2026006634,IMPORT,NSFT,VC202600412
CONT2026006635,EXPORT,NSFT,VC202600412
CONT2026006636,IMPORT,NSFT,VC202600412
CONT2026006637,IMPORT,NSFT,VC202600412
CONT2026006638,EXPORT,NSICT,VC202600413
CONT2026006639,EXPORT,NSICT,VC202600413
CONT2026006640,IMPORT,NSICT,VC202600413
CONT2026006641,EXPORT,NSICT,VC202600413
CONT2026006642,IMPORT,NSICT,VC202600413
CONT2026006643,EXPORT,NSICT,VC202600413
CONT2026006644,IMPORT,NSICT,VC202600413
CONT2026006645,IMPORT,NSICT,VC202600414
CONT2026006646,IMPORT,NSICT,VC202600414
CONT2026006647,IMPORT,NSICT,VC202600414
CONT2026006648,IMPORT,NSICT,VC202600414
CONT2026006649,IMPORT,NSICT,VC202600414
CONT2026006650,EXPORT,NSICT,VC202600414
CONT2026006651,EXPORT,NSICT,VC202600414
CONT2026006652,EXPORT,NSICT,VC202600414
CONT2026006653,EXPORT,NSICT,VC202600414
CONT2026006654,IMPORT,NSICT,VC202600414
CONT2026006655,EXPORT,NSICT,VC202600414
CONT2026006656,IMPORT,NSICT,VC202600414
CONT2026006657,IMPORT,NSICT,VC202600414
CONT2026006658,IMPORT,NSICT,VC202600414
CONT2026006659,EXPORT,NSICT,VC202600414
CONT2026006660,EXPORT,NSICT,VC202600414
CONT2026006661,EXPORT,NSICT,VC202600414
CONT2026006662,EXPORT,NSICT,VC202600414
CONT2026006663,EXPORT,NSICT,VC202600414
CONT2026006664,EXPORT,NSICT,VC202600414
CONT2026006665,EXPORT,NSFT,VC202600415
CONT2026006666,EXPORT,NSFT,VC202600415
CONT2026006667,IMPORT,NSFT,VC202600415
CONT2026006668,IMPORT,NSFT,VC202600415
CONT2026006669,EXPORT,NSFT,VC202600415
CONT2026006670,EXPORT,NSFT,VC202600415
CONT2026006671,EXPORT,NSFT,VC202600415
CONT2026006672,EXPORT,NSFT,VC202600415
CONT2026006673,EXPORT,NSFT,VC202600415
CONT2026006674,IMPORT,BMCT,VC202600416
CONT2026006675,EXPORT,BMCT,VC202600416
CONT2026006676,IMPORT,BMCT,VC202600416
CONT2026006677,IMPORT,BMCT,VC202600416
CONT2026006678,EXPORT,BMCT,VC202600416
CONT2026006679,IMPORT,BMCT,VC202600416
CONT2026006680,IMPORT,BMCT,VC202600416
CONT2026006681,EXPORT,BMCT,VC202600416
CONT2026006682,EXPORT,BMCT,VC202600416
CONT2026006683,EXPORT,NSIGT,VC202600417
CONT2026006684,EXPORT,NSIGT,VC202600417
CONT2026006685,EXPORT,NSIGT,VC202600417
CONT2026006686,IMPORT,NSIGT,VC202600417
CONT2026006687,EXPORT,NSIGT,VC202600417
CONT2026006688,IMPORT,NSIGT,VC202600417
CONT2026006689,IMPORT,NSIGT,VC202600417
CONT2026006690,IMPORT,NSIGT,VC202600417
CONT2026006691,EXPORT,NSIGT,VC202600417
CONT2026006692,EXPORT,NSIGT,VC202600417
CONT2026006693,EXPORT,NSIGT,VC202600417
CONT2026006694,IMPORT,NSIGT,VC202600417
CONT2026006695,EXPORT,NSFT,VC202600418
CONT2026006696,IMPORT,NSFT,VC202600418
CONT2026006697,EXPORT,NSFT,VC202600418
CONT2026006698,EXPORT,NSFT,VC202600418
CONT2026006699,EXPORT,NSFT,VC202600418
CONT2026006700,EXPORT,NSFT,VC202600418
CONT2026006701,IMPORT,NSFT,VC202600418
CONT2026006702,EXPORT,NSFT,VC202600418
CONT2026006703,EXPORT,NSFT,VC202600418
CONT2026006704,EXPORT,NSFT,VC202600418
CONT2026006705,EXPORT,NSFT,VC202600418
CONT2026006706,EXPORT,NSFT,VC202600418
CONT2026006707,IMPORT,NSFT,VC202600418
CONT2026006708,EXPORT,NSFT,VC202600418
CONT2026006709,IMPORT,NSFT,VC202600418
CONT2026006710,IMPORT,NSFT,VC202600418
CONT2026006711,IMPORT,NSFT,VC202600418
CONT2026006712,IMPORT,NSFT,VC202600418
CONT2026006713,EXPORT,BMCT,VC202600419
CONT2026006714,EXPORT,BMCT,VC202600419
CONT2026006715,IMPORT,BMCT,VC202600419
CONT2026006716,IMPORT,BMCT,VC202600419
CONT2026006717,IMPORT,BMCT,VC202600419
CONT2026006718,EXPORT,BMCT,VC202600419
CONT2026006719,IMPORT,BMCT,VC202600419
CONT2026006720,IMPORT,BMCT,VC202600419
CONT2026006721,EXPORT,BMCT,VC202600419
CONT2026006722,EXPORT,BMCT,VC202600419
CONT2026006723,EXPORT,BMCT,VC202600419
CONT2026006724,IMPORT,BMCT,VC202600419
CONT2026006725,EXPORT,BMCT,VC202600419
CONT2026006726,EXPORT,NSICT,VC202600420
CONT2026006727,IMPORT,NSICT,VC202600420
CONT2026006728,EXPORT,NSICT,VC202600420
CONT2026006729,IMPORT,NSICT,VC202600420
CONT2026006730,EXPORT,NSICT,VC202600420
CONT2026006731,EXPORT,NSICT,VC202600420
CONT2026006732,IMPORT,NSICT,VC202600420
CONT2026006733,EXPORT,NSICT,VC202600420
CONT2026006734,IMPORT,NSICT,VC202600420
CONT2026006735,IMPORT,NSICT,VC202600420
CONT2026006736,EXPORT,NSICT,VC202600420
CONT2026006737,EXPORT,NSICT,VC202600420
CONT2026006738,EXPORT,GTI,VC202600421
CONT2026006739,EXPORT,GTI,VC202600421
CONT2026006740,EXPORT,GTI,VC202600421
CONT2026006741,IMPORT,GTI,VC202600421
CONT2026006742,IMPORT,GTI,VC202600421
CONT2026006743,EXPORT,GTI,VC202600421
CONT2026006744,IMPORT,GTI,VC202600421
CONT2026006745,IMPORT,GTI,VC202600421
CONT2026006746,EXPORT,GTI,VC202600421
CONT2026006747,EXPORT,GTI,VC202600421
CONT2026006748,EXPORT,GTI,VC202600421
CONT2026006749,EXPORT,GTI,VC202600421
CONT2026006750,EXPORT,GTI,VC202600421
CONT2026006751,EXPORT,GTI,VC202600421
CONT2026006752,IMPORT,GTI,VC202600421
CONT2026006753,IMPORT,GTI,VC202600421
CONT2026006754,EXPORT,GTI,VC202600421
CONT2026006755,EXPORT,GTI,VC202600421
CONT2026006756,IMPORT,GTI,VC202600421
CONT2026006757,IMPORT,GTI,VC202600421
CONT2026006758,EXPORT,NSIGT,VC202600422
CONT2026006759,EXPORT,NSIGT,VC202600422
CONT2026006760,EXPORT,NSIGT,VC202600422
CONT2026006761,EXPORT,NSIGT,VC202600422
CONT2026006762,IMPORT,NSIGT,VC202600422
CONT2026006763,EXPORT,NSIGT,VC202600422
CONT2026006764,IMPORT,NSIGT,VC202600422
CONT2026006765,IMPORT,NSIGT,VC202600422
CONT2026006766,EXPORT,NSIGT,VC202600422
CONT2026006767,EXPORT,NSIGT,VC202600422
CONT2026006768,IMPORT,NSIGT,VC202600422
CONT2026006769,EXPORT,NSIGT,VC202600422
CONT2026006770,IMPORT,NSIGT,VC202600422
CONT2026006771,EXPORT,NSIGT,VC202600422
CONT2026006772,IMPORT,NSIGT,VC202600422
CONT2026006773,EXPORT,NSIGT,VC202600422
CONT2026006774,EXPORT,NSICT,VC202600423
CONT2026006775,EXPORT,NSICT,VC202600423
CONT2026006776,EXPORT,NSICT,VC202600423
CONT2026006777,EXPORT,NSICT,VC202600423
CONT2026006778,IMPORT,NSICT,VC202600423
CONT2026006779,IMPORT,NSICT,VC202600423
CONT2026006780,EXPORT,NSICT,VC202600423
CONT2026006781,IMPORT,NSICT,VC202600423
CONT2026006782,IMPORT,BMCT,VC202600424
CONT2026006783,IMPORT,BMCT,VC202600424
CONT2026006784,EXPORT,BMCT,VC202600424
CONT2026006785,EXPORT,BMCT,VC202600424
CONT2026006786,IMPORT,BMCT,VC202600424
CONT2026006787,EXPORT,BMCT,VC202600424
CONT2026006788,IMPORT,BMCT,VC202600424
CONT2026006789,EXPORT,BMCT,VC202600424
CONT2026006790,EXPORT,BMCT,VC202600424
CONT2026006791,EXPORT,BMCT,VC202600424
CONT2026006792,IMPORT,BMCT,VC202600424
CONT2026006793,EXPORT,BMCT,VC202600424
CONT2026006794,EXPORT,BMCT,VC202600424
CONT2026006795,IMPORT,BMCT,VC202600424
CONT2026006796,EXPORT,BMCT,VC202600424
CONT2026006797,EXPORT,NSIGT,VC202600425
CONT2026006798,IMPORT,NSIGT,VC202600425
CONT2026006799,EXPORT,NSIGT,VC202600425
CONT2026006800,EXPORT,NSIGT,VC202600425
CONT2026006801,IMPORT,NSIGT,VC202600425
CONT2026006802,IMPORT,NSIGT,VC202600425
CONT2026006803,EXPORT,NSIGT,VC202600425
CONT2026006804,IMPORT,NSIGT,VC202600425
CONT2026006805,EXPORT,NSIGT,VC202600425
CONT2026006806,EXPORT,NSIGT,VC202600425
CONT2026006807,EXPORT,NSIGT,VC202600425
CONT2026006808,EXPORT,NSIGT,VC202600425
CONT2026006809,EXPORT,NSIGT,VC202600425
CONT2026006810,IMPORT,NSIGT,VC202600425
CONT2026006811,EXPORT,NSIGT,VC202600425
CONT2026006812,IMPORT,NSIGT,VC202600425
CONT2026006813,IMPORT,NSIGT,VC202600425
CONT2026006814,IMPORT,NSIGT,VC202600425
CONT2026006815,IMPORT,NSIGT,VC202600425
CONT2026006816,EXPORT,NSIGT,VC202600425
CONT2026006817,IMPORT,NSIGT,VC202600425
CONT2026006818,IMPORT,NSIGT,VC202600425
CONT2026006819,EXPORT,NSIGT,VC202600425
CONT2026006820,EXPORT,NSIGT,VC202600425
CONT2026006821,IMPORT,NSIGT,VC202600425
CONT2026006822,IMPORT,NSIGT,VC202600425
CONT2026006823,EXPORT,NSIGT,VC202600425
CONT2026006824,EXPORT,NSIGT,VC202600425
CONT2026006825,IMPORT,NSIGT,VC202600425
CONT2026006826,IMPORT,NSIGT,VC202600425
CONT2026006827,IMPORT,NSIGT,VC202600425
CONT2026006828,EXPORT,NSIGT,VC202600425
CONT2026006829,IMPORT,NSIGT,VC202600425
CONT2026006830,IMPORT,NSIGT,VC202600425
CONT2026006831,IMPORT,NSIGT,VC202600425
CONT2026006832,IMPORT,NSIGT,VC202600425
CONT2026006833,IMPORT,NSIGT,VC202600425
CONT2026006834,EXPORT,NSIGT,VC202600425
CONT2026006835,EXPORT,NSIGT,VC202600425
CONT2026006836,EXPORT,NSICT,VC202600426
CONT2026006837,EXPORT,NSICT,VC202600426
CONT2026006838,IMPORT,NSICT,VC202600426
CONT2026006839,IMPORT,NSICT,VC202600426
CONT2026006840,EXPORT,NSICT,VC202600426
CONT2026006841,EXPORT,NSICT,VC202600426
CONT2026006842,IMPORT,NSICT,VC202600426
CONT2026006843,EXPORT,NSICT,VC202600426
CONT2026006844,EXPORT,NSICT,VC202600426
CONT2026006845,EXPORT,NSICT,VC202600426
CONT2026006846,IMPORT,NSICT,VC202600426
CONT2026006847,EXPORT,NSICT,VC202600426
CONT2026006848,EXPORT,NSICT,VC202600426
CONT2026006849,EXPORT,NSICT,VC202600426
CONT2026006850,IMPORT,NSICT,VC202600426
CONT2026006851,IMPORT,NSICT,VC202600426
CONT2026006852,EXPORT,NSICT,VC202600426
CONT2026006853,EXPORT,NSICT,VC202600427
CONT2026006854,EXPORT,NSICT,VC202600427
CONT2026006855,EXPORT,NSICT,VC202600427
CONT2026006856,IMPORT,NSICT,VC202600427
CONT2026006857,IMPORT,NSICT,VC202600427
CONT2026006858,EXPORT,NSICT,VC202600427
CONT2026006859,IMPORT,NSICT,VC202600427
CONT2026006860,IMPORT,NSICT,VC202600427
CONT2026006861,IMPORT,NSICT,VC202600427
CONT2026006862,IMPORT,NSICT,VC202600427
CONT2026006863,IMPORT,NSICT,VC202600427
CONT2026006864,IMPORT,NSICT,VC202600427
CONT2026006865,EXPORT,NSICT,VC202600427
CONT2026006866,IMPORT,NSICT,VC202600427
CONT2026006867,IMPORT,NSICT,VC202600427
CONT2026006868,IMPORT,NSICT,VC202600427
CONT2026006869,EXPORT,GTI,VC202600428
CONT2026006870,IMPORT,GTI,VC202600428
CONT2026006871,IMPORT,GTI,VC202600428
CONT2026006872,IMPORT,GTI,VC202600428
CONT2026006873,IMPORT,GTI,VC202600428
CONT2026006874,EXPORT,GTI,VC202600428
CONT2026006875,EXPORT,GTI,VC202600428
CONT2026006876,EXPORT,GTI,VC202600428
CONT2026006877,EXPORT,GTI,VC202600428
CONT2026006878,IMPORT,GTI,VC202600428
CONT2026006879,EXPORT,GTI,VC202600428
CONT2026006880,IMPORT,GTI,VC202600428
CONT2026006881,IMPORT,GTI,VC202600428
CONT2026006882,IMPORT,GTI,VC202600428
CONT2026006883,IMPORT,GTI,VC202600428
CONT2026006884,IMPORT,NSIGT,VC202600429
CONT2026006885,IMPORT,NSIGT,VC202600429
CONT2026006886,EXPORT,NSIGT,VC202600429
CONT2026006887,IMPORT,NSIGT,VC202600429
CONT2026006888,IMPORT,NSIGT,VC202600429
CONT2026006889,IMPORT,NSIGT,VC202600429
CONT2026006890,IMPORT,NSIGT,VC202600429
CONT2026006891,EXPORT,NSIGT,VC202600429
CONT2026006892,IMPORT,NSIGT,VC202600429
CONT2026006893,EXPORT,NSIGT,VC202600429
CONT2026006894,EXPORT,NSIGT,VC202600429
CONT2026006895,IMPORT,NSIGT,VC202600429
CONT2026006896,IMPORT,NSIGT,VC202600429
CONT2026006897,EXPORT,NSIGT,VC202600429
CONT2026006898,EXPORT,NSIGT,VC202600429
CONT2026006899,EXPORT,NSIGT,VC202600429
CONT2026006900,IMPORT,NSIGT,VC202600429
CONT2026006901,EXPORT,NSIGT,VC202600429
CONT2026006902,EXPORT,NSIGT,VC202600429
CONT2026006903,IMPORT,GTI,VC202600430
CONT2026006904,EXPORT,GTI,VC202600430
CONT2026006905,EXPORT,GTI,VC202600430
CONT2026006906,IMPORT,GTI,VC202600430
CONT2026006907,EXPORT,GTI,VC202600430
CONT2026006908,EXPORT,GTI,VC202600430
CONT2026006909,EXPORT,GTI,VC202600430
CONT2026006910,IMPORT,GTI,VC202600430
CONT2026006911,IMPORT,GTI,VC202600430
CONT2026006912,IMPORT,GTI,VC202600430
CONT2026006913,IMPORT,GTI,VC202600430
CONT2026006914,EXPORT,GTI,VC202600430
CONT2026006915,EXPORT,GTI,VC202600430
CONT2026006916,EXPORT,GTI,VC202600430
CONT2026006917,IMPORT,GTI,VC202600430
CONT2026006918,IMPORT,GTI,VC202600430
CONT2026006919,EXPORT,GTI,VC202600430
CONT2026006920,IMPORT,GTI,VC202600430
CONT2026006921,EXPORT,GTI,VC202600430
CONT2026006922,IMPORT,GTI,VC202600430
CONT2026006923,IMPORT,GTI,VC202600430
CONT2026006924,IMPORT,GTI,VC202600430
CONT2026006925,IMPORT,GTI,VC202600430
CONT2026006926,EXPORT,GTI,VC202600430
CONT2026006927,IMPORT,GTI,VC202600430
CONT2026006928,IMPORT,NSIGT,VC202600431
CONT2026006929,IMPORT,NSIGT,VC202600431
CONT2026006930,IMPORT,NSIGT,VC202600431
CONT2026006931,EXPORT,NSIGT,VC202600431
CONT2026006932,EXPORT,NSIGT,VC202600431
CONT2026006933,IMPORT,NSIGT,VC202600431
CONT2026006934,EXPORT,NSIGT,VC202600431
CONT2026006935,IMPORT,NSIGT,VC202600431
CONT2026006936,IMPORT,NSICT,VC202600432
CONT2026006937,EXPORT,NSICT,VC202600432
CONT2026006938,EXPORT,NSICT,VC202600432
CONT2026006939,IMPORT,NSICT,VC202600432
CONT2026006940,EXPORT,NSICT,VC202600432
CONT2026006941,IMPORT,NSICT,VC202600432
CONT2026006942,IMPORT,NSICT,VC202600432
CONT2026006943,IMPORT,NSICT,VC202600432
CONT2026006944,IMPORT,NSICT,VC202600432
CONT2026006945,IMPORT,NSFT,VC202600433
CONT2026006946,IMPORT,NSFT,VC202600433
CONT2026006947,EXPORT,NSFT,VC202600433
CONT2026006948,EXPORT,NSFT,VC202600433
CONT2026006949,IMPORT,NSFT,VC202600433
CONT2026006950,IMPORT,NSFT,VC202600433
CONT2026006951,IMPORT,NSFT,VC202600433
CONT2026006952,IMPORT,NSFT,VC202600433
CONT2026006953,IMPORT,NSFT,VC202600433
CONT2026006954,EXPORT,NSFT,VC202600433
CONT2026006955,EXPORT,NSFT,VC202600433
CONT2026006956,IMPORT,NSFT,VC202600433
CONT2026006957,EXPORT,NSFT,VC202600433
CONT2026006958,IMPORT,NSFT,VC202600433
CONT2026006959,IMPORT,NSFT,VC202600433
CONT2026006960,IMPORT,NSFT,VC202600433
CONT2026006961,EXPORT,NSFT,VC202600433
CONT2026006962,EXPORT,NSFT,VC202600433
CONT2026006963,IMPORT,NSFT,VC202600433
CONT2026006964,IMPORT,NSFT,VC202600433
CONT2026006965,IMPORT,NSFT,VC202600433
CONT2026006966,EXPORT,NSFT,VC202600433
CONT2026006967,EXPORT,NSFT,VC202600433
CONT2026006968,IMPORT,NSIGT,VC202600434
CONT2026006969,EXPORT,NSIGT,VC202600434
CONT2026006970,EXPORT,NSIGT,VC202600434
CONT2026006971,EXPORT,NSIGT,VC202600434
CONT2026006972,EXPORT,NSIGT,VC202600434
CONT2026006973,IMPORT,NSIGT,VC202600434
CONT2026006974,IMPORT,NSIGT,VC202600434
CONT2026006975,EXPORT,NSIGT,VC202600434
CONT2026006976,IMPORT,NSIGT,VC202600434
CONT2026006977,IMPORT,NSIGT,VC202600435
CONT2026006978,IMPORT,NSIGT,VC202600435
CONT2026006979,EXPORT,NSIGT,VC202600435
CONT2026006980,EXPORT,NSIGT,VC202600435
CONT2026006981,EXPORT,NSIGT,VC202600435
CONT2026006982,IMPORT,NSIGT,VC202600435
CONT2026006983,IMPORT,NSIGT,VC202600435
CONT2026006984,IMPORT,NSIGT,VC202600435
CONT2026006985,EXPORT,NSIGT,VC202600435
CONT2026006986,IMPORT,BMCT,VC202600436
CONT2026006987,IMPORT,BMCT,VC202600436
CONT2026006988,EXPORT,BMCT,VC202600436
CONT2026006989,EXPORT,BMCT,VC202600436
CONT2026006990,EXPORT,BMCT,VC202600436
CONT2026006991,IMPORT,BMCT,VC202600436
CONT2026006992,EXPORT,BMCT,VC202600436
CONT2026006993,EXPORT,BMCT,VC202600436
CONT2026006994,EXPORT,BMCT,VC202600436
CONT2026006995,IMPORT,BMCT,VC202600436
CONT2026006996,IMPORT,BMCT,VC202600436
CONT2026006997,IMPORT,BMCT,VC202600436
CONT2026006998,IMPORT,BMCT,VC202600436
CONT2026006999,IMPORT,BMCT,VC202600436
CONT2026007000,EXPORT,BMCT,VC202600436
CONT2026007001,IMPORT,NSICT,VC202600437
CONT2026007002,IMPORT,NSICT,VC202600437
CONT2026007003,IMPORT,NSICT,VC202600437
CONT2026007004,EXPORT,NSICT,VC202600437
CONT2026007005,IMPORT,NSICT,VC202600437
CONT2026007006,IMPORT,NSICT,VC202600437
CONT2026007007,EXPORT,NSICT,VC202600437
CONT2026007008,IMPORT,NSICT,VC202600437
CONT2026007009,EXPORT,NSICT,VC202600437
CONT2026007010,IMPORT,NSICT,VC202600437
CONT2026007011,EXPORT,NSICT,VC202600437
CONT2026007012,EXPORT,NSICT,VC202600437
CONT2026007013,EXPORT,NSICT,VC202600437
CONT2026007014,IMPORT,NSICT,VC202600437
CONT2026007015,EXPORT,NSICT,VC202600437
CONT2026007016,EXPORT,NSICT,VC202600437
CONT2026007017,EXPORT,NSICT,VC202600437
CONT2026007018,IMPORT,NSICT,VC202600437
CONT2026007019,EXPORT,BMCT,VC202600438
CONT2026007020,EXPORT,BMCT,VC202600438
CONT2026007021,IMPORT,BMCT,VC202600438
CONT2026007022,EXPORT,BMCT,VC202600438
CONT2026007023,EXPORT,BMCT,VC202600438
CONT2026007024,IMPORT,BMCT,VC202600438
CONT2026007025,EXPORT,BMCT,VC202600438
CONT2026007026,EXPORT,BMCT,VC202600438
CONT2026007027,IMPORT,BMCT,VC202600438
CONT2026007028,IMPORT,BMCT,VC202600438
CONT2026007029,IMPORT,BMCT,VC202600438
CONT2026007030,EXPORT,BMCT,VC202600438
CONT2026007031,EXPORT,BMCT,VC202600438
CONT2026007032,EXPORT,BMCT,VC202600438
CONT2026007033,IMPORT,BMCT,VC202600438
CONT2026007034,EXPORT,BMCT,VC202600438
CONT2026007035,IMPORT,BMCT,VC202600438
CONT2026007036,IMPORT,NSFT,VC202600439
CONT2026007037,IMPORT,NSFT,VC202600439
CONT2026007038,IMPORT,NSFT,VC202600439
CONT2026007039,EXPORT,NSFT,VC202600439
CONT2026007040,EXPORT,NSFT,VC202600439
CONT2026007041,EXPORT,NSFT,VC202600439
CONT2026007042,IMPORT,NSFT,VC202600439
CONT2026007043,EXPORT,NSFT,VC202600439
CONT2026007044,IMPORT,NSFT,VC202600439
CONT2026007045,EXPORT,NSFT,VC202600439
CONT2026007046,IMPORT,NSFT,VC202600439
CONT2026007047,EXPORT,NSFT,VC202600439
CONT2026007048,EXPORT,NSFT,VC202600439
CONT2026007049,IMPORT,NSFT,VC202600439
CONT2026007050,EXPORT,GTI,VC202600440
CONT2026007051,IMPORT,GTI,VC202600440
CONT2026007052,IMPORT,GTI,VC202600440
CONT2026007053,IMPORT,GTI,VC202600440
CONT2026007054,EXPORT,GTI,VC202600440
CONT2026007055,IMPORT,GTI,VC202600440
CONT2026007056,EXPORT,BMCT,VC202600441
CONT2026007057,EXPORT,BMCT,VC202600441
CONT2026007058,EXPORT,BMCT,VC202600441
CONT2026007059,IMPORT,BMCT,VC202600441
CONT2026007060,IMPORT,BMCT,VC202600441
CONT2026007061,IMPORT,BMCT,VC202600441
CONT2026007062,EXPORT,BMCT,VC202600441
CONT2026007063,EXPORT,BMCT,VC202600441
CONT2026007064,IMPORT,BMCT,VC202600441
CONT2026007065,IMPORT,BMCT,VC202600441
CONT2026007066,IMPORT,BMCT,VC202600442
CONT2026007067,EXPORT,BMCT,VC202600442
CONT2026007068,EXPORT,BMCT,VC202600442
CONT2026007069,IMPORT,BMCT,VC202600442
CONT2026007070,IMPORT,BMCT,VC202600442
CONT2026007071,IMPORT,BMCT,VC202600442
CONT2026007072,IMPORT,BMCT,VC202600442
CONT2026007073,EXPORT,BMCT,VC202600442
CONT2026007074,EXPORT,BMCT,VC202600442
CONT2026007075,IMPORT,BMCT,VC202600442
CONT2026007076,IMPORT,BMCT,VC202600442
CONT2026007077,IMPORT,BMCT,VC202600442
CONT2026007078,IMPORT,BMCT,VC202600442
CONT2026007079,IMPORT,GTI,VC202600443
CONT2026007080,IMPORT,GTI,VC202600443
CONT2026007081,IMPORT,GTI,VC202600443
CONT2026007082,EXPORT,GTI,VC202600443
CONT2026007083,IMPORT,GTI,VC202600443
CONT2026007084,EXPORT,GTI,VC202600443
CONT2026007085,IMPORT,GTI,VC202600443
CONT2026007086,EXPORT,GTI,VC202600443
CONT2026007087,EXPORT,GTI,VC202600443
CONT2026007088,EXPORT,GTI,VC202600443
CONT2026007089,EXPORT,GTI,VC202600443
CONT2026007090,EXPORT,GTI,VC202600443
CONT2026007091,EXPORT,GTI,VC202600443
CONT2026007092,EXPORT,GTI,VC202600444
CONT2026007093,IMPORT,GTI,VC202600444
CONT2026007094,IMPORT,GTI,VC202600444
CONT2026007095,EXPORT,GTI,VC202600444
CONT2026007096,IMPORT,GTI,VC202600444
CONT2026007097,IMPORT,GTI,VC202600444
CONT2026007098,EXPORT,GTI,VC202600444
CONT2026007099,EXPORT,GTI,VC202600444
CONT2026007100,EXPORT,GTI,VC202600444
CONT2026007101,EXPORT,GTI,VC202600444
CONT2026007102,EXPORT,GTI,VC202600444
CONT2026007103,IMPORT,GTI,VC202600444
CONT2026007104,EXPORT,GTI,VC202600444
CONT2026007105,IMPORT,GTI,VC202600444
CONT2026007106,EXPORT,GTI,VC202600444
CONT2026007107,IMPORT,GTI,VC202600444
CONT2026007108,EXPORT,GTI,VC202600444
CONT2026007109,EXPORT,GTI,VC202600444
CONT2026007110,IMPORT,GTI,VC202600444
CONT2026007111,EXPORT,GTI,VC202600444
CONT2026007112,IMPORT,GTI,VC202600444
CONT2026007113,IMPORT,GTI,VC202600444
CONT2026007114,EXPORT,GTI,VC202600444
CONT2026007115,EXPORT,NSICT,VC202600445
CONT2026007116,IMPORT,NSICT,VC202600445
CONT2026007117,EXPORT,NSICT,VC202600445
CONT2026007118,IMPORT,NSICT,VC202600445
CONT2026007119,EXPORT,NSICT,VC202600445
CONT2026007120,EXPORT,NSICT,VC202600445
CONT2026007121,IMPORT,NSICT,VC202600445
CONT2026007122,EXPORT,NSICT,VC202600445
CONT2026007123,EXPORT,NSICT,VC202600445
CONT2026007124,EXPORT,NSICT,VC202600445
CONT2026007125,IMPORT,NSICT,VC202600445
CONT2026007126,EXPORT,NSICT,VC202600445
CONT2026007127,EXPORT,NSICT,VC202600445
CONT2026007128,EXPORT,NSICT,VC202600445
CONT2026007129,EXPORT,NSICT,VC202600445
CONT2026007130,EXPORT,NSICT,VC202600445
CONT2026007131,IMPORT,NSICT,VC202600445
CONT2026007132,IMPORT,NSICT,VC202600445
CONT2026007133,EXPORT,NSFT,VC202600446
CONT2026007134,EXPORT,NSFT,VC202600446
CONT2026007135,EXPORT,NSFT,VC202600446
CONT2026007136,EXPORT,NSFT,VC202600446
CONT2026007137,EXPORT,NSFT,VC202600446
CONT2026007138,IMPORT,NSFT,VC202600446
CONT2026007139,IMPORT,NSFT,VC202600446
CONT2026007140,EXPORT,NSFT,VC202600446
CONT2026007141,EXPORT,NSFT,VC202600446
CONT2026007142,IMPORT,NSFT,VC202600446
CONT2026007143,IMPORT,NSIGT,VC202600447
CONT2026007144,EXPORT,NSIGT,VC202600447
CONT2026007145,EXPORT,NSIGT,VC202600447
CONT2026007146,EXPORT,NSIGT,VC202600447
CONT2026007147,IMPORT,NSIGT,VC202600447
CONT2026007148,EXPORT,NSIGT,VC202600447
CONT2026007149,IMPORT,NSIGT,VC202600447
CONT2026007150,EXPORT,NSIGT,VC202600447
CONT2026007151,IMPORT,NSIGT,VC202600447
CONT2026007152,EXPORT,NSIGT,VC202600447
CONT2026007153,IMPORT,NSIGT,VC202600447
CONT2026007154,EXPORT,NSIGT,VC202600447
CONT2026007155,EXPORT,NSIGT,VC202600447
CONT2026007156,IMPORT,NSIGT,VC202600447
CONT2026007157,IMPORT,NSIGT,VC202600447
CONT2026007158,IMPORT,NSIGT,VC202600447
CONT2026007159,EXPORT,BMCT,VC202600448
CONT2026007160,IMPORT,BMCT,VC202600448
CONT2026007161,IMPORT,BMCT,VC202600448
CONT2026007162,IMPORT,BMCT,VC202600448
CONT2026007163,IMPORT,BMCT,VC202600448
CONT2026007164,IMPORT,BMCT,VC202600448
CONT2026007165,EXPORT,BMCT,VC202600448
CONT2026007166,IMPORT,BMCT,VC202600448
CONT2026007167,EXPORT,BMCT,VC202600448
CONT2026007168,EXPORT,BMCT,VC202600448
CONT2026007169,IMPORT,BMCT,VC202600448
CONT2026007170,IMPORT,BMCT,VC202600448
CONT2026007171,EXPORT,BMCT,VC202600448
CONT2026007172,IMPORT,BMCT,VC202600448
CONT2026007173,EXPORT,BMCT,VC202600448
CONT2026007174,EXPORT,BMCT,VC202600448
CONT2026007175,EXPORT,BMCT,VC202600448
CONT2026007176,IMPORT,BMCT,VC202600448
CONT2026007177,IMPORT,BMCT,VC202600448
CONT2026007178,IMPORT,BMCT,VC202600448
CONT2026007179,EXPORT,BMCT,VC202600448
CONT2026007180,IMPORT,BMCT,VC202600448
CONT2026007181,IMPORT,BMCT,VC202600448
CONT2026007182,IMPORT,NSIGT,VC202600449
CONT2026007183,IMPORT,NSIGT,VC202600449
CONT2026007184,EXPORT,NSIGT,VC202600449
CONT2026007185,EXPORT,NSIGT,VC202600449
CONT2026007186,IMPORT,NSIGT,VC202600449
CONT2026007187,IMPORT,NSIGT,VC202600449
CONT2026007188,EXPORT,NSIGT,VC202600449
CONT2026007189,EXPORT,NSIGT,VC202600449
CONT2026007190,IMPORT,BMCT,VC202600450
CONT2026007191,IMPORT,BMCT,VC202600450
CONT2026007192,EXPORT,BMCT,VC202600450
CONT2026007193,IMPORT,BMCT,VC202600450
CONT2026007194,IMPORT,BMCT,VC202600450
CONT2026007195,IMPORT,BMCT,VC202600450
CONT2026007196,EXPORT,BMCT,VC202600450
CONT2026007197,EXPORT,BMCT,VC202600450
CONT2026007198,EXPORT,BMCT,VC202600450
CONT2026007199,EXPORT,BMCT,VC202600450
CONT2026007200,EXPORT,BMCT,VC202600450
CONT2026007201,IMPORT,BMCT,VC202600450
CONT2026007202,IMPORT,BMCT,VC202600450
CONT2026007203,EXPORT,BMCT,VC202600450
CONT2026007204,IMPORT,BMCT,VC202600450
CONT2026007205,IMPORT,NSICT,VC202600451
CONT2026007206,EXPORT,NSICT,VC202600451
CONT2026007207,EXPORT,NSICT,VC202600451
CONT2026007208,IMPORT,NSICT,VC202600451
CONT2026007209,EXPORT,NSICT,VC202600451
CONT2026007210,IMPORT,NSICT,VC202600451
CONT2026007211,EXPORT,BMCT,VC202600452
CONT2026007212,EXPORT,BMCT,VC202600452
CONT2026007213,IMPORT,BMCT,VC202600452
CONT2026007214,IMPORT,BMCT,VC202600452
CONT2026007215,IMPORT,BMCT,VC202600452
CONT2026007216,EXPORT,BMCT,VC202600452
CONT2026007217,EXPORT,BMCT,VC202600452
CONT2026007218,IMPORT,BMCT,VC202600452
CONT2026007219,IMPORT,BMCT,VC202600452
CONT2026007220,IMPORT,BMCT,VC202600452
CONT2026007221,EXPORT,BMCT,VC202600452
CONT2026007222,EXPORT,BMCT,VC202600452
CONT2026007223,EXPORT,BMCT,VC202600452
CONT2026007224,IMPORT,BMCT,VC202600452
CONT2026007225,IMPORT,BMCT,VC202600452
CONT2026007226,IMPORT,GTI,VC202600453
CONT2026007227,EXPORT,GTI,VC202600453
CONT2026007228,EXPORT,GTI,VC202600453
CONT2026007229,EXPORT,GTI,VC202600453
CONT2026007230,EXPORT,GTI,VC202600453
CONT2026007231,EXPORT,GTI,VC202600453
CONT2026007232,EXPORT,GTI,VC202600453
CONT2026007233,IMPORT,GTI,VC202600453
CONT2026007234,IMPORT,GTI,VC202600453
CONT2026007235,IMPORT,GTI,VC202600453
CONT2026007236,EXPORT,GTI,VC202600453
CONT2026007237,EXPORT,GTI,VC202600453
CONT2026007238,EXPORT,GTI,VC202600453
CONT2026007239,IMPORT,GTI,VC202600453
CONT2026007240,EXPORT,GTI,VC202600453
CONT2026007241,IMPORT,GTI,VC202600453
CONT2026007242,IMPORT,GTI,VC202600453
CONT2026007243,IMPORT,GTI,VC202600453
CONT2026007244,EXPORT,GTI,VC202600453
CONT2026007245,IMPORT,GTI,VC202600453
CONT2026007246,EXPORT,GTI,VC202600453
CONT2026007247,EXPORT,GTI,VC202600453
CONT2026007248,IMPORT,GTI,VC202600453
CONT2026007249,EXPORT,GTI,VC202600453
CONT2026007250,IMPORT,GTI,VC202600453
CONT2026007251,EXPORT,GTI,VC202600453
CONT2026007252,EXPORT,GTI,VC202600453
CONT2026007253,EXPORT,GTI,VC202600453
CONT2026007254,IMPORT,NSIGT,VC202600454
CONT2026007255,EXPORT,NSIGT,VC202600454
CONT2026007256,EXPORT,NSIGT,VC202600454
CONT2026007257,EXPORT,NSIGT,VC202600454
CONT2026007258,EXPORT,NSIGT,VC202600454
CONT2026007259,IMPORT,NSIGT,VC202600454
CONT2026007260,EXPORT,NSIGT,VC202600454
CONT2026007261,IMPORT,NSIGT,VC202600454
CONT2026007262,EXPORT,NSIGT,VC202600454
CONT2026007263,EXPORT,NSIGT,VC202600454
CONT2026007264,EXPORT,NSIGT,VC202600454
CONT2026007265,EXPORT,NSIGT,VC202600454
CONT2026007266,EXPORT,NSIGT,VC202600454
CONT2026007267,IMPORT,NSIGT,VC202600454
CONT2026007268,IMPORT,NSIGT,VC202600454
CONT2026007269,IMPORT,NSIGT,VC202600454
CONT2026007270,IMPORT,NSIGT,VC202600454
CONT2026007271,EXPORT,NSIGT,VC202600455
CONT2026007272,EXPORT,NSIGT,VC202600455
CONT2026007273,EXPORT,NSIGT,VC202600455
CONT2026007274,EXPORT,NSIGT,VC202600455
CONT2026007275,IMPORT,NSIGT,VC202600455
CONT2026007276,IMPORT,NSIGT,VC202600455
CONT2026007277,IMPORT,NSIGT,VC202600455
CONT2026007278,EXPORT,NSIGT,VC202600455
CONT2026007279,IMPORT,NSIGT,VC202600455
CONT2026007280,EXPORT,NSIGT,VC202600455
CONT2026007281,EXPORT,NSIGT,VC202600455
CONT2026007282,IMPORT,NSIGT,VC202600455
CONT2026007283,EXPORT,NSIGT,VC202600455
CONT2026007284,EXPORT,NSIGT,VC202600455
CONT2026007285,IMPORT,NSIGT,VC202600455
CONT2026007286,IMPORT,NSIGT,VC202600455
CONT2026007287,IMPORT,NSIGT,VC202600455
CONT2026007288,IMPORT,BMCT,VC202600456
CONT2026007289,EXPORT,BMCT,VC202600456
CONT2026007290,IMPORT,BMCT,VC202600456
CONT2026007291,EXPORT,BMCT,VC202600456
CONT2026007292,EXPORT,BMCT,VC202600456
CONT2026007293,IMPORT,BMCT,VC202600456
CONT2026007294,EXPORT,BMCT,VC202600456
CONT2026007295,EXPORT,BMCT,VC202600456
CONT2026007296,IMPORT,BMCT,VC202600456
CONT2026007297,EXPORT,BMCT,VC202600456
CONT2026007298,IMPORT,BMCT,VC202600456
CONT2026007299,EXPORT,BMCT,VC202600456
CONT2026007300,IMPORT,BMCT,VC202600456
CONT2026007301,EXPORT,BMCT,VC202600456
CONT2026007302,EXPORT,BMCT,VC202600457
CONT2026007303,IMPORT,BMCT,VC202600457
CONT2026007304,IMPORT,BMCT,VC202600457
CONT2026007305,IMPORT,BMCT,VC202600457
CONT2026007306,EXPORT,BMCT,VC202600457
CONT2026007307,EXPORT,BMCT,VC202600457
CONT2026007308,IMPORT,BMCT,VC202600457
CONT2026007309,EXPORT,BMCT,VC202600457
CONT2026007310,EXPORT,NSIGT,VC202600458
CONT2026007311,EXPORT,NSIGT,VC202600458
CONT2026007312,IMPORT,NSIGT,VC202600458
CONT2026007313,IMPORT,NSIGT,VC202600458
CONT2026007314,IMPORT,NSIGT,VC202600458
CONT2026007315,EXPORT,NSIGT,VC202600458
CONT2026007316,IMPORT,GTI,VC202600459
CONT2026007317,IMPORT,GTI,VC202600459
CONT2026007318,IMPORT,GTI,VC202600459
CONT2026007319,IMPORT,GTI,VC202600459
CONT2026007320,IMPORT,GTI,VC202600459
CONT2026007321,IMPORT,GTI,VC202600459
CONT2026007322,IMPORT,GTI,VC202600459
CONT2026007323,EXPORT,GTI,VC202600459
CONT2026007324,EXPORT,GTI,VC202600459
CONT2026007325,EXPORT,GTI,VC202600459
CONT2026007326,IMPORT,GTI,VC202600459
CONT2026007327,EXPORT,GTI,VC202600459
CONT2026007328,IMPORT,GTI,VC202600459
CONT2026007329,IMPORT,GTI,VC202600459
CONT2026007330,IMPORT,GTI,VC202600459
CONT2026007331,IMPORT,GTI,VC202600459
CONT2026007332,IMPORT,GTI,VC202600459
CONT2026007333,IMPORT,GTI,VC202600459
CONT2026007334,IMPORT,GTI,VC202600459
CONT2026007335,EXPORT,GTI,VC202600459
CONT2026007336,EXPORT,GTI,VC202600459
CONT2026007337,IMPORT,GTI,VC202600459
CONT2026007338,EXPORT,GTI,VC202600459
CONT2026007339,EXPORT,GTI,VC202600459
CONT2026007340,EXPORT,GTI,VC202600459
CONT2026007341,IMPORT,GTI,VC202600459
CONT2026007342,EXPORT,GTI,VC202600459
CONT2026007343,EXPORT,GTI,VC202600460
CONT2026007344,IMPORT,GTI,VC202600460
CONT2026007345,IMPORT,GTI,VC202600460
CONT2026007346,EXPORT,GTI,VC202600460
CONT2026007347,EXPORT,GTI,VC202600460
CONT2026007348,EXPORT,GTI,VC202600460
CONT2026007349,IMPORT,GTI,VC202600460
CONT2026007350,EXPORT,GTI,VC202600460
CONT2026007351,EXPORT,GTI,VC202600460
CONT2026007352,EXPORT,GTI,VC202600460
CONT2026007353,EXPORT,GTI,VC202600460
CONT2026007354,IMPORT,GTI,VC202600460
CONT2026007355,IMPORT,NSFT,VC202600461
CONT2026007356,IMPORT,NSFT,VC202600461
CONT2026007357,IMPORT,NSFT,VC202600461
CONT2026007358,EXPORT,NSFT,VC202600461
CONT2026007359,EXPORT,NSFT,VC202600461
CONT2026007360,IMPORT,NSFT,VC202600461
CONT2026007361,EXPORT,NSFT,VC202600461
CONT2026007362,EXPORT,NSFT,VC202600461
CONT2026007363,EXPORT,NSFT,VC202600461
CONT2026007364,EXPORT,NSFT,VC202600461
CONT2026007365,IMPORT,NSFT,VC202600461
CONT2026007366,EXPORT,NSFT,VC202600461
CONT2026007367,IMPORT,NSFT,VC202600461
CONT2026007368,IMPORT,NSFT,VC202600461
CONT2026007369,IMPORT,NSFT,VC202600461
CONT2026007370,EXPORT,NSFT,VC202600461
CONT2026007371,IMPORT,NSFT,VC202600461
CONT2026007372,EXPORT,NSFT,VC202600461
CONT2026007373,IMPORT,NSFT,VC202600461
CONT2026007374,EXPORT,NSFT,VC202600461
CONT2026007375,EXPORT,NSFT,VC202600461
CONT2026007376,IMPORT,NSFT,VC202600461
CONT2026007377,EXPORT,NSFT,VC202600461
CONT2026007378,EXPORT,NSFT,VC202600461
CONT2026007379,EXPORT,NSFT,VC202600461
CONT2026007380,IMPORT,NSFT,VC202600461
CONT2026007381,EXPORT,NSFT,VC202600461
CONT2026007382,IMPORT,NSFT,VC202600461
CONT2026007383,IMPORT,NSFT,VC202600461
CONT2026007384,IMPORT,NSFT,VC202600461
CONT2026007385,IMPORT,NSFT,VC202600461
CONT2026007386,EXPORT,GTI,VC202600462
CONT2026007387,EXPORT,GTI,VC202600462
CONT2026007388,IMPORT,GTI,VC202600462
CONT2026007389,IMPORT,GTI,VC202600462
CONT2026007390,EXPORT,GTI,VC202600462
CONT2026007391,IMPORT,GTI,VC202600462
CONT2026007392,IMPORT,GTI,VC202600462
CONT2026007393,IMPORT,GTI,VC202600462
CONT2026007394,IMPORT,GTI,VC202600462
CONT2026007395,IMPORT,GTI,VC202600462
CONT2026007396,IMPORT,GTI,VC202600462
CONT2026007397,IMPORT,GTI,VC202600462
CONT2026007398,EXPORT,GTI,VC202600462
CONT2026007399,EXPORT,GTI,VC202600462
CONT2026007400,EXPORT,GTI,VC202600462
CONT2026007401,EXPORT,GTI,VC202600462
CONT2026007402,IMPORT,GTI,VC202600462
CONT2026007403,IMPORT,GTI,VC202600462
CONT2026007404,EXPORT,GTI,VC202600462
CONT2026007405,IMPORT,GTI,VC202600462
CONT2026007406,IMPORT,GTI,VC202600462
CONT2026007407,IMPORT,GTI,VC202600462
CONT2026007408,EXPORT,GTI,VC202600462
CONT2026007409,IMPORT,GTI,VC202600462
CONT2026007410,EXPORT,GTI,VC202600462
CONT2026007411,EXPORT,GTI,VC202600462
CONT2026007412,EXPORT,GTI,VC202600462
CONT2026007413,EXPORT,GTI,VC202600462
CONT2026007414,IMPORT,GTI,VC202600462
CONT2026007415,IMPORT,GTI,VC202600462
CONT2026007416,IMPORT,GTI,VC202600462
CONT2026007417,EXPORT,GTI,VC202600462
CONT2026007418,EXPORT,GTI,VC202600462
CONT2026007419,IMPORT,GTI,VC202600462
CONT2026007420,IMPORT,GTI,VC202600462
CONT2026007421,IMPORT,NSFT,VC202600463
CONT2026007422,EXPORT,NSFT,VC202600463
CONT2026007423,EXPORT,NSFT,VC202600463
CONT2026007424,IMPORT,NSFT,VC202600463
CONT2026007425,EXPORT,NSFT,VC202600463
CONT2026007426,IMPORT,NSFT,VC202600463
CONT2026007427,EXPORT,NSFT,VC202600463
CONT2026007428,EXPORT,NSFT,VC202600463
CONT2026007429,EXPORT,NSFT,VC202600463
CONT2026007430,IMPORT,NSFT,VC202600463
CONT2026007431,IMPORT,NSFT,VC202600463
CONT2026007432,EXPORT,NSFT,VC202600463
CONT2026007433,EXPORT,NSFT,VC202600463
CONT2026007434,IMPORT,NSFT,VC202600463
CONT2026007435,EXPORT,NSFT,VC202600463
CONT2026007436,IMPORT,NSFT,VC202600463
CONT2026007437,IMPORT,NSFT,VC202600463
CONT2026007438,IMPORT,NSFT,VC202600463
CONT2026007439,EXPORT,NSFT,VC202600463
CONT2026007440,IMPORT,NSFT,VC202600463
CONT2026007441,IMPORT,NSFT,VC202600463
CONT2026007442,EXPORT,NSFT,VC202600463
CONT2026007443,EXPORT,GTI,VC202600464
CONT2026007444,IMPORT,GTI,VC202600464
CONT2026007445,EXPORT,GTI,VC202600464
CONT2026007446,IMPORT,GTI,VC202600464
CONT2026007447,EXPORT,GTI,VC202600464
CONT2026007448,IMPORT,GTI,VC202600464
CONT2026007449,IMPORT,GTI,VC202600464
CONT2026007450,IMPORT,GTI,VC202600464
CONT2026007451,EXPORT,GTI,VC202600464
CONT2026007452,IMPORT,GTI,VC202600464
CONT2026007453,IMPORT,GTI,VC202600464
CONT2026007454,IMPORT,GTI,VC202600464
CONT2026007455,IMPORT,GTI,VC202600464
CONT2026007456,EXPORT,GTI,VC202600464
CONT2026007457,EXPORT,GTI,VC202600464
CONT2026007458,EXPORT,GTI,VC202600464
CONT2026007459,IMPORT,GTI,VC202600464
CONT2026007460,EXPORT,GTI,VC202600464
CONT2026007461,IMPORT,NSFT,VC202600465
CONT2026007462,EXPORT,NSFT,VC202600465
CONT2026007463,EXPORT,NSFT,VC202600465
CONT2026007464,EXPORT,NSFT,VC202600465
CONT2026007465,IMPORT,NSFT,VC202600465
CONT2026007466,EXPORT,NSFT,VC202600465
CONT2026007467,EXPORT,NSFT,VC202600465
CONT2026007468,EXPORT,NSFT,VC202600465
CONT2026007469,EXPORT,NSFT,VC202600465
CONT2026007470,EXPORT,NSFT,VC202600465
CONT2026007471,EXPORT,NSFT,VC202600465
CONT2026007472,EXPORT,NSFT,VC202600465
CONT2026007473,IMPORT,NSFT,VC202600465
CONT2026007474,IMPORT,NSFT,VC202600465
CONT2026007475,IMPORT,NSFT,VC202600465
CONT2026007476,IMPORT,NSFT,VC202600465
CONT2026007477,IMPORT,NSFT,VC202600465
CONT2026007478,IMPORT,NSFT,VC202600465
CONT2026007479,EXPORT,NSFT,VC202600465
CONT2026007480,IMPORT,NSFT,VC202600465
CONT2026007481,IMPORT,NSFT,VC202600465
CONT2026007482,EXPORT,NSFT,VC202600465
CONT2026007483,IMPORT,NSFT,VC202600465
CONT2026007484,IMPORT,NSFT,VC202600465
CONT2026007485,EXPORT,NSFT,VC202600465
CONT2026007486,IMPORT,NSFT,VC202600465
CONT2026007487,EXPORT,NSFT,VC202600465
CONT2026007488,EXPORT,NSFT,VC202600465
CONT2026007489,IMPORT,NSFT,VC202600465
CONT2026007490,EXPORT,NSFT,VC202600465
CONT2026007491,EXPORT,NSFT,VC202600465
CONT2026007492,EXPORT,NSFT,VC202600465
CONT2026007493,EXPORT,NSFT,VC202600465
CONT2026007494,EXPORT,NSFT,VC202600465
CONT2026007495,EXPORT,NSFT,VC202600465
CONT2026007496,EXPORT,NSFT,VC202600465
CONT2026007497,EXPORT,NSFT,VC202600465
CONT2026007498,EXPORT,NSFT,VC202600465
CONT2026007499,IMPORT,NSFT,VC202600465
CONT2026007500,EXPORT,NSFT,VC202600465
CONT2026007501,IMPORT,NSFT,VC202600465
CONT2026007502,EXPORT,NSFT,VC202600465
CONT2026007503,IMPORT,GTI,VC202600466
CONT2026007504,EXPORT,GTI,VC202600466
CONT2026007505,EXPORT,GTI,VC202600466
CONT2026007506,EXPORT,GTI,VC202600466
CONT2026007507,EXPORT,GTI,VC202600466
CONT2026007508,EXPORT,GTI,VC202600466
CONT2026007509,IMPORT,GTI,VC202600466
CONT2026007510,EXPORT,GTI,VC202600466
CONT2026007511,EXPORT,GTI,VC202600466
CONT2026007512,IMPORT,GTI,VC202600466
CONT2026007513,IMPORT,GTI,VC202600466
CONT2026007514,EXPORT,GTI,VC202600466
CONT2026007515,IMPORT,GTI,VC202600466
CONT2026007516,EXPORT,GTI,VC202600466
CONT2026007517,IMPORT,NSFT,VC202600467
CONT2026007518,IMPORT,NSFT,VC202600467
CONT2026007519,EXPORT,NSFT,VC202600467
CONT2026007520,IMPORT,NSFT,VC202600467
CONT2026007521,IMPORT,NSFT,VC202600467
CONT2026007522,EXPORT,NSFT,VC202600467
CONT2026007523,EXPORT,NSFT,VC202600467
CONT2026007524,IMPORT,NSFT,VC202600467
CONT2026007525,IMPORT,NSFT,VC202600467
CONT2026007526,EXPORT,NSFT,VC202600467
CONT2026007527,EXPORT,BMCT,VC202600468
CONT2026007528,EXPORT,BMCT,VC202600468
CONT2026007529,EXPORT,BMCT,VC202600468
CONT2026007530,IMPORT,BMCT,VC202600468
CONT2026007531,IMPORT,BMCT,VC202600468
CONT2026007532,EXPORT,BMCT,VC202600468
CONT2026007533,EXPORT,BMCT,VC202600468
CONT2026007534,IMPORT,NSFT,VC202600469
CONT2026007535,EXPORT,NSFT,VC202600469
CONT2026007536,EXPORT,NSFT,VC202600469
CONT2026007537,IMPORT,NSFT,VC202600469
CONT2026007538,IMPORT,NSFT,VC202600469
CONT2026007539,EXPORT,NSFT,VC202600469
CONT2026007540,IMPORT,NSFT,VC202600469
CONT2026007541,IMPORT,NSFT,VC202600469
CONT2026007542,EXPORT,NSFT,VC202600469
CONT2026007543,EXPORT,NSFT,VC202600469
CONT2026007544,EXPORT,NSFT,VC202600469
CONT2026007545,EXPORT,NSFT,VC202600469
CONT2026007546,IMPORT,NSFT,VC202600469
CONT2026007547,IMPORT,NSFT,VC202600469
CONT2026007548,EXPORT,NSFT,VC202600469
CONT2026007549,IMPORT,NSFT,VC202600469
CONT2026007550,IMPORT,NSFT,VC202600469
CONT2026007551,EXPORT,NSFT,VC202600469
CONT2026007552,IMPORT,NSFT,VC202600469
CONT2026007553,IMPORT,NSIGT,VC202600470
CONT2026007554,EXPORT,NSIGT,VC202600470
CONT2026007555,EXPORT,NSIGT,VC202600470
CONT2026007556,EXPORT,NSIGT,VC202600470
CONT2026007557,IMPORT,NSIGT,VC202600470
CONT2026007558,EXPORT,NSIGT,VC202600470
CONT2026007559,IMPORT,NSIGT,VC202600470
CONT2026007560,IMPORT,NSIGT,VC202600470
CONT2026007561,IMPORT,NSIGT,VC202600470
CONT2026007562,EXPORT,NSIGT,VC202600470
CONT2026007563,IMPORT,NSIGT,VC202600470
CONT2026007564,IMPORT,NSIGT,VC202600470
CONT2026007565,IMPORT,NSIGT,VC202600470
CONT2026007566,IMPORT,NSIGT,VC202600470
CONT2026007567,EXPORT,NSIGT,VC202600470
CONT2026007568,EXPORT,NSIGT,VC202600470
CONT2026007569,EXPORT,NSIGT,VC202600470
CONT2026007570,EXPORT,NSIGT,VC202600470
CONT2026007571,IMPORT,NSIGT,VC202600470
CONT2026007572,IMPORT,NSIGT,VC202600470
CONT2026007573,EXPORT,NSIGT,VC202600470
CONT2026007574,IMPORT,NSIGT,VC202600470
CONT2026007575,IMPORT,NSIGT,VC202600470
CONT2026007576,IMPORT,GTI,VC202600471
CONT2026007577,IMPORT,GTI,VC202600471
CONT2026007578,IMPORT,GTI,VC202600471
CONT2026007579,IMPORT,GTI,VC202600471
CONT2026007580,IMPORT,GTI,VC202600471
CONT2026007581,EXPORT,GTI,VC202600471
CONT2026007582,IMPORT,GTI,VC202600471
CONT2026007583,IMPORT,GTI,VC202600471
CONT2026007584,EXPORT,GTI,VC202600471
CONT2026007585,EXPORT,GTI,VC202600471
CONT2026007586,EXPORT,GTI,VC202600471
CONT2026007587,EXPORT,NSFT,VC202600472
CONT2026007588,IMPORT,NSFT,VC202600472
CONT2026007589,IMPORT,NSFT,VC202600472
CONT2026007590,IMPORT,NSFT,VC202600472
CONT2026007591,EXPORT,NSFT,VC202600472
CONT2026007592,EXPORT,NSFT,VC202600472
CONT2026007593,IMPORT,NSFT,VC202600472
CONT2026007594,IMPORT,NSFT,VC202600472
CONT2026007595,IMPORT,NSFT,VC202600472
CONT2026007596,IMPORT,NSFT,VC202600472
CONT2026007597,IMPORT,NSFT,VC202600472
CONT2026007598,EXPORT,NSIGT,VC202600473
CONT2026007599,IMPORT,NSIGT,VC202600473
CONT2026007600,IMPORT,NSIGT,VC202600473
CONT2026007601,IMPORT,NSIGT,VC202600473
CONT2026007602,IMPORT,NSIGT,VC202600473
CONT2026007603,IMPORT,NSIGT,VC202600473
CONT2026007604,IMPORT,NSIGT,VC202600473
CONT2026007605,EXPORT,NSIGT,VC202600473
CONT2026007606,EXPORT,NSIGT,VC202600473
CONT2026007607,IMPORT,NSIGT,VC202600473
CONT2026007608,EXPORT,NSIGT,VC202600473
CONT2026007609,IMPORT,NSIGT,VC202600473
CONT2026007610,EXPORT,NSFT,VC202600474
CONT2026007611,IMPORT,NSFT,VC202600474
CONT2026007612,EXPORT,NSFT,VC202600474
CONT2026007613,EXPORT,NSFT,VC202600474
CONT2026007614,IMPORT,NSFT,VC202600474
CONT2026007615,IMPORT,NSFT,VC202600474
CONT2026007616,IMPORT,NSFT,VC202600474
CONT2026007617,EXPORT,NSFT,VC202600474
CONT2026007618,IMPORT,NSFT,VC202600474
CONT2026007619,EXPORT,NSFT,VC202600474
CONT2026007620,EXPORT,NSFT,VC202600474
CONT2026007621,IMPORT,NSFT,VC202600474
CONT2026007622,EXPORT,NSFT,VC202600474
CONT2026007623,IMPORT,NSFT,VC202600474
CONT2026007624,EXPORT,NSFT,VC202600474
CONT2026007625,IMPORT,NSFT,VC202600474
CONT2026007626,EXPORT,NSFT,VC202600474
CONT2026007627,EXPORT,BMCT,VC202600475
CONT2026007628,EXPORT,BMCT,VC202600475
CONT2026007629,EXPORT,BMCT,VC202600475
CONT2026007630,EXPORT,BMCT,VC202600475
CONT2026007631,IMPORT,BMCT,VC202600475
CONT2026007632,EXPORT,BMCT,VC202600475
CONT2026007633,IMPORT,BMCT,VC202600475
CONT2026007634,EXPORT,BMCT,VC202600475
CONT2026007635,EXPORT,BMCT,VC202600475
CONT2026007636,IMPORT,BMCT,VC202600475
CONT2026007637,EXPORT,BMCT,VC202600475
CONT2026007638,IMPORT,BMCT,VC202600475
CONT2026007639,IMPORT,BMCT,VC202600475
CONT2026007640,EXPORT,BMCT,VC202600475
CONT2026007641,EXPORT,BMCT,VC202600475
CONT2026007642,IMPORT,NSICT,VC202600476
CONT2026007643,IMPORT,NSICT,VC202600476
CONT2026007644,EXPORT,NSICT,VC202600476
CONT2026007645,EXPORT,NSICT,VC202600476
CONT2026007646,IMPORT,NSICT,VC202600476
CONT2026007647,IMPORT,NSICT,VC202600476
CONT2026007648,EXPORT,NSICT,VC202600476
CONT2026007649,IMPORT,NSICT,VC202600476
CONT2026007650,IMPORT,NSICT,VC202600476
CONT2026007651,IMPORT,NSICT,VC202600476
CONT2026007652,EXPORT,NSICT,VC202600476
CONT2026007653,EXPORT,NSICT,VC202600476
CONT2026007654,IMPORT,NSICT,VC202600476
CONT2026007655,EXPORT,NSICT,VC202600476
CONT2026007656,IMPORT,NSICT,VC202600476
CONT2026007657,IMPORT,NSICT,VC202600476
CONT2026007658,EXPORT,NSICT,VC202600476
CONT2026007659,EXPORT,NSICT,VC202600476
CONT2026007660,IMPORT,NSICT,VC202600476
CONT2026007661,IMPORT,NSICT,VC202600476
CONT2026007662,IMPORT,NSICT,VC202600476
CONT2026007663,EXPORT,NSICT,VC202600476
CONT2026007664,EXPORT,NSICT,VC202600476
CONT2026007665,EXPORT,NSICT,VC202600476
CONT2026007666,EXPORT,NSICT,VC202600476
CONT2026007667,IMPORT,GTI,VC202600477
CONT2026007668,EXPORT,GTI,VC202600477
CONT2026007669,EXPORT,GTI,VC202600477
CONT2026007670,EXPORT,GTI,VC202600477
CONT2026007671,EXPORT,GTI,VC202600477
CONT2026007672,IMPORT,GTI,VC202600477
CONT2026007673,EXPORT,GTI,VC202600477
CONT2026007674,EXPORT,GTI,VC202600477
CONT2026007675,EXPORT,GTI,VC202600477
CONT2026007676,IMPORT,GTI,VC202600477
CONT2026007677,IMPORT,GTI,VC202600477
CONT2026007678,IMPORT,GTI,VC202600477
CONT2026007679,IMPORT,GTI,VC202600477
CONT2026007680,IMPORT,GTI,VC202600477
CONT2026007681,EXPORT,GTI,VC202600477
CONT2026007682,EXPORT,GTI,VC202600477
CONT2026007683,EXPORT,GTI,VC202600477
CONT2026007684,EXPORT,GTI,VC202600477
CONT2026007685,IMPORT,GTI,VC202600477
CONT2026007686,EXPORT,GTI,VC202600477
CONT2026007687,IMPORT,GTI,VC202600477
CONT2026007688,IMPORT,GTI,VC202600477
CONT2026007689,EXPORT,GTI,VC202600477
CONT2026007690,IMPORT,GTI,VC202600477
CONT2026007691,IMPORT,GTI,VC202600477
CONT2026007692,EXPORT,GTI,VC202600477
CONT2026007693,EXPORT,GTI,VC202600477
CONT2026007694,EXPORT,GTI,VC202600477
CONT2026007695,EXPORT,GTI,VC202600477
CONT2026007696,EXPORT,GTI,VC202600477
CONT2026007697,EXPORT,GTI,VC202600477
CONT2026007698,IMPORT,GTI,VC202600477
CONT2026007699,IMPORT,GTI,VC202600477
CONT2026007700,IMPORT,BMCT,VC202600478
CONT2026007701,IMPORT,BMCT,VC202600478
CONT2026007702,IMPORT,BMCT,VC202600478
CONT2026007703,IMPORT,BMCT,VC202600478
CONT2026007704,EXPORT,BMCT,VC202600478
CONT2026007705,IMPORT,BMCT,VC202600478
CONT2026007706,IMPORT,BMCT,VC202600478
CONT2026007707,EXPORT,BMCT,VC202600478
CONT2026007708,IMPORT,BMCT,VC202600478
CONT2026007709,IMPORT,BMCT,VC202600478
CONT2026007710,IMPORT,BMCT,VC202600478
CONT2026007711,EXPORT,BMCT,VC202600478
CONT2026007712,IMPORT,BMCT,VC202600478
CONT2026007713,EXPORT,BMCT,VC202600478
CONT2026007714,EXPORT,BMCT,VC202600478
CONT2026007715,IMPORT,BMCT,VC202600478
CONT2026007716,EXPORT,BMCT,VC202600478
CONT2026007717,IMPORT,NSFT,VC202600479
CONT2026007718,IMPORT,NSFT,VC202600479
CONT2026007719,EXPORT,NSFT,VC202600479
CONT2026007720,EXPORT,NSFT,VC202600479
CONT2026007721,IMPORT,NSFT,VC202600479
CONT2026007722,EXPORT,NSFT,VC202600479
CONT2026007723,EXPORT,NSFT,VC202600479
CONT2026007724,IMPORT,NSFT,VC202600479
CONT2026007725,EXPORT,NSFT,VC202600479
CONT2026007726,IMPORT,NSFT,VC202600479
CONT2026007727,IMPORT,NSFT,VC202600479
CONT2026007728,EXPORT,NSFT,VC202600479
CONT2026007729,EXPORT,NSFT,VC202600479
CONT2026007730,EXPORT,NSFT,VC202600479
CONT2026007731,EXPORT,NSFT,VC202600479
CONT2026007732,IMPORT,NSFT,VC202600479
CONT2026007733,IMPORT,NSFT,VC202600479
CONT2026007734,EXPORT,NSFT,VC202600479
CONT2026007735,IMPORT,NSFT,VC202600479
CONT2026007736,IMPORT,NSFT,VC202600479
CONT2026007737,EXPORT,NSFT,VC202600479
CONT2026007738,IMPORT,NSFT,VC202600479
CONT2026007739,EXPORT,NSFT,VC202600479
CONT2026007740,IMPORT,NSFT,VC202600479
CONT2026007741,IMPORT,NSFT,VC202600479
CONT2026007742,IMPORT,NSFT,VC202600479
CONT2026007743,EXPORT,NSFT,VC202600479
CONT2026007744,IMPORT,NSFT,VC202600479
CONT2026007745,IMPORT,BMCT,VC202600480
CONT2026007746,EXPORT,BMCT,VC202600480
CONT2026007747,IMPORT,BMCT,VC202600480
CONT2026007748,IMPORT,BMCT,VC202600480
CONT2026007749,EXPORT,BMCT,VC202600480
CONT2026007750,IMPORT,BMCT,VC202600480
CONT2026007751,EXPORT,BMCT,VC202600480
CONT2026007752,IMPORT,BMCT,VC202600480
CONT2026007753,IMPORT,BMCT,VC202600480
CONT2026007754,IMPORT,GTI,VC202600481
CONT2026007755,IMPORT,GTI,VC202600481
CONT2026007756,IMPORT,GTI,VC202600481
CONT2026007757,EXPORT,GTI,VC202600481
CONT2026007758,EXPORT,GTI,VC202600481
CONT2026007759,EXPORT,GTI,VC202600481
CONT2026007760,EXPORT,GTI,VC202600481
CONT2026007761,IMPORT,GTI,VC202600481
CONT2026007762,IMPORT,GTI,VC202600481
CONT2026007763,EXPORT,GTI,VC202600481
CONT2026007764,IMPORT,GTI,VC202600482
CONT2026007765,EXPORT,GTI,VC202600482
CONT2026007766,IMPORT,GTI,VC202600482
CONT2026007767,IMPORT,GTI,VC202600482
CONT2026007768,EXPORT,GTI,VC202600482
CONT2026007769,EXPORT,GTI,VC202600482
CONT2026007770,EXPORT,GTI,VC202600482
CONT2026007771,EXPORT,GTI,VC202600482
CONT2026007772,IMPORT,GTI,VC202600482
CONT2026007773,IMPORT,GTI,VC202600482
CONT2026007774,EXPORT,GTI,VC202600482
CONT2026007775,IMPORT,GTI,VC202600482
CONT2026007776,EXPORT,GTI,VC202600482
CONT2026007777,IMPORT,GTI,VC202600482
CONT2026007778,EXPORT,GTI,VC202600482
CONT2026007779,IMPORT,NSFT,VC202600483
CONT2026007780,EXPORT,NSFT,VC202600483
CONT2026007781,EXPORT,NSFT,VC202600483
CONT2026007782,IMPORT,NSFT,VC202600483
CONT2026007783,EXPORT,NSFT,VC202600483
CONT2026007784,IMPORT,NSFT,VC202600483
CONT2026007785,EXPORT,NSFT,VC202600483
CONT2026007786,IMPORT,NSFT,VC202600483
CONT2026007787,EXPORT,NSFT,VC202600483
CONT2026007788,EXPORT,NSICT,VC202600484
CONT2026007789,IMPORT,NSICT,VC202600484
CONT2026007790,EXPORT,NSICT,VC202600484
CONT2026007791,EXPORT,NSICT,VC202600484
CONT2026007792,IMPORT,NSICT,VC202600484
CONT2026007793,IMPORT,NSICT,VC202600484
CONT2026007794,EXPORT,NSICT,VC202600484
CONT2026007795,EXPORT,NSICT,VC202600484
CONT2026007796,IMPORT,NSICT,VC202600484
CONT2026007797,IMPORT,NSICT,VC202600484
CONT2026007798,IMPORT,NSICT,VC202600484
CONT2026007799,IMPORT,NSICT,VC202600484
CONT2026007800,IMPORT,NSICT,VC202600484
CONT2026007801,IMPORT,NSICT,VC202600484
CONT2026007802,IMPORT,NSICT,VC202600484
CONT2026007803,EXPORT,NSICT,VC202600484
CONT2026007804,IMPORT,NSICT,VC202600484
CONT2026007805,IMPORT,NSICT,VC202600484
CONT2026007806,IMPORT,NSICT,VC202600484
CONT2026007807,IMPORT,NSICT,VC202600484
CONT2026007808,IMPORT,NSICT,VC202600484
CONT2026007809,IMPORT,NSICT,VC202600484
CONT2026007810,IMPORT,NSICT,VC202600484
CONT2026007811,IMPORT,NSICT,VC202600484
CONT2026007812,IMPORT,NSICT,VC202600484
CONT2026007813,EXPORT,NSICT,VC202600484
CONT2026007814,IMPORT,NSICT,VC202600484
CONT2026007815,EXPORT,NSICT,VC202600484
CONT2026007816,EXPORT,GTI,VC202600485
CONT2026007817,IMPORT,GTI,VC202600485
CONT2026007818,EXPORT,GTI,VC202600485
CONT2026007819,EXPORT,GTI,VC202600485
CONT2026007820,IMPORT,GTI,VC202600485
CONT2026007821,IMPORT,GTI,VC202600485
CONT2026007822,IMPORT,GTI,VC202600485
CONT2026007823,EXPORT,GTI,VC202600485
CONT2026007824,EXPORT,GTI,VC202600485
CONT2026007825,EXPORT,GTI,VC202600485
CONT2026007826,IMPORT,GTI,VC202600485
CONT2026007827,EXPORT,GTI,VC202600485
CONT2026007828,IMPORT,GTI,VC202600485
CONT2026007829,IMPORT,GTI,VC202600485
CONT2026007830,IMPORT,GTI,VC202600485
CONT2026007831,EXPORT,GTI,VC202600485
CONT2026007832,IMPORT,GTI,VC202600485
CONT2026007833,EXPORT,GTI,VC202600485
CONT2026007834,IMPORT,GTI,VC202600485
CONT2026007835,EXPORT,GTI,VC202600485
CONT2026007836,IMPORT,GTI,VC202600485
CONT2026007837,IMPORT,GTI,VC202600485
CONT2026007838,IMPORT,GTI,VC202600485
CONT2026007839,IMPORT,GTI,VC202600485
CONT2026007840,IMPORT,GTI,VC202600485
CONT2026007841,IMPORT,GTI,VC202600485
CONT2026007842,EXPORT,GTI,VC202600485
CONT2026007843,EXPORT,GTI,VC202600485
CONT2026007844,IMPORT,GTI,VC202600485
CONT2026007845,EXPORT,GTI,VC202600485
CONT2026007846,IMPORT,GTI,VC202600485
CONT2026007847,IMPORT,GTI,VC202600485
CONT2026007848,IMPORT,GTI,VC202600485
CONT2026007849,IMPORT,GTI,VC202600485
CONT2026007850,EXPORT,GTI,VC202600485
CONT2026007851,IMPORT,GTI,VC202600485
CONT2026007852,EXPORT,GTI,VC202600485
CONT2026007853,EXPORT,GTI,VC202600485
CONT2026007854,IMPORT,GTI,VC202600485
CONT2026007855,EXPORT,GTI,VC202600485
CONT2026007856,EXPORT,GTI,VC202600485
CONT2026007857,IMPORT,GTI,VC202600485
CONT2026007858,EXPORT,GTI,VC202600485
CONT2026007859,IMPORT,GTI,VC202600485
CONT2026007860,IMPORT,GTI,VC202600485
CONT2026007861,IMPORT,NSICT,VC202600486
CONT2026007862,IMPORT,NSICT,VC202600486
CONT2026007863,IMPORT,NSICT,VC202600486
CONT2026007864,EXPORT,NSICT,VC202600486
CONT2026007865,EXPORT,NSICT,VC202600486
CONT2026007866,IMPORT,NSICT,VC202600486
CONT2026007867,IMPORT,NSICT,VC202600486
CONT2026007868,IMPORT,NSICT,VC202600486
CONT2026007869,IMPORT,NSICT,VC202600486
CONT2026007870,EXPORT,NSICT,VC202600487
CONT2026007871,EXPORT,NSICT,VC202600487
CONT2026007872,EXPORT,NSICT,VC202600487
CONT2026007873,IMPORT,NSICT,VC202600487
CONT2026007874,IMPORT,NSICT,VC202600487
CONT2026007875,EXPORT,NSICT,VC202600487
CONT2026007876,IMPORT,NSICT,VC202600487
CONT2026007877,EXPORT,NSIGT,VC202600488
CONT2026007878,EXPORT,NSIGT,VC202600488
CONT2026007879,IMPORT,NSIGT,VC202600488
CONT2026007880,IMPORT,NSIGT,VC202600488
CONT2026007881,IMPORT,NSIGT,VC202600488
CONT2026007882,IMPORT,NSIGT,VC202600488
CONT2026007883,EXPORT,NSIGT,VC202600488
CONT2026007884,IMPORT,NSIGT,VC202600488
CONT2026007885,EXPORT,NSIGT,VC202600488
CONT2026007886,EXPORT,NSIGT,VC202600488
CONT2026007887,IMPORT,NSIGT,VC202600488
CONT2026007888,IMPORT,NSIGT,VC202600488
CONT2026007889,EXPORT,NSIGT,VC202600488
CONT2026007890,EXPORT,NSIGT,VC202600489
CONT2026007891,EXPORT,NSIGT,VC202600489
CONT2026007892,EXPORT,NSIGT,VC202600489
CONT2026007893,EXPORT,NSIGT,VC202600489
CONT2026007894,IMPORT,NSIGT,VC202600489
CONT2026007895,EXPORT,NSIGT,VC202600489
CONT2026007896,EXPORT,NSIGT,VC202600489
CONT2026007897,IMPORT,NSIGT,VC202600489
CONT2026007898,IMPORT,NSIGT,VC202600489
CONT2026007899,IMPORT,NSIGT,VC202600489
CONT2026007900,IMPORT,NSIGT,VC202600489
CONT2026007901,IMPORT,GTI,VC202600490
CONT2026007902,EXPORT,GTI,VC202600490
CONT2026007903,EXPORT,GTI,VC202600490
CONT2026007904,IMPORT,GTI,VC202600490
CONT2026007905,EXPORT,GTI,VC202600490
CONT2026007906,IMPORT,GTI,VC202600490
CONT2026007907,EXPORT,GTI,VC202600490
CONT2026007908,EXPORT,GTI,VC202600490
CONT2026007909,IMPORT,GTI,VC202600490
CONT2026007910,IMPORT,GTI,VC202600490
CONT2026007911,EXPORT,GTI,VC202600490
CONT2026007912,EXPORT,GTI,VC202600490
CONT2026007913,IMPORT,GTI,VC202600490
CONT2026007914,EXPORT,GTI,VC202600490
CONT2026007915,EXPORT,GTI,VC202600490
CONT2026007916,EXPORT,GTI,VC202600490
CONT2026007917,IMPORT,GTI,VC202600490
CONT2026007918,EXPORT,GTI,VC202600490
CONT2026007919,EXPORT,GTI,VC202600490
CONT2026007920,EXPORT,GTI,VC202600490
CONT2026007921,IMPORT,GTI,VC202600490
CONT2026007922,EXPORT,GTI,VC202600490
CONT2026007923,IMPORT,GTI,VC202600490
CONT2026007924,IMPORT,GTI,VC202600490
CONT2026007925,EXPORT,BMCT,VC202600491
CONT2026007926,IMPORT,BMCT,VC202600491
CONT2026007927,IMPORT,BMCT,VC202600491
CONT2026007928,IMPORT,BMCT,VC202600491
CONT2026007929,IMPORT,BMCT,VC202600491
CONT2026007930,EXPORT,BMCT,VC202600491
CONT2026007931,IMPORT,BMCT,VC202600491
CONT2026007932,IMPORT,BMCT,VC202600491
CONT2026007933,IMPORT,BMCT,VC202600491
CONT2026007934,EXPORT,BMCT,VC202600491
CONT2026007935,EXPORT,BMCT,VC202600491
CONT2026007936,EXPORT,BMCT,VC202600491
CONT2026007937,IMPORT,BMCT,VC202600491
CONT2026007938,IMPORT,BMCT,VC202600491
CONT2026007939,EXPORT,NSFT,VC202600492
CONT2026007940,IMPORT,NSFT,VC202600492
CONT2026007941,EXPORT,NSFT,VC202600492
CONT2026007942,EXPORT,NSFT,VC202600492
CONT2026007943,EXPORT,NSFT,VC202600492
CONT2026007944,EXPORT,NSFT,VC202600492
CONT2026007945,EXPORT,NSFT,VC202600492
CONT2026007946,EXPORT,NSFT,VC202600492
CONT2026007947,EXPORT,NSFT,VC202600492
CONT2026007948,EXPORT,NSFT,VC202600492
CONT2026007949,EXPORT,NSFT,VC202600492
CONT2026007950,EXPORT,NSFT,VC202600492
CONT2026007951,IMPORT,NSFT,VC202600492
CONT2026007952,EXPORT,NSFT,VC202600492
CONT2026007953,IMPORT,NSICT,VC202600493
CONT2026007954,EXPORT,NSICT,VC202600493
CONT2026007955,EXPORT,NSICT,VC202600493
CONT2026007956,EXPORT,NSICT,VC202600493
CONT2026007957,EXPORT,NSICT,VC202600493
CONT2026007958,EXPORT,NSICT,VC202600493
CONT2026007959,IMPORT,NSICT,VC202600493
CONT2026007960,IMPORT,NSICT,VC202600493
CONT2026007961,IMPORT,NSICT,VC202600493
CONT2026007962,EXPORT,NSICT,VC202600493
CONT2026007963,IMPORT,NSICT,VC202600493
CONT2026007964,EXPORT,NSICT,VC202600493
CONT2026007965,EXPORT,NSICT,VC202600493
CONT2026007966,IMPORT,NSICT,VC202600493
CONT2026007967,IMPORT,NSICT,VC202600493
CONT2026007968,IMPORT,NSICT,VC202600493
CONT2026007969,IMPORT,NSICT,VC202600493
CONT2026007970,EXPORT,NSICT,VC202600493
CONT2026007971,IMPORT,NSICT,VC202600493
CONT2026007972,EXPORT,NSICT,VC202600493
CONT2026007973,IMPORT,NSICT,VC202600493
CONT2026007974,IMPORT,BMCT,VC202600494
CONT2026007975,IMPORT,BMCT,VC202600494
CONT2026007976,EXPORT,BMCT,VC202600494
CONT2026007977,IMPORT,BMCT,VC202600494
CONT2026007978,IMPORT,BMCT,VC202600494
CONT2026007979,IMPORT,BMCT,VC202600494
CONT2026007980,IMPORT,BMCT,VC202600494
CONT2026007981,EXPORT,BMCT,VC202600494
CONT2026007982,IMPORT,BMCT,VC202600494
CONT2026007983,EXPORT,BMCT,VC202600494
CONT2026007984,EXPORT,BMCT,VC202600494
CONT2026007985,EXPORT,BMCT,VC202600494
CONT2026007986,IMPORT,BMCT,VC202600494
CONT2026007987,IMPORT,BMCT,VC202600494
CONT2026007988,EXPORT,BMCT,VC202600494
CONT2026007989,IMPORT,BMCT,VC202600494
CONT2026007990,EXPORT,BMCT,VC202600494
CONT2026007991,EXPORT,BMCT,VC202600494
CONT2026007992,IMPORT,BMCT,VC202600494
CONT2026007993,IMPORT,BMCT,VC202600494
CONT2026007994,EXPORT,BMCT,VC202600494
CONT2026007995,IMPORT,GTI,VC202600495
CONT2026007996,IMPORT,GTI,VC202600495
CONT2026007997,EXPORT,GTI,VC202600495
CONT2026007998,EXPORT,GTI,VC202600495
CONT2026007999,IMPORT,GTI,VC202600495
CONT2026008000,EXPORT,GTI,VC202600495
CONT2026008001,IMPORT,GTI,VC202600495
CONT2026008002,IMPORT,GTI,VC202600495
CONT2026008003,EXPORT,GTI,VC202600495
CONT2026008004,EXPORT,GTI,VC202600495
CONT2026008005,IMPORT,BMCT,VC202600496
CONT2026008006,IMPORT,BMCT,VC202600496
CONT2026008007,EXPORT,BMCT,VC202600496
CONT2026008008,EXPORT,BMCT,VC202600496
CONT2026008009,IMPORT,BMCT,VC202600496
CONT2026008010,EXPORT,BMCT,VC202600496
CONT2026008011,EXPORT,NSFT,VC202600497
CONT2026008012,IMPORT,NSFT,VC202600497
CONT2026008013,IMPORT,NSFT,VC202600497
CONT2026008014,IMPORT,NSFT,VC202600497
CONT2026008015,EXPORT,NSFT,VC202600497
CONT2026008016,EXPORT,NSFT,VC202600497
CONT2026008017,IMPORT,NSFT,VC202600497
CONT2026008018,EXPORT,NSFT,VC202600497
CONT2026008019,EXPORT,NSFT,VC202600497
CONT2026008020,IMPORT,NSFT,VC202600497
CONT2026008021,IMPORT,NSFT,VC202600497
CONT2026008022,EXPORT,NSFT,VC202600497
CONT2026008023,IMPORT,NSFT,VC202600497
CONT2026008024,EXPORT,NSFT,VC202600497
CONT2026008025,IMPORT,NSFT,VC202600497
CONT2026008026,EXPORT,NSFT,VC202600497
CONT2026008027,IMPORT,NSFT,VC202600497
CONT2026008028,IMPORT,NSFT,VC202600497
CONT2026008029,IMPORT,NSFT,VC202600497
CONT2026008030,EXPORT,NSFT,VC202600497
CONT2026008031,IMPORT,NSICT,VC202600498
CONT2026008032,IMPORT,NSICT,VC202600498
CONT2026008033,EXPORT,NSICT,VC202600498
CONT2026008034,IMPORT,NSICT,VC202600498
CONT2026008035,EXPORT,NSICT,VC202600498
CONT2026008036,IMPORT,NSICT,VC202600498
CONT2026008037,IMPORT,NSICT,VC202600498
CONT2026008038,EXPORT,NSICT,VC202600498
CONT2026008039,IMPORT,NSICT,VC202600498
CONT2026008040,IMPORT,NSICT,VC202600498
CONT2026008041,EXPORT,NSICT,VC202600498
CONT2026008042,IMPORT,NSICT,VC202600498
CONT2026008043,IMPORT,NSICT,VC202600498
CONT2026008044,IMPORT,NSICT,VC202600498
CONT2026008045,IMPORT,NSICT,VC202600498
CONT2026008046,IMPORT,NSICT,VC202600498
CONT2026008047,IMPORT,NSICT,VC202600498
CONT2026008048,EXPORT,NSICT,VC202600498
CONT2026008049,EXPORT,NSICT,VC202600498
CONT2026008050,EXPORT,NSICT,VC202600498
CONT2026008051,EXPORT,NSICT,VC202600498
CONT2026008052,EXPORT,NSICT,VC202600498
CONT2026008053,IMPORT,NSICT,VC202600498
CONT2026008054,EXPORT,NSICT,VC202600498
CONT2026008055,IMPORT,NSICT,VC202600498
CONT2026008056,EXPORT,NSICT,VC202600498
CONT2026008057,EXPORT,NSICT,VC202600498
CONT2026008058,EXPORT,NSICT,VC202600498
CONT2026008059,IMPORT,NSIGT,VC202600499
CONT2026008060,EXPORT,NSIGT,VC202600499
CONT2026008061,IMPORT,NSIGT,VC202600499
CONT2026008062,EXPORT,NSIGT,VC202600499
CONT2026008063,IMPORT,NSIGT,VC202600499
CONT2026008064,EXPORT,NSIGT,VC202600499
CONT2026008065,IMPORT,NSIGT,VC202600499
CONT2026008066,EXPORT,NSIGT,VC202600499
CONT2026008067,IMPORT,NSIGT,VC202600499
CONT2026008068,EXPORT,NSIGT,VC202600499
CONT2026008069,EXPORT,NSIGT,VC202600499
CONT2026008070,EXPORT,NSIGT,VC202600499
CONT2026008071,IMPORT,NSIGT,VC202600500
CONT2026008072,IMPORT,NSIGT,VC202600500
CONT2026008073,IMPORT,NSIGT,VC202600500
CONT2026008074,EXPORT,NSIGT,VC202600500
CONT2026008075,IMPORT,NSIGT,VC202600500
CONT2026008076,EXPORT,NSIGT,VC202600500
CONT2026008077,EXPORT,NSFT,VC202600501
CONT2026008078,EXPORT,NSFT,VC202600501
CONT2026008079,EXPORT,NSFT,VC202600501
CONT2026008080,IMPORT,NSFT,VC202600501
CONT2026008081,EXPORT,NSFT,VC202600501
CONT2026008082,IMPORT,NSFT,VC202600501
CONT2026008083,EXPORT,NSFT,VC202600501
CONT2026008084,EXPORT,NSFT,VC202600501
CONT2026008085,IMPORT,NSFT,VC202600501
CONT2026008086,IMPORT,BMCT,VC202600502
CONT2026008087,IMPORT,BMCT,VC202600502
CONT2026008088,EXPORT,BMCT,VC202600502
CONT2026008089,IMPORT,BMCT,VC202600502
CONT2026008090,IMPORT,BMCT,VC202600502
CONT2026008091,IMPORT,BMCT,VC202600502
CONT2026008092,EXPORT,BMCT,VC202600502
CONT2026008093,IMPORT,BMCT,VC202600502
CONT2026008094,EXPORT,BMCT,VC202600503
CONT2026008095,EXPORT,BMCT,VC202600503
CONT2026008096,IMPORT,BMCT,VC202600503
CONT2026008097,IMPORT,BMCT,VC202600503
CONT2026008098,IMPORT,BMCT,VC202600503
CONT2026008099,EXPORT,BMCT,VC202600503
CONT2026008100,EXPORT,BMCT,VC202600503
CONT2026008101,EXPORT,GTI,VC202600504
CONT2026008102,IMPORT,GTI,VC202600504
CONT2026008103,IMPORT,GTI,VC202600504
CONT2026008104,EXPORT,GTI,VC202600504
CONT2026008105,EXPORT,GTI,VC202600504
CONT2026008106,IMPORT,GTI,VC202600504
CONT2026008107,IMPORT,GTI,VC202600504
CONT2026008108,IMPORT,GTI,VC202600504
CONT2026008109,IMPORT,GTI,VC202600504
CONT2026008110,IMPORT,GTI,VC202600504
CONT2026008111,IMPORT,GTI,VC202600504
CONT2026008112,EXPORT,GTI,VC202600504
CONT2026008113,EXPORT,GTI,VC202600504
CONT2026008114,EXPORT,GTI,VC202600504
CONT2026008115,EXPORT,GTI,VC202600504
CONT2026008116,IMPORT,GTI,VC202600504
CONT2026008117,EXPORT,GTI,VC202600504
CONT2026008118,IMPORT,GTI,VC202600504
CONT2026008119,IMPORT,GTI,VC202600504
CONT2026008120,EXPORT,GTI,VC202600504
CONT2026008121,IMPORT,GTI,VC202600504
CONT2026008122,EXPORT,GTI,VC202600504
CONT2026008123,IMPORT,GTI,VC202600504
CONT2026008124,EXPORT,GTI,VC202600504
CONT2026008125,EXPORT,GTI,VC202600504
CONT2026008126,EXPORT,GTI,VC202600504
CONT2026008127,IMPORT,NSFT,VC202600505
CONT2026008128,EXPORT,NSFT,VC202600505
CONT2026008129,IMPORT,NSFT,VC202600505
CONT2026008130,IMPORT,NSFT,VC202600505
CONT2026008131,EXPORT,NSFT,VC202600505
CONT2026008132,IMPORT,NSFT,VC202600505
CONT2026008133,EXPORT,GTI,VC202600506
CONT2026008134,EXPORT,GTI,VC202600506
CONT2026008135,EXPORT,GTI,VC202600506
CONT2026008136,IMPORT,GTI,VC202600506
CONT2026008137,EXPORT,GTI,VC202600506
CONT2026008138,EXPORT,GTI,VC202600506
CONT2026008139,IMPORT,GTI,VC202600506
CONT2026008140,IMPORT,GTI,VC202600506
CONT2026008141,IMPORT,GTI,VC202600506
CONT2026008142,EXPORT,GTI,VC202600506
CONT2026008143,IMPORT,GTI,VC202600506
CONT2026008144,EXPORT,GTI,VC202600506
CONT2026008145,IMPORT,GTI,VC202600506
CONT2026008146,EXPORT,GTI,VC202600506
CONT2026008147,EXPORT,GTI,VC202600506
CONT2026008148,IMPORT,GTI,VC202600506
CONT2026008149,EXPORT,GTI,VC202600506
CONT2026008150,EXPORT,GTI,VC202600506
CONT2026008151,IMPORT,GTI,VC202600506
CONT2026008152,IMPORT,GTI,VC202600506
CONT2026008153,EXPORT,GTI,VC202600506
CONT2026008154,IMPORT,GTI,VC202600506
CONT2026008155,EXPORT,NSICT,VC202600507
CONT2026008156,EXPORT,NSICT,VC202600507
CONT2026008157,EXPORT,NSICT,VC202600507
CONT2026008158,EXPORT,NSICT,VC202600507
CONT2026008159,EXPORT,NSICT,VC202600507
CONT2026008160,EXPORT,NSICT,VC202600507
CONT2026008161,IMPORT,NSICT,VC202600507
CONT2026008162,EXPORT,NSICT,VC202600507
CONT2026008163,IMPORT,NSICT,VC202600507
CONT2026008164,EXPORT,NSICT,VC202600507
CONT2026008165,IMPORT,NSICT,VC202600507
CONT2026008166,IMPORT,BMCT,VC202600508
CONT2026008167,IMPORT,BMCT,VC202600508
CONT2026008168,EXPORT,BMCT,VC202600508
CONT2026008169,IMPORT,BMCT,VC202600508
CONT2026008170,EXPORT,BMCT,VC202600508
CONT2026008171,EXPORT,BMCT,VC202600508
CONT2026008172,EXPORT,BMCT,VC202600508
CONT2026008173,IMPORT,BMCT,VC202600508
CONT2026008174,IMPORT,BMCT,VC202600508
CONT2026008175,IMPORT,BMCT,VC202600508
CONT2026008176,EXPORT,BMCT,VC202600508
CONT2026008177,EXPORT,BMCT,VC202600508
CONT2026008178,EXPORT,BMCT,VC202600508
CONT2026008179,EXPORT,BMCT,VC202600508
CONT2026008180,IMPORT,BMCT,VC202600508
CONT2026008181,IMPORT,BMCT,VC202600508
CONT2026008182,IMPORT,BMCT,VC202600508
CONT2026008183,IMPORT,BMCT,VC202600508
CONT2026008184,EXPORT,BMCT,VC202600508
CONT2026008185,EXPORT,BMCT,VC202600508
CONT2026008186,EXPORT,BMCT,VC202600508
CONT2026008187,EXPORT,BMCT,VC202600508
CONT2026008188,EXPORT,BMCT,VC202600508
CONT2026008189,EXPORT,BMCT,VC202600509
CONT2026008190,EXPORT,BMCT,VC202600509
CONT2026008191,EXPORT,BMCT,VC202600509
CONT2026008192,EXPORT,BMCT,VC202600509
CONT2026008193,IMPORT,BMCT,VC202600509
CONT2026008194,EXPORT,BMCT,VC202600509
CONT2026008195,EXPORT,BMCT,VC202600509
CONT2026008196,EXPORT,BMCT,VC202600509
CONT2026008197,IMPORT,BMCT,VC202600509
CONT2026008198,IMPORT,BMCT,VC202600509
CONT2026008199,EXPORT,BMCT,VC202600509
CONT2026008200,EXPORT,BMCT,VC202600509
CONT2026008201,IMPORT,BMCT,VC202600509
CONT2026008202,IMPORT,BMCT,VC202600509
CONT2026008203,IMPORT,BMCT,VC202600509
CONT2026008204,IMPORT,BMCT,VC202600509
CONT2026008205,IMPORT,BMCT,VC202600509
CONT2026008206,IMPORT,BMCT,VC202600509
CONT2026008207,EXPORT,BMCT,VC202600509
CONT2026008208,IMPORT,BMCT,VC202600509
CONT2026008209,EXPORT,BMCT,VC202600509
CONT2026008210,EXPORT,BMCT,VC202600509
CONT2026008211,EXPORT,GTI,VC202600510
CONT2026008212,EXPORT,GTI,VC202600510
CONT2026008213,EXPORT,GTI,VC202600510
CONT2026008214,IMPORT,GTI,VC202600510
CONT2026008215,EXPORT,GTI,VC202600510
CONT2026008216,EXPORT,GTI,VC202600510
CONT2026008217,IMPORT,GTI,VC202600510
CONT2026008218,IMPORT,GTI,VC202600510
CONT2026008219,IMPORT,GTI,VC202600510
CONT2026008220,IMPORT,GTI,VC202600510
CONT2026008221,IMPORT,GTI,VC202600510
CONT2026008222,EXPORT,GTI,VC202600510
CONT2026008223,EXPORT,GTI,VC202600510
CONT2026008224,EXPORT,GTI,VC202600510
CONT2026008225,EXPORT,NSICT,VC202600511
CONT2026008226,EXPORT,NSICT,VC202600511
CONT2026008227,IMPORT,NSICT,VC202600511
CONT2026008228,IMPORT,NSICT,VC202600511
CONT2026008229,IMPORT,NSICT,VC202600511
CONT2026008230,EXPORT,NSICT,VC202600511
CONT2026008231,EXPORT,NSICT,VC202600511
CONT2026008232,IMPORT,NSICT,VC202600511
CONT2026008233,IMPORT,NSICT,VC202600511
CONT2026008234,EXPORT,NSICT,VC202600511
CONT2026008235,IMPORT,NSICT,VC202600511
CONT2026008236,IMPORT,NSICT,VC202600511
CONT2026008237,EXPORT,NSICT,VC202600511
CONT2026008238,IMPORT,NSICT,VC202600511
CONT2026008239,IMPORT,NSICT,VC202600511
CONT2026008240,EXPORT,NSICT,VC202600511
CONT2026008241,EXPORT,NSICT,VC202600511
CONT2026008242,IMPORT,NSICT,VC202600511
CONT2026008243,IMPORT,NSICT,VC202600511
CONT2026008244,EXPORT,NSICT,VC202600511
CONT2026008245,EXPORT,NSICT,VC202600511
CONT2026008246,IMPORT,NSICT,VC202600511
CONT2026008247,IMPORT,NSICT,VC202600511
CONT2026008248,EXPORT,NSICT,VC202600511
CONT2026008249,IMPORT,NSICT,VC202600511
CONT2026008250,IMPORT,NSICT,VC202600511
CONT2026008251,IMPORT,NSICT,VC202600511
CONT2026008252,EXPORT,NSICT,VC202600511
CONT2026008253,IMPORT,NSICT,VC202600511
CONT2026008254,EXPORT,NSICT,VC202600511
CONT2026008255,EXPORT,NSICT,VC202600511
CONT2026008256,IMPORT,NSICT,VC202600511
CONT2026008257,EXPORT,NSICT,VC202600511
CONT2026008258,EXPORT,NSICT,VC202600511
CONT2026008259,EXPORT,NSICT,VC202600511
CONT2026008260,IMPORT,NSICT,VC202600511
CONT2026008261,IMPORT,NSICT,VC202600511
CONT2026008262,IMPORT,NSICT,VC202600511
CONT2026008263,IMPORT,NSICT,VC202600511
CONT2026008264,EXPORT,GTI,VC202600512
CONT2026008265,EXPORT,GTI,VC202600512
CONT2026008266,IMPORT,GTI,VC202600512
CONT2026008267,EXPORT,GTI,VC202600512
CONT2026008268,IMPORT,GTI,VC202600512
CONT2026008269,IMPORT,GTI,VC202600512
CONT2026008270,EXPORT,GTI,VC202600513
CONT2026008271,IMPORT,GTI,VC202600513
CONT2026008272,IMPORT,GTI,VC202600513
CONT2026008273,IMPORT,GTI,VC202600513
CONT2026008274,IMPORT,GTI,VC202600513
CONT2026008275,EXPORT,GTI,VC202600513
CONT2026008276,EXPORT,GTI,VC202600513
CONT2026008277,EXPORT,GTI,VC202600513
CONT2026008278,IMPORT,GTI,VC202600513
CONT2026008279,EXPORT,GTI,VC202600513
CONT2026008280,EXPORT,GTI,VC202600513
CONT2026008281,IMPORT,GTI,VC202600513
CONT2026008282,EXPORT,GTI,VC202600513
CONT2026008283,EXPORT,GTI,VC202600513
CONT2026008284,EXPORT,GTI,VC202600513
CONT2026008285,IMPORT,GTI,VC202600513
CONT2026008286,EXPORT,GTI,VC202600513
CONT2026008287,IMPORT,GTI,VC202600513
CONT2026008288,IMPORT,GTI,VC202600513
CONT2026008289,EXPORT,GTI,VC202600513
CONT2026008290,EXPORT,GTI,VC202600513
CONT2026008291,EXPORT,GTI,VC202600513
CONT2026008292,IMPORT,GTI,VC202600513
CONT2026008293,IMPORT,GTI,VC202600513
CONT2026008294,IMPORT,GTI,VC202600513
CONT2026008295,EXPORT,GTI,VC202600513
CONT2026008296,IMPORT,GTI,VC202600513
CONT2026008297,IMPORT,GTI,VC202600513
CONT2026008298,EXPORT,GTI,VC202600513
CONT2026008299,EXPORT,GTI,VC202600513
CONT2026008300,EXPORT,GTI,VC202600513
CONT2026008301,IMPORT,GTI,VC202600513
CONT2026008302,EXPORT,GTI,VC202600513
CONT2026008303,EXPORT,GTI,VC202600513
CONT2026008304,IMPORT,GTI,VC202600513
CONT2026008305,EXPORT,GTI,VC202600513
CONT2026008306,IMPORT,GTI,VC202600513
CONT2026008307,EXPORT,GTI,VC202600513
CONT2026008308,IMPORT,GTI,VC202600513
CONT2026008309,EXPORT,GTI,VC202600513
CONT2026008310,EXPORT,GTI,VC202600513
CONT2026008311,EXPORT,GTI,VC202600513
CONT2026008312,IMPORT,GTI,VC202600513
CONT2026008313,IMPORT,GTI,VC202600513
CONT2026008314,EXPORT,GTI,VC202600513
CONT2026008315,IMPORT,GTI,VC202600513
CONT2026008316,IMPORT,GTI,VC202600513
CONT2026008317,EXPORT,GTI,VC202600513
CONT2026008318,EXPORT,GTI,VC202600513
CONT2026008319,EXPORT,GTI,VC202600513
CONT2026008320,IMPORT,GTI,VC202600513
CONT2026008321,EXPORT,GTI,VC202600513
CONT2026008322,EXPORT,BMCT,VC202600514
CONT2026008323,IMPORT,BMCT,VC202600514
CONT2026008324,IMPORT,BMCT,VC202600514
CONT2026008325,EXPORT,BMCT,VC202600514
CONT2026008326,EXPORT,BMCT,VC202600514
CONT2026008327,IMPORT,BMCT,VC202600514
CONT2026008328,EXPORT,BMCT,VC202600514
CONT2026008329,EXPORT,BMCT,VC202600514
CONT2026008330,IMPORT,BMCT,VC202600514
CONT2026008331,IMPORT,BMCT,VC202600514
CONT2026008332,IMPORT,BMCT,VC202600514
CONT2026008333,IMPORT,BMCT,VC202600514
CONT2026008334,EXPORT,BMCT,VC202600514
CONT2026008335,IMPORT,BMCT,VC202600514
CONT2026008336,IMPORT,BMCT,VC202600514
CONT2026008337,EXPORT,BMCT,VC202600514
CONT2026008338,IMPORT,BMCT,VC202600514
CONT2026008339,IMPORT,BMCT,VC202600514
CONT2026008340,IMPORT,BMCT,VC202600514
CONT2026008341,IMPORT,BMCT,VC202600514
CONT2026008342,IMPORT,NSIGT,VC202600515
CONT2026008343,IMPORT,NSIGT,VC202600515
CONT2026008344,IMPORT,NSIGT,VC202600515
CONT2026008345,IMPORT,NSIGT,VC202600515
CONT2026008346,EXPORT,NSIGT,VC202600515
CONT2026008347,EXPORT,NSIGT,VC202600515
CONT2026008348,EXPORT,NSIGT,VC202600516
CONT2026008349,IMPORT,NSIGT,VC202600516
CONT2026008350,EXPORT,NSIGT,VC202600516
CONT2026008351,IMPORT,NSIGT,VC202600516
CONT2026008352,EXPORT,NSIGT,VC202600516
CONT2026008353,EXPORT,NSIGT,VC202600516
CONT2026008354,EXPORT,GTI,VC202600517
CONT2026008355,EXPORT,GTI,VC202600517
CONT2026008356,IMPORT,GTI,VC202600517
CONT2026008357,EXPORT,GTI,VC202600517
CONT2026008358,EXPORT,GTI,VC202600517
CONT2026008359,EXPORT,GTI,VC202600517
CONT2026008360,EXPORT,GTI,VC202600517
CONT2026008361,EXPORT,GTI,VC202600517
CONT2026008362,EXPORT,GTI,VC202600517
CONT2026008363,EXPORT,GTI,VC202600517
CONT2026008364,EXPORT,GTI,VC202600517
CONT2026008365,EXPORT,GTI,VC202600517
CONT2026008366,EXPORT,GTI,VC202600517
CONT2026008367,IMPORT,GTI,VC202600517
CONT2026008368,EXPORT,GTI,VC202600517
CONT2026008369,EXPORT,GTI,VC202600517
CONT2026008370,IMPORT,GTI,VC202600517
CONT2026008371,EXPORT,NSIGT,VC202600518
CONT2026008372,IMPORT,NSIGT,VC202600518
CONT2026008373,IMPORT,NSIGT,VC202600518
CONT2026008374,EXPORT,NSIGT,VC202600518
CONT2026008375,EXPORT,NSIGT,VC202600518
CONT2026008376,IMPORT,NSIGT,VC202600518
CONT2026008377,EXPORT,NSIGT,VC202600518
CONT2026008378,IMPORT,NSIGT,VC202600518
CONT2026008379,EXPORT,NSIGT,VC202600518
CONT2026008380,EXPORT,NSIGT,VC202600518
CONT2026008381,IMPORT,BMCT,VC202600519
CONT2026008382,EXPORT,BMCT,VC202600519
CONT2026008383,EXPORT,BMCT,VC202600519
CONT2026008384,IMPORT,BMCT,VC202600519
CONT2026008385,EXPORT,BMCT,VC202600519
CONT2026008386,EXPORT,BMCT,VC202600519
CONT2026008387,IMPORT,BMCT,VC202600519
CONT2026008388,IMPORT,BMCT,VC202600519
CONT2026008389,EXPORT,BMCT,VC202600519
CONT2026008390,IMPORT,BMCT,VC202600519
CONT2026008391,IMPORT,BMCT,VC202600519
CONT2026008392,IMPORT,BMCT,VC202600519
CONT2026008393,IMPORT,BMCT,VC202600519
CONT2026008394,EXPORT,BMCT,VC202600519
CONT2026008395,IMPORT,BMCT,VC202600519
CONT2026008396,EXPORT,BMCT,VC202600519
CONT2026008397,EXPORT,BMCT,VC202600519
CONT2026008398,IMPORT,BMCT,VC202600519
CONT2026008399,IMPORT,BMCT,VC202600519
CONT2026008400,IMPORT,BMCT,VC202600519
CONT2026008401,IMPORT,BMCT,VC202600519
CONT2026008402,EXPORT,BMCT,VC202600519
CONT2026008403,IMPORT,BMCT,VC202600519
CONT2026008404,IMPORT,BMCT,VC202600519
CONT2026008405,EXPORT,BMCT,VC202600519
CONT2026008406,IMPORT,NSIGT,VC202600520
CONT2026008407,IMPORT,NSIGT,VC202600520
CONT2026008408,EXPORT,NSIGT,VC202600520
CONT2026008409,EXPORT,NSIGT,VC202600520
CONT2026008410,IMPORT,NSIGT,VC202600520
CONT2026008411,EXPORT,NSIGT,VC202600520
CONT2026008412,EXPORT,NSIGT,VC202600520
CONT2026008413,IMPORT,NSIGT,VC202600520
CONT2026008414,IMPORT,NSIGT,VC202600520
CONT2026008415,IMPORT,NSIGT,VC202600520
CONT2026008416,IMPORT,NSIGT,VC202600520
CONT2026008417,EXPORT,NSIGT,VC202600520
CONT2026008418,IMPORT,NSIGT,VC202600520
CONT2026008419,IMPORT,NSFT,VC202600521
CONT2026008420,EXPORT,NSFT,VC202600521
CONT2026008421,IMPORT,NSFT,VC202600521
CONT2026008422,IMPORT,NSFT,VC202600521
CONT2026008423,IMPORT,NSFT,VC202600521
CONT2026008424,IMPORT,NSFT,VC202600521
CONT2026008425,IMPORT,NSFT,VC202600521
CONT2026008426,IMPORT,NSFT,VC202600521
CONT2026008427,IMPORT,NSFT,VC202600521
CONT2026008428,EXPORT,NSFT,VC202600521
CONT2026008429,IMPORT,NSFT,VC202600521
CONT2026008430,EXPORT,NSFT,VC202600521
CONT2026008431,EXPORT,GTI,VC202600522
CONT2026008432,IMPORT,GTI,VC202600522
CONT2026008433,IMPORT,GTI,VC202600522
CONT2026008434,IMPORT,GTI,VC202600522
CONT2026008435,IMPORT,GTI,VC202600522
CONT2026008436,IMPORT,GTI,VC202600522
CONT2026008437,IMPORT,NSIGT,VC202600523
CONT2026008438,EXPORT,NSIGT,VC202600523
CONT2026008439,IMPORT,NSIGT,VC202600523
CONT2026008440,EXPORT,NSIGT,VC202600523
CONT2026008441,IMPORT,NSIGT,VC202600523
CONT2026008442,EXPORT,NSIGT,VC202600523
CONT2026008443,IMPORT,NSICT,VC202600524
CONT2026008444,EXPORT,NSICT,VC202600524
CONT2026008445,EXPORT,NSICT,VC202600524
CONT2026008446,EXPORT,NSICT,VC202600524
CONT2026008447,IMPORT,NSICT,VC202600524
CONT2026008448,EXPORT,NSICT,VC202600524
CONT2026008449,IMPORT,GTI,VC202600525
CONT2026008450,EXPORT,GTI,VC202600525
CONT2026008451,EXPORT,GTI,VC202600525
CONT2026008452,EXPORT,GTI,VC202600525
CONT2026008453,IMPORT,GTI,VC202600525
CONT2026008454,EXPORT,GTI,VC202600525
CONT2026008455,EXPORT,GTI,VC202600525
CONT2026008456,EXPORT,GTI,VC202600525
CONT2026008457,EXPORT,GTI,VC202600525
CONT2026008458,IMPORT,GTI,VC202600526
CONT2026008459,EXPORT,GTI,VC202600526
CONT2026008460,EXPORT,GTI,VC202600526
CONT2026008461,EXPORT,GTI,VC202600526
CONT2026008462,IMPORT,GTI,VC202600526
CONT2026008463,EXPORT,GTI,VC202600526
CONT2026008464,IMPORT,GTI,VC202600526
CONT2026008465,IMPORT,GTI,VC202600526
CONT2026008466,EXPORT,GTI,VC202600526
CONT2026008467,EXPORT,GTI,VC202600526
CONT2026008468,EXPORT,GTI,VC202600526
CONT2026008469,IMPORT,GTI,VC202600526
CONT2026008470,EXPORT,GTI,VC202600526
CONT2026008471,EXPORT,GTI,VC202600526
CONT2026008472,EXPORT,GTI,VC202600526
CONT2026008473,IMPORT,GTI,VC202600526
CONT2026008474,EXPORT,GTI,VC202600526
CONT2026008475,EXPORT,GTI,VC202600526
CONT2026008476,EXPORT,NSFT,VC202600527
CONT2026008477,EXPORT,NSFT,VC202600527
CONT2026008478,IMPORT,NSFT,VC202600527
CONT2026008479,EXPORT,NSFT,VC202600527
CONT2026008480,IMPORT,NSFT,VC202600527
CONT2026008481,IMPORT,NSFT,VC202600527
CONT2026008482,IMPORT,NSFT,VC202600527
CONT2026008483,IMPORT,NSFT,VC202600527
CONT2026008484,IMPORT,NSFT,VC202600527
CONT2026008485,EXPORT,GTI,VC202600528
CONT2026008486,IMPORT,GTI,VC202600528
CONT2026008487,IMPORT,GTI,VC202600528
CONT2026008488,EXPORT,GTI,VC202600528
CONT2026008489,EXPORT,GTI,VC202600528
CONT2026008490,EXPORT,GTI,VC202600528
CONT2026008491,EXPORT,GTI,VC202600528
CONT2026008492,EXPORT,GTI,VC202600528
CONT2026008493,IMPORT,GTI,VC202600528
CONT2026008494,IMPORT,GTI,VC202600528
CONT2026008495,EXPORT,GTI,VC202600528
CONT2026008496,EXPORT,GTI,VC202600528
CONT2026008497,EXPORT,BMCT,VC202600529
CONT2026008498,IMPORT,BMCT,VC202600529
CONT2026008499,EXPORT,BMCT,VC202600529
CONT2026008500,IMPORT,BMCT,VC202600529
CONT2026008501,IMPORT,BMCT,VC202600529
CONT2026008502,EXPORT,BMCT,VC202600529
CONT2026008503,EXPORT,BMCT,VC202600529
CONT2026008504,IMPORT,BMCT,VC202600529
CONT2026008505,EXPORT,BMCT,VC202600529
CONT2026008506,EXPORT,BMCT,VC202600529
CONT2026008507,IMPORT,BMCT,VC202600529
CONT2026008508,IMPORT,BMCT,VC202600529
CONT2026008509,IMPORT,BMCT,VC202600529
CONT2026008510,IMPORT,BMCT,VC202600529
CONT2026008511,IMPORT,BMCT,VC202600529
CONT2026008512,IMPORT,BMCT,VC202600529
CONT2026008513,EXPORT,BMCT,VC202600529
CONT2026008514,EXPORT,BMCT,VC202600529
CONT2026008515,EXPORT,GTI,VC202600530
CONT2026008516,EXPORT,GTI,VC202600530
CONT2026008517,EXPORT,GTI,VC202600530
CONT2026008518,IMPORT,GTI,VC202600530
CONT2026008519,IMPORT,GTI,VC202600530
CONT2026008520,IMPORT,GTI,VC202600530
CONT2026008521,EXPORT,GTI,VC202600530
CONT2026008522,IMPORT,GTI,VC202600530
CONT2026008523,EXPORT,GTI,VC202600530
CONT2026008524,EXPORT,GTI,VC202600530
CONT2026008525,IMPORT,GTI,VC202600530
CONT2026008526,IMPORT,GTI,VC202600530
CONT2026008527,IMPORT,GTI,VC202600530
CONT2026008528,EXPORT,GTI,VC202600530
CONT2026008529,IMPORT,GTI,VC202600530
CONT2026008530,IMPORT,GTI,VC202600530
CONT2026008531,EXPORT,GTI,VC202600530
CONT2026008532,IMPORT,GTI,VC202600530
CONT2026008533,IMPORT,GTI,VC202600530
CONT2026008534,IMPORT,GTI,VC202600530
CONT2026008535,EXPORT,GTI,VC202600530
CONT2026008536,IMPORT,GTI,VC202600530
CONT2026008537,IMPORT,GTI,VC202600530
CONT2026008538,EXPORT,GTI,VC202600530
CONT2026008539,IMPORT,GTI,VC202600530
CONT2026008540,EXPORT,GTI,VC202600530
CONT2026008541,IMPORT,GTI,VC202600530
CONT2026008542,EXPORT,GTI,VC202600530
CONT2026008543,IMPORT,GTI,VC202600530
CONT2026008544,IMPORT,GTI,VC202600530
CONT2026008545,EXPORT,GTI,VC202600530
CONT2026008546,EXPORT,GTI,VC202600530
CONT2026008547,IMPORT,GTI,VC202600530
CONT2026008548,IMPORT,NSFT,VC202600531
CONT2026008549,IMPORT,NSFT,VC202600531
CONT2026008550,EXPORT,NSFT,VC202600531
CONT2026008551,IMPORT,NSFT,VC202600531
CONT2026008552,EXPORT,NSFT,VC202600531
CONT2026008553,IMPORT,NSFT,VC202600531
CONT2026008554,EXPORT,NSFT,VC202600531
CONT2026008555,EXPORT,NSFT,VC202600531
CONT2026008556,IMPORT,NSFT,VC202600531
CONT2026008557,IMPORT,NSFT,VC202600531
CONT2026008558,EXPORT,NSFT,VC202600531
CONT2026008559,IMPORT,NSFT,VC202600531
CONT2026008560,EXPORT,NSFT,VC202600531
CONT2026008561,IMPORT,NSFT,VC202600531
CONT2026008562,EXPORT,NSFT,VC202600531
CONT2026008563,IMPORT,NSFT,VC202600531
CONT2026008564,IMPORT,NSIGT,VC202600532
CONT2026008565,IMPORT,NSIGT,VC202600532
CONT2026008566,IMPORT,NSIGT,VC202600532
CONT2026008567,IMPORT,NSIGT,VC202600532
CONT2026008568,EXPORT,NSIGT,VC202600532
CONT2026008569,EXPORT,NSIGT,VC202600532
CONT2026008570,IMPORT,NSIGT,VC202600532
CONT2026008571,IMPORT,NSIGT,VC202600532
CONT2026008572,IMPORT,NSIGT,VC202600532
CONT2026008573,EXPORT,NSIGT,VC202600532
CONT2026008574,EXPORT,NSIGT,VC202600532
CONT2026008575,IMPORT,NSIGT,VC202600532
CONT2026008576,IMPORT,NSIGT,VC202600532
CONT2026008577,EXPORT,NSIGT,VC202600532
CONT2026008578,EXPORT,NSIGT,VC202600532
CONT2026008579,EXPORT,NSIGT,VC202600532
CONT2026008580,IMPORT,NSIGT,VC202600532
CONT2026008581,EXPORT,NSIGT,VC202600532
CONT2026008582,EXPORT,NSIGT,VC202600532
CONT2026008583,EXPORT,NSIGT,VC202600532
CONT2026008584,EXPORT,NSIGT,VC202600532
CONT2026008585,EXPORT,NSFT,VC202600533
CONT2026008586,IMPORT,NSFT,VC202600533
CONT2026008587,EXPORT,NSFT,VC202600533
CONT2026008588,EXPORT,NSFT,VC202600533
CONT2026008589,IMPORT,NSFT,VC202600533
CONT2026008590,EXPORT,NSFT,VC202600533
CONT2026008591,EXPORT,NSFT,VC202600533
CONT2026008592,IMPORT,NSFT,VC202600533
CONT2026008593,EXPORT,NSFT,VC202600533
CONT2026008594,IMPORT,NSFT,VC202600534
CONT2026008595,EXPORT,NSFT,VC202600534
CONT2026008596,EXPORT,NSFT,VC202600534
CONT2026008597,IMPORT,NSFT,VC202600534
CONT2026008598,IMPORT,NSFT,VC202600534
CONT2026008599,EXPORT,NSFT,VC202600534
CONT2026008600,EXPORT,NSFT,VC202600534
CONT2026008601,EXPORT,NSFT,VC202600534
CONT2026008602,IMPORT,NSFT,VC202600534
CONT2026008603,IMPORT,NSFT,VC202600534
CONT2026008604,IMPORT,NSFT,VC202600535
CONT2026008605,IMPORT,NSFT,VC202600535
CONT2026008606,EXPORT,NSFT,VC202600535
CONT2026008607,IMPORT,NSFT,VC202600535
CONT2026008608,IMPORT,NSFT,VC202600535
CONT2026008609,EXPORT,NSFT,VC202600535
CONT2026008610,IMPORT,NSFT,VC202600535
CONT2026008611,EXPORT,NSFT,VC202600535
CONT2026008612,IMPORT,NSFT,VC202600535
CONT2026008613,EXPORT,NSFT,VC202600535
CONT2026008614,IMPORT,NSFT,VC202600535
CONT2026008615,EXPORT,NSFT,VC202600535
CONT2026008616,EXPORT,NSFT,VC202600535
CONT2026008617,IMPORT,NSFT,VC202600535
CONT2026008618,IMPORT,NSIGT,VC202600536
CONT2026008619,EXPORT,NSIGT,VC202600536
CONT2026008620,EXPORT,NSIGT,VC202600536
CONT2026008621,IMPORT,NSIGT,VC202600536
CONT2026008622,IMPORT,NSIGT,VC202600536
CONT2026008623,EXPORT,NSIGT,VC202600536
CONT2026008624,IMPORT,NSIGT,VC202600536
CONT2026008625,IMPORT,NSIGT,VC202600536
CONT2026008626,IMPORT,NSIGT,VC202600536
CONT2026008627,IMPORT,NSIGT,VC202600536
CONT2026008628,EXPORT,NSIGT,VC202600536
CONT2026008629,IMPORT,NSIGT,VC202600536
CONT2026008630,EXPORT,NSIGT,VC202600536
CONT2026008631,IMPORT,GTI,VC202600537
CONT2026008632,EXPORT,GTI,VC202600537
CONT2026008633,EXPORT,GTI,VC202600537
CONT2026008634,EXPORT,GTI,VC202600537
CONT2026008635,EXPORT,GTI,VC202600537
CONT2026008636,EXPORT,GTI,VC202600537
CONT2026008637,EXPORT,GTI,VC202600537
CONT2026008638,EXPORT,GTI,VC202600537
CONT2026008639,EXPORT,GTI,VC202600537
CONT2026008640,IMPORT,GTI,VC202600537
CONT2026008641,EXPORT,GTI,VC202600537
CONT2026008642,IMPORT,GTI,VC202600537
CONT2026008643,IMPORT,GTI,VC202600537
CONT2026008644,EXPORT,NSIGT,VC202600538
CONT2026008645,IMPORT,NSIGT,VC202600538
CONT2026008646,IMPORT,NSIGT,VC202600538
CONT2026008647,EXPORT,NSIGT,VC202600538
CONT2026008648,EXPORT,NSIGT,VC202600538
CONT2026008649,IMPORT,NSIGT,VC202600538
CONT2026008650,IMPORT,NSIGT,VC202600538
CONT2026008651,EXPORT,NSIGT,VC202600538
CONT2026008652,IMPORT,NSIGT,VC202600538
CONT2026008653,IMPORT,NSICT,VC202600539
CONT2026008654,EXPORT,NSICT,VC202600539
CONT2026008655,EXPORT,NSICT,VC202600539
CONT2026008656,EXPORT,NSICT,VC202600539
CONT2026008657,IMPORT,NSICT,VC202600539
CONT2026008658,EXPORT,NSICT,VC202600539
CONT2026008659,EXPORT,NSICT,VC202600539
CONT2026008660,EXPORT,NSICT,VC202600539
CONT2026008661,EXPORT,NSICT,VC202600539
CONT2026008662,EXPORT,NSICT,VC202600539
CONT2026008663,EXPORT,NSICT,VC202600539
CONT2026008664,IMPORT,NSICT,VC202600539
CONT2026008665,IMPORT,NSICT,VC202600539
CONT2026008666,IMPORT,NSICT,VC202600539
CONT2026008667,IMPORT,NSICT,VC202600539
CONT2026008668,IMPORT,NSICT,VC202600539
CONT2026008669,IMPORT,NSICT,VC202600539
CONT2026008670,EXPORT,NSICT,VC202600539
CONT2026008671,IMPORT,NSICT,VC202600539
CONT2026008672,IMPORT,NSICT,VC202600540
CONT2026008673,EXPORT,NSICT,VC202600540
CONT2026008674,IMPORT,NSICT,VC202600540
CONT2026008675,EXPORT,NSICT,VC202600540
CONT2026008676,IMPORT,NSICT,VC202600540
CONT2026008677,IMPORT,NSICT,VC202600540
CONT2026008678,IMPORT,NSICT,VC202600540
CONT2026008679,IMPORT,NSICT,VC202600540
CONT2026008680,IMPORT,NSICT,VC202600540
CONT2026008681,IMPORT,NSICT,VC202600540
CONT2026008682,EXPORT,NSICT,VC202600540
CONT2026008683,EXPORT,NSICT,VC202600540
CONT2026008684,EXPORT,NSICT,VC202600540
CONT2026008685,IMPORT,NSICT,VC202600540
CONT2026008686,EXPORT,NSICT,VC202600540
CONT2026008687,IMPORT,NSICT,VC202600540
CONT2026008688,IMPORT,NSICT,VC202600540
CONT2026008689,EXPORT,NSICT,VC202600541
CONT2026008690,EXPORT,NSICT,VC202600541
CONT2026008691,IMPORT,NSICT,VC202600541
CONT2026008692,EXPORT,NSICT,VC202600541
CONT2026008693,EXPORT,NSICT,VC202600541
CONT2026008694,EXPORT,NSICT,VC202600541
CONT2026008695,EXPORT,NSICT,VC202600541
CONT2026008696,IMPORT,NSICT,VC202600541
CONT2026008697,EXPORT,NSICT,VC202600541
CONT2026008698,IMPORT,BMCT,VC202600542
CONT2026008699,EXPORT,BMCT,VC202600542
CONT2026008700,EXPORT,BMCT,VC202600542
CONT2026008701,EXPORT,BMCT,VC202600542
CONT2026008702,IMPORT,BMCT,VC202600542
CONT2026008703,IMPORT,BMCT,VC202600542
CONT2026008704,EXPORT,BMCT,VC202600542
CONT2026008705,EXPORT,BMCT,VC202600542
CONT2026008706,IMPORT,BMCT,VC202600542
CONT2026008707,EXPORT,BMCT,VC202600542
CONT2026008708,EXPORT,BMCT,VC202600542
CONT2026008709,IMPORT,BMCT,VC202600542
CONT2026008710,EXPORT,BMCT,VC202600542
CONT2026008711,IMPORT,BMCT,VC202600542
CONT2026008712,IMPORT,BMCT,VC202600542
CONT2026008713,IMPORT,BMCT,VC202600542
CONT2026008714,IMPORT,BMCT,VC202600542
CONT2026008715,EXPORT,BMCT,VC202600542
CONT2026008716,EXPORT,BMCT,VC202600542
CONT2026008717,IMPORT,BMCT,VC202600542
CONT2026008718,EXPORT,BMCT,VC202600542
CONT2026008719,EXPORT,BMCT,VC202600542
CONT2026008720,IMPORT,BMCT,VC202600542
CONT2026008721,IMPORT,NSICT,VC202600543
CONT2026008722,EXPORT,NSICT,VC202600543
CONT2026008723,IMPORT,NSICT,VC202600543
CONT2026008724,IMPORT,NSICT,VC202600543
CONT2026008725,IMPORT,NSICT,VC202600543
CONT2026008726,EXPORT,NSICT,VC202600543
CONT2026008727,EXPORT,NSICT,VC202600543
CONT2026008728,EXPORT,NSICT,VC202600543
CONT2026008729,EXPORT,NSICT,VC202600543
CONT2026008730,EXPORT,NSICT,VC202600543
CONT2026008731,IMPORT,NSICT,VC202600543
CONT2026008732,IMPORT,NSICT,VC202600543
CONT2026008733,IMPORT,NSICT,VC202600543
CONT2026008734,IMPORT,NSICT,VC202600543
CONT2026008735,IMPORT,NSICT,VC202600543
CONT2026008736,EXPORT,NSICT,VC202600543
CONT2026008737,IMPORT,NSICT,VC202600543
CONT2026008738,IMPORT,NSICT,VC202600543
CONT2026008739,EXPORT,NSICT,VC202600543
CONT2026008740,IMPORT,NSICT,VC202600543
CONT2026008741,IMPORT,NSICT,VC202600543
CONT2026008742,IMPORT,NSICT,VC202600543
CONT2026008743,EXPORT,NSICT,VC202600543
CONT2026008744,IMPORT,NSICT,VC202600543
CONT2026008745,EXPORT,NSICT,VC202600543
CONT2026008746,EXPORT,NSICT,VC202600543
CONT2026008747,EXPORT,NSICT,VC202600543
CONT2026008748,EXPORT,NSICT,VC202600543
CONT2026008749,EXPORT,NSICT,VC202600543
CONT2026008750,IMPORT,NSICT,VC202600543
CONT2026008751,IMPORT,NSICT,VC202600543
CONT2026008752,EXPORT,NSICT,VC202600543
CONT2026008753,EXPORT,NSICT,VC202600543
CONT2026008754,IMPORT,NSICT,VC202600543
CONT2026008755,IMPORT,NSICT,VC202600543
CONT2026008756,IMPORT,NSICT,VC202600544
CONT2026008757,EXPORT,NSICT,VC202600544
CONT2026008758,EXPORT,NSICT,VC202600544
CONT2026008759,IMPORT,NSICT,VC202600544
CONT2026008760,IMPORT,NSICT,VC202600544
CONT2026008761,EXPORT,NSICT,VC202600544
CONT2026008762,EXPORT,NSICT,VC202600544
CONT2026008763,IMPORT,NSICT,VC202600544
CONT2026008764,IMPORT,NSICT,VC202600544
CONT2026008765,IMPORT,NSICT,VC202600544
CONT2026008766,IMPORT,NSICT,VC202600544
CONT2026008767,IMPORT,NSICT,VC202600544
CONT2026008768,IMPORT,NSICT,VC202600544
CONT2026008769,IMPORT,NSICT,VC202600544
CONT2026008770,IMPORT,NSICT,VC202600544
CONT2026008771,IMPORT,NSICT,VC202600544
CONT2026008772,IMPORT,NSICT,VC202600544
CONT2026008773,IMPORT,NSICT,VC202600544
CONT2026008774,IMPORT,NSICT,VC202600544
CONT2026008775,IMPORT,NSICT,VC202600544
CONT2026008776,IMPORT,BMCT,VC202600545
CONT2026008777,EXPORT,BMCT,VC202600545
CONT2026008778,IMPORT,BMCT,VC202600545
CONT2026008779,EXPORT,BMCT,VC202600545
CONT2026008780,IMPORT,BMCT,VC202600545
CONT2026008781,EXPORT,BMCT,VC202600545
CONT2026008782,EXPORT,BMCT,VC202600545
CONT2026008783,IMPORT,BMCT,VC202600545
CONT2026008784,IMPORT,BMCT,VC202600546
CONT2026008785,IMPORT,BMCT,VC202600546
CONT2026008786,IMPORT,BMCT,VC202600546
CONT2026008787,EXPORT,BMCT,VC202600546
CONT2026008788,IMPORT,BMCT,VC202600546
CONT2026008789,IMPORT,BMCT,VC202600546
CONT2026008790,IMPORT,BMCT,VC202600546
CONT2026008791,IMPORT,BMCT,VC202600546
CONT2026008792,EXPORT,BMCT,VC202600546
CONT2026008793,EXPORT,BMCT,VC202600546
CONT2026008794,IMPORT,BMCT,VC202600546
CONT2026008795,EXPORT,BMCT,VC202600546
CONT2026008796,EXPORT,BMCT,VC202600546
CONT2026008797,EXPORT,BMCT,VC202600546
CONT2026008798,IMPORT,BMCT,VC202600546
CONT2026008799,EXPORT,BMCT,VC202600546
CONT2026008800,EXPORT,BMCT,VC202600546
CONT2026008801,EXPORT,BMCT,VC202600546
CONT2026008802,EXPORT,NSICT,VC202600547
CONT2026008803,IMPORT,NSICT,VC202600547
CONT2026008804,IMPORT,NSICT,VC202600547
CONT2026008805,IMPORT,NSICT,VC202600547
CONT2026008806,EXPORT,NSICT,VC202600547
CONT2026008807,EXPORT,NSICT,VC202600547
CONT2026008808,IMPORT,NSICT,VC202600547
CONT2026008809,IMPORT,NSICT,VC202600547
CONT2026008810,EXPORT,NSICT,VC202600547
CONT2026008811,EXPORT,NSICT,VC202600547
CONT2026008812,IMPORT,NSICT,VC202600547
CONT2026008813,IMPORT,NSICT,VC202600547
CONT2026008814,EXPORT,NSICT,VC202600547
CONT2026008815,EXPORT,NSICT,VC202600547
CONT2026008816,EXPORT,NSICT,VC202600547
CONT2026008817,IMPORT,NSICT,VC202600547
CONT2026008818,EXPORT,NSICT,VC202600547
CONT2026008819,EXPORT,NSICT,VC202600547
CONT2026008820,IMPORT,NSFT,VC202600548
CONT2026008821,EXPORT,NSFT,VC202600548
CONT2026008822,EXPORT,NSFT,VC202600548
CONT2026008823,EXPORT,NSFT,VC202600548
CONT2026008824,EXPORT,NSFT,VC202600548
CONT2026008825,IMPORT,NSFT,VC202600548
CONT2026008826,EXPORT,NSFT,VC202600548
CONT2026008827,IMPORT,NSFT,VC202600548
CONT2026008828,IMPORT,NSFT,VC202600548
CONT2026008829,IMPORT,NSFT,VC202600548
CONT2026008830,EXPORT,NSFT,VC202600548
CONT2026008831,EXPORT,NSFT,VC202600548
CONT2026008832,EXPORT,NSFT,VC202600548
CONT2026008833,IMPORT,NSFT,VC202600548
CONT2026008834,IMPORT,NSFT,VC202600548
CONT2026008835,EXPORT,NSFT,VC202600548
CONT2026008836,EXPORT,NSFT,VC202600548
CONT2026008837,IMPORT,NSFT,VC202600548
CONT2026008838,IMPORT,NSFT,VC202600548
CONT2026008839,EXPORT,NSFT,VC202600548
CONT2026008840,EXPORT,NSFT,VC202600548
CONT2026008841,EXPORT,NSFT,VC202600548
CONT2026008842,IMPORT,GTI,VC202600549
CONT2026008843,EXPORT,GTI,VC202600549
CONT2026008844,EXPORT,GTI,VC202600549
CONT2026008845,EXPORT,GTI,VC202600549
CONT2026008846,IMPORT,GTI,VC202600549
CONT2026008847,EXPORT,GTI,VC202600549
CONT2026008848,IMPORT,GTI,VC202600549
CONT2026008849,EXPORT,GTI,VC202600549
CONT2026008850,EXPORT,GTI,VC202600549
CONT2026008851,EXPORT,GTI,VC202600549
CONT2026008852,EXPORT,GTI,VC202600549
CONT2026008853,IMPORT,GTI,VC202600549
CONT2026008854,IMPORT,GTI,VC202600549
CONT2026008855,EXPORT,GTI,VC202600549
CONT2026008856,EXPORT,NSIGT,VC202600550
CONT2026008857,EXPORT,NSIGT,VC202600550
CONT2026008858,EXPORT,NSIGT,VC202600550
CONT2026008859,EXPORT,NSIGT,VC202600550
CONT2026008860,IMPORT,NSIGT,VC202600550
CONT2026008861,IMPORT,NSIGT,VC202600550
CONT2026008862,IMPORT,NSIGT,VC202600550
CONT2026008863,IMPORT,NSIGT,VC202600550
CONT2026008864,EXPORT,NSIGT,VC202600550
CONT2026008865,EXPORT,NSIGT,VC202600550
CONT2026008866,EXPORT,NSIGT,VC202600550
CONT2026008867,EXPORT,NSIGT,VC202600550
CONT2026008868,IMPORT,NSIGT,VC202600550
CONT2026008869,EXPORT,NSIGT,VC202600550
CONT2026008870,IMPORT,NSIGT,VC202600550
CONT2026008871,IMPORT,NSIGT,VC202600550
CONT2026008872,IMPORT,NSIGT,VC202600550
CONT2026008873,EXPORT,BMCT,VC202600551
CONT2026008874,IMPORT,BMCT,VC202600551
CONT2026008875,IMPORT,BMCT,VC202600551
CONT2026008876,EXPORT,BMCT,VC202600551
CONT2026008877,IMPORT,BMCT,VC202600551
CONT2026008878,EXPORT,BMCT,VC202600551
CONT2026008879,EXPORT,BMCT,VC202600551
CONT2026008880,EXPORT,BMCT,VC202600551
CONT2026008881,IMPORT,BMCT,VC202600551
CONT2026008882,IMPORT,BMCT,VC202600551
CONT2026008883,IMPORT,BMCT,VC202600551
CONT2026008884,EXPORT,BMCT,VC202600551
CONT2026008885,IMPORT,BMCT,VC202600551
CONT2026008886,IMPORT,BMCT,VC202600551
CONT2026008887,IMPORT,BMCT,VC202600551
CONT2026008888,IMPORT,BMCT,VC202600551
CONT2026008889,EXPORT,BMCT,VC202600551
CONT2026008890,IMPORT,BMCT,VC202600551
CONT2026008891,IMPORT,BMCT,VC202600551
CONT2026008892,EXPORT,BMCT,VC202600551
CONT2026008893,EXPORT,BMCT,VC202600551
CONT2026008894,EXPORT,BMCT,VC202600551
CONT2026008895,EXPORT,BMCT,VC202600551
CONT2026008896,EXPORT,BMCT,VC202600551
CONT2026008897,IMPORT,BMCT,VC202600551
CONT2026008898,IMPORT,BMCT,VC202600551
CONT2026008899,EXPORT,BMCT,VC202600551
CONT2026008900,IMPORT,BMCT,VC202600551
CONT2026008901,EXPORT,BMCT,VC202600551
CONT2026008902,IMPORT,BMCT,VC202600551
CONT2026008903,IMPORT,BMCT,VC202600551
CONT2026008904,EXPORT,BMCT,VC202600551
CONT2026008905,IMPORT,BMCT,VC202600551
CONT2026008906,EXPORT,BMCT,VC202600551
CONT2026008907,IMPORT,BMCT,VC202600551
CONT2026008908,EXPORT,GTI,VC202600552
CONT2026008909,IMPORT,GTI,VC202600552
CONT2026008910,IMPORT,GTI,VC202600552
CONT2026008911,IMPORT,GTI,VC202600552
CONT2026008912,IMPORT,GTI,VC202600552
CONT2026008913,IMPORT,GTI,VC202600552
CONT2026008914,IMPORT,GTI,VC202600552
CONT2026008915,IMPORT,GTI,VC202600552
CONT2026008916,IMPORT,GTI,VC202600552
CONT2026008917,IMPORT,GTI,VC202600552
CONT2026008918,EXPORT,GTI,VC202600553
CONT2026008919,IMPORT,GTI,VC202600553
CONT2026008920,EXPORT,GTI,VC202600553
CONT2026008921,IMPORT,GTI,VC202600553
CONT2026008922,EXPORT,GTI,VC202600553
CONT2026008923,EXPORT,GTI,VC202600553
CONT2026008924,EXPORT,GTI,VC202600553
CONT2026008925,EXPORT,GTI,VC202600553
CONT2026008926,EXPORT,GTI,VC202600553
CONT2026008927,IMPORT,GTI,VC202600553
CONT2026008928,EXPORT,GTI,VC202600553
CONT2026008929,IMPORT,GTI,VC202600553
CONT2026008930,EXPORT,GTI,VC202600553
CONT2026008931,EXPORT,GTI,VC202600553
CONT2026008932,EXPORT,GTI,VC202600553
CONT2026008933,EXPORT,GTI,VC202600553
CONT2026008934,IMPORT,GTI,VC202600553
CONT2026008935,IMPORT,GTI,VC202600553
CONT2026008936,EXPORT,GTI,VC202600553
CONT2026008937,IMPORT,NSFT,VC202600554
CONT2026008938,EXPORT,NSFT,VC202600554
CONT2026008939,IMPORT,NSFT,VC202600554
CONT2026008940,EXPORT,NSFT,VC202600554
CONT2026008941,IMPORT,NSFT,VC202600554
CONT2026008942,EXPORT,NSFT,VC202600554
CONT2026008943,IMPORT,NSFT,VC202600554
CONT2026008944,EXPORT,NSFT,VC202600554
CONT2026008945,IMPORT,NSFT,VC202600554
CONT2026008946,EXPORT,BMCT,VC202600555
CONT2026008947,EXPORT,BMCT,VC202600555
CONT2026008948,IMPORT,BMCT,VC202600555
CONT2026008949,IMPORT,BMCT,VC202600555
CONT2026008950,IMPORT,BMCT,VC202600555
CONT2026008951,EXPORT,BMCT,VC202600555
CONT2026008952,IMPORT,BMCT,VC202600555
CONT2026008953,IMPORT,BMCT,VC202600555
CONT2026008954,IMPORT,BMCT,VC202600555
CONT2026008955,IMPORT,BMCT,VC202600555
CONT2026008956,EXPORT,BMCT,VC202600555
CONT2026008957,IMPORT,NSICT,VC202600556
CONT2026008958,IMPORT,NSICT,VC202600556
CONT2026008959,EXPORT,NSICT,VC202600556
CONT2026008960,IMPORT,NSICT,VC202600556
CONT2026008961,IMPORT,NSICT,VC202600556
CONT2026008962,IMPORT,NSICT,VC202600556
CONT2026008963,EXPORT,NSICT,VC202600556
CONT2026008964,EXPORT,NSICT,VC202600556
CONT2026008965,EXPORT,NSICT,VC202600556
CONT2026008966,EXPORT,NSICT,VC202600556
CONT2026008967,IMPORT,NSICT,VC202600556
CONT2026008968,EXPORT,NSICT,VC202600556
CONT2026008969,EXPORT,NSICT,VC202600556
CONT2026008970,EXPORT,NSICT,VC202600556
CONT2026008971,IMPORT,NSICT,VC202600556
CONT2026008972,IMPORT,NSICT,VC202600556
CONT2026008973,IMPORT,NSICT,VC202600556
CONT2026008974,IMPORT,NSICT,VC202600556
CONT2026008975,IMPORT,NSICT,VC202600557
CONT2026008976,IMPORT,NSICT,VC202600557
CONT2026008977,EXPORT,NSICT,VC202600557
CONT2026008978,EXPORT,NSICT,VC202600557
CONT2026008979,EXPORT,NSICT,VC202600557
CONT2026008980,EXPORT,NSICT,VC202600557
CONT2026008981,IMPORT,NSICT,VC202600557
CONT2026008982,IMPORT,NSICT,VC202600557
CONT2026008983,EXPORT,NSICT,VC202600557
CONT2026008984,EXPORT,NSICT,VC202600557
CONT2026008985,EXPORT,NSICT,VC202600557
CONT2026008986,EXPORT,NSICT,VC202600557
CONT2026008987,EXPORT,NSICT,VC202600557
CONT2026008988,IMPORT,NSICT,VC202600557
CONT2026008989,EXPORT,NSICT,VC202600557
CONT2026008990,EXPORT,NSIGT,VC202600558
CONT2026008991,EXPORT,NSIGT,VC202600558
CONT2026008992,EXPORT,NSIGT,VC202600558
CONT2026008993,EXPORT,NSIGT,VC202600558
CONT2026008994,IMPORT,NSIGT,VC202600558
CONT2026008995,EXPORT,NSIGT,VC202600558
CONT2026008996,IMPORT,NSIGT,VC202600558
CONT2026008997,IMPORT,NSIGT,VC202600558
CONT2026008998,IMPORT,NSIGT,VC202600558
CONT2026008999,IMPORT,NSIGT,VC202600558
CONT2026009000,IMPORT,NSIGT,VC202600558
CONT2026009001,EXPORT,NSIGT,VC202600558
CONT2026009002,IMPORT,NSIGT,VC202600558
CONT2026009003,IMPORT,NSIGT,VC202600558
CONT2026009004,IMPORT,NSIGT,VC202600558
CONT2026009005,IMPORT,NSIGT,VC202600558
CONT2026009006,EXPORT,NSIGT,VC202600558
CONT2026009007,EXPORT,BMCT,VC202600559
CONT2026009008,EXPORT,BMCT,VC202600559
CONT2026009009,IMPORT,BMCT,VC202600559
CONT2026009010,IMPORT,BMCT,VC202600559
CONT2026009011,IMPORT,BMCT,VC202600559
CONT2026009012,EXPORT,BMCT,VC202600559
CONT2026009013,IMPORT,BMCT,VC202600559
CONT2026009014,IMPORT,BMCT,VC202600559
CONT2026009015,IMPORT,BMCT,VC202600559
CONT2026009016,EXPORT,BMCT,VC202600559
CONT2026009017,IMPORT,BMCT,VC202600559
CONT2026009018,EXPORT,BMCT,VC202600559
CONT2026009019,EXPORT,BMCT,VC202600559
CONT2026009020,IMPORT,BMCT,VC202600559
CONT2026009021,EXPORT,BMCT,VC202600559
CONT2026009022,EXPORT,BMCT,VC202600559
CONT2026009023,EXPORT,BMCT,VC202600559
CONT2026009024,IMPORT,BMCT,VC202600559
CONT2026009025,EXPORT,BMCT,VC202600559
CONT2026009026,IMPORT,BMCT,VC202600559
CONT2026009027,IMPORT,BMCT,VC202600559
CONT2026009028,EXPORT,BMCT,VC202600559
CONT2026009029,IMPORT,GTI,VC202600560
CONT2026009030,IMPORT,GTI,VC202600560
CONT2026009031,IMPORT,GTI,VC202600560
CONT2026009032,EXPORT,GTI,VC202600560
CONT2026009033,EXPORT,GTI,VC202600560
CONT2026009034,EXPORT,GTI,VC202600560
CONT2026009035,IMPORT,BMCT,VC202600561
CONT2026009036,IMPORT,BMCT,VC202600561
CONT2026009037,IMPORT,BMCT,VC202600561
CONT2026009038,EXPORT,BMCT,VC202600561
CONT2026009039,EXPORT,BMCT,VC202600561
CONT2026009040,EXPORT,BMCT,VC202600561
CONT2026009041,EXPORT,BMCT,VC202600561
CONT2026009042,EXPORT,BMCT,VC202600561
CONT2026009043,EXPORT,BMCT,VC202600561
CONT2026009044,EXPORT,BMCT,VC202600561
CONT2026009045,IMPORT,BMCT,VC202600561
CONT2026009046,EXPORT,BMCT,VC202600561
CONT2026009047,EXPORT,BMCT,VC202600561
CONT2026009048,IMPORT,BMCT,VC202600561
CONT2026009049,IMPORT,BMCT,VC202600561
CONT2026009050,IMPORT,BMCT,VC202600561
CONT2026009051,EXPORT,BMCT,VC202600561
CONT2026009052,EXPORT,BMCT,VC202600561
CONT2026009053,EXPORT,BMCT,VC202600561
CONT2026009054,IMPORT,BMCT,VC202600561
CONT2026009055,EXPORT,BMCT,VC202600561
CONT2026009056,IMPORT,BMCT,VC202600561
CONT2026009057,EXPORT,BMCT,VC202600561
CONT2026009058,EXPORT,BMCT,VC202600562
CONT2026009059,EXPORT,BMCT,VC202600562
CONT2026009060,EXPORT,BMCT,VC202600562
CONT2026009061,EXPORT,BMCT,VC202600562
CONT2026009062,EXPORT,BMCT,VC202600562
CONT2026009063,IMPORT,BMCT,VC202600562
CONT2026009064,EXPORT,BMCT,VC202600562
CONT2026009065,IMPORT,BMCT,VC202600562
CONT2026009066,IMPORT,BMCT,VC202600562
CONT2026009067,EXPORT,BMCT,VC202600562
CONT2026009068,IMPORT,BMCT,VC202600562
CONT2026009069,IMPORT,BMCT,VC202600562
CONT2026009070,IMPORT,BMCT,VC202600562
CONT2026009071,IMPORT,NSFT,VC202600563
CONT2026009072,IMPORT,NSFT,VC202600563
CONT2026009073,IMPORT,NSFT,VC202600563
CONT2026009074,IMPORT,NSFT,VC202600563
CONT2026009075,EXPORT,NSFT,VC202600563
CONT2026009076,IMPORT,NSFT,VC202600563
CONT2026009077,IMPORT,NSFT,VC202600563
CONT2026009078,IMPORT,NSFT,VC202600563
CONT2026009079,EXPORT,NSFT,VC202600563
CONT2026009080,IMPORT,NSFT,VC202600563
CONT2026009081,IMPORT,NSFT,VC202600563
CONT2026009082,IMPORT,BMCT,VC202600564
CONT2026009083,EXPORT,BMCT,VC202600564
CONT2026009084,EXPORT,BMCT,VC202600564
CONT2026009085,IMPORT,BMCT,VC202600564
CONT2026009086,EXPORT,BMCT,VC202600564
CONT2026009087,EXPORT,BMCT,VC202600564
CONT2026009088,EXPORT,BMCT,VC202600564
CONT2026009089,EXPORT,BMCT,VC202600564
CONT2026009090,EXPORT,BMCT,VC202600564
CONT2026009091,EXPORT,BMCT,VC202600564
CONT2026009092,IMPORT,BMCT,VC202600564
CONT2026009093,EXPORT,BMCT,VC202600564
CONT2026009094,IMPORT,NSICT,VC202600565
CONT2026009095,EXPORT,NSICT,VC202600565
CONT2026009096,IMPORT,NSICT,VC202600565
CONT2026009097,IMPORT,NSICT,VC202600565
CONT2026009098,IMPORT,NSICT,VC202600565
CONT2026009099,IMPORT,NSICT,VC202600565
CONT2026009100,IMPORT,NSICT,VC202600565
CONT2026009101,IMPORT,NSICT,VC202600565
CONT2026009102,IMPORT,NSICT,VC202600565
CONT2026009103,IMPORT,NSICT,VC202600565
CONT2026009104,IMPORT,NSICT,VC202600565
CONT2026009105,IMPORT,NSFT,VC202600566
CONT2026009106,IMPORT,NSFT,VC202600566
CONT2026009107,EXPORT,NSFT,VC202600566
CONT2026009108,IMPORT,NSFT,VC202600566
CONT2026009109,EXPORT,NSFT,VC202600566
CONT2026009110,EXPORT,NSFT,VC202600566
CONT2026009111,EXPORT,NSFT,VC202600566
CONT2026009112,EXPORT,NSFT,VC202600566
CONT2026009113,IMPORT,NSFT,VC202600566
CONT2026009114,EXPORT,NSFT,VC202600566
CONT2026009115,EXPORT,NSICT,VC202600567
CONT2026009116,IMPORT,NSICT,VC202600567
CONT2026009117,IMPORT,NSICT,VC202600567
CONT2026009118,IMPORT,NSICT,VC202600567
CONT2026009119,IMPORT,NSICT,VC202600567
CONT2026009120,EXPORT,NSICT,VC202600567
CONT2026009121,IMPORT,NSICT,VC202600567
CONT2026009122,EXPORT,NSICT,VC202600567
CONT2026009123,IMPORT,NSICT,VC202600567
CONT2026009124,EXPORT,NSICT,VC202600567
CONT2026009125,IMPORT,NSICT,VC202600567
CONT2026009126,EXPORT,NSICT,VC202600567
CONT2026009127,IMPORT,NSICT,VC202600567
CONT2026009128,EXPORT,NSICT,VC202600567
CONT2026009129,IMPORT,NSICT,VC202600567
CONT2026009130,EXPORT,BMCT,VC202600568
CONT2026009131,EXPORT,BMCT,VC202600568
CONT2026009132,EXPORT,BMCT,VC202600568
CONT2026009133,IMPORT,BMCT,VC202600568
CONT2026009134,EXPORT,BMCT,VC202600568
CONT2026009135,EXPORT,BMCT,VC202600568
CONT2026009136,EXPORT,BMCT,VC202600568
CONT2026009137,IMPORT,BMCT,VC202600568
CONT2026009138,IMPORT,BMCT,VC202600568
CONT2026009139,IMPORT,BMCT,VC202600568
CONT2026009140,IMPORT,BMCT,VC202600568
CONT2026009141,EXPORT,BMCT,VC202600569
CONT2026009142,IMPORT,BMCT,VC202600569
CONT2026009143,EXPORT,BMCT,VC202600569
CONT2026009144,EXPORT,BMCT,VC202600569
CONT2026009145,EXPORT,BMCT,VC202600569
CONT2026009146,EXPORT,BMCT,VC202600569
CONT2026009147,IMPORT,BMCT,VC202600569
CONT2026009148,IMPORT,BMCT,VC202600569
CONT2026009149,IMPORT,BMCT,VC202600569
CONT2026009150,EXPORT,BMCT,VC202600569
CONT2026009151,IMPORT,BMCT,VC202600569
CONT2026009152,EXPORT,BMCT,VC202600569
CONT2026009153,IMPORT,BMCT,VC202600569
CONT2026009154,EXPORT,BMCT,VC202600569
CONT2026009155,EXPORT,BMCT,VC202600569
CONT2026009156,IMPORT,BMCT,VC202600569
CONT2026009157,IMPORT,BMCT,VC202600569
CONT2026009158,EXPORT,BMCT,VC202600569
CONT2026009159,EXPORT,BMCT,VC202600569
CONT2026009160,IMPORT,BMCT,VC202600569
CONT2026009161,EXPORT,BMCT,VC202600569
CONT2026009162,EXPORT,NSICT,VC202600570
CONT2026009163,IMPORT,NSICT,VC202600570
CONT2026009164,IMPORT,NSICT,VC202600570
CONT2026009165,IMPORT,NSICT,VC202600570
CONT2026009166,IMPORT,NSICT,VC202600570
CONT2026009167,EXPORT,NSICT,VC202600570
CONT2026009168,EXPORT,NSICT,VC202600570
CONT2026009169,IMPORT,NSICT,VC202600570
CONT2026009170,IMPORT,NSIGT,VC202600571
CONT2026009171,IMPORT,NSIGT,VC202600571
CONT2026009172,EXPORT,NSIGT,VC202600571
CONT2026009173,IMPORT,NSIGT,VC202600571
CONT2026009174,IMPORT,NSIGT,VC202600571
CONT2026009175,EXPORT,NSIGT,VC202600571
CONT2026009176,EXPORT,NSIGT,VC202600571
CONT2026009177,IMPORT,NSIGT,VC202600571
CONT2026009178,IMPORT,NSIGT,VC202600571
CONT2026009179,IMPORT,NSIGT,VC202600571
CONT2026009180,IMPORT,NSIGT,VC202600571
CONT2026009181,EXPORT,NSIGT,VC202600571
CONT2026009182,IMPORT,NSIGT,VC202600571
CONT2026009183,IMPORT,NSIGT,VC202600571
CONT2026009184,IMPORT,NSIGT,VC202600571
CONT2026009185,IMPORT,NSIGT,VC202600571
CONT2026009186,EXPORT,NSFT,VC202600572
CONT2026009187,EXPORT,NSFT,VC202600572
CONT2026009188,IMPORT,NSFT,VC202600572
CONT2026009189,IMPORT,NSFT,VC202600572
CONT2026009190,IMPORT,NSFT,VC202600572
CONT2026009191,IMPORT,NSFT,VC202600572
CONT2026009192,EXPORT,NSFT,VC202600572
CONT2026009193,EXPORT,NSFT,VC202600572
CONT2026009194,EXPORT,NSFT,VC202600572
CONT2026009195,IMPORT,NSFT,VC202600573
CONT2026009196,EXPORT,NSFT,VC202600573
CONT2026009197,EXPORT,NSFT,VC202600573
CONT2026009198,EXPORT,NSFT,VC202600573
CONT2026009199,IMPORT,NSFT,VC202600573
CONT2026009200,IMPORT,NSFT,VC202600573
CONT2026009201,IMPORT,NSFT,VC202600573
CONT2026009202,EXPORT,NSFT,VC202600573
CONT2026009203,EXPORT,NSFT,VC202600573
CONT2026009204,IMPORT,NSFT,VC202600573
CONT2026009205,IMPORT,NSFT,VC202600573
CONT2026009206,EXPORT,NSFT,VC202600573
CONT2026009207,EXPORT,NSFT,VC202600573
CONT2026009208,IMPORT,NSFT,VC202600573
CONT2026009209,IMPORT,NSFT,VC202600573
CONT2026009210,IMPORT,NSFT,VC202600573
CONT2026009211,IMPORT,NSFT,VC202600573
CONT2026009212,EXPORT,NSFT,VC202600573
CONT2026009213,IMPORT,NSFT,VC202600573
CONT2026009214,EXPORT,NSFT,VC202600573
CONT2026009215,EXPORT,NSFT,VC202600573
CONT2026009216,IMPORT,BMCT,VC202600574
CONT2026009217,EXPORT,BMCT,VC202600574
CONT2026009218,EXPORT,BMCT,VC202600574
CONT2026009219,EXPORT,BMCT,VC202600574
CONT2026009220,EXPORT,BMCT,VC202600574
CONT2026009221,EXPORT,BMCT,VC202600574
CONT2026009222,EXPORT,BMCT,VC202600574
CONT2026009223,EXPORT,BMCT,VC202600574
CONT2026009224,IMPORT,BMCT,VC202600574
CONT2026009225,IMPORT,BMCT,VC202600574
CONT2026009226,IMPORT,NSFT,VC202600575
CONT2026009227,EXPORT,NSFT,VC202600575
CONT2026009228,EXPORT,NSFT,VC202600575
CONT2026009229,IMPORT,NSFT,VC202600575
CONT2026009230,EXPORT,NSFT,VC202600575
CONT2026009231,EXPORT,NSFT,VC202600575
CONT2026009232,IMPORT,NSFT,VC202600575
CONT2026009233,IMPORT,NSFT,VC202600575
CONT2026009234,EXPORT,NSFT,VC202600575
CONT2026009235,EXPORT,NSFT,VC202600575
CONT2026009236,EXPORT,NSFT,VC202600575
CONT2026009237,IMPORT,NSFT,VC202600575
CONT2026009238,IMPORT,NSFT,VC202600575
CONT2026009239,EXPORT,NSFT,VC202600575
CONT2026009240,EXPORT,NSFT,VC202600575
CONT2026009241,EXPORT,NSFT,VC202600575
CONT2026009242,IMPORT,NSICT,VC202600576
CONT2026009243,EXPORT,NSICT,VC202600576
CONT2026009244,IMPORT,NSICT,VC202600576
CONT2026009245,EXPORT,NSICT,VC202600576
CONT2026009246,IMPORT,NSICT,VC202600576
CONT2026009247,EXPORT,NSICT,VC202600576
CONT2026009248,EXPORT,NSICT,VC202600576
CONT2026009249,IMPORT,NSICT,VC202600576
CONT2026009250,IMPORT,NSICT,VC202600576
CONT2026009251,IMPORT,NSICT,VC202600576
CONT2026009252,EXPORT,NSICT,VC202600576
CONT2026009253,EXPORT,NSICT,VC202600577
CONT2026009254,EXPORT,NSICT,VC202600577
CONT2026009255,EXPORT,NSICT,VC202600577
CONT2026009256,EXPORT,NSICT,VC202600577
CONT2026009257,IMPORT,NSICT,VC202600577
CONT2026009258,EXPORT,NSICT,VC202600577
CONT2026009259,IMPORT,NSICT,VC202600577
CONT2026009260,EXPORT,NSICT,VC202600577
CONT2026009261,IMPORT,GTI,VC202600578
CONT2026009262,EXPORT,GTI,VC202600578
CONT2026009263,IMPORT,GTI,VC202600578
CONT2026009264,EXPORT,GTI,VC202600578
CONT2026009265,EXPORT,GTI,VC202600578
CONT2026009266,IMPORT,GTI,VC202600578
CONT2026009267,IMPORT,GTI,VC202600578
CONT2026009268,EXPORT,GTI,VC202600578
CONT2026009269,IMPORT,GTI,VC202600578
CONT2026009270,EXPORT,GTI,VC202600578
CONT2026009271,EXPORT,GTI,VC202600578
CONT2026009272,IMPORT,GTI,VC202600578
CONT2026009273,IMPORT,GTI,VC202600578
CONT2026009274,IMPORT,GTI,VC202600578
CONT2026009275,IMPORT,GTI,VC202600578
CONT2026009276,IMPORT,GTI,VC202600578
CONT2026009277,EXPORT,GTI,VC202600578
CONT2026009278,EXPORT,NSICT,VC202600579
CONT2026009279,IMPORT,NSICT,VC202600579
CONT2026009280,EXPORT,NSICT,VC202600579
CONT2026009281,IMPORT,NSICT,VC202600579
CONT2026009282,IMPORT,NSICT,VC202600579
CONT2026009283,IMPORT,NSICT,VC202600579
CONT2026009284,EXPORT,NSICT,VC202600579
CONT2026009285,IMPORT,NSICT,VC202600579
CONT2026009286,EXPORT,NSICT,VC202600579
CONT2026009287,EXPORT,NSICT,VC202600579
CONT2026009288,IMPORT,NSICT,VC202600579
CONT2026009289,IMPORT,NSICT,VC202600579
CONT2026009290,EXPORT,NSICT,VC202600579
CONT2026009291,IMPORT,NSICT,VC202600579
CONT2026009292,IMPORT,NSICT,VC202600579
CONT2026009293,EXPORT,NSICT,VC202600579
CONT2026009294,EXPORT,NSICT,VC202600579
CONT2026009295,IMPORT,NSICT,VC202600579
CONT2026009296,IMPORT,NSICT,VC202600579
CONT2026009297,EXPORT,NSICT,VC202600579
CONT2026009298,IMPORT,NSICT,VC202600579
CONT2026009299,EXPORT,NSICT,VC202600580
CONT2026009300,IMPORT,NSICT,VC202600580
CONT2026009301,EXPORT,NSICT,VC202600580
CONT2026009302,EXPORT,NSICT,VC202600580
CONT2026009303,IMPORT,NSICT,VC202600580
CONT2026009304,IMPORT,NSICT,VC202600580
CONT2026009305,EXPORT,NSICT,VC202600580
CONT2026009306,IMPORT,NSICT,VC202600580
CONT2026009307,EXPORT,NSICT,VC202600580
CONT2026009308,EXPORT,NSICT,VC202600580
CONT2026009309,IMPORT,NSICT,VC202600580
CONT2026009310,IMPORT,NSICT,VC202600580
CONT2026009311,EXPORT,NSICT,VC202600580
CONT2026009312,EXPORT,NSFT,VC202600581
CONT2026009313,EXPORT,NSFT,VC202600581
CONT2026009314,EXPORT,NSFT,VC202600581
CONT2026009315,EXPORT,NSFT,VC202600581
CONT2026009316,IMPORT,NSFT,VC202600581
CONT2026009317,EXPORT,NSFT,VC202600581
CONT2026009318,EXPORT,NSIGT,VC202600582
CONT2026009319,IMPORT,NSIGT,VC202600582
CONT2026009320,IMPORT,NSIGT,VC202600582
CONT2026009321,EXPORT,NSIGT,VC202600582
CONT2026009322,EXPORT,NSIGT,VC202600582
CONT2026009323,EXPORT,NSIGT,VC202600582
CONT2026009324,EXPORT,NSIGT,VC202600582
CONT2026009325,EXPORT,NSIGT,VC202600582
CONT2026009326,IMPORT,NSIGT,VC202600583
CONT2026009327,EXPORT,NSIGT,VC202600583
CONT2026009328,IMPORT,NSIGT,VC202600583
CONT2026009329,EXPORT,NSIGT,VC202600583
CONT2026009330,IMPORT,NSIGT,VC202600583
CONT2026009331,EXPORT,NSIGT,VC202600583
CONT2026009332,EXPORT,NSIGT,VC202600583
CONT2026009333,EXPORT,NSIGT,VC202600583
CONT2026009334,IMPORT,NSIGT,VC202600583
CONT2026009335,EXPORT,NSIGT,VC202600583
CONT2026009336,EXPORT,NSIGT,VC202600583
CONT2026009337,IMPORT,NSIGT,VC202600583
CONT2026009338,IMPORT,NSIGT,VC202600583
CONT2026009339,EXPORT,NSIGT,VC202600583
CONT2026009340,IMPORT,NSIGT,VC202600583
CONT2026009341,EXPORT,NSIGT,VC202600583
CONT2026009342,EXPORT,NSIGT,VC202600583
CONT2026009343,EXPORT,NSICT,VC202600584
CONT2026009344,IMPORT,NSICT,VC202600584
CONT2026009345,EXPORT,NSICT,VC202600584
CONT2026009346,IMPORT,NSICT,VC202600584
CONT2026009347,IMPORT,NSICT,VC202600584
CONT2026009348,EXPORT,NSICT,VC202600584
CONT2026009349,IMPORT,NSICT,VC202600584
CONT2026009350,EXPORT,NSICT,VC202600584
CONT2026009351,EXPORT,NSICT,VC202600584
CONT2026009352,EXPORT,NSICT,VC202600584
CONT2026009353,IMPORT,GTI,VC202600585
CONT2026009354,IMPORT,GTI,VC202600585
CONT2026009355,EXPORT,GTI,VC202600585
CONT2026009356,EXPORT,GTI,VC202600585
CONT2026009357,EXPORT,GTI,VC202600585
CONT2026009358,EXPORT,GTI,VC202600585
CONT2026009359,EXPORT,GTI,VC202600585
CONT2026009360,EXPORT,GTI,VC202600585
CONT2026009361,EXPORT,GTI,VC202600585
CONT2026009362,IMPORT,GTI,VC202600585
CONT2026009363,EXPORT,GTI,VC202600585
CONT2026009364,EXPORT,GTI,VC202600585
CONT2026009365,EXPORT,GTI,VC202600585
CONT2026009366,IMPORT,GTI,VC202600585
CONT2026009367,EXPORT,GTI,VC202600585
CONT2026009368,EXPORT,NSICT,VC202600586
CONT2026009369,IMPORT,NSICT,VC202600586
CONT2026009370,IMPORT,NSICT,VC202600586
CONT2026009371,IMPORT,NSICT,VC202600586
CONT2026009372,EXPORT,NSICT,VC202600586
CONT2026009373,EXPORT,NSICT,VC202600586
CONT2026009374,EXPORT,NSICT,VC202600586
CONT2026009375,IMPORT,NSICT,VC202600586
CONT2026009376,EXPORT,NSICT,VC202600586
CONT2026009377,IMPORT,NSICT,VC202600586
CONT2026009378,IMPORT,NSICT,VC202600586
CONT2026009379,IMPORT,NSICT,VC202600586
CONT2026009380,IMPORT,NSICT,VC202600586
CONT2026009381,IMPORT,NSICT,VC202600586
CONT2026009382,IMPORT,NSICT,VC202600586
CONT2026009383,EXPORT,NSICT,VC202600586
CONT2026009384,EXPORT,NSICT,VC202600586
CONT2026009385,EXPORT,NSICT,VC202600586
CONT2026009386,EXPORT,NSICT,VC202600586
CONT2026009387,IMPORT,NSICT,VC202600586
CONT2026009388,EXPORT,NSICT,VC202600586
CONT2026009389,IMPORT,NSICT,VC202600586
CONT2026009390,IMPORT,NSICT,VC202600586
CONT2026009391,EXPORT,NSICT,VC202600586
CONT2026009392,EXPORT,NSICT,VC202600586
CONT2026009393,EXPORT,NSICT,VC202600586
CONT2026009394,EXPORT,NSICT,VC202600586
CONT2026009395,IMPORT,NSICT,VC202600587
CONT2026009396,EXPORT,NSICT,VC202600587
CONT2026009397,IMPORT,NSICT,VC202600587
CONT2026009398,IMPORT,NSICT,VC202600587
CONT2026009399,EXPORT,NSICT,VC202600587
CONT2026009400,EXPORT,NSICT,VC202600587
CONT2026009401,IMPORT,NSICT,VC202600587
CONT2026009402,IMPORT,NSICT,VC202600587
CONT2026009403,EXPORT,NSICT,VC202600587
CONT2026009404,EXPORT,NSICT,VC202600587
CONT2026009405,IMPORT,NSICT,VC202600587
CONT2026009406,EXPORT,NSICT,VC202600587
CONT2026009407,IMPORT,NSICT,VC202600587
CONT2026009408,EXPORT,NSICT,VC202600587
CONT2026009409,EXPORT,NSICT,VC202600587
CONT2026009410,EXPORT,NSICT,VC202600587
CONT2026009411,IMPORT,NSICT,VC202600587
CONT2026009412,IMPORT,NSICT,VC202600587
CONT2026009413,IMPORT,NSICT,VC202600587
CONT2026009414,EXPORT,NSICT,VC202600587
CONT2026009415,IMPORT,NSICT,VC202600587
CONT2026009416,EXPORT,NSICT,VC202600587
CONT2026009417,IMPORT,NSICT,VC202600587
CONT2026009418,EXPORT,NSICT,VC202600587
CONT2026009419,IMPORT,NSICT,VC202600587
CONT2026009420,EXPORT,NSFT,VC202600588
CONT2026009421,IMPORT,NSFT,VC202600588
CONT2026009422,EXPORT,NSFT,VC202600588
CONT2026009423,IMPORT,NSFT,VC202600588
CONT2026009424,IMPORT,NSFT,VC202600588
CONT2026009425,IMPORT,NSFT,VC202600588
CONT2026009426,EXPORT,NSFT,VC202600588
CONT2026009427,EXPORT,NSFT,VC202600588
CONT2026009428,EXPORT,NSFT,VC202600588
CONT2026009429,IMPORT,NSFT,VC202600588
CONT2026009430,EXPORT,NSFT,VC202600588
CONT2026009431,IMPORT,BMCT,VC202600589
CONT2026009432,EXPORT,BMCT,VC202600589
CONT2026009433,IMPORT,BMCT,VC202600589
CONT2026009434,IMPORT,BMCT,VC202600589
CONT2026009435,IMPORT,BMCT,VC202600589
CONT2026009436,IMPORT,BMCT,VC202600589
CONT2026009437,IMPORT,BMCT,VC202600589
CONT2026009438,IMPORT,BMCT,VC202600589
CONT2026009439,IMPORT,BMCT,VC202600589
CONT2026009440,EXPORT,BMCT,VC202600589
CONT2026009441,EXPORT,NSICT,VC202600590
CONT2026009442,EXPORT,NSICT,VC202600590
CONT2026009443,EXPORT,NSICT,VC202600590
CONT2026009444,EXPORT,NSICT,VC202600590
CONT2026009445,EXPORT,NSICT,VC202600590
CONT2026009446,IMPORT,NSICT,VC202600590
CONT2026009447,EXPORT,NSFT,VC202600591
CONT2026009448,IMPORT,NSFT,VC202600591
CONT2026009449,IMPORT,NSFT,VC202600591
CONT2026009450,IMPORT,NSFT,VC202600591
CONT2026009451,IMPORT,NSFT,VC202600591
CONT2026009452,IMPORT,NSFT,VC202600591
CONT2026009453,IMPORT,NSFT,VC202600591
CONT2026009454,EXPORT,NSFT,VC202600591
CONT2026009455,IMPORT,NSFT,VC202600591
CONT2026009456,IMPORT,NSFT,VC202600591
CONT2026009457,EXPORT,NSFT,VC202600591
CONT2026009458,EXPORT,NSFT,VC202600591
CONT2026009459,EXPORT,NSFT,VC202600591
CONT2026009460,IMPORT,NSFT,VC202600591
CONT2026009461,EXPORT,NSFT,VC202600591
CONT2026009462,IMPORT,NSIGT,VC202600592
CONT2026009463,EXPORT,NSIGT,VC202600592
CONT2026009464,EXPORT,NSIGT,VC202600592
CONT2026009465,EXPORT,NSIGT,VC202600592
CONT2026009466,EXPORT,NSIGT,VC202600592
CONT2026009467,EXPORT,NSIGT,VC202600592
CONT2026009468,EXPORT,NSIGT,VC202600592
CONT2026009469,IMPORT,NSIGT,VC202600592
CONT2026009470,IMPORT,NSIGT,VC202600592
CONT2026009471,EXPORT,NSIGT,VC202600592
CONT2026009472,EXPORT,NSIGT,VC202600592
CONT2026009473,EXPORT,NSIGT,VC202600592
CONT2026009474,EXPORT,NSIGT,VC202600592
CONT2026009475,IMPORT,NSIGT,VC202600592
CONT2026009476,IMPORT,NSIGT,VC202600592
CONT2026009477,EXPORT,NSIGT,VC202600592
CONT2026009478,EXPORT,NSIGT,VC202600592
CONT2026009479,EXPORT,NSIGT,VC202600592
CONT2026009480,IMPORT,NSIGT,VC202600592
CONT2026009481,IMPORT,NSIGT,VC202600592
CONT2026009482,EXPORT,NSIGT,VC202600592
CONT2026009483,IMPORT,GTI,VC202600593
CONT2026009484,IMPORT,GTI,VC202600593
CONT2026009485,EXPORT,GTI,VC202600593
CONT2026009486,IMPORT,GTI,VC202600593
CONT2026009487,IMPORT,GTI,VC202600593
CONT2026009488,IMPORT,GTI,VC202600593
CONT2026009489,IMPORT,GTI,VC202600593
CONT2026009490,EXPORT,GTI,VC202600593
CONT2026009491,IMPORT,GTI,VC202600593
CONT2026009492,IMPORT,GTI,VC202600593
CONT2026009493,EXPORT,GTI,VC202600593
CONT2026009494,IMPORT,GTI,VC202600593
CONT2026009495,EXPORT,GTI,VC202600593
CONT2026009496,IMPORT,GTI,VC202600593
CONT2026009497,IMPORT,GTI,VC202600593
CONT2026009498,EXPORT,GTI,VC202600593
CONT2026009499,IMPORT,GTI,VC202600593
CONT2026009500,EXPORT,GTI,VC202600593
CONT2026009501,EXPORT,GTI,VC202600593
CONT2026009502,EXPORT,GTI,VC202600593
CONT2026009503,IMPORT,BMCT,VC202600594
CONT2026009504,EXPORT,BMCT,VC202600594
CONT2026009505,EXPORT,BMCT,VC202600594
CONT2026009506,EXPORT,BMCT,VC202600594
CONT2026009507,IMPORT,BMCT,VC202600594
CONT2026009508,IMPORT,BMCT,VC202600594
CONT2026009509,IMPORT,BMCT,VC202600594
CONT2026009510,EXPORT,BMCT,VC202600594
CONT2026009511,EXPORT,BMCT,VC202600594
CONT2026009512,EXPORT,BMCT,VC202600594
CONT2026009513,IMPORT,BMCT,VC202600594
CONT2026009514,IMPORT,BMCT,VC202600594
CONT2026009515,IMPORT,BMCT,VC202600594
CONT2026009516,EXPORT,BMCT,VC202600594
CONT2026009517,IMPORT,BMCT,VC202600594
CONT2026009518,EXPORT,BMCT,VC202600594
CONT2026009519,IMPORT,BMCT,VC202600594
CONT2026009520,EXPORT,BMCT,VC202600594
CONT2026009521,IMPORT,BMCT,VC202600594
CONT2026009522,EXPORT,BMCT,VC202600594
CONT2026009523,IMPORT,BMCT,VC202600594
CONT2026009524,EXPORT,BMCT,VC202600594
CONT2026009525,EXPORT,BMCT,VC202600594
CONT2026009526,IMPORT,BMCT,VC202600594
CONT2026009527,EXPORT,BMCT,VC202600594
CONT2026009528,EXPORT,BMCT,VC202600594
CONT2026009529,EXPORT,BMCT,VC202600594
CONT2026009530,IMPORT,NSICT,VC202600595
CONT2026009531,IMPORT,NSICT,VC202600595
CONT2026009532,IMPORT,NSICT,VC202600595
CONT2026009533,EXPORT,NSICT,VC202600595
CONT2026009534,EXPORT,NSICT,VC202600595
CONT2026009535,IMPORT,NSICT,VC202600595
CONT2026009536,IMPORT,NSICT,VC202600595
CONT2026009537,EXPORT,NSICT,VC202600595
CONT2026009538,EXPORT,NSICT,VC202600595
CONT2026009539,EXPORT,NSICT,VC202600595
CONT2026009540,IMPORT,NSICT,VC202600595
CONT2026009541,IMPORT,NSICT,VC202600595
CONT2026009542,IMPORT,NSICT,VC202600595
CONT2026009543,EXPORT,NSICT,VC202600595
CONT2026009544,EXPORT,NSICT,VC202600595
CONT2026009545,IMPORT,NSICT,VC202600595
CONT2026009546,EXPORT,NSICT,VC202600595
CONT2026009547,IMPORT,NSICT,VC202600595
CONT2026009548,EXPORT,NSICT,VC202600595
CONT2026009549,IMPORT,NSICT,VC202600595
CONT2026009550,IMPORT,GTI,VC202600596
CONT2026009551,EXPORT,GTI,VC202600596
CONT2026009552,IMPORT,GTI,VC202600596
CONT2026009553,IMPORT,GTI,VC202600596
CONT2026009554,IMPORT,GTI,VC202600596
CONT2026009555,EXPORT,GTI,VC202600596
CONT2026009556,IMPORT,GTI,VC202600596
CONT2026009557,EXPORT,GTI,VC202600596
CONT2026009558,EXPORT,GTI,VC202600596
CONT2026009559,IMPORT,GTI,VC202600596
CONT2026009560,EXPORT,GTI,VC202600596
CONT2026009561,IMPORT,GTI,VC202600596
CONT2026009562,EXPORT,GTI,VC202600596
CONT2026009563,IMPORT,NSICT,VC202600597
CONT2026009564,EXPORT,NSICT,VC202600597
CONT2026009565,EXPORT,NSICT,VC202600597
CONT2026009566,IMPORT,NSICT,VC202600597
CONT2026009567,IMPORT,NSICT,VC202600597
CONT2026009568,EXPORT,NSICT,VC202600597
CONT2026009569,EXPORT,NSICT,VC202600597
CONT2026009570,IMPORT,NSICT,VC202600597
CONT2026009571,EXPORT,NSICT,VC202600597
CONT2026009572,EXPORT,NSICT,VC202600597
CONT2026009573,EXPORT,NSICT,VC202600597
CONT2026009574,EXPORT,NSICT,VC202600597
CONT2026009575,EXPORT,NSICT,VC202600597
CONT2026009576,IMPORT,NSICT,VC202600597
CONT2026009577,EXPORT,NSICT,VC202600597
CONT2026009578,IMPORT,NSICT,VC202600597
CONT2026009579,IMPORT,NSICT,VC202600597
CONT2026009580,IMPORT,NSICT,VC202600597
CONT2026009581,EXPORT,NSICT,VC202600597
CONT2026009582,EXPORT,NSICT,VC202600597
CONT2026009583,EXPORT,NSICT,VC202600597
CONT2026009584,EXPORT,NSICT,VC202600598
CONT2026009585,EXPORT,NSICT,VC202600598
CONT2026009586,IMPORT,NSICT,VC202600598
CONT2026009587,IMPORT,NSICT,VC202600598
CONT2026009588,EXPORT,NSICT,VC202600598
CONT2026009589,EXPORT,NSICT,VC202600598
CONT2026009590,IMPORT,NSICT,VC202600598
CONT2026009591,IMPORT,NSICT,VC202600598
CONT2026009592,EXPORT,NSICT,VC202600599
CONT2026009593,IMPORT,NSICT,VC202600599
CONT2026009594,IMPORT,NSICT,VC202600599
CONT2026009595,IMPORT,NSICT,VC202600599
CONT2026009596,IMPORT,NSICT,VC202600599
CONT2026009597,EXPORT,NSICT,VC202600599
CONT2026009598,EXPORT,NSICT,VC202600599
CONT2026009599,IMPORT,NSICT,VC202600599
CONT2026009600,IMPORT,NSICT,VC202600599
CONT2026009601,EXPORT,NSICT,VC202600599
CONT2026009602,IMPORT,NSICT,VC202600600
CONT2026009603,IMPORT,NSICT,VC202600600
CONT2026009604,IMPORT,NSICT,VC202600600
CONT2026009605,IMPORT,NSICT,VC202600600
CONT2026009606,EXPORT,NSICT,VC202600600
CONT2026009607,IMPORT,NSICT,VC202600600
CONT2026009608,IMPORT,NSICT,VC202600600
CONT2026009609,IMPORT,NSICT,VC202600600
CONT2026009610,EXPORT,NSICT,VC202600600
CONT2026009611,IMPORT,NSIGT,VC202600601
CONT2026009612,EXPORT,NSIGT,VC202600601
CONT2026009613,IMPORT,NSIGT,VC202600601
CONT2026009614,EXPORT,NSIGT,VC202600601
CONT2026009615,EXPORT,NSIGT,VC202600601
CONT2026009616,EXPORT,NSIGT,VC202600601
CONT2026009617,EXPORT,NSIGT,VC202600601
CONT2026009618,IMPORT,NSIGT,VC202600601
CONT2026009619,IMPORT,NSIGT,VC202600601
CONT2026009620,IMPORT,NSIGT,VC202600601
CONT2026009621,EXPORT,NSIGT,VC202600601
CONT2026009622,IMPORT,NSIGT,VC202600601
CONT2026009623,EXPORT,NSIGT,VC202600601
CONT2026009624,IMPORT,NSIGT,VC202600601
CONT2026009625,IMPORT,NSIGT,VC202600601
CONT2026009626,IMPORT,NSIGT,VC202600601
CONT2026009627,EXPORT,NSIGT,VC202600601
CONT2026009628,IMPORT,NSIGT,VC202600601
CONT2026009629,IMPORT,NSIGT,VC202600601
CONT2026009630,EXPORT,NSIGT,VC202600601
CONT2026009631,IMPORT,NSFT,VC202600602
CONT2026009632,EXPORT,NSFT,VC202600602
CONT2026009633,IMPORT,NSFT,VC202600602
CONT2026009634,IMPORT,NSFT,VC202600602
CONT2026009635,IMPORT,NSFT,VC202600602
CONT2026009636,IMPORT,NSFT,VC202600602
CONT2026009637,IMPORT,NSFT,VC202600602
CONT2026009638,IMPORT,NSFT,VC202600602
CONT2026009639,EXPORT,NSFT,VC202600602
CONT2026009640,IMPORT,NSFT,VC202600602
CONT2026009641,IMPORT,NSFT,VC202600602
CONT2026009642,EXPORT,NSFT,VC202600602
CONT2026009643,EXPORT,NSFT,VC202600602
CONT2026009644,EXPORT,NSFT,VC202600602
CONT2026009645,EXPORT,NSFT,VC202600602
CONT2026009646,IMPORT,NSFT,VC202600602
CONT2026009647,IMPORT,NSFT,VC202600602
CONT2026009648,EXPORT,NSFT,VC202600602
CONT2026009649,EXPORT,NSICT,VC202600603
CONT2026009650,IMPORT,NSICT,VC202600603
CONT2026009651,EXPORT,NSICT,VC202600603
CONT2026009652,EXPORT,NSICT,VC202600603
CONT2026009653,IMPORT,NSICT,VC202600603
CONT2026009654,EXPORT,NSICT,VC202600603
CONT2026009655,EXPORT,NSICT,VC202600603
CONT2026009656,IMPORT,NSICT,VC202600603
CONT2026009657,EXPORT,NSICT,VC202600603
CONT2026009658,EXPORT,NSICT,VC202600603
CONT2026009659,IMPORT,GTI,VC202600604
CONT2026009660,EXPORT,GTI,VC202600604
CONT2026009661,IMPORT,GTI,VC202600604
CONT2026009662,IMPORT,GTI,VC202600604
CONT2026009663,IMPORT,GTI,VC202600604
CONT2026009664,IMPORT,GTI,VC202600604
CONT2026009665,EXPORT,GTI,VC202600604
CONT2026009666,EXPORT,GTI,VC202600604
CONT2026009667,EXPORT,GTI,VC202600604
CONT2026009668,EXPORT,GTI,VC202600604
CONT2026009669,IMPORT,NSFT,VC202600605
CONT2026009670,EXPORT,NSFT,VC202600605
CONT2026009671,IMPORT,NSFT,VC202600605
CONT2026009672,IMPORT,NSFT,VC202600605
CONT2026009673,EXPORT,NSFT,VC202600605
CONT2026009674,IMPORT,NSFT,VC202600605
CONT2026009675,IMPORT,NSFT,VC202600605
CONT2026009676,EXPORT,NSFT,VC202600605
CONT2026009677,IMPORT,NSFT,VC202600605
CONT2026009678,IMPORT,NSFT,VC202600605
CONT2026009679,IMPORT,NSFT,VC202600605
CONT2026009680,EXPORT,NSFT,VC202600605
CONT2026009681,EXPORT,NSFT,VC202600605
CONT2026009682,IMPORT,NSFT,VC202600605
CONT2026009683,EXPORT,NSFT,VC202600605
CONT2026009684,EXPORT,NSFT,VC202600605
CONT2026009685,IMPORT,NSFT,VC202600605
CONT2026009686,IMPORT,NSFT,VC202600605
CONT2026009687,EXPORT,NSFT,VC202600605
CONT2026009688,EXPORT,NSFT,VC202600605
CONT2026009689,EXPORT,NSFT,VC202600605
CONT2026009690,EXPORT,NSFT,VC202600605
CONT2026009691,EXPORT,NSFT,VC202600605
CONT2026009692,EXPORT,NSFT,VC202600605
CONT2026009693,IMPORT,NSFT,VC202600605
CONT2026009694,IMPORT,NSFT,VC202600605
CONT2026009695,IMPORT,NSFT,VC202600605
CONT2026009696,IMPORT,NSFT,VC202600605
CONT2026009697,IMPORT,NSFT,VC202600605
CONT2026009698,IMPORT,NSFT,VC202600605
CONT2026009699,IMPORT,NSFT,VC202600605
CONT2026009700,EXPORT,NSFT,VC202600605
CONT2026009701,EXPORT,NSFT,VC202600605
CONT2026009702,IMPORT,NSFT,VC202600605
CONT2026009703,EXPORT,NSFT,VC202600605
CONT2026009704,EXPORT,NSFT,VC202600605
CONT2026009705,IMPORT,NSFT,VC202600605
CONT2026009706,IMPORT,NSFT,VC202600605
CONT2026009707,IMPORT,NSFT,VC202600605
CONT2026009708,IMPORT,NSFT,VC202600605
CONT2026009709,IMPORT,NSFT,VC202600605
CONT2026009710,IMPORT,NSFT,VC202600605
CONT2026009711,EXPORT,NSFT,VC202600605
CONT2026009712,IMPORT,NSFT,VC202600605
CONT2026009713,IMPORT,NSFT,VC202600605
CONT2026009714,EXPORT,NSFT,VC202600605
CONT2026009715,IMPORT,NSFT,VC202600605
CONT2026009716,IMPORT,NSFT,VC202600605
CONT2026009717,IMPORT,NSFT,VC202600605
CONT2026009718,IMPORT,NSFT,VC202600605
CONT2026009719,EXPORT,NSIGT,VC202600606
CONT2026009720,IMPORT,NSIGT,VC202600606
CONT2026009721,IMPORT,NSIGT,VC202600606
CONT2026009722,EXPORT,NSIGT,VC202600606
CONT2026009723,IMPORT,NSIGT,VC202600606
CONT2026009724,EXPORT,NSIGT,VC202600606
CONT2026009725,IMPORT,NSIGT,VC202600606
CONT2026009726,IMPORT,NSIGT,VC202600606
CONT2026009727,EXPORT,NSIGT,VC202600606
CONT2026009728,IMPORT,NSIGT,VC202600606
CONT2026009729,EXPORT,NSIGT,VC202600606
CONT2026009730,IMPORT,NSIGT,VC202600606
CONT2026009731,IMPORT,NSIGT,VC202600606
CONT2026009732,EXPORT,GTI,VC202600607
CONT2026009733,EXPORT,GTI,VC202600607
CONT2026009734,EXPORT,GTI,VC202600607
CONT2026009735,EXPORT,GTI,VC202600607
CONT2026009736,IMPORT,GTI,VC202600607
CONT2026009737,EXPORT,GTI,VC202600607
CONT2026009738,IMPORT,GTI,VC202600607
CONT2026009739,IMPORT,GTI,VC202600607
CONT2026009740,IMPORT,NSFT,VC202600608
CONT2026009741,EXPORT,NSFT,VC202600608
CONT2026009742,EXPORT,NSFT,VC202600608
CONT2026009743,EXPORT,NSFT,VC202600608
CONT2026009744,IMPORT,NSFT,VC202600608
CONT2026009745,EXPORT,NSFT,VC202600608
CONT2026009746,EXPORT,NSFT,VC202600608
CONT2026009747,EXPORT,NSFT,VC202600608
CONT2026009748,IMPORT,NSFT,VC202600608
CONT2026009749,IMPORT,NSFT,VC202600608
CONT2026009750,EXPORT,NSFT,VC202600608
CONT2026009751,EXPORT,NSFT,VC202600608
CONT2026009752,IMPORT,NSFT,VC202600608
CONT2026009753,IMPORT,NSFT,VC202600608
CONT2026009754,EXPORT,NSFT,VC202600608
CONT2026009755,EXPORT,NSFT,VC202600608
CONT2026009756,EXPORT,NSFT,VC202600608
CONT2026009757,EXPORT,NSFT,VC202600608
CONT2026009758,EXPORT,NSFT,VC202600608
CONT2026009759,IMPORT,NSFT,VC202600608
CONT2026009760,IMPORT,NSFT,VC202600608
CONT2026009761,EXPORT,NSICT,VC202600609
CONT2026009762,IMPORT,NSICT,VC202600609
CONT2026009763,IMPORT,NSICT,VC202600609
CONT2026009764,IMPORT,NSICT,VC202600609
CONT2026009765,IMPORT,NSICT,VC202600609
CONT2026009766,EXPORT,NSICT,VC202600609
CONT2026009767,IMPORT,NSICT,VC202600609
CONT2026009768,EXPORT,NSICT,VC202600609
CONT2026009769,EXPORT,NSICT,VC202600609
CONT2026009770,IMPORT,NSICT,VC202600609
CONT2026009771,IMPORT,NSICT,VC202600609
CONT2026009772,EXPORT,NSICT,VC202600609
CONT2026009773,IMPORT,NSICT,VC202600609
CONT2026009774,IMPORT,NSICT,VC202600609
CONT2026009775,IMPORT,NSICT,VC202600609
CONT2026009776,IMPORT,NSICT,VC202600609
CONT2026009777,EXPORT,NSICT,VC202600609
CONT2026009778,EXPORT,NSICT,VC202600609
CONT2026009779,EXPORT,NSICT,VC202600609
CONT2026009780,IMPORT,NSICT,VC202600610
CONT2026009781,EXPORT,NSICT,VC202600610
CONT2026009782,IMPORT,NSICT,VC202600610
CONT2026009783,IMPORT,NSICT,VC202600610
CONT2026009784,IMPORT,NSICT,VC202600610
CONT2026009785,IMPORT,NSICT,VC202600610
CONT2026009786,IMPORT,NSICT,VC202600610
CONT2026009787,EXPORT,NSICT,VC202600610
CONT2026009788,IMPORT,NSICT,VC202600610
CONT2026009789,IMPORT,NSICT,VC202600610
CONT2026009790,IMPORT,NSICT,VC202600610
CONT2026009791,IMPORT,NSICT,VC202600610
CONT2026009792,IMPORT,NSICT,VC202600610
CONT2026009793,IMPORT,NSICT,VC202600610
CONT2026009794,IMPORT,NSFT,VC202600611
CONT2026009795,IMPORT,NSFT,VC202600611
CONT2026009796,IMPORT,NSFT,VC202600611
CONT2026009797,IMPORT,NSFT,VC202600611
CONT2026009798,EXPORT,NSFT,VC202600611
CONT2026009799,EXPORT,NSFT,VC202600611
CONT2026009800,EXPORT,NSFT,VC202600611
CONT2026009801,EXPORT,NSFT,VC202600611
CONT2026009802,IMPORT,NSFT,VC202600611
CONT2026009803,EXPORT,NSFT,VC202600611
CONT2026009804,EXPORT,NSFT,VC202600611
CONT2026009805,IMPORT,NSFT,VC202600611
CONT2026009806,EXPORT,NSFT,VC202600611
CONT2026009807,EXPORT,NSFT,VC202600611
CONT2026009808,EXPORT,NSFT,VC202600611
CONT2026009809,EXPORT,NSFT,VC202600611
CONT2026009810,IMPORT,NSIGT,VC202600612
CONT2026009811,EXPORT,NSIGT,VC202600612
CONT2026009812,IMPORT,NSIGT,VC202600612
CONT2026009813,EXPORT,NSIGT,VC202600612
CONT2026009814,IMPORT,NSIGT,VC202600612
CONT2026009815,IMPORT,NSIGT,VC202600612
CONT2026009816,EXPORT,NSIGT,VC202600612
CONT2026009817,EXPORT,NSIGT,VC202600612
CONT2026009818,IMPORT,NSIGT,VC202600612
CONT2026009819,EXPORT,NSIGT,VC202600612
CONT2026009820,EXPORT,NSIGT,VC202600612
CONT2026009821,IMPORT,NSIGT,VC202600612
CONT2026009822,EXPORT,NSIGT,VC202600612
CONT2026009823,IMPORT,NSIGT,VC202600612
CONT2026009824,EXPORT,NSIGT,VC202600612
CONT2026009825,EXPORT,NSIGT,VC202600612
CONT2026009826,EXPORT,NSIGT,VC202600612
CONT2026009827,EXPORT,NSIGT,VC202600613
CONT2026009828,EXPORT,NSIGT,VC202600613
CONT2026009829,EXPORT,NSIGT,VC202600613
CONT2026009830,EXPORT,NSIGT,VC202600613
CONT2026009831,IMPORT,NSIGT,VC202600613
CONT2026009832,EXPORT,NSIGT,VC202600613
CONT2026009833,IMPORT,NSIGT,VC202600613
CONT2026009834,IMPORT,NSIGT,VC202600613
CONT2026009835,IMPORT,NSIGT,VC202600613
CONT2026009836,EXPORT,NSIGT,VC202600613
CONT2026009837,IMPORT,NSIGT,VC202600613
CONT2026009838,IMPORT,NSIGT,VC202600613
CONT2026009839,IMPORT,NSIGT,VC202600613
CONT2026009840,IMPORT,NSIGT,VC202600613
CONT2026009841,EXPORT,NSIGT,VC202600613
CONT2026009842,EXPORT,NSIGT,VC202600613
CONT2026009843,IMPORT,NSIGT,VC202600613
CONT2026009844,EXPORT,NSIGT,VC202600613
CONT2026009845,EXPORT,NSIGT,VC202600613
CONT2026009846,EXPORT,NSIGT,VC202600613
CONT2026009847,EXPORT,NSIGT,VC202600613
CONT2026009848,EXPORT,NSIGT,VC202600613
CONT2026009849,EXPORT,NSIGT,VC202600613
CONT2026009850,EXPORT,NSIGT,VC202600613
CONT2026009851,IMPORT,NSIGT,VC202600613
CONT2026009852,IMPORT,NSIGT,VC202600613
CONT2026009853,EXPORT,NSIGT,VC202600613
CONT2026009854,EXPORT,GTI,VC202600614
CONT2026009855,EXPORT,GTI,VC202600614
CONT2026009856,EXPORT,GTI,VC202600614
CONT2026009857,EXPORT,GTI,VC202600614
CONT2026009858,IMPORT,GTI,VC202600614
CONT2026009859,EXPORT,GTI,VC202600614
CONT2026009860,EXPORT,GTI,VC202600614
CONT2026009861,IMPORT,GTI,VC202600614
CONT2026009862,IMPORT,GTI,VC202600614
CONT2026009863,EXPORT,GTI,VC202600614
CONT2026009864,IMPORT,GTI,VC202600614
CONT2026009865,IMPORT,GTI,VC202600614
CONT2026009866,IMPORT,GTI,VC202600614
CONT2026009867,IMPORT,GTI,VC202600614
CONT2026009868,EXPORT,NSFT,VC202600615
CONT2026009869,EXPORT,NSFT,VC202600615
CONT2026009870,EXPORT,NSFT,VC202600615
CONT2026009871,IMPORT,NSFT,VC202600615
CONT2026009872,EXPORT,NSFT,VC202600615
CONT2026009873,IMPORT,NSFT,VC202600615
CONT2026009874,EXPORT,NSFT,VC202600615
CONT2026009875,IMPORT,NSFT,VC202600615
CONT2026009876,IMPORT,NSFT,VC202600615
CONT2026009877,IMPORT,NSFT,VC202600615
CONT2026009878,IMPORT,NSFT,VC202600615
CONT2026009879,IMPORT,NSFT,VC202600615
CONT2026009880,IMPORT,NSFT,VC202600615
CONT2026009881,EXPORT,NSFT,VC202600615
CONT2026009882,EXPORT,NSFT,VC202600615
CONT2026009883,IMPORT,NSFT,VC202600615
CONT2026009884,IMPORT,NSFT,VC202600615
CONT2026009885,IMPORT,NSFT,VC202600615
CONT2026009886,IMPORT,NSFT,VC202600615
CONT2026009887,IMPORT,NSICT,VC202600616
CONT2026009888,IMPORT,NSICT,VC202600616
CONT2026009889,IMPORT,NSICT,VC202600616
CONT2026009890,EXPORT,NSICT,VC202600616
CONT2026009891,EXPORT,NSICT,VC202600616
CONT2026009892,EXPORT,NSICT,VC202600616
CONT2026009893,EXPORT,NSICT,VC202600616
CONT2026009894,IMPORT,NSICT,VC202600616
CONT2026009895,EXPORT,NSICT,VC202600616
CONT2026009896,IMPORT,NSICT,VC202600616
CONT2026009897,IMPORT,NSICT,VC202600616
CONT2026009898,EXPORT,NSICT,VC202600616
CONT2026009899,IMPORT,NSICT,VC202600616
CONT2026009900,EXPORT,BMCT,VC202600617
CONT2026009901,EXPORT,BMCT,VC202600617
CONT2026009902,IMPORT,BMCT,VC202600617
CONT2026009903,IMPORT,BMCT,VC202600617
CONT2026009904,IMPORT,BMCT,VC202600617
CONT2026009905,EXPORT,BMCT,VC202600617
CONT2026009906,IMPORT,GTI,VC202600618
CONT2026009907,EXPORT,GTI,VC202600618
CONT2026009908,IMPORT,GTI,VC202600618
CONT2026009909,EXPORT,GTI,VC202600618
CONT2026009910,EXPORT,GTI,VC202600618
CONT2026009911,IMPORT,GTI,VC202600618
CONT2026009912,EXPORT,GTI,VC202600619
CONT2026009913,IMPORT,GTI,VC202600619
CONT2026009914,EXPORT,GTI,VC202600619
CONT2026009915,IMPORT,GTI,VC202600619
CONT2026009916,EXPORT,GTI,VC202600619
CONT2026009917,IMPORT,GTI,VC202600619
CONT2026009918,EXPORT,GTI,VC202600619
CONT2026009919,IMPORT,GTI,VC202600619
CONT2026009920,EXPORT,GTI,VC202600619
CONT2026009921,EXPORT,GTI,VC202600619
CONT2026009922,EXPORT,GTI,VC202600619
CONT2026009923,IMPORT,GTI,VC202600619
CONT2026009924,IMPORT,GTI,VC202600619
CONT2026009925,IMPORT,GTI,VC202600619
CONT2026009926,EXPORT,GTI,VC202600619
CONT2026009927,IMPORT,GTI,VC202600619
CONT2026009928,IMPORT,GTI,VC202600619
CONT2026009929,IMPORT,GTI,VC202600619
CONT2026009930,IMPORT,GTI,VC202600619
CONT2026009931,IMPORT,BMCT,VC202600620
CONT2026009932,EXPORT,BMCT,VC202600620
CONT2026009933,EXPORT,BMCT,VC202600620
CONT2026009934,IMPORT,BMCT,VC202600620
CONT2026009935,IMPORT,BMCT,VC202600620
CONT2026009936,EXPORT,BMCT,VC202600620
CONT2026009937,IMPORT,BMCT,VC202600621
CONT2026009938,IMPORT,BMCT,VC202600621
CONT2026009939,EXPORT,BMCT,VC202600621
CONT2026009940,IMPORT,BMCT,VC202600621
CONT2026009941,IMPORT,BMCT,VC202600621
CONT2026009942,IMPORT,BMCT,VC202600621
CONT2026009943,IMPORT,BMCT,VC202600621
CONT2026009944,IMPORT,BMCT,VC202600621
CONT2026009945,EXPORT,BMCT,VC202600621
CONT2026009946,IMPORT,BMCT,VC202600621
CONT2026009947,EXPORT,BMCT,VC202600621
CONT2026009948,IMPORT,BMCT,VC202600621
CONT2026009949,IMPORT,BMCT,VC202600621
CONT2026009950,IMPORT,BMCT,VC202600621
CONT2026009951,EXPORT,BMCT,VC202600621
CONT2026009952,EXPORT,BMCT,VC202600621
CONT2026009953,IMPORT,BMCT,VC202600621
CONT2026009954,IMPORT,BMCT,VC202600621
CONT2026009955,IMPORT,BMCT,VC202600621
CONT2026009956,IMPORT,BMCT,VC202600622
CONT2026009957,IMPORT,BMCT,VC202600622
CONT2026009958,EXPORT,BMCT,VC202600622
CONT2026009959,EXPORT,BMCT,VC202600622
CONT2026009960,EXPORT,BMCT,VC202600622
CONT2026009961,EXPORT,BMCT,VC202600622
CONT2026009962,IMPORT,BMCT,VC202600622
CONT2026009963,EXPORT,BMCT,VC202600622
CONT2026009964,EXPORT,BMCT,VC202600622
CONT2026009965,EXPORT,BMCT,VC202600622
CONT2026009966,EXPORT,BMCT,VC202600622
CONT2026009967,EXPORT,BMCT,VC202600622
CONT2026009968,IMPORT,BMCT,VC202600622
CONT2026009969,EXPORT,BMCT,VC202600622
CONT2026009970,IMPORT,BMCT,VC202600622
CONT2026009971,EXPORT,BMCT,VC202600622
CONT2026009972,EXPORT,BMCT,VC202600622
CONT2026009973,EXPORT,BMCT,VC202600622
CONT2026009974,EXPORT,BMCT,VC202600622
CONT2026009975,EXPORT,BMCT,VC202600623
CONT2026009976,EXPORT,BMCT,VC202600623
CONT2026009977,EXPORT,BMCT,VC202600623
CONT2026009978,IMPORT,BMCT,VC202600623
CONT2026009979,EXPORT,BMCT,VC202600623
CONT2026009980,EXPORT,BMCT,VC202600623
CONT2026009981,IMPORT,BMCT,VC202600623
CONT2026009982,EXPORT,BMCT,VC202600623
CONT2026009983,EXPORT,BMCT,VC202600623
CONT2026009984,EXPORT,BMCT,VC202600623
CONT2026009985,IMPORT,BMCT,VC202600623
CONT2026009986,EXPORT,BMCT,VC202600623
CONT2026009987,EXPORT,BMCT,VC202600623
CONT2026009988,IMPORT,BMCT,VC202600623
CONT2026009989,IMPORT,BMCT,VC202600623
CONT2026009990,IMPORT,BMCT,VC202600623
CONT2026009991,IMPORT,BMCT,VC202600623
CONT2026009992,IMPORT,BMCT,VC202600623
CONT2026009993,IMPORT,BMCT,VC202600623
CONT2026009994,IMPORT,BMCT,VC202600623
CONT2026009995,IMPORT,BMCT,VC202600623
CONT2026009996,IMPORT,BMCT,VC202600623
CONT2026009997,EXPORT,BMCT,VC202600624
CONT2026009998,IMPORT,BMCT,VC202600624
CONT2026009999,IMPORT,BMCT,VC202600624
CONT2026010000,IMPORT,BMCT,VC202600624
CONT2026010001,IMPORT,BMCT,VC202600624
CONT2026010002,EXPORT,BMCT,VC202600624
CONT2026010003,EXPORT,BMCT,VC202600624
CONT2026010004,IMPORT,BMCT,VC202600624
CONT2026010005,IMPORT,BMCT,VC202600624
CONT2026010006,IMPORT,BMCT,VC202600624
CONT2026010007,IMPORT,BMCT,VC202600624
CONT2026010008,EXPORT,BMCT,VC202600624
CONT2026010009,IMPORT,BMCT,VC202600624
CONT2026010010,EXPORT,BMCT,VC202600624
CONT2026010011,IMPORT,BMCT,VC202600624
CONT2026010012,IMPORT,BMCT,VC202600624
CONT2026010013,EXPORT,BMCT,VC202600624
CONT2026010014,EXPORT,BMCT,VC202600625
CONT2026010015,EXPORT,BMCT,VC202600625
CONT2026010016,IMPORT,BMCT,VC202600625
CONT2026010017,EXPORT,BMCT,VC202600625
CONT2026010018,EXPORT,BMCT,VC202600625
CONT2026010019,EXPORT,BMCT,VC202600625
CONT2026010020,IMPORT,BMCT,VC202600625
CONT2026010021,IMPORT,BMCT,VC202600625
CONT2026010022,IMPORT,BMCT,VC202600625
CONT2026010023,EXPORT,BMCT,VC202600625
CONT2026010024,EXPORT,BMCT,VC202600625
CONT2026010025,IMPORT,BMCT,VC202600625
CONT2026010026,IMPORT,BMCT,VC202600625
CONT2026010027,IMPORT,BMCT,VC202600625
CONT2026010028,IMPORT,BMCT,VC202600625
CONT2026010029,IMPORT,BMCT,VC202600625
CONT2026010030,EXPORT,BMCT,VC202600625
CONT2026010031,EXPORT,BMCT,VC202600625
CONT2026010032,EXPORT,BMCT,VC202600625
CONT2026010033,IMPORT,BMCT,VC202600625
CONT2026010034,IMPORT,BMCT,VC202600625
CONT2026010035,IMPORT,BMCT,VC202600625
CONT2026010036,IMPORT,BMCT,VC202600625
CONT2026010037,EXPORT,BMCT,VC202600625
CONT2026010038,IMPORT,BMCT,VC202600625
CONT2026010039,IMPORT,BMCT,VC202600625
CONT2026010040,EXPORT,BMCT,VC202600625
CONT2026010041,IMPORT,NSFT,VC202600626
CONT2026010042,EXPORT,NSFT,VC202600626
CONT2026010043,EXPORT,NSFT,VC202600626
CONT2026010044,IMPORT,NSFT,VC202600626
CONT2026010045,EXPORT,NSFT,VC202600626
CONT2026010046,EXPORT,NSFT,VC202600626
CONT2026010047,IMPORT,NSFT,VC202600626
CONT2026010048,EXPORT,NSFT,VC202600626
CONT2026010049,EXPORT,NSFT,VC202600626
CONT2026010050,EXPORT,NSFT,VC202600626
CONT2026010051,IMPORT,NSFT,VC202600626
CONT2026010052,IMPORT,NSFT,VC202600626
CONT2026010053,IMPORT,NSFT,VC202600626
CONT2026010054,EXPORT,NSFT,VC202600626
CONT2026010055,EXPORT,NSFT,VC202600626
CONT2026010056,EXPORT,NSFT,VC202600626
CONT2026010057,IMPORT,NSFT,VC202600626
CONT2026010058,EXPORT,NSFT,VC202600626
CONT2026010059,IMPORT,NSFT,VC202600626
CONT2026010060,EXPORT,NSFT,VC202600626
CONT2026010061,IMPORT,NSFT,VC202600626
CONT2026010062,EXPORT,NSFT,VC202600626
CONT2026010063,IMPORT,NSFT,VC202600626
CONT2026010064,EXPORT,NSFT,VC202600626
CONT2026010065,IMPORT,NSFT,VC202600626
CONT2026010066,EXPORT,NSICT,VC202600627
CONT2026010067,EXPORT,NSICT,VC202600627
CONT2026010068,EXPORT,NSICT,VC202600627
CONT2026010069,EXPORT,NSICT,VC202600627
CONT2026010070,EXPORT,NSICT,VC202600627
CONT2026010071,EXPORT,NSICT,VC202600627
CONT2026010072,EXPORT,NSICT,VC202600627
CONT2026010073,IMPORT,NSICT,VC202600627
CONT2026010074,EXPORT,NSICT,VC202600627
CONT2026010075,EXPORT,NSICT,VC202600627
CONT2026010076,EXPORT,GTI,VC202600628
CONT2026010077,EXPORT,GTI,VC202600628
CONT2026010078,IMPORT,GTI,VC202600628
CONT2026010079,EXPORT,GTI,VC202600628
CONT2026010080,IMPORT,GTI,VC202600628
CONT2026010081,IMPORT,GTI,VC202600628
CONT2026010082,EXPORT,GTI,VC202600628
CONT2026010083,EXPORT,GTI,VC202600628
CONT2026010084,EXPORT,GTI,VC202600628
CONT2026010085,EXPORT,GTI,VC202600628
CONT2026010086,IMPORT,GTI,VC202600628
CONT2026010087,EXPORT,GTI,VC202600628
CONT2026010088,EXPORT,GTI,VC202600628
CONT2026010089,EXPORT,GTI,VC202600628
CONT2026010090,EXPORT,GTI,VC202600628
CONT2026010091,EXPORT,GTI,VC202600628
CONT2026010092,IMPORT,GTI,VC202600628
CONT2026010093,EXPORT,GTI,VC202600628
CONT2026010094,EXPORT,GTI,VC202600628
CONT2026010095,IMPORT,GTI,VC202600628
CONT2026010096,IMPORT,GTI,VC202600628
CONT2026010097,IMPORT,GTI,VC202600628
CONT2026010098,IMPORT,GTI,VC202600628
CONT2026010099,IMPORT,GTI,VC202600628
CONT2026010100,IMPORT,GTI,VC202600628
CONT2026010101,IMPORT,GTI,VC202600628
CONT2026010102,EXPORT,GTI,VC202600628
CONT2026010103,EXPORT,GTI,VC202600628
CONT2026010104,EXPORT,GTI,VC202600628
CONT2026010105,IMPORT,GTI,VC202600628
CONT2026010106,EXPORT,GTI,VC202600628
CONT2026010107,IMPORT,GTI,VC202600628
CONT2026010108,EXPORT,GTI,VC202600628
CONT2026010109,EXPORT,GTI,VC202600628
CONT2026010110,IMPORT,GTI,VC202600628
CONT2026010111,EXPORT,GTI,VC202600628
CONT2026010112,EXPORT,GTI,VC202600628
CONT2026010113,IMPORT,GTI,VC202600628
CONT2026010114,IMPORT,GTI,VC202600628
CONT2026010115,EXPORT,GTI,VC202600628
CONT2026010116,EXPORT,GTI,VC202600628
CONT2026010117,EXPORT,GTI,VC202600628
CONT2026010118,IMPORT,GTI,VC202600628
CONT2026010119,EXPORT,GTI,VC202600628
CONT2026010120,IMPORT,GTI,VC202600629
CONT2026010121,EXPORT,GTI,VC202600629
CONT2026010122,EXPORT,GTI,VC202600629
CONT2026010123,EXPORT,GTI,VC202600629
CONT2026010124,IMPORT,GTI,VC202600629
CONT2026010125,IMPORT,GTI,VC202600629
CONT2026010126,EXPORT,GTI,VC202600629
CONT2026010127,IMPORT,GTI,VC202600629
CONT2026010128,EXPORT,GTI,VC202600629
CONT2026010129,IMPORT,GTI,VC202600629
CONT2026010130,EXPORT,GTI,VC202600629
CONT2026010131,IMPORT,GTI,VC202600629
CONT2026010132,EXPORT,GTI,VC202600629
CONT2026010133,IMPORT,GTI,VC202600629
CONT2026010134,EXPORT,GTI,VC202600629
CONT2026010135,IMPORT,GTI,VC202600629
CONT2026010136,EXPORT,GTI,VC202600629
CONT2026010137,EXPORT,NSICT,VC202600630
CONT2026010138,EXPORT,NSICT,VC202600630
CONT2026010139,IMPORT,NSICT,VC202600630
CONT2026010140,EXPORT,NSICT,VC202600630
CONT2026010141,IMPORT,NSICT,VC202600630
CONT2026010142,EXPORT,NSICT,VC202600630
CONT2026010143,EXPORT,NSICT,VC202600630
CONT2026010144,IMPORT,NSICT,VC202600630
CONT2026010145,IMPORT,NSICT,VC202600630
CONT2026010146,IMPORT,NSICT,VC202600631
CONT2026010147,IMPORT,NSICT,VC202600631
CONT2026010148,IMPORT,NSICT,VC202600631
CONT2026010149,EXPORT,NSICT,VC202600631
CONT2026010150,IMPORT,NSICT,VC202600631
CONT2026010151,IMPORT,NSICT,VC202600631
CONT2026010152,EXPORT,NSICT,VC202600631
CONT2026010153,EXPORT,NSICT,VC202600631
CONT2026010154,EXPORT,NSICT,VC202600631
CONT2026010155,IMPORT,NSICT,VC202600631
CONT2026010156,IMPORT,NSICT,VC202600631
CONT2026010157,EXPORT,NSICT,VC202600631
CONT2026010158,IMPORT,NSICT,VC202600631
CONT2026010159,IMPORT,NSICT,VC202600631
CONT2026010160,EXPORT,NSICT,VC202600631
CONT2026010161,IMPORT,NSICT,VC202600631
CONT2026010162,IMPORT,NSICT,VC202600631
CONT2026010163,EXPORT,NSICT,VC202600631
CONT2026010164,IMPORT,NSICT,VC202600631
CONT2026010165,EXPORT,NSICT,VC202600631
CONT2026010166,EXPORT,NSICT,VC202600631
CONT2026010167,EXPORT,NSICT,VC202600631
CONT2026010168,EXPORT,NSICT,VC202600631
CONT2026010169,EXPORT,NSICT,VC202600631
CONT2026010170,EXPORT,NSICT,VC202600631
CONT2026010171,IMPORT,NSICT,VC202600631
CONT2026010172,EXPORT,NSICT,VC202600631
CONT2026010173,IMPORT,NSIGT,VC202600632
CONT2026010174,IMPORT,NSIGT,VC202600632
CONT2026010175,IMPORT,NSIGT,VC202600632
CONT2026010176,IMPORT,NSIGT,VC202600632
CONT2026010177,IMPORT,NSIGT,VC202600632
CONT2026010178,EXPORT,NSIGT,VC202600632
CONT2026010179,EXPORT,NSIGT,VC202600632
CONT2026010180,EXPORT,NSIGT,VC202600632
CONT2026010181,IMPORT,NSIGT,VC202600632
CONT2026010182,EXPORT,NSIGT,VC202600632
CONT2026010183,EXPORT,NSIGT,VC202600632
CONT2026010184,IMPORT,NSIGT,VC202600632
CONT2026010185,EXPORT,NSIGT,VC202600632
CONT2026010186,IMPORT,NSIGT,VC202600632
CONT2026010187,IMPORT,NSIGT,VC202600632
CONT2026010188,IMPORT,NSIGT,VC202600632
CONT2026010189,EXPORT,NSIGT,VC202600632
CONT2026010190,EXPORT,NSIGT,VC202600632
CONT2026010191,IMPORT,NSIGT,VC202600632
CONT2026010192,EXPORT,NSIGT,VC202600632
CONT2026010193,EXPORT,NSIGT,VC202600632
CONT2026010194,IMPORT,NSIGT,VC202600632
CONT2026010195,EXPORT,NSIGT,VC202600632
CONT2026010196,EXPORT,NSIGT,VC202600632
CONT2026010197,IMPORT,NSIGT,VC202600632
CONT2026010198,EXPORT,NSIGT,VC202600632
CONT2026010199,EXPORT,NSIGT,VC202600632
CONT2026010200,IMPORT,NSIGT,VC202600632
CONT2026010201,EXPORT,NSIGT,VC202600632
CONT2026010202,EXPORT,NSIGT,VC202600632
CONT2026010203,EXPORT,NSIGT,VC202600632
CONT2026010204,EXPORT,NSIGT,VC202600632
CONT2026010205,IMPORT,NSIGT,VC202600633
CONT2026010206,EXPORT,NSIGT,VC202600633
CONT2026010207,EXPORT,NSIGT,VC202600633
CONT2026010208,EXPORT,NSIGT,VC202600633
CONT2026010209,EXPORT,NSIGT,VC202600633
CONT2026010210,EXPORT,NSIGT,VC202600633
CONT2026010211,IMPORT,NSIGT,VC202600633
CONT2026010212,IMPORT,NSIGT,VC202600633
CONT2026010213,IMPORT,NSIGT,VC202600633
CONT2026010214,EXPORT,NSIGT,VC202600633
CONT2026010215,EXPORT,GTI,VC202600634
CONT2026010216,EXPORT,GTI,VC202600634
CONT2026010217,IMPORT,GTI,VC202600634
CONT2026010218,IMPORT,GTI,VC202600634
CONT2026010219,IMPORT,GTI,VC202600634
CONT2026010220,EXPORT,GTI,VC202600634
CONT2026010221,EXPORT,NSICT,VC202600635
CONT2026010222,IMPORT,NSICT,VC202600635
CONT2026010223,EXPORT,NSICT,VC202600635
CONT2026010224,IMPORT,NSICT,VC202600635
CONT2026010225,EXPORT,NSICT,VC202600635
CONT2026010226,EXPORT,NSICT,VC202600635
CONT2026010227,EXPORT,NSICT,VC202600635
CONT2026010228,IMPORT,NSIGT,VC202600636
CONT2026010229,EXPORT,NSIGT,VC202600636
CONT2026010230,EXPORT,NSIGT,VC202600636
CONT2026010231,EXPORT,NSIGT,VC202600636
CONT2026010232,EXPORT,NSIGT,VC202600636
CONT2026010233,EXPORT,NSIGT,VC202600636
CONT2026010234,EXPORT,NSIGT,VC202600636
CONT2026010235,IMPORT,NSIGT,VC202600636
CONT2026010236,IMPORT,NSIGT,VC202600636
CONT2026010237,EXPORT,NSIGT,VC202600636
CONT2026010238,IMPORT,NSIGT,VC202600636
CONT2026010239,EXPORT,NSIGT,VC202600636
CONT2026010240,EXPORT,NSIGT,VC202600636
CONT2026010241,IMPORT,NSIGT,VC202600636
CONT2026010242,EXPORT,NSIGT,VC202600636
CONT2026010243,IMPORT,GTI,VC202600637
CONT2026010244,EXPORT,GTI,VC202600637
CONT2026010245,IMPORT,GTI,VC202600637
CONT2026010246,EXPORT,GTI,VC202600637
CONT2026010247,IMPORT,GTI,VC202600637
CONT2026010248,IMPORT,GTI,VC202600637
CONT2026010249,IMPORT,GTI,VC202600637
CONT2026010250,EXPORT,GTI,VC202600637
CONT2026010251,EXPORT,GTI,VC202600637
CONT2026010252,IMPORT,GTI,VC202600637
CONT2026010253,IMPORT,GTI,VC202600637
CONT2026010254,EXPORT,GTI,VC202600637
CONT2026010255,IMPORT,GTI,VC202600637
CONT2026010256,IMPORT,GTI,VC202600637
CONT2026010257,IMPORT,NSICT,VC202600638
CONT2026010258,IMPORT,NSICT,VC202600638
CONT2026010259,IMPORT,NSICT,VC202600638
CONT2026010260,IMPORT,NSICT,VC202600638
CONT2026010261,IMPORT,NSICT,VC202600638
CONT2026010262,EXPORT,NSICT,VC202600638
CONT2026010263,IMPORT,NSICT,VC202600638
CONT2026010264,EXPORT,NSICT,VC202600638
CONT2026010265,IMPORT,NSICT,VC202600638
CONT2026010266,IMPORT,NSICT,VC202600639
CONT2026010267,EXPORT,NSICT,VC202600639
CONT2026010268,IMPORT,NSICT,VC202600639
CONT2026010269,IMPORT,NSICT,VC202600639
CONT2026010270,IMPORT,NSICT,VC202600639
CONT2026010271,IMPORT,NSICT,VC202600639
CONT2026010272,IMPORT,NSICT,VC202600639
CONT2026010273,EXPORT,NSICT,VC202600639
CONT2026010274,IMPORT,NSICT,VC202600639
CONT2026010275,EXPORT,NSICT,VC202600639
CONT2026010276,EXPORT,NSICT,VC202600639
CONT2026010277,IMPORT,NSICT,VC202600639
CONT2026010278,EXPORT,NSICT,VC202600639
CONT2026010279,EXPORT,NSICT,VC202600639
CONT2026010280,IMPORT,NSICT,VC202600639
CONT2026010281,EXPORT,NSICT,VC202600639
CONT2026010282,EXPORT,NSICT,VC202600639
CONT2026010283,EXPORT,NSICT,VC202600639
CONT2026010284,IMPORT,NSICT,VC202600639
CONT2026010285,IMPORT,NSICT,VC202600639
CONT2026010286,EXPORT,NSICT,VC202600640
CONT2026010287,IMPORT,NSICT,VC202600640
CONT2026010288,EXPORT,NSICT,VC202600640
CONT2026010289,IMPORT,NSICT,VC202600640
CONT2026010290,EXPORT,NSICT,VC202600640
CONT2026010291,IMPORT,NSICT,VC202600640
CONT2026010292,IMPORT,NSICT,VC202600640
CONT2026010293,IMPORT,NSICT,VC202600640
CONT2026010294,EXPORT,NSICT,VC202600640
CONT2026010295,EXPORT,NSICT,VC202600640
CONT2026010296,EXPORT,NSICT,VC202600640
CONT2026010297,IMPORT,NSICT,VC202600640
CONT2026010298,IMPORT,NSICT,VC202600640
CONT2026010299,EXPORT,NSICT,VC202600640
CONT2026010300,EXPORT,NSICT,VC202600640
CONT2026010301,IMPORT,NSICT,VC202600640
CONT2026010302,EXPORT,NSICT,VC202600640
CONT2026010303,EXPORT,NSICT,VC202600640
CONT2026010304,EXPORT,NSICT,VC202600640
CONT2026010305,IMPORT,NSICT,VC202600640
CONT2026010306,IMPORT,NSICT,VC202600640
CONT2026010307,EXPORT,NSICT,VC202600641
CONT2026010308,IMPORT,NSICT,VC202600641
CONT2026010309,IMPORT,NSICT,VC202600641
CONT2026010310,IMPORT,NSICT,VC202600641
CONT2026010311,IMPORT,NSICT,VC202600641
CONT2026010312,EXPORT,NSICT,VC202600641
CONT2026010313,EXPORT,NSICT,VC202600641
CONT2026010314,IMPORT,NSICT,VC202600641
CONT2026010315,IMPORT,NSICT,VC202600641
CONT2026010316,IMPORT,NSICT,VC202600641
CONT2026010317,EXPORT,NSICT,VC202600641
CONT2026010318,EXPORT,NSICT,VC202600641
CONT2026010319,EXPORT,NSICT,VC202600641
CONT2026010320,IMPORT,NSICT,VC202600641
CONT2026010321,EXPORT,NSICT,VC202600641
CONT2026010322,EXPORT,NSICT,VC202600641
CONT2026010323,IMPORT,NSIGT,VC202600642
CONT2026010324,EXPORT,NSIGT,VC202600642
CONT2026010325,EXPORT,NSIGT,VC202600642
CONT2026010326,IMPORT,NSIGT,VC202600642
CONT2026010327,EXPORT,NSIGT,VC202600642
CONT2026010328,EXPORT,NSIGT,VC202600642
CONT2026010329,EXPORT,NSIGT,VC202600642
CONT2026010330,EXPORT,NSIGT,VC202600642
CONT2026010331,EXPORT,NSIGT,VC202600642
CONT2026010332,EXPORT,NSIGT,VC202600642
CONT2026010333,IMPORT,NSIGT,VC202600642
CONT2026010334,EXPORT,NSIGT,VC202600642
CONT2026010335,EXPORT,NSIGT,VC202600642
CONT2026010336,EXPORT,NSIGT,VC202600642
CONT2026010337,IMPORT,NSIGT,VC202600642
CONT2026010338,EXPORT,NSIGT,VC202600642
CONT2026010339,EXPORT,NSIGT,VC202600642
CONT2026010340,IMPORT,NSIGT,VC202600642
CONT2026010341,IMPORT,NSIGT,VC202600642
CONT2026010342,EXPORT,NSIGT,VC202600642
CONT2026010343,IMPORT,NSIGT,VC202600642
CONT2026010344,EXPORT,NSIGT,VC202600642
CONT2026010345,IMPORT,NSIGT,VC202600642
CONT2026010346,IMPORT,NSIGT,VC202600642
CONT2026010347,EXPORT,NSIGT,VC202600642
CONT2026010348,EXPORT,NSIGT,VC202600642
CONT2026010349,IMPORT,NSIGT,VC202600642
CONT2026010350,EXPORT,NSIGT,VC202600642
CONT2026010351,EXPORT,NSFT,VC202600643
CONT2026010352,IMPORT,NSFT,VC202600643
CONT2026010353,IMPORT,NSFT,VC202600643
CONT2026010354,IMPORT,NSFT,VC202600643
CONT2026010355,EXPORT,NSFT,VC202600643
CONT2026010356,EXPORT,NSFT,VC202600643
CONT2026010357,EXPORT,NSFT,VC202600643
CONT2026010358,IMPORT,NSFT,VC202600643
CONT2026010359,IMPORT,NSFT,VC202600643
CONT2026010360,EXPORT,NSFT,VC202600643
CONT2026010361,IMPORT,NSFT,VC202600643
CONT2026010362,IMPORT,NSFT,VC202600643
CONT2026010363,IMPORT,NSFT,VC202600643
CONT2026010364,EXPORT,NSICT,VC202600644
CONT2026010365,IMPORT,NSICT,VC202600644
CONT2026010366,EXPORT,NSICT,VC202600644
CONT2026010367,IMPORT,NSICT,VC202600644
CONT2026010368,IMPORT,NSICT,VC202600644
CONT2026010369,IMPORT,NSICT,VC202600644
CONT2026010370,IMPORT,NSICT,VC202600644
CONT2026010371,IMPORT,NSICT,VC202600644
CONT2026010372,IMPORT,NSICT,VC202600644
CONT2026010373,EXPORT,NSICT,VC202600644
CONT2026010374,IMPORT,NSICT,VC202600644
CONT2026010375,IMPORT,NSICT,VC202600644
CONT2026010376,IMPORT,NSICT,VC202600644
CONT2026010377,IMPORT,NSICT,VC202600644
CONT2026010378,EXPORT,NSICT,VC202600644
CONT2026010379,IMPORT,NSICT,VC202600644
CONT2026010380,IMPORT,NSICT,VC202600644
CONT2026010381,EXPORT,NSICT,VC202600644
CONT2026010382,IMPORT,NSICT,VC202600644
CONT2026010383,IMPORT,NSICT,VC202600644
CONT2026010384,EXPORT,NSICT,VC202600644
CONT2026010385,EXPORT,NSICT,VC202600644
CONT2026010386,IMPORT,NSICT,VC202600644
CONT2026010387,IMPORT,NSICT,VC202600644
CONT2026010388,IMPORT,NSICT,VC202600644
CONT2026010389,EXPORT,NSICT,VC202600644
CONT2026010390,EXPORT,NSICT,VC202600644
CONT2026010391,IMPORT,BMCT,VC202600645
CONT2026010392,EXPORT,BMCT,VC202600645
CONT2026010393,EXPORT,BMCT,VC202600645
CONT2026010394,IMPORT,BMCT,VC202600645
CONT2026010395,EXPORT,BMCT,VC202600645
CONT2026010396,IMPORT,BMCT,VC202600645
CONT2026010397,EXPORT,NSICT,VC202600646
CONT2026010398,EXPORT,NSICT,VC202600646
CONT2026010399,EXPORT,NSICT,VC202600646
CONT2026010400,EXPORT,NSICT,VC202600646
CONT2026010401,EXPORT,NSICT,VC202600646
CONT2026010402,EXPORT,NSICT,VC202600646
CONT2026010403,IMPORT,NSICT,VC202600646
CONT2026010404,IMPORT,NSICT,VC202600646
CONT2026010405,IMPORT,NSICT,VC202600646
CONT2026010406,EXPORT,NSICT,VC202600646
CONT2026010407,IMPORT,NSICT,VC202600646
CONT2026010408,EXPORT,NSICT,VC202600646
CONT2026010409,IMPORT,GTI,VC202600647
CONT2026010410,IMPORT,GTI,VC202600647
CONT2026010411,EXPORT,GTI,VC202600647
CONT2026010412,IMPORT,GTI,VC202600647
CONT2026010413,IMPORT,GTI,VC202600647
CONT2026010414,EXPORT,GTI,VC202600647
CONT2026010415,IMPORT,GTI,VC202600647
CONT2026010416,EXPORT,GTI,VC202600647
CONT2026010417,IMPORT,GTI,VC202600647
CONT2026010418,IMPORT,GTI,VC202600647
CONT2026010419,EXPORT,GTI,VC202600647
CONT2026010420,EXPORT,NSFT,VC202600648
CONT2026010421,IMPORT,NSFT,VC202600648
CONT2026010422,IMPORT,NSFT,VC202600648
CONT2026010423,IMPORT,NSFT,VC202600648
CONT2026010424,EXPORT,NSFT,VC202600648
CONT2026010425,EXPORT,NSFT,VC202600648
CONT2026010426,EXPORT,NSFT,VC202600648
CONT2026010427,EXPORT,NSFT,VC202600648
CONT2026010428,IMPORT,NSFT,VC202600648
CONT2026010429,IMPORT,NSFT,VC202600648
CONT2026010430,EXPORT,NSFT,VC202600648
CONT2026010431,IMPORT,NSFT,VC202600648
CONT2026010432,IMPORT,BMCT,VC202600649
CONT2026010433,EXPORT,BMCT,VC202600649
CONT2026010434,EXPORT,BMCT,VC202600649
CONT2026010435,EXPORT,BMCT,VC202600649
CONT2026010436,EXPORT,BMCT,VC202600649
CONT2026010437,EXPORT,BMCT,VC202600649
CONT2026010438,IMPORT,BMCT,VC202600649
CONT2026010439,EXPORT,BMCT,VC202600649
CONT2026010440,IMPORT,BMCT,VC202600649
CONT2026010441,IMPORT,BMCT,VC202600649
CONT2026010442,IMPORT,BMCT,VC202600649
CONT2026010443,EXPORT,BMCT,VC202600649
CONT2026010444,EXPORT,BMCT,VC202600649
CONT2026010445,IMPORT,BMCT,VC202600649
CONT2026010446,EXPORT,BMCT,VC202600649
CONT2026010447,EXPORT,BMCT,VC202600649
CONT2026010448,EXPORT,BMCT,VC202600649
CONT2026010449,IMPORT,BMCT,VC202600649
CONT2026010450,EXPORT,NSIGT,VC202600650
CONT2026010451,IMPORT,NSIGT,VC202600650
CONT2026010452,IMPORT,NSIGT,VC202600650
CONT2026010453,EXPORT,NSIGT,VC202600650
CONT2026010454,EXPORT,NSIGT,VC202600650
CONT2026010455,IMPORT,NSIGT,VC202600650
CONT2026010456,IMPORT,NSIGT,VC202600650
CONT2026010457,EXPORT,NSIGT,VC202600650
CONT2026010458,EXPORT,NSIGT,VC202600650
CONT2026010459,EXPORT,NSIGT,VC202600650
CONT2026010460,IMPORT,NSIGT,VC202600650
CONT2026010461,IMPORT,NSIGT,VC202600650
CONT2026010462,EXPORT,NSIGT,VC202600650
CONT2026010463,IMPORT,NSIGT,VC202600650
CONT2026010464,EXPORT,NSIGT,VC202600651
CONT2026010465,IMPORT,NSIGT,VC202600651
CONT2026010466,IMPORT,NSIGT,VC202600651
CONT2026010467,EXPORT,NSIGT,VC202600651
CONT2026010468,EXPORT,NSIGT,VC202600651
CONT2026010469,EXPORT,NSIGT,VC202600651
CONT2026010470,EXPORT,NSICT,VC202600652
CONT2026010471,EXPORT,NSICT,VC202600652
CONT2026010472,EXPORT,NSICT,VC202600652
CONT2026010473,IMPORT,NSICT,VC202600652
CONT2026010474,EXPORT,NSICT,VC202600652
CONT2026010475,EXPORT,NSICT,VC202600652
CONT2026010476,EXPORT,NSICT,VC202600652
CONT2026010477,EXPORT,NSICT,VC202600652
CONT2026010478,IMPORT,NSICT,VC202600652
CONT2026010479,IMPORT,NSICT,VC202600652
CONT2026010480,EXPORT,NSICT,VC202600652
CONT2026010481,IMPORT,NSICT,VC202600652
CONT2026010482,IMPORT,NSICT,VC202600652
CONT2026010483,IMPORT,NSICT,VC202600652
CONT2026010484,IMPORT,NSICT,VC202600652
CONT2026010485,EXPORT,NSICT,VC202600652
CONT2026010486,EXPORT,NSICT,VC202600652
CONT2026010487,IMPORT,NSICT,VC202600652
CONT2026010488,EXPORT,GTI,VC202600653
CONT2026010489,IMPORT,GTI,VC202600653
CONT2026010490,IMPORT,GTI,VC202600653
CONT2026010491,EXPORT,GTI,VC202600653
CONT2026010492,EXPORT,GTI,VC202600653
CONT2026010493,IMPORT,GTI,VC202600653
CONT2026010494,IMPORT,GTI,VC202600653
CONT2026010495,IMPORT,GTI,VC202600653
CONT2026010496,IMPORT,GTI,VC202600653
CONT2026010497,EXPORT,GTI,VC202600653
CONT2026010498,IMPORT,GTI,VC202600653
CONT2026010499,EXPORT,GTI,VC202600653
CONT2026010500,IMPORT,GTI,VC202600653
CONT2026010501,EXPORT,GTI,VC202600653
CONT2026010502,EXPORT,NSICT,VC202600654
CONT2026010503,EXPORT,NSICT,VC202600654
CONT2026010504,EXPORT,NSICT,VC202600654
CONT2026010505,EXPORT,NSICT,VC202600654
CONT2026010506,IMPORT,NSICT,VC202600654
CONT2026010507,EXPORT,NSICT,VC202600654
CONT2026010508,IMPORT,NSICT,VC202600654
CONT2026010509,EXPORT,NSICT,VC202600654
CONT2026010510,EXPORT,NSICT,VC202600654
CONT2026010511,IMPORT,NSICT,VC202600654
CONT2026010512,IMPORT,NSICT,VC202600654
CONT2026010513,IMPORT,NSICT,VC202600654
CONT2026010514,EXPORT,NSICT,VC202600654
CONT2026010515,IMPORT,NSIGT,VC202600655
CONT2026010516,EXPORT,NSIGT,VC202600655
CONT2026010517,EXPORT,NSIGT,VC202600655
CONT2026010518,EXPORT,NSIGT,VC202600655
CONT2026010519,IMPORT,NSIGT,VC202600655
CONT2026010520,IMPORT,NSIGT,VC202600655
CONT2026010521,EXPORT,NSIGT,VC202600655
CONT2026010522,EXPORT,NSIGT,VC202600655
CONT2026010523,EXPORT,NSIGT,VC202600655
CONT2026010524,EXPORT,NSIGT,VC202600655
CONT2026010525,EXPORT,NSIGT,VC202600655
CONT2026010526,IMPORT,NSIGT,VC202600655
CONT2026010527,IMPORT,NSIGT,VC202600655
CONT2026010528,IMPORT,NSIGT,VC202600655
CONT2026010529,IMPORT,NSIGT,VC202600655
CONT2026010530,EXPORT,BMCT,VC202600656
CONT2026010531,EXPORT,BMCT,VC202600656
CONT2026010532,IMPORT,BMCT,VC202600656
CONT2026010533,IMPORT,BMCT,VC202600656
CONT2026010534,IMPORT,BMCT,VC202600656
CONT2026010535,EXPORT,BMCT,VC202600656
CONT2026010536,IMPORT,BMCT,VC202600656
CONT2026010537,EXPORT,BMCT,VC202600656
CONT2026010538,IMPORT,BMCT,VC202600656
CONT2026010539,EXPORT,BMCT,VC202600656
CONT2026010540,EXPORT,BMCT,VC202600656
CONT2026010541,EXPORT,BMCT,VC202600656
CONT2026010542,EXPORT,BMCT,VC202600656
CONT2026010543,EXPORT,BMCT,VC202600656
CONT2026010544,EXPORT,BMCT,VC202600656
CONT2026010545,EXPORT,BMCT,VC202600656
CONT2026010546,EXPORT,BMCT,VC202600656
CONT2026010547,IMPORT,BMCT,VC202600656
CONT2026010548,IMPORT,BMCT,VC202600656
CONT2026010549,EXPORT,BMCT,VC202600657
CONT2026010550,EXPORT,BMCT,VC202600657
CONT2026010551,IMPORT,BMCT,VC202600657
CONT2026010552,EXPORT,BMCT,VC202600657
CONT2026010553,EXPORT,BMCT,VC202600657
CONT2026010554,EXPORT,BMCT,VC202600657
CONT2026010555,IMPORT,BMCT,VC202600657
CONT2026010556,IMPORT,BMCT,VC202600657
CONT2026010557,EXPORT,BMCT,VC202600657
CONT2026010558,IMPORT,BMCT,VC202600657
CONT2026010559,EXPORT,BMCT,VC202600657
CONT2026010560,EXPORT,BMCT,VC202600657
CONT2026010561,EXPORT,BMCT,VC202600657
CONT2026010562,IMPORT,GTI,VC202600658
CONT2026010563,EXPORT,GTI,VC202600658
CONT2026010564,IMPORT,GTI,VC202600658
CONT2026010565,IMPORT,GTI,VC202600658
CONT2026010566,IMPORT,GTI,VC202600658
CONT2026010567,IMPORT,GTI,VC202600658
CONT2026010568,EXPORT,GTI,VC202600658
CONT2026010569,IMPORT,GTI,VC202600658
CONT2026010570,IMPORT,GTI,VC202600658
CONT2026010571,IMPORT,GTI,VC202600658
CONT2026010572,IMPORT,GTI,VC202600658
CONT2026010573,EXPORT,GTI,VC202600659
CONT2026010574,IMPORT,GTI,VC202600659
CONT2026010575,EXPORT,GTI,VC202600659
CONT2026010576,IMPORT,GTI,VC202600659
CONT2026010577,EXPORT,GTI,VC202600659
CONT2026010578,IMPORT,GTI,VC202600659
CONT2026010579,IMPORT,GTI,VC202600659
CONT2026010580,IMPORT,GTI,VC202600659
CONT2026010581,IMPORT,GTI,VC202600659
CONT2026010582,EXPORT,GTI,VC202600659
CONT2026010583,IMPORT,GTI,VC202600659
CONT2026010584,IMPORT,GTI,VC202600659
CONT2026010585,IMPORT,NSIGT,VC202600660
CONT2026010586,IMPORT,NSIGT,VC202600660
CONT2026010587,IMPORT,NSIGT,VC202600660
CONT2026010588,EXPORT,NSIGT,VC202600660
CONT2026010589,EXPORT,NSIGT,VC202600660
CONT2026010590,EXPORT,NSIGT,VC202600660
CONT2026010591,IMPORT,NSIGT,VC202600660
CONT2026010592,IMPORT,NSIGT,VC202600660
CONT2026010593,IMPORT,NSFT,VC202600661
CONT2026010594,IMPORT,NSFT,VC202600661
CONT2026010595,EXPORT,NSFT,VC202600661
CONT2026010596,EXPORT,NSFT,VC202600661
CONT2026010597,IMPORT,NSFT,VC202600661
CONT2026010598,EXPORT,NSFT,VC202600661
CONT2026010599,IMPORT,NSFT,VC202600661
CONT2026010600,IMPORT,NSFT,VC202600661
CONT2026010601,IMPORT,NSFT,VC202600661
CONT2026010602,IMPORT,NSFT,VC202600661
CONT2026010603,IMPORT,NSFT,VC202600661
CONT2026010604,IMPORT,NSFT,VC202600661
CONT2026010605,EXPORT,BMCT,VC202600662
CONT2026010606,IMPORT,BMCT,VC202600662
CONT2026010607,IMPORT,BMCT,VC202600662
CONT2026010608,EXPORT,BMCT,VC202600662
CONT2026010609,EXPORT,BMCT,VC202600662
CONT2026010610,IMPORT,BMCT,VC202600662
CONT2026010611,IMPORT,BMCT,VC202600662
CONT2026010612,IMPORT,BMCT,VC202600662
CONT2026010613,IMPORT,BMCT,VC202600662
CONT2026010614,IMPORT,BMCT,VC202600662
CONT2026010615,IMPORT,BMCT,VC202600662
CONT2026010616,EXPORT,BMCT,VC202600662
CONT2026010617,IMPORT,BMCT,VC202600662
CONT2026010618,IMPORT,BMCT,VC202600662
CONT2026010619,EXPORT,BMCT,VC202600662
CONT2026010620,EXPORT,BMCT,VC202600662
CONT2026010621,EXPORT,BMCT,VC202600662
CONT2026010622,EXPORT,BMCT,VC202600662
CONT2026010623,EXPORT,BMCT,VC202600662
CONT2026010624,IMPORT,BMCT,VC202600662
CONT2026010625,EXPORT,BMCT,VC202600662
CONT2026010626,EXPORT,BMCT,VC202600662
CONT2026010627,IMPORT,BMCT,VC202600662
CONT2026010628,IMPORT,BMCT,VC202600662
CONT2026010629,IMPORT,BMCT,VC202600662
CONT2026010630,IMPORT,BMCT,VC202600662
CONT2026010631,EXPORT,NSICT,VC202600663
CONT2026010632,EXPORT,NSICT,VC202600663
CONT2026010633,IMPORT,NSICT,VC202600663
CONT2026010634,EXPORT,NSICT,VC202600663
CONT2026010635,EXPORT,NSICT,VC202600663
CONT2026010636,EXPORT,NSICT,VC202600663
CONT2026010637,IMPORT,NSICT,VC202600663
CONT2026010638,EXPORT,NSICT,VC202600663
CONT2026010639,IMPORT,NSICT,VC202600663
CONT2026010640,IMPORT,NSICT,VC202600663
CONT2026010641,EXPORT,NSICT,VC202600663
CONT2026010642,EXPORT,NSICT,VC202600663
CONT2026010643,IMPORT,NSICT,VC202600663
CONT2026010644,EXPORT,NSICT,VC202600663
CONT2026010645,EXPORT,NSICT,VC202600663
CONT2026010646,IMPORT,NSICT,VC202600663
CONT2026010647,EXPORT,NSICT,VC202600663
CONT2026010648,IMPORT,NSICT,VC202600663
CONT2026010649,EXPORT,NSIGT,VC202600664
CONT2026010650,IMPORT,NSIGT,VC202600664
CONT2026010651,EXPORT,NSIGT,VC202600664
CONT2026010652,EXPORT,NSIGT,VC202600664
CONT2026010653,EXPORT,NSIGT,VC202600664
CONT2026010654,IMPORT,NSIGT,VC202600664
CONT2026010655,EXPORT,NSIGT,VC202600664
CONT2026010656,EXPORT,NSIGT,VC202600664
CONT2026010657,IMPORT,NSIGT,VC202600664
CONT2026010658,EXPORT,BMCT,VC202600665
CONT2026010659,EXPORT,BMCT,VC202600665
CONT2026010660,IMPORT,BMCT,VC202600665
CONT2026010661,EXPORT,BMCT,VC202600665
CONT2026010662,IMPORT,BMCT,VC202600665
CONT2026010663,IMPORT,BMCT,VC202600665
CONT2026010664,EXPORT,GTI,VC202600666
CONT2026010665,EXPORT,GTI,VC202600666
CONT2026010666,EXPORT,GTI,VC202600666
CONT2026010667,EXPORT,GTI,VC202600666
CONT2026010668,IMPORT,GTI,VC202600666
CONT2026010669,EXPORT,GTI,VC202600666
CONT2026010670,IMPORT,GTI,VC202600666
CONT2026010671,IMPORT,GTI,VC202600666
CONT2026010672,EXPORT,GTI,VC202600666
CONT2026010673,EXPORT,GTI,VC202600666
CONT2026010674,EXPORT,GTI,VC202600666
CONT2026010675,EXPORT,GTI,VC202600666
CONT2026010676,IMPORT,GTI,VC202600666
CONT2026010677,EXPORT,GTI,VC202600666
CONT2026010678,EXPORT,GTI,VC202600666
CONT2026010679,IMPORT,GTI,VC202600666
CONT2026010680,IMPORT,GTI,VC202600666
CONT2026010681,EXPORT,GTI,VC202600666
CONT2026010682,IMPORT,GTI,VC202600666
CONT2026010683,EXPORT,GTI,VC202600666
CONT2026010684,IMPORT,GTI,VC202600666
CONT2026010685,IMPORT,GTI,VC202600666
CONT2026010686,EXPORT,GTI,VC202600666
CONT2026010687,EXPORT,GTI,VC202600666
CONT2026010688,EXPORT,GTI,VC202600666
CONT2026010689,IMPORT,GTI,VC202600666
CONT2026010690,IMPORT,GTI,VC202600667
CONT2026010691,EXPORT,GTI,VC202600667
CONT2026010692,IMPORT,GTI,VC202600667
CONT2026010693,IMPORT,GTI,VC202600667
CONT2026010694,IMPORT,GTI,VC202600667
CONT2026010695,IMPORT,GTI,VC202600667
CONT2026010696,IMPORT,NSIGT,VC202600668
CONT2026010697,IMPORT,NSIGT,VC202600668
CONT2026010698,EXPORT,NSIGT,VC202600668
CONT2026010699,EXPORT,NSIGT,VC202600668
CONT2026010700,IMPORT,NSIGT,VC202600668
CONT2026010701,IMPORT,NSIGT,VC202600668
CONT2026010702,IMPORT,NSIGT,VC202600668
CONT2026010703,EXPORT,NSIGT,VC202600668
CONT2026010704,IMPORT,NSIGT,VC202600668
CONT2026010705,EXPORT,NSIGT,VC202600668
CONT2026010706,IMPORT,NSIGT,VC202600668
CONT2026010707,IMPORT,NSIGT,VC202600668
CONT2026010708,IMPORT,NSIGT,VC202600668
CONT2026010709,IMPORT,NSIGT,VC202600668
CONT2026010710,EXPORT,NSIGT,VC202600668
CONT2026010711,EXPORT,NSFT,VC202600669
CONT2026010712,IMPORT,NSFT,VC202600669
CONT2026010713,EXPORT,NSFT,VC202600669
CONT2026010714,IMPORT,NSFT,VC202600669
CONT2026010715,EXPORT,NSFT,VC202600669
CONT2026010716,IMPORT,NSFT,VC202600669
CONT2026010717,IMPORT,NSFT,VC202600669
CONT2026010718,EXPORT,NSFT,VC202600669
CONT2026010719,EXPORT,NSFT,VC202600669
CONT2026010720,IMPORT,NSFT,VC202600669
CONT2026010721,IMPORT,NSFT,VC202600669
CONT2026010722,IMPORT,NSFT,VC202600669
CONT2026010723,EXPORT,NSFT,VC202600669
CONT2026010724,EXPORT,NSIGT,VC202600670
CONT2026010725,EXPORT,NSIGT,VC202600670
CONT2026010726,EXPORT,NSIGT,VC202600670
CONT2026010727,EXPORT,NSIGT,VC202600670
CONT2026010728,EXPORT,NSIGT,VC202600670
CONT2026010729,IMPORT,NSIGT,VC202600670
CONT2026010730,IMPORT,NSIGT,VC202600670
CONT2026010731,IMPORT,NSIGT,VC202600670
CONT2026010732,EXPORT,NSIGT,VC202600670
CONT2026010733,EXPORT,NSIGT,VC202600670
CONT2026010734,EXPORT,GTI,VC202600671
CONT2026010735,IMPORT,GTI,VC202600671
CONT2026010736,EXPORT,GTI,VC202600671
CONT2026010737,EXPORT,GTI,VC202600671
CONT2026010738,EXPORT,GTI,VC202600671
CONT2026010739,IMPORT,GTI,VC202600671
CONT2026010740,EXPORT,GTI,VC202600671
CONT2026010741,EXPORT,GTI,VC202600671
CONT2026010742,IMPORT,GTI,VC202600671
CONT2026010743,IMPORT,GTI,VC202600671
CONT2026010744,EXPORT,GTI,VC202600671
CONT2026010745,EXPORT,GTI,VC202600671
CONT2026010746,EXPORT,GTI,VC202600671
CONT2026010747,IMPORT,GTI,VC202600671
CONT2026010748,EXPORT,GTI,VC202600671
CONT2026010749,EXPORT,GTI,VC202600671
CONT2026010750,IMPORT,GTI,VC202600671
CONT2026010751,EXPORT,GTI,VC202600671
CONT2026010752,EXPORT,GTI,VC202600671
CONT2026010753,IMPORT,NSIGT,VC202600672
CONT2026010754,IMPORT,NSIGT,VC202600672
CONT2026010755,IMPORT,NSIGT,VC202600672
CONT2026010756,EXPORT,NSIGT,VC202600672
CONT2026010757,EXPORT,NSIGT,VC202600672
CONT2026010758,IMPORT,NSIGT,VC202600672
CONT2026010759,IMPORT,NSIGT,VC202600672
CONT2026010760,IMPORT,NSIGT,VC202600672
CONT2026010761,EXPORT,NSIGT,VC202600672
CONT2026010762,EXPORT,NSIGT,VC202600672
CONT2026010763,IMPORT,NSIGT,VC202600672
CONT2026010764,IMPORT,NSIGT,VC202600672
CONT2026010765,EXPORT,BMCT,VC202600673
CONT2026010766,EXPORT,BMCT,VC202600673
CONT2026010767,IMPORT,BMCT,VC202600673
CONT2026010768,EXPORT,BMCT,VC202600673
CONT2026010769,EXPORT,BMCT,VC202600673
CONT2026010770,EXPORT,BMCT,VC202600673
CONT2026010771,IMPORT,BMCT,VC202600673
CONT2026010772,IMPORT,BMCT,VC202600673
CONT2026010773,IMPORT,BMCT,VC202600673
CONT2026010774,IMPORT,BMCT,VC202600673
CONT2026010775,EXPORT,BMCT,VC202600673
CONT2026010776,EXPORT,BMCT,VC202600673
CONT2026010777,IMPORT,BMCT,VC202600673
CONT2026010778,IMPORT,NSIGT,VC202600674
CONT2026010779,IMPORT,NSIGT,VC202600674
CONT2026010780,EXPORT,NSIGT,VC202600674
CONT2026010781,IMPORT,NSIGT,VC202600674
CONT2026010782,IMPORT,NSIGT,VC202600674
CONT2026010783,EXPORT,NSIGT,VC202600674
CONT2026010784,IMPORT,NSIGT,VC202600674
CONT2026010785,IMPORT,NSIGT,VC202600674
CONT2026010786,EXPORT,NSIGT,VC202600674
CONT2026010787,IMPORT,NSIGT,VC202600674
CONT2026010788,IMPORT,NSIGT,VC202600674
CONT2026010789,IMPORT,NSIGT,VC202600674
CONT2026010790,IMPORT,NSIGT,VC202600674
CONT2026010791,EXPORT,NSIGT,VC202600674
CONT2026010792,IMPORT,NSIGT,VC202600674
CONT2026010793,IMPORT,NSIGT,VC202600674
CONT2026010794,IMPORT,NSIGT,VC202600674
CONT2026010795,IMPORT,NSIGT,VC202600674
CONT2026010796,IMPORT,NSIGT,VC202600674
CONT2026010797,EXPORT,NSIGT,VC202600674
CONT2026010798,IMPORT,NSIGT,VC202600674
CONT2026010799,IMPORT,NSIGT,VC202600674
CONT2026010800,IMPORT,NSIGT,VC202600674
CONT2026010801,IMPORT,NSIGT,VC202600674
CONT2026010802,EXPORT,NSIGT,VC202600674
CONT2026010803,IMPORT,NSIGT,VC202600674
CONT2026010804,EXPORT,GTI,VC202600675
CONT2026010805,IMPORT,GTI,VC202600675
CONT2026010806,EXPORT,GTI,VC202600675
CONT2026010807,EXPORT,GTI,VC202600675
CONT2026010808,EXPORT,GTI,VC202600675
CONT2026010809,EXPORT,GTI,VC202600675
CONT2026010810,EXPORT,GTI,VC202600675
CONT2026010811,IMPORT,GTI,VC202600675
CONT2026010812,IMPORT,GTI,VC202600675
CONT2026010813,IMPORT,GTI,VC202600675
CONT2026010814,IMPORT,GTI,VC202600675
CONT2026010815,IMPORT,GTI,VC202600675
CONT2026010816,EXPORT,GTI,VC202600675
CONT2026010817,EXPORT,GTI,VC202600675
CONT2026010818,EXPORT,GTI,VC202600675
CONT2026010819,IMPORT,GTI,VC202600675
CONT2026010820,IMPORT,GTI,VC202600675
CONT2026010821,IMPORT,GTI,VC202600675
CONT2026010822,EXPORT,GTI,VC202600676
CONT2026010823,IMPORT,GTI,VC202600676
CONT2026010824,EXPORT,GTI,VC202600676
CONT2026010825,IMPORT,GTI,VC202600676
CONT2026010826,IMPORT,GTI,VC202600676
CONT2026010827,EXPORT,GTI,VC202600676
CONT2026010828,IMPORT,GTI,VC202600676
CONT2026010829,EXPORT,GTI,VC202600676
CONT2026010830,IMPORT,GTI,VC202600676
CONT2026010831,IMPORT,GTI,VC202600676
CONT2026010832,EXPORT,GTI,VC202600676
CONT2026010833,IMPORT,GTI,VC202600677
CONT2026010834,IMPORT,GTI,VC202600677
CONT2026010835,IMPORT,GTI,VC202600677
CONT2026010836,IMPORT,GTI,VC202600677
CONT2026010837,EXPORT,GTI,VC202600677
CONT2026010838,EXPORT,GTI,VC202600677
CONT2026010839,IMPORT,GTI,VC202600677
CONT2026010840,IMPORT,GTI,VC202600677
CONT2026010841,IMPORT,GTI,VC202600677
CONT2026010842,IMPORT,NSIGT,VC202600678
CONT2026010843,EXPORT,NSIGT,VC202600678
CONT2026010844,IMPORT,NSIGT,VC202600678
CONT2026010845,IMPORT,NSIGT,VC202600678
CONT2026010846,EXPORT,NSIGT,VC202600678
CONT2026010847,IMPORT,NSIGT,VC202600678
CONT2026010848,IMPORT,NSIGT,VC202600678
CONT2026010849,IMPORT,NSIGT,VC202600678
CONT2026010850,IMPORT,NSIGT,VC202600678
CONT2026010851,EXPORT,NSIGT,VC202600678
CONT2026010852,IMPORT,NSIGT,VC202600678
CONT2026010853,EXPORT,NSIGT,VC202600678
CONT2026010854,IMPORT,NSIGT,VC202600678
CONT2026010855,IMPORT,NSIGT,VC202600678
CONT2026010856,IMPORT,NSIGT,VC202600678
CONT2026010857,IMPORT,NSIGT,VC202600678
CONT2026010858,IMPORT,NSIGT,VC202600678
CONT2026010859,EXPORT,NSIGT,VC202600678
CONT2026010860,IMPORT,NSIGT,VC202600678
CONT2026010861,IMPORT,NSIGT,VC202600678
CONT2026010862,EXPORT,NSIGT,VC202600678
CONT2026010863,EXPORT,NSIGT,VC202600678
CONT2026010864,EXPORT,NSIGT,VC202600678
CONT2026010865,IMPORT,NSIGT,VC202600678
CONT2026010866,IMPORT,NSIGT,VC202600678
CONT2026010867,IMPORT,NSIGT,VC202600678
CONT2026010868,EXPORT,NSIGT,VC202600678
CONT2026010869,EXPORT,NSIGT,VC202600678
CONT2026010870,EXPORT,NSIGT,VC202600678
CONT2026010871,EXPORT,NSIGT,VC202600678
CONT2026010872,EXPORT,NSIGT,VC202600678
CONT2026010873,IMPORT,NSIGT,VC202600678
CONT2026010874,EXPORT,NSIGT,VC202600678
CONT2026010875,EXPORT,NSIGT,VC202600678
CONT2026010876,IMPORT,NSIGT,VC202600678
CONT2026010877,EXPORT,BMCT,VC202600679
CONT2026010878,IMPORT,BMCT,VC202600679
CONT2026010879,EXPORT,BMCT,VC202600679
CONT2026010880,IMPORT,BMCT,VC202600679
CONT2026010881,EXPORT,BMCT,VC202600679
CONT2026010882,IMPORT,BMCT,VC202600679
CONT2026010883,EXPORT,BMCT,VC202600679
CONT2026010884,EXPORT,BMCT,VC202600679
CONT2026010885,EXPORT,BMCT,VC202600679
CONT2026010886,EXPORT,BMCT,VC202600679
CONT2026010887,EXPORT,BMCT,VC202600679
CONT2026010888,EXPORT,BMCT,VC202600679
CONT2026010889,IMPORT,BMCT,VC202600679
CONT2026010890,IMPORT,NSFT,VC202600680
CONT2026010891,IMPORT,NSFT,VC202600680
CONT2026010892,IMPORT,NSFT,VC202600680
CONT2026010893,EXPORT,NSFT,VC202600680
CONT2026010894,IMPORT,NSFT,VC202600680
CONT2026010895,IMPORT,NSFT,VC202600680
CONT2026010896,IMPORT,NSFT,VC202600680
CONT2026010897,IMPORT,NSFT,VC202600680
CONT2026010898,IMPORT,NSFT,VC202600680
CONT2026010899,EXPORT,NSFT,VC202600680
CONT2026010900,EXPORT,NSFT,VC202600680
CONT2026010901,IMPORT,NSFT,VC202600680
CONT2026010902,IMPORT,NSFT,VC202600680
CONT2026010903,EXPORT,NSFT,VC202600680
CONT2026010904,IMPORT,NSFT,VC202600680
CONT2026010905,EXPORT,NSFT,VC202600680
CONT2026010906,IMPORT,NSFT,VC202600680
CONT2026010907,EXPORT,NSFT,VC202600680
CONT2026010908,IMPORT,NSFT,VC202600680
CONT2026010909,IMPORT,NSFT,VC202600680
CONT2026010910,EXPORT,NSFT,VC202600680
CONT2026010911,IMPORT,NSIGT,VC202600681
CONT2026010912,IMPORT,NSIGT,VC202600681
CONT2026010913,IMPORT,NSIGT,VC202600681
CONT2026010914,EXPORT,NSIGT,VC202600681
CONT2026010915,IMPORT,NSIGT,VC202600681
CONT2026010916,IMPORT,NSIGT,VC202600681
CONT2026010917,IMPORT,NSIGT,VC202600681
CONT2026010918,IMPORT,NSIGT,VC202600681
CONT2026010919,IMPORT,NSIGT,VC202600681
CONT2026010920,IMPORT,NSIGT,VC202600681
CONT2026010921,EXPORT,NSIGT,VC202600681
CONT2026010922,IMPORT,NSIGT,VC202600682
CONT2026010923,EXPORT,NSIGT,VC202600682
CONT2026010924,EXPORT,NSIGT,VC202600682
CONT2026010925,EXPORT,NSIGT,VC202600682
CONT2026010926,IMPORT,NSIGT,VC202600682
CONT2026010927,IMPORT,NSIGT,VC202600682
CONT2026010928,IMPORT,NSICT,VC202600683
CONT2026010929,EXPORT,NSICT,VC202600683
CONT2026010930,IMPORT,NSICT,VC202600683
CONT2026010931,EXPORT,NSICT,VC202600683
CONT2026010932,EXPORT,NSICT,VC202600683
CONT2026010933,IMPORT,NSICT,VC202600683
CONT2026010934,EXPORT,NSICT,VC202600683
CONT2026010935,EXPORT,NSICT,VC202600683
CONT2026010936,EXPORT,NSICT,VC202600683
CONT2026010937,IMPORT,BMCT,VC202600684
CONT2026010938,EXPORT,BMCT,VC202600684
CONT2026010939,IMPORT,BMCT,VC202600684
CONT2026010940,EXPORT,BMCT,VC202600684
CONT2026010941,IMPORT,BMCT,VC202600684
CONT2026010942,EXPORT,BMCT,VC202600684
CONT2026010943,EXPORT,BMCT,VC202600684
CONT2026010944,EXPORT,BMCT,VC202600684
CONT2026010945,IMPORT,BMCT,VC202600684
CONT2026010946,EXPORT,BMCT,VC202600684
CONT2026010947,IMPORT,BMCT,VC202600684
CONT2026010948,IMPORT,BMCT,VC202600684
CONT2026010949,EXPORT,BMCT,VC202600684
CONT2026010950,EXPORT,BMCT,VC202600684
CONT2026010951,IMPORT,BMCT,VC202600684
CONT2026010952,IMPORT,BMCT,VC202600684
CONT2026010953,EXPORT,BMCT,VC202600684
CONT2026010954,IMPORT,BMCT,VC202600684
CONT2026010955,EXPORT,BMCT,VC202600684
CONT2026010956,IMPORT,BMCT,VC202600684
CONT2026010957,EXPORT,BMCT,VC202600684
CONT2026010958,IMPORT,BMCT,VC202600684
CONT2026010959,EXPORT,BMCT,VC202600684
CONT2026010960,EXPORT,BMCT,VC202600684
CONT2026010961,IMPORT,GTI,VC202600685
CONT2026010962,EXPORT,GTI,VC202600685
CONT2026010963,EXPORT,GTI,VC202600685
CONT2026010964,IMPORT,GTI,VC202600685
CONT2026010965,EXPORT,GTI,VC202600685
CONT2026010966,EXPORT,GTI,VC202600685
CONT2026010967,IMPORT,NSICT,VC202600686
CONT2026010968,EXPORT,NSICT,VC202600686
CONT2026010969,EXPORT,NSICT,VC202600686
CONT2026010970,EXPORT,NSICT,VC202600686
CONT2026010971,IMPORT,NSICT,VC202600686
CONT2026010972,EXPORT,NSICT,VC202600686
CONT2026010973,EXPORT,NSICT,VC202600686
CONT2026010974,EXPORT,NSICT,VC202600686
CONT2026010975,IMPORT,NSICT,VC202600686
CONT2026010976,IMPORT,NSICT,VC202600686
CONT2026010977,IMPORT,NSICT,VC202600686
CONT2026010978,IMPORT,NSICT,VC202600686
CONT2026010979,IMPORT,NSICT,VC202600686
CONT2026010980,EXPORT,NSICT,VC202600686
CONT2026010981,IMPORT,BMCT,VC202600687
CONT2026010982,IMPORT,BMCT,VC202600687
CONT2026010983,EXPORT,BMCT,VC202600687
CONT2026010984,IMPORT,BMCT,VC202600687
CONT2026010985,EXPORT,BMCT,VC202600687
CONT2026010986,IMPORT,BMCT,VC202600687
CONT2026010987,EXPORT,BMCT,VC202600687
CONT2026010988,IMPORT,BMCT,VC202600687
CONT2026010989,EXPORT,BMCT,VC202600687
CONT2026010990,EXPORT,BMCT,VC202600687
CONT2026010991,EXPORT,BMCT,VC202600687
CONT2026010992,IMPORT,BMCT,VC202600687
CONT2026010993,EXPORT,BMCT,VC202600687
CONT2026010994,EXPORT,BMCT,VC202600687
CONT2026010995,EXPORT,BMCT,VC202600687
CONT2026010996,IMPORT,NSICT,VC202600688
CONT2026010997,EXPORT,NSICT,VC202600688
CONT2026010998,IMPORT,NSICT,VC202600688
CONT2026010999,IMPORT,NSICT,VC202600688
CONT2026011000,IMPORT,NSICT,VC202600688
CONT2026011001,EXPORT,NSICT,VC202600688
CONT2026011002,IMPORT,NSICT,VC202600688
CONT2026011003,EXPORT,NSFT,VC202600689
CONT2026011004,EXPORT,NSFT,VC202600689
CONT2026011005,EXPORT,NSFT,VC202600689
CONT2026011006,IMPORT,NSFT,VC202600689
CONT2026011007,EXPORT,NSFT,VC202600689
CONT2026011008,EXPORT,NSFT,VC202600689
CONT2026011009,IMPORT,NSFT,VC202600689
CONT2026011010,EXPORT,NSFT,VC202600689
CONT2026011011,EXPORT,BMCT,VC202600690
CONT2026011012,EXPORT,BMCT,VC202600690
CONT2026011013,IMPORT,BMCT,VC202600690
CONT2026011014,EXPORT,BMCT,VC202600690
CONT2026011015,IMPORT,BMCT,VC202600690
CONT2026011016,EXPORT,BMCT,VC202600690
CONT2026011017,EXPORT,BMCT,VC202600690
CONT2026011018,EXPORT,BMCT,VC202600690
CONT2026011019,IMPORT,BMCT,VC202600690
CONT2026011020,EXPORT,BMCT,VC202600690
CONT2026011021,IMPORT,BMCT,VC202600690
CONT2026011022,IMPORT,BMCT,VC202600690
CONT2026011023,IMPORT,BMCT,VC202600690
CONT2026011024,EXPORT,BMCT,VC202600690
CONT2026011025,EXPORT,BMCT,VC202600690
CONT2026011026,IMPORT,BMCT,VC202600690
CONT2026011027,EXPORT,BMCT,VC202600690
CONT2026011028,EXPORT,BMCT,VC202600690
CONT2026011029,EXPORT,BMCT,VC202600690
CONT2026011030,IMPORT,BMCT,VC202600690
CONT2026011031,EXPORT,BMCT,VC202600690
CONT2026011032,IMPORT,NSFT,VC202600691
CONT2026011033,IMPORT,NSFT,VC202600691
CONT2026011034,IMPORT,NSFT,VC202600691
CONT2026011035,IMPORT,NSFT,VC202600691
CONT2026011036,EXPORT,NSFT,VC202600691
CONT2026011037,EXPORT,NSFT,VC202600691
CONT2026011038,EXPORT,NSFT,VC202600691
CONT2026011039,EXPORT,NSFT,VC202600691
CONT2026011040,IMPORT,NSFT,VC202600691
CONT2026011041,IMPORT,NSFT,VC202600691
CONT2026011042,EXPORT,NSFT,VC202600691
CONT2026011043,EXPORT,NSFT,VC202600691
CONT2026011044,EXPORT,NSFT,VC202600691
CONT2026011045,EXPORT,NSFT,VC202600691
CONT2026011046,EXPORT,NSFT,VC202600691
CONT2026011047,IMPORT,NSFT,VC202600691
CONT2026011048,IMPORT,NSFT,VC202600691
CONT2026011049,EXPORT,NSFT,VC202600691
CONT2026011050,IMPORT,NSFT,VC202600691
CONT2026011051,IMPORT,NSFT,VC202600691
CONT2026011052,EXPORT,NSFT,VC202600691
CONT2026011053,EXPORT,NSFT,VC202600691
CONT2026011054,EXPORT,NSFT,VC202600691
CONT2026011055,IMPORT,NSFT,VC202600691
CONT2026011056,EXPORT,NSFT,VC202600691
CONT2026011057,IMPORT,NSFT,VC202600691
CONT2026011058,EXPORT,NSFT,VC202600691
CONT2026011059,IMPORT,NSFT,VC202600691
CONT2026011060,IMPORT,NSFT,VC202600691
CONT2026011061,EXPORT,NSFT,VC202600691
CONT2026011062,IMPORT,NSFT,VC202600691
CONT2026011063,IMPORT,NSFT,VC202600691
CONT2026011064,EXPORT,NSFT,VC202600691
CONT2026011065,IMPORT,NSFT,VC202600691
CONT2026011066,IMPORT,NSFT,VC202600691
CONT2026011067,EXPORT,NSFT,VC202600691
CONT2026011068,IMPORT,NSFT,VC202600691
CONT2026011069,IMPORT,BMCT,VC202600692
CONT2026011070,IMPORT,BMCT,VC202600692
CONT2026011071,IMPORT,BMCT,VC202600692
CONT2026011072,IMPORT,BMCT,VC202600692
CONT2026011073,EXPORT,BMCT,VC202600692
CONT2026011074,EXPORT,BMCT,VC202600692
CONT2026011075,EXPORT,BMCT,VC202600692
CONT2026011076,IMPORT,BMCT,VC202600692
CONT2026011077,IMPORT,BMCT,VC202600692
CONT2026011078,IMPORT,BMCT,VC202600692
CONT2026011079,EXPORT,BMCT,VC202600692
CONT2026011080,IMPORT,BMCT,VC202600692
CONT2026011081,IMPORT,BMCT,VC202600692
CONT2026011082,EXPORT,BMCT,VC202600692
CONT2026011083,EXPORT,BMCT,VC202600692
CONT2026011084,EXPORT,BMCT,VC202600692
CONT2026011085,EXPORT,BMCT,VC202600692
CONT2026011086,EXPORT,BMCT,VC202600692
CONT2026011087,IMPORT,BMCT,VC202600692
CONT2026011088,IMPORT,BMCT,VC202600692
CONT2026011089,IMPORT,BMCT,VC202600692
CONT2026011090,EXPORT,BMCT,VC202600692
CONT2026011091,IMPORT,BMCT,VC202600692
CONT2026011092,IMPORT,BMCT,VC202600692
CONT2026011093,EXPORT,BMCT,VC202600692
CONT2026011094,IMPORT,BMCT,VC202600692
CONT2026011095,EXPORT,BMCT,VC202600692
CONT2026011096,EXPORT,BMCT,VC202600692
CONT2026011097,EXPORT,NSIGT,VC202600693
CONT2026011098,EXPORT,NSIGT,VC202600693
CONT2026011099,IMPORT,NSIGT,VC202600693
CONT2026011100,EXPORT,NSIGT,VC202600693
CONT2026011101,IMPORT,NSIGT,VC202600693
CONT2026011102,IMPORT,NSIGT,VC202600693
CONT2026011103,IMPORT,NSIGT,VC202600693
CONT2026011104,EXPORT,NSIGT,VC202600693
CONT2026011105,IMPORT,NSIGT,VC202600693
CONT2026011106,EXPORT,NSIGT,VC202600693
CONT2026011107,IMPORT,NSIGT,VC202600693
CONT2026011108,IMPORT,NSIGT,VC202600694
CONT2026011109,EXPORT,NSIGT,VC202600694
CONT2026011110,IMPORT,NSIGT,VC202600694
CONT2026011111,EXPORT,NSIGT,VC202600694
CONT2026011112,IMPORT,NSIGT,VC202600694
CONT2026011113,EXPORT,NSIGT,VC202600694
CONT2026011114,EXPORT,NSIGT,VC202600694
CONT2026011115,EXPORT,NSIGT,VC202600694
CONT2026011116,EXPORT,NSIGT,VC202600694
CONT2026011117,IMPORT,NSIGT,VC202600694
CONT2026011118,EXPORT,NSIGT,VC202600694
CONT2026011119,IMPORT,NSIGT,VC202600694
CONT2026011120,IMPORT,NSIGT,VC202600694
CONT2026011121,EXPORT,BMCT,VC202600695
CONT2026011122,IMPORT,BMCT,VC202600695
CONT2026011123,EXPORT,BMCT,VC202600695
CONT2026011124,IMPORT,BMCT,VC202600695
CONT2026011125,EXPORT,BMCT,VC202600695
CONT2026011126,IMPORT,BMCT,VC202600695
CONT2026011127,IMPORT,BMCT,VC202600695
CONT2026011128,IMPORT,BMCT,VC202600695
CONT2026011129,EXPORT,BMCT,VC202600695
CONT2026011130,IMPORT,BMCT,VC202600695
CONT2026011131,IMPORT,BMCT,VC202600695
CONT2026011132,IMPORT,BMCT,VC202600695
CONT2026011133,IMPORT,BMCT,VC202600695
CONT2026011134,EXPORT,BMCT,VC202600695
CONT2026011135,IMPORT,NSFT,VC202600696
CONT2026011136,IMPORT,NSFT,VC202600696
CONT2026011137,IMPORT,NSFT,VC202600696
CONT2026011138,EXPORT,NSFT,VC202600696
CONT2026011139,IMPORT,NSFT,VC202600696
CONT2026011140,IMPORT,NSFT,VC202600696
CONT2026011141,EXPORT,NSFT,VC202600696
CONT2026011142,IMPORT,NSFT,VC202600696
CONT2026011143,EXPORT,NSFT,VC202600696
CONT2026011144,IMPORT,NSFT,VC202600696
CONT2026011145,EXPORT,NSFT,VC202600696
CONT2026011146,IMPORT,NSFT,VC202600696
CONT2026011147,IMPORT,NSFT,VC202600696
CONT2026011148,IMPORT,NSFT,VC202600696
CONT2026011149,EXPORT,BMCT,VC202600697
CONT2026011150,EXPORT,BMCT,VC202600697
CONT2026011151,EXPORT,BMCT,VC202600697
CONT2026011152,EXPORT,BMCT,VC202600697
CONT2026011153,EXPORT,BMCT,VC202600697
CONT2026011154,IMPORT,BMCT,VC202600697
CONT2026011155,EXPORT,BMCT,VC202600697
CONT2026011156,EXPORT,BMCT,VC202600697
CONT2026011157,IMPORT,BMCT,VC202600697
CONT2026011158,IMPORT,BMCT,VC202600697
CONT2026011159,IMPORT,BMCT,VC202600697
CONT2026011160,EXPORT,BMCT,VC202600697
CONT2026011161,EXPORT,BMCT,VC202600697
CONT2026011162,IMPORT,NSICT,VC202600698
CONT2026011163,IMPORT,NSICT,VC202600698
CONT2026011164,IMPORT,NSICT,VC202600698
CONT2026011165,EXPORT,NSICT,VC202600698
CONT2026011166,EXPORT,NSICT,VC202600698
CONT2026011167,IMPORT,NSICT,VC202600698
CONT2026011168,IMPORT,NSICT,VC202600698
CONT2026011169,EXPORT,NSICT,VC202600698
CONT2026011170,IMPORT,NSICT,VC202600698
CONT2026011171,IMPORT,NSICT,VC202600698
CONT2026011172,EXPORT,NSICT,VC202600698
CONT2026011173,IMPORT,NSICT,VC202600698
CONT2026011174,IMPORT,NSICT,VC202600698
CONT2026011175,EXPORT,NSICT,VC202600698
CONT2026011176,IMPORT,NSICT,VC202600698
CONT2026011177,IMPORT,NSICT,VC202600698
CONT2026011178,EXPORT,NSICT,VC202600698
CONT2026011179,IMPORT,NSICT,VC202600698
CONT2026011180,EXPORT,NSICT,VC202600698
CONT2026011181,EXPORT,NSICT,VC202600698
CONT2026011182,EXPORT,NSICT,VC202600698
CONT2026011183,IMPORT,NSICT,VC202600698
CONT2026011184,EXPORT,NSICT,VC202600698
CONT2026011185,IMPORT,NSIGT,VC202600699
CONT2026011186,EXPORT,NSIGT,VC202600699
CONT2026011187,IMPORT,NSIGT,VC202600699
CONT2026011188,IMPORT,NSIGT,VC202600699
CONT2026011189,IMPORT,NSIGT,VC202600699
CONT2026011190,EXPORT,NSIGT,VC202600699
CONT2026011191,EXPORT,NSIGT,VC202600699
CONT2026011192,EXPORT,NSIGT,VC202600699
CONT2026011193,IMPORT,NSIGT,VC202600699
CONT2026011194,IMPORT,NSIGT,VC202600699
CONT2026011195,IMPORT,NSICT,VC202600700
CONT2026011196,IMPORT,NSICT,VC202600700
CONT2026011197,EXPORT,NSICT,VC202600700
CONT2026011198,EXPORT,NSICT,VC202600700
CONT2026011199,EXPORT,NSICT,VC202600700
CONT2026011200,EXPORT,NSICT,VC202600700
CONT2026011201,IMPORT,NSICT,VC202600700
CONT2026011202,IMPORT,NSICT,VC202600700
CONT2026011203,IMPORT,NSICT,VC202600700
CONT2026011204,IMPORT,NSICT,VC202600701
CONT2026011205,IMPORT,NSICT,VC202600701
CONT2026011206,EXPORT,NSICT,VC202600701
CONT2026011207,IMPORT,NSICT,VC202600701
CONT2026011208,EXPORT,NSICT,VC202600701
CONT2026011209,EXPORT,NSICT,VC202600701
CONT2026011210,EXPORT,NSICT,VC202600701
CONT2026011211,EXPORT,NSICT,VC202600701
CONT2026011212,EXPORT,NSICT,VC202600701
CONT2026011213,IMPORT,NSICT,VC202600701
CONT2026011214,EXPORT,NSICT,VC202600701
CONT2026011215,EXPORT,NSICT,VC202600701
CONT2026011216,IMPORT,NSICT,VC202600701
CONT2026011217,IMPORT,NSICT,VC202600701
CONT2026011218,EXPORT,NSICT,VC202600701
CONT2026011219,EXPORT,NSICT,VC202600701
CONT2026011220,IMPORT,NSICT,VC202600701
CONT2026011221,EXPORT,NSICT,VC202600701
CONT2026011222,IMPORT,NSICT,VC202600701
CONT2026011223,IMPORT,NSICT,VC202600701
CONT2026011224,EXPORT,NSICT,VC202600701
CONT2026011225,IMPORT,NSICT,VC202600701
CONT2026011226,EXPORT,NSICT,VC202600701
CONT2026011227,EXPORT,NSICT,VC202600701
CONT2026011228,EXPORT,NSICT,VC202600701
CONT2026011229,EXPORT,NSICT,VC202600701
CONT2026011230,IMPORT,NSICT,VC202600701
CONT2026011231,IMPORT,NSICT,VC202600701
CONT2026011232,IMPORT,NSICT,VC202600701
CONT2026011233,EXPORT,NSICT,VC202600701
CONT2026011234,EXPORT,NSICT,VC202600702
CONT2026011235,IMPORT,NSICT,VC202600702
CONT2026011236,EXPORT,NSICT,VC202600702
CONT2026011237,IMPORT,NSICT,VC202600702
CONT2026011238,IMPORT,NSICT,VC202600702
CONT2026011239,EXPORT,NSICT,VC202600702
CONT2026011240,IMPORT,NSICT,VC202600702
CONT2026011241,IMPORT,NSICT,VC202600702
CONT2026011242,IMPORT,NSICT,VC202600702
CONT2026011243,EXPORT,GTI,VC202600703
CONT2026011244,EXPORT,GTI,VC202600703
CONT2026011245,EXPORT,GTI,VC202600703
CONT2026011246,IMPORT,GTI,VC202600703
CONT2026011247,IMPORT,GTI,VC202600703
CONT2026011248,IMPORT,GTI,VC202600703
CONT2026011249,EXPORT,NSFT,VC202600704
CONT2026011250,EXPORT,NSFT,VC202600704
CONT2026011251,IMPORT,NSFT,VC202600704
CONT2026011252,EXPORT,NSFT,VC202600704
CONT2026011253,IMPORT,NSFT,VC202600704
CONT2026011254,EXPORT,NSFT,VC202600704
CONT2026011255,EXPORT,NSFT,VC202600704
CONT2026011256,EXPORT,NSFT,VC202600704
CONT2026011257,EXPORT,NSFT,VC202600704
CONT2026011258,EXPORT,NSFT,VC202600704
CONT2026011259,IMPORT,NSFT,VC202600704
CONT2026011260,IMPORT,NSFT,VC202600704
CONT2026011261,EXPORT,NSFT,VC202600704
CONT2026011262,IMPORT,NSFT,VC202600704
CONT2026011263,IMPORT,NSFT,VC202600704
CONT2026011264,EXPORT,NSFT,VC202600704
CONT2026011265,IMPORT,NSFT,VC202600704
CONT2026011266,IMPORT,NSFT,VC202600704
CONT2026011267,EXPORT,NSFT,VC202600704
CONT2026011268,EXPORT,NSFT,VC202600704
CONT2026011269,IMPORT,NSFT,VC202600704
CONT2026011270,EXPORT,NSFT,VC202600704
CONT2026011271,IMPORT,NSFT,VC202600704
CONT2026011272,IMPORT,NSFT,VC202600704
CONT2026011273,EXPORT,NSFT,VC202600704
CONT2026011274,EXPORT,NSFT,VC202600704
CONT2026011275,IMPORT,NSFT,VC202600704
CONT2026011276,IMPORT,NSFT,VC202600704
CONT2026011277,IMPORT,NSFT,VC202600704
CONT2026011278,IMPORT,NSFT,VC202600704
CONT2026011279,IMPORT,NSIGT,VC202600705
CONT2026011280,EXPORT,NSIGT,VC202600705
CONT2026011281,IMPORT,NSIGT,VC202600705
CONT2026011282,EXPORT,NSIGT,VC202600705
CONT2026011283,IMPORT,NSIGT,VC202600705
CONT2026011284,IMPORT,NSIGT,VC202600705
CONT2026011285,EXPORT,NSIGT,VC202600705
CONT2026011286,IMPORT,NSIGT,VC202600705
CONT2026011287,IMPORT,NSIGT,VC202600705
CONT2026011288,EXPORT,NSIGT,VC202600705
CONT2026011289,IMPORT,NSIGT,VC202600705
CONT2026011290,EXPORT,NSIGT,VC202600705
CONT2026011291,IMPORT,NSIGT,VC202600705
CONT2026011292,EXPORT,NSIGT,VC202600705
CONT2026011293,EXPORT,NSIGT,VC202600705
CONT2026011294,IMPORT,NSIGT,VC202600705
CONT2026011295,IMPORT,NSIGT,VC202600705
CONT2026011296,IMPORT,NSIGT,VC202600705
CONT2026011297,EXPORT,NSIGT,VC202600705
CONT2026011298,EXPORT,NSIGT,VC202600705
CONT2026011299,EXPORT,NSIGT,VC202600705
CONT2026011300,IMPORT,GTI,VC202600706
CONT2026011301,IMPORT,GTI,VC202600706
CONT2026011302,IMPORT,GTI,VC202600706
CONT2026011303,EXPORT,GTI,VC202600706
CONT2026011304,EXPORT,GTI,VC202600706
CONT2026011305,IMPORT,GTI,VC202600706
CONT2026011306,IMPORT,GTI,VC202600706
CONT2026011307,EXPORT,GTI,VC202600706
CONT2026011308,IMPORT,BMCT,VC202600707
CONT2026011309,EXPORT,BMCT,VC202600707
CONT2026011310,EXPORT,BMCT,VC202600707
CONT2026011311,IMPORT,BMCT,VC202600707
CONT2026011312,EXPORT,BMCT,VC202600707
CONT2026011313,IMPORT,BMCT,VC202600707
CONT2026011314,EXPORT,BMCT,VC202600707
CONT2026011315,EXPORT,BMCT,VC202600707
CONT2026011316,EXPORT,BMCT,VC202600707
CONT2026011317,EXPORT,BMCT,VC202600707
CONT2026011318,IMPORT,BMCT,VC202600707
CONT2026011319,IMPORT,BMCT,VC202600707
CONT2026011320,EXPORT,BMCT,VC202600707
CONT2026011321,EXPORT,BMCT,VC202600707
CONT2026011322,IMPORT,BMCT,VC202600707
CONT2026011323,EXPORT,BMCT,VC202600707
CONT2026011324,IMPORT,BMCT,VC202600707
CONT2026011325,IMPORT,BMCT,VC202600707
CONT2026011326,EXPORT,NSIGT,VC202600708
CONT2026011327,EXPORT,NSIGT,VC202600708
CONT2026011328,IMPORT,NSIGT,VC202600708
CONT2026011329,IMPORT,NSIGT,VC202600708
CONT2026011330,EXPORT,NSIGT,VC202600708
CONT2026011331,IMPORT,NSIGT,VC202600708
CONT2026011332,EXPORT,NSIGT,VC202600708
CONT2026011333,IMPORT,NSIGT,VC202600708
CONT2026011334,EXPORT,NSIGT,VC202600708
CONT2026011335,EXPORT,NSIGT,VC202600708
CONT2026011336,IMPORT,NSIGT,VC202600708
CONT2026011337,IMPORT,NSIGT,VC202600708
CONT2026011338,IMPORT,NSIGT,VC202600708
CONT2026011339,EXPORT,NSIGT,VC202600708
CONT2026011340,IMPORT,NSIGT,VC202600708
CONT2026011341,EXPORT,NSIGT,VC202600708
CONT2026011342,IMPORT,NSIGT,VC202600708
CONT2026011343,EXPORT,NSIGT,VC202600708
CONT2026011344,EXPORT,NSIGT,VC202600708
CONT2026011345,IMPORT,NSIGT,VC202600708
CONT2026011346,EXPORT,NSIGT,VC202600708
CONT2026011347,IMPORT,NSIGT,VC202600708
CONT2026011348,IMPORT,NSIGT,VC202600708
CONT2026011349,EXPORT,NSIGT,VC202600708
CONT2026011350,IMPORT,NSIGT,VC202600708
CONT2026011351,IMPORT,NSIGT,VC202600708
CONT2026011352,IMPORT,NSIGT,VC202600708
CONT2026011353,EXPORT,NSIGT,VC202600708
CONT2026011354,EXPORT,GTI,VC202600709
CONT2026011355,EXPORT,GTI,VC202600709
CONT2026011356,IMPORT,GTI,VC202600709
CONT2026011357,IMPORT,GTI,VC202600709
CONT2026011358,IMPORT,GTI,VC202600709
CONT2026011359,EXPORT,GTI,VC202600709
CONT2026011360,IMPORT,GTI,VC202600709
CONT2026011361,EXPORT,GTI,VC202600709
CONT2026011362,EXPORT,GTI,VC202600709
CONT2026011363,IMPORT,GTI,VC202600709
CONT2026011364,IMPORT,GTI,VC202600709
CONT2026011365,EXPORT,GTI,VC202600709
CONT2026011366,IMPORT,GTI,VC202600709
CONT2026011367,IMPORT,GTI,VC202600709
CONT2026011368,EXPORT,GTI,VC202600709
CONT2026011369,IMPORT,BMCT,VC202600710
CONT2026011370,EXPORT,BMCT,VC202600710
CONT2026011371,EXPORT,BMCT,VC202600710
CONT2026011372,IMPORT,BMCT,VC202600710
CONT2026011373,EXPORT,BMCT,VC202600710
CONT2026011374,IMPORT,BMCT,VC202600710
CONT2026011375,EXPORT,BMCT,VC202600710
CONT2026011376,IMPORT,BMCT,VC202600710
CONT2026011377,EXPORT,BMCT,VC202600710
CONT2026011378,IMPORT,BMCT,VC202600710
CONT2026011379,IMPORT,BMCT,VC202600710
CONT2026011380,EXPORT,BMCT,VC202600710
CONT2026011381,EXPORT,BMCT,VC202600710
CONT2026011382,IMPORT,BMCT,VC202600710
CONT2026011383,EXPORT,BMCT,VC202600710
CONT2026011384,EXPORT,BMCT,VC202600710
CONT2026011385,IMPORT,BMCT,VC202600710
CONT2026011386,EXPORT,BMCT,VC202600711
CONT2026011387,EXPORT,BMCT,VC202600711
CONT2026011388,IMPORT,BMCT,VC202600711
CONT2026011389,EXPORT,BMCT,VC202600711
CONT2026011390,IMPORT,BMCT,VC202600711
CONT2026011391,IMPORT,BMCT,VC202600711
CONT2026011392,IMPORT,BMCT,VC202600711
CONT2026011393,IMPORT,BMCT,VC202600711
CONT2026011394,IMPORT,BMCT,VC202600711
CONT2026011395,EXPORT,BMCT,VC202600711
CONT2026011396,IMPORT,BMCT,VC202600711
CONT2026011397,IMPORT,BMCT,VC202600711
CONT2026011398,IMPORT,BMCT,VC202600711
CONT2026011399,EXPORT,BMCT,VC202600711
CONT2026011400,EXPORT,BMCT,VC202600711
CONT2026011401,EXPORT,BMCT,VC202600711
CONT2026011402,EXPORT,BMCT,VC202600711
CONT2026011403,EXPORT,BMCT,VC202600711
CONT2026011404,IMPORT,BMCT,VC202600712
CONT2026011405,EXPORT,BMCT,VC202600712
CONT2026011406,EXPORT,BMCT,VC202600712
CONT2026011407,IMPORT,BMCT,VC202600712
CONT2026011408,IMPORT,BMCT,VC202600712
CONT2026011409,IMPORT,BMCT,VC202600712
CONT2026011410,EXPORT,BMCT,VC202600712
CONT2026011411,IMPORT,BMCT,VC202600712
CONT2026011412,IMPORT,BMCT,VC202600712
CONT2026011413,IMPORT,BMCT,VC202600712
CONT2026011414,EXPORT,BMCT,VC202600712
CONT2026011415,EXPORT,BMCT,VC202600712
CONT2026011416,EXPORT,BMCT,VC202600712
CONT2026011417,EXPORT,BMCT,VC202600712
CONT2026011418,IMPORT,BMCT,VC202600712
CONT2026011419,IMPORT,NSIGT,VC202600713
CONT2026011420,IMPORT,NSIGT,VC202600713
CONT2026011421,IMPORT,NSIGT,VC202600713
CONT2026011422,IMPORT,NSIGT,VC202600713
CONT2026011423,EXPORT,NSIGT,VC202600713
CONT2026011424,IMPORT,NSIGT,VC202600713
CONT2026011425,EXPORT,NSIGT,VC202600713
CONT2026011426,EXPORT,NSIGT,VC202600713
CONT2026011427,IMPORT,NSIGT,VC202600713
CONT2026011428,IMPORT,NSIGT,VC202600713
CONT2026011429,IMPORT,NSIGT,VC202600713
CONT2026011430,EXPORT,NSIGT,VC202600713
CONT2026011431,EXPORT,NSIGT,VC202600713
CONT2026011432,EXPORT,NSIGT,VC202600713
CONT2026011433,EXPORT,NSIGT,VC202600713
CONT2026011434,EXPORT,NSIGT,VC202600713
CONT2026011435,IMPORT,NSIGT,VC202600713
CONT2026011436,EXPORT,NSIGT,VC202600713
CONT2026011437,EXPORT,NSIGT,VC202600713
CONT2026011438,EXPORT,NSIGT,VC202600713
CONT2026011439,IMPORT,NSIGT,VC202600713
CONT2026011440,IMPORT,NSIGT,VC202600713
CONT2026011441,IMPORT,NSIGT,VC202600713
CONT2026011442,IMPORT,NSIGT,VC202600713
CONT2026011443,EXPORT,NSIGT,VC202600713
CONT2026011444,EXPORT,NSIGT,VC202600713
CONT2026011445,EXPORT,NSIGT,VC202600713
CONT2026011446,EXPORT,NSICT,VC202600714
CONT2026011447,IMPORT,NSICT,VC202600714
CONT2026011448,IMPORT,NSICT,VC202600714
CONT2026011449,IMPORT,NSICT,VC202600714
CONT2026011450,IMPORT,NSICT,VC202600714
CONT2026011451,EXPORT,NSICT,VC202600714
CONT2026011452,IMPORT,NSICT,VC202600714
CONT2026011453,EXPORT,NSICT,VC202600714
CONT2026011454,IMPORT,NSICT,VC202600714
CONT2026011455,IMPORT,NSICT,VC202600714
CONT2026011456,EXPORT,NSICT,VC202600714
CONT2026011457,IMPORT,NSICT,VC202600714
CONT2026011458,EXPORT,NSICT,VC202600714
CONT2026011459,EXPORT,NSICT,VC202600714
CONT2026011460,EXPORT,NSICT,VC202600714
CONT2026011461,IMPORT,NSICT,VC202600714
CONT2026011462,EXPORT,NSICT,VC202600714
CONT2026011463,EXPORT,NSICT,VC202600714
CONT2026011464,IMPORT,BMCT,VC202600715
CONT2026011465,IMPORT,BMCT,VC202600715
CONT2026011466,EXPORT,BMCT,VC202600715
CONT2026011467,IMPORT,BMCT,VC202600715
CONT2026011468,EXPORT,BMCT,VC202600715
CONT2026011469,EXPORT,BMCT,VC202600715
CONT2026011470,EXPORT,BMCT,VC202600715
CONT2026011471,EXPORT,BMCT,VC202600715
CONT2026011472,EXPORT,BMCT,VC202600715
CONT2026011473,IMPORT,BMCT,VC202600715
CONT2026011474,EXPORT,BMCT,VC202600715
CONT2026011475,IMPORT,BMCT,VC202600715
CONT2026011476,IMPORT,BMCT,VC202600715
CONT2026011477,IMPORT,BMCT,VC202600715
CONT2026011478,IMPORT,BMCT,VC202600715
CONT2026011479,IMPORT,BMCT,VC202600715
CONT2026011480,IMPORT,BMCT,VC202600715
CONT2026011481,EXPORT,BMCT,VC202600715
CONT2026011482,IMPORT,BMCT,VC202600715
CONT2026011483,IMPORT,BMCT,VC202600715
CONT2026011484,IMPORT,BMCT,VC202600715
CONT2026011485,EXPORT,BMCT,VC202600715
CONT2026011486,EXPORT,BMCT,VC202600715
CONT2026011487,EXPORT,BMCT,VC202600715
CONT2026011488,IMPORT,BMCT,VC202600715
CONT2026011489,IMPORT,BMCT,VC202600715
CONT2026011490,EXPORT,BMCT,VC202600715
CONT2026011491,EXPORT,BMCT,VC202600715
CONT2026011492,IMPORT,BMCT,VC202600715
CONT2026011493,IMPORT,BMCT,VC202600715
CONT2026011494,IMPORT,BMCT,VC202600715
CONT2026011495,EXPORT,BMCT,VC202600716
CONT2026011496,EXPORT,BMCT,VC202600716
CONT2026011497,IMPORT,BMCT,VC202600716
CONT2026011498,EXPORT,BMCT,VC202600716
CONT2026011499,IMPORT,BMCT,VC202600716
CONT2026011500,EXPORT,BMCT,VC202600716
CONT2026011501,EXPORT,BMCT,VC202600716
CONT2026011502,IMPORT,BMCT,VC202600716
CONT2026011503,IMPORT,BMCT,VC202600716
CONT2026011504,IMPORT,BMCT,VC202600716
CONT2026011505,IMPORT,BMCT,VC202600716
CONT2026011506,IMPORT,BMCT,VC202600716
CONT2026011507,EXPORT,BMCT,VC202600716
CONT2026011508,IMPORT,BMCT,VC202600716
CONT2026011509,EXPORT,BMCT,VC202600716
CONT2026011510,EXPORT,BMCT,VC202600716
CONT2026011511,IMPORT,BMCT,VC202600716
CONT2026011512,IMPORT,BMCT,VC202600716
CONT2026011513,EXPORT,BMCT,VC202600716
CONT2026011514,EXPORT,BMCT,VC202600716
CONT2026011515,IMPORT,BMCT,VC202600716
CONT2026011516,IMPORT,BMCT,VC202600716
CONT2026011517,EXPORT,BMCT,VC202600716
CONT2026011518,EXPORT,BMCT,VC202600716
CONT2026011519,EXPORT,NSIGT,VC202600717
CONT2026011520,EXPORT,NSIGT,VC202600717
CONT2026011521,EXPORT,NSIGT,VC202600717
CONT2026011522,IMPORT,NSIGT,VC202600717
CONT2026011523,EXPORT,NSIGT,VC202600717
CONT2026011524,IMPORT,NSIGT,VC202600717
CONT2026011525,EXPORT,NSIGT,VC202600717
CONT2026011526,EXPORT,NSIGT,VC202600717
CONT2026011527,IMPORT,NSIGT,VC202600717
CONT2026011528,EXPORT,NSIGT,VC202600717
CONT2026011529,IMPORT,NSIGT,VC202600718
CONT2026011530,IMPORT,NSIGT,VC202600718
CONT2026011531,EXPORT,NSIGT,VC202600718
CONT2026011532,IMPORT,NSIGT,VC202600718
CONT2026011533,EXPORT,NSIGT,VC202600718
CONT2026011534,IMPORT,NSIGT,VC202600718
CONT2026011535,EXPORT,NSIGT,VC202600718
CONT2026011536,EXPORT,NSIGT,VC202600718
CONT2026011537,EXPORT,BMCT,VC202600719
CONT2026011538,EXPORT,BMCT,VC202600719
CONT2026011539,EXPORT,BMCT,VC202600719
CONT2026011540,IMPORT,BMCT,VC202600719
CONT2026011541,IMPORT,BMCT,VC202600719
CONT2026011542,EXPORT,BMCT,VC202600719
CONT2026011543,EXPORT,BMCT,VC202600719
CONT2026011544,EXPORT,BMCT,VC202600719
CONT2026011545,IMPORT,BMCT,VC202600719
CONT2026011546,IMPORT,BMCT,VC202600719
CONT2026011547,IMPORT,BMCT,VC202600719
CONT2026011548,IMPORT,BMCT,VC202600719
CONT2026011549,EXPORT,BMCT,VC202600719
CONT2026011550,IMPORT,BMCT,VC202600719
CONT2026011551,IMPORT,BMCT,VC202600719
CONT2026011552,EXPORT,BMCT,VC202600719
CONT2026011553,EXPORT,BMCT,VC202600719
CONT2026011554,EXPORT,BMCT,VC202600719
CONT2026011555,EXPORT,NSICT,VC202600720
CONT2026011556,IMPORT,NSICT,VC202600720
CONT2026011557,EXPORT,NSICT,VC202600720
CONT2026011558,EXPORT,NSICT,VC202600720
CONT2026011559,IMPORT,NSICT,VC202600720
CONT2026011560,EXPORT,NSICT,VC202600720
CONT2026011561,EXPORT,NSICT,VC202600720
CONT2026011562,IMPORT,NSICT,VC202600720
CONT2026011563,EXPORT,NSICT,VC202600720
CONT2026011564,IMPORT,NSICT,VC202600720
CONT2026011565,EXPORT,NSICT,VC202600720
CONT2026011566,IMPORT,NSFT,VC202600721
CONT2026011567,EXPORT,NSFT,VC202600721
CONT2026011568,EXPORT,NSFT,VC202600721
CONT2026011569,EXPORT,NSFT,VC202600721
CONT2026011570,IMPORT,NSFT,VC202600721
CONT2026011571,IMPORT,NSFT,VC202600721
CONT2026011572,EXPORT,NSFT,VC202600721
CONT2026011573,EXPORT,NSFT,VC202600721
CONT2026011574,IMPORT,NSFT,VC202600721
CONT2026011575,EXPORT,NSFT,VC202600721
CONT2026011576,IMPORT,NSFT,VC202600721
CONT2026011577,EXPORT,BMCT,VC202600722
CONT2026011578,IMPORT,BMCT,VC202600722
CONT2026011579,IMPORT,BMCT,VC202600722
CONT2026011580,EXPORT,BMCT,VC202600722
CONT2026011581,EXPORT,BMCT,VC202600722
CONT2026011582,IMPORT,BMCT,VC202600722
CONT2026011583,IMPORT,BMCT,VC202600722
CONT2026011584,IMPORT,BMCT,VC202600722
CONT2026011585,IMPORT,BMCT,VC202600722
CONT2026011586,IMPORT,BMCT,VC202600722
CONT2026011587,EXPORT,BMCT,VC202600722
CONT2026011588,IMPORT,BMCT,VC202600722
CONT2026011589,IMPORT,BMCT,VC202600722
CONT2026011590,EXPORT,BMCT,VC202600722
CONT2026011591,EXPORT,BMCT,VC202600722
CONT2026011592,EXPORT,BMCT,VC202600722
CONT2026011593,EXPORT,BMCT,VC202600722
CONT2026011594,IMPORT,BMCT,VC202600722
CONT2026011595,EXPORT,BMCT,VC202600722
CONT2026011596,IMPORT,BMCT,VC202600722
CONT2026011597,IMPORT,BMCT,VC202600722
CONT2026011598,IMPORT,BMCT,VC202600722
CONT2026011599,IMPORT,BMCT,VC202600722
CONT2026011600,IMPORT,BMCT,VC202600722
CONT2026011601,EXPORT,BMCT,VC202600722
CONT2026011602,EXPORT,BMCT,VC202600722
CONT2026011603,EXPORT,BMCT,VC202600722
CONT2026011604,EXPORT,BMCT,VC202600722
CONT2026011605,IMPORT,BMCT,VC202600722
CONT2026011606,EXPORT,BMCT,VC202600722
CONT2026011607,EXPORT,BMCT,VC202600722
CONT2026011608,EXPORT,BMCT,VC202600722
CONT2026011609,IMPORT,BMCT,VC202600722
CONT2026011610,EXPORT,BMCT,VC202600722
CONT2026011611,IMPORT,BMCT,VC202600722
CONT2026011612,EXPORT,BMCT,VC202600722
CONT2026011613,EXPORT,BMCT,VC202600722
CONT2026011614,EXPORT,BMCT,VC202600722
CONT2026011615,IMPORT,BMCT,VC202600722
CONT2026011616,IMPORT,BMCT,VC202600722
CONT2026011617,IMPORT,BMCT,VC202600722
CONT2026011618,IMPORT,BMCT,VC202600722
CONT2026011619,EXPORT,BMCT,VC202600722
CONT2026011620,IMPORT,BMCT,VC202600722
CONT2026011621,EXPORT,BMCT,VC202600722
CONT2026011622,IMPORT,BMCT,VC202600722
CONT2026011623,IMPORT,BMCT,VC202600722
CONT2026011624,EXPORT,BMCT,VC202600722
CONT2026011625,IMPORT,BMCT,VC202600722
CONT2026011626,EXPORT,BMCT,VC202600722
CONT2026011627,IMPORT,BMCT,VC202600722
CONT2026011628,EXPORT,BMCT,VC202600722
CONT2026011629,EXPORT,BMCT,VC202600722
CONT2026011630,EXPORT,BMCT,VC202600722
CONT2026011631,IMPORT,BMCT,VC202600722
CONT2026011632,EXPORT,BMCT,VC202600722
CONT2026011633,EXPORT,NSIGT,VC202600723
CONT2026011634,IMPORT,NSIGT,VC202600723
CONT2026011635,IMPORT,NSIGT,VC202600723
CONT2026011636,IMPORT,NSIGT,VC202600723
CONT2026011637,EXPORT,NSIGT,VC202600723
CONT2026011638,IMPORT,NSIGT,VC202600723
CONT2026011639,EXPORT,NSIGT,VC202600723
CONT2026011640,EXPORT,GTI,VC202600724
CONT2026011641,IMPORT,GTI,VC202600724
CONT2026011642,EXPORT,GTI,VC202600724
CONT2026011643,EXPORT,GTI,VC202600724
CONT2026011644,IMPORT,GTI,VC202600724
CONT2026011645,EXPORT,GTI,VC202600724
CONT2026011646,IMPORT,GTI,VC202600724
CONT2026011647,EXPORT,GTI,VC202600724
CONT2026011648,IMPORT,GTI,VC202600724
CONT2026011649,IMPORT,GTI,VC202600724
CONT2026011650,IMPORT,GTI,VC202600724
CONT2026011651,EXPORT,GTI,VC202600724
CONT2026011652,EXPORT,GTI,VC202600724
CONT2026011653,IMPORT,GTI,VC202600724
CONT2026011654,IMPORT,GTI,VC202600724
CONT2026011655,EXPORT,NSICT,VC202600725
CONT2026011656,EXPORT,NSICT,VC202600725
CONT2026011657,EXPORT,NSICT,VC202600725
CONT2026011658,IMPORT,NSICT,VC202600725
CONT2026011659,IMPORT,NSICT,VC202600725
CONT2026011660,IMPORT,NSICT,VC202600725
CONT2026011661,EXPORT,NSICT,VC202600725
CONT2026011662,EXPORT,NSICT,VC202600725
CONT2026011663,IMPORT,NSICT,VC202600725
CONT2026011664,IMPORT,NSICT,VC202600725
CONT2026011665,IMPORT,BMCT,VC202600726
CONT2026011666,IMPORT,BMCT,VC202600726
CONT2026011667,EXPORT,BMCT,VC202600726
CONT2026011668,IMPORT,BMCT,VC202600726
CONT2026011669,EXPORT,BMCT,VC202600726
CONT2026011670,EXPORT,BMCT,VC202600726
CONT2026011671,IMPORT,BMCT,VC202600726
CONT2026011672,EXPORT,BMCT,VC202600726
CONT2026011673,IMPORT,BMCT,VC202600726
CONT2026011674,EXPORT,BMCT,VC202600726
CONT2026011675,EXPORT,BMCT,VC202600726
CONT2026011676,IMPORT,BMCT,VC202600726
CONT2026011677,IMPORT,BMCT,VC202600726
CONT2026011678,EXPORT,GTI,VC202600727
CONT2026011679,IMPORT,GTI,VC202600727
CONT2026011680,EXPORT,GTI,VC202600727
CONT2026011681,EXPORT,GTI,VC202600727
CONT2026011682,EXPORT,GTI,VC202600727
CONT2026011683,IMPORT,GTI,VC202600727
CONT2026011684,EXPORT,GTI,VC202600727
CONT2026011685,EXPORT,GTI,VC202600727
CONT2026011686,EXPORT,GTI,VC202600727
CONT2026011687,EXPORT,GTI,VC202600727
CONT2026011688,IMPORT,GTI,VC202600727
CONT2026011689,EXPORT,GTI,VC202600727
CONT2026011690,IMPORT,GTI,VC202600727
CONT2026011691,EXPORT,GTI,VC202600727
CONT2026011692,IMPORT,GTI,VC202600727
CONT2026011693,EXPORT,GTI,VC202600727
CONT2026011694,EXPORT,GTI,VC202600727
CONT2026011695,EXPORT,GTI,VC202600727
CONT2026011696,IMPORT,GTI,VC202600727
CONT2026011697,EXPORT,GTI,VC202600727
CONT2026011698,IMPORT,NSFT,VC202600728
CONT2026011699,IMPORT,NSFT,VC202600728
CONT2026011700,IMPORT,NSFT,VC202600728
CONT2026011701,EXPORT,NSFT,VC202600728
CONT2026011702,EXPORT,NSFT,VC202600728
CONT2026011703,EXPORT,NSFT,VC202600728
CONT2026011704,IMPORT,NSFT,VC202600728
CONT2026011705,IMPORT,NSFT,VC202600728
CONT2026011706,EXPORT,NSFT,VC202600728
CONT2026011707,IMPORT,NSFT,VC202600728
CONT2026011708,IMPORT,NSFT,VC202600728
CONT2026011709,IMPORT,NSIGT,VC202600729
CONT2026011710,IMPORT,NSIGT,VC202600729
CONT2026011711,IMPORT,NSIGT,VC202600729
CONT2026011712,IMPORT,NSIGT,VC202600729
CONT2026011713,EXPORT,NSIGT,VC202600729
CONT2026011714,IMPORT,NSIGT,VC202600729
CONT2026011715,IMPORT,NSIGT,VC202600729
CONT2026011716,IMPORT,NSIGT,VC202600729
CONT2026011717,IMPORT,NSIGT,VC202600729
CONT2026011718,EXPORT,NSIGT,VC202600729
CONT2026011719,EXPORT,NSIGT,VC202600729
CONT2026011720,IMPORT,NSIGT,VC202600729
CONT2026011721,IMPORT,NSIGT,VC202600729
CONT2026011722,EXPORT,NSIGT,VC202600729
CONT2026011723,EXPORT,NSIGT,VC202600729
CONT2026011724,IMPORT,NSIGT,VC202600729
CONT2026011725,IMPORT,NSIGT,VC202600729
CONT2026011726,EXPORT,NSIGT,VC202600729
CONT2026011727,EXPORT,NSIGT,VC202600729
CONT2026011728,EXPORT,NSIGT,VC202600729
CONT2026011729,EXPORT,NSIGT,VC202600729
CONT2026011730,IMPORT,NSIGT,VC202600729
CONT2026011731,EXPORT,NSIGT,VC202600729
CONT2026011732,EXPORT,NSIGT,VC202600729
CONT2026011733,EXPORT,NSIGT,VC202600729
CONT2026011734,IMPORT,NSIGT,VC202600729
CONT2026011735,IMPORT,NSIGT,VC202600729
CONT2026011736,EXPORT,NSIGT,VC202600730
CONT2026011737,EXPORT,NSIGT,VC202600730
CONT2026011738,IMPORT,NSIGT,VC202600730
CONT2026011739,EXPORT,NSIGT,VC202600730
CONT2026011740,IMPORT,NSIGT,VC202600730
CONT2026011741,EXPORT,NSIGT,VC202600730
CONT2026011742,EXPORT,NSIGT,VC202600730
CONT2026011743,EXPORT,NSIGT,VC202600730
CONT2026011744,IMPORT,NSIGT,VC202600730
CONT2026011745,IMPORT,NSIGT,VC202600730
CONT2026011746,IMPORT,NSIGT,VC202600730
CONT2026011747,IMPORT,NSIGT,VC202600730
CONT2026011748,EXPORT,NSIGT,VC202600730
CONT2026011749,IMPORT,NSIGT,VC202600730
CONT2026011750,IMPORT,NSIGT,VC202600730
CONT2026011751,EXPORT,NSIGT,VC202600730
CONT2026011752,IMPORT,NSIGT,VC202600730
CONT2026011753,EXPORT,NSIGT,VC202600730
CONT2026011754,EXPORT,NSIGT,VC202600730
CONT2026011755,EXPORT,NSIGT,VC202600730
CONT2026011756,IMPORT,NSIGT,VC202600730
CONT2026011757,IMPORT,NSIGT,VC202600730
CONT2026011758,EXPORT,NSIGT,VC202600730
CONT2026011759,IMPORT,NSIGT,VC202600730
CONT2026011760,IMPORT,NSIGT,VC202600730
CONT2026011761,EXPORT,NSIGT,VC202600730
CONT2026011762,EXPORT,NSIGT,VC202600730
CONT2026011763,IMPORT,GTI,VC202600731
CONT2026011764,IMPORT,GTI,VC202600731
CONT2026011765,IMPORT,GTI,VC202600731
CONT2026011766,EXPORT,GTI,VC202600731
CONT2026011767,EXPORT,GTI,VC202600731
CONT2026011768,IMPORT,GTI,VC202600731
CONT2026011769,EXPORT,GTI,VC202600731
CONT2026011770,IMPORT,GTI,VC202600731
CONT2026011771,EXPORT,GTI,VC202600731
CONT2026011772,EXPORT,GTI,VC202600731
CONT2026011773,IMPORT,GTI,VC202600731
CONT2026011774,IMPORT,GTI,VC202600731
CONT2026011775,EXPORT,GTI,VC202600731
CONT2026011776,EXPORT,GTI,VC202600731
CONT2026011777,IMPORT,GTI,VC202600731
CONT2026011778,IMPORT,GTI,VC202600731
CONT2026011779,IMPORT,GTI,VC202600731
CONT2026011780,IMPORT,BMCT,VC202600732
CONT2026011781,EXPORT,BMCT,VC202600732
CONT2026011782,IMPORT,BMCT,VC202600732
CONT2026011783,EXPORT,BMCT,VC202600732
CONT2026011784,EXPORT,BMCT,VC202600732
CONT2026011785,EXPORT,BMCT,VC202600732
CONT2026011786,EXPORT,BMCT,VC202600732
CONT2026011787,EXPORT,BMCT,VC202600732
CONT2026011788,EXPORT,BMCT,VC202600732
CONT2026011789,EXPORT,BMCT,VC202600732
CONT2026011790,EXPORT,BMCT,VC202600732
CONT2026011791,EXPORT,BMCT,VC202600732
CONT2026011792,IMPORT,BMCT,VC202600732
CONT2026011793,IMPORT,BMCT,VC202600732
CONT2026011794,IMPORT,BMCT,VC202600732
CONT2026011795,EXPORT,BMCT,VC202600732
CONT2026011796,EXPORT,BMCT,VC202600732
CONT2026011797,EXPORT,BMCT,VC202600732
CONT2026011798,IMPORT,NSIGT,VC202600733
CONT2026011799,IMPORT,NSIGT,VC202600733
CONT2026011800,IMPORT,NSIGT,VC202600733
CONT2026011801,IMPORT,NSIGT,VC202600733
CONT2026011802,EXPORT,NSIGT,VC202600733
CONT2026011803,EXPORT,NSIGT,VC202600733
CONT2026011804,EXPORT,NSIGT,VC202600733
CONT2026011805,IMPORT,NSIGT,VC202600733
CONT2026011806,IMPORT,NSIGT,VC202600733
CONT2026011807,IMPORT,NSIGT,VC202600733
CONT2026011808,EXPORT,NSIGT,VC202600733
CONT2026011809,EXPORT,NSIGT,VC202600733
CONT2026011810,EXPORT,NSIGT,VC202600733
CONT2026011811,EXPORT,NSIGT,VC202600733
CONT2026011812,EXPORT,NSIGT,VC202600733
CONT2026011813,EXPORT,NSIGT,VC202600733
CONT2026011814,EXPORT,NSIGT,VC202600733
CONT2026011815,IMPORT,NSIGT,VC202600733
CONT2026011816,EXPORT,NSIGT,VC202600733
CONT2026011817,EXPORT,NSIGT,VC202600733
CONT2026011818,IMPORT,NSIGT,VC202600733
CONT2026011819,IMPORT,NSIGT,VC202600733
CONT2026011820,EXPORT,NSFT,VC202600734
CONT2026011821,EXPORT,NSFT,VC202600734
CONT2026011822,IMPORT,NSFT,VC202600734
CONT2026011823,IMPORT,NSFT,VC202600734
CONT2026011824,EXPORT,NSFT,VC202600734
CONT2026011825,IMPORT,NSFT,VC202600734
CONT2026011826,EXPORT,NSFT,VC202600734
CONT2026011827,EXPORT,NSFT,VC202600734
CONT2026011828,EXPORT,NSFT,VC202600734
CONT2026011829,EXPORT,NSFT,VC202600734
CONT2026011830,EXPORT,NSFT,VC202600734
CONT2026011831,EXPORT,NSFT,VC202600734
CONT2026011832,EXPORT,NSFT,VC202600734
CONT2026011833,EXPORT,NSFT,VC202600734
CONT2026011834,IMPORT,NSFT,VC202600734
CONT2026011835,IMPORT,NSIGT,VC202600735
CONT2026011836,IMPORT,NSIGT,VC202600735
CONT2026011837,EXPORT,NSIGT,VC202600735
CONT2026011838,EXPORT,NSIGT,VC202600735
CONT2026011839,EXPORT,NSIGT,VC202600735
CONT2026011840,EXPORT,NSIGT,VC202600735
CONT2026011841,IMPORT,NSIGT,VC202600735
CONT2026011842,IMPORT,NSIGT,VC202600735
CONT2026011843,EXPORT,NSIGT,VC202600735
CONT2026011844,IMPORT,NSIGT,VC202600735
CONT2026011845,EXPORT,NSIGT,VC202600735
CONT2026011846,IMPORT,NSIGT,VC202600735
CONT2026011847,EXPORT,NSIGT,VC202600735
CONT2026011848,IMPORT,NSIGT,VC202600735
CONT2026011849,EXPORT,NSIGT,VC202600735
CONT2026011850,EXPORT,NSIGT,VC202600735
CONT2026011851,EXPORT,NSIGT,VC202600735
CONT2026011852,EXPORT,NSIGT,VC202600735
CONT2026011853,IMPORT,NSIGT,VC202600735
CONT2026011854,EXPORT,NSIGT,VC202600735
CONT2026011855,EXPORT,NSIGT,VC202600735
CONT2026011856,IMPORT,NSIGT,VC202600735
CONT2026011857,IMPORT,NSIGT,VC202600735
CONT2026011858,IMPORT,NSIGT,VC202600735
CONT2026011859,IMPORT,NSIGT,VC202600735
CONT2026011860,IMPORT,NSIGT,VC202600735
CONT2026011861,EXPORT,NSIGT,VC202600735
CONT2026011862,EXPORT,NSIGT,VC202600735
CONT2026011863,EXPORT,NSIGT,VC202600735
CONT2026011864,EXPORT,NSIGT,VC202600735
CONT2026011865,IMPORT,NSIGT,VC202600735
CONT2026011866,EXPORT,NSIGT,VC202600735
CONT2026011867,IMPORT,NSIGT,VC202600735
CONT2026011868,EXPORT,NSIGT,VC202600735
CONT2026011869,IMPORT,NSIGT,VC202600735
CONT2026011870,IMPORT,NSIGT,VC202600735
CONT2026011871,IMPORT,BMCT,VC202600736
CONT2026011872,EXPORT,BMCT,VC202600736
CONT2026011873,EXPORT,BMCT,VC202600736
CONT2026011874,IMPORT,BMCT,VC202600736
CONT2026011875,IMPORT,BMCT,VC202600736
CONT2026011876,EXPORT,BMCT,VC202600736
CONT2026011877,IMPORT,BMCT,VC202600736
CONT2026011878,EXPORT,BMCT,VC202600736
CONT2026011879,EXPORT,BMCT,VC202600736
CONT2026011880,EXPORT,BMCT,VC202600736
CONT2026011881,IMPORT,BMCT,VC202600737
CONT2026011882,IMPORT,BMCT,VC202600737
CONT2026011883,IMPORT,BMCT,VC202600737
CONT2026011884,EXPORT,BMCT,VC202600737
CONT2026011885,EXPORT,BMCT,VC202600737
CONT2026011886,IMPORT,BMCT,VC202600737
CONT2026011887,EXPORT,BMCT,VC202600737
CONT2026011888,EXPORT,BMCT,VC202600737
CONT2026011889,IMPORT,BMCT,VC202600737
CONT2026011890,IMPORT,BMCT,VC202600737
CONT2026011891,IMPORT,BMCT,VC202600737
CONT2026011892,IMPORT,BMCT,VC202600738
CONT2026011893,IMPORT,BMCT,VC202600738
CONT2026011894,IMPORT,BMCT,VC202600738
CONT2026011895,IMPORT,BMCT,VC202600738
CONT2026011896,IMPORT,BMCT,VC202600738
CONT2026011897,IMPORT,BMCT,VC202600738
CONT2026011898,IMPORT,BMCT,VC202600738
CONT2026011899,EXPORT,BMCT,VC202600738
CONT2026011900,EXPORT,BMCT,VC202600738
CONT2026011901,IMPORT,BMCT,VC202600738
CONT2026011902,IMPORT,BMCT,VC202600738
CONT2026011903,EXPORT,NSFT,VC202600739
CONT2026011904,EXPORT,NSFT,VC202600739
CONT2026011905,EXPORT,NSFT,VC202600739
CONT2026011906,IMPORT,NSFT,VC202600739
CONT2026011907,EXPORT,NSFT,VC202600739
CONT2026011908,EXPORT,NSFT,VC202600739
CONT2026011909,EXPORT,NSFT,VC202600739
CONT2026011910,EXPORT,NSFT,VC202600739
CONT2026011911,IMPORT,NSFT,VC202600739
CONT2026011912,EXPORT,NSFT,VC202600739
CONT2026011913,EXPORT,NSFT,VC202600739
CONT2026011914,EXPORT,NSFT,VC202600739
CONT2026011915,EXPORT,NSFT,VC202600739
CONT2026011916,EXPORT,NSFT,VC202600739
CONT2026011917,EXPORT,NSFT,VC202600739
CONT2026011918,IMPORT,NSFT,VC202600739
CONT2026011919,IMPORT,NSFT,VC202600739
CONT2026011920,IMPORT,NSFT,VC202600739
CONT2026011921,EXPORT,NSFT,VC202600739
CONT2026011922,IMPORT,NSFT,VC202600739
CONT2026011923,EXPORT,NSFT,VC202600739
CONT2026011924,EXPORT,NSFT,VC202600739
CONT2026011925,EXPORT,NSFT,VC202600739
CONT2026011926,EXPORT,NSFT,VC202600739
CONT2026011927,EXPORT,NSFT,VC202600739
CONT2026011928,IMPORT,NSFT,VC202600739
CONT2026011929,IMPORT,NSFT,VC202600739
CONT2026011930,IMPORT,NSFT,VC202600739
CONT2026011931,IMPORT,NSFT,VC202600739
CONT2026011932,EXPORT,NSFT,VC202600739
CONT2026011933,EXPORT,NSFT,VC202600739
CONT2026011934,IMPORT,NSFT,VC202600739
CONT2026011935,EXPORT,NSFT,VC202600739
CONT2026011936,IMPORT,NSFT,VC202600739
CONT2026011937,EXPORT,NSFT,VC202600739
CONT2026011938,EXPORT,NSFT,VC202600739
CONT2026011939,IMPORT,NSFT,VC202600739
CONT2026011940,IMPORT,NSFT,VC202600739
CONT2026011941,IMPORT,NSFT,VC202600739
CONT2026011942,EXPORT,NSFT,VC202600739
CONT2026011943,IMPORT,NSFT,VC202600739
CONT2026011944,IMPORT,NSFT,VC202600739
CONT2026011945,EXPORT,NSFT,VC202600739
CONT2026011946,IMPORT,NSFT,VC202600739
CONT2026011947,IMPORT,NSFT,VC202600739
CONT2026011948,IMPORT,NSFT,VC202600739
CONT2026011949,EXPORT,NSFT,VC202600739
CONT2026011950,EXPORT,NSFT,VC202600739
CONT2026011951,IMPORT,NSFT,VC202600739
CONT2026011952,EXPORT,NSFT,VC202600739
CONT2026011953,EXPORT,NSFT,VC202600739
CONT2026011954,EXPORT,NSFT,VC202600739
CONT2026011955,IMPORT,NSFT,VC202600739
CONT2026011956,IMPORT,NSFT,VC202600739
CONT2026011957,EXPORT,NSFT,VC202600739
CONT2026011958,IMPORT,NSFT,VC202600739
CONT2026011959,IMPORT,NSFT,VC202600740
CONT2026011960,IMPORT,NSFT,VC202600740
CONT2026011961,EXPORT,NSFT,VC202600740
CONT2026011962,IMPORT,NSFT,VC202600740
CONT2026011963,IMPORT,NSFT,VC202600740
CONT2026011964,IMPORT,NSFT,VC202600740
CONT2026011965,EXPORT,NSFT,VC202600740
CONT2026011966,IMPORT,NSFT,VC202600740
CONT2026011967,EXPORT,GTI,VC202600741
CONT2026011968,IMPORT,GTI,VC202600741
CONT2026011969,IMPORT,GTI,VC202600741
CONT2026011970,EXPORT,GTI,VC202600741
CONT2026011971,EXPORT,GTI,VC202600741
CONT2026011972,EXPORT,GTI,VC202600741
CONT2026011973,EXPORT,GTI,VC202600741
CONT2026011974,IMPORT,GTI,VC202600741
CONT2026011975,EXPORT,GTI,VC202600741
CONT2026011976,EXPORT,GTI,VC202600741
CONT2026011977,IMPORT,GTI,VC202600741
CONT2026011978,EXPORT,GTI,VC202600741
CONT2026011979,IMPORT,GTI,VC202600741
CONT2026011980,IMPORT,GTI,VC202600741
CONT2026011981,EXPORT,GTI,VC202600742
CONT2026011982,EXPORT,GTI,VC202600742
CONT2026011983,EXPORT,GTI,VC202600742
CONT2026011984,EXPORT,GTI,VC202600742
CONT2026011985,EXPORT,GTI,VC202600742
CONT2026011986,EXPORT,GTI,VC202600742
CONT2026011987,IMPORT,GTI,VC202600742
CONT2026011988,EXPORT,GTI,VC202600742
CONT2026011989,IMPORT,GTI,VC202600742
CONT2026011990,EXPORT,GTI,VC202600742
CONT2026011991,IMPORT,GTI,VC202600742
CONT2026011992,IMPORT,GTI,VC202600742
CONT2026011993,IMPORT,GTI,VC202600742
CONT2026011994,EXPORT,GTI,VC202600742
CONT2026011995,IMPORT,NSFT,VC202600743
CONT2026011996,IMPORT,NSFT,VC202600743
CONT2026011997,EXPORT,NSFT,VC202600743
CONT2026011998,EXPORT,NSFT,VC202600743
CONT2026011999,EXPORT,NSFT,VC202600743
CONT2026012000,EXPORT,NSFT,VC202600743
CONT2026012001,EXPORT,NSFT,VC202600743
CONT2026012002,IMPORT,NSFT,VC202600743
CONT2026012003,IMPORT,NSFT,VC202600743
CONT2026012004,IMPORT,NSFT,VC202600743
CONT2026012005,IMPORT,NSFT,VC202600743
CONT2026012006,EXPORT,NSFT,VC202600743
CONT2026012007,IMPORT,NSFT,VC202600743
CONT2026012008,IMPORT,NSFT,VC202600743
CONT2026012009,IMPORT,NSFT,VC202600743
CONT2026012010,EXPORT,NSFT,VC202600743
CONT2026012011,EXPORT,BMCT,VC202600744
CONT2026012012,IMPORT,BMCT,VC202600744
CONT2026012013,EXPORT,BMCT,VC202600744
CONT2026012014,IMPORT,BMCT,VC202600744
CONT2026012015,EXPORT,BMCT,VC202600744
CONT2026012016,EXPORT,BMCT,VC202600744
CONT2026012017,IMPORT,BMCT,VC202600744
CONT2026012018,IMPORT,BMCT,VC202600744
CONT2026012019,IMPORT,BMCT,VC202600744
CONT2026012020,IMPORT,BMCT,VC202600744
CONT2026012021,IMPORT,BMCT,VC202600744
CONT2026012022,IMPORT,BMCT,VC202600744
CONT2026012023,EXPORT,BMCT,VC202600744
CONT2026012024,EXPORT,BMCT,VC202600744
CONT2026012025,EXPORT,BMCT,VC202600744
CONT2026012026,IMPORT,BMCT,VC202600744
CONT2026012027,EXPORT,BMCT,VC202600744
CONT2026012028,EXPORT,BMCT,VC202600744
CONT2026012029,IMPORT,BMCT,VC202600744
CONT2026012030,IMPORT,BMCT,VC202600744
CONT2026012031,IMPORT,BMCT,VC202600744
CONT2026012032,IMPORT,BMCT,VC202600744
CONT2026012033,IMPORT,BMCT,VC202600744
CONT2026012034,EXPORT,BMCT,VC202600744
CONT2026012035,EXPORT,BMCT,VC202600744
CONT2026012036,EXPORT,BMCT,VC202600744
CONT2026012037,EXPORT,BMCT,VC202600744
CONT2026012038,IMPORT,NSFT,VC202600745
CONT2026012039,EXPORT,NSFT,VC202600745
CONT2026012040,IMPORT,NSFT,VC202600745
CONT2026012041,EXPORT,NSFT,VC202600745
CONT2026012042,IMPORT,NSFT,VC202600745
CONT2026012043,IMPORT,NSFT,VC202600745
CONT2026012044,EXPORT,NSFT,VC202600745
CONT2026012045,IMPORT,NSFT,VC202600745
CONT2026012046,EXPORT,NSFT,VC202600746
CONT2026012047,IMPORT,NSFT,VC202600746
CONT2026012048,EXPORT,NSFT,VC202600746
CONT2026012049,IMPORT,NSFT,VC202600746
CONT2026012050,EXPORT,NSFT,VC202600746
CONT2026012051,IMPORT,NSFT,VC202600746
CONT2026012052,IMPORT,NSFT,VC202600746
CONT2026012053,IMPORT,NSFT,VC202600746
CONT2026012054,IMPORT,NSFT,VC202600747
CONT2026012055,IMPORT,NSFT,VC202600747
CONT2026012056,IMPORT,NSFT,VC202600747
CONT2026012057,EXPORT,NSFT,VC202600747
CONT2026012058,EXPORT,NSFT,VC202600747
CONT2026012059,IMPORT,NSFT,VC202600747
CONT2026012060,EXPORT,NSFT,VC202600747
CONT2026012061,EXPORT,NSFT,VC202600747
CONT2026012062,IMPORT,NSFT,VC202600747
CONT2026012063,IMPORT,NSFT,VC202600747
CONT2026012064,EXPORT,NSFT,VC202600747
CONT2026012065,EXPORT,NSFT,VC202600747
CONT2026012066,IMPORT,NSFT,VC202600747
CONT2026012067,IMPORT,GTI,VC202600748
CONT2026012068,EXPORT,GTI,VC202600748
CONT2026012069,EXPORT,GTI,VC202600748
CONT2026012070,IMPORT,GTI,VC202600748
CONT2026012071,EXPORT,GTI,VC202600748
CONT2026012072,IMPORT,GTI,VC202600748
CONT2026012073,IMPORT,GTI,VC202600748
CONT2026012074,IMPORT,GTI,VC202600748
CONT2026012075,EXPORT,GTI,VC202600748
CONT2026012076,EXPORT,NSICT,VC202600749
CONT2026012077,EXPORT,NSICT,VC202600749
CONT2026012078,IMPORT,NSICT,VC202600749
CONT2026012079,EXPORT,NSICT,VC202600749
CONT2026012080,EXPORT,NSICT,VC202600749
CONT2026012081,EXPORT,NSICT,VC202600749
CONT2026012082,IMPORT,NSICT,VC202600749
CONT2026012083,EXPORT,NSICT,VC202600749
CONT2026012084,IMPORT,NSICT,VC202600749
CONT2026012085,EXPORT,NSICT,VC202600749
CONT2026012086,EXPORT,GTI,VC202600750
CONT2026012087,IMPORT,GTI,VC202600750
CONT2026012088,EXPORT,GTI,VC202600750
CONT2026012089,IMPORT,GTI,VC202600750
CONT2026012090,EXPORT,GTI,VC202600750
CONT2026012091,EXPORT,GTI,VC202600750
CONT2026012092,IMPORT,GTI,VC202600750
CONT2026012093,EXPORT,BMCT,VC202600751
CONT2026012094,EXPORT,BMCT,VC202600751
CONT2026012095,IMPORT,BMCT,VC202600751
CONT2026012096,EXPORT,BMCT,VC202600751
CONT2026012097,EXPORT,BMCT,VC202600751
CONT2026012098,IMPORT,BMCT,VC202600751
CONT2026012099,EXPORT,BMCT,VC202600751
CONT2026012100,EXPORT,BMCT,VC202600752
CONT2026012101,EXPORT,BMCT,VC202600752
CONT2026012102,EXPORT,BMCT,VC202600752
CONT2026012103,IMPORT,BMCT,VC202600752
CONT2026012104,EXPORT,BMCT,VC202600752
CONT2026012105,IMPORT,BMCT,VC202600752
CONT2026012106,IMPORT,GTI,VC202600753
CONT2026012107,IMPORT,GTI,VC202600753
CONT2026012108,IMPORT,GTI,VC202600753
CONT2026012109,IMPORT,GTI,VC202600753
CONT2026012110,EXPORT,GTI,VC202600753
CONT2026012111,IMPORT,GTI,VC202600753
CONT2026012112,EXPORT,GTI,VC202600753
CONT2026012113,EXPORT,GTI,VC202600753
CONT2026012114,EXPORT,GTI,VC202600753
CONT2026012115,EXPORT,GTI,VC202600753
CONT2026012116,IMPORT,GTI,VC202600753
CONT2026012117,EXPORT,GTI,VC202600753
CONT2026012118,IMPORT,BMCT,VC202600754
CONT2026012119,EXPORT,BMCT,VC202600754
CONT2026012120,EXPORT,BMCT,VC202600754
CONT2026012121,EXPORT,BMCT,VC202600754
CONT2026012122,EXPORT,BMCT,VC202600754
CONT2026012123,EXPORT,BMCT,VC202600754
CONT2026012124,EXPORT,BMCT,VC202600755
CONT2026012125,EXPORT,BMCT,VC202600755
CONT2026012126,IMPORT,BMCT,VC202600755
CONT2026012127,EXPORT,BMCT,VC202600755
CONT2026012128,EXPORT,BMCT,VC202600755
CONT2026012129,IMPORT,BMCT,VC202600755
CONT2026012130,IMPORT,BMCT,VC202600755
CONT2026012131,IMPORT,BMCT,VC202600755
CONT2026012132,IMPORT,BMCT,VC202600755
CONT2026012133,IMPORT,BMCT,VC202600755
CONT2026012134,EXPORT,BMCT,VC202600755
CONT2026012135,IMPORT,BMCT,VC202600755
CONT2026012136,IMPORT,BMCT,VC202600755
CONT2026012137,EXPORT,BMCT,VC202600756
CONT2026012138,IMPORT,BMCT,VC202600756
CONT2026012139,EXPORT,BMCT,VC202600756
CONT2026012140,EXPORT,BMCT,VC202600756
CONT2026012141,EXPORT,BMCT,VC202600756
CONT2026012142,IMPORT,BMCT,VC202600756
CONT2026012143,IMPORT,BMCT,VC202600756
CONT2026012144,EXPORT,BMCT,VC202600756
CONT2026012145,EXPORT,BMCT,VC202600756
CONT2026012146,EXPORT,BMCT,VC202600756
CONT2026012147,EXPORT,BMCT,VC202600756
CONT2026012148,IMPORT,BMCT,VC202600756
CONT2026012149,IMPORT,BMCT,VC202600756
CONT2026012150,IMPORT,BMCT,VC202600756
CONT2026012151,IMPORT,BMCT,VC202600756
CONT2026012152,EXPORT,BMCT,VC202600756
CONT2026012153,EXPORT,BMCT,VC202600756
CONT2026012154,IMPORT,BMCT,VC202600756
CONT2026012155,IMPORT,BMCT,VC202600756
CONT2026012156,EXPORT,BMCT,VC202600756
CONT2026012157,EXPORT,BMCT,VC202600756
CONT2026012158,EXPORT,NSIGT,VC202600757
CONT2026012159,EXPORT,NSIGT,VC202600757
CONT2026012160,EXPORT,NSIGT,VC202600757
CONT2026012161,EXPORT,NSIGT,VC202600757
CONT2026012162,IMPORT,NSIGT,VC202600757
CONT2026012163,EXPORT,NSIGT,VC202600757
CONT2026012164,EXPORT,NSIGT,VC202600757
CONT2026012165,IMPORT,NSIGT,VC202600757
CONT2026012166,IMPORT,NSIGT,VC202600757
CONT2026012167,IMPORT,NSIGT,VC202600757
CONT2026012168,IMPORT,NSIGT,VC202600757
CONT2026012169,EXPORT,NSIGT,VC202600757
CONT2026012170,EXPORT,NSIGT,VC202600757
CONT2026012171,EXPORT,NSIGT,VC202600757
CONT2026012172,EXPORT,NSIGT,VC202600757
CONT2026012173,IMPORT,NSIGT,VC202600757
CONT2026012174,IMPORT,NSIGT,VC202600757
CONT2026012175,IMPORT,BMCT,VC202600758
CONT2026012176,IMPORT,BMCT,VC202600758
CONT2026012177,IMPORT,BMCT,VC202600758
CONT2026012178,IMPORT,BMCT,VC202600758
CONT2026012179,IMPORT,BMCT,VC202600758
CONT2026012180,IMPORT,BMCT,VC202600758
CONT2026012181,EXPORT,BMCT,VC202600758
CONT2026012182,EXPORT,BMCT,VC202600758
CONT2026012183,EXPORT,BMCT,VC202600758
CONT2026012184,IMPORT,BMCT,VC202600758
CONT2026012185,IMPORT,BMCT,VC202600758
CONT2026012186,EXPORT,BMCT,VC202600758
CONT2026012187,IMPORT,BMCT,VC202600758
CONT2026012188,EXPORT,BMCT,VC202600758
CONT2026012189,IMPORT,BMCT,VC202600758
CONT2026012190,IMPORT,BMCT,VC202600758
CONT2026012191,IMPORT,BMCT,VC202600758
CONT2026012192,IMPORT,BMCT,VC202600758
CONT2026012193,IMPORT,BMCT,VC202600758
CONT2026012194,EXPORT,BMCT,VC202600758
CONT2026012195,IMPORT,BMCT,VC202600759
CONT2026012196,EXPORT,BMCT,VC202600759
CONT2026012197,EXPORT,BMCT,VC202600759
CONT2026012198,IMPORT,BMCT,VC202600759
CONT2026012199,IMPORT,BMCT,VC202600759
CONT2026012200,IMPORT,BMCT,VC202600759
CONT2026012201,IMPORT,BMCT,VC202600759
CONT2026012202,EXPORT,BMCT,VC202600759
CONT2026012203,IMPORT,BMCT,VC202600759
CONT2026012204,EXPORT,BMCT,VC202600759
CONT2026012205,EXPORT,BMCT,VC202600759
CONT2026012206,IMPORT,BMCT,VC202600759
CONT2026012207,EXPORT,BMCT,VC202600759
CONT2026012208,IMPORT,BMCT,VC202600759
CONT2026012209,IMPORT,BMCT,VC202600759
CONT2026012210,EXPORT,BMCT,VC202600759
CONT2026012211,IMPORT,BMCT,VC202600759
CONT2026012212,IMPORT,BMCT,VC202600759
CONT2026012213,IMPORT,BMCT,VC202600759
CONT2026012214,EXPORT,BMCT,VC202600759
CONT2026012215,IMPORT,BMCT,VC202600759
CONT2026012216,IMPORT,BMCT,VC202600759
CONT2026012217,EXPORT,BMCT,VC202600759
CONT2026012218,EXPORT,BMCT,VC202600759
CONT2026012219,IMPORT,BMCT,VC202600759
CONT2026012220,IMPORT,BMCT,VC202600759
