container_id,leo_or_boe_time,ooc_time
CONT2026000000,2025-12-29 19:40:06,2026-01-02 01:11:34
CONT2026000001,2025-12-25 19:22:53,2025-12-27 00:06:59
CONT2026000002,2025-12-25 19:24:08,
CONT2026000003,2025-12-25 23:46:05,
CONT2026000004,2025-12-28 10:30:58,2025-12-29 04:34:31
CONT2026000005,2025-12-21 19:55:56,
CONT2026000006,2025-12-22 08:59:39,
CONT2026000007,2025-12-28 22:26:02,2026-01-02 08:17:11
CONT2026000008,2025-12-22 18:21:24,2025-12-22 22:49:35
CONT2026000009,2025-12-30 19:14:30,2025-12-31 07:40:03
CONT2026000010,2025-12-27 14:31:37,2026-01-03 08:18:15
CONT2026000011,2025-12-25 20:10:57,2026-01-02 20:09:29
CONT2026000012,2025-12-21 19:55:14,2026-01-03 08:24:59
CONT2026000013,2025-12-19 23:08:07,2026-01-02 16:20:03
CONT2026000014,2025-12-22 15:55:17,
CONT2026000015,2025-12-26 06:04:06,2025-12-27 03:59:48
CONT2026000016,2025-12-22 16:25:10,2025-12-23 23:38:47
CONT2026000017,2025-12-29 16:00:37,2025-12-30 19:03:41
CONT2026000018,2025-12-29 19:38:19,2026-01-03 03:09:23
CONT2026000019,2025-12-26 22:03:09,2025-12-27 10:12:30
CONT2026000020,2025-12-29 15:08:00,2026-01-02 06:28:13
CONT2026000021,2025-12-20 09:32:44,
CONT2026000022,2025-12-29 21:33:27,2026-01-03 00:57:50
CONT2026000023,2025-12-20 23:09:35,
CONT2026000024,2025-12-22 12:54:31,2025-12-23 03:31:59
CONT2026000025,2025-12-22 09:54:26,2026-01-02 18:33:22
CONT2026000026,2025-12-26 13:17:10,2025-12-27 09:03:52
CONT2026000027,2025-12-29 14:59:48,
CONT2026000028,2025-12-28 15:36:40,2026-01-03 00:44:13
CONT2026000029,2025-12-29 01:21:50,2026-01-03 16:28:30
CONT2026000030,2025-12-27 11:52:06,2025-12-28 11:38:28
CONT2026000031,2025-12-22 00:34:56,2025-12-22 21:07:45
CONT2026000032,2025-12-25 03:18:20,2025-12-26 06:56:22
CONT2026000033,2025-12-20 19:28:29,
CONT2026000034,2025-12-22 02:13:04,2026-01-03 06:34:22
CONT2026000035,2025-12-30 13:31:17,2025-12-31 13:55:23
CONT2026000036,2025-12-22 19:12:10,
CONT2026000037,2025-12-26 08:11:34,
CONT2026000038,2025-12-26 11:04:45,2025-12-26 20:47:18
CONT2026000039,2025-12-20 21:25:45,2026-01-02 12:57:04
CONT2026000040,2025-12-20 20:38:52,2026-01-03 13:01:59
CONT2026000041,2025-12-25 23:46:51,
CONT2026000042,2025-12-29 19:58:39,2026-01-04 00:44:23
CONT2026000043,2025-12-29 15:11:18,2026-01-02 22:21:55
CONT2026000044,2025-12-29 00:47:37,2025-12-29 20:02:04
CONT2026000045,2025-12-28 02:55:50,2026-01-02 23:26:41
CONT2026000046,2025-12-23 10:44:41,2026-01-03 08:36:57
CONT2026000047,2025-12-28 12:50:13,
CONT2026000048,2025-12-24 02:00:14,2025-12-24 17:52:35
CONT2026000049,2025-12-30 11:30:12,
CONT2026000050,2025-12-22 03:38:08,2025-12-23 01:30:56
CONT2026000051,2025-12-25 20:53:08,2026-01-02 23:47:06
CONT2026000052,2025-12-25 21:54:29,2025-12-26 13:27:28
CONT2026000053,2025-12-22 00:51:01,
CONT2026000054,2025-12-22 05:17:20,2026-01-04 01:45:54
CONT2026000055,2025-12-28 13:22:19,
CONT2026000056,2025-12-23 21:11:44,2026-01-03 16:29:31
CONT2026000057,2025-12-21 16:05:06,2026-01-03 22:34:08
CONT2026000058,2025-12-23 18:48:37,2025-12-24 21:01:42
CONT2026000059,2025-12-26 14:18:10,2026-01-03 08:43:07
CONT2026000060,2025-12-25 10:34:20,2025-12-26 08:56:36
CONT2026000061,2025-12-29 01:30:13,2025-12-29 20:35:12
CONT2026000062,2025-12-27 17:34:29,2026-01-03 09:52:46
CONT2026000063,2025-12-25 14:02:13,
CONT2026000064,2025-12-30 22:12:13,2025-12-31 22:18:18
CONT2026000065,2025-12-26 06:48:43,
CONT2026000066,2025-12-21 22:59:48,2026-01-03 14:10:31
CONT2026000067,2025-12-24 11:09:44,2026-01-02 19:21:57
CONT2026000068,2025-12-31 00:15:39,2025-12-31 07:36:13
CONT2026000069,2025-12-29 11:32:32,2025-12-30 13:14:21
CONT2026000070,2025-12-29 09:47:00,2025-12-29 22:23:50
CONT2026000071,2025-12-24 04:31:47,2025-12-24 17:00:41
CONT2026000072,2025-12-26 01:10:21,
CONT2026000073,2025-12-23 12:49:46,
CONT2026000074,2025-12-29 22:05:21,
CONT2026000075,2025-12-24 11:51:01,2026-01-03 09:44:37
CONT2026000076,2025-12-21 02:21:14,2025-12-22 10:16:30
CONT2026000077,2025-12-31 21:21:17,2026-01-01 16:59:56
CONT2026000078,2025-12-27 22:43:28,
CONT2026000079,2025-12-27 04:35:54,2026-01-04 16:09:01
CONT2026000080,2025-12-29 17:31:02,2026-01-05 04:36:31
CONT2026000081,2025-12-26 00:12:49,2026-01-05 03:38:28
CONT2026000082,2025-12-26 03:59:54,2025-12-27 04:07:31
CONT2026000083,2025-12-30 23:21:49,
CONT2026000084,2026-01-02 09:33:49,2026-01-04 18:12:50
CONT2026000085,2025-12-25 12:34:32,2026-01-04 14:07:50
CONT2026000086,2025-12-26 07:33:24,2025-12-27 13:07:45
CONT2026000087,2025-12-22 09:56:08,2026-01-04 22:35:33
CONT2026000088,2025-12-30 13:20:04,2025-12-31 15:38:37
CONT2026000089,2025-12-27 00:36:36,2025-12-27 04:36:36
CONT2026000090,2026-01-01 03:53:35,2026-01-04 17:17:09
CONT2026000091,2025-12-25 14:08:50,2026-01-04 09:41:05
CONT2026000092,2025-12-25 18:05:45,2026-01-04 19:09:29
CONT2026000093,2025-12-25 09:29:22,
CONT2026000094,2026-01-01 10:27:58,2026-01-01 15:37:14
CONT2026000095,2025-12-28 02:02:44,2026-01-04 15:11:17
CONT2026000096,2025-12-23 08:38:22,2026-01-05 11:14:37
CONT2026000097,2025-12-23 04:47:49,2026-01-04 16:35:33
CONT2026000098,2026-01-02 02:10:56,2026-01-02 16:04:12
CONT2026000099,2025-12-23 13:07:13,2025-12-24 16:48:56
CONT2026000100,2025-12-31 17:39:52,2026-01-05 02:25:10
CONT2026000101,2025-12-26 01:35:19,2026-01-04 20:02:11
CONT2026000102,2025-12-22 23:37:44,
CONT2026000103,2025-12-30 21:53:28,2026-01-05 03:50:28
CONT2026000104,2026-01-01 04:02:30,2026-01-05 15:10:49
CONT2026000105,2025-12-27 16:05:10,
CONT2026000106,2025-12-26 14:32:32,2026-01-05 19:22:29
CONT2026000107,2025-12-27 15:48:42,2026-01-05 16:28:23
CONT2026000108,2025-12-25 11:46:18,2025-12-26 04:47:35
CONT2026000109,2025-12-25 21:21:34,
CONT2026000110,2025-12-23 22:50:24,2026-01-05 00:41:27
CONT2026000111,2025-12-30 20:55:33,2026-01-05 08:52:17
CONT2026000112,2025-12-26 18:20:09,2026-01-05 13:33:14
CONT2026000113,2026-01-01 01:08:34,2026-01-06 03:46:28
CONT2026000114,2025-12-23 19:13:52,2026-01-05 11:39:18
CONT2026000115,2025-12-25 11:55:01,2026-01-05 21:35:31
CONT2026000116,2025-12-27 19:53:14,2025-12-28 14:41:27
CONT2026000117,2025-12-31 16:36:05,2026-01-05 17:47:35
CONT2026000118,2025-12-31 00:01:04,2026-01-05 12:31:49
CONT2026000119,2025-12-25 07:25:31,2026-01-06 01:19:00
CONT2026000120,2025-12-25 16:58:53,2026-01-04 19:25:23
CONT2026000121,2025-12-28 07:20:10,2025-12-29 03:02:29
CONT2026000122,2026-01-02 11:18:47,2026-01-03 19:12:09
CONT2026000123,2025-12-23 12:37:52,2026-01-05 11:42:45
CONT2026000124,2026-01-01 08:05:59,
CONT2026000125,2025-12-29 02:19:42,2026-01-04 17:55:24
CONT2026000126,2025-12-23 22:42:16,2026-01-06 14:21:15
CONT2026000127,2025-12-30 15:07:18,2025-12-31 08:12:22
CONT2026000128,2025-12-31 21:47:22,2026-01-05 18:19:45
CONT2026000129,2025-12-25 14:58:03,2026-01-06 13:57:57
CONT2026000130,2025-12-30 19:30:04,2025-12-31 15:51:38
CONT2026000131,2025-12-29 01:58:33,2025-12-29 23:06:32
CONT2026000132,2025-12-31 12:15:12,2026-01-06 06:25:18
CONT2026000133,2026-01-01 11:18:51,2026-01-06 12:57:18
CONT2026000134,2025-12-27 06:22:03,2025-12-28 04:16:21
CONT2026000135,2025-12-31 08:36:20,2025-12-31 22:28:22
CONT2026000136,2025-12-29 08:11:55,2025-12-30 01:44:20
CONT2026000137,2026-01-01 00:30:56,2026-01-06 06:54:31
CONT2026000138,2025-12-26 01:44:48,2025-12-26 12:51:44
CONT2026000139,2025-12-27 09:47:14,2026-01-05 19:01:32
CONT2026000140,2025-12-26 08:15:04,2026-01-05 20:39:08
CONT2026000141,2026-01-02 16:02:31,2026-01-06 16:42:40
CONT2026000142,2025-12-29 16:46:07,2025-12-30 10:50:32
CONT2026000143,2025-12-25 05:07:20,2026-01-06 00:10:23
CONT2026000144,2026-01-01 22:43:57,2026-01-06 06:10:35
CONT2026000145,2026-01-02 08:31:05,2026-01-06 08:44:21
CONT2026000146,2025-12-27 16:24:26,
CONT2026000147,2026-01-02 18:09:39,2026-01-06 08:38:23
CONT2026000148,2026-01-02 13:27:43,2026-01-06 07:00:56
CONT2026000149,2026-01-02 19:46:43,2026-01-03 11:08:51
CONT2026000150,2025-12-24 15:12:50,2026-01-06 11:49:20
CONT2026000151,2025-12-31 16:26:21,
CONT2026000152,2025-12-28 19:55:13,2025-12-29 09:30:19
CONT2026000153,2026-01-03 07:29:14,2026-01-06 06:54:57
CONT2026000154,2025-12-30 05:55:07,2026-01-06 21:04:42
CONT2026000155,2025-12-27 22:31:27,2026-01-06 08:01:45
CONT2026000156,2025-12-24 03:17:53,2026-01-05 21:22:13
CONT2026000157,2025-12-27 22:21:48,2025-12-28 08:53:29
CONT2026000158,2026-01-03 07:42:25,2026-01-05 05:05:22
CONT2026000159,2025-12-30 01:22:10,2025-12-30 22:13:08
CONT2026000160,2026-01-02 21:49:58,
CONT2026000161,2025-12-25 00:53:22,2025-12-26 05:26:50
CONT2026000162,2025-12-26 07:12:18,2025-12-27 07:25:28
CONT2026000163,2025-12-29 18:34:50,
CONT2026000164,2025-12-24 17:54:30,2026-01-06 08:46:35
CONT2026000165,2025-12-24 08:41:39,2026-01-06 00:59:20
CONT2026000166,2025-12-29 12:10:17,2025-12-29 19:38:40
CONT2026000167,2025-12-28 06:28:29,2026-01-06 03:56:59
CONT2026000168,2025-12-24 03:25:08,2025-12-24 21:16:02
CONT2026000169,2025-12-23 14:27:56,2026-01-06 04:54:07
CONT2026000170,2026-01-01 05:13:05,2026-01-06 01:00:33
CONT2026000171,2026-01-02 21:37:58,2026-01-04 02:29:51
CONT2026000172,2026-01-01 08:35:45,
CONT2026000173,2025-12-26 00:32:45,2025-12-27 08:04:51
CONT2026000174,2025-12-31 03:14:23,2026-01-07 19:51:53
CONT2026000175,2025-12-27 17:26:05,2025-12-28 07:48:02
CONT2026000176,2025-12-30 21:50:01,2026-01-07 14:15:03
CONT2026000177,2025-12-28 03:21:07,
CONT2026000178,2026-01-01 13:39:07,2026-01-07 07:41:11
CONT2026000179,2025-12-27 06:40:39,2025-12-28 03:41:54
CONT2026000180,2025-12-31 09:30:45,2026-01-06 15:00:17
CONT2026000181,2025-12-27 20:26:01,2026-01-06 13:57:46
CONT2026000182,2025-12-27 18:09:07,2026-01-06 21:20:07
CONT2026000183,2025-12-25 07:47:53,2026-01-07 14:27:24
CONT2026000184,2025-12-30 03:04:07,2026-01-06 21:54:08
CONT2026000185,2025-12-29 03:46:59,2025-12-30 11:29:48
CONT2026000186,2025-12-31 06:00:51,2026-01-07 11:37:29
CONT2026000187,2025-12-29 13:43:30,2026-01-07 18:21:41
CONT2026000188,2025-12-31 08:22:30,2026-01-01 03:06:57
CONT2026000189,2025-12-24 18:16:05,2026-01-08 05:17:57
CONT2026000190,2025-12-29 03:29:29,2025-12-29 22:35:11
CONT2026000191,2026-01-04 04:54:50,2026-01-05 06:08:36
CONT2026000192,2025-12-27 03:23:14,2025-12-27 07:30:50
CONT2026000193,2026-01-01 12:56:24,2026-01-06 22:53:11
CONT2026000194,2025-12-29 01:35:35,2025-12-29 19:47:38
CONT2026000195,2025-12-31 20:27:26,2026-01-01 03:41:18
CONT2026000196,2025-12-28 00:23:15,2025-12-28 13:29:32
CONT2026000197,2026-01-04 14:24:14,2026-01-05 04:00:15
CONT2026000198,2025-12-28 17:55:49,2025-12-29 08:28:49
CONT2026000199,2026-01-04 00:58:53,2026-01-07 22:56:01
CONT2026000200,2025-12-28 03:08:05,2025-12-28 17:18:28
CONT2026000201,2026-01-01 09:53:36,2026-01-07 08:19:21
CONT2026000202,2025-12-26 05:42:46,2026-01-07 00:14:16
CONT2026000203,2026-01-01 10:15:09,2026-01-02 04:21:50
CONT2026000204,2025-12-27 13:37:37,2026-01-07 08:01:04
CONT2026000205,2025-12-26 12:29:10,2026-01-08 04:33:31
CONT2026000206,2026-01-01 03:40:25,2026-01-07 22:58:05
CONT2026000207,2026-01-03 18:10:00,2026-01-07 19:35:16
CONT2026000208,2025-12-31 11:15:03,2025-12-31 15:15:03
CONT2026000209,2026-01-04 09:58:17,2026-01-04 22:13:15
CONT2026000210,2025-12-31 06:46:25,2026-01-07 05:54:41
CONT2026000211,2026-01-04 18:58:23,2026-01-05 13:31:39
CONT2026000212,2026-01-04 15:38:49,2026-01-05 08:11:00
CONT2026000213,2026-01-01 15:33:36,2026-01-08 07:32:02
CONT2026000214,2025-12-26 16:21:44,2026-01-08 04:50:54
CONT2026000215,2026-01-01 05:57:45,2026-01-07 16:43:17
CONT2026000216,2025-12-29 11:14:26,
CONT2026000217,2026-01-01 20:01:06,2026-01-02 00:01:06
CONT2026000218,2025-12-30 18:07:31,2025-12-31 18:28:32
CONT2026000219,2025-12-27 15:11:44,2026-01-08 13:43:17
CONT2026000220,2026-01-03 15:09:24,2026-01-08 01:57:25
CONT2026000221,2026-01-01 23:02:35,2026-01-08 06:36:50
CONT2026000222,2025-12-29 23:14:24,2025-12-30 14:35:28
CONT2026000223,2025-12-29 11:36:29,2026-01-07 23:10:09
CONT2026000224,2026-01-01 21:04:44,2026-01-02 12:04:21
CONT2026000225,2026-01-03 23:28:12,2026-01-04 09:57:29
CONT2026000226,2025-12-29 08:39:45,
CONT2026000227,2026-01-02 08:26:45,2026-01-08 14:11:28
CONT2026000228,2026-01-01 19:39:37,2026-01-02 14:58:05
CONT2026000229,2025-12-30 21:37:40,2026-01-01 04:24:57
CONT2026000230,2026-01-03 11:23:19,2026-01-07 23:13:06
CONT2026000231,2025-12-28 07:26:00,2025-12-29 06:40:22
CONT2026000232,2025-12-26 20:11:09,2026-01-08 19:25:27
CONT2026000233,2025-12-28 22:05:48,2025-12-29 16:44:10
CONT2026000234,2025-12-29 23:07:15,2026-01-08 16:29:58
CONT2026000235,2026-01-01 18:22:22,2026-01-02 11:34:12
CONT2026000236,2026-01-04 03:13:48,2026-01-05 01:42:11
CONT2026000237,2026-01-03 09:45:07,2026-01-08 01:34:32
CONT2026000238,2026-01-05 20:53:19,2026-01-07 14:41:54
CONT2026000239,2025-12-28 19:34:29,2025-12-29 17:22:08
CONT2026000240,2026-01-05 19:09:28,2026-01-08 16:18:50
CONT2026000241,2026-01-04 11:33:43,2026-01-08 17:00:27
CONT2026000242,2026-01-02 14:49:04,2026-01-03 18:23:25
CONT2026000243,2026-01-01 02:55:17,2026-01-02 06:42:54
CONT2026000244,2025-12-26 19:30:56,2026-01-08 10:19:55
CONT2026000245,2026-01-05 02:31:31,2026-01-05 17:30:50
CONT2026000246,2025-12-30 13:05:48,2025-12-31 09:23:03
CONT2026000247,2026-01-02 07:57:14,2026-01-03 12:58:27
CONT2026000248,2025-12-29 13:13:40,2025-12-30 05:44:39
CONT2026000249,2026-01-04 03:33:36,2026-01-05 01:06:38
CONT2026000250,2025-12-31 17:43:22,2026-01-01 08:23:24
CONT2026000251,2026-01-05 06:23:58,2026-01-06 03:04:22
CONT2026000252,2025-12-31 03:08:14,
CONT2026000253,2025-12-30 16:59:53,2026-01-09 07:32:39
CONT2026000254,2026-01-04 09:06:30,2026-01-05 05:00:15
CONT2026000255,2026-01-03 01:42:44,2026-01-03 11:50:37
CONT2026000256,2026-01-05 06:32:28,2026-01-06 07:37:20
CONT2026000257,2025-12-27 07:30:20,2026-01-09 02:35:26
CONT2026000258,2026-01-05 19:57:01,2026-01-06 20:11:49
CONT2026000259,2026-01-05 05:38:53,2026-01-08 21:48:27
CONT2026000260,2025-12-27 13:41:40,2026-01-08 14:02:18
CONT2026000261,2025-12-27 06:30:49,2025-12-28 08:50:07
CONT2026000262,2025-12-27 21:57:52,
CONT2026000263,2025-12-29 05:33:14,
CONT2026000264,2025-12-31 00:56:05,2026-01-08 12:53:15
CONT2026000265,2026-01-02 09:06:26,2026-01-08 14:57:14
CONT2026000266,2026-01-03 15:47:23,2026-01-04 10:03:07
CONT2026000267,2026-01-01 21:34:44,2026-01-08 20:03:32
CONT2026000268,2026-01-02 08:41:05,2026-01-03 10:37:25
CONT2026000269,2026-01-01 13:25:41,2026-01-02 08:46:50
CONT2026000270,2026-01-01 08:40:18,2026-01-02 05:31:03
CONT2026000271,2026-01-04 08:05:03,
CONT2026000272,2025-12-29 15:27:31,2026-01-08 20:40:26
CONT2026000273,2026-01-05 12:48:53,2026-01-08 13:36:35
CONT2026000274,2025-12-31 13:28:23,2026-01-08 12:20:09
CONT2026000275,2026-01-04 02:42:06,2026-01-04 17:20:16
CONT2026000276,2026-01-03 13:03:14,2026-01-04 08:51:57
CONT2026000277,2025-12-27 19:32:31,2025-12-27 23:32:31
CONT2026000278,2026-01-04 08:55:20,2026-01-05 06:42:54
CONT2026000279,2026-01-03 02:49:41,
CONT2026000280,2025-12-30 13:02:43,2026-01-08 14:54:41
CONT2026000281,2026-01-03 13:44:45,
CONT2026000282,2025-12-27 05:16:30,2026-01-08 17:55:56
CONT2026000283,2025-12-27 23:29:25,2026-01-10 10:07:29
CONT2026000284,2026-01-06 22:01:48,2026-01-10 02:39:14
CONT2026000285,2026-01-06 07:35:15,2026-01-07 03:47:02
CONT2026000286,2026-01-02 05:49:30,2026-01-10 18:53:31
CONT2026000287,2025-12-31 10:10:33,2026-01-09 15:07:05
CONT2026000288,2025-12-28 14:02:28,2026-01-09 08:00:11
CONT2026000289,2026-01-06 23:38:19,
CONT2026000290,2025-12-27 06:56:01,
CONT2026000291,2026-01-04 14:38:56,2026-01-09 09:43:25
CONT2026000292,2026-01-05 22:22:10,2026-01-10 02:22:33
CONT2026000293,2025-12-31 06:08:57,2025-12-31 19:47:48
CONT2026000294,2025-12-29 00:43:25,2026-01-10 00:57:40
CONT2026000295,2026-01-07 08:36:13,2026-01-10 13:29:19
CONT2026000296,2026-01-06 16:29:21,2026-01-07 20:40:02
CONT2026000297,2026-01-01 23:30:28,2026-01-02 15:54:53
CONT2026000298,2025-12-30 01:26:49,2025-12-30 10:57:10
CONT2026000299,2026-01-06 18:51:11,2026-01-10 07:23:05
CONT2026000300,2026-01-04 00:49:00,2026-01-10 13:44:17
CONT2026000301,2026-01-01 03:12:56,2026-01-10 11:23:19
CONT2026000302,2026-01-07 01:26:07,2026-01-08 04:58:44
CONT2026000303,2026-01-01 00:34:31,2026-01-02 08:47:12
CONT2026000304,2026-01-04 10:10:36,2026-01-10 16:50:10
CONT2026000305,2026-01-06 05:44:51,
CONT2026000306,2026-01-02 19:11:54,2026-01-10 15:03:46
CONT2026000307,2026-01-04 03:27:32,2026-01-10 16:01:58
CONT2026000308,2025-12-27 19:14:20,2025-12-28 06:55:42
CONT2026000309,2025-12-27 16:52:30,2025-12-29 01:38:12
CONT2026000310,2026-01-04 02:11:45,2026-01-05 04:15:16
CONT2026000311,2025-12-28 21:18:50,
CONT2026000312,2026-01-01 06:06:41,2026-01-11 00:45:37
CONT2026000313,2026-01-04 07:31:39,2026-01-05 07:56:08
CONT2026000314,2026-01-01 00:03:44,
CONT2026000315,2025-12-28 17:25:51,2026-01-10 14:22:19
CONT2026000316,2025-12-31 14:52:35,2026-01-10 05:47:48
CONT2026000317,2026-01-03 09:32:36,2026-01-10 22:28:03
CONT2026000318,2026-01-01 08:01:07,2026-01-02 00:49:43
CONT2026000319,2026-01-04 21:35:10,2026-01-05 21:06:08
CONT2026000320,2025-12-29 18:46:00,
CONT2026000321,2026-01-02 13:24:15,2026-01-03 04:58:42
CONT2026000322,2026-01-05 23:37:04,2026-01-06 23:04:17
CONT2026000323,2025-12-30 07:31:16,2026-01-10 06:41:25
CONT2026000324,2026-01-06 10:59:27,2026-01-10 14:40:33
CONT2026000325,2025-12-31 15:16:14,2026-01-01 06:47:55
CONT2026000326,2025-12-30 22:18:31,2025-12-31 20:03:43
CONT2026000327,2025-12-29 13:12:50,2026-01-10 07:55:05
CONT2026000328,2025-12-29 17:49:24,
CONT2026000329,2026-01-04 17:17:56,
CONT2026000330,2025-12-28 08:45:40,2026-01-11 09:44:07
CONT2026000331,2026-01-07 09:38:06,2026-01-11 00:53:56
CONT2026000332,2026-01-07 16:31:43,2026-01-10 23:07:15
CONT2026000333,2026-01-05 07:37:15,2026-01-11 00:27:56
CONT2026000334,2025-12-29 07:48:54,2026-01-10 17:47:35
CONT2026000335,2026-01-06 11:11:34,2026-01-10 13:31:52
CONT2026000336,2026-01-03 06:38:12,2026-01-04 16:48:23
CONT2026000337,2026-01-06 07:14:19,
CONT2026000338,2026-01-06 15:07:38,2026-01-07 05:42:01
CONT2026000339,2026-01-03 12:54:37,2026-01-04 17:07:10
CONT2026000340,2025-12-30 20:35:11,
CONT2026000341,2026-01-06 06:21:31,2026-01-11 04:19:14
CONT2026000342,2025-12-29 23:00:02,2025-12-30 20:57:41
CONT2026000343,2025-12-29 19:50:50,2026-01-10 15:34:12
CONT2026000344,2025-12-30 14:02:19,2026-01-10 09:00:34
CONT2026000345,2026-01-04 09:53:36,
CONT2026000346,2026-01-07 11:57:45,2026-01-08 10:04:44
CONT2026000347,2026-01-06 20:06:45,2026-01-07 13:18:19
CONT2026000348,2026-01-05 20:13:38,2026-01-10 21:11:35
CONT2026000349,2025-12-31 23:19:44,2026-01-01 14:03:02
CONT2026000350,2025-12-30 04:15:58,2026-01-10 18:42:18
CONT2026000351,2026-01-05 22:46:06,2026-01-10 09:03:27
CONT2026000352,2025-12-31 11:00:30,
CONT2026000353,2025-12-31 07:36:39,2025-12-31 23:08:08
CONT2026000354,2025-12-28 14:36:28,2025-12-30 03:28:03
CONT2026000355,2026-01-03 08:27:44,2026-01-11 01:29:21
CONT2026000356,2026-01-01 12:00:35,2026-01-11 01:19:13
CONT2026000357,2026-01-08 10:21:56,2026-01-11 06:28:24
CONT2026000358,2025-12-29 07:24:29,2025-12-29 22:33:38
CONT2026000359,2025-12-30 11:25:12,2026-01-10 19:42:34
CONT2026000360,2026-01-07 14:52:12,2026-01-07 18:52:12
CONT2026000361,2026-01-04 05:59:40,2026-01-05 17:32:10
CONT2026000362,2026-01-06 09:59:19,2026-01-11 23:49:08
CONT2026000363,2026-01-05 12:10:13,2026-01-11 08:03:22
CONT2026000364,2026-01-04 18:12:43,2026-01-10 15:02:07
CONT2026000365,2026-01-07 20:38:07,2026-01-10 21:22:53
CONT2026000366,2026-01-06 05:01:21,2026-01-07 08:04:52
CONT2026000367,2026-01-06 21:47:48,2026-01-07 19:47:29
CONT2026000368,2025-12-30 18:15:59,2026-01-11 16:57:15
CONT2026000369,2026-01-07 22:08:52,2026-01-11 16:44:33
CONT2026000370,2026-01-01 11:51:50,2026-01-11 11:45:12
CONT2026000371,2026-01-01 05:40:34,2026-01-02 03:27:29
CONT2026000372,2026-01-01 13:07:16,2026-01-10 07:44:04
CONT2026000373,2026-01-06 23:58:56,2026-01-10 12:22:14
CONT2026000374,2026-01-07 17:15:32,2026-01-08 09:08:02
CONT2026000375,2026-01-04 20:25:27,
CONT2026000376,2026-01-02 16:55:16,2026-01-02 22:39:33
CONT2026000377,2026-01-06 12:32:16,2026-01-11 16:26:39
CONT2026000378,2026-01-07 18:15:29,2026-01-08 07:44:20
CONT2026000379,2025-12-28 18:01:42,2026-01-10 19:21:20
CONT2026000380,2025-12-29 02:03:15,
CONT2026000381,2026-01-02 18:29:29,2026-01-03 17:11:27
CONT2026000382,2026-01-07 02:14:00,
CONT2026000383,2025-12-30 18:18:43,2025-12-31 07:12:30
CONT2026000384,2025-12-29 09:19:13,2025-12-30 12:23:13
CONT2026000385,2025-12-31 18:58:13,2026-01-01 13:37:52
CONT2026000386,2026-01-01 10:06:59,2026-01-10 20:19:40
CONT2026000387,2026-01-01 12:02:59,2026-01-11 06:44:03
CONT2026000388,2025-12-29 08:28:48,2026-01-10 13:03:47
CONT2026000389,2025-12-31 23:31:29,2026-01-11 08:02:44
CONT2026000390,2026-01-04 04:07:03,2026-01-12 07:06:06
CONT2026000391,2025-12-29 06:43:03,2026-01-12 02:20:44
CONT2026000392,2026-01-02 23:56:02,2026-01-04 14:16:23
CONT2026000393,2026-01-04 09:35:49,2026-01-05 04:38:26
CONT2026000394,2025-12-31 04:09:28,2025-12-31 20:03:19
CONT2026000395,2026-01-04 11:11:45,2026-01-11 08:48:27
CONT2026000396,2025-12-29 13:24:08,2026-01-10 22:39:24
CONT2026000397,2026-01-02 10:21:54,2026-01-12 04:27:19
CONT2026000398,2026-01-01 00:08:00,2026-01-01 17:39:30
CONT2026000399,2026-01-07 05:09:52,2026-01-11 06:32:03
CONT2026000400,2025-12-31 14:34:25,2026-01-10 23:59:51
CONT2026000401,2026-01-04 01:43:23,2026-01-05 03:58:44
CONT2026000402,2026-01-07 11:10:30,2026-01-11 13:01:40
CONT2026000403,2026-01-08 02:36:10,2026-01-08 22:53:06
CONT2026000404,2026-01-08 22:57:04,2026-01-09 02:57:04
CONT2026000405,2026-01-01 10:41:39,2026-01-12 03:54:18
CONT2026000406,2026-01-06 11:02:13,2026-01-07 07:01:07
CONT2026000407,2026-01-06 23:16:07,2026-01-12 03:29:01
CONT2026000408,2026-01-06 22:21:29,2026-01-11 20:56:15
CONT2026000409,2026-01-03 03:23:30,
CONT2026000410,2026-01-04 02:29:03,2026-01-04 09:29:34
CONT2026000411,2026-01-03 11:00:40,2026-01-04 10:51:23
CONT2026000412,2025-12-30 23:26:21,2026-01-11 09:59:22
CONT2026000413,2026-01-05 14:34:11,2026-01-06 04:33:08
CONT2026000414,2026-01-03 00:55:57,2026-01-12 13:23:55
CONT2026000415,2026-01-05 00:01:58,2026-01-11 22:41:38
CONT2026000416,2026-01-02 20:45:55,2026-01-12 01:24:20
CONT2026000417,2025-12-31 13:23:00,2026-01-11 14:11:25
CONT2026000418,2026-01-07 22:25:46,2026-01-11 22:10:39
CONT2026000419,2025-12-30 13:33:22,2026-01-11 15:56:15
CONT2026000420,2025-12-29 21:11:14,2025-12-30 13:00:18
CONT2026000421,2025-12-31 21:50:25,2026-01-12 19:43:58
CONT2026000422,2025-12-31 18:41:52,2026-01-12 15:45:34
CONT2026000423,2026-01-05 07:28:05,2026-01-11 21:55:24
CONT2026000424,2026-01-09 12:57:03,2026-01-12 17:32:02
CONT2026000425,2026-01-09 09:19:00,2026-01-10 09:53:29
CONT2026000426,2025-12-31 09:03:39,2026-01-12 10:24:44
CONT2026000427,2026-01-08 23:19:21,2026-01-13 01:31:12
CONT2026000428,2026-01-02 05:46:02,2026-01-12 09:29:08
CONT2026000429,2026-01-07 22:57:26,
CONT2026000430,2025-12-29 20:15:43,2026-01-12 13:05:36
CONT2026000431,2026-01-06 20:38:27,2026-01-12 06:13:34
CONT2026000432,2026-01-01 05:48:13,2026-01-13 13:45:50
CONT2026000433,2026-01-06 11:14:19,2026-01-07 21:57:06
CONT2026000434,2026-01-05 02:03:07,2026-01-06 09:38:25
CONT2026000435,2026-01-09 09:53:55,2026-01-09 19:52:32
CONT2026000436,2026-01-07 03:12:22,2026-01-08 08:04:01
CONT2026000437,2025-12-30 20:14:14,2025-12-31 15:09:51
CONT2026000438,2026-01-07 19:38:21,2026-01-11 21:14:15
CONT2026000439,2026-01-07 22:52:34,2026-01-09 01:51:53
CONT2026000440,2026-01-04 12:05:26,2026-01-12 10:34:50
CONT2026000441,2026-01-01 11:14:55,2026-01-02 03:43:20
CONT2026000442,2025-12-30 02:54:16,2025-12-30 19:37:55
CONT2026000443,2026-01-06 20:00:28,2026-01-08 00:12:37
CONT2026000444,2026-01-04 04:29:49,
CONT2026000445,2026-01-01 05:25:27,2026-01-11 22:53:57
CONT2026000446,2026-01-04 00:29:56,2026-01-12 16:17:43
CONT2026000447,2026-01-02 00:59:32,2026-01-11 22:10:32
CONT2026000448,2026-01-09 18:20:25,2026-01-13 00:27:25
CONT2026000449,2026-01-06 17:48:10,2026-01-12 04:43:55
CONT2026000450,2026-01-03 08:38:56,2026-01-04 18:53:54
CONT2026000451,2025-12-30 08:36:04,
CONT2026000452,2026-01-08 14:10:53,2026-01-09 06:03:39
CONT2026000453,2026-01-04 06:08:35,
CONT2026000454,2026-01-09 08:47:15,2026-01-10 17:10:26
CONT2026000455,2026-01-01 00:20:43,2026-01-12 15:45:19
CONT2026000456,2026-01-10 11:14:01,2026-01-11 02:10:30
CONT2026000457,2026-01-04 20:14:30,2026-01-05 10:05:58
CONT2026000458,2026-01-04 14:23:58,2026-01-05 03:22:49
CONT2026000459,2026-01-01 11:57:25,2026-01-12 06:52:35
CONT2026000460,2026-01-05 17:27:24,
CONT2026000461,2026-01-02 15:02:43,2026-01-12 14:10:25
CONT2026000462,2026-01-04 22:22:52,2026-01-05 16:28:54
CONT2026000463,2026-01-02 05:57:45,2026-01-03 12:18:34
CONT2026000464,2026-01-03 22:19:31,2026-01-12 15:59:31
CONT2026000465,2026-01-01 10:12:12,2026-01-02 18:37:55
CONT2026000466,2025-12-31 17:22:27,2026-01-01 11:53:50
CONT2026000467,2026-01-08 20:38:43,2026-01-10 04:11:26
CONT2026000468,2025-12-30 21:35:31,
CONT2026000469,2025-12-31 05:07:14,2026-01-01 01:54:40
CONT2026000470,2026-01-02 16:26:22,
CONT2026000471,2025-12-30 10:34:59,2026-01-12 23:00:34
CONT2026000472,2025-12-31 22:12:38,2026-01-01 10:52:17
CONT2026000473,2026-01-02 12:57:15,2026-01-03 17:42:31
CONT2026000474,2025-12-30 08:13:43,
CONT2026000475,2025-12-30 00:34:47,2026-01-13 14:25:33
CONT2026000476,2026-01-06 18:22:20,
CONT2026000477,2026-01-06 17:07:50,2026-01-07 16:32:18
CONT2026000478,2026-01-08 14:43:57,2026-01-13 03:23:19
CONT2026000479,2026-01-02 08:56:38,2026-01-12 20:22:11
CONT2026000480,2026-01-07 10:09:42,2026-01-13 03:37:11
CONT2026000481,2026-01-07 22:55:34,2026-01-12 03:55:01
CONT2026000482,2026-01-03 10:49:41,
CONT2026000483,2026-01-07 13:08:19,
CONT2026000484,2026-01-08 19:44:43,2026-01-09 04:33:16
CONT2026000485,2026-01-09 04:54:57,2026-01-09 16:48:05
CONT2026000486,2026-01-03 18:00:42,2026-01-13 03:25:12
CONT2026000487,2026-01-01 15:29:58,2026-01-13 03:48:21
CONT2026000488,2026-01-09 20:15:09,2026-01-12 17:30:42
CONT2026000489,2026-01-04 12:11:13,2026-01-12 23:10:32
CONT2026000490,2025-12-31 18:27:00,
CONT2026000491,2025-12-30 15:47:12,
CONT2026000492,2026-01-04 00:39:02,2026-01-04 10:45:07
CONT2026000493,2026-01-03 19:48:53,2026-01-04 11:45:09
CONT2026000494,2025-12-31 15:08:26,2026-01-12 17:17:26
CONT2026000495,2026-01-03 13:51:47,2026-01-12 22:02:46
CONT2026000496,2026-01-07 14:08:25,2026-01-08 10:12:11
CONT2026000497,2026-01-02 00:13:13,2026-01-02 22:48:17
CONT2026000498,2026-01-02 17:08:16,2026-01-03 09:21:25
CONT2026000499,2026-01-02 08:23:30,2026-01-03 13:29:56
CONT2026000500,2026-01-02 18:17:14,2026-01-03 02:27:10
CONT2026000501,2026-01-03 15:35:13,
CONT2026000502,2026-01-07 17:38:21,2026-01-08 10:33:22
CONT2026000503,2026-01-09 05:37:05,
CONT2026000504,2026-01-04 10:48:47,2026-01-04 23:56:02
CONT2026000505,2026-01-08 20:19:45,2026-01-09 13:06:44
CONT2026000506,2026-01-06 07:46:58,2026-01-07 01:16:30
CONT2026000507,2026-01-10 08:30:27,2026-01-13 01:07:50
CONT2026000508,2026-01-08 21:13:53,2026-01-09 10:27:32
CONT2026000509,2026-01-09 15:26:36,2026-01-10 18:43:09
CONT2026000510,2026-01-08 14:02:13,
CONT2026000511,2026-01-02 21:13:19,2026-01-13 02:12:49
CONT2026000512,2026-01-05 21:32:05,
CONT2026000513,2026-01-08 00:34:06,2026-01-09 18:38:24
CONT2026000514,2026-01-07 11:18:10,
CONT2026000515,2026-01-07 14:56:41,2026-01-12 15:41:45
CONT2026000516,2026-01-02 13:04:06,2026-01-03 18:32:16
CONT2026000517,2026-01-03 16:48:51,2026-01-04 09:43:35
CONT2026000518,2026-01-05 15:39:58,2026-01-06 15:36:08
CONT2026000519,2025-12-31 18:40:28,
CONT2026000520,2026-01-10 14:55:21,2026-01-11 12:04:42
CONT2026000521,2026-01-02 13:01:50,2026-01-03 06:05:46
CONT2026000522,2026-01-02 15:36:04,2026-01-03 18:57:04
CONT2026000523,2026-01-03 00:36:57,
CONT2026000524,2026-01-03 14:18:14,2026-01-04 12:51:37
CONT2026000525,2026-01-02 04:28:47,2026-01-13 15:05:55
CONT2026000526,2026-01-08 09:52:39,2026-01-12 19:35:24
CONT2026000527,2026-01-10 14:37:20,
CONT2026000528,2026-01-03 22:01:22,2026-01-13 10:45:32
CONT2026000529,2026-01-09 14:25:14,
CONT2026000530,2026-01-08 02:00:48,2026-01-13 06:17:16
CONT2026000531,2026-01-09 06:36:57,2026-01-14 01:07:09
CONT2026000532,2026-01-09 05:17:11,2026-01-10 04:00:26
CONT2026000533,2026-01-05 18:07:38,2026-01-06 05:01:43
CONT2026000534,2026-01-08 18:02:16,2026-01-09 04:32:30
CONT2026000535,2026-01-02 22:43:51,
CONT2026000536,2026-01-07 23:16:30,
CONT2026000537,2026-01-08 07:11:44,2026-01-13 00:54:47
CONT2026000538,2026-01-02 07:31:21,2026-01-03 01:51:07
CONT2026000539,2026-01-06 16:18:33,2026-01-13 17:15:51
CONT2026000540,2026-01-09 22:50:52,2026-01-11 14:05:04
CONT2026000541,2026-01-07 09:43:35,2026-01-08 13:10:37
CONT2026000542,2026-01-03 06:19:28,2026-01-14 19:17:18
CONT2026000543,2025-12-31 17:02:56,
CONT2026000544,2026-01-07 12:00:13,
CONT2026000545,2026-01-03 05:32:30,2026-01-13 17:22:01
CONT2026000546,2026-01-07 09:35:31,
CONT2026000547,2026-01-05 03:05:46,2026-01-12 16:54:49
CONT2026000548,2026-01-08 02:51:32,2026-01-08 20:37:29
CONT2026000549,2026-01-04 11:24:13,2026-01-13 18:04:56
CONT2026000550,2026-01-01 08:14:21,2026-01-02 13:44:20
CONT2026000551,2026-01-09 12:10:24,2026-01-13 11:19:32
CONT2026000552,2026-01-07 17:54:17,2026-01-13 22:02:56
CONT2026000553,2025-12-30 23:45:56,2026-01-13 14:57:59
CONT2026000554,2026-01-05 21:01:30,
CONT2026000555,2026-01-01 12:06:45,
CONT2026000556,2026-01-03 14:30:25,2026-01-04 04:56:11
CONT2026000557,2026-01-01 20:57:23,2026-01-02 09:02:59
CONT2026000558,2026-01-03 16:15:24,2026-01-03 20:15:24
CONT2026000559,2025-12-30 23:19:24,2025-12-31 20:44:16
CONT2026000560,2026-01-08 05:33:40,2026-01-13 12:16:13
CONT2026000561,2026-01-04 11:48:12,2026-01-05 05:33:16
CONT2026000562,2025-12-31 23:17:28,2026-01-01 12:07:53
CONT2026000563,2026-01-09 03:09:13,2026-01-14 08:26:46
CONT2026000564,2026-01-10 07:46:36,2026-01-13 12:13:56
CONT2026000565,2026-01-07 18:13:48,2026-01-14 10:20:29
CONT2026000566,2026-01-08 10:03:56,2026-01-09 06:27:59
CONT2026000567,2026-01-01 21:52:35,2026-01-13 23:40:40
CONT2026000568,2025-12-31 13:06:25,2026-01-01 06:47:41
CONT2026000569,2025-12-30 22:09:25,2025-12-31 17:53:44
CONT2026000570,2026-01-08 15:35:48,2026-01-09 07:23:39
CONT2026000571,2026-01-04 04:41:14,2026-01-05 00:23:30
CONT2026000572,2026-01-01 19:19:04,
CONT2026000573,2026-01-01 04:40:51,2026-01-13 13:13:30
CONT2026000574,2026-01-09 04:35:41,2026-01-13 15:26:06
CONT2026000575,2026-01-06 23:59:50,2026-01-14 14:37:38
CONT2026000576,2026-01-08 11:42:03,2026-01-14 19:06:57
CONT2026000577,2026-01-01 15:35:26,2026-01-14 19:57:32
CONT2026000578,2026-01-02 08:55:20,2026-01-14 08:11:38
CONT2026000579,2026-01-07 07:14:11,2026-01-08 11:13:38
CONT2026000580,2026-01-11 18:04:54,2026-01-12 07:47:59
CONT2026000581,2026-01-05 20:31:49,2026-01-06 17:22:29
CONT2026000582,2026-01-03 08:21:40,2026-01-04 06:07:52
CONT2026000583,2026-01-08 06:04:25,2026-01-09 06:08:43
CONT2026000584,2026-01-11 10:40:56,2026-01-12 07:47:26
CONT2026000585,2026-01-07 12:38:53,2026-01-08 05:50:41
CONT2026000586,2026-01-04 09:21:31,2026-01-14 22:19:04
CONT2026000587,2026-01-01 08:29:01,
CONT2026000588,2026-01-04 01:23:14,2026-01-05 04:20:08
CONT2026000589,2026-01-12 06:50:15,2026-01-13 06:27:30
CONT2026000590,2025-12-31 16:36:20,2026-01-01 14:13:21
CONT2026000591,2026-01-08 18:20:09,2026-01-14 19:04:40
CONT2026000592,2026-01-02 15:40:14,2026-01-14 17:14:39
CONT2026000593,2026-01-03 16:16:26,2026-01-14 12:37:33
CONT2026000594,2026-01-08 04:02:25,2026-01-15 06:34:53
CONT2026000595,2026-01-06 11:14:10,
CONT2026000596,2026-01-07 08:38:04,2026-01-14 06:33:50
CONT2026000597,2026-01-10 23:17:14,2026-01-11 15:42:48
CONT2026000598,2026-01-10 01:14:14,2026-01-14 19:00:07
CONT2026000599,2026-01-02 01:10:49,2026-01-14 09:11:08
CONT2026000600,2026-01-06 23:15:35,2026-01-14 19:10:42
CONT2026000601,2026-01-02 10:48:39,2026-01-14 08:27:52
CONT2026000602,2026-01-01 16:49:39,2026-01-14 07:43:35
CONT2026000603,2026-01-02 07:49:43,2026-01-14 18:54:17
CONT2026000604,2026-01-09 18:13:50,
CONT2026000605,2026-01-07 16:44:18,2026-01-14 06:00:54
CONT2026000606,2026-01-08 18:17:53,2026-01-09 22:54:52
CONT2026000607,2026-01-10 19:05:47,2026-01-11 22:34:42
CONT2026000608,2026-01-10 11:29:44,2026-01-15 11:15:48
CONT2026000609,2026-01-04 06:54:56,
CONT2026000610,2026-01-02 02:04:38,2026-01-15 17:12:25
CONT2026000611,2026-01-01 20:52:20,2026-01-02 14:45:25
CONT2026000612,2026-01-08 03:18:12,2026-01-15 23:27:07
CONT2026000613,2026-01-08 21:49:01,
CONT2026000614,2026-01-05 20:58:16,
CONT2026000615,2026-01-06 11:20:22,2026-01-15 09:54:53
CONT2026000616,2026-01-12 13:48:58,2026-01-15 00:35:11
CONT2026000617,2026-01-06 05:06:47,2026-01-07 02:12:12
CONT2026000618,2026-01-07 22:22:43,2026-01-15 13:18:36
CONT2026000619,2026-01-02 05:35:02,2026-01-15 09:51:01
CONT2026000620,2026-01-09 19:15:15,2026-01-15 21:48:55
CONT2026000621,2026-01-09 14:18:52,2026-01-15 01:45:04
CONT2026000622,2026-01-12 06:43:06,2026-01-12 19:49:48
CONT2026000623,2026-01-04 09:17:59,2026-01-05 16:17:14
CONT2026000624,2026-01-11 19:33:40,2026-01-13 05:20:45
CONT2026000625,2026-01-08 05:40:00,2026-01-08 18:02:04
CONT2026000626,2026-01-08 20:09:23,2026-01-15 15:00:18
CONT2026000627,2026-01-09 05:50:03,
CONT2026000628,2026-01-10 00:41:31,
CONT2026000629,2026-01-03 10:29:48,2026-01-04 11:00:47
CONT2026000630,2026-01-04 07:45:58,2026-01-04 23:33:47
CONT2026000631,2026-01-10 14:11:35,2026-01-11 23:51:29
CONT2026000632,2026-01-12 00:16:32,2026-01-15 09:49:14
CONT2026000633,2026-01-04 07:43:52,2026-01-05 09:25:14
CONT2026000634,2026-01-10 22:51:26,2026-01-15 19:57:10
CONT2026000635,2026-01-12 02:21:18,2026-01-13 09:23:31
CONT2026000636,2026-01-10 11:57:29,2026-01-16 20:59:35
CONT2026000637,2026-01-13 09:52:36,2026-01-16 07:47:53
CONT2026000638,2026-01-08 14:29:54,2026-01-15 20:19:41
CONT2026000639,2026-01-07 05:01:44,2026-01-16 08:10:05
CONT2026000640,2026-01-11 05:53:23,2026-01-16 23:14:03
CONT2026000641,2026-01-12 02:17:36,2026-01-12 17:50:03
CONT2026000642,2026-01-13 04:13:33,
CONT2026000643,2026-01-04 21:21:48,2026-01-05 18:52:57
CONT2026000644,2026-01-11 03:39:12,2026-01-11 22:19:14
CONT2026000645,2026-01-07 16:23:37,2026-01-16 15:18:54
CONT2026000646,2026-01-11 15:29:52,2026-01-12 20:11:41
CONT2026000647,2026-01-10 08:00:30,2026-01-11 03:11:37
CONT2026000648,2026-01-12 09:55:40,2026-01-15 16:41:05
CONT2026000649,2026-01-08 16:52:54,2026-01-16 19:09:00
CONT2026000650,2026-01-04 00:03:57,2026-01-04 14:39:09
CONT2026000651,2026-01-05 05:50:13,2026-01-16 00:05:38
CONT2026000652,2026-01-02 20:47:14,2026-01-03 05:41:37
CONT2026000653,2026-01-08 19:19:37,2026-01-10 00:13:43
CONT2026000654,2026-01-13 20:07:20,2026-01-17 03:31:11
CONT2026000655,2026-01-06 14:43:01,
CONT2026000656,2026-01-13 11:07:59,2026-01-14 01:52:24
CONT2026000657,2026-01-04 02:47:58,2026-01-04 19:36:41
CONT2026000658,2026-01-06 15:30:35,2026-01-16 23:42:44
CONT2026000659,2026-01-11 15:05:47,
CONT2026000660,2026-01-12 01:37:47,
CONT2026000661,2026-01-03 14:19:04,2026-01-17 06:06:49
CONT2026000662,2026-01-10 17:09:46,2026-01-17 08:45:32
CONT2026000663,2026-01-03 19:09:08,2026-01-04 20:17:07
CONT2026000664,2026-01-11 22:07:54,
CONT2026000665,2026-01-13 13:43:04,2026-01-14 06:12:16
CONT2026000666,2026-01-14 05:07:32,
CONT2026000667,2026-01-06 23:15:22,2026-01-07 15:55:42
CONT2026000668,2026-01-07 23:58:58,
CONT2026000669,2026-01-04 05:42:24,2026-01-05 00:21:30
CONT2026000670,2026-01-13 04:03:36,
CONT2026000671,2026-01-09 00:50:31,2026-01-10 06:34:15
CONT2026000672,2026-01-11 21:46:09,
CONT2026000673,2026-01-07 11:26:19,2026-01-16 11:16:58
CONT2026000674,2026-01-05 00:37:27,2026-01-05 04:52:51
CONT2026000675,2026-01-13 04:14:28,2026-01-17 06:13:20
CONT2026000676,2026-01-07 18:24:10,2026-01-08 12:01:15
CONT2026000677,2026-01-11 04:08:18,2026-01-16 15:58:23
CONT2026000678,2026-01-06 16:13:25,2026-01-07 15:58:20
CONT2026000679,2026-01-05 00:37:33,2026-01-05 10:56:28
CONT2026000680,2026-01-04 09:44:51,2026-01-17 13:03:45
CONT2026000681,2026-01-13 18:14:48,2026-01-14 22:31:32
CONT2026000682,2026-01-12 04:05:27,
CONT2026000683,2026-01-09 19:32:06,2026-01-09 23:32:06
CONT2026000684,2026-01-13 14:12:01,2026-01-17 13:07:05
CONT2026000685,2026-01-06 02:33:44,2026-01-06 13:33:34
CONT2026000686,2026-01-14 16:02:30,2026-01-18 14:04:13
CONT2026000687,2026-01-06 07:34:00,2026-01-07 15:23:18
CONT2026000688,2026-01-08 01:44:54,2026-01-17 22:01:59
CONT2026000689,2026-01-05 05:00:39,
CONT2026000690,2026-01-08 11:30:29,2026-01-17 17:29:20
CONT2026000691,2026-01-14 19:44:07,
CONT2026000692,2026-01-05 08:25:25,2026-01-06 07:14:37
CONT2026000693,2026-01-06 08:30:15,2026-01-06 23:02:11
CONT2026000694,2026-01-05 03:21:03,2026-01-17 23:05:08
CONT2026000695,2026-01-06 00:07:01,2026-01-18 14:34:22
CONT2026000696,2026-01-11 02:43:44,2026-01-18 15:47:30
CONT2026000697,2026-01-12 00:01:51,2026-01-12 22:28:35
CONT2026000698,2026-01-09 18:39:27,2026-01-19 07:47:31
CONT2026000699,2026-01-10 01:25:52,
CONT2026000700,2026-01-10 23:12:10,
CONT2026000701,2026-01-07 02:45:45,2026-01-19 01:56:12
CONT2026000702,2026-01-10 11:13:46,
CONT2026000703,2026-01-11 09:21:08,2026-01-18 23:51:33
CONT2026000704,2026-01-12 22:12:09,2026-01-19 07:00:14
CONT2026000705,2026-01-14 02:44:34,2026-01-14 20:55:41
CONT2026000706,2026-01-10 03:39:33,2026-01-19 22:00:36
CONT2026000707,2026-01-16 17:22:51,2026-01-19 09:33:54
CONT2026000708,2026-01-16 13:04:27,2026-01-20 04:47:34
CONT2026000709,2026-01-13 02:20:43,2026-01-19 23:02:22
CONT2026000710,2026-01-11 19:42:44,
CONT2026000711,2026-01-15 21:31:17,2026-01-16 16:31:51
CONT2026000712,2026-01-06 15:48:13,2026-01-19 03:46:19
CONT2026000713,2026-01-07 19:35:00,2026-01-08 09:26:11
CONT2026000714,2026-01-08 22:06:44,2026-01-09 21:28:54
CONT2026000715,2026-01-14 11:38:30,2026-01-21 00:08:51
CONT2026000716,2026-01-08 12:50:16,2026-01-21 01:03:29
CONT2026000717,2026-01-10 12:49:53,2026-01-11 12:19:25
CONT2026000718,2026-01-08 21:38:48,2026-01-21 00:37:55
CONT2026000719,2026-01-07 12:09:09,2026-01-21 01:34:41
CONT2026000720,2026-01-09 12:28:34,2026-01-09 16:28:34
CONT2026000721,2026-01-12 11:54:32,2026-01-21 15:06:41
CONT2026000722,2026-01-13 16:51:12,2026-01-14 12:22:16
CONT2026000723,2026-01-09 09:50:03,
CONT2026000724,2026-01-10 19:52:29,
CONT2026000725,2026-01-11 03:23:44,2026-01-21 02:50:14
CONT2026000726,2026-01-15 15:28:55,2026-01-16 06:41:24
CONT2026000727,2026-01-15 12:02:25,
CONT2026000728,2026-01-14 03:48:16,2026-01-21 14:18:47
CONT2026000729,2026-01-18 07:54:06,2026-01-21 06:52:58
CONT2026000730,2026-01-14 17:33:39,2026-01-15 07:00:51
CONT2026000731,2026-01-14 03:18:21,2026-01-21 18:15:57
CONT2026000732,2026-01-17 10:42:12,2026-01-17 21:07:34
CONT2026000733,2026-01-14 17:36:11,2026-01-15 15:42:17
CONT2026000734,2026-01-13 08:44:11,2026-01-21 07:59:08
CONT2026000735,2026-01-18 01:59:16,2026-01-18 21:22:48
CONT2026000736,2026-01-16 01:20:34,
CONT2026000737,2026-01-08 01:11:14,2026-01-21 01:32:48
CONT2026000738,2026-01-12 01:21:03,2026-01-12 17:41:45
CONT2026000739,2026-01-12 03:14:12,2026-01-20 22:45:06
CONT2026000740,2026-01-08 03:38:54,2026-01-21 17:08:10
CONT2026000741,2026-01-17 01:29:09,2026-01-21 16:17:11
CONT2026000742,2026-01-15 23:37:19,2026-01-22 06:25:46
CONT2026000743,2026-01-08 18:09:37,2026-01-21 20:49:11
CONT2026000744,2026-01-18 18:48:19,2026-01-19 10:43:05
CONT2026000745,2026-01-16 06:49:54,2026-01-21 06:38:26
CONT2026000746,2026-01-13 04:14:44,2026-01-22 08:49:20
CONT2026000747,2026-01-11 14:16:57,2026-01-12 09:10:46
CONT2026000748,2026-01-18 20:34:45,2026-01-22 01:39:31
CONT2026000749,2026-01-15 04:07:21,2026-01-15 10:19:05
CONT2026000750,2026-01-17 15:24:02,2026-01-18 15:57:23
CONT2026000751,2026-01-09 20:07:20,2026-01-22 08:30:00
CONT2026000752,2026-01-11 10:21:10,2026-01-21 15:49:43
CONT2026000753,2026-01-15 21:41:30,2026-01-21 12:56:26
CONT2026000754,2026-01-13 20:27:20,2026-01-14 15:12:06
CONT2026000755,2026-01-08 11:59:33,
CONT2026000756,2026-01-19 00:21:18,2026-01-21 19:57:41
CONT2026000757,2026-01-17 18:25:52,2026-01-18 03:09:04
CONT2026000758,2026-01-12 05:30:14,
CONT2026000759,2026-01-12 05:32:51,2026-01-12 09:32:51
CONT2026000760,2026-01-10 14:35:46,2026-01-11 00:49:10
CONT2026000761,2026-01-11 21:54:34,2026-01-22 19:45:43
CONT2026000762,2026-01-18 14:13:58,
CONT2026000763,2026-01-13 19:32:15,2026-01-14 13:58:49
CONT2026000764,2026-01-12 17:04:24,2026-01-13 09:18:02
CONT2026000765,2026-01-15 05:01:57,2026-01-15 16:25:22
CONT2026000766,2026-01-10 21:12:39,
CONT2026000767,2026-01-16 04:00:59,2026-01-23 03:23:42
CONT2026000768,2026-01-13 03:31:46,2026-01-22 17:58:58
CONT2026000769,2026-01-15 00:05:37,2026-01-16 13:06:45
CONT2026000770,2026-01-17 12:58:19,2026-01-23 22:01:54
CONT2026000771,2026-01-18 15:36:26,2026-01-19 17:15:43
CONT2026000772,2026-01-15 16:53:21,
CONT2026000773,2026-01-14 17:23:22,2026-01-22 22:27:10
CONT2026000774,2026-01-17 13:47:32,2026-01-17 18:01:20
CONT2026000775,2026-01-18 08:58:16,
CONT2026000776,2026-01-16 13:11:41,2026-01-22 06:49:30
CONT2026000777,2026-01-14 18:10:09,2026-01-22 22:14:53
CONT2026000778,2026-01-10 02:47:27,
CONT2026000779,2026-01-15 21:58:26,2026-01-16 07:12:11
CONT2026000780,2026-01-09 06:54:30,2026-01-09 12:12:31
CONT2026000781,2026-01-10 17:20:28,2026-01-11 17:49:24
CONT2026000782,2026-01-10 12:39:56,2026-01-22 07:26:13
CONT2026000783,2026-01-19 00:02:22,2026-01-22 14:32:10
CONT2026000784,2026-01-10 16:05:12,2026-01-11 13:58:18
CONT2026000785,2026-01-13 18:31:31,
CONT2026000786,2026-01-17 13:33:47,2026-01-23 00:06:52
CONT2026000787,2026-01-16 19:56:24,2026-01-22 20:39:11
CONT2026000788,2026-01-18 15:58:51,
CONT2026000789,2026-01-14 10:16:48,2026-01-14 15:46:36
CONT2026000790,2026-01-16 11:48:14,
CONT2026000791,2026-01-14 21:52:41,2026-01-22 16:50:42
CONT2026000792,2026-01-12 22:27:37,
CONT2026000793,2026-01-10 15:48:16,2026-01-11 03:37:59
CONT2026000794,2026-01-14 23:14:21,2026-01-22 16:01:26
CONT2026000795,2026-01-11 23:44:00,2026-01-22 15:47:43
CONT2026000796,2026-01-17 15:20:34,2026-01-23 06:33:45
CONT2026000797,2026-01-19 17:53:49,2026-01-20 01:00:45
CONT2026000798,2026-01-11 12:03:47,2026-01-22 13:42:24
CONT2026000799,2026-01-11 17:47:41,2026-01-22 08:57:01
CONT2026000800,2026-01-18 04:00:05,2026-01-23 10:15:43
CONT2026000801,2026-01-16 16:37:00,2026-01-17 09:47:57
CONT2026000802,2026-01-17 22:18:36,2026-01-18 15:28:06
CONT2026000803,2026-01-15 10:35:51,2026-01-23 12:23:03
CONT2026000804,2026-01-16 14:29:25,2026-01-17 01:56:36
CONT2026000805,2026-01-18 19:17:54,2026-01-19 14:35:36
CONT2026000806,2026-01-10 04:18:31,2026-01-10 19:57:45
CONT2026000807,2026-01-12 18:17:07,2026-01-22 18:20:27
CONT2026000808,2026-01-16 19:36:39,2026-01-17 23:36:42
CONT2026000809,2026-01-14 14:06:58,2026-01-15 17:40:37
CONT2026000810,2026-01-19 15:35:09,2026-01-23 07:02:44
CONT2026000811,2026-01-14 19:03:11,2026-01-15 07:19:33
CONT2026000812,2026-01-14 17:41:18,2026-01-22 13:33:30
CONT2026000813,2026-01-19 23:26:50,2026-01-20 12:50:55
CONT2026000814,2026-01-09 20:50:46,2026-01-22 05:34:06
CONT2026000815,2026-01-15 23:24:33,
CONT2026000816,2026-01-12 19:30:59,2026-01-22 11:21:25
CONT2026000817,2026-01-20 01:12:26,2026-01-22 19:08:45
CONT2026000818,2026-01-17 04:55:27,2026-01-17 22:30:54
CONT2026000819,2026-01-14 06:16:08,
CONT2026000820,2026-01-14 07:33:22,2026-01-23 20:28:47
CONT2026000821,2026-01-11 06:31:53,2026-01-23 02:51:12
CONT2026000822,2026-01-18 01:52:24,2026-01-19 03:43:33
CONT2026000823,2026-01-18 08:04:39,2026-01-19 08:56:51
CONT2026000824,2026-01-19 09:18:10,
CONT2026000825,2026-01-13 07:48:32,2026-01-13 20:11:34
CONT2026000826,2026-01-19 13:40:04,2026-01-21 01:15:27
CONT2026000827,2026-01-19 08:25:42,2026-01-20 03:18:12
CONT2026000828,2026-01-14 20:28:05,2026-01-24 10:01:36
CONT2026000829,2026-01-13 05:23:52,2026-01-24 09:51:28
CONT2026000830,2026-01-12 04:00:29,2026-01-24 01:49:43
CONT2026000831,2026-01-11 10:31:44,2026-01-12 18:00:06
CONT2026000832,2026-01-20 19:16:26,2026-01-22 00:00:49
CONT2026000833,2026-01-19 21:32:32,2026-01-24 09:16:46
CONT2026000834,2026-01-19 21:35:09,
CONT2026000835,2026-01-13 19:09:26,2026-01-15 05:06:03
CONT2026000836,2026-01-11 18:13:19,2026-01-12 19:47:39
CONT2026000837,2026-01-12 05:56:35,2026-01-23 12:55:32
CONT2026000838,2026-01-16 05:10:35,2026-01-23 00:29:34
CONT2026000839,2026-01-15 19:07:48,2026-01-24 12:19:01
CONT2026000840,2026-01-15 09:52:01,
CONT2026000841,2026-01-18 20:10:41,2026-01-19 09:57:05
CONT2026000842,2026-01-18 19:57:41,2026-01-23 22:58:58
CONT2026000843,2026-01-11 03:02:14,2026-01-23 17:24:26
CONT2026000844,2026-01-19 08:15:22,2026-01-23 14:06:07
CONT2026000845,2026-01-19 05:13:23,2026-01-20 07:35:27
CONT2026000846,2026-01-14 06:42:07,2026-01-23 17:22:03
CONT2026000847,2026-01-19 19:55:27,2026-01-23 15:57:09
CONT2026000848,2026-01-21 00:46:33,2026-01-23 22:06:57
CONT2026000849,2026-01-10 13:50:53,2026-01-11 07:15:10
CONT2026000850,2026-01-16 08:56:04,2026-01-17 15:55:35
CONT2026000851,2026-01-14 21:41:12,
CONT2026000852,2026-01-15 18:35:22,2026-01-24 07:43:04
CONT2026000853,2026-01-20 21:54:04,2026-01-21 15:13:59
CONT2026000854,2026-01-12 06:49:38,
CONT2026000855,2026-01-15 13:43:36,
CONT2026000856,2026-01-13 05:43:44,2026-01-14 04:50:38
CONT2026000857,2026-01-14 15:48:42,2026-01-15 12:11:49
CONT2026000858,2026-01-18 02:37:43,2026-01-23 14:24:38
CONT2026000859,2026-01-17 09:35:53,2026-01-18 12:23:14
CONT2026000860,2026-01-15 02:34:22,
CONT2026000861,2026-01-11 04:25:05,
CONT2026000862,2026-01-13 00:48:32,2026-01-13 14:44:17
CONT2026000863,2026-01-16 05:07:46,2026-01-23 22:30:04
CONT2026000864,2026-01-16 17:13:16,2026-01-24 12:19:13
CONT2026000865,2026-01-18 15:42:55,
CONT2026000866,2026-01-18 02:35:25,2026-01-18 22:23:55
CONT2026000867,2026-01-21 14:53:58,2026-01-22 08:44:59
CONT2026000868,2026-01-20 02:49:00,2026-01-24 12:22:57
CONT2026000869,2026-01-16 09:40:49,2026-01-24 01:10:20
CONT2026000870,2026-01-18 14:30:05,2026-01-19 19:16:48
CONT2026000871,2026-01-21 06:35:41,2026-01-24 04:44:12
CONT2026000872,2026-01-10 14:01:04,2026-01-11 23:11:26
CONT2026000873,2026-01-15 19:15:39,2026-01-16 22:39:19
CONT2026000874,2026-01-21 06:19:55,
CONT2026000875,2026-01-16 19:47:40,2026-01-24 01:01:30
CONT2026000876,2026-01-18 03:29:40,2026-01-18 15:46:01
CONT2026000877,2026-01-15 08:30:32,2026-01-15 13:50:59
CONT2026000878,2026-01-21 09:06:38,2026-01-21 16:48:52
CONT2026000879,2026-01-11 17:39:08,2026-01-23 19:06:30
CONT2026000880,2026-01-13 05:22:41,2026-01-13 16:15:39
CONT2026000881,2026-01-19 05:55:52,
CONT2026000882,2026-01-11 07:21:13,2026-01-12 11:04:15
CONT2026000883,2026-01-15 01:35:50,
CONT2026000884,2026-01-13 00:29:18,2026-01-13 14:34:42
CONT2026000885,2026-01-20 21:35:38,
CONT2026000886,2026-01-17 16:09:18,2026-01-23 11:18:49
CONT2026000887,2026-01-18 08:32:51,2026-01-18 23:32:06
CONT2026000888,2026-01-14 00:14:36,
CONT2026000889,2026-01-20 06:31:47,2026-01-24 00:49:20
CONT2026000890,2026-01-12 22:11:59,
CONT2026000891,2026-01-20 08:30:14,
CONT2026000892,2026-01-15 01:40:53,2026-01-16 11:37:08
CONT2026000893,2026-01-21 01:56:50,2026-01-24 05:38:13
CONT2026000894,2026-01-14 03:52:03,2026-01-14 12:46:36
CONT2026000895,2026-01-17 21:08:28,
CONT2026000896,2026-01-13 02:24:16,2026-01-14 04:46:40
CONT2026000897,2026-01-18 10:10:20,2026-01-24 00:41:43
CONT2026000898,2026-01-18 19:23:10,2026-01-24 02:56:05
CONT2026000899,2026-01-16 02:47:48,2026-01-23 14:43:15
CONT2026000900,2026-01-15 16:33:41,2026-01-16 05:19:36
CONT2026000901,2026-01-17 16:59:53,2026-01-25 05:48:15
CONT2026000902,2026-01-19 07:46:43,
CONT2026000903,2026-01-18 14:26:52,2026-01-24 04:16:11
CONT2026000904,2026-01-16 11:24:41,2026-01-25 01:12:37
CONT2026000905,2026-01-17 11:55:47,2026-01-18 09:43:15
CONT2026000906,2026-01-13 02:01:46,
CONT2026000907,2026-01-21 03:00:39,2026-01-24 01:33:03
CONT2026000908,2026-01-11 05:59:49,2026-01-24 17:33:42
CONT2026000909,2026-01-21 13:52:58,2026-01-24 10:48:11
CONT2026000910,2026-01-20 19:20:55,
CONT2026000911,2026-01-17 15:31:27,2026-01-17 23:58:27
CONT2026000912,2026-01-21 22:28:32,2026-01-22 06:52:04
CONT2026000913,2026-01-17 14:42:01,
CONT2026000914,2026-01-20 19:06:40,2026-01-25 00:39:57
CONT2026000915,2026-01-19 22:56:05,2026-01-24 17:39:44
CONT2026000916,2026-01-13 07:57:43,2026-01-14 12:31:48
CONT2026000917,2026-01-21 19:53:25,
CONT2026000918,2026-01-19 11:16:09,2026-01-24 09:01:19
CONT2026000919,2026-01-19 17:17:40,
CONT2026000920,2026-01-13 02:03:26,2026-01-25 17:11:29
CONT2026000921,2026-01-15 08:56:26,
CONT2026000922,2026-01-21 05:05:50,2026-01-25 07:54:58
CONT2026000923,2026-01-16 04:48:58,2026-01-16 20:44:21
CONT2026000924,2026-01-13 05:58:47,2026-01-24 18:49:01
CONT2026000925,2026-01-17 21:25:58,2026-01-18 19:43:39
CONT2026000926,2026-01-19 06:00:45,2026-01-19 22:58:46
CONT2026000927,2026-01-14 01:05:57,
CONT2026000928,2026-01-11 10:08:18,2026-01-12 06:27:40
CONT2026000929,2026-01-14 19:05:59,2026-01-15 15:55:20
CONT2026000930,2026-01-21 19:07:50,
CONT2026000931,2026-01-13 17:31:53,
CONT2026000932,2026-01-15 04:15:39,2026-01-24 21:39:12
CONT2026000933,2026-01-12 16:27:21,
CONT2026000934,2026-01-14 13:21:36,2026-01-15 15:09:59
CONT2026000935,2026-01-14 18:20:08,2026-01-15 13:15:40
CONT2026000936,2026-01-19 14:01:09,2026-01-20 18:55:53
CONT2026000937,2026-01-13 11:15:21,2026-01-25 03:56:37
CONT2026000938,2026-01-18 23:31:40,
CONT2026000939,2026-01-17 21:34:46,2026-01-18 11:19:08
CONT2026000940,2026-01-12 08:30:16,2026-01-13 05:36:09
CONT2026000941,2026-01-22 03:44:07,
CONT2026000942,2026-01-18 12:01:15,2026-01-23 20:03:21
CONT2026000943,2026-01-20 16:01:09,2026-01-24 14:28:23
CONT2026000944,2026-01-21 03:11:11,2026-01-24 19:06:11
CONT2026000945,2026-01-19 21:28:33,2026-01-24 22:26:13
CONT2026000946,2026-01-12 00:01:18,2026-01-12 22:15:41
CONT2026000947,2026-01-21 13:00:10,2026-01-25 10:51:24
CONT2026000948,2026-01-17 23:01:58,
CONT2026000949,2026-01-15 15:16:32,2026-01-25 04:00:43
CONT2026000950,2026-01-13 22:30:45,2026-01-25 08:49:49
CONT2026000951,2026-01-22 14:13:02,
CONT2026000952,2026-01-21 20:57:28,2026-01-25 21:11:09
CONT2026000953,2026-01-12 01:49:39,2026-01-26 19:16:45
CONT2026000954,2026-01-16 00:58:12,2026-01-16 21:26:47
CONT2026000955,2026-01-17 13:06:38,2026-01-26 02:30:51
CONT2026000956,2026-01-13 11:33:43,2026-01-25 01:01:43
CONT2026000957,2026-01-19 08:18:45,2026-01-19 19:28:26
CONT2026000958,2026-01-13 08:07:51,2026-01-14 06:02:43
CONT2026000959,2026-01-21 10:15:43,2026-01-22 14:04:13
CONT2026000960,2026-01-21 19:17:53,2026-01-22 16:54:23
CONT2026000961,2026-01-17 00:10:09,2026-01-26 19:55:48
CONT2026000962,2026-01-15 09:53:53,2026-01-16 03:17:20
CONT2026000963,2026-01-14 10:24:22,2026-01-27 04:44:44
CONT2026000964,2026-01-13 07:37:59,2026-01-26 07:08:28
CONT2026000965,2026-01-22 00:54:53,2026-01-26 02:48:00
CONT2026000966,2026-01-23 06:32:09,2026-01-23 17:19:08
CONT2026000967,2026-01-19 13:22:00,2026-01-20 15:44:14
CONT2026000968,2026-01-18 06:58:00,2026-01-19 06:19:25
CONT2026000969,2026-01-19 19:31:53,2026-01-20 06:59:31
CONT2026000970,2026-01-16 17:32:50,2026-01-16 21:32:50
CONT2026000971,2026-01-14 14:27:53,2026-01-14 18:27:53
CONT2026000972,2026-01-20 05:13:51,2026-01-26 13:11:55
CONT2026000973,2026-01-17 21:02:39,2026-01-26 11:12:03
CONT2026000974,2026-01-18 11:31:58,2026-01-27 07:48:52
CONT2026000975,2026-01-16 00:24:54,2026-01-27 05:59:02
CONT2026000976,2026-01-17 00:58:57,2026-01-18 03:31:07
CONT2026000977,2026-01-14 02:43:59,2026-01-26 22:08:12
CONT2026000978,2026-01-13 18:03:15,2026-01-27 01:08:27
CONT2026000979,2026-01-21 12:03:00,2026-01-22 13:08:01
CONT2026000980,2026-01-22 08:53:19,2026-01-26 07:42:18
CONT2026000981,2026-01-23 13:46:17,2026-01-24 08:36:09
CONT2026000982,2026-01-15 20:49:23,
CONT2026000983,2026-01-23 17:45:59,2026-01-24 09:04:44
CONT2026000984,2026-01-23 20:19:38,
CONT2026000985,2026-01-18 07:01:20,2026-01-27 03:26:00
CONT2026000986,2026-01-15 01:00:38,2026-01-16 01:22:49
CONT2026000987,2026-01-15 04:28:19,2026-01-27 20:39:04
CONT2026000988,2026-01-19 17:32:33,2026-01-20 05:34:34
CONT2026000989,2026-01-20 12:08:56,2026-01-28 04:40:54
CONT2026000990,2026-01-17 03:58:04,2026-01-18 16:41:12
CONT2026000991,2026-01-17 23:32:45,2026-01-18 10:07:54
CONT2026000992,2026-01-21 10:21:32,2026-01-27 14:55:34
CONT2026000993,2026-01-17 11:52:55,2026-01-18 15:15:10
CONT2026000994,2026-01-22 13:21:43,2026-01-28 14:18:51
CONT2026000995,2026-01-21 02:27:45,2026-01-28 03:23:21
CONT2026000996,2026-01-23 17:15:43,
CONT2026000997,2026-01-15 00:51:51,2026-01-27 06:16:42
CONT2026000998,2026-01-22 13:43:14,
CONT2026000999,2026-01-15 13:23:38,2026-01-28 05:34:53
CONT2026001000,2026-01-16 04:36:37,2026-01-28 07:07:03
CONT2026001001,2026-01-19 09:16:22,2026-01-28 03:30:43
CONT2026001002,2026-01-23 06:26:01,2026-01-28 08:32:57
CONT2026001003,2026-01-17 08:18:50,2026-01-28 11:44:31
CONT2026001004,2026-01-18 05:19:06,2026-01-29 00:36:29
CONT2026001005,2026-01-17 05:48:15,2026-01-28 16:57:54
CONT2026001006,2026-01-20 07:54:15,2026-01-20 21:12:09
CONT2026001007,2026-01-20 00:31:41,2026-01-27 19:12:14
CONT2026001008,2026-01-21 01:48:08,2026-01-29 10:21:32
CONT2026001009,2026-01-20 23:51:56,
CONT2026001010,2026-01-17 19:49:05,2026-01-29 18:40:43
CONT2026001011,2026-01-26 00:57:23,2026-01-28 21:11:45
CONT2026001012,2026-01-26 14:28:25,2026-01-27 13:35:08
CONT2026001013,2026-01-19 12:25:15,2026-01-28 14:14:56
CONT2026001014,2026-01-20 21:27:03,2026-01-22 01:29:01
CONT2026001015,2026-01-20 22:30:16,2026-01-21 02:30:16
CONT2026001016,2026-01-24 16:25:25,
CONT2026001017,2026-01-21 15:42:44,2026-01-22 12:24:56
CONT2026001018,2026-01-25 15:39:30,
CONT2026001019,2026-01-16 01:51:12,2026-01-28 12:23:59
CONT2026001020,2026-01-23 05:42:16,2026-01-29 04:47:55
CONT2026001021,2026-01-16 19:24:48,2026-01-17 12:12:00
CONT2026001022,2026-01-16 04:43:07,2026-01-16 14:23:09
CONT2026001023,2026-01-22 12:08:19,2026-01-28 20:00:14
CONT2026001024,2026-01-16 02:32:31,2026-01-16 17:48:49
CONT2026001025,2026-01-23 20:14:45,2026-01-29 12:56:57
CONT2026001026,2026-01-20 10:42:06,
CONT2026001027,2026-01-20 17:28:28,2026-01-28 21:51:21
CONT2026001028,2026-01-15 16:42:24,2026-01-29 01:15:11
CONT2026001029,2026-01-22 08:01:52,2026-01-29 06:06:57
CONT2026001030,2026-01-20 16:19:08,2026-01-29 19:01:15
CONT2026001031,2026-01-22 11:52:50,
CONT2026001032,2026-01-22 18:44:03,
CONT2026001033,2026-01-18 06:27:04,2026-01-29 03:04:28
CONT2026001034,2026-01-23 03:13:50,2026-01-29 10:50:53
CONT2026001035,2026-01-20 13:48:21,2026-01-21 13:07:31
CONT2026001036,2026-01-23 16:29:28,2026-01-28 21:50:29
CONT2026001037,2026-01-19 21:36:49,2026-01-20 19:26:03
CONT2026001038,2026-01-22 00:30:32,2026-01-22 15:36:56
CONT2026001039,2026-01-19 15:28:02,2026-01-20 10:02:49
CONT2026001040,2026-01-25 23:20:15,2026-01-29 13:38:50
CONT2026001041,2026-01-18 18:07:26,2026-01-29 08:35:46
CONT2026001042,2026-01-19 23:27:36,2026-01-29 06:39:15
CONT2026001043,2026-01-20 22:42:17,2026-01-29 08:05:46
CONT2026001044,2026-01-16 04:28:12,2026-01-17 02:15:33
CONT2026001045,2026-01-17 22:50:29,2026-01-18 21:17:09
CONT2026001046,2026-01-17 07:42:52,2026-01-17 16:14:43
CONT2026001047,2026-01-16 23:00:12,2026-01-17 19:31:17
CONT2026001048,2026-01-22 12:16:22,2026-01-23 02:03:57
CONT2026001049,2026-01-21 01:12:23,2026-01-29 05:58:32
CONT2026001050,2026-01-16 14:36:20,2026-01-17 04:25:10
CONT2026001051,2026-01-17 03:42:30,2026-01-28 23:16:04
CONT2026001052,2026-01-17 02:25:46,2026-01-28 10:57:53
CONT2026001053,2026-01-18 07:57:32,
CONT2026001054,2026-01-22 00:19:53,2026-01-29 08:35:58
CONT2026001055,2026-01-25 21:33:11,2026-01-27 10:50:34
CONT2026001056,2026-01-26 05:11:43,2026-01-30 00:25:22
CONT2026001057,2026-01-24 18:45:31,2026-01-28 23:33:31
CONT2026001058,2026-01-19 00:45:26,2026-01-19 16:00:00
CONT2026001059,2026-01-24 02:57:47,2026-01-25 03:13:17
CONT2026001060,2026-01-17 13:23:46,
CONT2026001061,2026-01-26 02:10:25,2026-01-29 05:42:48
CONT2026001062,2026-01-22 12:33:25,2026-01-23 06:26:27
CONT2026001063,2026-01-23 15:06:08,2026-01-29 10:29:01
CONT2026001064,2026-01-19 15:17:49,
CONT2026001065,2026-01-22 20:31:57,2026-01-29 16:59:30
CONT2026001066,2026-01-25 16:03:39,2026-01-29 15:16:29
CONT2026001067,2026-01-26 17:27:46,2026-01-28 03:12:55
CONT2026001068,2026-01-19 06:46:25,2026-01-19 18:14:17
CONT2026001069,2026-01-25 12:42:48,2026-01-26 08:34:36
CONT2026001070,2026-01-17 15:34:16,2026-01-18 14:04:13
CONT2026001071,2026-01-16 23:03:31,2026-01-30 00:46:46
CONT2026001072,2026-01-25 22:32:00,
CONT2026001073,2026-01-23 19:39:23,2026-01-24 08:27:56
CONT2026001074,2026-01-22 10:10:51,2026-01-28 21:09:25
CONT2026001075,2026-01-25 09:09:08,2026-01-25 20:42:53
CONT2026001076,2026-01-23 00:10:15,
CONT2026001077,2026-01-25 20:42:49,2026-01-26 15:39:47
CONT2026001078,2026-01-21 19:48:17,2026-01-22 12:21:47
CONT2026001079,2026-01-25 16:05:45,2026-01-26 17:05:26
CONT2026001080,2026-01-18 22:52:36,2026-01-29 06:32:04
CONT2026001081,2026-01-16 22:32:32,2026-01-17 08:19:52
CONT2026001082,2026-01-21 17:52:53,2026-01-22 15:44:15
CONT2026001083,2026-01-26 19:56:30,2026-01-27 18:48:24
CONT2026001084,2026-01-21 17:29:27,2026-01-22 12:30:13
CONT2026001085,2026-01-23 17:59:04,2026-01-28 21:36:52
CONT2026001086,2026-01-20 23:49:16,
CONT2026001087,2026-01-21 17:04:41,2026-01-22 19:01:55
CONT2026001088,2026-01-18 11:24:51,2026-01-19 00:36:25
CONT2026001089,2026-01-24 22:40:15,2026-01-29 09:50:21
CONT2026001090,2026-01-19 10:46:14,2026-01-29 13:30:20
CONT2026001091,2026-01-19 18:10:13,2026-01-30 06:40:37
CONT2026001092,2026-01-24 15:22:34,2026-01-25 18:59:48
CONT2026001093,2026-01-21 15:02:07,2026-01-22 10:46:50
CONT2026001094,2026-01-21 05:53:11,2026-01-30 04:42:56
CONT2026001095,2026-01-18 07:36:51,2026-01-19 02:51:08
CONT2026001096,2026-01-20 03:13:36,2026-01-30 03:11:24
CONT2026001097,2026-01-20 08:18:06,
CONT2026001098,2026-01-21 01:17:54,2026-01-29 06:32:14
CONT2026001099,2026-01-26 14:14:15,2026-01-27 07:46:11
CONT2026001100,2026-01-16 01:49:51,
CONT2026001101,2026-01-27 01:33:17,2026-01-27 23:24:24
CONT2026001102,2026-01-20 19:48:58,2026-01-29 15:08:09
CONT2026001103,2026-01-26 02:12:29,
CONT2026001104,2026-01-20 12:36:11,2026-01-29 16:56:20
CONT2026001105,2026-01-15 22:27:24,2026-01-17 02:13:45
CONT2026001106,2026-01-25 17:46:54,
CONT2026001107,2026-01-20 12:07:09,2026-01-22 00:50:53
CONT2026001108,2026-01-17 08:32:05,2026-01-18 04:21:33
CONT2026001109,2026-01-18 21:52:26,2026-01-20 08:09:26
CONT2026001110,2026-01-22 02:04:21,2026-01-23 03:17:56
CONT2026001111,2026-01-18 12:38:45,2026-01-29 12:43:00
CONT2026001112,2026-01-24 22:18:30,2026-01-30 01:08:21
CONT2026001113,2026-01-26 13:49:37,2026-01-27 03:56:43
CONT2026001114,2026-01-16 18:22:12,2026-01-28 17:44:39
CONT2026001115,2026-01-24 04:55:28,2026-01-25 02:27:11
CONT2026001116,2026-01-22 23:06:14,2026-01-23 20:38:41
CONT2026001117,2026-01-21 01:11:54,2026-01-22 04:12:32
CONT2026001118,2026-01-20 02:53:58,2026-01-20 16:58:57
CONT2026001119,2026-01-25 15:24:11,2026-01-29 23:13:51
CONT2026001120,2026-01-18 21:02:52,2026-01-29 08:27:33
CONT2026001121,2026-01-19 23:23:08,2026-01-29 06:25:19
CONT2026001122,2026-01-20 06:49:38,
CONT2026001123,2026-01-18 12:23:08,2026-01-29 06:16:07
CONT2026001124,2026-01-15 23:26:52,
CONT2026001125,2026-01-19 16:49:23,
CONT2026001126,2026-01-23 21:39:13,2026-01-24 23:21:25
CONT2026001127,2026-01-24 02:18:54,2026-01-29 09:14:23
CONT2026001128,2026-01-19 09:14:32,2026-01-20 06:39:29
CONT2026001129,2026-01-22 08:32:45,2026-01-29 02:22:16
CONT2026001130,2026-01-16 11:46:49,2026-01-17 04:00:25
CONT2026001131,2026-01-25 11:55:54,2026-01-26 04:13:08
CONT2026001132,2026-01-19 21:54:31,2026-01-20 18:13:57
CONT2026001133,2026-01-25 16:52:49,2026-01-26 13:33:32
CONT2026001134,2026-01-18 07:23:23,2026-01-19 04:48:46
CONT2026001135,2026-01-23 13:56:23,2026-01-28 20:28:47
CONT2026001136,2026-01-20 19:23:56,2026-01-21 22:51:18
CONT2026001137,2026-01-24 15:10:30,2026-01-30 00:41:22
CONT2026001138,2026-01-24 11:41:53,2026-01-29 07:11:55
CONT2026001139,2026-01-24 03:43:35,2026-01-29 11:02:01
CONT2026001140,2026-01-15 22:09:49,2026-01-16 13:43:05
CONT2026001141,2026-01-26 05:28:01,2026-01-29 16:14:57
CONT2026001142,2026-01-18 01:15:46,
CONT2026001143,2026-01-19 11:50:25,2026-01-30 03:57:26
CONT2026001144,2026-01-23 17:23:27,2026-01-24 13:16:33
CONT2026001145,2026-01-16 21:24:23,2026-01-17 08:21:23
CONT2026001146,2026-01-25 17:34:11,2026-01-26 16:21:15
CONT2026001147,2026-01-17 19:09:34,
CONT2026001148,2026-01-20 04:47:28,2026-01-29 12:13:01
CONT2026001149,2026-01-15 18:20:48,2026-01-29 22:33:47
CONT2026001150,2026-01-24 16:25:53,2026-01-25 13:52:06
CONT2026001151,2026-01-24 06:21:10,
CONT2026001152,2026-01-23 12:34:20,2026-01-29 00:54:05
CONT2026001153,2026-01-25 15:27:30,2026-01-28 20:38:58
CONT2026001154,2026-01-25 07:42:15,2026-01-29 11:49:38
CONT2026001155,2026-01-19 11:07:21,
CONT2026001156,2026-01-17 21:38:37,2026-01-28 23:13:26
CONT2026001157,2026-01-16 08:23:55,2026-01-17 11:18:49
CONT2026001158,2026-01-23 01:43:57,2026-01-29 10:47:00
CONT2026001159,2026-01-23 04:37:25,
CONT2026001160,2026-01-25 04:29:57,
CONT2026001161,2026-01-26 16:08:16,2026-01-29 22:43:38
CONT2026001162,2026-01-19 15:45:16,
CONT2026001163,2026-01-24 16:52:03,
CONT2026001164,2026-01-23 22:28:25,2026-01-25 03:22:42
CONT2026001165,2026-01-25 18:58:38,2026-01-26 09:40:50
CONT2026001166,2026-01-26 22:34:42,
CONT2026001167,2026-01-24 12:33:52,2026-01-29 23:52:51
CONT2026001168,2026-01-22 08:41:00,2026-01-23 07:04:33
CONT2026001169,2026-01-24 18:41:21,2026-01-30 13:56:42
CONT2026001170,2026-01-27 03:28:50,2026-01-27 19:19:22
CONT2026001171,2026-01-16 18:08:58,
CONT2026001172,2026-01-17 21:32:01,
CONT2026001173,2026-01-20 01:33:33,2026-01-20 23:14:25
CONT2026001174,2026-01-25 04:14:57,2026-01-25 19:19:24
CONT2026001175,2026-01-17 21:11:53,2026-01-18 17:40:27
CONT2026001176,2026-01-24 05:27:17,2026-01-30 11:00:57
CONT2026001177,2026-01-27 09:57:58,2026-01-29 21:33:54
CONT2026001178,2026-01-22 04:36:39,2026-01-22 18:31:28
CONT2026001179,2026-01-23 23:39:33,
CONT2026001180,2026-01-26 20:24:34,2026-01-27 11:56:06
CONT2026001181,2026-01-23 16:35:24,
CONT2026001182,2026-01-19 16:23:01,2026-01-30 03:40:30
CONT2026001183,2026-01-22 05:43:40,2026-01-30 04:08:53
CONT2026001184,2026-01-18 20:30:29,2026-01-19 18:27:03
CONT2026001185,2026-01-23 22:47:36,
CONT2026001186,2026-01-24 21:25:45,2026-01-30 03:35:52
CONT2026001187,2026-01-25 06:03:25,2026-01-26 09:34:27
CONT2026001188,2026-01-24 01:14:37,
CONT2026001189,2026-01-20 07:43:02,2026-02-01 23:03:52
CONT2026001190,2026-01-26 03:17:54,
CONT2026001191,2026-01-23 05:28:44,2026-02-02 17:48:32
CONT2026001192,2026-01-25 02:46:06,2026-02-02 14:04:38
CONT2026001193,2026-01-29 13:39:53,2026-01-30 02:25:56
CONT2026001194,2026-01-20 06:09:26,2026-01-21 05:16:38
CONT2026001195,2026-01-24 13:43:18,2026-01-25 05:05:04
CONT2026001196,2026-01-25 22:48:40,2026-01-26 12:13:36
CONT2026001197,2026-01-27 17:28:43,2026-02-02 02:48:20
CONT2026001198,2026-01-27 22:10:53,
CONT2026001199,2026-01-22 05:43:06,2026-01-23 13:36:21
CONT2026001200,2026-01-20 13:54:30,2026-02-02 09:21:00
CONT2026001201,2026-01-23 01:41:01,2026-02-02 14:25:22
CONT2026001202,2026-01-20 09:58:00,
CONT2026001203,2026-01-23 06:17:18,2026-02-02 02:57:51
CONT2026001204,2026-01-20 23:29:21,
CONT2026001205,2026-01-28 18:58:29,2026-01-29 23:10:52
CONT2026001206,2026-01-24 20:45:37,2026-02-02 07:46:17
CONT2026001207,2026-01-20 23:28:19,2026-01-21 19:25:57
CONT2026001208,2026-01-21 05:43:08,2026-02-03 01:59:44
CONT2026001209,2026-01-30 11:07:38,2026-01-31 03:01:27
CONT2026001210,2026-01-25 12:50:51,2026-02-03 06:53:48
CONT2026001211,2026-01-29 20:44:56,2026-02-02 16:00:33
CONT2026001212,2026-01-21 07:41:40,2026-02-02 20:43:16
CONT2026001213,2026-01-25 15:24:05,2026-01-26 12:56:25
CONT2026001214,2026-01-30 02:49:49,2026-02-02 17:27:51
CONT2026001215,2026-01-30 09:57:55,2026-01-30 22:34:48
CONT2026001216,2026-01-26 16:29:54,2026-01-27 18:08:53
CONT2026001217,2026-01-29 02:35:49,2026-01-29 19:44:48
CONT2026001218,2026-01-20 23:30:14,2026-02-02 20:34:17
CONT2026001219,2026-01-28 14:15:29,2026-01-29 07:58:14
CONT2026001220,2026-01-27 05:32:47,2026-01-28 10:17:11
CONT2026001221,2026-01-30 08:54:40,2026-01-31 06:13:07
CONT2026001222,2026-01-22 17:31:16,2026-02-03 00:36:50
CONT2026001223,2026-01-23 02:47:51,2026-01-23 16:02:33
CONT2026001224,2026-01-26 10:19:46,2026-02-03 22:34:41
CONT2026001225,2026-01-20 16:12:43,2026-02-03 06:04:46
CONT2026001226,2026-01-26 02:55:51,2026-01-26 10:13:00
CONT2026001227,2026-01-24 07:51:03,2026-01-25 03:42:36
CONT2026001228,2026-01-31 06:47:31,
CONT2026001229,2026-01-21 06:11:58,2026-01-22 00:53:58
CONT2026001230,2026-01-26 17:13:12,2026-02-02 08:53:19
CONT2026001231,2026-01-23 17:32:42,2026-02-02 09:27:39
CONT2026001232,2026-01-20 20:35:44,
CONT2026001233,2026-01-29 19:50:57,2026-01-30 14:47:09
CONT2026001234,2026-01-28 11:12:23,2026-01-28 23:11:02
CONT2026001235,2026-01-26 07:40:10,2026-01-26 11:40:10
CONT2026001236,2026-01-23 08:30:07,2026-02-02 12:11:48
CONT2026001237,2026-01-23 09:11:58,
CONT2026001238,2026-01-28 19:32:56,
CONT2026001239,2026-01-23 00:52:09,2026-02-02 23:27:39
CONT2026001240,2026-01-23 13:46:48,2026-01-24 08:51:13
CONT2026001241,2026-01-20 16:12:11,
CONT2026001242,2026-01-20 19:53:28,2026-02-03 07:50:36
CONT2026001243,2026-01-30 04:35:28,
CONT2026001244,2026-01-20 19:58:44,2026-02-03 21:26:17
CONT2026001245,2026-01-24 12:30:11,2026-01-25 15:21:15
CONT2026001246,2026-01-28 00:27:10,2026-02-02 19:46:06
CONT2026001247,2026-01-30 03:42:49,
CONT2026001248,2026-01-25 01:08:28,2026-01-25 15:27:44
CONT2026001249,2026-01-31 02:22:12,2026-02-01 06:33:36
CONT2026001250,2026-01-21 19:50:02,2026-01-22 10:46:02
CONT2026001251,2026-01-31 00:19:41,
CONT2026001252,2026-01-22 14:34:04,2026-02-02 21:51:41
CONT2026001253,2026-01-31 03:01:36,
CONT2026001254,2026-01-23 05:15:33,2026-01-24 03:04:58
CONT2026001255,2026-01-28 04:42:06,2026-02-03 13:50:56
CONT2026001256,2026-01-28 07:48:11,2026-01-28 22:07:25
CONT2026001257,2026-01-26 07:43:43,2026-01-26 14:23:22
CONT2026001258,2026-01-23 03:32:26,2026-01-24 05:46:50
CONT2026001259,2026-01-23 02:27:14,2026-01-23 16:26:47
CONT2026001260,2026-01-24 21:07:30,
CONT2026001261,2026-01-20 19:25:12,2026-02-03 17:58:12
CONT2026001262,2026-01-30 18:04:18,2026-01-31 13:41:52
CONT2026001263,2026-01-22 01:38:05,
CONT2026001264,2026-01-27 14:12:17,2026-01-28 00:32:28
CONT2026001265,2026-01-23 19:33:17,2026-01-24 07:00:26
CONT2026001266,2026-01-29 12:48:02,2026-02-03 22:24:40
CONT2026001267,2026-01-26 19:16:10,2026-01-27 20:16:59
CONT2026001268,2026-01-21 19:12:01,2026-02-03 00:43:39
CONT2026001269,2026-01-30 11:50:19,
CONT2026001270,2026-01-24 00:05:33,2026-01-25 01:25:54
CONT2026001271,2026-01-21 09:32:42,2026-01-21 13:56:32
CONT2026001272,2026-01-21 05:53:40,
CONT2026001273,2026-01-25 03:42:52,2026-01-25 17:05:50
CONT2026001274,2026-01-29 09:39:31,2026-02-03 02:12:07
CONT2026001275,2026-01-26 04:26:19,2026-02-03 15:02:36
CONT2026001276,2026-01-21 16:42:57,2026-02-04 10:52:57
CONT2026001277,2026-01-27 21:21:41,2026-02-03 22:02:43
CONT2026001278,2026-01-30 08:34:46,2026-01-31 12:22:11
CONT2026001279,2026-01-26 14:42:30,
CONT2026001280,2026-01-28 19:40:27,2026-02-04 02:11:42
CONT2026001281,2026-01-28 17:47:12,2026-01-29 12:31:25
CONT2026001282,2026-01-24 10:07:29,2026-02-03 15:50:41
CONT2026001283,2026-01-21 20:46:35,2026-02-03 20:14:39
CONT2026001284,2026-01-26 10:34:39,2026-02-03 07:30:10
CONT2026001285,2026-01-26 12:35:37,
CONT2026001286,2026-01-22 16:11:10,
CONT2026001287,2026-01-21 17:29:22,2026-02-02 23:12:44
CONT2026001288,2026-01-22 04:52:49,
CONT2026001289,2026-01-23 03:38:40,2026-01-23 20:07:57
CONT2026001290,2026-01-30 16:12:47,
CONT2026001291,2026-01-31 04:26:16,2026-01-31 20:33:52
CONT2026001292,2026-01-20 23:19:52,2026-01-21 18:50:56
CONT2026001293,2026-01-29 21:47:33,2026-02-03 13:27:57
CONT2026001294,2026-01-26 12:45:07,
CONT2026001295,2026-01-27 22:05:53,2026-01-28 16:14:43
CONT2026001296,2026-01-26 10:42:22,2026-01-27 02:02:53
CONT2026001297,2026-01-28 13:00:19,2026-02-03 08:47:31
CONT2026001298,2026-01-29 14:36:52,2026-01-30 10:27:08
CONT2026001299,2026-01-26 03:58:45,2026-02-04 15:19:28
CONT2026001300,2026-01-27 12:33:14,
CONT2026001301,2026-01-23 09:04:47,2026-02-03 10:16:24
CONT2026001302,2026-01-27 03:02:01,2026-02-03 18:12:06
CONT2026001303,2026-01-29 02:20:56,2026-02-03 19:57:23
CONT2026001304,2026-01-27 19:37:04,
CONT2026001305,2026-01-28 18:34:29,
CONT2026001306,2026-01-27 09:59:49,2026-02-03 23:11:20
CONT2026001307,2026-01-25 02:42:19,
CONT2026001308,2026-01-27 12:49:00,2026-02-03 01:45:25
CONT2026001309,2026-01-26 03:55:58,2026-02-04 00:17:15
CONT2026001310,2026-01-22 02:14:56,2026-01-23 01:24:52
CONT2026001311,2026-01-31 16:55:14,2026-02-01 17:15:51
CONT2026001312,2026-01-30 06:21:06,2026-01-30 23:08:20
CONT2026001313,2026-01-28 03:30:21,2026-01-28 13:58:32
CONT2026001314,2026-01-30 14:35:17,2026-02-03 20:03:20
CONT2026001315,2026-01-22 09:08:04,2026-01-23 06:17:47
CONT2026001316,2026-01-26 13:33:14,2026-01-27 01:16:02
CONT2026001317,2026-01-30 12:09:57,2026-02-03 16:30:55
CONT2026001318,2026-01-27 00:31:50,
CONT2026001319,2026-01-21 11:57:09,2026-01-22 05:55:06
CONT2026001320,2026-01-24 02:38:57,2026-01-25 00:05:19
CONT2026001321,2026-01-23 18:25:01,
CONT2026001322,2026-01-28 23:59:02,2026-01-30 01:35:52
CONT2026001323,2026-01-27 17:05:51,2026-01-28 10:04:35
CONT2026001324,2026-01-24 20:25:10,2026-02-03 10:20:57
CONT2026001325,2026-01-23 17:07:15,2026-01-25 01:15:11
CONT2026001326,2026-01-31 12:50:13,2026-02-03 01:41:02
CONT2026001327,2026-01-27 09:15:19,2026-02-03 22:06:55
CONT2026001328,2026-01-27 22:25:05,
CONT2026001329,2026-01-30 15:16:04,2026-01-31 20:43:11
CONT2026001330,2026-01-28 08:09:50,2026-01-29 02:41:36
CONT2026001331,2026-01-27 07:31:26,2026-02-03 05:21:46
CONT2026001332,2026-01-25 14:06:15,2026-02-04 12:17:19
CONT2026001333,2026-01-25 20:22:36,2026-01-26 04:26:24
CONT2026001334,2026-01-21 17:36:17,2026-01-22 15:09:37
CONT2026001335,2026-01-24 01:01:25,2026-01-24 17:13:27
CONT2026001336,2026-01-27 11:35:34,
CONT2026001337,2026-01-30 18:24:48,2026-01-31 04:00:06
CONT2026001338,2026-01-30 02:36:13,
CONT2026001339,2026-01-26 19:28:05,
CONT2026001340,2026-01-27 12:37:36,2026-01-28 11:26:48
CONT2026001341,2026-01-25 07:22:49,
CONT2026001342,2026-01-22 03:42:48,2026-01-22 21:46:19
CONT2026001343,2026-01-23 23:50:06,2026-02-03 20:05:59
CONT2026001344,2026-01-30 15:40:16,2026-01-31 03:14:45
CONT2026001345,2026-01-23 18:56:05,2026-02-03 17:20:15
CONT2026001346,2026-01-26 16:17:28,
CONT2026001347,2026-01-29 16:27:44,2026-01-29 21:40:07
CONT2026001348,2026-01-30 11:56:30,
CONT2026001349,2026-01-22 04:29:38,2026-02-03 18:10:32
CONT2026001350,2026-01-27 13:39:22,2026-01-28 13:11:25
CONT2026001351,2026-01-30 10:50:45,2026-02-04 14:12:10
CONT2026001352,2026-01-26 19:51:24,
CONT2026001353,2026-01-25 18:52:19,
CONT2026001354,2026-01-24 21:14:40,
CONT2026001355,2026-01-22 09:17:36,2026-02-04 17:05:54
CONT2026001356,2026-01-21 05:39:10,2026-01-22 00:02:56
CONT2026001357,2026-01-23 03:59:13,
CONT2026001358,2026-01-26 05:35:08,2026-02-03 23:03:55
CONT2026001359,2026-01-29 17:51:49,
CONT2026001360,2026-01-22 07:02:07,2026-01-22 18:35:12
CONT2026001361,2026-01-27 12:49:21,2026-01-28 15:16:34
CONT2026001362,2026-01-22 04:43:53,2026-02-04 14:04:42
CONT2026001363,2026-01-24 20:16:04,2026-01-25 10:12:03
CONT2026001364,2026-01-24 02:00:48,2026-01-25 02:25:03
CONT2026001365,2026-01-29 13:48:11,
CONT2026001366,2026-01-30 20:47:27,2026-02-03 16:29:52
CONT2026001367,2026-01-29 06:00:45,
CONT2026001368,2026-01-25 14:15:40,2026-02-04 00:51:11
CONT2026001369,2026-01-24 19:07:02,2026-01-25 23:01:11
CONT2026001370,2026-01-26 20:52:49,2026-01-27 05:59:12
CONT2026001371,2026-01-30 07:04:17,2026-01-31 04:53:16
CONT2026001372,2026-01-29 02:13:14,2026-01-30 03:37:23
CONT2026001373,2026-01-30 21:19:17,2026-02-04 15:27:36
CONT2026001374,2026-01-29 07:26:54,2026-01-30 05:25:22
CONT2026001375,2026-01-23 14:31:55,2026-02-04 08:18:09
CONT2026001376,2026-01-31 10:13:46,2026-01-31 19:48:41
CONT2026001377,2026-01-31 11:28:57,2026-02-01 05:04:21
CONT2026001378,2026-01-23 20:48:57,
CONT2026001379,2026-01-21 20:18:34,2026-01-22 09:15:10
CONT2026001380,2026-01-23 03:32:46,2026-02-04 17:34:50
CONT2026001381,2026-01-24 10:07:59,
CONT2026001382,2026-01-28 00:56:47,2026-01-28 21:23:22
CONT2026001383,2026-01-23 01:44:20,2026-02-03 23:31:56
CONT2026001384,2026-01-29 05:28:14,
CONT2026001385,2026-01-22 19:05:39,
CONT2026001386,2026-01-30 00:19:40,2026-01-30 09:55:11
CONT2026001387,2026-02-02 18:47:50,2026-02-03 05:32:51
CONT2026001388,2026-01-27 12:18:05,2026-02-05 22:04:43
CONT2026001389,2026-01-24 22:01:54,2026-02-05 18:49:08
CONT2026001390,2026-02-01 21:10:41,2026-02-02 20:20:42
CONT2026001391,2026-01-24 19:54:14,2026-01-25 16:48:48
CONT2026001392,2026-02-01 14:03:25,2026-02-05 12:19:21
CONT2026001393,2026-01-26 15:27:43,2026-02-04 18:35:23
CONT2026001394,2026-01-31 18:09:43,
CONT2026001395,2026-02-02 22:38:46,
CONT2026001396,2026-02-02 06:26:43,2026-02-03 08:24:16
CONT2026001397,2026-01-28 05:58:24,2026-02-05 12:35:58
CONT2026001398,2026-01-30 07:56:31,2026-02-06 03:49:17
CONT2026001399,2026-01-31 15:50:46,
CONT2026001400,2026-01-23 11:12:23,
CONT2026001401,2026-01-31 14:31:55,2026-02-06 00:30:32
CONT2026001402,2026-01-25 19:19:53,2026-01-26 16:39:15
CONT2026001403,2026-01-27 00:53:52,2026-02-06 02:04:55
CONT2026001404,2026-01-26 01:14:18,2026-01-27 02:55:25
CONT2026001405,2026-01-31 20:08:51,2026-02-05 05:11:22
CONT2026001406,2026-01-30 17:13:23,2026-02-06 09:54:52
CONT2026001407,2026-01-25 14:09:32,2026-01-26 14:06:53
CONT2026001408,2026-01-23 05:36:32,2026-01-24 10:32:56
CONT2026001409,2026-01-27 06:20:24,
CONT2026001410,2026-02-03 02:27:04,2026-02-06 03:32:41
CONT2026001411,2026-01-23 12:01:40,2026-01-24 20:15:37
CONT2026001412,2026-01-24 22:35:29,2026-02-05 01:48:45
CONT2026001413,2026-01-23 09:25:34,2026-01-23 13:25:34
CONT2026001414,2026-02-02 07:07:48,2026-02-06 13:30:20
CONT2026001415,2026-01-24 01:25:22,2026-02-05 07:57:55
CONT2026001416,2026-01-29 10:43:57,2026-02-05 18:50:15
CONT2026001417,2026-01-31 07:06:29,
CONT2026001418,2026-01-26 12:27:36,2026-02-06 12:07:47
CONT2026001419,2026-01-29 17:35:48,2026-01-30 12:37:11
CONT2026001420,2026-02-03 02:39:52,
CONT2026001421,2026-02-02 00:51:28,2026-02-02 14:54:44
CONT2026001422,2026-01-28 19:53:11,2026-02-06 12:26:46
CONT2026001423,2026-01-29 19:31:04,2026-02-05 08:47:25
CONT2026001424,2026-01-28 08:57:04,
CONT2026001425,2026-02-02 01:51:43,2026-02-05 16:47:20
CONT2026001426,2026-01-29 02:39:35,2026-01-29 17:29:56
CONT2026001427,2026-01-28 08:50:31,
CONT2026001428,2026-01-25 10:25:27,2026-02-05 08:10:56
CONT2026001429,2026-02-01 21:34:02,2026-02-06 03:29:02
CONT2026001430,2026-02-01 11:40:41,
CONT2026001431,2026-01-29 05:27:02,2026-02-06 05:20:57
CONT2026001432,2026-02-02 01:58:45,2026-02-03 03:57:37
CONT2026001433,2026-01-26 18:02:05,2026-02-06 07:23:58
CONT2026001434,2026-01-25 07:19:43,2026-01-26 00:51:15
CONT2026001435,2026-02-01 00:57:34,2026-02-02 05:47:57
CONT2026001436,2026-01-31 20:34:11,2026-02-05 22:10:18
CONT2026001437,2026-02-01 07:14:19,2026-02-02 06:19:10
CONT2026001438,2026-01-28 00:15:58,2026-01-29 06:07:49
CONT2026001439,2026-01-26 12:06:45,2026-02-05 16:49:59
CONT2026001440,2026-01-30 02:11:50,2026-01-31 04:24:53
CONT2026001441,2026-01-25 07:23:19,2026-01-25 20:45:48
CONT2026001442,2026-01-24 13:49:05,2026-01-25 07:58:15
CONT2026001443,2026-01-31 21:32:07,2026-02-01 18:43:28
CONT2026001444,2026-01-28 20:44:43,
CONT2026001445,2026-02-02 14:46:37,
CONT2026001446,2026-01-24 02:52:12,2026-02-06 08:29:49
CONT2026001447,2026-02-01 06:47:46,2026-02-06 07:03:34
CONT2026001448,2026-01-25 11:08:08,2026-02-06 19:00:55
CONT2026001449,2026-01-31 01:45:58,
CONT2026001450,2026-02-02 00:14:34,2026-02-02 15:51:12
CONT2026001451,2026-02-02 00:55:18,2026-02-02 23:51:37
CONT2026001452,2026-01-26 04:38:56,2026-02-07 02:48:20
CONT2026001453,2026-01-28 06:57:32,2026-01-28 23:32:25
CONT2026001454,2026-02-03 10:22:11,2026-02-06 17:47:06
CONT2026001455,2026-02-02 09:28:07,2026-02-03 02:06:58
CONT2026001456,2026-01-29 18:47:07,2026-02-06 13:41:24
CONT2026001457,2026-02-03 05:16:42,2026-02-06 16:34:34
CONT2026001458,2026-01-25 05:13:12,2026-02-05 14:20:28
CONT2026001459,2026-01-29 20:24:28,2026-02-06 21:49:55
CONT2026001460,2026-01-31 18:10:14,2026-02-01 15:47:44
CONT2026001461,2026-01-26 02:58:09,
CONT2026001462,2026-01-24 01:40:04,2026-01-25 03:54:45
CONT2026001463,2026-01-27 01:54:49,2026-02-06 05:37:16
CONT2026001464,2026-01-25 03:48:53,2026-01-26 15:14:02
CONT2026001465,2026-01-24 02:30:45,2026-01-25 07:41:27
CONT2026001466,2026-01-25 07:51:35,2026-01-26 06:24:09
CONT2026001467,2026-01-26 16:45:11,2026-01-27 08:29:07
CONT2026001468,2026-01-26 20:18:26,2026-01-27 15:52:21
CONT2026001469,2026-02-02 09:39:30,2026-02-07 02:08:23
CONT2026001470,2026-01-26 06:58:21,2026-01-27 00:23:51
CONT2026001471,2026-01-27 19:04:53,2026-02-07 08:20:50
CONT2026001472,2026-02-03 20:12:40,2026-02-07 13:24:59
CONT2026001473,2026-01-29 19:36:49,2026-02-06 19:46:12
CONT2026001474,2026-01-31 09:55:09,
CONT2026001475,2026-01-28 16:30:36,2026-02-07 13:48:47
CONT2026001476,2026-02-03 21:07:36,2026-02-07 06:29:15
CONT2026001477,2026-01-29 21:54:16,2026-01-30 19:22:29
CONT2026001478,2026-01-29 17:22:55,2026-02-06 16:36:30
CONT2026001479,2026-01-28 04:46:13,2026-01-29 06:31:33
CONT2026001480,2026-02-02 07:44:31,
CONT2026001481,2026-01-27 13:55:23,
CONT2026001482,2026-02-01 12:49:55,2026-02-02 09:00:08
CONT2026001483,2026-02-04 21:34:07,2026-02-05 19:53:38
CONT2026001484,2026-02-02 14:39:41,
CONT2026001485,2026-02-04 07:06:19,2026-02-04 11:06:19
CONT2026001486,2026-02-02 22:11:13,2026-02-07 19:51:47
CONT2026001487,2026-01-25 04:50:19,
CONT2026001488,2026-01-26 10:22:27,2026-01-27 17:52:07
CONT2026001489,2026-02-03 21:40:54,2026-02-07 13:41:55
CONT2026001490,2026-01-29 15:44:59,2026-02-07 06:10:34
CONT2026001491,2026-02-01 00:46:05,2026-02-07 11:32:12
CONT2026001492,2026-02-01 04:11:05,
CONT2026001493,2026-01-31 07:00:57,2026-02-07 01:09:07
CONT2026001494,2026-01-27 06:22:12,2026-01-28 13:15:51
CONT2026001495,2026-01-25 10:31:32,
CONT2026001496,2026-02-01 19:42:50,2026-02-02 20:26:13
CONT2026001497,2026-01-30 23:30:43,
CONT2026001498,2026-01-30 05:42:00,2026-02-07 17:24:01
CONT2026001499,2026-01-27 06:53:00,2026-02-08 06:37:19
CONT2026001500,2026-01-29 04:33:51,2026-01-29 16:23:05
CONT2026001501,2026-01-28 00:13:56,2026-02-07 14:58:30
CONT2026001502,2026-02-01 06:20:18,2026-02-08 05:05:28
CONT2026001503,2026-01-27 00:27:59,2026-02-07 04:52:02
CONT2026001504,2026-02-02 12:50:52,
CONT2026001505,2026-02-01 15:25:20,2026-02-07 12:54:15
CONT2026001506,2026-02-04 04:06:14,2026-02-07 13:28:27
CONT2026001507,2026-02-01 12:15:47,2026-02-07 12:57:55
CONT2026001508,2026-02-02 07:30:54,2026-02-03 06:51:57
CONT2026001509,2026-01-31 23:52:16,
CONT2026001510,2026-01-31 12:53:54,2026-02-07 08:39:57
CONT2026001511,2026-02-01 17:36:57,2026-02-06 17:56:44
CONT2026001512,2026-01-27 14:26:38,2026-02-07 09:02:37
CONT2026001513,2026-01-25 13:40:47,
CONT2026001514,2026-02-01 08:55:46,
CONT2026001515,2026-02-03 12:03:16,
CONT2026001516,2026-01-27 04:35:14,2026-01-27 23:07:41
CONT2026001517,2026-02-02 22:17:18,2026-02-08 07:55:42
CONT2026001518,2026-01-29 06:34:16,
CONT2026001519,2026-01-29 00:49:46,2026-02-07 04:44:31
CONT2026001520,2026-01-28 01:01:20,2026-01-28 20:31:32
CONT2026001521,2026-01-28 01:50:20,2026-01-29 10:27:30
CONT2026001522,2026-02-04 05:25:46,2026-02-07 10:30:02
CONT2026001523,2026-01-29 17:32:12,2026-01-30 04:56:46
CONT2026001524,2026-01-25 13:45:09,2026-02-07 14:50:50
CONT2026001525,2026-01-26 19:56:15,
CONT2026001526,2026-01-28 22:47:08,2026-02-08 09:18:56
CONT2026001527,2026-01-29 16:06:30,
CONT2026001528,2026-01-26 16:50:52,2026-02-08 03:14:16
CONT2026001529,2026-02-04 23:24:54,
CONT2026001530,2026-01-27 23:49:35,2026-02-06 16:25:28
CONT2026001531,2026-01-25 05:22:55,2026-02-07 16:24:05
CONT2026001532,2026-01-30 13:05:11,2026-01-31 20:39:01
CONT2026001533,2026-02-01 15:28:16,2026-02-06 23:23:06
CONT2026001534,2026-02-03 04:14:14,2026-02-07 14:53:25
CONT2026001535,2026-02-02 20:14:35,2026-02-07 20:33:01
CONT2026001536,2026-02-04 08:44:15,
CONT2026001537,2026-01-27 18:56:47,2026-01-28 14:09:20
CONT2026001538,2026-01-27 08:11:40,2026-01-27 15:56:25
CONT2026001539,2026-02-05 02:20:52,2026-02-06 04:56:33
CONT2026001540,2026-02-03 23:52:57,
CONT2026001541,2026-02-02 13:45:33,2026-02-03 17:47:39
CONT2026001542,2026-01-26 04:42:06,2026-02-08 07:27:19
CONT2026001543,2026-02-02 00:46:39,2026-02-02 04:46:39
CONT2026001544,2026-01-31 10:39:33,2026-01-31 18:13:09
CONT2026001545,2026-02-04 14:22:50,2026-02-05 15:48:38
CONT2026001546,2026-01-30 13:55:50,2026-01-31 18:58:15
CONT2026001547,2026-01-30 01:01:22,2026-02-08 17:12:02
CONT2026001548,2026-02-02 04:32:23,2026-02-03 03:47:04
CONT2026001549,2026-01-28 08:02:55,2026-01-29 16:32:49
CONT2026001550,2026-01-28 17:42:46,2026-01-29 20:26:48
CONT2026001551,2026-01-30 08:22:53,2026-02-08 00:10:38
CONT2026001552,2026-01-30 07:56:43,2026-01-31 18:21:40
CONT2026001553,2026-02-02 10:53:56,
CONT2026001554,2026-02-01 07:36:34,2026-02-09 17:09:52
CONT2026001555,2026-02-01 18:24:43,2026-02-02 12:48:13
CONT2026001556,2026-02-03 18:00:31,2026-02-04 14:29:43
CONT2026001557,2026-01-26 19:28:44,2026-02-08 10:16:35
CONT2026001558,2026-02-02 06:23:39,
CONT2026001559,2026-02-05 22:24:53,
CONT2026001560,2026-01-26 18:26:37,
CONT2026001561,2026-02-04 18:08:25,2026-02-05 14:31:43
CONT2026001562,2026-02-04 19:15:40,2026-02-06 03:24:54
CONT2026001563,2026-02-04 21:18:47,2026-02-05 18:31:46
CONT2026001564,2026-02-03 09:52:01,2026-02-03 20:55:49
CONT2026001565,2026-02-01 14:05:26,2026-02-10 02:02:58
CONT2026001566,2026-02-03 19:57:43,
CONT2026001567,2026-01-31 22:00:36,2026-02-02 02:12:39
CONT2026001568,2026-01-28 12:19:30,2026-01-29 17:43:56
CONT2026001569,2026-01-29 23:16:20,2026-02-09 04:07:13
CONT2026001570,2026-02-03 11:05:38,2026-02-03 22:29:06
CONT2026001571,2026-01-28 02:06:09,2026-02-09 20:39:12
CONT2026001572,2026-01-29 16:24:07,2026-02-09 09:38:18
CONT2026001573,2026-02-05 22:31:26,2026-02-08 14:52:51
CONT2026001574,2026-01-29 02:10:55,
CONT2026001575,2026-02-02 10:03:27,2026-02-03 05:23:46
CONT2026001576,2026-02-05 01:09:48,2026-02-05 17:45:01
CONT2026001577,2026-02-02 10:38:22,
CONT2026001578,2026-02-03 12:09:37,2026-02-09 18:27:26
CONT2026001579,2026-02-04 17:18:36,2026-02-10 00:12:22
CONT2026001580,2026-01-29 17:25:54,2026-01-30 12:04:10
CONT2026001581,2026-02-02 01:01:47,2026-02-02 16:08:54
CONT2026001582,2026-01-29 18:07:23,2026-02-10 00:05:14
CONT2026001583,2026-01-30 22:59:49,2026-02-01 03:20:29
CONT2026001584,2026-02-02 03:23:22,2026-02-02 10:30:57
CONT2026001585,2026-02-02 10:58:12,2026-02-08 10:26:13
CONT2026001586,2026-02-06 05:50:57,2026-02-07 04:01:40
CONT2026001587,2026-02-05 08:12:39,2026-02-05 21:15:30
CONT2026001588,2026-02-05 21:40:52,
CONT2026001589,2026-02-01 16:59:41,2026-02-09 13:49:35
CONT2026001590,2026-01-28 11:59:34,2026-02-09 10:45:42
CONT2026001591,2026-02-05 05:13:00,2026-02-06 03:37:20
CONT2026001592,2026-02-02 07:37:11,2026-02-03 13:04:10
CONT2026001593,2026-01-28 13:10:13,2026-02-09 20:32:27
CONT2026001594,2026-02-05 01:52:21,2026-02-05 18:18:16
CONT2026001595,2026-02-06 04:56:45,2026-02-07 06:02:57
CONT2026001596,2026-02-04 08:14:23,2026-02-05 03:03:22
CONT2026001597,2026-02-02 16:55:36,
CONT2026001598,2026-01-29 18:42:55,2026-01-30 21:29:31
CONT2026001599,2026-01-31 00:29:03,2026-02-09 10:25:21
CONT2026001600,2026-01-30 03:42:55,2026-01-30 21:21:07
CONT2026001601,2026-02-05 14:19:45,2026-02-06 15:25:19
CONT2026001602,2026-02-04 04:42:05,2026-02-04 22:12:44
CONT2026001603,2026-02-04 03:14:47,2026-02-05 09:14:35
CONT2026001604,2026-01-29 13:39:18,2026-02-09 22:41:36
CONT2026001605,2026-02-02 05:55:43,2026-02-09 13:17:10
CONT2026001606,2026-02-06 04:35:43,2026-02-10 04:25:41
CONT2026001607,2026-01-30 21:44:31,2026-01-31 13:29:23
CONT2026001608,2026-01-29 04:50:34,2026-02-11 03:01:23
CONT2026001609,2026-01-27 20:24:00,2026-01-29 03:04:45
CONT2026001610,2026-02-05 19:40:29,2026-02-06 13:09:48
CONT2026001611,2026-01-30 21:42:46,2026-02-10 20:37:51
CONT2026001612,2026-02-05 10:52:12,2026-02-10 01:30:20
CONT2026001613,2026-01-27 23:55:58,2026-01-28 18:25:48
CONT2026001614,2026-02-03 16:56:09,2026-02-04 02:31:18
CONT2026001615,2026-02-04 00:52:59,2026-02-10 10:36:20
CONT2026001616,2026-02-06 17:44:47,2026-02-09 12:42:52
CONT2026001617,2026-01-29 06:07:39,2026-02-10 05:20:54
CONT2026001618,2026-01-30 06:45:14,2026-02-09 21:47:10
CONT2026001619,2026-02-03 22:52:44,2026-02-04 05:36:27
CONT2026001620,2026-01-30 14:49:06,2026-01-31 21:44:44
CONT2026001621,2026-01-29 09:59:13,2026-01-30 14:02:52
CONT2026001622,2026-02-06 01:00:45,2026-02-10 18:54:34
CONT2026001623,2026-02-06 04:38:34,2026-02-07 13:16:20
CONT2026001624,2026-01-30 13:40:06,2026-02-10 18:47:36
CONT2026001625,2026-02-01 12:03:48,2026-02-02 08:11:15
CONT2026001626,2026-02-03 16:14:21,
CONT2026001627,2026-02-03 09:27:27,2026-02-10 12:44:15
CONT2026001628,2026-02-02 08:53:08,2026-02-10 07:04:51
CONT2026001629,2026-02-04 17:03:04,2026-02-05 10:20:11
CONT2026001630,2026-01-31 07:22:56,2026-01-31 15:14:58
CONT2026001631,2026-02-01 22:48:15,
CONT2026001632,2026-01-31 01:59:18,2026-02-11 03:31:47
CONT2026001633,2026-01-28 20:50:15,2026-01-30 04:36:43
CONT2026001634,2026-02-05 10:36:50,
CONT2026001635,2026-02-07 20:01:30,2026-02-08 05:15:59
CONT2026001636,2026-01-29 05:29:00,2026-01-30 02:27:03
CONT2026001637,2026-01-29 11:38:10,2026-01-29 23:47:36
CONT2026001638,2026-02-01 12:58:34,2026-02-02 13:37:54
CONT2026001639,2026-02-08 08:35:57,2026-02-10 03:36:17
CONT2026001640,2026-02-03 06:13:02,2026-02-11 03:45:59
CONT2026001641,2026-02-02 19:20:13,
CONT2026001642,2026-02-01 15:00:57,2026-02-11 06:00:57
CONT2026001643,2026-02-04 18:06:28,
CONT2026001644,2026-01-30 08:02:31,2026-02-11 01:27:34
CONT2026001645,2026-02-02 02:09:15,2026-02-02 18:34:55
CONT2026001646,2026-02-03 11:29:59,
CONT2026001647,2026-01-28 21:19:53,2026-02-10 04:23:19
CONT2026001648,2026-02-07 21:13:18,2026-02-08 16:17:03
CONT2026001649,2026-02-03 04:14:09,2026-02-03 23:10:02
CONT2026001650,2026-02-03 13:40:44,2026-02-04 03:22:16
CONT2026001651,2026-02-07 10:59:26,2026-02-08 18:55:35
CONT2026001652,2026-01-29 19:34:08,2026-02-10 08:32:34
CONT2026001653,2026-02-04 11:40:50,2026-02-05 10:14:52
CONT2026001654,2026-02-02 03:44:36,2026-02-03 01:18:51
CONT2026001655,2026-02-04 18:59:52,2026-02-05 15:17:43
CONT2026001656,2026-01-30 10:17:18,2026-01-31 00:36:48
CONT2026001657,2026-02-05 07:57:22,2026-02-10 08:51:48
CONT2026001658,2026-02-07 11:55:39,2026-02-10 20:12:28
CONT2026001659,2026-02-04 21:45:32,2026-02-11 11:22:16
CONT2026001660,2026-02-01 20:45:51,2026-02-10 20:05:30
CONT2026001661,2026-02-07 17:56:30,2026-02-08 00:16:50
CONT2026001662,2026-02-02 20:42:03,2026-02-11 05:32:42
CONT2026001663,2026-02-08 21:47:11,2026-02-11 02:06:03
CONT2026001664,2026-02-01 23:54:19,2026-02-02 09:31:14
CONT2026001665,2026-02-07 13:07:18,2026-02-08 14:01:40
CONT2026001666,2026-02-04 23:02:07,2026-02-05 23:59:15
CONT2026001667,2026-02-06 09:06:02,2026-02-07 00:11:44
CONT2026001668,2026-01-31 08:31:56,2026-02-11 03:00:53
CONT2026001669,2026-02-05 04:45:33,2026-02-11 19:44:55
CONT2026001670,2026-02-02 18:46:48,2026-02-11 20:10:27
CONT2026001671,2026-02-04 23:58:49,2026-02-11 00:01:53
CONT2026001672,2026-02-08 09:26:35,2026-02-09 09:35:00
CONT2026001673,2026-02-03 19:01:17,2026-02-11 10:43:24
CONT2026001674,2026-01-28 14:26:13,2026-02-11 05:19:20
CONT2026001675,2026-01-31 11:29:37,2026-02-11 20:58:38
CONT2026001676,2026-02-02 21:54:03,2026-02-04 04:46:57
CONT2026001677,2026-02-03 21:32:52,
CONT2026001678,2026-02-04 12:12:59,2026-02-05 03:21:10
CONT2026001679,2026-02-01 06:05:20,2026-02-11 10:28:58
CONT2026001680,2026-02-04 09:51:01,2026-02-05 03:29:48
CONT2026001681,2026-02-07 11:11:50,2026-02-11 09:09:00
CONT2026001682,2026-02-08 08:44:27,2026-02-12 04:31:10
CONT2026001683,2026-02-01 11:34:29,2026-02-12 02:58:43
CONT2026001684,2026-02-03 15:30:00,2026-02-04 14:03:42
CONT2026001685,2026-02-04 13:01:33,2026-02-12 17:16:14
CONT2026001686,2026-02-05 12:05:25,2026-02-06 00:48:48
CONT2026001687,2026-02-04 14:24:42,2026-02-12 02:27:17
CONT2026001688,2026-02-07 02:54:13,
CONT2026001689,2026-01-29 14:02:27,2026-02-11 03:48:16
CONT2026001690,2026-02-08 01:03:08,
CONT2026001691,2026-01-31 04:00:41,
CONT2026001692,2026-02-09 10:16:08,2026-02-10 12:58:57
CONT2026001693,2026-02-01 19:14:47,2026-02-12 07:44:56
CONT2026001694,2026-01-29 19:50:31,2026-01-30 08:56:33
CONT2026001695,2026-02-04 13:45:27,
CONT2026001696,2026-01-31 11:47:09,2026-02-12 01:46:22
CONT2026001697,2026-01-30 13:27:49,2026-01-31 12:55:05
CONT2026001698,2026-02-08 16:08:56,2026-02-12 17:33:37
CONT2026001699,2026-01-29 18:22:16,2026-01-31 03:44:36
CONT2026001700,2026-01-31 06:36:29,2026-02-01 07:26:29
CONT2026001701,2026-01-30 17:15:51,2026-02-12 07:28:55
CONT2026001702,2026-02-07 06:04:38,2026-02-12 09:14:03
CONT2026001703,2026-02-05 17:44:32,2026-02-06 12:15:24
CONT2026001704,2026-02-05 13:46:01,2026-02-06 11:07:23
CONT2026001705,2026-02-02 15:46:13,2026-02-03 09:05:31
CONT2026001706,2026-01-31 10:54:29,2026-02-01 07:44:06
CONT2026001707,2026-01-31 17:07:20,2026-02-12 11:48:35
CONT2026001708,2026-01-31 08:36:45,2026-02-01 07:56:53
CONT2026001709,2026-02-05 07:38:45,2026-02-11 19:01:34
CONT2026001710,2026-02-04 16:45:14,2026-02-12 19:50:31
CONT2026001711,2026-02-09 01:42:27,
CONT2026001712,2026-02-06 02:12:59,2026-02-12 22:57:12
CONT2026001713,2026-02-04 22:54:02,2026-02-05 09:06:43
CONT2026001714,2026-01-31 09:19:44,2026-02-12 04:12:49
CONT2026001715,2026-02-01 04:59:04,2026-02-02 04:10:08
CONT2026001716,2026-02-06 23:07:57,2026-02-07 22:00:47
CONT2026001717,2026-02-07 03:44:41,
CONT2026001718,2026-02-09 21:31:34,
CONT2026001719,2026-02-03 08:12:03,2026-02-13 08:01:33
CONT2026001720,2026-02-08 17:14:37,2026-02-12 12:55:30
CONT2026001721,2026-02-06 11:57:03,2026-02-07 11:31:59
CONT2026001722,2026-02-04 02:49:58,2026-02-12 19:08:35
CONT2026001723,2026-01-30 03:06:42,2026-01-31 10:25:28
CONT2026001724,2026-02-01 15:54:16,2026-02-12 11:21:03
CONT2026001725,2026-02-06 21:15:59,
CONT2026001726,2026-01-30 04:26:12,2026-02-13 04:03:33
CONT2026001727,2026-02-05 18:22:51,2026-02-12 21:01:33
CONT2026001728,2026-02-02 22:55:11,2026-02-03 09:32:09
CONT2026001729,2026-02-10 12:28:54,2026-02-11 21:59:20
CONT2026001730,2026-02-05 14:26:27,2026-02-14 05:48:30
CONT2026001731,2026-02-11 09:10:27,2026-02-14 08:04:46
CONT2026001732,2026-02-08 04:14:20,
CONT2026001733,2026-02-05 04:01:22,2026-02-14 06:36:13
CONT2026001734,2026-02-05 03:06:02,
CONT2026001735,2026-02-01 23:23:01,
CONT2026001736,2026-02-01 01:21:55,2026-02-01 05:21:55
CONT2026001737,2026-02-03 17:50:35,2026-02-05 03:23:26
CONT2026001738,2026-02-04 06:03:23,2026-02-05 03:56:30
CONT2026001739,2026-02-04 14:42:18,2026-02-05 12:39:02
CONT2026001740,2026-02-08 00:45:32,2026-02-08 17:08:36
CONT2026001741,2026-02-04 02:21:10,
CONT2026001742,2026-02-08 22:25:17,2026-02-09 21:12:01
CONT2026001743,2026-02-03 23:36:02,2026-02-14 23:21:31
CONT2026001744,2026-02-06 19:52:23,2026-02-14 23:37:38
CONT2026001745,2026-01-31 20:17:02,
CONT2026001746,2026-02-04 10:55:31,2026-02-05 10:01:26
CONT2026001747,2026-02-02 16:14:14,2026-02-03 07:47:27
CONT2026001748,2026-02-08 09:53:01,2026-02-14 17:45:19
CONT2026001749,2026-02-06 17:48:35,
CONT2026001750,2026-02-04 14:19:40,2026-02-14 20:16:33
CONT2026001751,2026-02-02 09:35:06,2026-02-13 23:54:43
CONT2026001752,2026-02-04 20:36:19,2026-02-14 06:26:32
CONT2026001753,2026-02-05 01:20:24,2026-02-14 02:06:30
CONT2026001754,2026-02-09 05:10:48,
CONT2026001755,2026-02-05 02:13:54,2026-02-13 15:45:22
CONT2026001756,2026-02-09 09:15:30,2026-02-14 02:18:01
CONT2026001757,2026-02-03 11:37:20,2026-02-04 04:27:16
CONT2026001758,2026-02-06 20:05:47,2026-02-07 15:18:41
CONT2026001759,2026-02-06 13:45:54,2026-02-14 12:39:00
CONT2026001760,2026-02-08 08:14:51,2026-02-14 15:20:04
CONT2026001761,2026-02-11 07:55:13,2026-02-12 01:28:27
CONT2026001762,2026-02-10 07:04:23,2026-02-10 15:09:54
CONT2026001763,2026-02-10 10:19:17,2026-02-15 08:31:56
CONT2026001764,2026-02-02 09:01:36,
CONT2026001765,2026-02-09 13:33:19,2026-02-14 23:29:06
CONT2026001766,2026-02-09 10:29:09,2026-02-14 20:04:50
CONT2026001767,2026-02-04 13:51:33,2026-02-14 04:49:03
CONT2026001768,2026-02-08 12:07:47,
CONT2026001769,2026-02-04 22:30:51,2026-02-14 06:58:22
CONT2026001770,2026-02-04 22:55:50,2026-02-05 07:40:49
CONT2026001771,2026-02-07 15:05:06,2026-02-15 02:06:20
CONT2026001772,2026-02-08 05:04:47,2026-02-15 05:40:38
CONT2026001773,2026-02-04 15:25:22,
CONT2026001774,2026-02-08 12:21:52,2026-02-09 08:20:02
CONT2026001775,2026-02-10 15:42:28,2026-02-14 20:04:39
CONT2026001776,2026-02-02 07:18:08,2026-02-03 02:55:27
CONT2026001777,2026-02-07 09:14:08,2026-02-15 03:38:12
CONT2026001778,2026-02-09 14:03:17,2026-02-11 01:37:21
CONT2026001779,2026-02-10 22:08:37,
CONT2026001780,2026-02-04 08:30:08,2026-02-15 15:34:32
CONT2026001781,2026-02-12 06:14:39,2026-02-15 15:33:13
CONT2026001782,2026-02-08 20:11:51,2026-02-09 09:03:04
CONT2026001783,2026-02-08 20:48:30,2026-02-09 08:47:35
CONT2026001784,2026-02-05 11:17:10,
CONT2026001785,2026-02-05 23:33:44,2026-02-06 12:06:53
CONT2026001786,2026-02-10 10:24:44,2026-02-16 12:19:43
CONT2026001787,2026-02-08 09:34:21,2026-02-15 17:30:16
CONT2026001788,2026-02-11 01:46:17,2026-02-11 05:52:51
CONT2026001789,2026-02-11 15:30:37,
CONT2026001790,2026-02-03 23:22:40,2026-02-14 22:17:50
CONT2026001791,2026-02-10 09:07:29,2026-02-11 10:33:59
CONT2026001792,2026-02-09 06:35:51,2026-02-16 06:26:07
CONT2026001793,2026-02-09 00:45:50,2026-02-16 00:48:23
CONT2026001794,2026-02-12 05:42:03,2026-02-13 09:05:41
CONT2026001795,2026-02-06 04:07:22,2026-02-15 18:24:40
CONT2026001796,2026-02-05 09:42:35,2026-02-15 15:18:43
CONT2026001797,2026-02-09 19:47:09,
CONT2026001798,2026-02-08 13:24:59,2026-02-17 12:16:43
CONT2026001799,2026-02-07 13:39:02,2026-02-08 07:22:15
CONT2026001800,2026-02-05 20:59:18,2026-02-17 05:52:46
CONT2026001801,2026-02-13 12:40:34,
CONT2026001802,2026-02-12 11:08:26,2026-02-13 04:15:03
CONT2026001803,2026-02-12 03:52:56,2026-02-16 20:50:26
CONT2026001804,2026-02-08 15:28:07,2026-02-17 00:27:05
CONT2026001805,2026-02-06 19:42:48,2026-02-17 02:08:06
CONT2026001806,2026-02-07 19:28:37,2026-02-08 17:07:24
CONT2026001807,2026-02-13 20:50:24,2026-02-16 20:12:24
CONT2026001808,2026-02-10 05:51:29,2026-02-16 19:00:01
CONT2026001809,2026-02-07 09:42:46,2026-02-17 05:20:02
CONT2026001810,2026-02-05 03:37:15,2026-02-16 22:17:48
CONT2026001811,2026-02-04 10:02:58,2026-02-04 20:22:52
CONT2026001812,2026-02-12 11:56:47,
CONT2026001813,2026-02-04 18:09:47,2026-02-05 14:47:26
CONT2026001814,2026-02-06 16:18:17,
CONT2026001815,2026-02-11 16:45:33,
CONT2026001816,2026-02-14 16:42:03,2026-02-15 11:09:01
CONT2026001817,2026-02-11 09:06:30,2026-02-11 20:13:44
CONT2026001818,2026-02-09 15:38:49,2026-02-10 09:17:15
CONT2026001819,2026-02-07 01:19:41,2026-02-17 01:09:57
CONT2026001820,2026-02-10 23:28:27,2026-02-11 15:30:13
CONT2026001821,2026-02-03 19:01:49,2026-02-17 06:08:46
CONT2026001822,2026-02-09 22:40:48,2026-02-17 11:29:39
CONT2026001823,2026-02-07 09:40:48,2026-02-17 17:42:23
CONT2026001824,2026-02-07 17:51:04,2026-02-17 08:47:17
CONT2026001825,2026-02-10 20:15:17,2026-02-17 01:43:12
CONT2026001826,2026-02-13 09:08:22,2026-02-14 08:07:28
CONT2026001827,2026-02-09 21:01:39,2026-02-11 00:48:17
CONT2026001828,2026-02-09 10:12:20,2026-02-17 01:44:45
CONT2026001829,2026-02-10 10:11:44,2026-02-17 17:07:33
CONT2026001830,2026-02-06 01:42:16,2026-02-16 23:44:35
CONT2026001831,2026-02-09 06:20:02,2026-02-17 00:44:21
CONT2026001832,2026-02-05 11:18:27,2026-02-06 05:01:28
CONT2026001833,2026-02-12 11:12:32,2026-02-12 18:52:42
CONT2026001834,2026-02-05 08:52:38,2026-02-17 09:06:56
CONT2026001835,2026-02-07 06:57:29,2026-02-07 18:10:43
CONT2026001836,2026-02-07 11:05:32,2026-02-16 23:36:38
CONT2026001837,2026-02-14 16:02:43,2026-02-15 12:47:04
CONT2026001838,2026-02-08 05:31:27,2026-02-09 05:16:17
CONT2026001839,2026-02-09 20:03:25,2026-02-10 00:24:32
CONT2026001840,2026-02-06 22:19:44,2026-02-17 13:07:32
CONT2026001841,2026-02-08 10:23:12,2026-02-17 14:40:34
CONT2026001842,2026-02-05 11:51:21,
CONT2026001843,2026-02-14 04:31:08,2026-02-18 18:22:26
CONT2026001844,2026-02-12 16:12:45,2026-02-18 21:28:58
CONT2026001845,2026-02-15 09:55:18,2026-02-18 07:31:16
CONT2026001846,2026-02-10 14:23:47,2026-02-18 03:38:05
CONT2026001847,2026-02-05 10:19:51,2026-02-18 21:41:44
CONT2026001848,2026-02-07 10:53:16,2026-02-07 20:05:00
CONT2026001849,2026-02-09 08:30:49,2026-02-18 07:00:08
CONT2026001850,2026-02-06 23:44:30,
CONT2026001851,2026-02-12 01:58:14,2026-02-13 02:19:47
CONT2026001852,2026-02-14 06:05:35,2026-02-18 06:10:23
CONT2026001853,2026-02-10 12:02:14,2026-02-11 07:11:38
CONT2026001854,2026-02-11 20:19:54,2026-02-18 10:21:21
CONT2026001855,2026-02-11 10:52:02,2026-02-18 01:17:06
CONT2026001856,2026-02-12 06:56:38,2026-02-17 15:25:31
CONT2026001857,2026-02-12 07:12:05,
CONT2026001858,2026-02-06 08:46:05,2026-02-17 15:56:29
CONT2026001859,2026-02-07 22:32:33,2026-02-08 06:59:47
CONT2026001860,2026-02-13 10:09:36,2026-02-14 03:01:33
CONT2026001861,2026-02-05 06:09:19,2026-02-06 10:40:28
CONT2026001862,2026-02-08 03:41:35,2026-02-08 21:34:10
CONT2026001863,2026-02-09 23:27:22,2026-02-17 22:05:10
CONT2026001864,2026-02-07 05:33:58,2026-02-18 12:29:45
CONT2026001865,2026-02-08 00:47:40,2026-02-18 05:10:34
CONT2026001866,2026-02-05 19:47:25,2026-02-18 07:18:37
CONT2026001867,2026-02-06 03:37:48,2026-02-18 08:26:03
CONT2026001868,2026-02-07 18:08:21,2026-02-18 16:20:57
CONT2026001869,2026-02-14 13:44:53,2026-02-18 18:14:55
CONT2026001870,2026-02-14 10:41:47,2026-02-16 01:53:52
CONT2026001871,2026-02-13 20:20:42,
CONT2026001872,2026-02-13 04:22:58,
CONT2026001873,2026-02-12 11:56:00,2026-02-19 15:53:00
CONT2026001874,2026-02-10 14:24:49,
CONT2026001875,2026-02-08 03:46:44,2026-02-18 01:58:27
CONT2026001876,2026-02-09 20:27:00,2026-02-10 19:00:14
CONT2026001877,2026-02-05 10:55:18,2026-02-06 00:16:50
CONT2026001878,2026-02-14 01:04:34,2026-02-17 18:20:54
CONT2026001879,2026-02-07 11:44:01,2026-02-18 21:16:35
CONT2026001880,2026-02-11 07:15:39,
CONT2026001881,2026-02-12 12:48:25,
CONT2026001882,2026-02-11 09:48:24,2026-02-19 13:20:21
CONT2026001883,2026-02-11 14:01:44,2026-02-12 04:40:04
CONT2026001884,2026-02-11 12:12:46,2026-02-18 18:44:13
CONT2026001885,2026-02-15 19:55:02,2026-02-16 15:55:57
CONT2026001886,2026-02-13 06:14:12,2026-02-14 08:53:52
CONT2026001887,2026-02-16 04:13:36,2026-02-17 04:28:40
CONT2026001888,2026-02-13 04:44:06,2026-02-13 23:31:51
CONT2026001889,2026-02-06 15:18:26,2026-02-07 14:28:50
CONT2026001890,2026-02-13 17:48:26,
CONT2026001891,2026-02-07 21:55:42,2026-02-18 16:50:30
CONT2026001892,2026-02-10 20:47:25,2026-02-19 03:00:37
CONT2026001893,2026-02-05 16:40:09,2026-02-18 20:35:26
CONT2026001894,2026-02-13 18:39:15,2026-02-19 08:22:33
CONT2026001895,2026-02-06 23:55:42,2026-02-19 07:47:06
CONT2026001896,2026-02-09 05:07:14,
CONT2026001897,2026-02-08 00:03:53,2026-02-08 04:37:36
CONT2026001898,2026-02-09 01:26:45,2026-02-10 03:38:26
CONT2026001899,2026-02-10 04:55:13,
CONT2026001900,2026-02-12 00:53:48,2026-02-12 17:41:32
CONT2026001901,2026-02-14 03:52:13,2026-02-18 20:27:15
CONT2026001902,2026-02-13 09:02:57,2026-02-19 22:22:00
CONT2026001903,2026-02-07 04:51:51,2026-02-19 00:12:35
CONT2026001904,2026-02-08 18:33:28,2026-02-09 18:06:39
CONT2026001905,2026-02-13 22:32:57,2026-02-18 20:32:18
CONT2026001906,2026-02-15 10:23:34,2026-02-19 21:36:29
CONT2026001907,2026-02-08 15:20:50,2026-02-19 06:45:32
CONT2026001908,2026-02-07 22:15:24,2026-02-08 16:05:25
CONT2026001909,2026-02-06 09:28:22,2026-02-19 07:51:43
CONT2026001910,2026-02-06 11:46:18,2026-02-18 23:25:27
CONT2026001911,2026-02-06 20:03:33,2026-02-19 06:30:56
CONT2026001912,2026-02-15 09:52:28,
CONT2026001913,2026-02-08 14:19:04,2026-02-20 01:01:54
CONT2026001914,2026-02-16 20:08:39,2026-02-19 19:36:03
CONT2026001915,2026-02-09 06:48:23,2026-02-19 05:57:10
CONT2026001916,2026-02-12 07:32:48,
CONT2026001917,2026-02-16 07:26:52,2026-02-17 00:05:20
CONT2026001918,2026-02-10 11:16:06,2026-02-11 07:13:07
CONT2026001919,2026-02-09 06:33:13,
CONT2026001920,2026-02-14 16:56:41,2026-02-19 05:45:17
CONT2026001921,2026-02-12 13:28:25,2026-02-19 23:29:43
CONT2026001922,2026-02-09 02:22:30,2026-02-10 10:02:05
CONT2026001923,2026-02-10 05:27:36,2026-02-10 20:13:07
CONT2026001924,2026-02-08 02:21:57,2026-02-09 10:51:14
CONT2026001925,2026-02-08 07:18:57,2026-02-19 08:33:41
CONT2026001926,2026-02-12 23:00:32,2026-02-19 20:44:35
CONT2026001927,2026-02-16 04:14:23,2026-02-17 00:13:17
CONT2026001928,2026-02-07 02:06:37,2026-02-19 07:43:46
CONT2026001929,2026-02-10 09:04:21,2026-02-19 17:02:17
CONT2026001930,2026-02-15 15:45:32,2026-02-16 17:52:27
CONT2026001931,2026-02-11 11:57:42,2026-02-12 22:47:20
CONT2026001932,2026-02-06 22:01:50,2026-02-19 08:10:05
CONT2026001933,2026-02-16 10:30:33,
CONT2026001934,2026-02-10 08:45:08,2026-02-11 03:58:32
CONT2026001935,2026-02-07 10:19:54,2026-02-19 23:08:29
CONT2026001936,2026-02-08 14:13:15,2026-02-19 13:43:48
CONT2026001937,2026-02-07 04:18:33,2026-02-19 12:51:24
CONT2026001938,2026-02-15 12:40:04,2026-02-20 10:17:49
CONT2026001939,2026-02-14 00:04:36,2026-02-14 18:03:26
CONT2026001940,2026-02-08 06:17:18,2026-02-09 07:24:22
CONT2026001941,2026-02-10 13:46:04,2026-02-20 14:07:10
CONT2026001942,2026-02-12 12:34:08,
CONT2026001943,2026-02-11 00:45:27,
CONT2026001944,2026-02-06 04:14:29,2026-02-07 11:25:16
CONT2026001945,2026-02-10 14:18:04,2026-02-10 18:18:04
CONT2026001946,2026-02-15 01:41:08,2026-02-20 07:20:26
CONT2026001947,2026-02-12 20:33:02,2026-02-14 02:59:07
CONT2026001948,2026-02-12 03:33:42,2026-02-19 07:57:25
CONT2026001949,2026-02-16 18:16:39,2026-02-17 18:35:02
CONT2026001950,2026-02-09 12:58:13,2026-02-10 19:39:09
CONT2026001951,2026-02-14 13:44:57,2026-02-20 21:27:24
CONT2026001952,2026-02-18 01:42:15,2026-02-19 01:52:45
CONT2026001953,2026-02-08 11:08:01,
CONT2026001954,2026-02-11 07:29:57,
CONT2026001955,2026-02-13 11:03:52,2026-02-14 11:08:03
CONT2026001956,2026-02-15 03:44:43,
CONT2026001957,2026-02-14 09:40:31,2026-02-20 18:53:02
CONT2026001958,2026-02-16 09:45:01,2026-02-17 03:39:08
CONT2026001959,2026-02-10 11:16:32,2026-02-20 06:52:23
CONT2026001960,2026-02-07 16:42:37,2026-02-08 01:31:37
CONT2026001961,2026-02-12 13:34:45,2026-02-12 23:26:29
CONT2026001962,2026-02-11 02:16:26,2026-02-11 23:07:17
CONT2026001963,2026-02-16 13:08:14,2026-02-17 03:09:14
CONT2026001964,2026-02-08 20:21:57,2026-02-21 09:33:55
CONT2026001965,2026-02-14 00:09:47,2026-02-14 04:09:47
CONT2026001966,2026-02-16 20:11:12,2026-02-17 01:22:52
CONT2026001967,2026-02-13 20:25:55,2026-02-21 11:48:47
CONT2026001968,2026-02-17 10:08:34,2026-02-18 22:28:35
CONT2026001969,2026-02-09 09:49:39,2026-02-20 19:04:42
CONT2026001970,2026-02-16 15:53:10,2026-02-21 07:49:36
CONT2026001971,2026-02-11 06:47:42,
CONT2026001972,2026-02-16 15:14:31,2026-02-17 12:57:28
CONT2026001973,2026-02-17 16:20:26,
CONT2026001974,2026-02-17 21:57:37,2026-02-20 10:52:38
CONT2026001975,2026-02-10 10:15:27,2026-02-22 06:46:44
CONT2026001976,2026-02-17 16:37:13,2026-02-18 20:00:29
CONT2026001977,2026-02-09 17:41:13,
CONT2026001978,2026-02-19 16:23:02,2026-02-22 20:58:06
CONT2026001979,2026-02-16 15:36:51,2026-02-18 00:53:17
CONT2026001980,2026-02-10 03:57:31,
CONT2026001981,2026-02-18 13:33:34,2026-02-19 18:15:16
CONT2026001982,2026-02-13 17:41:27,2026-02-22 16:52:03
CONT2026001983,2026-02-16 00:40:19,
CONT2026001984,2026-02-09 09:05:52,2026-02-22 22:55:23
CONT2026001985,2026-02-14 13:49:46,2026-02-23 11:29:10
CONT2026001986,2026-02-19 05:39:41,2026-02-22 16:59:40
CONT2026001987,2026-02-11 23:09:41,2026-02-22 17:51:09
CONT2026001988,2026-02-08 22:40:53,2026-02-22 08:44:53
CONT2026001989,2026-02-12 07:06:59,2026-02-13 09:56:15
CONT2026001990,2026-02-16 13:37:49,2026-02-16 21:31:20
CONT2026001991,2026-02-11 10:02:33,2026-02-23 11:17:23
CONT2026001992,2026-02-09 09:16:23,2026-02-23 08:35:51
CONT2026001993,2026-02-10 00:38:20,2026-02-23 09:59:38
CONT2026001994,2026-02-14 21:13:01,2026-02-23 07:41:15
CONT2026001995,2026-02-13 01:05:35,2026-02-13 09:22:34
CONT2026001996,2026-02-16 13:50:33,2026-02-23 03:25:09
CONT2026001997,2026-02-15 15:58:51,
CONT2026001998,2026-02-12 22:07:10,2026-02-13 20:41:22
CONT2026001999,2026-02-18 08:18:54,2026-02-19 06:15:57
CONT2026002000,2026-02-11 10:52:52,2026-02-22 21:38:27
CONT2026002001,2026-02-14 11:53:00,2026-02-15 14:21:19
CONT2026002002,2026-02-19 12:06:54,2026-02-23 15:07:28
CONT2026002003,2026-02-15 08:03:27,2026-02-23 13:40:10
CONT2026002004,2026-02-15 14:59:39,2026-02-16 03:53:27
CONT2026002005,2026-02-18 06:33:09,2026-02-19 00:03:18
CONT2026002006,2026-02-12 19:12:02,2026-02-22 23:34:48
CONT2026002007,2026-02-16 15:07:01,2026-02-17 09:11:47
CONT2026002008,2026-02-15 23:54:12,2026-02-22 13:55:20
CONT2026002009,2026-02-19 09:01:59,2026-02-23 03:25:26
CONT2026002010,2026-02-11 23:50:26,2026-02-13 14:05:36
CONT2026002011,2026-02-19 20:54:42,2026-02-23 07:05:13
CONT2026002012,2026-02-12 00:41:06,
CONT2026002013,2026-02-10 15:35:08,2026-02-23 07:13:00
CONT2026002014,2026-02-16 13:47:38,
CONT2026002015,2026-02-10 10:02:25,2026-02-10 23:03:18
CONT2026002016,2026-02-09 22:48:07,2026-02-23 19:16:59
CONT2026002017,2026-02-17 10:05:35,2026-02-18 00:57:57
CONT2026002018,2026-02-13 13:58:38,2026-02-14 15:12:32
CONT2026002019,2026-02-11 19:17:32,2026-02-12 22:25:22
CONT2026002020,2026-02-16 04:40:51,2026-02-24 00:31:42
CONT2026002021,2026-02-10 06:52:35,2026-02-23 14:44:05
CONT2026002022,2026-02-13 22:02:01,2026-02-23 09:13:23
CONT2026002023,2026-02-14 08:06:33,
CONT2026002024,2026-02-12 10:07:37,2026-02-13 19:52:33
CONT2026002025,2026-02-10 03:56:10,2026-02-23 16:20:35
CONT2026002026,2026-02-12 08:52:50,2026-02-13 02:23:42
CONT2026002027,2026-02-15 05:10:10,2026-02-15 13:45:04
CONT2026002028,2026-02-11 03:19:02,2026-02-24 04:09:47
CONT2026002029,2026-02-20 13:35:42,2026-02-25 00:28:57
CONT2026002030,2026-02-18 07:04:50,
CONT2026002031,2026-02-15 14:16:44,2026-02-16 04:54:22
CONT2026002032,2026-02-16 01:20:31,2026-02-16 22:13:00
CONT2026002033,2026-02-16 15:16:58,2026-02-17 19:04:55
CONT2026002034,2026-02-12 23:48:28,
CONT2026002035,2026-02-17 10:11:49,2026-02-18 12:11:28
CONT2026002036,2026-02-13 10:54:31,2026-02-24 03:16:06
CONT2026002037,2026-02-20 13:48:07,2026-02-24 07:09:34
CONT2026002038,2026-02-11 20:00:47,2026-02-25 09:08:03
CONT2026002039,2026-02-13 05:48:54,2026-02-14 06:19:57
CONT2026002040,2026-02-21 10:28:29,2026-02-24 02:01:54
CONT2026002041,2026-02-19 06:50:38,2026-02-24 03:19:10
CONT2026002042,2026-02-20 13:04:40,2026-02-24 01:10:30
CONT2026002043,2026-02-20 14:45:15,2026-02-21 13:00:29
CONT2026002044,2026-02-19 03:28:04,2026-02-19 17:06:21
CONT2026002045,2026-02-11 22:32:51,2026-02-24 00:31:06
CONT2026002046,2026-02-18 00:36:15,2026-02-20 00:18:38
CONT2026002047,2026-02-18 09:10:21,2026-02-24 04:04:25
CONT2026002048,2026-02-14 11:22:53,2026-02-23 22:57:07
CONT2026002049,2026-02-11 12:25:39,2026-02-24 16:55:55
CONT2026002050,2026-02-21 07:55:01,
CONT2026002051,2026-02-13 13:09:27,2026-02-25 18:55:53
CONT2026002052,2026-02-17 09:33:50,
CONT2026002053,2026-02-15 00:12:37,2026-02-25 00:27:02
CONT2026002054,2026-02-17 08:25:05,2026-02-18 16:09:05
CONT2026002055,2026-02-20 00:56:55,2026-02-20 15:40:01
CONT2026002056,2026-02-19 14:46:58,2026-02-21 03:51:03
CONT2026002057,2026-02-16 12:23:06,2026-02-25 14:49:58
CONT2026002058,2026-02-17 04:38:21,2026-02-26 02:43:21
CONT2026002059,2026-02-22 06:25:31,2026-02-25 16:47:28
CONT2026002060,2026-02-15 22:20:52,2026-02-16 08:51:09
CONT2026002061,2026-02-13 01:07:45,2026-02-14 04:51:52
CONT2026002062,2026-02-20 16:06:44,2026-02-25 19:56:56
CONT2026002063,2026-02-15 07:14:25,2026-02-15 20:14:00
CONT2026002064,2026-02-16 07:09:08,2026-02-16 11:09:08
CONT2026002065,2026-02-20 23:34:13,2026-02-21 03:34:13
CONT2026002066,2026-02-13 23:57:38,2026-02-25 09:23:02
CONT2026002067,2026-02-20 06:20:32,2026-02-25 20:37:07
CONT2026002068,2026-02-17 04:23:41,
CONT2026002069,2026-02-15 20:32:10,2026-02-16 16:58:24
CONT2026002070,2026-02-17 04:56:59,2026-02-17 12:08:28
CONT2026002071,2026-02-17 18:54:16,2026-02-19 00:56:08
CONT2026002072,2026-02-21 22:45:46,
CONT2026002073,2026-02-18 12:34:57,
CONT2026002074,2026-02-21 03:03:28,2026-02-22 03:14:01
CONT2026002075,2026-02-20 19:12:36,2026-02-25 11:09:06
CONT2026002076,2026-02-14 14:18:30,2026-02-15 08:41:22
CONT2026002077,2026-02-21 00:22:52,2026-02-26 16:09:08
CONT2026002078,2026-02-18 04:34:20,2026-02-25 08:58:15
CONT2026002079,2026-02-13 05:30:05,2026-02-14 02:25:39
CONT2026002080,2026-02-14 01:45:49,2026-02-15 00:33:45
CONT2026002081,2026-02-22 11:00:47,2026-02-26 05:20:15
CONT2026002082,2026-02-19 16:00:57,2026-02-20 15:10:49
CONT2026002083,2026-02-19 08:51:48,2026-02-26 23:33:11
CONT2026002084,2026-02-18 16:49:04,2026-02-19 14:56:54
CONT2026002085,2026-02-17 06:41:06,2026-02-18 09:32:28
CONT2026002086,2026-02-17 02:48:07,2026-02-26 04:48:41
CONT2026002087,2026-02-16 07:39:07,2026-02-17 08:07:10
CONT2026002088,2026-02-15 02:06:31,
CONT2026002089,2026-02-24 07:27:57,2026-02-26 08:55:18
CONT2026002090,2026-02-16 17:51:47,2026-02-17 17:38:58
CONT2026002091,2026-02-18 02:20:36,2026-02-27 03:40:32
CONT2026002092,2026-02-14 17:16:11,2026-02-27 09:15:10
CONT2026002093,2026-02-20 01:55:45,2026-02-26 14:53:29
CONT2026002094,2026-02-13 19:20:34,2026-02-27 01:54:50
CONT2026002095,2026-02-16 07:01:36,2026-02-17 19:37:20
CONT2026002096,2026-02-17 17:24:34,
CONT2026002097,2026-02-13 04:17:42,2026-02-14 18:59:57
CONT2026002098,2026-02-19 20:38:07,2026-02-20 13:16:34
CONT2026002099,2026-02-15 22:51:47,2026-02-26 02:35:50
CONT2026002100,2026-02-21 21:01:58,2026-02-26 21:44:43
CONT2026002101,2026-02-14 05:21:18,2026-02-15 07:03:16
CONT2026002102,2026-02-12 23:13:05,2026-02-26 10:52:16
CONT2026002103,2026-02-19 14:42:50,2026-02-26 10:23:53
CONT2026002104,2026-02-22 11:55:00,2026-02-23 07:41:00
CONT2026002105,2026-02-15 11:36:15,
CONT2026002106,2026-02-17 01:12:13,2026-02-17 19:48:05
CONT2026002107,2026-02-14 19:59:42,2026-02-27 12:13:40
CONT2026002108,2026-02-15 04:54:53,
CONT2026002109,2026-02-14 06:40:53,2026-02-15 02:55:54
CONT2026002110,2026-02-18 18:54:17,
CONT2026002111,2026-02-15 12:49:56,2026-02-16 07:29:05
CONT2026002112,2026-02-23 17:24:24,2026-02-25 02:03:17
CONT2026002113,2026-02-19 16:54:16,2026-02-26 15:12:24
CONT2026002114,2026-02-14 14:39:28,2026-02-15 18:11:33
CONT2026002115,2026-02-20 04:02:41,2026-02-26 12:04:00
CONT2026002116,2026-02-16 22:18:17,
CONT2026002117,2026-02-22 23:25:36,
CONT2026002118,2026-02-15 08:41:20,2026-02-16 05:43:09
CONT2026002119,2026-02-25 00:02:29,2026-02-25 11:20:15
CONT2026002120,2026-02-21 05:47:49,2026-02-22 01:23:16
CONT2026002121,2026-02-18 06:29:18,2026-02-19 03:25:44
CONT2026002122,2026-02-16 11:06:09,2026-03-01 05:23:55
CONT2026002123,2026-02-18 05:06:30,2026-02-28 11:12:18
CONT2026002124,2026-02-20 19:18:38,2026-02-21 11:11:44
CONT2026002125,2026-02-18 17:19:34,2026-02-28 08:14:17
CONT2026002126,2026-02-24 00:52:04,2026-02-25 02:36:41
CONT2026002127,2026-02-16 01:48:15,2026-02-28 17:13:42
CONT2026002128,2026-02-25 16:41:47,2026-02-26 12:11:25
CONT2026002129,2026-02-19 00:01:22,2026-02-19 12:51:41
CONT2026002130,2026-02-19 22:50:48,2026-02-21 04:00:22
CONT2026002131,2026-02-18 12:30:33,2026-02-19 09:20:09
CONT2026002132,2026-02-19 09:48:37,2026-02-20 02:20:53
CONT2026002133,2026-02-16 03:05:58,2026-02-16 17:41:57
CONT2026002134,2026-02-22 07:10:02,2026-02-22 18:50:56
CONT2026002135,2026-02-22 04:01:32,
CONT2026002136,2026-02-19 19:52:18,2026-02-20 18:02:28
CONT2026002137,2026-02-26 04:36:57,2026-02-27 06:23:12
CONT2026002138,2026-02-21 06:33:26,2026-02-28 19:41:40
CONT2026002139,2026-02-21 21:02:06,
CONT2026002140,2026-02-20 06:41:33,2026-03-01 11:27:52
CONT2026002141,2026-02-22 23:36:14,2026-02-24 08:02:44
CONT2026002142,2026-02-23 20:33:48,2026-02-24 20:21:31
CONT2026002143,2026-02-18 08:18:12,2026-02-18 21:44:55
CONT2026002144,2026-02-19 21:22:58,2026-03-01 12:07:28
CONT2026002145,2026-02-23 20:09:31,2026-02-28 06:36:41
CONT2026002146,2026-02-23 11:06:11,2026-02-24 10:49:37
CONT2026002147,2026-02-23 01:15:40,2026-03-01 00:50:47
CONT2026002148,2026-02-16 04:38:31,2026-02-16 20:18:32
CONT2026002149,2026-02-18 04:27:58,2026-02-18 19:27:13
CONT2026002150,2026-02-20 06:40:31,2026-02-21 06:09:28
CONT2026002151,2026-02-15 12:46:46,
CONT2026002152,2026-02-20 21:01:21,2026-03-01 02:46:42
CONT2026002153,2026-02-18 06:55:51,
CONT2026002154,2026-02-22 17:58:13,2026-03-01 08:51:36
CONT2026002155,2026-02-22 04:20:54,
CONT2026002156,2026-02-16 12:37:57,2026-02-17 17:49:40
CONT2026002157,2026-02-21 10:30:50,2026-02-22 12:12:09
CONT2026002158,2026-02-26 04:21:10,2026-03-01 15:16:02
CONT2026002159,2026-02-16 00:53:50,2026-03-02 15:02:58
CONT2026002160,2026-02-20 09:16:29,2026-03-01 23:35:42
CONT2026002161,2026-02-20 14:50:52,2026-02-21 10:45:59
CONT2026002162,2026-02-19 07:17:51,2026-02-19 19:12:32
CONT2026002163,2026-02-23 06:58:11,2026-02-24 14:24:25
CONT2026002164,2026-02-19 21:17:00,2026-02-20 20:10:03
CONT2026002165,2026-02-25 06:32:28,
CONT2026002166,2026-02-21 05:58:18,
CONT2026002167,2026-02-18 06:34:43,2026-03-01 07:45:13
CONT2026002168,2026-02-19 02:55:18,2026-03-01 22:29:43
CONT2026002169,2026-02-22 07:47:11,2026-03-01 03:43:32
CONT2026002170,2026-02-18 10:09:51,
CONT2026002171,2026-02-16 17:44:52,2026-03-01 12:18:53
CONT2026002172,2026-02-19 10:40:21,
CONT2026002173,2026-02-17 20:39:20,2026-03-02 04:43:11
CONT2026002174,2026-02-19 20:56:08,2026-02-21 00:02:51
CONT2026002175,2026-02-21 17:11:08,2026-02-22 08:19:18
CONT2026002176,2026-02-26 09:51:11,
CONT2026002177,2026-02-19 07:55:53,2026-02-20 10:09:43
CONT2026002178,2026-02-25 00:24:53,2026-03-01 23:23:35
CONT2026002179,2026-02-22 16:12:26,
CONT2026002180,2026-02-23 22:59:59,
CONT2026002181,2026-02-25 20:34:24,2026-03-01 20:57:34
CONT2026002182,2026-02-21 21:34:27,2026-02-22 12:23:22
CONT2026002183,2026-02-21 12:10:54,2026-02-22 06:09:36
CONT2026002184,2026-02-26 16:38:12,
CONT2026002185,2026-02-23 12:51:15,2026-02-24 04:15:14
CONT2026002186,2026-02-22 13:19:31,2026-03-03 14:06:21
CONT2026002187,2026-02-22 16:16:51,2026-03-03 04:20:06
CONT2026002188,2026-02-26 23:39:12,2026-02-27 20:51:45
CONT2026002189,2026-02-25 07:40:12,2026-03-02 12:50:42
CONT2026002190,2026-02-19 20:29:31,2026-03-02 23:17:48
CONT2026002191,2026-02-27 17:12:58,2026-03-03 05:00:12
CONT2026002192,2026-02-26 20:31:46,
CONT2026002193,2026-02-27 12:25:57,2026-03-02 19:28:59
CONT2026002194,2026-02-19 23:45:52,
CONT2026002195,2026-02-18 02:59:38,2026-03-02 09:17:17
CONT2026002196,2026-02-17 14:24:35,2026-02-18 11:11:10
CONT2026002197,2026-02-28 06:35:35,2026-03-01 02:19:12
CONT2026002198,2026-02-22 02:20:01,
CONT2026002199,2026-02-23 23:28:52,2026-03-04 00:23:22
CONT2026002200,2026-02-18 18:08:19,2026-02-19 07:30:46
CONT2026002201,2026-02-19 08:15:28,2026-03-03 15:02:42
CONT2026002202,2026-02-28 11:35:53,2026-03-01 10:15:55
CONT2026002203,2026-02-22 01:49:22,2026-02-22 19:13:47
CONT2026002204,2026-02-24 09:20:37,2026-03-03 12:36:13
CONT2026002205,2026-02-23 12:15:44,2026-03-03 01:57:11
CONT2026002206,2026-02-17 23:11:12,2026-02-18 19:21:47
CONT2026002207,2026-02-26 14:17:38,2026-03-03 13:17:29
CONT2026002208,2026-02-26 13:38:31,
CONT2026002209,2026-02-24 02:20:53,2026-02-25 10:47:48
CONT2026002210,2026-02-18 10:08:04,2026-02-19 08:56:46
CONT2026002211,2026-02-20 01:54:53,2026-03-04 00:03:59
CONT2026002212,2026-02-21 08:04:29,
CONT2026002213,2026-02-21 08:41:06,2026-03-03 02:21:21
CONT2026002214,2026-02-26 08:49:26,
CONT2026002215,2026-02-19 15:01:38,
CONT2026002216,2026-02-24 17:56:41,2026-03-04 05:47:36
CONT2026002217,2026-02-21 00:33:26,
CONT2026002218,2026-02-25 04:04:20,
CONT2026002219,2026-02-20 13:29:43,2026-02-21 22:15:10
CONT2026002220,2026-02-24 21:27:57,
CONT2026002221,2026-02-23 13:14:02,2026-03-03 21:48:52
CONT2026002222,2026-02-23 14:43:30,2026-03-04 08:02:35
CONT2026002223,2026-02-20 15:54:41,
CONT2026002224,2026-02-24 14:26:11,2026-02-24 20:36:02
CONT2026002225,2026-02-20 19:57:13,2026-03-03 11:37:08
CONT2026002226,2026-02-26 00:35:55,2026-02-26 14:24:48
CONT2026002227,2026-02-18 18:35:14,
CONT2026002228,2026-02-25 07:41:26,2026-03-04 14:22:03
CONT2026002229,2026-02-24 10:06:19,2026-02-25 14:12:13
CONT2026002230,2026-02-19 03:31:41,2026-02-20 18:11:37
CONT2026002231,2026-03-01 13:12:45,2026-03-04 00:41:26
CONT2026002232,2026-02-19 15:49:40,
CONT2026002233,2026-02-18 23:34:57,2026-02-19 16:06:45
CONT2026002234,2026-02-21 09:38:08,2026-02-21 22:30:15
CONT2026002235,2026-02-25 08:34:10,2026-03-04 17:49:28
CONT2026002236,2026-02-28 10:02:14,2026-03-01 00:42:22
CONT2026002237,2026-03-01 05:29:14,2026-03-02 06:19:40
CONT2026002238,2026-02-21 03:09:05,2026-03-04 13:09:15
CONT2026002239,2026-02-26 12:04:12,2026-03-04 00:12:31
CONT2026002240,2026-02-19 09:20:41,2026-03-04 02:53:32
CONT2026002241,2026-02-26 08:10:19,2026-03-05 11:37:03
CONT2026002242,2026-02-19 16:03:35,2026-03-04 03:25:25
CONT2026002243,2026-02-28 17:28:04,2026-03-03 18:58:11
CONT2026002244,2026-02-27 20:33:25,2026-03-04 18:58:38
CONT2026002245,2026-02-19 02:38:26,2026-02-20 05:18:18
CONT2026002246,2026-02-19 07:44:16,2026-03-04 12:42:15
CONT2026002247,2026-02-23 17:41:08,2026-03-03 16:15:28
CONT2026002248,2026-02-19 11:55:30,2026-02-21 04:11:35
CONT2026002249,2026-02-27 07:40:07,2026-03-04 03:26:16
CONT2026002250,2026-02-27 00:58:14,2026-03-04 15:16:40
CONT2026002251,2026-02-24 12:08:22,2026-02-25 03:26:54
CONT2026002252,2026-02-27 08:32:07,2026-02-28 15:07:56
CONT2026002253,2026-02-24 19:53:09,2026-02-25 22:29:06
CONT2026002254,2026-02-20 05:18:36,2026-02-20 14:36:25
CONT2026002255,2026-02-23 13:37:12,2026-02-24 17:17:36
CONT2026002256,2026-03-01 05:26:35,2026-03-04 20:47:38
CONT2026002257,2026-02-25 13:27:07,2026-03-05 10:08:36
CONT2026002258,2026-02-23 01:40:10,2026-03-05 06:48:45
CONT2026002259,2026-03-01 17:53:27,2026-03-04 18:16:55
CONT2026002260,2026-02-28 08:44:42,2026-03-01 09:56:30
CONT2026002261,2026-02-28 22:42:45,2026-03-01 22:29:41
CONT2026002262,2026-02-24 09:01:53,2026-02-25 08:54:40
CONT2026002263,2026-02-26 20:42:37,2026-03-06 06:14:06
CONT2026002264,2026-02-21 12:42:43,2026-02-22 06:03:46
CONT2026002265,2026-02-27 09:40:10,2026-02-28 14:16:18
CONT2026002266,2026-02-20 14:20:58,2026-03-05 16:38:37
CONT2026002267,2026-02-25 07:48:17,2026-03-06 01:33:38
CONT2026002268,2026-02-26 02:23:42,2026-02-26 16:10:16
CONT2026002269,2026-02-24 04:19:47,2026-03-05 15:38:48
CONT2026002270,2026-02-22 17:19:42,2026-02-23 19:04:57
CONT2026002271,2026-02-25 03:42:47,2026-02-26 08:23:00
CONT2026002272,2026-02-26 22:27:19,2026-02-28 01:58:04
CONT2026002273,2026-02-23 06:16:12,2026-03-05 00:36:17
CONT2026002274,2026-02-27 19:27:55,2026-02-28 15:12:37
CONT2026002275,2026-02-20 09:37:17,2026-03-06 19:31:04
CONT2026002276,2026-02-22 14:09:00,2026-03-05 09:39:24
CONT2026002277,2026-02-22 16:57:22,2026-03-05 11:17:51
CONT2026002278,2026-02-24 00:10:47,2026-02-25 03:51:09
CONT2026002279,2026-02-24 14:40:40,
CONT2026002280,2026-02-24 10:02:26,2026-02-25 04:51:38
CONT2026002281,2026-02-25 21:31:13,2026-02-26 21:07:27
CONT2026002282,2026-02-24 22:16:00,
CONT2026002283,2026-03-02 00:59:23,2026-03-05 06:32:31
CONT2026002284,2026-02-19 21:37:36,2026-03-05 17:34:34
CONT2026002285,2026-02-20 02:23:19,2026-03-05 17:46:57
CONT2026002286,2026-02-22 05:22:07,2026-02-23 02:14:08
CONT2026002287,2026-02-27 05:30:39,2026-03-05 14:34:45
CONT2026002288,2026-03-02 18:38:40,2026-03-03 03:10:30
CONT2026002289,2026-02-28 11:37:17,2026-03-05 12:05:01
CONT2026002290,2026-02-20 02:01:33,2026-02-21 05:29:51
CONT2026002291,2026-02-21 19:28:23,2026-02-22 17:41:28
CONT2026002292,2026-02-26 05:12:38,2026-02-26 22:06:29
CONT2026002293,2026-02-22 07:11:26,2026-02-23 07:06:33
CONT2026002294,2026-02-24 08:19:05,2026-03-05 00:04:36
CONT2026002295,2026-02-26 15:28:11,2026-02-27 04:50:54
CONT2026002296,2026-02-25 02:52:44,2026-02-25 21:35:43
CONT2026002297,2026-02-26 09:03:18,2026-02-26 13:03:18
CONT2026002298,2026-02-25 13:16:36,2026-03-05 07:00:05
CONT2026002299,2026-03-01 09:58:57,2026-03-05 11:58:21
CONT2026002300,2026-02-25 05:23:00,2026-02-25 11:57:47
CONT2026002301,2026-02-28 21:59:12,2026-03-02 08:54:58
CONT2026002302,2026-03-02 17:45:46,2026-03-03 20:46:56
CONT2026002303,2026-02-21 02:07:14,2026-03-05 17:06:38
CONT2026002304,2026-02-25 11:56:59,2026-03-05 16:44:04
CONT2026002305,2026-02-26 02:06:42,2026-03-06 03:56:18
CONT2026002306,2026-02-20 06:25:57,2026-03-05 07:39:47
CONT2026002307,2026-02-25 11:14:43,2026-02-26 19:11:12
CONT2026002308,2026-02-28 10:56:26,
CONT2026002309,2026-02-25 22:03:44,2026-03-05 19:31:49
CONT2026002310,2026-02-26 17:34:55,2026-02-27 22:32:19
CONT2026002311,2026-02-26 07:55:37,2026-02-27 03:07:13
CONT2026002312,2026-02-21 05:38:02,2026-02-22 02:09:07
CONT2026002313,2026-02-26 20:56:37,2026-02-27 06:20:43
CONT2026002314,2026-03-01 04:23:07,2026-03-01 12:00:12
CONT2026002315,2026-03-01 11:38:17,2026-03-05 21:04:02
CONT2026002316,2026-02-20 21:04:20,2026-03-05 20:15:52
CONT2026002317,2026-02-22 16:50:46,2026-03-05 15:36:09
CONT2026002318,2026-02-23 12:12:35,
CONT2026002319,2026-02-28 10:25:44,2026-03-01 09:34:39
CONT2026002320,2026-02-21 02:46:45,2026-03-05 21:18:36
CONT2026002321,2026-02-28 11:02:46,2026-03-01 08:56:55
CONT2026002322,2026-02-22 13:46:33,2026-03-06 12:15:16
CONT2026002323,2026-02-28 22:32:03,2026-03-01 21:28:32
CONT2026002324,2026-02-22 16:23:19,2026-02-23 14:29:48
CONT2026002325,2026-02-21 15:33:21,
CONT2026002326,2026-02-21 02:31:51,2026-02-21 22:52:08
CONT2026002327,2026-02-24 02:05:42,
CONT2026002328,2026-02-25 14:23:24,2026-02-26 14:03:59
CONT2026002329,2026-02-21 08:58:36,2026-02-21 23:18:42
CONT2026002330,2026-02-24 06:13:17,2026-03-07 00:12:55
CONT2026002331,2026-02-27 20:20:59,2026-02-28 14:56:26
CONT2026002332,2026-02-28 10:20:22,
CONT2026002333,2026-02-22 12:19:18,
CONT2026002334,2026-02-24 19:17:56,
CONT2026002335,2026-03-03 22:20:26,
CONT2026002336,2026-02-22 21:16:33,2026-03-07 08:01:30
CONT2026002337,2026-02-24 03:50:10,2026-02-25 01:42:26
CONT2026002338,2026-02-23 18:40:33,2026-02-25 00:18:08
CONT2026002339,2026-03-01 19:54:54,2026-03-02 16:51:14
CONT2026002340,2026-02-27 00:02:04,
CONT2026002341,2026-02-27 07:48:51,
CONT2026002342,2026-03-04 17:19:26,2026-03-06 17:58:06
CONT2026002343,2026-02-24 21:18:50,2026-03-06 16:52:38
CONT2026002344,2026-02-22 09:22:28,
CONT2026002345,2026-02-22 04:06:32,2026-02-22 23:15:05
CONT2026002346,2026-03-03 11:06:00,2026-03-06 18:21:54
CONT2026002347,2026-02-24 07:14:31,2026-02-24 21:12:39
CONT2026002348,2026-02-23 15:00:29,2026-03-07 16:24:09
CONT2026002349,2026-02-24 17:07:25,
CONT2026002350,2026-03-03 03:40:33,2026-03-03 16:45:53
CONT2026002351,2026-02-25 09:26:40,2026-02-26 19:48:27
CONT2026002352,2026-02-26 02:31:42,2026-03-08 11:21:54
CONT2026002353,2026-03-01 04:35:42,
CONT2026002354,2026-02-26 10:55:09,2026-03-08 05:46:22
CONT2026002355,2026-03-01 14:52:27,
CONT2026002356,2026-03-04 13:41:19,2026-03-05 09:04:05
CONT2026002357,2026-02-28 16:23:27,2026-03-07 23:22:14
CONT2026002358,2026-03-03 05:56:42,
CONT2026002359,2026-02-24 13:54:22,2026-02-25 01:32:09
CONT2026002360,2026-03-02 09:28:21,
CONT2026002361,2026-03-04 00:54:04,2026-03-08 14:32:04
CONT2026002362,2026-02-22 14:21:55,2026-03-07 05:37:45
CONT2026002363,2026-02-26 23:13:05,
CONT2026002364,2026-02-24 19:13:42,2026-02-25 10:14:10
CONT2026002365,2026-03-01 15:40:31,
CONT2026002366,2026-03-02 12:35:08,
CONT2026002367,2026-03-01 01:22:35,
CONT2026002368,2026-03-03 16:33:06,2026-03-06 21:02:29
CONT2026002369,2026-03-02 17:49:02,2026-03-03 09:02:05
CONT2026002370,2026-03-02 06:08:13,2026-03-08 01:55:46
CONT2026002371,2026-03-04 00:09:29,2026-03-04 15:49:43
CONT2026002372,2026-03-03 16:51:08,2026-03-07 18:15:54
CONT2026002373,2026-02-28 14:20:55,2026-03-06 19:34:55
CONT2026002374,2026-02-24 23:00:17,2026-03-06 22:21:20
CONT2026002375,2026-03-03 15:52:12,2026-03-08 06:37:44
CONT2026002376,2026-03-05 08:07:22,2026-03-07 07:09:53
CONT2026002377,2026-02-26 23:31:35,2026-03-08 01:38:22
CONT2026002378,2026-02-26 03:45:12,2026-03-07 12:48:50
CONT2026002379,2026-02-24 10:09:27,2026-02-25 16:48:20
CONT2026002380,2026-03-04 00:49:55,2026-03-08 01:26:51
CONT2026002381,2026-02-26 07:51:20,2026-03-07 21:10:06
CONT2026002382,2026-03-01 22:20:45,2026-03-03 03:35:47
CONT2026002383,2026-02-24 21:36:26,2026-02-25 07:40:11
CONT2026002384,2026-03-02 07:08:06,2026-03-03 01:35:26
CONT2026002385,2026-02-24 03:04:32,2026-02-24 07:04:32
CONT2026002386,2026-02-23 13:03:09,2026-02-23 21:26:26
CONT2026002387,2026-03-01 20:16:57,
CONT2026002388,2026-03-02 12:43:24,2026-03-07 01:56:05
CONT2026002389,2026-02-26 07:22:45,2026-03-08 07:31:22
CONT2026002390,2026-03-05 02:34:58,2026-03-07 15:49:45
CONT2026002391,2026-03-04 19:57:28,2026-03-06 22:02:32
CONT2026002392,2026-03-03 05:32:47,2026-03-04 00:03:42
CONT2026002393,2026-02-27 18:47:03,2026-02-28 08:52:29
CONT2026002394,2026-02-23 16:31:07,
CONT2026002395,2026-02-23 06:37:54,2026-03-08 01:11:51
CONT2026002396,2026-02-27 05:57:13,
CONT2026002397,2026-02-23 07:15:37,
CONT2026002398,2026-02-24 07:16:11,2026-03-07 23:10:01
CONT2026002399,2026-02-28 01:47:42,2026-03-08 11:11:32
CONT2026002400,2026-03-04 02:29:25,2026-03-04 11:38:02
CONT2026002401,2026-03-03 10:23:28,2026-03-04 09:24:00
CONT2026002402,2026-02-28 18:01:21,2026-03-01 08:26:27
CONT2026002403,2026-02-26 08:25:13,2026-02-26 12:25:13
CONT2026002404,2026-02-25 13:04:50,2026-02-26 16:23:40
CONT2026002405,2026-02-27 16:03:47,2026-02-28 20:03:24
CONT2026002406,2026-03-05 08:49:15,2026-03-06 07:14:33
CONT2026002407,2026-02-22 19:27:39,2026-02-23 01:39:52
CONT2026002408,2026-03-02 03:06:08,2026-03-07 18:58:32
CONT2026002409,2026-03-01 17:20:02,2026-03-02 17:50:06
CONT2026002410,2026-02-28 03:56:52,2026-03-08 10:29:03
CONT2026002411,2026-02-24 22:29:34,
CONT2026002412,2026-03-03 03:24:44,2026-03-03 17:58:04
CONT2026002413,2026-02-25 21:25:18,
CONT2026002414,2026-03-04 05:31:00,
CONT2026002415,2026-03-02 00:34:00,2026-03-08 14:31:31
CONT2026002416,2026-03-05 08:58:29,
CONT2026002417,2026-02-26 18:06:39,2026-03-09 16:01:43
CONT2026002418,2026-03-06 13:06:20,2026-03-07 10:53:22
CONT2026002419,2026-03-01 01:00:22,2026-03-02 12:50:41
CONT2026002420,2026-02-25 14:00:14,2026-02-26 01:18:31
CONT2026002421,2026-02-24 10:37:10,2026-02-25 19:26:55
CONT2026002422,2026-03-01 05:29:38,2026-03-08 11:45:11
CONT2026002423,2026-02-26 14:13:34,2026-03-09 05:45:34
CONT2026002424,2026-03-04 00:06:10,2026-03-08 09:19:27
CONT2026002425,2026-02-25 07:17:55,2026-02-25 11:17:55
CONT2026002426,2026-03-05 16:59:29,2026-03-06 06:50:42
CONT2026002427,2026-02-26 14:12:02,2026-03-09 17:56:17
CONT2026002428,2026-02-25 06:18:46,2026-03-09 20:53:50
CONT2026002429,2026-03-01 15:53:12,2026-03-02 04:51:36
CONT2026002430,2026-03-04 20:25:12,
CONT2026002431,2026-03-05 16:28:34,2026-03-06 16:44:31
CONT2026002432,2026-03-03 04:03:40,
CONT2026002433,2026-02-25 12:23:31,2026-03-09 01:20:57
CONT2026002434,2026-02-25 10:36:11,2026-02-26 09:19:49
CONT2026002435,2026-02-24 06:54:41,2026-03-09 10:45:42
CONT2026002436,2026-02-25 06:18:16,
CONT2026002437,2026-03-05 13:28:00,2026-03-08 22:54:32
CONT2026002438,2026-02-24 21:26:37,2026-02-25 09:20:55
CONT2026002439,2026-03-04 22:07:53,2026-03-05 11:03:24
CONT2026002440,2026-03-03 01:55:33,
CONT2026002441,2026-03-04 21:34:15,2026-03-08 12:46:49
CONT2026002442,2026-03-02 21:06:42,2026-03-08 22:37:39
CONT2026002443,2026-02-28 00:15:20,2026-03-09 20:38:24
CONT2026002444,2026-03-04 16:52:03,2026-03-09 17:00:33
CONT2026002445,2026-02-24 01:12:35,2026-02-24 10:00:00
CONT2026002446,2026-02-24 02:44:02,2026-03-08 21:15:59
CONT2026002447,2026-02-24 17:13:16,
CONT2026002448,2026-03-03 20:52:59,2026-03-04 04:46:04
CONT2026002449,2026-02-23 21:27:01,2026-03-09 15:42:18
CONT2026002450,2026-02-23 20:17:56,2026-03-08 19:00:16
CONT2026002451,2026-02-25 07:47:48,2026-02-26 07:35:00
CONT2026002452,2026-03-06 11:00:57,2026-03-07 04:16:54
CONT2026002453,2026-02-27 17:23:58,
CONT2026002454,2026-02-24 06:55:11,2026-03-09 06:05:07
CONT2026002455,2026-03-03 20:59:54,2026-03-04 22:00:13
CONT2026002456,2026-03-02 03:49:35,2026-03-09 03:49:49
CONT2026002457,2026-03-05 21:37:46,2026-03-06 12:34:54
CONT2026002458,2026-02-27 04:38:52,2026-02-27 19:52:33
CONT2026002459,2026-03-02 00:00:58,2026-03-09 04:29:09
CONT2026002460,2026-03-05 08:32:05,2026-03-06 12:27:05
CONT2026002461,2026-03-05 16:12:07,2026-03-06 03:54:03
CONT2026002462,2026-02-27 14:33:11,2026-02-28 07:16:29
CONT2026002463,2026-03-01 10:04:24,2026-03-09 04:12:55
CONT2026002464,2026-02-26 04:40:38,2026-03-09 01:31:05
CONT2026002465,2026-02-26 14:05:56,
CONT2026002466,2026-02-27 03:15:57,
CONT2026002467,2026-03-03 03:48:30,2026-03-03 07:48:30
CONT2026002468,2026-02-26 20:19:58,2026-03-09 06:51:47
CONT2026002469,2026-02-25 01:32:53,2026-02-26 18:03:02
CONT2026002470,2026-03-04 18:54:01,2026-03-05 16:32:50
CONT2026002471,2026-03-03 05:15:20,2026-03-09 04:28:29
CONT2026002472,2026-03-05 12:30:28,2026-03-09 07:48:03
CONT2026002473,2026-02-24 06:10:36,2026-02-25 09:24:24
CONT2026002474,2026-03-01 11:26:34,2026-03-09 19:26:38
CONT2026002475,2026-02-24 07:34:30,2026-03-09 15:36:32
CONT2026002476,2026-03-04 11:38:01,2026-03-09 10:34:40
CONT2026002477,2026-03-04 14:11:23,
CONT2026002478,2026-03-01 12:15:54,2026-03-09 15:22:31
CONT2026002479,2026-03-05 10:01:08,
CONT2026002480,2026-03-04 03:13:55,2026-03-08 17:09:11
CONT2026002481,2026-02-24 08:55:50,2026-03-09 23:23:47
CONT2026002482,2026-03-03 01:50:16,
CONT2026002483,2026-03-01 18:49:45,2026-03-03 05:25:42
CONT2026002484,2026-03-06 02:02:34,2026-03-09 07:30:14
CONT2026002485,2026-02-26 22:18:34,2026-03-08 21:38:23
CONT2026002486,2026-02-24 08:06:01,
CONT2026002487,2026-02-25 07:50:18,2026-02-25 11:50:18
CONT2026002488,2026-02-27 06:36:03,2026-02-28 06:25:02
CONT2026002489,2026-02-27 09:42:43,2026-02-28 17:38:47
CONT2026002490,2026-03-02 03:41:31,2026-03-02 19:50:58
CONT2026002491,2026-03-02 04:32:07,
CONT2026002492,2026-02-24 21:25:23,2026-02-25 13:11:24
CONT2026002493,2026-03-03 12:34:19,2026-03-04 09:15:26
CONT2026002494,2026-02-27 16:25:55,2026-03-09 18:32:44
CONT2026002495,2026-03-03 21:25:02,
CONT2026002496,2026-03-05 06:19:17,2026-03-09 16:50:54
CONT2026002497,2026-03-05 14:05:18,
CONT2026002498,2026-03-01 07:02:24,
CONT2026002499,2026-02-27 07:48:01,2026-03-09 16:43:56
CONT2026002500,2026-03-05 16:57:19,2026-03-06 02:14:05
CONT2026002501,2026-03-06 05:31:28,
CONT2026002502,2026-03-04 15:36:19,2026-03-05 09:44:57
CONT2026002503,2026-02-27 05:41:44,2026-03-08 23:23:42
CONT2026002504,2026-02-26 09:29:28,2026-03-09 18:55:15
CONT2026002505,2026-03-01 07:21:06,
CONT2026002506,2026-03-06 17:49:42,2026-03-07 20:08:48
CONT2026002507,2026-03-06 09:57:16,2026-03-10 10:30:36
CONT2026002508,2026-03-04 14:53:14,2026-03-05 03:53:51
CONT2026002509,2026-02-27 23:26:24,2026-03-01 05:35:49
CONT2026002510,2026-03-01 05:04:33,2026-03-09 23:41:16
CONT2026002511,2026-02-28 04:46:09,2026-03-01 21:39:33
CONT2026002512,2026-03-04 07:55:26,2026-03-04 23:08:03
CONT2026002513,2026-02-27 02:47:36,2026-02-27 15:55:03
CONT2026002514,2026-03-03 12:25:41,2026-03-04 06:45:19
CONT2026002515,2026-03-01 20:59:39,2026-03-09 07:20:11
CONT2026002516,2026-02-25 16:02:38,2026-02-26 21:31:30
CONT2026002517,2026-03-02 12:44:48,
CONT2026002518,2026-03-05 09:15:08,2026-03-05 21:40:01
CONT2026002519,2026-02-27 23:28:34,2026-02-28 17:17:53
CONT2026002520,2026-03-01 14:33:19,2026-03-10 07:25:34
CONT2026002521,2026-03-02 03:31:49,
CONT2026002522,2026-02-24 17:03:57,
CONT2026002523,2026-02-28 15:14:09,2026-03-10 00:08:24
CONT2026002524,2026-02-28 13:29:37,2026-03-09 22:21:12
CONT2026002525,2026-03-03 18:58:10,2026-03-09 13:04:10
CONT2026002526,2026-03-01 05:27:06,2026-03-10 14:32:00
CONT2026002527,2026-03-05 11:53:55,2026-03-05 22:59:56
CONT2026002528,2026-03-05 06:10:41,2026-03-05 13:42:07
CONT2026002529,2026-03-06 03:33:13,2026-03-07 01:23:19
CONT2026002530,2026-03-02 08:10:11,2026-03-03 21:52:19
CONT2026002531,2026-02-26 12:32:03,2026-02-27 06:43:20
CONT2026002532,2026-03-04 21:07:58,2026-03-05 20:54:47
CONT2026002533,2026-03-01 16:44:51,2026-03-10 07:24:53
CONT2026002534,2026-02-26 08:48:28,2026-02-27 05:12:15
CONT2026002535,2026-03-03 04:45:00,
CONT2026002536,2026-03-04 03:21:17,2026-03-05 00:35:33
CONT2026002537,2026-03-05 16:05:18,
CONT2026002538,2026-03-01 17:28:03,
CONT2026002539,2026-03-03 09:47:50,2026-03-04 11:43:53
CONT2026002540,2026-02-28 10:35:52,2026-03-01 11:18:59
CONT2026002541,2026-03-04 23:18:38,
CONT2026002542,2026-02-27 22:33:52,2026-02-28 16:46:41
CONT2026002543,2026-03-06 13:51:10,2026-03-07 19:24:05
CONT2026002544,2026-03-07 01:47:11,2026-03-11 19:07:40
CONT2026002545,2026-02-26 07:45:36,2026-02-26 23:00:12
CONT2026002546,2026-03-06 04:57:13,2026-03-11 06:45:48
CONT2026002547,2026-03-03 14:04:07,2026-03-04 05:04:27
CONT2026002548,2026-03-01 05:43:28,2026-03-11 10:19:53
CONT2026002549,2026-03-06 20:04:44,2026-03-10 18:37:48
CONT2026002550,2026-02-27 18:42:16,2026-02-28 03:12:03
CONT2026002551,2026-03-06 06:04:56,
CONT2026002552,2026-03-05 00:10:56,2026-03-06 02:22:03
CONT2026002553,2026-03-07 00:28:35,
CONT2026002554,2026-03-02 15:17:51,2026-03-03 17:14:21
CONT2026002555,2026-03-03 02:24:07,2026-03-03 14:20:39
CONT2026002556,2026-03-03 06:43:29,2026-03-11 17:42:18
CONT2026002557,2026-03-04 03:40:55,2026-03-04 19:53:50
CONT2026002558,2026-03-04 18:57:45,2026-03-05 10:51:34
CONT2026002559,2026-03-04 08:32:16,2026-03-05 18:28:58
CONT2026002560,2026-02-26 07:59:13,2026-03-11 10:49:00
CONT2026002561,2026-03-04 23:03:28,2026-03-06 00:10:11
CONT2026002562,2026-03-08 07:00:39,2026-03-09 01:27:06
CONT2026002563,2026-03-05 08:40:13,
CONT2026002564,2026-02-27 03:19:40,2026-03-10 22:56:53
CONT2026002565,2026-03-03 16:29:15,2026-03-10 23:59:19
CONT2026002566,2026-03-03 07:23:25,2026-03-11 00:06:30
CONT2026002567,2026-03-05 10:48:21,2026-03-06 09:34:16
CONT2026002568,2026-03-01 20:37:33,2026-03-02 03:59:29
CONT2026002569,2026-03-07 21:48:49,
CONT2026002570,2026-03-02 03:09:11,2026-03-02 15:27:04
CONT2026002571,2026-02-28 09:30:16,2026-02-28 14:58:55
CONT2026002572,2026-02-26 00:26:18,2026-02-26 20:13:08
CONT2026002573,2026-03-01 16:37:43,
CONT2026002574,2026-02-27 02:25:04,2026-03-12 13:01:04
CONT2026002575,2026-02-25 17:58:31,
CONT2026002576,2026-02-27 23:41:28,2026-03-10 10:46:35
CONT2026002577,2026-02-28 19:29:27,2026-03-01 19:55:25
CONT2026002578,2026-03-07 12:24:19,2026-03-08 08:02:56
CONT2026002579,2026-03-05 06:34:34,2026-03-06 00:22:16
CONT2026002580,2026-03-06 17:49:10,2026-03-11 05:01:15
CONT2026002581,2026-02-27 09:38:48,2026-03-11 16:32:42
CONT2026002582,2026-03-06 16:06:00,2026-03-11 12:13:26
CONT2026002583,2026-02-28 18:57:17,2026-03-11 11:55:37
CONT2026002584,2026-03-07 08:48:48,2026-03-11 04:43:44
CONT2026002585,2026-03-02 09:11:39,2026-03-03 01:27:34
CONT2026002586,2026-02-25 19:33:00,2026-02-27 00:41:03
CONT2026002587,2026-03-05 01:37:36,2026-03-11 00:25:43
CONT2026002588,2026-03-03 22:28:35,2026-03-11 09:19:44
CONT2026002589,2026-03-02 08:30:39,2026-03-03 06:32:31
CONT2026002590,2026-03-02 21:36:27,2026-03-11 19:11:17
CONT2026002591,2026-03-02 12:35:29,2026-03-10 13:27:30
CONT2026002592,2026-03-02 13:17:35,2026-03-03 08:39:11
CONT2026002593,2026-03-02 02:37:03,2026-03-10 06:56:54
CONT2026002594,2026-03-06 04:56:21,2026-03-11 02:03:41
CONT2026002595,2026-03-05 04:45:20,2026-03-11 17:23:53
CONT2026002596,2026-02-26 18:43:54,2026-03-11 02:48:08
CONT2026002597,2026-02-25 17:11:22,2026-03-11 19:51:31
CONT2026002598,2026-02-28 03:09:52,2026-03-11 10:23:04
CONT2026002599,2026-03-07 02:43:33,2026-03-11 10:56:41
CONT2026002600,2026-03-05 23:52:25,2026-03-06 13:20:04
CONT2026002601,2026-02-26 07:27:27,
CONT2026002602,2026-03-05 10:32:21,2026-03-06 10:03:13
CONT2026002603,2026-02-27 22:55:01,2026-02-28 16:07:30
CONT2026002604,2026-03-01 12:42:00,2026-03-11 07:15:27
CONT2026002605,2026-02-28 19:41:32,2026-03-01 15:31:24
CONT2026002606,2026-03-06 00:03:47,
CONT2026002607,2026-02-28 16:01:02,2026-03-10 23:23:06
CONT2026002608,2026-03-08 14:16:59,2026-03-09 06:13:47
CONT2026002609,2026-03-04 09:46:07,
CONT2026002610,2026-03-04 02:15:55,2026-03-10 22:17:38
CONT2026002611,2026-03-08 02:55:00,2026-03-11 23:46:40
CONT2026002612,2026-03-03 00:14:43,2026-03-03 16:24:16
CONT2026002613,2026-03-01 04:51:52,2026-03-11 09:24:29
CONT2026002614,2026-03-01 23:54:56,2026-03-02 18:37:24
CONT2026002615,2026-03-04 03:35:24,2026-03-12 06:44:35
CONT2026002616,2026-02-28 22:23:07,2026-03-01 14:29:20
CONT2026002617,2026-02-27 19:49:40,2026-03-11 17:55:52
CONT2026002618,2026-03-04 07:39:07,2026-03-04 16:55:29
CONT2026002619,2026-03-01 13:28:58,2026-03-11 18:00:32
CONT2026002620,2026-02-27 02:29:00,2026-02-27 19:04:53
CONT2026002621,2026-03-02 00:52:24,2026-03-03 16:21:28
CONT2026002622,2026-02-26 17:02:00,2026-03-11 07:17:03
CONT2026002623,2026-03-01 20:17:28,
CONT2026002624,2026-03-06 12:03:21,2026-03-12 19:41:14
CONT2026002625,2026-02-28 23:49:33,2026-03-11 22:12:32
CONT2026002626,2026-02-27 01:45:58,
CONT2026002627,2026-03-02 03:54:04,2026-03-12 07:50:35
CONT2026002628,2026-02-26 23:18:50,2026-03-12 14:50:52
CONT2026002629,2026-02-27 07:38:08,2026-03-12 10:39:42
CONT2026002630,2026-02-28 10:15:15,2026-03-12 14:07:54
CONT2026002631,2026-03-01 02:25:32,
CONT2026002632,2026-03-06 18:04:24,2026-03-12 14:27:22
CONT2026002633,2026-03-03 11:28:54,2026-03-04 09:51:48
CONT2026002634,2026-03-07 00:17:24,2026-03-12 03:27:23
CONT2026002635,2026-03-04 11:05:43,2026-03-12 01:23:09
CONT2026002636,2026-03-06 06:07:48,2026-03-12 21:23:41
CONT2026002637,2026-03-09 08:11:50,2026-03-10 01:52:12
CONT2026002638,2026-03-05 23:35:17,
CONT2026002639,2026-03-07 03:16:26,2026-03-12 19:05:43
CONT2026002640,2026-03-01 07:54:27,2026-03-12 13:29:10
CONT2026002641,2026-03-04 16:56:19,2026-03-12 17:05:37
CONT2026002642,2026-03-06 16:34:17,2026-03-11 15:20:10
CONT2026002643,2026-03-04 15:03:07,
CONT2026002644,2026-03-01 19:42:39,
CONT2026002645,2026-03-04 01:14:10,2026-03-04 21:31:12
CONT2026002646,2026-03-08 08:27:43,2026-03-09 04:02:22
CONT2026002647,2026-03-06 00:27:26,2026-03-12 06:32:59
CONT2026002648,2026-03-09 07:02:50,2026-03-11 15:33:09
CONT2026002649,2026-03-01 07:02:29,2026-03-01 15:23:40
CONT2026002650,2026-02-27 07:57:13,2026-02-27 23:34:07
CONT2026002651,2026-03-09 20:50:21,2026-03-12 04:27:19
CONT2026002652,2026-03-07 00:05:56,2026-03-07 18:05:10
CONT2026002653,2026-03-08 22:19:48,
CONT2026002654,2026-03-09 13:17:10,2026-03-10 23:29:07
CONT2026002655,2026-03-05 00:08:44,2026-03-06 01:17:20
CONT2026002656,2026-03-01 10:50:24,2026-03-02 18:01:45
CONT2026002657,2026-03-07 16:18:44,2026-03-13 20:50:44
CONT2026002658,2026-02-27 12:07:34,2026-03-11 11:49:02
CONT2026002659,2026-02-27 03:13:26,2026-02-27 14:43:34
CONT2026002660,2026-03-07 05:17:55,
CONT2026002661,2026-02-27 15:39:37,2026-03-12 11:07:09
CONT2026002662,2026-02-27 12:50:59,2026-03-12 13:03:38
CONT2026002663,2026-03-06 01:21:53,2026-03-07 14:27:03
CONT2026002664,2026-02-27 22:58:41,
CONT2026002665,2026-03-03 23:19:29,2026-03-12 23:55:37
CONT2026002666,2026-03-04 17:14:03,
CONT2026002667,2026-03-05 05:54:00,2026-03-06 14:38:51
CONT2026002668,2026-03-05 13:26:46,2026-03-06 13:51:06
CONT2026002669,2026-02-27 23:24:46,2026-03-01 00:51:53
CONT2026002670,2026-03-05 22:12:43,2026-03-12 05:31:08
CONT2026002671,2026-02-28 23:40:28,2026-03-12 15:05:54
CONT2026002672,2026-03-03 06:37:02,2026-03-12 13:23:02
CONT2026002673,2026-03-01 12:49:36,
CONT2026002674,2026-02-28 10:23:33,2026-03-13 04:21:24
CONT2026002675,2026-02-27 14:57:47,2026-02-28 16:30:27
CONT2026002676,2026-03-01 19:06:38,2026-03-12 07:58:41
CONT2026002677,2026-02-27 15:12:35,2026-02-28 05:21:50
CONT2026002678,2026-02-27 11:13:46,2026-03-12 20:05:52
CONT2026002679,2026-02-27 12:06:05,2026-03-12 15:50:23
CONT2026002680,2026-03-05 14:22:56,2026-03-13 00:19:00
CONT2026002681,2026-03-01 03:39:47,2026-03-02 07:26:37
CONT2026002682,2026-03-06 05:23:38,2026-03-07 04:49:24
CONT2026002683,2026-03-02 16:30:11,2026-03-02 23:26:35
CONT2026002684,2026-03-04 16:41:20,2026-03-13 01:27:54
CONT2026002685,2026-03-06 08:48:42,2026-03-07 18:47:25
CONT2026002686,2026-03-04 01:41:12,
CONT2026002687,2026-03-02 07:33:00,
CONT2026002688,2026-03-08 04:07:15,2026-03-12 23:06:12
CONT2026002689,2026-03-04 03:25:24,2026-03-13 04:05:41
CONT2026002690,2026-03-03 06:18:15,
CONT2026002691,2026-03-04 17:08:32,2026-03-12 17:17:52
CONT2026002692,2026-03-09 19:02:22,2026-03-13 09:13:35
CONT2026002693,2026-03-05 04:20:47,2026-03-12 17:56:01
CONT2026002694,2026-03-01 12:40:27,
CONT2026002695,2026-03-07 17:52:07,
CONT2026002696,2026-03-06 05:51:17,2026-03-06 23:25:27
CONT2026002697,2026-03-05 02:20:53,
CONT2026002698,2026-03-07 17:53:15,2026-03-13 04:04:59
CONT2026002699,2026-03-05 21:56:27,2026-03-13 09:56:31
CONT2026002700,2026-03-02 05:55:22,2026-03-12 19:33:47
CONT2026002701,2026-03-09 01:47:17,2026-03-10 05:52:23
CONT2026002702,2026-03-03 20:28:14,2026-03-04 09:58:12
CONT2026002703,2026-03-02 06:13:50,
CONT2026002704,2026-02-27 17:36:13,2026-03-01 01:21:46
CONT2026002705,2026-03-08 15:32:13,2026-03-12 20:11:47
CONT2026002706,2026-03-04 11:28:35,2026-03-05 19:40:30
CONT2026002707,2026-03-01 18:45:55,2026-03-03 02:49:15
CONT2026002708,2026-03-08 19:16:33,2026-03-12 15:58:32
CONT2026002709,2026-03-07 16:00:09,2026-03-08 20:48:46
CONT2026002710,2026-02-27 22:04:14,2026-02-28 22:23:23
CONT2026002711,2026-03-04 15:58:01,2026-03-13 01:30:27
CONT2026002712,2026-02-28 10:41:24,
CONT2026002713,2026-03-09 21:16:59,2026-03-12 17:51:08
CONT2026002714,2026-03-05 10:42:13,
CONT2026002715,2026-03-01 04:50:48,2026-03-13 12:21:10
CONT2026002716,2026-03-03 02:09:23,
CONT2026002717,2026-03-10 10:28:11,2026-03-13 02:38:50
CONT2026002718,2026-03-07 04:04:00,
CONT2026002719,2026-03-07 10:43:03,
CONT2026002720,2026-03-09 21:41:43,2026-03-12 03:12:25
CONT2026002721,2026-03-05 23:22:46,2026-03-06 15:37:22
CONT2026002722,2026-03-03 10:47:57,2026-03-13 19:26:26
CONT2026002723,2026-03-05 16:15:46,2026-03-07 04:11:48
CONT2026002724,2026-03-02 16:58:39,
CONT2026002725,2026-02-28 01:11:53,2026-03-01 03:56:50
CONT2026002726,2026-03-03 23:27:04,2026-03-04 14:07:25
CONT2026002727,2026-02-28 08:21:25,2026-02-28 15:19:12
CONT2026002728,2026-02-28 20:30:44,2026-03-01 14:02:51
CONT2026002729,2026-03-01 06:26:36,2026-03-13 03:33:12
CONT2026002730,2026-03-07 03:23:00,2026-03-07 13:44:26
CONT2026002731,2026-03-10 10:10:39,2026-03-13 23:22:25
CONT2026002732,2026-02-28 05:09:39,2026-02-28 20:06:44
CONT2026002733,2026-03-04 15:00:44,
CONT2026002734,2026-03-08 14:54:53,2026-03-14 04:40:57
CONT2026002735,2026-03-05 05:58:45,2026-03-13 19:39:55
CONT2026002736,2026-03-03 06:56:36,2026-03-12 23:47:50
CONT2026002737,2026-03-03 09:21:14,2026-03-04 09:46:50
CONT2026002738,2026-03-01 05:35:21,2026-03-02 00:08:18
CONT2026002739,2026-03-09 07:48:40,2026-03-13 08:42:10
CONT2026002740,2026-03-03 02:52:10,2026-03-03 19:19:59
CONT2026002741,2026-03-01 19:19:19,
CONT2026002742,2026-03-01 08:40:20,2026-03-01 12:40:20
CONT2026002743,2026-03-01 06:11:18,2026-03-02 06:42:02
CONT2026002744,2026-03-09 16:06:01,2026-03-10 10:25:29
CONT2026002745,2026-03-10 08:42:23,2026-03-11 08:00:48
CONT2026002746,2026-02-28 03:09:15,2026-03-01 08:29:42
CONT2026002747,2026-03-03 20:37:26,2026-03-04 07:46:17
CONT2026002748,2026-03-02 05:21:21,2026-03-13 23:18:03
CONT2026002749,2026-03-02 07:11:45,
CONT2026002750,2026-03-10 19:12:58,2026-03-14 05:13:30
CONT2026002751,2026-03-05 10:37:56,
CONT2026002752,2026-02-28 00:08:09,2026-02-28 14:15:20
CONT2026002753,2026-03-07 06:35:24,2026-03-08 10:14:30
CONT2026002754,2026-03-09 20:15:17,2026-03-13 16:41:48
CONT2026002755,2026-03-04 07:46:04,2026-03-05 08:01:48
CONT2026002756,2026-03-02 06:48:45,2026-03-14 11:34:27
CONT2026002757,2026-03-10 09:33:57,2026-03-13 11:53:16
CONT2026002758,2026-02-28 12:33:42,
CONT2026002759,2026-03-05 12:41:19,
CONT2026002760,2026-03-03 03:58:47,2026-03-03 18:39:05
CONT2026002761,2026-03-04 00:08:46,
CONT2026002762,2026-03-03 21:28:31,2026-03-04 08:50:11
CONT2026002763,2026-03-09 11:37:13,
CONT2026002764,2026-03-07 04:17:29,2026-03-07 17:43:43
CONT2026002765,2026-03-02 17:36:42,2026-03-13 18:11:40
CONT2026002766,2026-03-02 15:46:38,2026-03-04 00:26:31
CONT2026002767,2026-03-08 01:02:38,2026-03-08 22:40:43
CONT2026002768,2026-03-09 12:40:17,2026-03-10 15:38:13
CONT2026002769,2026-03-08 19:40:35,2026-03-13 16:06:29
CONT2026002770,2026-03-11 04:28:16,2026-03-13 18:13:49
CONT2026002771,2026-03-06 14:08:08,
CONT2026002772,2026-03-03 05:36:11,
CONT2026002773,2026-03-08 00:58:47,2026-03-09 03:53:59
CONT2026002774,2026-03-05 15:01:58,
CONT2026002775,2026-03-03 19:27:18,2026-03-04 09:55:28
CONT2026002776,2026-03-06 07:58:59,
CONT2026002777,2026-03-05 05:51:57,2026-03-13 08:49:03
CONT2026002778,2026-03-11 03:30:10,2026-03-14 02:49:11
CONT2026002779,2026-03-11 02:12:45,
CONT2026002780,2026-03-10 03:03:44,2026-03-10 23:05:00
CONT2026002781,2026-03-06 06:38:10,2026-03-07 06:38:55
CONT2026002782,2026-03-04 14:56:37,2026-03-05 11:15:30
CONT2026002783,2026-03-02 15:00:50,2026-03-03 22:41:23
CONT2026002784,2026-03-07 13:41:26,2026-03-13 20:29:40
CONT2026002785,2026-03-08 02:08:07,2026-03-14 11:57:30
CONT2026002786,2026-03-06 20:39:20,2026-03-07 00:39:20
CONT2026002787,2026-03-03 02:13:45,2026-03-04 00:04:13
CONT2026002788,2026-03-05 13:26:59,2026-03-05 17:26:59
CONT2026002789,2026-03-08 09:13:39,2026-03-09 20:56:34
CONT2026002790,2026-03-10 23:26:35,2026-03-11 03:26:35
CONT2026002791,2026-03-08 01:30:50,2026-03-14 16:16:30
CONT2026002792,2026-03-08 21:58:40,2026-03-09 07:23:22
CONT2026002793,2026-03-08 18:48:45,2026-03-13 16:42:20
CONT2026002794,2026-03-11 03:54:55,2026-03-12 13:34:50
CONT2026002795,2026-03-08 13:06:30,2026-03-09 15:38:54
CONT2026002796,2026-03-07 11:03:27,2026-03-07 21:20:13
CONT2026002797,2026-03-02 19:07:52,2026-03-14 02:38:09
CONT2026002798,2026-03-03 07:20:05,
CONT2026002799,2026-03-07 20:45:33,2026-03-14 05:14:44
CONT2026002800,2026-03-10 21:46:05,2026-03-14 11:45:09
CONT2026002801,2026-03-06 18:01:18,2026-03-08 05:18:42
CONT2026002802,2026-02-28 13:47:55,2026-03-15 01:53:11
CONT2026002803,2026-03-08 09:42:50,
CONT2026002804,2026-03-08 23:09:59,2026-03-10 01:35:17
CONT2026002805,2026-03-11 15:48:37,2026-03-12 19:36:10
CONT2026002806,2026-03-04 01:21:28,2026-03-14 01:42:27
CONT2026002807,2026-03-05 01:25:54,2026-03-13 21:46:51
CONT2026002808,2026-03-04 05:51:08,2026-03-14 00:28:59
CONT2026002809,2026-03-01 20:41:00,2026-03-14 01:11:39
CONT2026002810,2026-03-02 18:09:35,2026-03-03 06:21:11
CONT2026002811,2026-03-08 00:46:56,
CONT2026002812,2026-03-06 17:32:57,2026-03-14 05:11:08
CONT2026002813,2026-02-28 20:26:23,2026-03-14 16:51:23
CONT2026002814,2026-03-02 12:38:16,2026-03-03 21:47:28
CONT2026002815,2026-03-11 00:51:18,2026-03-13 17:01:01
CONT2026002816,2026-03-07 03:39:16,
CONT2026002817,2026-03-09 00:14:53,2026-03-14 14:16:56
CONT2026002818,2026-03-07 01:10:58,2026-03-07 21:20:00
CONT2026002819,2026-03-01 08:40:37,2026-03-02 08:50:09
CONT2026002820,2026-03-07 23:30:38,2026-03-08 08:56:16
CONT2026002821,2026-03-08 20:14:29,2026-03-14 04:42:16
CONT2026002822,2026-03-07 18:26:43,2026-03-08 22:02:39
CONT2026002823,2026-03-04 23:00:20,2026-03-16 08:34:23
CONT2026002824,2026-03-10 12:36:17,2026-03-15 20:46:39
CONT2026002825,2026-03-09 05:09:01,2026-03-10 07:20:02
CONT2026002826,2026-03-02 22:31:04,
CONT2026002827,2026-03-09 00:44:47,
CONT2026002828,2026-03-07 06:11:22,2026-03-16 07:18:30
CONT2026002829,2026-03-09 10:51:40,2026-03-10 02:29:07
CONT2026002830,2026-03-06 04:01:54,2026-03-16 00:00:07
CONT2026002831,2026-03-11 05:42:28,2026-03-12 08:13:29
CONT2026002832,2026-03-09 10:04:21,2026-03-10 01:55:27
CONT2026002833,2026-03-08 13:17:44,2026-03-15 16:22:26
CONT2026002834,2026-03-11 16:43:32,2026-03-12 02:46:38
CONT2026002835,2026-03-05 23:48:40,2026-03-07 02:42:46
CONT2026002836,2026-03-05 05:06:53,
CONT2026002837,2026-03-06 07:55:07,2026-03-16 02:15:35
CONT2026002838,2026-03-12 09:35:00,2026-03-15 11:28:31
CONT2026002839,2026-03-01 18:58:18,
CONT2026002840,2026-03-06 07:59:44,2026-03-07 00:39:43
CONT2026002841,2026-03-08 11:51:39,2026-03-15 04:50:14
CONT2026002842,2026-03-11 15:27:16,2026-03-12 20:15:43
CONT2026002843,2026-03-08 13:08:49,2026-03-15 07:17:43
CONT2026002844,2026-03-08 13:06:45,2026-03-16 02:41:04
CONT2026002845,2026-03-13 03:20:25,2026-03-15 19:50:08
CONT2026002846,2026-03-11 12:14:18,2026-03-15 21:45:11
CONT2026002847,2026-03-11 12:29:42,2026-03-12 15:39:33
CONT2026002848,2026-03-08 01:47:34,
CONT2026002849,2026-03-12 04:07:37,
CONT2026002850,2026-03-09 08:37:10,2026-03-15 17:59:29
CONT2026002851,2026-03-11 21:04:21,2026-03-12 15:10:10
CONT2026002852,2026-03-02 18:53:53,2026-03-16 16:47:50
CONT2026002853,2026-03-05 04:34:44,2026-03-16 00:31:42
CONT2026002854,2026-03-10 07:52:53,2026-03-15 07:02:09
CONT2026002855,2026-03-11 01:38:24,2026-03-15 07:52:19
CONT2026002856,2026-03-13 01:43:50,
CONT2026002857,2026-03-08 08:05:27,
CONT2026002858,2026-03-10 09:37:36,2026-03-16 01:01:46
CONT2026002859,2026-03-12 11:26:15,
CONT2026002860,2026-03-12 00:48:46,2026-03-15 13:34:50
CONT2026002861,2026-03-06 22:47:02,2026-03-07 18:23:57
CONT2026002862,2026-03-03 06:10:43,2026-03-15 20:17:40
CONT2026002863,2026-03-11 19:21:16,2026-03-13 01:24:01
CONT2026002864,2026-03-06 01:08:44,2026-03-16 13:06:26
CONT2026002865,2026-03-08 20:45:58,2026-03-16 04:32:20
CONT2026002866,2026-03-06 16:54:45,2026-03-08 01:52:10
CONT2026002867,2026-03-04 12:25:12,2026-03-05 13:57:02
CONT2026002868,2026-03-06 02:46:52,2026-03-06 15:28:57
CONT2026002869,2026-03-07 22:48:01,2026-03-08 07:12:48
CONT2026002870,2026-03-12 06:13:06,2026-03-16 07:51:23
CONT2026002871,2026-03-12 00:58:23,2026-03-16 14:21:43
CONT2026002872,2026-03-10 01:49:44,2026-03-10 20:14:56
CONT2026002873,2026-03-11 15:49:55,
CONT2026002874,2026-03-04 14:45:47,
CONT2026002875,2026-03-07 14:35:15,
CONT2026002876,2026-03-10 00:17:09,2026-03-15 17:15:14
CONT2026002877,2026-03-10 07:00:54,2026-03-16 23:29:25
CONT2026002878,2026-03-05 04:47:05,
CONT2026002879,2026-03-12 17:35:15,2026-03-12 22:09:22
CONT2026002880,2026-03-06 08:44:08,2026-03-07 05:52:42
CONT2026002881,2026-03-04 06:42:33,2026-03-15 18:45:25
CONT2026002882,2026-03-08 05:12:47,2026-03-09 06:42:18
CONT2026002883,2026-03-07 10:29:29,
CONT2026002884,2026-03-06 12:28:24,2026-03-07 01:28:12
CONT2026002885,2026-03-06 02:58:07,2026-03-06 22:30:23
CONT2026002886,2026-03-06 06:34:31,
CONT2026002887,2026-03-11 03:36:11,2026-03-16 08:11:48
CONT2026002888,2026-03-06 13:36:19,2026-03-07 15:16:03
CONT2026002889,2026-03-06 10:08:20,2026-03-07 06:26:16
CONT2026002890,2026-03-04 17:15:22,2026-03-05 15:31:52
CONT2026002891,2026-03-11 01:42:09,2026-03-11 16:43:19
CONT2026002892,2026-03-06 06:45:12,2026-03-16 05:32:40
CONT2026002893,2026-03-13 15:06:17,2026-03-14 14:28:29
CONT2026002894,2026-03-13 04:07:50,2026-03-13 08:07:50
CONT2026002895,2026-03-12 05:49:20,2026-03-16 19:21:35
CONT2026002896,2026-03-09 07:23:57,
CONT2026002897,2026-03-12 03:16:24,2026-03-16 15:16:02
CONT2026002898,2026-03-09 08:30:14,2026-03-16 15:38:26
CONT2026002899,2026-03-07 05:35:01,
CONT2026002900,2026-03-12 00:39:48,
CONT2026002901,2026-03-06 16:42:32,2026-03-08 02:54:12
CONT2026002902,2026-03-06 06:35:52,2026-03-07 16:36:09
CONT2026002903,2026-03-12 12:40:59,
CONT2026002904,2026-03-13 17:52:18,2026-03-14 20:39:11
CONT2026002905,2026-03-09 23:55:43,2026-03-11 02:05:13
CONT2026002906,2026-03-09 12:28:09,2026-03-10 23:21:26
CONT2026002907,2026-03-06 14:36:50,2026-03-16 03:01:43
CONT2026002908,2026-03-13 13:38:07,2026-03-16 22:09:42
CONT2026002909,2026-03-06 10:21:09,2026-03-07 12:41:32
CONT2026002910,2026-03-13 00:52:40,2026-03-13 09:35:42
CONT2026002911,2026-03-09 15:25:55,2026-03-17 01:04:01
CONT2026002912,2026-03-08 17:41:38,2026-03-16 20:08:36
CONT2026002913,2026-03-08 15:11:52,2026-03-16 14:30:36
CONT2026002914,2026-03-05 05:17:22,2026-03-06 00:17:36
CONT2026002915,2026-03-07 22:44:37,2026-03-16 22:05:39
CONT2026002916,2026-03-06 02:17:23,2026-03-17 00:03:20
CONT2026002917,2026-03-07 20:18:31,2026-03-08 19:38:50
CONT2026002918,2026-03-05 18:27:56,
CONT2026002919,2026-03-09 03:09:55,
CONT2026002920,2026-03-06 03:13:30,2026-03-17 01:30:15
CONT2026002921,2026-03-05 18:09:33,2026-03-16 22:47:24
CONT2026002922,2026-03-02 23:33:34,2026-03-03 20:12:08
CONT2026002923,2026-03-03 19:41:26,2026-03-16 18:45:53
CONT2026002924,2026-03-03 02:41:05,2026-03-04 06:03:34
CONT2026002925,2026-03-03 15:56:25,2026-03-17 05:29:30
CONT2026002926,2026-03-08 20:06:05,2026-03-09 09:06:40
CONT2026002927,2026-03-11 18:20:33,2026-03-12 20:19:52
CONT2026002928,2026-03-05 06:44:37,2026-03-06 10:17:11
CONT2026002929,2026-03-07 19:06:44,2026-03-09 00:03:03
CONT2026002930,2026-03-07 18:32:08,2026-03-17 14:44:35
CONT2026002931,2026-03-13 22:40:47,2026-03-18 14:30:55
CONT2026002932,2026-03-09 11:55:31,2026-03-10 20:24:30
CONT2026002933,2026-03-11 00:54:18,2026-03-18 17:38:01
CONT2026002934,2026-03-08 14:56:25,2026-03-09 11:55:25
CONT2026002935,2026-03-07 00:42:36,2026-03-18 06:51:31
CONT2026002936,2026-03-04 21:40:13,
CONT2026002937,2026-03-12 20:44:37,2026-03-14 01:04:28
CONT2026002938,2026-03-11 17:17:57,
CONT2026002939,2026-03-15 11:03:07,
CONT2026002940,2026-03-04 23:43:01,2026-03-17 17:34:10
CONT2026002941,2026-03-08 23:45:13,2026-03-18 10:46:59
CONT2026002942,2026-03-09 19:44:53,2026-03-17 13:24:44
CONT2026002943,2026-03-07 16:56:49,2026-03-18 20:41:37
CONT2026002944,2026-03-14 14:28:14,2026-03-14 22:07:04
CONT2026002945,2026-03-12 07:18:00,2026-03-12 20:31:48
CONT2026002946,2026-03-10 02:15:30,2026-03-11 04:03:19
CONT2026002947,2026-03-08 13:00:16,2026-03-09 01:09:41
CONT2026002948,2026-03-07 22:52:22,2026-03-17 11:08:09
CONT2026002949,2026-03-05 15:39:10,2026-03-17 11:41:13
CONT2026002950,2026-03-13 10:23:45,2026-03-14 05:35:33
CONT2026002951,2026-03-10 21:42:25,2026-03-17 15:09:37
CONT2026002952,2026-03-14 16:36:58,2026-03-15 19:19:34
CONT2026002953,2026-03-12 20:56:32,2026-03-13 12:01:22
CONT2026002954,2026-03-13 18:51:27,2026-03-18 03:28:32
CONT2026002955,2026-03-08 10:29:44,2026-03-09 04:12:14
CONT2026002956,2026-03-15 10:33:37,2026-03-16 13:21:48
CONT2026002957,2026-03-11 10:37:42,2026-03-19 00:57:23
CONT2026002958,2026-03-09 09:39:51,2026-03-18 07:30:47
CONT2026002959,2026-03-08 23:10:10,2026-03-18 18:45:03
CONT2026002960,2026-03-11 12:37:37,2026-03-12 06:54:22
CONT2026002961,2026-03-05 00:09:52,2026-03-19 01:05:58
CONT2026002962,2026-03-06 18:40:37,2026-03-07 12:12:34
CONT2026002963,2026-03-10 04:27:40,2026-03-19 07:46:46
CONT2026002964,2026-03-11 09:33:24,
CONT2026002965,2026-03-08 22:22:27,
CONT2026002966,2026-03-07 22:50:39,2026-03-18 12:26:19
CONT2026002967,2026-03-06 09:35:26,2026-03-18 20:30:06
CONT2026002968,2026-03-06 08:16:06,2026-03-07 06:05:23
CONT2026002969,2026-03-09 15:25:29,2026-03-18 21:06:19
CONT2026002970,2026-03-09 23:48:45,
CONT2026002971,2026-03-06 07:08:08,
CONT2026002972,2026-03-10 15:13:27,2026-03-18 21:50:37
CONT2026002973,2026-03-13 11:30:55,2026-03-14 11:40:18
CONT2026002974,2026-03-12 15:56:27,2026-03-18 10:40:44
CONT2026002975,2026-03-08 09:42:19,2026-03-19 03:48:07
CONT2026002976,2026-03-14 23:39:36,2026-03-15 07:01:26
CONT2026002977,2026-03-13 07:26:32,
CONT2026002978,2026-03-08 03:45:43,2026-03-08 22:12:01
CONT2026002979,2026-03-07 07:59:45,2026-03-08 10:20:53
CONT2026002980,2026-03-09 12:32:20,2026-03-10 06:59:00
CONT2026002981,2026-03-07 21:38:36,
CONT2026002982,2026-03-07 22:59:15,2026-03-18 21:14:18
CONT2026002983,2026-03-11 14:14:54,
CONT2026002984,2026-03-11 13:52:29,2026-03-19 03:40:09
CONT2026002985,2026-03-14 07:33:45,2026-03-15 07:25:33
CONT2026002986,2026-03-10 01:55:55,2026-03-18 09:43:13
CONT2026002987,2026-03-11 01:35:12,2026-03-12 05:46:09
CONT2026002988,2026-03-07 15:16:14,2026-03-19 16:17:13
CONT2026002989,2026-03-11 15:45:48,2026-03-12 09:38:30
CONT2026002990,2026-03-05 13:00:08,2026-03-06 17:02:38
CONT2026002991,2026-03-05 23:45:38,2026-03-18 21:48:51
CONT2026002992,2026-03-08 06:27:17,2026-03-09 12:42:08
CONT2026002993,2026-03-08 09:43:02,
CONT2026002994,2026-03-09 22:48:00,
CONT2026002995,2026-03-10 19:39:53,2026-03-11 22:44:28
CONT2026002996,2026-03-08 10:44:53,2026-03-08 23:56:03
CONT2026002997,2026-03-12 05:35:57,
CONT2026002998,2026-03-05 08:39:58,2026-03-19 08:35:33
CONT2026002999,2026-03-07 10:56:49,2026-03-08 02:04:19
CONT2026003000,2026-03-13 04:11:52,2026-03-13 21:19:01
CONT2026003001,2026-03-13 17:21:10,2026-03-14 11:33:07
CONT2026003002,2026-03-05 11:17:25,2026-03-06 20:22:44
CONT2026003003,2026-03-16 03:35:21,2026-03-16 21:52:37
CONT2026003004,2026-03-16 04:13:21,2026-03-17 11:29:55
CONT2026003005,2026-03-16 08:56:34,2026-03-17 17:04:33
CONT2026003006,2026-03-13 15:59:10,2026-03-18 10:46:18
CONT2026003007,2026-03-07 15:17:54,2026-03-18 03:13:53
CONT2026003008,2026-03-06 11:19:14,
CONT2026003009,2026-03-10 01:26:55,2026-03-11 04:56:46
CONT2026003010,2026-03-08 03:52:34,2026-03-08 23:30:39
CONT2026003011,2026-03-11 22:03:55,2026-03-19 17:28:21
CONT2026003012,2026-03-10 19:35:50,2026-03-11 17:50:06
CONT2026003013,2026-03-13 09:48:40,2026-03-18 09:24:52
CONT2026003014,2026-03-11 22:56:33,2026-03-19 05:01:54
CONT2026003015,2026-03-10 22:55:32,2026-03-19 07:39:41
CONT2026003016,2026-03-14 21:25:30,2026-03-15 17:11:47
CONT2026003017,2026-03-15 15:22:33,
CONT2026003018,2026-03-06 08:55:36,2026-03-07 08:51:02
CONT2026003019,2026-03-09 10:51:55,2026-03-19 17:18:11
CONT2026003020,2026-03-15 08:23:10,2026-03-19 14:33:52
CONT2026003021,2026-03-15 07:55:54,2026-03-16 01:22:19
CONT2026003022,2026-03-06 23:17:30,
CONT2026003023,2026-03-15 09:07:35,2026-03-20 10:14:59
CONT2026003024,2026-03-07 12:11:13,2026-03-20 00:07:44
CONT2026003025,2026-03-09 21:44:49,2026-03-19 06:47:47
CONT2026003026,2026-03-15 18:22:26,2026-03-16 06:27:15
CONT2026003027,2026-03-08 09:05:16,2026-03-09 05:51:51
CONT2026003028,2026-03-15 22:31:32,2026-03-20 00:09:53
CONT2026003029,2026-03-06 09:52:16,2026-03-07 07:46:54
CONT2026003030,2026-03-13 12:06:07,2026-03-20 00:52:57
CONT2026003031,2026-03-07 16:51:34,
CONT2026003032,2026-03-12 13:43:48,2026-03-13 17:28:56
CONT2026003033,2026-03-12 17:48:15,2026-03-20 10:44:57
CONT2026003034,2026-03-15 02:44:55,2026-03-19 22:38:07
CONT2026003035,2026-03-15 01:38:15,2026-03-15 19:37:01
CONT2026003036,2026-03-14 22:20:34,2026-03-15 10:43:57
CONT2026003037,2026-03-17 06:11:37,2026-03-17 16:25:52
CONT2026003038,2026-03-08 03:05:48,2026-03-08 21:03:42
CONT2026003039,2026-03-16 09:56:06,2026-03-20 07:02:14
CONT2026003040,2026-03-15 21:32:07,2026-03-16 20:56:18
CONT2026003041,2026-03-16 09:19:47,
CONT2026003042,2026-03-15 04:24:52,2026-03-16 03:56:34
CONT2026003043,2026-03-17 00:27:50,2026-03-20 07:30:50
CONT2026003044,2026-03-10 08:22:25,
CONT2026003045,2026-03-17 05:29:30,2026-03-17 14:20:27
CONT2026003046,2026-03-10 06:48:25,2026-03-11 11:18:10
CONT2026003047,2026-03-14 05:00:00,2026-03-15 04:14:05
CONT2026003048,2026-03-16 09:18:48,2026-03-20 12:23:20
CONT2026003049,2026-03-07 20:21:11,
CONT2026003050,2026-03-08 09:45:32,2026-03-09 01:04:13
CONT2026003051,2026-03-11 23:59:22,2026-03-13 15:11:25
CONT2026003052,2026-03-08 03:34:14,
CONT2026003053,2026-03-09 00:54:41,
CONT2026003054,2026-03-12 03:06:41,
CONT2026003055,2026-03-13 23:17:15,2026-03-14 08:22:10
CONT2026003056,2026-03-13 11:20:31,
CONT2026003057,2026-03-15 10:05:36,
CONT2026003058,2026-03-14 05:03:19,
CONT2026003059,2026-03-16 13:44:31,2026-03-17 04:34:12
CONT2026003060,2026-03-08 19:13:14,2026-03-20 09:34:56
CONT2026003061,2026-03-10 15:22:55,2026-03-19 14:39:11
CONT2026003062,2026-03-12 07:25:56,2026-03-20 12:18:10
CONT2026003063,2026-03-07 00:23:40,2026-03-20 21:20:55
CONT2026003064,2026-03-17 00:51:20,2026-03-20 00:54:22
CONT2026003065,2026-03-13 03:36:19,2026-03-19 13:51:47
CONT2026003066,2026-03-07 03:46:55,2026-03-20 14:37:52
CONT2026003067,2026-03-15 02:01:30,2026-03-21 01:39:10
CONT2026003068,2026-03-11 19:03:30,2026-03-20 07:36:39
CONT2026003069,2026-03-16 13:15:26,2026-03-20 05:10:35
CONT2026003070,2026-03-15 20:41:50,2026-03-21 07:07:38
CONT2026003071,2026-03-07 15:44:29,2026-03-07 19:44:29
CONT2026003072,2026-03-08 13:00:32,
CONT2026003073,2026-03-15 07:52:26,2026-03-16 05:55:08
CONT2026003074,2026-03-09 15:35:38,2026-03-20 00:21:14
CONT2026003075,2026-03-12 10:37:36,2026-03-13 05:01:58
CONT2026003076,2026-03-08 02:03:48,2026-03-08 20:09:27
CONT2026003077,2026-03-13 16:07:14,
CONT2026003078,2026-03-16 10:14:10,2026-03-17 03:49:33
CONT2026003079,2026-03-16 01:58:22,2026-03-21 13:58:23
CONT2026003080,2026-03-17 22:55:51,
CONT2026003081,2026-03-10 16:22:47,2026-03-21 00:43:28
CONT2026003082,2026-03-13 04:57:06,2026-03-20 06:58:27
CONT2026003083,2026-03-10 08:57:35,2026-03-21 11:08:35
CONT2026003084,2026-03-15 05:14:59,2026-03-21 02:56:22
CONT2026003085,2026-03-17 22:16:02,2026-03-21 09:39:08
CONT2026003086,2026-03-12 11:07:12,2026-03-22 15:33:41
CONT2026003087,2026-03-11 00:50:01,2026-03-21 09:28:00
CONT2026003088,2026-03-18 02:05:54,2026-03-19 07:27:16
CONT2026003089,2026-03-17 13:23:51,2026-03-20 15:35:12
CONT2026003090,2026-03-16 23:53:11,2026-03-20 16:54:10
CONT2026003091,2026-03-16 02:09:55,2026-03-21 14:50:09
CONT2026003092,2026-03-11 10:25:21,2026-03-21 06:48:39
CONT2026003093,2026-03-07 15:46:48,2026-03-21 10:44:21
CONT2026003094,2026-03-08 03:53:08,2026-03-22 00:22:30
CONT2026003095,2026-03-10 06:02:17,2026-03-20 23:31:34
CONT2026003096,2026-03-13 23:02:05,2026-03-21 03:40:47
CONT2026003097,2026-03-17 00:43:04,2026-03-21 07:23:49
CONT2026003098,2026-03-09 15:53:45,2026-03-10 15:57:31
CONT2026003099,2026-03-16 01:47:08,
CONT2026003100,2026-03-09 02:10:15,2026-03-22 04:32:44
CONT2026003101,2026-03-08 12:13:14,2026-03-09 22:39:21
CONT2026003102,2026-03-14 03:44:51,2026-03-15 01:16:41
CONT2026003103,2026-03-09 04:47:49,2026-03-21 07:43:25
CONT2026003104,2026-03-16 05:26:58,2026-03-16 20:33:55
CONT2026003105,2026-03-17 03:52:07,
CONT2026003106,2026-03-08 03:49:35,2026-03-21 14:43:44
CONT2026003107,2026-03-15 13:03:11,
CONT2026003108,2026-03-09 14:53:15,
CONT2026003109,2026-03-07 16:34:23,2026-03-22 00:30:39
CONT2026003110,2026-03-09 05:35:03,2026-03-20 22:37:45
CONT2026003111,2026-03-18 08:36:32,2026-03-19 15:51:48
CONT2026003112,2026-03-15 17:16:24,2026-03-16 05:45:01
CONT2026003113,2026-03-11 20:31:51,
CONT2026003114,2026-03-12 03:24:33,2026-03-21 08:12:56
CONT2026003115,2026-03-13 05:22:12,
CONT2026003116,2026-03-18 13:00:26,2026-03-19 05:02:25
CONT2026003117,2026-03-10 23:36:29,
CONT2026003118,2026-03-11 04:37:38,
CONT2026003119,2026-03-09 10:26:19,2026-03-21 15:00:54
CONT2026003120,2026-03-12 08:52:55,2026-03-13 18:35:49
CONT2026003121,2026-03-13 18:28:26,2026-03-21 12:38:04
CONT2026003122,2026-03-10 18:45:35,2026-03-21 17:48:50
CONT2026003123,2026-03-15 10:26:26,2026-03-15 20:24:53
CONT2026003124,2026-03-16 20:50:00,
CONT2026003125,2026-03-10 04:36:12,2026-03-21 07:52:20
CONT2026003126,2026-03-11 10:31:49,2026-03-21 13:42:57
CONT2026003127,2026-03-17 21:30:33,
CONT2026003128,2026-03-08 01:37:36,2026-03-21 02:57:48
CONT2026003129,2026-03-12 16:00:26,2026-03-21 03:23:52
CONT2026003130,2026-03-12 23:37:52,
CONT2026003131,2026-03-08 11:49:26,
CONT2026003132,2026-03-16 09:32:47,2026-03-17 07:14:09
CONT2026003133,2026-03-10 06:43:27,2026-03-11 16:08:49
CONT2026003134,2026-03-10 14:46:48,2026-03-22 00:08:28
CONT2026003135,2026-03-12 03:43:50,2026-03-13 11:06:44
CONT2026003136,2026-03-15 14:44:35,2026-03-21 03:41:10
CONT2026003137,2026-03-17 10:10:44,
CONT2026003138,2026-03-12 01:43:40,
CONT2026003139,2026-03-10 16:44:44,2026-03-11 13:30:20
CONT2026003140,2026-03-16 22:51:32,2026-03-21 14:40:25
CONT2026003141,2026-03-10 06:42:27,
CONT2026003142,2026-03-12 15:51:04,2026-03-13 07:45:56
CONT2026003143,2026-03-09 06:27:57,2026-03-10 12:02:12
CONT2026003144,2026-03-17 23:03:30,2026-03-21 18:56:36
CONT2026003145,2026-03-10 17:45:06,2026-03-21 12:45:22
CONT2026003146,2026-03-09 13:14:13,2026-03-21 17:36:53
CONT2026003147,2026-03-07 20:34:33,
CONT2026003148,2026-03-17 02:27:43,2026-03-17 11:47:55
CONT2026003149,2026-03-14 22:59:44,
CONT2026003150,2026-03-17 15:08:01,2026-03-18 04:43:14
CONT2026003151,2026-03-15 08:33:42,2026-03-22 18:05:16
CONT2026003152,2026-03-15 13:37:22,2026-03-17 08:32:42
CONT2026003153,2026-03-11 02:35:18,
CONT2026003154,2026-03-16 14:26:52,2026-03-21 07:34:01
CONT2026003155,2026-03-11 11:22:06,2026-03-12 10:18:39
CONT2026003156,2026-03-13 07:07:11,2026-03-20 21:35:14
CONT2026003157,2026-03-13 17:05:21,2026-03-22 00:06:28
CONT2026003158,2026-03-11 14:22:52,2026-03-12 17:27:16
CONT2026003159,2026-03-09 22:34:37,2026-03-11 02:12:26
CONT2026003160,2026-03-14 06:11:19,2026-03-22 22:19:46
CONT2026003161,2026-03-08 18:02:05,2026-03-20 07:50:38
CONT2026003162,2026-03-11 01:22:49,2026-03-21 08:08:53
CONT2026003163,2026-03-16 23:45:02,2026-03-17 05:51:23
CONT2026003164,2026-03-16 02:37:24,2026-03-16 15:14:45
CONT2026003165,2026-03-08 13:42:06,
CONT2026003166,2026-03-11 12:30:07,2026-03-12 09:18:10
CONT2026003167,2026-03-11 06:18:39,2026-03-12 08:09:12
CONT2026003168,2026-03-13 15:21:28,
CONT2026003169,2026-03-14 21:24:48,
CONT2026003170,2026-03-17 14:58:27,2026-03-19 00:28:41
CONT2026003171,2026-03-16 15:21:54,2026-03-17 20:25:17
CONT2026003172,2026-03-10 23:56:45,2026-03-12 02:58:04
CONT2026003173,2026-03-18 00:17:29,
CONT2026003174,2026-03-11 15:21:32,2026-03-12 08:05:37
CONT2026003175,2026-03-18 12:08:10,2026-03-19 07:37:58
CONT2026003176,2026-03-18 01:33:46,2026-03-18 21:37:41
CONT2026003177,2026-03-08 09:42:10,2026-03-21 11:43:16
CONT2026003178,2026-03-11 17:47:10,2026-03-13 00:04:46
CONT2026003179,2026-03-12 16:44:10,2026-03-21 17:21:50
CONT2026003180,2026-03-09 11:53:54,2026-03-21 16:32:56
CONT2026003181,2026-03-15 18:19:09,2026-03-16 04:15:26
CONT2026003182,2026-03-15 02:31:40,2026-03-21 17:20:01
CONT2026003183,2026-03-08 05:09:28,2026-03-09 15:47:41
CONT2026003184,2026-03-12 21:00:14,2026-03-21 00:58:13
CONT2026003185,2026-03-11 06:25:04,2026-03-11 17:11:22
CONT2026003186,2026-03-18 16:16:26,2026-03-20 05:24:42
CONT2026003187,2026-03-14 20:32:07,2026-03-21 22:12:09
CONT2026003188,2026-03-11 03:30:35,
CONT2026003189,2026-03-11 22:44:26,2026-03-12 11:17:46
CONT2026003190,2026-03-17 21:28:04,2026-03-22 03:31:05
CONT2026003191,2026-03-10 11:08:27,
CONT2026003192,2026-03-11 06:02:21,2026-03-22 06:04:16
CONT2026003193,2026-03-12 16:20:48,2026-03-13 13:25:09
CONT2026003194,2026-03-11 12:39:27,2026-03-21 10:04:06
CONT2026003195,2026-03-09 16:45:33,2026-03-10 06:48:07
CONT2026003196,2026-03-09 21:31:44,2026-03-22 17:47:15
CONT2026003197,2026-03-18 01:39:19,2026-03-21 22:41:49
CONT2026003198,2026-03-10 01:10:56,2026-03-11 02:48:32
CONT2026003199,2026-03-17 22:47:55,2026-03-18 20:25:04
CONT2026003200,2026-03-16 18:20:33,2026-03-21 16:26:05
CONT2026003201,2026-03-10 08:00:53,
CONT2026003202,2026-03-11 10:01:30,2026-03-21 22:58:36
CONT2026003203,2026-03-15 04:04:05,2026-03-16 04:53:10
CONT2026003204,2026-03-16 01:17:27,
CONT2026003205,2026-03-14 15:44:06,
CONT2026003206,2026-03-11 21:33:27,2026-03-22 17:08:25
CONT2026003207,2026-03-13 21:50:38,2026-03-22 21:05:41
CONT2026003208,2026-03-10 19:55:49,2026-03-11 08:05:02
CONT2026003209,2026-03-11 16:41:38,2026-03-12 12:25:18
CONT2026003210,2026-03-13 13:42:36,
CONT2026003211,2026-03-17 03:39:01,2026-03-18 04:45:13
CONT2026003212,2026-03-15 20:12:14,2026-03-22 14:30:32
CONT2026003213,2026-03-13 15:34:05,2026-03-15 06:16:09
CONT2026003214,2026-03-17 19:06:53,2026-03-18 19:13:12
CONT2026003215,2026-03-19 02:18:29,2026-03-19 12:03:58
CONT2026003216,2026-03-14 02:51:33,2026-03-22 09:06:15
CONT2026003217,2026-03-16 15:14:16,2026-03-17 09:14:07
CONT2026003218,2026-03-17 20:04:08,2026-03-22 21:56:13
CONT2026003219,2026-03-13 13:59:09,2026-03-22 13:53:50
CONT2026003220,2026-03-13 20:35:19,2026-03-14 00:35:19
CONT2026003221,2026-03-14 23:04:01,
CONT2026003222,2026-03-11 09:32:29,2026-03-22 12:14:22
CONT2026003223,2026-03-13 20:03:27,
CONT2026003224,2026-03-11 04:09:00,2026-03-23 07:37:03
CONT2026003225,2026-03-14 22:18:12,
CONT2026003226,2026-03-19 05:17:32,2026-03-23 05:42:33
CONT2026003227,2026-03-19 15:37:00,
CONT2026003228,2026-03-18 18:18:59,2026-03-20 05:37:27
CONT2026003229,2026-03-14 17:54:57,2026-03-22 02:57:57
CONT2026003230,2026-03-14 06:17:37,2026-03-23 08:49:39
CONT2026003231,2026-03-11 00:39:56,2026-03-11 23:22:48
CONT2026003232,2026-03-15 13:31:59,
CONT2026003233,2026-03-19 19:54:40,2026-03-20 16:54:06
CONT2026003234,2026-03-11 16:51:02,2026-03-12 10:20:18
CONT2026003235,2026-03-10 18:13:22,2026-03-12 13:11:55
CONT2026003236,2026-03-15 15:03:05,2026-03-23 14:43:53
CONT2026003237,2026-03-15 17:52:23,2026-03-16 14:10:07
CONT2026003238,2026-03-18 07:03:31,2026-03-19 03:19:03
CONT2026003239,2026-03-13 08:47:29,2026-03-14 06:02:07
CONT2026003240,2026-03-19 06:44:49,2026-03-23 17:24:14
CONT2026003241,2026-03-17 08:39:27,
CONT2026003242,2026-03-09 21:43:55,2026-03-10 22:02:38
CONT2026003243,2026-03-20 12:41:37,2026-03-21 18:00:58
CONT2026003244,2026-03-16 00:10:11,2026-03-23 22:58:48
CONT2026003245,2026-03-14 13:52:20,2026-03-16 06:36:38
CONT2026003246,2026-03-11 14:51:44,2026-03-12 02:19:07
CONT2026003247,2026-03-17 13:56:32,2026-03-18 06:32:08
CONT2026003248,2026-03-13 18:54:45,2026-03-14 23:58:13
CONT2026003249,2026-03-12 14:03:35,2026-03-23 05:44:46
CONT2026003250,2026-03-12 23:03:36,2026-03-14 05:24:55
CONT2026003251,2026-03-11 17:44:17,2026-03-23 13:19:56
CONT2026003252,2026-03-13 19:42:17,2026-03-15 06:48:50
CONT2026003253,2026-03-15 11:36:22,2026-03-16 00:00:20
CONT2026003254,2026-03-15 10:16:38,2026-03-16 16:12:52
CONT2026003255,2026-03-11 14:29:06,2026-03-24 00:36:58
CONT2026003256,2026-03-14 01:07:53,2026-03-24 03:04:45
CONT2026003257,2026-03-18 10:57:48,2026-03-19 00:59:34
CONT2026003258,2026-03-14 03:15:44,2026-03-24 07:37:46
CONT2026003259,2026-03-20 07:04:30,2026-03-23 10:37:10
CONT2026003260,2026-03-19 02:15:12,2026-03-19 23:42:55
CONT2026003261,2026-03-19 13:12:54,2026-03-19 20:31:23
CONT2026003262,2026-03-16 12:42:23,2026-03-23 14:51:36
CONT2026003263,2026-03-18 19:19:35,2026-03-19 12:59:17
CONT2026003264,2026-03-14 16:53:30,2026-03-15 04:05:44
CONT2026003265,2026-03-20 00:32:40,2026-03-20 15:13:56
CONT2026003266,2026-03-17 12:30:20,2026-03-18 06:35:34
CONT2026003267,2026-03-16 10:11:58,2026-03-24 18:56:44
CONT2026003268,2026-03-13 07:29:51,2026-03-23 05:40:03
CONT2026003269,2026-03-16 06:28:42,
CONT2026003270,2026-03-18 16:01:01,
CONT2026003271,2026-03-18 15:13:02,2026-03-19 02:55:03
CONT2026003272,2026-03-15 03:42:58,2026-03-23 10:45:17
CONT2026003273,2026-03-10 21:39:50,2026-03-24 01:14:29
CONT2026003274,2026-03-10 21:04:30,2026-03-11 22:12:36
CONT2026003275,2026-03-12 12:18:46,
CONT2026003276,2026-03-16 18:36:36,2026-03-17 18:06:36
CONT2026003277,2026-03-12 21:29:39,2026-03-13 18:35:04
CONT2026003278,2026-03-18 18:58:38,2026-03-19 03:31:12
CONT2026003279,2026-03-15 04:06:12,2026-03-24 03:26:28
CONT2026003280,2026-03-20 17:08:56,2026-03-23 12:40:44
CONT2026003281,2026-03-20 01:20:49,2026-03-23 01:22:14
CONT2026003282,2026-03-15 17:46:12,2026-03-15 23:56:37
CONT2026003283,2026-03-11 16:30:59,2026-03-23 14:44:10
CONT2026003284,2026-03-20 14:30:52,2026-03-21 05:46:13
CONT2026003285,2026-03-17 12:10:27,
CONT2026003286,2026-03-15 00:43:03,2026-03-15 04:52:52
CONT2026003287,2026-03-11 07:13:49,2026-03-11 23:55:01
CONT2026003288,2026-03-11 08:53:01,2026-03-24 02:43:13
CONT2026003289,2026-03-19 13:21:22,2026-03-23 17:36:15
CONT2026003290,2026-03-18 23:13:16,
CONT2026003291,2026-03-14 17:09:21,
CONT2026003292,2026-03-10 14:54:00,2026-03-24 02:25:41
CONT2026003293,2026-03-12 13:30:49,2026-03-23 12:27:13
CONT2026003294,2026-03-10 01:37:38,2026-03-24 01:02:31
CONT2026003295,2026-03-19 05:22:37,2026-03-23 20:54:56
CONT2026003296,2026-03-18 08:55:02,2026-03-23 21:00:01
CONT2026003297,2026-03-16 08:45:43,2026-03-17 04:57:09
CONT2026003298,2026-03-12 10:14:02,2026-03-13 08:04:18
CONT2026003299,2026-03-19 16:59:56,
CONT2026003300,2026-03-18 05:09:46,2026-03-23 08:13:08
CONT2026003301,2026-03-16 03:39:26,2026-03-17 06:00:57
CONT2026003302,2026-03-17 00:31:59,2026-03-22 22:50:44
CONT2026003303,2026-03-11 06:02:33,2026-03-11 17:31:35
CONT2026003304,2026-03-18 03:30:43,
CONT2026003305,2026-03-17 10:33:48,2026-03-24 01:17:55
CONT2026003306,2026-03-11 00:43:02,2026-03-11 04:43:02
CONT2026003307,2026-03-10 22:10:46,
CONT2026003308,2026-03-11 22:19:31,2026-03-23 14:39:58
CONT2026003309,2026-03-16 14:00:58,2026-03-23 16:37:12
CONT2026003310,2026-03-11 22:50:25,2026-03-24 06:53:39
CONT2026003311,2026-03-16 23:06:52,
CONT2026003312,2026-03-18 03:12:30,2026-03-24 01:51:34
CONT2026003313,2026-03-21 12:17:18,2026-03-24 21:31:22
CONT2026003314,2026-03-16 01:14:57,2026-03-17 03:48:02
CONT2026003315,2026-03-12 20:06:24,2026-03-13 09:18:56
CONT2026003316,2026-03-12 05:00:16,2026-03-12 11:05:19
CONT2026003317,2026-03-20 15:37:07,2026-03-21 07:23:53
CONT2026003318,2026-03-18 09:20:31,2026-03-19 04:46:40
CONT2026003319,2026-03-12 20:54:16,2026-03-13 17:22:27
CONT2026003320,2026-03-19 12:01:32,2026-03-20 00:23:17
CONT2026003321,2026-03-12 21:09:28,2026-03-24 07:17:56
CONT2026003322,2026-03-10 19:37:58,2026-03-11 20:35:29
CONT2026003323,2026-03-11 05:07:12,2026-03-11 21:34:52
CONT2026003324,2026-03-19 04:08:13,
CONT2026003325,2026-03-21 00:26:21,
CONT2026003326,2026-03-12 12:54:42,
CONT2026003327,2026-03-19 09:51:32,2026-03-19 21:18:44
CONT2026003328,2026-03-12 04:09:29,2026-03-13 00:33:01
CONT2026003329,2026-03-10 21:36:44,2026-03-11 15:10:55
CONT2026003330,2026-03-16 03:44:23,2026-03-16 15:17:52
CONT2026003331,2026-03-19 07:02:42,2026-03-25 20:19:35
CONT2026003332,2026-03-16 00:52:44,2026-03-24 21:56:08
CONT2026003333,2026-03-22 05:07:50,2026-03-23 03:10:26
CONT2026003334,2026-03-15 21:41:17,2026-03-16 13:02:55
CONT2026003335,2026-03-21 10:10:04,2026-03-25 00:18:41
CONT2026003336,2026-03-20 04:32:46,2026-03-21 13:18:30
CONT2026003337,2026-03-12 22:26:49,2026-03-13 05:36:54
CONT2026003338,2026-03-21 05:34:24,2026-03-25 01:03:16
CONT2026003339,2026-03-13 05:39:52,
CONT2026003340,2026-03-16 13:19:50,2026-03-24 21:45:02
CONT2026003341,2026-03-14 04:42:04,
CONT2026003342,2026-03-20 19:27:06,2026-03-22 02:48:04
CONT2026003343,2026-03-11 16:46:22,2026-03-12 22:06:16
CONT2026003344,2026-03-20 17:43:53,2026-03-21 21:46:58
CONT2026003345,2026-03-19 21:39:55,
CONT2026003346,2026-03-11 14:41:50,2026-03-25 12:28:07
CONT2026003347,2026-03-11 16:45:25,
CONT2026003348,2026-03-12 15:05:42,2026-03-12 23:43:34
CONT2026003349,2026-03-20 21:28:42,2026-03-21 10:11:52
CONT2026003350,2026-03-21 12:47:09,2026-03-21 16:47:09
CONT2026003351,2026-03-17 14:09:44,2026-03-18 01:48:17
CONT2026003352,2026-03-12 15:12:51,2026-03-24 08:31:18
CONT2026003353,2026-03-13 10:46:33,2026-03-14 13:38:37
CONT2026003354,2026-03-19 08:12:32,2026-03-20 03:50:54
CONT2026003355,2026-03-14 17:42:47,2026-03-15 20:13:38
CONT2026003356,2026-03-19 00:16:39,2026-03-24 13:53:17
CONT2026003357,2026-03-15 20:06:30,2026-03-16 02:32:20
CONT2026003358,2026-03-15 22:22:32,
CONT2026003359,2026-03-21 00:24:21,2026-03-21 10:13:45
CONT2026003360,2026-03-17 03:52:18,2026-03-24 18:56:56
CONT2026003361,2026-03-12 22:47:05,
CONT2026003362,2026-03-17 19:08:20,2026-03-18 09:06:14
CONT2026003363,2026-03-14 09:09:12,
CONT2026003364,2026-03-20 23:37:13,2026-03-27 00:19:04
CONT2026003365,2026-03-14 04:20:05,2026-03-14 16:05:20
CONT2026003366,2026-03-13 05:35:58,2026-03-27 01:55:25
CONT2026003367,2026-03-16 19:13:33,2026-03-26 23:24:04
CONT2026003368,2026-03-14 06:28:22,2026-03-15 04:33:20
CONT2026003369,2026-03-13 22:55:45,2026-03-15 02:15:49
CONT2026003370,2026-03-21 19:25:53,2026-03-21 23:25:53
CONT2026003371,2026-03-13 13:57:22,2026-03-14 03:15:48
CONT2026003372,2026-03-24 01:43:52,2026-03-24 12:09:37
CONT2026003373,2026-03-17 16:03:08,2026-03-18 20:55:30
CONT2026003374,2026-03-15 08:33:09,2026-03-27 03:11:25
CONT2026003375,2026-03-23 08:56:49,2026-03-27 06:55:43
CONT2026003376,2026-03-21 14:59:55,2026-03-27 08:17:17
CONT2026003377,2026-03-18 12:05:14,2026-03-27 03:31:29
CONT2026003378,2026-03-14 12:28:19,2026-03-27 05:03:49
CONT2026003379,2026-03-21 00:25:04,2026-03-22 09:17:35
CONT2026003380,2026-03-21 02:10:20,2026-03-27 11:39:42
CONT2026003381,2026-03-23 15:40:06,2026-03-27 22:50:20
CONT2026003382,2026-03-24 01:12:39,2026-03-27 18:38:42
CONT2026003383,2026-03-17 14:23:25,2026-03-28 08:32:48
CONT2026003384,2026-03-24 09:42:20,
CONT2026003385,2026-03-18 01:55:15,2026-03-18 23:22:55
CONT2026003386,2026-03-23 21:07:18,2026-03-28 08:43:09
CONT2026003387,2026-03-17 18:03:08,2026-03-28 16:05:53
CONT2026003388,2026-03-23 15:44:45,
CONT2026003389,2026-03-23 21:23:33,2026-03-27 14:10:25
CONT2026003390,2026-03-22 11:50:30,2026-03-23 16:43:50
CONT2026003391,2026-03-16 05:39:39,2026-03-27 10:53:07
CONT2026003392,2026-03-18 15:36:31,
CONT2026003393,2026-03-16 17:49:08,2026-03-17 14:32:50
CONT2026003394,2026-03-23 21:56:43,2026-03-24 10:13:37
CONT2026003395,2026-03-18 04:42:01,2026-03-18 23:50:05
CONT2026003396,2026-03-16 16:09:07,2026-03-17 09:59:54
CONT2026003397,2026-03-24 09:28:04,2026-03-28 10:37:12
CONT2026003398,2026-03-19 08:18:14,2026-03-28 11:50:10
CONT2026003399,2026-03-22 12:53:44,2026-03-23 09:39:23
CONT2026003400,2026-03-17 09:24:27,2026-03-28 07:34:56
CONT2026003401,2026-03-23 00:26:56,
CONT2026003402,2026-03-18 19:12:54,
CONT2026003403,2026-03-16 05:14:47,2026-03-16 17:26:10
CONT2026003404,2026-03-25 09:44:48,
CONT2026003405,2026-03-25 09:53:50,2026-03-28 06:40:39
CONT2026003406,2026-03-23 09:01:05,2026-03-24 06:28:06
CONT2026003407,2026-03-23 09:57:09,2026-03-24 08:04:50
CONT2026003408,2026-03-16 13:36:19,2026-03-28 09:35:55
CONT2026003409,2026-03-19 07:04:10,
CONT2026003410,2026-03-25 10:22:42,2026-03-29 00:48:03
CONT2026003411,2026-03-26 11:30:06,
CONT2026003412,2026-03-24 08:11:29,2026-03-25 04:12:45
CONT2026003413,2026-03-22 05:08:14,2026-03-29 15:07:06
CONT2026003414,2026-03-19 05:43:46,2026-03-29 08:10:19
CONT2026003415,2026-03-17 20:09:24,2026-03-29 07:37:09
CONT2026003416,2026-03-22 11:58:10,2026-03-29 05:14:18
CONT2026003417,2026-03-21 10:26:23,2026-03-29 03:41:21
CONT2026003418,2026-03-21 05:34:24,2026-03-29 00:26:20
CONT2026003419,2026-03-19 06:18:07,2026-03-29 10:06:41
CONT2026003420,2026-03-19 17:40:57,2026-03-20 14:35:27
CONT2026003421,2026-03-20 00:09:00,2026-03-28 20:49:07
CONT2026003422,2026-03-26 06:13:14,
CONT2026003423,2026-03-24 18:40:34,2026-03-29 11:55:51
CONT2026003424,2026-03-16 22:01:41,2026-03-17 14:54:39
CONT2026003425,2026-03-16 19:39:53,2026-03-17 19:00:04
CONT2026003426,2026-03-21 23:52:52,2026-03-28 11:09:18
CONT2026003427,2026-03-18 17:48:24,
CONT2026003428,2026-03-26 11:31:23,
CONT2026003429,2026-03-17 16:06:10,2026-03-29 21:05:13
CONT2026003430,2026-03-16 14:24:39,2026-03-17 08:07:12
CONT2026003431,2026-03-22 10:07:01,2026-03-22 14:07:01
CONT2026003432,2026-03-25 12:04:53,2026-03-26 06:35:56
CONT2026003433,2026-03-30 04:34:41,2026-03-30 15:03:20
CONT2026003434,2026-03-29 14:10:12,2026-03-30 09:07:59
CONT2026003435,2026-03-27 15:35:26,2026-03-28 12:33:05
CONT2026003436,2026-03-20 20:59:12,2026-03-21 09:02:41
CONT2026003437,2026-03-21 03:34:11,2026-03-21 08:41:02
CONT2026003438,2026-03-26 20:19:16,2026-04-02 17:09:57
CONT2026003439,2026-03-29 04:18:28,2026-04-03 20:46:36
CONT2026003440,2026-03-24 16:59:58,2026-03-25 05:05:10
CONT2026003441,2026-03-25 09:50:17,2026-03-26 11:01:39
CONT2026003442,2026-03-24 07:35:03,2026-04-02 20:26:59
CONT2026003443,2026-03-25 00:20:27,2026-04-03 15:30:08
CONT2026003444,2026-03-29 01:00:02,2026-03-30 10:05:27
CONT2026003445,2026-03-22 12:36:24,2026-03-23 00:39:15
CONT2026003446,2026-03-24 18:15:29,2026-04-03 01:31:30
CONT2026003447,2026-03-29 12:17:15,2026-04-02 23:35:30
CONT2026003448,2026-03-20 21:55:09,2026-04-03 00:49:26
CONT2026003449,2026-03-30 12:16:36,
CONT2026003450,2026-03-25 16:55:34,2026-03-26 09:49:47
CONT2026003451,2026-03-20 23:15:48,2026-03-22 12:31:24
CONT2026003452,2026-03-29 23:57:14,2026-03-31 15:50:00
CONT2026003453,2026-03-26 20:43:54,2026-03-27 23:31:01
CONT2026003454,2026-03-31 06:49:53,2026-04-01 00:11:03
CONT2026003455,2026-03-25 06:04:49,2026-04-03 03:45:39
CONT2026003456,2026-03-27 16:53:53,2026-04-03 16:49:37
CONT2026003457,2026-03-27 09:08:21,2026-04-03 07:36:07
CONT2026003458,2026-03-26 12:48:30,
CONT2026003459,2026-03-26 15:57:12,2026-03-27 22:08:32
CONT2026003460,2026-03-29 20:35:22,2026-04-04 05:09:34
CONT2026003461,2026-03-21 11:10:43,
CONT2026003462,2026-03-27 07:44:03,2026-03-28 04:29:26
CONT2026003463,2026-03-27 04:38:17,2026-03-28 11:47:04
CONT2026003464,2026-03-31 02:00:56,2026-04-01 01:52:21
CONT2026003465,2026-03-25 06:34:51,
CONT2026003466,2026-03-30 17:12:47,2026-03-31 13:07:56
CONT2026003467,2026-03-24 06:36:31,2026-03-25 03:18:17
CONT2026003468,2026-03-26 17:40:48,2026-04-04 23:26:14
CONT2026003469,2026-03-28 11:27:02,2026-04-06 00:00:44
CONT2026003470,2026-03-30 03:20:28,2026-04-05 00:24:47
CONT2026003471,2026-03-28 13:56:02,2026-04-05 00:52:02
CONT2026003472,2026-03-29 16:51:19,2026-04-04 02:48:45
CONT2026003473,2026-03-27 06:11:35,
CONT2026003474,2026-03-26 15:04:47,2026-03-27 07:49:26
CONT2026003475,2026-03-26 07:05:42,2026-04-03 22:58:07
CONT2026003476,2026-03-28 21:08:30,2026-03-30 11:15:39
CONT2026003477,2026-03-22 05:52:24,
CONT2026003478,2026-03-27 16:07:31,2026-04-04 05:33:01
CONT2026003479,2026-03-29 17:32:54,2026-03-31 04:23:59
CONT2026003480,2026-03-28 10:06:47,2026-03-29 10:04:47
CONT2026003481,2026-03-28 00:17:38,2026-04-05 05:39:17
CONT2026003482,2026-03-29 01:05:25,2026-04-05 13:39:22
CONT2026003483,2026-03-23 02:21:05,2026-03-24 00:52:44
CONT2026003484,2026-03-22 19:16:41,2026-04-04 14:25:45
CONT2026003485,2026-03-26 06:00:10,2026-03-26 20:17:23
CONT2026003486,2026-03-31 20:59:38,2026-04-01 21:13:41
CONT2026003487,2026-03-26 05:53:52,2026-03-27 02:01:57
CONT2026003488,2026-03-26 02:03:54,2026-03-26 20:53:22
CONT2026003489,2026-03-28 01:39:26,2026-04-04 20:57:47
CONT2026003490,2026-03-30 23:19:09,2026-04-04 18:45:13
CONT2026003491,2026-03-27 20:53:16,
CONT2026003492,2026-03-22 01:20:22,2026-03-22 14:27:49
CONT2026003493,2026-03-30 00:15:26,2026-03-30 21:37:46
CONT2026003494,2026-03-29 11:14:41,2026-03-30 02:28:10
CONT2026003495,2026-03-24 18:51:22,2026-03-25 17:03:47
CONT2026003496,2026-03-22 12:28:34,2026-03-23 09:10:03
CONT2026003497,2026-03-23 04:56:35,2026-04-04 00:20:24
CONT2026003498,2026-03-27 02:19:58,2026-04-04 15:24:53
CONT2026003499,2026-03-22 21:06:43,2026-04-03 18:09:04
CONT2026003500,2026-03-31 17:59:01,
CONT2026003501,2026-03-26 22:01:59,
CONT2026003502,2026-03-22 03:33:15,2026-04-04 05:56:24
CONT2026003503,2026-03-23 15:13:29,2026-04-05 08:02:54
CONT2026003504,2026-03-24 16:40:29,2026-04-04 14:23:11
CONT2026003505,2026-03-25 22:18:39,
CONT2026003506,2026-03-30 01:33:47,2026-04-05 07:29:51
CONT2026003507,2026-03-30 03:36:34,2026-04-05 14:21:51
CONT2026003508,2026-03-28 04:45:58,2026-03-28 12:45:08
CONT2026003509,2026-03-23 03:52:17,2026-03-23 18:21:57
CONT2026003510,2026-03-26 03:19:12,2026-04-04 23:04:17
CONT2026003511,2026-03-30 10:45:58,2026-03-31 17:28:56
CONT2026003512,2026-03-23 06:39:48,2026-03-23 11:48:44
CONT2026003513,2026-03-28 14:32:58,2026-04-04 16:58:20
CONT2026003514,2026-03-27 10:47:30,2026-04-04 20:38:54
CONT2026003515,2026-03-22 05:30:31,2026-04-05 06:51:31
CONT2026003516,2026-03-29 11:59:39,2026-03-30 11:24:02
CONT2026003517,2026-03-25 23:05:24,2026-03-26 20:38:07
CONT2026003518,2026-03-29 13:39:54,2026-03-29 17:39:54
CONT2026003519,2026-03-26 11:11:01,2026-03-26 22:22:06
CONT2026003520,2026-03-30 04:01:30,2026-04-05 18:10:32
CONT2026003521,2026-03-26 15:19:57,2026-03-27 21:14:55
CONT2026003522,2026-03-29 07:08:52,2026-03-31 00:16:50
CONT2026003523,2026-03-28 02:38:57,2026-04-05 00:29:31
CONT2026003524,2026-03-26 00:51:26,2026-04-04 19:36:20
CONT2026003525,2026-03-30 14:40:04,2026-03-31 07:59:47
CONT2026003526,2026-03-26 16:40:58,
CONT2026003527,2026-03-24 13:27:08,2026-03-25 07:21:48
CONT2026003528,2026-03-31 11:47:56,2026-04-01 15:19:29
CONT2026003529,2026-03-31 04:31:13,
CONT2026003530,2026-03-22 18:03:33,
CONT2026003531,2026-03-22 14:24:28,2026-04-04 13:50:40
CONT2026003532,2026-03-30 16:21:02,2026-04-04 10:25:46
CONT2026003533,2026-03-30 17:58:14,2026-04-05 07:18:08
CONT2026003534,2026-04-01 07:05:33,
CONT2026003535,2026-03-23 06:50:44,2026-03-24 16:55:28
CONT2026003536,2026-03-28 21:57:45,2026-03-29 23:57:34
CONT2026003537,2026-03-23 21:35:00,2026-03-25 12:49:25
CONT2026003538,2026-03-23 23:05:10,
CONT2026003539,2026-04-01 19:34:51,2026-04-03 01:45:09
CONT2026003540,2026-03-23 03:13:43,2026-04-04 20:44:32
CONT2026003541,2026-03-23 21:00:47,2026-03-24 19:34:49
CONT2026003542,2026-03-27 15:19:40,2026-03-28 05:29:22
CONT2026003543,2026-03-25 08:04:28,
CONT2026003544,2026-04-01 22:44:11,2026-04-04 23:55:28
CONT2026003545,2026-04-01 17:29:28,
CONT2026003546,2026-03-29 07:53:32,2026-04-05 07:38:31
CONT2026003547,2026-03-24 19:06:54,2026-03-25 14:51:59
CONT2026003548,2026-04-01 02:24:53,2026-04-05 05:49:44
CONT2026003549,2026-03-25 16:49:36,2026-04-04 23:40:05
CONT2026003550,2026-03-26 23:39:29,2026-04-05 03:17:18
CONT2026003551,2026-03-26 11:42:07,
CONT2026003552,2026-03-25 18:50:26,
CONT2026003553,2026-03-28 07:03:24,
CONT2026003554,2026-03-24 13:38:37,
CONT2026003555,2026-03-23 17:40:01,2026-03-24 14:15:09
CONT2026003556,2026-04-02 19:23:50,2026-04-03 08:35:17
CONT2026003557,2026-03-25 09:05:40,2026-04-05 21:10:49
CONT2026003558,2026-03-29 09:25:17,
CONT2026003559,2026-03-30 07:54:29,
CONT2026003560,2026-03-28 09:58:04,2026-03-29 07:37:07
CONT2026003561,2026-03-23 06:20:13,2026-04-06 05:23:51
CONT2026003562,2026-03-23 20:49:41,
CONT2026003563,2026-04-01 09:38:15,
CONT2026003564,2026-03-27 02:08:36,
CONT2026003565,2026-03-29 18:23:05,
CONT2026003566,2026-03-27 03:35:09,2026-04-05 12:50:08
CONT2026003567,2026-03-30 01:10:32,2026-04-05 13:29:21
CONT2026003568,2026-04-01 03:30:49,2026-04-01 07:30:49
CONT2026003569,2026-03-25 19:31:42,2026-03-26 16:32:41
CONT2026003570,2026-03-26 03:18:31,2026-04-05 15:19:14
CONT2026003571,2026-03-27 07:03:07,
CONT2026003572,2026-03-30 00:07:55,2026-04-06 10:46:25
CONT2026003573,2026-03-27 23:42:30,2026-04-05 11:11:55
CONT2026003574,2026-03-23 22:58:00,2026-04-06 07:55:11
CONT2026003575,2026-04-02 05:47:00,2026-04-05 21:37:05
CONT2026003576,2026-03-25 15:22:35,2026-03-27 04:31:50
CONT2026003577,2026-03-29 21:31:03,2026-04-06 03:15:44
CONT2026003578,2026-03-24 20:47:34,2026-03-25 21:16:15
CONT2026003579,2026-04-01 16:35:17,
CONT2026003580,2026-03-24 00:35:53,2026-03-24 21:26:11
CONT2026003581,2026-03-30 12:21:04,2026-04-06 22:21:58
CONT2026003582,2026-03-25 18:19:18,2026-04-06 01:46:31
CONT2026003583,2026-04-01 05:29:17,
CONT2026003584,2026-03-23 22:46:19,2026-03-24 23:58:01
CONT2026003585,2026-04-03 13:02:06,
CONT2026003586,2026-03-28 18:05:50,
CONT2026003587,2026-03-26 20:15:45,2026-04-06 06:23:49
CONT2026003588,2026-04-02 16:56:56,
CONT2026003589,2026-03-30 23:26:02,2026-04-08 02:27:11
CONT2026003590,2026-03-25 02:56:29,
CONT2026003591,2026-03-28 19:04:49,2026-04-06 11:39:44
CONT2026003592,2026-03-25 02:26:50,2026-04-07 05:08:28
CONT2026003593,2026-03-25 07:03:19,2026-04-07 04:55:12
CONT2026003594,2026-04-02 04:24:03,2026-04-02 20:49:00
CONT2026003595,2026-04-04 00:19:09,2026-04-07 06:06:00
CONT2026003596,2026-04-02 07:36:55,
CONT2026003597,2026-03-30 11:20:11,2026-03-31 03:58:39
CONT2026003598,2026-03-26 09:28:05,2026-03-26 21:16:55
CONT2026003599,2026-03-25 19:15:53,2026-04-06 15:44:37
CONT2026003600,2026-03-27 23:08:25,2026-04-07 09:47:56
CONT2026003601,2026-03-27 08:16:28,2026-04-07 02:35:57
CONT2026003602,2026-03-24 18:10:23,2026-04-07 04:39:51
CONT2026003603,2026-03-31 11:55:06,2026-04-07 10:14:35
CONT2026003604,2026-04-03 15:02:07,
CONT2026003605,2026-04-03 21:34:15,2026-04-07 04:56:36
CONT2026003606,2026-03-30 07:04:47,2026-04-06 22:32:10
CONT2026003607,2026-03-29 22:19:14,2026-04-07 15:34:17
CONT2026003608,2026-04-03 12:52:25,2026-04-06 20:52:11
CONT2026003609,2026-03-27 13:05:02,
CONT2026003610,2026-04-03 14:19:46,2026-04-04 21:07:29
CONT2026003611,2026-03-26 17:57:18,2026-04-06 10:52:24
CONT2026003612,2026-03-29 06:05:34,2026-04-07 01:21:39
CONT2026003613,2026-04-02 14:50:04,2026-04-03 19:48:35
CONT2026003614,2026-03-26 01:47:52,2026-04-06 22:24:41
CONT2026003615,2026-03-26 03:36:38,2026-04-06 18:24:06
CONT2026003616,2026-04-04 03:37:11,2026-04-07 07:22:45
CONT2026003617,2026-03-29 06:07:59,2026-04-07 06:16:47
CONT2026003618,2026-04-02 10:39:32,2026-04-08 18:42:26
CONT2026003619,2026-04-01 11:25:46,2026-04-02 02:06:17
CONT2026003620,2026-03-31 18:43:43,2026-04-08 09:03:04
CONT2026003621,2026-03-25 12:57:39,2026-03-26 13:07:24
CONT2026003622,2026-03-29 21:49:27,2026-03-31 05:02:20
CONT2026003623,2026-03-30 05:04:11,2026-03-30 21:17:14
CONT2026003624,2026-03-30 05:05:43,2026-03-31 03:23:14
CONT2026003625,2026-04-05 02:12:48,2026-04-08 02:32:42
CONT2026003626,2026-03-25 22:44:30,2026-04-07 17:02:25
CONT2026003627,2026-04-04 10:27:37,2026-04-05 12:06:37
CONT2026003628,2026-03-28 18:33:36,2026-03-29 14:41:09
CONT2026003629,2026-03-28 04:09:16,
CONT2026003630,2026-04-04 22:52:05,
CONT2026003631,2026-03-30 02:35:31,2026-04-07 21:26:36
CONT2026003632,2026-04-01 02:30:54,
CONT2026003633,2026-03-29 12:58:30,2026-04-07 19:07:41
CONT2026003634,2026-03-26 15:37:48,2026-04-08 21:52:13
CONT2026003635,2026-04-04 02:54:44,2026-04-04 18:01:31
CONT2026003636,2026-03-27 05:28:04,2026-04-08 00:02:00
CONT2026003637,2026-03-27 11:10:54,2026-04-08 19:16:32
CONT2026003638,2026-04-02 23:38:10,2026-04-04 04:43:18
CONT2026003639,2026-04-05 20:08:38,
CONT2026003640,2026-03-31 12:58:17,2026-04-08 07:08:24
CONT2026003641,2026-04-04 01:40:32,2026-04-08 18:44:36
CONT2026003642,2026-04-05 06:54:48,2026-04-05 21:47:41
CONT2026003643,2026-03-31 15:18:12,2026-04-08 21:51:30
CONT2026003644,2026-03-28 11:43:04,2026-04-08 15:38:10
CONT2026003645,2026-03-26 18:46:52,2026-03-27 07:49:40
CONT2026003646,2026-04-04 11:16:22,2026-04-08 01:31:26
CONT2026003647,2026-03-29 13:04:02,2026-04-08 18:38:23
CONT2026003648,2026-04-02 07:07:00,2026-04-09 01:50:13
CONT2026003649,2026-04-03 23:17:56,2026-04-08 11:14:44
CONT2026003650,2026-03-26 19:41:11,2026-04-08 13:00:37
CONT2026003651,2026-03-27 02:07:23,
CONT2026003652,2026-04-01 11:40:43,2026-04-08 21:43:53
CONT2026003653,2026-03-27 01:30:52,
CONT2026003654,2026-03-30 09:31:50,
CONT2026003655,2026-04-05 13:40:45,2026-04-06 08:42:35
CONT2026003656,2026-04-02 17:21:57,2026-04-09 09:10:53
CONT2026003657,2026-04-04 17:35:57,2026-04-08 16:44:32
CONT2026003658,2026-03-30 11:15:55,2026-03-31 05:38:43
CONT2026003659,2026-04-03 20:26:13,2026-04-05 03:12:12
CONT2026003660,2026-03-27 18:09:12,2026-04-09 14:13:21
CONT2026003661,2026-04-02 00:10:27,2026-04-02 21:27:05
CONT2026003662,2026-03-29 10:11:11,2026-03-30 00:31:00
CONT2026003663,2026-04-07 02:35:58,2026-04-09 18:42:16
CONT2026003664,2026-04-05 18:42:05,2026-04-06 12:42:37
CONT2026003665,2026-04-06 18:20:53,2026-04-09 13:50:48
CONT2026003666,2026-04-03 04:32:45,2026-04-04 09:10:28
CONT2026003667,2026-04-07 00:19:32,2026-04-07 11:48:39
CONT2026003668,2026-04-02 02:34:45,2026-04-09 23:16:03
CONT2026003669,2026-04-02 12:46:04,2026-04-02 22:06:05
CONT2026003670,2026-03-31 14:12:29,2026-04-10 06:39:32
CONT2026003671,2026-04-05 13:05:40,2026-04-10 06:37:24
CONT2026003672,2026-04-04 17:00:00,
CONT2026003673,2026-03-31 21:52:31,2026-04-02 03:27:51
CONT2026003674,2026-04-05 00:13:59,2026-04-05 04:13:59
CONT2026003675,2026-03-30 18:17:20,2026-03-31 16:02:36
CONT2026003676,2026-04-02 11:09:40,2026-04-10 14:30:11
CONT2026003677,2026-03-31 10:55:20,
CONT2026003678,2026-04-06 09:58:01,2026-04-07 07:20:12
CONT2026003679,2026-03-30 20:31:59,2026-03-31 12:28:41
CONT2026003680,2026-03-29 01:55:27,2026-03-29 08:48:53
CONT2026003681,2026-04-05 13:59:41,2026-04-06 02:02:58
CONT2026003682,2026-04-06 21:23:12,2026-04-07 07:04:50
CONT2026003683,2026-03-28 05:41:25,2026-03-28 21:20:05
CONT2026003684,2026-04-02 03:11:06,2026-04-02 22:02:26
CONT2026003685,2026-03-31 15:45:26,2026-04-09 23:04:35
CONT2026003686,2026-04-01 18:12:17,2026-04-11 02:08:13
CONT2026003687,2026-04-06 23:15:43,2026-04-08 05:37:24
CONT2026003688,2026-04-02 18:49:56,
CONT2026003689,2026-04-05 23:41:46,2026-04-10 00:24:08
CONT2026003690,2026-03-31 01:23:19,2026-04-10 08:01:03
CONT2026003691,2026-04-02 04:26:15,2026-04-08 23:02:25
CONT2026003692,2026-04-01 10:23:34,2026-04-11 00:55:48
CONT2026003693,2026-04-06 18:36:42,2026-04-07 19:23:11
CONT2026003694,2026-04-03 03:46:59,2026-04-10 15:45:42
CONT2026003695,2026-04-03 19:25:38,2026-04-10 06:35:39
CONT2026003696,2026-04-03 01:17:54,2026-04-04 00:16:58
CONT2026003697,2026-03-30 13:46:13,
CONT2026003698,2026-04-01 00:56:38,2026-04-01 19:37:49
CONT2026003699,2026-04-01 13:36:49,2026-04-02 12:11:22
CONT2026003700,2026-04-06 00:10:08,2026-04-10 07:56:29
CONT2026003701,2026-04-06 02:26:32,
CONT2026003702,2026-04-06 10:51:26,
CONT2026003703,2026-04-02 19:30:25,2026-04-03 18:19:11
CONT2026003704,2026-03-27 13:55:15,2026-04-09 07:50:08
CONT2026003705,2026-04-06 16:49:13,2026-04-10 06:56:33
CONT2026003706,2026-04-05 11:35:19,2026-04-10 10:55:40
CONT2026003707,2026-03-28 21:15:13,2026-04-10 09:35:15
CONT2026003708,2026-04-02 06:21:24,
CONT2026003709,2026-03-28 09:52:23,2026-04-10 05:34:39
CONT2026003710,2026-03-30 22:19:12,
CONT2026003711,2026-04-05 15:00:42,
CONT2026003712,2026-03-28 17:59:25,2026-03-29 13:42:05
CONT2026003713,2026-04-06 08:57:12,2026-04-06 17:55:05
CONT2026003714,2026-04-03 01:56:03,
CONT2026003715,2026-03-29 16:12:55,2026-03-30 09:45:55
CONT2026003716,2026-04-06 14:23:39,2026-04-06 18:59:42
CONT2026003717,2026-04-01 03:16:17,2026-04-09 12:38:07
CONT2026003718,2026-04-03 23:30:28,2026-04-04 14:04:12
CONT2026003719,2026-04-08 06:52:12,2026-04-08 10:52:12
CONT2026003720,2026-03-30 01:34:46,2026-04-12 02:32:57
CONT2026003721,2026-04-05 04:23:59,
CONT2026003722,2026-04-01 14:38:28,2026-04-02 05:53:20
CONT2026003723,2026-03-29 12:13:01,2026-03-30 07:56:28
CONT2026003724,2026-04-06 14:13:35,2026-04-11 16:46:41
CONT2026003725,2026-04-02 08:22:20,2026-04-03 14:34:45
CONT2026003726,2026-03-31 05:21:14,2026-04-12 05:12:17
CONT2026003727,2026-03-30 05:45:36,
CONT2026003728,2026-03-31 02:44:57,2026-03-31 22:46:11
CONT2026003729,2026-03-31 16:28:36,2026-04-12 15:16:29
CONT2026003730,2026-03-29 23:19:39,2026-04-11 03:27:26
CONT2026003731,2026-04-05 18:25:08,2026-04-12 04:46:42
CONT2026003732,2026-04-01 20:40:43,2026-04-11 19:26:29
CONT2026003733,2026-03-31 05:28:29,2026-04-11 13:11:10
CONT2026003734,2026-04-05 12:17:35,2026-04-11 20:57:17
CONT2026003735,2026-04-01 00:47:54,
CONT2026003736,2026-04-01 16:46:51,2026-04-02 21:21:56
CONT2026003737,2026-04-05 13:07:44,2026-04-11 05:20:28
CONT2026003738,2026-04-07 01:03:00,
CONT2026003739,2026-04-05 23:15:49,2026-04-11 13:34:07
CONT2026003740,2026-04-04 23:51:36,
CONT2026003741,2026-04-04 14:59:54,
CONT2026003742,2026-04-04 07:02:32,2026-04-10 23:50:43
CONT2026003743,2026-04-05 19:12:27,2026-04-06 21:05:02
CONT2026003744,2026-04-04 20:47:44,2026-04-05 18:51:02
CONT2026003745,2026-04-03 11:00:16,2026-04-04 02:31:58
CONT2026003746,2026-04-03 09:46:10,2026-04-11 13:40:30
CONT2026003747,2026-04-04 17:34:12,2026-04-05 22:51:11
CONT2026003748,2026-04-05 07:09:14,
CONT2026003749,2026-04-07 14:03:16,2026-04-08 06:54:12
CONT2026003750,2026-04-07 07:58:08,2026-04-11 07:58:45
CONT2026003751,2026-04-04 16:01:33,2026-04-05 04:42:43
CONT2026003752,2026-04-02 12:15:16,
CONT2026003753,2026-03-31 10:54:18,2026-04-12 05:39:06
CONT2026003754,2026-04-04 03:17:18,2026-04-11 13:19:35
CONT2026003755,2026-03-31 19:43:02,
CONT2026003756,2026-04-05 21:56:59,2026-04-07 01:28:59
CONT2026003757,2026-04-09 08:27:19,2026-04-12 05:04:42
CONT2026003758,2026-04-06 06:43:20,2026-04-07 05:17:12
CONT2026003759,2026-03-30 07:40:25,2026-04-12 10:04:25
CONT2026003760,2026-04-08 08:10:39,2026-04-09 11:03:12
CONT2026003761,2026-04-08 01:44:14,2026-04-08 15:09:22
CONT2026003762,2026-04-06 10:19:28,
CONT2026003763,2026-04-05 09:10:22,2026-04-06 13:28:11
CONT2026003764,2026-04-05 05:38:28,2026-04-11 20:38:10
CONT2026003765,2026-04-01 03:52:47,2026-04-13 01:06:39
CONT2026003766,2026-04-05 13:36:52,2026-04-07 02:27:56
CONT2026003767,2026-03-30 17:04:33,2026-03-30 21:04:33
CONT2026003768,2026-04-07 01:06:59,2026-04-07 18:47:06
CONT2026003769,2026-04-03 12:55:33,2026-04-12 04:07:22
CONT2026003770,2026-04-01 22:12:30,2026-04-02 16:22:59
CONT2026003771,2026-04-04 11:07:16,2026-04-05 08:02:14
CONT2026003772,2026-04-02 00:26:57,2026-04-02 20:49:02
CONT2026003773,2026-04-06 09:16:27,2026-04-06 21:32:28
CONT2026003774,2026-03-29 23:49:29,2026-03-30 23:33:32
CONT2026003775,2026-03-30 15:55:45,2026-04-12 05:12:15
CONT2026003776,2026-04-04 03:13:28,2026-04-12 13:20:03
CONT2026003777,2026-04-07 22:23:01,2026-04-12 06:03:37
CONT2026003778,2026-04-01 14:10:15,2026-04-01 18:10:15
CONT2026003779,2026-04-07 13:25:09,
CONT2026003780,2026-04-03 21:22:36,2026-04-04 18:41:35
CONT2026003781,2026-03-30 20:08:30,2026-03-31 22:47:15
CONT2026003782,2026-04-08 20:33:03,2026-04-12 04:08:50
CONT2026003783,2026-04-01 20:50:27,2026-04-12 10:19:32
CONT2026003784,2026-04-04 04:13:09,2026-04-11 23:41:13
CONT2026003785,2026-04-02 07:25:51,
CONT2026003786,2026-04-06 18:05:38,2026-04-12 13:27:37
CONT2026003787,2026-03-31 12:57:19,2026-04-11 01:02:51
CONT2026003788,2026-04-09 05:15:15,2026-04-10 08:45:00
CONT2026003789,2026-03-30 02:23:03,2026-04-12 01:02:24
CONT2026003790,2026-04-06 16:12:44,2026-04-12 10:32:50
CONT2026003791,2026-04-06 00:36:35,2026-04-13 04:27:36
CONT2026003792,2026-04-05 00:07:55,2026-04-05 22:35:24
CONT2026003793,2026-04-10 01:30:50,2026-04-10 13:18:10
CONT2026003794,2026-04-09 07:12:01,2026-04-12 08:53:04
CONT2026003795,2026-03-31 11:50:33,2026-04-01 10:05:49
CONT2026003796,2026-04-01 19:29:59,2026-04-13 09:38:42
CONT2026003797,2026-04-07 21:56:51,2026-04-09 04:16:34
CONT2026003798,2026-04-07 22:11:01,2026-04-09 01:44:47
CONT2026003799,2026-03-30 14:01:10,2026-03-31 04:48:46
CONT2026003800,2026-04-08 13:59:21,
CONT2026003801,2026-04-08 14:20:48,2026-04-13 01:10:49
CONT2026003802,2026-04-07 23:30:33,2026-04-08 16:47:22
CONT2026003803,2026-04-06 11:34:28,2026-04-12 03:40:12
CONT2026003804,2026-04-04 13:10:04,2026-04-05 06:35:08
CONT2026003805,2026-04-09 08:45:09,2026-04-10 19:46:56
CONT2026003806,2026-04-07 15:43:13,2026-04-08 07:33:20
CONT2026003807,2026-04-09 08:23:18,2026-04-13 01:35:39
CONT2026003808,2026-04-08 21:41:17,2026-04-09 19:19:55
CONT2026003809,2026-04-02 19:55:47,2026-04-03 13:42:32
CONT2026003810,2026-04-01 12:09:34,2026-04-13 05:04:45
CONT2026003811,2026-04-06 09:16:29,
CONT2026003812,2026-04-04 23:40:14,2026-04-06 07:21:07
CONT2026003813,2026-04-09 00:03:29,
CONT2026003814,2026-03-31 23:38:25,2026-04-13 10:35:09
CONT2026003815,2026-04-07 14:07:14,2026-04-08 14:30:33
CONT2026003816,2026-04-06 19:19:13,2026-04-07 12:42:09
CONT2026003817,2026-04-02 11:22:38,2026-04-12 15:44:05
CONT2026003818,2026-04-09 11:11:03,2026-04-12 20:44:30
CONT2026003819,2026-04-09 06:15:00,2026-04-13 14:12:50
CONT2026003820,2026-03-31 04:14:03,2026-04-12 20:21:39
CONT2026003821,2026-04-05 00:04:21,2026-04-06 05:18:42
CONT2026003822,2026-04-01 16:43:18,2026-04-02 10:56:22
CONT2026003823,2026-04-06 13:13:41,2026-04-07 09:28:50
CONT2026003824,2026-04-07 09:49:49,2026-04-14 16:12:28
CONT2026003825,2026-04-09 23:26:24,2026-04-14 09:11:49
CONT2026003826,2026-04-07 20:42:01,2026-04-08 14:10:16
CONT2026003827,2026-04-02 13:25:28,2026-04-03 05:36:52
CONT2026003828,2026-04-10 02:58:08,2026-04-11 04:45:41
CONT2026003829,2026-04-03 03:40:07,2026-04-14 01:47:16
CONT2026003830,2026-04-10 18:43:54,2026-04-11 23:26:36
CONT2026003831,2026-04-02 01:21:45,2026-04-14 08:37:17
CONT2026003832,2026-04-03 04:20:09,2026-04-13 12:48:21
CONT2026003833,2026-04-07 10:14:30,2026-04-14 08:37:55
CONT2026003834,2026-04-05 13:24:32,
CONT2026003835,2026-04-05 00:46:31,2026-04-14 06:27:37
CONT2026003836,2026-04-10 15:51:03,2026-04-10 19:51:03
CONT2026003837,2026-04-05 03:46:05,2026-04-13 14:14:55
CONT2026003838,2026-04-06 06:39:43,
CONT2026003839,2026-04-03 21:23:56,
CONT2026003840,2026-04-03 16:31:11,2026-04-04 23:29:29
CONT2026003841,2026-04-07 10:09:46,2026-04-14 05:45:09
CONT2026003842,2026-04-09 12:11:55,2026-04-14 00:55:33
CONT2026003843,2026-04-09 00:06:38,2026-04-10 05:30:52
CONT2026003844,2026-04-01 15:38:34,2026-04-02 10:13:34
CONT2026003845,2026-04-08 23:26:57,2026-04-10 06:52:49
CONT2026003846,2026-04-04 10:49:00,2026-04-05 05:32:26
CONT2026003847,2026-04-10 18:54:24,2026-04-11 22:14:56
CONT2026003848,2026-04-02 02:56:08,2026-04-02 06:56:08
CONT2026003849,2026-04-02 10:56:39,2026-04-03 12:58:00
CONT2026003850,2026-04-07 11:49:09,2026-04-14 06:39:10
CONT2026003851,2026-04-02 19:38:38,2026-04-14 15:55:06
CONT2026003852,2026-04-08 09:06:15,2026-04-14 15:34:08
CONT2026003853,2026-04-10 14:57:05,2026-04-15 00:18:33
CONT2026003854,2026-04-05 23:50:59,2026-04-06 20:38:40
CONT2026003855,2026-03-31 22:53:06,2026-04-14 08:27:27
CONT2026003856,2026-04-03 15:48:18,2026-04-13 22:17:45
CONT2026003857,2026-04-02 14:04:04,2026-04-14 22:42:33
CONT2026003858,2026-04-11 12:00:51,2026-04-14 01:00:02
CONT2026003859,2026-04-03 02:49:28,2026-04-03 22:52:19
CONT2026003860,2026-04-09 19:03:37,
CONT2026003861,2026-04-09 02:58:13,2026-04-10 00:13:37
CONT2026003862,2026-04-03 04:47:23,
CONT2026003863,2026-04-04 20:58:03,2026-04-15 17:56:16
CONT2026003864,2026-04-09 14:32:34,2026-04-10 12:06:31
CONT2026003865,2026-04-11 16:57:10,2026-04-12 23:35:07
CONT2026003866,2026-04-09 17:00:51,2026-04-10 09:54:48
CONT2026003867,2026-04-03 10:01:34,
CONT2026003868,2026-04-09 02:44:40,2026-04-15 14:07:43
CONT2026003869,2026-04-04 06:14:13,
CONT2026003870,2026-04-04 15:02:18,
CONT2026003871,2026-04-11 16:15:08,2026-04-14 21:45:25
CONT2026003872,2026-04-10 07:19:45,2026-04-10 22:05:16
CONT2026003873,2026-04-05 17:58:57,2026-04-15 14:23:29
CONT2026003874,2026-04-04 08:48:28,2026-04-05 11:25:08
CONT2026003875,2026-04-12 02:54:30,2026-04-12 23:59:50
CONT2026003876,2026-04-08 17:56:59,2026-04-09 03:38:29
CONT2026003877,2026-04-06 04:49:02,2026-04-15 08:19:45
CONT2026003878,2026-04-08 01:48:32,2026-04-08 23:07:37
CONT2026003879,2026-04-03 18:17:56,
CONT2026003880,2026-04-12 18:08:54,2026-04-15 22:53:04
CONT2026003881,2026-04-12 21:23:20,2026-04-16 01:56:22
CONT2026003882,2026-04-01 21:46:17,
CONT2026003883,2026-04-09 04:10:18,2026-04-16 01:50:20
CONT2026003884,2026-04-11 10:25:42,2026-04-16 04:29:56
CONT2026003885,2026-04-12 00:20:39,2026-04-12 21:24:09
CONT2026003886,2026-04-11 03:24:45,2026-04-15 21:19:54
CONT2026003887,2026-04-05 00:05:53,2026-04-05 08:38:26
CONT2026003888,2026-04-06 14:56:50,2026-04-07 14:41:48
CONT2026003889,2026-04-08 19:40:19,2026-04-16 13:23:28
CONT2026003890,2026-04-10 10:26:50,2026-04-11 05:12:14
CONT2026003891,2026-04-10 12:30:26,2026-04-16 02:56:55
CONT2026003892,2026-04-07 09:32:16,2026-04-15 22:27:04
CONT2026003893,2026-04-09 07:07:03,2026-04-09 17:18:32
CONT2026003894,2026-04-09 13:20:38,2026-04-16 04:49:10
CONT2026003895,2026-04-06 23:53:49,2026-04-15 21:27:45
CONT2026003896,2026-04-05 04:38:56,2026-04-17 02:46:46
CONT2026003897,2026-04-13 10:44:46,2026-04-14 07:07:15
CONT2026003898,2026-04-05 09:35:19,2026-04-16 19:48:21
CONT2026003899,2026-04-12 03:32:12,2026-04-12 22:30:28
CONT2026003900,2026-04-03 10:32:19,2026-04-16 13:00:47
CONT2026003901,2026-04-04 10:04:00,2026-04-17 11:12:37
CONT2026003902,2026-04-05 01:59:09,
CONT2026003903,2026-04-07 09:04:35,2026-04-08 05:22:23
CONT2026003904,2026-04-13 01:45:17,2026-04-17 01:21:36
CONT2026003905,2026-04-06 11:59:28,2026-04-07 13:01:07
CONT2026003906,2026-04-03 07:39:47,2026-04-17 02:27:26
CONT2026003907,2026-04-03 07:59:26,
CONT2026003908,2026-04-03 17:41:51,2026-04-15 22:29:29
CONT2026003909,2026-04-05 01:55:07,2026-04-05 14:17:54
CONT2026003910,2026-04-11 19:04:10,
CONT2026003911,2026-04-03 16:32:04,2026-04-16 09:38:45
CONT2026003912,2026-04-08 10:32:02,2026-04-16 19:33:14
CONT2026003913,2026-04-13 09:02:02,2026-04-14 16:25:24
CONT2026003914,2026-04-06 09:03:29,
CONT2026003915,2026-04-13 07:41:16,2026-04-14 07:10:47
CONT2026003916,2026-04-07 16:22:16,2026-04-08 09:19:51
CONT2026003917,2026-04-09 08:36:27,2026-04-16 13:05:28
CONT2026003918,2026-04-04 18:07:31,2026-04-05 12:07:09
CONT2026003919,2026-04-11 00:26:46,2026-04-11 18:36:05
CONT2026003920,2026-04-12 23:57:38,2026-04-14 14:02:19
CONT2026003921,2026-04-10 18:39:04,2026-04-11 23:41:39
CONT2026003922,2026-04-07 04:09:22,
CONT2026003923,2026-04-04 06:42:31,2026-04-05 04:31:37
CONT2026003924,2026-04-13 05:42:23,2026-04-16 08:38:19
CONT2026003925,2026-04-06 12:53:06,2026-04-16 11:59:44
CONT2026003926,2026-04-04 13:50:20,
CONT2026003927,2026-04-03 15:41:35,
CONT2026003928,2026-04-11 10:47:36,2026-04-16 18:44:32
CONT2026003929,2026-04-12 08:32:00,2026-04-13 07:04:26
CONT2026003930,2026-04-12 09:46:12,2026-04-16 14:15:31
CONT2026003931,2026-04-13 10:44:39,2026-04-14 03:23:35
CONT2026003932,2026-04-06 17:20:33,2026-04-17 00:54:29
CONT2026003933,2026-04-13 11:04:35,2026-04-14 02:53:05
CONT2026003934,2026-04-09 13:44:05,2026-04-17 14:16:50
CONT2026003935,2026-04-03 00:44:34,2026-04-16 01:55:40
CONT2026003936,2026-04-12 10:49:49,
CONT2026003937,2026-04-06 23:51:53,
CONT2026003938,2026-04-09 10:00:52,2026-04-10 09:01:08
CONT2026003939,2026-04-03 19:43:47,2026-04-16 18:30:27
CONT2026003940,2026-04-05 19:44:43,
CONT2026003941,2026-04-09 10:00:22,2026-04-16 11:15:25
CONT2026003942,2026-04-10 09:08:21,2026-04-11 08:48:28
CONT2026003943,2026-04-13 04:45:33,2026-04-16 06:25:34
CONT2026003944,2026-04-04 17:16:55,2026-04-17 01:21:09
CONT2026003945,2026-04-07 11:10:18,2026-04-08 03:42:54
CONT2026003946,2026-04-10 00:42:54,
CONT2026003947,2026-04-13 18:13:13,
CONT2026003948,2026-04-10 03:44:43,2026-04-16 20:21:15
CONT2026003949,2026-04-05 20:11:20,2026-04-07 05:45:54
CONT2026003950,2026-04-12 12:16:57,
CONT2026003951,2026-04-13 03:31:39,2026-04-14 00:23:01
CONT2026003952,2026-04-03 11:54:06,2026-04-04 07:27:22
CONT2026003953,2026-04-13 12:22:35,2026-04-16 12:01:10
CONT2026003954,2026-04-11 23:12:07,2026-04-16 21:17:44
CONT2026003955,2026-04-05 02:50:04,2026-04-17 08:26:26
CONT2026003956,2026-04-11 08:25:30,2026-04-12 08:12:18
CONT2026003957,2026-04-14 01:13:40,2026-04-16 12:26:36
CONT2026003958,2026-04-09 09:27:12,2026-04-17 02:52:43
CONT2026003959,2026-04-12 08:14:24,2026-04-16 18:19:09
CONT2026003960,2026-04-10 16:29:55,2026-04-16 10:15:24
CONT2026003961,2026-04-03 15:32:56,2026-04-04 05:41:03
CONT2026003962,2026-04-04 12:50:38,
CONT2026003963,2026-04-08 21:15:32,
CONT2026003964,2026-04-08 19:54:31,2026-04-17 09:41:59
CONT2026003965,2026-04-12 18:20:56,2026-04-16 06:46:33
CONT2026003966,2026-04-13 14:32:12,2026-04-17 11:57:28
CONT2026003967,2026-04-13 19:31:52,2026-04-17 11:57:12
CONT2026003968,2026-04-11 15:45:54,
CONT2026003969,2026-04-14 10:13:36,
CONT2026003970,2026-04-13 01:22:07,
CONT2026003971,2026-04-12 18:26:13,2026-04-17 17:20:26
CONT2026003972,2026-04-04 06:28:23,
CONT2026003973,2026-04-05 00:27:44,2026-04-05 17:01:12
CONT2026003974,2026-04-10 21:50:37,2026-04-17 22:08:32
CONT2026003975,2026-04-08 00:17:07,2026-04-17 02:32:03
CONT2026003976,2026-04-06 07:49:25,2026-04-17 11:18:37
CONT2026003977,2026-04-12 21:41:04,2026-04-18 11:29:18
CONT2026003978,2026-04-14 20:26:09,2026-04-15 23:37:23
CONT2026003979,2026-04-12 04:27:13,2026-04-18 00:12:05
CONT2026003980,2026-04-04 23:07:13,
CONT2026003981,2026-04-07 16:13:02,
CONT2026003982,2026-04-07 04:47:56,2026-04-18 08:34:58
CONT2026003983,2026-04-05 17:20:05,2026-04-06 16:26:41
CONT2026003984,2026-04-11 11:42:15,2026-04-12 17:46:05
CONT2026003985,2026-04-07 01:29:24,2026-04-18 16:46:11
CONT2026003986,2026-04-05 07:53:18,2026-04-18 05:07:29
CONT2026003987,2026-04-08 03:57:44,2026-04-09 05:21:16
CONT2026003988,2026-04-12 16:01:42,2026-04-18 10:34:22
CONT2026003989,2026-04-06 09:39:42,2026-04-06 16:38:49
CONT2026003990,2026-04-12 13:35:00,
CONT2026003991,2026-04-06 00:11:17,2026-04-07 02:05:11
CONT2026003992,2026-04-09 02:10:45,2026-04-18 15:58:52
CONT2026003993,2026-04-06 16:45:16,2026-04-18 05:06:25
CONT2026003994,2026-04-13 04:54:27,
CONT2026003995,2026-04-06 17:07:45,2026-04-08 07:36:37
CONT2026003996,2026-04-09 22:54:42,2026-04-18 17:40:22
CONT2026003997,2026-04-05 08:14:04,2026-04-18 12:22:17
CONT2026003998,2026-04-15 15:29:03,2026-04-18 09:28:01
CONT2026003999,2026-04-07 06:30:59,2026-04-18 13:34:04
CONT2026004000,2026-04-12 04:13:15,
CONT2026004001,2026-04-06 01:19:16,2026-04-06 16:08:39
CONT2026004002,2026-04-08 10:30:27,2026-04-09 06:17:35
CONT2026004003,2026-04-09 01:19:55,2026-04-17 12:16:08
CONT2026004004,2026-04-10 07:27:35,2026-04-11 06:43:59
CONT2026004005,2026-04-13 18:16:59,2026-04-18 03:40:23
CONT2026004006,2026-04-13 01:25:00,2026-04-14 01:39:02
CONT2026004007,2026-04-10 01:21:37,2026-04-18 14:33:56
CONT2026004008,2026-04-15 00:19:47,
CONT2026004009,2026-04-13 08:19:29,2026-04-18 07:52:40
CONT2026004010,2026-04-10 19:27:14,2026-04-18 10:43:48
CONT2026004011,2026-04-15 05:47:05,2026-04-16 10:03:09
CONT2026004012,2026-04-09 16:03:17,2026-04-18 21:08:17
CONT2026004013,2026-04-06 23:40:28,2026-04-17 22:30:14
CONT2026004014,2026-04-13 19:35:57,2026-04-17 20:42:40
CONT2026004015,2026-04-11 20:45:52,2026-04-19 01:27:25
CONT2026004016,2026-04-08 12:59:41,2026-04-18 05:20:19
CONT2026004017,2026-04-06 04:21:05,2026-04-18 15:49:17
CONT2026004018,2026-04-10 15:26:48,
CONT2026004019,2026-04-14 18:25:15,2026-04-18 08:31:23
CONT2026004020,2026-04-10 16:07:28,2026-04-11 14:06:04
CONT2026004021,2026-04-07 18:59:43,
CONT2026004022,2026-04-15 12:50:22,2026-04-18 17:46:17
CONT2026004023,2026-04-07 10:14:53,2026-04-17 21:03:55
CONT2026004024,2026-04-14 02:21:23,
CONT2026004025,2026-04-11 02:05:55,2026-04-18 07:19:07
CONT2026004026,2026-04-05 22:29:20,2026-04-18 21:23:01
CONT2026004027,2026-04-14 17:40:22,2026-04-19 05:13:29
CONT2026004028,2026-04-10 04:07:04,2026-04-10 20:09:04
CONT2026004029,2026-04-11 19:11:00,2026-04-12 10:24:03
CONT2026004030,2026-04-05 23:33:44,
CONT2026004031,2026-04-12 07:47:26,
CONT2026004032,2026-04-15 14:26:08,2026-04-16 08:17:03
CONT2026004033,2026-04-10 10:41:34,2026-04-18 14:02:38
CONT2026004034,2026-04-11 17:10:04,2026-04-11 21:10:04
CONT2026004035,2026-04-07 03:55:12,2026-04-07 19:35:56
CONT2026004036,2026-04-11 13:11:17,2026-04-18 05:32:33
CONT2026004037,2026-04-12 17:16:42,2026-04-18 13:55:49
CONT2026004038,2026-04-11 07:27:39,2026-04-12 14:22:00
CONT2026004039,2026-04-05 06:03:29,2026-04-05 20:24:13
CONT2026004040,2026-04-10 17:23:16,2026-04-18 00:32:50
CONT2026004041,2026-04-14 22:41:26,2026-04-18 08:28:32
CONT2026004042,2026-04-11 14:37:26,2026-04-12 19:47:27
CONT2026004043,2026-04-07 02:45:33,2026-04-18 18:16:17
CONT2026004044,2026-04-06 08:41:14,2026-04-19 06:19:53
CONT2026004045,2026-04-13 12:38:55,2026-04-14 16:47:58
CONT2026004046,2026-04-12 17:28:19,2026-04-19 04:08:08
CONT2026004047,2026-04-05 07:27:54,2026-04-06 13:02:27
CONT2026004048,2026-04-08 10:09:31,2026-04-18 12:48:01
CONT2026004049,2026-04-15 10:03:11,2026-04-16 05:04:07
CONT2026004050,2026-04-07 11:13:29,2026-04-08 21:06:54
CONT2026004051,2026-04-16 08:39:43,2026-04-16 21:33:03
CONT2026004052,2026-04-12 11:51:51,2026-04-18 14:41:38
CONT2026004053,2026-04-07 04:32:32,2026-04-08 00:54:55
CONT2026004054,2026-04-11 03:24:07,
CONT2026004055,2026-04-07 21:10:40,2026-04-18 10:21:55
CONT2026004056,2026-04-10 17:49:52,2026-04-11 16:17:13
CONT2026004057,2026-04-07 11:53:24,2026-04-19 06:03:57
CONT2026004058,2026-04-15 08:44:17,2026-04-15 15:52:36
CONT2026004059,2026-04-10 12:49:41,2026-04-18 11:32:20
CONT2026004060,2026-04-12 23:40:46,2026-04-18 06:08:11
CONT2026004061,2026-04-05 16:00:39,2026-04-06 07:36:09
CONT2026004062,2026-04-08 02:10:43,2026-04-08 07:26:28
CONT2026004063,2026-04-05 22:45:34,2026-04-18 23:47:26
CONT2026004064,2026-04-11 20:14:21,2026-04-18 14:13:35
CONT2026004065,2026-04-15 21:13:34,2026-04-16 15:07:15
CONT2026004066,2026-04-05 05:37:52,2026-04-19 07:12:18
CONT2026004067,2026-04-10 12:25:49,2026-04-21 18:43:46
CONT2026004068,2026-04-11 11:10:50,2026-04-12 18:38:59
CONT2026004069,2026-04-12 01:25:43,2026-04-12 20:16:41
CONT2026004070,2026-04-12 04:20:11,2026-04-12 21:28:11
CONT2026004071,2026-04-16 18:44:56,2026-04-21 04:11:44
CONT2026004072,2026-04-09 04:31:42,2026-04-10 08:49:52
CONT2026004073,2026-04-17 06:53:43,2026-04-20 10:00:00
CONT2026004074,2026-04-13 06:34:20,2026-04-14 02:24:58
CONT2026004075,2026-04-11 18:33:28,2026-04-21 06:28:12
CONT2026004076,2026-04-13 08:14:49,2026-04-14 11:51:44
CONT2026004077,2026-04-17 00:39:06,2026-04-18 09:28:32
CONT2026004078,2026-04-15 15:11:51,2026-04-21 20:24:23
CONT2026004079,2026-04-08 16:00:11,
CONT2026004080,2026-04-12 04:12:54,
CONT2026004081,2026-04-18 07:11:45,2026-04-21 23:25:51
CONT2026004082,2026-04-16 18:14:22,2026-04-22 01:53:28
CONT2026004083,2026-04-10 15:51:37,2026-04-21 20:47:29
CONT2026004084,2026-04-10 16:16:20,2026-04-12 03:23:51
CONT2026004085,2026-04-09 16:16:46,2026-04-10 09:41:10
CONT2026004086,2026-04-07 20:28:14,2026-04-08 16:21:33
CONT2026004087,2026-04-12 23:53:10,2026-04-22 15:47:13
CONT2026004088,2026-04-13 05:11:29,2026-04-14 11:28:49
CONT2026004089,2026-04-09 23:03:42,2026-04-20 20:40:16
CONT2026004090,2026-04-12 23:22:49,2026-04-14 01:14:26
CONT2026004091,2026-04-12 08:35:10,2026-04-13 01:55:57
CONT2026004092,2026-04-12 13:30:54,2026-04-13 11:45:15
CONT2026004093,2026-04-09 16:34:15,2026-04-10 10:43:44
CONT2026004094,2026-04-18 06:49:50,2026-04-21 15:45:09
CONT2026004095,2026-04-13 23:40:21,2026-04-20 19:46:07
CONT2026004096,2026-04-16 14:29:12,2026-04-21 11:44:41
CONT2026004097,2026-04-09 10:31:25,2026-04-22 09:31:52
CONT2026004098,2026-04-17 06:33:16,2026-04-18 14:44:09
CONT2026004099,2026-04-09 12:40:44,2026-04-10 16:54:52
CONT2026004100,2026-04-10 15:23:54,2026-04-12 00:31:07
CONT2026004101,2026-04-08 00:02:00,2026-04-22 04:40:13
CONT2026004102,2026-04-10 18:54:30,
CONT2026004103,2026-04-07 12:50:01,2026-04-21 16:21:55
CONT2026004104,2026-04-15 18:48:43,2026-04-21 18:57:03
CONT2026004105,2026-04-11 15:45:27,2026-04-22 22:34:55
CONT2026004106,2026-04-11 01:45:53,2026-04-12 02:47:17
CONT2026004107,2026-04-09 16:34:06,2026-04-22 20:28:19
CONT2026004108,2026-04-14 05:17:47,2026-04-15 06:26:07
CONT2026004109,2026-04-10 06:16:10,2026-04-11 04:26:40
CONT2026004110,2026-04-12 03:59:37,2026-04-21 14:22:14
CONT2026004111,2026-04-09 20:28:51,2026-04-22 20:14:35
CONT2026004112,2026-04-19 09:58:03,2026-04-22 01:21:14
CONT2026004113,2026-04-11 09:39:08,2026-04-12 02:37:32
CONT2026004114,2026-04-12 22:20:56,
CONT2026004115,2026-04-14 07:30:32,2026-04-15 03:05:11
CONT2026004116,2026-04-17 16:34:58,2026-04-22 18:30:56
CONT2026004117,2026-04-15 10:20:45,2026-04-21 12:48:31
CONT2026004118,2026-04-08 22:35:52,2026-04-22 19:50:52
CONT2026004119,2026-04-12 12:59:40,2026-04-13 01:45:35
CONT2026004120,2026-04-12 17:34:36,
CONT2026004121,2026-04-15 15:11:57,2026-04-16 11:23:45
CONT2026004122,2026-04-09 04:20:07,2026-04-22 04:42:30
CONT2026004123,2026-04-17 04:46:54,2026-04-22 08:23:00
CONT2026004124,2026-04-14 07:28:42,2026-04-22 21:33:48
CONT2026004125,2026-04-19 06:24:35,2026-04-22 09:22:42
CONT2026004126,2026-04-19 09:06:29,2026-04-19 21:06:16
CONT2026004127,2026-04-12 12:01:28,
CONT2026004128,2026-04-09 12:56:32,2026-04-22 12:06:24
CONT2026004129,2026-04-10 20:33:28,2026-04-22 04:41:33
CONT2026004130,2026-04-15 06:41:41,2026-04-15 20:23:53
CONT2026004131,2026-04-11 20:59:54,2026-04-21 23:13:01
CONT2026004132,2026-04-18 12:28:20,2026-04-22 12:45:12
CONT2026004133,2026-04-14 00:00:19,2026-04-15 12:57:26
CONT2026004134,2026-04-11 15:54:11,2026-04-23 11:04:25
CONT2026004135,2026-04-15 08:11:48,2026-04-23 13:41:52
CONT2026004136,2026-04-12 01:55:47,
CONT2026004137,2026-04-16 05:09:12,2026-04-22 15:13:40
CONT2026004138,2026-04-19 18:29:09,2026-04-19 22:29:09
CONT2026004139,2026-04-20 07:14:21,2026-04-20 13:47:26
CONT2026004140,2026-04-16 06:06:04,2026-04-23 20:59:33
CONT2026004141,2026-04-16 00:02:01,2026-04-23 18:42:57
CONT2026004142,2026-04-13 16:43:19,2026-04-14 19:56:39
CONT2026004143,2026-04-18 05:16:55,
CONT2026004144,2026-04-11 01:55:29,2026-04-23 10:39:15
CONT2026004145,2026-04-20 04:32:16,2026-04-24 00:54:21
CONT2026004146,2026-04-18 09:04:48,2026-04-19 12:27:09
CONT2026004147,2026-04-13 02:08:56,2026-04-22 22:17:39
CONT2026004148,2026-04-14 08:17:58,2026-04-23 20:52:51
CONT2026004149,2026-04-16 06:24:06,2026-04-16 16:07:51
CONT2026004150,2026-04-10 11:38:22,2026-04-11 15:37:06
CONT2026004151,2026-04-11 22:35:25,2026-04-23 20:55:05
CONT2026004152,2026-04-20 03:38:52,2026-04-23 10:37:08
CONT2026004153,2026-04-12 08:27:23,2026-04-12 12:27:23
CONT2026004154,2026-04-12 22:03:55,2026-04-13 09:45:20
CONT2026004155,2026-04-14 06:07:58,2026-04-23 09:28:20
CONT2026004156,2026-04-13 15:12:26,2026-04-24 02:00:10
CONT2026004157,2026-04-13 22:33:55,
CONT2026004158,2026-04-12 02:56:33,2026-04-12 16:25:47
CONT2026004159,2026-04-11 08:53:02,2026-04-13 05:08:18
CONT2026004160,2026-04-10 10:43:03,2026-04-11 03:58:47
CONT2026004161,2026-04-20 10:12:37,2026-04-22 20:39:39
CONT2026004162,2026-04-19 22:07:19,2026-04-23 13:25:49
CONT2026004163,2026-04-14 22:15:28,2026-04-16 00:15:25
CONT2026004164,2026-04-14 07:46:14,
CONT2026004165,2026-04-14 04:13:59,2026-04-23 05:57:27
CONT2026004166,2026-04-12 06:31:02,2026-04-23 14:48:54
CONT2026004167,2026-04-16 21:14:16,2026-04-18 07:29:04
CONT2026004168,2026-04-20 17:50:40,2026-04-21 20:36:50
CONT2026004169,2026-04-13 17:14:35,2026-04-14 16:56:57
CONT2026004170,2026-04-20 15:00:55,2026-04-23 01:49:22
CONT2026004171,2026-04-13 13:20:53,2026-04-14 06:48:24
CONT2026004172,2026-04-11 05:52:21,
CONT2026004173,2026-04-11 21:16:26,2026-04-12 18:58:15
CONT2026004174,2026-04-12 20:55:25,
CONT2026004175,2026-04-15 16:28:58,2026-04-16 01:53:27
CONT2026004176,2026-04-21 00:21:24,2026-04-24 03:55:57
CONT2026004177,2026-04-15 03:17:06,2026-04-15 08:19:11
CONT2026004178,2026-04-16 16:58:00,2026-04-23 06:36:10
CONT2026004179,2026-04-12 08:47:38,
CONT2026004180,2026-04-12 02:29:02,2026-04-13 04:07:13
CONT2026004181,2026-04-18 17:06:27,2026-04-19 15:00:56
CONT2026004182,2026-04-15 15:31:22,2026-04-16 10:48:01
CONT2026004183,2026-04-17 02:47:20,2026-04-24 23:22:37
CONT2026004184,2026-04-14 07:12:47,2026-04-14 22:52:48
CONT2026004185,2026-04-14 17:28:15,2026-04-24 10:05:40
CONT2026004186,2026-04-14 17:30:55,2026-04-15 13:19:51
CONT2026004187,2026-04-11 17:31:06,
CONT2026004188,2026-04-14 10:34:06,
CONT2026004189,2026-04-15 15:08:11,2026-04-25 09:44:02
CONT2026004190,2026-04-18 18:11:58,
CONT2026004191,2026-04-20 03:42:00,2026-04-24 16:55:06
CONT2026004192,2026-04-20 14:14:47,2026-04-25 17:33:33
CONT2026004193,2026-04-17 09:50:41,2026-04-18 03:34:08
CONT2026004194,2026-04-19 10:26:46,
CONT2026004195,2026-04-17 22:12:57,2026-04-19 00:23:26
CONT2026004196,2026-04-11 08:51:07,2026-04-12 02:00:38
CONT2026004197,2026-04-17 03:03:26,2026-04-18 09:51:44
CONT2026004198,2026-04-16 00:43:28,2026-04-17 03:21:17
CONT2026004199,2026-04-13 17:11:01,2026-04-25 08:52:48
CONT2026004200,2026-04-14 21:41:31,2026-04-15 11:09:43
CONT2026004201,2026-04-14 23:36:50,
CONT2026004202,2026-04-12 03:12:17,2026-04-12 10:44:53
CONT2026004203,2026-04-20 02:22:43,2026-04-24 11:00:16
CONT2026004204,2026-04-11 03:16:02,2026-04-11 13:32:49
CONT2026004205,2026-04-21 18:14:34,2026-04-25 02:02:18
CONT2026004206,2026-04-18 07:50:52,2026-04-18 16:52:56
CONT2026004207,2026-04-21 07:53:57,2026-04-24 05:33:37
CONT2026004208,2026-04-16 15:37:30,2026-04-17 14:13:35
CONT2026004209,2026-04-15 01:13:52,2026-04-25 11:34:37
CONT2026004210,2026-04-12 03:25:07,
CONT2026004211,2026-04-19 06:53:23,
CONT2026004212,2026-04-13 08:23:15,2026-04-24 16:47:41
CONT2026004213,2026-04-18 12:31:35,2026-04-19 21:23:49
CONT2026004214,2026-04-12 20:24:30,
CONT2026004215,2026-04-14 12:11:26,2026-04-24 17:59:13
CONT2026004216,2026-04-15 04:15:38,2026-04-24 02:36:12
CONT2026004217,2026-04-11 20:36:41,
CONT2026004218,2026-04-13 00:35:39,2026-04-24 06:45:00
CONT2026004219,2026-04-12 23:05:07,2026-04-25 00:11:54
CONT2026004220,2026-04-17 14:07:23,2026-04-18 17:47:52
CONT2026004221,2026-04-12 21:49:03,2026-04-24 11:17:41
CONT2026004222,2026-04-14 23:18:07,2026-04-15 21:07:24
CONT2026004223,2026-04-15 18:36:39,2026-04-16 16:49:58
CONT2026004224,2026-04-20 08:27:46,
CONT2026004225,2026-04-13 00:44:38,2026-04-24 10:19:27
CONT2026004226,2026-04-15 22:28:23,2026-04-16 15:11:46
CONT2026004227,2026-04-21 15:16:08,2026-04-22 11:17:29
CONT2026004228,2026-04-12 11:10:37,
CONT2026004229,2026-04-21 11:32:59,
CONT2026004230,2026-04-19 10:35:38,2026-04-19 22:51:20
CONT2026004231,2026-04-12 23:58:45,2026-04-25 06:17:10
CONT2026004232,2026-04-21 05:25:15,2026-04-24 12:29:25
CONT2026004233,2026-04-15 00:15:28,2026-04-16 01:29:04
CONT2026004234,2026-04-19 08:42:09,2026-04-24 16:17:59
CONT2026004235,2026-04-14 19:08:52,2026-04-15 12:37:08
CONT2026004236,2026-04-16 11:56:52,2026-04-16 15:56:52
CONT2026004237,2026-04-14 16:26:38,2026-04-15 04:27:56
CONT2026004238,2026-04-12 20:03:12,2026-04-13 15:02:24
CONT2026004239,2026-04-13 20:44:20,2026-04-14 12:18:10
CONT2026004240,2026-04-15 13:31:33,
CONT2026004241,2026-04-14 07:40:38,2026-04-15 07:11:05
CONT2026004242,2026-04-18 05:21:03,2026-04-18 17:54:58
CONT2026004243,2026-04-21 00:46:38,2026-04-25 05:50:20
CONT2026004244,2026-04-14 10:25:08,2026-04-15 13:24:23
CONT2026004245,2026-04-20 20:59:50,2026-04-25 09:43:20
CONT2026004246,2026-04-16 02:33:31,2026-04-16 22:39:38
CONT2026004247,2026-04-17 23:49:16,2026-04-18 18:09:04
CONT2026004248,2026-04-13 17:56:15,2026-04-25 04:50:08
CONT2026004249,2026-04-22 03:01:10,2026-04-25 06:14:52
CONT2026004250,2026-04-19 02:20:26,
CONT2026004251,2026-04-12 17:12:17,2026-04-13 14:01:26
CONT2026004252,2026-04-13 17:46:51,2026-04-25 17:44:09
CONT2026004253,2026-04-15 16:45:00,2026-04-16 01:47:28
CONT2026004254,2026-04-17 09:56:25,2026-04-25 01:51:01
CONT2026004255,2026-04-18 09:16:48,2026-04-19 06:06:44
CONT2026004256,2026-04-11 21:02:51,2026-04-12 17:15:40
CONT2026004257,2026-04-13 02:27:49,2026-04-25 04:48:58
CONT2026004258,2026-04-15 17:10:01,2026-04-16 05:16:43
CONT2026004259,2026-04-21 09:48:11,2026-04-25 15:41:58
CONT2026004260,2026-04-11 11:25:03,2026-04-25 07:58:47
CONT2026004261,2026-04-22 00:11:15,2026-04-25 01:41:11
CONT2026004262,2026-04-17 08:45:47,2026-04-25 09:49:07
CONT2026004263,2026-04-11 22:57:25,2026-04-13 07:09:04
CONT2026004264,2026-04-15 01:37:01,2026-04-15 17:38:26
CONT2026004265,2026-04-19 11:34:03,2026-04-20 09:57:57
CONT2026004266,2026-04-17 13:50:04,
CONT2026004267,2026-04-12 09:10:12,2026-04-26 21:58:29
CONT2026004268,2026-04-17 12:55:07,2026-04-26 17:22:18
CONT2026004269,2026-04-22 05:21:45,2026-04-25 01:00:53
CONT2026004270,2026-04-20 18:54:48,2026-04-26 06:44:11
CONT2026004271,2026-04-12 06:05:05,2026-04-13 00:16:22
CONT2026004272,2026-04-21 14:01:21,
CONT2026004273,2026-04-14 12:48:10,2026-04-26 04:13:44
CONT2026004274,2026-04-14 13:59:57,2026-04-26 04:43:44
CONT2026004275,2026-04-18 07:10:25,2026-04-19 01:42:05
CONT2026004276,2026-04-21 21:46:28,2026-04-26 22:41:53
CONT2026004277,2026-04-21 11:24:10,2026-04-26 14:04:21
CONT2026004278,2026-04-16 06:29:44,
CONT2026004279,2026-04-13 23:11:06,2026-04-26 11:13:21
CONT2026004280,2026-04-15 17:50:43,2026-04-26 04:00:49
CONT2026004281,2026-04-20 23:05:39,
CONT2026004282,2026-04-13 06:09:28,2026-04-14 21:42:03
CONT2026004283,2026-04-15 22:35:16,2026-04-17 03:07:19
CONT2026004284,2026-04-20 12:59:18,2026-04-21 18:17:52
CONT2026004285,2026-04-19 06:11:24,2026-04-20 06:19:06
CONT2026004286,2026-04-23 00:51:29,2026-04-24 00:00:04
CONT2026004287,2026-04-14 04:18:28,2026-04-26 16:22:10
CONT2026004288,2026-04-21 04:49:28,
CONT2026004289,2026-04-20 14:28:49,2026-04-21 14:58:15
CONT2026004290,2026-04-17 16:02:07,2026-04-18 22:52:08
CONT2026004291,2026-04-16 10:43:20,2026-04-26 19:54:17
CONT2026004292,2026-04-22 05:52:52,
CONT2026004293,2026-04-15 02:28:32,2026-04-26 16:06:07
CONT2026004294,2026-04-18 10:57:35,
CONT2026004295,2026-04-19 02:48:30,2026-04-19 17:05:17
CONT2026004296,2026-04-18 15:12:26,2026-04-19 15:58:40
CONT2026004297,2026-04-17 05:39:43,
CONT2026004298,2026-04-16 08:15:13,2026-04-17 08:57:00
CONT2026004299,2026-04-18 04:34:26,
CONT2026004300,2026-04-14 00:05:42,2026-04-27 08:30:00
CONT2026004301,2026-04-19 12:51:26,2026-04-27 10:13:02
CONT2026004302,2026-04-15 14:28:14,
CONT2026004303,2026-04-20 13:02:14,2026-04-26 23:53:02
CONT2026004304,2026-04-14 09:53:59,2026-04-26 20:48:27
CONT2026004305,2026-04-24 13:15:22,2026-04-24 18:12:17
CONT2026004306,2026-04-14 11:26:34,2026-04-27 17:40:38
CONT2026004307,2026-04-23 03:33:39,
CONT2026004308,2026-04-17 06:27:04,2026-04-18 07:03:31
CONT2026004309,2026-04-20 06:48:10,2026-04-28 12:32:09
CONT2026004310,2026-04-19 06:44:47,2026-04-20 05:22:07
CONT2026004311,2026-04-23 02:19:29,2026-04-23 22:30:16
CONT2026004312,2026-04-25 08:40:48,2026-04-26 03:48:09
CONT2026004313,2026-04-18 05:40:14,2026-04-19 17:56:18
CONT2026004314,2026-04-17 11:12:52,2026-04-18 01:38:14
CONT2026004315,2026-04-22 02:23:00,2026-04-22 22:18:52
CONT2026004316,2026-04-18 02:19:29,2026-04-28 14:34:22
CONT2026004317,2026-04-24 06:58:36,2026-04-28 03:03:48
CONT2026004318,2026-04-23 01:41:26,2026-04-23 19:17:05
CONT2026004319,2026-04-19 05:00:57,2026-04-28 14:26:57
CONT2026004320,2026-04-22 18:42:46,2026-04-28 11:42:34
CONT2026004321,2026-04-16 21:04:57,2026-04-28 10:37:42
CONT2026004322,2026-04-19 16:14:00,2026-04-29 10:14:01
CONT2026004323,2026-04-21 11:33:02,
CONT2026004324,2026-04-22 07:14:57,2026-04-28 20:00:23
CONT2026004325,2026-04-21 21:58:24,2026-04-29 17:19:38
CONT2026004326,2026-04-19 05:48:34,2026-04-19 23:22:50
CONT2026004327,2026-04-17 05:38:22,2026-04-18 06:06:14
CONT2026004328,2026-04-22 00:27:36,2026-04-22 13:38:32
CONT2026004329,2026-04-23 21:02:20,2026-04-28 22:10:21
CONT2026004330,2026-04-22 13:55:40,2026-04-23 08:30:58
CONT2026004331,2026-04-23 23:00:49,2026-04-27 20:48:43
CONT2026004332,2026-04-20 06:33:04,2026-04-20 18:38:47
CONT2026004333,2026-04-23 03:22:04,2026-04-24 02:42:40
CONT2026004334,2026-04-26 01:46:44,2026-04-29 11:21:17
CONT2026004335,2026-04-23 07:43:15,2026-04-29 17:45:02
CONT2026004336,2026-04-20 15:31:10,2026-04-29 03:46:57
CONT2026004337,2026-04-18 06:38:38,2026-04-19 03:59:25
CONT2026004338,2026-04-22 12:00:58,2026-04-30 06:50:32
CONT2026004339,2026-04-19 18:55:44,2026-04-20 16:13:30
CONT2026004340,2026-04-17 09:22:40,2026-04-18 00:50:33
CONT2026004341,2026-04-24 01:45:46,2026-04-30 04:47:07
CONT2026004342,2026-04-21 18:54:54,2026-04-29 21:38:32
CONT2026004343,2026-04-17 19:36:22,2026-04-19 02:06:11
CONT2026004344,2026-04-17 14:40:01,2026-04-30 07:14:11
CONT2026004345,2026-04-25 10:38:22,2026-04-29 22:27:31
CONT2026004346,2026-04-18 15:28:48,2026-04-19 10:29:38
CONT2026004347,2026-04-26 06:38:23,2026-04-29 14:11:29
CONT2026004348,2026-04-26 13:16:03,2026-04-29 22:57:11
CONT2026004349,2026-04-24 13:56:28,2026-04-29 21:49:51
CONT2026004350,2026-04-21 01:15:32,
CONT2026004351,2026-04-20 09:52:15,
CONT2026004352,2026-04-18 15:49:51,2026-04-30 05:50:01
CONT2026004353,2026-04-17 06:44:47,2026-04-30 00:01:50
CONT2026004354,2026-04-20 15:16:24,2026-04-29 11:02:00
CONT2026004355,2026-04-16 13:43:50,2026-04-29 15:17:42
CONT2026004356,2026-04-18 12:16:16,
CONT2026004357,2026-04-24 11:28:36,2026-04-29 05:06:01
CONT2026004358,2026-04-17 08:44:35,2026-04-18 04:39:42
CONT2026004359,2026-04-21 11:31:11,
CONT2026004360,2026-04-16 19:59:57,2026-04-29 12:23:11
CONT2026004361,2026-04-22 10:25:51,
CONT2026004362,2026-04-17 17:16:56,2026-04-29 09:08:39
CONT2026004363,2026-04-20 10:30:23,2026-04-29 14:10:16
CONT2026004364,2026-04-25 05:35:51,2026-04-29 09:21:32
CONT2026004365,2026-04-26 18:16:53,2026-04-29 08:50:10
CONT2026004366,2026-04-26 08:29:04,2026-04-26 23:56:25
CONT2026004367,2026-04-19 02:04:08,
CONT2026004368,2026-04-24 05:47:19,2026-04-30 09:49:08
CONT2026004369,2026-04-24 04:03:07,2026-04-25 01:19:01
CONT2026004370,2026-04-25 23:29:32,2026-04-29 21:41:22
CONT2026004371,2026-04-22 17:50:59,2026-04-29 02:25:06
CONT2026004372,2026-04-24 17:15:58,
CONT2026004373,2026-04-22 13:08:51,
CONT2026004374,2026-04-24 01:39:33,
CONT2026004375,2026-04-19 18:38:04,2026-04-29 04:53:41
CONT2026004376,2026-04-16 08:48:31,2026-04-30 15:38:38
CONT2026004377,2026-04-24 03:44:48,2026-04-25 01:32:25
CONT2026004378,2026-04-26 11:18:22,2026-04-29 11:42:37
CONT2026004379,2026-04-19 16:05:05,2026-04-20 16:49:51
CONT2026004380,2026-04-18 21:32:11,2026-04-29 11:31:30
CONT2026004381,2026-04-17 13:18:18,2026-04-18 06:18:14
CONT2026004382,2026-04-17 21:54:57,2026-04-29 19:42:26
CONT2026004383,2026-04-16 22:10:39,2026-04-29 15:28:23
CONT2026004384,2026-04-26 22:16:34,
CONT2026004385,2026-04-16 15:19:20,2026-04-29 10:32:08
CONT2026004386,2026-04-17 09:23:48,
CONT2026004387,2026-04-20 22:43:20,2026-04-21 14:42:21
CONT2026004388,2026-04-24 02:41:41,2026-04-30 18:48:39
CONT2026004389,2026-04-20 20:18:27,2026-04-30 02:42:31
CONT2026004390,2026-04-19 04:13:32,
CONT2026004391,2026-04-25 21:35:55,2026-04-30 11:18:00
CONT2026004392,2026-04-23 19:56:36,2026-04-29 04:58:22
CONT2026004393,2026-04-17 17:36:38,2026-04-29 07:19:39
CONT2026004394,2026-04-24 20:45:15,
CONT2026004395,2026-04-16 20:35:49,2026-04-17 15:44:28
CONT2026004396,2026-04-16 10:49:29,
CONT2026004397,2026-04-24 12:17:48,2026-04-25 18:44:41
CONT2026004398,2026-04-23 20:41:07,2026-04-30 01:00:33
CONT2026004399,2026-04-16 19:54:45,2026-04-30 09:23:13
CONT2026004400,2026-04-23 06:12:21,
CONT2026004401,2026-04-24 21:26:32,2026-04-29 08:39:06
CONT2026004402,2026-04-24 23:35:15,2026-04-25 23:09:45
CONT2026004403,2026-04-20 23:59:03,
CONT2026004404,2026-04-22 02:02:41,
CONT2026004405,2026-04-17 14:29:39,
CONT2026004406,2026-04-23 06:39:49,
CONT2026004407,2026-04-24 20:52:05,2026-04-29 08:40:05
CONT2026004408,2026-04-22 12:29:00,2026-04-29 19:22:48
CONT2026004409,2026-04-25 02:34:22,2026-04-30 08:26:23
CONT2026004410,2026-04-19 16:53:44,2026-04-30 17:34:00
CONT2026004411,2026-04-27 07:42:23,2026-04-29 16:45:56
CONT2026004412,2026-04-23 20:11:30,2026-04-30 11:19:12
CONT2026004413,2026-04-27 10:33:37,2026-04-28 00:19:32
CONT2026004414,2026-04-21 02:43:37,
CONT2026004415,2026-04-26 05:39:16,2026-04-30 02:11:04
CONT2026004416,2026-04-24 16:47:13,2026-05-04 19:52:49
CONT2026004417,2026-04-21 20:51:50,2026-04-22 10:33:13
CONT2026004418,2026-04-23 10:38:06,2026-05-03 17:35:18
CONT2026004419,2026-04-26 04:54:18,2026-05-03 17:56:15
CONT2026004420,2026-04-29 16:15:46,2026-04-30 17:55:06
CONT2026004421,2026-04-29 21:30:46,2026-04-30 23:22:14
CONT2026004422,2026-04-20 23:29:02,
CONT2026004423,2026-04-23 17:24:13,
CONT2026004424,2026-04-28 18:56:11,2026-05-04 10:50:17
CONT2026004425,2026-04-29 00:13:34,2026-05-03 19:37:14
CONT2026004426,2026-04-23 09:23:47,2026-05-04 00:36:26
CONT2026004427,2026-04-30 00:09:25,2026-04-30 18:28:35
CONT2026004428,2026-04-23 17:16:49,
CONT2026004429,2026-04-21 00:30:07,2026-04-21 22:37:17
CONT2026004430,2026-04-30 11:38:23,2026-05-04 00:36:40
CONT2026004431,2026-04-27 14:53:51,2026-05-04 12:57:13
CONT2026004432,2026-04-22 00:26:20,2026-05-04 18:34:53
CONT2026004433,2026-04-30 15:39:51,2026-05-04 09:14:26
CONT2026004434,2026-04-23 13:03:11,2026-04-24 17:31:23
CONT2026004435,2026-04-26 03:43:59,2026-05-04 02:37:43
CONT2026004436,2026-04-24 16:26:48,
CONT2026004437,2026-04-21 05:01:52,2026-05-04 09:43:29
CONT2026004438,2026-04-21 14:12:40,2026-04-22 09:11:17
CONT2026004439,2026-04-29 06:21:33,2026-05-04 16:07:15
CONT2026004440,2026-05-01 06:08:53,2026-05-04 05:33:01
CONT2026004441,2026-04-28 07:03:08,2026-04-28 17:46:04
CONT2026004442,2026-04-24 12:39:15,
CONT2026004443,2026-04-29 15:02:30,
CONT2026004444,2026-04-22 16:02:03,2026-05-04 19:43:09
CONT2026004445,2026-04-25 17:49:40,2026-04-26 21:49:35
CONT2026004446,2026-04-22 23:25:34,2026-04-23 20:36:48
CONT2026004447,2026-04-25 08:12:53,2026-04-25 23:26:58
CONT2026004448,2026-04-24 00:49:59,2026-05-04 16:08:08
CONT2026004449,2026-04-20 18:05:30,2026-04-21 05:38:38
CONT2026004450,2026-04-26 15:37:57,
CONT2026004451,2026-04-24 01:28:54,2026-05-03 14:14:14
CONT2026004452,2026-04-26 00:13:01,2026-05-04 20:12:05
CONT2026004453,2026-04-26 01:59:08,2026-05-05 16:22:45
CONT2026004454,2026-04-22 00:57:54,2026-04-22 08:14:09
CONT2026004455,2026-04-29 10:01:40,2026-04-29 18:33:21
CONT2026004456,2026-04-27 12:45:36,
CONT2026004457,2026-05-02 03:24:27,2026-05-05 10:43:37
CONT2026004458,2026-04-28 08:20:56,2026-05-05 13:17:25
CONT2026004459,2026-04-24 23:30:51,2026-04-25 06:34:25
CONT2026004460,2026-04-30 10:40:39,2026-05-05 16:05:41
CONT2026004461,2026-04-29 19:38:53,2026-04-30 23:17:46
CONT2026004462,2026-04-25 06:40:16,2026-04-26 13:19:15
CONT2026004463,2026-04-29 03:12:03,2026-04-30 09:44:58
CONT2026004464,2026-04-22 18:24:19,2026-05-05 00:04:00
CONT2026004465,2026-05-01 02:53:51,
CONT2026004466,2026-05-01 14:37:11,2026-05-02 16:43:30
CONT2026004467,2026-04-25 13:38:16,2026-04-25 21:23:37
CONT2026004468,2026-04-30 20:25:51,2026-05-01 12:06:00
CONT2026004469,2026-04-23 18:12:49,2026-04-24 09:10:24
CONT2026004470,2026-04-27 04:35:52,
CONT2026004471,2026-04-25 16:22:54,2026-04-26 12:30:16
CONT2026004472,2026-04-29 17:18:32,
CONT2026004473,2026-04-29 17:07:09,2026-05-06 01:56:27
CONT2026004474,2026-04-27 08:37:14,2026-05-05 15:49:27
CONT2026004475,2026-05-03 08:12:27,2026-05-03 21:25:47
CONT2026004476,2026-04-28 15:42:22,2026-05-05 18:28:41
CONT2026004477,2026-04-24 17:44:52,2026-05-06 11:24:16
CONT2026004478,2026-04-27 18:17:46,2026-04-28 14:26:12
CONT2026004479,2026-05-01 05:30:30,
CONT2026004480,2026-04-27 13:03:13,2026-05-06 10:54:06
CONT2026004481,2026-04-23 03:10:48,2026-05-06 07:48:06
CONT2026004482,2026-05-02 06:04:06,2026-05-06 01:51:52
CONT2026004483,2026-05-02 04:37:01,2026-05-05 23:26:50
CONT2026004484,2026-04-30 00:40:53,
CONT2026004485,2026-05-01 19:57:25,2026-05-06 14:23:12
CONT2026004486,2026-04-25 01:09:36,2026-05-07 00:05:41
CONT2026004487,2026-04-29 22:25:50,2026-05-06 13:46:54
CONT2026004488,2026-04-29 07:04:27,2026-04-29 22:11:00
CONT2026004489,2026-04-29 05:17:57,2026-05-07 09:11:21
CONT2026004490,2026-04-26 15:39:37,2026-04-27 13:26:22
CONT2026004491,2026-04-26 15:19:35,2026-04-27 21:27:42
CONT2026004492,2026-04-30 13:51:24,
CONT2026004493,2026-04-25 01:28:17,2026-04-26 02:44:44
CONT2026004494,2026-04-25 11:41:15,2026-04-26 00:19:10
CONT2026004495,2026-04-27 04:09:49,
CONT2026004496,2026-04-24 12:31:19,2026-05-06 07:54:24
CONT2026004497,2026-04-26 22:42:09,2026-04-27 19:14:40
CONT2026004498,2026-04-24 03:18:10,2026-05-06 02:15:44
CONT2026004499,2026-04-29 20:19:31,
CONT2026004500,2026-04-23 15:09:11,2026-04-24 09:47:42
CONT2026004501,2026-05-02 09:13:35,2026-05-03 07:38:20
CONT2026004502,2026-05-02 21:34:52,2026-05-03 08:57:07
CONT2026004503,2026-04-28 22:35:36,2026-04-29 09:34:40
CONT2026004504,2026-04-30 03:35:00,2026-05-07 00:25:33
CONT2026004505,2026-04-23 19:34:51,2026-05-06 16:31:58
CONT2026004506,2026-04-28 02:31:01,2026-05-06 17:18:56
CONT2026004507,2026-04-27 00:12:08,2026-05-06 21:03:37
CONT2026004508,2026-04-29 20:19:31,2026-04-30 11:03:04
CONT2026004509,2026-04-23 22:48:32,2026-05-06 10:27:15
CONT2026004510,2026-04-27 04:46:11,2026-05-06 18:32:37
CONT2026004511,2026-04-28 10:17:10,2026-04-29 06:42:20
CONT2026004512,2026-05-02 10:59:09,2026-05-03 04:11:14
CONT2026004513,2026-04-30 16:48:37,2026-05-01 03:49:26
CONT2026004514,2026-05-02 01:22:33,2026-05-07 06:59:27
CONT2026004515,2026-04-25 23:52:58,2026-04-26 15:23:22
CONT2026004516,2026-04-28 07:07:27,2026-04-28 22:04:14
CONT2026004517,2026-05-01 12:16:43,2026-05-02 08:14:05
CONT2026004518,2026-05-02 18:46:43,2026-05-06 20:02:29
CONT2026004519,2026-04-26 12:03:04,2026-05-07 13:06:06
CONT2026004520,2026-05-02 11:40:26,2026-05-03 05:46:43
CONT2026004521,2026-05-01 06:30:50,2026-05-02 04:19:37
CONT2026004522,2026-05-02 15:27:57,2026-05-03 04:02:36
CONT2026004523,2026-05-01 17:15:02,
CONT2026004524,2026-05-01 23:21:55,2026-05-02 15:21:04
CONT2026004525,2026-05-03 03:05:36,2026-05-04 06:07:51
CONT2026004526,2026-04-29 02:56:47,2026-04-30 07:06:51
CONT2026004527,2026-04-28 11:45:45,2026-04-29 01:39:40
CONT2026004528,2026-05-03 16:45:31,
CONT2026004529,2026-04-23 01:43:52,2026-04-23 20:48:47
CONT2026004530,2026-04-23 09:49:44,2026-04-24 18:32:41
CONT2026004531,2026-04-29 14:59:09,2026-04-30 09:10:47
CONT2026004532,2026-04-28 17:31:41,2026-04-29 23:21:11
CONT2026004533,2026-05-01 18:17:42,
CONT2026004534,2026-05-03 16:28:55,2026-05-07 15:37:44
CONT2026004535,2026-04-29 19:46:49,2026-04-30 15:17:08
CONT2026004536,2026-04-26 08:45:52,
CONT2026004537,2026-04-24 09:28:23,2026-05-06 18:16:37
CONT2026004538,2026-04-23 04:58:58,2026-04-23 14:43:39
CONT2026004539,2026-05-03 16:17:56,
CONT2026004540,2026-04-25 20:29:24,2026-05-07 01:58:59
CONT2026004541,2026-04-27 16:52:15,
CONT2026004542,2026-04-23 17:49:17,
CONT2026004543,2026-05-03 04:32:00,2026-05-06 23:50:35
CONT2026004544,2026-04-26 07:13:56,2026-04-27 08:19:43
CONT2026004545,2026-04-25 22:04:58,
CONT2026004546,2026-05-01 00:55:11,2026-05-07 13:29:16
CONT2026004547,2026-04-26 08:00:25,2026-04-26 16:18:37
CONT2026004548,2026-05-01 00:07:09,2026-05-06 06:09:31
CONT2026004549,2026-04-29 08:33:54,2026-05-08 07:11:39
CONT2026004550,2026-04-26 20:18:12,2026-05-06 05:19:28
CONT2026004551,2026-04-23 12:58:31,2026-05-07 06:40:17
CONT2026004552,2026-04-24 00:08:31,2026-05-06 18:16:18
CONT2026004553,2026-04-27 09:45:02,2026-05-07 05:31:50
CONT2026004554,2026-04-28 12:00:33,2026-05-07 04:21:22
CONT2026004555,2026-04-26 06:59:06,
CONT2026004556,2026-04-30 08:55:11,2026-05-01 11:07:44
CONT2026004557,2026-04-27 23:01:52,2026-05-06 23:59:30
CONT2026004558,2026-05-01 02:25:47,2026-05-02 02:05:00
CONT2026004559,2026-04-24 09:41:59,
CONT2026004560,2026-04-25 18:35:41,2026-05-07 05:26:53
CONT2026004561,2026-04-24 18:38:10,2026-04-25 12:58:21
CONT2026004562,2026-04-24 20:58:52,2026-04-25 06:23:03
CONT2026004563,2026-04-29 10:17:28,2026-04-29 14:17:28
CONT2026004564,2026-04-28 19:53:11,
CONT2026004565,2026-04-26 09:58:24,2026-05-06 23:35:40
CONT2026004566,2026-05-04 07:39:24,2026-05-07 07:47:13
CONT2026004567,2026-04-25 01:43:50,2026-05-08 02:23:51
CONT2026004568,2026-04-27 19:54:00,2026-04-28 05:43:05
CONT2026004569,2026-05-03 22:51:23,2026-05-08 00:12:49
CONT2026004570,2026-05-03 07:44:56,2026-05-03 20:52:28
CONT2026004571,2026-04-28 20:34:11,2026-04-29 19:30:04
CONT2026004572,2026-04-24 12:08:28,2026-04-25 04:34:52
CONT2026004573,2026-04-26 06:50:14,2026-05-07 11:25:39
CONT2026004574,2026-05-03 05:26:22,2026-05-04 04:18:54
CONT2026004575,2026-04-30 23:08:49,
CONT2026004576,2026-05-04 03:57:30,2026-05-07 04:01:24
CONT2026004577,2026-05-02 14:41:18,2026-05-07 12:24:58
CONT2026004578,2026-04-25 19:30:34,2026-04-26 04:42:16
CONT2026004579,2026-04-28 21:16:48,2026-05-07 10:38:19
CONT2026004580,2026-05-02 23:47:13,
CONT2026004581,2026-04-24 19:35:08,2026-05-07 15:44:39
CONT2026004582,2026-04-24 22:08:13,2026-04-25 17:52:57
CONT2026004583,2026-05-01 01:13:59,2026-05-06 13:59:43
CONT2026004584,2026-04-24 19:45:28,2026-05-06 13:27:21
CONT2026004585,2026-04-26 09:53:16,2026-05-06 17:06:41
CONT2026004586,2026-04-26 05:21:05,2026-04-26 21:31:34
CONT2026004587,2026-04-26 13:05:28,2026-05-06 13:25:42
CONT2026004588,2026-04-29 12:40:50,2026-05-07 20:51:33
CONT2026004589,2026-05-03 02:04:31,2026-05-07 02:12:04
CONT2026004590,2026-04-23 19:06:21,2026-04-24 16:00:21
CONT2026004591,2026-04-28 06:00:10,2026-05-07 08:10:45
CONT2026004592,2026-04-24 00:33:49,2026-04-25 10:03:30
CONT2026004593,2026-04-24 09:47:35,2026-05-07 02:34:08
CONT2026004594,2026-04-25 13:46:47,2026-05-06 19:04:23
CONT2026004595,2026-04-24 22:32:30,
CONT2026004596,2026-05-03 10:49:20,2026-05-04 18:42:03
CONT2026004597,2026-05-03 05:38:04,
CONT2026004598,2026-05-04 07:39:18,2026-05-04 18:59:21
CONT2026004599,2026-05-03 08:31:28,2026-05-04 03:20:41
CONT2026004600,2026-05-02 00:58:38,2026-05-07 04:07:49
CONT2026004601,2026-05-02 02:03:32,2026-05-02 20:59:16
CONT2026004602,2026-04-25 18:17:48,2026-05-07 12:12:27
CONT2026004603,2026-05-01 14:53:16,2026-05-06 17:59:51
CONT2026004604,2026-05-02 05:11:53,2026-05-07 00:34:25
CONT2026004605,2026-04-24 12:14:26,2026-05-07 17:44:17
CONT2026004606,2026-04-25 09:21:04,2026-05-07 02:19:37
CONT2026004607,2026-04-28 04:32:26,2026-05-07 02:42:06
CONT2026004608,2026-04-23 23:17:55,
CONT2026004609,2026-04-26 17:14:38,2026-04-27 06:28:20
CONT2026004610,2026-05-02 02:44:35,
CONT2026004611,2026-04-30 17:00:31,2026-05-07 13:36:41
CONT2026004612,2026-04-29 02:23:03,
CONT2026004613,2026-04-26 02:48:47,
CONT2026004614,2026-04-26 21:15:02,2026-05-07 06:18:37
CONT2026004615,2026-05-01 06:47:43,
CONT2026004616,2026-04-29 01:44:18,2026-05-07 05:41:32
CONT2026004617,2026-05-03 11:12:55,2026-05-04 01:42:10
CONT2026004618,2026-04-27 07:24:40,
CONT2026004619,2026-04-24 16:23:27,2026-04-25 10:59:50
CONT2026004620,2026-04-24 05:27:47,
CONT2026004621,2026-04-25 20:01:53,
CONT2026004622,2026-05-02 14:51:15,2026-05-08 07:06:38
CONT2026004623,2026-04-24 05:59:52,2026-05-07 23:16:10
CONT2026004624,2026-05-01 07:53:47,2026-05-02 06:30:53
CONT2026004625,2026-05-04 01:23:05,2026-05-05 04:36:40
CONT2026004626,2026-05-01 06:24:15,2026-05-07 08:28:04
CONT2026004627,2026-04-27 11:22:59,2026-04-28 11:01:55
CONT2026004628,2026-04-26 03:13:06,2026-04-26 16:08:53
CONT2026004629,2026-04-27 07:30:35,2026-04-28 03:53:48
CONT2026004630,2026-04-26 21:59:58,2026-05-08 10:34:35
CONT2026004631,2026-05-01 17:42:05,2026-05-08 13:59:17
CONT2026004632,2026-04-24 08:36:02,2026-05-07 23:33:52
CONT2026004633,2026-04-30 22:21:55,2026-05-07 14:01:24
CONT2026004634,2026-05-01 09:09:53,
CONT2026004635,2026-05-04 11:55:16,
CONT2026004636,2026-04-28 00:03:03,2026-04-28 17:37:34
CONT2026004637,2026-04-26 19:52:37,2026-04-27 19:40:45
CONT2026004638,2026-04-27 13:40:27,2026-05-07 20:54:20
CONT2026004639,2026-05-01 18:22:12,2026-05-08 21:16:53
CONT2026004640,2026-05-02 23:30:27,2026-05-04 02:00:49
CONT2026004641,2026-05-01 04:09:24,
CONT2026004642,2026-04-27 07:49:43,2026-05-07 19:02:27
CONT2026004643,2026-05-02 19:46:54,2026-05-03 16:39:24
CONT2026004644,2026-05-02 00:50:00,
CONT2026004645,2026-05-04 19:12:28,2026-05-05 18:07:13
CONT2026004646,2026-05-01 06:04:12,2026-05-08 08:16:29
CONT2026004647,2026-04-30 16:04:18,2026-05-08 15:50:54
CONT2026004648,2026-05-02 17:37:03,2026-05-08 10:49:44
CONT2026004649,2026-04-26 21:46:09,2026-05-08 07:52:04
CONT2026004650,2026-04-30 18:46:47,
CONT2026004651,2026-04-30 07:30:22,2026-05-07 23:22:48
CONT2026004652,2026-04-29 04:15:18,2026-05-08 14:49:55
CONT2026004653,2026-04-25 03:18:00,
CONT2026004654,2026-04-29 16:02:15,2026-04-29 21:06:19
CONT2026004655,2026-04-27 13:59:03,2026-04-28 06:39:44
CONT2026004656,2026-04-26 02:58:01,2026-04-26 19:25:29
CONT2026004657,2026-05-03 15:34:30,
CONT2026004658,2026-05-03 18:45:55,2026-05-04 19:57:18
CONT2026004659,2026-05-06 02:20:15,2026-05-06 08:11:31
CONT2026004660,2026-04-27 11:47:14,2026-04-28 05:01:28
CONT2026004661,2026-05-01 12:12:25,2026-05-01 21:21:58
CONT2026004662,2026-05-02 15:44:15,2026-05-03 20:23:32
CONT2026004663,2026-05-04 03:00:56,2026-05-05 01:10:49
CONT2026004664,2026-05-02 06:19:39,2026-05-08 04:57:11
CONT2026004665,2026-05-01 02:02:08,
CONT2026004666,2026-05-04 04:08:15,2026-05-05 05:26:51
CONT2026004667,2026-05-01 08:05:57,
CONT2026004668,2026-04-29 01:11:26,2026-05-08 23:04:43
CONT2026004669,2026-04-30 11:19:25,2026-05-08 15:47:01
CONT2026004670,2026-05-02 10:05:16,
CONT2026004671,2026-05-04 17:25:45,2026-05-08 18:34:59
CONT2026004672,2026-05-03 12:18:20,2026-05-09 03:43:43
CONT2026004673,2026-05-03 07:27:46,2026-05-08 23:37:30
CONT2026004674,2026-04-26 11:58:08,2026-04-26 20:15:14
CONT2026004675,2026-04-30 00:42:50,2026-04-30 04:42:50
CONT2026004676,2026-05-02 16:38:47,
CONT2026004677,2026-05-01 09:14:18,2026-05-02 12:47:56
CONT2026004678,2026-05-04 08:03:52,2026-05-08 12:10:40
CONT2026004679,2026-04-27 03:50:01,2026-04-27 15:00:51
CONT2026004680,2026-05-04 00:21:31,2026-05-09 00:31:00
CONT2026004681,2026-04-27 10:36:28,2026-05-09 00:21:56
CONT2026004682,2026-04-28 18:37:02,2026-05-09 04:29:02
CONT2026004683,2026-04-26 09:47:36,
CONT2026004684,2026-04-28 15:16:03,2026-05-09 06:14:59
CONT2026004685,2026-04-26 13:27:04,2026-04-27 02:14:21
CONT2026004686,2026-05-01 11:42:54,2026-05-02 15:10:22
CONT2026004687,2026-05-01 00:03:43,2026-05-01 21:51:11
CONT2026004688,2026-05-03 10:43:42,2026-05-08 14:31:18
CONT2026004689,2026-05-06 12:02:39,
CONT2026004690,2026-05-04 21:51:25,2026-05-05 04:39:39
CONT2026004691,2026-04-26 21:08:38,2026-05-10 01:43:11
CONT2026004692,2026-04-29 21:28:16,2026-04-30 04:35:30
CONT2026004693,2026-05-07 06:06:46,2026-05-08 19:52:25
CONT2026004694,2026-05-02 22:14:46,2026-05-03 08:52:54
CONT2026004695,2026-05-04 15:37:42,2026-05-10 00:33:19
CONT2026004696,2026-04-27 13:53:15,2026-04-28 21:46:26
CONT2026004697,2026-04-26 15:54:11,2026-05-10 04:41:33
CONT2026004698,2026-05-03 07:21:45,2026-05-09 05:53:24
CONT2026004699,2026-05-05 11:42:36,2026-05-06 03:38:36
CONT2026004700,2026-05-02 19:24:17,2026-05-03 18:14:19
CONT2026004701,2026-05-01 11:16:05,2026-05-01 16:42:38
CONT2026004702,2026-05-05 09:57:37,2026-05-09 14:03:18
CONT2026004703,2026-04-30 09:28:03,2026-05-09 00:41:54
CONT2026004704,2026-05-01 18:28:08,2026-05-09 05:30:39
CONT2026004705,2026-05-05 21:49:16,2026-05-10 00:52:23
CONT2026004706,2026-05-04 17:52:35,2026-05-10 10:07:43
CONT2026004707,2026-04-29 19:28:41,2026-04-30 22:57:37
CONT2026004708,2026-04-30 21:26:22,2026-05-01 14:40:47
CONT2026004709,2026-05-03 22:07:07,2026-05-04 17:38:06
CONT2026004710,2026-04-29 21:11:00,2026-05-10 22:44:11
CONT2026004711,2026-05-02 03:50:16,2026-05-11 10:38:29
CONT2026004712,2026-05-05 15:05:12,2026-05-11 06:33:50
CONT2026004713,2026-04-28 08:47:12,
CONT2026004714,2026-04-29 19:38:20,2026-05-01 04:46:01
CONT2026004715,2026-04-29 09:17:49,2026-05-10 21:13:19
CONT2026004716,2026-04-27 20:18:09,
CONT2026004717,2026-05-08 14:20:39,2026-05-09 11:25:53
CONT2026004718,2026-05-03 04:58:01,2026-05-03 18:36:55
CONT2026004719,2026-05-07 19:07:53,
CONT2026004720,2026-04-29 12:26:58,
CONT2026004721,2026-04-28 10:36:49,2026-05-10 06:42:25
CONT2026004722,2026-04-28 21:09:51,2026-04-30 04:34:57
CONT2026004723,2026-05-03 19:16:13,2026-05-11 06:54:09
CONT2026004724,2026-05-06 12:38:37,2026-05-07 10:06:43
CONT2026004725,2026-05-08 02:37:41,
CONT2026004726,2026-05-04 15:26:14,2026-05-05 19:20:03
CONT2026004727,2026-05-08 09:41:23,2026-05-10 13:59:17
CONT2026004728,2026-05-07 05:02:32,
CONT2026004729,2026-05-05 14:06:13,
CONT2026004730,2026-05-09 13:28:58,2026-05-12 11:25:23
CONT2026004731,2026-04-29 08:56:50,2026-05-11 22:19:21
CONT2026004732,2026-05-01 13:06:38,
CONT2026004733,2026-05-05 07:24:22,
CONT2026004734,2026-05-04 15:25:12,2026-05-05 01:24:10
CONT2026004735,2026-05-07 16:49:39,
CONT2026004736,2026-05-03 04:48:28,2026-05-04 10:00:38
CONT2026004737,2026-05-07 09:42:38,2026-05-12 20:41:28
CONT2026004738,2026-04-29 21:45:31,2026-05-12 11:16:27
CONT2026004739,2026-05-06 08:46:59,
CONT2026004740,2026-04-30 17:37:18,2026-05-01 06:14:37
CONT2026004741,2026-05-01 05:24:43,2026-05-12 03:34:41
CONT2026004742,2026-05-03 01:31:31,2026-05-13 01:06:23
CONT2026004743,2026-04-30 09:18:56,2026-04-30 13:20:56
CONT2026004744,2026-05-06 23:46:48,2026-05-08 00:41:18
CONT2026004745,2026-04-29 21:52:36,2026-05-01 06:21:59
CONT2026004746,2026-05-09 04:35:54,2026-05-12 14:36:47
CONT2026004747,2026-05-03 02:29:34,2026-05-03 16:53:35
CONT2026004748,2026-05-02 13:54:55,
CONT2026004749,2026-05-01 11:48:57,2026-05-01 19:36:46
CONT2026004750,2026-05-04 15:37:50,2026-05-04 22:37:57
CONT2026004751,2026-05-09 00:44:58,2026-05-11 17:05:07
CONT2026004752,2026-05-05 07:26:07,2026-05-05 11:26:07
CONT2026004753,2026-05-04 16:49:23,2026-05-11 18:41:17
CONT2026004754,2026-05-08 12:45:13,2026-05-12 08:39:06
CONT2026004755,2026-05-10 07:13:30,2026-05-11 07:10:11
CONT2026004756,2026-04-30 13:02:51,2026-04-30 23:47:13
CONT2026004757,2026-04-30 15:31:37,2026-05-12 10:30:25
CONT2026004758,2026-05-07 16:40:42,
CONT2026004759,2026-05-07 05:30:46,2026-05-07 16:53:53
CONT2026004760,2026-05-07 08:03:32,2026-05-08 04:46:47
CONT2026004761,2026-04-29 08:10:36,2026-04-30 09:45:08
CONT2026004762,2026-05-04 10:10:55,
CONT2026004763,2026-05-03 09:21:05,
CONT2026004764,2026-05-08 05:10:58,2026-05-09 00:58:16
CONT2026004765,2026-04-30 00:01:10,2026-04-30 17:22:44
CONT2026004766,2026-04-30 06:49:57,
CONT2026004767,2026-05-09 22:31:37,
CONT2026004768,2026-04-30 04:47:47,2026-05-13 20:39:15
CONT2026004769,2026-05-05 14:06:08,2026-05-13 08:00:04
CONT2026004770,2026-04-29 17:12:40,2026-04-30 16:32:20
CONT2026004771,2026-05-07 09:43:46,2026-05-08 21:01:00
CONT2026004772,2026-05-07 01:25:45,2026-05-08 03:17:01
CONT2026004773,2026-04-30 02:17:53,2026-04-30 20:24:20
CONT2026004774,2026-04-29 20:05:34,2026-05-01 01:12:02
CONT2026004775,2026-05-07 20:38:06,2026-05-12 10:44:01
CONT2026004776,2026-05-03 06:20:28,
CONT2026004777,2026-05-03 09:44:35,2026-05-03 22:24:53
CONT2026004778,2026-05-03 21:42:50,2026-05-14 04:30:15
CONT2026004779,2026-05-08 22:53:37,2026-05-09 03:59:35
CONT2026004780,2026-05-08 18:01:10,
CONT2026004781,2026-05-08 12:43:34,2026-05-09 03:29:17
CONT2026004782,2026-05-07 01:00:29,2026-05-13 23:12:55
CONT2026004783,2026-05-05 12:34:11,
CONT2026004784,2026-05-06 23:57:38,2026-05-08 07:53:08
CONT2026004785,2026-05-08 03:31:04,2026-05-08 18:48:55
CONT2026004786,2026-05-10 15:35:59,2026-05-13 06:49:28
CONT2026004787,2026-05-03 19:37:35,2026-05-04 04:43:48
CONT2026004788,2026-04-30 17:04:33,2026-05-01 05:19:09
CONT2026004789,2026-05-01 22:09:09,2026-05-13 07:58:13
CONT2026004790,2026-05-01 03:25:14,2026-05-13 06:13:22
CONT2026004791,2026-05-07 20:20:15,2026-05-09 00:22:18
CONT2026004792,2026-05-04 16:22:50,
CONT2026004793,2026-05-09 05:05:20,2026-05-14 23:47:52
CONT2026004794,2026-05-06 22:29:23,2026-05-14 02:47:01
CONT2026004795,2026-05-04 23:50:44,2026-05-05 11:19:08
CONT2026004796,2026-05-09 01:14:23,2026-05-09 13:38:15
CONT2026004797,2026-05-09 08:51:05,2026-05-10 07:16:19
CONT2026004798,2026-05-08 17:09:22,2026-05-09 14:31:15
CONT2026004799,2026-05-08 20:18:51,2026-05-14 02:53:13
CONT2026004800,2026-05-09 20:49:41,2026-05-10 14:48:23
CONT2026004801,2026-04-30 15:25:52,2026-05-14 00:49:02
CONT2026004802,2026-05-07 21:46:56,2026-05-09 01:00:21
CONT2026004803,2026-05-11 12:00:46,2026-05-12 15:45:06
CONT2026004804,2026-05-04 03:06:42,2026-05-14 03:32:10
CONT2026004805,2026-05-03 19:19:51,2026-05-04 23:07:33
CONT2026004806,2026-05-06 01:36:05,2026-05-06 22:33:19
CONT2026004807,2026-05-03 04:58:44,2026-05-14 00:32:48
CONT2026004808,2026-05-11 02:21:11,2026-05-14 04:21:30
CONT2026004809,2026-05-09 22:39:03,2026-05-14 14:23:45
CONT2026004810,2026-05-11 05:38:07,2026-05-12 18:48:10
CONT2026004811,2026-05-09 11:17:26,2026-05-14 14:43:55
CONT2026004812,2026-04-30 18:59:07,2026-05-01 14:03:23
CONT2026004813,2026-05-09 02:08:34,2026-05-14 14:25:54
CONT2026004814,2026-05-10 13:31:21,2026-05-14 12:26:48
CONT2026004815,2026-05-10 16:33:23,
CONT2026004816,2026-05-08 10:37:08,2026-05-09 01:55:01
CONT2026004817,2026-05-11 20:19:32,2026-05-12 04:55:15
CONT2026004818,2026-05-09 19:23:19,2026-05-10 18:50:50
CONT2026004819,2026-05-06 16:03:19,
CONT2026004820,2026-05-03 08:38:29,2026-05-04 05:05:09
CONT2026004821,2026-05-09 13:02:51,2026-05-14 22:37:47
CONT2026004822,2026-05-03 00:11:35,2026-05-03 17:47:35
CONT2026004823,2026-05-01 00:06:02,2026-05-01 12:18:45
CONT2026004824,2026-05-11 05:12:34,2026-05-11 23:35:40
CONT2026004825,2026-05-03 03:16:10,2026-05-03 22:57:02
CONT2026004826,2026-05-04 20:15:35,2026-05-14 04:16:33
CONT2026004827,2026-05-01 23:24:04,2026-05-02 16:04:48
CONT2026004828,2026-05-11 07:01:35,2026-05-12 07:15:14
CONT2026004829,2026-05-02 14:57:31,2026-05-03 17:52:44
CONT2026004830,2026-05-08 20:59:18,2026-05-14 06:11:17
CONT2026004831,2026-05-02 14:13:06,2026-05-03 03:20:18
CONT2026004832,2026-05-07 19:53:05,
CONT2026004833,2026-05-03 10:23:03,2026-05-14 10:26:12
CONT2026004834,2026-05-09 23:39:18,2026-05-10 22:34:20
CONT2026004835,2026-05-04 16:15:09,2026-05-14 03:13:21
CONT2026004836,2026-05-04 13:20:18,2026-05-05 07:24:00
CONT2026004837,2026-05-02 20:32:47,2026-05-14 16:13:41
CONT2026004838,2026-05-02 02:02:26,
CONT2026004839,2026-05-05 13:26:47,2026-05-14 06:14:53
CONT2026004840,2026-05-10 05:23:14,2026-05-13 15:41:26
CONT2026004841,2026-05-01 04:44:24,2026-05-14 23:17:56
CONT2026004842,2026-05-05 10:15:17,2026-05-15 01:42:09
CONT2026004843,2026-05-09 14:35:06,2026-05-10 12:17:10
CONT2026004844,2026-05-10 06:42:02,2026-05-14 11:05:12
CONT2026004845,2026-05-06 14:05:35,2026-05-13 19:52:35
CONT2026004846,2026-05-07 02:05:12,2026-05-07 10:54:37
CONT2026004847,2026-05-01 23:50:05,2026-05-14 12:07:02
CONT2026004848,2026-05-03 06:24:27,2026-05-03 23:07:04
CONT2026004849,2026-05-08 00:54:04,2026-05-14 04:49:21
CONT2026004850,2026-05-10 04:32:33,2026-05-11 10:27:50
CONT2026004851,2026-05-01 09:02:08,2026-05-02 02:42:19
CONT2026004852,2026-05-10 09:45:33,2026-05-14 15:08:33
CONT2026004853,2026-05-09 20:31:19,
CONT2026004854,2026-05-08 18:46:13,2026-05-09 12:14:18
CONT2026004855,2026-05-05 09:24:15,2026-05-14 12:56:58
CONT2026004856,2026-05-01 10:25:36,
CONT2026004857,2026-05-11 20:50:28,2026-05-12 12:10:21
CONT2026004858,2026-05-09 13:53:04,
CONT2026004859,2026-05-02 02:10:35,2026-05-15 08:39:16
CONT2026004860,2026-05-07 22:56:57,2026-05-13 23:40:15
CONT2026004861,2026-05-03 04:01:11,2026-05-03 14:33:23
CONT2026004862,2026-05-11 10:28:39,2026-05-11 22:16:39
CONT2026004863,2026-05-03 19:49:22,2026-05-04 07:12:09
CONT2026004864,2026-05-07 19:01:42,2026-05-15 11:32:44
CONT2026004865,2026-05-11 12:52:09,2026-05-12 11:36:50
CONT2026004866,2026-05-04 01:09:28,2026-05-15 08:10:18
CONT2026004867,2026-05-06 22:44:27,2026-05-07 12:12:31
CONT2026004868,2026-05-05 11:54:37,2026-05-06 01:23:46
CONT2026004869,2026-05-09 02:48:04,2026-05-14 21:09:44
CONT2026004870,2026-05-01 02:04:14,
CONT2026004871,2026-05-09 11:23:55,2026-05-15 02:50:40
CONT2026004872,2026-05-10 23:43:48,2026-05-11 22:46:05
CONT2026004873,2026-05-06 03:19:13,2026-05-07 05:54:34
CONT2026004874,2026-05-02 01:31:34,2026-05-02 15:54:41
CONT2026004875,2026-05-03 19:56:27,
CONT2026004876,2026-05-08 12:28:52,2026-05-14 15:58:49
CONT2026004877,2026-05-11 21:03:44,2026-05-14 14:48:17
CONT2026004878,2026-05-08 09:23:34,2026-05-09 06:31:33
CONT2026004879,2026-05-10 03:51:43,
CONT2026004880,2026-05-04 13:37:09,2026-05-15 02:31:55
CONT2026004881,2026-05-03 15:19:55,
CONT2026004882,2026-05-04 18:45:53,2026-05-15 06:32:02
CONT2026004883,2026-05-05 07:14:09,
CONT2026004884,2026-05-11 13:24:43,2026-05-11 19:19:39
CONT2026004885,2026-05-06 03:40:58,
CONT2026004886,2026-05-08 06:27:29,2026-05-14 13:17:38
CONT2026004887,2026-05-08 18:04:57,2026-05-09 19:08:17
CONT2026004888,2026-05-05 09:36:28,2026-05-14 06:12:08
CONT2026004889,2026-05-10 04:43:31,2026-05-11 06:53:25
CONT2026004890,2026-05-03 18:46:41,2026-05-15 02:36:30
CONT2026004891,2026-05-05 08:03:00,
CONT2026004892,2026-05-05 10:26:03,2026-05-06 09:23:24
CONT2026004893,2026-05-11 17:36:34,2026-05-15 10:20:40
CONT2026004894,2026-05-04 21:59:03,2026-05-05 10:56:02
CONT2026004895,2026-05-12 09:12:51,
CONT2026004896,2026-05-02 23:44:27,2026-05-15 15:27:18
CONT2026004897,2026-05-07 19:07:16,2026-05-07 23:07:16
CONT2026004898,2026-05-01 19:26:12,2026-05-02 05:45:15
CONT2026004899,2026-05-10 08:20:39,2026-05-11 04:53:42
CONT2026004900,2026-05-07 12:52:12,2026-05-07 23:48:31
CONT2026004901,2026-05-07 13:26:55,
CONT2026004902,2026-05-03 22:09:20,2026-05-04 15:55:18
CONT2026004903,2026-05-07 15:25:57,
CONT2026004904,2026-05-07 08:40:22,
CONT2026004905,2026-05-07 03:33:36,2026-05-15 13:43:17
CONT2026004906,2026-05-12 02:57:15,2026-05-12 21:13:31
CONT2026004907,2026-05-05 16:57:30,2026-05-16 10:50:27
CONT2026004908,2026-05-06 20:52:49,2026-05-16 06:38:28
CONT2026004909,2026-05-02 12:58:41,2026-05-16 21:35:58
CONT2026004910,2026-05-06 09:03:14,2026-05-07 04:00:30
CONT2026004911,2026-05-11 01:40:55,2026-05-16 17:22:04
CONT2026004912,2026-05-11 14:36:48,2026-05-12 05:14:24
CONT2026004913,2026-05-10 05:03:17,2026-05-10 12:46:03
CONT2026004914,2026-05-03 07:47:17,2026-05-04 04:28:02
CONT2026004915,2026-05-02 21:52:27,2026-05-16 13:36:32
CONT2026004916,2026-05-09 04:58:44,2026-05-15 18:37:40
CONT2026004917,2026-05-11 12:04:50,2026-05-16 03:37:27
CONT2026004918,2026-05-11 04:24:22,2026-05-15 17:23:15
CONT2026004919,2026-05-12 19:31:48,2026-05-13 18:11:47
CONT2026004920,2026-05-03 00:53:49,2026-05-15 20:59:44
CONT2026004921,2026-05-05 00:10:16,2026-05-05 18:07:33
CONT2026004922,2026-05-11 02:15:21,2026-05-16 08:15:42
CONT2026004923,2026-05-11 04:25:21,2026-05-15 15:57:19
CONT2026004924,2026-05-09 01:01:39,2026-05-15 20:11:10
CONT2026004925,2026-05-11 17:38:58,
CONT2026004926,2026-05-09 13:14:20,2026-05-10 12:16:02
CONT2026004927,2026-05-04 17:33:14,2026-05-05 14:47:07
CONT2026004928,2026-05-04 15:37:33,
CONT2026004929,2026-05-09 17:58:43,2026-05-16 07:56:34
CONT2026004930,2026-05-12 00:39:29,2026-05-12 12:07:53
CONT2026004931,2026-05-10 00:02:50,2026-05-11 00:55:49
CONT2026004932,2026-05-11 15:45:20,2026-05-16 07:38:45
CONT2026004933,2026-05-09 21:48:52,2026-05-16 19:31:14
CONT2026004934,2026-05-12 18:58:09,2026-05-13 19:52:14
CONT2026004935,2026-05-10 14:45:00,2026-05-15 20:54:05
CONT2026004936,2026-05-08 19:44:44,2026-05-16 20:16:08
CONT2026004937,2026-05-06 11:36:09,2026-05-15 22:56:59
CONT2026004938,2026-05-12 02:44:53,2026-05-16 09:23:58
CONT2026004939,2026-05-07 19:51:20,2026-05-08 18:07:11
CONT2026004940,2026-05-06 12:09:41,2026-05-17 02:22:59
CONT2026004941,2026-05-11 00:35:19,2026-05-15 14:15:26
CONT2026004942,2026-05-11 07:43:42,2026-05-16 16:50:01
CONT2026004943,2026-05-08 01:12:18,2026-05-08 17:25:14
CONT2026004944,2026-05-08 01:44:38,
CONT2026004945,2026-05-03 05:33:46,2026-05-15 19:01:55
CONT2026004946,2026-05-13 13:33:00,2026-05-15 23:22:52
CONT2026004947,2026-05-06 02:01:08,2026-05-16 11:38:11
CONT2026004948,2026-05-09 02:22:45,
CONT2026004949,2026-05-06 20:54:31,
CONT2026004950,2026-05-12 14:45:42,2026-05-13 16:20:57
CONT2026004951,2026-05-10 20:51:17,2026-05-11 03:01:16
CONT2026004952,2026-05-13 09:55:24,2026-05-16 15:40:08
CONT2026004953,2026-05-13 11:12:41,2026-05-13 18:27:59
CONT2026004954,2026-05-07 07:47:15,2026-05-16 17:17:38
CONT2026004955,2026-05-06 16:16:38,2026-05-08 06:51:05
CONT2026004956,2026-05-13 11:23:12,2026-05-14 09:28:09
CONT2026004957,2026-05-04 07:40:07,2026-05-04 11:40:07
CONT2026004958,2026-05-07 07:33:20,2026-05-07 21:08:47
CONT2026004959,2026-05-09 16:09:56,2026-05-16 10:10:38
CONT2026004960,2026-05-03 23:59:11,2026-05-16 13:16:15
CONT2026004961,2026-05-09 02:30:23,2026-05-15 19:14:36
CONT2026004962,2026-05-10 00:56:27,2026-05-16 17:02:38
CONT2026004963,2026-05-05 18:39:34,
CONT2026004964,2026-05-11 23:16:48,2026-05-17 01:42:33
CONT2026004965,2026-05-12 02:15:52,
CONT2026004966,2026-05-11 20:34:17,
CONT2026004967,2026-05-14 00:38:25,2026-05-17 15:38:42
CONT2026004968,2026-05-13 12:48:53,2026-05-18 06:26:30
CONT2026004969,2026-05-08 16:30:55,2026-05-17 10:00:40
CONT2026004970,2026-05-07 21:35:57,2026-05-08 16:24:13
CONT2026004971,2026-05-11 23:54:45,2026-05-18 12:17:29
CONT2026004972,2026-05-10 19:11:21,
CONT2026004973,2026-05-11 11:13:09,
CONT2026004974,2026-05-12 01:37:05,
CONT2026004975,2026-05-05 07:00:01,2026-05-18 06:04:39
CONT2026004976,2026-05-09 18:22:17,2026-05-17 08:49:09
CONT2026004977,2026-05-09 11:13:35,2026-05-17 18:21:35
CONT2026004978,2026-05-10 09:43:19,2026-05-17 11:33:02
CONT2026004979,2026-05-05 13:29:27,2026-05-17 19:25:56
CONT2026004980,2026-05-10 10:54:58,2026-05-11 17:39:26
CONT2026004981,2026-05-05 03:16:33,
CONT2026004982,2026-05-06 21:19:01,2026-05-07 08:52:50
CONT2026004983,2026-05-04 17:43:13,
CONT2026004984,2026-05-05 09:05:07,
CONT2026004985,2026-05-14 13:19:59,2026-05-15 04:26:21
CONT2026004986,2026-05-11 08:25:08,2026-05-18 03:52:41
CONT2026004987,2026-05-06 00:23:30,2026-05-18 05:09:36
CONT2026004988,2026-05-08 13:34:03,2026-05-09 14:50:27
CONT2026004989,2026-05-08 01:16:43,2026-05-18 02:58:33
CONT2026004990,2026-05-06 17:21:09,
CONT2026004991,2026-05-10 22:20:41,2026-05-11 22:19:03
CONT2026004992,2026-05-12 19:54:58,2026-05-19 03:29:25
CONT2026004993,2026-05-11 12:37:55,2026-05-19 01:35:29
CONT2026004994,2026-05-15 14:10:50,2026-05-16 09:46:34
CONT2026004995,2026-05-11 14:09:34,2026-05-12 00:41:15
CONT2026004996,2026-05-12 09:27:40,2026-05-17 11:33:49
CONT2026004997,2026-05-10 07:02:59,2026-05-11 01:07:08
CONT2026004998,2026-05-13 08:35:07,2026-05-17 20:53:34
CONT2026004999,2026-05-13 10:44:13,
CONT2026005000,2026-05-10 19:12:53,2026-05-18 08:17:22
CONT2026005001,2026-05-13 03:38:05,2026-05-13 23:10:00
CONT2026005002,2026-05-11 06:28:16,
CONT2026005003,2026-05-08 04:52:04,2026-05-18 08:15:15
CONT2026005004,2026-05-08 09:20:24,2026-05-08 21:26:04
CONT2026005005,2026-05-14 15:43:06,2026-05-15 00:52:50
CONT2026005006,2026-05-05 17:40:20,
CONT2026005007,2026-05-13 07:46:02,2026-05-14 07:44:23
CONT2026005008,2026-05-09 22:37:52,2026-05-18 08:27:06
CONT2026005009,2026-05-07 20:20:22,2026-05-08 15:25:39
CONT2026005010,2026-05-12 16:16:26,2026-05-13 22:09:18
CONT2026005011,2026-05-07 02:40:53,2026-05-07 23:37:40
CONT2026005012,2026-05-09 23:42:59,
CONT2026005013,2026-05-10 23:17:49,2026-05-11 20:51:11
CONT2026005014,2026-05-13 16:32:49,
CONT2026005015,2026-05-06 15:28:47,2026-05-07 06:10:44
CONT2026005016,2026-05-12 22:59:13,
CONT2026005017,2026-05-12 07:13:16,2026-05-13 05:58:55
CONT2026005018,2026-05-13 23:01:33,2026-05-14 12:20:45
CONT2026005019,2026-05-08 18:24:26,2026-05-18 06:05:03
CONT2026005020,2026-05-13 21:52:58,2026-05-14 10:04:25
CONT2026005021,2026-05-05 12:52:52,2026-05-18 08:03:56
CONT2026005022,2026-05-08 02:07:55,2026-05-08 18:05:19
CONT2026005023,2026-05-13 11:48:43,2026-05-13 18:25:44
CONT2026005024,2026-05-13 07:29:30,
CONT2026005025,2026-05-10 04:54:39,
CONT2026005026,2026-05-15 15:55:44,2026-05-18 06:38:13
CONT2026005027,2026-05-11 19:14:27,
CONT2026005028,2026-05-04 21:50:56,2026-05-05 20:40:03
CONT2026005029,2026-05-07 00:28:29,2026-05-07 08:10:43
CONT2026005030,2026-05-05 23:39:25,2026-05-17 22:59:12
CONT2026005031,2026-05-15 13:04:16,2026-05-18 12:55:52
CONT2026005032,2026-05-11 13:22:28,2026-05-12 03:25:44
CONT2026005033,2026-05-13 00:06:04,2026-05-13 23:04:59
CONT2026005034,2026-05-13 09:30:58,2026-05-18 01:49:17
CONT2026005035,2026-05-09 09:41:11,2026-05-10 21:07:04
CONT2026005036,2026-05-13 04:48:08,2026-05-18 06:53:49
CONT2026005037,2026-05-13 00:17:41,2026-05-14 03:48:34
CONT2026005038,2026-05-14 03:09:07,2026-05-18 05:49:48
CONT2026005039,2026-05-14 12:07:41,2026-05-15 01:35:29
CONT2026005040,2026-05-08 01:38:20,2026-05-18 05:35:41
CONT2026005041,2026-05-06 16:06:08,2026-05-07 13:23:01
CONT2026005042,2026-05-13 11:07:41,2026-05-18 03:41:13
CONT2026005043,2026-05-13 14:23:27,2026-05-17 21:26:45
CONT2026005044,2026-05-14 14:01:08,2026-05-18 14:02:42
CONT2026005045,2026-05-15 08:02:53,2026-05-16 02:25:56
CONT2026005046,2026-05-14 09:50:20,2026-05-15 03:44:56
CONT2026005047,2026-05-08 01:58:23,2026-05-08 16:19:21
CONT2026005048,2026-05-07 09:05:39,2026-05-07 15:04:38
CONT2026005049,2026-05-08 01:05:21,2026-05-18 09:18:08
CONT2026005050,2026-05-08 17:12:17,2026-05-09 08:31:47
CONT2026005051,2026-05-10 09:15:52,2026-05-18 08:09:52
CONT2026005052,2026-05-05 00:33:54,2026-05-06 12:44:58
CONT2026005053,2026-05-09 20:56:12,2026-05-10 18:30:03
CONT2026005054,2026-05-05 14:42:13,2026-05-18 02:38:05
CONT2026005055,2026-05-08 19:17:41,
CONT2026005056,2026-05-05 07:59:01,2026-05-19 22:34:28
CONT2026005057,2026-05-15 21:53:03,2026-05-19 09:35:15
CONT2026005058,2026-05-08 09:15:25,2026-05-09 02:37:21
CONT2026005059,2026-05-10 17:26:50,2026-05-18 22:13:12
CONT2026005060,2026-05-11 02:43:18,2026-05-18 20:16:08
CONT2026005061,2026-05-12 07:03:36,
CONT2026005062,2026-05-11 02:49:54,2026-05-11 09:10:54
CONT2026005063,2026-05-11 23:33:32,2026-05-19 22:57:03
CONT2026005064,2026-05-10 14:03:52,2026-05-19 06:33:56
CONT2026005065,2026-05-10 21:07:05,
CONT2026005066,2026-05-07 18:53:43,
CONT2026005067,2026-05-07 16:19:17,2026-05-18 17:06:19
CONT2026005068,2026-05-15 04:46:27,2026-05-18 23:36:01
CONT2026005069,2026-05-09 23:39:54,2026-05-19 06:54:24
CONT2026005070,2026-05-05 15:46:33,2026-05-06 12:22:04
CONT2026005071,2026-05-05 07:47:22,2026-05-18 13:02:01
CONT2026005072,2026-05-15 15:14:44,
CONT2026005073,2026-05-07 09:41:38,
CONT2026005074,2026-05-15 16:14:48,2026-05-18 06:40:41
CONT2026005075,2026-05-05 11:00:47,2026-05-18 15:29:06
CONT2026005076,2026-05-05 04:14:31,2026-05-19 01:42:20
CONT2026005077,2026-05-14 01:49:08,
CONT2026005078,2026-05-14 04:48:45,2026-05-15 05:51:04
CONT2026005079,2026-05-06 16:29:12,2026-05-18 20:18:42
CONT2026005080,2026-05-08 08:55:37,2026-05-19 06:55:18
CONT2026005081,2026-05-07 04:29:57,2026-05-20 01:25:03
CONT2026005082,2026-05-16 01:41:17,2026-05-19 18:30:43
CONT2026005083,2026-05-10 00:46:47,2026-05-11 00:10:46
CONT2026005084,2026-05-10 03:15:24,
CONT2026005085,2026-05-09 19:15:34,2026-05-19 22:25:59
CONT2026005086,2026-05-09 04:13:03,2026-05-09 22:48:38
CONT2026005087,2026-05-14 15:08:18,2026-05-20 08:50:27
CONT2026005088,2026-05-15 22:21:06,2026-05-16 23:03:12
CONT2026005089,2026-05-12 16:26:38,
CONT2026005090,2026-05-08 15:00:10,2026-05-20 12:51:18
CONT2026005091,2026-05-16 09:38:14,2026-05-20 02:12:26
CONT2026005092,2026-05-09 15:15:37,2026-05-10 21:07:37
CONT2026005093,2026-05-10 22:43:25,2026-05-11 23:17:04
CONT2026005094,2026-05-15 20:31:40,2026-05-21 07:12:48
CONT2026005095,2026-05-11 11:24:59,2026-05-20 22:25:50
CONT2026005096,2026-05-16 07:50:39,2026-05-16 15:44:25
CONT2026005097,2026-05-09 09:20:33,2026-05-09 18:24:06
CONT2026005098,2026-05-12 18:06:14,2026-05-20 17:28:28
CONT2026005099,2026-05-10 16:07:46,2026-05-20 14:32:08
CONT2026005100,2026-05-16 09:56:25,2026-05-16 15:43:10
CONT2026005101,2026-05-13 15:10:56,2026-05-14 18:18:50
CONT2026005102,2026-05-11 07:49:05,2026-05-12 02:28:42
CONT2026005103,2026-05-12 01:10:16,2026-05-20 12:42:12
CONT2026005104,2026-05-08 03:53:51,2026-05-09 14:52:32
CONT2026005105,2026-05-15 06:03:00,2026-05-15 23:14:43
CONT2026005106,2026-05-08 20:29:41,2026-05-09 16:32:00
CONT2026005107,2026-05-13 17:56:51,2026-05-13 21:56:51
CONT2026005108,2026-05-13 05:43:30,2026-05-14 01:16:56
CONT2026005109,2026-05-13 18:37:14,
CONT2026005110,2026-05-10 07:59:41,2026-05-11 08:37:06
CONT2026005111,2026-05-08 00:17:46,2026-05-20 03:33:53
CONT2026005112,2026-05-08 16:05:57,2026-05-09 21:58:29
CONT2026005113,2026-05-13 16:10:48,2026-05-20 16:22:52
CONT2026005114,2026-05-10 03:45:56,2026-05-21 02:20:49
CONT2026005115,2026-05-17 12:44:24,2026-05-21 00:43:59
CONT2026005116,2026-05-11 09:02:58,
CONT2026005117,2026-05-08 03:26:27,2026-05-08 15:15:48
CONT2026005118,2026-05-09 07:35:32,2026-05-20 12:51:44
CONT2026005119,2026-05-14 03:51:24,
CONT2026005120,2026-05-09 12:49:41,2026-05-10 12:25:10
CONT2026005121,2026-05-13 07:08:45,2026-05-20 08:35:17
CONT2026005122,2026-05-07 01:31:10,
CONT2026005123,2026-05-14 22:38:50,2026-05-20 18:19:15
CONT2026005124,2026-05-12 04:26:35,2026-05-21 13:23:50
CONT2026005125,2026-05-12 13:10:09,
CONT2026005126,2026-05-08 13:04:17,2026-05-20 11:40:36
CONT2026005127,2026-05-10 13:02:23,2026-05-20 17:37:15
CONT2026005128,2026-05-16 19:08:52,2026-05-17 08:36:46
CONT2026005129,2026-05-16 08:18:19,2026-05-20 14:18:53
CONT2026005130,2026-05-15 17:15:22,2026-05-20 21:48:27
CONT2026005131,2026-05-14 03:26:27,2026-05-14 22:05:57
CONT2026005132,2026-05-18 13:05:26,2026-05-22 06:03:57
CONT2026005133,2026-05-10 16:27:16,
CONT2026005134,2026-05-18 06:41:47,2026-05-21 08:26:02
CONT2026005135,2026-05-15 08:20:55,2026-05-15 14:25:32
CONT2026005136,2026-05-13 18:47:21,2026-05-14 15:55:54
CONT2026005137,2026-05-09 00:22:11,2026-05-23 06:02:54
CONT2026005138,2026-05-09 17:47:31,2026-05-21 12:39:38
CONT2026005139,2026-05-18 12:10:19,2026-05-22 00:03:02
CONT2026005140,2026-05-13 11:56:03,2026-05-21 08:28:30
CONT2026005141,2026-05-17 06:15:40,2026-05-21 14:20:47
CONT2026005142,2026-05-16 06:03:11,2026-05-17 04:56:17
CONT2026005143,2026-05-15 03:03:14,2026-05-20 22:55:38
CONT2026005144,2026-05-11 23:31:47,
CONT2026005145,2026-05-15 01:11:29,2026-05-15 12:23:20
CONT2026005146,2026-05-09 07:31:26,
CONT2026005147,2026-05-12 06:34:27,2026-05-21 21:25:30
CONT2026005148,2026-05-11 16:56:12,
CONT2026005149,2026-05-10 05:48:45,
CONT2026005150,2026-05-14 09:31:35,2026-05-21 07:38:42
CONT2026005151,2026-05-12 11:22:21,
CONT2026005152,2026-05-15 03:39:47,2026-05-21 00:50:40
CONT2026005153,2026-05-08 21:08:51,2026-05-10 01:35:42
CONT2026005154,2026-05-14 13:37:40,
CONT2026005155,2026-05-10 15:22:04,2026-05-22 07:29:24
CONT2026005156,2026-05-17 09:27:00,2026-05-23 05:28:23
CONT2026005157,2026-05-11 23:57:18,2026-05-22 01:44:29
CONT2026005158,2026-05-17 12:16:49,
CONT2026005159,2026-05-13 02:57:17,2026-05-21 21:06:10
CONT2026005160,2026-05-09 23:07:42,
CONT2026005161,2026-05-12 09:15:01,
CONT2026005162,2026-05-09 19:21:56,2026-05-22 03:10:24
CONT2026005163,2026-05-16 16:00:03,2026-05-22 00:07:43
CONT2026005164,2026-05-09 11:05:53,
CONT2026005165,2026-05-11 23:54:40,2026-05-12 06:04:58
CONT2026005166,2026-05-14 01:14:01,2026-05-22 08:36:25
CONT2026005167,2026-05-09 02:30:02,2026-05-10 12:48:06
CONT2026005168,2026-05-13 19:51:42,2026-05-22 12:40:40
CONT2026005169,2026-05-15 03:57:28,2026-05-16 10:00:33
CONT2026005170,2026-05-12 07:22:04,
CONT2026005171,2026-05-15 05:06:31,2026-05-15 23:03:48
CONT2026005172,2026-05-10 19:51:53,2026-05-21 19:21:14
CONT2026005173,2026-05-10 12:12:10,
CONT2026005174,2026-05-15 01:15:47,2026-05-15 05:31:49
CONT2026005175,2026-05-12 03:59:23,2026-05-13 17:27:17
CONT2026005176,2026-05-16 23:46:41,2026-05-23 05:07:32
CONT2026005177,2026-05-18 09:00:28,2026-05-19 04:44:19
CONT2026005178,2026-05-10 14:59:33,2026-05-11 14:48:39
CONT2026005179,2026-05-11 09:09:43,2026-05-21 10:00:55
CONT2026005180,2026-05-12 04:43:35,
CONT2026005181,2026-05-15 08:03:27,2026-05-16 00:28:17
CONT2026005182,2026-05-19 02:24:43,2026-05-23 01:53:12
CONT2026005183,2026-05-19 11:56:10,2026-05-20 14:46:36
CONT2026005184,2026-05-17 19:00:47,2026-05-22 14:24:15
CONT2026005185,2026-05-19 03:04:27,2026-05-21 21:24:45
CONT2026005186,2026-05-14 03:40:55,2026-05-15 09:16:44
CONT2026005187,2026-05-19 10:08:05,
CONT2026005188,2026-05-09 22:06:02,
CONT2026005189,2026-05-11 09:18:47,2026-05-12 04:05:25
CONT2026005190,2026-05-12 20:17:56,
CONT2026005191,2026-05-11 05:08:35,2026-05-12 04:07:20
CONT2026005192,2026-05-16 09:08:12,
CONT2026005193,2026-05-13 09:43:31,2026-05-21 19:37:31
CONT2026005194,2026-05-16 17:09:21,2026-05-17 16:55:48
CONT2026005195,2026-05-13 05:47:05,
CONT2026005196,2026-05-09 00:37:50,2026-05-09 17:07:42
CONT2026005197,2026-05-19 09:25:35,
CONT2026005198,2026-05-15 08:18:39,2026-05-22 13:36:28
CONT2026005199,2026-05-10 04:01:14,
CONT2026005200,2026-05-19 01:34:26,2026-05-23 02:39:59
CONT2026005201,2026-05-19 07:41:06,2026-05-19 20:06:57
CONT2026005202,2026-05-16 02:06:29,2026-05-17 06:08:57
CONT2026005203,2026-05-19 12:14:29,2026-05-22 23:47:54
CONT2026005204,2026-05-10 03:03:48,2026-05-10 14:46:44
CONT2026005205,2026-05-10 16:20:26,2026-05-22 14:27:45
CONT2026005206,2026-05-15 00:41:26,2026-05-22 04:03:19
CONT2026005207,2026-05-14 14:59:20,2026-05-15 03:14:06
CONT2026005208,2026-05-18 12:34:41,2026-05-19 16:13:06
CONT2026005209,2026-05-12 14:22:05,2026-05-22 13:36:03
CONT2026005210,2026-05-11 07:27:46,2026-05-12 22:03:40
CONT2026005211,2026-05-11 04:46:59,2026-05-22 02:14:58
CONT2026005212,2026-05-19 12:12:46,2026-05-20 04:55:17
CONT2026005213,2026-05-15 15:27:20,
CONT2026005214,2026-05-15 05:59:11,2026-05-22 18:59:08
CONT2026005215,2026-05-17 11:13:08,2026-05-21 18:01:41
CONT2026005216,2026-05-16 05:54:09,2026-05-22 04:12:49
CONT2026005217,2026-05-17 09:50:02,2026-05-22 05:55:01
CONT2026005218,2026-05-16 18:49:52,
CONT2026005219,2026-05-14 21:26:50,2026-05-22 00:52:15
CONT2026005220,2026-05-13 23:36:09,2026-05-14 13:36:05
CONT2026005221,2026-05-19 23:07:45,2026-05-20 11:51:20
CONT2026005222,2026-05-16 00:35:53,
CONT2026005223,2026-05-17 09:08:19,2026-05-18 16:43:29
CONT2026005224,2026-05-12 02:44:53,2026-05-13 02:58:53
CONT2026005225,2026-05-17 21:53:45,2026-05-22 06:23:53
CONT2026005226,2026-05-14 14:24:33,2026-05-14 22:29:07
CONT2026005227,2026-05-10 14:47:18,2026-05-22 20:40:07
CONT2026005228,2026-05-16 20:23:07,2026-05-23 16:07:54
CONT2026005229,2026-05-16 13:03:45,2026-05-25 10:01:53
CONT2026005230,2026-05-11 07:25:08,2026-05-24 19:32:54
CONT2026005231,2026-05-17 14:44:32,2026-05-24 02:50:32
CONT2026005232,2026-05-15 22:06:26,2026-05-24 13:01:57
CONT2026005233,2026-05-15 20:37:09,
CONT2026005234,2026-05-10 18:37:45,2026-05-11 06:24:05
CONT2026005235,2026-05-15 13:53:03,2026-05-16 00:21:48
CONT2026005236,2026-05-16 12:19:36,2026-05-24 19:47:21
CONT2026005237,2026-05-19 17:45:49,2026-05-25 07:13:16
CONT2026005238,2026-05-13 18:21:16,
CONT2026005239,2026-05-14 15:16:20,2026-05-15 12:27:53
CONT2026005240,2026-05-19 11:39:01,2026-05-20 06:25:35
CONT2026005241,2026-05-15 18:13:05,2026-05-24 12:05:05
CONT2026005242,2026-05-14 16:27:43,
CONT2026005243,2026-05-16 13:54:23,2026-05-17 10:45:28
CONT2026005244,2026-05-15 10:56:59,2026-05-16 05:10:05
CONT2026005245,2026-05-12 04:16:53,2026-05-24 14:26:43
CONT2026005246,2026-05-21 16:09:32,2026-05-23 03:11:01
CONT2026005247,2026-05-18 14:27:56,2026-05-24 21:04:11
CONT2026005248,2026-05-21 02:58:09,2026-05-24 18:16:50
CONT2026005249,2026-05-18 21:36:02,
CONT2026005250,2026-05-15 22:36:58,2026-05-24 08:50:46
CONT2026005251,2026-05-12 20:49:56,2026-05-24 13:26:23
CONT2026005252,2026-05-20 06:16:21,2026-05-25 08:16:36
CONT2026005253,2026-05-21 23:19:46,2026-05-22 11:34:48
CONT2026005254,2026-05-18 16:26:45,2026-05-19 21:55:19
CONT2026005255,2026-05-21 02:16:38,2026-05-25 11:12:39
CONT2026005256,2026-05-12 20:11:51,2026-05-24 09:43:37
CONT2026005257,2026-05-12 18:17:52,2026-05-14 06:06:22
CONT2026005258,2026-05-14 03:28:35,2026-05-15 05:21:00
CONT2026005259,2026-05-21 03:35:23,2026-05-22 19:42:16
CONT2026005260,2026-05-17 06:15:32,2026-05-25 12:30:50
CONT2026005261,2026-05-18 17:06:28,2026-05-25 14:40:00
CONT2026005262,2026-05-13 18:53:00,2026-05-25 04:36:20
CONT2026005263,2026-05-20 07:02:17,2026-05-21 01:11:46
CONT2026005264,2026-05-14 15:18:58,2026-05-25 16:02:36
CONT2026005265,2026-05-19 15:11:29,2026-05-20 05:10:41
CONT2026005266,2026-05-23 01:34:23,2026-05-25 10:53:56
CONT2026005267,2026-05-20 01:27:32,2026-05-25 19:34:31
CONT2026005268,2026-05-22 16:17:35,2026-05-25 07:57:43
CONT2026005269,2026-05-14 20:03:22,2026-05-26 10:41:30
CONT2026005270,2026-05-22 22:53:35,2026-05-23 19:43:30
CONT2026005271,2026-05-12 04:13:34,2026-05-25 02:52:30
CONT2026005272,2026-05-22 21:06:51,2026-05-23 16:43:06
CONT2026005273,2026-05-16 04:57:47,2026-05-25 20:23:19
CONT2026005274,2026-05-16 14:36:19,2026-05-16 18:36:19
CONT2026005275,2026-05-14 08:26:14,2026-05-15 10:12:23
CONT2026005276,2026-05-15 10:06:17,2026-05-25 07:58:58
CONT2026005277,2026-05-16 20:23:31,2026-05-17 22:45:32
CONT2026005278,2026-05-16 21:10:37,2026-05-27 12:50:04
CONT2026005279,2026-05-14 20:41:14,2026-05-15 21:14:58
CONT2026005280,2026-05-23 13:14:37,
CONT2026005281,2026-05-14 03:10:54,2026-05-27 10:28:01
CONT2026005282,2026-05-14 10:04:45,2026-05-15 09:17:20
CONT2026005283,2026-05-23 14:51:10,2026-05-24 17:35:04
CONT2026005284,2026-05-19 09:35:22,2026-05-20 01:44:44
CONT2026005285,2026-05-15 01:17:58,2026-05-15 12:48:42
CONT2026005286,2026-05-13 14:52:44,2026-05-26 15:16:38
CONT2026005287,2026-05-24 05:20:29,2026-05-24 19:44:11
CONT2026005288,2026-05-24 04:11:50,2026-05-24 19:49:18
CONT2026005289,2026-05-22 11:38:51,2026-05-27 14:25:21
CONT2026005290,2026-05-18 13:46:58,2026-05-27 00:52:38
CONT2026005291,2026-05-19 17:57:08,2026-05-27 01:09:22
CONT2026005292,2026-05-22 18:51:03,2026-05-24 10:21:10
CONT2026005293,2026-05-24 16:30:15,2026-05-27 08:53:00
CONT2026005294,2026-05-17 20:30:53,2026-05-27 02:22:52
CONT2026005295,2026-05-18 23:21:13,2026-05-19 19:04:33
CONT2026005296,2026-05-23 13:03:14,2026-05-24 04:57:38
CONT2026005297,2026-05-21 20:02:18,2026-05-27 16:35:55
CONT2026005298,2026-05-21 09:01:55,2026-05-27 18:55:55
CONT2026005299,2026-05-17 06:42:28,2026-05-27 01:57:54
CONT2026005300,2026-05-16 09:14:14,2026-05-28 03:09:00
CONT2026005301,2026-05-21 04:15:46,2026-05-21 08:15:46
CONT2026005302,2026-05-21 14:00:48,2026-05-27 09:51:39
CONT2026005303,2026-05-14 04:14:03,2026-05-27 03:51:54
CONT2026005304,2026-05-17 07:48:09,
CONT2026005305,2026-05-20 23:43:14,
CONT2026005306,2026-05-18 22:50:39,2026-05-19 19:11:03
CONT2026005307,2026-05-16 22:47:11,2026-05-28 04:00:45
CONT2026005308,2026-05-18 05:30:05,
CONT2026005309,2026-05-13 18:49:24,2026-05-27 08:39:44
CONT2026005310,2026-05-15 15:11:09,2026-05-27 16:04:00
CONT2026005311,2026-05-23 13:21:05,2026-05-28 13:52:23
CONT2026005312,2026-05-20 05:54:25,2026-05-28 08:21:49
CONT2026005313,2026-05-14 22:36:12,2026-05-15 11:52:08
CONT2026005314,2026-05-21 06:18:30,
CONT2026005315,2026-05-19 03:34:51,2026-05-27 17:25:10
CONT2026005316,2026-05-23 04:14:12,2026-05-24 05:20:02
CONT2026005317,2026-05-19 02:20:13,2026-05-19 18:25:26
CONT2026005318,2026-05-23 14:20:20,
CONT2026005319,2026-05-22 01:02:55,2026-05-28 19:02:17
CONT2026005320,2026-05-23 12:03:09,2026-05-24 07:05:30
CONT2026005321,2026-05-21 20:31:16,2026-05-22 12:32:07
CONT2026005322,2026-05-18 16:38:58,2026-05-29 04:44:47
CONT2026005323,2026-05-21 13:34:46,2026-05-22 14:42:57
CONT2026005324,2026-05-21 09:12:26,2026-05-22 08:24:48
CONT2026005325,2026-05-24 20:15:24,2026-05-29 20:25:20
CONT2026005326,2026-05-22 07:19:33,2026-05-28 10:27:00
CONT2026005327,2026-05-16 15:41:49,2026-05-28 11:31:29
CONT2026005328,2026-05-18 12:19:11,2026-05-18 20:15:09
CONT2026005329,2026-05-18 00:15:27,2026-05-29 06:08:46
CONT2026005330,2026-05-23 00:19:26,
CONT2026005331,2026-05-19 19:47:26,2026-05-29 01:45:18
CONT2026005332,2026-05-20 03:31:19,2026-05-21 09:49:17
CONT2026005333,2026-05-23 19:45:38,2026-05-25 02:16:06
CONT2026005334,2026-05-16 16:19:59,2026-05-17 15:14:14
CONT2026005335,2026-05-20 23:44:45,2026-05-22 09:33:50
CONT2026005336,2026-05-21 16:15:23,2026-05-29 08:20:38
CONT2026005337,2026-05-23 03:04:20,2026-05-28 16:52:30
CONT2026005338,2026-05-21 16:54:22,2026-05-22 07:50:44
CONT2026005339,2026-05-15 11:52:33,2026-05-16 17:58:24
CONT2026005340,2026-05-17 13:10:09,2026-05-18 04:26:17
CONT2026005341,2026-05-23 20:56:44,2026-05-29 09:27:19
CONT2026005342,2026-05-20 02:37:29,
CONT2026005343,2026-05-18 01:54:18,2026-05-18 22:48:48
CONT2026005344,2026-05-20 00:25:49,2026-05-28 19:20:10
CONT2026005345,2026-05-24 20:40:16,2026-05-25 20:42:39
CONT2026005346,2026-05-15 14:03:36,2026-05-29 00:26:49
CONT2026005347,2026-05-20 19:10:31,2026-05-29 14:20:53
CONT2026005348,2026-05-25 19:17:25,2026-05-27 02:12:40
CONT2026005349,2026-05-24 02:23:08,2026-05-24 22:03:16
CONT2026005350,2026-05-25 21:30:58,2026-05-26 15:05:43
CONT2026005351,2026-05-25 18:19:39,2026-05-28 23:56:08
CONT2026005352,2026-05-19 08:29:42,2026-05-20 06:50:19
CONT2026005353,2026-05-25 10:59:28,2026-05-28 14:14:47
CONT2026005354,2026-05-21 05:21:35,2026-05-28 11:39:45
CONT2026005355,2026-05-22 15:42:50,2026-05-29 00:43:12
CONT2026005356,2026-05-18 17:41:30,2026-05-28 23:49:38
CONT2026005357,2026-05-22 10:48:52,2026-05-23 05:16:32
CONT2026005358,2026-05-20 02:43:29,2026-05-28 20:37:18
CONT2026005359,2026-05-22 19:30:31,2026-05-23 17:55:02
CONT2026005360,2026-05-18 17:08:00,2026-05-29 16:11:34
CONT2026005361,2026-05-26 05:48:17,2026-05-29 04:28:46
CONT2026005362,2026-05-22 21:31:17,2026-05-24 06:30:18
CONT2026005363,2026-05-25 05:25:30,
CONT2026005364,2026-05-25 15:49:50,2026-05-26 15:05:21
CONT2026005365,2026-05-21 02:03:20,
CONT2026005366,2026-05-15 21:03:07,
CONT2026005367,2026-05-25 03:54:41,2026-05-26 10:15:33
CONT2026005368,2026-05-22 12:23:59,
CONT2026005369,2026-05-16 16:05:13,
CONT2026005370,2026-05-25 12:31:19,2026-05-29 21:07:16
CONT2026005371,2026-05-15 20:37:31,2026-05-17 00:47:26
CONT2026005372,2026-05-18 04:24:39,2026-05-29 13:59:07
CONT2026005373,2026-05-19 19:00:25,2026-05-20 13:17:03
CONT2026005374,2026-05-17 20:25:47,2026-05-18 20:30:32
CONT2026005375,2026-05-18 22:01:57,2026-05-20 00:00:14
CONT2026005376,2026-05-19 06:02:07,
CONT2026005377,2026-05-26 01:22:19,
CONT2026005378,2026-05-18 10:29:40,2026-05-18 19:52:11
CONT2026005379,2026-05-19 23:05:39,2026-05-20 05:51:17
CONT2026005380,2026-05-17 00:34:45,2026-05-29 19:05:15
CONT2026005381,2026-05-20 22:56:28,2026-05-29 13:08:36
CONT2026005382,2026-05-24 22:30:50,2026-05-25 17:13:40
CONT2026005383,2026-05-21 19:55:27,
CONT2026005384,2026-05-18 13:29:05,2026-05-19 00:42:53
CONT2026005385,2026-05-19 16:13:07,2026-05-20 05:14:55
CONT2026005386,2026-05-25 19:49:02,2026-05-30 20:49:33
CONT2026005387,2026-05-16 06:57:10,2026-05-17 11:46:07
CONT2026005388,2026-05-20 13:49:44,2026-05-21 14:59:50
CONT2026005389,2026-05-26 15:53:41,2026-05-27 20:03:17
CONT2026005390,2026-05-17 00:08:17,2026-05-30 00:06:00
CONT2026005391,2026-05-17 09:00:07,2026-05-18 03:31:48
CONT2026005392,2026-05-22 11:36:36,
CONT2026005393,2026-05-18 21:42:14,2026-05-19 14:26:25
CONT2026005394,2026-05-25 11:04:32,2026-05-26 10:58:50
CONT2026005395,2026-05-25 17:05:44,2026-05-30 13:33:17
CONT2026005396,2026-05-18 05:35:20,2026-05-19 11:31:13
CONT2026005397,2026-05-16 22:55:55,2026-05-30 15:15:20
CONT2026005398,2026-05-21 09:15:59,2026-05-22 18:53:06
CONT2026005399,2026-05-27 12:20:57,2026-05-28 06:49:59
CONT2026005400,2026-05-23 20:42:18,
CONT2026005401,2026-05-26 16:49:59,2026-06-02 04:18:05
CONT2026005402,2026-05-25 13:44:23,
CONT2026005403,2026-05-27 20:44:01,2026-05-28 14:29:28
CONT2026005404,2026-05-23 19:49:43,
CONT2026005405,2026-05-26 10:18:30,2026-05-27 15:04:43
CONT2026005406,2026-05-24 22:53:00,
CONT2026005407,2026-05-24 04:45:40,2026-06-02 13:27:51
CONT2026005408,2026-05-27 02:22:39,
CONT2026005409,2026-05-25 20:52:20,
CONT2026005410,2026-05-21 14:23:18,2026-06-01 23:55:43
CONT2026005411,2026-05-20 22:14:17,
CONT2026005412,2026-05-28 03:36:00,2026-05-28 16:45:07
CONT2026005413,2026-05-23 16:13:37,
CONT2026005414,2026-05-26 01:09:47,2026-05-26 05:41:29
CONT2026005415,2026-05-22 14:11:17,2026-06-02 18:36:14
CONT2026005416,2026-05-24 04:01:23,2026-05-24 11:13:16
CONT2026005417,2026-05-28 01:13:56,2026-06-02 13:39:42
CONT2026005418,2026-05-27 10:14:56,
CONT2026005419,2026-05-28 00:46:22,
CONT2026005420,2026-05-27 17:45:13,2026-05-29 08:47:05
CONT2026005421,2026-05-23 21:58:04,
CONT2026005422,2026-05-25 14:02:17,
CONT2026005423,2026-05-25 10:26:48,
CONT2026005424,2026-05-20 16:38:25,2026-06-02 03:43:10
CONT2026005425,2026-05-26 16:37:39,
CONT2026005426,2026-05-31 04:31:01,
CONT2026005427,2026-05-20 18:04:17,
CONT2026005428,2026-05-30 09:57:07,2026-06-03 05:32:52
CONT2026005429,2026-05-29 16:02:33,2026-06-03 05:07:14
CONT2026005430,2026-05-23 10:33:45,2026-05-24 14:20:25
CONT2026005431,2026-05-21 07:34:09,2026-06-02 22:53:23
CONT2026005432,2026-05-21 02:11:51,2026-06-02 20:52:32
CONT2026005433,2026-05-28 18:31:02,2026-05-29 13:15:21
CONT2026005434,2026-05-24 16:19:49,2026-06-03 08:39:47
CONT2026005435,2026-05-26 18:12:01,2026-06-03 05:03:45
CONT2026005436,2026-05-25 15:44:21,
CONT2026005437,2026-05-27 10:25:15,2026-06-02 16:36:21
CONT2026005438,2026-05-20 17:09:10,
CONT2026005439,2026-05-27 10:59:39,2026-06-03 03:19:31
CONT2026005440,2026-05-27 17:51:33,2026-05-28 20:52:58
CONT2026005441,2026-05-21 06:39:03,2026-06-02 08:28:54
CONT2026005442,2026-05-22 17:30:51,
CONT2026005443,2026-05-20 15:32:27,2026-06-02 16:47:45
CONT2026005444,2026-05-30 21:30:51,2026-06-03 05:22:36
CONT2026005445,2026-05-28 17:06:38,
CONT2026005446,2026-05-28 01:06:09,2026-05-28 06:31:46
CONT2026005447,2026-05-31 00:28:51,2026-05-31 15:45:47
CONT2026005448,2026-05-23 13:35:29,
CONT2026005449,2026-05-30 19:58:31,2026-05-31 12:50:47
CONT2026005450,2026-06-01 20:11:32,2026-06-03 11:57:00
CONT2026005451,2026-05-26 09:01:23,
CONT2026005452,2026-05-22 07:40:36,2026-06-04 07:52:56
CONT2026005453,2026-05-30 23:53:43,2026-06-04 14:48:07
CONT2026005454,2026-05-25 00:15:36,2026-05-25 20:48:35
CONT2026005455,2026-05-24 17:05:07,
CONT2026005456,2026-05-23 06:16:38,2026-05-23 16:33:30
CONT2026005457,2026-05-27 15:02:31,2026-06-04 12:38:23
CONT2026005458,2026-05-31 23:18:06,2026-06-02 07:26:24
CONT2026005459,2026-05-23 23:28:43,2026-06-05 02:05:48
CONT2026005460,2026-05-23 08:42:15,2026-05-23 23:34:40
CONT2026005461,2026-05-23 14:32:41,2026-05-24 15:36:35
CONT2026005462,2026-05-24 12:18:22,2026-05-25 22:09:32
CONT2026005463,2026-05-29 02:28:40,2026-06-05 00:25:33
CONT2026005464,2026-05-24 20:03:50,2026-05-25 07:35:16
CONT2026005465,2026-05-24 15:53:44,2026-05-25 05:03:58
CONT2026005466,2026-05-30 21:17:33,2026-05-31 23:43:09
CONT2026005467,2026-05-28 00:23:26,2026-05-28 15:30:47
CONT2026005468,2026-05-29 12:06:07,2026-06-04 18:43:07
CONT2026005469,2026-06-02 06:51:38,2026-06-02 11:52:00
CONT2026005470,2026-05-26 13:32:52,2026-05-27 04:18:31
CONT2026005471,2026-05-27 03:03:35,2026-06-05 15:19:50
CONT2026005472,2026-06-01 06:20:10,2026-06-02 05:36:49
CONT2026005473,2026-05-30 15:53:23,2026-06-05 01:52:36
CONT2026005474,2026-05-23 13:18:53,2026-06-05 10:14:17
CONT2026005475,2026-05-24 01:53:13,
CONT2026005476,2026-05-31 09:54:28,2026-06-01 01:51:36
CONT2026005477,2026-05-29 03:11:17,2026-06-05 01:04:45
CONT2026005478,2026-05-22 16:29:58,2026-06-04 23:52:30
CONT2026005479,2026-05-22 11:15:50,2026-06-05 17:24:26
CONT2026005480,2026-05-24 02:16:24,
CONT2026005481,2026-05-30 13:33:08,2026-06-04 16:48:59
CONT2026005482,2026-05-26 05:28:58,2026-06-04 14:51:38
CONT2026005483,2026-05-24 00:54:50,2026-05-24 18:03:07
CONT2026005484,2026-05-24 13:21:26,
CONT2026005485,2026-05-24 23:01:46,2026-05-25 15:48:05
CONT2026005486,2026-05-29 21:10:46,2026-06-04 20:11:14
CONT2026005487,2026-05-23 05:08:15,2026-06-06 07:23:24
CONT2026005488,2026-05-30 03:33:10,2026-05-31 06:46:35
CONT2026005489,2026-06-01 03:49:02,
CONT2026005490,2026-05-24 17:08:38,2026-06-05 04:14:37
CONT2026005491,2026-05-24 06:42:45,2026-06-05 03:18:17
CONT2026005492,2026-05-26 04:53:42,
CONT2026005493,2026-05-25 21:25:35,2026-06-04 20:06:30
CONT2026005494,2026-05-26 22:09:09,2026-05-27 18:33:51
CONT2026005495,2026-05-30 23:55:17,2026-06-05 07:57:32
CONT2026005496,2026-05-26 01:22:24,2026-06-05 05:34:49
CONT2026005497,2026-06-01 20:45:44,
CONT2026005498,2026-06-01 08:39:01,2026-06-05 13:39:52
CONT2026005499,2026-05-23 15:52:19,2026-06-05 16:03:48
CONT2026005500,2026-05-31 00:01:16,2026-06-04 19:02:49
CONT2026005501,2026-05-25 14:47:39,2026-06-06 02:12:59
CONT2026005502,2026-05-26 16:46:55,2026-06-04 15:08:24
CONT2026005503,2026-05-30 13:26:26,2026-06-05 06:43:24
CONT2026005504,2026-06-01 08:23:39,2026-06-06 05:37:22
CONT2026005505,2026-05-25 11:29:03,2026-05-26 18:59:58
CONT2026005506,2026-06-03 03:36:51,2026-06-05 20:20:09
CONT2026005507,2026-05-28 03:04:53,
CONT2026005508,2026-05-29 10:11:23,2026-06-06 16:32:46
CONT2026005509,2026-06-02 10:54:13,
CONT2026005510,2026-06-02 04:24:25,2026-06-02 20:29:00
CONT2026005511,2026-06-03 13:08:35,2026-06-03 23:24:05
CONT2026005512,2026-05-30 11:01:25,2026-06-06 16:40:17
CONT2026005513,2026-06-03 03:47:42,2026-06-03 19:12:41
CONT2026005514,2026-05-28 05:30:32,2026-05-29 13:55:58
CONT2026005515,2026-06-03 01:38:23,2026-06-06 16:22:31
CONT2026005516,2026-05-29 14:21:29,2026-05-29 22:45:13
CONT2026005517,2026-05-31 04:50:06,2026-06-06 12:09:59
CONT2026005518,2026-06-02 11:22:53,
CONT2026005519,2026-05-27 12:43:21,2026-06-06 08:10:11
CONT2026005520,2026-05-26 01:17:41,
CONT2026005521,2026-06-01 03:35:51,
CONT2026005522,2026-06-01 10:13:20,
CONT2026005523,2026-06-01 15:58:36,2026-06-01 19:58:36
CONT2026005524,2026-05-30 18:24:13,2026-06-07 01:56:22
CONT2026005525,2026-06-04 03:03:39,2026-06-05 09:08:39
CONT2026005526,2026-05-29 13:58:54,2026-06-07 03:52:29
CONT2026005527,2026-05-26 19:13:50,2026-06-07 06:08:06
CONT2026005528,2026-05-30 23:30:11,2026-06-08 03:01:07
CONT2026005529,2026-06-03 18:23:51,
CONT2026005530,2026-06-02 08:23:12,2026-06-03 18:06:15
CONT2026005531,2026-05-25 16:36:37,2026-05-26 07:47:38
CONT2026005532,2026-06-03 09:58:24,2026-06-07 15:35:20
CONT2026005533,2026-05-30 10:26:02,2026-06-06 22:06:06
CONT2026005534,2026-05-28 20:47:12,2026-06-07 08:56:58
CONT2026005535,2026-05-28 01:19:21,
CONT2026005536,2026-05-25 12:58:03,2026-05-26 16:19:00
CONT2026005537,2026-05-31 03:09:29,2026-05-31 21:35:12
CONT2026005538,2026-06-04 07:07:45,2026-06-05 01:49:01
CONT2026005539,2026-06-03 11:06:21,2026-06-04 02:34:28
CONT2026005540,2026-05-28 22:41:39,2026-06-07 14:04:51
CONT2026005541,2026-05-26 02:49:56,2026-05-27 12:10:01
CONT2026005542,2026-06-02 00:06:04,2026-06-02 23:23:50
CONT2026005543,2026-05-30 01:27:24,2026-05-30 23:00:03
CONT2026005544,2026-06-01 22:47:42,2026-06-03 08:38:02
CONT2026005545,2026-05-31 14:32:38,2026-06-07 20:40:38
CONT2026005546,2026-05-27 02:21:18,2026-06-06 03:43:26
CONT2026005547,2026-05-31 07:25:24,2026-06-01 03:41:37
CONT2026005548,2026-06-03 19:45:00,
CONT2026005549,2026-05-30 14:12:35,2026-06-07 13:34:25
CONT2026005550,2026-05-29 18:51:04,2026-05-30 15:11:10
CONT2026005551,2026-06-03 22:56:39,2026-06-07 01:43:41
CONT2026005552,2026-06-02 02:32:37,2026-06-02 11:19:48
CONT2026005553,2026-05-28 21:59:24,2026-05-30 07:16:51
CONT2026005554,2026-06-01 03:17:27,2026-06-02 08:14:10
CONT2026005555,2026-05-27 05:22:06,2026-06-07 14:43:39
CONT2026005556,2026-05-25 13:34:11,2026-05-26 06:03:40
CONT2026005557,2026-05-31 12:41:13,2026-06-01 09:28:07
CONT2026005558,2026-05-29 18:58:59,2026-06-07 19:36:47
CONT2026005559,2026-05-25 05:05:01,2026-05-26 05:50:11
CONT2026005560,2026-06-02 08:23:10,2026-06-03 07:36:06
CONT2026005561,2026-06-03 22:45:53,2026-06-08 11:34:19
CONT2026005562,2026-05-30 01:35:28,2026-06-07 23:06:34
CONT2026005563,2026-06-04 04:32:42,2026-06-06 18:28:23
CONT2026005564,2026-05-30 19:08:29,2026-06-07 07:32:56
CONT2026005565,2026-06-01 23:07:47,2026-06-06 09:36:24
CONT2026005566,2026-05-24 17:41:42,2026-05-25 12:57:39
CONT2026005567,2026-05-25 06:35:47,2026-06-07 02:46:17
CONT2026005568,2026-06-01 05:51:16,
CONT2026005569,2026-05-25 07:37:34,2026-05-25 20:08:48
CONT2026005570,2026-05-31 02:30:17,2026-06-01 06:33:46
CONT2026005571,2026-05-25 05:19:59,2026-05-25 19:32:53
CONT2026005572,2026-05-26 17:53:20,2026-05-27 06:02:40
CONT2026005573,2026-06-02 16:54:15,2026-06-03 01:57:08
CONT2026005574,2026-05-26 02:11:43,2026-05-26 15:33:41
CONT2026005575,2026-05-30 02:51:14,2026-05-30 19:46:26
CONT2026005576,2026-06-02 00:47:53,2026-06-02 05:14:16
CONT2026005577,2026-05-29 22:31:34,
CONT2026005578,2026-05-29 03:24:57,2026-06-07 02:10:24
CONT2026005579,2026-05-29 22:42:06,2026-06-06 05:36:31
CONT2026005580,2026-05-28 20:11:48,2026-06-07 01:17:21
CONT2026005581,2026-05-27 04:28:50,2026-05-28 05:55:50
CONT2026005582,2026-05-31 17:35:25,2026-06-01 00:16:00
CONT2026005583,2026-06-04 11:51:31,
CONT2026005584,2026-05-28 20:38:55,
CONT2026005585,2026-05-27 06:21:57,2026-06-07 11:39:08
CONT2026005586,2026-05-26 21:57:30,2026-05-27 15:04:52
CONT2026005587,2026-06-01 02:10:43,2026-06-07 08:19:03
CONT2026005588,2026-05-28 21:47:47,2026-06-07 22:13:15
CONT2026005589,2026-05-28 19:29:39,2026-06-07 00:59:40
CONT2026005590,2026-06-02 03:42:28,2026-06-02 08:55:55
CONT2026005591,2026-06-02 19:14:59,2026-06-07 01:04:11
CONT2026005592,2026-05-24 09:32:05,
CONT2026005593,2026-06-01 02:34:21,2026-06-07 17:14:20
CONT2026005594,2026-05-31 12:35:41,2026-06-01 05:51:28
CONT2026005595,2026-06-03 13:35:48,2026-06-03 22:41:18
CONT2026005596,2026-06-01 15:52:08,2026-06-02 21:24:31
CONT2026005597,2026-06-01 10:22:52,2026-06-02 06:56:55
CONT2026005598,2026-05-26 08:14:33,2026-06-07 12:04:56
CONT2026005599,2026-05-31 10:43:55,2026-06-01 01:26:00
CONT2026005600,2026-05-25 10:38:15,2026-06-07 17:57:21
CONT2026005601,2026-06-04 22:09:52,2026-06-07 06:38:18
CONT2026005602,2026-05-30 02:02:42,2026-06-07 16:40:55
CONT2026005603,2026-06-04 10:58:42,2026-06-04 23:26:52
CONT2026005604,2026-05-30 11:43:45,2026-06-09 02:41:01
CONT2026005605,2026-05-27 03:01:24,
CONT2026005606,2026-06-04 00:12:47,
CONT2026005607,2026-06-01 07:14:03,2026-06-08 06:56:35
CONT2026005608,2026-05-30 15:27:13,2026-06-08 09:39:45
CONT2026005609,2026-06-05 01:39:11,2026-06-06 00:30:46
CONT2026005610,2026-05-26 20:22:45,2026-06-09 05:07:31
CONT2026005611,2026-05-31 05:37:04,
CONT2026005612,2026-05-27 05:13:22,2026-06-08 02:30:25
CONT2026005613,2026-05-30 11:24:48,
CONT2026005614,2026-06-01 15:45:30,2026-06-03 04:01:19
CONT2026005615,2026-06-02 12:48:18,2026-06-08 11:35:55
CONT2026005616,2026-05-31 09:06:11,2026-06-07 15:47:13
CONT2026005617,2026-06-04 10:23:46,2026-06-05 10:11:07
CONT2026005618,2026-05-26 01:45:27,2026-05-27 00:34:25
CONT2026005619,2026-05-26 23:35:30,
CONT2026005620,2026-06-04 14:34:06,2026-06-05 06:31:54
CONT2026005621,2026-05-28 06:32:21,2026-06-08 12:24:55
CONT2026005622,2026-06-04 00:57:18,2026-06-05 08:17:16
CONT2026005623,2026-06-03 02:44:24,2026-06-07 08:20:40
CONT2026005624,2026-06-05 02:16:31,2026-06-07 22:43:02
CONT2026005625,2026-05-30 03:02:15,2026-06-07 16:01:21
CONT2026005626,2026-05-29 11:25:01,2026-06-08 13:07:54
CONT2026005627,2026-06-01 22:43:28,
CONT2026005628,2026-06-01 12:42:51,2026-06-02 15:26:52
CONT2026005629,2026-05-27 14:42:19,2026-06-07 20:45:33
CONT2026005630,2026-05-29 16:55:37,2026-06-08 19:07:55
CONT2026005631,2026-06-03 05:28:07,2026-06-04 17:38:00
CONT2026005632,2026-05-27 12:26:21,2026-06-08 10:44:09
CONT2026005633,2026-06-04 01:53:15,2026-06-08 17:20:42
CONT2026005634,2026-05-29 05:37:11,
CONT2026005635,2026-05-31 22:43:22,2026-06-08 07:51:28
CONT2026005636,2026-05-30 19:53:06,2026-06-09 02:02:39
CONT2026005637,2026-05-25 07:58:01,2026-05-25 13:47:43
CONT2026005638,2026-06-01 21:43:36,2026-06-02 10:34:14
CONT2026005639,2026-05-28 08:41:02,2026-06-07 04:29:11
CONT2026005640,2026-05-25 23:45:03,2026-06-07 14:13:05
CONT2026005641,2026-06-02 03:04:40,
CONT2026005642,2026-05-29 06:08:22,2026-05-30 07:05:48
CONT2026005643,2026-06-01 22:47:09,2026-06-07 17:07:36
CONT2026005644,2026-06-04 18:40:56,2026-06-05 16:26:35
CONT2026005645,2026-06-03 01:16:36,
CONT2026005646,2026-05-27 09:22:51,
CONT2026005647,2026-05-29 07:06:28,2026-05-30 09:59:09
CONT2026005648,2026-06-02 13:13:19,2026-06-03 01:13:19
CONT2026005649,2026-05-25 15:53:15,2026-06-09 06:21:07
CONT2026005650,2026-05-28 03:29:25,2026-06-07 14:09:04
CONT2026005651,2026-05-28 22:42:28,2026-05-29 18:48:03
CONT2026005652,2026-05-29 03:00:12,2026-05-30 13:22:25
CONT2026005653,2026-06-04 08:50:07,2026-06-05 03:28:24
CONT2026005654,2026-06-04 20:09:12,
CONT2026005655,2026-06-02 13:40:22,2026-06-08 09:46:04
CONT2026005656,2026-06-05 12:30:26,2026-06-08 16:46:00
CONT2026005657,2026-05-28 18:20:12,2026-05-29 05:23:12
CONT2026005658,2026-06-01 10:01:56,2026-06-02 10:20:02
CONT2026005659,2026-06-01 23:51:40,
CONT2026005660,2026-06-02 18:30:53,
CONT2026005661,2026-05-29 00:47:12,2026-05-29 22:32:52
CONT2026005662,2026-06-04 16:48:57,2026-06-05 07:32:40
CONT2026005663,2026-06-03 21:32:16,2026-06-08 12:14:35
CONT2026005664,2026-05-27 12:54:08,2026-06-07 18:42:54
CONT2026005665,2026-05-27 02:42:44,2026-05-27 19:14:20
CONT2026005666,2026-06-02 18:54:00,2026-06-08 22:03:49
CONT2026005667,2026-05-28 20:20:48,
CONT2026005668,2026-06-05 23:13:04,2026-06-08 11:26:16
CONT2026005669,2026-06-05 05:46:06,2026-06-06 06:02:26
CONT2026005670,2026-05-26 08:46:51,2026-05-26 13:10:16
CONT2026005671,2026-06-01 01:27:41,
CONT2026005672,2026-06-03 07:48:59,2026-06-03 18:58:00
CONT2026005673,2026-06-05 03:36:24,2026-06-05 22:32:18
CONT2026005674,2026-05-27 11:30:24,2026-06-08 22:01:58
CONT2026005675,2026-06-05 23:58:45,2026-06-07 14:57:26
CONT2026005676,2026-06-01 14:12:04,2026-06-09 12:39:15
CONT2026005677,2026-05-30 02:43:14,
CONT2026005678,2026-06-01 19:16:31,2026-06-09 09:14:57
CONT2026005679,2026-06-04 23:24:57,2026-06-05 13:50:05
CONT2026005680,2026-05-27 18:26:06,2026-05-28 21:42:00
CONT2026005681,2026-05-30 21:58:25,2026-05-31 15:53:29
CONT2026005682,2026-06-03 02:57:17,2026-06-08 22:56:53
CONT2026005683,2026-05-31 20:22:00,2026-06-08 18:33:37
CONT2026005684,2026-05-30 22:27:36,2026-05-31 18:03:46
CONT2026005685,2026-05-30 11:19:23,2026-06-09 06:44:00
CONT2026005686,2026-06-01 03:15:20,2026-06-01 21:00:17
CONT2026005687,2026-05-30 09:58:33,2026-05-31 16:07:53
CONT2026005688,2026-05-29 13:12:55,2026-05-30 02:35:28
CONT2026005689,2026-05-31 09:23:51,
CONT2026005690,2026-06-05 10:52:54,2026-06-06 04:17:53
CONT2026005691,2026-06-03 22:43:43,2026-06-04 09:56:38
CONT2026005692,2026-05-31 14:32:22,2026-06-01 08:26:06
CONT2026005693,2026-05-26 13:18:02,2026-05-27 00:05:01
CONT2026005694,2026-06-04 16:21:01,2026-06-09 13:01:09
CONT2026005695,2026-06-02 19:07:13,2026-06-03 08:06:07
CONT2026005696,2026-05-31 04:41:16,2026-06-08 17:16:20
CONT2026005697,2026-06-05 08:02:44,2026-06-05 16:43:51
CONT2026005698,2026-05-30 19:10:03,
CONT2026005699,2026-05-31 23:55:34,2026-06-09 02:49:30
CONT2026005700,2026-05-28 22:43:37,2026-06-09 14:39:27
CONT2026005701,2026-05-29 05:47:43,
CONT2026005702,2026-05-31 15:30:05,
CONT2026005703,2026-05-30 23:40:29,2026-06-01 02:32:59
CONT2026005704,2026-06-02 05:06:51,2026-06-09 06:22:49
CONT2026005705,2026-05-27 01:05:51,2026-06-08 08:19:48
CONT2026005706,2026-06-02 14:34:13,2026-06-09 01:31:05
CONT2026005707,2026-05-29 01:02:02,2026-05-30 11:17:08
CONT2026005708,2026-05-29 07:11:51,2026-06-08 18:49:33
CONT2026005709,2026-05-26 20:05:05,2026-05-28 01:12:13
CONT2026005710,2026-06-05 13:04:16,2026-06-08 23:18:30
CONT2026005711,2026-06-01 17:00:08,2026-06-02 12:54:34
CONT2026005712,2026-05-31 08:27:39,2026-06-08 20:28:39
CONT2026005713,2026-05-29 12:45:11,
CONT2026005714,2026-06-05 17:13:16,2026-06-08 21:18:58
CONT2026005715,2026-05-29 19:10:53,2026-06-08 09:26:58
CONT2026005716,2026-06-01 04:53:43,2026-06-02 04:49:21
CONT2026005717,2026-06-02 18:37:00,2026-06-03 22:12:00
CONT2026005718,2026-06-02 20:01:01,2026-06-09 06:27:44
CONT2026005719,2026-06-01 15:53:09,2026-06-03 05:06:03
CONT2026005720,2026-05-30 21:08:21,2026-05-31 13:25:29
CONT2026005721,2026-06-05 13:51:16,2026-06-08 01:49:57
CONT2026005722,2026-06-03 08:09:53,2026-06-09 16:28:17
CONT2026005723,2026-06-01 18:42:50,2026-06-09 17:24:26
CONT2026005724,2026-05-31 23:27:14,2026-06-09 22:28:19
CONT2026005725,2026-06-03 17:59:16,2026-06-10 06:51:32
CONT2026005726,2026-06-05 05:45:53,2026-06-09 14:03:03
CONT2026005727,2026-05-30 16:50:25,2026-06-10 00:56:45
CONT2026005728,2026-06-01 03:29:27,2026-06-09 07:49:21
CONT2026005729,2026-05-31 21:44:07,2026-06-09 11:21:07
CONT2026005730,2026-06-03 20:48:47,2026-06-04 19:19:40
CONT2026005731,2026-05-27 11:30:25,2026-06-10 20:41:43
CONT2026005732,2026-05-31 01:45:53,
CONT2026005733,2026-05-29 04:39:00,
CONT2026005734,2026-06-01 10:51:28,2026-06-02 03:33:20
CONT2026005735,2026-05-29 16:54:38,
CONT2026005736,2026-06-05 14:10:51,2026-06-06 04:37:21
CONT2026005737,2026-06-03 04:09:43,
CONT2026005738,2026-05-29 11:58:44,2026-06-09 08:26:02
CONT2026005739,2026-06-04 19:18:16,2026-06-05 03:51:39
CONT2026005740,2026-06-05 05:19:18,
CONT2026005741,2026-06-03 15:04:31,2026-06-09 19:50:19
CONT2026005742,2026-05-28 16:44:49,
CONT2026005743,2026-05-29 11:02:46,2026-05-30 04:15:04
CONT2026005744,2026-06-02 02:32:21,2026-06-09 09:49:53
CONT2026005745,2026-05-28 15:59:56,2026-05-29 19:20:59
CONT2026005746,2026-06-01 14:18:17,2026-06-09 18:52:54
CONT2026005747,2026-06-04 10:49:45,2026-06-09 09:08:47
CONT2026005748,2026-06-05 18:06:13,2026-06-06 17:07:57
CONT2026005749,2026-06-03 09:48:41,2026-06-10 02:13:40
CONT2026005750,2026-05-29 09:02:14,2026-06-09 23:27:04
CONT2026005751,2026-05-29 19:31:44,2026-06-10 19:36:38
CONT2026005752,2026-06-03 23:32:12,
CONT2026005753,2026-06-02 14:26:26,2026-06-09 15:45:48
CONT2026005754,2026-06-02 03:06:59,2026-06-10 04:00:30
CONT2026005755,2026-06-04 09:06:19,2026-06-10 11:11:21
CONT2026005756,2026-05-31 06:41:18,2026-06-10 07:57:53
CONT2026005757,2026-05-31 22:35:55,
CONT2026005758,2026-06-02 14:44:52,2026-06-04 00:36:18
CONT2026005759,2026-05-29 09:42:01,2026-05-30 14:38:47
CONT2026005760,2026-06-06 06:57:13,2026-06-06 21:58:05
CONT2026005761,2026-06-03 08:07:00,2026-06-03 19:58:08
CONT2026005762,2026-06-01 21:12:59,
CONT2026005763,2026-05-31 13:56:37,2026-06-11 03:30:46
CONT2026005764,2026-06-07 10:40:47,2026-06-11 17:32:42
CONT2026005765,2026-05-28 22:19:37,2026-05-29 02:19:37
CONT2026005766,2026-05-30 21:53:59,2026-06-10 13:09:37
CONT2026005767,2026-05-30 14:48:31,2026-05-31 10:19:17
CONT2026005768,2026-06-04 07:09:37,2026-06-10 07:47:50
CONT2026005769,2026-06-05 18:49:38,2026-06-10 17:06:11
CONT2026005770,2026-05-30 03:03:37,
CONT2026005771,2026-06-03 06:22:20,2026-06-10 09:24:27
CONT2026005772,2026-06-01 08:29:16,2026-06-01 13:30:00
CONT2026005773,2026-06-06 15:41:38,2026-06-10 13:55:13
CONT2026005774,2026-05-29 10:10:08,2026-06-10 20:48:45
CONT2026005775,2026-05-31 22:39:21,2026-06-01 15:14:18
CONT2026005776,2026-05-29 17:19:17,2026-05-30 05:10:27
CONT2026005777,2026-06-07 09:49:32,2026-06-07 22:46:53
CONT2026005778,2026-06-01 14:56:03,2026-06-02 04:36:38
CONT2026005779,2026-06-07 16:06:01,2026-06-10 15:30:48
CONT2026005780,2026-06-04 14:06:38,2026-06-10 16:05:13
CONT2026005781,2026-06-05 06:48:20,2026-06-11 10:46:08
CONT2026005782,2026-06-02 15:36:58,
CONT2026005783,2026-05-29 13:39:56,2026-05-31 02:53:24
CONT2026005784,2026-05-30 17:48:39,2026-06-11 20:35:26
CONT2026005785,2026-06-07 00:33:44,2026-06-07 22:28:33
CONT2026005786,2026-06-02 06:22:25,2026-06-03 06:15:00
CONT2026005787,2026-06-06 22:14:26,
CONT2026005788,2026-05-28 06:35:08,2026-05-28 19:39:31
CONT2026005789,2026-06-04 20:18:45,2026-06-10 16:30:41
CONT2026005790,2026-05-28 22:33:08,2026-06-11 09:57:41
CONT2026005791,2026-06-02 00:38:27,2026-06-02 22:03:03
CONT2026005792,2026-05-30 03:52:44,2026-06-11 00:06:37
CONT2026005793,2026-05-31 08:16:15,2026-06-11 04:36:33
CONT2026005794,2026-06-06 04:33:34,2026-06-11 19:33:08
CONT2026005795,2026-06-01 22:48:05,2026-06-02 22:48:24
CONT2026005796,2026-06-06 20:03:27,2026-06-07 14:16:13
CONT2026005797,2026-06-05 17:54:17,2026-06-06 12:52:06
CONT2026005798,2026-05-30 18:56:10,
CONT2026005799,2026-06-04 22:45:41,2026-06-06 03:20:43
CONT2026005800,2026-05-30 08:18:28,2026-06-11 09:22:22
CONT2026005801,2026-05-29 10:18:18,2026-06-11 10:07:04
CONT2026005802,2026-06-07 14:09:33,2026-06-08 13:28:16
CONT2026005803,2026-05-28 19:25:02,2026-06-11 17:44:05
CONT2026005804,2026-06-08 15:25:41,2026-06-09 09:13:32
CONT2026005805,2026-06-08 07:33:09,2026-06-11 05:16:35
CONT2026005806,2026-06-01 05:51:02,
CONT2026005807,2026-06-05 15:41:42,
CONT2026005808,2026-06-03 07:31:11,2026-06-04 07:35:47
CONT2026005809,2026-06-05 14:57:39,
CONT2026005810,2026-06-03 12:39:21,2026-06-12 22:15:59
CONT2026005811,2026-06-10 03:38:08,
CONT2026005812,2026-06-07 08:48:59,
CONT2026005813,2026-05-30 19:19:12,2026-06-12 10:51:07
CONT2026005814,2026-06-02 22:07:14,2026-06-03 23:36:24
CONT2026005815,2026-06-04 02:44:25,2026-06-12 12:59:26
CONT2026005816,2026-06-04 15:58:31,2026-06-05 13:31:56
CONT2026005817,2026-05-30 09:55:34,
CONT2026005818,2026-06-09 09:28:59,
CONT2026005819,2026-06-02 21:58:40,2026-06-04 01:43:40
CONT2026005820,2026-06-04 10:29:26,2026-06-04 23:12:27
CONT2026005821,2026-06-02 21:13:27,2026-06-13 06:29:59
CONT2026005822,2026-05-30 04:15:49,2026-05-31 00:42:19
CONT2026005823,2026-06-08 18:21:04,2026-06-09 22:33:13
CONT2026005824,2026-06-05 18:27:27,2026-06-14 09:34:22
CONT2026005825,2026-05-30 19:25:33,2026-05-31 15:55:03
CONT2026005826,2026-06-08 00:48:22,2026-06-08 09:04:11
CONT2026005827,2026-05-31 14:11:02,2026-06-13 00:34:51
CONT2026005828,2026-06-04 04:14:57,2026-06-12 08:48:49
CONT2026005829,2026-06-07 20:03:52,2026-06-08 07:53:02
CONT2026005830,2026-06-06 17:11:36,2026-06-07 09:55:16
CONT2026005831,2026-06-10 06:05:44,2026-06-11 05:06:15
CONT2026005832,2026-06-03 08:23:58,2026-06-13 06:13:39
CONT2026005833,2026-06-02 04:11:56,2026-06-03 02:17:07
CONT2026005834,2026-06-08 11:15:33,2026-06-13 02:05:29
CONT2026005835,2026-06-01 05:26:22,2026-06-13 03:27:08
CONT2026005836,2026-06-08 02:54:16,2026-06-14 03:50:44
CONT2026005837,2026-06-07 19:15:16,
CONT2026005838,2026-06-09 06:16:35,
CONT2026005839,2026-06-09 08:06:44,2026-06-10 15:40:43
CONT2026005840,2026-06-04 01:55:25,2026-06-13 23:50:49
CONT2026005841,2026-06-10 11:49:56,2026-06-13 18:56:28
CONT2026005842,2026-06-10 15:25:54,
CONT2026005843,2026-06-02 03:31:32,
CONT2026005844,2026-06-06 06:06:10,2026-06-07 09:45:32
CONT2026005845,2026-05-31 10:02:12,
CONT2026005846,2026-06-07 06:43:31,
CONT2026005847,2026-06-10 22:31:02,
CONT2026005848,2026-06-03 22:40:52,2026-06-14 07:44:39
CONT2026005849,2026-06-05 18:35:39,2026-06-14 07:50:28
CONT2026005850,2026-06-08 23:48:20,2026-06-10 07:26:17
CONT2026005851,2026-06-07 15:30:19,2026-06-13 18:52:26
CONT2026005852,2026-06-10 13:16:12,2026-06-14 09:40:56
CONT2026005853,2026-06-09 18:15:01,2026-06-10 04:35:51
CONT2026005854,2026-06-02 17:43:11,2026-06-03 11:13:07
CONT2026005855,2026-06-09 10:15:10,2026-06-14 02:46:21
CONT2026005856,2026-06-02 01:18:43,2026-06-14 02:28:00
CONT2026005857,2026-06-09 02:59:31,2026-06-13 22:57:34
CONT2026005858,2026-06-03 21:01:24,2026-06-14 09:49:49
CONT2026005859,2026-06-06 02:57:53,2026-06-13 12:13:14
CONT2026005860,2026-06-09 09:01:18,2026-06-10 06:52:15
CONT2026005861,2026-06-09 10:35:59,2026-06-09 21:47:58
CONT2026005862,2026-06-02 04:16:30,
CONT2026005863,2026-06-03 06:39:11,2026-06-14 13:54:05
CONT2026005864,2026-06-01 22:34:53,
CONT2026005865,2026-06-03 15:14:49,2026-06-04 17:57:36
CONT2026005866,2026-06-05 02:51:15,
CONT2026005867,2026-06-10 05:46:28,2026-06-14 14:21:45
CONT2026005868,2026-06-10 22:11:18,2026-06-11 18:10:50
CONT2026005869,2026-06-06 09:17:19,2026-06-07 13:25:40
CONT2026005870,2026-06-06 15:20:39,2026-06-13 21:37:39
CONT2026005871,2026-06-10 07:31:50,2026-06-14 06:12:57
CONT2026005872,2026-06-04 18:34:45,2026-06-05 17:46:51
CONT2026005873,2026-06-03 13:11:43,
CONT2026005874,2026-06-07 23:05:23,2026-06-14 10:47:57
CONT2026005875,2026-06-10 13:26:20,2026-06-11 02:14:09
CONT2026005876,2026-06-04 22:12:33,2026-06-05 15:11:23
CONT2026005877,2026-06-06 00:26:20,2026-06-06 05:16:50
CONT2026005878,2026-06-10 05:23:32,2026-06-11 04:16:10
CONT2026005879,2026-06-03 20:37:19,2026-06-14 10:38:57
CONT2026005880,2026-06-11 17:58:53,2026-06-12 13:32:34
CONT2026005881,2026-06-10 15:35:13,2026-06-11 14:48:01
CONT2026005882,2026-06-09 21:27:23,2026-06-14 08:13:18
CONT2026005883,2026-06-03 13:19:33,2026-06-14 10:22:59
CONT2026005884,2026-06-04 02:09:13,2026-06-14 08:35:30
CONT2026005885,2026-06-05 03:48:58,2026-06-14 17:45:10
CONT2026005886,2026-06-04 02:28:36,2026-06-14 09:37:29
CONT2026005887,2026-06-03 05:04:46,2026-06-04 06:09:13
CONT2026005888,2026-06-08 07:27:18,2026-06-15 01:11:27
CONT2026005889,2026-06-01 18:43:34,2026-06-15 09:23:47
CONT2026005890,2026-06-05 09:13:02,2026-06-06 03:42:25
CONT2026005891,2026-05-31 23:07:33,2026-06-14 10:49:52
CONT2026005892,2026-05-31 23:40:48,2026-06-02 04:11:41
CONT2026005893,2026-06-01 01:56:48,2026-06-02 01:40:04
CONT2026005894,2026-06-03 09:46:27,2026-06-14 05:15:01
CONT2026005895,2026-06-06 16:39:35,2026-06-07 20:59:37
CONT2026005896,2026-06-07 08:46:02,2026-06-14 19:30:09
CONT2026005897,2026-06-10 02:33:04,2026-06-14 17:16:20
CONT2026005898,2026-06-10 09:05:27,2026-06-11 04:38:41
CONT2026005899,2026-06-05 21:01:29,2026-06-15 03:12:20
CONT2026005900,2026-06-08 10:26:20,2026-06-15 09:47:02
CONT2026005901,2026-06-04 10:49:22,2026-06-05 02:54:00
CONT2026005902,2026-06-04 09:35:45,2026-06-05 16:21:29
CONT2026005903,2026-06-06 13:21:21,2026-06-14 20:45:39
CONT2026005904,2026-06-03 22:26:14,2026-06-05 03:12:19
CONT2026005905,2026-06-07 08:01:24,2026-06-14 02:40:11
CONT2026005906,2026-06-08 05:28:24,2026-06-09 03:07:54
CONT2026005907,2026-06-05 17:39:54,2026-06-14 11:01:43
CONT2026005908,2026-06-01 11:13:31,2026-06-02 03:40:55
CONT2026005909,2026-06-10 11:36:08,2026-06-14 17:35:44
CONT2026005910,2026-06-10 12:29:25,2026-06-11 09:02:29
CONT2026005911,2026-06-06 09:07:15,2026-06-07 02:35:06
CONT2026005912,2026-06-08 16:28:50,2026-06-14 17:36:56
CONT2026005913,2026-06-03 03:23:16,2026-06-15 10:36:41
CONT2026005914,2026-06-09 21:34:27,2026-06-15 19:27:17
CONT2026005915,2026-06-08 22:49:44,
CONT2026005916,2026-06-09 11:13:00,2026-06-15 03:10:43
CONT2026005917,2026-06-04 01:35:31,2026-06-04 22:21:56
CONT2026005918,2026-06-04 03:40:34,2026-06-16 08:10:55
CONT2026005919,2026-06-12 20:13:39,2026-06-13 13:21:26
CONT2026005920,2026-06-03 04:36:21,2026-06-03 14:47:27
CONT2026005921,2026-06-04 14:07:16,2026-06-05 02:59:31
CONT2026005922,2026-06-08 17:21:27,2026-06-16 00:19:01
CONT2026005923,2026-06-08 07:45:07,2026-06-08 20:03:06
CONT2026005924,2026-06-04 12:27:27,2026-06-05 13:37:02
CONT2026005925,2026-06-09 09:05:04,
CONT2026005926,2026-06-11 05:27:43,2026-06-12 09:58:49
CONT2026005927,2026-06-11 06:09:00,2026-06-15 10:14:06
CONT2026005928,2026-06-09 12:19:28,2026-06-15 02:47:45
CONT2026005929,2026-06-04 13:58:49,2026-06-16 05:12:18
CONT2026005930,2026-06-02 15:40:12,2026-06-03 07:19:34
CONT2026005931,2026-06-10 07:15:14,2026-06-10 15:11:44
CONT2026005932,2026-06-07 05:48:46,2026-06-15 18:05:21
CONT2026005933,2026-06-08 13:20:31,2026-06-08 17:20:31
CONT2026005934,2026-06-06 23:06:20,2026-06-16 23:12:54
CONT2026005935,2026-06-09 03:46:50,2026-06-10 00:32:18
CONT2026005936,2026-06-08 06:44:28,
CONT2026005937,2026-06-03 00:25:13,2026-06-04 01:12:18
CONT2026005938,2026-06-07 17:39:45,2026-06-16 16:09:12
CONT2026005939,2026-06-05 17:36:32,2026-06-06 18:19:42
CONT2026005940,2026-06-09 17:23:28,2026-06-10 06:14:58
CONT2026005941,2026-06-09 17:40:42,2026-06-15 23:36:31
CONT2026005942,2026-06-03 12:42:48,2026-06-14 21:59:38
CONT2026005943,2026-06-04 14:10:34,2026-06-15 09:53:40
CONT2026005944,2026-06-07 22:48:21,2026-06-09 07:31:04
CONT2026005945,2026-06-02 20:26:50,2026-06-15 02:47:33
CONT2026005946,2026-06-05 15:36:04,2026-06-06 14:57:17
CONT2026005947,2026-06-06 21:56:37,2026-06-07 14:04:27
CONT2026005948,2026-06-06 11:10:54,
CONT2026005949,2026-06-06 04:19:35,2026-06-16 04:20:37
CONT2026005950,2026-06-04 17:30:42,2026-06-16 02:35:51
CONT2026005951,2026-06-04 08:17:37,
CONT2026005952,2026-06-10 10:41:49,2026-06-11 20:02:57
CONT2026005953,2026-06-12 19:15:05,
CONT2026005954,2026-06-12 01:02:38,2026-06-15 20:15:40
CONT2026005955,2026-06-05 14:39:26,2026-06-15 11:31:44
CONT2026005956,2026-06-11 20:23:00,2026-06-16 05:31:40
CONT2026005957,2026-06-12 12:53:00,2026-06-13 10:23:57
CONT2026005958,2026-06-08 19:46:44,2026-06-15 11:43:56
CONT2026005959,2026-06-08 02:01:24,2026-06-16 10:05:58
CONT2026005960,2026-06-04 18:42:39,2026-06-05 08:32:59
CONT2026005961,2026-06-05 00:46:08,2026-06-16 13:28:17
CONT2026005962,2026-06-03 06:25:05,2026-06-16 09:30:23
CONT2026005963,2026-06-05 23:02:05,2026-06-15 10:32:16
CONT2026005964,2026-06-05 09:22:43,2026-06-05 20:55:26
CONT2026005965,2026-06-11 18:57:04,2026-06-15 05:25:04
CONT2026005966,2026-06-09 04:57:07,2026-06-10 01:10:18
CONT2026005967,2026-06-11 16:22:31,2026-06-12 09:15:04
CONT2026005968,2026-06-05 05:50:04,
CONT2026005969,2026-06-08 12:10:08,2026-06-15 22:09:41
CONT2026005970,2026-06-02 16:38:42,2026-06-03 18:35:52
CONT2026005971,2026-06-03 06:00:34,2026-06-03 18:33:07
CONT2026005972,2026-06-04 22:10:27,2026-06-05 20:01:51
CONT2026005973,2026-06-11 12:37:54,2026-06-12 10:16:57
CONT2026005974,2026-06-12 18:34:57,
CONT2026005975,2026-06-04 09:26:24,2026-06-16 21:07:38
CONT2026005976,2026-06-04 09:45:25,2026-06-15 22:00:12
CONT2026005977,2026-06-03 09:14:16,2026-06-04 06:22:27
CONT2026005978,2026-06-04 15:57:32,2026-06-05 14:29:58
CONT2026005979,2026-06-10 21:52:38,2026-06-11 22:42:33
CONT2026005980,2026-06-10 18:41:31,2026-06-11 18:31:19
CONT2026005981,2026-06-07 21:50:12,2026-06-16 01:17:12
CONT2026005982,2026-06-11 03:28:32,
CONT2026005983,2026-06-13 01:59:43,2026-06-15 14:57:55
CONT2026005984,2026-06-10 18:20:24,2026-06-11 01:58:11
CONT2026005985,2026-06-09 09:49:04,2026-06-16 00:33:54
CONT2026005986,2026-06-05 15:18:04,2026-06-16 02:54:32
CONT2026005987,2026-06-10 05:44:42,
CONT2026005988,2026-06-04 07:11:51,2026-06-05 01:52:12
CONT2026005989,2026-06-11 20:13:08,2026-06-16 15:41:19
CONT2026005990,2026-06-06 22:23:20,2026-06-15 20:30:53
CONT2026005991,2026-06-12 04:12:15,
CONT2026005992,2026-06-06 19:32:19,2026-06-08 00:10:16
CONT2026005993,2026-06-07 00:43:45,2026-06-07 08:15:58
CONT2026005994,2026-06-13 00:51:53,2026-06-16 00:47:47
CONT2026005995,2026-06-09 02:00:22,2026-06-15 23:25:14
CONT2026005996,2026-06-06 23:06:33,
CONT2026005997,2026-06-12 08:29:53,
CONT2026005998,2026-06-02 19:58:48,2026-06-04 02:31:55
CONT2026005999,2026-06-13 06:09:46,2026-06-16 10:05:52
CONT2026006000,2026-06-03 01:38:35,2026-06-16 03:53:56
CONT2026006001,2026-06-11 16:23:30,2026-06-17 00:39:05
CONT2026006002,2026-06-04 06:30:42,2026-06-16 10:27:45
CONT2026006003,2026-06-10 00:20:36,
CONT2026006004,2026-06-09 01:46:58,2026-06-09 21:08:04
CONT2026006005,2026-06-09 11:11:30,2026-06-10 10:15:54
CONT2026006006,2026-06-08 11:49:37,2026-06-09 16:44:46
CONT2026006007,2026-06-02 17:27:10,2026-06-16 04:37:08
CONT2026006008,2026-06-10 23:00:52,2026-06-11 14:47:32
CONT2026006009,2026-06-04 18:09:41,
CONT2026006010,2026-06-08 14:19:07,
CONT2026006011,2026-06-05 22:44:28,2026-06-16 20:03:52
CONT2026006012,2026-06-04 23:51:23,2026-06-06 00:40:38
CONT2026006013,2026-06-11 23:48:27,
CONT2026006014,2026-06-07 00:29:06,2026-06-17 07:56:46
CONT2026006015,2026-06-05 01:17:57,
CONT2026006016,2026-06-03 18:13:23,2026-06-04 09:32:21
CONT2026006017,2026-06-07 11:46:14,
CONT2026006018,2026-06-06 09:35:26,2026-06-06 18:30:36
CONT2026006019,2026-06-08 22:35:52,2026-06-09 16:56:44
CONT2026006020,2026-06-09 22:49:01,2026-06-10 10:56:14
CONT2026006021,2026-06-05 19:25:23,2026-06-06 08:18:32
CONT2026006022,2026-06-12 04:06:10,2026-06-15 14:44:12
CONT2026006023,2026-06-04 19:40:21,2026-06-16 03:24:11
CONT2026006024,2026-06-12 05:20:54,2026-06-13 04:20:19
CONT2026006025,2026-06-08 01:58:06,2026-06-09 10:06:41
CONT2026006026,2026-06-07 04:12:02,2026-06-15 16:57:15
CONT2026006027,2026-06-06 03:19:24,2026-06-07 01:24:21
CONT2026006028,2026-06-09 19:41:51,2026-06-17 01:01:59
CONT2026006029,2026-06-06 01:47:10,
CONT2026006030,2026-06-08 19:32:26,
CONT2026006031,2026-06-06 01:43:05,2026-06-07 00:07:50
CONT2026006032,2026-06-12 06:17:07,2026-06-12 20:40:45
CONT2026006033,2026-06-10 16:29:14,
CONT2026006034,2026-06-06 09:20:29,2026-06-16 02:39:53
CONT2026006035,2026-06-06 09:44:49,2026-06-16 14:59:47
CONT2026006036,2026-06-12 05:40:25,2026-06-16 18:27:05
CONT2026006037,2026-06-09 15:54:16,2026-06-10 20:13:31
CONT2026006038,2026-06-07 11:08:15,2026-06-08 03:44:07
CONT2026006039,2026-06-02 19:05:28,
CONT2026006040,2026-06-03 05:05:29,2026-06-04 05:35:59
CONT2026006041,2026-06-06 16:48:00,2026-06-07 05:46:15
CONT2026006042,2026-06-06 20:23:59,2026-06-16 09:04:43
CONT2026006043,2026-06-07 11:55:57,2026-06-17 12:18:06
CONT2026006044,2026-06-13 16:06:46,2026-06-16 22:43:09
CONT2026006045,2026-06-10 22:53:27,
CONT2026006046,2026-06-08 14:25:14,
CONT2026006047,2026-06-07 22:21:38,2026-06-08 12:12:55
CONT2026006048,2026-06-05 17:00:50,
CONT2026006049,2026-06-10 00:27:02,
CONT2026006050,2026-06-03 20:34:15,2026-06-04 19:25:20
CONT2026006051,2026-06-08 23:43:47,
CONT2026006052,2026-06-13 07:55:37,
CONT2026006053,2026-06-08 03:25:19,2026-06-18 08:19:36
CONT2026006054,2026-06-14 06:56:09,
CONT2026006055,2026-06-09 16:36:54,2026-06-10 11:23:14
CONT2026006056,2026-06-13 13:14:02,2026-06-18 04:32:06
CONT2026006057,2026-06-08 20:46:48,2026-06-18 07:46:01
CONT2026006058,2026-06-10 15:31:21,2026-06-11 11:03:14
CONT2026006059,2026-06-11 06:02:00,2026-06-12 06:02:11
CONT2026006060,2026-06-10 01:01:25,2026-06-18 10:38:16
CONT2026006061,2026-06-09 10:22:18,2026-06-09 22:13:06
CONT2026006062,2026-06-11 20:18:57,2026-06-12 08:56:01
CONT2026006063,2026-06-12 23:21:27,2026-06-13 23:06:43
CONT2026006064,2026-06-15 10:33:44,2026-06-16 08:48:22
CONT2026006065,2026-06-13 17:48:50,
CONT2026006066,2026-06-05 00:24:27,2026-06-18 05:17:36
CONT2026006067,2026-06-15 10:59:42,2026-06-18 22:19:17
CONT2026006068,2026-06-07 00:50:33,2026-06-19 22:38:11
CONT2026006069,2026-06-10 17:05:44,
CONT2026006070,2026-06-11 16:39:36,2026-06-19 19:31:38
CONT2026006071,2026-06-10 20:40:44,2026-06-12 05:02:02
CONT2026006072,2026-06-05 21:59:41,2026-06-19 11:03:08
CONT2026006073,2026-06-11 17:38:55,2026-06-18 21:05:02
CONT2026006074,2026-06-12 07:53:01,2026-06-13 03:40:55
CONT2026006075,2026-06-12 01:19:02,2026-06-18 17:39:10
CONT2026006076,2026-06-12 10:31:24,2026-06-13 01:25:19
CONT2026006077,2026-06-08 06:34:01,2026-06-08 23:43:31
CONT2026006078,2026-06-14 02:39:34,2026-06-14 21:15:08
CONT2026006079,2026-06-08 09:35:24,
CONT2026006080,2026-06-16 13:38:30,2026-06-18 20:44:06
CONT2026006081,2026-06-06 13:05:07,2026-06-19 14:38:31
CONT2026006082,2026-06-11 22:48:10,2026-06-12 22:48:22
CONT2026006083,2026-06-07 12:44:36,
CONT2026006084,2026-06-15 04:11:17,2026-06-18 10:57:31
CONT2026006085,2026-06-10 21:19:58,2026-06-12 03:57:42
CONT2026006086,2026-06-06 07:40:14,
CONT2026006087,2026-06-09 23:47:40,2026-06-10 22:47:53
CONT2026006088,2026-06-13 08:14:40,2026-06-13 18:51:04
CONT2026006089,2026-06-10 18:17:10,2026-06-19 23:45:27
CONT2026006090,2026-06-08 05:32:38,2026-06-08 19:36:38
CONT2026006091,2026-06-09 20:14:33,2026-06-11 04:49:48
CONT2026006092,2026-06-07 14:00:26,2026-06-07 21:33:26
CONT2026006093,2026-06-13 22:35:47,2026-06-14 23:41:22
CONT2026006094,2026-06-09 06:38:03,2026-06-10 08:35:55
CONT2026006095,2026-06-09 02:15:09,2026-06-19 08:17:05
CONT2026006096,2026-06-14 12:20:32,2026-06-14 19:18:28
CONT2026006097,2026-06-12 21:16:20,2026-06-13 01:16:20
CONT2026006098,2026-06-13 19:21:50,2026-06-19 13:45:12
CONT2026006099,2026-06-12 16:01:45,
CONT2026006100,2026-06-16 11:21:07,
CONT2026006101,2026-06-17 02:47:30,
CONT2026006102,2026-06-10 14:46:00,2026-06-20 10:23:52
CONT2026006103,2026-06-17 12:56:34,2026-06-18 11:55:45
CONT2026006104,2026-06-11 15:33:45,2026-06-20 12:01:27
CONT2026006105,2026-06-14 23:13:12,2026-06-19 21:43:36
CONT2026006106,2026-06-11 04:29:28,
CONT2026006107,2026-06-13 06:05:04,2026-06-20 16:25:20
CONT2026006108,2026-06-15 00:25:15,2026-06-15 22:59:21
CONT2026006109,2026-06-15 20:27:05,2026-06-21 00:55:37
CONT2026006110,2026-06-09 13:22:16,
CONT2026006111,2026-06-14 06:04:11,2026-06-14 23:47:02
CONT2026006112,2026-06-09 23:30:31,2026-06-20 14:48:52
CONT2026006113,2026-06-08 07:38:52,
CONT2026006114,2026-06-15 12:41:53,2026-06-20 02:20:53
CONT2026006115,2026-06-14 14:08:26,
CONT2026006116,2026-06-14 05:05:01,2026-06-20 21:25:50
CONT2026006117,2026-06-12 15:14:44,2026-06-13 17:20:19
CONT2026006118,2026-06-16 14:25:43,
CONT2026006119,2026-06-12 19:44:32,2026-06-20 09:44:37
CONT2026006120,2026-06-17 02:53:02,2026-06-19 17:59:12
CONT2026006121,2026-06-13 01:07:53,2026-06-20 22:52:55
CONT2026006122,2026-06-16 07:07:46,2026-06-20 17:35:00
CONT2026006123,2026-06-17 13:07:36,2026-06-20 12:04:27
CONT2026006124,2026-06-08 03:18:03,2026-06-08 19:25:02
CONT2026006125,2026-06-12 04:37:59,2026-06-20 14:10:28
CONT2026006126,2026-06-15 08:00:50,
CONT2026006127,2026-06-13 11:20:33,2026-06-14 14:53:59
CONT2026006128,2026-06-16 06:18:33,2026-06-17 04:30:02
CONT2026006129,2026-06-09 13:53:36,2026-06-20 04:13:30
CONT2026006130,2026-06-10 20:32:47,2026-06-11 11:19:58
CONT2026006131,2026-06-08 10:53:48,2026-06-20 11:44:20
CONT2026006132,2026-06-17 18:50:48,2026-06-20 21:00:35
CONT2026006133,2026-06-07 23:07:20,2026-06-08 15:18:46
CONT2026006134,2026-06-16 09:16:20,2026-06-20 00:11:28
CONT2026006135,2026-06-09 08:53:23,2026-06-20 10:29:40
CONT2026006136,2026-06-15 17:23:53,2026-06-20 21:32:27
CONT2026006137,2026-06-13 15:05:08,2026-06-20 14:35:36
CONT2026006138,2026-06-13 20:12:16,
CONT2026006139,2026-06-15 15:04:41,2026-06-20 18:52:00
CONT2026006140,2026-06-07 14:05:48,2026-06-08 15:12:51
CONT2026006141,2026-06-07 12:16:02,2026-06-20 16:37:22
CONT2026006142,2026-06-10 05:17:09,
CONT2026006143,2026-06-08 08:48:33,2026-06-08 16:02:08
CONT2026006144,2026-06-17 12:53:34,
CONT2026006145,2026-06-09 01:13:27,2026-06-20 01:10:42
CONT2026006146,2026-06-15 15:11:28,2026-06-21 01:03:49
CONT2026006147,2026-06-16 07:18:03,2026-06-21 00:14:00
CONT2026006148,2026-06-14 15:39:39,
CONT2026006149,2026-06-15 18:20:58,
CONT2026006150,2026-06-10 11:37:51,2026-06-20 23:10:18
CONT2026006151,2026-06-16 08:50:52,
CONT2026006152,2026-06-13 05:05:02,2026-06-20 07:29:57
CONT2026006153,2026-06-10 14:26:21,2026-06-20 19:46:39
CONT2026006154,2026-06-13 08:34:26,
CONT2026006155,2026-06-17 09:39:20,2026-06-18 00:37:51
CONT2026006156,2026-06-09 16:35:46,2026-06-21 03:29:26
CONT2026006157,2026-06-17 11:18:45,
CONT2026006158,2026-06-16 10:30:41,2026-06-17 14:50:19
CONT2026006159,2026-06-07 20:42:12,2026-06-20 15:33:20
CONT2026006160,2026-06-12 03:32:08,2026-06-13 11:07:31
CONT2026006161,2026-06-15 13:17:10,2026-06-21 00:49:57
CONT2026006162,2026-06-08 19:11:22,2026-06-20 12:18:44
CONT2026006163,2026-06-18 02:38:16,
CONT2026006164,2026-06-08 12:35:50,2026-06-09 03:00:04
CONT2026006165,2026-06-15 21:56:45,2026-06-20 18:28:25
CONT2026006166,2026-06-08 19:29:38,2026-06-20 20:11:50
CONT2026006167,2026-06-17 17:01:27,
CONT2026006168,2026-06-08 03:51:51,2026-06-09 05:53:37
CONT2026006169,2026-06-16 03:55:06,2026-06-17 00:26:20
CONT2026006170,2026-06-14 17:19:27,2026-06-20 23:47:56
CONT2026006171,2026-06-09 09:36:04,2026-06-09 23:40:13
CONT2026006172,2026-06-18 01:00:59,2026-06-21 13:37:22
CONT2026006173,2026-06-17 10:49:47,2026-06-20 17:08:42
CONT2026006174,2026-06-17 02:56:57,2026-06-21 07:51:32
CONT2026006175,2026-06-14 03:56:44,2026-06-15 05:28:17
CONT2026006176,2026-06-13 07:23:35,2026-06-21 22:15:43
CONT2026006177,2026-06-11 19:03:33,2026-06-21 18:40:31
CONT2026006178,2026-06-18 05:47:40,2026-06-18 19:57:23
CONT2026006179,2026-06-12 14:44:07,
CONT2026006180,2026-06-15 05:33:43,
CONT2026006181,2026-06-14 03:56:19,2026-06-15 05:50:39
CONT2026006182,2026-06-11 06:45:04,
CONT2026006183,2026-06-11 21:59:58,2026-06-12 09:07:29
CONT2026006184,2026-06-10 13:01:11,2026-06-21 00:11:55
CONT2026006185,2026-06-13 10:37:39,2026-06-21 04:13:33
CONT2026006186,2026-06-15 10:01:53,2026-06-16 02:26:16
CONT2026006187,2026-06-09 06:45:31,
CONT2026006188,2026-06-10 05:56:05,2026-06-11 10:50:18
CONT2026006189,2026-06-11 18:19:54,2026-06-12 12:21:58
CONT2026006190,2026-06-14 01:10:42,2026-06-21 16:34:48
CONT2026006191,2026-06-14 22:48:03,
CONT2026006192,2026-06-08 10:28:47,2026-06-09 02:20:00
CONT2026006193,2026-06-15 02:25:59,2026-06-21 12:15:55
CONT2026006194,2026-06-14 01:05:19,2026-06-15 11:22:56
CONT2026006195,2026-06-09 20:54:00,2026-06-21 12:22:45
CONT2026006196,2026-06-15 21:28:57,
CONT2026006197,2026-06-10 04:35:59,2026-06-21 11:44:38
CONT2026006198,2026-06-13 18:51:45,2026-06-14 06:25:11
CONT2026006199,2026-06-14 05:20:13,2026-06-15 02:33:10
CONT2026006200,2026-06-08 18:24:50,2026-06-09 03:59:09
CONT2026006201,2026-06-12 15:25:55,2026-06-13 00:04:06
CONT2026006202,2026-06-18 02:13:31,2026-06-21 13:13:18
CONT2026006203,2026-06-13 19:57:57,2026-06-21 06:52:00
CONT2026006204,2026-06-15 11:26:27,2026-06-22 10:25:34
CONT2026006205,2026-06-09 02:09:40,2026-06-09 06:09:40
CONT2026006206,2026-06-09 22:03:09,2026-06-22 16:13:48
CONT2026006207,2026-06-18 19:06:30,2026-06-19 14:49:07
CONT2026006208,2026-06-19 21:22:36,2026-06-22 16:49:42
CONT2026006209,2026-06-18 15:18:43,2026-06-19 09:29:38
CONT2026006210,2026-06-15 10:01:29,2026-06-23 09:10:54
CONT2026006211,2026-06-12 00:20:27,2026-06-13 08:02:16
CONT2026006212,2026-06-11 09:26:20,2026-06-23 07:23:29
CONT2026006213,2026-06-15 01:38:17,2026-06-22 13:59:16
CONT2026006214,2026-06-09 05:31:29,2026-06-10 09:34:15
CONT2026006215,2026-06-10 20:19:18,
CONT2026006216,2026-06-12 03:56:50,2026-06-12 22:41:24
CONT2026006217,2026-06-17 06:18:16,2026-06-23 04:49:48
CONT2026006218,2026-06-11 12:48:39,2026-06-13 03:24:46
CONT2026006219,2026-06-10 17:43:51,2026-06-23 07:51:38
CONT2026006220,2026-06-10 23:56:15,2026-06-22 04:35:39
CONT2026006221,2026-06-11 07:06:26,
CONT2026006222,2026-06-09 21:23:16,2026-06-23 02:35:24
CONT2026006223,2026-06-14 05:33:17,2026-06-22 19:43:38
CONT2026006224,2026-06-20 23:13:31,2026-06-21 16:36:55
CONT2026006225,2026-06-12 03:18:03,2026-06-24 00:17:27
CONT2026006226,2026-06-14 09:21:24,2026-06-15 05:09:29
CONT2026006227,2026-06-12 04:28:08,2026-06-13 04:53:10
CONT2026006228,2026-06-12 04:37:11,2026-06-13 05:36:16
CONT2026006229,2026-06-10 21:25:24,2026-06-23 22:20:06
CONT2026006230,2026-06-17 05:06:39,2026-06-18 05:52:34
CONT2026006231,2026-06-16 22:27:43,2026-06-24 03:52:19
CONT2026006232,2026-06-19 01:12:28,2026-06-20 06:22:29
CONT2026006233,2026-06-15 14:37:14,2026-06-16 00:29:51
CONT2026006234,2026-06-11 11:01:09,
CONT2026006235,2026-06-18 16:26:54,
CONT2026006236,2026-06-19 18:11:11,2026-06-24 05:04:20
CONT2026006237,2026-06-20 00:50:53,2026-06-24 07:04:31
CONT2026006238,2026-06-19 08:23:56,2026-06-23 20:17:37
CONT2026006239,2026-06-18 12:48:51,2026-06-19 10:21:25
CONT2026006240,2026-06-17 23:07:27,2026-06-23 13:44:27
CONT2026006241,2026-06-17 02:00:57,2026-06-18 01:47:38
CONT2026006242,2026-06-16 01:48:18,2026-06-16 12:46:45
CONT2026006243,2026-06-11 21:37:32,2026-06-24 14:32:23
CONT2026006244,2026-06-14 11:16:03,
CONT2026006245,2026-06-21 13:58:17,2026-06-23 16:38:06
CONT2026006246,2026-06-18 11:16:33,
CONT2026006247,2026-06-12 17:06:27,2026-06-13 05:05:36
CONT2026006248,2026-06-14 09:49:50,2026-06-24 20:46:36
CONT2026006249,2026-06-19 00:22:55,2026-06-24 22:37:42
CONT2026006250,2026-06-15 08:50:09,2026-06-15 18:31:08
CONT2026006251,2026-06-13 02:23:38,2026-06-14 08:18:38
CONT2026006252,2026-06-12 02:58:54,2026-06-12 18:32:11
CONT2026006253,2026-06-16 08:25:24,2026-06-16 20:57:08
CONT2026006254,2026-06-13 00:17:55,2026-06-13 14:20:09
CONT2026006255,2026-06-12 23:47:31,2026-06-25 01:17:39
CONT2026006256,2026-06-16 10:24:19,2026-06-25 08:33:14
CONT2026006257,2026-06-15 16:22:30,
CONT2026006258,2026-06-13 04:13:53,2026-06-14 07:29:46
CONT2026006259,2026-06-20 22:08:54,
CONT2026006260,2026-06-20 05:51:22,2026-06-26 01:33:33
CONT2026006261,2026-06-18 01:44:32,2026-06-18 18:23:11
CONT2026006262,2026-06-15 20:20:25,2026-06-16 05:08:07
CONT2026006263,2026-06-21 13:38:26,2026-06-22 03:24:25
CONT2026006264,2026-06-13 10:10:19,2026-06-25 18:14:03
CONT2026006265,2026-06-11 13:51:08,2026-06-25 05:45:24
CONT2026006266,2026-06-15 05:03:12,
CONT2026006267,2026-06-20 01:46:53,2026-06-25 05:49:51
CONT2026006268,2026-06-17 08:40:13,2026-06-25 12:20:52
CONT2026006269,2026-06-15 06:46:00,
CONT2026006270,2026-06-21 22:27:37,2026-06-22 11:48:30
CONT2026006271,2026-06-17 12:01:47,2026-06-18 11:26:11
CONT2026006272,2026-06-12 04:21:28,2026-06-13 03:42:16
CONT2026006273,2026-06-16 22:50:43,
CONT2026006274,2026-06-12 13:27:44,2026-06-13 16:17:16
CONT2026006275,2026-06-12 03:47:16,2026-06-13 08:30:26
CONT2026006276,2026-06-15 03:07:46,2026-06-16 00:33:20
CONT2026006277,2026-06-17 19:37:04,2026-06-26 07:12:07
CONT2026006278,2026-06-18 16:05:06,2026-06-19 10:03:47
CONT2026006279,2026-06-21 17:16:58,
CONT2026006280,2026-06-22 19:22:07,2026-06-24 17:28:00
CONT2026006281,2026-06-12 16:27:52,2026-06-25 02:02:53
CONT2026006282,2026-06-14 07:06:37,2026-06-24 15:45:29
CONT2026006283,2026-06-17 03:21:13,2026-06-17 20:41:27
CONT2026006284,2026-06-14 09:25:06,
CONT2026006285,2026-06-16 19:11:09,2026-06-26 01:28:41
CONT2026006286,2026-06-14 09:37:30,2026-06-26 00:42:08
CONT2026006287,2026-06-16 14:49:30,2026-06-25 17:09:00
CONT2026006288,2026-06-21 20:54:21,2026-06-22 17:46:38
CONT2026006289,2026-06-23 00:57:13,2026-06-25 12:33:49
CONT2026006290,2026-06-14 08:28:57,2026-06-15 16:45:39
CONT2026006291,2026-06-20 22:40:32,2026-06-26 09:14:54
CONT2026006292,2026-06-15 17:06:10,2026-06-26 13:13:27
CONT2026006293,2026-06-15 14:23:28,2026-06-26 18:45:10
CONT2026006294,2026-06-19 00:11:34,2026-06-19 14:44:14
CONT2026006295,2026-06-22 02:45:47,2026-06-22 06:45:47
CONT2026006296,2026-06-15 19:03:09,
CONT2026006297,2026-06-18 12:34:09,2026-06-19 08:36:26
CONT2026006298,2026-06-20 04:49:31,2026-06-20 19:39:29
CONT2026006299,2026-06-12 19:39:42,2026-06-25 16:08:45
CONT2026006300,2026-06-14 16:39:56,2026-06-25 17:06:33
CONT2026006301,2026-06-12 08:46:30,2026-06-12 18:53:00
CONT2026006302,2026-06-15 18:14:02,2026-06-26 07:21:27
CONT2026006303,2026-06-20 20:42:08,2026-06-24 20:42:59
CONT2026006304,2026-06-19 11:51:45,2026-06-20 10:51:31
CONT2026006305,2026-06-21 02:39:13,
CONT2026006306,2026-06-20 23:43:58,2026-06-26 05:47:58
CONT2026006307,2026-06-14 18:34:05,
CONT2026006308,2026-06-16 07:31:59,2026-06-26 04:08:08
CONT2026006309,2026-06-16 15:54:23,2026-06-26 03:14:40
CONT2026006310,2026-06-13 21:44:32,2026-06-15 00:43:26
CONT2026006311,2026-06-14 15:00:32,
CONT2026006312,2026-06-21 12:55:19,2026-06-26 01:49:19
CONT2026006313,2026-06-21 03:28:50,2026-06-22 04:41:34
CONT2026006314,2026-06-22 20:13:38,2026-06-25 20:31:55
CONT2026006315,2026-06-16 02:15:36,2026-06-17 08:40:38
CONT2026006316,2026-06-13 16:57:49,2026-06-26 00:45:03
CONT2026006317,2026-06-13 12:38:21,2026-06-14 07:04:35
CONT2026006318,2026-06-22 17:09:31,2026-06-23 11:22:49
CONT2026006319,2026-06-12 04:55:48,2026-06-26 16:54:19
CONT2026006320,2026-06-16 20:45:10,2026-06-26 01:13:57
CONT2026006321,2026-06-13 23:19:07,2026-06-25 18:38:19
CONT2026006322,2026-06-20 10:02:09,2026-06-26 07:58:24
CONT2026006323,2026-06-21 16:16:46,2026-06-25 22:24:00
CONT2026006324,2026-06-14 02:37:06,
CONT2026006325,2026-06-15 15:20:03,
CONT2026006326,2026-06-22 13:48:49,
CONT2026006327,2026-06-15 11:04:16,2026-06-16 20:58:57
CONT2026006328,2026-06-17 06:01:16,2026-06-26 03:59:05
CONT2026006329,2026-06-19 01:12:06,2026-06-26 02:00:01
CONT2026006330,2026-06-20 04:24:48,2026-06-26 08:46:25
CONT2026006331,2026-06-17 03:25:26,2026-06-26 01:15:02
CONT2026006332,2026-06-17 23:49:45,
CONT2026006333,2026-06-23 10:34:36,2026-06-24 11:50:22
CONT2026006334,2026-06-18 08:16:53,2026-06-26 23:55:39
CONT2026006335,2026-06-14 12:20:56,
CONT2026006336,2026-06-17 20:09:03,2026-06-18 21:34:22
CONT2026006337,2026-06-17 07:03:15,
CONT2026006338,2026-06-22 07:36:28,2026-06-26 19:07:33
CONT2026006339,2026-06-14 12:45:13,2026-06-27 18:54:38
CONT2026006340,2026-06-23 14:02:40,2026-06-28 08:02:29
CONT2026006341,2026-06-20 10:14:03,2026-06-28 01:58:48
CONT2026006342,2026-06-21 12:38:23,2026-06-26 20:59:38
CONT2026006343,2026-06-21 21:14:49,
CONT2026006344,2026-06-24 15:32:06,2026-06-25 07:16:24
CONT2026006345,2026-06-17 23:08:58,2026-06-18 12:54:27
CONT2026006346,2026-06-20 19:49:11,
CONT2026006347,2026-06-16 17:54:52,
CONT2026006348,2026-06-22 03:05:11,2026-06-22 08:59:48
CONT2026006349,2026-06-23 00:18:36,
CONT2026006350,2026-06-21 12:31:56,2026-06-22 16:39:23
CONT2026006351,2026-06-19 18:59:59,2026-06-20 09:22:38
CONT2026006352,2026-06-18 11:47:33,2026-06-27 19:05:04
CONT2026006353,2026-06-14 03:44:03,2026-06-28 05:29:32
CONT2026006354,2026-06-20 06:48:19,2026-06-21 03:38:25
CONT2026006355,2026-06-17 01:59:37,
CONT2026006356,2026-06-20 08:30:19,
CONT2026006357,2026-06-15 18:03:37,2026-06-27 19:20:48
CONT2026006358,2026-06-18 06:13:59,
CONT2026006359,2026-06-20 01:20:54,2026-06-20 05:20:54
CONT2026006360,2026-06-23 10:22:31,2026-06-24 07:32:52
CONT2026006361,2026-06-20 15:16:33,2026-06-27 22:41:50
CONT2026006362,2026-06-14 08:56:44,2026-06-27 23:54:13
CONT2026006363,2026-06-20 23:28:21,2026-06-21 20:13:37
CONT2026006364,2026-06-16 21:59:13,2026-06-17 17:56:28
CONT2026006365,2026-06-18 21:05:38,2026-06-19 17:27:08
CONT2026006366,2026-06-18 08:48:45,2026-06-27 12:58:31
CONT2026006367,2026-06-14 20:59:33,2026-06-27 06:01:06
CONT2026006368,2026-06-24 13:21:16,2026-06-27 17:26:46
CONT2026006369,2026-06-23 10:06:02,
CONT2026006370,2026-06-18 12:46:58,2026-06-28 15:28:18
CONT2026006371,2026-06-14 18:03:38,2026-06-14 22:03:38
CONT2026006372,2026-06-22 13:42:19,2026-06-27 13:00:57
CONT2026006373,2026-06-16 05:55:13,2026-06-29 01:18:02
CONT2026006374,2026-06-15 16:04:41,2026-06-28 00:13:48
CONT2026006375,2026-06-15 16:32:08,
CONT2026006376,2026-06-23 05:35:29,
CONT2026006377,2026-06-25 02:39:41,2026-06-25 19:50:58
CONT2026006378,2026-06-19 07:41:03,2026-06-28 22:22:49
CONT2026006379,2026-06-25 11:15:34,2026-06-26 15:44:02
CONT2026006380,2026-06-26 02:08:33,
CONT2026006381,2026-06-25 05:57:36,2026-06-29 05:54:06
CONT2026006382,2026-06-18 08:38:41,2026-06-29 06:35:28
CONT2026006383,2026-06-23 09:27:27,2026-06-24 16:25:32
CONT2026006384,2026-06-18 20:28:04,2026-06-19 15:07:40
CONT2026006385,2026-06-22 20:43:26,2026-06-29 11:52:29
CONT2026006386,2026-06-22 12:33:47,2026-06-29 16:30:56
CONT2026006387,2026-06-18 00:18:48,
CONT2026006388,2026-06-25 02:55:10,2026-06-26 00:14:33
CONT2026006389,2026-06-22 23:33:53,2026-06-24 08:27:35
CONT2026006390,2026-06-25 20:30:07,2026-06-26 08:44:48
CONT2026006391,2026-06-22 08:51:35,2026-06-29 16:26:35
CONT2026006392,2026-06-25 14:05:42,2026-06-30 05:02:01
CONT2026006393,2026-06-21 16:52:04,2026-06-22 14:06:20
CONT2026006394,2026-06-17 20:21:38,2026-06-18 15:15:55
CONT2026006395,2026-06-24 06:49:13,2026-06-29 02:56:20
CONT2026006396,2026-06-18 12:28:47,2026-06-18 23:29:47
CONT2026006397,2026-06-23 03:09:05,2026-06-29 18:44:23
CONT2026006398,2026-06-22 17:35:43,2026-06-23 22:18:45
CONT2026006399,2026-06-19 21:22:52,2026-06-28 23:15:04
CONT2026006400,2026-06-16 10:14:46,2026-06-30 00:08:53
CONT2026006401,2026-06-22 17:37:33,2026-06-30 04:47:37
CONT2026006402,2026-06-24 02:22:35,
CONT2026006403,2026-06-25 13:06:32,
CONT2026006404,2026-06-20 18:28:34,
CONT2026006405,2026-06-18 10:10:19,2026-06-29 09:06:10
CONT2026006406,2026-06-18 22:36:21,2026-06-29 08:39:14
CONT2026006407,2026-06-16 05:27:40,2026-06-29 10:45:31
CONT2026006408,2026-06-16 13:56:55,2026-06-16 23:09:02
CONT2026006409,2026-06-23 22:52:34,2026-06-28 20:27:54
CONT2026006410,2026-06-25 08:19:05,2026-06-26 04:12:07
CONT2026006411,2026-06-26 18:24:21,
CONT2026006412,2026-06-25 11:10:31,2026-06-26 19:01:55
CONT2026006413,2026-06-18 22:24:08,2026-06-19 22:48:22
CONT2026006414,2026-06-17 06:45:43,2026-06-29 21:52:45
CONT2026006415,2026-06-27 01:39:36,2026-06-29 07:34:01
CONT2026006416,2026-06-18 06:30:37,2026-06-19 08:30:03
CONT2026006417,2026-06-19 10:31:40,2026-06-29 16:07:56
CONT2026006418,2026-06-24 18:34:06,2026-06-25 19:33:14
CONT2026006419,2026-06-15 21:31:54,2026-06-16 14:52:03
CONT2026006420,2026-06-26 00:58:29,2026-06-30 03:15:45
CONT2026006421,2026-06-21 01:38:13,2026-06-22 07:43:59
CONT2026006422,2026-06-19 15:02:47,
CONT2026006423,2026-06-18 11:26:06,2026-06-29 07:05:15
CONT2026006424,2026-06-19 11:02:25,2026-06-20 11:50:11
CONT2026006425,2026-06-18 15:23:03,2026-06-19 19:12:23
CONT2026006426,2026-06-24 11:00:21,2026-06-24 23:43:44
CONT2026006427,2026-06-16 12:30:15,2026-06-29 08:36:25
CONT2026006428,2026-06-19 07:29:01,2026-06-28 22:02:56
CONT2026006429,2026-06-19 15:23:58,2026-06-30 13:30:31
CONT2026006430,2026-06-24 02:07:22,2026-06-24 09:44:25
CONT2026006431,2026-06-23 05:23:48,2026-06-30 10:00:18
CONT2026006432,2026-06-20 01:20:24,2026-06-20 19:55:27
CONT2026006433,2026-06-18 10:33:51,2026-06-19 02:43:00
CONT2026006434,2026-06-23 15:53:22,2026-06-23 23:02:24
CONT2026006435,2026-06-23 16:20:27,2026-06-24 05:10:04
CONT2026006436,2026-06-26 22:30:55,
CONT2026006437,2026-06-16 11:59:23,2026-06-17 06:54:56
CONT2026006438,2026-06-21 07:28:53,2026-06-29 19:20:52
CONT2026006439,2026-06-27 00:36:36,2026-06-28 04:23:49
CONT2026006440,2026-06-23 17:16:59,2026-06-30 01:24:32
CONT2026006441,2026-06-26 05:36:30,2026-06-30 01:54:37
CONT2026006442,2026-06-26 12:53:08,
CONT2026006443,2026-06-16 22:44:25,2026-06-30 03:07:41
CONT2026006444,2026-06-16 04:29:42,2026-06-29 19:13:05
CONT2026006445,2026-06-21 11:19:49,
CONT2026006446,2026-06-20 02:13:51,2026-06-20 19:50:27
CONT2026006447,2026-06-20 06:49:11,
CONT2026006448,2026-06-16 18:40:38,2026-06-29 15:33:12
CONT2026006449,2026-06-26 06:36:21,2026-06-30 04:21:09
CONT2026006450,2026-06-22 09:35:55,2026-06-23 22:08:27
CONT2026006451,2026-06-18 17:03:12,2026-06-19 17:14:45
CONT2026006452,2026-06-23 16:14:46,2026-06-29 20:23:19
CONT2026006453,2026-06-23 20:36:57,2026-06-30 06:32:34
CONT2026006454,2026-06-25 11:32:37,2026-06-26 16:56:23
CONT2026006455,2026-06-20 23:04:22,2026-07-03 05:37:55
CONT2026006456,2026-06-26 08:37:47,2026-07-04 11:33:23
CONT2026006457,2026-06-25 03:35:46,
CONT2026006458,2026-06-24 09:09:48,
CONT2026006459,2026-06-22 01:13:09,2026-06-22 19:25:12
CONT2026006460,2026-06-27 02:31:50,2026-06-27 17:41:46
CONT2026006461,2026-06-28 16:10:19,2026-07-03 18:05:39
CONT2026006462,2026-06-23 15:59:01,2026-07-04 09:36:33
CONT2026006463,2026-06-24 04:29:26,
CONT2026006464,2026-06-21 05:17:23,
CONT2026006465,2026-06-27 08:39:42,2026-07-04 04:54:47
CONT2026006466,2026-06-27 08:36:04,2026-07-03 20:30:45
CONT2026006467,2026-06-23 21:05:56,2026-07-03 12:31:18
CONT2026006468,2026-06-26 08:29:51,
CONT2026006469,2026-06-22 15:14:03,2026-06-23 15:10:00
CONT2026006470,2026-06-27 12:55:55,2026-07-03 22:53:26
CONT2026006471,2026-06-25 12:35:24,2026-07-04 07:47:15
CONT2026006472,2026-06-23 20:10:05,2026-06-24 14:29:10
CONT2026006473,2026-06-22 05:22:02,2026-06-22 18:17:23
CONT2026006474,2026-06-23 18:20:29,
CONT2026006475,2026-06-25 08:48:36,2026-07-03 09:51:18
CONT2026006476,2026-06-22 11:05:49,
CONT2026006477,2026-06-20 19:41:38,2026-06-21 15:22:17
CONT2026006478,2026-06-24 03:44:49,2026-07-03 23:49:32
CONT2026006479,2026-06-20 20:43:14,2026-07-03 08:44:34
CONT2026006480,2026-06-25 06:05:45,2026-06-26 04:46:05
CONT2026006481,2026-06-20 06:56:38,2026-06-21 08:10:33
CONT2026006482,2026-06-22 21:12:35,
CONT2026006483,2026-06-21 18:34:52,
CONT2026006484,2026-06-28 17:53:00,
CONT2026006485,2026-06-23 17:06:29,2026-07-03 18:57:29
CONT2026006486,2026-06-26 15:11:54,2026-07-04 06:06:58
CONT2026006487,2026-06-21 07:04:53,2026-07-03 19:32:08
CONT2026006488,2026-06-30 15:29:15,2026-07-04 02:40:12
CONT2026006489,2026-06-22 19:43:36,2026-07-03 10:14:20
CONT2026006490,2026-06-21 03:19:36,2026-06-21 23:21:30
CONT2026006491,2026-06-29 10:35:44,
CONT2026006492,2026-06-22 14:43:04,2026-06-22 18:43:04
CONT2026006493,2026-06-26 10:53:59,
CONT2026006494,2026-06-25 13:26:55,2026-07-04 16:58:03
CONT2026006495,2026-06-21 18:53:39,2026-07-04 14:30:01
CONT2026006496,2026-06-22 18:56:45,
CONT2026006497,2026-06-29 07:53:29,2026-07-04 02:35:02
CONT2026006498,2026-06-23 02:00:15,2026-06-23 18:30:33
CONT2026006499,2026-06-22 04:12:37,2026-07-03 18:19:11
CONT2026006500,2026-06-29 15:52:55,2026-06-29 23:29:30
CONT2026006501,2026-06-25 04:45:49,2026-06-25 08:45:49
CONT2026006502,2026-06-22 20:08:11,2026-06-23 18:55:35
CONT2026006503,2026-06-22 20:00:26,2026-07-03 20:35:42
CONT2026006504,2026-06-22 20:33:40,2026-06-23 10:24:20
CONT2026006505,2026-06-26 08:22:31,2026-06-27 06:51:29
CONT2026006506,2026-06-27 02:16:05,
CONT2026006507,2026-06-20 23:18:13,2026-07-03 03:02:29
CONT2026006508,2026-06-27 07:50:40,2026-06-28 16:03:22
CONT2026006509,2026-06-23 13:42:26,2026-07-04 18:37:14
CONT2026006510,2026-06-29 21:11:38,2026-07-04 05:56:09
CONT2026006511,2026-06-21 17:35:33,2026-07-04 04:14:38
CONT2026006512,2026-06-27 16:33:21,2026-07-03 18:57:18
CONT2026006513,2026-06-28 08:11:28,2026-07-04 22:28:54
CONT2026006514,2026-07-01 08:31:48,
CONT2026006515,2026-06-27 10:41:19,2026-07-04 21:19:30
CONT2026006516,2026-06-21 02:29:46,2026-07-03 16:42:53
CONT2026006517,2026-07-01 00:47:53,2026-07-03 19:11:54
CONT2026006518,2026-06-23 16:31:38,
CONT2026006519,2026-06-23 21:44:15,2026-07-03 22:11:15
CONT2026006520,2026-06-23 11:11:28,2026-07-04 07:59:22
CONT2026006521,2026-06-21 12:54:03,2026-06-22 12:49:47
CONT2026006522,2026-06-27 12:16:23,2026-06-28 04:48:46
CONT2026006523,2026-07-01 13:42:16,2026-07-04 16:21:47
CONT2026006524,2026-06-27 10:05:56,2026-06-27 21:43:08
CONT2026006525,2026-06-20 21:57:26,2026-07-04 07:42:02
CONT2026006526,2026-06-23 21:41:53,
CONT2026006527,2026-06-28 17:48:26,2026-07-04 02:51:00
CONT2026006528,2026-06-25 17:52:18,
CONT2026006529,2026-06-27 21:15:09,2026-07-05 02:49:18
CONT2026006530,2026-06-29 16:08:15,2026-06-30 14:43:42
CONT2026006531,2026-06-28 21:22:08,2026-06-29 22:13:51
CONT2026006532,2026-07-02 08:21:24,2026-07-04 22:35:01
CONT2026006533,2026-06-29 16:55:40,2026-07-01 00:08:22
CONT2026006534,2026-06-27 04:03:25,2026-07-04 23:43:04
CONT2026006535,2026-06-28 21:15:54,2026-07-05 07:21:44
CONT2026006536,2026-06-27 18:49:13,2026-07-04 20:41:01
CONT2026006537,2026-07-02 03:58:06,2026-07-03 08:46:10
CONT2026006538,2026-06-25 20:44:13,2026-07-05 00:10:00
CONT2026006539,2026-06-22 13:21:25,2026-06-23 14:56:27
CONT2026006540,2026-06-23 13:34:48,
CONT2026006541,2026-06-23 03:13:51,
CONT2026006542,2026-07-01 16:20:17,2026-07-02 12:55:23
CONT2026006543,2026-07-02 08:51:09,2026-07-05 08:46:27
CONT2026006544,2026-06-26 09:29:17,2026-06-27 04:23:22
CONT2026006545,2026-06-25 09:24:03,2026-07-06 13:48:52
CONT2026006546,2026-06-25 08:56:39,2026-06-26 01:12:01
CONT2026006547,2026-07-01 19:08:02,2026-07-02 22:50:34
CONT2026006548,2026-06-26 12:09:09,
CONT2026006549,2026-06-30 14:22:01,2026-07-01 04:22:20
CONT2026006550,2026-07-01 06:27:57,2026-07-02 11:01:02
CONT2026006551,2026-06-23 18:18:07,2026-07-07 11:29:22
CONT2026006552,2026-06-27 22:08:08,2026-06-28 22:10:27
CONT2026006553,2026-06-27 19:54:55,2026-07-07 08:38:25
CONT2026006554,2026-06-26 04:01:33,
CONT2026006555,2026-07-02 07:06:29,2026-07-07 22:09:50
CONT2026006556,2026-06-26 03:22:31,2026-07-06 22:27:51
CONT2026006557,2026-07-02 00:54:42,2026-07-07 05:36:54
CONT2026006558,2026-06-30 10:19:09,2026-07-07 19:58:53
CONT2026006559,2026-06-30 11:38:34,2026-07-08 05:31:00
CONT2026006560,2026-07-01 02:12:11,2026-07-01 22:26:16
CONT2026006561,2026-06-24 23:47:24,2026-06-25 18:32:54
CONT2026006562,2026-06-30 05:23:45,2026-06-30 21:01:40
CONT2026006563,2026-06-25 15:30:36,2026-07-08 08:07:22
CONT2026006564,2026-07-01 12:18:31,
CONT2026006565,2026-07-04 16:15:14,2026-07-05 08:53:17
CONT2026006566,2026-06-27 18:40:28,2026-06-28 08:53:38
CONT2026006567,2026-07-02 00:03:26,2026-07-03 01:36:33
CONT2026006568,2026-07-05 01:23:13,2026-07-05 19:44:01
CONT2026006569,2026-07-05 18:37:04,2026-07-06 16:43:25
CONT2026006570,2026-07-05 05:56:07,2026-07-06 01:47:08
CONT2026006571,2026-06-26 19:18:06,2026-07-08 02:46:44
CONT2026006572,2026-07-04 15:04:58,2026-07-09 01:29:23
CONT2026006573,2026-06-24 18:41:53,2026-07-08 05:24:41
CONT2026006574,2026-07-05 04:14:11,2026-07-07 22:35:23
CONT2026006575,2026-06-30 19:51:53,2026-07-01 07:58:56
CONT2026006576,2026-06-24 21:35:18,2026-06-25 01:35:18
CONT2026006577,2026-06-24 12:08:28,2026-06-25 11:31:33
CONT2026006578,2026-06-25 18:53:40,2026-06-26 09:10:29
CONT2026006579,2026-06-30 01:54:15,2026-06-30 12:10:00
CONT2026006580,2026-06-30 23:50:30,
CONT2026006581,2026-07-03 14:51:29,2026-07-08 17:54:17
CONT2026006582,2026-06-28 17:32:49,
CONT2026006583,2026-06-26 15:31:30,2026-06-26 19:31:30
CONT2026006584,2026-06-25 00:34:25,2026-07-08 03:12:48
CONT2026006585,2026-07-02 08:48:20,2026-07-08 12:15:49
CONT2026006586,2026-06-30 07:03:05,
CONT2026006587,2026-07-03 22:36:07,2026-07-05 07:06:43
CONT2026006588,2026-07-02 16:26:53,2026-07-03 04:16:40
CONT2026006589,2026-06-27 09:13:58,2026-06-28 12:19:00
CONT2026006590,2026-07-05 02:31:12,2026-07-09 01:48:53
CONT2026006591,2026-06-27 07:07:21,2026-07-08 06:09:43
CONT2026006592,2026-07-04 12:43:37,2026-07-05 17:20:42
CONT2026006593,2026-06-28 22:14:02,2026-07-08 18:40:58
CONT2026006594,2026-07-04 05:04:27,2026-07-05 01:14:26
CONT2026006595,2026-06-28 07:30:52,2026-07-08 08:43:50
CONT2026006596,2026-07-04 10:16:38,
CONT2026006597,2026-06-26 02:32:08,2026-06-27 12:44:19
CONT2026006598,2026-07-01 05:29:32,2026-07-08 22:54:35
CONT2026006599,2026-06-28 11:15:29,2026-06-29 18:38:58
CONT2026006600,2026-07-02 06:32:56,2026-07-03 07:30:31
CONT2026006601,2026-06-27 23:36:33,2026-06-29 00:03:56
CONT2026006602,2026-06-30 10:51:39,2026-07-08 04:05:37
CONT2026006603,2026-06-28 13:35:47,2026-06-29 12:52:37
CONT2026006604,2026-06-30 17:31:11,2026-07-08 16:40:09
CONT2026006605,2026-06-25 17:26:59,2026-07-08 12:42:05
CONT2026006606,2026-06-29 08:54:16,2026-07-09 07:46:28
CONT2026006607,2026-06-29 19:01:45,2026-06-30 14:20:02
CONT2026006608,2026-07-02 20:26:21,
CONT2026006609,2026-07-02 23:08:15,2026-07-03 08:57:48
CONT2026006610,2026-07-05 16:46:56,2026-07-08 22:00:53
CONT2026006611,2026-07-05 11:47:44,2026-07-06 12:01:58
CONT2026006612,2026-07-04 12:45:38,2026-07-09 04:20:22
CONT2026006613,2026-07-02 22:34:55,2026-07-03 12:44:45
CONT2026006614,2026-07-02 07:07:04,2026-07-03 11:24:47
CONT2026006615,2026-06-26 09:03:54,
CONT2026006616,2026-07-02 06:02:31,2026-07-09 05:02:47
CONT2026006617,2026-06-28 18:44:28,
CONT2026006618,2026-06-27 23:05:29,2026-07-08 16:09:12
CONT2026006619,2026-07-03 00:52:32,2026-07-08 08:38:33
CONT2026006620,2026-07-03 16:33:03,
CONT2026006621,2026-06-30 06:41:27,2026-07-08 07:18:39
CONT2026006622,2026-07-03 00:15:11,2026-07-08 17:13:05
CONT2026006623,2026-06-26 06:03:46,2026-06-27 09:06:13
CONT2026006624,2026-07-03 01:04:51,2026-07-04 04:21:33
CONT2026006625,2026-06-25 01:55:11,2026-07-08 16:59:40
CONT2026006626,2026-07-04 07:13:49,2026-07-10 02:50:38
CONT2026006627,2026-07-03 19:38:02,2026-07-09 13:35:35
CONT2026006628,2026-06-30 02:35:43,2026-06-30 19:30:32
CONT2026006629,2026-06-27 06:58:42,2026-06-28 08:06:26
CONT2026006630,2026-07-01 13:47:35,2026-07-09 04:40:14
CONT2026006631,2026-06-27 14:34:26,2026-07-07 23:57:26
CONT2026006632,2026-07-05 22:53:31,2026-07-08 21:28:59
CONT2026006633,2026-07-03 21:27:25,2026-07-04 22:10:16
CONT2026006634,2026-07-01 06:09:25,2026-07-09 11:10:52
CONT2026006635,2026-07-04 13:39:12,2026-07-05 06:39:25
CONT2026006636,2026-06-25 19:25:39,2026-07-09 03:25:07
CONT2026006637,2026-07-02 18:34:54,2026-07-09 21:04:14
CONT2026006638,2026-06-27 18:34:55,2026-06-28 04:18:16
CONT2026006639,2026-06-29 21:18:21,2026-06-30 07:42:55
CONT2026006640,2026-06-29 16:03:23,2026-07-09 13:53:17
CONT2026006641,2026-07-02 23:36:02,2026-07-04 06:19:52
CONT2026006642,2026-06-26 18:16:59,2026-07-10 04:05:01
CONT2026006643,2026-07-07 06:18:54,
CONT2026006644,2026-06-27 04:54:03,2026-07-10 07:04:33
CONT2026006645,2026-07-05 17:50:40,
CONT2026006646,2026-07-06 16:11:22,2026-07-09 22:54:05
CONT2026006647,2026-06-29 12:14:37,2026-07-11 08:40:31
CONT2026006648,2026-07-03 15:39:08,2026-07-10 17:39:30
CONT2026006649,2026-07-05 14:39:29,2026-07-11 03:14:22
CONT2026006650,2026-07-07 23:51:40,2026-07-09 04:26:14
CONT2026006651,2026-06-29 16:02:03,2026-06-30 16:14:54
CONT2026006652,2026-07-03 08:26:57,2026-07-03 12:26:57
CONT2026006653,2026-07-03 08:10:37,2026-07-04 07:37:43
CONT2026006654,2026-07-02 11:39:00,2026-07-10 19:25:03
CONT2026006655,2026-07-07 23:55:25,2026-07-08 19:35:10
CONT2026006656,2026-07-05 20:18:30,2026-07-11 16:48:01
CONT2026006657,2026-07-01 05:41:36,2026-07-11 03:47:16
CONT2026006658,2026-06-30 15:32:28,2026-07-11 05:54:15
CONT2026006659,2026-07-04 20:17:06,2026-07-06 10:56:51
CONT2026006660,2026-07-07 15:43:28,2026-07-08 14:02:39
CONT2026006661,2026-07-01 03:38:05,
CONT2026006662,2026-07-04 20:08:52,2026-07-05 12:56:40
CONT2026006663,2026-07-03 23:21:55,2026-07-05 09:02:25
CONT2026006664,2026-06-27 18:35:18,2026-06-28 09:22:19
CONT2026006665,2026-06-28 14:25:19,2026-06-29 03:41:17
CONT2026006666,2026-07-04 02:18:47,2026-07-04 20:02:30
CONT2026006667,2026-07-07 13:26:03,2026-07-10 06:01:05
CONT2026006668,2026-07-04 05:36:29,2026-07-11 04:55:59
CONT2026006669,2026-07-02 08:17:04,2026-07-03 02:39:40
CONT2026006670,2026-07-01 12:04:33,2026-07-02 01:13:15
CONT2026006671,2026-07-02 08:21:00,2026-07-02 23:40:47
CONT2026006672,2026-07-01 07:54:22,
CONT2026006673,2026-07-03 08:21:00,2026-07-04 00:45:57
CONT2026006674,2026-07-01 20:24:15,2026-07-11 07:22:38
CONT2026006675,2026-07-05 16:20:11,2026-07-07 00:55:25
CONT2026006676,2026-07-04 14:26:59,2026-07-11 09:03:25
CONT2026006677,2026-07-07 12:41:56,2026-07-11 06:20:41
CONT2026006678,2026-07-04 04:56:06,2026-07-04 18:09:46
CONT2026006679,2026-07-05 06:23:09,2026-07-12 03:13:00
CONT2026006680,2026-06-30 08:40:27,2026-07-10 14:42:56
CONT2026006681,2026-07-04 15:12:36,2026-07-05 16:28:03
CONT2026006682,2026-07-03 16:04:11,2026-07-04 18:52:56
CONT2026006683,2026-07-08 03:22:16,
CONT2026006684,2026-06-30 19:03:04,2026-07-01 16:25:02
CONT2026006685,2026-06-29 19:07:21,2026-06-30 13:50:17
CONT2026006686,2026-06-29 09:58:27,2026-07-11 20:48:55
CONT2026006687,2026-06-30 01:30:22,
CONT2026006688,2026-07-02 02:13:45,2026-07-11 06:47:07
CONT2026006689,2026-07-07 16:12:34,
CONT2026006690,2026-07-01 23:48:25,2026-07-10 19:25:50
CONT2026006691,2026-06-30 20:33:16,2026-07-01 10:26:38
CONT2026006692,2026-06-30 14:58:01,2026-07-01 17:09:47
CONT2026006693,2026-07-04 07:30:53,2026-07-04 12:15:46
CONT2026006694,2026-07-08 05:23:38,2026-07-11 03:42:14
CONT2026006695,2026-07-02 05:07:10,2026-07-02 11:21:56
CONT2026006696,2026-07-04 23:25:44,
CONT2026006697,2026-07-05 03:49:03,
CONT2026006698,2026-06-30 17:50:46,2026-07-01 03:21:26
CONT2026006699,2026-06-30 20:34:01,2026-07-01 00:34:01
CONT2026006700,2026-07-03 08:14:52,2026-07-04 04:01:10
CONT2026006701,2026-06-29 07:33:46,2026-07-11 17:33:34
CONT2026006702,2026-07-01 00:31:57,2026-07-02 05:47:58
CONT2026006703,2026-07-07 04:36:03,2026-07-08 07:22:57
CONT2026006704,2026-07-01 19:40:42,
CONT2026006705,2026-06-28 21:43:19,
CONT2026006706,2026-07-05 10:31:57,
CONT2026006707,2026-07-02 23:50:39,
CONT2026006708,2026-06-30 00:38:58,2026-06-30 09:07:54
CONT2026006709,2026-06-29 00:42:09,2026-07-12 05:51:23
CONT2026006710,2026-07-02 14:34:29,2026-07-11 11:29:59
CONT2026006711,2026-06-30 19:04:02,2026-07-11 22:47:37
CONT2026006712,2026-06-29 04:41:39,2026-07-12 12:59:34
CONT2026006713,2026-07-03 23:49:21,
CONT2026006714,2026-07-05 20:53:31,2026-07-06 15:47:05
CONT2026006715,2026-07-08 16:40:46,2026-07-12 08:48:13
CONT2026006716,2026-07-07 04:13:46,2026-07-12 03:27:39
CONT2026006717,2026-07-05 15:54:35,
CONT2026006718,2026-07-08 23:16:35,
CONT2026006719,2026-07-02 06:00:40,2026-07-12 01:53:21
CONT2026006720,2026-06-29 05:57:00,2026-07-11 19:01:52
CONT2026006721,2026-07-04 10:23:50,2026-07-05 20:28:53
CONT2026006722,2026-07-08 20:17:44,2026-07-10 00:08:38
CONT2026006723,2026-07-05 00:27:48,2026-07-06 06:02:43
CONT2026006724,2026-07-04 05:09:04,2026-07-12 06:27:15
CONT2026006725,2026-06-28 22:06:14,2026-06-30 04:18:22
CONT2026006726,2026-06-30 14:31:45,2026-07-01 05:42:53
CONT2026006727,2026-07-07 17:14:42,2026-07-12 22:02:50
CONT2026006728,2026-07-09 05:07:37,2026-07-10 02:37:31
CONT2026006729,2026-07-09 18:39:35,2026-07-11 15:05:16
CONT2026006730,2026-07-01 15:27:45,
CONT2026006731,2026-07-07 05:24:47,2026-07-08 10:19:38
CONT2026006732,2026-07-04 21:38:25,2026-07-11 23:02:35
CONT2026006733,2026-07-02 20:28:59,2026-07-03 12:23:14
CONT2026006734,2026-07-07 09:06:28,2026-07-12 20:20:07
CONT2026006735,2026-07-05 11:15:47,2026-07-13 08:33:09
CONT2026006736,2026-07-06 07:26:22,2026-07-06 11:26:22
CONT2026006737,2026-07-06 01:33:48,2026-07-06 10:11:35
CONT2026006738,2026-07-06 20:12:37,2026-07-07 16:28:16
CONT2026006739,2026-06-30 03:15:36,2026-06-30 15:27:45
CONT2026006740,2026-07-07 08:24:59,2026-07-08 05:23:28
CONT2026006741,2026-07-10 05:33:47,2026-07-13 23:02:00
CONT2026006742,2026-07-04 02:37:52,2026-07-12 13:54:43
CONT2026006743,2026-07-02 22:17:09,2026-07-04 02:47:01
CONT2026006744,2026-07-03 00:19:06,
CONT2026006745,2026-07-03 08:06:49,2026-07-13 06:46:18
CONT2026006746,2026-07-03 10:14:48,
CONT2026006747,2026-07-02 04:23:24,2026-07-02 21:41:12
CONT2026006748,2026-07-04 20:33:36,
CONT2026006749,2026-07-08 19:36:25,2026-07-09 21:59:45
CONT2026006750,2026-07-02 08:50:28,2026-07-03 16:06:31
CONT2026006751,2026-07-05 00:52:19,2026-07-05 13:51:10
CONT2026006752,2026-07-08 17:37:48,2026-07-13 12:13:12
CONT2026006753,2026-07-09 07:38:15,2026-07-13 22:31:40
CONT2026006754,2026-07-02 05:40:19,2026-07-02 15:09:07
CONT2026006755,2026-07-08 22:47:54,2026-07-09 18:30:32
CONT2026006756,2026-07-04 15:35:24,2026-07-13 11:05:20
CONT2026006757,2026-07-03 12:32:38,2026-07-13 15:33:12
CONT2026006758,2026-07-09 03:49:01,2026-07-10 13:59:02
CONT2026006759,2026-07-11 01:27:56,
CONT2026006760,2026-06-30 03:30:51,
CONT2026006761,2026-07-02 00:51:14,2026-07-02 15:04:56
CONT2026006762,2026-07-01 10:53:37,2026-07-14 04:05:38
CONT2026006763,2026-07-05 04:40:30,
CONT2026006764,2026-07-05 21:22:01,2026-07-13 15:10:58
CONT2026006765,2026-07-05 18:40:26,2026-07-13 20:04:52
CONT2026006766,2026-07-02 01:18:43,2026-07-03 06:11:08
CONT2026006767,2026-07-08 03:09:23,2026-07-09 17:22:34
CONT2026006768,2026-07-05 03:14:24,2026-07-13 04:59:52
CONT2026006769,2026-07-02 15:33:28,2026-07-03 01:28:31
CONT2026006770,2026-07-01 07:40:17,2026-07-14 14:02:28
CONT2026006771,2026-06-30 11:32:20,2026-07-01 04:31:49
CONT2026006772,2026-07-07 14:44:03,2026-07-14 00:57:45
CONT2026006773,2026-07-10 03:55:42,2026-07-11 03:50:09
CONT2026006774,2026-07-02 21:42:27,2026-07-03 16:09:39
CONT2026006775,2026-07-09 03:30:06,2026-07-09 21:17:20
CONT2026006776,2026-07-01 08:07:27,2026-07-02 06:14:52
CONT2026006777,2026-07-10 03:13:59,2026-07-11 16:34:46
CONT2026006778,2026-07-04 01:34:30,2026-07-14 03:35:29
CONT2026006779,2026-07-09 00:35:17,2026-07-14 11:05:14
CONT2026006780,2026-07-07 22:35:29,2026-07-08 22:42:44
CONT2026006781,2026-07-03 10:42:29,2026-07-14 08:43:28
CONT2026006782,2026-07-04 23:29:51,2026-07-16 22:19:44
CONT2026006783,2026-07-08 11:44:13,2026-07-17 05:12:33
CONT2026006784,2026-07-04 07:53:24,2026-07-05 03:43:12
CONT2026006785,2026-07-05 13:30:02,2026-07-06 07:47:46
CONT2026006786,2026-07-06 11:10:31,2026-07-17 15:11:12
CONT2026006787,2026-07-08 00:56:01,2026-07-09 00:47:53
CONT2026006788,2026-07-06 04:59:51,
CONT2026006789,2026-07-09 02:24:42,2026-07-10 09:01:09
CONT2026006790,2026-07-04 04:47:02,2026-07-04 18:13:41
CONT2026006791,2026-07-04 10:40:27,2026-07-05 05:56:48
CONT2026006792,2026-07-04 11:55:19,2026-07-16 09:28:39
CONT2026006793,2026-07-13 09:05:02,
CONT2026006794,2026-07-08 09:16:38,2026-07-09 14:11:00
CONT2026006795,2026-07-04 10:38:59,2026-07-16 14:04:20
CONT2026006796,2026-07-11 01:42:53,2026-07-11 17:43:22
CONT2026006797,2026-07-10 08:59:43,2026-07-11 12:08:11
CONT2026006798,2026-07-07 20:03:55,2026-07-17 02:17:42
CONT2026006799,2026-07-13 11:29:19,2026-07-14 08:31:08
CONT2026006800,2026-07-10 15:37:43,2026-07-10 19:37:43
CONT2026006801,2026-07-05 17:21:47,2026-07-16 19:28:10
CONT2026006802,2026-07-09 04:48:31,2026-07-16 20:06:19
CONT2026006803,2026-07-08 03:48:21,
CONT2026006804,2026-07-12 20:47:45,
CONT2026006805,2026-07-10 17:50:37,2026-07-11 13:53:30
CONT2026006806,2026-07-04 12:31:40,2026-07-05 15:58:18
CONT2026006807,2026-07-09 11:07:03,2026-07-10 09:42:25
CONT2026006808,2026-07-08 13:23:45,2026-07-09 19:20:07
CONT2026006809,2026-07-11 13:31:03,
CONT2026006810,2026-07-12 02:13:44,2026-07-17 01:39:14
CONT2026006811,2026-07-04 23:07:14,2026-07-06 00:47:46
CONT2026006812,2026-07-10 05:07:34,2026-07-17 00:06:43
CONT2026006813,2026-07-11 00:01:25,2026-07-17 09:13:16
CONT2026006814,2026-07-13 09:27:30,2026-07-17 07:14:52
CONT2026006815,2026-07-06 01:28:11,2026-07-16 15:15:39
CONT2026006816,2026-07-06 00:04:19,2026-07-06 20:45:42
CONT2026006817,2026-07-13 15:40:13,2026-07-17 09:25:32
CONT2026006818,2026-07-08 00:30:24,
CONT2026006819,2026-07-14 08:01:17,2026-07-15 08:14:27
CONT2026006820,2026-07-08 20:46:53,2026-07-09 01:40:56
CONT2026006821,2026-07-06 01:08:58,2026-07-17 17:45:10
CONT2026006822,2026-07-08 19:15:17,2026-07-18 00:03:48
CONT2026006823,2026-07-08 22:41:11,2026-07-09 09:41:04
CONT2026006824,2026-07-09 14:59:36,
CONT2026006825,2026-07-06 09:35:26,2026-07-16 09:53:38
CONT2026006826,2026-07-13 15:16:19,2026-07-17 07:58:19
CONT2026006827,2026-07-04 16:41:08,2026-07-17 15:28:24
CONT2026006828,2026-07-10 19:21:47,2026-07-11 14:11:14
CONT2026006829,2026-07-07 18:46:39,2026-07-17 15:08:26
CONT2026006830,2026-07-13 08:43:06,2026-07-16 21:16:20
CONT2026006831,2026-07-07 09:02:32,2026-07-17 10:01:11
CONT2026006832,2026-07-09 18:57:59,2026-07-16 23:26:35
CONT2026006833,2026-07-10 13:19:12,2026-07-18 04:16:01
CONT2026006834,2026-07-06 16:30:41,2026-07-07 00:33:36
CONT2026006835,2026-07-08 15:06:26,2026-07-08 19:06:26
CONT2026006836,2026-07-05 21:19:21,2026-07-06 03:41:30
CONT2026006837,2026-07-05 18:23:14,2026-07-06 04:22:55
CONT2026006838,2026-07-05 08:51:57,2026-07-19 01:31:46
CONT2026006839,2026-07-04 20:06:29,2026-07-17 16:19:24
CONT2026006840,2026-07-11 07:04:47,2026-07-12 08:04:29
CONT2026006841,2026-07-14 16:29:49,2026-07-15 12:18:18
CONT2026006842,2026-07-14 20:41:02,2026-07-18 07:59:06
CONT2026006843,2026-07-12 22:33:33,
CONT2026006844,2026-07-10 21:51:08,2026-07-11 15:59:19
CONT2026006845,2026-07-10 09:29:58,
CONT2026006846,2026-07-12 00:25:44,
CONT2026006847,2026-07-04 20:11:00,2026-07-05 09:43:44
CONT2026006848,2026-07-11 11:32:05,
CONT2026006849,2026-07-10 22:43:01,2026-07-12 03:00:18
CONT2026006850,2026-07-05 18:39:05,2026-07-18 09:38:13
CONT2026006851,2026-07-12 01:57:37,2026-07-18 14:47:41
CONT2026006852,2026-07-10 20:26:07,2026-07-11 14:03:53
CONT2026006853,2026-07-06 22:59:30,2026-07-07 18:23:43
CONT2026006854,2026-07-12 03:55:35,2026-07-12 22:39:59
CONT2026006855,2026-07-11 06:37:08,2026-07-11 21:09:45
CONT2026006856,2026-07-09 02:27:37,2026-07-17 17:49:19
CONT2026006857,2026-07-11 04:09:26,
CONT2026006858,2026-07-15 02:23:24,2026-07-15 17:19:56
CONT2026006859,2026-07-05 14:06:13,2026-07-18 05:44:34
CONT2026006860,2026-07-10 18:15:55,2026-07-18 07:48:03
CONT2026006861,2026-07-08 18:06:50,
CONT2026006862,2026-07-10 02:54:17,
CONT2026006863,2026-07-07 04:10:09,2026-07-18 22:16:43
CONT2026006864,2026-07-06 07:35:07,2026-07-17 04:51:59
CONT2026006865,2026-07-04 14:11:34,2026-07-05 07:16:44
CONT2026006866,2026-07-13 00:13:50,2026-07-18 00:35:31
CONT2026006867,2026-07-09 17:03:02,2026-07-19 05:59:19
CONT2026006868,2026-07-10 04:42:16,2026-07-17 11:10:47
CONT2026006869,2026-07-12 15:27:01,2026-07-13 16:35:13
CONT2026006870,2026-07-11 19:45:09,
CONT2026006871,2026-07-05 03:50:02,2026-07-19 15:01:27
CONT2026006872,2026-07-05 15:25:11,2026-07-18 08:20:21
CONT2026006873,2026-07-10 23:17:12,2026-07-19 05:01:51
CONT2026006874,2026-07-10 09:25:16,
CONT2026006875,2026-07-06 01:30:47,2026-07-07 19:09:45
CONT2026006876,2026-07-12 21:36:00,2026-07-13 10:42:13
CONT2026006877,2026-07-10 19:36:23,2026-07-11 10:25:31
CONT2026006878,2026-07-09 23:19:25,2026-07-19 01:15:17
CONT2026006879,2026-07-10 19:35:46,2026-07-11 17:31:51
CONT2026006880,2026-07-15 11:43:26,2026-07-18 19:38:57
CONT2026006881,2026-07-12 01:42:04,2026-07-18 13:48:53
CONT2026006882,2026-07-11 19:46:25,2026-07-19 08:50:22
CONT2026006883,2026-07-05 12:44:03,2026-07-19 16:48:40
CONT2026006884,2026-07-06 17:07:41,2026-07-18 05:46:37
CONT2026006885,2026-07-11 15:26:56,2026-07-19 03:12:09
CONT2026006886,2026-07-15 04:36:30,2026-07-15 16:01:32
CONT2026006887,2026-07-10 06:54:36,
CONT2026006888,2026-07-15 12:20:23,2026-07-18 19:27:32
CONT2026006889,2026-07-10 17:59:18,2026-07-19 07:34:00
CONT2026006890,2026-07-10 20:28:26,2026-07-19 20:08:46
CONT2026006891,2026-07-06 04:34:10,2026-07-07 09:00:32
CONT2026006892,2026-07-13 16:55:26,2026-07-19 02:36:32
CONT2026006893,2026-07-08 10:47:58,2026-07-09 04:28:39
CONT2026006894,2026-07-13 13:51:08,2026-07-14 12:13:33
CONT2026006895,2026-07-11 19:57:56,2026-07-19 09:47:24
CONT2026006896,2026-07-13 13:36:10,2026-07-19 04:09:14
CONT2026006897,2026-07-11 18:18:37,2026-07-12 06:39:30
CONT2026006898,2026-07-06 07:57:44,
CONT2026006899,2026-07-10 22:14:36,2026-07-11 14:51:03
CONT2026006900,2026-07-05 17:22:40,2026-07-18 16:47:25
CONT2026006901,2026-07-05 20:32:31,2026-07-06 12:33:28
CONT2026006902,2026-07-06 01:48:34,2026-07-07 02:36:24
CONT2026006903,2026-07-08 02:55:39,2026-07-20 01:33:20
CONT2026006904,2026-07-07 10:41:16,2026-07-08 12:52:31
CONT2026006905,2026-07-11 00:10:28,
CONT2026006906,2026-07-11 05:53:05,
CONT2026006907,2026-07-07 16:13:09,
CONT2026006908,2026-07-12 11:13:38,2026-07-12 23:27:35
CONT2026006909,2026-07-10 08:21:33,2026-07-11 02:15:19
CONT2026006910,2026-07-09 03:11:26,2026-07-21 01:06:22
CONT2026006911,2026-07-16 03:31:13,
CONT2026006912,2026-07-15 03:09:46,2026-07-20 00:31:54
CONT2026006913,2026-07-09 05:30:51,2026-07-19 14:22:05
CONT2026006914,2026-07-09 08:04:59,
CONT2026006915,2026-07-08 06:40:14,
CONT2026006916,2026-07-06 14:38:13,2026-07-07 09:44:46
CONT2026006917,2026-07-11 01:57:22,2026-07-20 19:15:15
CONT2026006918,2026-07-13 21:06:00,
CONT2026006919,2026-07-09 00:53:49,2026-07-09 14:34:39
CONT2026006920,2026-07-08 14:11:26,2026-07-20 02:52:32
CONT2026006921,2026-07-12 21:16:25,
CONT2026006922,2026-07-12 17:53:56,2026-07-19 15:14:21
CONT2026006923,2026-07-06 12:10:28,2026-07-20 11:27:54
CONT2026006924,2026-07-09 10:07:09,
CONT2026006925,2026-07-16 04:11:55,2026-07-20 03:29:59
CONT2026006926,2026-07-13 06:20:12,2026-07-13 18:12:15
CONT2026006927,2026-07-07 08:03:49,
CONT2026006928,2026-07-16 03:17:23,2026-07-19 19:45:07
CONT2026006929,2026-07-14 09:47:56,2026-07-21 17:53:26
CONT2026006930,2026-07-07 15:01:04,2026-07-20 06:27:50
CONT2026006931,2026-07-09 05:12:20,2026-07-09 23:27:54
CONT2026006932,2026-07-12 01:10:05,
CONT2026006933,2026-07-12 11:15:38,
CONT2026006934,2026-07-09 22:35:42,2026-07-10 15:54:01
CONT2026006935,2026-07-08 14:57:47,2026-07-21 05:22:00
CONT2026006936,2026-07-08 12:10:20,2026-07-21 01:06:47
CONT2026006937,2026-07-16 10:38:24,2026-07-17 07:00:19
CONT2026006938,2026-07-16 01:15:56,2026-07-17 05:20:54
CONT2026006939,2026-07-13 20:42:55,2026-07-20 19:12:52
CONT2026006940,2026-07-15 03:03:32,2026-07-15 07:03:32
CONT2026006941,2026-07-08 11:53:54,2026-07-20 22:28:11
CONT2026006942,2026-07-15 04:19:37,2026-07-20 23:15:45
CONT2026006943,2026-07-06 11:14:25,2026-07-20 19:37:22
CONT2026006944,2026-07-17 06:24:41,
CONT2026006945,2026-07-17 07:59:55,2026-07-20 22:41:15
CONT2026006946,2026-07-09 10:34:15,2026-07-21 02:02:13
CONT2026006947,2026-07-07 17:43:45,2026-07-08 10:43:31
CONT2026006948,2026-07-18 06:52:43,2026-07-18 19:12:17
CONT2026006949,2026-07-10 01:33:01,2026-07-19 15:01:23
CONT2026006950,2026-07-17 00:19:52,2026-07-20 20:30:20
CONT2026006951,2026-07-08 15:39:51,2026-07-20 01:03:57
CONT2026006952,2026-07-16 07:04:41,2026-07-20 19:06:41
CONT2026006953,2026-07-15 02:07:53,2026-07-20 18:48:54
CONT2026006954,2026-07-13 12:23:07,
CONT2026006955,2026-07-10 09:11:26,2026-07-11 13:03:17
CONT2026006956,2026-07-10 17:07:57,2026-07-21 00:38:16
CONT2026006957,2026-07-10 21:29:21,2026-07-11 19:49:17
CONT2026006958,2026-07-09 12:39:08,2026-07-21 01:34:46
CONT2026006959,2026-07-07 23:05:20,2026-07-20 17:29:57
CONT2026006960,2026-07-12 07:44:45,2026-07-20 11:17:38
CONT2026006961,2026-07-09 20:30:47,
CONT2026006962,2026-07-15 14:19:00,2026-07-16 20:03:57
CONT2026006963,2026-07-11 11:26:53,2026-07-21 00:07:25
CONT2026006964,2026-07-07 22:34:18,
CONT2026006965,2026-07-11 14:21:19,2026-07-20 05:54:54
CONT2026006966,2026-07-12 05:50:03,2026-07-12 14:20:10
CONT2026006967,2026-07-08 04:27:27,2026-07-09 00:32:06
CONT2026006968,2026-07-15 14:58:26,2026-07-21 04:28:43
CONT2026006969,2026-07-12 14:24:32,2026-07-13 06:49:17
CONT2026006970,2026-07-12 02:13:17,
CONT2026006971,2026-07-10 21:33:28,2026-07-11 07:12:54
CONT2026006972,2026-07-15 09:49:19,2026-07-16 11:16:18
CONT2026006973,2026-07-12 09:42:26,2026-07-20 07:47:47
CONT2026006974,2026-07-16 05:37:58,2026-07-21 11:55:59
CONT2026006975,2026-07-16 04:50:55,2026-07-16 20:15:26
CONT2026006976,2026-07-14 09:03:22,2026-07-21 11:49:02
CONT2026006977,2026-07-15 05:42:46,2026-07-20 19:32:42
CONT2026006978,2026-07-16 21:12:08,2026-07-21 11:18:13
CONT2026006979,2026-07-11 01:29:51,2026-07-12 07:25:40
CONT2026006980,2026-07-15 20:46:54,
CONT2026006981,2026-07-15 06:17:11,2026-07-16 04:43:44
CONT2026006982,2026-07-08 12:30:56,2026-07-20 19:11:29
CONT2026006983,2026-07-17 13:08:46,2026-07-20 22:38:18
CONT2026006984,2026-07-08 22:04:53,2026-07-20 12:45:33
CONT2026006985,2026-07-17 05:40:53,2026-07-17 09:40:53
CONT2026006986,2026-07-12 18:15:30,2026-07-22 23:36:16
CONT2026006987,2026-07-14 03:56:19,2026-07-20 21:52:04
CONT2026006988,2026-07-18 01:54:04,
CONT2026006989,2026-07-14 03:29:38,
CONT2026006990,2026-07-08 10:31:37,2026-07-09 09:06:44
CONT2026006991,2026-07-16 19:10:10,2026-07-22 03:21:12
CONT2026006992,2026-07-17 19:51:32,2026-07-18 14:19:12
CONT2026006993,2026-07-09 13:49:20,2026-07-10 06:54:19
CONT2026006994,2026-07-14 07:09:16,2026-07-14 22:42:12
CONT2026006995,2026-07-17 03:56:06,2026-07-21 07:44:44
CONT2026006996,2026-07-18 23:23:42,
CONT2026006997,2026-07-13 12:01:48,2026-07-22 02:57:18
CONT2026006998,2026-07-15 20:33:00,2026-07-21 23:39:53
CONT2026006999,2026-07-13 07:03:34,2026-07-21 18:02:05
CONT2026007000,2026-07-09 12:01:41,
CONT2026007001,2026-07-15 03:16:58,2026-07-21 18:30:36
CONT2026007002,2026-07-18 20:01:58,2026-07-21 12:24:45
CONT2026007003,2026-07-17 15:13:06,2026-07-22 00:38:10
CONT2026007004,2026-07-12 21:59:48,
CONT2026007005,2026-07-09 23:27:46,2026-07-21 13:03:21
CONT2026007006,2026-07-16 21:56:54,
CONT2026007007,2026-07-10 01:00:39,2026-07-11 03:49:52
CONT2026007008,2026-07-13 13:18:41,2026-07-22 00:55:37
CONT2026007009,2026-07-08 08:22:25,2026-07-09 12:47:06
CONT2026007010,2026-07-18 08:33:58,2026-07-22 15:49:16
CONT2026007011,2026-07-10 07:34:38,2026-07-11 04:59:29
CONT2026007012,2026-07-11 09:41:38,2026-07-12 06:56:05
CONT2026007013,2026-07-18 15:42:23,2026-07-18 22:01:26
CONT2026007014,2026-07-11 03:25:57,2026-07-22 04:21:38
CONT2026007015,2026-07-17 12:03:06,2026-07-18 05:44:56
CONT2026007016,2026-07-17 23:16:33,2026-07-19 00:28:23
CONT2026007017,2026-07-17 03:03:29,2026-07-17 10:50:46
CONT2026007018,2026-07-19 09:40:22,2026-07-21 22:08:17
CONT2026007019,2026-07-09 07:33:35,2026-07-10 02:12:30
CONT2026007020,2026-07-16 01:02:48,
CONT2026007021,2026-07-17 06:49:21,2026-07-21 18:56:21
CONT2026007022,2026-07-16 07:18:03,2026-07-17 03:37:37
CONT2026007023,2026-07-13 02:52:40,2026-07-13 23:56:33
CONT2026007024,2026-07-17 11:45:51,2026-07-22 11:40:32
CONT2026007025,2026-07-17 19:05:38,2026-07-18 18:54:20
CONT2026007026,2026-07-15 14:56:22,2026-07-16 22:20:47
CONT2026007027,2026-07-09 22:32:19,2026-07-22 00:08:37
CONT2026007028,2026-07-08 22:40:25,2026-07-22 06:58:01
CONT2026007029,2026-07-09 13:05:40,2026-07-22 06:19:07
CONT2026007030,2026-07-11 01:14:40,2026-07-11 09:22:49
CONT2026007031,2026-07-14 22:20:19,2026-07-15 18:28:20
CONT2026007032,2026-07-15 12:35:43,
CONT2026007033,2026-07-15 06:23:37,2026-07-22 06:38:16
CONT2026007034,2026-07-12 20:57:48,
CONT2026007035,2026-07-14 22:16:57,2026-07-22 19:41:27
CONT2026007036,2026-07-18 23:39:45,2026-07-22 15:33:34
CONT2026007037,2026-07-16 02:27:18,2026-07-22 13:20:41
CONT2026007038,2026-07-12 02:12:57,
CONT2026007039,2026-07-18 03:19:02,2026-07-19 07:06:32
CONT2026007040,2026-07-11 21:08:10,2026-07-12 14:35:52
CONT2026007041,2026-07-14 04:31:10,2026-07-15 09:45:28
CONT2026007042,2026-07-15 05:03:05,2026-07-22 08:19:03
CONT2026007043,2026-07-13 03:11:00,2026-07-14 06:25:35
CONT2026007044,2026-07-14 10:38:19,2026-07-23 15:05:42
CONT2026007045,2026-07-18 14:46:52,2026-07-19 01:05:52
CONT2026007046,2026-07-19 08:12:03,2026-07-22 21:22:44
CONT2026007047,2026-07-19 12:24:34,2026-07-20 18:00:12
CONT2026007048,2026-07-16 17:35:09,
CONT2026007049,2026-07-12 10:00:46,2026-07-21 22:22:39
CONT2026007050,2026-07-14 17:05:26,
CONT2026007051,2026-07-12 04:25:01,2026-07-22 17:04:43
CONT2026007052,2026-07-10 09:07:54,2026-07-22 22:31:17
CONT2026007053,2026-07-19 05:40:22,2026-07-23 03:32:03
CONT2026007054,2026-07-14 15:00:19,2026-07-15 09:13:22
CONT2026007055,2026-07-17 22:01:23,2026-07-22 02:15:34
CONT2026007056,2026-07-15 11:51:17,
CONT2026007057,2026-07-14 04:07:34,2026-07-14 20:54:17
CONT2026007058,2026-07-19 09:52:44,2026-07-20 00:46:43
CONT2026007059,2026-07-17 00:26:10,2026-07-22 12:35:00
CONT2026007060,2026-07-15 03:48:38,2026-07-22 11:12:26
CONT2026007061,2026-07-11 11:51:16,2026-07-23 10:17:31
CONT2026007062,2026-07-19 07:37:51,
CONT2026007063,2026-07-12 20:49:29,2026-07-13 19:46:11
CONT2026007064,2026-07-17 11:11:21,2026-07-23 11:50:37
CONT2026007065,2026-07-09 15:17:51,2026-07-23 08:55:03
CONT2026007066,2026-07-20 14:39:03,
CONT2026007067,2026-07-14 11:04:15,2026-07-15 11:50:58
CONT2026007068,2026-07-20 14:40:30,2026-07-21 07:12:56
CONT2026007069,2026-07-11 17:43:09,2026-07-23 20:38:05
CONT2026007070,2026-07-20 10:11:31,2026-07-23 06:44:11
CONT2026007071,2026-07-20 05:26:42,2026-07-24 06:58:02
CONT2026007072,2026-07-18 12:37:04,
CONT2026007073,2026-07-17 11:06:55,2026-07-18 05:20:42
CONT2026007074,2026-07-20 06:01:51,2026-07-21 07:20:07
CONT2026007075,2026-07-11 08:07:35,
CONT2026007076,2026-07-12 06:17:40,2026-07-23 16:07:19
CONT2026007077,2026-07-18 11:51:34,2026-07-24 05:27:11
CONT2026007078,2026-07-19 00:43:35,2026-07-24 03:15:38
CONT2026007079,2026-07-17 13:35:34,2026-07-24 03:09:24
CONT2026007080,2026-07-10 12:30:24,2026-07-23 21:24:14
CONT2026007081,2026-07-19 09:41:58,2026-07-23 02:13:41
CONT2026007082,2026-07-20 05:50:54,2026-07-21 06:42:33
CONT2026007083,2026-07-15 22:02:09,2026-07-23 23:29:38
CONT2026007084,2026-07-11 02:43:19,
CONT2026007085,2026-07-18 22:58:56,
CONT2026007086,2026-07-11 21:14:11,2026-07-12 22:07:50
CONT2026007087,2026-07-16 14:27:37,2026-07-17 18:12:33
CONT2026007088,2026-07-14 06:40:51,2026-07-14 21:22:47
CONT2026007089,2026-07-18 00:12:56,2026-07-18 19:24:35
CONT2026007090,2026-07-15 06:28:30,
CONT2026007091,2026-07-21 06:15:52,
CONT2026007092,2026-07-13 15:50:49,2026-07-14 14:57:59
CONT2026007093,2026-07-14 03:12:26,2026-07-23 12:20:12
CONT2026007094,2026-07-10 04:52:54,
CONT2026007095,2026-07-11 16:37:59,2026-07-13 11:16:47
CONT2026007096,2026-07-20 15:38:47,2026-07-23 12:45:40
CONT2026007097,2026-07-10 14:41:44,2026-07-24 00:23:39
CONT2026007098,2026-07-21 00:43:31,2026-07-21 21:35:31
CONT2026007099,2026-07-12 13:28:35,2026-07-12 19:24:31
CONT2026007100,2026-07-12 22:04:43,2026-07-13 11:38:51
CONT2026007101,2026-07-14 00:29:33,2026-07-15 08:48:44
CONT2026007102,2026-07-15 16:28:46,
CONT2026007103,2026-07-18 14:37:33,2026-07-23 17:29:23
CONT2026007104,2026-07-19 08:11:20,2026-07-20 00:20:29
CONT2026007105,2026-07-16 18:13:42,2026-07-23 08:44:20
CONT2026007106,2026-07-19 08:18:18,2026-07-19 22:34:39
CONT2026007107,2026-07-11 18:04:11,2026-07-24 02:00:40
CONT2026007108,2026-07-19 04:02:52,2026-07-19 16:30:00
CONT2026007109,2026-07-18 21:59:16,2026-07-19 07:04:17
CONT2026007110,2026-07-13 01:41:15,2026-07-23 17:42:13
CONT2026007111,2026-07-13 16:01:37,2026-07-14 02:31:29
CONT2026007112,2026-07-19 09:10:26,2026-07-24 04:26:38
CONT2026007113,2026-07-10 14:18:47,2026-07-24 07:40:23
CONT2026007114,2026-07-13 10:53:51,
CONT2026007115,2026-07-14 11:25:54,2026-07-15 04:49:55
CONT2026007116,2026-07-20 18:46:55,
CONT2026007117,2026-07-19 07:45:14,
CONT2026007118,2026-07-12 15:11:55,2026-07-24 05:35:24
CONT2026007119,2026-07-12 09:40:20,2026-07-13 08:07:57
CONT2026007120,2026-07-16 18:27:13,2026-07-17 04:13:20
CONT2026007121,2026-07-17 23:38:39,2026-07-24 09:53:32
CONT2026007122,2026-07-15 18:28:24,2026-07-16 12:06:09
CONT2026007123,2026-07-13 19:37:44,2026-07-14 07:40:06
CONT2026007124,2026-07-20 11:46:42,2026-07-21 20:59:56
CONT2026007125,2026-07-17 05:58:26,2026-07-24 08:16:13
CONT2026007126,2026-07-13 15:15:42,
CONT2026007127,2026-07-18 16:49:11,2026-07-19 07:50:15
CONT2026007128,2026-07-12 02:52:39,2026-07-13 11:04:33
CONT2026007129,2026-07-20 19:34:59,2026-07-21 13:14:43
CONT2026007130,2026-07-12 11:22:01,2026-07-13 12:00:19
CONT2026007131,2026-07-15 15:16:53,2026-07-23 05:37:57
CONT2026007132,2026-07-13 11:24:47,2026-07-23 20:40:26
CONT2026007133,2026-07-19 18:51:41,2026-07-20 11:15:39
CONT2026007134,2026-07-13 14:42:41,
CONT2026007135,2026-07-16 13:51:42,
CONT2026007136,2026-07-13 16:24:37,2026-07-13 23:04:34
CONT2026007137,2026-07-16 22:22:04,2026-07-17 18:29:29
CONT2026007138,2026-07-19 22:40:38,2026-07-23 11:32:56
CONT2026007139,2026-07-20 02:11:33,
CONT2026007140,2026-07-16 00:08:57,2026-07-17 00:36:31
CONT2026007141,2026-07-19 02:27:28,
CONT2026007142,2026-07-17 04:27:18,2026-07-24 00:20:18
CONT2026007143,2026-07-22 05:33:03,2026-07-24 16:32:22
CONT2026007144,2026-07-14 15:28:32,2026-07-15 09:49:00
CONT2026007145,2026-07-20 16:55:51,2026-07-21 14:13:31
CONT2026007146,2026-07-16 16:25:20,2026-07-16 22:54:51
CONT2026007147,2026-07-20 20:38:07,
CONT2026007148,2026-07-15 01:47:56,2026-07-15 14:37:36
CONT2026007149,2026-07-15 15:18:03,2026-07-24 11:04:06
CONT2026007150,2026-07-17 11:16:47,
CONT2026007151,2026-07-17 03:36:57,2026-07-25 06:02:09
CONT2026007152,2026-07-17 15:49:15,2026-07-18 06:26:22
CONT2026007153,2026-07-19 18:52:17,2026-07-25 15:51:11
CONT2026007154,2026-07-14 02:14:07,2026-07-14 11:07:35
CONT2026007155,2026-07-13 20:01:04,2026-07-15 02:17:09
CONT2026007156,2026-07-12 18:47:14,2026-07-25 01:51:32
CONT2026007157,2026-07-14 18:25:43,2026-07-24 08:36:44
CONT2026007158,2026-07-13 00:36:07,2026-07-25 08:33:20
CONT2026007159,2026-07-18 11:40:12,
CONT2026007160,2026-07-14 05:49:40,2026-07-25 19:51:54
CONT2026007161,2026-07-15 11:21:12,2026-07-25 12:45:20
CONT2026007162,2026-07-20 19:24:59,2026-07-25 13:59:47
CONT2026007163,2026-07-18 00:17:01,2026-07-25 18:12:52
CONT2026007164,2026-07-13 03:08:19,2026-07-25 14:20:03
CONT2026007165,2026-07-12 14:30:09,2026-07-13 01:03:14
CONT2026007166,2026-07-13 06:09:30,2026-07-25 00:05:13
CONT2026007167,2026-07-12 10:49:46,2026-07-12 21:14:01
CONT2026007168,2026-07-12 06:44:07,2026-07-12 23:09:45
CONT2026007169,2026-07-20 04:26:34,2026-07-25 22:05:28
CONT2026007170,2026-07-20 20:54:56,2026-07-24 21:39:56
CONT2026007171,2026-07-21 21:01:50,
CONT2026007172,2026-07-20 02:25:21,2026-07-25 05:49:46
CONT2026007173,2026-07-19 03:07:32,2026-07-20 12:25:17
CONT2026007174,2026-07-13 22:10:04,2026-07-14 03:12:26
CONT2026007175,2026-07-19 02:55:23,
CONT2026007176,2026-07-17 09:54:31,2026-07-25 03:20:31
CONT2026007177,2026-07-13 00:11:18,
CONT2026007178,2026-07-22 15:25:45,2026-07-25 08:35:34
CONT2026007179,2026-07-16 09:56:46,2026-07-17 10:16:13
CONT2026007180,2026-07-17 17:25:13,2026-07-25 12:44:17
CONT2026007181,2026-07-16 20:16:09,2026-07-25 15:30:50
CONT2026007182,2026-07-16 20:54:01,2026-07-25 17:13:27
CONT2026007183,2026-07-22 19:36:22,
CONT2026007184,2026-07-15 21:37:57,2026-07-16 08:25:58
CONT2026007185,2026-07-12 11:06:49,2026-07-12 21:54:19
CONT2026007186,2026-07-21 10:14:16,2026-07-26 17:59:35
CONT2026007187,2026-07-16 10:33:43,2026-07-26 02:38:27
CONT2026007188,2026-07-14 13:22:31,2026-07-15 03:11:57
CONT2026007189,2026-07-12 16:23:05,2026-07-13 14:20:45
CONT2026007190,2026-07-15 13:02:37,2026-07-26 06:15:08
CONT2026007191,2026-07-18 17:47:11,2026-07-26 01:30:10
CONT2026007192,2026-07-15 18:22:14,
CONT2026007193,2026-07-16 04:17:07,2026-07-25 07:25:23
CONT2026007194,2026-07-14 00:02:39,2026-07-26 18:14:45
CONT2026007195,2026-07-13 22:31:41,2026-07-25 20:33:33
CONT2026007196,2026-07-15 07:44:32,2026-07-16 05:58:01
CONT2026007197,2026-07-16 07:21:35,2026-07-17 10:00:58
CONT2026007198,2026-07-17 15:34:25,
CONT2026007199,2026-07-22 03:15:37,2026-07-23 01:25:08
CONT2026007200,2026-07-21 23:27:32,
CONT2026007201,2026-07-19 14:23:13,2026-07-26 09:32:28
CONT2026007202,2026-07-18 04:40:45,2026-07-26 02:59:59
CONT2026007203,2026-07-12 23:26:48,2026-07-13 19:07:38
CONT2026007204,2026-07-15 13:20:41,2026-07-26 09:11:46
CONT2026007205,2026-07-17 15:57:30,2026-07-26 21:48:54
CONT2026007206,2026-07-15 00:50:07,
CONT2026007207,2026-07-18 02:32:56,
CONT2026007208,2026-07-21 16:39:12,
CONT2026007209,2026-07-23 09:51:57,2026-07-23 22:32:55
CONT2026007210,2026-07-15 21:55:08,2026-07-26 06:16:06
CONT2026007211,2026-07-19 18:27:04,2026-07-20 10:11:26
CONT2026007212,2026-07-23 03:19:48,2026-07-23 22:41:27
CONT2026007213,2026-07-19 11:27:40,
CONT2026007214,2026-07-18 05:35:31,2026-07-26 02:03:50
CONT2026007215,2026-07-16 06:15:44,2026-07-25 15:14:34
CONT2026007216,2026-07-13 16:10:19,2026-07-14 06:14:52
CONT2026007217,2026-07-22 16:45:48,
CONT2026007218,2026-07-15 08:49:35,2026-07-27 07:33:46
CONT2026007219,2026-07-16 06:39:23,
CONT2026007220,2026-07-13 12:27:52,2026-07-26 03:57:34
CONT2026007221,2026-07-17 00:54:16,2026-07-18 03:02:10
CONT2026007222,2026-07-18 19:40:58,2026-07-19 09:29:18
CONT2026007223,2026-07-21 05:34:16,2026-07-21 21:30:44
CONT2026007224,2026-07-23 00:20:23,2026-07-26 12:09:35
CONT2026007225,2026-07-21 14:14:33,2026-07-26 01:04:05
CONT2026007226,2026-07-19 17:23:24,2026-07-26 03:39:11
CONT2026007227,2026-07-18 10:24:06,2026-07-19 01:23:58
CONT2026007228,2026-07-16 04:42:04,2026-07-16 11:59:30
CONT2026007229,2026-07-21 05:57:51,2026-07-22 09:15:30
CONT2026007230,2026-07-23 22:05:51,2026-07-24 18:35:46
CONT2026007231,2026-07-23 13:38:25,
CONT2026007232,2026-07-21 00:05:25,2026-07-21 16:26:24
CONT2026007233,2026-07-17 02:15:04,2026-07-26 17:20:18
CONT2026007234,2026-07-19 13:50:59,
CONT2026007235,2026-07-19 19:56:07,2026-07-26 20:01:33
CONT2026007236,2026-07-18 20:58:08,
CONT2026007237,2026-07-16 02:34:08,2026-07-16 21:32:43
CONT2026007238,2026-07-19 15:40:00,2026-07-20 05:54:01
CONT2026007239,2026-07-19 09:44:40,2026-07-26 14:44:05
CONT2026007240,2026-07-18 03:36:26,2026-07-18 16:25:58
CONT2026007241,2026-07-15 03:50:56,2026-07-26 21:18:58
CONT2026007242,2026-07-17 00:34:29,2026-07-26 05:32:11
CONT2026007243,2026-07-14 10:36:36,2026-07-26 02:07:06
CONT2026007244,2026-07-19 10:04:03,2026-07-20 10:08:59
CONT2026007245,2026-07-16 04:15:33,2026-07-26 12:16:40
CONT2026007246,2026-07-16 10:15:20,
CONT2026007247,2026-07-15 03:31:05,2026-07-15 10:04:13
CONT2026007248,2026-07-20 16:41:41,2026-07-26 13:19:08
CONT2026007249,2026-07-13 10:01:19,
CONT2026007250,2026-07-19 17:16:07,2026-07-26 17:22:57
CONT2026007251,2026-07-15 10:17:49,2026-07-15 21:21:24
CONT2026007252,2026-07-16 07:31:46,
CONT2026007253,2026-07-14 20:03:14,2026-07-16 01:38:53
CONT2026007254,2026-07-20 00:17:05,2026-07-27 05:40:14
CONT2026007255,2026-07-14 16:10:59,2026-07-15 14:41:45
CONT2026007256,2026-07-19 06:37:03,2026-07-19 21:13:06
CONT2026007257,2026-07-20 19:41:34,2026-07-22 05:18:25
CONT2026007258,2026-07-22 13:13:42,2026-07-23 08:49:22
CONT2026007259,2026-07-13 14:17:44,2026-07-27 05:26:59
CONT2026007260,2026-07-22 15:54:52,2026-07-23 05:21:21
CONT2026007261,2026-07-17 08:09:25,2026-07-26 01:14:39
CONT2026007262,2026-07-23 14:32:15,2026-07-24 15:13:51
CONT2026007263,2026-07-23 03:57:21,2026-07-23 23:38:31
CONT2026007264,2026-07-18 05:42:18,2026-07-18 20:41:42
CONT2026007265,2026-07-16 02:53:38,2026-07-16 12:25:12
CONT2026007266,2026-07-17 06:56:17,2026-07-17 18:21:01
CONT2026007267,2026-07-21 12:08:28,2026-07-26 19:42:41
CONT2026007268,2026-07-13 16:10:39,2026-07-26 14:03:04
CONT2026007269,2026-07-15 11:52:19,
CONT2026007270,2026-07-15 16:26:28,2026-07-28 01:52:20
CONT2026007271,2026-07-20 01:10:07,
CONT2026007272,2026-07-18 18:57:32,2026-07-19 10:08:34
CONT2026007273,2026-07-21 23:23:43,2026-07-22 13:49:30
CONT2026007274,2026-07-21 00:17:54,2026-07-21 14:09:34
CONT2026007275,2026-07-17 17:33:38,
CONT2026007276,2026-07-16 22:31:43,2026-07-27 04:52:46
CONT2026007277,2026-07-14 18:30:43,2026-07-27 01:39:06
CONT2026007278,2026-07-14 11:23:43,
CONT2026007279,2026-07-19 20:04:36,2026-07-27 09:10:17
CONT2026007280,2026-07-13 15:10:07,2026-07-14 14:22:11
CONT2026007281,2026-07-14 21:49:03,2026-07-15 01:49:03
CONT2026007282,2026-07-20 21:24:29,2026-07-27 05:34:21
CONT2026007283,2026-07-22 18:10:46,2026-07-23 11:26:22
CONT2026007284,2026-07-22 06:34:39,2026-07-23 10:26:56
CONT2026007285,2026-07-13 13:40:12,2026-07-27 10:58:50
CONT2026007286,2026-07-16 13:14:34,
CONT2026007287,2026-07-20 14:14:30,2026-07-27 19:58:13
CONT2026007288,2026-07-16 03:37:50,2026-07-27 10:50:40
CONT2026007289,2026-07-18 00:00:47,
CONT2026007290,2026-07-15 00:12:05,2026-07-27 17:12:07
CONT2026007291,2026-07-24 10:46:36,2026-07-24 23:26:04
CONT2026007292,2026-07-19 19:18:46,2026-07-20 23:22:52
CONT2026007293,2026-07-21 22:48:59,2026-07-28 17:55:22
CONT2026007294,2026-07-15 22:28:13,2026-07-17 06:31:26
CONT2026007295,2026-07-16 15:05:41,2026-07-17 09:59:41
CONT2026007296,2026-07-23 01:46:21,2026-07-28 00:21:45
CONT2026007297,2026-07-25 06:07:40,2026-07-25 19:16:13
CONT2026007298,2026-07-16 22:59:35,2026-07-27 21:46:17
CONT2026007299,2026-07-23 06:56:33,2026-07-24 21:08:36
CONT2026007300,2026-07-15 00:58:56,2026-07-28 01:59:12
CONT2026007301,2026-07-16 02:38:34,2026-07-16 16:41:34
CONT2026007302,2026-07-16 05:17:02,
CONT2026007303,2026-07-21 10:12:39,
CONT2026007304,2026-07-17 05:21:51,2026-07-28 10:14:03
CONT2026007305,2026-07-19 06:00:52,2026-07-28 00:13:44
CONT2026007306,2026-07-21 05:34:36,2026-07-22 04:40:53
CONT2026007307,2026-07-17 07:24:00,2026-07-18 04:27:24
CONT2026007308,2026-07-17 00:05:39,
CONT2026007309,2026-07-24 00:53:04,
CONT2026007310,2026-07-18 14:26:01,2026-07-19 17:30:30
CONT2026007311,2026-07-23 09:14:20,2026-07-24 13:31:59
CONT2026007312,2026-07-19 07:47:28,2026-07-28 18:07:59
CONT2026007313,2026-07-19 02:07:57,2026-07-29 04:33:56
CONT2026007314,2026-07-15 21:39:27,2026-07-29 04:21:18
CONT2026007315,2026-07-19 23:12:08,2026-07-20 18:22:05
CONT2026007316,2026-07-15 23:42:23,2026-07-30 09:59:25
CONT2026007317,2026-07-21 13:49:49,2026-07-28 21:32:58
CONT2026007318,2026-07-24 00:00:29,2026-07-28 10:55:30
CONT2026007319,2026-07-19 17:33:12,2026-07-28 17:49:15
CONT2026007320,2026-07-17 18:53:28,2026-07-28 23:59:11
CONT2026007321,2026-07-25 20:50:12,2026-07-29 04:31:21
CONT2026007322,2026-07-16 04:27:15,2026-07-30 07:21:47
CONT2026007323,2026-07-16 16:03:33,2026-07-16 23:10:44
CONT2026007324,2026-07-22 01:27:57,2026-07-22 20:47:33
CONT2026007325,2026-07-18 02:58:11,2026-07-19 03:49:47
CONT2026007326,2026-07-24 11:50:34,2026-07-28 21:50:13
CONT2026007327,2026-07-22 22:37:50,2026-07-23 07:33:05
CONT2026007328,2026-07-22 19:09:00,2026-07-29 15:13:12
CONT2026007329,2026-07-22 03:16:54,2026-07-29 20:24:57
CONT2026007330,2026-07-26 04:50:14,2026-07-29 14:38:01
CONT2026007331,2026-07-16 18:04:13,
CONT2026007332,2026-07-21 20:37:30,2026-07-30 11:09:05
CONT2026007333,2026-07-15 16:20:46,2026-07-29 13:56:50
CONT2026007334,2026-07-18 04:57:15,2026-07-29 10:26:52
CONT2026007335,2026-07-22 06:17:47,2026-07-22 18:39:26
CONT2026007336,2026-07-16 17:51:34,2026-07-17 07:32:14
CONT2026007337,2026-07-22 20:03:48,2026-07-29 06:13:03
CONT2026007338,2026-07-22 02:01:24,2026-07-22 17:50:08
CONT2026007339,2026-07-25 12:14:07,
CONT2026007340,2026-07-18 21:41:57,2026-07-19 08:36:58
CONT2026007341,2026-07-23 05:34:48,2026-07-29 10:42:33
CONT2026007342,2026-07-26 04:51:41,2026-07-27 02:44:34
CONT2026007343,2026-07-28 20:38:15,2026-07-29 22:15:36
CONT2026007344,2026-07-29 06:26:42,2026-08-03 07:07:04
CONT2026007345,2026-07-22 13:39:07,2026-08-03 02:42:16
CONT2026007346,2026-07-22 16:34:21,2026-07-23 09:38:39
CONT2026007347,2026-07-21 20:16:29,2026-07-22 03:58:32
CONT2026007348,2026-07-24 16:14:29,2026-07-25 04:18:29
CONT2026007349,2026-07-28 01:19:33,2026-08-03 02:59:14
CONT2026007350,2026-07-25 23:37:29,2026-07-27 02:24:47
CONT2026007351,2026-07-26 12:11:22,
CONT2026007352,2026-07-22 15:02:03,2026-07-23 09:23:25
CONT2026007353,2026-07-28 01:10:33,
CONT2026007354,2026-07-28 15:12:14,2026-08-02 22:08:40
CONT2026007355,2026-07-29 03:56:02,2026-08-02 05:21:52
CONT2026007356,2026-07-30 19:26:31,2026-08-03 04:20:31
CONT2026007357,2026-07-24 03:15:14,
CONT2026007358,2026-07-31 05:20:08,2026-08-01 04:24:53
CONT2026007359,2026-07-26 21:47:35,2026-07-28 04:48:24
CONT2026007360,2026-07-25 13:51:52,2026-08-03 23:04:58
CONT2026007361,2026-07-26 12:34:32,
CONT2026007362,2026-07-23 02:19:56,2026-07-24 12:36:58
CONT2026007363,2026-07-31 00:02:49,
CONT2026007364,2026-07-25 00:56:34,2026-07-26 01:09:53
CONT2026007365,2026-07-24 20:17:04,2026-08-03 03:32:23
CONT2026007366,2026-07-21 04:44:14,
CONT2026007367,2026-07-29 22:18:02,2026-08-03 08:43:51
CONT2026007368,2026-07-24 03:14:07,2026-08-03 02:52:16
CONT2026007369,2026-07-29 05:11:46,2026-08-04 01:23:55
CONT2026007370,2026-07-25 08:43:21,
CONT2026007371,2026-07-30 03:59:18,2026-08-03 05:20:02
CONT2026007372,2026-07-26 23:14:22,2026-07-27 23:04:47
CONT2026007373,2026-07-20 18:14:29,2026-08-03 05:03:45
CONT2026007374,2026-07-24 06:23:24,2026-07-25 04:41:52
CONT2026007375,2026-07-27 19:01:53,2026-07-27 23:48:05
CONT2026007376,2026-07-31 01:48:58,2026-08-03 14:39:49
CONT2026007377,2026-07-25 21:26:20,2026-07-26 13:03:43
CONT2026007378,2026-07-30 23:14:56,2026-07-31 10:21:55
CONT2026007379,2026-07-30 13:45:48,
CONT2026007380,2026-07-22 10:44:04,2026-08-03 20:49:28
CONT2026007381,2026-07-30 05:22:20,2026-07-30 22:50:32
CONT2026007382,2026-07-28 21:53:28,2026-08-02 13:43:26
CONT2026007383,2026-07-23 07:43:07,
CONT2026007384,2026-07-21 16:43:54,2026-08-03 19:55:26
CONT2026007385,2026-07-29 05:57:06,2026-08-03 04:20:17
CONT2026007386,2026-07-31 14:32:46,2026-08-01 03:42:13
CONT2026007387,2026-07-25 13:34:50,
CONT2026007388,2026-07-23 19:27:49,2026-08-03 18:53:37
CONT2026007389,2026-07-24 18:55:26,2026-08-03 10:49:37
CONT2026007390,2026-07-26 14:46:09,2026-07-27 05:15:16
CONT2026007391,2026-07-23 19:09:56,2026-08-03 22:00:22
CONT2026007392,2026-07-27 22:46:35,2026-08-04 19:42:57
CONT2026007393,2026-07-29 09:34:18,2026-08-04 06:40:41
CONT2026007394,2026-07-31 16:01:01,2026-08-03 20:20:13
CONT2026007395,2026-07-26 14:26:08,2026-08-04 21:21:53
CONT2026007396,2026-07-22 17:08:26,2026-08-04 13:05:45
CONT2026007397,2026-07-21 22:40:49,2026-08-03 14:31:02
CONT2026007398,2026-07-21 22:29:13,2026-07-22 14:06:18
CONT2026007399,2026-07-31 02:13:36,2026-07-31 14:56:53
CONT2026007400,2026-07-26 18:51:47,2026-07-27 16:53:14
CONT2026007401,2026-07-27 17:35:10,2026-07-28 07:18:55
CONT2026007402,2026-07-25 00:40:02,2026-08-04 05:12:14
CONT2026007403,2026-07-29 09:42:03,2026-08-04 04:15:36
CONT2026007404,2026-07-21 22:25:43,2026-07-22 18:12:57
CONT2026007405,2026-07-29 17:43:28,2026-08-04 08:47:00
CONT2026007406,2026-07-22 20:57:15,2026-08-03 09:19:52
CONT2026007407,2026-07-24 12:16:30,2026-08-03 05:51:15
CONT2026007408,2026-07-30 00:53:28,2026-07-30 07:46:59
CONT2026007409,2026-07-21 10:26:55,2026-08-03 06:16:18
CONT2026007410,2026-07-26 11:47:17,2026-07-27 16:21:41
CONT2026007411,2026-08-01 09:44:15,
CONT2026007412,2026-07-23 18:57:05,2026-07-24 09:47:32
CONT2026007413,2026-07-25 20:32:13,2026-07-26 12:37:36
CONT2026007414,2026-07-25 17:23:36,2026-08-03 22:39:21
CONT2026007415,2026-08-01 01:13:16,2026-08-03 18:55:41
CONT2026007416,2026-07-24 02:36:09,2026-08-03 18:24:40
CONT2026007417,2026-07-23 07:44:11,2026-07-24 22:13:26
CONT2026007418,2026-07-28 04:18:48,2026-07-28 21:25:35
CONT2026007419,2026-07-27 21:22:00,2026-08-04 16:28:12
CONT2026007420,2026-07-30 23:02:38,
CONT2026007421,2026-07-29 00:14:22,2026-08-04 12:36:00
CONT2026007422,2026-07-27 21:56:33,2026-07-28 04:01:18
CONT2026007423,2026-07-27 00:42:29,2026-07-28 00:09:22
CONT2026007424,2026-07-28 13:15:28,2026-08-05 06:03:37
CONT2026007425,2026-07-24 12:59:14,2026-07-25 11:50:54
CONT2026007426,2026-07-30 22:20:04,2026-08-04 20:59:36
CONT2026007427,2026-07-29 02:26:28,2026-07-30 13:24:24
CONT2026007428,2026-07-25 16:51:30,2026-07-26 11:43:36
CONT2026007429,2026-07-26 21:35:38,2026-07-28 06:22:52
CONT2026007430,2026-07-26 06:41:19,2026-08-04 20:35:23
CONT2026007431,2026-07-24 02:48:59,2026-08-04 15:22:56
CONT2026007432,2026-07-25 04:00:18,2026-07-26 00:40:51
CONT2026007433,2026-07-22 07:50:37,2026-07-22 17:49:27
CONT2026007434,2026-07-26 11:43:50,2026-08-05 13:04:00
CONT2026007435,2026-07-27 19:02:53,2026-07-27 23:02:53
CONT2026007436,2026-07-30 08:46:54,2026-08-04 22:18:05
CONT2026007437,2026-07-25 22:48:34,2026-08-04 08:22:58
CONT2026007438,2026-07-25 20:58:20,2026-08-04 18:38:13
CONT2026007439,2026-07-26 14:36:44,
CONT2026007440,2026-07-28 04:29:01,2026-08-03 20:58:36
CONT2026007441,2026-07-29 06:43:23,2026-08-05 01:56:59
CONT2026007442,2026-07-22 07:14:33,2026-07-23 05:18:28
CONT2026007443,2026-07-29 22:45:20,2026-07-30 20:55:47
CONT2026007444,2026-07-22 11:16:55,
CONT2026007445,2026-07-27 02:43:42,2026-07-28 09:21:43
CONT2026007446,2026-07-28 17:16:57,
CONT2026007447,2026-08-01 02:54:41,
CONT2026007448,2026-08-02 01:40:36,2026-08-05 23:25:15
CONT2026007449,2026-07-24 16:27:21,2026-08-05 23:22:13
CONT2026007450,2026-07-31 13:29:42,2026-08-05 00:50:55
CONT2026007451,2026-08-01 10:58:51,2026-08-02 17:41:22
CONT2026007452,2026-07-31 10:44:52,2026-08-05 10:16:41
CONT2026007453,2026-07-25 13:55:11,2026-08-04 18:23:22
CONT2026007454,2026-07-24 00:57:12,
CONT2026007455,2026-07-27 06:56:07,2026-08-05 17:01:21
CONT2026007456,2026-07-27 14:33:39,2026-07-28 00:28:43
CONT2026007457,2026-07-27 03:43:37,2026-07-27 15:46:37
CONT2026007458,2026-07-23 08:23:07,2026-07-24 07:01:38
CONT2026007459,2026-08-01 07:17:20,2026-08-05 17:11:51
CONT2026007460,2026-07-23 12:51:51,
CONT2026007461,2026-07-28 12:37:46,2026-08-05 19:16:06
CONT2026007462,2026-07-28 12:38:06,
CONT2026007463,2026-07-27 14:50:13,2026-07-28 13:16:23
CONT2026007464,2026-07-27 00:51:32,2026-07-27 13:23:42
CONT2026007465,2026-07-29 04:50:01,
CONT2026007466,2026-07-31 17:25:52,2026-08-01 13:18:40
CONT2026007467,2026-07-23 20:21:38,2026-07-24 18:28:47
CONT2026007468,2026-07-28 05:14:15,2026-07-29 11:22:47
CONT2026007469,2026-07-31 13:44:51,2026-08-01 10:21:26
CONT2026007470,2026-07-25 16:22:21,2026-07-26 11:39:29
CONT2026007471,2026-07-24 11:38:16,2026-07-25 09:23:41
CONT2026007472,2026-07-28 20:12:51,
CONT2026007473,2026-07-31 10:25:02,2026-08-05 08:36:38
CONT2026007474,2026-07-27 22:01:01,2026-08-05 19:54:32
CONT2026007475,2026-07-23 15:37:52,2026-08-05 23:19:44
CONT2026007476,2026-07-24 04:53:13,2026-08-05 13:28:06
CONT2026007477,2026-07-26 16:20:22,2026-08-05 18:31:40
CONT2026007478,2026-07-27 19:13:25,2026-08-06 17:47:37
CONT2026007479,2026-07-23 03:31:42,2026-07-23 19:01:51
CONT2026007480,2026-07-29 10:42:32,
CONT2026007481,2026-07-29 07:45:19,2026-08-06 10:47:42
CONT2026007482,2026-07-24 09:36:04,2026-07-25 07:45:40
CONT2026007483,2026-07-30 12:11:44,2026-08-05 15:50:17
CONT2026007484,2026-07-26 23:33:42,2026-08-05 19:05:14
CONT2026007485,2026-07-30 06:05:43,2026-07-31 08:25:35
CONT2026007486,2026-07-31 07:28:41,
CONT2026007487,2026-07-24 18:02:11,2026-07-25 21:02:59
CONT2026007488,2026-08-02 06:40:41,2026-08-03 05:58:11
CONT2026007489,2026-07-27 04:16:24,2026-08-06 00:16:48
CONT2026007490,2026-07-29 07:22:16,2026-07-30 11:22:40
CONT2026007491,2026-07-27 04:44:39,2026-07-27 22:41:41
CONT2026007492,2026-07-24 07:29:08,2026-07-25 02:44:42
CONT2026007493,2026-07-29 03:47:39,2026-07-29 21:45:06
CONT2026007494,2026-08-02 18:25:16,2026-08-03 02:10:04
CONT2026007495,2026-07-27 23:06:46,2026-07-28 15:53:18
CONT2026007496,2026-07-26 17:18:47,2026-07-27 02:12:59
CONT2026007497,2026-07-28 21:28:43,2026-07-29 16:04:41
CONT2026007498,2026-07-23 09:34:29,
CONT2026007499,2026-07-26 21:45:13,2026-08-05 08:15:02
CONT2026007500,2026-07-29 22:50:48,
CONT2026007501,2026-07-24 15:06:19,2026-08-05 20:50:11
CONT2026007502,2026-07-23 18:10:27,2026-07-24 00:21:32
CONT2026007503,2026-08-01 12:19:06,
CONT2026007504,2026-07-24 04:57:15,
CONT2026007505,2026-07-24 08:48:16,
CONT2026007506,2026-07-25 16:10:01,
CONT2026007507,2026-07-27 16:48:20,2026-07-28 18:23:30
CONT2026007508,2026-07-26 04:16:42,2026-07-26 18:30:14
CONT2026007509,2026-07-26 03:24:19,2026-08-06 21:38:49
CONT2026007510,2026-07-31 13:03:30,
CONT2026007511,2026-07-24 00:21:00,
CONT2026007512,2026-08-02 00:39:24,2026-08-06 01:44:22
CONT2026007513,2026-07-27 09:27:02,2026-08-06 08:09:41
CONT2026007514,2026-07-28 10:27:04,2026-07-29 04:50:43
CONT2026007515,2026-07-28 06:47:14,2026-08-06 18:14:13
CONT2026007516,2026-07-31 20:22:47,
CONT2026007517,2026-07-28 19:53:53,2026-08-06 17:25:37
CONT2026007518,2026-07-30 02:48:06,
CONT2026007519,2026-08-02 03:18:46,2026-08-02 22:06:30
CONT2026007520,2026-07-30 12:39:26,
CONT2026007521,2026-07-25 18:02:14,2026-08-07 02:35:51
CONT2026007522,2026-08-04 02:39:41,2026-08-04 22:11:07
CONT2026007523,2026-08-04 07:57:05,2026-08-05 04:03:49
CONT2026007524,2026-07-25 18:11:34,2026-08-07 16:06:26
CONT2026007525,2026-07-30 22:30:50,2026-08-06 21:26:53
CONT2026007526,2026-08-01 08:31:30,
CONT2026007527,2026-07-28 01:47:21,2026-07-29 11:19:21
CONT2026007528,2026-08-02 10:08:05,2026-08-02 16:59:30
CONT2026007529,2026-07-31 05:18:11,2026-07-31 20:14:05
CONT2026007530,2026-07-26 06:18:03,2026-08-07 07:10:13
CONT2026007531,2026-08-01 23:01:33,2026-08-07 16:33:00
CONT2026007532,2026-07-27 18:12:42,2026-07-28 01:32:57
CONT2026007533,2026-07-26 18:25:31,2026-07-27 16:28:01
CONT2026007534,2026-07-29 13:44:36,2026-08-08 10:00:22
CONT2026007535,2026-08-02 21:05:08,
CONT2026007536,2026-08-03 23:46:06,
CONT2026007537,2026-07-28 14:59:57,
CONT2026007538,2026-08-03 06:00:32,2026-08-07 15:19:00
CONT2026007539,2026-07-28 10:21:49,
CONT2026007540,2026-07-31 21:50:08,
CONT2026007541,2026-07-27 07:38:44,2026-08-08 04:10:23
CONT2026007542,2026-08-02 23:53:14,2026-08-03 11:12:39
CONT2026007543,2026-07-29 13:49:10,2026-07-29 23:04:07
CONT2026007544,2026-07-30 18:42:49,2026-07-31 02:38:46
CONT2026007545,2026-08-01 10:09:09,2026-08-02 16:38:54
CONT2026007546,2026-07-29 19:44:17,
CONT2026007547,2026-08-04 20:23:46,2026-08-07 19:04:06
CONT2026007548,2026-07-25 20:13:09,
CONT2026007549,2026-08-02 11:51:20,
CONT2026007550,2026-08-03 02:12:12,2026-08-09 02:38:06
CONT2026007551,2026-07-30 01:50:17,2026-07-30 22:16:50
CONT2026007552,2026-07-31 02:51:45,2026-08-07 18:41:59
CONT2026007553,2026-07-27 04:39:14,
CONT2026007554,2026-07-28 18:44:36,2026-07-29 20:41:04
CONT2026007555,2026-07-27 07:49:28,2026-07-27 23:49:56
CONT2026007556,2026-07-29 05:23:04,2026-07-29 23:32:07
CONT2026007557,2026-08-01 00:06:33,2026-08-08 13:35:55
CONT2026007558,2026-07-28 04:10:03,2026-07-28 17:12:45
CONT2026007559,2026-07-30 06:21:52,2026-08-07 16:23:37
CONT2026007560,2026-08-02 12:33:12,2026-08-08 12:16:04
CONT2026007561,2026-08-02 03:11:55,2026-08-08 15:53:06
CONT2026007562,2026-08-04 19:32:12,2026-08-05 06:26:37
CONT2026007563,2026-08-02 02:39:37,
CONT2026007564,2026-07-29 14:58:10,2026-08-09 01:54:16
CONT2026007565,2026-07-29 04:07:28,2026-08-08 19:13:28
CONT2026007566,2026-07-30 18:59:25,2026-08-07 22:49:53
CONT2026007567,2026-07-27 00:25:44,
CONT2026007568,2026-07-28 00:24:35,2026-07-28 17:32:30
CONT2026007569,2026-07-28 02:05:25,2026-07-29 01:45:05
CONT2026007570,2026-08-05 01:55:21,2026-08-05 18:31:36
CONT2026007571,2026-08-02 12:51:56,2026-08-07 22:20:23
CONT2026007572,2026-07-29 10:02:00,2026-08-08 03:57:44
CONT2026007573,2026-08-02 15:24:31,2026-08-03 18:56:41
CONT2026007574,2026-07-31 20:42:28,2026-08-07 18:15:14
CONT2026007575,2026-07-29 19:24:43,2026-08-08 02:40:51
CONT2026007576,2026-08-01 00:07:01,2026-08-08 15:19:41
CONT2026007577,2026-07-31 09:30:07,2026-08-08 07:23:02
CONT2026007578,2026-07-30 04:06:49,2026-08-09 15:01:12
CONT2026007579,2026-08-05 20:28:00,2026-08-08 09:53:16
CONT2026007580,2026-08-03 18:10:46,2026-08-08 23:17:08
CONT2026007581,2026-08-05 10:13:41,
CONT2026007582,2026-08-04 06:23:52,2026-08-08 14:37:36
CONT2026007583,2026-07-26 16:22:21,2026-08-09 03:51:49
CONT2026007584,2026-08-02 12:01:00,2026-08-03 05:36:48
CONT2026007585,2026-07-31 13:29:03,2026-08-01 12:45:31
CONT2026007586,2026-08-03 21:30:28,
CONT2026007587,2026-07-30 10:11:31,
CONT2026007588,2026-08-01 07:44:48,2026-08-09 14:23:20
CONT2026007589,2026-07-30 13:42:23,2026-08-08 22:46:31
CONT2026007590,2026-07-27 13:36:49,2026-08-09 06:43:34
CONT2026007591,2026-07-26 23:27:49,2026-07-27 20:59:42
CONT2026007592,2026-08-01 12:28:11,
CONT2026007593,2026-08-02 03:42:44,2026-08-09 13:39:39
CONT2026007594,2026-08-06 14:38:08,2026-08-10 00:28:40
CONT2026007595,2026-08-05 01:44:39,2026-08-09 18:38:04
CONT2026007596,2026-08-01 16:27:44,2026-08-09 05:37:01
CONT2026007597,2026-07-29 16:05:41,
CONT2026007598,2026-08-05 17:46:38,2026-08-07 00:09:58
CONT2026007599,2026-07-29 10:14:15,2026-08-09 06:25:54
CONT2026007600,2026-07-31 04:34:50,2026-08-09 02:11:20
CONT2026007601,2026-08-03 11:39:35,2026-08-09 09:50:28
CONT2026007602,2026-08-05 10:21:56,2026-08-09 13:40:51
CONT2026007603,2026-07-29 09:32:40,2026-08-09 06:37:09
CONT2026007604,2026-08-03 09:48:21,2026-08-09 04:27:02
CONT2026007605,2026-07-28 17:30:46,2026-07-29 16:27:31
CONT2026007606,2026-07-30 06:46:35,2026-07-31 07:18:43
CONT2026007607,2026-07-31 23:36:36,2026-08-09 09:38:44
CONT2026007608,2026-07-29 18:05:37,2026-07-31 08:33:44
CONT2026007609,2026-08-05 04:14:15,2026-08-09 15:33:38
CONT2026007610,2026-07-29 06:09:13,2026-07-29 10:09:13
CONT2026007611,2026-08-01 03:41:56,2026-08-10 07:34:33
CONT2026007612,2026-08-02 16:11:58,2026-08-03 22:06:08
CONT2026007613,2026-08-01 11:48:30,2026-08-02 08:12:44
CONT2026007614,2026-07-29 02:05:45,2026-08-09 23:15:09
CONT2026007615,2026-08-06 07:59:22,2026-08-10 20:12:37
CONT2026007616,2026-08-02 20:28:13,
CONT2026007617,2026-08-03 19:56:32,2026-08-04 21:35:22
CONT2026007618,2026-08-06 15:08:27,2026-08-09 23:48:23
CONT2026007619,2026-07-29 20:04:43,2026-07-30 18:43:05
CONT2026007620,2026-07-28 13:32:51,2026-07-29 08:53:37
CONT2026007621,2026-08-01 22:20:55,2026-08-09 20:03:14
CONT2026007622,2026-07-29 22:49:25,2026-07-30 09:22:49
CONT2026007623,2026-07-30 08:57:55,2026-08-10 02:40:27
CONT2026007624,2026-07-27 21:28:01,2026-07-29 01:00:06
CONT2026007625,2026-08-06 01:25:32,2026-08-10 11:39:09
CONT2026007626,2026-07-31 07:18:04,2026-08-01 05:59:21
CONT2026007627,2026-08-08 19:06:48,
CONT2026007628,2026-08-07 12:17:55,2026-08-08 00:29:07
CONT2026007629,2026-08-03 03:17:43,2026-08-03 22:57:04
CONT2026007630,2026-08-05 09:47:19,2026-08-06 03:43:37
CONT2026007631,2026-08-01 22:48:18,2026-08-11 17:51:52
CONT2026007632,2026-08-03 13:06:35,
CONT2026007633,2026-08-04 08:49:58,2026-08-11 23:17:37
CONT2026007634,2026-07-29 11:34:21,2026-07-30 02:49:42
CONT2026007635,2026-07-31 11:08:17,
CONT2026007636,2026-08-03 10:04:16,
CONT2026007637,2026-08-05 20:08:12,2026-08-06 23:54:56
CONT2026007638,2026-08-01 23:37:25,2026-08-11 20:27:10
CONT2026007639,2026-08-08 00:06:50,2026-08-11 22:55:21
CONT2026007640,2026-08-07 01:19:58,2026-08-07 21:47:44
CONT2026007641,2026-08-07 13:43:39,2026-08-08 06:36:28
CONT2026007642,2026-08-03 01:08:03,2026-08-15 18:34:08
CONT2026007643,2026-08-09 20:41:49,2026-08-14 17:45:20
CONT2026007644,2026-08-05 16:11:27,2026-08-06 03:56:06
CONT2026007645,2026-08-05 14:09:45,2026-08-06 19:22:40
CONT2026007646,2026-08-04 18:19:43,2026-08-14 15:04:10
CONT2026007647,2026-08-05 22:28:38,2026-08-15 09:06:53
CONT2026007648,2026-08-06 19:30:42,2026-08-07 19:08:16
CONT2026007649,2026-08-07 22:33:45,2026-08-15 04:09:06
CONT2026007650,2026-08-11 18:11:02,2026-08-14 23:42:14
CONT2026007651,2026-08-07 12:24:22,2026-08-15 03:45:30
CONT2026007652,2026-08-08 08:17:47,2026-08-08 20:45:37
CONT2026007653,2026-08-05 00:34:06,2026-08-05 18:31:25
CONT2026007654,2026-08-06 18:46:07,2026-08-14 16:27:34
CONT2026007655,2026-08-02 00:09:36,2026-08-02 10:55:42
CONT2026007656,2026-08-11 22:03:18,2026-08-14 04:28:27
CONT2026007657,2026-08-10 06:54:04,
CONT2026007658,2026-08-11 03:14:02,
CONT2026007659,2026-08-08 04:32:41,2026-08-09 15:59:38
CONT2026007660,2026-08-11 06:04:46,2026-08-15 04:13:31
CONT2026007661,2026-08-11 10:11:57,2026-08-15 19:40:33
CONT2026007662,2026-08-01 22:51:13,2026-08-15 16:19:51
CONT2026007663,2026-08-02 12:38:01,2026-08-04 03:03:00
CONT2026007664,2026-08-02 16:31:51,2026-08-03 22:13:04
CONT2026007665,2026-08-06 21:58:55,2026-08-07 01:58:55
CONT2026007666,2026-08-10 05:18:35,2026-08-10 22:16:07
CONT2026007667,2026-08-08 12:27:42,2026-08-16 12:30:08
CONT2026007668,2026-08-12 12:40:55,2026-08-12 16:40:55
CONT2026007669,2026-08-06 04:51:08,2026-08-07 17:04:40
CONT2026007670,2026-08-11 22:11:16,
CONT2026007671,2026-08-04 17:00:48,2026-08-05 18:45:01
CONT2026007672,2026-08-08 08:52:19,2026-08-16 06:47:43
CONT2026007673,2026-08-04 22:48:01,2026-08-05 21:46:56
CONT2026007674,2026-08-09 04:42:39,2026-08-10 04:43:30
CONT2026007675,2026-08-10 20:19:09,2026-08-11 21:11:20
CONT2026007676,2026-08-10 16:09:20,2026-08-15 23:03:59
CONT2026007677,2026-08-10 14:05:06,2026-08-17 11:12:00
CONT2026007678,2026-08-05 13:58:31,2026-08-17 02:29:25
CONT2026007679,2026-08-12 01:53:55,2026-08-15 23:24:43
CONT2026007680,2026-08-05 10:29:15,2026-08-16 05:03:00
CONT2026007681,2026-08-04 11:34:29,2026-08-05 11:19:12
CONT2026007682,2026-08-13 19:18:17,2026-08-14 16:44:24
CONT2026007683,2026-08-11 16:44:38,2026-08-12 13:19:52
CONT2026007684,2026-08-07 00:18:15,
CONT2026007685,2026-08-11 15:42:02,
CONT2026007686,2026-08-07 00:38:44,
CONT2026007687,2026-08-03 06:38:44,
CONT2026007688,2026-08-09 12:37:44,
CONT2026007689,2026-08-06 09:51:02,2026-08-07 04:37:25
CONT2026007690,2026-08-13 09:21:26,2026-08-17 05:32:58
CONT2026007691,2026-08-13 08:53:34,2026-08-16 04:43:05
CONT2026007692,2026-08-06 15:14:34,
CONT2026007693,2026-08-11 04:28:34,
CONT2026007694,2026-08-08 12:39:50,2026-08-09 17:51:51
CONT2026007695,2026-08-12 10:37:05,2026-08-13 03:47:54
CONT2026007696,2026-08-05 03:22:47,2026-08-05 23:39:46
CONT2026007697,2026-08-13 23:44:00,2026-08-15 05:53:52
CONT2026007698,2026-08-09 09:41:54,2026-08-17 21:04:49
CONT2026007699,2026-08-05 05:17:05,2026-08-16 12:50:10
CONT2026007700,2026-08-04 14:13:56,2026-08-16 08:24:46
CONT2026007701,2026-08-10 11:28:44,2026-08-16 22:19:31
CONT2026007702,2026-08-08 16:24:31,
CONT2026007703,2026-08-14 08:14:41,2026-08-16 09:18:17
CONT2026007704,2026-08-04 05:00:02,2026-08-05 07:10:20
CONT2026007705,2026-08-06 22:54:04,2026-08-18 03:27:23
CONT2026007706,2026-08-03 23:10:48,2026-08-17 06:35:31
CONT2026007707,2026-08-12 00:15:11,2026-08-13 03:29:50
CONT2026007708,2026-08-04 21:22:05,2026-08-17 05:58:30
CONT2026007709,2026-08-13 21:11:08,2026-08-17 12:11:02
CONT2026007710,2026-08-11 06:08:08,2026-08-16 04:53:12
CONT2026007711,2026-08-13 18:00:51,
CONT2026007712,2026-08-12 21:42:09,2026-08-16 19:57:30
CONT2026007713,2026-08-13 00:08:26,2026-08-13 09:00:19
CONT2026007714,2026-08-06 17:44:00,2026-08-07 08:49:47
CONT2026007715,2026-08-07 13:45:28,2026-08-16 18:04:20
CONT2026007716,2026-08-05 22:26:49,2026-08-06 08:12:50
CONT2026007717,2026-08-07 13:18:14,2026-08-16 18:06:33
CONT2026007718,2026-08-11 22:33:09,2026-08-16 10:53:22
CONT2026007719,2026-08-06 07:41:08,
CONT2026007720,2026-08-12 13:23:53,
CONT2026007721,2026-08-09 12:49:03,2026-08-17 03:52:10
CONT2026007722,2026-08-12 06:46:20,2026-08-12 18:47:51
CONT2026007723,2026-08-07 10:26:17,2026-08-08 05:01:38
CONT2026007724,2026-08-04 06:44:17,2026-08-17 00:50:08
CONT2026007725,2026-08-04 23:25:41,2026-08-06 02:27:18
CONT2026007726,2026-08-12 07:09:14,2026-08-17 22:26:08
CONT2026007727,2026-08-04 21:11:18,2026-08-17 05:38:08
CONT2026007728,2026-08-06 20:13:44,2026-08-07 07:58:33
CONT2026007729,2026-08-07 17:37:12,2026-08-08 09:18:17
CONT2026007730,2026-08-12 10:36:18,2026-08-13 05:54:37
CONT2026007731,2026-08-09 00:24:43,2026-08-10 02:28:14
CONT2026007732,2026-08-12 07:14:37,2026-08-17 00:15:28
CONT2026007733,2026-08-13 01:35:46,2026-08-17 14:54:29
CONT2026007734,2026-08-12 05:39:57,2026-08-13 05:06:32
CONT2026007735,2026-08-13 18:34:11,2026-08-17 05:37:19
CONT2026007736,2026-08-12 09:35:57,2026-08-17 17:52:16
CONT2026007737,2026-08-04 19:31:08,2026-08-05 01:16:10
CONT2026007738,2026-08-07 10:37:22,2026-08-18 00:13:30
CONT2026007739,2026-08-05 01:25:45,
CONT2026007740,2026-08-09 23:16:42,
CONT2026007741,2026-08-03 20:46:52,2026-08-18 07:51:00
CONT2026007742,2026-08-06 02:00:04,2026-08-17 10:10:44
CONT2026007743,2026-08-09 04:52:57,2026-08-10 01:34:16
CONT2026007744,2026-08-13 07:18:07,2026-08-17 15:00:30
CONT2026007745,2026-08-05 13:57:07,2026-08-17 23:27:43
CONT2026007746,2026-08-14 20:39:45,2026-08-15 12:44:17
CONT2026007747,2026-08-10 16:17:24,2026-08-17 23:04:52
CONT2026007748,2026-08-05 12:07:24,
CONT2026007749,2026-08-11 23:47:55,2026-08-12 22:19:58
CONT2026007750,2026-08-07 15:22:42,2026-08-17 05:30:07
CONT2026007751,2026-08-08 11:51:38,2026-08-08 15:51:38
CONT2026007752,2026-08-07 03:06:04,2026-08-17 21:29:24
CONT2026007753,2026-08-09 08:42:25,2026-08-17 17:27:10
CONT2026007754,2026-08-10 14:10:20,2026-08-17 18:54:57
CONT2026007755,2026-08-06 02:26:17,2026-08-17 13:13:45
CONT2026007756,2026-08-07 13:40:07,2026-08-17 05:21:18
CONT2026007757,2026-08-04 19:04:29,2026-08-05 13:48:09
CONT2026007758,2026-08-15 01:32:16,2026-08-15 22:48:22
CONT2026007759,2026-08-11 02:06:51,2026-08-11 18:07:12
CONT2026007760,2026-08-10 23:55:13,2026-08-11 22:45:23
CONT2026007761,2026-08-10 05:12:33,2026-08-17 20:35:55
CONT2026007762,2026-08-10 19:54:16,2026-08-17 17:45:01
CONT2026007763,2026-08-11 22:44:01,2026-08-12 21:34:18
CONT2026007764,2026-08-10 16:08:33,2026-08-18 00:51:18
CONT2026007765,2026-08-15 03:18:16,2026-08-15 21:01:42
CONT2026007766,2026-08-08 08:34:22,
CONT2026007767,2026-08-08 08:42:22,2026-08-17 16:14:46
CONT2026007768,2026-08-07 20:19:44,2026-08-09 10:33:48
CONT2026007769,2026-08-11 06:25:32,2026-08-11 20:25:56
CONT2026007770,2026-08-08 20:22:54,
CONT2026007771,2026-08-13 04:18:51,2026-08-13 15:52:48
CONT2026007772,2026-08-08 07:41:46,2026-08-17 22:11:26
CONT2026007773,2026-08-12 05:45:19,2026-08-18 13:22:44
CONT2026007774,2026-08-05 07:01:45,2026-08-06 13:17:22
CONT2026007775,2026-08-09 06:44:16,2026-08-18 07:09:37
CONT2026007776,2026-08-12 11:10:17,2026-08-13 08:49:57
CONT2026007777,2026-08-13 04:51:01,
CONT2026007778,2026-08-08 06:59:09,2026-08-09 10:12:07
CONT2026007779,2026-08-05 18:29:35,2026-08-19 01:02:05
CONT2026007780,2026-08-13 03:28:56,2026-08-13 19:21:27
CONT2026007781,2026-08-06 09:17:11,2026-08-07 06:25:42
CONT2026007782,2026-08-12 16:13:20,2026-08-19 16:47:17
CONT2026007783,2026-08-07 21:34:24,
CONT2026007784,2026-08-06 02:21:45,2026-08-20 14:25:32
CONT2026007785,2026-08-07 11:09:40,2026-08-08 11:27:16
CONT2026007786,2026-08-12 03:11:29,
CONT2026007787,2026-08-06 15:41:51,2026-08-07 20:22:00
CONT2026007788,2026-08-14 19:49:12,2026-08-15 06:52:40
CONT2026007789,2026-08-15 12:01:04,2026-08-20 11:16:50
CONT2026007790,2026-08-16 02:30:54,2026-08-17 02:53:44
CONT2026007791,2026-08-13 13:46:00,2026-08-14 19:48:56
CONT2026007792,2026-08-08 04:40:55,2026-08-20 16:44:55
CONT2026007793,2026-08-06 23:04:03,2026-08-20 07:15:15
CONT2026007794,2026-08-08 11:47:23,2026-08-09 18:53:45
CONT2026007795,2026-08-14 04:34:16,
CONT2026007796,2026-08-17 09:42:40,
CONT2026007797,2026-08-07 22:25:35,2026-08-20 07:10:55
CONT2026007798,2026-08-12 00:51:20,2026-08-20 05:57:54
CONT2026007799,2026-08-06 20:19:34,2026-08-20 19:50:47
CONT2026007800,2026-08-12 10:44:55,2026-08-19 21:12:46
CONT2026007801,2026-08-11 23:37:07,2026-08-20 18:09:39
CONT2026007802,2026-08-14 07:15:02,2026-08-20 06:14:06
CONT2026007803,2026-08-16 11:13:02,
CONT2026007804,2026-08-17 02:00:29,2026-08-20 00:35:02
CONT2026007805,2026-08-12 07:14:49,2026-08-20 14:37:11
CONT2026007806,2026-08-14 10:42:48,2026-08-20 14:00:47
CONT2026007807,2026-08-09 23:45:50,2026-08-21 01:43:32
CONT2026007808,2026-08-15 15:59:28,2026-08-20 19:28:11
CONT2026007809,2026-08-14 08:12:13,2026-08-20 09:17:41
CONT2026007810,2026-08-09 23:03:24,2026-08-20 02:14:11
CONT2026007811,2026-08-07 22:57:25,
CONT2026007812,2026-08-13 03:07:14,2026-08-21 01:55:24
CONT2026007813,2026-08-15 07:17:41,
CONT2026007814,2026-08-11 01:16:50,2026-08-20 21:03:03
CONT2026007815,2026-08-14 12:33:57,2026-08-15 07:56:33
CONT2026007816,2026-08-07 09:04:13,2026-08-08 05:56:28
CONT2026007817,2026-08-09 16:47:13,2026-08-20 06:20:19
CONT2026007818,2026-08-09 10:47:40,2026-08-10 13:05:33
CONT2026007819,2026-08-16 09:25:50,2026-08-16 22:55:54
CONT2026007820,2026-08-15 02:41:53,2026-08-20 06:49:39
CONT2026007821,2026-08-10 08:28:41,2026-08-20 08:49:17
CONT2026007822,2026-08-16 15:39:45,2026-08-21 00:39:59
CONT2026007823,2026-08-13 01:14:58,2026-08-14 01:52:15
CONT2026007824,2026-08-10 09:52:17,2026-08-11 04:17:15
CONT2026007825,2026-08-09 11:05:00,2026-08-10 15:25:34
CONT2026007826,2026-08-13 03:11:39,2026-08-20 11:34:38
CONT2026007827,2026-08-16 12:01:28,2026-08-17 11:49:26
CONT2026007828,2026-08-10 12:55:36,2026-08-20 20:09:22
CONT2026007829,2026-08-11 23:13:25,
CONT2026007830,2026-08-15 01:16:57,2026-08-20 06:20:35
CONT2026007831,2026-08-11 09:29:48,2026-08-11 14:02:54
CONT2026007832,2026-08-15 15:27:18,2026-08-21 00:47:58
CONT2026007833,2026-08-06 15:36:48,2026-08-07 11:15:43
CONT2026007834,2026-08-12 06:26:46,2026-08-20 23:37:37
CONT2026007835,2026-08-12 00:14:41,2026-08-12 20:27:10
CONT2026007836,2026-08-13 12:54:19,2026-08-19 17:38:28
CONT2026007837,2026-08-08 13:36:26,2026-08-21 03:58:41
CONT2026007838,2026-08-10 16:48:42,2026-08-19 18:13:23
CONT2026007839,2026-08-08 13:52:44,
CONT2026007840,2026-08-09 15:37:48,2026-08-21 00:26:08
CONT2026007841,2026-08-15 18:48:35,
CONT2026007842,2026-08-16 03:14:11,2026-08-17 06:43:28
CONT2026007843,2026-08-09 04:31:28,
CONT2026007844,2026-08-13 18:46:49,2026-08-21 01:30:29
CONT2026007845,2026-08-08 18:35:38,2026-08-09 11:40:32
CONT2026007846,2026-08-07 20:11:39,2026-08-21 03:57:50
CONT2026007847,2026-08-08 14:44:42,2026-08-20 15:52:30
CONT2026007848,2026-08-17 03:32:42,2026-08-20 05:09:53
CONT2026007849,2026-08-13 02:52:24,2026-08-21 03:43:16
CONT2026007850,2026-08-17 03:44:52,
CONT2026007851,2026-08-15 10:24:40,2026-08-19 22:31:14
CONT2026007852,2026-08-09 02:27:59,
CONT2026007853,2026-08-16 13:15:21,2026-08-17 09:35:08
CONT2026007854,2026-08-09 19:44:27,
CONT2026007855,2026-08-08 06:45:24,2026-08-08 23:45:43
CONT2026007856,2026-08-08 01:29:44,
CONT2026007857,2026-08-08 00:02:39,2026-08-20 20:37:39
CONT2026007858,2026-08-08 11:36:39,2026-08-09 07:02:26
CONT2026007859,2026-08-17 13:25:21,2026-08-20 17:39:48
CONT2026007860,2026-08-08 15:56:02,2026-08-20 23:20:45
CONT2026007861,2026-08-16 18:29:38,2026-08-21 07:01:31
CONT2026007862,2026-08-15 18:13:27,
CONT2026007863,2026-08-09 08:36:51,2026-08-22 01:08:58
CONT2026007864,2026-08-14 02:14:44,2026-08-14 15:34:20
CONT2026007865,2026-08-10 21:46:56,
CONT2026007866,2026-08-16 19:15:22,2026-08-21 12:28:37
CONT2026007867,2026-08-08 03:12:40,2026-08-21 01:33:59
CONT2026007868,2026-08-15 18:31:47,2026-08-20 21:01:52
CONT2026007869,2026-08-10 14:51:54,2026-08-21 18:39:23
CONT2026007870,2026-08-13 03:03:27,2026-08-13 19:54:26
CONT2026007871,2026-08-11 16:23:33,2026-08-12 00:03:20
CONT2026007872,2026-08-13 03:47:10,2026-08-14 10:13:02
CONT2026007873,2026-08-16 11:13:35,2026-08-22 12:26:31
CONT2026007874,2026-08-16 10:14:15,2026-08-22 10:49:21
CONT2026007875,2026-08-16 18:16:08,2026-08-17 13:03:52
CONT2026007876,2026-08-12 04:00:18,2026-08-22 22:49:07
CONT2026007877,2026-08-11 23:33:36,
CONT2026007878,2026-08-14 08:00:00,2026-08-14 21:43:21
CONT2026007879,2026-08-14 08:42:30,2026-08-22 23:20:42
CONT2026007880,2026-08-15 03:50:41,2026-08-22 02:06:59
CONT2026007881,2026-08-17 22:18:00,2026-08-22 23:48:23
CONT2026007882,2026-08-18 04:24:59,
CONT2026007883,2026-08-10 09:07:01,2026-08-11 00:41:51
CONT2026007884,2026-08-17 05:57:41,2026-08-22 16:21:07
CONT2026007885,2026-08-17 12:57:42,
CONT2026007886,2026-08-11 17:38:53,2026-08-12 13:29:23
CONT2026007887,2026-08-17 17:49:54,2026-08-22 11:12:03
CONT2026007888,2026-08-12 01:24:09,2026-08-21 18:41:58
CONT2026007889,2026-08-18 15:46:27,2026-08-19 10:09:04
CONT2026007890,2026-08-20 18:33:48,
CONT2026007891,2026-08-11 03:52:21,
CONT2026007892,2026-08-11 17:32:57,2026-08-12 05:54:41
CONT2026007893,2026-08-11 00:25:25,2026-08-12 00:09:34
CONT2026007894,2026-08-14 11:15:55,
CONT2026007895,2026-08-10 01:56:03,2026-08-10 13:41:37
CONT2026007896,2026-08-12 19:10:57,2026-08-13 05:27:26
CONT2026007897,2026-08-13 13:06:59,2026-08-23 00:53:20
CONT2026007898,2026-08-13 01:48:36,2026-08-23 15:26:08
CONT2026007899,2026-08-19 11:02:37,
CONT2026007900,2026-08-10 04:33:37,2026-08-24 04:31:35
CONT2026007901,2026-08-11 00:24:43,
CONT2026007902,2026-08-20 20:21:04,2026-08-21 22:20:42
CONT2026007903,2026-08-10 17:29:43,2026-08-11 05:51:51
CONT2026007904,2026-08-11 06:15:45,2026-08-24 20:52:48
CONT2026007905,2026-08-17 12:18:09,2026-08-18 00:06:31
CONT2026007906,2026-08-17 23:33:40,
CONT2026007907,2026-08-17 22:07:01,
CONT2026007908,2026-08-13 15:26:11,2026-08-14 03:07:55
CONT2026007909,2026-08-13 11:24:20,
CONT2026007910,2026-08-20 21:00:13,
CONT2026007911,2026-08-14 10:54:21,2026-08-15 06:08:52
CONT2026007912,2026-08-18 00:24:10,
CONT2026007913,2026-08-14 02:29:49,2026-08-24 14:02:35
CONT2026007914,2026-08-13 15:39:50,2026-08-14 15:43:51
CONT2026007915,2026-08-12 14:31:12,2026-08-13 10:07:20
CONT2026007916,2026-08-11 03:25:32,2026-08-12 10:44:00
CONT2026007917,2026-08-15 22:42:36,2026-08-25 13:37:27
CONT2026007918,2026-08-11 16:17:03,2026-08-12 01:39:05
CONT2026007919,2026-08-12 02:35:04,2026-08-12 18:48:35
CONT2026007920,2026-08-10 17:18:35,2026-08-11 15:54:21
CONT2026007921,2026-08-18 08:31:21,2026-08-23 21:52:11
CONT2026007922,2026-08-12 14:14:26,2026-08-13 02:31:49
CONT2026007923,2026-08-17 09:17:33,2026-08-24 10:34:27
CONT2026007924,2026-08-14 13:53:07,2026-08-23 19:07:06
CONT2026007925,2026-08-21 13:07:13,2026-08-22 08:45:39
CONT2026007926,2026-08-20 04:21:04,2026-08-23 23:56:31
CONT2026007927,2026-08-17 03:34:53,2026-08-24 02:49:10
CONT2026007928,2026-08-16 01:59:27,2026-08-24 21:15:14
CONT2026007929,2026-08-12 04:43:50,2026-08-24 13:26:32
CONT2026007930,2026-08-18 19:31:07,2026-08-20 06:05:43
CONT2026007931,2026-08-17 00:46:37,2026-08-23 19:03:52
CONT2026007932,2026-08-14 14:29:05,2026-08-24 13:32:43
CONT2026007933,2026-08-17 07:00:29,2026-08-23 22:57:09
CONT2026007934,2026-08-16 12:02:32,
CONT2026007935,2026-08-14 14:23:49,
CONT2026007936,2026-08-14 20:38:17,2026-08-15 12:43:59
CONT2026007937,2026-08-15 14:01:32,2026-08-24 08:01:51
CONT2026007938,2026-08-20 13:51:30,2026-08-24 06:40:10
CONT2026007939,2026-08-10 21:36:43,2026-08-12 01:47:34
CONT2026007940,2026-08-20 16:49:24,2026-08-23 16:27:01
CONT2026007941,2026-08-11 13:48:22,2026-08-12 03:24:52
CONT2026007942,2026-08-17 11:07:42,2026-08-18 15:19:52
CONT2026007943,2026-08-17 19:07:30,2026-08-18 13:48:37
CONT2026007944,2026-08-20 11:06:07,
CONT2026007945,2026-08-13 02:07:23,2026-08-14 00:38:28
CONT2026007946,2026-08-11 17:34:27,
CONT2026007947,2026-08-15 02:38:43,2026-08-16 12:10:54
CONT2026007948,2026-08-18 23:30:45,2026-08-19 22:17:02
CONT2026007949,2026-08-13 05:18:11,2026-08-14 09:03:54
CONT2026007950,2026-08-18 01:53:07,
CONT2026007951,2026-08-18 03:19:37,2026-08-24 15:16:31
CONT2026007952,2026-08-20 22:06:26,2026-08-21 10:16:28
CONT2026007953,2026-08-16 16:33:51,2026-08-24 06:43:04
CONT2026007954,2026-08-19 17:52:17,2026-08-20 14:34:43
CONT2026007955,2026-08-14 08:34:37,2026-08-15 08:47:52
CONT2026007956,2026-08-13 10:21:00,2026-08-14 09:04:14
CONT2026007957,2026-08-13 00:04:57,2026-08-14 07:52:51
CONT2026007958,2026-08-16 22:48:52,2026-08-17 20:08:46
CONT2026007959,2026-08-18 22:44:23,2026-08-25 00:43:47
CONT2026007960,2026-08-14 03:11:47,2026-08-24 21:03:58
CONT2026007961,2026-08-11 16:24:08,2026-08-24 12:35:45
CONT2026007962,2026-08-12 13:34:43,2026-08-13 16:28:43
CONT2026007963,2026-08-11 07:44:57,2026-08-24 12:27:46
CONT2026007964,2026-08-14 00:58:35,2026-08-15 00:24:33
CONT2026007965,2026-08-11 21:32:58,2026-08-12 11:30:21
CONT2026007966,2026-08-21 05:33:23,2026-08-24 05:52:50
CONT2026007967,2026-08-19 00:18:04,2026-08-23 22:27:45
CONT2026007968,2026-08-11 23:39:17,2026-08-25 01:19:40
CONT2026007969,2026-08-15 15:50:45,2026-08-23 10:08:03
CONT2026007970,2026-08-18 04:52:08,2026-08-18 20:12:54
CONT2026007971,2026-08-19 02:59:23,2026-08-24 07:09:14
CONT2026007972,2026-08-17 01:49:43,2026-08-18 06:05:27
CONT2026007973,2026-08-11 21:37:52,2026-08-24 08:35:07
CONT2026007974,2026-08-17 21:48:44,2026-08-25 12:34:50
CONT2026007975,2026-08-21 11:23:51,2026-08-25 16:31:04
CONT2026007976,2026-08-14 21:34:38,2026-08-16 09:12:57
CONT2026007977,2026-08-15 16:25:32,2026-08-26 15:52:09
CONT2026007978,2026-08-21 08:58:30,2026-08-25 02:36:15
CONT2026007979,2026-08-22 05:00:15,2026-08-26 01:49:01
CONT2026007980,2026-08-22 11:20:22,
CONT2026007981,2026-08-22 04:35:07,2026-08-23 02:54:17
CONT2026007982,2026-08-17 09:04:38,2026-08-25 07:41:55
CONT2026007983,2026-08-16 10:07:51,
CONT2026007984,2026-08-15 07:34:42,
CONT2026007985,2026-08-15 19:54:15,2026-08-16 05:50:57
CONT2026007986,2026-08-18 23:45:01,2026-08-25 18:47:52
CONT2026007987,2026-08-19 05:22:46,2026-08-25 00:55:36
CONT2026007988,2026-08-12 15:14:56,2026-08-13 15:50:49
CONT2026007989,2026-08-14 23:07:00,2026-08-25 14:37:59
CONT2026007990,2026-08-20 05:39:50,
CONT2026007991,2026-08-16 17:24:37,2026-08-16 21:24:37
CONT2026007992,2026-08-18 04:31:29,2026-08-24 12:08:13
CONT2026007993,2026-08-17 06:37:07,
CONT2026007994,2026-08-12 08:19:44,2026-08-12 21:20:17
CONT2026007995,2026-08-17 07:37:19,2026-08-26 14:53:26
CONT2026007996,2026-08-16 10:48:55,2026-08-25 01:31:45
CONT2026007997,2026-08-19 20:55:44,2026-08-20 17:11:39
CONT2026007998,2026-08-19 08:31:51,2026-08-20 01:33:54
CONT2026007999,2026-08-17 02:35:01,2026-08-25 23:12:58
CONT2026008000,2026-08-17 23:16:18,
CONT2026008001,2026-08-22 01:19:13,
CONT2026008002,2026-08-15 18:03:19,2026-08-26 12:17:36
CONT2026008003,2026-08-17 09:04:30,2026-08-18 02:22:03
CONT2026008004,2026-08-16 07:43:43,2026-08-17 04:29:05
CONT2026008005,2026-08-17 14:09:30,2026-08-26 22:25:13
CONT2026008006,2026-08-22 21:43:28,2026-08-27 00:25:24
CONT2026008007,2026-08-15 14:38:27,2026-08-16 07:44:27
CONT2026008008,2026-08-21 18:34:02,
CONT2026008009,2026-08-23 17:46:24,2026-08-26 08:08:31
CONT2026008010,2026-08-13 21:08:13,
CONT2026008011,2026-08-16 00:58:59,2026-08-16 11:22:23
CONT2026008012,2026-08-24 23:22:18,2026-08-27 21:52:58
CONT2026008013,2026-08-16 00:44:38,2026-08-28 04:58:11
CONT2026008014,2026-08-23 16:36:52,2026-08-28 13:11:34
CONT2026008015,2026-08-20 06:27:13,2026-08-21 08:45:17
CONT2026008016,2026-08-22 16:19:26,2026-08-23 21:35:36
CONT2026008017,2026-08-19 15:17:13,
CONT2026008018,2026-08-19 19:27:25,2026-08-20 06:23:43
CONT2026008019,2026-08-21 17:26:01,2026-08-22 17:50:54
CONT2026008020,2026-08-24 13:33:32,2026-08-27 18:10:41
CONT2026008021,2026-08-23 11:38:31,2026-08-27 19:48:34
CONT2026008022,2026-08-16 23:52:42,2026-08-18 08:37:30
CONT2026008023,2026-08-15 00:24:19,2026-08-27 21:10:51
CONT2026008024,2026-08-23 00:18:23,2026-08-24 03:08:10
CONT2026008025,2026-08-17 16:37:24,2026-08-28 10:24:48
CONT2026008026,2026-08-17 15:52:12,
CONT2026008027,2026-08-18 00:29:01,2026-08-28 06:08:00
CONT2026008028,2026-08-22 16:50:14,
CONT2026008029,2026-08-23 20:49:43,2026-08-28 00:59:50
CONT2026008030,2026-08-18 23:14:32,2026-08-20 02:24:35
CONT2026008031,2026-08-23 10:52:14,2026-08-28 05:07:41
CONT2026008032,2026-08-24 21:13:28,2026-08-28 07:44:23
CONT2026008033,2026-08-17 21:22:31,2026-08-18 17:17:34
CONT2026008034,2026-08-22 03:12:28,2026-08-27 13:52:14
CONT2026008035,2026-08-21 09:57:20,2026-08-22 11:24:54
CONT2026008036,2026-08-24 11:04:58,
CONT2026008037,2026-08-18 20:47:59,2026-08-28 09:47:09
CONT2026008038,2026-08-21 11:51:50,2026-08-22 06:03:31
CONT2026008039,2026-08-20 08:30:45,2026-08-29 09:10:18
CONT2026008040,2026-08-18 17:55:04,2026-08-28 11:06:29
CONT2026008041,2026-08-18 20:57:32,2026-08-19 19:09:04
CONT2026008042,2026-08-18 00:07:12,
CONT2026008043,2026-08-22 05:56:03,2026-08-28 18:01:49
CONT2026008044,2026-08-23 21:40:13,2026-08-28 09:21:30
CONT2026008045,2026-08-23 06:36:43,2026-08-28 12:16:06
CONT2026008046,2026-08-15 10:36:41,2026-08-28 05:25:51
CONT2026008047,2026-08-14 14:44:13,2026-08-28 22:28:58
CONT2026008048,2026-08-20 16:52:04,2026-08-21 16:40:37
CONT2026008049,2026-08-16 16:03:46,2026-08-17 13:22:37
CONT2026008050,2026-08-18 04:24:26,
CONT2026008051,2026-08-19 17:20:26,2026-08-20 16:18:14
CONT2026008052,2026-08-23 23:55:19,
CONT2026008053,2026-08-19 16:30:00,2026-08-28 11:55:42
CONT2026008054,2026-08-20 04:03:22,2026-08-20 20:31:06
CONT2026008055,2026-08-20 15:03:14,2026-08-27 23:28:12
CONT2026008056,2026-08-23 15:32:25,2026-08-24 02:40:09
CONT2026008057,2026-08-15 10:47:43,2026-08-16 07:40:01
CONT2026008058,2026-08-19 07:36:38,
CONT2026008059,2026-08-19 14:12:40,2026-08-28 11:28:29
CONT2026008060,2026-08-25 04:45:41,2026-08-26 05:34:14
CONT2026008061,2026-08-16 05:12:54,2026-08-28 11:41:21
CONT2026008062,2026-08-16 14:33:33,
CONT2026008063,2026-08-21 21:13:39,
CONT2026008064,2026-08-24 10:14:31,
CONT2026008065,2026-08-19 05:00:38,2026-08-28 21:12:07
CONT2026008066,2026-08-20 07:58:52,2026-08-21 06:39:09
CONT2026008067,2026-08-19 16:59:47,2026-08-28 14:32:58
CONT2026008068,2026-08-21 04:32:26,
CONT2026008069,2026-08-17 16:43:47,
CONT2026008070,2026-08-21 17:44:51,2026-08-22 06:40:15
CONT2026008071,2026-08-21 11:34:31,2026-08-29 05:44:55
CONT2026008072,2026-08-16 02:22:00,
CONT2026008073,2026-08-21 03:41:55,
CONT2026008074,2026-08-15 09:41:05,2026-08-16 06:46:44
CONT2026008075,2026-08-21 16:26:49,2026-08-29 06:38:33
CONT2026008076,2026-08-21 01:16:03,2026-08-22 00:32:30
CONT2026008077,2026-08-24 07:21:02,2026-08-24 16:55:02
CONT2026008078,2026-08-26 13:22:53,2026-08-27 03:49:35
CONT2026008079,2026-08-16 01:11:38,
CONT2026008080,2026-08-20 03:01:33,2026-08-29 11:33:39
CONT2026008081,2026-08-23 09:12:53,2026-08-24 02:24:05
CONT2026008082,2026-08-27 04:43:13,2026-08-29 17:39:27
CONT2026008083,2026-08-21 08:34:31,2026-08-22 10:57:36
CONT2026008084,2026-08-22 18:42:35,2026-08-23 09:08:18
CONT2026008085,2026-08-24 18:15:56,
CONT2026008086,2026-08-16 15:58:58,2026-08-30 06:21:47
CONT2026008087,2026-08-27 07:09:28,2026-08-30 19:31:13
CONT2026008088,2026-08-22 10:46:18,2026-08-22 16:57:16
CONT2026008089,2026-08-21 20:11:29,2026-08-30 17:42:47
CONT2026008090,2026-08-19 13:50:03,2026-08-30 11:20:44
CONT2026008091,2026-08-24 11:19:13,2026-08-30 13:42:17
CONT2026008092,2026-08-26 22:27:18,
CONT2026008093,2026-08-21 03:33:34,2026-08-30 19:51:17
CONT2026008094,2026-08-20 12:02:13,2026-08-20 22:35:53
CONT2026008095,2026-08-30 15:32:17,
CONT2026008096,2026-08-27 04:34:47,
CONT2026008097,2026-08-25 22:14:34,2026-09-03 01:16:05
CONT2026008098,2026-08-23 20:11:43,2026-09-01 17:15:37
CONT2026008099,2026-08-23 23:02:54,2026-08-24 14:01:18
CONT2026008100,2026-08-20 02:25:07,
CONT2026008101,2026-08-26 22:42:40,2026-08-28 00:52:10
CONT2026008102,2026-08-21 07:46:49,2026-09-02 22:00:03
CONT2026008103,2026-08-21 22:10:00,2026-09-02 19:56:23
CONT2026008104,2026-08-24 21:35:42,2026-08-26 05:31:18
CONT2026008105,2026-08-21 13:41:06,
CONT2026008106,2026-08-30 01:51:05,2026-09-03 13:42:16
CONT2026008107,2026-08-24 00:45:10,2026-09-03 01:42:05
CONT2026008108,2026-08-21 00:06:05,2026-09-03 21:47:20
CONT2026008109,2026-08-22 23:54:34,2026-09-03 11:54:27
CONT2026008110,2026-08-25 00:13:26,2026-09-02 13:04:41
CONT2026008111,2026-08-26 08:57:04,2026-09-02 13:13:40
CONT2026008112,2026-08-23 20:40:13,2026-08-24 22:17:11
CONT2026008113,2026-08-25 10:08:23,2026-08-26 16:49:57
CONT2026008114,2026-08-22 18:03:25,2026-08-23 11:18:22
CONT2026008115,2026-08-27 14:12:58,2026-08-28 14:18:04
CONT2026008116,2026-08-28 08:23:35,2026-09-03 13:21:52
CONT2026008117,2026-08-28 03:01:32,2026-08-28 19:04:46
CONT2026008118,2026-08-23 17:18:13,2026-09-02 21:49:31
CONT2026008119,2026-08-23 15:02:46,2026-09-03 07:31:30
CONT2026008120,2026-08-24 23:41:22,2026-08-25 10:13:21
CONT2026008121,2026-08-22 14:02:41,2026-09-02 12:11:27
CONT2026008122,2026-08-21 16:39:55,
CONT2026008123,2026-08-27 10:49:55,2026-09-03 05:49:34
CONT2026008124,2026-08-22 02:00:34,
CONT2026008125,2026-08-27 19:04:52,2026-08-28 06:42:23
CONT2026008126,2026-08-26 18:46:36,
CONT2026008127,2026-08-30 10:33:51,2026-09-03 03:59:18
CONT2026008128,2026-08-28 12:38:38,2026-08-29 04:40:33
CONT2026008129,2026-08-22 09:41:01,2026-09-04 06:30:59
CONT2026008130,2026-08-22 17:29:56,2026-09-02 20:15:58
CONT2026008131,2026-08-28 02:11:51,2026-08-29 01:47:43
CONT2026008132,2026-08-30 06:34:57,2026-09-03 19:49:00
CONT2026008133,2026-08-31 05:26:02,2026-09-01 11:39:44
CONT2026008134,2026-08-27 03:51:50,2026-08-27 17:29:41
CONT2026008135,2026-08-21 22:25:04,2026-08-22 12:13:14
CONT2026008136,2026-08-31 15:06:32,
CONT2026008137,2026-08-24 02:39:04,2026-08-24 22:35:16
CONT2026008138,2026-08-21 11:08:42,2026-08-22 07:30:23
CONT2026008139,2026-08-28 12:15:23,
CONT2026008140,2026-08-26 20:08:28,
CONT2026008141,2026-08-24 04:51:51,2026-09-03 08:40:32
CONT2026008142,2026-08-21 06:09:46,2026-08-22 07:47:23
CONT2026008143,2026-08-24 22:17:54,2026-09-04 00:19:43
CONT2026008144,2026-08-28 13:18:04,
CONT2026008145,2026-08-29 20:04:56,2026-09-03 17:43:01
CONT2026008146,2026-08-26 06:48:01,
CONT2026008147,2026-08-28 15:11:40,2026-08-29 10:52:06
CONT2026008148,2026-08-30 07:02:52,2026-09-03 22:37:35
CONT2026008149,2026-08-26 00:22:08,2026-08-26 04:22:08
CONT2026008150,2026-08-26 10:26:09,2026-08-26 19:44:17
CONT2026008151,2026-08-24 12:59:19,
CONT2026008152,2026-08-29 21:39:26,2026-09-03 15:51:20
CONT2026008153,2026-08-23 16:37:22,2026-08-25 00:46:41
CONT2026008154,2026-08-31 23:27:15,
CONT2026008155,2026-08-25 18:52:40,2026-08-26 03:23:21
CONT2026008156,2026-08-23 23:33:40,2026-08-25 10:17:50
CONT2026008157,2026-08-25 03:44:30,2026-08-25 12:38:14
CONT2026008158,2026-09-01 01:32:38,2026-09-02 04:57:40
CONT2026008159,2026-08-31 05:10:27,2026-09-01 15:02:12
CONT2026008160,2026-08-28 02:50:58,
CONT2026008161,2026-08-26 21:55:47,2026-09-04 06:59:30
CONT2026008162,2026-08-25 02:33:28,2026-08-25 07:12:51
CONT2026008163,2026-08-26 13:27:44,2026-09-04 06:54:54
CONT2026008164,2026-08-22 08:25:26,2026-08-23 09:36:16
CONT2026008165,2026-08-28 00:05:43,2026-09-04 07:53:39
CONT2026008166,2026-08-22 22:23:25,2026-09-05 12:48:37
CONT2026008167,2026-08-28 18:52:42,2026-09-04 23:19:09
CONT2026008168,2026-08-26 04:14:17,2026-08-26 18:31:24
CONT2026008169,2026-08-25 03:30:38,2026-09-04 13:51:15
CONT2026008170,2026-08-24 19:44:49,2026-08-25 12:54:19
CONT2026008171,2026-09-02 18:01:09,2026-09-03 15:52:27
CONT2026008172,2026-08-27 10:43:49,2026-08-28 15:05:18
CONT2026008173,2026-08-23 07:43:05,2026-09-05 06:10:46
CONT2026008174,2026-08-28 23:22:42,
CONT2026008175,2026-09-01 05:06:55,2026-09-05 14:44:25
CONT2026008176,2026-08-31 16:55:32,2026-09-01 04:37:53
CONT2026008177,2026-08-29 00:36:33,
CONT2026008178,2026-08-30 00:18:38,
CONT2026008179,2026-08-29 18:17:25,
CONT2026008180,2026-08-27 17:48:39,2026-09-05 05:36:20
CONT2026008181,2026-09-02 03:56:21,2026-09-05 12:12:29
CONT2026008182,2026-08-31 10:10:39,2026-09-04 21:50:40
CONT2026008183,2026-08-30 15:48:24,2026-09-05 04:53:13
CONT2026008184,2026-09-02 02:42:42,
CONT2026008185,2026-08-31 02:29:28,2026-09-01 11:46:28
CONT2026008186,2026-08-26 12:28:34,2026-08-27 22:51:22
CONT2026008187,2026-08-26 14:21:13,2026-08-27 10:03:15
CONT2026008188,2026-08-26 14:13:57,2026-08-27 08:45:54
CONT2026008189,2026-08-23 00:53:12,2026-08-23 19:54:37
CONT2026008190,2026-08-24 10:17:26,2026-08-25 01:52:19
CONT2026008191,2026-08-24 19:09:11,
CONT2026008192,2026-08-23 13:05:08,
CONT2026008193,2026-08-31 22:47:37,2026-09-06 00:57:54
CONT2026008194,2026-09-01 07:55:47,2026-09-01 20:27:47
CONT2026008195,2026-09-01 03:03:06,2026-09-01 17:43:38
CONT2026008196,2026-08-23 15:54:49,
CONT2026008197,2026-08-24 15:27:36,2026-09-05 09:53:46
CONT2026008198,2026-09-01 02:07:24,2026-09-06 21:00:15
CONT2026008199,2026-08-27 23:12:58,2026-08-29 00:31:34
CONT2026008200,2026-09-01 15:52:24,2026-09-02 01:45:01
CONT2026008201,2026-08-23 23:39:30,2026-09-05 03:30:17
CONT2026008202,2026-08-28 19:51:44,2026-09-04 22:26:20
CONT2026008203,2026-08-28 09:57:54,
CONT2026008204,2026-08-30 21:46:40,
CONT2026008205,2026-08-29 13:46:50,
CONT2026008206,2026-08-27 13:44:50,
CONT2026008207,2026-08-30 18:27:17,
CONT2026008208,2026-08-29 14:37:54,2026-09-05 11:31:43
CONT2026008209,2026-08-26 04:59:07,
CONT2026008210,2026-08-26 00:03:05,2026-08-26 13:47:39
CONT2026008211,2026-08-31 23:05:44,
CONT2026008212,2026-08-31 19:59:21,
CONT2026008213,2026-08-28 18:09:25,2026-08-29 18:42:41
CONT2026008214,2026-08-23 19:29:37,2026-09-05 10:42:49
CONT2026008215,2026-08-27 20:11:00,2026-08-28 13:22:07
CONT2026008216,2026-08-31 12:52:07,2026-08-31 16:52:07
CONT2026008217,2026-09-01 10:47:35,
CONT2026008218,2026-08-30 01:55:33,2026-09-04 20:25:09
CONT2026008219,2026-08-24 14:22:28,
CONT2026008220,2026-08-26 08:21:53,2026-09-05 22:25:30
CONT2026008221,2026-08-29 18:28:48,2026-09-05 15:14:07
CONT2026008222,2026-08-23 13:57:19,2026-08-24 07:41:20
CONT2026008223,2026-08-27 17:21:13,2026-08-28 08:53:56
CONT2026008224,2026-08-27 06:10:21,2026-08-28 13:49:38
CONT2026008225,2026-08-26 15:02:51,2026-08-27 09:08:01
CONT2026008226,2026-08-26 15:29:12,2026-08-27 11:13:44
CONT2026008227,2026-08-29 09:09:51,2026-09-05 20:40:39
CONT2026008228,2026-09-03 04:17:56,2026-09-05 20:12:45
CONT2026008229,2026-08-30 00:44:40,2026-09-06 12:03:53
CONT2026008230,2026-08-28 01:14:58,
CONT2026008231,2026-08-31 16:08:26,2026-09-01 08:03:16
CONT2026008232,2026-09-03 09:37:51,2026-09-06 15:44:12
CONT2026008233,2026-09-02 08:20:44,2026-09-06 07:39:18
CONT2026008234,2026-09-01 15:25:25,2026-09-02 16:50:04
CONT2026008235,2026-08-24 13:15:50,2026-09-05 15:11:55
CONT2026008236,2026-08-25 21:41:09,2026-09-06 05:34:51
CONT2026008237,2026-09-02 03:57:08,2026-09-03 13:35:42
CONT2026008238,2026-08-25 16:24:38,2026-09-05 23:53:03
CONT2026008239,2026-08-31 21:15:25,2026-09-05 15:39:39
CONT2026008240,2026-08-23 07:41:41,2026-08-24 14:17:40
CONT2026008241,2026-08-25 23:46:08,2026-08-26 20:03:40
CONT2026008242,2026-08-27 00:48:21,2026-09-06 04:00:52
CONT2026008243,2026-09-03 06:33:27,2026-09-06 07:03:27
CONT2026008244,2026-08-25 18:49:29,2026-08-26 22:11:38
CONT2026008245,2026-08-30 18:49:11,2026-08-31 07:28:50
CONT2026008246,2026-08-29 18:38:14,
CONT2026008247,2026-08-27 16:07:58,2026-09-05 13:54:50
CONT2026008248,2026-08-29 19:13:59,2026-08-30 20:53:59
CONT2026008249,2026-08-26 15:42:32,2026-09-05 23:50:58
CONT2026008250,2026-08-29 10:52:52,2026-09-05 18:13:37
CONT2026008251,2026-08-24 12:51:58,2026-09-05 19:53:14
CONT2026008252,2026-08-29 08:23:24,2026-08-30 06:48:08
CONT2026008253,2026-09-01 02:02:51,2026-09-05 16:36:21
CONT2026008254,2026-09-02 03:09:29,2026-09-02 13:34:49
CONT2026008255,2026-09-02 19:04:24,
CONT2026008256,2026-08-25 13:28:43,2026-09-07 01:19:14
CONT2026008257,2026-08-28 21:30:38,2026-08-29 21:18:19
CONT2026008258,2026-08-30 17:38:52,2026-08-31 20:33:13
CONT2026008259,2026-08-29 12:12:18,2026-08-30 01:25:17
CONT2026008260,2026-09-01 14:18:00,2026-09-06 03:56:05
CONT2026008261,2026-08-25 04:35:30,2026-09-05 21:34:39
CONT2026008262,2026-08-27 04:20:10,2026-09-06 19:54:04
CONT2026008263,2026-08-30 15:36:22,2026-09-05 19:11:45
CONT2026008264,2026-08-30 15:31:06,
CONT2026008265,2026-09-03 01:51:43,2026-09-03 05:51:43
CONT2026008266,2026-08-31 15:12:24,2026-09-08 14:30:30
CONT2026008267,2026-09-05 08:29:45,2026-09-06 13:41:53
CONT2026008268,2026-09-02 14:03:13,
CONT2026008269,2026-08-31 10:09:35,2026-09-08 01:22:36
CONT2026008270,2026-09-04 18:50:48,2026-09-06 02:53:01
CONT2026008271,2026-09-01 03:16:43,2026-09-08 15:21:38
CONT2026008272,2026-08-31 02:33:58,2026-09-09 09:05:25
CONT2026008273,2026-08-29 10:01:35,2026-09-08 18:31:49
CONT2026008274,2026-09-04 08:37:33,2026-09-09 22:23:44
CONT2026008275,2026-09-05 17:21:21,2026-09-06 14:20:21
CONT2026008276,2026-08-28 19:00:23,2026-08-29 12:11:00
CONT2026008277,2026-08-28 18:29:05,
CONT2026008278,2026-08-28 10:42:42,2026-09-08 15:34:59
CONT2026008279,2026-09-01 09:47:06,2026-09-02 15:56:21
CONT2026008280,2026-08-27 03:34:42,
CONT2026008281,2026-08-29 14:32:39,2026-09-08 20:37:47
CONT2026008282,2026-08-27 06:59:11,2026-08-27 19:49:39
CONT2026008283,2026-09-04 09:18:39,2026-09-04 22:47:10
CONT2026008284,2026-09-01 16:52:00,2026-09-02 20:03:53
CONT2026008285,2026-09-01 21:24:06,2026-09-08 16:42:10
CONT2026008286,2026-08-29 10:05:36,2026-08-30 10:07:26
CONT2026008287,2026-09-04 16:54:26,2026-09-09 06:36:21
CONT2026008288,2026-08-26 04:52:13,2026-09-09 03:53:48
CONT2026008289,2026-08-29 20:29:33,2026-08-30 12:29:45
CONT2026008290,2026-08-28 10:54:33,2026-08-29 12:31:40
CONT2026008291,2026-08-28 15:47:41,
CONT2026008292,2026-08-31 11:26:45,2026-09-09 06:19:36
CONT2026008293,2026-08-30 22:54:16,2026-09-09 02:01:04
CONT2026008294,2026-09-05 14:12:21,2026-09-07 18:00:00
CONT2026008295,2026-09-05 03:59:17,2026-09-06 04:53:09
CONT2026008296,2026-08-30 01:27:55,
CONT2026008297,2026-08-29 03:09:21,2026-09-09 03:59:26
CONT2026008298,2026-08-31 14:58:28,
CONT2026008299,2026-08-31 00:40:32,2026-09-01 02:58:31
CONT2026008300,2026-09-02 14:13:20,2026-09-03 03:35:54
CONT2026008301,2026-09-03 04:12:19,2026-09-08 22:57:21
CONT2026008302,2026-08-27 16:59:04,2026-08-28 20:55:04
CONT2026008303,2026-09-01 14:24:09,2026-09-02 14:32:50
CONT2026008304,2026-09-04 11:48:45,2026-09-09 11:42:10
CONT2026008305,2026-09-05 15:33:47,2026-09-06 21:19:33
CONT2026008306,2026-08-26 18:52:47,2026-09-09 01:35:01
CONT2026008307,2026-09-02 15:30:12,2026-09-04 00:18:24
CONT2026008308,2026-08-27 18:31:44,2026-09-08 07:01:44
CONT2026008309,2026-09-03 22:51:44,2026-09-04 13:00:02
CONT2026008310,2026-09-05 22:40:49,
CONT2026008311,2026-08-31 17:09:56,2026-09-01 13:50:07
CONT2026008312,2026-08-31 12:31:30,2026-09-09 08:42:34
CONT2026008313,2026-09-04 09:41:17,2026-09-09 05:43:05
CONT2026008314,2026-09-01 12:28:10,2026-09-02 09:35:35
CONT2026008315,2026-08-29 08:36:40,2026-09-08 14:43:16
CONT2026008316,2026-08-29 06:04:29,2026-09-08 14:09:31
CONT2026008317,2026-09-03 11:09:30,
CONT2026008318,2026-08-31 00:07:17,2026-08-31 17:40:45
CONT2026008319,2026-08-28 20:43:18,2026-08-29 19:29:40
CONT2026008320,2026-08-29 17:14:15,2026-09-08 12:55:17
CONT2026008321,2026-09-03 14:42:48,2026-09-04 08:49:14
CONT2026008322,2026-08-28 19:15:27,2026-08-29 20:02:57
CONT2026008323,2026-08-29 12:25:38,2026-09-09 00:56:36
CONT2026008324,2026-08-27 17:05:36,2026-09-09 02:45:13
CONT2026008325,2026-08-29 21:01:25,2026-08-30 20:59:31
CONT2026008326,2026-09-01 02:38:52,2026-09-01 18:29:51
CONT2026008327,2026-08-28 14:00:13,2026-09-09 14:51:54
CONT2026008328,2026-08-27 05:38:33,2026-08-28 07:04:10
CONT2026008329,2026-08-29 09:43:36,2026-08-30 05:04:22
CONT2026008330,2026-09-05 12:51:10,2026-09-08 22:53:29
CONT2026008331,2026-09-05 20:38:10,2026-09-08 22:39:49
CONT2026008332,2026-09-03 13:22:05,
CONT2026008333,2026-08-30 01:38:08,2026-09-10 04:21:32
CONT2026008334,2026-09-05 12:54:01,2026-09-06 13:17:34
CONT2026008335,2026-08-27 15:49:52,2026-09-08 18:43:59
CONT2026008336,2026-09-01 21:52:32,2026-09-08 03:38:01
CONT2026008337,2026-09-02 14:38:03,2026-09-03 21:30:38
CONT2026008338,2026-09-01 22:19:34,2026-09-09 05:14:05
CONT2026008339,2026-09-05 15:09:11,2026-09-08 13:25:37
CONT2026008340,2026-08-30 01:29:37,2026-09-08 15:38:04
CONT2026008341,2026-09-02 17:59:23,2026-09-09 10:21:10
CONT2026008342,2026-09-05 01:40:19,2026-09-09 16:16:22
CONT2026008343,2026-09-02 17:22:39,2026-09-10 18:36:57
CONT2026008344,2026-09-04 22:54:49,
CONT2026008345,2026-09-02 16:27:54,2026-09-10 05:13:52
CONT2026008346,2026-09-07 05:10:10,
CONT2026008347,2026-09-02 22:25:04,2026-09-04 06:58:18
CONT2026008348,2026-09-07 04:45:50,2026-09-08 06:48:04
CONT2026008349,2026-08-29 10:42:40,
CONT2026008350,2026-09-02 14:33:23,2026-09-03 03:31:48
CONT2026008351,2026-08-28 17:30:57,2026-09-11 08:10:58
CONT2026008352,2026-09-06 19:39:34,2026-09-07 16:03:59
CONT2026008353,2026-08-28 13:53:41,2026-08-29 10:33:36
CONT2026008354,2026-08-30 01:15:47,2026-08-30 22:57:42
CONT2026008355,2026-09-04 03:36:44,2026-09-04 10:49:15
CONT2026008356,2026-09-03 03:57:27,2026-09-10 19:17:35
CONT2026008357,2026-09-01 08:37:49,2026-09-02 02:58:04
CONT2026008358,2026-09-06 16:22:54,2026-09-07 07:33:38
CONT2026008359,2026-08-30 18:16:43,
CONT2026008360,2026-09-01 00:01:02,2026-09-02 00:10:46
CONT2026008361,2026-08-30 07:37:21,2026-08-31 11:48:38
CONT2026008362,2026-09-07 05:48:27,
CONT2026008363,2026-09-01 16:17:29,2026-09-01 23:36:21
CONT2026008364,2026-09-03 04:42:55,2026-09-03 10:42:01
CONT2026008365,2026-09-02 06:11:05,2026-09-02 12:49:53
CONT2026008366,2026-09-05 05:49:18,2026-09-05 23:41:56
CONT2026008367,2026-08-30 06:28:05,2026-09-10 18:28:22
CONT2026008368,2026-09-06 19:46:59,2026-09-08 05:04:52
CONT2026008369,2026-09-02 11:56:21,2026-09-03 00:20:04
CONT2026008370,2026-08-28 21:40:38,2026-09-09 23:51:20
CONT2026008371,2026-09-06 00:48:34,2026-09-06 18:06:36
CONT2026008372,2026-09-07 19:31:34,2026-09-12 12:21:58
CONT2026008373,2026-09-01 08:08:04,
CONT2026008374,2026-08-30 03:26:28,
CONT2026008375,2026-09-02 13:12:31,2026-09-03 09:38:51
CONT2026008376,2026-09-05 20:01:17,2026-09-11 22:26:56
CONT2026008377,2026-08-29 00:36:37,2026-08-29 04:36:37
CONT2026008378,2026-08-29 06:46:35,2026-09-12 05:33:47
CONT2026008379,2026-09-06 12:29:03,2026-09-07 00:34:12
CONT2026008380,2026-09-01 04:42:59,2026-09-01 16:53:56
CONT2026008381,2026-09-08 10:17:17,
CONT2026008382,2026-08-29 23:56:14,2026-08-30 21:49:59
CONT2026008383,2026-08-29 18:21:11,2026-08-29 22:50:34
CONT2026008384,2026-09-01 17:05:30,2026-09-11 15:11:44
CONT2026008385,2026-09-06 16:29:52,2026-09-07 11:50:27
CONT2026008386,2026-09-01 21:49:56,
CONT2026008387,2026-09-08 10:00:45,2026-09-11 13:38:51
CONT2026008388,2026-09-01 03:03:12,2026-09-11 09:43:28
CONT2026008389,2026-09-07 04:34:16,2026-09-08 06:43:17
CONT2026008390,2026-09-05 02:08:10,2026-09-11 13:08:44
CONT2026008391,2026-09-02 15:21:05,2026-09-11 14:55:31
CONT2026008392,2026-09-01 16:28:42,2026-09-11 10:50:19
CONT2026008393,2026-09-02 15:38:39,2026-09-12 04:28:56
CONT2026008394,2026-09-02 22:10:02,2026-09-03 17:45:19
CONT2026008395,2026-09-07 16:22:04,2026-09-11 20:16:39
CONT2026008396,2026-09-06 20:26:43,
CONT2026008397,2026-08-29 09:25:34,2026-08-30 10:33:41
CONT2026008398,2026-09-06 04:07:21,
CONT2026008399,2026-09-03 09:48:51,2026-09-11 23:01:13
CONT2026008400,2026-08-29 17:05:37,2026-09-11 05:51:35
CONT2026008401,2026-08-29 19:53:27,2026-09-11 01:26:18
CONT2026008402,2026-08-30 02:14:15,2026-08-31 04:29:55
CONT2026008403,2026-09-08 14:06:20,
CONT2026008404,2026-09-02 08:55:34,2026-09-11 17:19:57
CONT2026008405,2026-09-03 18:59:26,2026-09-04 16:48:11
CONT2026008406,2026-09-03 21:07:33,
CONT2026008407,2026-09-04 07:14:30,2026-09-10 19:14:03
CONT2026008408,2026-09-03 16:46:01,2026-09-04 20:54:04
CONT2026008409,2026-09-04 17:47:38,2026-09-05 10:16:49
CONT2026008410,2026-08-31 11:20:08,2026-09-12 05:41:44
CONT2026008411,2026-09-05 09:39:38,2026-09-07 01:09:23
CONT2026008412,2026-09-08 20:25:51,2026-09-10 00:25:40
CONT2026008413,2026-09-07 08:28:24,2026-09-10 21:24:01
CONT2026008414,2026-08-29 15:04:16,2026-09-12 02:09:43
CONT2026008415,2026-09-04 03:01:05,2026-09-11 11:28:43
CONT2026008416,2026-09-08 23:58:10,2026-09-11 15:11:42
CONT2026008417,2026-09-02 08:35:03,
CONT2026008418,2026-09-08 03:40:01,2026-09-11 16:55:30
CONT2026008419,2026-09-07 05:24:39,2026-09-11 21:45:50
CONT2026008420,2026-08-30 18:41:18,2026-09-01 01:49:05
CONT2026008421,2026-09-07 16:51:07,2026-09-13 02:44:52
CONT2026008422,2026-08-30 02:43:22,2026-09-11 21:04:05
CONT2026008423,2026-09-06 20:29:04,2026-09-11 23:38:44
CONT2026008424,2026-09-06 08:11:01,2026-09-11 17:06:51
CONT2026008425,2026-09-05 11:55:00,2026-09-11 13:15:57
CONT2026008426,2026-09-08 10:25:46,2026-09-12 01:26:43
CONT2026008427,2026-09-06 16:54:43,2026-09-11 22:31:44
CONT2026008428,2026-09-01 01:48:58,2026-09-01 21:18:41
CONT2026008429,2026-09-02 17:10:25,
CONT2026008430,2026-09-04 02:33:39,
CONT2026008431,2026-09-08 13:37:02,
CONT2026008432,2026-09-03 22:28:00,
CONT2026008433,2026-09-02 22:11:09,2026-09-12 01:24:57
CONT2026008434,2026-09-08 19:53:15,2026-09-12 19:11:39
CONT2026008435,2026-09-06 18:11:47,2026-09-12 12:23:24
CONT2026008436,2026-09-01 17:47:34,
CONT2026008437,2026-09-01 00:14:19,2026-09-13 03:21:35
CONT2026008438,2026-09-05 10:35:49,2026-09-05 20:26:32
CONT2026008439,2026-09-09 14:45:10,2026-09-12 18:37:15
CONT2026008440,2026-09-02 10:15:18,2026-09-03 09:28:51
CONT2026008441,2026-08-30 06:33:34,2026-09-12 14:59:09
CONT2026008442,2026-08-31 10:25:51,2026-09-01 07:10:15
CONT2026008443,2026-09-05 13:04:53,2026-09-12 10:11:57
CONT2026008444,2026-09-07 02:07:03,2026-09-07 17:28:24
CONT2026008445,2026-09-01 07:56:19,2026-09-02 09:06:16
CONT2026008446,2026-09-02 01:29:56,
CONT2026008447,2026-09-10 05:45:19,2026-09-12 21:46:04
CONT2026008448,2026-09-07 23:52:11,2026-09-08 14:28:05
CONT2026008449,2026-09-06 09:03:15,2026-09-13 09:46:12
CONT2026008450,2026-09-01 20:46:59,2026-09-02 01:22:57
CONT2026008451,2026-09-08 15:35:25,2026-09-09 13:51:33
CONT2026008452,2026-09-01 16:50:03,2026-09-02 14:05:02
CONT2026008453,2026-09-03 08:24:44,2026-09-13 21:16:33
CONT2026008454,2026-09-09 02:13:14,
CONT2026008455,2026-09-06 08:07:30,2026-09-07 14:40:30
CONT2026008456,2026-09-08 20:55:36,2026-09-09 10:50:11
CONT2026008457,2026-09-05 00:30:46,2026-09-06 02:57:33
CONT2026008458,2026-09-10 22:52:05,2026-09-14 18:25:37
CONT2026008459,2026-09-09 12:18:03,2026-09-10 09:52:22
CONT2026008460,2026-09-10 07:10:41,2026-09-11 09:34:14
CONT2026008461,2026-09-04 04:50:59,2026-09-04 10:09:17
CONT2026008462,2026-09-02 21:56:02,2026-09-14 13:23:40
CONT2026008463,2026-09-10 02:23:22,
CONT2026008464,2026-09-11 15:44:05,2026-09-15 03:52:11
CONT2026008465,2026-09-05 14:55:03,2026-09-15 10:50:19
CONT2026008466,2026-09-05 04:46:38,2026-09-06 05:18:57
CONT2026008467,2026-09-03 14:14:49,2026-09-04 14:00:54
CONT2026008468,2026-09-05 11:25:18,2026-09-06 06:35:24
CONT2026008469,2026-09-10 23:18:55,2026-09-14 05:53:30
CONT2026008470,2026-09-06 08:20:59,2026-09-07 04:43:48
CONT2026008471,2026-09-07 10:12:04,
CONT2026008472,2026-09-02 05:01:03,
CONT2026008473,2026-09-07 03:57:17,2026-09-15 17:20:05
CONT2026008474,2026-09-08 13:56:27,2026-09-09 09:48:49
CONT2026008475,2026-09-03 09:16:46,2026-09-03 13:16:46
CONT2026008476,2026-09-11 16:54:34,2026-09-13 02:45:26
CONT2026008477,2026-09-08 20:01:21,2026-09-09 21:39:45
CONT2026008478,2026-09-10 10:05:14,2026-09-15 23:47:51
CONT2026008479,2026-09-05 21:00:05,2026-09-06 08:03:19
CONT2026008480,2026-09-11 09:43:45,2026-09-15 09:13:29
CONT2026008481,2026-09-10 08:31:08,2026-09-15 05:11:54
CONT2026008482,2026-09-03 07:59:10,2026-09-15 17:12:41
CONT2026008483,2026-09-04 08:23:51,
CONT2026008484,2026-09-07 01:05:38,
CONT2026008485,2026-09-12 11:53:45,
CONT2026008486,2026-09-12 05:33:34,2026-09-16 08:56:15
CONT2026008487,2026-09-03 09:11:15,2026-09-16 03:16:07
CONT2026008488,2026-09-07 00:14:41,2026-09-07 13:01:45
CONT2026008489,2026-09-09 03:52:47,
CONT2026008490,2026-09-05 07:26:59,
CONT2026008491,2026-09-05 09:43:27,2026-09-06 08:41:30
CONT2026008492,2026-09-07 01:04:41,2026-09-07 11:45:03
CONT2026008493,2026-09-09 15:59:02,2026-09-16 09:36:33
CONT2026008494,2026-09-13 16:25:09,2026-09-16 06:29:40
CONT2026008495,2026-09-08 17:43:10,2026-09-09 06:21:40
CONT2026008496,2026-09-04 21:24:49,
CONT2026008497,2026-09-13 20:16:45,2026-09-14 23:01:55
CONT2026008498,2026-09-12 04:04:21,
CONT2026008499,2026-09-06 05:26:06,
CONT2026008500,2026-09-10 18:29:54,2026-09-16 07:08:25
CONT2026008501,2026-09-07 19:00:22,2026-09-16 05:45:03
CONT2026008502,2026-09-03 16:19:04,2026-09-05 05:03:46
CONT2026008503,2026-09-05 12:35:17,2026-09-06 09:31:41
CONT2026008504,2026-09-11 21:21:06,2026-09-16 17:40:25
CONT2026008505,2026-09-06 10:53:43,
CONT2026008506,2026-09-11 01:43:46,2026-09-11 15:05:08
CONT2026008507,2026-09-04 13:30:55,2026-09-17 23:35:58
CONT2026008508,2026-09-11 05:37:48,2026-09-16 11:37:32
CONT2026008509,2026-09-04 00:26:40,2026-09-17 17:32:35
CONT2026008510,2026-09-12 11:18:29,2026-09-16 11:27:58
CONT2026008511,2026-09-12 22:34:27,2026-09-17 07:12:42
CONT2026008512,2026-09-08 18:08:50,2026-09-16 13:33:36
CONT2026008513,2026-09-11 13:49:29,2026-09-12 09:14:04
CONT2026008514,2026-09-10 06:01:36,
CONT2026008515,2026-09-04 13:46:31,2026-09-05 08:48:12
CONT2026008516,2026-09-13 22:55:59,2026-09-14 17:51:02
CONT2026008517,2026-09-12 00:29:30,2026-09-13 08:26:22
CONT2026008518,2026-09-05 07:00:51,2026-09-16 18:55:00
CONT2026008519,2026-09-12 06:11:17,
CONT2026008520,2026-09-09 11:54:17,
CONT2026008521,2026-09-10 23:08:04,2026-09-11 17:16:51
CONT2026008522,2026-09-06 16:16:28,2026-09-17 09:55:34
CONT2026008523,2026-09-07 02:13:29,
CONT2026008524,2026-09-13 17:06:44,2026-09-14 12:18:52
CONT2026008525,2026-09-08 00:38:46,2026-09-16 10:50:32
CONT2026008526,2026-09-08 07:36:36,2026-09-16 02:52:20
CONT2026008527,2026-09-06 01:16:00,2026-09-16 18:15:28
CONT2026008528,2026-09-12 14:48:10,
CONT2026008529,2026-09-03 22:19:06,
CONT2026008530,2026-09-12 12:57:16,2026-09-16 22:53:51
CONT2026008531,2026-09-09 20:18:08,2026-09-10 11:27:22
CONT2026008532,2026-09-13 13:16:05,2026-09-16 23:54:10
CONT2026008533,2026-09-11 20:08:08,
CONT2026008534,2026-09-12 20:16:12,2026-09-16 14:34:52
CONT2026008535,2026-09-06 03:18:55,2026-09-06 07:18:55
CONT2026008536,2026-09-04 14:27:15,2026-09-16 05:27:02
CONT2026008537,2026-09-04 10:02:06,2026-09-16 17:38:24
CONT2026008538,2026-09-12 21:22:20,2026-09-13 18:23:54
CONT2026008539,2026-09-11 17:20:14,
CONT2026008540,2026-09-09 18:30:21,2026-09-10 13:43:34
CONT2026008541,2026-09-12 17:06:48,2026-09-17 11:19:40
CONT2026008542,2026-09-03 20:44:51,2026-09-04 16:01:02
CONT2026008543,2026-09-08 12:57:15,2026-09-15 23:51:49
CONT2026008544,2026-09-11 17:45:29,2026-09-16 14:04:37
CONT2026008545,2026-09-08 12:51:31,2026-09-09 15:36:18
CONT2026008546,2026-09-12 10:05:43,2026-09-13 02:25:48
CONT2026008547,2026-09-04 22:53:09,2026-09-17 03:00:57
CONT2026008548,2026-09-06 04:21:49,2026-09-16 20:23:01
CONT2026008549,2026-09-08 18:53:01,2026-09-17 07:03:42
CONT2026008550,2026-09-11 22:21:16,2026-09-12 21:03:44
CONT2026008551,2026-09-04 18:58:15,2026-09-16 03:56:00
CONT2026008552,2026-09-05 08:50:41,
CONT2026008553,2026-09-07 15:09:42,
CONT2026008554,2026-09-03 22:42:22,2026-09-04 16:29:04
CONT2026008555,2026-09-10 19:47:38,2026-09-10 23:47:38
CONT2026008556,2026-09-07 06:37:43,2026-09-17 18:39:32
CONT2026008557,2026-09-12 09:39:45,2026-09-16 23:25:39
CONT2026008558,2026-09-08 13:04:00,2026-09-09 03:18:10
CONT2026008559,2026-09-10 06:29:37,2026-09-16 23:22:46
CONT2026008560,2026-09-11 00:21:16,2026-09-12 12:04:01
CONT2026008561,2026-09-04 10:05:08,2026-09-17 07:34:37
CONT2026008562,2026-09-10 20:48:40,2026-09-11 16:16:57
CONT2026008563,2026-09-12 05:52:11,
CONT2026008564,2026-09-06 04:08:37,2026-09-18 04:57:48
CONT2026008565,2026-09-09 18:04:58,
CONT2026008566,2026-09-11 02:02:58,2026-09-18 03:06:01
CONT2026008567,2026-09-05 10:07:49,
CONT2026008568,2026-09-11 01:00:44,2026-09-11 14:45:12
CONT2026008569,2026-09-13 16:26:21,2026-09-14 12:46:11
CONT2026008570,2026-09-08 18:22:49,2026-09-16 18:43:30
CONT2026008571,2026-09-05 08:22:52,2026-09-16 23:48:30
CONT2026008572,2026-09-07 07:29:38,2026-09-17 14:54:47
CONT2026008573,2026-09-09 07:10:29,2026-09-09 20:47:44
CONT2026008574,2026-09-10 23:32:04,2026-09-11 19:09:50
CONT2026008575,2026-09-05 12:24:35,2026-09-17 13:10:30
CONT2026008576,2026-09-09 18:40:38,2026-09-17 14:36:30
CONT2026008577,2026-09-09 11:21:13,2026-09-10 04:01:35
CONT2026008578,2026-09-12 19:21:18,2026-09-13 15:31:14
CONT2026008579,2026-09-08 00:23:21,
CONT2026008580,2026-09-06 00:38:42,2026-09-17 12:21:09
CONT2026008581,2026-09-06 16:26:59,2026-09-07 23:04:44
CONT2026008582,2026-09-10 02:53:58,
CONT2026008583,2026-09-11 03:28:48,
CONT2026008584,2026-09-12 15:53:40,2026-09-13 23:10:43
CONT2026008585,2026-09-07 05:58:53,2026-09-08 00:58:54
CONT2026008586,2026-09-10 12:53:38,2026-09-18 01:48:05
CONT2026008587,2026-09-14 15:38:18,
CONT2026008588,2026-09-11 10:31:47,2026-09-12 09:49:36
CONT2026008589,2026-09-09 13:37:01,
CONT2026008590,2026-09-06 12:31:58,2026-09-06 21:56:31
CONT2026008591,2026-09-13 09:40:05,2026-09-13 21:39:28
CONT2026008592,2026-09-15 13:58:46,2026-09-18 21:06:01
CONT2026008593,2026-09-06 07:00:08,2026-09-07 04:46:53
CONT2026008594,2026-09-12 14:38:04,2026-09-18 21:36:52
CONT2026008595,2026-09-10 09:48:59,2026-09-11 00:30:04
CONT2026008596,2026-09-12 16:07:31,2026-09-13 09:50:09
CONT2026008597,2026-09-09 01:07:41,2026-09-18 23:08:05
CONT2026008598,2026-09-15 05:19:26,2026-09-19 16:56:15
CONT2026008599,2026-09-06 09:37:24,2026-09-06 14:18:56
CONT2026008600,2026-09-13 03:31:03,2026-09-13 18:07:05
CONT2026008601,2026-09-09 15:20:54,2026-09-10 04:40:57
CONT2026008602,2026-09-05 16:49:11,
CONT2026008603,2026-09-07 21:36:02,2026-09-18 19:24:55
CONT2026008604,2026-09-09 00:21:13,2026-09-18 22:18:13
CONT2026008605,2026-09-14 13:15:31,2026-09-18 18:18:24
CONT2026008606,2026-09-06 12:17:03,
CONT2026008607,2026-09-11 18:49:04,2026-09-18 23:44:15
CONT2026008608,2026-09-10 16:08:20,2026-09-20 02:16:01
CONT2026008609,2026-09-10 23:38:26,2026-09-11 15:23:47
CONT2026008610,2026-09-14 08:14:35,2026-09-19 09:32:05
CONT2026008611,2026-09-13 07:04:44,2026-09-14 20:02:38
CONT2026008612,2026-09-13 15:30:57,2026-09-19 21:32:23
CONT2026008613,2026-09-14 17:27:39,2026-09-16 05:21:56
CONT2026008614,2026-09-07 17:15:33,2026-09-18 23:13:12
CONT2026008615,2026-09-11 00:39:14,2026-09-12 00:17:24
CONT2026008616,2026-09-08 10:34:22,
CONT2026008617,2026-09-10 01:33:30,2026-09-20 05:14:51
CONT2026008618,2026-09-15 14:28:59,
CONT2026008619,2026-09-16 15:50:56,2026-09-17 16:40:34
CONT2026008620,2026-09-17 07:20:24,2026-09-17 17:14:51
CONT2026008621,2026-09-06 15:34:42,2026-09-19 16:18:51
CONT2026008622,2026-09-11 10:40:19,2026-09-19 12:50:12
CONT2026008623,2026-09-10 23:19:36,2026-09-12 06:43:20
CONT2026008624,2026-09-11 00:05:29,2026-09-19 16:44:42
CONT2026008625,2026-09-13 21:19:47,
CONT2026008626,2026-09-09 03:42:50,2026-09-20 14:55:32
CONT2026008627,2026-09-10 13:16:55,2026-09-19 22:14:35
CONT2026008628,2026-09-08 01:37:21,2026-09-08 10:55:50
CONT2026008629,2026-09-07 19:14:59,2026-09-19 18:52:27
CONT2026008630,2026-09-09 07:45:45,
CONT2026008631,2026-09-16 11:06:57,2026-09-20 09:01:24
CONT2026008632,2026-09-10 13:43:10,2026-09-11 10:19:50
CONT2026008633,2026-09-16 14:07:26,2026-09-17 22:08:42
CONT2026008634,2026-09-06 13:34:46,
CONT2026008635,2026-09-13 17:04:47,
CONT2026008636,2026-09-06 16:30:30,2026-09-07 02:41:05
CONT2026008637,2026-09-15 11:53:43,2026-09-16 19:53:55
CONT2026008638,2026-09-06 23:05:37,2026-09-07 21:35:13
CONT2026008639,2026-09-11 23:31:01,2026-09-12 04:52:59
CONT2026008640,2026-09-17 11:09:45,2026-09-20 00:53:21
CONT2026008641,2026-09-16 06:52:12,2026-09-16 14:17:22
CONT2026008642,2026-09-13 04:18:42,2026-09-19 15:01:16
CONT2026008643,2026-09-12 12:16:33,2026-09-19 21:43:35
CONT2026008644,2026-09-17 13:36:42,2026-09-18 17:20:01
CONT2026008645,2026-09-09 14:31:26,2026-09-21 06:19:48
CONT2026008646,2026-09-15 05:26:01,2026-09-20 15:56:59
CONT2026008647,2026-09-08 03:05:34,
CONT2026008648,2026-09-13 15:04:55,
CONT2026008649,2026-09-11 19:19:26,2026-09-20 07:10:27
CONT2026008650,2026-09-08 14:56:32,2026-09-20 14:40:38
CONT2026008651,2026-09-07 22:17:09,2026-09-08 19:07:54
CONT2026008652,2026-09-11 11:21:21,2026-09-19 23:41:37
CONT2026008653,2026-09-17 22:34:17,2026-09-20 11:40:45
CONT2026008654,2026-09-12 13:42:44,2026-09-13 13:15:59
CONT2026008655,2026-09-07 10:16:05,2026-09-08 23:25:25
CONT2026008656,2026-09-14 01:02:07,2026-09-15 04:38:15
CONT2026008657,2026-09-16 21:47:56,2026-09-20 16:37:31
CONT2026008658,2026-09-17 12:06:13,2026-09-18 21:07:28
CONT2026008659,2026-09-07 05:07:29,2026-09-08 02:24:21
CONT2026008660,2026-09-13 08:17:07,2026-09-13 21:09:06
CONT2026008661,2026-09-09 17:28:18,2026-09-10 22:45:01
CONT2026008662,2026-09-13 00:24:52,2026-09-13 21:11:00
CONT2026008663,2026-09-14 05:57:44,2026-09-14 09:57:44
CONT2026008664,2026-09-09 12:36:22,2026-09-20 03:43:50
CONT2026008665,2026-09-12 12:26:30,2026-09-20 06:22:42
CONT2026008666,2026-09-10 15:58:08,2026-09-21 12:30:06
CONT2026008667,2026-09-12 22:32:55,2026-09-20 15:36:27
CONT2026008668,2026-09-12 02:41:54,2026-09-20 15:35:24
CONT2026008669,2026-09-08 05:21:01,
CONT2026008670,2026-09-07 12:03:24,2026-09-08 09:48:21
CONT2026008671,2026-09-07 22:57:00,
CONT2026008672,2026-09-08 20:57:40,2026-09-21 04:23:15
CONT2026008673,2026-09-17 05:54:18,2026-09-18 05:45:31
CONT2026008674,2026-09-09 22:06:35,2026-09-21 11:55:08
CONT2026008675,2026-09-13 11:59:00,
CONT2026008676,2026-09-07 13:17:53,2026-09-21 10:00:09
CONT2026008677,2026-09-16 16:57:58,2026-09-20 16:49:39
CONT2026008678,2026-09-12 08:04:32,2026-09-21 11:56:20
CONT2026008679,2026-09-08 23:47:35,2026-09-21 15:48:11
CONT2026008680,2026-09-10 09:50:53,
CONT2026008681,2026-09-14 09:56:28,2026-09-20 06:34:17
CONT2026008682,2026-09-11 18:30:43,2026-09-12 03:21:00
CONT2026008683,2026-09-08 13:04:49,
CONT2026008684,2026-09-09 21:53:39,2026-09-10 18:02:32
CONT2026008685,2026-09-13 21:07:27,2026-09-20 23:34:43
CONT2026008686,2026-09-13 09:55:47,2026-09-14 05:46:28
CONT2026008687,2026-09-13 00:55:23,2026-09-21 18:00:56
CONT2026008688,2026-09-09 14:19:14,
CONT2026008689,2026-09-08 06:56:03,2026-09-09 05:40:02
CONT2026008690,2026-09-17 23:05:58,2026-09-18 11:02:35
CONT2026008691,2026-09-07 21:00:03,2026-09-21 08:52:48
CONT2026008692,2026-09-17 08:33:52,2026-09-18 13:21:25
CONT2026008693,2026-09-08 22:47:29,2026-09-09 12:02:32
CONT2026008694,2026-09-09 09:59:23,2026-09-09 22:57:23
CONT2026008695,2026-09-16 12:14:32,2026-09-16 17:39:53
CONT2026008696,2026-09-08 22:48:11,2026-09-21 00:50:40
CONT2026008697,2026-09-18 09:43:09,2026-09-19 13:45:25
CONT2026008698,2026-09-16 20:50:55,2026-09-20 16:27:35
CONT2026008699,2026-09-10 09:25:03,2026-09-10 22:20:55
CONT2026008700,2026-09-15 14:53:09,
CONT2026008701,2026-09-13 16:00:45,2026-09-14 15:45:05
CONT2026008702,2026-09-18 00:02:49,2026-09-20 17:10:54
CONT2026008703,2026-09-14 12:36:02,2026-09-21 05:52:59
CONT2026008704,2026-09-08 20:20:59,2026-09-09 12:26:50
CONT2026008705,2026-09-17 08:19:26,
CONT2026008706,2026-09-17 01:46:03,
CONT2026008707,2026-09-12 09:25:20,2026-09-13 13:28:09
CONT2026008708,2026-09-15 16:15:32,2026-09-16 08:50:43
CONT2026008709,2026-09-13 09:28:31,2026-09-20 19:20:51
CONT2026008710,2026-09-10 21:54:52,2026-09-11 16:55:21
CONT2026008711,2026-09-14 09:45:46,
CONT2026008712,2026-09-17 23:35:24,2026-09-20 22:07:48
CONT2026008713,2026-09-16 01:04:46,2026-09-21 09:57:05
CONT2026008714,2026-09-10 16:30:11,2026-09-21 02:46:06
CONT2026008715,2026-09-13 14:16:00,2026-09-14 12:56:15
CONT2026008716,2026-09-17 12:56:44,2026-09-18 17:31:30
CONT2026008717,2026-09-12 20:22:44,2026-09-20 17:44:28
CONT2026008718,2026-09-15 01:41:00,2026-09-15 05:41:00
CONT2026008719,2026-09-12 07:16:54,2026-09-12 15:06:39
CONT2026008720,2026-09-14 07:15:43,2026-09-20 12:14:17
CONT2026008721,2026-09-11 08:04:27,2026-09-20 15:51:40
CONT2026008722,2026-09-10 00:42:23,2026-09-10 22:28:49
CONT2026008723,2026-09-17 12:23:45,2026-09-22 02:09:14
CONT2026008724,2026-09-09 18:59:09,2026-09-21 22:00:28
CONT2026008725,2026-09-08 23:07:36,2026-09-21 10:43:35
CONT2026008726,2026-09-16 20:33:43,
CONT2026008727,2026-09-13 21:17:57,
CONT2026008728,2026-09-16 22:07:05,
CONT2026008729,2026-09-10 01:31:05,2026-09-10 18:37:34
CONT2026008730,2026-09-14 21:59:32,2026-09-15 23:34:34
CONT2026008731,2026-09-11 06:59:55,
CONT2026008732,2026-09-10 18:07:58,2026-09-20 17:52:24
CONT2026008733,2026-09-09 14:50:35,2026-09-20 16:15:20
CONT2026008734,2026-09-09 20:47:47,2026-09-21 04:13:19
CONT2026008735,2026-09-13 15:51:58,2026-09-21 10:21:12
CONT2026008736,2026-09-18 01:28:12,2026-09-18 18:37:59
CONT2026008737,2026-09-18 01:23:59,2026-09-21 20:12:08
CONT2026008738,2026-09-14 10:51:48,
CONT2026008739,2026-09-18 01:31:07,
CONT2026008740,2026-09-08 03:18:57,
CONT2026008741,2026-09-10 00:54:33,2026-09-21 10:30:34
CONT2026008742,2026-09-12 09:09:03,2026-09-20 16:35:09
CONT2026008743,2026-09-17 00:21:49,2026-09-17 23:36:31
CONT2026008744,2026-09-10 04:42:25,2026-09-22 01:16:34
CONT2026008745,2026-09-15 11:04:51,2026-09-16 03:06:55
CONT2026008746,2026-09-13 22:55:04,2026-09-14 14:57:41
CONT2026008747,2026-09-18 02:53:47,2026-09-19 01:36:39
CONT2026008748,2026-09-13 20:24:07,2026-09-14 08:48:58
CONT2026008749,2026-09-15 09:42:33,2026-09-15 13:46:56
CONT2026008750,2026-09-18 03:59:26,2026-09-21 13:16:37
CONT2026008751,2026-09-12 10:25:19,2026-09-20 12:50:42
CONT2026008752,2026-09-15 05:52:43,2026-09-16 03:15:19
CONT2026008753,2026-09-17 04:10:03,2026-09-17 19:04:43
CONT2026008754,2026-09-14 18:52:00,2026-09-20 23:18:52
CONT2026008755,2026-09-18 06:52:28,2026-09-21 15:46:03
CONT2026008756,2026-09-18 14:04:37,2026-09-21 06:11:58
CONT2026008757,2026-09-18 02:47:49,2026-09-18 18:50:54
CONT2026008758,2026-09-15 05:36:08,2026-09-15 23:49:34
CONT2026008759,2026-09-14 16:41:50,2026-09-21 12:05:19
CONT2026008760,2026-09-09 05:16:45,2026-09-21 09:23:16
CONT2026008761,2026-09-08 09:11:08,2026-09-09 00:22:13
CONT2026008762,2026-09-09 12:23:39,2026-09-10 19:52:51
CONT2026008763,2026-09-17 02:41:38,2026-09-21 11:09:11
CONT2026008764,2026-09-09 13:55:46,
CONT2026008765,2026-09-10 22:11:10,2026-09-21 14:51:52
CONT2026008766,2026-09-15 12:12:19,2026-09-21 13:28:57
CONT2026008767,2026-09-15 01:20:36,2026-09-21 21:00:53
CONT2026008768,2026-09-11 00:56:10,2026-09-22 09:56:04
CONT2026008769,2026-09-14 04:30:57,2026-09-20 20:15:34
CONT2026008770,2026-09-12 18:02:11,2026-09-21 15:10:59
CONT2026008771,2026-09-17 11:21:07,2026-09-21 18:28:28
CONT2026008772,2026-09-08 06:37:41,2026-09-21 12:48:06
CONT2026008773,2026-09-15 07:12:12,2026-09-21 11:16:46
CONT2026008774,2026-09-15 12:37:34,2026-09-21 18:05:20
CONT2026008775,2026-09-14 13:36:14,2026-09-22 07:40:05
CONT2026008776,2026-09-15 16:50:33,2026-09-21 14:22:27
CONT2026008777,2026-09-14 16:08:23,2026-09-15 16:02:01
CONT2026008778,2026-09-08 09:22:10,2026-09-21 22:10:56
CONT2026008779,2026-09-12 03:43:37,2026-09-13 01:56:38
CONT2026008780,2026-09-12 13:03:34,2026-09-22 08:19:52
CONT2026008781,2026-09-14 13:13:55,2026-09-15 03:57:22
CONT2026008782,2026-09-15 09:59:14,2026-09-16 06:56:57
CONT2026008783,2026-09-16 13:51:22,2026-09-21 09:36:30
CONT2026008784,2026-09-15 18:16:26,2026-09-21 19:48:56
CONT2026008785,2026-09-15 20:02:52,2026-09-21 17:38:48
CONT2026008786,2026-09-11 22:10:09,2026-09-21 10:38:22
CONT2026008787,2026-09-15 23:31:18,2026-09-17 01:31:39
CONT2026008788,2026-09-16 11:55:04,2026-09-21 13:35:50
CONT2026008789,2026-09-12 07:04:18,2026-09-21 16:45:03
CONT2026008790,2026-09-09 04:15:13,
CONT2026008791,2026-09-14 12:12:58,2026-09-22 02:42:19
CONT2026008792,2026-09-12 14:24:24,2026-09-12 23:57:27
CONT2026008793,2026-09-17 13:11:18,
CONT2026008794,2026-09-12 21:17:04,2026-09-21 01:52:16
CONT2026008795,2026-09-14 03:04:18,
CONT2026008796,2026-09-18 19:58:27,2026-09-19 15:23:45
CONT2026008797,2026-09-10 09:04:01,
CONT2026008798,2026-09-12 12:35:40,2026-09-22 12:51:37
CONT2026008799,2026-09-11 04:21:13,2026-09-12 07:48:39
CONT2026008800,2026-09-15 23:45:51,2026-09-16 12:47:21
CONT2026008801,2026-09-12 18:41:10,2026-09-13 10:16:56
CONT2026008802,2026-09-15 10:40:10,2026-09-16 11:01:31
CONT2026008803,2026-09-16 14:02:17,2026-09-22 17:35:45
CONT2026008804,2026-09-16 03:53:00,
CONT2026008805,2026-09-16 12:21:10,2026-09-22 06:11:23
CONT2026008806,2026-09-14 19:18:23,2026-09-15 05:44:18
CONT2026008807,2026-09-08 14:24:51,2026-09-10 07:36:40
CONT2026008808,2026-09-13 01:33:45,
CONT2026008809,2026-09-16 08:04:27,
CONT2026008810,2026-09-16 02:05:36,
CONT2026008811,2026-09-13 03:23:36,2026-09-13 22:26:15
CONT2026008812,2026-09-17 16:02:04,2026-09-21 18:04:52
CONT2026008813,2026-09-12 20:57:10,2026-09-21 10:12:47
CONT2026008814,2026-09-18 09:35:18,2026-09-19 08:25:13
CONT2026008815,2026-09-09 21:00:41,2026-09-10 19:12:49
CONT2026008816,2026-09-09 11:21:08,2026-09-10 13:40:39
CONT2026008817,2026-09-14 16:03:01,2026-09-22 12:16:51
CONT2026008818,2026-09-15 16:00:35,
CONT2026008819,2026-09-10 11:41:17,2026-09-11 09:03:17
CONT2026008820,2026-09-15 00:11:49,2026-09-23 07:27:44
CONT2026008821,2026-09-09 15:47:10,2026-09-10 12:30:23
CONT2026008822,2026-09-12 01:12:16,2026-09-12 16:54:32
CONT2026008823,2026-09-19 01:00:23,2026-09-19 21:52:49
CONT2026008824,2026-09-11 10:51:43,2026-09-12 02:10:13
CONT2026008825,2026-09-10 14:20:58,
CONT2026008826,2026-09-12 02:40:51,2026-09-12 19:05:11
CONT2026008827,2026-09-18 20:24:19,
CONT2026008828,2026-09-17 01:31:28,2026-09-22 17:34:44
CONT2026008829,2026-09-11 18:26:57,2026-09-23 03:04:40
CONT2026008830,2026-09-15 07:35:10,2026-09-15 14:13:34
CONT2026008831,2026-09-18 15:39:49,2026-09-19 02:22:12
CONT2026008832,2026-09-13 02:40:44,2026-09-13 23:19:22
CONT2026008833,2026-09-11 07:59:05,2026-09-23 03:54:11
CONT2026008834,2026-09-19 15:37:02,2026-09-22 23:07:16
CONT2026008835,2026-09-16 03:32:06,
CONT2026008836,2026-09-18 21:45:55,2026-09-19 14:09:52
CONT2026008837,2026-09-15 15:59:30,2026-09-23 07:24:15
CONT2026008838,2026-09-19 01:54:43,2026-09-23 03:37:21
CONT2026008839,2026-09-17 13:02:35,2026-09-18 18:43:27
CONT2026008840,2026-09-19 06:52:38,2026-09-20 16:50:39
CONT2026008841,2026-09-10 15:56:49,
CONT2026008842,2026-09-15 01:01:32,2026-09-23 19:01:18
CONT2026008843,2026-09-15 21:24:01,2026-09-16 14:13:29
CONT2026008844,2026-09-18 20:52:57,2026-09-19 00:52:57
CONT2026008845,2026-09-18 18:28:29,2026-09-19 08:29:48
CONT2026008846,2026-09-20 12:41:56,
CONT2026008847,2026-09-13 06:52:11,2026-09-14 08:02:59
CONT2026008848,2026-09-18 07:03:45,2026-09-23 20:52:15
CONT2026008849,2026-09-10 08:49:13,2026-09-11 18:45:07
CONT2026008850,2026-09-18 14:52:56,2026-09-19 08:43:49
CONT2026008851,2026-09-16 06:43:20,
CONT2026008852,2026-09-12 17:35:58,2026-09-13 19:37:30
CONT2026008853,2026-09-15 22:42:34,2026-09-23 01:11:07
CONT2026008854,2026-09-15 11:03:14,
CONT2026008855,2026-09-10 21:04:02,2026-09-11 23:03:01
CONT2026008856,2026-09-13 03:30:28,2026-09-14 13:30:08
CONT2026008857,2026-09-21 01:52:04,2026-09-21 19:56:00
CONT2026008858,2026-09-20 19:22:12,
CONT2026008859,2026-09-16 09:27:00,2026-09-17 08:44:36
CONT2026008860,2026-09-15 00:59:27,2026-09-23 20:38:27
CONT2026008861,2026-09-11 11:08:20,2026-09-24 01:47:21
CONT2026008862,2026-09-10 21:23:01,2026-09-24 05:53:07
CONT2026008863,2026-09-15 01:26:05,2026-09-24 07:41:32
CONT2026008864,2026-09-18 19:27:50,2026-09-19 09:45:40
CONT2026008865,2026-09-13 08:31:31,2026-09-14 00:37:50
CONT2026008866,2026-09-13 18:30:25,
CONT2026008867,2026-09-20 22:39:55,
CONT2026008868,2026-09-18 10:34:49,2026-09-24 11:28:23
CONT2026008869,2026-09-10 05:20:06,2026-09-11 04:07:19
CONT2026008870,2026-09-17 02:26:17,2026-09-23 06:20:28
CONT2026008871,2026-09-15 16:12:33,2026-09-23 01:29:23
CONT2026008872,2026-09-11 13:01:11,2026-09-23 03:02:14
CONT2026008873,2026-09-15 19:58:11,2026-09-16 15:08:43
CONT2026008874,2026-09-17 15:44:09,2026-09-23 16:59:44
CONT2026008875,2026-09-20 09:04:40,2026-09-24 01:11:17
CONT2026008876,2026-09-19 19:36:41,2026-09-20 12:02:26
CONT2026008877,2026-09-20 23:39:34,2026-09-23 12:27:27
CONT2026008878,2026-09-11 12:18:56,2026-09-12 02:55:46
CONT2026008879,2026-09-14 01:02:38,2026-09-14 21:10:03
CONT2026008880,2026-09-15 02:55:32,2026-09-15 14:04:50
CONT2026008881,2026-09-13 14:22:56,2026-09-24 08:11:29
CONT2026008882,2026-09-14 08:43:04,2026-09-23 19:18:08
CONT2026008883,2026-09-15 21:42:10,
CONT2026008884,2026-09-15 02:03:00,
CONT2026008885,2026-09-20 20:50:33,2026-09-23 12:52:37
CONT2026008886,2026-09-14 09:45:49,
CONT2026008887,2026-09-13 04:39:10,2026-09-23 17:42:15
CONT2026008888,2026-09-13 12:00:26,2026-09-24 03:00:13
CONT2026008889,2026-09-17 05:38:47,
CONT2026008890,2026-09-18 15:39:52,2026-09-24 06:38:09
CONT2026008891,2026-09-19 01:40:28,2026-09-23 08:19:48
CONT2026008892,2026-09-10 01:48:23,2026-09-11 00:50:14
CONT2026008893,2026-09-12 03:02:13,2026-09-12 21:09:18
CONT2026008894,2026-09-16 22:32:39,2026-09-18 08:02:17
CONT2026008895,2026-09-17 04:45:34,2026-09-18 04:46:50
CONT2026008896,2026-09-16 11:48:32,2026-09-16 15:48:32
CONT2026008897,2026-09-11 23:44:24,2026-09-23 20:57:29
CONT2026008898,2026-09-15 11:03:10,2026-09-22 23:17:59
CONT2026008899,2026-09-20 14:16:18,2026-09-22 02:07:48
CONT2026008900,2026-09-17 00:45:17,2026-09-23 08:35:24
CONT2026008901,2026-09-17 17:52:54,
CONT2026008902,2026-09-17 16:29:12,2026-09-23 03:59:24
CONT2026008903,2026-09-09 15:15:29,2026-09-23 09:21:59
CONT2026008904,2026-09-10 01:15:54,2026-09-11 02:46:40
CONT2026008905,2026-09-20 17:58:43,2026-09-23 06:20:34
CONT2026008906,2026-09-19 20:28:29,2026-09-20 16:23:55
CONT2026008907,2026-09-20 17:11:45,2026-09-23 09:10:35
CONT2026008908,2026-09-13 02:53:21,2026-09-13 16:42:32
CONT2026008909,2026-09-14 01:10:54,2026-09-23 18:08:14
CONT2026008910,2026-09-14 05:58:09,2026-09-23 22:26:02
CONT2026008911,2026-09-17 07:24:16,
CONT2026008912,2026-09-11 08:10:04,2026-09-24 10:16:19
CONT2026008913,2026-09-20 01:58:30,2026-09-23 14:32:06
CONT2026008914,2026-09-13 13:15:45,2026-09-24 23:28:50
CONT2026008915,2026-09-13 16:57:38,2026-09-23 21:51:56
CONT2026008916,2026-09-11 21:26:12,2026-09-24 15:18:01
CONT2026008917,2026-09-15 10:30:50,2026-09-25 02:49:31
CONT2026008918,2026-09-12 06:29:13,
CONT2026008919,2026-09-11 17:03:53,2026-09-24 10:38:31
CONT2026008920,2026-09-17 01:19:28,2026-09-17 22:16:57
CONT2026008921,2026-09-19 06:37:30,2026-09-24 20:55:23
CONT2026008922,2026-09-20 07:52:53,
CONT2026008923,2026-09-13 19:18:32,
CONT2026008924,2026-09-21 20:56:39,2026-09-22 23:42:41
CONT2026008925,2026-09-15 03:27:47,2026-09-15 21:13:15
CONT2026008926,2026-09-13 23:59:35,
CONT2026008927,2026-09-17 07:28:28,2026-09-24 21:14:01
CONT2026008928,2026-09-12 00:28:39,2026-09-12 23:54:32
CONT2026008929,2026-09-18 14:59:24,2026-09-24 12:02:21
CONT2026008930,2026-09-16 11:57:34,2026-09-17 15:23:35
CONT2026008931,2026-09-13 09:24:03,2026-09-14 06:23:56
CONT2026008932,2026-09-11 06:55:10,2026-09-11 18:22:44
CONT2026008933,2026-09-13 09:06:54,2026-09-14 15:49:50
CONT2026008934,2026-09-21 18:53:59,2026-09-24 08:57:59
CONT2026008935,2026-09-18 02:34:13,2026-09-24 21:12:06
CONT2026008936,2026-09-14 07:51:56,2026-09-15 08:18:29
CONT2026008937,2026-09-15 02:53:54,2026-09-25 15:38:06
CONT2026008938,2026-09-22 11:36:17,2026-09-23 01:57:17
CONT2026008939,2026-09-19 00:02:35,2026-09-26 02:04:03
CONT2026008940,2026-09-20 05:46:08,2026-09-21 00:18:56
CONT2026008941,2026-09-15 09:16:17,2026-09-26 12:19:37
CONT2026008942,2026-09-21 04:19:34,2026-09-22 03:08:33
CONT2026008943,2026-09-21 18:28:59,2026-09-25 21:15:56
CONT2026008944,2026-09-21 12:24:18,2026-09-22 03:06:10
CONT2026008945,2026-09-18 16:16:59,2026-09-26 03:42:33
CONT2026008946,2026-09-13 12:12:15,2026-09-14 09:36:54
CONT2026008947,2026-09-14 15:09:48,2026-09-15 07:28:13
CONT2026008948,2026-09-19 00:31:01,2026-09-26 18:25:48
CONT2026008949,2026-09-17 19:07:15,
CONT2026008950,2026-09-20 06:47:29,2026-09-27 05:13:13
CONT2026008951,2026-09-12 21:50:28,2026-09-14 10:01:53
CONT2026008952,2026-09-23 05:58:27,2026-09-26 22:59:45
CONT2026008953,2026-09-14 01:54:58,2026-09-27 01:42:43
CONT2026008954,2026-09-14 16:42:11,2026-09-26 07:07:48
CONT2026008955,2026-09-20 01:45:41,2026-09-26 16:49:32
CONT2026008956,2026-09-18 07:59:14,2026-09-19 22:49:41
CONT2026008957,2026-09-14 12:48:16,2026-09-27 09:21:07
CONT2026008958,2026-09-19 15:51:00,2026-09-27 14:27:24
CONT2026008959,2026-09-23 08:53:47,
CONT2026008960,2026-09-14 10:38:37,2026-09-27 18:22:41
CONT2026008961,2026-09-16 09:36:29,2026-09-28 10:41:07
CONT2026008962,2026-09-17 17:36:38,2026-09-28 00:39:06
CONT2026008963,2026-09-24 16:58:00,2026-09-25 23:08:45
CONT2026008964,2026-09-14 04:32:59,
CONT2026008965,2026-09-20 06:34:08,2026-09-21 02:04:45
CONT2026008966,2026-09-21 15:15:23,2026-09-22 10:00:42
CONT2026008967,2026-09-21 01:09:51,2026-09-27 05:35:01
CONT2026008968,2026-09-20 11:38:38,2026-09-20 23:19:59
CONT2026008969,2026-09-15 16:55:12,2026-09-17 01:17:00
CONT2026008970,2026-09-24 15:08:39,2026-09-25 20:36:45
CONT2026008971,2026-09-23 08:00:54,2026-09-27 11:28:03
CONT2026008972,2026-09-20 04:07:25,2026-09-27 17:34:40
CONT2026008973,2026-09-24 17:30:13,2026-09-28 02:19:10
CONT2026008974,2026-09-21 00:37:54,2026-09-27 08:27:11
CONT2026008975,2026-09-23 01:25:04,2026-09-27 17:38:56
CONT2026008976,2026-09-25 07:19:41,2026-09-27 18:31:56
CONT2026008977,2026-09-18 18:57:05,2026-09-19 08:17:17
CONT2026008978,2026-09-24 16:09:06,2026-09-25 00:15:59
CONT2026008979,2026-09-17 17:13:50,2026-09-18 09:10:49
CONT2026008980,2026-09-23 23:14:15,2026-09-24 22:30:55
CONT2026008981,2026-09-22 03:05:30,2026-09-28 09:47:26
CONT2026008982,2026-09-20 14:03:22,2026-09-28 12:56:58
CONT2026008983,2026-09-17 07:43:19,2026-09-18 02:14:25
CONT2026008984,2026-09-24 02:12:40,2026-09-24 21:27:31
CONT2026008985,2026-09-18 15:25:44,2026-09-19 08:30:45
CONT2026008986,2026-09-21 08:08:39,2026-09-22 20:13:54
CONT2026008987,2026-09-19 19:58:17,2026-09-20 12:20:33
CONT2026008988,2026-09-18 10:25:30,2026-09-27 15:26:48
CONT2026008989,2026-09-21 19:23:07,2026-09-23 02:01:13
CONT2026008990,2026-09-23 01:04:06,2026-09-23 08:49:12
CONT2026008991,2026-09-16 13:22:54,2026-09-16 23:37:38
CONT2026008992,2026-09-17 09:22:34,2026-09-18 08:26:14
CONT2026008993,2026-09-23 20:20:01,2026-09-24 12:59:25
CONT2026008994,2026-09-18 16:24:09,2026-09-27 20:24:01
CONT2026008995,2026-09-20 01:41:38,2026-09-20 18:41:59
CONT2026008996,2026-09-23 02:45:18,2026-09-28 20:34:15
CONT2026008997,2026-09-23 03:19:20,2026-09-27 22:24:13
CONT2026008998,2026-09-20 02:03:26,2026-09-28 04:09:08
CONT2026008999,2026-09-24 21:10:26,2026-09-27 06:49:52
CONT2026009000,2026-09-15 01:18:08,2026-09-28 03:21:00
CONT2026009001,2026-09-21 17:38:21,2026-09-22 13:58:18
CONT2026009002,2026-09-14 06:46:13,2026-09-27 20:58:01
CONT2026009003,2026-09-15 02:28:30,2026-09-27 18:51:54
CONT2026009004,2026-09-24 09:06:41,2026-09-28 06:45:59
CONT2026009005,2026-09-25 02:55:58,2026-09-27 08:53:32
CONT2026009006,2026-09-20 05:25:41,2026-09-21 01:31:46
CONT2026009007,2026-09-24 17:02:15,2026-09-24 21:02:15
CONT2026009008,2026-09-24 13:17:09,2026-09-25 19:40:33
CONT2026009009,2026-09-17 02:09:45,2026-09-28 08:30:13
CONT2026009010,2026-09-14 17:17:39,2026-09-28 00:47:47
CONT2026009011,2026-09-25 11:18:49,
CONT2026009012,2026-09-20 04:49:35,2026-09-21 01:36:02
CONT2026009013,2026-09-16 10:22:23,
CONT2026009014,2026-09-19 09:47:16,2026-09-28 00:49:32
CONT2026009015,2026-09-20 18:58:50,2026-09-28 19:51:33
CONT2026009016,2026-09-21 18:33:04,2026-09-23 00:31:46
CONT2026009017,2026-09-16 04:32:56,2026-09-29 00:29:35
CONT2026009018,2026-09-22 21:45:41,2026-09-23 19:16:05
CONT2026009019,2026-09-22 01:17:10,2026-09-22 23:49:03
CONT2026009020,2026-09-24 04:35:44,2026-09-28 17:29:52
CONT2026009021,2026-09-14 16:46:50,2026-09-15 12:17:14
CONT2026009022,2026-09-16 04:37:53,
CONT2026009023,2026-09-23 06:15:41,2026-09-24 01:00:33
CONT2026009024,2026-09-18 11:24:10,2026-09-29 03:55:20
CONT2026009025,2026-09-21 18:08:06,2026-09-22 22:00:17
CONT2026009026,2026-09-15 17:18:55,2026-09-28 17:26:59
CONT2026009027,2026-09-18 15:20:27,2026-09-27 09:12:43
CONT2026009028,2026-09-15 20:20:53,2026-09-17 01:02:05
CONT2026009029,2026-09-19 18:57:41,2026-09-28 12:39:24
CONT2026009030,2026-09-23 12:22:54,2026-09-29 13:02:30
CONT2026009031,2026-09-24 01:50:18,
CONT2026009032,2026-09-24 08:51:35,2026-09-24 19:30:32
CONT2026009033,2026-09-18 16:38:22,2026-09-19 12:57:33
CONT2026009034,2026-09-24 21:38:04,2026-09-25 15:31:21
CONT2026009035,2026-09-22 01:42:21,2026-09-29 18:42:09
CONT2026009036,2026-09-17 01:21:57,2026-09-29 16:50:54
CONT2026009037,2026-09-25 03:56:01,2026-09-29 00:50:08
CONT2026009038,2026-09-21 09:01:55,2026-09-22 03:40:55
CONT2026009039,2026-09-22 11:01:57,2026-09-23 12:42:47
CONT2026009040,2026-09-26 08:59:24,2026-09-27 02:30:41
CONT2026009041,2026-09-26 01:58:25,2026-09-26 16:15:00
CONT2026009042,2026-09-24 22:05:24,2026-09-25 11:46:01
CONT2026009043,2026-09-23 20:12:14,2026-09-24 22:16:21
CONT2026009044,2026-09-17 16:15:33,2026-09-18 01:25:27
CONT2026009045,2026-09-27 13:46:54,
CONT2026009046,2026-09-20 02:44:18,2026-09-21 07:56:21
CONT2026009047,2026-09-22 01:20:22,2026-09-23 02:36:27
CONT2026009048,2026-09-25 09:50:29,2026-09-29 13:22:50
CONT2026009049,2026-09-19 12:56:56,2026-09-30 09:33:31
CONT2026009050,2026-09-26 10:55:18,2026-09-29 20:21:44
CONT2026009051,2026-09-16 10:48:59,2026-09-18 01:09:09
CONT2026009052,2026-09-23 10:11:15,2026-09-24 17:52:22
CONT2026009053,2026-09-23 16:20:11,
CONT2026009054,2026-09-18 04:35:37,2026-09-29 19:42:54
CONT2026009055,2026-09-20 02:25:56,2026-09-20 19:05:14
CONT2026009056,2026-09-18 13:03:51,2026-09-30 06:47:07
CONT2026009057,2026-09-20 22:32:06,2026-09-22 02:01:32
CONT2026009058,2026-09-24 07:50:52,2026-09-24 19:17:55
CONT2026009059,2026-09-27 06:38:00,2026-09-28 03:01:47
CONT2026009060,2026-09-29 06:42:10,2026-09-29 11:28:26
CONT2026009061,2026-09-23 12:45:24,
CONT2026009062,2026-09-26 23:47:46,2026-09-27 07:13:12
CONT2026009063,2026-09-20 05:54:02,2026-10-02 11:00:10
CONT2026009064,2026-09-30 00:13:01,2026-09-30 16:47:16
CONT2026009065,2026-09-21 11:31:00,2026-10-03 05:11:08
CONT2026009066,2026-09-24 03:48:19,2026-10-02 10:28:46
CONT2026009067,2026-09-27 10:09:44,2026-09-27 19:49:43
CONT2026009068,2026-09-22 05:14:51,
CONT2026009069,2026-09-28 11:19:34,2026-10-02 18:39:18
CONT2026009070,2026-09-29 00:22:11,2026-10-02 21:44:22
CONT2026009071,2026-09-21 07:01:51,2026-10-03 19:29:02
CONT2026009072,2026-10-01 08:40:00,2026-10-04 00:13:23
CONT2026009073,2026-09-30 00:16:35,2026-10-04 18:25:59
CONT2026009074,2026-09-23 12:34:03,2026-10-04 09:33:26
CONT2026009075,2026-09-28 11:07:40,2026-09-29 09:52:19
CONT2026009076,2026-09-27 16:41:17,2026-10-03 21:01:44
CONT2026009077,2026-09-25 22:33:30,2026-10-03 17:28:44
CONT2026009078,2026-09-22 11:49:33,2026-10-03 23:41:28
CONT2026009079,2026-09-24 04:10:19,
CONT2026009080,2026-09-23 02:58:12,2026-10-04 18:32:58
CONT2026009081,2026-09-23 00:20:32,2026-10-04 22:05:52
CONT2026009082,2026-09-24 04:52:37,2026-10-05 00:56:08
CONT2026009083,2026-09-22 04:48:57,2026-09-22 23:36:57
CONT2026009084,2026-09-25 11:24:14,2026-09-25 23:13:16
CONT2026009085,2026-09-22 18:37:17,2026-10-05 10:08:56
CONT2026009086,2026-09-28 14:06:09,2026-09-29 13:46:13
CONT2026009087,2026-09-23 11:20:13,2026-09-23 15:20:13
CONT2026009088,2026-09-21 09:07:24,2026-09-22 16:00:21
CONT2026009089,2026-10-01 16:08:08,2026-10-02 09:57:33
CONT2026009090,2026-10-01 21:56:56,2026-10-02 23:09:15
CONT2026009091,2026-09-29 17:34:09,2026-09-30 16:58:34
CONT2026009092,2026-09-28 19:29:46,2026-10-04 15:31:50
CONT2026009093,2026-09-27 02:06:48,
CONT2026009094,2026-09-23 19:13:36,
CONT2026009095,2026-09-25 00:54:48,2026-09-25 06:25:15
CONT2026009096,2026-10-01 10:44:17,2026-10-05 13:40:02
CONT2026009097,2026-10-02 11:55:29,2026-10-04 19:57:58
CONT2026009098,2026-09-29 03:39:52,2026-10-05 10:26:06
CONT2026009099,2026-09-22 21:57:42,2026-10-05 12:31:08
CONT2026009100,2026-09-25 05:01:57,2026-10-05 03:10:53
CONT2026009101,2026-09-29 19:46:59,
CONT2026009102,2026-09-22 06:15:10,2026-10-05 04:14:59
CONT2026009103,2026-09-28 21:23:29,2026-10-05 08:23:19
CONT2026009104,2026-09-27 15:15:09,2026-10-04 23:13:38
CONT2026009105,2026-09-30 21:55:52,2026-10-05 08:43:48
CONT2026009106,2026-10-01 06:51:25,
CONT2026009107,2026-09-23 14:30:17,2026-09-24 07:07:25
CONT2026009108,2026-09-26 16:03:20,2026-10-05 16:20:46
CONT2026009109,2026-09-25 15:26:40,2026-09-25 19:26:40
CONT2026009110,2026-09-22 08:30:28,2026-09-23 00:15:05
CONT2026009111,2026-09-30 21:18:33,2026-10-01 09:44:55
CONT2026009112,2026-10-01 02:38:39,2026-10-01 18:40:33
CONT2026009113,2026-10-01 05:04:39,2026-10-04 16:25:58
CONT2026009114,2026-10-02 09:25:00,2026-10-03 07:34:44
CONT2026009115,2026-09-30 11:19:56,
CONT2026009116,2026-09-29 20:38:16,2026-10-05 05:26:33
CONT2026009117,2026-09-24 09:27:10,2026-10-05 18:18:43
CONT2026009118,2026-09-24 00:19:46,2026-10-05 12:01:38
CONT2026009119,2026-10-02 13:27:09,2026-10-05 10:52:41
CONT2026009120,2026-09-26 12:45:57,2026-09-27 21:29:37
CONT2026009121,2026-09-29 10:22:54,2026-10-04 23:31:42
CONT2026009122,2026-09-25 14:42:29,2026-09-26 05:47:45
CONT2026009123,2026-09-21 18:51:00,
CONT2026009124,2026-09-26 07:03:00,2026-09-27 11:25:10
CONT2026009125,2026-10-01 03:56:36,2026-10-05 07:47:05
CONT2026009126,2026-09-30 11:18:24,2026-10-01 13:40:52
CONT2026009127,2026-09-23 09:09:33,2026-10-05 17:36:25
CONT2026009128,2026-09-24 10:34:28,
CONT2026009129,2026-09-27 02:27:13,2026-10-06 09:49:30
CONT2026009130,2026-09-24 11:09:35,
CONT2026009131,2026-09-25 04:16:35,
CONT2026009132,2026-09-22 17:50:38,2026-09-23 10:58:13
CONT2026009133,2026-10-02 13:15:52,2026-10-05 17:32:36
CONT2026009134,2026-09-22 09:14:06,2026-09-22 20:09:01
CONT2026009135,2026-09-27 19:02:46,2026-09-28 10:18:09
CONT2026009136,2026-09-24 15:46:20,
CONT2026009137,2026-09-22 10:32:09,2026-10-05 09:31:51
CONT2026009138,2026-10-02 11:22:09,2026-10-04 22:52:39
CONT2026009139,2026-09-25 01:04:41,2026-10-06 09:39:24
CONT2026009140,2026-09-22 13:36:29,2026-10-05 11:47:58
CONT2026009141,2026-10-01 14:58:35,2026-10-02 02:49:56
CONT2026009142,2026-09-26 20:55:52,2026-10-05 20:51:17
CONT2026009143,2026-09-27 09:17:40,2026-09-28 11:09:18
CONT2026009144,2026-09-25 00:35:06,2026-09-25 22:27:42
CONT2026009145,2026-09-24 11:05:26,2026-09-24 22:49:37
CONT2026009146,2026-10-03 08:47:56,2026-10-04 15:15:33
CONT2026009147,2026-10-02 09:37:10,2026-10-05 10:43:24
CONT2026009148,2026-09-24 13:29:41,2026-10-06 11:43:04
CONT2026009149,2026-09-27 01:31:47,
CONT2026009150,2026-09-26 16:10:55,2026-09-27 03:49:20
CONT2026009151,2026-09-28 05:29:39,2026-10-06 06:53:44
CONT2026009152,2026-09-27 17:48:49,2026-09-27 21:48:49
CONT2026009153,2026-09-22 12:16:28,2026-10-05 10:39:03
CONT2026009154,2026-09-24 00:24:43,2026-09-25 11:17:22
CONT2026009155,2026-09-27 18:08:13,
CONT2026009156,2026-09-30 11:20:52,
CONT2026009157,2026-09-23 14:58:49,
CONT2026009158,2026-10-01 04:18:48,2026-10-01 20:07:28
CONT2026009159,2026-09-27 23:43:06,2026-09-29 01:40:29
CONT2026009160,2026-09-30 02:47:25,2026-10-05 01:31:24
CONT2026009161,2026-09-29 10:30:25,2026-09-30 17:40:54
CONT2026009162,2026-09-22 15:59:31,
CONT2026009163,2026-09-25 18:51:09,2026-10-05 16:41:36
CONT2026009164,2026-09-28 01:56:41,2026-10-05 12:17:35
CONT2026009165,2026-09-28 08:34:47,2026-10-06 06:35:15
CONT2026009166,2026-09-27 06:57:22,2026-10-06 05:36:28
CONT2026009167,2026-09-24 21:44:11,2026-09-25 19:53:39
CONT2026009168,2026-09-29 14:34:58,
CONT2026009169,2026-09-27 16:06:34,2026-10-06 19:03:28
CONT2026009170,2026-09-25 12:12:14,2026-10-07 12:30:48
CONT2026009171,2026-09-27 20:43:36,
CONT2026009172,2026-09-29 15:14:58,2026-09-30 15:37:31
CONT2026009173,2026-09-28 02:35:26,
CONT2026009174,2026-09-29 10:04:51,2026-10-07 01:26:44
CONT2026009175,2026-10-03 02:10:33,2026-10-03 14:29:07
CONT2026009176,2026-10-02 23:07:37,2026-10-03 06:12:59
CONT2026009177,2026-09-26 14:46:43,2026-10-07 02:58:10
CONT2026009178,2026-10-01 07:28:15,2026-10-07 05:50:27
CONT2026009179,2026-09-29 17:37:11,2026-10-07 08:34:14
CONT2026009180,2026-09-29 18:30:42,2026-10-07 01:22:39
CONT2026009181,2026-09-26 09:25:48,2026-09-26 22:38:30
CONT2026009182,2026-09-29 06:27:24,2026-10-07 03:56:47
CONT2026009183,2026-09-27 23:55:53,2026-10-06 07:38:49
CONT2026009184,2026-09-29 10:18:37,2026-10-07 11:45:19
CONT2026009185,2026-10-03 23:55:31,2026-10-06 10:45:13
CONT2026009186,2026-09-24 19:44:55,2026-09-25 13:28:02
CONT2026009187,2026-09-28 00:10:52,2026-09-28 20:11:32
CONT2026009188,2026-09-26 16:43:34,2026-10-07 05:55:58
CONT2026009189,2026-09-25 05:35:35,2026-10-07 00:27:58
CONT2026009190,2026-09-29 07:38:21,2026-10-06 19:41:18
CONT2026009191,2026-09-24 08:25:48,2026-10-07 21:24:03
CONT2026009192,2026-09-24 13:01:44,2026-09-24 17:01:44
CONT2026009193,2026-09-24 20:40:31,
CONT2026009194,2026-10-04 04:57:28,2026-10-04 13:12:16
CONT2026009195,2026-10-02 09:55:50,2026-10-07 20:17:58
CONT2026009196,2026-10-01 02:53:44,2026-10-01 16:23:26
CONT2026009197,2026-09-30 04:27:00,2026-10-01 05:49:47
CONT2026009198,2026-10-02 17:41:04,2026-10-03 14:59:09
CONT2026009199,2026-10-02 20:00:46,2026-10-07 08:36:46
CONT2026009200,2026-10-02 21:26:38,2026-10-07 08:15:31
CONT2026009201,2026-09-26 12:36:18,2026-10-06 13:48:09
CONT2026009202,2026-09-25 10:24:32,2026-09-25 21:59:16
CONT2026009203,2026-09-24 09:26:36,
CONT2026009204,2026-09-27 15:04:42,2026-10-06 21:06:02
CONT2026009205,2026-10-03 09:59:14,2026-10-08 02:15:19
CONT2026009206,2026-09-26 06:49:57,2026-09-27 00:37:41
CONT2026009207,2026-09-26 13:54:49,
CONT2026009208,2026-10-02 17:56:55,2026-10-07 03:52:50
CONT2026009209,2026-10-02 15:05:32,2026-10-07 07:26:50
CONT2026009210,2026-09-27 14:29:24,2026-10-07 14:49:16
CONT2026009211,2026-09-27 12:04:37,2026-10-07 13:28:06
CONT2026009212,2026-09-26 03:48:34,2026-09-27 11:47:53
CONT2026009213,2026-10-01 04:21:50,
CONT2026009214,2026-09-28 02:01:58,
CONT2026009215,2026-09-25 23:45:06,2026-09-26 14:42:26
CONT2026009216,2026-09-24 19:46:19,2026-10-07 05:31:43
CONT2026009217,2026-09-29 21:21:51,2026-09-30 08:51:37
CONT2026009218,2026-09-25 00:14:51,2026-09-26 00:43:31
CONT2026009219,2026-09-29 00:10:33,2026-09-30 02:39:34
CONT2026009220,2026-09-25 16:52:41,2026-09-26 07:23:31
CONT2026009221,2026-09-29 20:53:30,2026-09-30 11:21:06
CONT2026009222,2026-09-27 15:28:14,2026-09-28 17:36:00
CONT2026009223,2026-09-28 06:16:46,2026-09-29 01:40:43
CONT2026009224,2026-10-02 22:18:40,2026-10-07 23:59:29
CONT2026009225,2026-09-26 05:22:01,2026-10-08 12:22:12
CONT2026009226,2026-10-03 13:58:08,2026-10-08 07:32:01
CONT2026009227,2026-09-27 14:22:06,2026-09-27 23:59:40
CONT2026009228,2026-09-30 18:05:09,
CONT2026009229,2026-09-29 09:34:47,2026-10-08 00:34:55
CONT2026009230,2026-10-04 01:00:22,2026-10-04 10:34:17
CONT2026009231,2026-09-24 23:45:26,2026-09-25 21:52:37
CONT2026009232,2026-10-01 21:45:25,2026-10-08 00:36:56
CONT2026009233,2026-09-28 04:03:13,2026-10-08 03:10:41
CONT2026009234,2026-09-28 02:10:12,2026-09-28 23:35:35
CONT2026009235,2026-10-04 01:54:07,2026-10-05 00:10:05
CONT2026009236,2026-09-29 21:40:52,2026-09-30 12:24:01
CONT2026009237,2026-10-04 23:46:22,2026-10-07 04:53:30
CONT2026009238,2026-10-04 05:31:50,
CONT2026009239,2026-09-28 00:05:47,
CONT2026009240,2026-10-02 15:25:45,
CONT2026009241,2026-09-28 08:28:14,2026-09-29 13:55:56
CONT2026009242,2026-09-27 13:12:23,2026-10-07 21:16:50
CONT2026009243,2026-09-27 00:23:00,2026-09-27 21:45:49
CONT2026009244,2026-10-04 05:03:37,2026-10-07 23:10:46
CONT2026009245,2026-10-05 13:32:39,2026-10-06 15:57:53
CONT2026009246,2026-10-01 05:51:33,2026-10-08 03:15:58
CONT2026009247,2026-09-24 22:55:57,2026-09-25 18:56:55
CONT2026009248,2026-10-01 04:09:21,2026-10-02 15:42:44
CONT2026009249,2026-09-26 09:36:34,2026-10-07 16:57:48
CONT2026009250,2026-10-04 11:21:16,2026-10-08 06:27:36
CONT2026009251,2026-09-28 19:31:58,2026-10-08 16:59:42
CONT2026009252,2026-09-30 22:25:31,2026-10-02 05:14:50
CONT2026009253,2026-10-02 13:31:39,2026-10-02 17:31:39
CONT2026009254,2026-10-01 01:30:57,2026-10-01 21:54:06
CONT2026009255,2026-09-30 11:53:57,2026-10-01 11:03:57
CONT2026009256,2026-10-04 01:11:38,
CONT2026009257,2026-10-07 00:07:06,2026-10-09 13:08:07
CONT2026009258,2026-09-29 14:09:17,2026-09-30 05:04:01
CONT2026009259,2026-09-29 23:13:05,
CONT2026009260,2026-09-30 06:26:57,2026-09-30 19:20:26
CONT2026009261,2026-10-07 01:47:14,2026-10-09 23:14:50
CONT2026009262,2026-09-28 06:21:55,2026-09-28 15:16:24
CONT2026009263,2026-09-27 23:06:55,2026-10-10 22:40:15
CONT2026009264,2026-10-06 13:19:44,
CONT2026009265,2026-10-05 03:42:45,
CONT2026009266,2026-10-02 04:40:37,2026-10-10 01:40:13
CONT2026009267,2026-10-04 17:45:30,2026-10-10 08:49:53
CONT2026009268,2026-10-07 08:18:06,2026-10-08 00:03:34
CONT2026009269,2026-09-26 12:39:38,2026-10-10 12:08:02
CONT2026009270,2026-10-02 23:19:43,2026-10-03 20:43:37
CONT2026009271,2026-10-05 20:19:33,
CONT2026009272,2026-09-29 07:33:43,2026-10-09 14:48:21
CONT2026009273,2026-10-01 09:41:30,2026-10-09 23:52:42
CONT2026009274,2026-09-28 23:55:27,2026-10-10 17:55:48
CONT2026009275,2026-10-03 11:35:30,
CONT2026009276,2026-10-05 22:49:03,2026-10-10 02:17:40
CONT2026009277,2026-09-26 20:10:30,2026-09-27 22:02:26
CONT2026009278,2026-10-02 13:18:49,2026-10-03 20:05:30
CONT2026009279,2026-09-27 05:35:38,2026-10-10 02:52:56
CONT2026009280,2026-09-29 23:29:15,
CONT2026009281,2026-10-04 07:40:27,2026-10-11 08:00:13
CONT2026009282,2026-10-07 05:12:32,2026-10-09 11:24:01
CONT2026009283,2026-09-28 23:14:26,2026-10-09 17:30:03
CONT2026009284,2026-09-29 18:26:02,2026-09-30 22:25:29
CONT2026009285,2026-09-29 15:29:18,
CONT2026009286,2026-10-02 21:38:46,2026-10-03 11:06:43
CONT2026009287,2026-09-29 08:15:16,2026-09-30 08:46:47
CONT2026009288,2026-09-30 06:13:39,2026-10-10 21:47:53
CONT2026009289,2026-09-30 00:16:08,
CONT2026009290,2026-10-02 03:34:41,2026-10-02 11:44:48
CONT2026009291,2026-10-03 04:13:56,2026-10-10 05:43:51
CONT2026009292,2026-10-02 02:12:23,2026-10-10 10:08:17
CONT2026009293,2026-10-01 08:03:34,2026-10-02 03:59:42
CONT2026009294,2026-10-05 03:53:21,
CONT2026009295,2026-10-05 23:48:43,2026-10-10 16:24:47
CONT2026009296,2026-09-30 18:01:12,2026-10-09 18:46:41
CONT2026009297,2026-09-28 00:28:42,2026-09-28 20:09:26
CONT2026009298,2026-09-29 16:13:41,2026-10-10 07:43:32
CONT2026009299,2026-09-27 17:18:28,2026-09-28 20:21:23
CONT2026009300,2026-09-29 05:04:30,2026-10-10 09:21:53
CONT2026009301,2026-09-27 16:50:02,2026-09-28 10:21:52
CONT2026009302,2026-09-30 14:23:38,2026-10-01 02:38:55
CONT2026009303,2026-09-29 08:51:02,2026-10-10 13:23:01
CONT2026009304,2026-10-05 04:29:25,2026-10-09 17:27:26
CONT2026009305,2026-10-07 19:21:01,2026-10-08 23:15:54
CONT2026009306,2026-10-06 16:47:46,
CONT2026009307,2026-10-03 20:22:39,
CONT2026009308,2026-09-29 03:44:34,
CONT2026009309,2026-10-06 13:48:40,2026-10-10 12:14:22
CONT2026009310,2026-09-29 16:43:16,2026-10-10 05:50:23
CONT2026009311,2026-10-02 20:41:44,2026-10-03 13:59:14
CONT2026009312,2026-10-06 07:07:56,2026-10-06 13:18:40
CONT2026009313,2026-10-05 12:03:10,2026-10-06 05:45:22
CONT2026009314,2026-09-30 04:21:17,2026-10-01 13:47:05
CONT2026009315,2026-09-28 00:51:57,2026-09-28 04:51:57
CONT2026009316,2026-09-27 07:44:51,
CONT2026009317,2026-09-27 13:17:45,2026-09-28 09:10:19
CONT2026009318,2026-09-28 01:21:03,2026-09-28 13:56:22
CONT2026009319,2026-10-07 11:36:07,
CONT2026009320,2026-09-28 22:36:49,2026-10-11 16:05:58
CONT2026009321,2026-10-06 10:49:46,2026-10-07 05:10:09
CONT2026009322,2026-10-04 09:02:30,2026-10-05 03:26:18
CONT2026009323,2026-10-03 01:38:57,
CONT2026009324,2026-10-01 08:45:38,2026-10-01 22:16:37
CONT2026009325,2026-09-30 18:37:33,2026-10-01 10:56:04
CONT2026009326,2026-09-29 03:09:01,2026-10-12 01:14:16
CONT2026009327,2026-10-05 09:59:24,2026-10-05 16:37:41
CONT2026009328,2026-10-08 00:47:09,2026-10-12 03:17:00
CONT2026009329,2026-10-04 17:16:23,2026-10-05 01:12:08
CONT2026009330,2026-10-08 19:45:32,2026-10-11 18:58:44
CONT2026009331,2026-10-01 17:45:40,2026-10-02 15:52:29
CONT2026009332,2026-10-01 23:29:15,2026-10-02 11:45:56
CONT2026009333,2026-10-08 12:36:39,2026-10-09 12:32:35
CONT2026009334,2026-10-05 23:10:16,2026-10-11 21:46:59
CONT2026009335,2026-10-04 04:51:45,2026-10-05 00:05:19
CONT2026009336,2026-10-08 17:32:28,2026-10-09 03:22:23
CONT2026009337,2026-09-28 20:49:08,
CONT2026009338,2026-10-03 19:50:15,2026-10-12 09:07:35
CONT2026009339,2026-10-02 22:08:38,2026-10-03 12:20:17
CONT2026009340,2026-09-29 19:20:24,2026-10-12 04:14:02
CONT2026009341,2026-10-09 00:09:41,2026-10-09 19:11:36
CONT2026009342,2026-10-07 01:05:58,
CONT2026009343,2026-10-07 02:23:07,2026-10-07 20:40:48
CONT2026009344,2026-09-29 23:05:21,2026-10-12 19:47:13
CONT2026009345,2026-09-29 11:44:03,2026-09-30 12:15:36
CONT2026009346,2026-10-09 03:38:54,2026-10-11 18:01:44
CONT2026009347,2026-10-02 11:11:29,2026-10-13 01:31:47
CONT2026009348,2026-10-04 11:45:37,2026-10-04 16:15:30
CONT2026009349,2026-10-04 13:00:30,
CONT2026009350,2026-09-29 23:44:32,2026-09-30 14:16:30
CONT2026009351,2026-10-01 01:40:49,2026-10-01 18:50:56
CONT2026009352,2026-10-04 08:58:10,2026-10-05 03:27:23
CONT2026009353,2026-10-05 19:36:46,2026-10-13 18:55:41
CONT2026009354,2026-10-05 00:07:54,2026-10-12 20:20:40
CONT2026009355,2026-10-07 20:24:29,
CONT2026009356,2026-10-09 22:17:33,2026-10-10 12:12:03
CONT2026009357,2026-09-30 22:28:40,
CONT2026009358,2026-10-09 06:06:19,
CONT2026009359,2026-10-03 03:24:32,2026-10-04 02:46:01
CONT2026009360,2026-10-08 06:07:54,2026-10-08 17:15:29
CONT2026009361,2026-10-08 04:23:30,2026-10-08 16:38:17
CONT2026009362,2026-10-02 12:29:11,2026-10-13 02:54:26
CONT2026009363,2026-10-04 07:05:43,2026-10-05 03:36:49
CONT2026009364,2026-10-01 18:20:27,
CONT2026009365,2026-10-03 02:28:32,2026-10-03 16:37:58
CONT2026009366,2026-10-09 21:50:33,
CONT2026009367,2026-10-05 18:11:34,
CONT2026009368,2026-10-07 01:56:13,
CONT2026009369,2026-10-07 21:08:18,2026-10-12 19:12:09
CONT2026009370,2026-10-07 13:24:13,
CONT2026009371,2026-10-01 17:18:42,2026-10-14 01:54:44
CONT2026009372,2026-10-08 14:49:42,2026-10-09 04:17:27
CONT2026009373,2026-10-08 18:13:20,2026-10-09 17:13:01
CONT2026009374,2026-10-03 07:52:00,2026-10-03 15:52:12
CONT2026009375,2026-10-10 06:07:29,2026-10-12 12:03:44
CONT2026009376,2026-10-01 06:18:12,2026-10-02 05:27:58
CONT2026009377,2026-10-05 08:19:54,
CONT2026009378,2026-10-09 15:37:16,2026-10-14 15:46:57
CONT2026009379,2026-10-08 21:02:04,2026-10-14 01:07:25
CONT2026009380,2026-10-04 00:05:18,
CONT2026009381,2026-10-06 10:56:50,2026-10-13 04:29:24
CONT2026009382,2026-10-04 15:28:34,2026-10-13 16:26:53
CONT2026009383,2026-09-29 20:06:12,2026-09-30 18:53:33
CONT2026009384,2026-10-09 11:46:03,2026-10-10 09:18:29
CONT2026009385,2026-10-07 04:04:35,2026-10-08 00:42:48
CONT2026009386,2026-10-01 02:28:24,2026-10-02 04:03:58
CONT2026009387,2026-09-30 01:27:16,2026-10-13 17:01:10
CONT2026009388,2026-10-02 14:03:27,2026-10-02 18:03:27
CONT2026009389,2026-10-01 11:25:35,2026-10-13 07:35:47
CONT2026009390,2026-10-06 11:25:45,2026-10-13 17:21:13
CONT2026009391,2026-10-10 08:24:32,2026-10-10 16:34:00
CONT2026009392,2026-10-07 23:46:51,2026-10-08 20:20:46
CONT2026009393,2026-10-06 01:39:35,
CONT2026009394,2026-10-03 14:01:05,2026-10-04 07:25:31
CONT2026009395,2026-10-03 02:32:04,2026-10-14 01:00:01
CONT2026009396,2026-10-09 13:21:25,2026-10-10 14:56:09
CONT2026009397,2026-10-06 07:20:06,2026-10-13 14:50:01
CONT2026009398,2026-10-04 05:20:40,2026-10-13 12:37:22
CONT2026009399,2026-10-02 21:13:10,
CONT2026009400,2026-10-07 00:44:23,2026-10-07 23:07:40
CONT2026009401,2026-09-30 17:49:48,2026-10-12 20:09:44
CONT2026009402,2026-10-09 16:47:44,2026-10-14 01:51:50
CONT2026009403,2026-10-10 10:56:48,
CONT2026009404,2026-10-03 09:14:54,2026-10-04 09:20:47
CONT2026009405,2026-10-02 12:03:06,2026-10-14 07:16:51
CONT2026009406,2026-10-03 05:32:43,2026-10-03 17:14:50
CONT2026009407,2026-10-03 12:36:55,2026-10-13 20:51:19
CONT2026009408,2026-10-10 00:32:21,
CONT2026009409,2026-10-05 20:58:29,2026-10-06 21:30:55
CONT2026009410,2026-10-09 11:07:50,2026-10-10 07:22:56
CONT2026009411,2026-10-03 13:22:08,2026-10-13 14:18:19
CONT2026009412,2026-10-05 07:27:55,2026-10-13 16:43:47
CONT2026009413,2026-10-02 23:01:20,2026-10-13 21:35:19
CONT2026009414,2026-10-06 17:30:37,2026-10-07 08:08:59
CONT2026009415,2026-10-03 16:15:02,
CONT2026009416,2026-09-29 22:05:56,
CONT2026009417,2026-10-07 21:24:32,2026-10-13 05:51:30
CONT2026009418,2026-10-04 12:45:47,2026-10-05 12:20:16
CONT2026009419,2026-10-01 14:26:57,2026-10-13 11:55:53
CONT2026009420,2026-10-03 05:28:03,2026-10-03 21:08:38
CONT2026009421,2026-10-02 00:47:02,2026-10-15 04:25:48
CONT2026009422,2026-10-10 02:58:52,2026-10-10 06:58:52
CONT2026009423,2026-10-03 20:44:59,2026-10-13 22:59:02
CONT2026009424,2026-10-01 09:51:35,2026-10-13 23:55:09
CONT2026009425,2026-10-01 14:15:39,
CONT2026009426,2026-10-06 00:08:16,2026-10-06 21:23:36
CONT2026009427,2026-10-11 18:38:23,2026-10-12 16:19:27
CONT2026009428,2026-10-10 23:07:49,
CONT2026009429,2026-10-03 08:59:03,2026-10-14 02:53:33
CONT2026009430,2026-10-03 02:23:05,2026-10-03 11:59:13
CONT2026009431,2026-10-07 20:24:47,2026-10-15 07:05:34
CONT2026009432,2026-10-06 13:04:11,2026-10-06 23:38:00
CONT2026009433,2026-10-11 10:27:12,2026-10-14 10:52:40
CONT2026009434,2026-10-09 00:35:15,2026-10-15 00:25:48
CONT2026009435,2026-10-07 13:05:57,2026-10-15 06:44:32
CONT2026009436,2026-10-10 13:43:50,2026-10-14 14:37:16
CONT2026009437,2026-10-06 06:45:08,2026-10-14 15:55:08
CONT2026009438,2026-10-03 15:44:33,2026-10-14 21:12:58
CONT2026009439,2026-10-07 21:21:00,2026-10-15 11:09:27
CONT2026009440,2026-10-11 16:08:47,2026-10-12 05:55:38
CONT2026009441,2026-10-05 11:55:31,2026-10-06 03:23:16
CONT2026009442,2026-10-07 03:53:44,2026-10-07 22:46:48
CONT2026009443,2026-10-06 03:43:57,2026-10-06 12:03:14
CONT2026009444,2026-10-06 15:45:34,2026-10-07 04:51:01
CONT2026009445,2026-10-03 12:32:36,2026-10-03 17:40:11
CONT2026009446,2026-10-05 17:05:35,2026-10-15 01:40:39
CONT2026009447,2026-10-08 14:23:49,2026-10-09 11:31:26
CONT2026009448,2026-10-03 11:27:28,
CONT2026009449,2026-10-01 21:57:12,
CONT2026009450,2026-10-02 04:17:35,2026-10-16 10:04:54
CONT2026009451,2026-10-04 03:52:25,2026-10-15 09:26:20
CONT2026009452,2026-10-05 08:02:26,
CONT2026009453,2026-10-04 22:22:00,2026-10-14 21:19:50
CONT2026009454,2026-10-04 12:28:11,2026-10-05 16:56:52
CONT2026009455,2026-10-03 03:35:28,2026-10-14 14:58:31
CONT2026009456,2026-10-05 11:13:54,2026-10-15 05:38:33
CONT2026009457,2026-10-11 18:18:57,2026-10-12 07:08:51
CONT2026009458,2026-10-06 09:23:20,2026-10-07 19:19:18
CONT2026009459,2026-10-01 12:46:39,2026-10-02 05:21:02
CONT2026009460,2026-10-02 22:33:18,2026-10-16 03:17:37
CONT2026009461,2026-10-11 15:22:10,
CONT2026009462,2026-10-07 18:27:06,2026-10-15 00:32:41
CONT2026009463,2026-10-01 18:51:05,2026-10-02 21:20:19
CONT2026009464,2026-10-03 02:04:52,2026-10-03 12:00:15
CONT2026009465,2026-10-11 14:49:29,2026-10-12 07:00:48
CONT2026009466,2026-10-10 01:59:33,2026-10-10 19:32:06
CONT2026009467,2026-10-07 02:18:38,
CONT2026009468,2026-10-04 20:45:16,2026-10-05 08:06:58
CONT2026009469,2026-10-10 11:24:13,2026-10-15 02:33:13
CONT2026009470,2026-10-07 09:46:20,2026-10-14 20:52:55
CONT2026009471,2026-10-07 13:40:05,
CONT2026009472,2026-10-06 09:34:59,2026-10-07 15:04:05
CONT2026009473,2026-10-03 19:28:22,2026-10-04 20:41:52
CONT2026009474,2026-10-03 15:23:47,
CONT2026009475,2026-10-09 01:25:23,2026-10-15 19:45:53
CONT2026009476,2026-10-06 02:12:23,2026-10-15 09:18:07
CONT2026009477,2026-10-08 16:01:05,2026-10-09 23:11:14
CONT2026009478,2026-10-06 23:23:41,2026-10-07 20:26:36
CONT2026009479,2026-10-09 05:29:34,2026-10-09 15:12:08
CONT2026009480,2026-10-12 06:37:08,2026-10-15 01:53:41
CONT2026009481,2026-10-05 19:32:30,
CONT2026009482,2026-10-12 08:07:37,2026-10-13 03:08:35
CONT2026009483,2026-10-09 23:46:54,2026-10-15 21:54:40
CONT2026009484,2026-10-11 14:13:48,
CONT2026009485,2026-10-12 10:38:19,2026-10-12 19:12:32
CONT2026009486,2026-10-04 19:55:06,2026-10-14 18:16:40
CONT2026009487,2026-10-11 10:19:28,
CONT2026009488,2026-10-04 20:19:26,2026-10-16 15:43:22
CONT2026009489,2026-10-08 01:44:44,2026-10-14 21:18:59
CONT2026009490,2026-10-02 08:50:01,2026-10-03 09:16:10
CONT2026009491,2026-10-07 03:01:22,2026-10-15 15:37:28
CONT2026009492,2026-10-07 16:35:19,2026-10-15 02:42:13
CONT2026009493,2026-10-09 19:38:26,2026-10-10 11:40:20
CONT2026009494,2026-10-03 07:59:33,2026-10-15 06:45:35
CONT2026009495,2026-10-04 04:57:49,2026-10-04 17:52:41
CONT2026009496,2026-10-10 08:08:08,2026-10-16 08:44:08
CONT2026009497,2026-10-02 23:08:55,2026-10-15 04:58:32
CONT2026009498,2026-10-07 11:30:52,2026-10-08 06:51:26
CONT2026009499,2026-10-09 05:47:01,2026-10-15 08:22:16
CONT2026009500,2026-10-04 16:43:50,2026-10-05 00:56:46
CONT2026009501,2026-10-10 20:03:27,2026-10-12 01:07:38
CONT2026009502,2026-10-10 00:53:17,2026-10-11 02:26:52
CONT2026009503,2026-10-06 09:43:22,2026-10-15 20:39:30
CONT2026009504,2026-10-06 00:41:26,2026-10-06 22:48:06
CONT2026009505,2026-10-11 22:01:45,2026-10-13 01:29:08
CONT2026009506,2026-10-08 19:34:29,
CONT2026009507,2026-10-02 12:54:25,2026-10-14 20:42:50
CONT2026009508,2026-10-04 11:38:05,2026-10-15 15:25:56
CONT2026009509,2026-10-01 23:08:56,2026-10-16 10:19:48
CONT2026009510,2026-10-02 02:37:19,2026-10-02 19:18:32
CONT2026009511,2026-10-09 14:52:22,2026-10-10 09:51:21
CONT2026009512,2026-10-12 02:16:49,
CONT2026009513,2026-10-11 09:39:34,2026-10-15 04:07:34
CONT2026009514,2026-10-09 22:08:04,2026-10-15 13:55:18
CONT2026009515,2026-10-09 15:01:06,2026-10-15 05:59:27
CONT2026009516,2026-10-12 17:06:26,2026-10-13 01:19:25
CONT2026009517,2026-10-11 21:25:43,2026-10-14 20:15:02
CONT2026009518,2026-10-06 05:23:00,
CONT2026009519,2026-10-02 03:10:05,
CONT2026009520,2026-10-05 09:07:15,2026-10-06 09:55:28
CONT2026009521,2026-10-05 00:29:36,2026-10-15 07:50:50
CONT2026009522,2026-10-02 23:58:05,2026-10-03 22:17:18
CONT2026009523,2026-10-05 07:22:46,2026-10-15 05:22:29
CONT2026009524,2026-10-01 22:35:17,
CONT2026009525,2026-10-05 11:04:03,2026-10-06 07:54:49
CONT2026009526,2026-10-02 15:36:29,2026-10-15 16:54:15
CONT2026009527,2026-10-08 19:57:01,2026-10-09 21:45:54
CONT2026009528,2026-10-03 06:06:02,2026-10-03 16:50:29
CONT2026009529,2026-10-12 04:14:12,
CONT2026009530,2026-10-02 12:24:19,2026-10-15 09:07:38
CONT2026009531,2026-10-07 09:28:28,2026-10-15 17:13:26
CONT2026009532,2026-10-05 17:57:47,
CONT2026009533,2026-10-11 09:33:01,2026-10-11 20:09:01
CONT2026009534,2026-10-08 02:42:57,2026-10-08 21:51:14
CONT2026009535,2026-10-08 04:41:10,2026-10-15 14:41:31
CONT2026009536,2026-10-11 08:59:38,2026-10-15 09:14:41
CONT2026009537,2026-10-08 08:08:10,2026-10-08 23:11:54
CONT2026009538,2026-10-02 08:40:58,2026-10-03 03:04:20
CONT2026009539,2026-10-08 03:36:53,2026-10-08 16:12:09
CONT2026009540,2026-10-06 20:23:07,2026-10-15 01:13:00
CONT2026009541,2026-10-06 04:39:23,2026-10-15 23:34:33
CONT2026009542,2026-10-03 09:20:23,2026-10-16 07:10:50
CONT2026009543,2026-10-07 05:21:31,
CONT2026009544,2026-10-04 13:26:14,2026-10-05 05:31:22
CONT2026009545,2026-10-06 01:26:08,2026-10-15 03:12:53
CONT2026009546,2026-10-12 21:22:27,
CONT2026009547,2026-10-08 13:23:07,2026-10-15 21:41:12
CONT2026009548,2026-10-07 16:19:47,2026-10-08 06:27:36
CONT2026009549,2026-10-04 19:50:48,2026-10-15 03:01:55
CONT2026009550,2026-10-03 05:48:10,2026-10-15 12:52:22
CONT2026009551,2026-10-04 11:40:27,2026-10-04 15:40:27
CONT2026009552,2026-10-11 23:22:45,2026-10-15 15:16:27
CONT2026009553,2026-10-05 21:09:20,2026-10-16 02:17:51
CONT2026009554,2026-10-03 03:17:22,2026-10-15 20:24:31
CONT2026009555,2026-10-09 10:45:06,2026-10-10 01:34:39
CONT2026009556,2026-10-09 05:08:22,2026-10-15 05:09:01
CONT2026009557,2026-10-12 13:14:08,2026-10-13 07:15:34
CONT2026009558,2026-10-04 17:10:12,2026-10-04 21:10:12
CONT2026009559,2026-10-05 21:07:02,2026-10-15 11:23:28
CONT2026009560,2026-10-08 13:37:01,2026-10-09 01:38:01
CONT2026009561,2026-10-02 07:17:02,2026-10-15 23:32:16
CONT2026009562,2026-10-08 18:03:16,2026-10-09 15:19:54
CONT2026009563,2026-10-05 03:42:34,2026-10-16 21:52:33
CONT2026009564,2026-10-05 06:53:26,2026-10-06 09:16:59
CONT2026009565,2026-10-13 00:59:03,2026-10-13 19:49:09
CONT2026009566,2026-10-12 03:29:42,2026-10-16 19:24:52
CONT2026009567,2026-10-06 21:02:32,2026-10-17 09:51:49
CONT2026009568,2026-10-04 06:28:13,2026-10-05 11:16:18
CONT2026009569,2026-10-02 22:32:02,2026-10-03 02:32:02
CONT2026009570,2026-10-13 18:31:33,2026-10-16 22:50:33
CONT2026009571,2026-10-10 06:31:34,2026-10-11 00:50:58
CONT2026009572,2026-10-03 19:11:44,
CONT2026009573,2026-10-08 22:55:39,2026-10-09 15:18:07
CONT2026009574,2026-10-07 11:46:20,2026-10-08 22:19:23
CONT2026009575,2026-10-04 16:28:39,2026-10-05 16:52:24
CONT2026009576,2026-10-04 23:28:28,2026-10-17 02:28:26
CONT2026009577,2026-10-03 06:03:18,2026-10-04 05:21:28
CONT2026009578,2026-10-04 08:13:16,2026-10-17 02:40:49
CONT2026009579,2026-10-07 13:55:44,2026-10-16 04:24:59
CONT2026009580,2026-10-11 21:59:50,2026-10-16 20:12:29
CONT2026009581,2026-10-06 10:41:10,
CONT2026009582,2026-10-05 10:10:13,2026-10-06 17:20:01
CONT2026009583,2026-10-03 04:54:43,
CONT2026009584,2026-10-13 04:41:08,2026-10-13 14:46:37
CONT2026009585,2026-10-06 15:47:53,
CONT2026009586,2026-10-12 15:03:05,2026-10-17 08:56:38
CONT2026009587,2026-10-09 02:28:16,
CONT2026009588,2026-10-08 03:18:17,2026-10-08 21:27:02
CONT2026009589,2026-10-07 01:26:47,2026-10-07 21:39:58
CONT2026009590,2026-10-07 11:27:39,2026-10-17 07:12:16
CONT2026009591,2026-10-09 23:29:56,2026-10-18 01:09:39
CONT2026009592,2026-10-10 08:30:01,2026-10-11 05:20:34
CONT2026009593,2026-10-12 08:50:16,2026-10-18 11:57:45
CONT2026009594,2026-10-08 09:13:27,2026-10-18 02:16:58
CONT2026009595,2026-10-06 12:16:43,2026-10-17 12:14:12
CONT2026009596,2026-10-09 03:13:12,2026-10-17 21:46:24
CONT2026009597,2026-10-12 04:09:12,2026-10-12 18:10:47
CONT2026009598,2026-10-08 06:10:03,2026-10-08 22:43:29
CONT2026009599,2026-10-12 18:34:55,2026-10-18 11:21:22
CONT2026009600,2026-10-14 18:35:34,
CONT2026009601,2026-10-10 12:44:22,2026-10-10 16:44:22
CONT2026009602,2026-10-15 06:21:22,
CONT2026009603,2026-10-11 08:29:29,2026-10-17 17:01:36
CONT2026009604,2026-10-09 11:04:43,2026-10-18 00:27:18
CONT2026009605,2026-10-12 10:20:54,2026-10-18 13:18:35
CONT2026009606,2026-10-10 14:57:54,2026-10-11 10:07:27
CONT2026009607,2026-10-14 03:45:34,2026-10-18 21:02:22
CONT2026009608,2026-10-04 21:19:55,2026-10-17 16:07:44
CONT2026009609,2026-10-11 04:37:57,2026-10-18 00:52:52
CONT2026009610,2026-10-13 06:06:13,2026-10-14 01:17:21
CONT2026009611,2026-10-07 20:21:25,2026-10-19 11:56:22
CONT2026009612,2026-10-13 22:24:41,
CONT2026009613,2026-10-06 21:31:34,2026-10-19 03:01:01
CONT2026009614,2026-10-06 05:25:18,2026-10-07 03:30:08
CONT2026009615,2026-10-11 08:45:04,
CONT2026009616,2026-10-07 14:41:39,2026-10-08 09:53:49
CONT2026009617,2026-10-07 15:15:39,2026-10-08 18:52:13
CONT2026009618,2026-10-13 07:47:34,2026-10-19 05:08:06
CONT2026009619,2026-10-11 20:00:14,2026-10-19 02:21:51
CONT2026009620,2026-10-15 04:26:48,2026-10-18 04:37:37
CONT2026009621,2026-10-10 02:49:44,
CONT2026009622,2026-10-11 20:26:09,2026-10-18 11:12:20
CONT2026009623,2026-10-06 19:17:45,2026-10-07 15:57:04
CONT2026009624,2026-10-11 22:44:02,2026-10-18 21:28:02
CONT2026009625,2026-10-09 22:23:03,2026-10-19 14:27:38
CONT2026009626,2026-10-06 03:59:45,2026-10-19 17:15:48
CONT2026009627,2026-10-15 21:26:01,2026-10-16 18:17:13
CONT2026009628,2026-10-11 14:12:29,2026-10-18 21:42:58
CONT2026009629,2026-10-05 07:54:29,2026-10-20 00:32:13
CONT2026009630,2026-10-09 23:49:28,
CONT2026009631,2026-10-14 23:39:35,2026-10-18 12:12:10
CONT2026009632,2026-10-16 00:58:32,2026-10-16 10:24:54
CONT2026009633,2026-10-13 05:04:27,2026-10-18 01:19:45
CONT2026009634,2026-10-06 16:29:07,2026-10-19 06:10:25
CONT2026009635,2026-10-07 12:39:06,2026-10-19 05:29:06
CONT2026009636,2026-10-15 02:36:41,2026-10-18 19:11:26
CONT2026009637,2026-10-11 04:30:50,2026-10-19 05:54:03
CONT2026009638,2026-10-15 02:02:18,2026-10-19 07:01:30
CONT2026009639,2026-10-08 10:21:59,2026-10-09 00:08:01
CONT2026009640,2026-10-11 22:36:04,2026-10-19 18:54:08
CONT2026009641,2026-10-11 21:49:58,2026-10-19 08:42:18
CONT2026009642,2026-10-12 05:06:26,2026-10-13 03:49:56
CONT2026009643,2026-10-05 18:14:49,
CONT2026009644,2026-10-05 16:01:01,
CONT2026009645,2026-10-07 13:16:17,2026-10-08 06:29:19
CONT2026009646,2026-10-12 19:23:22,
CONT2026009647,2026-10-06 22:38:25,2026-10-18 04:32:26
CONT2026009648,2026-10-14 00:15:54,2026-10-14 18:43:00
CONT2026009649,2026-10-05 04:37:18,2026-10-06 09:47:08
CONT2026009650,2026-10-12 20:58:34,2026-10-19 05:34:30
CONT2026009651,2026-10-06 19:30:32,2026-10-07 23:19:54
CONT2026009652,2026-10-05 20:07:53,
CONT2026009653,2026-10-13 07:21:24,2026-10-19 04:36:49
CONT2026009654,2026-10-05 19:14:01,2026-10-06 15:50:23
CONT2026009655,2026-10-09 23:43:28,2026-10-10 23:41:42
CONT2026009656,2026-10-08 10:25:50,2026-10-19 08:52:44
CONT2026009657,2026-10-11 11:09:37,
CONT2026009658,2026-10-13 21:49:08,2026-10-15 07:41:42
CONT2026009659,2026-10-11 00:37:54,2026-10-20 11:58:13
CONT2026009660,2026-10-11 08:46:06,2026-10-11 18:17:13
CONT2026009661,2026-10-15 11:04:01,2026-10-20 18:24:53
CONT2026009662,2026-10-15 20:31:52,2026-10-21 09:12:08
CONT2026009663,2026-10-14 13:12:05,2026-10-21 09:00:39
CONT2026009664,2026-10-08 23:00:17,2026-10-21 06:41:03
CONT2026009665,2026-10-17 10:22:01,2026-10-18 00:37:57
CONT2026009666,2026-10-17 17:18:28,2026-10-18 14:17:58
CONT2026009667,2026-10-08 09:38:49,2026-10-09 09:55:22
CONT2026009668,2026-10-14 09:58:47,2026-10-15 01:26:19
CONT2026009669,2026-10-07 15:24:51,2026-10-20 11:45:23
CONT2026009670,2026-10-08 10:50:49,2026-10-09 13:58:57
CONT2026009671,2026-10-12 20:43:13,
CONT2026009672,2026-10-09 17:30:16,2026-10-20 08:51:30
CONT2026009673,2026-10-07 18:52:40,2026-10-08 12:23:13
CONT2026009674,2026-10-11 23:47:26,
CONT2026009675,2026-10-16 19:03:11,2026-10-21 06:33:12
CONT2026009676,2026-10-07 01:53:03,2026-10-08 05:14:14
CONT2026009677,2026-10-09 04:43:28,2026-10-21 00:55:02
CONT2026009678,2026-10-16 09:41:42,
CONT2026009679,2026-10-18 03:46:40,2026-10-21 01:59:16
CONT2026009680,2026-10-08 08:58:20,2026-10-09 03:16:59
CONT2026009681,2026-10-14 17:01:40,2026-10-15 14:13:57
CONT2026009682,2026-10-16 18:33:44,2026-10-20 02:32:58
CONT2026009683,2026-10-09 15:55:22,2026-10-11 04:47:42
CONT2026009684,2026-10-11 18:26:42,2026-10-12 08:12:34
CONT2026009685,2026-10-07 20:40:25,2026-10-21 03:16:38
CONT2026009686,2026-10-13 22:19:15,2026-10-21 02:55:27
CONT2026009687,2026-10-09 11:21:32,2026-10-10 06:19:22
CONT2026009688,2026-10-13 22:31:18,
CONT2026009689,2026-10-17 05:16:19,2026-10-17 21:29:03
CONT2026009690,2026-10-09 08:11:34,2026-10-10 01:20:24
CONT2026009691,2026-10-07 06:36:12,2026-10-08 02:11:20
CONT2026009692,2026-10-12 05:02:50,
CONT2026009693,2026-10-08 18:59:39,2026-10-21 04:08:04
CONT2026009694,2026-10-17 14:54:00,
CONT2026009695,2026-10-11 03:09:10,2026-10-20 19:22:23
CONT2026009696,2026-10-17 08:58:22,2026-10-20 16:27:34
CONT2026009697,2026-10-10 14:45:48,
CONT2026009698,2026-10-07 08:10:35,
CONT2026009699,2026-10-09 00:21:51,2026-10-21 07:37:40
CONT2026009700,2026-10-13 10:47:27,2026-10-14 11:36:08
CONT2026009701,2026-10-10 10:13:38,
CONT2026009702,2026-10-15 01:42:29,2026-10-20 12:54:04
CONT2026009703,2026-10-07 07:37:18,2026-10-08 05:20:56
CONT2026009704,2026-10-08 02:06:49,2026-10-08 19:44:40
CONT2026009705,2026-10-07 02:36:39,2026-10-20 07:44:04
CONT2026009706,2026-10-10 09:33:15,2026-10-20 23:37:02
CONT2026009707,2026-10-09 07:39:12,2026-10-21 11:46:26
CONT2026009708,2026-10-11 20:08:34,2026-10-21 16:41:22
CONT2026009709,2026-10-14 07:15:51,2026-10-20 11:30:27
CONT2026009710,2026-10-17 01:10:35,2026-10-21 08:13:37
CONT2026009711,2026-10-11 15:41:20,2026-10-12 07:50:48
CONT2026009712,2026-10-14 12:21:47,2026-10-20 16:37:48
CONT2026009713,2026-10-11 21:07:02,2026-10-21 08:53:31
CONT2026009714,2026-10-08 23:40:52,2026-10-09 11:17:38
CONT2026009715,2026-10-10 07:32:02,
CONT2026009716,2026-10-10 15:04:43,2026-10-20 19:31:24
CONT2026009717,2026-10-11 22:25:34,2026-10-20 10:56:33
CONT2026009718,2026-10-17 21:24:07,2026-10-20 22:09:44
CONT2026009719,2026-10-12 04:24:30,2026-10-13 07:13:20
CONT2026009720,2026-10-14 18:59:43,2026-10-20 20:21:32
CONT2026009721,2026-10-13 22:54:10,2026-10-21 01:34:14
CONT2026009722,2026-10-16 00:15:33,2026-10-16 21:18:08
CONT2026009723,2026-10-18 01:05:45,2026-10-20 07:32:42
CONT2026009724,2026-10-07 17:36:42,2026-10-08 11:25:31
CONT2026009725,2026-10-11 02:13:02,2026-10-21 14:33:16
CONT2026009726,2026-10-08 19:23:35,2026-10-20 13:00:12
CONT2026009727,2026-10-12 11:23:32,2026-10-12 16:47:57
CONT2026009728,2026-10-16 02:26:36,2026-10-21 10:45:02
CONT2026009729,2026-10-18 01:18:28,2026-10-18 19:42:51
CONT2026009730,2026-10-09 23:05:29,2026-10-20 06:36:06
CONT2026009731,2026-10-15 15:26:47,2026-10-21 11:58:08
CONT2026009732,2026-10-10 11:54:53,2026-10-11 16:28:06
CONT2026009733,2026-10-14 18:07:03,2026-10-16 01:45:06
CONT2026009734,2026-10-14 01:31:47,2026-10-14 12:47:57
CONT2026009735,2026-10-18 08:49:13,2026-10-19 21:19:40
CONT2026009736,2026-10-14 23:18:38,2026-10-21 18:25:00
CONT2026009737,2026-10-08 21:54:05,2026-10-09 15:08:27
CONT2026009738,2026-10-09 09:15:22,2026-10-22 02:08:58
CONT2026009739,2026-10-08 19:30:59,
CONT2026009740,2026-10-16 03:05:47,2026-10-23 16:23:38
CONT2026009741,2026-10-16 00:40:16,2026-10-16 23:50:18
CONT2026009742,2026-10-20 08:13:35,2026-10-21 04:25:07
CONT2026009743,2026-10-10 05:53:52,2026-10-11 04:02:53
CONT2026009744,2026-10-12 18:08:57,2026-10-23 02:45:16
CONT2026009745,2026-10-18 18:44:20,2026-10-19 10:34:32
CONT2026009746,2026-10-15 19:42:18,2026-10-16 09:27:01
CONT2026009747,2026-10-17 00:39:00,2026-10-18 10:27:31
CONT2026009748,2026-10-18 06:03:57,
CONT2026009749,2026-10-14 03:08:18,2026-10-23 00:39:06
CONT2026009750,2026-10-13 04:13:31,2026-10-14 11:52:00
CONT2026009751,2026-10-20 03:51:28,2026-10-21 05:46:19
CONT2026009752,2026-10-14 05:02:14,2026-10-23 22:14:32
CONT2026009753,2026-10-10 01:29:16,
CONT2026009754,2026-10-10 15:27:56,
CONT2026009755,2026-10-17 13:00:08,2026-10-18 04:01:26
CONT2026009756,2026-10-15 17:45:44,2026-10-15 21:45:44
CONT2026009757,2026-10-10 12:20:59,2026-10-11 08:17:34
CONT2026009758,2026-10-16 17:05:38,2026-10-17 09:37:23
CONT2026009759,2026-10-10 02:52:09,2026-10-23 19:18:01
CONT2026009760,2026-10-16 11:49:35,2026-10-23 06:26:03
CONT2026009761,2026-10-12 18:37:12,2026-10-13 08:58:28
CONT2026009762,2026-10-15 06:12:12,2026-10-23 17:33:14
CONT2026009763,2026-10-20 19:10:03,
CONT2026009764,2026-10-10 23:55:12,2026-10-23 18:35:05
CONT2026009765,2026-10-18 19:14:21,2026-10-23 07:55:58
CONT2026009766,2026-10-16 06:47:34,2026-10-17 14:31:49
CONT2026009767,2026-10-11 09:24:51,
CONT2026009768,2026-10-10 18:58:03,2026-10-11 10:32:45
CONT2026009769,2026-10-15 14:22:12,2026-10-16 03:48:12
CONT2026009770,2026-10-11 20:05:30,2026-10-23 19:43:11
CONT2026009771,2026-10-16 06:34:39,2026-10-24 07:57:18
CONT2026009772,2026-10-11 22:21:03,2026-10-12 08:10:35
CONT2026009773,2026-10-10 14:28:10,2026-10-23 14:14:37
CONT2026009774,2026-10-20 05:58:30,2026-10-23 06:17:42
CONT2026009775,2026-10-13 21:49:53,2026-10-23 19:22:31
CONT2026009776,2026-10-10 05:16:41,2026-10-23 18:45:48
CONT2026009777,2026-10-18 11:12:15,2026-10-19 03:29:05
CONT2026009778,2026-10-18 08:23:28,2026-10-18 22:43:12
CONT2026009779,2026-10-16 16:23:53,2026-10-17 07:46:28
CONT2026009780,2026-10-15 12:09:06,2026-10-23 15:09:15
CONT2026009781,2026-10-15 04:11:23,2026-10-15 23:48:26
CONT2026009782,2026-10-17 06:40:19,2026-10-23 13:05:36
CONT2026009783,2026-10-13 16:27:08,2026-10-23 18:49:04
CONT2026009784,2026-10-14 08:53:12,
CONT2026009785,2026-10-18 09:42:21,
CONT2026009786,2026-10-18 09:02:14,
CONT2026009787,2026-10-19 10:34:59,
CONT2026009788,2026-10-18 20:52:49,2026-10-24 17:22:39
CONT2026009789,2026-10-13 21:10:17,2026-10-25 00:33:31
CONT2026009790,2026-10-16 09:13:11,2026-10-24 20:52:00
CONT2026009791,2026-10-19 07:45:56,2026-10-24 11:02:24
CONT2026009792,2026-10-19 03:25:37,2026-10-25 12:01:27
CONT2026009793,2026-10-20 13:38:40,2026-10-24 19:21:15
CONT2026009794,2026-10-13 17:56:42,2026-10-24 12:11:02
CONT2026009795,2026-10-20 14:20:08,2026-10-24 08:37:24
CONT2026009796,2026-10-22 05:33:04,2026-10-25 11:48:48
CONT2026009797,2026-10-14 23:46:43,2026-10-25 11:59:57
CONT2026009798,2026-10-17 02:37:06,2026-10-17 22:30:14
CONT2026009799,2026-10-12 11:44:29,2026-10-13 01:53:59
CONT2026009800,2026-10-16 17:55:16,2026-10-17 16:42:53
CONT2026009801,2026-10-20 02:35:46,2026-10-21 16:03:04
CONT2026009802,2026-10-21 22:06:34,2026-10-25 10:45:01
CONT2026009803,2026-10-16 10:53:18,
CONT2026009804,2026-10-20 03:06:09,2026-10-21 09:01:06
CONT2026009805,2026-10-18 16:56:11,2026-10-25 01:42:17
CONT2026009806,2026-10-15 19:16:37,2026-10-16 17:27:39
CONT2026009807,2026-10-13 09:47:45,
CONT2026009808,2026-10-14 01:46:43,2026-10-14 10:50:54
CONT2026009809,2026-10-16 05:39:20,2026-10-17 01:44:33
CONT2026009810,2026-10-15 07:11:18,2026-10-24 12:02:04
CONT2026009811,2026-10-17 11:01:17,2026-10-17 20:20:11
CONT2026009812,2026-10-15 15:50:50,2026-10-24 21:32:58
CONT2026009813,2026-10-19 13:56:09,2026-10-20 17:25:28
CONT2026009814,2026-10-20 08:45:00,2026-10-25 17:49:59
CONT2026009815,2026-10-14 23:09:10,2026-10-24 15:48:16
CONT2026009816,2026-10-18 19:52:35,2026-10-20 03:17:59
CONT2026009817,2026-10-17 12:22:42,2026-10-18 06:46:39
CONT2026009818,2026-10-14 02:09:34,2026-10-25 16:36:23
CONT2026009819,2026-10-20 19:16:10,2026-10-21 10:02:10
CONT2026009820,2026-10-20 23:39:43,2026-10-21 21:59:06
CONT2026009821,2026-10-14 00:44:25,2026-10-24 18:43:31
CONT2026009822,2026-10-18 19:19:39,2026-10-19 22:57:41
CONT2026009823,2026-10-11 21:37:39,2026-10-25 04:55:46
CONT2026009824,2026-10-17 09:42:34,2026-10-17 22:01:53
CONT2026009825,2026-10-18 13:33:04,
CONT2026009826,2026-10-14 14:30:00,2026-10-14 20:23:45
CONT2026009827,2026-10-19 06:47:22,
CONT2026009828,2026-10-13 17:59:17,2026-10-14 23:59:15
CONT2026009829,2026-10-20 09:26:35,2026-10-21 13:11:41
CONT2026009830,2026-10-15 22:09:25,2026-10-16 22:23:47
CONT2026009831,2026-10-15 04:13:33,2026-10-25 02:23:24
CONT2026009832,2026-10-14 12:18:48,2026-10-15 06:55:45
CONT2026009833,2026-10-19 23:13:52,2026-10-25 11:26:12
CONT2026009834,2026-10-11 22:59:33,2026-10-25 08:39:45
CONT2026009835,2026-10-20 16:21:58,2026-10-25 04:50:12
CONT2026009836,2026-10-20 00:28:32,2026-10-20 19:53:36
CONT2026009837,2026-10-20 07:15:09,2026-10-25 13:34:33
CONT2026009838,2026-10-14 23:43:37,2026-10-24 18:46:10
CONT2026009839,2026-10-12 02:43:13,2026-10-25 05:16:16
CONT2026009840,2026-10-16 07:43:38,2026-10-25 20:18:19
CONT2026009841,2026-10-21 17:47:21,2026-10-22 05:39:54
CONT2026009842,2026-10-11 17:55:33,2026-10-12 06:58:11
CONT2026009843,2026-10-18 18:55:54,2026-10-25 04:46:24
CONT2026009844,2026-10-13 23:46:27,2026-10-15 01:00:36
CONT2026009845,2026-10-16 12:13:35,2026-10-16 21:19:01
CONT2026009846,2026-10-12 16:35:42,2026-10-13 00:06:04
CONT2026009847,2026-10-13 23:04:32,2026-10-14 16:45:32
CONT2026009848,2026-10-19 01:21:42,
CONT2026009849,2026-10-19 18:02:46,2026-10-20 16:20:23
CONT2026009850,2026-10-11 17:49:24,2026-10-12 13:08:29
CONT2026009851,2026-10-21 13:56:16,2026-10-25 02:57:08
CONT2026009852,2026-10-12 09:26:38,2026-10-26 00:08:29
CONT2026009853,2026-10-18 05:57:25,
CONT2026009854,2026-10-19 15:50:48,2026-10-21 04:24:56
CONT2026009855,2026-10-12 11:14:11,2026-10-13 10:31:11
CONT2026009856,2026-10-21 08:32:06,2026-10-22 01:50:09
CONT2026009857,2026-10-20 16:02:37,2026-10-21 19:45:41
CONT2026009858,2026-10-16 15:45:11,2026-10-25 18:05:17
CONT2026009859,2026-10-15 00:10:44,2026-10-16 11:50:35
CONT2026009860,2026-10-22 15:45:20,2026-10-23 11:02:29
CONT2026009861,2026-10-19 12:57:28,2026-10-26 06:45:06
CONT2026009862,2026-10-18 23:37:39,2026-10-24 13:55:59
CONT2026009863,2026-10-18 19:16:06,2026-10-19 15:19:01
CONT2026009864,2026-10-20 11:28:25,
CONT2026009865,2026-10-22 06:03:07,2026-10-25 23:32:10
CONT2026009866,2026-10-17 18:29:15,2026-10-25 02:13:00
CONT2026009867,2026-10-20 15:20:17,2026-10-26 03:23:22
CONT2026009868,2026-10-22 19:48:37,2026-10-23 19:39:05
CONT2026009869,2026-10-13 23:50:39,2026-10-15 05:40:03
CONT2026009870,2026-10-20 18:33:29,2026-10-21 20:34:18
CONT2026009871,2026-10-18 23:11:48,2026-10-25 18:26:50
CONT2026009872,2026-10-17 22:27:34,2026-10-18 07:25:53
CONT2026009873,2026-10-15 11:21:26,2026-10-25 11:24:24
CONT2026009874,2026-10-14 09:43:18,
CONT2026009875,2026-10-12 18:58:48,2026-10-25 15:29:04
CONT2026009876,2026-10-14 16:18:57,2026-10-26 08:48:41
CONT2026009877,2026-10-15 12:17:10,2026-10-25 10:54:54
CONT2026009878,2026-10-20 00:09:28,2026-10-25 05:42:58
CONT2026009879,2026-10-22 23:36:37,2026-10-26 16:24:38
CONT2026009880,2026-10-21 05:05:46,2026-10-26 01:49:55
CONT2026009881,2026-10-20 12:59:08,
CONT2026009882,2026-10-17 08:59:49,2026-10-18 13:08:27
CONT2026009883,2026-10-15 09:41:51,2026-10-25 11:28:15
CONT2026009884,2026-10-15 09:49:43,2026-10-26 06:27:03
CONT2026009885,2026-10-18 12:26:46,2026-10-26 04:04:04
CONT2026009886,2026-10-16 14:41:23,2026-10-26 00:34:27
CONT2026009887,2026-10-22 15:39:48,2026-10-25 23:15:06
CONT2026009888,2026-10-18 23:31:27,2026-10-25 19:31:42
CONT2026009889,2026-10-17 13:11:30,2026-10-26 05:21:18
CONT2026009890,2026-10-12 15:39:09,2026-10-13 17:14:18
CONT2026009891,2026-10-21 00:19:23,2026-10-22 00:12:03
CONT2026009892,2026-10-19 03:27:20,2026-10-20 16:00:25
CONT2026009893,2026-10-12 14:49:51,2026-10-12 21:05:18
CONT2026009894,2026-10-12 23:57:38,2026-10-26 01:44:06
CONT2026009895,2026-10-18 03:58:13,2026-10-18 20:01:45
CONT2026009896,2026-10-15 05:39:17,2026-10-25 08:14:38
CONT2026009897,2026-10-14 16:34:01,2026-10-26 07:44:23
CONT2026009898,2026-10-12 07:19:38,2026-10-13 06:46:46
CONT2026009899,2026-10-21 06:14:46,2026-10-25 22:05:37
CONT2026009900,2026-10-13 15:04:20,2026-10-14 10:00:43
CONT2026009901,2026-10-23 04:52:55,2026-10-24 07:10:23
CONT2026009902,2026-10-14 03:12:36,2026-10-26 11:58:58
CONT2026009903,2026-10-18 23:00:21,2026-10-26 22:03:37
CONT2026009904,2026-10-16 23:28:30,2026-10-26 17:06:41
CONT2026009905,2026-10-19 08:26:19,2026-10-20 00:21:24
CONT2026009906,2026-10-16 22:49:01,2026-10-26 06:44:49
CONT2026009907,2026-10-16 16:38:47,2026-10-16 20:56:53
CONT2026009908,2026-10-16 05:07:27,2026-10-25 18:41:00
CONT2026009909,2026-10-22 02:54:41,2026-10-22 17:37:07
CONT2026009910,2026-10-13 13:46:56,2026-10-14 19:00:46
CONT2026009911,2026-10-22 08:44:58,2026-10-26 06:29:22
CONT2026009912,2026-10-13 03:13:14,2026-10-13 17:15:38
CONT2026009913,2026-10-16 22:05:57,
CONT2026009914,2026-10-20 12:45:44,2026-10-20 20:11:38
CONT2026009915,2026-10-14 04:30:47,2026-10-26 14:03:37
CONT2026009916,2026-10-16 08:57:53,2026-10-17 06:03:29
CONT2026009917,2026-10-18 00:05:56,2026-10-26 09:17:47
CONT2026009918,2026-10-20 14:21:02,2026-10-21 00:57:32
CONT2026009919,2026-10-20 08:18:59,2026-10-25 22:01:52
CONT2026009920,2026-10-22 19:46:08,2026-10-23 15:04:55
CONT2026009921,2026-10-19 23:07:26,
CONT2026009922,2026-10-21 05:24:02,2026-10-22 04:53:37
CONT2026009923,2026-10-17 16:51:32,2026-10-26 04:27:28
CONT2026009924,2026-10-19 23:04:10,2026-10-26 06:03:17
CONT2026009925,2026-10-15 20:47:15,2026-10-26 11:35:16
CONT2026009926,2026-10-16 19:26:18,2026-10-17 19:55:16
CONT2026009927,2026-10-17 17:09:46,2026-10-26 01:21:04
CONT2026009928,2026-10-15 16:22:03,2026-10-27 07:04:35
CONT2026009929,2026-10-18 20:10:07,2026-10-26 07:48:36
CONT2026009930,2026-10-21 13:09:54,2026-10-26 01:09:17
CONT2026009931,2026-10-21 03:45:09,2026-10-27 15:22:27
CONT2026009932,2026-10-23 09:41:15,2026-10-23 16:04:18
CONT2026009933,2026-10-18 23:38:46,2026-10-19 14:42:08
CONT2026009934,2026-10-17 19:10:13,2026-10-27 17:16:08
CONT2026009935,2026-10-17 07:48:41,2026-10-26 10:50:54
CONT2026009936,2026-10-22 16:11:38,2026-10-23 12:45:51
CONT2026009937,2026-10-17 12:05:07,2026-10-29 12:30:08
CONT2026009938,2026-10-22 12:18:48,2026-10-29 07:11:38
CONT2026009939,2026-10-25 20:58:46,2026-10-26 11:21:11
CONT2026009940,2026-10-25 05:44:31,2026-10-28 21:03:01
CONT2026009941,2026-10-18 03:16:45,2026-10-29 02:50:06
CONT2026009942,2026-10-25 15:05:50,2026-10-28 14:02:40
CONT2026009943,2026-10-21 11:16:27,2026-10-29 10:30:06
CONT2026009944,2026-10-25 14:24:14,2026-10-29 12:08:45
CONT2026009945,2026-10-22 00:32:58,
CONT2026009946,2026-10-16 04:09:23,2026-10-29 10:34:25
CONT2026009947,2026-10-26 05:26:39,2026-10-27 08:21:56
CONT2026009948,2026-10-18 12:43:25,2026-10-28 18:39:42
CONT2026009949,2026-10-24 05:35:01,2026-10-29 13:17:07
CONT2026009950,2026-10-16 18:26:22,2026-10-28 15:38:25
CONT2026009951,2026-10-17 15:20:48,2026-10-18 02:30:44
CONT2026009952,2026-10-17 14:36:33,
CONT2026009953,2026-10-20 01:08:40,2026-10-29 05:06:06
CONT2026009954,2026-10-21 20:33:37,2026-10-29 13:55:16
CONT2026009955,2026-10-21 10:23:37,2026-10-28 17:50:46
CONT2026009956,2026-10-15 19:18:44,2026-10-29 00:09:27
CONT2026009957,2026-10-22 10:04:24,2026-10-29 17:06:59
CONT2026009958,2026-10-24 03:12:52,
CONT2026009959,2026-10-19 10:19:40,2026-10-20 06:15:59
CONT2026009960,2026-10-17 15:39:18,2026-10-18 21:34:32
CONT2026009961,2026-10-15 21:58:58,2026-10-17 01:34:43
CONT2026009962,2026-10-24 02:36:22,2026-10-29 11:12:14
CONT2026009963,2026-10-23 06:06:20,
CONT2026009964,2026-10-19 10:50:44,2026-10-20 01:30:38
CONT2026009965,2026-10-19 18:17:46,
CONT2026009966,2026-10-22 14:14:23,2026-10-23 06:54:50
CONT2026009967,2026-10-22 23:07:24,
CONT2026009968,2026-10-17 05:51:36,2026-10-29 12:42:56
CONT2026009969,2026-10-22 07:00:30,2026-10-22 20:11:45
CONT2026009970,2026-10-25 02:05:04,2026-10-29 11:36:50
CONT2026009971,2026-10-16 00:03:17,2026-10-16 22:54:20
CONT2026009972,2026-10-24 19:26:58,2026-10-25 15:22:49
CONT2026009973,2026-10-18 14:33:25,2026-10-19 13:34:16
CONT2026009974,2026-10-16 17:18:20,2026-10-17 13:46:40
CONT2026009975,2026-10-16 17:40:26,
CONT2026009976,2026-10-23 10:23:14,2026-10-24 08:52:38
CONT2026009977,2026-10-21 21:04:30,2026-10-22 16:56:43
CONT2026009978,2026-10-25 12:10:27,2026-10-29 11:32:21
CONT2026009979,2026-10-18 14:22:26,2026-10-19 15:08:51
CONT2026009980,2026-10-20 12:12:06,2026-10-21 06:34:06
CONT2026009981,2026-10-25 04:57:37,2026-10-29 07:09:36
CONT2026009982,2026-10-24 09:28:19,
CONT2026009983,2026-10-26 03:42:20,2026-10-26 23:52:08
CONT2026009984,2026-10-16 15:32:04,2026-10-17 15:08:39
CONT2026009985,2026-10-20 17:54:49,2026-10-29 19:03:15
CONT2026009986,2026-10-21 00:03:39,2026-10-22 00:47:01
CONT2026009987,2026-10-16 08:25:36,2026-10-17 05:11:57
CONT2026009988,2026-10-24 10:15:35,
CONT2026009989,2026-10-25 15:39:46,2026-10-28 19:24:20
CONT2026009990,2026-10-26 01:13:41,
CONT2026009991,2026-10-22 14:45:46,2026-10-28 17:47:44
CONT2026009992,2026-10-21 15:42:11,2026-10-28 22:17:13
CONT2026009993,2026-10-23 08:08:50,2026-10-29 06:43:05
CONT2026009994,2026-10-15 19:51:29,2026-10-28 17:45:43
CONT2026009995,2026-10-21 23:43:33,2026-10-29 10:45:06
CONT2026009996,2026-10-26 15:50:24,2026-10-29 08:55:37
CONT2026009997,2026-10-18 11:04:37,2026-10-19 16:02:28
CONT2026009998,2026-10-25 12:36:24,
CONT2026009999,2026-10-19 07:50:13,2026-10-30 03:24:48
CONT2026010000,2026-10-26 11:45:07,2026-10-29 11:39:25
CONT2026010001,2026-10-22 16:16:03,2026-10-29 08:14:54
CONT2026010002,2026-10-25 21:57:17,2026-10-26 14:26:49
CONT2026010003,2026-10-22 05:24:02,2026-10-22 23:56:54
CONT2026010004,2026-10-16 07:11:28,2026-10-29 05:41:39
CONT2026010005,2026-10-24 02:38:51,2026-10-29 11:47:26
CONT2026010006,2026-10-23 11:31:34,2026-10-30 09:23:50
CONT2026010007,2026-10-18 08:13:18,
CONT2026010008,2026-10-15 18:37:34,2026-10-16 08:40:07
CONT2026010009,2026-10-24 06:35:02,
CONT2026010010,2026-10-17 21:47:55,
CONT2026010011,2026-10-20 01:16:02,2026-10-29 12:50:00
CONT2026010012,2026-10-21 06:25:39,2026-10-30 04:29:52
CONT2026010013,2026-10-22 14:34:06,2026-10-23 06:34:06
CONT2026010014,2026-10-15 21:14:59,
CONT2026010015,2026-10-18 16:24:58,2026-10-20 02:48:34
CONT2026010016,2026-10-25 00:51:26,2026-10-29 23:05:33
CONT2026010017,2026-10-23 08:44:22,2026-10-23 14:33:54
CONT2026010018,2026-10-17 07:15:38,2026-10-18 03:34:05
CONT2026010019,2026-10-23 14:50:40,2026-10-24 23:53:38
CONT2026010020,2026-10-20 11:25:24,2026-10-29 01:36:13
CONT2026010021,2026-10-16 01:43:52,2026-10-29 12:15:00
CONT2026010022,2026-10-22 00:44:37,2026-10-28 23:57:09
CONT2026010023,2026-10-20 00:23:36,
CONT2026010024,2026-10-16 06:20:49,2026-10-17 04:19:09
CONT2026010025,2026-10-19 18:32:09,2026-10-28 08:45:04
CONT2026010026,2026-10-25 01:50:27,
CONT2026010027,2026-10-22 22:39:22,2026-10-29 13:34:28
CONT2026010028,2026-10-17 17:35:45,2026-10-29 03:06:33
CONT2026010029,2026-10-23 14:29:22,2026-10-29 18:36:33
CONT2026010030,2026-10-16 10:21:01,2026-10-17 17:10:31
CONT2026010031,2026-10-24 21:07:31,2026-10-25 15:43:47
CONT2026010032,2026-10-18 21:41:59,2026-10-19 19:28:52
CONT2026010033,2026-10-24 09:59:43,2026-10-29 15:42:12
CONT2026010034,2026-10-20 21:06:38,2026-10-29 18:41:34
CONT2026010035,2026-10-23 19:42:18,2026-10-29 21:00:02
CONT2026010036,2026-10-26 01:09:08,2026-10-29 13:39:31
CONT2026010037,2026-10-24 16:35:23,2026-10-25 16:34:28
CONT2026010038,2026-10-16 04:54:51,2026-10-29 15:54:28
CONT2026010039,2026-10-20 05:38:50,2026-10-29 01:21:40
CONT2026010040,2026-10-21 18:46:36,2026-10-22 14:51:05
CONT2026010041,2026-10-19 07:02:35,2026-10-30 04:28:18
CONT2026010042,2026-10-24 22:14:18,2026-10-25 10:41:22
CONT2026010043,2026-10-22 02:46:26,2026-10-23 14:34:57
CONT2026010044,2026-10-19 14:49:17,2026-10-29 17:59:59
CONT2026010045,2026-10-23 02:51:30,2026-10-24 04:23:03
CONT2026010046,2026-10-22 02:30:15,2026-10-23 09:40:16
CONT2026010047,2026-10-22 11:29:48,
CONT2026010048,2026-10-17 22:39:23,2026-10-18 19:33:17
CONT2026010049,2026-10-25 08:30:07,
CONT2026010050,2026-10-24 20:52:17,2026-10-25 13:22:47
CONT2026010051,2026-10-23 02:56:04,2026-10-30 07:40:27
CONT2026010052,2026-10-21 03:42:26,2026-10-30 07:19:48
CONT2026010053,2026-10-17 00:45:50,2026-10-30 02:06:57
CONT2026010054,2026-10-18 04:37:32,2026-10-19 07:30:55
CONT2026010055,2026-10-27 03:45:49,2026-10-27 18:27:07
CONT2026010056,2026-10-20 01:48:13,2026-10-21 06:18:04
CONT2026010057,2026-10-16 04:51:51,2026-10-29 22:44:25
CONT2026010058,2026-10-21 12:54:17,2026-10-21 16:58:16
CONT2026010059,2026-10-24 05:49:54,2026-10-30 02:28:07
CONT2026010060,2026-10-21 11:47:00,2026-10-22 00:43:02
CONT2026010061,2026-10-20 23:05:22,2026-10-29 20:45:34
CONT2026010062,2026-10-16 16:11:30,2026-10-17 00:06:17
CONT2026010063,2026-10-16 14:53:59,
CONT2026010064,2026-10-18 10:38:08,2026-10-18 20:17:00
CONT2026010065,2026-10-20 12:53:24,2026-10-30 09:51:01
CONT2026010066,2026-10-25 08:33:45,2026-10-26 13:45:54
CONT2026010067,2026-10-24 21:58:07,2026-10-25 11:06:09
CONT2026010068,2026-10-22 02:12:28,2026-10-23 07:05:45
CONT2026010069,2026-10-23 06:19:32,
CONT2026010070,2026-10-19 21:44:32,2026-10-21 07:41:17
CONT2026010071,2026-10-17 19:38:06,2026-10-18 10:51:24
CONT2026010072,2026-10-23 12:53:13,2026-10-24 03:39:26
CONT2026010073,2026-10-23 02:58:33,2026-10-29 10:25:01
CONT2026010074,2026-10-18 23:04:24,2026-10-20 10:20:40
CONT2026010075,2026-10-25 11:19:38,2026-10-25 15:19:38
CONT2026010076,2026-10-26 17:13:54,
CONT2026010077,2026-10-19 10:03:14,2026-10-20 05:09:35
CONT2026010078,2026-10-23 08:59:30,2026-10-29 19:23:09
CONT2026010079,2026-10-25 02:51:37,2026-10-25 14:51:40
CONT2026010080,2026-10-19 00:49:17,2026-10-30 10:51:10
CONT2026010081,2026-10-19 04:40:25,2026-10-30 18:22:47
CONT2026010082,2026-10-26 17:09:42,2026-10-27 14:02:13
CONT2026010083,2026-10-17 10:52:53,2026-10-17 21:12:00
CONT2026010084,2026-10-25 12:26:57,2026-10-25 20:53:43
CONT2026010085,2026-10-24 10:08:08,2026-10-25 08:56:50
CONT2026010086,2026-10-26 12:14:02,2026-10-29 19:41:05
CONT2026010087,2026-10-20 20:11:23,2026-10-22 04:23:32
CONT2026010088,2026-10-26 20:42:13,2026-10-27 15:00:53
CONT2026010089,2026-10-25 07:02:43,2026-10-26 02:37:45
CONT2026010090,2026-10-22 18:41:32,2026-10-23 17:15:40
CONT2026010091,2026-10-24 19:29:26,2026-10-25 15:09:09
CONT2026010092,2026-10-19 16:01:00,2026-10-29 20:23:54
CONT2026010093,2026-10-17 18:32:55,2026-10-18 10:04:07
CONT2026010094,2026-10-25 03:39:11,2026-10-25 20:31:09
CONT2026010095,2026-10-25 07:59:01,2026-10-30 02:01:55
CONT2026010096,2026-10-26 14:20:22,
CONT2026010097,2026-10-26 23:51:24,2026-10-30 15:19:07
CONT2026010098,2026-10-26 23:27:41,2026-10-30 22:22:36
CONT2026010099,2026-10-22 14:09:20,2026-10-30 14:16:36
CONT2026010100,2026-10-21 04:55:04,2026-10-30 02:32:27
CONT2026010101,2026-10-21 14:36:30,2026-10-29 10:55:20
CONT2026010102,2026-10-25 16:58:47,
CONT2026010103,2026-10-18 09:11:20,
CONT2026010104,2026-10-24 01:43:39,2026-10-25 06:11:07
CONT2026010105,2026-10-21 05:42:10,2026-10-30 05:47:09
CONT2026010106,2026-10-23 00:06:28,2026-10-24 02:00:00
CONT2026010107,2026-10-16 22:01:11,2026-10-30 05:14:01
CONT2026010108,2026-10-24 14:35:30,2026-10-25 05:37:47
CONT2026010109,2026-10-19 10:39:10,
CONT2026010110,2026-10-21 18:17:44,2026-10-30 02:13:52
CONT2026010111,2026-10-25 22:59:49,2026-10-26 22:08:13
CONT2026010112,2026-10-22 05:25:39,
CONT2026010113,2026-10-22 17:54:06,2026-10-30 03:49:15
CONT2026010114,2026-10-25 10:43:17,2026-10-29 20:27:05
CONT2026010115,2026-10-19 10:48:17,
CONT2026010116,2026-10-25 16:20:19,2026-10-26 08:24:10
CONT2026010117,2026-10-20 09:04:53,2026-10-22 02:18:22
CONT2026010118,2026-10-20 11:03:52,2026-10-31 12:41:17
CONT2026010119,2026-10-23 11:09:31,2026-10-23 22:38:10
CONT2026010120,2026-10-21 15:22:12,
CONT2026010121,2026-10-20 11:24:46,2026-10-21 04:17:35
CONT2026010122,2026-10-21 07:48:32,2026-10-22 01:39:22
CONT2026010123,2026-10-26 22:57:03,2026-10-27 16:35:14
CONT2026010124,2026-10-25 05:06:16,2026-11-02 11:28:38
CONT2026010125,2026-10-24 11:34:40,2026-11-02 16:18:02
CONT2026010126,2026-10-30 13:22:28,2026-10-31 04:28:26
CONT2026010127,2026-10-23 14:49:52,2026-11-02 03:11:08
CONT2026010128,2026-10-30 00:20:16,2026-10-31 03:22:28
CONT2026010129,2026-10-28 20:52:17,
CONT2026010130,2026-10-20 10:10:16,2026-10-22 03:50:10
CONT2026010131,2026-10-27 16:09:52,2026-11-03 02:40:26
CONT2026010132,2026-10-25 22:39:47,2026-10-26 15:01:02
CONT2026010133,2026-10-28 18:32:20,2026-11-03 00:14:14
CONT2026010134,2026-10-21 08:00:18,2026-10-21 18:18:40
CONT2026010135,2026-10-25 23:09:36,2026-11-03 14:36:44
CONT2026010136,2026-10-28 12:45:53,
CONT2026010137,2026-10-29 17:30:13,2026-10-30 06:18:47
CONT2026010138,2026-10-29 21:52:23,2026-10-30 14:37:32
CONT2026010139,2026-10-24 07:22:14,
CONT2026010140,2026-10-24 17:56:19,2026-10-25 21:55:46
CONT2026010141,2026-10-26 08:46:34,2026-11-02 16:59:56
CONT2026010142,2026-10-24 04:41:48,2026-10-25 02:06:26
CONT2026010143,2026-10-28 11:40:54,
CONT2026010144,2026-10-25 09:25:32,2026-11-03 14:14:00
CONT2026010145,2026-10-30 03:49:48,2026-11-03 12:21:22
CONT2026010146,2026-10-24 13:12:08,2026-11-04 03:49:08
CONT2026010147,2026-10-25 00:49:07,2026-11-02 09:47:41
CONT2026010148,2026-10-27 14:37:20,2026-11-03 03:35:53
CONT2026010149,2026-10-24 04:11:54,2026-10-24 15:56:26
CONT2026010150,2026-10-21 17:17:19,2026-11-03 00:34:41
CONT2026010151,2026-10-26 12:00:21,2026-11-03 10:07:19
CONT2026010152,2026-10-27 19:24:01,2026-10-28 16:21:16
CONT2026010153,2026-10-30 10:30:27,2026-10-31 05:56:35
CONT2026010154,2026-10-24 18:53:23,
CONT2026010155,2026-10-29 10:58:35,2026-11-02 02:30:46
CONT2026010156,2026-10-23 09:31:03,2026-11-03 00:40:00
CONT2026010157,2026-10-25 08:26:04,2026-10-26 09:59:41
CONT2026010158,2026-10-25 07:06:10,2026-11-03 13:51:14
CONT2026010159,2026-10-27 22:17:22,
CONT2026010160,2026-10-20 16:46:54,2026-10-21 13:02:30
CONT2026010161,2026-10-23 05:03:27,2026-11-03 09:09:36
CONT2026010162,2026-10-31 09:05:29,2026-11-03 10:33:17
CONT2026010163,2026-10-24 19:38:48,2026-10-25 17:57:33
CONT2026010164,2026-10-26 15:14:58,2026-11-03 12:51:44
CONT2026010165,2026-10-31 02:33:36,2026-10-31 22:11:15
CONT2026010166,2026-10-30 20:36:40,2026-10-31 16:54:26
CONT2026010167,2026-10-27 02:06:09,2026-10-28 11:03:18
CONT2026010168,2026-10-21 03:42:57,
CONT2026010169,2026-10-29 18:30:36,2026-10-30 07:36:19
CONT2026010170,2026-10-30 10:02:01,
CONT2026010171,2026-10-21 10:03:55,2026-11-03 02:27:42
CONT2026010172,2026-10-21 23:07:29,2026-10-23 06:44:51
CONT2026010173,2026-10-25 04:55:32,2026-11-02 17:18:47
CONT2026010174,2026-10-22 16:23:00,2026-11-03 16:39:38
CONT2026010175,2026-10-21 21:48:50,2026-11-02 20:07:48
CONT2026010176,2026-10-21 02:21:25,2026-11-03 01:10:57
CONT2026010177,2026-10-28 21:06:10,2026-11-03 20:18:11
CONT2026010178,2026-10-27 08:06:29,
CONT2026010179,2026-10-21 21:45:20,2026-10-22 17:08:25
CONT2026010180,2026-10-28 18:12:21,
CONT2026010181,2026-10-27 17:05:21,2026-11-02 23:56:37
CONT2026010182,2026-10-27 00:56:14,
CONT2026010183,2026-10-28 08:59:53,
CONT2026010184,2026-10-31 04:06:42,2026-11-02 04:41:02
CONT2026010185,2026-10-23 22:27:12,2026-10-24 23:08:51
CONT2026010186,2026-10-28 11:05:47,2026-11-03 18:43:40
CONT2026010187,2026-10-31 01:30:25,2026-11-02 20:15:24
CONT2026010188,2026-10-31 09:57:15,2026-11-02 15:19:24
CONT2026010189,2026-10-22 19:28:12,2026-10-23 19:46:37
CONT2026010190,2026-10-24 18:00:12,
CONT2026010191,2026-10-23 01:27:13,2026-11-02 23:58:10
CONT2026010192,2026-10-20 15:09:15,2026-10-21 06:39:38
CONT2026010193,2026-10-30 10:31:28,
CONT2026010194,2026-10-31 04:15:43,2026-11-03 10:01:33
CONT2026010195,2026-10-30 06:30:59,
CONT2026010196,2026-10-20 20:33:58,2026-10-21 19:18:15
CONT2026010197,2026-10-24 21:11:37,
CONT2026010198,2026-10-28 03:18:25,2026-10-29 05:13:19
CONT2026010199,2026-10-23 15:36:27,2026-10-24 12:16:36
CONT2026010200,2026-10-27 00:54:10,2026-11-03 12:57:28
CONT2026010201,2026-10-26 19:29:17,2026-10-27 23:16:35
CONT2026010202,2026-10-28 04:06:24,2026-10-29 00:45:30
CONT2026010203,2026-10-21 22:43:09,2026-10-22 07:11:40
CONT2026010204,2026-10-26 23:42:26,2026-10-28 13:44:38
CONT2026010205,2026-10-26 08:28:46,2026-11-03 10:20:19
CONT2026010206,2026-10-21 21:25:03,2026-10-23 06:09:17
CONT2026010207,2026-10-26 04:49:09,2026-10-27 04:07:12
CONT2026010208,2026-10-21 16:10:54,2026-10-22 16:31:04
CONT2026010209,2026-10-31 07:06:59,
CONT2026010210,2026-10-29 22:59:23,2026-10-30 11:26:13
CONT2026010211,2026-10-22 00:14:13,2026-11-04 02:02:30
CONT2026010212,2026-10-27 03:46:51,2026-11-04 03:35:28
CONT2026010213,2026-10-21 21:29:26,2026-11-04 01:29:09
CONT2026010214,2026-10-27 21:58:22,2026-10-29 04:33:51
CONT2026010215,2026-10-26 19:52:55,2026-10-27 14:15:15
CONT2026010216,2026-10-28 21:14:25,2026-10-29 16:34:28
CONT2026010217,2026-10-25 06:23:03,2026-11-04 05:40:21
CONT2026010218,2026-10-30 05:48:27,2026-11-03 23:28:15
CONT2026010219,2026-10-22 19:19:01,2026-11-03 11:03:48
CONT2026010220,2026-10-31 22:02:05,2026-11-02 01:50:32
CONT2026010221,2026-10-22 07:13:16,2026-10-23 14:53:15
CONT2026010222,2026-10-21 22:33:54,2026-11-03 16:52:52
CONT2026010223,2026-10-26 13:58:13,2026-10-27 12:57:51
CONT2026010224,2026-10-21 10:44:44,2026-11-03 13:58:53
CONT2026010225,2026-10-31 01:25:36,2026-10-31 22:34:09
CONT2026010226,2026-10-27 09:33:09,2026-10-28 14:06:43
CONT2026010227,2026-10-26 13:24:24,2026-10-27 11:11:26
CONT2026010228,2026-11-01 02:24:27,2026-11-03 20:13:09
CONT2026010229,2026-10-24 03:20:07,2026-10-24 14:28:35
CONT2026010230,2026-10-27 15:32:02,2026-10-28 09:02:28
CONT2026010231,2026-10-27 20:46:00,2026-10-28 20:27:10
CONT2026010232,2026-10-24 14:33:57,2026-10-25 07:28:51
CONT2026010233,2026-10-31 15:23:43,
CONT2026010234,2026-10-31 21:46:32,2026-11-01 09:50:23
CONT2026010235,2026-10-29 23:29:28,2026-11-04 19:43:33
CONT2026010236,2026-10-27 11:02:20,2026-11-04 02:57:24
CONT2026010237,2026-10-29 20:02:02,2026-10-30 14:04:35
CONT2026010238,2026-10-31 17:12:58,2026-11-03 18:01:22
CONT2026010239,2026-10-26 00:07:55,2026-10-26 21:37:59
CONT2026010240,2026-11-01 02:35:06,2026-11-01 19:48:57
CONT2026010241,2026-10-30 06:16:29,2026-11-04 12:39:01
CONT2026010242,2026-10-27 03:27:11,2026-10-28 03:38:10
CONT2026010243,2026-10-24 04:58:10,2026-11-04 19:12:57
CONT2026010244,2026-11-01 11:25:11,2026-11-02 10:57:20
CONT2026010245,2026-10-28 12:25:51,2026-11-05 07:23:05
CONT2026010246,2026-10-26 15:01:23,2026-10-27 10:27:30
CONT2026010247,2026-10-27 00:43:16,2026-11-04 00:04:23
CONT2026010248,2026-10-22 20:48:34,2026-11-05 14:39:39
CONT2026010249,2026-10-28 18:08:38,2026-11-04 17:08:09
CONT2026010250,2026-10-31 23:54:54,2026-11-02 04:23:05
CONT2026010251,2026-10-26 14:37:22,2026-10-27 17:56:27
CONT2026010252,2026-10-31 10:07:33,2026-11-03 19:29:01
CONT2026010253,2026-10-29 14:36:59,2026-11-04 16:49:54
CONT2026010254,2026-11-01 06:39:46,2026-11-02 11:40:37
CONT2026010255,2026-10-29 13:26:06,
CONT2026010256,2026-10-31 11:59:29,2026-11-04 18:26:10
CONT2026010257,2026-10-26 11:58:08,2026-11-05 19:12:39
CONT2026010258,2026-10-27 03:45:43,2026-11-05 01:29:40
CONT2026010259,2026-10-24 14:48:50,2026-11-05 20:44:35
CONT2026010260,2026-10-29 10:59:05,2026-11-04 23:38:28
CONT2026010261,2026-10-22 23:26:48,2026-11-05 18:28:45
CONT2026010262,2026-10-28 02:24:04,2026-10-28 20:15:13
CONT2026010263,2026-10-31 11:09:00,2026-11-05 05:53:27
CONT2026010264,2026-10-30 11:26:29,2026-10-31 14:15:03
CONT2026010265,2026-10-27 19:59:37,2026-11-05 07:17:28
CONT2026010266,2026-11-01 13:35:47,2026-11-05 15:19:43
CONT2026010267,2026-11-02 07:25:23,2026-11-02 23:46:15
CONT2026010268,2026-11-01 10:12:36,
CONT2026010269,2026-11-02 07:43:07,2026-11-06 18:58:30
CONT2026010270,2026-10-27 12:32:10,2026-11-06 16:37:01
CONT2026010271,2026-10-25 11:50:08,2026-11-06 15:25:37
CONT2026010272,2026-11-03 07:41:03,2026-11-05 21:19:22
CONT2026010273,2026-10-29 10:07:54,2026-10-30 18:22:31
CONT2026010274,2026-10-28 22:18:34,2026-11-06 17:37:38
CONT2026010275,2026-10-24 01:39:46,
CONT2026010276,2026-11-01 04:03:10,
CONT2026010277,2026-10-27 13:55:40,2026-11-05 12:50:44
CONT2026010278,2026-10-29 14:25:23,2026-10-30 07:52:49
CONT2026010279,2026-10-30 23:46:37,2026-10-31 08:44:38
CONT2026010280,2026-10-24 14:22:14,
CONT2026010281,2026-10-29 02:54:28,2026-10-29 13:26:50
CONT2026010282,2026-11-02 00:42:28,2026-11-02 09:43:36
CONT2026010283,2026-10-26 20:18:39,2026-10-27 14:26:53
CONT2026010284,2026-10-24 04:00:22,2026-11-05 17:42:40
CONT2026010285,2026-10-30 12:16:10,2026-11-05 21:27:20
CONT2026010286,2026-11-01 21:07:07,
CONT2026010287,2026-11-02 04:59:27,2026-11-06 02:56:33
CONT2026010288,2026-10-27 11:53:58,2026-10-27 22:37:58
CONT2026010289,2026-11-02 16:21:56,2026-11-06 20:57:19
CONT2026010290,2026-10-30 17:19:03,2026-10-31 17:31:48
CONT2026010291,2026-11-03 16:42:12,2026-11-06 09:47:46
CONT2026010292,2026-10-29 15:42:14,2026-11-06 13:38:15
CONT2026010293,2026-11-01 10:56:22,2026-11-06 22:48:16
CONT2026010294,2026-10-28 05:54:42,2026-10-28 13:25:51
CONT2026010295,2026-10-30 16:20:16,
CONT2026010296,2026-10-30 15:25:51,
CONT2026010297,2026-10-30 03:54:25,2026-11-07 16:13:02
CONT2026010298,2026-10-27 07:10:07,2026-11-06 05:23:03
CONT2026010299,2026-10-24 11:25:46,2026-10-25 01:34:30
CONT2026010300,2026-11-01 17:07:27,2026-11-02 23:11:54
CONT2026010301,2026-10-29 00:24:29,2026-11-07 08:40:47
CONT2026010302,2026-10-29 19:46:09,2026-10-29 23:46:09
CONT2026010303,2026-10-30 10:19:11,2026-10-31 06:46:36
CONT2026010304,2026-10-31 14:43:15,
CONT2026010305,2026-10-24 15:52:17,2026-11-06 23:42:20
CONT2026010306,2026-11-01 04:40:32,2026-11-06 21:29:48
CONT2026010307,2026-10-26 19:15:23,2026-10-27 18:12:23
CONT2026010308,2026-10-25 00:07:15,2026-11-06 07:01:20
CONT2026010309,2026-10-27 15:10:44,2026-11-06 19:46:07
CONT2026010310,2026-11-02 12:22:02,2026-11-06 23:51:56
CONT2026010311,2026-10-26 22:35:13,2026-11-07 04:38:46
CONT2026010312,2026-11-01 05:37:20,2026-11-02 05:32:39
CONT2026010313,2026-10-31 06:14:39,2026-11-01 15:53:55
CONT2026010314,2026-10-28 18:08:23,2026-11-07 05:46:07
CONT2026010315,2026-10-28 06:20:08,2026-11-07 06:56:39
CONT2026010316,2026-10-27 18:49:16,2026-11-06 20:42:42
CONT2026010317,2026-10-25 23:15:24,2026-10-26 12:59:44
CONT2026010318,2026-10-30 16:11:45,2026-10-31 22:37:46
CONT2026010319,2026-10-30 15:09:29,2026-10-31 03:00:24
CONT2026010320,2026-10-29 23:09:06,2026-11-05 20:53:50
CONT2026010321,2026-10-31 11:25:00,
CONT2026010322,2026-10-29 23:18:19,2026-10-31 04:46:55
CONT2026010323,2026-10-30 19:44:29,
CONT2026010324,2026-10-27 11:43:46,2026-10-28 09:51:16
CONT2026010325,2026-10-26 07:57:36,2026-10-27 14:03:47
CONT2026010326,2026-10-27 02:35:44,2026-11-08 00:33:10
CONT2026010327,2026-11-04 07:44:47,2026-11-04 17:46:40
CONT2026010328,2026-10-24 15:04:26,2026-10-25 18:30:06
CONT2026010329,2026-10-29 11:16:58,2026-10-29 18:01:24
CONT2026010330,2026-10-26 08:11:02,2026-10-27 03:14:41
CONT2026010331,2026-11-01 15:20:38,
CONT2026010332,2026-10-30 20:38:11,2026-10-31 15:11:09
CONT2026010333,2026-10-30 16:02:15,2026-11-06 18:11:21
CONT2026010334,2026-11-01 06:13:41,2026-11-01 20:55:44
CONT2026010335,2026-10-28 16:48:21,2026-10-29 19:33:18
CONT2026010336,2026-10-24 19:08:46,2026-10-25 21:00:44
CONT2026010337,2026-10-28 14:50:44,2026-11-06 17:13:27
CONT2026010338,2026-10-24 08:57:00,2026-10-25 08:53:56
CONT2026010339,2026-10-28 04:56:50,2026-10-29 04:01:58
CONT2026010340,2026-10-26 21:43:56,2026-11-06 02:52:19
CONT2026010341,2026-11-03 00:13:58,2026-11-06 20:01:19
CONT2026010342,2026-11-01 10:50:27,2026-11-02 03:51:53
CONT2026010343,2026-10-26 20:13:38,2026-11-06 14:45:21
CONT2026010344,2026-10-24 12:26:28,2026-10-25 08:25:00
CONT2026010345,2026-10-29 19:10:11,2026-11-06 09:48:24
CONT2026010346,2026-10-29 12:09:33,2026-11-07 04:51:41
CONT2026010347,2026-11-01 11:31:56,2026-11-01 15:31:56
CONT2026010348,2026-11-01 13:38:22,2026-11-01 19:19:47
CONT2026010349,2026-10-28 05:00:06,2026-11-07 05:55:06
CONT2026010350,2026-10-25 07:04:33,
CONT2026010351,2026-10-30 10:08:12,2026-10-31 07:59:07
CONT2026010352,2026-10-29 01:48:21,2026-11-06 08:52:18
CONT2026010353,2026-10-25 12:50:43,2026-11-07 00:12:38
CONT2026010354,2026-10-30 14:52:27,2026-11-07 07:34:11
CONT2026010355,2026-10-31 00:36:46,2026-11-01 08:34:21
CONT2026010356,2026-10-29 02:21:55,2026-10-30 03:24:02
CONT2026010357,2026-11-02 13:10:40,2026-11-03 02:08:26
CONT2026010358,2026-11-04 11:10:35,2026-11-06 22:47:24
CONT2026010359,2026-11-01 10:29:34,2026-11-06 10:51:13
CONT2026010360,2026-10-26 19:53:03,2026-10-27 20:48:06
CONT2026010361,2026-10-30 21:31:19,2026-11-06 08:02:21
CONT2026010362,2026-10-24 21:47:40,2026-11-06 09:34:42
CONT2026010363,2026-11-03 21:02:42,2026-11-06 22:35:56
CONT2026010364,2026-11-03 23:38:39,2026-11-05 01:00:06
CONT2026010365,2026-10-31 18:24:23,2026-11-06 07:57:00
CONT2026010366,2026-10-29 17:55:56,2026-10-30 10:00:31
CONT2026010367,2026-10-25 15:14:11,2026-11-06 07:05:27
CONT2026010368,2026-10-29 00:00:25,2026-11-06 08:13:59
CONT2026010369,2026-11-04 07:03:01,2026-11-06 18:37:31
CONT2026010370,2026-11-03 08:22:59,
CONT2026010371,2026-10-31 16:05:38,2026-11-06 21:09:39
CONT2026010372,2026-11-03 00:13:32,2026-11-07 12:01:14
CONT2026010373,2026-10-26 12:40:01,
CONT2026010374,2026-10-26 13:35:58,2026-11-06 21:15:45
CONT2026010375,2026-10-30 21:48:34,2026-11-06 23:42:33
CONT2026010376,2026-10-24 18:05:54,2026-11-06 15:25:56
CONT2026010377,2026-10-31 18:02:35,
CONT2026010378,2026-11-01 04:31:29,2026-11-02 01:46:03
CONT2026010379,2026-10-30 00:24:45,2026-11-06 14:27:21
CONT2026010380,2026-10-28 23:26:58,2026-11-06 19:53:49
CONT2026010381,2026-10-31 19:40:59,2026-11-01 12:06:08
CONT2026010382,2026-11-03 16:31:40,2026-11-07 08:08:33
CONT2026010383,2026-10-30 19:03:48,2026-11-06 15:09:48
CONT2026010384,2026-10-28 02:27:46,
CONT2026010385,2026-10-30 10:22:04,2026-10-31 02:46:03
CONT2026010386,2026-10-27 07:14:03,2026-11-07 09:44:13
CONT2026010387,2026-10-30 22:27:23,2026-11-06 21:44:16
CONT2026010388,2026-11-01 20:47:57,2026-11-06 19:53:15
CONT2026010389,2026-10-28 12:04:18,
CONT2026010390,2026-10-24 18:06:46,2026-10-24 23:38:41
CONT2026010391,2026-10-25 18:42:52,
CONT2026010392,2026-10-29 03:45:48,2026-10-29 07:45:48
CONT2026010393,2026-10-31 03:13:59,2026-11-01 03:43:54
CONT2026010394,2026-11-04 13:07:07,2026-11-06 21:09:16
CONT2026010395,2026-10-24 02:33:09,2026-10-25 01:21:08
CONT2026010396,2026-11-02 06:54:55,2026-11-07 18:11:07
CONT2026010397,2026-10-28 02:10:05,
CONT2026010398,2026-10-29 04:38:36,2026-10-29 19:36:24
CONT2026010399,2026-11-03 16:35:16,2026-11-04 05:25:24
CONT2026010400,2026-10-30 19:27:53,2026-11-01 10:27:53
CONT2026010401,2026-10-28 10:11:08,2026-10-29 18:42:10
CONT2026010402,2026-10-24 14:50:03,2026-10-25 13:56:38
CONT2026010403,2026-10-29 03:57:01,
CONT2026010404,2026-10-30 06:37:24,2026-11-07 13:50:09
CONT2026010405,2026-10-31 05:58:24,2026-11-06 17:47:23
CONT2026010406,2026-11-01 17:43:11,2026-11-02 16:16:52
CONT2026010407,2026-11-02 01:44:36,2026-11-07 09:52:46
CONT2026010408,2026-10-28 14:40:04,2026-10-29 09:31:45
CONT2026010409,2026-11-03 15:15:47,
CONT2026010410,2026-10-28 10:22:45,2026-11-07 16:43:43
CONT2026010411,2026-10-31 21:53:28,2026-11-01 22:34:19
CONT2026010412,2026-10-26 17:04:00,2026-11-07 16:09:35
CONT2026010413,2026-10-29 20:02:41,2026-11-07 07:10:31
CONT2026010414,2026-11-01 15:42:58,
CONT2026010415,2026-11-02 22:48:08,2026-11-08 03:24:26
CONT2026010416,2026-11-03 00:53:32,2026-11-04 06:02:51
CONT2026010417,2026-10-25 09:06:57,2026-11-07 16:44:16
CONT2026010418,2026-10-29 08:34:47,2026-11-07 05:43:27
CONT2026010419,2026-11-02 08:27:12,2026-11-02 18:29:40
CONT2026010420,2026-11-03 05:59:03,2026-11-04 01:30:57
CONT2026010421,2026-10-30 22:09:59,2026-11-07 08:55:56
CONT2026010422,2026-10-29 16:29:46,2026-11-07 11:02:33
CONT2026010423,2026-11-04 08:49:16,2026-11-06 11:38:38
CONT2026010424,2026-10-28 06:12:54,2026-10-29 04:35:37
CONT2026010425,2026-11-03 16:15:56,2026-11-04 10:50:52
CONT2026010426,2026-10-31 03:09:12,
CONT2026010427,2026-10-25 22:04:05,2026-10-26 10:23:57
CONT2026010428,2026-10-27 05:43:02,2026-11-08 11:26:24
CONT2026010429,2026-10-27 12:44:34,2026-11-07 07:20:00
CONT2026010430,2026-11-03 01:45:01,2026-11-04 02:21:06
CONT2026010431,2026-11-03 21:37:28,2026-11-08 01:00:11
CONT2026010432,2026-10-28 10:22:24,2026-11-06 23:20:50
CONT2026010433,2026-10-24 23:16:55,2026-10-25 11:55:58
CONT2026010434,2026-10-27 10:44:51,2026-10-28 10:37:43
CONT2026010435,2026-10-28 19:29:45,2026-10-30 07:35:59
CONT2026010436,2026-10-30 19:07:23,
CONT2026010437,2026-11-02 10:20:41,2026-11-03 17:02:52
CONT2026010438,2026-11-04 10:09:40,2026-11-07 13:43:03
CONT2026010439,2026-10-28 11:47:19,
CONT2026010440,2026-10-27 23:53:59,
CONT2026010441,2026-10-31 03:10:31,2026-11-07 13:36:21
CONT2026010442,2026-10-28 12:12:47,2026-11-07 08:35:11
CONT2026010443,2026-11-03 05:06:16,2026-11-04 08:10:26
CONT2026010444,2026-10-27 18:17:26,2026-10-28 05:14:03
CONT2026010445,2026-11-03 19:49:20,2026-11-07 14:14:45
CONT2026010446,2026-10-28 10:26:13,2026-10-29 02:17:58
CONT2026010447,2026-11-04 07:47:16,2026-11-05 00:03:39
CONT2026010448,2026-10-28 12:30:48,2026-10-29 08:42:45
CONT2026010449,2026-10-25 15:59:42,2026-11-08 02:28:41
CONT2026010450,2026-10-26 19:19:56,2026-10-27 05:37:23
CONT2026010451,2026-10-27 21:22:58,
CONT2026010452,2026-11-04 02:12:15,2026-11-08 15:09:40
CONT2026010453,2026-10-26 16:13:28,
CONT2026010454,2026-11-05 08:38:21,2026-11-06 09:10:11
CONT2026010455,2026-11-05 04:58:13,2026-11-09 07:39:08
CONT2026010456,2026-10-27 16:58:28,2026-11-08 06:47:51
CONT2026010457,2026-10-26 20:47:52,2026-10-27 07:25:46
CONT2026010458,2026-11-04 18:16:54,
CONT2026010459,2026-10-31 03:05:51,2026-10-31 17:03:42
CONT2026010460,2026-10-30 00:22:06,2026-11-09 17:28:33
CONT2026010461,2026-10-29 23:11:42,2026-11-07 19:49:51
CONT2026010462,2026-10-25 17:14:16,2026-10-26 09:33:17
CONT2026010463,2026-10-28 18:00:35,2026-11-09 01:00:28
CONT2026010464,2026-10-29 07:34:43,2026-10-30 09:21:25
CONT2026010465,2026-11-03 12:36:18,2026-11-07 23:50:34
CONT2026010466,2026-10-30 15:45:50,2026-11-08 03:08:43
CONT2026010467,2026-10-27 17:16:33,
CONT2026010468,2026-11-02 10:08:40,2026-11-03 13:57:52
CONT2026010469,2026-10-31 11:15:49,
CONT2026010470,2026-11-03 03:34:19,2026-11-04 02:33:37
CONT2026010471,2026-11-05 11:46:48,2026-11-06 23:04:29
CONT2026010472,2026-10-31 22:52:40,
CONT2026010473,2026-10-26 20:05:08,
CONT2026010474,2026-11-04 16:04:32,2026-11-05 10:00:24
CONT2026010475,2026-11-04 15:21:24,2026-11-05 10:33:35
CONT2026010476,2026-11-02 19:28:56,2026-11-03 06:16:50
CONT2026010477,2026-11-01 16:21:55,2026-11-01 20:44:31
CONT2026010478,2026-10-26 12:51:39,2026-11-09 09:00:51
CONT2026010479,2026-10-30 09:03:02,2026-11-08 08:30:11
CONT2026010480,2026-10-31 06:33:37,2026-11-01 06:22:49
CONT2026010481,2026-10-27 03:52:58,2026-11-08 22:43:08
CONT2026010482,2026-11-05 16:04:33,2026-11-08 05:30:11
CONT2026010483,2026-11-05 00:24:20,
CONT2026010484,2026-11-04 16:35:48,2026-11-08 21:13:12
CONT2026010485,2026-11-05 15:52:46,
CONT2026010486,2026-10-30 05:50:26,2026-10-31 07:09:10
CONT2026010487,2026-10-27 07:49:43,2026-11-08 10:58:32
CONT2026010488,2026-11-04 17:52:07,2026-11-05 05:32:18
CONT2026010489,2026-11-01 16:02:06,2026-11-08 22:27:14
CONT2026010490,2026-11-02 20:52:26,2026-11-09 02:52:31
CONT2026010491,2026-10-29 17:14:56,2026-10-30 12:41:30
CONT2026010492,2026-11-04 06:31:29,
CONT2026010493,2026-10-31 16:15:14,2026-11-08 22:20:53
CONT2026010494,2026-10-29 03:24:21,2026-11-08 17:01:55
CONT2026010495,2026-10-31 09:27:31,2026-11-09 02:14:32
CONT2026010496,2026-10-29 02:34:57,2026-11-09 14:51:30
CONT2026010497,2026-10-29 10:46:56,2026-10-30 10:25:18
CONT2026010498,2026-11-04 17:27:55,
CONT2026010499,2026-10-27 21:01:02,2026-10-28 08:15:32
CONT2026010500,2026-11-04 17:40:42,2026-11-08 06:55:54
CONT2026010501,2026-11-04 01:53:11,2026-11-04 23:21:30
CONT2026010502,2026-11-06 22:17:16,2026-11-08 06:33:15
CONT2026010503,2026-11-01 13:29:36,2026-11-02 02:45:01
CONT2026010504,2026-10-28 12:31:09,2026-10-29 06:32:36
CONT2026010505,2026-11-05 06:37:20,2026-11-05 13:49:28
CONT2026010506,2026-10-27 16:35:47,2026-11-10 08:54:10
CONT2026010507,2026-10-30 16:53:29,2026-10-31 17:50:27
CONT2026010508,2026-11-01 20:18:16,
CONT2026010509,2026-11-05 21:39:43,2026-11-06 20:04:12
CONT2026010510,2026-10-31 01:52:53,
CONT2026010511,2026-11-06 09:30:04,2026-11-09 08:44:43
CONT2026010512,2026-11-03 10:43:09,2026-11-10 02:35:18
CONT2026010513,2026-11-02 11:04:54,
CONT2026010514,2026-11-01 09:59:58,2026-11-02 18:58:44
CONT2026010515,2026-11-05 15:47:55,2026-11-10 00:52:58
CONT2026010516,2026-11-04 00:22:05,2026-11-04 20:28:27
CONT2026010517,2026-10-31 21:27:40,
CONT2026010518,2026-11-05 22:47:26,2026-11-06 17:26:52
CONT2026010519,2026-10-29 17:05:54,2026-11-09 23:00:53
CONT2026010520,2026-11-04 10:01:12,2026-11-11 04:43:06
CONT2026010521,2026-10-30 11:19:46,
CONT2026010522,2026-10-29 21:50:53,2026-10-30 23:25:47
CONT2026010523,2026-11-01 18:48:31,2026-11-02 22:26:36
CONT2026010524,2026-10-28 06:15:01,2026-10-29 12:17:01
CONT2026010525,2026-10-29 10:29:02,2026-10-29 17:36:16
CONT2026010526,2026-10-28 01:42:48,
CONT2026010527,2026-11-02 07:47:37,2026-11-10 02:41:14
CONT2026010528,2026-11-03 01:52:01,2026-11-09 18:49:22
CONT2026010529,2026-11-04 04:45:54,2026-11-10 15:08:48
CONT2026010530,2026-11-03 03:45:56,
CONT2026010531,2026-11-07 01:04:50,2026-11-07 18:02:24
CONT2026010532,2026-10-31 16:07:22,2026-11-10 22:20:38
CONT2026010533,2026-11-01 18:57:43,2026-11-11 12:44:21
CONT2026010534,2026-10-31 04:48:00,
CONT2026010535,2026-11-06 12:41:34,2026-11-07 08:25:59
CONT2026010536,2026-11-06 08:39:24,2026-11-10 16:57:12
CONT2026010537,2026-11-01 23:19:08,2026-11-02 21:21:19
CONT2026010538,2026-10-30 16:52:03,2026-11-10 13:13:37
CONT2026010539,2026-11-04 21:27:52,2026-11-06 07:10:34
CONT2026010540,2026-11-02 01:22:43,
CONT2026010541,2026-11-03 05:18:57,2026-11-03 15:59:33
CONT2026010542,2026-11-06 21:09:18,2026-11-07 18:24:24
CONT2026010543,2026-11-02 01:28:53,2026-11-02 19:23:55
CONT2026010544,2026-10-29 22:26:27,2026-10-31 00:14:34
CONT2026010545,2026-10-29 23:04:10,2026-10-30 16:00:39
CONT2026010546,2026-10-28 22:38:59,2026-10-29 12:08:41
CONT2026010547,2026-10-28 11:18:00,2026-11-11 11:46:54
CONT2026010548,2026-10-30 18:11:09,2026-11-11 17:10:30
CONT2026010549,2026-11-02 06:34:06,
CONT2026010550,2026-11-03 17:52:58,2026-11-04 15:10:00
CONT2026010551,2026-11-06 20:48:18,2026-11-11 02:38:37
CONT2026010552,2026-11-07 06:12:12,
CONT2026010553,2026-11-02 04:58:13,2026-11-02 21:04:42
CONT2026010554,2026-11-07 08:30:39,2026-11-07 16:27:36
CONT2026010555,2026-11-05 15:20:35,2026-11-11 17:38:51
CONT2026010556,2026-10-30 15:13:51,
CONT2026010557,2026-11-04 01:02:27,2026-11-05 03:25:32
CONT2026010558,2026-10-30 02:45:12,2026-11-11 19:59:15
CONT2026010559,2026-11-08 04:07:33,2026-11-09 02:40:13
CONT2026010560,2026-10-29 06:33:35,2026-10-30 09:59:54
CONT2026010561,2026-10-29 17:19:55,
CONT2026010562,2026-10-31 23:09:07,2026-11-11 08:07:11
CONT2026010563,2026-11-02 01:30:52,2026-11-02 22:56:48
CONT2026010564,2026-11-03 13:24:37,2026-11-11 23:11:11
CONT2026010565,2026-11-05 12:13:14,2026-11-11 03:12:36
CONT2026010566,2026-10-30 23:52:07,2026-11-11 09:37:26
CONT2026010567,2026-11-07 17:14:24,2026-11-11 08:43:35
CONT2026010568,2026-11-04 14:16:32,2026-11-05 09:25:40
CONT2026010569,2026-11-02 06:45:12,2026-11-11 20:38:08
CONT2026010570,2026-11-03 11:01:31,2026-11-11 08:54:45
CONT2026010571,2026-11-08 12:37:52,2026-11-12 10:10:34
CONT2026010572,2026-10-29 14:14:17,2026-11-11 19:58:54
CONT2026010573,2026-11-10 03:08:39,2026-11-11 20:22:48
CONT2026010574,2026-11-03 20:59:13,2026-11-12 01:05:23
CONT2026010575,2026-11-08 14:33:59,2026-11-09 22:34:51
CONT2026010576,2026-11-02 23:41:52,2026-11-12 08:54:24
CONT2026010577,2026-11-02 20:10:29,2026-11-03 18:06:32
CONT2026010578,2026-10-31 06:32:34,
CONT2026010579,2026-11-04 22:03:11,2026-11-12 18:13:46
CONT2026010580,2026-10-30 10:40:46,2026-11-12 16:51:20
CONT2026010581,2026-11-09 19:38:55,2026-11-13 12:39:06
CONT2026010582,2026-11-10 09:51:43,2026-11-11 11:44:36
CONT2026010583,2026-11-09 00:29:44,2026-11-12 17:25:55
CONT2026010584,2026-11-03 19:24:23,2026-11-12 16:54:42
CONT2026010585,2026-11-05 07:46:05,2026-11-13 11:42:15
CONT2026010586,2026-11-09 16:49:33,2026-11-13 13:46:05
CONT2026010587,2026-11-07 01:50:16,2026-11-13 23:49:29
CONT2026010588,2026-11-10 16:29:38,
CONT2026010589,2026-10-31 05:04:13,2026-10-31 23:51:44
CONT2026010590,2026-11-06 19:49:21,2026-11-07 18:50:20
CONT2026010591,2026-11-03 22:21:18,2026-11-13 11:04:34
CONT2026010592,2026-11-03 01:01:31,2026-11-12 13:52:16
CONT2026010593,2026-11-03 17:04:30,2026-11-13 07:54:36
CONT2026010594,2026-11-04 01:43:37,2026-11-13 05:41:34
CONT2026010595,2026-11-06 18:54:02,2026-11-07 14:52:08
CONT2026010596,2026-11-08 15:44:16,2026-11-09 03:36:26
CONT2026010597,2026-11-04 07:41:16,2026-11-13 08:00:16
CONT2026010598,2026-10-31 17:37:54,2026-11-01 10:19:04
CONT2026010599,2026-11-03 13:19:30,2026-11-13 01:19:52
CONT2026010600,2026-11-06 06:18:06,2026-11-13 15:09:50
CONT2026010601,2026-11-09 01:54:55,2026-11-13 01:31:55
CONT2026010602,2026-11-03 17:53:36,2026-11-13 11:13:13
CONT2026010603,2026-11-07 09:01:58,2026-11-12 21:33:15
CONT2026010604,2026-11-01 08:54:34,2026-11-12 13:50:05
CONT2026010605,2026-11-06 03:41:35,2026-11-06 21:27:51
CONT2026010606,2026-11-05 13:30:22,2026-11-13 07:05:35
CONT2026010607,2026-11-06 10:05:28,2026-11-12 17:04:38
CONT2026010608,2026-11-06 05:49:08,2026-11-06 20:22:55
CONT2026010609,2026-11-06 14:06:25,2026-11-07 19:57:47
CONT2026010610,2026-11-07 07:41:16,2026-11-14 06:07:05
CONT2026010611,2026-11-09 21:56:02,2026-11-13 03:51:32
CONT2026010612,2026-11-08 15:07:39,2026-11-13 17:45:55
CONT2026010613,2026-11-04 07:30:40,2026-11-12 23:29:34
CONT2026010614,2026-11-05 10:42:06,2026-11-13 08:35:03
CONT2026010615,2026-10-30 22:42:23,
CONT2026010616,2026-11-08 10:49:27,2026-11-09 04:20:14
CONT2026010617,2026-11-07 18:11:30,
CONT2026010618,2026-11-08 19:22:45,2026-11-13 01:56:20
CONT2026010619,2026-11-10 01:36:18,2026-11-10 15:53:54
CONT2026010620,2026-11-02 00:48:31,2026-11-02 10:54:53
CONT2026010621,2026-11-08 22:24:58,2026-11-09 19:16:08
CONT2026010622,2026-11-05 15:25:28,2026-11-07 01:46:54
CONT2026010623,2026-11-09 15:26:11,2026-11-10 13:19:29
CONT2026010624,2026-10-31 16:20:07,2026-11-13 09:07:52
CONT2026010625,2026-11-04 23:28:45,2026-11-05 22:13:06
CONT2026010626,2026-11-09 02:35:03,2026-11-09 11:20:48
CONT2026010627,2026-11-04 00:31:28,2026-11-13 19:42:58
CONT2026010628,2026-11-01 18:50:26,2026-11-13 14:54:14
CONT2026010629,2026-11-03 12:55:20,2026-11-12 14:59:57
CONT2026010630,2026-11-05 10:26:54,2026-11-13 01:55:59
CONT2026010631,2026-11-05 10:50:43,
CONT2026010632,2026-11-07 09:48:10,2026-11-07 23:54:17
CONT2026010633,2026-11-08 15:02:01,2026-11-13 01:02:47
CONT2026010634,2026-11-08 10:36:04,
CONT2026010635,2026-11-09 14:28:44,2026-11-10 11:35:24
CONT2026010636,2026-11-09 05:21:26,2026-11-10 07:58:47
CONT2026010637,2026-11-11 03:24:12,2026-11-14 10:29:44
CONT2026010638,2026-11-05 01:22:50,
CONT2026010639,2026-11-01 17:42:40,2026-11-14 09:48:00
CONT2026010640,2026-10-31 11:28:31,2026-11-13 01:28:33
CONT2026010641,2026-11-09 04:44:04,2026-11-09 08:44:04
CONT2026010642,2026-11-06 08:10:52,
CONT2026010643,2026-11-07 15:30:33,2026-11-14 07:11:10
CONT2026010644,2026-10-31 10:09:22,
CONT2026010645,2026-11-10 17:35:05,2026-11-11 12:23:23
CONT2026010646,2026-11-04 12:56:06,2026-11-14 02:59:42
CONT2026010647,2026-11-06 02:39:38,2026-11-06 18:18:26
CONT2026010648,2026-11-06 07:32:44,2026-11-13 22:09:05
CONT2026010649,2026-11-10 15:59:26,2026-11-11 12:32:41
CONT2026010650,2026-11-05 23:28:50,2026-11-15 14:47:50
CONT2026010651,2026-11-09 13:34:27,
CONT2026010652,2026-11-04 12:30:27,2026-11-05 14:45:20
CONT2026010653,2026-11-01 14:14:22,2026-11-02 21:42:56
CONT2026010654,2026-11-08 22:48:54,
CONT2026010655,2026-11-09 00:12:59,2026-11-09 09:53:24
CONT2026010656,2026-11-05 17:46:17,2026-11-05 21:46:17
CONT2026010657,2026-11-08 09:47:41,2026-11-14 05:39:48
CONT2026010658,2026-11-08 06:04:08,2026-11-09 12:58:00
CONT2026010659,2026-11-10 14:33:20,2026-11-11 10:07:16
CONT2026010660,2026-11-10 04:10:58,2026-11-14 12:35:52
CONT2026010661,2026-11-06 21:39:13,2026-11-08 08:52:52
CONT2026010662,2026-11-11 02:46:36,2026-11-14 05:19:49
CONT2026010663,2026-11-07 18:43:08,2026-11-14 23:41:56
CONT2026010664,2026-11-07 07:41:08,2026-11-07 14:27:11
CONT2026010665,2026-11-06 16:21:17,2026-11-07 12:49:39
CONT2026010666,2026-11-03 21:11:24,2026-11-04 12:52:42
CONT2026010667,2026-11-03 07:10:57,
CONT2026010668,2026-11-04 21:31:54,2026-11-15 05:52:38
CONT2026010669,2026-11-03 14:09:17,2026-11-04 11:08:40
CONT2026010670,2026-11-03 03:39:38,2026-11-15 18:25:40
CONT2026010671,2026-11-04 11:08:41,
CONT2026010672,2026-11-04 19:47:32,2026-11-05 14:40:41
CONT2026010673,2026-11-05 01:33:08,
CONT2026010674,2026-11-03 17:51:45,
CONT2026010675,2026-11-09 16:04:28,
CONT2026010676,2026-11-11 02:36:47,2026-11-15 10:32:54
CONT2026010677,2026-11-09 00:58:52,2026-11-10 14:15:55
CONT2026010678,2026-11-05 17:20:02,2026-11-06 14:23:22
CONT2026010679,2026-11-05 00:35:34,2026-11-15 10:18:55
CONT2026010680,2026-11-07 09:23:38,2026-11-14 18:01:03
CONT2026010681,2026-11-04 16:10:57,2026-11-05 04:25:38
CONT2026010682,2026-11-06 13:48:22,2026-11-14 19:16:32
CONT2026010683,2026-11-07 02:28:39,2026-11-08 13:20:20
CONT2026010684,2026-11-08 05:48:12,2026-11-14 18:46:21
CONT2026010685,2026-11-11 09:58:28,2026-11-15 04:11:18
CONT2026010686,2026-11-03 11:57:43,2026-11-04 10:12:36
CONT2026010687,2026-11-08 11:47:49,2026-11-08 15:47:49
CONT2026010688,2026-11-05 14:56:12,2026-11-06 16:58:15
CONT2026010689,2026-11-05 04:33:50,2026-11-15 12:04:56
CONT2026010690,2026-11-08 02:49:49,2026-11-16 03:33:57
CONT2026010691,2026-11-03 12:54:21,
CONT2026010692,2026-11-07 22:39:28,2026-11-15 12:15:04
CONT2026010693,2026-11-11 13:29:26,2026-11-16 09:10:59
CONT2026010694,2026-11-11 16:27:15,2026-11-16 10:52:00
CONT2026010695,2026-11-11 10:14:55,2026-11-15 03:56:31
CONT2026010696,2026-11-05 05:19:30,2026-11-15 07:48:24
CONT2026010697,2026-11-04 13:34:45,2026-11-15 16:25:49
CONT2026010698,2026-11-07 11:38:01,
CONT2026010699,2026-11-02 15:59:23,2026-11-03 04:17:40
CONT2026010700,2026-11-11 06:27:14,2026-11-15 12:30:17
CONT2026010701,2026-11-04 08:33:04,2026-11-15 10:23:01
CONT2026010702,2026-11-02 11:16:35,
CONT2026010703,2026-11-09 13:43:09,2026-11-10 22:41:22
CONT2026010704,2026-11-12 11:08:34,2026-11-15 16:07:12
CONT2026010705,2026-11-07 17:55:30,2026-11-08 12:03:50
CONT2026010706,2026-11-04 06:13:40,2026-11-16 12:51:45
CONT2026010707,2026-11-10 07:31:37,2026-11-15 22:05:05
CONT2026010708,2026-11-06 09:18:41,2026-11-15 10:59:27
CONT2026010709,2026-11-07 00:26:57,2026-11-15 05:48:18
CONT2026010710,2026-11-06 17:44:02,2026-11-08 01:49:29
CONT2026010711,2026-11-06 08:38:51,2026-11-07 08:09:46
CONT2026010712,2026-11-08 18:26:18,2026-11-16 00:41:30
CONT2026010713,2026-11-09 06:49:13,2026-11-10 00:35:32
CONT2026010714,2026-11-04 03:45:43,2026-11-16 02:37:49
CONT2026010715,2026-11-03 20:11:47,2026-11-05 01:31:36
CONT2026010716,2026-11-10 19:20:55,2026-11-15 23:00:31
CONT2026010717,2026-11-12 11:54:27,2026-11-15 23:52:51
CONT2026010718,2026-11-05 04:12:08,2026-11-05 23:43:50
CONT2026010719,2026-11-06 19:53:42,2026-11-07 09:16:34
CONT2026010720,2026-11-06 08:05:18,2026-11-15 03:50:06
CONT2026010721,2026-11-08 11:04:30,2026-11-15 18:27:44
CONT2026010722,2026-11-12 18:17:57,2026-11-15 08:29:16
CONT2026010723,2026-11-05 07:11:10,2026-11-06 13:21:28
CONT2026010724,2026-11-02 13:35:33,2026-11-03 18:26:32
CONT2026010725,2026-11-12 20:27:19,
CONT2026010726,2026-11-06 17:47:56,2026-11-07 21:55:48
CONT2026010727,2026-11-12 10:12:33,2026-11-13 03:44:06
CONT2026010728,2026-11-02 08:50:13,
CONT2026010729,2026-11-10 09:09:55,2026-11-15 15:43:28
CONT2026010730,2026-11-12 12:13:22,2026-11-15 05:49:04
CONT2026010731,2026-11-09 01:35:17,2026-11-15 19:54:14
CONT2026010732,2026-11-04 19:23:32,2026-11-05 15:16:21
CONT2026010733,2026-11-11 08:18:06,2026-11-12 12:11:50
CONT2026010734,2026-11-05 01:14:52,2026-11-05 23:37:28
CONT2026010735,2026-11-11 17:08:07,2026-11-15 04:50:05
CONT2026010736,2026-11-02 13:21:29,2026-11-03 12:10:18
CONT2026010737,2026-11-06 10:21:31,2026-11-07 08:42:58
CONT2026010738,2026-11-10 17:23:47,
CONT2026010739,2026-11-09 06:15:17,2026-11-15 14:42:38
CONT2026010740,2026-11-05 12:48:33,
CONT2026010741,2026-11-10 09:00:10,2026-11-11 18:44:47
CONT2026010742,2026-11-04 14:40:28,
CONT2026010743,2026-11-08 11:23:49,
CONT2026010744,2026-11-07 10:08:19,
CONT2026010745,2026-11-02 21:55:37,
CONT2026010746,2026-11-09 04:01:28,2026-11-10 06:28:58
CONT2026010747,2026-11-04 15:12:27,2026-11-16 02:56:54
CONT2026010748,2026-11-03 06:08:50,
CONT2026010749,2026-11-06 20:47:37,2026-11-07 00:47:37
CONT2026010750,2026-11-08 11:25:12,2026-11-15 11:57:50
CONT2026010751,2026-11-09 06:37:05,2026-11-09 17:26:59
CONT2026010752,2026-11-02 17:25:34,2026-11-03 20:58:53
CONT2026010753,2026-11-04 10:18:11,2026-11-16 04:38:40
CONT2026010754,2026-11-04 15:18:55,2026-11-16 07:21:24
CONT2026010755,2026-11-04 23:29:19,2026-11-16 00:17:41
CONT2026010756,2026-11-04 09:50:04,2026-11-05 07:30:55
CONT2026010757,2026-11-03 17:20:19,2026-11-04 10:01:05
CONT2026010758,2026-11-11 12:26:04,2026-11-16 14:49:33
CONT2026010759,2026-11-07 02:04:18,
CONT2026010760,2026-11-08 13:49:10,2026-11-16 09:18:54
CONT2026010761,2026-11-05 00:49:57,
CONT2026010762,2026-11-06 14:40:37,2026-11-07 13:45:59
CONT2026010763,2026-11-05 10:58:29,2026-11-16 06:51:14
CONT2026010764,2026-11-10 17:23:55,2026-11-16 10:32:43
CONT2026010765,2026-11-05 21:08:45,
CONT2026010766,2026-11-10 08:15:42,2026-11-11 19:15:46
CONT2026010767,2026-11-08 06:32:35,2026-11-17 03:08:37
CONT2026010768,2026-11-06 17:49:27,2026-11-08 00:48:00
CONT2026010769,2026-11-06 07:05:48,2026-11-07 04:02:53
CONT2026010770,2026-11-03 23:02:10,2026-11-04 16:14:21
CONT2026010771,2026-11-06 21:12:32,
CONT2026010772,2026-11-13 19:52:28,
CONT2026010773,2026-11-06 07:45:22,2026-11-17 14:46:26
CONT2026010774,2026-11-10 12:02:02,2026-11-17 16:45:05
CONT2026010775,2026-11-06 10:35:32,2026-11-06 21:37:37
CONT2026010776,2026-11-09 22:06:20,2026-11-11 02:08:29
CONT2026010777,2026-11-07 05:45:06,2026-11-17 03:39:08
CONT2026010778,2026-11-11 22:58:32,2026-11-18 20:50:30
CONT2026010779,2026-11-14 05:29:05,2026-11-17 12:42:20
CONT2026010780,2026-11-04 17:39:23,
CONT2026010781,2026-11-04 06:05:38,2026-11-17 17:32:09
CONT2026010782,2026-11-04 13:25:52,2026-11-18 02:50:45
CONT2026010783,2026-11-09 13:32:52,2026-11-10 19:10:17
CONT2026010784,2026-11-07 09:19:29,2026-11-17 13:07:09
CONT2026010785,2026-11-10 14:50:42,2026-11-18 10:53:19
CONT2026010786,2026-11-12 18:43:07,
CONT2026010787,2026-11-05 15:16:46,2026-11-17 06:26:47
CONT2026010788,2026-11-09 19:17:22,
CONT2026010789,2026-11-08 20:46:54,2026-11-19 00:09:58
CONT2026010790,2026-11-10 19:52:20,
CONT2026010791,2026-11-12 09:26:46,2026-11-13 00:11:23
CONT2026010792,2026-11-11 10:17:48,2026-11-18 01:46:24
CONT2026010793,2026-11-09 19:27:37,2026-11-17 02:31:26
CONT2026010794,2026-11-09 04:02:47,2026-11-17 16:05:39
CONT2026010795,2026-11-07 12:40:27,
CONT2026010796,2026-11-13 14:20:15,2026-11-17 08:09:20
CONT2026010797,2026-11-05 03:41:04,2026-11-05 16:25:16
CONT2026010798,2026-11-14 14:51:13,2026-11-17 10:00:55
CONT2026010799,2026-11-13 09:53:41,2026-11-17 13:19:35
CONT2026010800,2026-11-09 15:23:33,
CONT2026010801,2026-11-11 20:56:14,2026-11-18 00:38:02
CONT2026010802,2026-11-14 09:52:44,
CONT2026010803,2026-11-04 12:14:49,2026-11-17 11:02:26
CONT2026010804,2026-11-10 07:09:36,2026-11-10 15:36:38
CONT2026010805,2026-11-14 13:27:30,2026-11-17 18:24:09
CONT2026010806,2026-11-08 18:36:56,2026-11-09 17:25:00
CONT2026010807,2026-11-14 04:27:19,2026-11-15 01:28:20
CONT2026010808,2026-11-15 17:59:15,
CONT2026010809,2026-11-16 05:55:53,2026-11-16 16:45:18
CONT2026010810,2026-11-14 14:59:21,2026-11-15 02:01:58
CONT2026010811,2026-11-14 07:34:54,2026-11-18 14:40:12
CONT2026010812,2026-11-08 22:37:49,2026-11-19 00:20:45
CONT2026010813,2026-11-06 02:43:22,2026-11-18 13:58:21
CONT2026010814,2026-11-08 13:49:16,2026-11-18 09:41:24
CONT2026010815,2026-11-13 06:08:56,2026-11-17 13:58:28
CONT2026010816,2026-11-04 21:24:57,2026-11-05 19:10:14
CONT2026010817,2026-11-12 22:10:30,2026-11-13 16:07:08
CONT2026010818,2026-11-15 07:59:10,
CONT2026010819,2026-11-15 17:23:35,2026-11-19 00:34:14
CONT2026010820,2026-11-06 14:09:57,2026-11-18 16:27:14
CONT2026010821,2026-11-14 20:29:50,2026-11-19 05:40:11
CONT2026010822,2026-11-13 02:55:26,2026-11-14 15:45:33
CONT2026010823,2026-11-14 16:28:06,2026-11-18 13:44:14
CONT2026010824,2026-11-15 19:30:46,2026-11-16 19:39:01
CONT2026010825,2026-11-09 12:29:42,2026-11-19 04:01:50
CONT2026010826,2026-11-05 19:42:26,
CONT2026010827,2026-11-08 02:59:45,2026-11-09 02:23:57
CONT2026010828,2026-11-11 10:32:07,2026-11-19 05:44:20
CONT2026010829,2026-11-11 09:20:23,2026-11-12 10:46:40
CONT2026010830,2026-11-15 21:07:02,2026-11-18 20:32:23
CONT2026010831,2026-11-11 23:33:58,2026-11-18 15:04:16
CONT2026010832,2026-11-10 00:22:36,2026-11-10 19:47:56
CONT2026010833,2026-11-11 03:23:02,2026-11-18 11:18:19
CONT2026010834,2026-11-15 09:49:05,2026-11-18 11:39:54
CONT2026010835,2026-11-10 13:25:59,2026-11-18 08:59:49
CONT2026010836,2026-11-07 02:45:46,2026-11-18 09:31:15
CONT2026010837,2026-11-15 06:35:13,2026-11-15 20:13:41
CONT2026010838,2026-11-13 17:20:46,2026-11-14 05:31:17
CONT2026010839,2026-11-05 03:25:53,2026-11-18 11:35:09
CONT2026010840,2026-11-12 11:29:05,2026-11-19 08:59:35
CONT2026010841,2026-11-09 11:02:49,2026-11-18 17:01:46
CONT2026010842,2026-11-11 04:12:59,2026-11-19 08:14:48
CONT2026010843,2026-11-10 10:28:00,2026-11-11 05:09:04
CONT2026010844,2026-11-15 10:37:22,2026-11-19 17:59:30
CONT2026010845,2026-11-11 02:44:54,2026-11-19 11:36:58
CONT2026010846,2026-11-08 20:52:35,2026-11-09 16:03:26
CONT2026010847,2026-11-10 06:18:43,2026-11-19 07:57:15
CONT2026010848,2026-11-16 12:31:47,2026-11-18 23:34:29
CONT2026010849,2026-11-12 13:50:43,2026-11-20 00:51:08
CONT2026010850,2026-11-07 16:51:42,2026-11-18 19:24:38
CONT2026010851,2026-11-12 23:33:34,2026-11-13 11:03:45
CONT2026010852,2026-11-10 08:18:21,
CONT2026010853,2026-11-09 03:57:33,2026-11-09 17:54:16
CONT2026010854,2026-11-13 09:55:17,
CONT2026010855,2026-11-07 18:27:47,2026-11-19 01:29:41
CONT2026010856,2026-11-15 23:25:42,2026-11-20 09:46:43
CONT2026010857,2026-11-10 23:15:20,2026-11-20 00:43:48
CONT2026010858,2026-11-12 09:53:58,2026-11-19 21:17:35
CONT2026010859,2026-11-09 16:22:25,
CONT2026010860,2026-11-16 08:26:43,2026-11-19 04:48:41
CONT2026010861,2026-11-12 12:25:14,2026-11-19 18:38:04
CONT2026010862,2026-11-16 05:32:57,2026-11-16 15:23:49
CONT2026010863,2026-11-09 12:08:28,2026-11-10 08:21:48
CONT2026010864,2026-11-09 04:32:28,2026-11-10 01:38:07
CONT2026010865,2026-11-07 08:15:09,2026-11-19 21:10:19
CONT2026010866,2026-11-15 10:43:35,2026-11-19 01:27:36
CONT2026010867,2026-11-10 10:02:31,2026-11-19 09:18:42
CONT2026010868,2026-11-08 23:08:33,2026-11-10 00:36:04
CONT2026010869,2026-11-07 02:25:43,2026-11-07 06:25:43
CONT2026010870,2026-11-06 19:33:09,2026-11-08 00:08:37
CONT2026010871,2026-11-09 04:49:09,2026-11-10 02:09:34
CONT2026010872,2026-11-15 05:39:02,
CONT2026010873,2026-11-07 12:05:28,2026-11-19 07:34:26
CONT2026010874,2026-11-13 07:22:50,2026-11-14 04:56:42
CONT2026010875,2026-11-10 00:54:45,2026-11-10 11:45:44
CONT2026010876,2026-11-08 08:32:54,2026-11-19 22:53:33
CONT2026010877,2026-11-16 09:52:11,
CONT2026010878,2026-11-15 05:24:13,2026-11-19 14:31:20
CONT2026010879,2026-11-09 06:50:16,2026-11-09 14:37:20
CONT2026010880,2026-11-10 04:58:36,2026-11-19 06:05:20
CONT2026010881,2026-11-15 15:59:15,2026-11-16 15:19:01
CONT2026010882,2026-11-08 05:51:41,2026-11-19 17:15:09
CONT2026010883,2026-11-14 03:23:59,2026-11-15 08:11:05
CONT2026010884,2026-11-13 12:57:06,
CONT2026010885,2026-11-15 14:37:37,2026-11-16 10:00:51
CONT2026010886,2026-11-13 19:30:14,2026-11-14 14:47:35
CONT2026010887,2026-11-09 17:15:04,2026-11-10 12:51:41
CONT2026010888,2026-11-08 03:05:38,2026-11-08 17:34:57
CONT2026010889,2026-11-11 23:37:21,2026-11-19 13:26:57
CONT2026010890,2026-11-12 12:20:46,2026-11-20 01:13:42
CONT2026010891,2026-11-10 12:24:48,2026-11-20 20:13:37
CONT2026010892,2026-11-15 14:11:25,2026-11-20 04:36:08
CONT2026010893,2026-11-13 00:22:16,
CONT2026010894,2026-11-15 14:37:52,2026-11-20 01:52:55
CONT2026010895,2026-11-15 01:57:50,
CONT2026010896,2026-11-12 06:14:07,
CONT2026010897,2026-11-13 23:37:27,2026-11-19 09:40:44
CONT2026010898,2026-11-11 03:58:57,2026-11-19 12:52:36
CONT2026010899,2026-11-12 16:19:51,
CONT2026010900,2026-11-08 05:41:39,2026-11-09 09:46:40
CONT2026010901,2026-11-15 15:14:03,2026-11-19 23:08:48
CONT2026010902,2026-11-11 00:34:13,2026-11-20 06:12:03
CONT2026010903,2026-11-12 18:26:43,2026-11-13 10:04:18
CONT2026010904,2026-11-12 14:53:25,2026-11-20 07:23:45
CONT2026010905,2026-11-06 12:25:38,2026-11-06 16:43:37
CONT2026010906,2026-11-08 10:43:22,2026-11-20 07:35:03
CONT2026010907,2026-11-15 18:41:37,2026-11-17 05:08:09
CONT2026010908,2026-11-07 21:49:38,2026-11-19 01:02:52
CONT2026010909,2026-11-09 12:24:28,2026-11-20 03:53:56
CONT2026010910,2026-11-16 06:47:39,2026-11-16 17:28:46
CONT2026010911,2026-11-13 15:50:04,2026-11-19 17:16:50
CONT2026010912,2026-11-08 11:15:26,2026-11-20 11:43:40
CONT2026010913,2026-11-14 11:33:28,2026-11-20 03:04:07
CONT2026010914,2026-11-10 02:17:29,2026-11-10 21:33:16
CONT2026010915,2026-11-17 08:44:03,2026-11-20 07:35:35
CONT2026010916,2026-11-15 13:06:36,2026-11-19 00:04:21
CONT2026010917,2026-11-12 23:20:11,2026-11-20 14:29:08
CONT2026010918,2026-11-14 01:24:49,2026-11-19 17:04:58
CONT2026010919,2026-11-10 02:55:28,2026-11-20 09:52:09
CONT2026010920,2026-11-16 16:19:55,2026-11-20 03:45:05
CONT2026010921,2026-11-11 11:40:57,2026-11-11 21:16:54
CONT2026010922,2026-11-08 03:30:55,2026-11-20 06:39:10
CONT2026010923,2026-11-08 15:37:57,
CONT2026010924,2026-11-11 14:51:49,
CONT2026010925,2026-11-07 01:24:39,
CONT2026010926,2026-11-08 17:26:24,2026-11-19 08:55:07
CONT2026010927,2026-11-08 18:53:08,2026-11-20 00:08:35
CONT2026010928,2026-11-12 23:09:14,
CONT2026010929,2026-11-08 15:11:46,2026-11-09 12:12:12
CONT2026010930,2026-11-06 12:14:28,2026-11-20 17:47:26
CONT2026010931,2026-11-10 23:56:31,2026-11-11 13:19:53
CONT2026010932,2026-11-13 22:55:01,
CONT2026010933,2026-11-12 15:31:37,2026-11-20 19:42:39
CONT2026010934,2026-11-07 13:07:19,2026-11-08 02:22:37
CONT2026010935,2026-11-06 23:40:59,2026-11-07 10:32:11
CONT2026010936,2026-11-10 04:17:51,
CONT2026010937,2026-11-11 04:28:46,2026-11-20 09:19:42
CONT2026010938,2026-11-16 18:53:11,2026-11-17 19:40:35
CONT2026010939,2026-11-15 00:55:14,2026-11-20 01:30:15
CONT2026010940,2026-11-09 05:30:14,2026-11-10 06:06:14
CONT2026010941,2026-11-08 12:10:28,2026-11-20 10:24:49
CONT2026010942,2026-11-14 00:50:06,2026-11-14 21:22:34
CONT2026010943,2026-11-10 14:05:36,2026-11-11 23:51:53
CONT2026010944,2026-11-08 18:22:05,
CONT2026010945,2026-11-15 11:39:46,
CONT2026010946,2026-11-09 05:42:36,2026-11-09 22:28:20
CONT2026010947,2026-11-09 06:35:07,
CONT2026010948,2026-11-09 08:09:05,2026-11-20 19:03:09
CONT2026010949,2026-11-07 10:07:15,2026-11-08 04:25:35
CONT2026010950,2026-11-15 11:37:28,2026-11-16 08:23:03
CONT2026010951,2026-11-17 02:15:41,2026-11-20 00:36:09
CONT2026010952,2026-11-13 04:10:27,2026-11-20 08:35:37
CONT2026010953,2026-11-09 00:12:35,2026-11-09 19:57:50
CONT2026010954,2026-11-10 09:11:15,
CONT2026010955,2026-11-07 14:50:10,2026-11-08 10:14:44
CONT2026010956,2026-11-08 06:37:23,2026-11-20 05:00:23
CONT2026010957,2026-11-08 11:31:36,2026-11-09 16:43:32
CONT2026010958,2026-11-15 19:11:51,2026-11-20 13:23:22
CONT2026010959,2026-11-13 02:47:06,2026-11-14 06:46:17
CONT2026010960,2026-11-15 06:15:41,
CONT2026010961,2026-11-09 06:09:21,2026-11-20 02:24:45
CONT2026010962,2026-11-11 12:15:33,2026-11-12 07:54:12
CONT2026010963,2026-11-14 11:36:01,2026-11-14 21:11:11
CONT2026010964,2026-11-12 05:09:31,2026-11-21 08:59:11
CONT2026010965,2026-11-10 13:45:18,2026-11-11 04:43:13
CONT2026010966,2026-11-08 11:57:53,2026-11-09 12:01:24
CONT2026010967,2026-11-14 07:46:41,2026-11-22 03:12:52
CONT2026010968,2026-11-09 10:54:58,2026-11-10 08:47:32
CONT2026010969,2026-11-18 07:08:47,
CONT2026010970,2026-11-10 04:16:28,2026-11-11 03:53:34
CONT2026010971,2026-11-12 02:27:00,2026-11-22 08:19:10
CONT2026010972,2026-11-14 00:56:17,2026-11-15 01:00:07
CONT2026010973,2026-11-13 01:41:57,
CONT2026010974,2026-11-09 12:45:26,2026-11-10 10:49:14
CONT2026010975,2026-11-16 04:27:58,2026-11-22 21:47:26
CONT2026010976,2026-11-11 01:31:37,
CONT2026010977,2026-11-17 14:36:59,2026-11-22 17:59:12
CONT2026010978,2026-11-11 09:28:43,2026-11-22 07:52:13
CONT2026010979,2026-11-11 22:04:54,2026-11-22 09:35:22
CONT2026010980,2026-11-12 19:06:16,2026-11-13 23:35:14
CONT2026010981,2026-11-16 15:47:54,2026-11-22 21:21:38
CONT2026010982,2026-11-15 18:00:03,2026-11-23 05:34:49
CONT2026010983,2026-11-09 23:41:05,2026-11-10 18:15:33
CONT2026010984,2026-11-15 20:44:51,2026-11-23 16:05:05
CONT2026010985,2026-11-18 02:42:51,
CONT2026010986,2026-11-16 20:50:45,2026-11-22 17:04:05
CONT2026010987,2026-11-19 16:53:04,2026-11-20 06:48:44
CONT2026010988,2026-11-11 21:17:42,2026-11-22 19:04:45
CONT2026010989,2026-11-16 08:47:14,2026-11-17 09:46:03
CONT2026010990,2026-11-09 00:46:00,2026-11-09 17:08:45
CONT2026010991,2026-11-12 20:11:59,2026-11-13 19:33:50
CONT2026010992,2026-11-09 20:52:44,2026-11-22 04:26:05
CONT2026010993,2026-11-12 10:34:54,2026-11-13 16:30:03
CONT2026010994,2026-11-12 01:12:40,
CONT2026010995,2026-11-11 18:41:32,2026-11-12 07:35:37
CONT2026010996,2026-11-18 13:18:04,2026-11-24 19:23:26
CONT2026010997,2026-11-19 04:34:24,2026-11-19 18:30:04
CONT2026010998,2026-11-17 10:01:30,2026-11-24 01:39:27
CONT2026010999,2026-11-12 08:51:25,
CONT2026011000,2026-11-15 17:56:20,2026-11-25 12:15:01
CONT2026011001,2026-11-16 15:48:10,
CONT2026011002,2026-11-11 07:50:41,2026-11-24 09:44:25
CONT2026011003,2026-11-18 09:00:39,2026-11-19 07:31:06
CONT2026011004,2026-11-11 15:17:24,
CONT2026011005,2026-11-14 05:46:01,2026-11-15 07:39:59
CONT2026011006,2026-11-16 22:24:22,
CONT2026011007,2026-11-19 07:52:36,2026-11-19 18:21:14
CONT2026011008,2026-11-21 02:00:03,2026-11-22 05:21:53
CONT2026011009,2026-11-16 16:38:29,2026-11-23 23:27:53
CONT2026011010,2026-11-11 10:37:02,
CONT2026011011,2026-11-12 16:11:30,
CONT2026011012,2026-11-17 06:42:38,2026-11-18 14:58:49
CONT2026011013,2026-11-12 18:45:34,
CONT2026011014,2026-11-14 01:14:15,2026-11-14 05:14:15
CONT2026011015,2026-11-21 02:41:54,2026-11-25 04:22:20
CONT2026011016,2026-11-15 07:23:51,2026-11-16 05:32:00
CONT2026011017,2026-11-20 19:40:18,2026-11-21 16:20:54
CONT2026011018,2026-11-20 22:44:01,2026-11-21 15:43:15
CONT2026011019,2026-11-14 09:12:58,2026-11-24 11:25:12
CONT2026011020,2026-11-17 19:37:42,2026-11-18 13:54:32
CONT2026011021,2026-11-19 23:39:33,2026-11-24 23:39:09
CONT2026011022,2026-11-18 09:46:54,2026-11-25 09:20:48
CONT2026011023,2026-11-16 23:13:51,2026-11-25 02:53:23
CONT2026011024,2026-11-20 05:40:24,2026-11-20 15:27:23
CONT2026011025,2026-11-14 02:18:14,2026-11-15 05:34:27
CONT2026011026,2026-11-12 02:52:52,2026-11-24 16:19:04
CONT2026011027,2026-11-16 04:56:09,2026-11-17 03:55:00
CONT2026011028,2026-11-19 02:01:15,2026-11-19 19:24:17
CONT2026011029,2026-11-14 15:28:33,2026-11-15 07:20:38
CONT2026011030,2026-11-20 19:09:49,2026-11-26 04:11:27
CONT2026011031,2026-11-21 01:40:33,2026-11-21 18:22:27
CONT2026011032,2026-11-16 20:08:51,
CONT2026011033,2026-11-12 21:01:59,2026-11-24 22:41:32
CONT2026011034,2026-11-18 02:12:29,2026-11-25 04:51:40
CONT2026011035,2026-11-17 07:51:39,2026-11-26 07:42:37
CONT2026011036,2026-11-15 05:02:36,
CONT2026011037,2026-11-12 15:01:15,2026-11-13 13:38:11
CONT2026011038,2026-11-14 11:24:28,2026-11-16 03:46:47
CONT2026011039,2026-11-18 01:41:17,
CONT2026011040,2026-11-17 00:11:40,2026-11-25 16:00:10
CONT2026011041,2026-11-16 09:08:49,2026-11-24 21:39:19
CONT2026011042,2026-11-19 08:52:09,2026-11-19 22:49:59
CONT2026011043,2026-11-16 00:18:28,2026-11-17 06:50:05
CONT2026011044,2026-11-16 04:48:16,2026-11-16 20:50:52
CONT2026011045,2026-11-19 07:24:54,2026-11-19 22:34:08
CONT2026011046,2026-11-17 12:42:56,2026-11-18 16:45:58
CONT2026011047,2026-11-19 03:09:02,2026-11-25 17:29:08
CONT2026011048,2026-11-17 01:27:01,2026-11-25 04:47:37
CONT2026011049,2026-11-16 08:56:47,2026-11-17 01:28:20
CONT2026011050,2026-11-22 02:41:02,2026-11-25 07:56:30
CONT2026011051,2026-11-21 18:14:42,2026-11-24 22:42:05
CONT2026011052,2026-11-19 15:46:41,2026-11-20 02:08:14
CONT2026011053,2026-11-13 07:22:54,2026-11-13 20:03:21
CONT2026011054,2026-11-15 08:51:24,2026-11-16 03:52:47
CONT2026011055,2026-11-19 04:49:41,2026-11-25 16:15:17
CONT2026011056,2026-11-17 21:39:57,2026-11-19 05:17:17
CONT2026011057,2026-11-15 03:22:30,2026-11-24 10:04:27
CONT2026011058,2026-11-20 16:20:23,2026-11-21 08:34:12
CONT2026011059,2026-11-13 15:22:59,2026-11-25 14:06:09
CONT2026011060,2026-11-13 21:11:14,2026-11-25 15:35:09
CONT2026011061,2026-11-18 03:05:41,2026-11-18 23:52:01
CONT2026011062,2026-11-22 03:25:14,2026-11-25 12:10:24
CONT2026011063,2026-11-14 03:34:26,
CONT2026011064,2026-11-16 23:40:25,
CONT2026011065,2026-11-13 13:43:29,2026-11-25 13:42:50
CONT2026011066,2026-11-21 16:38:26,2026-11-25 18:43:22
CONT2026011067,2026-11-12 18:58:34,2026-11-14 04:45:59
CONT2026011068,2026-11-14 03:20:49,2026-11-25 10:50:37
CONT2026011069,2026-11-22 03:56:58,2026-11-26 05:57:47
CONT2026011070,2026-11-15 06:24:13,2026-11-25 11:24:30
CONT2026011071,2026-11-18 09:35:19,2026-11-25 21:37:04
CONT2026011072,2026-11-22 17:36:57,
CONT2026011073,2026-11-18 08:45:36,2026-11-19 05:40:46
CONT2026011074,2026-11-23 04:46:51,2026-11-24 03:44:02
CONT2026011075,2026-11-22 14:39:24,2026-11-24 07:31:20
CONT2026011076,2026-11-21 20:52:12,2026-11-25 05:57:29
CONT2026011077,2026-11-15 10:58:50,2026-11-25 19:38:35
CONT2026011078,2026-11-16 05:11:30,
CONT2026011079,2026-11-15 00:22:23,2026-11-15 20:38:43
CONT2026011080,2026-11-21 13:39:57,2026-11-25 10:23:10
CONT2026011081,2026-11-17 10:09:43,2026-11-26 05:16:18
CONT2026011082,2026-11-12 11:27:30,2026-11-13 08:33:07
CONT2026011083,2026-11-18 16:13:59,2026-11-19 13:51:34
CONT2026011084,2026-11-16 15:54:01,
CONT2026011085,2026-11-23 06:33:23,2026-11-24 04:39:14
CONT2026011086,2026-11-15 08:07:59,2026-11-16 03:24:47
CONT2026011087,2026-11-14 04:17:21,2026-11-25 16:27:52
CONT2026011088,2026-11-15 00:20:48,2026-11-26 03:49:37
CONT2026011089,2026-11-19 12:21:14,2026-11-26 11:24:07
CONT2026011090,2026-11-13 18:12:30,2026-11-15 00:40:24
CONT2026011091,2026-11-13 21:45:41,2026-11-26 22:28:12
CONT2026011092,2026-11-17 13:48:37,2026-11-25 19:25:09
CONT2026011093,2026-11-16 15:48:53,2026-11-17 22:22:48
CONT2026011094,2026-11-20 17:44:18,
CONT2026011095,2026-11-21 04:32:18,2026-11-21 21:24:06
CONT2026011096,2026-11-20 14:42:35,2026-11-21 03:53:44
CONT2026011097,2026-11-14 21:13:42,2026-11-15 09:11:17
CONT2026011098,2026-11-18 13:14:30,2026-11-18 21:42:19
CONT2026011099,2026-11-19 07:42:10,2026-11-26 18:37:42
CONT2026011100,2026-11-13 18:25:27,
CONT2026011101,2026-11-15 08:59:06,2026-11-26 00:26:36
CONT2026011102,2026-11-17 11:56:37,
CONT2026011103,2026-11-17 12:35:26,2026-11-26 09:31:39
CONT2026011104,2026-11-14 01:36:28,2026-11-14 21:51:33
CONT2026011105,2026-11-23 13:45:06,2026-11-26 23:41:10
CONT2026011106,2026-11-16 22:48:18,
CONT2026011107,2026-11-18 08:53:31,2026-11-26 08:52:20
CONT2026011108,2026-11-21 03:09:02,2026-11-27 17:17:03
CONT2026011109,2026-11-23 07:50:54,2026-11-24 14:02:00
CONT2026011110,2026-11-19 18:46:38,
CONT2026011111,2026-11-23 01:19:30,2026-11-24 10:42:38
CONT2026011112,2026-11-20 17:22:01,
CONT2026011113,2026-11-20 15:26:02,2026-11-21 06:42:21
CONT2026011114,2026-11-20 10:51:09,2026-11-21 06:26:34
CONT2026011115,2026-11-15 14:58:40,2026-11-16 02:38:13
CONT2026011116,2026-11-22 04:53:17,2026-11-22 20:29:34
CONT2026011117,2026-11-15 14:15:04,2026-11-27 14:08:35
CONT2026011118,2026-11-16 02:04:44,2026-11-16 19:19:40
CONT2026011119,2026-11-21 01:06:10,2026-11-27 12:33:30
CONT2026011120,2026-11-23 06:19:35,2026-11-28 00:31:25
CONT2026011121,2026-11-17 15:04:11,2026-11-18 22:22:13
CONT2026011122,2026-11-18 04:31:02,2026-11-27 17:15:55
CONT2026011123,2026-11-15 11:32:01,2026-11-15 23:39:43
CONT2026011124,2026-11-17 11:17:58,
CONT2026011125,2026-11-15 20:11:19,2026-11-16 15:45:13
CONT2026011126,2026-11-20 01:18:01,
CONT2026011127,2026-11-15 08:51:14,2026-11-27 18:40:56
CONT2026011128,2026-11-18 08:56:49,2026-11-27 11:38:43
CONT2026011129,2026-11-14 07:02:38,2026-11-15 04:55:15
CONT2026011130,2026-11-16 01:23:22,2026-11-28 02:49:20
CONT2026011131,2026-11-16 11:46:00,2026-11-27 23:27:53
CONT2026011132,2026-11-20 16:45:12,2026-11-27 09:32:24
CONT2026011133,2026-11-23 20:08:43,2026-11-27 15:58:43
CONT2026011134,2026-11-19 04:04:13,2026-11-20 00:38:50
CONT2026011135,2026-11-19 04:21:01,2026-11-28 19:41:30
CONT2026011136,2026-11-25 07:08:11,2026-11-28 00:14:02
CONT2026011137,2026-11-23 09:37:41,2026-11-28 18:28:04
CONT2026011138,2026-11-19 06:28:40,2026-11-20 08:14:24
CONT2026011139,2026-11-24 23:18:54,2026-11-27 18:54:22
CONT2026011140,2026-11-23 07:44:11,2026-11-28 06:46:54
CONT2026011141,2026-11-21 18:03:38,
CONT2026011142,2026-11-15 19:46:45,2026-11-27 23:26:48
CONT2026011143,2026-11-22 16:47:34,2026-11-23 17:54:33
CONT2026011144,2026-11-19 09:32:35,2026-11-28 09:40:27
CONT2026011145,2026-11-15 00:03:57,2026-11-15 16:13:26
CONT2026011146,2026-11-19 10:17:37,2026-11-27 18:12:06
CONT2026011147,2026-11-23 02:10:45,2026-11-27 18:43:25
CONT2026011148,2026-11-16 20:43:28,2026-11-27 21:06:57
CONT2026011149,2026-11-17 00:19:41,2026-11-18 04:54:39
CONT2026011150,2026-11-21 02:25:14,2026-11-22 03:09:56
CONT2026011151,2026-11-23 18:58:58,
CONT2026011152,2026-11-15 22:19:12,2026-11-16 11:47:26
CONT2026011153,2026-11-16 11:33:22,2026-11-17 06:55:28
CONT2026011154,2026-11-19 18:13:18,2026-11-28 07:28:09
CONT2026011155,2026-11-25 09:36:18,2026-11-26 03:57:53
CONT2026011156,2026-11-17 23:41:48,2026-11-18 13:48:19
CONT2026011157,2026-11-17 21:28:44,2026-11-28 01:20:15
CONT2026011158,2026-11-23 01:54:13,
CONT2026011159,2026-11-20 01:36:32,2026-11-27 13:33:51
CONT2026011160,2026-11-18 08:07:49,2026-11-19 15:42:33
CONT2026011161,2026-11-16 19:07:22,
CONT2026011162,2026-11-19 18:38:42,
CONT2026011163,2026-11-19 06:59:14,2026-11-28 22:23:02
CONT2026011164,2026-11-16 10:35:43,2026-11-29 05:59:59
CONT2026011165,2026-11-24 04:37:03,2026-11-25 09:31:08
CONT2026011166,2026-11-22 10:59:05,2026-11-23 06:15:00
CONT2026011167,2026-11-22 15:08:52,2026-11-28 08:48:51
CONT2026011168,2026-11-25 05:37:00,
CONT2026011169,2026-11-23 02:47:40,2026-11-23 21:09:05
CONT2026011170,2026-11-15 23:23:57,2026-11-28 06:43:22
CONT2026011171,2026-11-17 16:53:55,2026-11-28 10:56:55
CONT2026011172,2026-11-16 05:56:08,2026-11-17 00:29:11
CONT2026011173,2026-11-25 17:37:01,
CONT2026011174,2026-11-17 09:28:04,2026-11-29 03:25:06
CONT2026011175,2026-11-25 22:29:59,2026-11-26 13:41:52
CONT2026011176,2026-11-20 22:45:25,2026-11-29 00:14:19
CONT2026011177,2026-11-22 16:29:39,2026-11-28 02:15:01
CONT2026011178,2026-11-23 05:06:52,2026-11-24 06:16:45
CONT2026011179,2026-11-15 10:15:51,2026-11-28 10:59:53
CONT2026011180,2026-11-17 21:16:02,2026-11-18 13:21:35
CONT2026011181,2026-11-23 09:34:16,
CONT2026011182,2026-11-22 16:22:18,2026-11-23 01:00:01
CONT2026011183,2026-11-21 06:10:25,2026-11-27 13:33:23
CONT2026011184,2026-11-17 04:22:39,2026-11-17 20:34:31
CONT2026011185,2026-11-21 04:20:34,2026-11-28 23:10:00
CONT2026011186,2026-11-19 07:00:16,
CONT2026011187,2026-11-24 12:47:54,2026-11-28 19:45:22
CONT2026011188,2026-11-18 01:55:39,2026-11-28 07:07:45
CONT2026011189,2026-11-15 21:50:30,2026-11-29 01:38:40
CONT2026011190,2026-11-16 18:35:48,2026-11-17 12:19:45
CONT2026011191,2026-11-19 20:28:41,2026-11-20 10:09:49
CONT2026011192,2026-11-17 09:40:45,2026-11-18 05:04:54
CONT2026011193,2026-11-17 10:41:09,2026-11-28 21:59:18
CONT2026011194,2026-11-25 08:48:35,2026-11-28 14:24:08
CONT2026011195,2026-11-22 00:41:59,2026-11-30 10:50:56
CONT2026011196,2026-11-17 18:46:14,2026-11-30 05:32:28
CONT2026011197,2026-11-17 14:06:01,2026-11-18 06:14:27
CONT2026011198,2026-11-25 20:26:04,
CONT2026011199,2026-11-17 20:58:03,2026-11-19 00:28:38
CONT2026011200,2026-11-21 01:08:10,2026-11-21 16:57:30
CONT2026011201,2026-11-18 23:31:44,
CONT2026011202,2026-11-19 23:28:22,2026-11-30 11:49:31
CONT2026011203,2026-11-24 12:49:47,2026-11-30 04:02:29
CONT2026011204,2026-11-22 17:55:29,2026-12-02 08:09:04
CONT2026011205,2026-11-26 11:49:55,2026-12-02 04:53:13
CONT2026011206,2026-11-28 20:08:26,2026-11-30 03:18:48
CONT2026011207,2026-11-29 13:12:55,2026-12-02 19:19:31
CONT2026011208,2026-11-24 01:32:59,2026-11-25 11:21:14
CONT2026011209,2026-11-24 08:22:05,2026-11-24 21:05:23
CONT2026011210,2026-11-20 21:57:36,2026-11-22 05:07:28
CONT2026011211,2026-11-21 11:40:30,2026-11-22 11:08:03
CONT2026011212,2026-11-23 10:00:11,2026-11-24 08:27:17
CONT2026011213,2026-11-23 22:03:42,2026-12-02 04:16:29
CONT2026011214,2026-11-22 11:36:50,2026-11-23 08:53:02
CONT2026011215,2026-11-30 03:14:53,2026-11-30 23:16:30
CONT2026011216,2026-11-26 13:11:53,2026-12-02 13:28:02
CONT2026011217,2026-11-19 20:46:33,2026-12-03 11:22:51
CONT2026011218,2026-11-24 15:43:07,2026-11-25 13:35:09
CONT2026011219,2026-11-25 05:51:59,2026-11-25 17:01:36
CONT2026011220,2026-11-22 00:55:32,2026-12-01 22:02:42
CONT2026011221,2026-11-20 10:13:49,2026-11-22 01:54:58
CONT2026011222,2026-11-21 02:18:06,2026-12-02 03:39:28
CONT2026011223,2026-11-22 09:32:08,2026-12-02 15:11:18
CONT2026011224,2026-11-27 10:39:29,2026-11-28 14:02:41
CONT2026011225,2026-11-20 11:20:52,
CONT2026011226,2026-11-29 14:49:31,2026-11-30 16:45:46
CONT2026011227,2026-11-24 12:35:23,2026-11-25 15:35:18
CONT2026011228,2026-11-21 22:43:52,2026-11-22 16:02:16
CONT2026011229,2026-11-20 00:48:38,
CONT2026011230,2026-11-19 14:34:57,
CONT2026011231,2026-11-25 07:09:58,2026-12-03 02:54:37
CONT2026011232,2026-11-26 03:43:27,2026-12-02 13:26:44
CONT2026011233,2026-11-29 08:15:51,2026-11-30 23:01:18
CONT2026011234,2026-11-29 13:40:24,2026-11-29 17:52:02
CONT2026011235,2026-11-22 18:19:23,2026-12-03 15:05:40
CONT2026011236,2026-11-23 23:17:41,
CONT2026011237,2026-11-25 11:57:32,2026-12-03 21:07:59
CONT2026011238,2026-12-01 06:23:33,2026-12-05 09:16:22
CONT2026011239,2026-11-23 00:39:03,2026-11-24 01:46:31
CONT2026011240,2026-11-25 04:35:31,2026-12-04 00:49:23
CONT2026011241,2026-11-26 10:30:23,2026-12-04 01:48:12
CONT2026011242,2026-12-01 02:21:36,
CONT2026011243,2026-11-30 06:36:41,2026-11-30 18:17:16
CONT2026011244,2026-11-28 03:06:50,2026-11-28 22:09:31
CONT2026011245,2026-11-29 09:18:40,2026-11-29 21:51:42
CONT2026011246,2026-11-23 17:38:32,2026-12-04 11:09:29
CONT2026011247,2026-11-21 04:24:13,2026-12-04 05:30:10
CONT2026011248,2026-11-23 05:19:46,2026-12-04 01:45:28
CONT2026011249,2026-11-29 04:05:33,2026-11-29 13:41:20
CONT2026011250,2026-11-24 14:57:02,2026-11-24 23:02:25
CONT2026011251,2026-11-23 21:25:43,2026-12-04 11:44:05
CONT2026011252,2026-11-29 00:47:20,2026-11-30 05:13:32
CONT2026011253,2026-11-27 07:20:00,2026-12-03 10:43:12
CONT2026011254,2026-11-30 08:12:33,2026-11-30 16:01:39
CONT2026011255,2026-11-21 04:28:00,2026-11-22 03:15:07
CONT2026011256,2026-11-24 06:17:29,2026-11-25 04:36:06
CONT2026011257,2026-11-29 08:14:42,
CONT2026011258,2026-11-21 14:21:51,
CONT2026011259,2026-11-23 18:06:43,2026-12-04 10:21:48
CONT2026011260,2026-11-30 08:55:44,2026-12-04 13:54:02
CONT2026011261,2026-12-01 02:16:18,2026-12-01 19:25:22
CONT2026011262,2026-11-25 07:35:33,2026-12-04 00:28:42
CONT2026011263,2026-11-23 05:52:04,2026-12-03 19:57:06
CONT2026011264,2026-11-24 07:24:17,2026-11-25 02:16:21
CONT2026011265,2026-11-27 20:45:25,2026-12-04 04:49:24
CONT2026011266,2026-12-01 15:31:28,2026-12-04 17:39:56
CONT2026011267,2026-11-30 09:43:34,2026-12-01 04:23:35
CONT2026011268,2026-11-24 08:54:47,2026-11-25 13:42:14
CONT2026011269,2026-12-01 10:00:11,
CONT2026011270,2026-11-26 07:43:27,2026-11-27 19:57:08
CONT2026011271,2026-11-26 11:51:54,2026-12-03 18:52:18
CONT2026011272,2026-11-21 10:03:06,2026-12-03 15:14:43
CONT2026011273,2026-11-27 22:33:31,2026-11-28 22:43:30
CONT2026011274,2026-11-23 21:53:49,2026-11-24 12:37:45
CONT2026011275,2026-11-30 04:05:13,2026-12-04 18:17:44
CONT2026011276,2026-11-30 06:44:54,2026-12-04 00:13:11
CONT2026011277,2026-11-30 13:04:30,
CONT2026011278,2026-11-22 17:15:11,2026-12-03 14:51:42
CONT2026011279,2026-12-01 01:20:45,2026-12-05 09:32:32
CONT2026011280,2026-11-25 05:36:08,2026-11-25 19:55:41
CONT2026011281,2026-11-30 17:47:52,
CONT2026011282,2026-11-21 22:11:22,2026-11-23 01:39:51
CONT2026011283,2026-11-29 23:20:11,2026-12-05 17:53:21
CONT2026011284,2026-11-27 01:09:06,2026-12-05 13:29:31
CONT2026011285,2026-11-25 21:21:35,2026-11-26 15:32:16
CONT2026011286,2026-11-22 05:26:24,2026-12-05 17:16:54
CONT2026011287,2026-11-23 06:14:38,2026-12-06 00:35:33
CONT2026011288,2026-11-21 17:59:26,2026-11-22 13:09:00
CONT2026011289,2026-12-01 11:35:48,2026-12-05 13:51:38
CONT2026011290,2026-12-01 05:52:32,
CONT2026011291,2026-11-28 07:59:39,
CONT2026011292,2026-11-28 13:31:08,2026-11-29 00:01:54
CONT2026011293,2026-11-27 09:04:46,2026-11-28 17:50:07
CONT2026011294,2026-11-29 13:18:14,2026-12-04 20:13:34
CONT2026011295,2026-11-27 08:40:24,2026-12-05 05:13:49
CONT2026011296,2026-11-22 18:53:56,
CONT2026011297,2026-12-02 14:57:01,2026-12-03 07:45:24
CONT2026011298,2026-11-27 02:54:33,2026-11-28 02:50:45
CONT2026011299,2026-11-24 16:41:56,2026-11-25 00:38:13
CONT2026011300,2026-12-01 19:49:37,2026-12-05 11:32:36
CONT2026011301,2026-11-28 15:37:03,2026-12-06 06:43:44
CONT2026011302,2026-12-01 13:52:43,2026-12-05 14:25:25
CONT2026011303,2026-12-01 22:42:08,2026-12-03 00:39:19
CONT2026011304,2026-11-25 07:08:38,
CONT2026011305,2026-11-22 22:27:41,
CONT2026011306,2026-11-26 02:39:16,2026-12-06 02:48:56
CONT2026011307,2026-11-26 00:00:12,2026-11-27 00:02:31
CONT2026011308,2026-11-24 03:41:22,2026-12-07 00:42:46
CONT2026011309,2026-11-28 08:14:55,
CONT2026011310,2026-11-30 06:44:44,2026-11-30 17:34:35
CONT2026011311,2026-11-29 12:22:56,2026-12-06 06:20:39
CONT2026011312,2026-12-01 19:06:20,2026-12-02 22:52:40
CONT2026011313,2026-11-29 05:50:28,2026-12-06 17:25:05
CONT2026011314,2026-12-01 09:31:33,2026-12-02 18:54:19
CONT2026011315,2026-11-24 08:19:16,2026-11-24 18:17:03
CONT2026011316,2026-12-01 11:55:32,2026-12-02 12:10:51
CONT2026011317,2026-11-30 22:41:43,2026-12-01 16:55:55
CONT2026011318,2026-11-25 10:13:09,2026-12-06 08:47:41
CONT2026011319,2026-11-25 01:28:38,2026-12-06 16:33:54
CONT2026011320,2026-11-28 14:49:10,2026-11-28 18:49:10
CONT2026011321,2026-12-03 09:04:06,2026-12-04 07:14:46
CONT2026011322,2026-11-30 10:33:53,2026-12-06 00:02:50
CONT2026011323,2026-11-30 21:10:27,2026-12-02 00:41:23
CONT2026011324,2026-11-27 03:38:59,2026-12-07 10:04:17
CONT2026011325,2026-11-30 02:59:26,2026-12-06 18:02:42
CONT2026011326,2026-11-27 18:18:08,2026-11-29 00:46:57
CONT2026011327,2026-11-30 12:24:44,2026-12-01 21:52:31
CONT2026011328,2026-11-30 19:22:32,2026-12-06 03:26:30
CONT2026011329,2026-11-23 02:20:32,2026-12-06 10:07:17
CONT2026011330,2026-11-29 15:54:10,2026-11-30 02:42:42
CONT2026011331,2026-12-01 15:03:43,2026-12-06 10:25:29
CONT2026011332,2026-11-25 15:07:19,2026-11-26 09:02:50
CONT2026011333,2026-11-23 01:20:51,2026-12-05 23:40:12
CONT2026011334,2026-12-04 03:06:01,2026-12-04 18:55:58
CONT2026011335,2026-11-26 20:26:38,2026-11-27 23:00:02
CONT2026011336,2026-12-03 14:08:28,2026-12-07 05:02:09
CONT2026011337,2026-12-01 02:06:03,2026-12-06 13:37:45
CONT2026011338,2026-12-02 22:39:58,2026-12-06 18:10:56
CONT2026011339,2026-11-26 04:43:41,2026-11-26 21:48:43
CONT2026011340,2026-11-29 20:19:42,2026-12-06 19:43:12
CONT2026011341,2026-11-30 04:01:03,2026-11-30 09:01:23
CONT2026011342,2026-11-30 02:03:06,2026-12-06 15:02:25
CONT2026011343,2026-12-02 10:51:55,2026-12-03 06:32:31
CONT2026011344,2026-11-30 23:10:53,2026-12-02 01:13:36
CONT2026011345,2026-11-27 14:31:45,
CONT2026011346,2026-11-27 07:01:05,
CONT2026011347,2026-12-01 12:59:33,2026-12-06 12:07:34
CONT2026011348,2026-12-01 09:36:46,2026-12-06 20:09:49
CONT2026011349,2026-11-28 04:03:43,
CONT2026011350,2026-11-25 20:46:32,2026-12-07 01:44:59
CONT2026011351,2026-12-02 14:39:48,2026-12-06 03:28:51
CONT2026011352,2026-11-28 06:57:00,
CONT2026011353,2026-11-27 23:09:39,2026-11-29 03:17:22
CONT2026011354,2026-11-26 23:47:07,2026-11-27 22:43:45
CONT2026011355,2026-11-24 14:55:44,2026-11-25 02:55:44
CONT2026011356,2026-11-29 13:40:45,2026-12-06 15:51:43
CONT2026011357,2026-11-26 19:06:19,
CONT2026011358,2026-11-28 12:15:39,2026-12-06 12:22:01
CONT2026011359,2026-11-23 18:07:32,2026-11-24 11:15:49
CONT2026011360,2026-11-29 16:25:50,2026-12-07 00:38:17
CONT2026011361,2026-11-24 20:51:28,
CONT2026011362,2026-12-01 01:27:14,
CONT2026011363,2026-11-24 15:44:24,2026-12-06 15:04:12
CONT2026011364,2026-11-29 02:37:10,2026-12-06 14:14:55
CONT2026011365,2026-11-27 09:38:56,2026-11-28 04:17:09
CONT2026011366,2026-12-02 14:20:44,2026-12-06 17:10:42
CONT2026011367,2026-11-23 05:20:51,2026-12-07 13:56:53
CONT2026011368,2026-11-24 09:17:33,2026-11-24 23:09:01
CONT2026011369,2026-11-28 01:18:39,2026-12-08 00:46:26
CONT2026011370,2026-11-28 17:23:58,2026-11-29 20:27:25
CONT2026011371,2026-11-29 16:01:09,2026-11-30 13:48:26
CONT2026011372,2026-11-29 21:45:28,2026-12-07 02:08:32
CONT2026011373,2026-11-24 13:50:36,2026-11-24 23:02:47
CONT2026011374,2026-11-26 20:52:52,2026-12-07 05:46:48
CONT2026011375,2026-12-02 12:25:46,
CONT2026011376,2026-11-30 00:43:13,2026-12-07 05:49:12
CONT2026011377,2026-11-25 22:56:52,2026-11-26 05:28:31
CONT2026011378,2026-11-30 06:29:19,2026-12-06 17:46:30
CONT2026011379,2026-12-03 13:51:49,
CONT2026011380,2026-11-27 09:45:27,2026-11-28 00:26:46
CONT2026011381,2026-12-02 21:20:03,2026-12-03 20:48:02
CONT2026011382,2026-11-26 09:57:06,
CONT2026011383,2026-12-01 13:02:32,2026-12-02 20:21:18
CONT2026011384,2026-12-02 06:40:04,2026-12-03 09:46:27
CONT2026011385,2026-11-30 00:59:07,2026-12-07 01:12:53
CONT2026011386,2026-12-01 06:01:28,2026-12-02 00:03:35
CONT2026011387,2026-11-23 22:13:50,2026-11-25 02:16:50
CONT2026011388,2026-11-29 22:59:25,2026-12-06 20:04:18
CONT2026011389,2026-11-28 00:46:58,2026-11-29 03:08:26
CONT2026011390,2026-12-03 00:05:41,2026-12-07 09:57:18
CONT2026011391,2026-12-03 12:27:54,2026-12-07 00:52:45
CONT2026011392,2026-11-25 01:15:56,2026-12-07 12:22:06
CONT2026011393,2026-11-30 04:20:02,2026-12-06 23:51:56
CONT2026011394,2026-12-03 02:51:21,2026-12-06 09:06:19
CONT2026011395,2026-11-28 03:35:10,2026-11-29 08:22:36
CONT2026011396,2026-11-29 00:00:06,2026-12-06 15:54:34
CONT2026011397,2026-12-04 05:43:20,2026-12-07 17:41:02
CONT2026011398,2026-12-03 16:50:00,2026-12-07 08:10:36
CONT2026011399,2026-12-04 09:41:25,2026-12-05 23:52:49
CONT2026011400,2026-12-04 09:53:39,2026-12-05 13:51:03
CONT2026011401,2026-12-01 00:17:25,2026-12-01 20:20:57
CONT2026011402,2026-12-03 21:44:42,
CONT2026011403,2026-11-27 04:08:43,2026-11-28 16:24:23
CONT2026011404,2026-11-25 20:12:51,2026-12-06 15:45:03
CONT2026011405,2026-12-03 20:38:41,2026-12-04 09:11:20
CONT2026011406,2026-11-28 23:47:07,2026-11-29 18:03:49
CONT2026011407,2026-11-30 04:20:05,2026-12-07 06:44:42
CONT2026011408,2026-11-25 10:22:04,
CONT2026011409,2026-11-27 00:18:49,2026-12-08 02:46:24
CONT2026011410,2026-11-28 23:18:30,2026-11-29 23:09:58
CONT2026011411,2026-12-01 19:33:15,2026-12-06 03:45:31
CONT2026011412,2026-11-23 21:19:49,2026-12-06 17:07:21
CONT2026011413,2026-11-24 12:32:23,2026-12-06 14:45:56
CONT2026011414,2026-12-01 14:04:01,2026-12-02 06:08:18
CONT2026011415,2026-11-24 20:22:19,2026-11-25 06:59:09
CONT2026011416,2026-12-03 01:35:00,2026-12-03 14:06:22
CONT2026011417,2026-12-04 04:56:12,
CONT2026011418,2026-11-30 04:57:55,2026-12-06 18:50:54
CONT2026011419,2026-12-02 06:56:53,2026-12-07 08:00:47
CONT2026011420,2026-11-30 20:17:24,2026-12-07 05:42:21
CONT2026011421,2026-11-29 15:48:02,2026-12-07 17:15:29
CONT2026011422,2026-11-30 12:40:48,2026-12-07 13:12:28
CONT2026011423,2026-11-29 01:42:48,
CONT2026011424,2026-11-28 14:12:15,
CONT2026011425,2026-11-28 18:55:32,2026-11-29 19:45:01
CONT2026011426,2026-12-01 03:32:32,2026-12-01 10:30:10
CONT2026011427,2026-11-29 15:42:14,2026-12-06 23:27:28
CONT2026011428,2026-11-26 15:55:50,
CONT2026011429,2026-12-04 06:34:33,
CONT2026011430,2026-11-28 01:02:41,2026-11-28 20:20:48
CONT2026011431,2026-12-01 01:52:37,2026-12-02 03:42:54
CONT2026011432,2026-12-02 09:27:56,2026-12-03 05:48:16
CONT2026011433,2026-11-29 03:14:16,
CONT2026011434,2026-11-23 12:27:16,2026-11-24 04:56:33
CONT2026011435,2026-12-03 14:32:16,2026-12-07 18:08:49
CONT2026011436,2026-11-28 12:35:38,2026-11-28 22:08:32
CONT2026011437,2026-12-04 05:59:48,2026-12-05 06:13:00
CONT2026011438,2026-12-03 18:27:27,2026-12-04 04:42:04
CONT2026011439,2026-11-28 20:16:50,2026-12-07 17:17:31
CONT2026011440,2026-11-26 23:52:00,2026-12-07 13:27:35
CONT2026011441,2026-12-02 22:47:49,2026-12-07 08:06:21
CONT2026011442,2026-11-23 19:28:57,2026-12-08 01:06:39
CONT2026011443,2026-11-26 18:12:02,2026-11-27 07:48:33
CONT2026011444,2026-11-29 00:29:05,2026-11-29 08:02:02
CONT2026011445,2026-12-04 05:55:36,2026-12-05 02:19:15
CONT2026011446,2026-12-02 07:09:49,2026-12-02 18:09:11
CONT2026011447,2026-11-25 13:15:58,2026-12-08 07:25:38
CONT2026011448,2026-11-28 10:59:10,2026-12-09 06:06:59
CONT2026011449,2026-12-04 11:21:50,2026-12-08 20:45:01
CONT2026011450,2026-11-25 18:12:10,2026-12-09 01:56:49
CONT2026011451,2026-11-29 19:18:11,2026-11-30 11:52:06
CONT2026011452,2026-12-03 16:30:57,2026-12-08 23:05:33
CONT2026011453,2026-12-01 20:08:13,2026-12-02 10:36:41
CONT2026011454,2026-11-26 17:08:55,2026-12-08 19:30:59
CONT2026011455,2026-11-26 03:16:32,2026-12-07 19:00:04
CONT2026011456,2026-12-02 06:19:39,2026-12-03 07:05:45
CONT2026011457,2026-11-30 21:25:11,2026-12-08 12:07:16
CONT2026011458,2026-11-26 17:03:41,2026-11-27 10:54:36
CONT2026011459,2026-11-28 21:37:09,2026-11-29 21:15:50
CONT2026011460,2026-12-05 13:11:55,
CONT2026011461,2026-11-30 07:02:40,2026-12-09 00:01:50
CONT2026011462,2026-12-03 15:30:51,2026-12-04 03:10:40
CONT2026011463,2026-11-29 21:40:48,2026-11-30 10:28:34
CONT2026011464,2026-12-05 09:47:43,2026-12-08 09:01:33
CONT2026011465,2026-11-25 18:56:39,2026-12-09 08:33:11
CONT2026011466,2026-11-26 21:30:58,2026-11-27 19:24:48
CONT2026011467,2026-12-03 16:32:32,2026-12-08 11:37:56
CONT2026011468,2026-11-27 08:14:37,2026-11-27 12:14:37
CONT2026011469,2026-11-29 17:28:54,2026-12-01 12:38:11
CONT2026011470,2026-12-03 19:15:22,2026-12-05 07:23:07
CONT2026011471,2026-11-30 21:23:06,2026-12-01 11:58:58
CONT2026011472,2026-12-03 07:20:59,2026-12-03 11:20:59
CONT2026011473,2026-12-01 10:55:43,2026-12-08 13:12:54
CONT2026011474,2026-11-29 23:03:31,2026-11-30 07:38:17
CONT2026011475,2026-11-27 09:21:57,
CONT2026011476,2026-12-05 02:32:51,2026-12-08 10:26:29
CONT2026011477,2026-11-26 13:51:58,2026-12-08 06:32:20
CONT2026011478,2026-12-04 00:59:46,2026-12-08 10:21:28
CONT2026011479,2026-11-27 12:17:53,2026-12-08 03:04:42
CONT2026011480,2026-12-04 08:23:27,2026-12-08 16:27:52
CONT2026011481,2026-11-27 08:43:32,2026-11-28 10:10:12
CONT2026011482,2026-12-03 16:04:55,2026-12-08 22:03:11
CONT2026011483,2026-12-03 02:43:48,2026-12-08 11:39:30
CONT2026011484,2026-12-01 21:49:30,
CONT2026011485,2026-11-28 09:22:23,
CONT2026011486,2026-12-03 23:06:12,2026-12-04 21:03:37
CONT2026011487,2026-11-25 19:28:50,2026-11-26 17:37:18
CONT2026011488,2026-12-01 09:59:50,2026-12-08 12:40:16
CONT2026011489,2026-11-30 07:33:25,
CONT2026011490,2026-11-29 13:58:45,2026-12-01 03:44:12
CONT2026011491,2026-11-25 15:17:42,2026-11-26 06:52:54
CONT2026011492,2026-11-29 07:38:02,2026-12-08 08:55:56
CONT2026011493,2026-12-01 11:49:33,2026-12-08 09:55:16
CONT2026011494,2026-11-25 22:17:18,2026-12-08 01:18:01
CONT2026011495,2026-11-30 14:10:48,2026-11-30 23:59:21
CONT2026011496,2026-12-06 17:02:52,2026-12-07 05:01:57
CONT2026011497,2026-11-29 15:34:51,2026-12-09 14:35:18
CONT2026011498,2026-12-05 20:13:17,
CONT2026011499,2026-12-04 11:23:41,2026-12-10 01:11:23
CONT2026011500,2026-12-06 14:57:36,2026-12-07 16:18:55
CONT2026011501,2026-11-27 11:17:31,2026-11-28 13:29:15
CONT2026011502,2026-11-28 16:45:11,2026-12-09 07:28:33
CONT2026011503,2026-11-27 03:27:13,2026-12-09 23:14:20
CONT2026011504,2026-11-30 17:45:55,2026-12-10 13:19:23
CONT2026011505,2026-11-30 16:14:18,
CONT2026011506,2026-12-04 15:29:40,
CONT2026011507,2026-11-29 19:54:42,2026-11-30 15:11:40
CONT2026011508,2026-12-04 02:30:29,2026-12-09 11:25:21
CONT2026011509,2026-12-02 20:30:46,2026-12-03 06:31:56
CONT2026011510,2026-11-30 02:16:39,2026-12-01 00:46:47
CONT2026011511,2026-12-01 08:36:58,2026-12-09 18:51:06
CONT2026011512,2026-12-05 17:58:55,2026-12-09 18:33:44
CONT2026011513,2026-12-05 10:55:41,2026-12-05 14:55:41
CONT2026011514,2026-11-29 07:14:27,2026-11-30 07:54:30
CONT2026011515,2026-12-03 09:28:24,2026-12-09 08:25:57
CONT2026011516,2026-11-28 05:57:46,2026-12-09 09:09:17
CONT2026011517,2026-12-06 01:32:35,2026-12-07 05:12:09
CONT2026011518,2026-11-28 04:42:49,2026-11-28 19:35:50
CONT2026011519,2026-12-01 18:42:11,2026-12-03 05:47:50
CONT2026011520,2026-12-02 14:30:29,2026-12-03 12:54:16
CONT2026011521,2026-12-02 19:33:36,2026-12-03 16:58:30
CONT2026011522,2026-12-08 03:07:20,2026-12-11 12:28:54
CONT2026011523,2026-12-01 00:48:02,2026-12-01 08:11:14
CONT2026011524,2026-12-08 05:58:35,2026-12-10 20:08:01
CONT2026011525,2026-12-05 18:42:40,2026-12-06 15:47:42
CONT2026011526,2026-11-29 19:30:29,2026-11-30 22:49:57
CONT2026011527,2026-11-29 20:27:15,2026-12-11 02:15:31
CONT2026011528,2026-12-06 05:23:20,
CONT2026011529,2026-11-28 16:00:38,2026-12-11 10:05:21
CONT2026011530,2026-12-06 11:10:54,2026-12-12 18:52:29
CONT2026011531,2026-12-05 14:28:58,2026-12-06 11:21:35
CONT2026011532,2026-12-04 17:13:54,2026-12-13 06:37:21
CONT2026011533,2026-12-02 16:29:44,
CONT2026011534,2026-11-28 12:39:17,2026-12-11 07:55:02
CONT2026011535,2026-12-08 09:42:25,2026-12-09 11:25:10
CONT2026011536,2026-12-06 12:28:45,2026-12-07 20:42:18
CONT2026011537,2026-12-04 04:25:41,2026-12-05 02:52:23
CONT2026011538,2026-12-03 19:07:21,2026-12-04 12:25:55
CONT2026011539,2026-11-28 23:30:31,
CONT2026011540,2026-12-07 16:09:52,2026-12-12 12:07:10
CONT2026011541,2026-12-07 08:07:26,2026-12-12 05:47:24
CONT2026011542,2026-12-06 01:33:07,
CONT2026011543,2026-12-03 05:14:36,2026-12-03 16:53:45
CONT2026011544,2026-12-07 08:13:48,2026-12-07 21:14:13
CONT2026011545,2026-12-05 19:19:16,2026-12-11 16:24:53
CONT2026011546,2026-11-30 23:11:02,
CONT2026011547,2026-11-30 11:30:31,2026-12-12 16:43:49
CONT2026011548,2026-12-01 11:50:26,2026-12-11 16:38:45
CONT2026011549,2026-12-02 13:23:11,2026-12-03 07:34:15
CONT2026011550,2026-12-09 10:19:58,2026-12-11 18:31:41
CONT2026011551,2026-11-29 22:41:45,2026-12-11 23:27:15
CONT2026011552,2026-12-07 03:12:45,
CONT2026011553,2026-12-07 11:03:40,2026-12-08 10:44:07
CONT2026011554,2026-11-30 08:02:23,
CONT2026011555,2026-12-09 14:31:13,2026-12-10 05:05:26
CONT2026011556,2026-11-29 09:58:04,2026-12-13 18:25:28
CONT2026011557,2026-11-29 19:53:46,2026-11-30 20:09:14
CONT2026011558,2026-11-29 11:04:52,
CONT2026011559,2026-12-03 21:30:03,2026-12-12 14:33:39
CONT2026011560,2026-12-09 16:56:11,2026-12-10 17:34:48
CONT2026011561,2026-12-08 21:02:02,2026-12-09 15:03:00
CONT2026011562,2026-12-08 17:07:04,2026-12-12 20:25:44
CONT2026011563,2026-12-05 03:36:21,2026-12-06 06:14:31
CONT2026011564,2026-12-08 15:20:44,2026-12-12 14:22:14
CONT2026011565,2026-12-03 17:28:43,2026-12-04 12:05:41
CONT2026011566,2026-12-07 10:45:04,2026-12-13 15:58:04
CONT2026011567,2026-12-07 18:19:59,2026-12-08 23:54:31
CONT2026011568,2026-12-09 09:14:43,2026-12-10 00:18:49
CONT2026011569,2026-12-01 13:36:08,2026-12-02 02:58:39
CONT2026011570,2026-12-06 05:32:24,2026-12-13 21:50:41
CONT2026011571,2026-12-04 19:49:16,2026-12-13 01:15:27
CONT2026011572,2026-11-30 23:37:36,2026-12-02 14:39:58
CONT2026011573,2026-12-02 23:14:11,2026-12-03 12:51:13
CONT2026011574,2026-12-09 13:58:34,2026-12-13 12:37:01
CONT2026011575,2026-12-05 21:05:32,2026-12-06 15:38:42
CONT2026011576,2026-12-05 05:03:31,2026-12-13 19:50:50
CONT2026011577,2026-12-06 16:37:37,2026-12-07 19:29:28
CONT2026011578,2026-12-09 08:45:05,2026-12-13 22:55:14
CONT2026011579,2026-12-05 14:33:14,
CONT2026011580,2026-11-30 07:58:47,
CONT2026011581,2026-12-03 04:16:39,2026-12-04 01:41:23
CONT2026011582,2026-12-07 07:25:37,2026-12-13 12:13:52
CONT2026011583,2026-12-07 05:21:43,
CONT2026011584,2026-12-01 04:31:28,2026-12-13 09:37:51
CONT2026011585,2026-12-02 13:09:16,2026-12-13 21:04:50
CONT2026011586,2026-12-07 15:33:50,2026-12-13 06:02:07
CONT2026011587,2026-12-05 12:53:11,
CONT2026011588,2026-12-01 07:57:59,2026-12-14 04:25:41
CONT2026011589,2026-12-05 06:23:38,2026-12-13 11:21:43
CONT2026011590,2026-12-04 20:32:31,2026-12-06 02:18:42
CONT2026011591,2026-12-01 18:44:35,
CONT2026011592,2026-12-08 11:20:16,2026-12-09 10:45:34
CONT2026011593,2026-12-04 16:36:49,2026-12-05 11:58:07
CONT2026011594,2026-12-04 16:21:28,2026-12-14 08:29:51
CONT2026011595,2026-12-01 18:13:52,2026-12-02 17:50:45
CONT2026011596,2026-12-02 16:24:34,2026-12-13 23:49:43
CONT2026011597,2026-12-05 15:22:24,2026-12-13 07:50:20
CONT2026011598,2026-12-06 01:37:14,2026-12-13 10:30:47
CONT2026011599,2026-11-30 03:29:00,2026-12-13 06:21:34
CONT2026011600,2026-11-30 13:23:04,2026-12-13 03:24:07
CONT2026011601,2026-12-05 05:10:26,2026-12-06 07:08:35
CONT2026011602,2026-12-01 11:00:41,
CONT2026011603,2026-11-30 12:17:07,2026-12-01 03:50:33
CONT2026011604,2026-12-05 07:37:03,
CONT2026011605,2026-12-02 05:11:16,2026-12-13 04:11:51
CONT2026011606,2026-12-04 11:48:36,
CONT2026011607,2026-12-04 18:22:11,2026-12-05 11:38:23
CONT2026011608,2026-12-03 12:59:49,2026-12-03 21:39:47
CONT2026011609,2026-12-04 11:39:02,2026-12-13 08:17:44
CONT2026011610,2026-12-11 03:32:40,2026-12-12 09:32:38
CONT2026011611,2026-12-08 00:00:17,2026-12-13 11:46:05
CONT2026011612,2026-12-07 17:55:11,2026-12-08 00:01:47
CONT2026011613,2026-12-03 07:55:58,
CONT2026011614,2026-12-05 11:28:44,2026-12-05 20:20:56
CONT2026011615,2026-12-09 17:11:57,2026-12-13 22:05:59
CONT2026011616,2026-12-04 14:21:31,2026-12-13 13:03:05
CONT2026011617,2026-11-30 08:17:12,2026-12-14 10:18:29
CONT2026011618,2026-12-01 08:50:16,2026-12-14 02:49:37
CONT2026011619,2026-12-10 13:07:40,2026-12-11 07:35:43
CONT2026011620,2026-12-07 15:46:46,2026-12-13 13:55:20
CONT2026011621,2026-12-04 17:09:53,2026-12-05 15:44:52
CONT2026011622,2026-12-05 00:53:46,2026-12-14 04:04:59
CONT2026011623,2026-12-03 12:48:02,2026-12-13 05:07:40
CONT2026011624,2026-12-06 13:22:40,2026-12-08 02:17:08
CONT2026011625,2026-12-05 16:09:16,2026-12-13 11:04:46
CONT2026011626,2026-12-06 03:29:10,2026-12-07 14:03:19
CONT2026011627,2026-12-05 16:13:27,2026-12-12 23:55:35
CONT2026011628,2026-12-01 07:09:23,2026-12-02 03:00:25
CONT2026011629,2026-12-08 17:55:40,2026-12-09 10:10:07
CONT2026011630,2026-12-05 12:24:04,2026-12-06 07:14:59
CONT2026011631,2026-12-03 13:43:53,
CONT2026011632,2026-12-06 01:16:58,2026-12-06 23:21:42
CONT2026011633,2026-12-10 10:01:47,2026-12-11 06:31:21
CONT2026011634,2026-12-07 03:39:17,
CONT2026011635,2026-12-08 08:55:47,2026-12-15 01:28:05
CONT2026011636,2026-12-10 19:14:48,2026-12-14 11:10:57
CONT2026011637,2026-12-07 17:18:14,2026-12-08 08:51:39
CONT2026011638,2026-12-05 06:51:03,2026-12-15 04:44:45
CONT2026011639,2026-12-08 05:49:20,2026-12-09 10:14:56
CONT2026011640,2026-12-07 05:41:37,2026-12-08 07:16:46
CONT2026011641,2026-12-06 09:23:33,2026-12-14 09:50:34
CONT2026011642,2026-12-01 15:40:27,2026-12-01 23:16:08
CONT2026011643,2026-12-08 06:21:34,2026-12-09 01:45:23
CONT2026011644,2026-12-09 08:18:41,2026-12-14 04:34:34
CONT2026011645,2026-12-02 03:10:44,2026-12-02 07:10:44
CONT2026011646,2026-12-03 22:35:34,2026-12-13 15:51:35
CONT2026011647,2026-12-11 09:11:22,2026-12-12 10:07:55
CONT2026011648,2026-12-06 06:23:32,
CONT2026011649,2026-12-07 05:22:31,
CONT2026011650,2026-12-05 10:42:54,2026-12-14 13:04:20
CONT2026011651,2026-12-05 08:56:04,2026-12-06 02:45:04
CONT2026011652,2026-12-07 06:11:34,2026-12-07 16:06:12
CONT2026011653,2026-12-07 22:29:25,2026-12-13 22:49:21
CONT2026011654,2026-12-02 08:49:01,2026-12-14 03:27:07
CONT2026011655,2026-12-11 17:00:15,2026-12-12 20:22:12
CONT2026011656,2026-12-02 23:32:53,
CONT2026011657,2026-12-06 15:28:46,
CONT2026011658,2026-12-10 15:50:14,2026-12-16 00:25:26
CONT2026011659,2026-12-05 01:48:06,2026-12-15 20:51:09
CONT2026011660,2026-12-01 19:14:06,
CONT2026011661,2026-12-11 21:18:20,2026-12-12 13:21:01
CONT2026011662,2026-12-10 17:30:49,2026-12-11 23:55:51
CONT2026011663,2026-12-12 11:02:38,2026-12-15 00:51:30
CONT2026011664,2026-12-06 09:01:12,2026-12-15 00:22:11
CONT2026011665,2026-12-09 04:18:48,2026-12-16 00:24:40
CONT2026011666,2026-12-09 16:12:35,2026-12-15 17:03:22
CONT2026011667,2026-12-05 22:54:30,2026-12-06 18:25:27
CONT2026011668,2026-12-06 17:16:21,2026-12-16 02:53:35
CONT2026011669,2026-12-04 05:52:37,2026-12-04 20:39:36
CONT2026011670,2026-12-04 03:04:11,2026-12-04 08:36:55
CONT2026011671,2026-12-03 17:32:19,2026-12-16 12:01:59
CONT2026011672,2026-12-13 10:37:20,2026-12-14 01:58:49
CONT2026011673,2026-12-09 16:45:04,2026-12-16 11:50:20
CONT2026011674,2026-12-08 04:29:21,2026-12-09 03:13:50
CONT2026011675,2026-12-07 23:50:11,2026-12-08 23:42:07
CONT2026011676,2026-12-11 12:48:30,2026-12-16 06:21:13
CONT2026011677,2026-12-06 03:28:21,2026-12-15 16:00:55
CONT2026011678,2026-12-12 17:24:31,2026-12-13 02:11:38
CONT2026011679,2026-12-07 11:54:57,2026-12-16 03:34:27
CONT2026011680,2026-12-11 01:25:46,2026-12-12 04:07:18
CONT2026011681,2026-12-13 15:10:35,2026-12-14 07:26:52
CONT2026011682,2026-12-09 07:01:15,2026-12-09 16:41:36
CONT2026011683,2026-12-06 17:32:57,2026-12-16 15:24:13
CONT2026011684,2026-12-13 09:58:28,
CONT2026011685,2026-12-08 00:31:48,2026-12-08 14:37:49
CONT2026011686,2026-12-09 20:57:54,2026-12-10 20:39:08
CONT2026011687,2026-12-04 01:38:04,
CONT2026011688,2026-12-05 11:02:39,2026-12-16 23:46:02
CONT2026011689,2026-12-07 17:23:50,2026-12-08 18:00:06
CONT2026011690,2026-12-05 13:09:33,2026-12-16 00:27:29
CONT2026011691,2026-12-12 13:45:42,2026-12-13 14:59:18
CONT2026011692,2026-12-11 17:15:31,2026-12-16 18:18:11
CONT2026011693,2026-12-10 11:20:39,2026-12-11 11:28:44
CONT2026011694,2026-12-06 16:51:03,2026-12-07 08:31:53
CONT2026011695,2026-12-12 05:54:34,2026-12-13 08:46:27
CONT2026011696,2026-12-06 09:13:48,2026-12-16 06:31:28
CONT2026011697,2026-12-04 21:13:43,2026-12-06 08:52:51
CONT2026011698,2026-12-10 10:47:44,2026-12-16 14:01:50
CONT2026011699,2026-12-03 20:30:51,2026-12-16 06:44:22
CONT2026011700,2026-12-05 08:59:33,2026-12-16 09:31:15
CONT2026011701,2026-12-11 01:50:37,2026-12-12 01:11:21
CONT2026011702,2026-12-08 13:07:51,2026-12-09 19:53:17
CONT2026011703,2026-12-07 19:50:02,2026-12-08 16:31:09
CONT2026011704,2026-12-14 01:29:53,2026-12-16 06:39:01
CONT2026011705,2026-12-09 01:30:46,2026-12-16 17:45:27
CONT2026011706,2026-12-11 17:18:01,2026-12-11 21:18:01
CONT2026011707,2026-12-10 01:21:20,2026-12-16 03:49:28
CONT2026011708,2026-12-07 18:45:22,2026-12-16 05:59:50
CONT2026011709,2026-12-08 05:31:03,2026-12-17 05:43:16
CONT2026011710,2026-12-04 19:23:28,2026-12-16 13:42:56
CONT2026011711,2026-12-11 19:19:08,2026-12-16 21:35:59
CONT2026011712,2026-12-03 17:29:40,2026-12-17 00:12:38
CONT2026011713,2026-12-05 19:58:20,2026-12-06 03:07:55
CONT2026011714,2026-12-08 22:57:53,2026-12-16 11:59:46
CONT2026011715,2026-12-13 00:31:13,2026-12-16 20:00:23
CONT2026011716,2026-12-05 20:16:19,2026-12-17 00:10:47
CONT2026011717,2026-12-08 12:50:05,2026-12-16 18:23:58
CONT2026011718,2026-12-08 06:58:46,
CONT2026011719,2026-12-10 15:47:03,2026-12-11 11:14:37
CONT2026011720,2026-12-02 22:53:26,2026-12-17 10:51:10
CONT2026011721,2026-12-06 11:32:10,2026-12-16 16:51:24
CONT2026011722,2026-12-13 15:47:36,2026-12-14 22:20:15
CONT2026011723,2026-12-13 00:39:12,2026-12-14 03:41:16
CONT2026011724,2026-12-05 04:11:55,
CONT2026011725,2026-12-06 04:48:42,2026-12-16 02:15:29
CONT2026011726,2026-12-07 18:55:30,2026-12-08 23:09:55
CONT2026011727,2026-12-10 10:06:33,2026-12-11 06:52:54
CONT2026011728,2026-12-06 02:39:56,
CONT2026011729,2026-12-11 03:51:26,2026-12-12 09:17:05
CONT2026011730,2026-12-13 17:32:51,2026-12-16 17:26:56
CONT2026011731,2026-12-12 07:14:27,2026-12-13 11:41:30
CONT2026011732,2026-12-09 12:21:41,2026-12-09 22:42:47
CONT2026011733,2026-12-06 22:52:22,2026-12-08 06:14:10
CONT2026011734,2026-12-11 08:01:13,2026-12-17 04:33:06
CONT2026011735,2026-12-10 04:35:59,2026-12-17 04:29:20
CONT2026011736,2026-12-11 16:03:10,2026-12-13 00:05:07
CONT2026011737,2026-12-11 18:31:20,
CONT2026011738,2026-12-12 01:22:05,2026-12-17 03:57:36
CONT2026011739,2026-12-09 20:29:15,2026-12-10 22:39:33
CONT2026011740,2026-12-06 06:21:00,2026-12-16 13:55:33
CONT2026011741,2026-12-04 14:39:04,2026-12-05 06:38:22
CONT2026011742,2026-12-04 04:41:45,
CONT2026011743,2026-12-08 00:36:58,2026-12-08 17:07:26
CONT2026011744,2026-12-03 12:47:22,2026-12-16 21:46:25
CONT2026011745,2026-12-11 16:52:17,2026-12-16 17:06:30
CONT2026011746,2026-12-12 18:22:51,2026-12-16 09:55:32
CONT2026011747,2026-12-13 07:21:47,2026-12-17 02:37:55
CONT2026011748,2026-12-10 08:40:37,2026-12-11 06:24:49
CONT2026011749,2026-12-12 21:04:36,2026-12-17 04:03:21
CONT2026011750,2026-12-03 09:08:31,2026-12-17 02:34:17
CONT2026011751,2026-12-11 17:23:49,2026-12-12 05:11:13
CONT2026011752,2026-12-03 21:38:43,
CONT2026011753,2026-12-05 04:46:08,2026-12-05 19:05:42
CONT2026011754,2026-12-11 17:47:55,2026-12-12 16:38:16
CONT2026011755,2026-12-08 15:23:09,2026-12-09 14:43:43
CONT2026011756,2026-12-05 14:57:00,2026-12-16 14:01:48
CONT2026011757,2026-12-13 11:27:29,2026-12-16 22:04:21
CONT2026011758,2026-12-04 16:04:41,
CONT2026011759,2026-12-13 11:56:32,
CONT2026011760,2026-12-03 09:49:07,2026-12-16 18:30:21
CONT2026011761,2026-12-13 20:36:26,2026-12-14 22:31:07
CONT2026011762,2026-12-10 23:46:50,
CONT2026011763,2026-12-04 02:11:30,2026-12-17 02:11:01
CONT2026011764,2026-12-13 18:18:59,
CONT2026011765,2026-12-04 19:41:49,2026-12-16 23:30:56
CONT2026011766,2026-12-04 07:41:21,2026-12-05 15:34:37
CONT2026011767,2026-12-11 08:27:40,
CONT2026011768,2026-12-10 23:47:47,2026-12-17 20:12:51
CONT2026011769,2026-12-08 15:50:59,2026-12-09 12:02:47
CONT2026011770,2026-12-13 01:37:31,2026-12-17 16:02:35
CONT2026011771,2026-12-07 20:03:48,
CONT2026011772,2026-12-05 11:48:52,2026-12-06 05:36:57
CONT2026011773,2026-12-04 05:25:47,2026-12-17 00:05:28
CONT2026011774,2026-12-07 22:05:04,2026-12-17 19:02:47
CONT2026011775,2026-12-05 09:53:00,2026-12-06 01:47:09
CONT2026011776,2026-12-10 03:33:24,2026-12-10 09:52:43
CONT2026011777,2026-12-11 23:42:43,
CONT2026011778,2026-12-13 05:53:57,2026-12-17 06:33:41
CONT2026011779,2026-12-06 02:53:15,2026-12-17 11:07:36
CONT2026011780,2026-12-10 18:32:53,2026-12-18 22:26:28
CONT2026011781,2026-12-07 16:17:06,2026-12-08 15:46:21
CONT2026011782,2026-12-08 16:03:47,2026-12-18 03:03:55
CONT2026011783,2026-12-13 11:36:23,2026-12-13 15:36:23
CONT2026011784,2026-12-10 02:12:28,2026-12-11 09:33:09
CONT2026011785,2026-12-07 06:21:35,2026-12-09 00:22:11
CONT2026011786,2026-12-05 19:54:34,
CONT2026011787,2026-12-14 04:39:31,2026-12-15 01:09:16
CONT2026011788,2026-12-07 04:59:27,2026-12-08 08:59:51
CONT2026011789,2026-12-12 21:04:32,2026-12-13 14:52:38
CONT2026011790,2026-12-08 12:31:27,2026-12-09 04:36:16
CONT2026011791,2026-12-05 06:11:50,2026-12-06 03:00:50
CONT2026011792,2026-12-09 22:01:43,
CONT2026011793,2026-12-10 15:54:31,
CONT2026011794,2026-12-11 04:46:49,2026-12-18 14:33:58
CONT2026011795,2026-12-09 12:16:58,
CONT2026011796,2026-12-12 04:49:08,
CONT2026011797,2026-12-14 00:21:27,2026-12-14 05:59:15
CONT2026011798,2026-12-10 14:13:37,2026-12-18 15:18:35
CONT2026011799,2026-12-07 11:59:36,
CONT2026011800,2026-12-08 00:14:37,2026-12-17 23:14:55
CONT2026011801,2026-12-10 11:52:52,2026-12-17 22:28:35
CONT2026011802,2026-12-09 16:14:03,2026-12-11 05:58:46
CONT2026011803,2026-12-08 22:17:20,2026-12-09 07:25:33
CONT2026011804,2026-12-12 17:17:08,
CONT2026011805,2026-12-07 15:48:06,2026-12-18 14:44:07
CONT2026011806,2026-12-08 13:08:41,2026-12-18 10:10:57
CONT2026011807,2026-12-13 17:17:11,2026-12-19 00:07:35
CONT2026011808,2026-12-15 11:42:52,2026-12-16 16:23:39
CONT2026011809,2026-12-04 20:14:42,2026-12-05 21:45:18
CONT2026011810,2026-12-13 03:00:03,2026-12-14 13:33:04
CONT2026011811,2026-12-11 19:44:56,2026-12-12 20:16:35
CONT2026011812,2026-12-08 04:50:39,2026-12-08 18:55:32
CONT2026011813,2026-12-12 22:47:57,2026-12-13 12:38:18
CONT2026011814,2026-12-05 23:58:33,2026-12-06 19:30:57
CONT2026011815,2026-12-11 18:58:36,
CONT2026011816,2026-12-09 22:54:01,2026-12-10 16:27:16
CONT2026011817,2026-12-12 16:56:27,2026-12-13 16:37:10
CONT2026011818,2026-12-07 11:32:21,2026-12-18 03:29:28
CONT2026011819,2026-12-05 03:52:10,2026-12-18 08:04:13
CONT2026011820,2026-12-05 06:04:23,2026-12-05 10:04:23
CONT2026011821,2026-12-12 06:37:24,2026-12-13 09:13:46
CONT2026011822,2026-12-07 17:14:50,2026-12-19 01:38:06
CONT2026011823,2026-12-10 05:18:54,2026-12-18 21:14:48
CONT2026011824,2026-12-09 15:49:21,2026-12-11 02:51:46
CONT2026011825,2026-12-11 19:09:27,2026-12-18 11:50:58
CONT2026011826,2026-12-07 21:51:01,2026-12-08 23:45:07
CONT2026011827,2026-12-08 22:49:17,
CONT2026011828,2026-12-08 16:24:03,2026-12-09 11:05:35
CONT2026011829,2026-12-07 16:13:35,2026-12-08 21:37:47
CONT2026011830,2026-12-09 15:45:22,
CONT2026011831,2026-12-15 04:58:29,2026-12-16 14:28:40
CONT2026011832,2026-12-13 10:22:43,
CONT2026011833,2026-12-15 03:00:12,2026-12-16 01:37:29
CONT2026011834,2026-12-15 13:37:03,2026-12-18 06:53:32
CONT2026011835,2026-12-11 11:24:47,2026-12-19 03:22:07
CONT2026011836,2026-12-08 16:27:40,2026-12-18 04:42:48
CONT2026011837,2026-12-05 16:37:43,2026-12-06 05:27:38
CONT2026011838,2026-12-10 18:43:35,2026-12-11 09:44:21
CONT2026011839,2026-12-13 20:57:28,2026-12-14 11:54:51
CONT2026011840,2026-12-13 09:49:00,2026-12-14 12:04:03
CONT2026011841,2026-12-14 19:11:49,2026-12-18 10:53:57
CONT2026011842,2026-12-09 07:39:25,2026-12-18 21:10:00
CONT2026011843,2026-12-09 06:23:08,
CONT2026011844,2026-12-06 04:29:16,2026-12-19 00:53:59
CONT2026011845,2026-12-08 14:03:53,
CONT2026011846,2026-12-08 11:34:23,2026-12-18 20:10:32
CONT2026011847,2026-12-08 12:15:00,2026-12-08 22:40:06
CONT2026011848,2026-12-11 06:28:38,2026-12-18 20:04:05
CONT2026011849,2026-12-12 10:10:49,
CONT2026011850,2026-12-13 19:19:36,
CONT2026011851,2026-12-10 12:00:03,2026-12-11 09:19:00
CONT2026011852,2026-12-12 08:11:15,2026-12-12 23:16:00
CONT2026011853,2026-12-09 03:41:28,2026-12-18 22:57:08
CONT2026011854,2026-12-07 04:29:45,2026-12-08 22:49:20
CONT2026011855,2026-12-09 12:58:52,2026-12-10 20:23:24
CONT2026011856,2026-12-10 10:25:21,
CONT2026011857,2026-12-11 00:01:09,2026-12-18 13:19:23
CONT2026011858,2026-12-11 11:19:47,2026-12-18 16:36:34
CONT2026011859,2026-12-11 16:18:30,2026-12-17 22:43:10
CONT2026011860,2026-12-07 19:13:51,2026-12-19 13:19:25
CONT2026011861,2026-12-13 23:52:05,2026-12-14 15:02:35
CONT2026011862,2026-12-15 00:40:03,
CONT2026011863,2026-12-11 11:01:32,2026-12-12 15:55:23
CONT2026011864,2026-12-05 14:10:13,2026-12-07 01:04:40
CONT2026011865,2026-12-06 16:23:32,2026-12-18 20:14:30
CONT2026011866,2026-12-15 01:34:13,
CONT2026011867,2026-12-06 04:38:16,2026-12-18 14:59:34
CONT2026011868,2026-12-05 02:58:30,2026-12-05 23:07:43
CONT2026011869,2026-12-15 18:46:16,2026-12-19 09:36:19
CONT2026011870,2026-12-14 09:57:13,2026-12-19 14:51:51
CONT2026011871,2026-12-11 02:43:18,2026-12-18 19:37:54
CONT2026011872,2026-12-13 16:19:29,2026-12-14 18:37:51
CONT2026011873,2026-12-06 15:50:13,2026-12-07 12:29:49
CONT2026011874,2026-12-09 03:28:32,2026-12-18 21:08:14
CONT2026011875,2026-12-14 15:26:37,2026-12-18 06:04:28
CONT2026011876,2026-12-09 23:12:24,2026-12-10 03:12:24
CONT2026011877,2026-12-13 05:51:06,2026-12-19 13:35:03
CONT2026011878,2026-12-09 01:01:35,2026-12-09 17:53:57
CONT2026011879,2026-12-15 21:29:10,2026-12-16 09:19:28
CONT2026011880,2026-12-13 13:34:02,2026-12-14 16:06:33
CONT2026011881,2026-12-06 15:07:00,2026-12-18 21:47:24
CONT2026011882,2026-12-06 01:15:21,2026-12-19 04:00:23
CONT2026011883,2026-12-16 13:35:09,2026-12-18 22:21:19
CONT2026011884,2026-12-10 02:11:33,2026-12-11 00:32:01
CONT2026011885,2026-12-13 15:27:33,2026-12-13 19:27:33
CONT2026011886,2026-12-11 19:38:46,2026-12-18 22:46:23
CONT2026011887,2026-12-11 22:26:56,2026-12-12 02:26:56
CONT2026011888,2026-12-09 22:30:33,2026-12-10 21:44:22
CONT2026011889,2026-12-13 18:46:34,2026-12-18 15:30:57
CONT2026011890,2026-12-12 12:44:21,2026-12-19 10:54:00
CONT2026011891,2026-12-11 19:12:03,2026-12-19 13:18:20
CONT2026011892,2026-12-08 07:05:43,2026-12-19 09:26:43
CONT2026011893,2026-12-12 16:02:32,2026-12-19 16:09:00
CONT2026011894,2026-12-10 02:31:23,
CONT2026011895,2026-12-08 23:10:22,2026-12-19 02:54:42
CONT2026011896,2026-12-12 02:07:23,2026-12-19 09:49:37
CONT2026011897,2026-12-10 20:14:51,2026-12-19 02:42:51
CONT2026011898,2026-12-13 16:17:58,2026-12-19 10:19:15
CONT2026011899,2026-12-13 18:38:08,2026-12-14 17:56:06
CONT2026011900,2026-12-11 16:37:32,
CONT2026011901,2026-12-13 01:41:16,2026-12-19 13:45:29
CONT2026011902,2026-12-09 15:04:54,2026-12-19 13:05:42
CONT2026011903,2026-12-12 01:46:45,2026-12-13 16:47:06
CONT2026011904,2026-12-11 22:45:31,2026-12-12 15:50:33
CONT2026011905,2026-12-10 08:51:27,
CONT2026011906,2026-12-15 14:36:44,2026-12-20 06:24:19
CONT2026011907,2026-12-13 23:45:39,2026-12-14 19:35:28
CONT2026011908,2026-12-14 06:07:50,2026-12-14 19:13:08
CONT2026011909,2026-12-07 14:16:20,2026-12-08 08:51:30
CONT2026011910,2026-12-15 10:27:29,2026-12-16 07:55:42
CONT2026011911,2026-12-10 11:51:02,2026-12-19 11:29:43
CONT2026011912,2026-12-07 23:05:03,2026-12-08 12:10:21
CONT2026011913,2026-12-08 20:19:53,
CONT2026011914,2026-12-13 17:13:18,2026-12-15 02:08:54
CONT2026011915,2026-12-08 23:08:26,2026-12-09 13:25:41
CONT2026011916,2026-12-15 22:13:54,2026-12-16 18:50:34
CONT2026011917,2026-12-14 17:20:26,2026-12-15 15:34:38
CONT2026011918,2026-12-10 15:24:30,2026-12-19 14:00:55
CONT2026011919,2026-12-14 18:02:56,2026-12-19 03:13:47
CONT2026011920,2026-12-16 18:28:02,2026-12-20 00:22:18
CONT2026011921,2026-12-09 01:13:46,2026-12-09 10:07:21
CONT2026011922,2026-12-09 02:04:30,2026-12-20 10:15:20
CONT2026011923,2026-12-10 01:22:14,
CONT2026011924,2026-12-10 14:25:00,
CONT2026011925,2026-12-09 02:38:12,2026-12-09 22:03:18
CONT2026011926,2026-12-14 14:07:12,2026-12-16 00:23:11
CONT2026011927,2026-12-07 00:44:32,2026-12-08 07:15:43
CONT2026011928,2026-12-10 11:18:09,2026-12-20 09:02:51
CONT2026011929,2026-12-12 12:18:04,2026-12-20 01:13:17
CONT2026011930,2026-12-06 20:13:17,2026-12-20 12:56:08
CONT2026011931,2026-12-13 02:52:46,2026-12-19 11:18:02
CONT2026011932,2026-12-14 22:33:27,2026-12-16 04:14:46
CONT2026011933,2026-12-13 17:49:36,2026-12-14 17:12:25
CONT2026011934,2026-12-07 13:50:19,2026-12-19 10:53:06
CONT2026011935,2026-12-16 12:46:07,2026-12-17 16:42:36
CONT2026011936,2026-12-12 01:05:22,2026-12-20 05:02:36
CONT2026011937,2026-12-10 16:31:03,2026-12-11 18:40:58
CONT2026011938,2026-12-12 19:27:30,2026-12-13 06:49:37
CONT2026011939,2026-12-11 16:27:43,
CONT2026011940,2026-12-14 15:01:01,2026-12-19 19:51:02
CONT2026011941,2026-12-11 07:52:55,
CONT2026011942,2026-12-14 15:33:21,2026-12-15 09:09:43
CONT2026011943,2026-12-09 19:53:02,2026-12-19 14:51:44
CONT2026011944,2026-12-06 12:47:37,2026-12-18 21:11:46
CONT2026011945,2026-12-10 00:12:58,2026-12-10 12:57:23
CONT2026011946,2026-12-15 13:13:01,2026-12-19 22:50:49
CONT2026011947,2026-12-16 10:39:28,2026-12-19 12:59:20
CONT2026011948,2026-12-07 22:32:11,2026-12-19 11:04:43
CONT2026011949,2026-12-15 19:58:36,
CONT2026011950,2026-12-14 22:39:03,2026-12-15 17:12:25
CONT2026011951,2026-12-13 08:04:57,2026-12-19 16:27:08
CONT2026011952,2026-12-11 13:02:39,2026-12-12 15:24:13
CONT2026011953,2026-12-08 01:28:39,2026-12-09 03:29:45
CONT2026011954,2026-12-06 19:18:44,2026-12-07 13:40:56
CONT2026011955,2026-12-09 13:04:49,2026-12-19 17:30:14
CONT2026011956,2026-12-10 11:59:31,2026-12-20 14:32:01
CONT2026011957,2026-12-10 02:52:18,2026-12-10 13:39:59
CONT2026011958,2026-12-09 00:14:32,2026-12-19 18:13:27
CONT2026011959,2026-12-15 04:15:34,2026-12-20 08:15:51
CONT2026011960,2026-12-09 11:46:05,2026-12-20 10:25:49
CONT2026011961,2026-12-08 17:00:11,2026-12-09 17:10:14
CONT2026011962,2026-12-12 21:37:59,2026-12-19 16:53:28
CONT2026011963,2026-12-15 17:31:00,2026-12-18 21:15:02
CONT2026011964,2026-12-15 14:27:02,2026-12-19 23:41:16
CONT2026011965,2026-12-15 18:27:11,2026-12-16 01:58:24
CONT2026011966,2026-12-14 10:20:17,2026-12-19 08:26:23
CONT2026011967,2026-12-16 11:48:47,2026-12-17 11:17:54
CONT2026011968,2026-12-12 20:10:11,2026-12-20 08:50:02
CONT2026011969,2026-12-16 14:21:04,2026-12-20 13:16:15
CONT2026011970,2026-12-13 19:52:37,2026-12-14 18:42:53
CONT2026011971,2026-12-08 07:08:10,2026-12-09 11:55:29
CONT2026011972,2026-12-17 09:37:28,2026-12-18 11:15:48
CONT2026011973,2026-12-14 22:45:18,2026-12-15 18:07:15
CONT2026011974,2026-12-16 03:00:19,2026-12-20 04:09:16
CONT2026011975,2026-12-11 14:02:21,2026-12-12 16:19:00
CONT2026011976,2026-12-14 06:07:15,2026-12-14 16:46:34
CONT2026011977,2026-12-14 02:28:23,2026-12-20 07:48:24
CONT2026011978,2026-12-15 06:53:58,2026-12-16 05:41:54
CONT2026011979,2026-12-07 04:21:39,2026-12-20 00:19:12
CONT2026011980,2026-12-09 04:42:21,2026-12-19 07:31:35
CONT2026011981,2026-12-16 00:35:25,
CONT2026011982,2026-12-11 08:29:43,2026-12-12 09:53:50
CONT2026011983,2026-12-15 15:04:56,
CONT2026011984,2026-12-11 23:21:02,
CONT2026011985,2026-12-14 09:19:34,2026-12-15 08:03:06
CONT2026011986,2026-12-11 20:41:26,2026-12-12 21:43:55
CONT2026011987,2026-12-07 04:29:00,2026-12-20 10:49:56
CONT2026011988,2026-12-09 11:35:04,2026-12-10 03:16:11
CONT2026011989,2026-12-06 21:17:40,
CONT2026011990,2026-12-16 22:53:07,2026-12-17 20:37:07
CONT2026011991,2026-12-16 03:20:57,2026-12-20 04:17:03
CONT2026011992,2026-12-17 07:19:28,2026-12-20 15:17:58
CONT2026011993,2026-12-15 17:05:49,2026-12-21 01:11:49
CONT2026011994,2026-12-06 20:51:53,
CONT2026011995,2026-12-09 05:38:59,2026-12-21 09:31:27
CONT2026011996,2026-12-16 02:52:17,2026-12-21 06:04:23
CONT2026011997,2026-12-14 20:29:44,
CONT2026011998,2026-12-10 07:33:42,2026-12-11 11:15:01
CONT2026011999,2026-12-14 09:06:54,2026-12-15 06:36:15
CONT2026012000,2026-12-13 16:46:21,
CONT2026012001,2026-12-15 13:27:50,2026-12-16 13:58:00
CONT2026012002,2026-12-17 20:38:54,2026-12-21 09:36:19
CONT2026012003,2026-12-14 16:12:27,2026-12-21 17:25:30
CONT2026012004,2026-12-13 16:04:15,2026-12-20 18:40:58
CONT2026012005,2026-12-13 08:59:00,2026-12-21 17:39:28
CONT2026012006,2026-12-09 01:01:52,2026-12-10 02:57:25
CONT2026012007,2026-12-12 19:36:43,2026-12-21 10:18:11
CONT2026012008,2026-12-15 19:46:06,
CONT2026012009,2026-12-10 00:43:46,2026-12-21 02:33:21
CONT2026012010,2026-12-12 09:51:00,
CONT2026012011,2026-12-18 14:44:36,2026-12-19 21:51:51
CONT2026012012,2026-12-16 12:42:19,2026-12-21 21:15:43
CONT2026012013,2026-12-11 23:34:19,2026-12-12 21:07:09
CONT2026012014,2026-12-14 15:19:12,2026-12-21 11:39:53
CONT2026012015,2026-12-08 02:49:16,2026-12-09 16:35:16
CONT2026012016,2026-12-12 11:42:49,2026-12-13 06:11:21
CONT2026012017,2026-12-18 13:59:00,2026-12-21 11:05:54
CONT2026012018,2026-12-15 20:29:19,2026-12-21 03:45:26
CONT2026012019,2026-12-15 23:49:31,2026-12-22 00:25:42
CONT2026012020,2026-12-12 14:16:01,2026-12-21 11:33:26
CONT2026012021,2026-12-11 13:35:30,2026-12-21 21:47:38
CONT2026012022,2026-12-15 13:30:04,
CONT2026012023,2026-12-16 21:00:59,2026-12-18 01:31:11
CONT2026012024,2026-12-18 00:38:07,2026-12-18 13:13:59
CONT2026012025,2026-12-17 20:29:18,
CONT2026012026,2026-12-11 07:12:09,2026-12-21 17:24:01
CONT2026012027,2026-12-09 15:59:19,2026-12-09 23:06:27
CONT2026012028,2026-12-14 20:27:38,
CONT2026012029,2026-12-10 20:37:00,
CONT2026012030,2026-12-14 16:06:57,2026-12-21 13:20:12
CONT2026012031,2026-12-12 03:00:34,
CONT2026012032,2026-12-09 05:08:10,2026-12-21 20:46:40
CONT2026012033,2026-12-09 22:07:05,2026-12-21 17:52:39
CONT2026012034,2026-12-15 09:32:54,2026-12-16 12:44:20
CONT2026012035,2026-12-18 22:41:41,2026-12-19 18:23:54
CONT2026012036,2026-12-12 16:02:41,2026-12-13 17:44:21
CONT2026012037,2026-12-10 09:27:19,
CONT2026012038,2026-12-10 00:44:10,2026-12-22 00:46:58
CONT2026012039,2026-12-18 09:31:45,2026-12-19 02:38:45
CONT2026012040,2026-12-17 06:06:09,
CONT2026012041,2026-12-12 14:11:09,2026-12-13 18:34:17
CONT2026012042,2026-12-10 15:03:05,2026-12-22 01:46:08
CONT2026012043,2026-12-11 15:15:45,2026-12-22 04:07:34
CONT2026012044,2026-12-12 10:36:29,2026-12-13 02:36:32
CONT2026012045,2026-12-12 09:43:35,2026-12-22 02:59:16
CONT2026012046,2026-12-14 15:42:47,2026-12-15 08:03:54
CONT2026012047,2026-12-11 14:50:12,2026-12-22 19:24:41
CONT2026012048,2026-12-19 13:25:48,2026-12-20 19:02:51
CONT2026012049,2026-12-14 21:50:11,2026-12-22 11:58:21
CONT2026012050,2026-12-11 17:05:08,2026-12-12 18:56:24
CONT2026012051,2026-12-19 16:23:27,
CONT2026012052,2026-12-10 22:42:18,2026-12-22 12:31:31
CONT2026012053,2026-12-16 07:10:07,
CONT2026012054,2026-12-11 21:53:20,2026-12-22 07:21:35
CONT2026012055,2026-12-18 09:51:17,2026-12-22 04:08:59
CONT2026012056,2026-12-15 03:32:55,2026-12-22 17:15:13
CONT2026012057,2026-12-19 17:26:06,
CONT2026012058,2026-12-09 09:47:46,
CONT2026012059,2026-12-10 03:24:06,2026-12-24 01:29:46
CONT2026012060,2026-12-09 03:02:56,2026-12-09 17:13:37
CONT2026012061,2026-12-11 06:27:37,2026-12-12 03:29:06
CONT2026012062,2026-12-12 06:52:44,
CONT2026012063,2026-12-14 01:47:30,2026-12-22 01:01:50
CONT2026012064,2026-12-14 16:15:52,
CONT2026012065,2026-12-09 07:29:33,2026-12-10 11:39:55
CONT2026012066,2026-12-12 14:43:37,2026-12-22 13:15:49
CONT2026012067,2026-12-09 20:33:43,
CONT2026012068,2026-12-12 04:06:32,2026-12-13 03:36:28
CONT2026012069,2026-12-12 04:52:25,2026-12-13 12:28:26
CONT2026012070,2026-12-10 10:31:17,2026-12-23 02:26:27
CONT2026012071,2026-12-15 14:29:47,2026-12-16 02:15:27
CONT2026012072,2026-12-14 06:57:40,
CONT2026012073,2026-12-18 20:29:17,2026-12-23 06:39:49
CONT2026012074,2026-12-17 18:33:39,2026-12-23 16:20:34
CONT2026012075,2026-12-14 23:54:50,2026-12-15 14:06:46
CONT2026012076,2026-12-17 14:29:24,2026-12-18 12:57:51
CONT2026012077,2026-12-19 23:51:05,2026-12-20 18:59:45
CONT2026012078,2026-12-10 23:58:42,2026-12-23 14:22:12
CONT2026012079,2026-12-17 06:16:50,2026-12-18 04:57:07
CONT2026012080,2026-12-16 03:26:01,2026-12-16 23:51:17
CONT2026012081,2026-12-13 23:05:34,2026-12-14 09:13:26
CONT2026012082,2026-12-19 10:40:57,2026-12-23 10:30:37
CONT2026012083,2026-12-20 13:56:40,2026-12-21 16:06:05
CONT2026012084,2026-12-18 12:45:27,2026-12-22 20:39:04
CONT2026012085,2026-12-18 01:18:22,2026-12-19 12:39:42
CONT2026012086,2026-12-20 07:26:14,2026-12-20 19:30:53
CONT2026012087,2026-12-18 19:00:22,2026-12-23 21:16:21
CONT2026012088,2026-12-20 04:08:19,2026-12-21 01:31:54
CONT2026012089,2026-12-13 05:09:19,2026-12-24 05:45:16
CONT2026012090,2026-12-16 12:26:04,
CONT2026012091,2026-12-18 11:19:01,2026-12-18 23:31:35
CONT2026012092,2026-12-11 01:00:53,2026-12-25 04:41:28
CONT2026012093,2026-12-17 02:56:48,2026-12-17 14:34:27
CONT2026012094,2026-12-17 19:48:25,2026-12-18 22:57:24
CONT2026012095,2026-12-15 16:14:11,
CONT2026012096,2026-12-12 20:46:17,
CONT2026012097,2026-12-20 13:34:41,2026-12-21 07:42:48
CONT2026012098,2026-12-16 08:03:45,2026-12-24 15:54:01
CONT2026012099,2026-12-15 19:42:20,2026-12-16 10:31:43
CONT2026012100,2026-12-17 03:32:24,2026-12-17 17:18:44
CONT2026012101,2026-12-13 08:33:27,2026-12-14 00:20:46
CONT2026012102,2026-12-17 14:41:38,2026-12-18 06:53:33
CONT2026012103,2026-12-16 10:48:18,2026-12-24 22:16:29
CONT2026012104,2026-12-20 02:12:51,2026-12-20 23:12:55
CONT2026012105,2026-12-16 14:53:48,
CONT2026012106,2026-12-15 05:26:25,2026-12-24 23:39:35
CONT2026012107,2026-12-14 11:10:19,2026-12-24 18:22:58
CONT2026012108,2026-12-17 05:05:32,2026-12-24 22:36:15
CONT2026012109,2026-12-19 03:24:47,2026-12-24 05:15:41
CONT2026012110,2026-12-17 10:21:19,2026-12-18 08:09:34
CONT2026012111,2026-12-16 12:58:30,2026-12-25 04:58:37
CONT2026012112,2026-12-11 12:17:41,2026-12-12 09:07:50
CONT2026012113,2026-12-13 07:08:22,2026-12-14 02:35:22
CONT2026012114,2026-12-12 15:36:52,2026-12-13 15:58:14
CONT2026012115,2026-12-18 20:23:26,2026-12-19 19:31:06
CONT2026012116,2026-12-20 03:05:15,2026-12-24 16:06:37
CONT2026012117,2026-12-18 05:37:13,
CONT2026012118,2026-12-12 20:42:23,2026-12-25 19:04:21
CONT2026012119,2026-12-14 12:30:01,2026-12-15 01:01:42
CONT2026012120,2026-12-12 11:39:31,2026-12-13 18:42:35
CONT2026012121,2026-12-15 23:31:09,2026-12-17 12:27:57
CONT2026012122,2026-12-17 13:28:40,2026-12-18 23:21:57
CONT2026012123,2026-12-13 23:14:14,2026-12-15 06:51:30
CONT2026012124,2026-12-22 02:03:41,2026-12-22 17:48:13
CONT2026012125,2026-12-22 07:36:32,2026-12-23 04:13:26
CONT2026012126,2026-12-15 17:01:31,2026-12-26 17:11:20
CONT2026012127,2026-12-22 05:26:39,2026-12-23 10:35:10
CONT2026012128,2026-12-18 23:14:48,2026-12-20 08:00:00
CONT2026012129,2026-12-21 09:08:15,
CONT2026012130,2026-12-13 02:35:38,2026-12-25 13:07:26
CONT2026012131,2026-12-12 21:26:26,2026-12-25 22:57:36
CONT2026012132,2026-12-15 02:18:38,2026-12-25 06:53:33
CONT2026012133,2026-12-21 12:59:17,2026-12-26 08:03:58
CONT2026012134,2026-12-21 13:21:53,2026-12-22 04:49:25
CONT2026012135,2026-12-13 10:12:42,2026-12-24 22:42:34
CONT2026012136,2026-12-15 02:56:28,
CONT2026012137,2026-12-20 00:39:43,2026-12-21 00:36:47
CONT2026012138,2026-12-14 04:59:09,2026-12-26 15:16:40
CONT2026012139,2026-12-22 06:38:07,
CONT2026012140,2026-12-15 18:11:30,
CONT2026012141,2026-12-17 17:07:51,2026-12-18 17:00:33
CONT2026012142,2026-12-22 18:58:44,2026-12-26 03:10:42
CONT2026012143,2026-12-13 17:07:19,2026-12-26 15:20:41
CONT2026012144,2026-12-19 17:03:03,2026-12-20 07:48:41
CONT2026012145,2026-12-12 19:16:43,2026-12-13 01:43:21
CONT2026012146,2026-12-22 01:57:42,2026-12-23 13:38:20
CONT2026012147,2026-12-19 00:33:55,
CONT2026012148,2026-12-17 04:53:29,2026-12-27 02:32:36
CONT2026012149,2026-12-22 10:52:58,2026-12-26 09:50:59
CONT2026012150,2026-12-21 12:26:02,2026-12-26 21:44:34
CONT2026012151,2026-12-13 08:00:09,
CONT2026012152,2026-12-19 09:37:00,
CONT2026012153,2026-12-17 08:01:40,2026-12-18 08:58:55
CONT2026012154,2026-12-20 17:31:42,2026-12-25 21:29:38
CONT2026012155,2026-12-14 02:03:28,2026-12-26 12:19:20
CONT2026012156,2026-12-19 12:38:35,2026-12-20 20:05:28
CONT2026012157,2026-12-23 20:10:26,2026-12-24 10:54:26
CONT2026012158,2026-12-23 00:02:36,
CONT2026012159,2026-12-21 11:54:40,2026-12-22 20:59:50
CONT2026012160,2026-12-16 07:28:45,2026-12-17 07:28:39
CONT2026012161,2026-12-21 03:30:00,2026-12-21 20:48:10
CONT2026012162,2026-12-19 18:57:49,2026-12-27 04:02:00
CONT2026012163,2026-12-21 00:30:20,2026-12-21 13:58:16
CONT2026012164,2026-12-18 21:27:16,2026-12-19 07:07:21
CONT2026012165,2026-12-21 15:23:06,2026-12-27 21:51:44
CONT2026012166,2026-12-19 10:06:31,2026-12-27 04:59:27
CONT2026012167,2026-12-19 01:13:48,2026-12-26 16:57:45
CONT2026012168,2026-12-21 05:06:43,2026-12-27 09:13:30
CONT2026012169,2026-12-24 02:37:27,2026-12-25 00:44:16
CONT2026012170,2026-12-18 13:29:39,2026-12-19 19:24:13
CONT2026012171,2026-12-22 08:26:58,
CONT2026012172,2026-12-20 01:14:29,2026-12-20 19:21:09
CONT2026012173,2026-12-17 07:16:06,2026-12-27 14:40:01
CONT2026012174,2026-12-22 04:59:05,
CONT2026012175,2026-12-22 01:26:05,2026-12-28 10:42:30
CONT2026012176,2026-12-17 16:03:59,
CONT2026012177,2026-12-18 21:59:31,2026-12-30 00:19:24
CONT2026012178,2026-12-16 10:23:19,2026-12-29 12:50:08
CONT2026012179,2026-12-18 17:09:50,
CONT2026012180,2026-12-16 11:25:56,2026-12-29 10:17:32
CONT2026012181,2026-12-16 04:07:36,2026-12-17 00:32:32
CONT2026012182,2026-12-23 04:45:38,
CONT2026012183,2026-12-16 05:34:27,2026-12-17 07:52:50
CONT2026012184,2026-12-17 06:38:54,2026-12-29 08:02:43
CONT2026012185,2026-12-22 01:51:49,2026-12-28 23:31:18
CONT2026012186,2026-12-25 14:31:13,2026-12-25 23:38:47
CONT2026012187,2026-12-21 02:58:17,2026-12-28 08:38:42
CONT2026012188,2026-12-22 18:05:24,2026-12-23 22:22:37
CONT2026012189,2026-12-19 23:50:38,2026-12-29 05:17:53
CONT2026012190,2026-12-22 05:00:38,
CONT2026012191,2026-12-18 17:14:45,
CONT2026012192,2026-12-17 21:41:35,2026-12-29 07:58:09
CONT2026012193,2026-12-23 04:50:46,2026-12-29 07:00:42
CONT2026012194,2026-12-22 12:21:52,
CONT2026012195,2026-12-21 02:02:59,2026-12-29 07:47:33
CONT2026012196,2026-12-19 00:46:12,
CONT2026012197,2026-12-27 04:09:04,2026-12-27 17:57:02
CONT2026012198,2026-12-27 00:11:25,2026-12-30 13:48:59
CONT2026012199,2026-12-18 06:50:52,2026-12-30 01:18:49
CONT2026012200,2026-12-19 20:44:58,2026-12-31 03:46:04
CONT2026012201,2026-12-23 22:22:53,2026-12-31 02:49:26
CONT2026012202,2026-12-24 07:00:06,2026-12-25 09:39:48
CONT2026012203,2026-12-19 12:48:09,2026-12-30 07:06:42
CONT2026012204,2026-12-20 16:55:45,2026-12-22 02:10:37
CONT2026012205,2026-12-24 05:39:29,2026-12-24 19:01:00
CONT2026012206,2026-12-25 05:30:45,2026-12-29 22:28:23
CONT2026012207,2026-12-17 10:03:56,
CONT2026012208,2026-12-18 00:32:02,2026-12-29 20:47:49
CONT2026012209,2026-12-24 19:41:49,2026-12-30 12:23:14
CONT2026012210,2026-12-22 06:59:00,2026-12-23 06:41:59
CONT2026012211,2026-12-17 17:42:56,2026-12-30 22:50:19
CONT2026012212,2026-12-21 18:33:59,2026-12-30 09:41:42
CONT2026012213,2026-12-24 10:19:05,
CONT2026012214,2026-12-18 23:01:08,2026-12-19 23:49:22
CONT2026012215,2026-12-25 04:38:19,
CONT2026012216,2026-12-22 01:05:41,2026-12-29 11:50:52
CONT2026012217,2026-12-22 18:44:45,2026-12-23 17:45:56
CONT2026012218,2026-12-26 15:54:05,2026-12-28 03:06:17
CONT2026012219,2026-12-25 04:51:21,2026-12-30 13:38:24
CONT2026012220,2026-12-24 04:14:35,2026-12-29 19:48:15
