container_id,flow_type,terminal,vessel_call_id
CONT2025000000,EXPORT,NSICT,VC202500001
CONT2025000001,EXPORT,NSICT,VC202500001
CONT2025000002,EXPORT,NSICT,VC202500001
CONT2025000003,IMPORT,NSICT,VC202500001
CONT2025000004,IMPORT,NSICT,VC202500001
CONT2025000005,EXPORT,NSICT,VC202500001
CONT2025000006,EXPORT,NSICT,VC202500001
CONT2025000007,IMPORT,NSICT,VC202500001
CONT2025000008,EXPORT,NSICT,VC202500001
CONT2025000009,IMPORT,NSICT,VC202500001
CONT2025000010,EXPORT,NSICT,VC202500001
CONT2025000011,EXPORT,NSICT,VC202500001
CONT2025000012,EXPORT,NSICT,VC202500001
CONT2025000013,IMPORT,NSICT,VC202500001
CONT2025000014,IMPORT,BMCT,VC202500002
CONT2025000015,IMPORT,BMCT,VC202500002
CONT2025000016,EXPORT,BMCT,VC202500002
CONT2025000017,EXPORT,BMCT,VC202500002
CONT2025000018,EXPORT,BMCT,VC202500002
CONT2025000019,EXPORT,BMCT,VC202500002
CONT2025000020,EXPORT,BMCT,VC202500002
CONT2025000021,EXPORT,NSICT,VC202500003
CONT2025000022,IMPORT,NSICT,VC202500003
CONT2025000023,EXPORT,NSICT,VC202500003
CONT2025000024,IMPORT,NSICT,VC202500003
CONT2025000025,EXPORT,NSICT,VC202500003
CONT2025000026,IMPORT,NSICT,VC202500003
CONT2025000027,EXPORT,NSICT,VC202500003
CONT2025000028,IMPORT,NSICT,VC202500003
CONT2025000029,IMPORT,NSICT,VC202500003
CONT2025000030,EXPORT,NSICT,VC202500003
CONT2025000031,EXPORT,NSICT,VC202500003
CONT2025000032,IMPORT,NSICT,VC202500003
CONT2025000033,EXPORT,NSICT,VC202500003
CONT2025000034,EXPORT,NSICT,VC202500003
CONT2025000035,EXPORT,NSICT,VC202500003
CONT2025000036,EXPORT,NSICT,VC202500003
CONT2025000037,EXPORT,NSICT,VC202500003
CONT2025000038,EXPORT,NSICT,VC202500003
CONT2025000039,EXPORT,NSICT,VC202500003
CONT2025000040,IMPORT,NSICT,VC202500003
CONT2025000041,EXPORT,NSICT,VC202500003
CONT2025000042,IMPORT,NSICT,VC202500003
CONT2025000043,IMPORT,NSICT,VC202500003
CONT2025000044,IMPORT,NSICT,VC202500003
CONT2025000045,IMPORT,NSICT,VC202500003
CONT2025000046,EXPORT,NSICT,VC202500003
CONT2025000047,EXPORT,NSICT,VC202500003
CONT2025000048,IMPORT,NSICT,VC202500003
CONT2025000049,IMPORT,NSIGT,VC202500004
CONT2025000050,IMPORT,NSIGT,VC202500004
CONT2025000051,IMPORT,NSIGT,VC202500004
CONT2025000052,EXPORT,NSIGT,VC202500004
CONT2025000053,EXPORT,NSIGT,VC202500004
CONT2025000054,EXPORT,NSIGT,VC202500004
CONT2025000055,EXPORT,NSIGT,VC202500004
CONT2025000056,EXPORT,NSIGT,VC202500004
CONT2025000057,EXPORT,NSIGT,VC202500004
CONT2025000058,EXPORT,NSIGT,VC202500004
CONT2025000059,EXPORT,NSIGT,VC202500004
CONT2025000060,EXPORT,NSFT,VC202500005
CONT2025000061,EXPORT,NSFT,VC202500005
CONT2025000062,EXPORT,NSFT,VC202500005
CONT2025000063,IMPORT,NSFT,VC202500005
CONT2025000064,IMPORT,NSFT,VC202500005
CONT2025000065,EXPORT,NSFT,VC202500005
CONT2025000066,IMPORT,NSFT,VC202500005
CONT2025000067,EXPORT,NSFT,VC202500005
CONT2025000068,IMPORT,NSFT,VC202500005
CONT2025000069,EXPORT,NSFT,VC202500005
CONT2025000070,EXPORT,NSFT,VC202500005
CONT2025000071,IMPORT,NSFT,VC202500005
CONT2025000072,IMPORT,NSFT,VC202500005
CONT2025000073,IMPORT,NSFT,VC202500005
CONT2025000074,EXPORT,NSFT,VC202500005
CONT2025000075,IMPORT,NSFT,VC202500005
CONT2025000076,IMPORT,NSFT,VC202500005
CONT2025000077,IMPORT,NSFT,VC202500005
CONT2025000078,IMPORT,GTI,VC202500006
CONT2025000079,IMPORT,GTI,VC202500006
CONT2025000080,IMPORT,GTI,VC202500006
CONT2025000081,EXPORT,GTI,VC202500006
CONT2025000082,EXPORT,GTI,VC202500006
CONT2025000083,EXPORT,GTI,VC202500006
CONT2025000084,EXPORT,GTI,VC202500006
CONT2025000085,IMPORT,GTI,VC202500006
CONT2025000086,IMPORT,GTI,VC202500006
CONT2025000087,IMPORT,GTI,VC202500006
CONT2025000088,EXPORT,GTI,VC202500006
CONT2025000089,EXPORT,GTI,VC202500006
CONT2025000090,EXPORT,GTI,VC202500006
CONT2025000091,IMPORT,GTI,VC202500006
CONT2025000092,IMPORT,GTI,VC202500006
CONT2025000093,EXPORT,GTI,VC202500006
CONT2025000094,EXPORT,GTI,VC202500006
CONT2025000095,EXPORT,GTI,VC202500006
CONT2025000096,IMPORT,GTI,VC202500006
CONT2025000097,EXPORT,GTI,VC202500006
CONT2025000098,IMPORT,GTI,VC202500006
CONT2025000099,EXPORT,GTI,VC202500006
CONT2025000100,EXPORT,GTI,VC202500006
CONT2025000101,IMPORT,GTI,VC202500006
CONT2025000102,IMPORT,GTI,VC202500006
CONT2025000103,EXPORT,GTI,VC202500006
CONT2025000104,EXPORT,GTI,VC202500006
CONT2025000105,IMPORT,GTI,VC202500006
CONT2025000106,EXPORT,GTI,VC202500006
CONT2025000107,EXPORT,GTI,VC202500006
CONT2025000108,EXPORT,GTI,VC202500006
CONT2025000109,EXPORT,GTI,VC202500006
CONT2025000110,EXPORT,GTI,VC202500006
CONT2025000111,IMPORT,GTI,VC202500006
CONT2025000112,EXPORT,GTI,VC202500007
CONT2025000113,EXPORT,GTI,VC202500007
CONT2025000114,IMPORT,GTI,VC202500007
CONT2025000115,IMPORT,GTI,VC202500007
CONT2025000116,IMPORT,GTI,VC202500007
CONT2025000117,EXPORT,GTI,VC202500007
CONT2025000118,EXPORT,BMCT,VC202500008
CONT2025000119,EXPORT,BMCT,VC202500008
CONT2025000120,EXPORT,BMCT,VC202500008
CONT2025000121,IMPORT,BMCT,VC202500008
CONT2025000122,IMPORT,BMCT,VC202500008
CONT2025000123,EXPORT,BMCT,VC202500008
CONT2025000124,EXPORT,BMCT,VC202500008
CONT2025000125,IMPORT,BMCT,VC202500008
CONT2025000126,EXPORT,BMCT,VC202500008
CONT2025000127,EXPORT,BMCT,VC202500008
CONT2025000128,IMPORT,BMCT,VC202500008
CONT2025000129,EXPORT,BMCT,VC202500008
CONT2025000130,EXPORT,BMCT,VC202500008
CONT2025000131,IMPORT,BMCT,VC202500008
CONT2025000132,EXPORT,BMCT,VC202500008
CONT2025000133,IMPORT,BMCT,VC202500008
CONT2025000134,EXPORT,BMCT,VC202500008
CONT2025000135,IMPORT,BMCT,VC202500008
CONT2025000136,IMPORT,BMCT,VC202500008
CONT2025000137,IMPORT,BMCT,VC202500008
CONT2025000138,EXPORT,BMCT,VC202500008
CONT2025000139,IMPORT,BMCT,VC202500008
CONT2025000140,EXPORT,BMCT,VC202500008
CONT2025000141,IMPORT,BMCT,VC202500008
CONT2025000142,EXPORT,BMCT,VC202500009
CONT2025000143,EXPORT,BMCT,VC202500009
CONT2025000144,IMPORT,BMCT,VC202500009
CONT2025000145,EXPORT,BMCT,VC202500009
CONT2025000146,EXPORT,BMCT,VC202500009
CONT2025000147,IMPORT,BMCT,VC202500009
CONT2025000148,EXPORT,BMCT,VC202500009
CONT2025000149,IMPORT,BMCT,VC202500009
CONT2025000150,IMPORT,BMCT,VC202500009
CONT2025000151,IMPORT,BMCT,VC202500009
CONT2025000152,EXPORT,BMCT,VC202500009
CONT2025000153,IMPORT,BMCT,VC202500009
CONT2025000154,EXPORT,BMCT,VC202500009
CONT2025000155,IMPORT,BMCT,VC202500009
CONT2025000156,EXPORT,BMCT,VC202500009
CONT2025000157,EXPORT,BMCT,VC202500009
CONT2025000158,IMPORT,BMCT,VC202500009
CONT2025000159,IMPORT,BMCT,VC202500009
CONT2025000160,IMPORT,BMCT,VC202500009
CONT2025000161,EXPORT,BMCT,VC202500009
CONT2025000162,IMPORT,BMCT,VC202500009
CONT2025000163,EXPORT,BMCT,VC202500009
CONT2025000164,IMPORT,BMCT,VC202500009
CONT2025000165,EXPORT,BMCT,VC202500009
CONT2025000166,IMPORT,BMCT,VC202500009
CONT2025000167,IMPORT,BMCT,VC202500009
CONT2025000168,EXPORT,BMCT,VC202500009
CONT2025000169,EXPORT,BMCT,VC202500009
CONT2025000170,EXPORT,BMCT,VC202500009
CONT2025000171,IMPORT,BMCT,VC202500009
CONT2025000172,EXPORT,BMCT,VC202500009
CONT2025000173,IMPORT,BMCT,VC202500009
CONT2025000174,EXPORT,GTI,VC202500010
CONT2025000175,EXPORT,GTI,VC202500010
CONT2025000176,EXPORT,GTI,VC202500010
CONT2025000177,EXPORT,GTI,VC202500010
CONT2025000178,EXPORT,GTI,VC202500010
CONT2025000179,EXPORT,GTI,VC202500010
CONT2025000180,IMPORT,GTI,VC202500010
CONT2025000181,EXPORT,GTI,VC202500010
CONT2025000182,IMPORT,GTI,VC202500010
CONT2025000183,EXPORT,GTI,VC202500010
CONT2025000184,EXPORT,GTI,VC202500010
CONT2025000185,IMPORT,GTI,VC202500011
CONT2025000186,EXPORT,GTI,VC202500011
CONT2025000187,EXPORT,GTI,VC202500011
CONT2025000188,EXPORT,GTI,VC202500011
CONT2025000189,EXPORT,GTI,VC202500011
CONT2025000190,IMPORT,GTI,VC202500011
CONT2025000191,IMPORT,GTI,VC202500011
CONT2025000192,EXPORT,GTI,VC202500011
CONT2025000193,IMPORT,GTI,VC202500011
CONT2025000194,IMPORT,GTI,VC202500011
CONT2025000195,EXPORT,GTI,VC202500011
CONT2025000196,IMPORT,GTI,VC202500011
CONT2025000197,EXPORT,GTI,VC202500011
CONT2025000198,EXPORT,GTI,VC202500011
CONT2025000199,IMPORT,GTI,VC202500011
CONT2025000200,IMPORT,GTI,VC202500011
CONT2025000201,EXPORT,GTI,VC202500011
CONT2025000202,EXPORT,GTI,VC202500011
CONT2025000203,EXPORT,GTI,VC202500011
CONT2025000204,IMPORT,GTI,VC202500011
CONT2025000205,EXPORT,GTI,VC202500011
CONT2025000206,EXPORT,GTI,VC202500011
CONT2025000207,IMPORT,GTI,VC202500012
CONT2025000208,IMPORT,GTI,VC202500012
CONT2025000209,EXPORT,GTI,VC202500012
CONT2025000210,IMPORT,GTI,VC202500012
CONT2025000211,IMPORT,GTI,VC202500012
CONT2025000212,EXPORT,GTI,VC202500012
CONT2025000213,IMPORT,GTI,VC202500012
CONT2025000214,EXPORT,GTI,VC202500012
CONT2025000215,EXPORT,GTI,VC202500012
CONT2025000216,IMPORT,GTI,VC202500012
CONT2025000217,EXPORT,GTI,VC202500012
CONT2025000218,IMPORT,GTI,VC202500012
CONT2025000219,IMPORT,GTI,VC202500012
CONT2025000220,EXPORT,GTI,VC202500012
CONT2025000221,EXPORT,GTI,VC202500012
CONT2025000222,EXPORT,GTI,VC202500012
CONT2025000223,EXPORT,NSIGT,VC202500013
CONT2025000224,EXPORT,NSIGT,VC202500013
CONT2025000225,IMPORT,NSIGT,VC202500013
CONT2025000226,IMPORT,NSIGT,VC202500013
CONT2025000227,IMPORT,NSIGT,VC202500013
CONT2025000228,IMPORT,NSIGT,VC202500013
CONT2025000229,IMPORT,NSIGT,VC202500013
CONT2025000230,EXPORT,NSIGT,VC202500013
CONT2025000231,EXPORT,NSIGT,VC202500013
CONT2025000232,EXPORT,NSIGT,VC202500013
CONT2025000233,IMPORT,NSIGT,VC202500013
CONT2025000234,EXPORT,NSIGT,VC202500013
CONT2025000235,EXPORT,NSIGT,VC202500013
CONT2025000236,EXPORT,NSIGT,VC202500013
CONT2025000237,IMPORT,NSIGT,VC202500013
CONT2025000238,EXPORT,NSIGT,VC202500013
CONT2025000239,IMPORT,NSIGT,VC202500013
CONT2025000240,EXPORT,BMCT,VC202500014
CONT2025000241,EXPORT,BMCT,VC202500014
CONT2025000242,EXPORT,BMCT,VC202500014
CONT2025000243,EXPORT,BMCT,VC202500014
CONT2025000244,EXPORT,BMCT,VC202500014
CONT2025000245,EXPORT,BMCT,VC202500014
CONT2025000246,EXPORT,BMCT,VC202500014
CONT2025000247,IMPORT,BMCT,VC202500014
CONT2025000248,EXPORT,BMCT,VC202500014
CONT2025000249,EXPORT,BMCT,VC202500014
CONT2025000250,EXPORT,BMCT,VC202500014
CONT2025000251,EXPORT,BMCT,VC202500014
CONT2025000252,EXPORT,BMCT,VC202500014
CONT2025000253,EXPORT,BMCT,VC202500014
CONT2025000254,IMPORT,BMCT,VC202500014
CONT2025000255,IMPORT,BMCT,VC202500014
CONT2025000256,EXPORT,NSICT,VC202500015
CONT2025000257,EXPORT,NSICT,VC202500015
CONT2025000258,EXPORT,NSICT,VC202500015
CONT2025000259,IMPORT,NSICT,VC202500015
CONT2025000260,EXPORT,NSICT,VC202500015
CONT2025000261,IMPORT,NSICT,VC202500015
CONT2025000262,IMPORT,NSICT,VC202500015
CONT2025000263,IMPORT,NSICT,VC202500015
CONT2025000264,IMPORT,NSICT,VC202500015
CONT2025000265,EXPORT,NSICT,VC202500015
CONT2025000266,EXPORT,NSICT,VC202500015
CONT2025000267,EXPORT,NSICT,VC202500015
CONT2025000268,IMPORT,NSICT,VC202500015
CONT2025000269,IMPORT,NSICT,VC202500015
CONT2025000270,IMPORT,NSICT,VC202500015
CONT2025000271,IMPORT,NSICT,VC202500015
CONT2025000272,IMPORT,NSICT,VC202500015
CONT2025000273,IMPORT,NSICT,VC202500015
CONT2025000274,EXPORT,NSICT,VC202500015
CONT2025000275,EXPORT,NSICT,VC202500015
CONT2025000276,EXPORT,NSICT,VC202500015
CONT2025000277,IMPORT,NSICT,VC202500015
CONT2025000278,IMPORT,NSICT,VC202500015
CONT2025000279,IMPORT,NSICT,VC202500015
CONT2025000280,EXPORT,NSICT,VC202500015
CONT2025000281,EXPORT,NSICT,VC202500015
CONT2025000282,EXPORT,NSICT,VC202500015
CONT2025000283,IMPORT,NSICT,VC202500015
CONT2025000284,EXPORT,NSICT,VC202500015
CONT2025000285,IMPORT,NSICT,VC202500015
CONT2025000286,IMPORT,NSICT,VC202500015
CONT2025000287,IMPORT,NSICT,VC202500015
CONT2025000288,IMPORT,NSICT,VC202500015
CONT2025000289,EXPORT,NSICT,VC202500015
CONT2025000290,IMPORT,NSICT,VC202500015
CONT2025000291,EXPORT,NSICT,VC202500015
CONT2025000292,IMPORT,NSICT,VC202500015
CONT2025000293,IMPORT,NSICT,VC202500015
CONT2025000294,IMPORT,NSICT,VC202500015
CONT2025000295,IMPORT,NSICT,VC202500015
CONT2025000296,IMPORT,NSICT,VC202500015
CONT2025000297,IMPORT,NSICT,VC202500015
CONT2025000298,IMPORT,NSICT,VC202500015
CONT2025000299,EXPORT,NSICT,VC202500015
CONT2025000300,IMPORT,NSICT,VC202500015
CONT2025000301,IMPORT,NSICT,VC202500015
CONT2025000302,IMPORT,NSIGT,VC202500016
CONT2025000303,EXPORT,NSIGT,VC202500016
CONT2025000304,IMPORT,NSIGT,VC202500016
CONT2025000305,EXPORT,NSIGT,VC202500016
CONT2025000306,EXPORT,NSIGT,VC202500016
CONT2025000307,EXPORT,NSIGT,VC202500016
CONT2025000308,IMPORT,NSIGT,VC202500016
CONT2025000309,IMPORT,NSIGT,VC202500016
CONT2025000310,IMPORT,NSIGT,VC202500016
CONT2025000311,IMPORT,NSIGT,VC202500016
CONT2025000312,IMPORT,NSIGT,VC202500016
CONT2025000313,IMPORT,NSIGT,VC202500016
CONT2025000314,IMPORT,NSIGT,VC202500016
CONT2025000315,IMPORT,NSIGT,VC202500016
CONT2025000316,EXPORT,NSIGT,VC202500016
CONT2025000317,IMPORT,NSIGT,VC202500016
CONT2025000318,EXPORT,NSIGT,VC202500016
CONT2025000319,EXPORT,NSIGT,VC202500016
CONT2025000320,EXPORT,NSIGT,VC202500016
CONT2025000321,IMPORT,NSIGT,VC202500016
CONT2025000322,IMPORT,NSIGT,VC202500016
CONT2025000323,EXPORT,NSIGT,VC202500016
CONT2025000324,EXPORT,NSIGT,VC202500016
CONT2025000325,EXPORT,NSIGT,VC202500016
CONT2025000326,EXPORT,NSIGT,VC202500016
CONT2025000327,IMPORT,NSIGT,VC202500016
CONT2025000328,EXPORT,NSIGT,VC202500016
CONT2025000329,EXPORT,NSIGT,VC202500016
CONT2025000330,IMPORT,NSIGT,VC202500016
CONT2025000331,IMPORT,NSIGT,VC202500016
CONT2025000332,IMPORT,NSFT,VC202500017
CONT2025000333,EXPORT,NSFT,VC202500017
CONT2025000334,IMPORT,NSFT,VC202500017
CONT2025000335,IMPORT,NSFT,VC202500017
CONT2025000336,EXPORT,NSFT,VC202500017
CONT2025000337,IMPORT,NSFT,VC202500017
CONT2025000338,EXPORT,NSFT,VC202500017
CONT2025000339,IMPORT,NSFT,VC202500017
CONT2025000340,EXPORT,NSFT,VC202500017
CONT2025000341,EXPORT,NSICT,VC202500018
CONT2025000342,EXPORT,NSICT,VC202500018
CONT2025000343,IMPORT,NSICT,VC202500018
CONT2025000344,EXPORT,NSICT,VC202500018
CONT2025000345,EXPORT,NSICT,VC202500018
CONT2025000346,IMPORT,NSICT,VC202500018
CONT2025000347,IMPORT,GTI,VC202500019
CONT2025000348,IMPORT,GTI,VC202500019
CONT2025000349,IMPORT,GTI,VC202500019
CONT2025000350,EXPORT,GTI,VC202500019
CONT2025000351,IMPORT,GTI,VC202500019
CONT2025000352,IMPORT,GTI,VC202500019
CONT2025000353,IMPORT,GTI,VC202500019
CONT2025000354,EXPORT,GTI,VC202500019
CONT2025000355,EXPORT,GTI,VC202500019
CONT2025000356,EXPORT,GTI,VC202500019
CONT2025000357,EXPORT,GTI,VC202500019
CONT2025000358,EXPORT,GTI,VC202500019
CONT2025000359,EXPORT,GTI,VC202500019
CONT2025000360,IMPORT,GTI,VC202500019
CONT2025000361,IMPORT,GTI,VC202500019
CONT2025000362,EXPORT,GTI,VC202500019
CONT2025000363,IMPORT,GTI,VC202500019
CONT2025000364,IMPORT,GTI,VC202500019
CONT2025000365,IMPORT,GTI,VC202500019
CONT2025000366,IMPORT,GTI,VC202500019
CONT2025000367,IMPORT,GTI,VC202500019
CONT2025000368,EXPORT,GTI,VC202500019
CONT2025000369,EXPORT,GTI,VC202500019
CONT2025000370,EXPORT,GTI,VC202500019
CONT2025000371,EXPORT,BMCT,VC202500020
CONT2025000372,EXPORT,BMCT,VC202500020
CONT2025000373,IMPORT,BMCT,VC202500020
CONT2025000374,IMPORT,BMCT,VC202500020
CONT2025000375,IMPORT,BMCT,VC202500020
CONT2025000376,EXPORT,BMCT,VC202500020
CONT2025000377,EXPORT,BMCT,VC202500020
CONT2025000378,EXPORT,BMCT,VC202500020
CONT2025000379,IMPORT,BMCT,VC202500020
CONT2025000380,EXPORT,BMCT,VC202500020
CONT2025000381,IMPORT,BMCT,VC202500020
CONT2025000382,IMPORT,BMCT,VC202500020
CONT2025000383,EXPORT,BMCT,VC202500020
CONT2025000384,IMPORT,NSIGT,VC202500021
CONT2025000385,IMPORT,NSIGT,VC202500021
CONT2025000386,EXPORT,NSIGT,VC202500021
CONT2025000387,EXPORT,NSIGT,VC202500021
CONT2025000388,EXPORT,NSIGT,VC202500021
CONT2025000389,IMPORT,NSIGT,VC202500021
CONT2025000390,IMPORT,NSIGT,VC202500021
CONT2025000391,IMPORT,NSIGT,VC202500021
CONT2025000392,EXPORT,NSIGT,VC202500021
CONT2025000393,IMPORT,NSIGT,VC202500021
CONT2025000394,IMPORT,NSIGT,VC202500021
CONT2025000395,EXPORT,NSIGT,VC202500021
CONT2025000396,IMPORT,NSIGT,VC202500021
CONT2025000397,EXPORT,NSIGT,VC202500021
CONT2025000398,IMPORT,GTI,VC202500022
CONT2025000399,IMPORT,GTI,VC202500022
CONT2025000400,IMPORT,GTI,VC202500022
CONT2025000401,EXPORT,GTI,VC202500022
CONT2025000402,EXPORT,GTI,VC202500022
CONT2025000403,EXPORT,GTI,VC202500022
CONT2025000404,EXPORT,GTI,VC202500022
CONT2025000405,EXPORT,GTI,VC202500022
CONT2025000406,IMPORT,GTI,VC202500022
CONT2025000407,EXPORT,GTI,VC202500022
CONT2025000408,EXPORT,GTI,VC202500022
CONT2025000409,IMPORT,GTI,VC202500022
CONT2025000410,EXPORT,GTI,VC202500022
CONT2025000411,IMPORT,GTI,VC202500022
CONT2025000412,EXPORT,GTI,VC202500022
CONT2025000413,EXPORT,GTI,VC202500022
CONT2025000414,EXPORT,GTI,VC202500022
CONT2025000415,EXPORT,GTI,VC202500022
CONT2025000416,EXPORT,GTI,VC202500022
CONT2025000417,EXPORT,GTI,VC202500022
CONT2025000418,IMPORT,GTI,VC202500022
CONT2025000419,EXPORT,GTI,VC202500022
CONT2025000420,EXPORT,GTI,VC202500022
CONT2025000421,IMPORT,GTI,VC202500022
CONT2025000422,EXPORT,NSICT,VC202500023
CONT2025000423,EXPORT,NSICT,VC202500023
CONT2025000424,EXPORT,NSICT,VC202500023
CONT2025000425,EXPORT,NSICT,VC202500023
CONT2025000426,IMPORT,NSICT,VC202500023
CONT2025000427,IMPORT,NSICT,VC202500023
CONT2025000428,IMPORT,NSICT,VC202500023
CONT2025000429,IMPORT,NSICT,VC202500023
CONT2025000430,IMPORT,NSICT,VC202500023
CONT2025000431,IMPORT,NSICT,VC202500023
CONT2025000432,IMPORT,NSICT,VC202500023
CONT2025000433,IMPORT,NSICT,VC202500023
CONT2025000434,IMPORT,NSICT,VC202500024
CONT2025000435,IMPORT,NSICT,VC202500024
CONT2025000436,EXPORT,NSICT,VC202500024
CONT2025000437,IMPORT,NSICT,VC202500024
CONT2025000438,IMPORT,NSICT,VC202500024
CONT2025000439,IMPORT,NSICT,VC202500024
CONT2025000440,EXPORT,NSICT,VC202500024
CONT2025000441,IMPORT,NSICT,VC202500024
CONT2025000442,IMPORT,NSICT,VC202500024
CONT2025000443,IMPORT,NSICT,VC202500024
CONT2025000444,EXPORT,GTI,VC202500025
CONT2025000445,EXPORT,GTI,VC202500025
CONT2025000446,EXPORT,GTI,VC202500025
CONT2025000447,IMPORT,GTI,VC202500025
CONT2025000448,IMPORT,GTI,VC202500025
CONT2025000449,EXPORT,GTI,VC202500025
CONT2025000450,EXPORT,GTI,VC202500025
CONT2025000451,EXPORT,GTI,VC202500025
CONT2025000452,IMPORT,GTI,VC202500025
CONT2025000453,IMPORT,GTI,VC202500025
CONT2025000454,EXPORT,GTI,VC202500025
CONT2025000455,EXPORT,GTI,VC202500025
CONT2025000456,IMPORT,GTI,VC202500025
CONT2025000457,EXPORT,GTI,VC202500025
CONT2025000458,EXPORT,GTI,VC202500025
CONT2025000459,IMPORT,GTI,VC202500025
CONT2025000460,EXPORT,GTI,VC202500025
CONT2025000461,IMPORT,GTI,VC202500025
CONT2025000462,IMPORT,GTI,VC202500025
CONT2025000463,EXPORT,GTI,VC202500025
CONT2025000464,EXPORT,GTI,VC202500025
CONT2025000465,IMPORT,GTI,VC202500025
CONT2025000466,EXPORT,GTI,VC202500025
CONT2025000467,EXPORT,GTI,VC202500025
CONT2025000468,EXPORT,GTI,VC202500025
CONT2025000469,IMPORT,GTI,VC202500025
CONT2025000470,IMPORT,GTI,VC202500025
CONT2025000471,IMPORT,GTI,VC202500025
CONT2025000472,IMPORT,GTI,VC202500025
CONT2025000473,IMPORT,GTI,VC202500025
CONT2025000474,IMPORT,GTI,VC202500025
CONT2025000475,IMPORT,NSFT,VC202500026
CONT2025000476,EXPORT,NSFT,VC202500026
CONT2025000477,EXPORT,NSFT,VC202500026
CONT2025000478,IMPORT,NSFT,VC202500026
CONT2025000479,IMPORT,NSFT,VC202500026
CONT2025000480,IMPORT,NSFT,VC202500026
CONT2025000481,EXPORT,NSFT,VC202500026
CONT2025000482,EXPORT,NSFT,VC202500026
CONT2025000483,IMPORT,NSFT,VC202500026
CONT2025000484,IMPORT,NSFT,VC202500026
CONT2025000485,EXPORT,NSFT,VC202500026
CONT2025000486,IMPORT,NSFT,VC202500026
CONT2025000487,IMPORT,NSFT,VC202500026
CONT2025000488,IMPORT,NSFT,VC202500026
CONT2025000489,IMPORT,NSFT,VC202500026
CONT2025000490,EXPORT,NSFT,VC202500026
CONT2025000491,EXPORT,BMCT,VC202500027
CONT2025000492,EXPORT,BMCT,VC202500027
CONT2025000493,IMPORT,BMCT,VC202500027
CONT2025000494,EXPORT,BMCT,VC202500027
CONT2025000495,EXPORT,BMCT,VC202500027
CONT2025000496,IMPORT,BMCT,VC202500027
CONT2025000497,IMPORT,BMCT,VC202500027
CONT2025000498,EXPORT,BMCT,VC202500027
CONT2025000499,IMPORT,BMCT,VC202500027
CONT2025000500,EXPORT,BMCT,VC202500027
CONT2025000501,IMPORT,BMCT,VC202500027
CONT2025000502,IMPORT,BMCT,VC202500027
CONT2025000503,IMPORT,BMCT,VC202500027
CONT2025000504,EXPORT,BMCT,VC202500027
CONT2025000505,EXPORT,BMCT,VC202500027
CONT2025000506,EXPORT,BMCT,VC202500027
CONT2025000507,EXPORT,BMCT,VC202500027
CONT2025000508,EXPORT,BMCT,VC202500027
CONT2025000509,EXPORT,BMCT,VC202500027
CONT2025000510,EXPORT,BMCT,VC202500027
CONT2025000511,EXPORT,BMCT,VC202500027
CONT2025000512,IMPORT,BMCT,VC202500027
CONT2025000513,IMPORT,BMCT,VC202500027
CONT2025000514,IMPORT,BMCT,VC202500027
CONT2025000515,IMPORT,BMCT,VC202500027
CONT2025000516,EXPORT,BMCT,VC202500027
CONT2025000517,EXPORT,BMCT,VC202500027
CONT2025000518,IMPORT,BMCT,VC202500027
CONT2025000519,IMPORT,BMCT,VC202500027
CONT2025000520,IMPORT,BMCT,VC202500027
CONT2025000521,EXPORT,BMCT,VC202500027
CONT2025000522,IMPORT,BMCT,VC202500027
CONT2025000523,IMPORT,BMCT,VC202500027
CONT2025000524,EXPORT,BMCT,VC202500027
CONT2025000525,EXPORT,BMCT,VC202500027
CONT2025000526,EXPORT,BMCT,VC202500027
CONT2025000527,IMPORT,BMCT,VC202500027
CONT2025000528,EXPORT,BMCT,VC202500028
CONT2025000529,IMPORT,BMCT,VC202500028
CONT2025000530,IMPORT,BMCT,VC202500028
CONT2025000531,EXPORT,BMCT,VC202500028
CONT2025000532,EXPORT,BMCT,VC202500028
CONT2025000533,EXPORT,BMCT,VC202500028
CONT2025000534,EXPORT,BMCT,VC202500028
CONT2025000535,EXPORT,BMCT,VC202500028
CONT2025000536,EXPORT,BMCT,VC202500028
CONT2025000537,EXPORT,BMCT,VC202500028
CONT2025000538,IMPORT,BMCT,VC202500028
CONT2025000539,EXPORT,BMCT,VC202500028
CONT2025000540,IMPORT,BMCT,VC202500028
CONT2025000541,IMPORT,BMCT,VC202500028
CONT2025000542,IMPORT,BMCT,VC202500028
CONT2025000543,IMPORT,BMCT,VC202500028
CONT2025000544,IMPORT,BMCT,VC202500028
CONT2025000545,IMPORT,BMCT,VC202500028
CONT2025000546,IMPORT,NSFT,VC202500029
CONT2025000547,IMPORT,NSFT,VC202500029
CONT2025000548,IMPORT,NSFT,VC202500029
CONT2025000549,IMPORT,NSFT,VC202500029
CONT2025000550,EXPORT,NSFT,VC202500029
CONT2025000551,EXPORT,NSFT,VC202500029
CONT2025000552,IMPORT,NSFT,VC202500029
CONT2025000553,EXPORT,NSFT,VC202500029
CONT2025000554,EXPORT,NSFT,VC202500029
CONT2025000555,IMPORT,NSFT,VC202500029
CONT2025000556,IMPORT,NSFT,VC202500029
CONT2025000557,EXPORT,NSFT,VC202500029
CONT2025000558,IMPORT,NSFT,VC202500029
CONT2025000559,IMPORT,NSFT,VC202500029
CONT2025000560,IMPORT,NSFT,VC202500029
CONT2025000561,EXPORT,NSFT,VC202500029
CONT2025000562,EXPORT,NSFT,VC202500030
CONT2025000563,IMPORT,NSFT,VC202500030
CONT2025000564,IMPORT,NSFT,VC202500030
CONT2025000565,IMPORT,NSFT,VC202500030
CONT2025000566,EXPORT,NSFT,VC202500030
CONT2025000567,EXPORT,NSFT,VC202500030
CONT2025000568,IMPORT,BMCT,VC202500031
CONT2025000569,EXPORT,BMCT,VC202500031
CONT2025000570,IMPORT,BMCT,VC202500031
CONT2025000571,EXPORT,BMCT,VC202500031
CONT2025000572,EXPORT,BMCT,VC202500031
CONT2025000573,IMPORT,BMCT,VC202500031
CONT2025000574,IMPORT,BMCT,VC202500031
CONT2025000575,IMPORT,BMCT,VC202500031
CONT2025000576,IMPORT,BMCT,VC202500031
CONT2025000577,IMPORT,BMCT,VC202500031
CONT2025000578,EXPORT,BMCT,VC202500031
CONT2025000579,EXPORT,BMCT,VC202500031
CONT2025000580,IMPORT,BMCT,VC202500031
CONT2025000581,IMPORT,BMCT,VC202500031
CONT2025000582,IMPORT,BMCT,VC202500031
CONT2025000583,EXPORT,BMCT,VC202500031
CONT2025000584,EXPORT,BMCT,VC202500031
CONT2025000585,EXPORT,BMCT,VC202500031
CONT2025000586,EXPORT,GTI,VC202500032
CONT2025000587,IMPORT,GTI,VC202500032
CONT2025000588,IMPORT,GTI,VC202500032
CONT2025000589,IMPORT,GTI,VC202500032
CONT2025000590,EXPORT,GTI,VC202500032
CONT2025000591,IMPORT,GTI,VC202500032
CONT2025000592,IMPORT,GTI,VC202500032
CONT2025000593,EXPORT,GTI,VC202500032
CONT2025000594,EXPORT,GTI,VC202500032
CONT2025000595,IMPORT,GTI,VC202500032
CONT2025000596,EXPORT,GTI,VC202500032
CONT2025000597,IMPORT,GTI,VC202500032
CONT2025000598,EXPORT,BMCT,VC202500033
CONT2025000599,EXPORT,BMCT,VC202500033
CONT2025000600,EXPORT,BMCT,VC202500033
CONT2025000601,IMPORT,BMCT,VC202500033
CONT2025000602,IMPORT,BMCT,VC202500033
CONT2025000603,EXPORT,BMCT,VC202500033
CONT2025000604,IMPORT,BMCT,VC202500033
CONT2025000605,IMPORT,BMCT,VC202500033
CONT2025000606,EXPORT,BMCT,VC202500033
CONT2025000607,IMPORT,BMCT,VC202500033
CONT2025000608,EXPORT,BMCT,VC202500033
CONT2025000609,EXPORT,BMCT,VC202500033
CONT2025000610,EXPORT,BMCT,VC202500033
CONT2025000611,IMPORT,BMCT,VC202500033
CONT2025000612,EXPORT,BMCT,VC202500033
CONT2025000613,IMPORT,BMCT,VC202500033
CONT2025000614,EXPORT,BMCT,VC202500033
CONT2025000615,EXPORT,BMCT,VC202500033
CONT2025000616,EXPORT,BMCT,VC202500033
CONT2025000617,IMPORT,BMCT,VC202500033
CONT2025000618,EXPORT,BMCT,VC202500033
CONT2025000619,IMPORT,NSFT,VC202500034
CONT2025000620,IMPORT,NSFT,VC202500034
CONT2025000621,IMPORT,NSFT,VC202500034
CONT2025000622,IMPORT,NSFT,VC202500034
CONT2025000623,IMPORT,NSFT,VC202500034
CONT2025000624,IMPORT,NSFT,VC202500034
CONT2025000625,IMPORT,NSFT,VC202500034
CONT2025000626,EXPORT,NSFT,VC202500034
CONT2025000627,IMPORT,NSFT,VC202500034
CONT2025000628,IMPORT,NSFT,VC202500034
CONT2025000629,IMPORT,NSFT,VC202500034
CONT2025000630,EXPORT,NSFT,VC202500034
CONT2025000631,EXPORT,GTI,VC202500035
CONT2025000632,IMPORT,GTI,VC202500035
CONT2025000633,EXPORT,GTI,VC202500035
CONT2025000634,EXPORT,GTI,VC202500035
CONT2025000635,IMPORT,GTI,VC202500035
CONT2025000636,IMPORT,GTI,VC202500035
CONT2025000637,EXPORT,NSIGT,VC202500036
CONT2025000638,EXPORT,NSIGT,VC202500036
CONT2025000639,IMPORT,NSIGT,VC202500036
CONT2025000640,IMPORT,NSIGT,VC202500036
CONT2025000641,EXPORT,NSIGT,VC202500036
CONT2025000642,EXPORT,NSIGT,VC202500036
CONT2025000643,IMPORT,NSIGT,VC202500036
CONT2025000644,EXPORT,NSICT,VC202500037
CONT2025000645,IMPORT,NSICT,VC202500037
CONT2025000646,EXPORT,NSICT,VC202500037
CONT2025000647,EXPORT,NSICT,VC202500037
CONT2025000648,IMPORT,NSICT,VC202500037
CONT2025000649,EXPORT,NSICT,VC202500037
CONT2025000650,IMPORT,NSICT,VC202500037
CONT2025000651,IMPORT,NSICT,VC202500037
CONT2025000652,IMPORT,NSICT,VC202500037
CONT2025000653,EXPORT,NSICT,VC202500037
CONT2025000654,EXPORT,NSICT,VC202500037
CONT2025000655,EXPORT,NSICT,VC202500037
CONT2025000656,IMPORT,NSICT,VC202500037
CONT2025000657,EXPORT,NSICT,VC202500037
CONT2025000658,IMPORT,NSICT,VC202500037
CONT2025000659,IMPORT,NSICT,VC202500037
CONT2025000660,EXPORT,NSICT,VC202500037
CONT2025000661,IMPORT,NSICT,VC202500037
CONT2025000662,IMPORT,NSICT,VC202500037
CONT2025000663,EXPORT,NSICT,VC202500037
CONT2025000664,EXPORT,NSICT,VC202500037
CONT2025000665,EXPORT,NSICT,VC202500037
CONT2025000666,IMPORT,GTI,VC202500038
CONT2025000667,IMPORT,GTI,VC202500038
CONT2025000668,EXPORT,GTI,VC202500038
CONT2025000669,IMPORT,GTI,VC202500038
CONT2025000670,IMPORT,GTI,VC202500038
CONT2025000671,EXPORT,GTI,VC202500038
CONT2025000672,EXPORT,GTI,VC202500038
CONT2025000673,IMPORT,GTI,VC202500038
CONT2025000674,EXPORT,GTI,VC202500038
CONT2025000675,EXPORT,GTI,VC202500038
CONT2025000676,EXPORT,GTI,VC202500038
CONT2025000677,IMPORT,NSIGT,VC202500039
CONT2025000678,IMPORT,NSIGT,VC202500039
CONT2025000679,EXPORT,NSIGT,VC202500039
CONT2025000680,IMPORT,NSIGT,VC202500039
CONT2025000681,EXPORT,NSIGT,VC202500039
CONT2025000682,EXPORT,NSIGT,VC202500039
CONT2025000683,EXPORT,NSIGT,VC202500040
CONT2025000684,EXPORT,NSIGT,VC202500040
CONT2025000685,IMPORT,NSIGT,VC202500040
CONT2025000686,IMPORT,NSIGT,VC202500040
CONT2025000687,EXPORT,NSIGT,VC202500040
CONT2025000688,EXPORT,NSIGT,VC202500040
CONT2025000689,EXPORT,NSIGT,VC202500040
CONT2025000690,IMPORT,NSIGT,VC202500040
CONT2025000691,EXPORT,NSIGT,VC202500040
CONT2025000692,EXPORT,NSICT,VC202500041
CONT2025000693,IMPORT,NSICT,VC202500041
CONT2025000694,IMPORT,NSICT,VC202500041
CONT2025000695,EXPORT,NSICT,VC202500041
CONT2025000696,EXPORT,NSICT,VC202500041
CONT2025000697,IMPORT,NSICT,VC202500041
CONT2025000698,IMPORT,NSICT,VC202500041
CONT2025000699,IMPORT,NSICT,VC202500041
CONT2025000700,IMPORT,NSICT,VC202500042
CONT2025000701,IMPORT,NSICT,VC202500042
CONT2025000702,EXPORT,NSICT,VC202500042
CONT2025000703,EXPORT,NSICT,VC202500042
CONT2025000704,EXPORT,NSICT,VC202500042
CONT2025000705,IMPORT,NSICT,VC202500042
CONT2025000706,EXPORT,NSICT,VC202500042
CONT2025000707,EXPORT,NSICT,VC202500042
CONT2025000708,EXPORT,NSICT,VC202500042
CONT2025000709,EXPORT,NSICT,VC202500042
CONT2025000710,IMPORT,NSICT,VC202500042
CONT2025000711,IMPORT,NSICT,VC202500042
CONT2025000712,EXPORT,GTI,VC202500043
CONT2025000713,EXPORT,GTI,VC202500043
CONT2025000714,IMPORT,GTI,VC202500043
CONT2025000715,EXPORT,GTI,VC202500043
CONT2025000716,IMPORT,GTI,VC202500043
CONT2025000717,EXPORT,GTI,VC202500043
CONT2025000718,EXPORT,GTI,VC202500043
CONT2025000719,EXPORT,GTI,VC202500043
CONT2025000720,IMPORT,GTI,VC202500043
CONT2025000721,IMPORT,GTI,VC202500043
CONT2025000722,IMPORT,GTI,VC202500043
CONT2025000723,IMPORT,GTI,VC202500043
CONT2025000724,EXPORT,GTI,VC202500043
CONT2025000725,EXPORT,GTI,VC202500043
CONT2025000726,EXPORT,GTI,VC202500043
CONT2025000727,EXPORT,GTI,VC202500043
CONT2025000728,EXPORT,GTI,VC202500043
CONT2025000729,IMPORT,GTI,VC202500043
CONT2025000730,IMPORT,GTI,VC202500043
CONT2025000731,EXPORT,NSFT,VC202500044
CONT2025000732,IMPORT,NSFT,VC202500044
CONT2025000733,EXPORT,NSFT,VC202500044
CONT2025000734,IMPORT,NSFT,VC202500044
CONT2025000735,EXPORT,NSFT,VC202500044
CONT2025000736,IMPORT,NSFT,VC202500044
CONT2025000737,IMPORT,NSFT,VC202500044
CONT2025000738,IMPORT,NSFT,VC202500044
CONT2025000739,EXPORT,NSFT,VC202500044
CONT2025000740,EXPORT,NSFT,VC202500044
CONT2025000741,IMPORT,NSFT,VC202500044
CONT2025000742,EXPORT,NSFT,VC202500044
CONT2025000743,EXPORT,NSFT,VC202500044
CONT2025000744,EXPORT,NSFT,VC202500044
CONT2025000745,IMPORT,NSFT,VC202500044
CONT2025000746,EXPORT,NSFT,VC202500044
CONT2025000747,IMPORT,NSFT,VC202500044
CONT2025000748,EXPORT,NSFT,VC202500044
CONT2025000749,EXPORT,NSFT,VC202500044
CONT2025000750,IMPORT,NSFT,VC202500044
CONT2025000751,EXPORT,NSFT,VC202500044
CONT2025000752,EXPORT,NSFT,VC202500044
CONT2025000753,EXPORT,NSFT,VC202500044
CONT2025000754,IMPORT,NSFT,VC202500044
CONT2025000755,IMPORT,NSFT,VC202500044
CONT2025000756,IMPORT,NSFT,VC202500044
CONT2025000757,EXPORT,NSFT,VC202500044
CONT2025000758,IMPORT,NSFT,VC202500044
CONT2025000759,EXPORT,BMCT,VC202500045
CONT2025000760,IMPORT,BMCT,VC202500045
CONT2025000761,IMPORT,BMCT,VC202500045
CONT2025000762,IMPORT,BMCT,VC202500045
CONT2025000763,IMPORT,BMCT,VC202500045
CONT2025000764,EXPORT,BMCT,VC202500045
CONT2025000765,EXPORT,BMCT,VC202500045
CONT2025000766,IMPORT,BMCT,VC202500045
CONT2025000767,EXPORT,BMCT,VC202500045
CONT2025000768,IMPORT,BMCT,VC202500045
CONT2025000769,EXPORT,BMCT,VC202500045
CONT2025000770,EXPORT,BMCT,VC202500045
CONT2025000771,IMPORT,BMCT,VC202500045
CONT2025000772,EXPORT,BMCT,VC202500045
CONT2025000773,EXPORT,BMCT,VC202500045
CONT2025000774,EXPORT,BMCT,VC202500045
CONT2025000775,IMPORT,BMCT,VC202500045
CONT2025000776,EXPORT,BMCT,VC202500045
CONT2025000777,EXPORT,BMCT,VC202500045
CONT2025000778,IMPORT,GTI,VC202500046
CONT2025000779,IMPORT,GTI,VC202500046
CONT2025000780,EXPORT,GTI,VC202500046
CONT2025000781,EXPORT,GTI,VC202500046
CONT2025000782,EXPORT,GTI,VC202500046
CONT2025000783,EXPORT,GTI,VC202500046
CONT2025000784,EXPORT,GTI,VC202500046
CONT2025000785,IMPORT,GTI,VC202500046
CONT2025000786,EXPORT,GTI,VC202500046
CONT2025000787,IMPORT,GTI,VC202500046
CONT2025000788,IMPORT,GTI,VC202500046
CONT2025000789,EXPORT,NSICT,VC202500047
CONT2025000790,EXPORT,NSICT,VC202500047
CONT2025000791,IMPORT,NSICT,VC202500047
CONT2025000792,EXPORT,NSICT,VC202500047
CONT2025000793,IMPORT,NSICT,VC202500047
CONT2025000794,IMPORT,NSICT,VC202500047
CONT2025000795,EXPORT,NSICT,VC202500047
CONT2025000796,EXPORT,NSICT,VC202500047
CONT2025000797,EXPORT,NSICT,VC202500047
CONT2025000798,IMPORT,NSICT,VC202500047
CONT2025000799,EXPORT,NSICT,VC202500047
CONT2025000800,EXPORT,NSFT,VC202500048
CONT2025000801,EXPORT,NSFT,VC202500048
CONT2025000802,EXPORT,NSFT,VC202500048
CONT2025000803,EXPORT,NSFT,VC202500048
CONT2025000804,EXPORT,NSFT,VC202500048
CONT2025000805,IMPORT,NSFT,VC202500048
CONT2025000806,EXPORT,NSFT,VC202500048
CONT2025000807,IMPORT,NSFT,VC202500048
CONT2025000808,IMPORT,BMCT,VC202500049
CONT2025000809,IMPORT,BMCT,VC202500049
CONT2025000810,EXPORT,BMCT,VC202500049
CONT2025000811,IMPORT,BMCT,VC202500049
CONT2025000812,IMPORT,BMCT,VC202500049
CONT2025000813,IMPORT,BMCT,VC202500049
CONT2025000814,EXPORT,BMCT,VC202500049
CONT2025000815,EXPORT,BMCT,VC202500049
CONT2025000816,EXPORT,GTI,VC202500050
CONT2025000817,IMPORT,GTI,VC202500050
CONT2025000818,EXPORT,GTI,VC202500050
CONT2025000819,EXPORT,GTI,VC202500050
CONT2025000820,EXPORT,GTI,VC202500050
CONT2025000821,IMPORT,GTI,VC202500050
CONT2025000822,IMPORT,GTI,VC202500050
CONT2025000823,EXPORT,GTI,VC202500050
CONT2025000824,EXPORT,NSIGT,VC202500051
CONT2025000825,EXPORT,NSIGT,VC202500051
CONT2025000826,EXPORT,NSIGT,VC202500051
CONT2025000827,IMPORT,NSIGT,VC202500051
CONT2025000828,IMPORT,NSIGT,VC202500051
CONT2025000829,IMPORT,NSIGT,VC202500051
CONT2025000830,EXPORT,NSIGT,VC202500051
CONT2025000831,IMPORT,NSIGT,VC202500051
CONT2025000832,IMPORT,NSIGT,VC202500051
CONT2025000833,IMPORT,NSIGT,VC202500051
CONT2025000834,IMPORT,NSIGT,VC202500051
CONT2025000835,EXPORT,NSIGT,VC202500051
CONT2025000836,EXPORT,NSIGT,VC202500051
CONT2025000837,IMPORT,NSIGT,VC202500051
CONT2025000838,EXPORT,NSIGT,VC202500051
CONT2025000839,IMPORT,NSIGT,VC202500051
CONT2025000840,IMPORT,NSIGT,VC202500051
CONT2025000841,IMPORT,NSIGT,VC202500051
CONT2025000842,EXPORT,NSIGT,VC202500051
CONT2025000843,EXPORT,NSIGT,VC202500051
CONT2025000844,EXPORT,NSIGT,VC202500051
CONT2025000845,EXPORT,NSIGT,VC202500051
CONT2025000846,IMPORT,NSIGT,VC202500051
CONT2025000847,IMPORT,NSFT,VC202500052
CONT2025000848,EXPORT,NSFT,VC202500052
CONT2025000849,IMPORT,NSFT,VC202500052
CONT2025000850,IMPORT,NSFT,VC202500052
CONT2025000851,EXPORT,NSFT,VC202500052
CONT2025000852,EXPORT,NSFT,VC202500052
CONT2025000853,IMPORT,NSFT,VC202500052
CONT2025000854,IMPORT,NSFT,VC202500052
CONT2025000855,EXPORT,NSFT,VC202500052
CONT2025000856,EXPORT,NSFT,VC202500052
CONT2025000857,EXPORT,NSFT,VC202500052
CONT2025000858,IMPORT,NSFT,VC202500052
CONT2025000859,IMPORT,NSFT,VC202500052
CONT2025000860,IMPORT,NSFT,VC202500052
CONT2025000861,IMPORT,NSFT,VC202500052
CONT2025000862,EXPORT,NSFT,VC202500052
CONT2025000863,IMPORT,NSIGT,VC202500053
CONT2025000864,IMPORT,NSIGT,VC202500053
CONT2025000865,IMPORT,NSIGT,VC202500053
CONT2025000866,EXPORT,NSIGT,VC202500053
CONT2025000867,IMPORT,NSIGT,VC202500053
CONT2025000868,EXPORT,NSIGT,VC202500053
CONT2025000869,EXPORT,NSIGT,VC202500053
CONT2025000870,EXPORT,NSIGT,VC202500053
CONT2025000871,EXPORT,NSIGT,VC202500053
CONT2025000872,EXPORT,NSIGT,VC202500053
CONT2025000873,IMPORT,NSIGT,VC202500053
CONT2025000874,IMPORT,NSIGT,VC202500053
CONT2025000875,IMPORT,NSIGT,VC202500053
CONT2025000876,EXPORT,NSICT,VC202500054
CONT2025000877,EXPORT,NSICT,VC202500054
CONT2025000878,IMPORT,NSICT,VC202500054
CONT2025000879,EXPORT,NSICT,VC202500054
CONT2025000880,IMPORT,NSICT,VC202500054
CONT2025000881,EXPORT,NSICT,VC202500054
CONT2025000882,IMPORT,NSICT,VC202500054
CONT2025000883,IMPORT,NSICT,VC202500054
CONT2025000884,IMPORT,NSICT,VC202500054
CONT2025000885,EXPORT,GTI,VC202500055
CONT2025000886,EXPORT,GTI,VC202500055
CONT2025000887,IMPORT,GTI,VC202500055
CONT2025000888,EXPORT,GTI,VC202500055
CONT2025000889,EXPORT,GTI,VC202500055
CONT2025000890,IMPORT,GTI,VC202500055
CONT2025000891,IMPORT,GTI,VC202500055
CONT2025000892,IMPORT,GTI,VC202500055
CONT2025000893,EXPORT,GTI,VC202500055
CONT2025000894,EXPORT,GTI,VC202500055
CONT2025000895,EXPORT,GTI,VC202500055
CONT2025000896,EXPORT,GTI,VC202500055
CONT2025000897,EXPORT,GTI,VC202500055
CONT2025000898,IMPORT,GTI,VC202500055
CONT2025000899,IMPORT,GTI,VC202500055
CONT2025000900,EXPORT,GTI,VC202500055
CONT2025000901,EXPORT,BMCT,VC202500056
CONT2025000902,IMPORT,BMCT,VC202500056
CONT2025000903,EXPORT,BMCT,VC202500056
CONT2025000904,EXPORT,BMCT,VC202500056
CONT2025000905,IMPORT,BMCT,VC202500056
CONT2025000906,EXPORT,BMCT,VC202500056
CONT2025000907,IMPORT,BMCT,VC202500056
CONT2025000908,IMPORT,BMCT,VC202500056
CONT2025000909,IMPORT,BMCT,VC202500056
CONT2025000910,IMPORT,BMCT,VC202500056
CONT2025000911,EXPORT,BMCT,VC202500057
CONT2025000912,IMPORT,BMCT,VC202500057
CONT2025000913,EXPORT,BMCT,VC202500057
CONT2025000914,EXPORT,BMCT,VC202500057
CONT2025000915,EXPORT,BMCT,VC202500057
CONT2025000916,IMPORT,BMCT,VC202500057
CONT2025000917,IMPORT,BMCT,VC202500057
CONT2025000918,IMPORT,BMCT,VC202500057
CONT2025000919,IMPORT,BMCT,VC202500057
CONT2025000920,IMPORT,BMCT,VC202500057
CONT2025000921,EXPORT,BMCT,VC202500057
CONT2025000922,EXPORT,BMCT,VC202500057
CONT2025000923,EXPORT,BMCT,VC202500057
CONT2025000924,IMPORT,BMCT,VC202500057
CONT2025000925,EXPORT,BMCT,VC202500057
CONT2025000926,IMPORT,BMCT,VC202500057
CONT2025000927,EXPORT,BMCT,VC202500057
CONT2025000928,EXPORT,BMCT,VC202500057
CONT2025000929,IMPORT,BMCT,VC202500057
CONT2025000930,EXPORT,BMCT,VC202500057
CONT2025000931,IMPORT,BMCT,VC202500057
CONT2025000932,IMPORT,BMCT,VC202500057
CONT2025000933,EXPORT,BMCT,VC202500057
CONT2025000934,EXPORT,BMCT,VC202500057
CONT2025000935,EXPORT,BMCT,VC202500057
CONT2025000936,EXPORT,BMCT,VC202500057
CONT2025000937,EXPORT,BMCT,VC202500057
CONT2025000938,EXPORT,BMCT,VC202500057
CONT2025000939,EXPORT,BMCT,VC202500057
CONT2025000940,IMPORT,BMCT,VC202500057
CONT2025000941,EXPORT,BMCT,VC202500057
CONT2025000942,IMPORT,BMCT,VC202500058
CONT2025000943,EXPORT,BMCT,VC202500058
CONT2025000944,IMPORT,BMCT,VC202500058
CONT2025000945,EXPORT,BMCT,VC202500058
CONT2025000946,IMPORT,BMCT,VC202500058
CONT2025000947,EXPORT,BMCT,VC202500058
CONT2025000948,EXPORT,NSIGT,VC202500059
CONT2025000949,IMPORT,NSIGT,VC202500059
CONT2025000950,IMPORT,NSIGT,VC202500059
CONT2025000951,IMPORT,NSIGT,VC202500059
CONT2025000952,EXPORT,NSIGT,VC202500059
CONT2025000953,EXPORT,NSIGT,VC202500059
CONT2025000954,IMPORT,NSIGT,VC202500059
CONT2025000955,IMPORT,NSIGT,VC202500059
CONT2025000956,IMPORT,NSIGT,VC202500059
CONT2025000957,IMPORT,NSIGT,VC202500059
CONT2025000958,IMPORT,NSIGT,VC202500059
CONT2025000959,EXPORT,NSIGT,VC202500059
CONT2025000960,EXPORT,NSIGT,VC202500059
CONT2025000961,IMPORT,NSIGT,VC202500059
CONT2025000962,EXPORT,NSIGT,VC202500059
CONT2025000963,IMPORT,NSIGT,VC202500059
CONT2025000964,EXPORT,NSIGT,VC202500059
CONT2025000965,EXPORT,NSIGT,VC202500059
CONT2025000966,IMPORT,NSIGT,VC202500059
CONT2025000967,EXPORT,NSIGT,VC202500059
CONT2025000968,EXPORT,NSIGT,VC202500059
CONT2025000969,EXPORT,NSIGT,VC202500059
CONT2025000970,IMPORT,NSIGT,VC202500059
CONT2025000971,IMPORT,NSIGT,VC202500060
CONT2025000972,EXPORT,NSIGT,VC202500060
CONT2025000973,EXPORT,NSIGT,VC202500060
CONT2025000974,EXPORT,NSIGT,VC202500060
CONT2025000975,IMPORT,NSIGT,VC202500060
CONT2025000976,IMPORT,NSIGT,VC202500060
CONT2025000977,EXPORT,NSIGT,VC202500060
CONT2025000978,EXPORT,NSIGT,VC202500060
CONT2025000979,IMPORT,NSIGT,VC202500060
CONT2025000980,IMPORT,NSIGT,VC202500060
CONT2025000981,EXPORT,NSIGT,VC202500060
CONT2025000982,IMPORT,NSIGT,VC202500060
CONT2025000983,EXPORT,NSIGT,VC202500060
CONT2025000984,IMPORT,NSIGT,VC202500060
CONT2025000985,IMPORT,NSIGT,VC202500060
CONT2025000986,IMPORT,NSIGT,VC202500060
CONT2025000987,EXPORT,NSIGT,VC202500060
CONT2025000988,IMPORT,NSIGT,VC202500060
CONT2025000989,EXPORT,NSIGT,VC202500060
CONT2025000990,IMPORT,NSIGT,VC202500060
CONT2025000991,IMPORT,NSIGT,VC202500060
CONT2025000992,IMPORT,NSIGT,VC202500060
CONT2025000993,EXPORT,NSIGT,VC202500060
CONT2025000994,IMPORT,NSIGT,VC202500060
CONT2025000995,EXPORT,NSIGT,VC202500060
CONT2025000996,IMPORT,NSIGT,VC202500060
CONT2025000997,IMPORT,NSIGT,VC202500061
CONT2025000998,IMPORT,NSIGT,VC202500061
CONT2025000999,EXPORT,NSIGT,VC202500061
CONT2025001000,EXPORT,NSIGT,VC202500061
CONT2025001001,IMPORT,NSIGT,VC202500061
CONT2025001002,EXPORT,NSIGT,VC202500061
CONT2025001003,EXPORT,NSIGT,VC202500061
CONT2025001004,EXPORT,NSIGT,VC202500061
CONT2025001005,IMPORT,NSIGT,VC202500061
CONT2025001006,IMPORT,NSIGT,VC202500061
CONT2025001007,EXPORT,NSIGT,VC202500061
CONT2025001008,EXPORT,NSIGT,VC202500061
CONT2025001009,EXPORT,GTI,VC202500062
CONT2025001010,IMPORT,GTI,VC202500062
CONT2025001011,IMPORT,GTI,VC202500062
CONT2025001012,EXPORT,GTI,VC202500062
CONT2025001013,IMPORT,GTI,VC202500062
CONT2025001014,IMPORT,GTI,VC202500062
CONT2025001015,EXPORT,GTI,VC202500062
CONT2025001016,EXPORT,GTI,VC202500062
CONT2025001017,EXPORT,GTI,VC202500062
CONT2025001018,IMPORT,GTI,VC202500062
CONT2025001019,EXPORT,BMCT,VC202500063
CONT2025001020,EXPORT,BMCT,VC202500063
CONT2025001021,EXPORT,BMCT,VC202500063
CONT2025001022,IMPORT,BMCT,VC202500063
CONT2025001023,IMPORT,BMCT,VC202500063
CONT2025001024,IMPORT,BMCT,VC202500063
CONT2025001025,EXPORT,BMCT,VC202500063
CONT2025001026,IMPORT,BMCT,VC202500063
CONT2025001027,EXPORT,BMCT,VC202500063
CONT2025001028,EXPORT,BMCT,VC202500063
CONT2025001029,EXPORT,NSFT,VC202500064
CONT2025001030,IMPORT,NSFT,VC202500064
CONT2025001031,IMPORT,NSFT,VC202500064
CONT2025001032,IMPORT,NSFT,VC202500064
CONT2025001033,EXPORT,NSFT,VC202500064
CONT2025001034,EXPORT,NSFT,VC202500064
CONT2025001035,EXPORT,NSFT,VC202500064
CONT2025001036,EXPORT,NSFT,VC202500064
CONT2025001037,EXPORT,NSFT,VC202500064
CONT2025001038,EXPORT,NSFT,VC202500064
CONT2025001039,EXPORT,NSFT,VC202500064
CONT2025001040,EXPORT,NSFT,VC202500064
CONT2025001041,EXPORT,NSFT,VC202500064
CONT2025001042,IMPORT,BMCT,VC202500065
CONT2025001043,EXPORT,BMCT,VC202500065
CONT2025001044,EXPORT,BMCT,VC202500065
CONT2025001045,EXPORT,BMCT,VC202500065
CONT2025001046,IMPORT,BMCT,VC202500065
CONT2025001047,IMPORT,BMCT,VC202500065
CONT2025001048,EXPORT,BMCT,VC202500065
CONT2025001049,EXPORT,BMCT,VC202500065
CONT2025001050,IMPORT,BMCT,VC202500065
CONT2025001051,EXPORT,BMCT,VC202500065
CONT2025001052,EXPORT,BMCT,VC202500065
CONT2025001053,IMPORT,BMCT,VC202500065
CONT2025001054,IMPORT,BMCT,VC202500065
CONT2025001055,EXPORT,BMCT,VC202500065
CONT2025001056,IMPORT,BMCT,VC202500065
CONT2025001057,IMPORT,BMCT,VC202500065
CONT2025001058,EXPORT,BMCT,VC202500065
CONT2025001059,IMPORT,NSICT,VC202500066
CONT2025001060,EXPORT,NSICT,VC202500066
CONT2025001061,IMPORT,NSICT,VC202500066
CONT2025001062,EXPORT,NSICT,VC202500066
CONT2025001063,EXPORT,NSICT,VC202500066
CONT2025001064,EXPORT,NSICT,VC202500066
CONT2025001065,IMPORT,NSICT,VC202500066
CONT2025001066,EXPORT,NSICT,VC202500066
CONT2025001067,EXPORT,NSICT,VC202500066
CONT2025001068,EXPORT,NSICT,VC202500066
CONT2025001069,IMPORT,NSICT,VC202500066
CONT2025001070,IMPORT,NSICT,VC202500066
CONT2025001071,IMPORT,NSICT,VC202500066
CONT2025001072,EXPORT,NSICT,VC202500066
CONT2025001073,EXPORT,NSFT,VC202500067
CONT2025001074,EXPORT,NSFT,VC202500067
CONT2025001075,IMPORT,NSFT,VC202500067
CONT2025001076,IMPORT,NSFT,VC202500067
CONT2025001077,EXPORT,NSFT,VC202500067
CONT2025001078,IMPORT,NSFT,VC202500067
CONT2025001079,EXPORT,NSFT,VC202500067
CONT2025001080,EXPORT,NSFT,VC202500067
CONT2025001081,IMPORT,NSFT,VC202500067
CONT2025001082,EXPORT,NSFT,VC202500067
CONT2025001083,IMPORT,NSFT,VC202500067
CONT2025001084,EXPORT,NSFT,VC202500067
CONT2025001085,IMPORT,NSICT,VC202500068
CONT2025001086,IMPORT,NSICT,VC202500068
CONT2025001087,IMPORT,NSICT,VC202500068
CONT2025001088,EXPORT,NSICT,VC202500068
CONT2025001089,EXPORT,NSICT,VC202500068
CONT2025001090,IMPORT,NSICT,VC202500068
CONT2025001091,EXPORT,NSICT,VC202500068
CONT2025001092,IMPORT,NSICT,VC202500068
CONT2025001093,EXPORT,NSICT,VC202500068
CONT2025001094,IMPORT,NSICT,VC202500068
CONT2025001095,EXPORT,NSICT,VC202500068
CONT2025001096,IMPORT,NSICT,VC202500068
CONT2025001097,IMPORT,NSICT,VC202500068
CONT2025001098,EXPORT,NSICT,VC202500068
CONT2025001099,EXPORT,NSICT,VC202500068
CONT2025001100,IMPORT,NSICT,VC202500068
CONT2025001101,IMPORT,NSICT,VC202500068
CONT2025001102,EXPORT,NSICT,VC202500068
CONT2025001103,EXPORT,NSICT,VC202500068
CONT2025001104,IMPORT,NSICT,VC202500069
CONT2025001105,IMPORT,NSICT,VC202500069
CONT2025001106,EXPORT,NSICT,VC202500069
CONT2025001107,IMPORT,NSICT,VC202500069
CONT2025001108,IMPORT,NSICT,VC202500069
CONT2025001109,EXPORT,NSICT,VC202500069
CONT2025001110,EXPORT,NSICT,VC202500069
CONT2025001111,IMPORT,NSICT,VC202500069
CONT2025001112,IMPORT,NSICT,VC202500069
CONT2025001113,EXPORT,NSICT,VC202500069
CONT2025001114,IMPORT,NSICT,VC202500069
CONT2025001115,EXPORT,NSICT,VC202500069
CONT2025001116,EXPORT,NSICT,VC202500069
CONT2025001117,EXPORT,NSICT,VC202500069
CONT2025001118,IMPORT,NSICT,VC202500069
CONT2025001119,EXPORT,NSICT,VC202500069
CONT2025001120,IMPORT,NSICT,VC202500069
CONT2025001121,EXPORT,NSICT,VC202500069
CONT2025001122,EXPORT,NSICT,VC202500069
CONT2025001123,EXPORT,NSICT,VC202500069
CONT2025001124,EXPORT,NSICT,VC202500069
CONT2025001125,IMPORT,NSICT,VC202500069
CONT2025001126,EXPORT,NSICT,VC202500069
CONT2025001127,EXPORT,NSICT,VC202500070
CONT2025001128,IMPORT,NSICT,VC202500070
CONT2025001129,IMPORT,NSICT,VC202500070
CONT2025001130,EXPORT,NSICT,VC202500070
CONT2025001131,IMPORT,NSICT,VC202500070
CONT2025001132,EXPORT,NSICT,VC202500070
CONT2025001133,IMPORT,NSICT,VC202500070
CONT2025001134,EXPORT,NSICT,VC202500070
CONT2025001135,IMPORT,NSICT,VC202500070
CONT2025001136,IMPORT,NSICT,VC202500070
CONT2025001137,IMPORT,NSICT,VC202500070
CONT2025001138,EXPORT,NSICT,VC202500070
CONT2025001139,IMPORT,NSICT,VC202500070
CONT2025001140,EXPORT,NSICT,VC202500070
CONT2025001141,IMPORT,NSICT,VC202500070
CONT2025001142,IMPORT,NSICT,VC202500070
CONT2025001143,EXPORT,NSICT,VC202500070
CONT2025001144,IMPORT,NSICT,VC202500070
CONT2025001145,IMPORT,NSICT,VC202500070
CONT2025001146,EXPORT,NSICT,VC202500070
CONT2025001147,IMPORT,NSICT,VC202500070
CONT2025001148,EXPORT,NSICT,VC202500070
CONT2025001149,IMPORT,NSICT,VC202500071
CONT2025001150,EXPORT,NSICT,VC202500071
CONT2025001151,IMPORT,NSICT,VC202500071
CONT2025001152,EXPORT,NSICT,VC202500071
CONT2025001153,EXPORT,NSICT,VC202500071
CONT2025001154,IMPORT,NSICT,VC202500071
CONT2025001155,EXPORT,NSICT,VC202500071
CONT2025001156,IMPORT,NSICT,VC202500071
CONT2025001157,IMPORT,NSICT,VC202500071
CONT2025001158,IMPORT,NSICT,VC202500071
CONT2025001159,EXPORT,NSICT,VC202500071
CONT2025001160,EXPORT,NSICT,VC202500071
CONT2025001161,IMPORT,NSICT,VC202500071
CONT2025001162,EXPORT,NSICT,VC202500071
CONT2025001163,IMPORT,NSICT,VC202500071
CONT2025001164,IMPORT,NSICT,VC202500071
CONT2025001165,EXPORT,NSICT,VC202500071
CONT2025001166,EXPORT,NSICT,VC202500071
CONT2025001167,IMPORT,NSICT,VC202500071
CONT2025001168,IMPORT,NSICT,VC202500071
CONT2025001169,EXPORT,NSICT,VC202500071
CONT2025001170,EXPORT,NSICT,VC202500071
CONT2025001171,EXPORT,NSICT,VC202500071
CONT2025001172,IMPORT,NSICT,VC202500071
CONT2025001173,IMPORT,NSICT,VC202500071
CONT2025001174,EXPORT,NSICT,VC202500071
CONT2025001175,IMPORT,NSICT,VC202500071
CONT2025001176,EXPORT,NSICT,VC202500071
CONT2025001177,EXPORT,NSICT,VC202500071
CONT2025001178,EXPORT,NSICT,VC202500071
CONT2025001179,IMPORT,NSICT,VC202500071
CONT2025001180,EXPORT,BMCT,VC202500072
CONT2025001181,IMPORT,BMCT,VC202500072
CONT2025001182,EXPORT,BMCT,VC202500072
CONT2025001183,IMPORT,BMCT,VC202500072
CONT2025001184,EXPORT,BMCT,VC202500072
CONT2025001185,IMPORT,BMCT,VC202500072
CONT2025001186,IMPORT,BMCT,VC202500072
CONT2025001187,EXPORT,BMCT,VC202500072
CONT2025001188,EXPORT,BMCT,VC202500072
CONT2025001189,IMPORT,BMCT,VC202500072
CONT2025001190,IMPORT,BMCT,VC202500072
CONT2025001191,IMPORT,BMCT,VC202500072
CONT2025001192,IMPORT,BMCT,VC202500072
CONT2025001193,EXPORT,BMCT,VC202500072
CONT2025001194,IMPORT,BMCT,VC202500072
CONT2025001195,EXPORT,BMCT,VC202500072
CONT2025001196,IMPORT,BMCT,VC202500072
CONT2025001197,EXPORT,BMCT,VC202500072
CONT2025001198,IMPORT,BMCT,VC202500072
CONT2025001199,EXPORT,BMCT,VC202500072
CONT2025001200,IMPORT,BMCT,VC202500072
CONT2025001201,EXPORT,BMCT,VC202500072
CONT2025001202,EXPORT,BMCT,VC202500072
CONT2025001203,EXPORT,BMCT,VC202500072
CONT2025001204,EXPORT,BMCT,VC202500072
CONT2025001205,EXPORT,BMCT,VC202500072
CONT2025001206,EXPORT,BMCT,VC202500072
CONT2025001207,IMPORT,BMCT,VC202500072
CONT2025001208,EXPORT,BMCT,VC202500072
CONT2025001209,IMPORT,BMCT,VC202500072
CONT2025001210,EXPORT,BMCT,VC202500072
CONT2025001211,EXPORT,BMCT,VC202500072
CONT2025001212,EXPORT,BMCT,VC202500072
CONT2025001213,EXPORT,NSIGT,VC202500073
CONT2025001214,IMPORT,NSIGT,VC202500073
CONT2025001215,EXPORT,NSIGT,VC202500073
CONT2025001216,IMPORT,NSIGT,VC202500073
CONT2025001217,EXPORT,NSIGT,VC202500073
CONT2025001218,IMPORT,NSIGT,VC202500073
CONT2025001219,IMPORT,NSIGT,VC202500073
CONT2025001220,EXPORT,NSIGT,VC202500073
CONT2025001221,EXPORT,NSIGT,VC202500073
CONT2025001222,EXPORT,NSIGT,VC202500073
CONT2025001223,EXPORT,NSIGT,VC202500073
CONT2025001224,IMPORT,NSIGT,VC202500073
CONT2025001225,IMPORT,NSIGT,VC202500073
CONT2025001226,EXPORT,NSIGT,VC202500073
CONT2025001227,IMPORT,NSIGT,VC202500073
CONT2025001228,IMPORT,NSIGT,VC202500073
CONT2025001229,IMPORT,NSIGT,VC202500073
CONT2025001230,EXPORT,NSIGT,VC202500073
CONT2025001231,IMPORT,NSIGT,VC202500073
CONT2025001232,IMPORT,NSIGT,VC202500073
CONT2025001233,IMPORT,NSIGT,VC202500073
CONT2025001234,EXPORT,NSIGT,VC202500073
CONT2025001235,IMPORT,NSIGT,VC202500073
CONT2025001236,IMPORT,NSIGT,VC202500073
CONT2025001237,IMPORT,NSIGT,VC202500073
CONT2025001238,IMPORT,NSIGT,VC202500073
CONT2025001239,EXPORT,NSIGT,VC202500073
CONT2025001240,EXPORT,NSICT,VC202500074
CONT2025001241,IMPORT,NSICT,VC202500074
CONT2025001242,IMPORT,NSICT,VC202500074
CONT2025001243,EXPORT,NSICT,VC202500074
CONT2025001244,EXPORT,NSICT,VC202500074
CONT2025001245,EXPORT,NSICT,VC202500074
CONT2025001246,IMPORT,NSICT,VC202500075
CONT2025001247,IMPORT,NSICT,VC202500075
CONT2025001248,EXPORT,NSICT,VC202500075
CONT2025001249,IMPORT,NSICT,VC202500075
CONT2025001250,IMPORT,NSICT,VC202500075
CONT2025001251,EXPORT,NSICT,VC202500075
CONT2025001252,EXPORT,NSICT,VC202500075
CONT2025001253,IMPORT,NSICT,VC202500075
CONT2025001254,IMPORT,NSICT,VC202500075
CONT2025001255,IMPORT,GTI,VC202500076
CONT2025001256,EXPORT,GTI,VC202500076
CONT2025001257,IMPORT,GTI,VC202500076
CONT2025001258,EXPORT,GTI,VC202500076
CONT2025001259,EXPORT,GTI,VC202500076
CONT2025001260,IMPORT,GTI,VC202500076
CONT2025001261,IMPORT,GTI,VC202500076
CONT2025001262,EXPORT,GTI,VC202500076
CONT2025001263,IMPORT,GTI,VC202500076
CONT2025001264,EXPORT,GTI,VC202500076
CONT2025001265,EXPORT,GTI,VC202500076
CONT2025001266,IMPORT,GTI,VC202500076
CONT2025001267,EXPORT,GTI,VC202500076
CONT2025001268,EXPORT,GTI,VC202500076
CONT2025001269,EXPORT,GTI,VC202500077
CONT2025001270,EXPORT,GTI,VC202500077
CONT2025001271,EXPORT,GTI,VC202500077
CONT2025001272,IMPORT,GTI,VC202500077
CONT2025001273,EXPORT,GTI,VC202500077
CONT2025001274,IMPORT,GTI,VC202500077
CONT2025001275,IMPORT,GTI,VC202500077
CONT2025001276,EXPORT,GTI,VC202500077
CONT2025001277,EXPORT,GTI,VC202500077
CONT2025001278,EXPORT,GTI,VC202500077
CONT2025001279,IMPORT,GTI,VC202500078
CONT2025001280,EXPORT,GTI,VC202500078
CONT2025001281,IMPORT,GTI,VC202500078
CONT2025001282,IMPORT,GTI,VC202500078
CONT2025001283,EXPORT,GTI,VC202500078
CONT2025001284,IMPORT,GTI,VC202500078
CONT2025001285,EXPORT,GTI,VC202500078
CONT2025001286,EXPORT,GTI,VC202500078
CONT2025001287,IMPORT,GTI,VC202500078
CONT2025001288,IMPORT,GTI,VC202500078
CONT2025001289,IMPORT,GTI,VC202500078
CONT2025001290,IMPORT,GTI,VC202500078
CONT2025001291,EXPORT,GTI,VC202500079
CONT2025001292,IMPORT,GTI,VC202500079
CONT2025001293,EXPORT,GTI,VC202500079
CONT2025001294,IMPORT,GTI,VC202500079
CONT2025001295,IMPORT,GTI,VC202500079
CONT2025001296,IMPORT,GTI,VC202500079
CONT2025001297,IMPORT,GTI,VC202500079
CONT2025001298,EXPORT,GTI,VC202500079
CONT2025001299,EXPORT,GTI,VC202500079
CONT2025001300,EXPORT,GTI,VC202500079
CONT2025001301,EXPORT,GTI,VC202500079
CONT2025001302,IMPORT,GTI,VC202500079
CONT2025001303,EXPORT,GTI,VC202500079
CONT2025001304,EXPORT,GTI,VC202500079
CONT2025001305,IMPORT,GTI,VC202500079
CONT2025001306,IMPORT,GTI,VC202500079
CONT2025001307,IMPORT,GTI,VC202500079
CONT2025001308,EXPORT,GTI,VC202500079
CONT2025001309,EXPORT,GTI,VC202500079
CONT2025001310,EXPORT,GTI,VC202500079
CONT2025001311,IMPORT,GTI,VC202500079
CONT2025001312,EXPORT,GTI,VC202500079
CONT2025001313,EXPORT,BMCT,VC202500080
CONT2025001314,EXPORT,BMCT,VC202500080
CONT2025001315,EXPORT,BMCT,VC202500080
CONT2025001316,IMPORT,BMCT,VC202500080
CONT2025001317,IMPORT,BMCT,VC202500080
CONT2025001318,IMPORT,BMCT,VC202500080
CONT2025001319,IMPORT,BMCT,VC202500080
CONT2025001320,IMPORT,BMCT,VC202500080
CONT2025001321,EXPORT,BMCT,VC202500080
CONT2025001322,EXPORT,BMCT,VC202500080
CONT2025001323,IMPORT,BMCT,VC202500080
CONT2025001324,IMPORT,BMCT,VC202500080
CONT2025001325,EXPORT,BMCT,VC202500080
CONT2025001326,EXPORT,BMCT,VC202500080
CONT2025001327,IMPORT,BMCT,VC202500080
CONT2025001328,IMPORT,BMCT,VC202500080
CONT2025001329,EXPORT,BMCT,VC202500080
CONT2025001330,IMPORT,BMCT,VC202500080
CONT2025001331,EXPORT,BMCT,VC202500080
CONT2025001332,IMPORT,BMCT,VC202500080
CONT2025001333,IMPORT,BMCT,VC202500080
CONT2025001334,IMPORT,BMCT,VC202500080
CONT2025001335,EXPORT,BMCT,VC202500080
CONT2025001336,IMPORT,NSFT,VC202500081
CONT2025001337,IMPORT,NSFT,VC202500081
CONT2025001338,IMPORT,NSFT,VC202500081
CONT2025001339,EXPORT,NSFT,VC202500081
CONT2025001340,EXPORT,NSFT,VC202500081
CONT2025001341,IMPORT,NSFT,VC202500081
CONT2025001342,EXPORT,NSFT,VC202500081
CONT2025001343,EXPORT,NSFT,VC202500081
CONT2025001344,IMPORT,NSFT,VC202500081
CONT2025001345,EXPORT,NSFT,VC202500081
CONT2025001346,EXPORT,NSFT,VC202500081
CONT2025001347,IMPORT,NSFT,VC202500081
CONT2025001348,EXPORT,NSFT,VC202500081
CONT2025001349,EXPORT,BMCT,VC202500082
CONT2025001350,IMPORT,BMCT,VC202500082
CONT2025001351,EXPORT,BMCT,VC202500082
CONT2025001352,EXPORT,BMCT,VC202500082
CONT2025001353,EXPORT,BMCT,VC202500082
CONT2025001354,EXPORT,BMCT,VC202500082
CONT2025001355,IMPORT,NSIGT,VC202500083
CONT2025001356,EXPORT,NSIGT,VC202500083
CONT2025001357,IMPORT,NSIGT,VC202500083
CONT2025001358,IMPORT,NSIGT,VC202500083
CONT2025001359,EXPORT,NSIGT,VC202500083
CONT2025001360,EXPORT,NSIGT,VC202500083
CONT2025001361,IMPORT,NSIGT,VC202500083
CONT2025001362,IMPORT,NSIGT,VC202500083
CONT2025001363,EXPORT,NSFT,VC202500084
CONT2025001364,IMPORT,NSFT,VC202500084
CONT2025001365,IMPORT,NSFT,VC202500084
CONT2025001366,IMPORT,NSFT,VC202500084
CONT2025001367,IMPORT,NSFT,VC202500084
CONT2025001368,EXPORT,NSFT,VC202500084
CONT2025001369,IMPORT,NSFT,VC202500084
CONT2025001370,EXPORT,NSFT,VC202500084
CONT2025001371,IMPORT,NSFT,VC202500084
CONT2025001372,IMPORT,NSFT,VC202500084
CONT2025001373,EXPORT,NSFT,VC202500084
CONT2025001374,EXPORT,NSFT,VC202500085
CONT2025001375,IMPORT,NSFT,VC202500085
CONT2025001376,IMPORT,NSFT,VC202500085
CONT2025001377,IMPORT,NSFT,VC202500085
CONT2025001378,EXPORT,NSFT,VC202500085
CONT2025001379,IMPORT,NSFT,VC202500085
CONT2025001380,EXPORT,NSFT,VC202500085
CONT2025001381,IMPORT,NSFT,VC202500085
CONT2025001382,EXPORT,NSFT,VC202500085
CONT2025001383,EXPORT,NSFT,VC202500085
CONT2025001384,IMPORT,NSFT,VC202500085
CONT2025001385,EXPORT,NSFT,VC202500085
CONT2025001386,IMPORT,NSFT,VC202500085
CONT2025001387,EXPORT,NSFT,VC202500085
CONT2025001388,EXPORT,NSFT,VC202500085
CONT2025001389,IMPORT,NSFT,VC202500085
CONT2025001390,EXPORT,NSIGT,VC202500086
CONT2025001391,IMPORT,NSIGT,VC202500086
CONT2025001392,IMPORT,NSIGT,VC202500086
CONT2025001393,IMPORT,NSIGT,VC202500086
CONT2025001394,EXPORT,NSIGT,VC202500086
CONT2025001395,EXPORT,NSIGT,VC202500086
CONT2025001396,IMPORT,NSIGT,VC202500086
CONT2025001397,IMPORT,NSIGT,VC202500086
CONT2025001398,IMPORT,NSIGT,VC202500086
CONT2025001399,IMPORT,NSIGT,VC202500086
CONT2025001400,EXPORT,NSIGT,VC202500086
CONT2025001401,IMPORT,NSIGT,VC202500086
CONT2025001402,EXPORT,NSIGT,VC202500086
CONT2025001403,IMPORT,NSIGT,VC202500086
CONT2025001404,IMPORT,NSIGT,VC202500086
CONT2025001405,EXPORT,NSIGT,VC202500086
CONT2025001406,EXPORT,NSIGT,VC202500086
CONT2025001407,EXPORT,NSIGT,VC202500086
CONT2025001408,EXPORT,NSIGT,VC202500086
CONT2025001409,EXPORT,NSIGT,VC202500086
CONT2025001410,IMPORT,NSIGT,VC202500086
CONT2025001411,IMPORT,NSIGT,VC202500086
CONT2025001412,IMPORT,GTI,VC202500087
CONT2025001413,EXPORT,GTI,VC202500087
CONT2025001414,IMPORT,GTI,VC202500087
CONT2025001415,IMPORT,GTI,VC202500087
CONT2025001416,EXPORT,GTI,VC202500087
CONT2025001417,IMPORT,GTI,VC202500087
CONT2025001418,IMPORT,GTI,VC202500087
CONT2025001419,EXPORT,GTI,VC202500087
CONT2025001420,IMPORT,GTI,VC202500087
CONT2025001421,EXPORT,GTI,VC202500087
CONT2025001422,IMPORT,GTI,VC202500087
CONT2025001423,EXPORT,GTI,VC202500087
CONT2025001424,IMPORT,GTI,VC202500087
CONT2025001425,EXPORT,GTI,VC202500087
CONT2025001426,IMPORT,BMCT,VC202500088
CONT2025001427,IMPORT,BMCT,VC202500088
CONT2025001428,IMPORT,BMCT,VC202500088
CONT2025001429,IMPORT,BMCT,VC202500088
CONT2025001430,IMPORT,BMCT,VC202500088
CONT2025001431,IMPORT,BMCT,VC202500088
CONT2025001432,EXPORT,BMCT,VC202500088
CONT2025001433,EXPORT,BMCT,VC202500088
CONT2025001434,EXPORT,BMCT,VC202500088
CONT2025001435,EXPORT,BMCT,VC202500088
CONT2025001436,EXPORT,BMCT,VC202500088
CONT2025001437,IMPORT,BMCT,VC202500088
CONT2025001438,EXPORT,BMCT,VC202500088
CONT2025001439,EXPORT,BMCT,VC202500088
CONT2025001440,IMPORT,BMCT,VC202500088
CONT2025001441,EXPORT,BMCT,VC202500088
CONT2025001442,EXPORT,BMCT,VC202500088
CONT2025001443,IMPORT,BMCT,VC202500088
CONT2025001444,IMPORT,BMCT,VC202500088
CONT2025001445,IMPORT,BMCT,VC202500089
CONT2025001446,EXPORT,BMCT,VC202500089
CONT2025001447,IMPORT,BMCT,VC202500089
CONT2025001448,EXPORT,BMCT,VC202500089
CONT2025001449,EXPORT,BMCT,VC202500089
CONT2025001450,EXPORT,BMCT,VC202500089
CONT2025001451,IMPORT,BMCT,VC202500089
CONT2025001452,EXPORT,BMCT,VC202500089
CONT2025001453,IMPORT,BMCT,VC202500089
CONT2025001454,EXPORT,BMCT,VC202500089
CONT2025001455,EXPORT,NSFT,VC202500090
CONT2025001456,EXPORT,NSFT,VC202500090
CONT2025001457,EXPORT,NSFT,VC202500090
CONT2025001458,IMPORT,NSFT,VC202500090
CONT2025001459,IMPORT,NSFT,VC202500090
CONT2025001460,IMPORT,NSFT,VC202500090
CONT2025001461,IMPORT,NSFT,VC202500090
CONT2025001462,EXPORT,NSFT,VC202500090
CONT2025001463,EXPORT,NSFT,VC202500090
CONT2025001464,EXPORT,NSFT,VC202500090
CONT2025001465,IMPORT,NSFT,VC202500090
CONT2025001466,IMPORT,NSFT,VC202500090
CONT2025001467,IMPORT,NSFT,VC202500090
CONT2025001468,EXPORT,NSFT,VC202500090
CONT2025001469,EXPORT,NSICT,VC202500091
CONT2025001470,IMPORT,NSICT,VC202500091
CONT2025001471,IMPORT,NSICT,VC202500091
CONT2025001472,EXPORT,NSICT,VC202500091
CONT2025001473,IMPORT,NSICT,VC202500091
CONT2025001474,EXPORT,NSICT,VC202500091
CONT2025001475,IMPORT,NSICT,VC202500091
CONT2025001476,EXPORT,NSICT,VC202500091
CONT2025001477,EXPORT,NSICT,VC202500091
CONT2025001478,IMPORT,NSICT,VC202500091
CONT2025001479,IMPORT,NSICT,VC202500091
CONT2025001480,EXPORT,NSICT,VC202500091
CONT2025001481,EXPORT,NSICT,VC202500091
CONT2025001482,IMPORT,NSICT,VC202500091
CONT2025001483,EXPORT,NSICT,VC202500092
CONT2025001484,EXPORT,NSICT,VC202500092
CONT2025001485,EXPORT,NSICT,VC202500092
CONT2025001486,IMPORT,NSICT,VC202500092
CONT2025001487,IMPORT,NSICT,VC202500092
CONT2025001488,IMPORT,NSICT,VC202500092
CONT2025001489,IMPORT,NSICT,VC202500092
CONT2025001490,IMPORT,NSICT,VC202500092
CONT2025001491,EXPORT,NSICT,VC202500092
CONT2025001492,EXPORT,NSICT,VC202500092
CONT2025001493,IMPORT,NSFT,VC202500093
CONT2025001494,IMPORT,NSFT,VC202500093
CONT2025001495,EXPORT,NSFT,VC202500093
CONT2025001496,EXPORT,NSFT,VC202500093
CONT2025001497,EXPORT,NSFT,VC202500093
CONT2025001498,EXPORT,NSFT,VC202500093
CONT2025001499,EXPORT,NSFT,VC202500093
CONT2025001500,IMPORT,NSFT,VC202500093
CONT2025001501,IMPORT,NSFT,VC202500093
CONT2025001502,EXPORT,NSFT,VC202500093
CONT2025001503,IMPORT,NSFT,VC202500093
CONT2025001504,EXPORT,NSFT,VC202500093
CONT2025001505,IMPORT,NSFT,VC202500093
CONT2025001506,EXPORT,NSFT,VC202500093
CONT2025001507,EXPORT,NSFT,VC202500093
CONT2025001508,IMPORT,NSFT,VC202500093
CONT2025001509,IMPORT,NSFT,VC202500093
CONT2025001510,IMPORT,NSFT,VC202500093
CONT2025001511,EXPORT,NSFT,VC202500093
CONT2025001512,EXPORT,NSFT,VC202500093
CONT2025001513,EXPORT,NSFT,VC202500093
CONT2025001514,EXPORT,NSFT,VC202500093
CONT2025001515,IMPORT,NSFT,VC202500093
CONT2025001516,EXPORT,NSFT,VC202500093
CONT2025001517,IMPORT,NSFT,VC202500093
CONT2025001518,IMPORT,NSFT,VC202500093
CONT2025001519,EXPORT,NSFT,VC202500093
CONT2025001520,IMPORT,NSFT,VC202500093
CONT2025001521,EXPORT,NSFT,VC202500093
CONT2025001522,EXPORT,NSFT,VC202500093
CONT2025001523,IMPORT,NSFT,VC202500093
CONT2025001524,IMPORT,NSFT,VC202500093
CONT2025001525,IMPORT,NSFT,VC202500093
CONT2025001526,EXPORT,NSFT,VC202500093
CONT2025001527,EXPORT,NSFT,VC202500093
CONT2025001528,EXPORT,NSIGT,VC202500094
CONT2025001529,IMPORT,NSIGT,VC202500094
CONT2025001530,EXPORT,NSIGT,VC202500094
CONT2025001531,IMPORT,NSIGT,VC202500094
CONT2025001532,EXPORT,NSIGT,VC202500094
CONT2025001533,EXPORT,NSIGT,VC202500094
CONT2025001534,EXPORT,NSIGT,VC202500094
CONT2025001535,EXPORT,NSIGT,VC202500094
CONT2025001536,EXPORT,NSIGT,VC202500094
CONT2025001537,IMPORT,NSIGT,VC202500094
CONT2025001538,IMPORT,NSIGT,VC202500094
CONT2025001539,EXPORT,NSIGT,VC202500094
CONT2025001540,IMPORT,NSIGT,VC202500094
CONT2025001541,IMPORT,NSIGT,VC202500094
CONT2025001542,EXPORT,NSIGT,VC202500094
CONT2025001543,EXPORT,NSIGT,VC202500094
CONT2025001544,EXPORT,NSIGT,VC202500095
CONT2025001545,EXPORT,NSIGT,VC202500095
CONT2025001546,EXPORT,NSIGT,VC202500095
CONT2025001547,IMPORT,NSIGT,VC202500095
CONT2025001548,EXPORT,NSIGT,VC202500095
CONT2025001549,EXPORT,NSIGT,VC202500095
CONT2025001550,EXPORT,NSICT,VC202500096
CONT2025001551,EXPORT,NSICT,VC202500096
CONT2025001552,IMPORT,NSICT,VC202500096
CONT2025001553,IMPORT,NSICT,VC202500096
CONT2025001554,IMPORT,NSICT,VC202500096
CONT2025001555,IMPORT,NSICT,VC202500096
CONT2025001556,IMPORT,NSICT,VC202500096
CONT2025001557,IMPORT,NSICT,VC202500096
CONT2025001558,EXPORT,NSICT,VC202500096
CONT2025001559,EXPORT,NSICT,VC202500096
CONT2025001560,IMPORT,NSICT,VC202500096
CONT2025001561,IMPORT,NSICT,VC202500096
CONT2025001562,IMPORT,NSICT,VC202500096
CONT2025001563,EXPORT,NSICT,VC202500096
CONT2025001564,EXPORT,NSICT,VC202500096
CONT2025001565,EXPORT,NSFT,VC202500097
CONT2025001566,EXPORT,NSFT,VC202500097
CONT2025001567,IMPORT,NSFT,VC202500097
CONT2025001568,IMPORT,NSFT,VC202500097
CONT2025001569,EXPORT,NSFT,VC202500097
CONT2025001570,IMPORT,NSFT,VC202500097
CONT2025001571,IMPORT,NSIGT,VC202500098
CONT2025001572,IMPORT,NSIGT,VC202500098
CONT2025001573,IMPORT,NSIGT,VC202500098
CONT2025001574,EXPORT,NSIGT,VC202500098
CONT2025001575,IMPORT,NSIGT,VC202500098
CONT2025001576,IMPORT,NSIGT,VC202500098
CONT2025001577,EXPORT,NSIGT,VC202500098
CONT2025001578,EXPORT,GTI,VC202500099
CONT2025001579,EXPORT,GTI,VC202500099
CONT2025001580,EXPORT,GTI,VC202500099
CONT2025001581,EXPORT,GTI,VC202500099
CONT2025001582,IMPORT,GTI,VC202500099
CONT2025001583,IMPORT,GTI,VC202500099
CONT2025001584,EXPORT,GTI,VC202500099
CONT2025001585,IMPORT,GTI,VC202500099
CONT2025001586,IMPORT,GTI,VC202500099
CONT2025001587,IMPORT,GTI,VC202500099
CONT2025001588,IMPORT,GTI,VC202500099
CONT2025001589,EXPORT,GTI,VC202500099
CONT2025001590,EXPORT,GTI,VC202500099
CONT2025001591,IMPORT,GTI,VC202500099
CONT2025001592,EXPORT,GTI,VC202500099
CONT2025001593,IMPORT,GTI,VC202500099
CONT2025001594,EXPORT,GTI,VC202500099
CONT2025001595,IMPORT,GTI,VC202500099
CONT2025001596,EXPORT,GTI,VC202500099
CONT2025001597,IMPORT,NSFT,VC202500100
CONT2025001598,EXPORT,NSFT,VC202500100
CONT2025001599,EXPORT,NSFT,VC202500100
CONT2025001600,IMPORT,NSFT,VC202500100
CONT2025001601,EXPORT,NSFT,VC202500100
CONT2025001602,EXPORT,NSFT,VC202500100
CONT2025001603,EXPORT,NSFT,VC202500100
CONT2025001604,EXPORT,NSFT,VC202500100
CONT2025001605,IMPORT,NSFT,VC202500100
CONT2025001606,IMPORT,NSFT,VC202500100
CONT2025001607,EXPORT,NSFT,VC202500100
CONT2025001608,EXPORT,NSFT,VC202500100
CONT2025001609,EXPORT,NSFT,VC202500100
CONT2025001610,EXPORT,NSFT,VC202500100
CONT2025001611,EXPORT,NSFT,VC202500100
CONT2025001612,EXPORT,NSICT,VC202500101
CONT2025001613,IMPORT,NSICT,VC202500101
CONT2025001614,IMPORT,NSICT,VC202500101
CONT2025001615,IMPORT,NSICT,VC202500101
CONT2025001616,IMPORT,NSICT,VC202500101
CONT2025001617,IMPORT,NSICT,VC202500101
CONT2025001618,IMPORT,NSICT,VC202500101
CONT2025001619,EXPORT,NSICT,VC202500101
CONT2025001620,IMPORT,NSICT,VC202500101
CONT2025001621,IMPORT,NSICT,VC202500101
CONT2025001622,EXPORT,NSICT,VC202500101
CONT2025001623,EXPORT,NSICT,VC202500101
CONT2025001624,EXPORT,NSICT,VC202500101
CONT2025001625,IMPORT,GTI,VC202500102
CONT2025001626,EXPORT,GTI,VC202500102
CONT2025001627,EXPORT,GTI,VC202500102
CONT2025001628,IMPORT,GTI,VC202500102
CONT2025001629,IMPORT,GTI,VC202500102
CONT2025001630,EXPORT,GTI,VC202500102
CONT2025001631,EXPORT,GTI,VC202500102
CONT2025001632,IMPORT,BMCT,VC202500103
CONT2025001633,IMPORT,BMCT,VC202500103
CONT2025001634,EXPORT,BMCT,VC202500103
CONT2025001635,IMPORT,BMCT,VC202500103
CONT2025001636,IMPORT,BMCT,VC202500103
CONT2025001637,EXPORT,BMCT,VC202500103
CONT2025001638,IMPORT,BMCT,VC202500103
CONT2025001639,IMPORT,GTI,VC202500104
CONT2025001640,IMPORT,GTI,VC202500104
CONT2025001641,EXPORT,GTI,VC202500104
CONT2025001642,IMPORT,GTI,VC202500104
CONT2025001643,IMPORT,GTI,VC202500104
CONT2025001644,EXPORT,GTI,VC202500104
CONT2025001645,IMPORT,GTI,VC202500104
CONT2025001646,EXPORT,GTI,VC202500104
CONT2025001647,IMPORT,GTI,VC202500104
CONT2025001648,IMPORT,GTI,VC202500104
CONT2025001649,EXPORT,GTI,VC202500104
CONT2025001650,EXPORT,GTI,VC202500104
CONT2025001651,IMPORT,GTI,VC202500104
CONT2025001652,IMPORT,GTI,VC202500104
CONT2025001653,IMPORT,GTI,VC202500104
CONT2025001654,EXPORT,GTI,VC202500104
CONT2025001655,EXPORT,GTI,VC202500104
CONT2025001656,IMPORT,GTI,VC202500104
CONT2025001657,IMPORT,GTI,VC202500104
CONT2025001658,EXPORT,GTI,VC202500104
CONT2025001659,IMPORT,GTI,VC202500104
CONT2025001660,EXPORT,GTI,VC202500104
CONT2025001661,IMPORT,GTI,VC202500104
CONT2025001662,EXPORT,GTI,VC202500104
CONT2025001663,EXPORT,GTI,VC202500104
CONT2025001664,EXPORT,GTI,VC202500104
CONT2025001665,IMPORT,GTI,VC202500104
CONT2025001666,IMPORT,GTI,VC202500104
CONT2025001667,EXPORT,GTI,VC202500104
CONT2025001668,IMPORT,GTI,VC202500104
CONT2025001669,IMPORT,GTI,VC202500104
CONT2025001670,EXPORT,GTI,VC202500104
CONT2025001671,EXPORT,GTI,VC202500104
CONT2025001672,IMPORT,GTI,VC202500104
CONT2025001673,IMPORT,GTI,VC202500104
CONT2025001674,EXPORT,GTI,VC202500104
CONT2025001675,EXPORT,GTI,VC202500104
CONT2025001676,IMPORT,GTI,VC202500104
CONT2025001677,EXPORT,NSFT,VC202500105
CONT2025001678,IMPORT,NSFT,VC202500105
CONT2025001679,IMPORT,NSFT,VC202500105
CONT2025001680,IMPORT,NSFT,VC202500105
CONT2025001681,EXPORT,NSFT,VC202500105
CONT2025001682,EXPORT,NSFT,VC202500105
CONT2025001683,EXPORT,NSFT,VC202500105
CONT2025001684,IMPORT,NSFT,VC202500105
CONT2025001685,IMPORT,NSFT,VC202500105
CONT2025001686,EXPORT,NSFT,VC202500105
CONT2025001687,IMPORT,NSFT,VC202500105
CONT2025001688,IMPORT,NSFT,VC202500105
CONT2025001689,IMPORT,NSFT,VC202500105
CONT2025001690,IMPORT,GTI,VC202500106
CONT2025001691,IMPORT,GTI,VC202500106
CONT2025001692,EXPORT,GTI,VC202500106
CONT2025001693,IMPORT,GTI,VC202500106
CONT2025001694,EXPORT,GTI,VC202500106
CONT2025001695,IMPORT,GTI,VC202500106
CONT2025001696,EXPORT,GTI,VC202500106
CONT2025001697,IMPORT,GTI,VC202500106
CONT2025001698,IMPORT,GTI,VC202500106
CONT2025001699,IMPORT,GTI,VC202500106
CONT2025001700,IMPORT,NSIGT,VC202500107
CONT2025001701,EXPORT,NSIGT,VC202500107
CONT2025001702,IMPORT,NSIGT,VC202500107
CONT2025001703,EXPORT,NSIGT,VC202500107
CONT2025001704,EXPORT,NSIGT,VC202500107
CONT2025001705,EXPORT,NSIGT,VC202500107
CONT2025001706,IMPORT,NSIGT,VC202500107
CONT2025001707,EXPORT,NSIGT,VC202500107
CONT2025001708,EXPORT,NSIGT,VC202500107
CONT2025001709,EXPORT,NSIGT,VC202500107
CONT2025001710,IMPORT,NSIGT,VC202500107
CONT2025001711,EXPORT,NSIGT,VC202500107
CONT2025001712,IMPORT,NSIGT,VC202500107
CONT2025001713,EXPORT,NSIGT,VC202500107
CONT2025001714,IMPORT,NSIGT,VC202500107
CONT2025001715,IMPORT,NSIGT,VC202500107
CONT2025001716,EXPORT,NSIGT,VC202500107
CONT2025001717,IMPORT,NSIGT,VC202500107
CONT2025001718,EXPORT,NSIGT,VC202500107
CONT2025001719,EXPORT,NSIGT,VC202500107
CONT2025001720,IMPORT,NSIGT,VC202500108
CONT2025001721,EXPORT,NSIGT,VC202500108
CONT2025001722,EXPORT,NSIGT,VC202500108
CONT2025001723,EXPORT,NSIGT,VC202500108
CONT2025001724,EXPORT,NSIGT,VC202500108
CONT2025001725,EXPORT,NSIGT,VC202500108
CONT2025001726,IMPORT,NSIGT,VC202500108
CONT2025001727,EXPORT,NSIGT,VC202500108
CONT2025001728,EXPORT,NSIGT,VC202500108
CONT2025001729,EXPORT,NSIGT,VC202500108
CONT2025001730,EXPORT,NSIGT,VC202500108
CONT2025001731,EXPORT,NSIGT,VC202500108
CONT2025001732,EXPORT,NSIGT,VC202500108
CONT2025001733,EXPORT,NSIGT,VC202500108
CONT2025001734,IMPORT,NSIGT,VC202500108
CONT2025001735,IMPORT,NSIGT,VC202500108
CONT2025001736,IMPORT,NSIGT,VC202500108
CONT2025001737,IMPORT,NSIGT,VC202500108
CONT2025001738,IMPORT,NSIGT,VC202500108
CONT2025001739,EXPORT,NSIGT,VC202500108
CONT2025001740,IMPORT,NSIGT,VC202500108
CONT2025001741,IMPORT,NSIGT,VC202500108
CONT2025001742,EXPORT,NSIGT,VC202500108
CONT2025001743,EXPORT,NSFT,VC202500109
CONT2025001744,EXPORT,NSFT,VC202500109
CONT2025001745,IMPORT,NSFT,VC202500109
CONT2025001746,IMPORT,NSFT,VC202500109
CONT2025001747,EXPORT,NSFT,VC202500109
CONT2025001748,EXPORT,NSFT,VC202500109
CONT2025001749,EXPORT,BMCT,VC202500110
CONT2025001750,IMPORT,BMCT,VC202500110
CONT2025001751,EXPORT,BMCT,VC202500110
CONT2025001752,EXPORT,BMCT,VC202500110
CONT2025001753,IMPORT,BMCT,VC202500110
CONT2025001754,EXPORT,BMCT,VC202500110
CONT2025001755,IMPORT,BMCT,VC202500110
CONT2025001756,EXPORT,BMCT,VC202500110
CONT2025001757,IMPORT,NSFT,VC202500111
CONT2025001758,IMPORT,NSFT,VC202500111
CONT2025001759,IMPORT,NSFT,VC202500111
CONT2025001760,EXPORT,NSFT,VC202500111
CONT2025001761,IMPORT,NSFT,VC202500111
CONT2025001762,EXPORT,NSFT,VC202500111
CONT2025001763,IMPORT,NSFT,VC202500111
CONT2025001764,IMPORT,NSFT,VC202500111
CONT2025001765,EXPORT,NSFT,VC202500111
CONT2025001766,IMPORT,NSFT,VC202500112
CONT2025001767,IMPORT,NSFT,VC202500112
CONT2025001768,EXPORT,NSFT,VC202500112
CONT2025001769,EXPORT,NSFT,VC202500112
CONT2025001770,EXPORT,NSFT,VC202500112
CONT2025001771,IMPORT,NSFT,VC202500112
CONT2025001772,IMPORT,NSFT,VC202500112
CONT2025001773,IMPORT,NSFT,VC202500113
CONT2025001774,EXPORT,NSFT,VC202500113
CONT2025001775,EXPORT,NSFT,VC202500113
CONT2025001776,IMPORT,NSFT,VC202500113
CONT2025001777,EXPORT,NSFT,VC202500113
CONT2025001778,EXPORT,NSFT,VC202500113
CONT2025001779,EXPORT,NSFT,VC202500113
CONT2025001780,EXPORT,NSFT,VC202500113
CONT2025001781,EXPORT,NSIGT,VC202500114
CONT2025001782,IMPORT,NSIGT,VC202500114
CONT2025001783,IMPORT,NSIGT,VC202500114
CONT2025001784,IMPORT,NSIGT,VC202500114
CONT2025001785,EXPORT,NSIGT,VC202500114
CONT2025001786,EXPORT,NSIGT,VC202500114
CONT2025001787,EXPORT,NSIGT,VC202500114
CONT2025001788,EXPORT,NSIGT,VC202500114
CONT2025001789,EXPORT,NSIGT,VC202500114
CONT2025001790,EXPORT,NSIGT,VC202500114
CONT2025001791,IMPORT,NSIGT,VC202500114
CONT2025001792,EXPORT,NSIGT,VC202500114
CONT2025001793,EXPORT,NSIGT,VC202500114
CONT2025001794,IMPORT,NSIGT,VC202500114
CONT2025001795,IMPORT,NSIGT,VC202500114
CONT2025001796,EXPORT,NSIGT,VC202500114
CONT2025001797,IMPORT,NSIGT,VC202500114
CONT2025001798,IMPORT,NSIGT,VC202500114
CONT2025001799,IMPORT,NSIGT,VC202500114
CONT2025001800,EXPORT,NSIGT,VC202500114
CONT2025001801,EXPORT,NSIGT,VC202500114
CONT2025001802,EXPORT,NSIGT,VC202500114
CONT2025001803,IMPORT,NSIGT,VC202500114
CONT2025001804,IMPORT,NSIGT,VC202500114
CONT2025001805,IMPORT,NSICT,VC202500115
CONT2025001806,EXPORT,NSICT,VC202500115
CONT2025001807,EXPORT,NSICT,VC202500115
CONT2025001808,EXPORT,NSICT,VC202500115
CONT2025001809,IMPORT,NSICT,VC202500115
CONT2025001810,IMPORT,NSICT,VC202500115
CONT2025001811,IMPORT,NSICT,VC202500115
CONT2025001812,IMPORT,NSICT,VC202500115
CONT2025001813,IMPORT,NSICT,VC202500115
CONT2025001814,EXPORT,NSICT,VC202500115
CONT2025001815,EXPORT,NSICT,VC202500115
CONT2025001816,IMPORT,NSICT,VC202500115
CONT2025001817,IMPORT,NSICT,VC202500115
CONT2025001818,IMPORT,NSICT,VC202500115
CONT2025001819,IMPORT,NSICT,VC202500115
CONT2025001820,IMPORT,NSICT,VC202500115
CONT2025001821,IMPORT,NSICT,VC202500115
CONT2025001822,EXPORT,NSICT,VC202500115
CONT2025001823,EXPORT,NSICT,VC202500115
CONT2025001824,EXPORT,NSICT,VC202500115
CONT2025001825,IMPORT,NSICT,VC202500115
CONT2025001826,IMPORT,NSICT,VC202500115
CONT2025001827,IMPORT,NSICT,VC202500115
CONT2025001828,IMPORT,NSICT,VC202500115
CONT2025001829,EXPORT,NSICT,VC202500115
CONT2025001830,EXPORT,NSFT,VC202500116
CONT2025001831,EXPORT,NSFT,VC202500116
CONT2025001832,IMPORT,NSFT,VC202500116
CONT2025001833,EXPORT,NSFT,VC202500116
CONT2025001834,EXPORT,NSFT,VC202500116
CONT2025001835,IMPORT,NSFT,VC202500116
CONT2025001836,IMPORT,NSFT,VC202500116
CONT2025001837,IMPORT,NSFT,VC202500116
CONT2025001838,IMPORT,NSFT,VC202500116
CONT2025001839,EXPORT,NSFT,VC202500116
CONT2025001840,EXPORT,NSFT,VC202500116
CONT2025001841,EXPORT,NSFT,VC202500116
CONT2025001842,EXPORT,NSFT,VC202500116
CONT2025001843,EXPORT,NSFT,VC202500116
CONT2025001844,EXPORT,NSFT,VC202500116
CONT2025001845,IMPORT,NSFT,VC202500116
CONT2025001846,EXPORT,NSFT,VC202500116
CONT2025001847,EXPORT,NSFT,VC202500116
CONT2025001848,IMPORT,NSFT,VC202500116
CONT2025001849,IMPORT,NSFT,VC202500116
CONT2025001850,EXPORT,NSFT,VC202500116
CONT2025001851,EXPORT,NSFT,VC202500116
CONT2025001852,EXPORT,NSFT,VC202500116
CONT2025001853,EXPORT,NSFT,VC202500116
CONT2025001854,IMPORT,NSFT,VC202500116
CONT2025001855,IMPORT,NSFT,VC202500116
CONT2025001856,IMPORT,GTI,VC202500117
CONT2025001857,EXPORT,GTI,VC202500117
CONT2025001858,EXPORT,GTI,VC202500117
CONT2025001859,EXPORT,GTI,VC202500117
CONT2025001860,IMPORT,GTI,VC202500117
CONT2025001861,IMPORT,GTI,VC202500117
CONT2025001862,EXPORT,GTI,VC202500117
CONT2025001863,EXPORT,GTI,VC202500117
CONT2025001864,EXPORT,GTI,VC202500117
CONT2025001865,IMPORT,GTI,VC202500117
CONT2025001866,EXPORT,GTI,VC202500117
CONT2025001867,IMPORT,GTI,VC202500117
CONT2025001868,IMPORT,GTI,VC202500117
CONT2025001869,IMPORT,GTI,VC202500117
CONT2025001870,IMPORT,GTI,VC202500117
CONT2025001871,EXPORT,GTI,VC202500117
CONT2025001872,EXPORT,GTI,VC202500117
CONT2025001873,EXPORT,GTI,VC202500117
CONT2025001874,IMPORT,GTI,VC202500117
CONT2025001875,IMPORT,GTI,VC202500117
CONT2025001876,IMPORT,GTI,VC202500117
CONT2025001877,IMPORT,GTI,VC202500117
CONT2025001878,IMPORT,GTI,VC202500117
CONT2025001879,IMPORT,GTI,VC202500117
CONT2025001880,EXPORT,GTI,VC202500117
CONT2025001881,EXPORT,GTI,VC202500117
CONT2025001882,EXPORT,GTI,VC202500117
CONT2025001883,IMPORT,GTI,VC202500117
CONT2025001884,EXPORT,GTI,VC202500117
CONT2025001885,EXPORT,GTI,VC202500117
CONT2025001886,EXPORT,GTI,VC202500117
CONT2025001887,EXPORT,GTI,VC202500117
CONT2025001888,EXPORT,GTI,VC202500117
CONT2025001889,EXPORT,GTI,VC202500117
CONT2025001890,EXPORT,GTI,VC202500117
CONT2025001891,IMPORT,GTI,VC202500117
CONT2025001892,EXPORT,GTI,VC202500117
CONT2025001893,IMPORT,GTI,VC202500117
CONT2025001894,IMPORT,GTI,VC202500117
CONT2025001895,EXPORT,GTI,VC202500117
CONT2025001896,IMPORT,GTI,VC202500117
CONT2025001897,IMPORT,BMCT,VC202500118
CONT2025001898,IMPORT,BMCT,VC202500118
CONT2025001899,EXPORT,BMCT,VC202500118
CONT2025001900,IMPORT,BMCT,VC202500118
CONT2025001901,EXPORT,BMCT,VC202500118
CONT2025001902,EXPORT,BMCT,VC202500118
CONT2025001903,IMPORT,BMCT,VC202500118
CONT2025001904,EXPORT,BMCT,VC202500118
CONT2025001905,IMPORT,BMCT,VC202500118
CONT2025001906,IMPORT,BMCT,VC202500118
CONT2025001907,IMPORT,BMCT,VC202500118
CONT2025001908,EXPORT,BMCT,VC202500118
CONT2025001909,IMPORT,BMCT,VC202500118
CONT2025001910,IMPORT,BMCT,VC202500118
CONT2025001911,IMPORT,BMCT,VC202500118
CONT2025001912,IMPORT,BMCT,VC202500118
CONT2025001913,EXPORT,BMCT,VC202500118
CONT2025001914,IMPORT,BMCT,VC202500118
CONT2025001915,EXPORT,BMCT,VC202500118
CONT2025001916,EXPORT,BMCT,VC202500118
CONT2025001917,EXPORT,BMCT,VC202500118
CONT2025001918,IMPORT,BMCT,VC202500118
CONT2025001919,IMPORT,BMCT,VC202500118
CONT2025001920,EXPORT,BMCT,VC202500118
CONT2025001921,IMPORT,BMCT,VC202500118
CONT2025001922,IMPORT,BMCT,VC202500118
CONT2025001923,IMPORT,BMCT,VC202500118
CONT2025001924,EXPORT,BMCT,VC202500118
CONT2025001925,EXPORT,BMCT,VC202500118
CONT2025001926,IMPORT,BMCT,VC202500118
CONT2025001927,EXPORT,BMCT,VC202500118
CONT2025001928,IMPORT,NSFT,VC202500119
CONT2025001929,IMPORT,NSFT,VC202500119
CONT2025001930,IMPORT,NSFT,VC202500119
CONT2025001931,EXPORT,NSFT,VC202500119
CONT2025001932,EXPORT,NSFT,VC202500119
CONT2025001933,EXPORT,NSFT,VC202500119
CONT2025001934,EXPORT,NSFT,VC202500119
CONT2025001935,EXPORT,GTI,VC202500120
CONT2025001936,EXPORT,GTI,VC202500120
CONT2025001937,IMPORT,GTI,VC202500120
CONT2025001938,EXPORT,GTI,VC202500120
CONT2025001939,EXPORT,GTI,VC202500120
CONT2025001940,EXPORT,GTI,VC202500120
CONT2025001941,EXPORT,GTI,VC202500120
CONT2025001942,IMPORT,GTI,VC202500120
CONT2025001943,EXPORT,GTI,VC202500120
CONT2025001944,IMPORT,NSIGT,VC202500121
CONT2025001945,IMPORT,NSIGT,VC202500121
CONT2025001946,IMPORT,NSIGT,VC202500121
CONT2025001947,IMPORT,NSIGT,VC202500121
CONT2025001948,EXPORT,NSIGT,VC202500121
CONT2025001949,EXPORT,NSIGT,VC202500121
CONT2025001950,EXPORT,NSIGT,VC202500121
CONT2025001951,IMPORT,NSIGT,VC202500121
CONT2025001952,EXPORT,NSIGT,VC202500121
CONT2025001953,EXPORT,NSIGT,VC202500121
CONT2025001954,EXPORT,NSIGT,VC202500121
CONT2025001955,IMPORT,NSIGT,VC202500121
CONT2025001956,EXPORT,NSIGT,VC202500121
CONT2025001957,EXPORT,NSIGT,VC202500121
CONT2025001958,EXPORT,NSIGT,VC202500121
CONT2025001959,EXPORT,NSIGT,VC202500121
CONT2025001960,IMPORT,NSIGT,VC202500121
CONT2025001961,EXPORT,NSIGT,VC202500121
CONT2025001962,IMPORT,NSIGT,VC202500121
CONT2025001963,EXPORT,NSIGT,VC202500121
CONT2025001964,IMPORT,NSIGT,VC202500121
CONT2025001965,IMPORT,NSIGT,VC202500121
CONT2025001966,EXPORT,NSIGT,VC202500121
CONT2025001967,EXPORT,NSIGT,VC202500121
CONT2025001968,EXPORT,NSIGT,VC202500122
CONT2025001969,IMPORT,NSIGT,VC202500122
CONT2025001970,IMPORT,NSIGT,VC202500122
CONT2025001971,IMPORT,NSIGT,VC202500122
CONT2025001972,IMPORT,NSIGT,VC202500122
CONT2025001973,IMPORT,NSIGT,VC202500122
CONT2025001974,EXPORT,NSIGT,VC202500122
CONT2025001975,IMPORT,NSIGT,VC202500122
CONT2025001976,EXPORT,NSIGT,VC202500122
CONT2025001977,IMPORT,NSIGT,VC202500122
CONT2025001978,EXPORT,NSIGT,VC202500122
CONT2025001979,IMPORT,NSIGT,VC202500122
CONT2025001980,EXPORT,NSIGT,VC202500122
CONT2025001981,IMPORT,NSIGT,VC202500122
CONT2025001982,EXPORT,NSIGT,VC202500122
CONT2025001983,EXPORT,NSIGT,VC202500122
CONT2025001984,EXPORT,NSIGT,VC202500122
CONT2025001985,IMPORT,NSIGT,VC202500122
CONT2025001986,EXPORT,NSIGT,VC202500122
CONT2025001987,IMPORT,NSIGT,VC202500122
CONT2025001988,EXPORT,NSIGT,VC202500122
CONT2025001989,IMPORT,GTI,VC202500123
CONT2025001990,IMPORT,GTI,VC202500123
CONT2025001991,IMPORT,GTI,VC202500123
CONT2025001992,EXPORT,GTI,VC202500123
CONT2025001993,EXPORT,GTI,VC202500123
CONT2025001994,IMPORT,GTI,VC202500123
CONT2025001995,IMPORT,GTI,VC202500123
CONT2025001996,IMPORT,GTI,VC202500123
CONT2025001997,IMPORT,BMCT,VC202500124
CONT2025001998,IMPORT,BMCT,VC202500124
CONT2025001999,IMPORT,BMCT,VC202500124
CONT2025002000,IMPORT,BMCT,VC202500124
CONT2025002001,EXPORT,BMCT,VC202500124
CONT2025002002,EXPORT,BMCT,VC202500124
CONT2025002003,IMPORT,BMCT,VC202500124
CONT2025002004,EXPORT,BMCT,VC202500124
CONT2025002005,EXPORT,BMCT,VC202500124
CONT2025002006,IMPORT,BMCT,VC202500124
CONT2025002007,EXPORT,BMCT,VC202500124
CONT2025002008,EXPORT,BMCT,VC202500124
CONT2025002009,IMPORT,BMCT,VC202500124
CONT2025002010,EXPORT,BMCT,VC202500124
CONT2025002011,EXPORT,BMCT,VC202500124
CONT2025002012,EXPORT,BMCT,VC202500124
CONT2025002013,IMPORT,BMCT,VC202500124
CONT2025002014,IMPORT,BMCT,VC202500124
CONT2025002015,IMPORT,BMCT,VC202500124
CONT2025002016,IMPORT,BMCT,VC202500124
CONT2025002017,IMPORT,BMCT,VC202500124
CONT2025002018,IMPORT,BMCT,VC202500124
CONT2025002019,EXPORT,BMCT,VC202500124
CONT2025002020,EXPORT,BMCT,VC202500124
CONT2025002021,EXPORT,BMCT,VC202500124
CONT2025002022,IMPORT,BMCT,VC202500124
CONT2025002023,EXPORT,BMCT,VC202500124
CONT2025002024,IMPORT,BMCT,VC202500124
CONT2025002025,IMPORT,BMCT,VC202500124
CONT2025002026,IMPORT,BMCT,VC202500124
CONT2025002027,IMPORT,BMCT,VC202500124
CONT2025002028,IMPORT,BMCT,VC202500124
CONT2025002029,EXPORT,BMCT,VC202500124
CONT2025002030,IMPORT,BMCT,VC202500124
CONT2025002031,IMPORT,GTI,VC202500125
CONT2025002032,IMPORT,GTI,VC202500125
CONT2025002033,IMPORT,GTI,VC202500125
CONT2025002034,EXPORT,GTI,VC202500125
CONT2025002035,IMPORT,GTI,VC202500125
CONT2025002036,EXPORT,GTI,VC202500125
CONT2025002037,EXPORT,GTI,VC202500125
CONT2025002038,EXPORT,GTI,VC202500125
CONT2025002039,EXPORT,GTI,VC202500125
CONT2025002040,EXPORT,GTI,VC202500125
CONT2025002041,EXPORT,GTI,VC202500125
CONT2025002042,EXPORT,GTI,VC202500125
CONT2025002043,IMPORT,GTI,VC202500125
CONT2025002044,IMPORT,GTI,VC202500125
CONT2025002045,IMPORT,GTI,VC202500125
CONT2025002046,EXPORT,GTI,VC202500125
CONT2025002047,EXPORT,GTI,VC202500125
CONT2025002048,IMPORT,NSIGT,VC202500126
CONT2025002049,EXPORT,NSIGT,VC202500126
CONT2025002050,IMPORT,NSIGT,VC202500126
CONT2025002051,IMPORT,NSIGT,VC202500126
CONT2025002052,IMPORT,NSIGT,VC202500126
CONT2025002053,IMPORT,NSIGT,VC202500126
CONT2025002054,EXPORT,NSIGT,VC202500126
CONT2025002055,EXPORT,NSIGT,VC202500126
CONT2025002056,IMPORT,NSIGT,VC202500126
CONT2025002057,IMPORT,NSIGT,VC202500126
CONT2025002058,IMPORT,NSIGT,VC202500126
CONT2025002059,IMPORT,NSIGT,VC202500126
CONT2025002060,IMPORT,NSIGT,VC202500126
CONT2025002061,IMPORT,NSIGT,VC202500126
CONT2025002062,IMPORT,NSIGT,VC202500126
CONT2025002063,EXPORT,NSIGT,VC202500126
CONT2025002064,EXPORT,NSIGT,VC202500126
CONT2025002065,IMPORT,NSIGT,VC202500126
CONT2025002066,IMPORT,NSIGT,VC202500126
CONT2025002067,EXPORT,NSIGT,VC202500126
CONT2025002068,IMPORT,NSIGT,VC202500126
CONT2025002069,IMPORT,NSIGT,VC202500126
CONT2025002070,EXPORT,NSIGT,VC202500126
CONT2025002071,IMPORT,NSIGT,VC202500126
CONT2025002072,EXPORT,NSIGT,VC202500126
CONT2025002073,IMPORT,NSIGT,VC202500126
CONT2025002074,IMPORT,NSIGT,VC202500126
CONT2025002075,EXPORT,NSIGT,VC202500126
CONT2025002076,IMPORT,NSIGT,VC202500126
CONT2025002077,IMPORT,NSIGT,VC202500126
CONT2025002078,EXPORT,NSIGT,VC202500126
CONT2025002079,EXPORT,NSIGT,VC202500126
CONT2025002080,IMPORT,BMCT,VC202500127
CONT2025002081,EXPORT,BMCT,VC202500127
CONT2025002082,IMPORT,BMCT,VC202500127
CONT2025002083,EXPORT,BMCT,VC202500127
CONT2025002084,IMPORT,BMCT,VC202500127
CONT2025002085,IMPORT,BMCT,VC202500127
CONT2025002086,EXPORT,BMCT,VC202500127
CONT2025002087,EXPORT,BMCT,VC202500127
CONT2025002088,EXPORT,NSICT,VC202500128
CONT2025002089,IMPORT,NSICT,VC202500128
CONT2025002090,IMPORT,NSICT,VC202500128
CONT2025002091,EXPORT,NSICT,VC202500128
CONT2025002092,IMPORT,NSICT,VC202500128
CONT2025002093,IMPORT,NSICT,VC202500128
CONT2025002094,IMPORT,NSICT,VC202500128
CONT2025002095,EXPORT,NSICT,VC202500128
CONT2025002096,IMPORT,NSICT,VC202500128
CONT2025002097,EXPORT,NSICT,VC202500128
CONT2025002098,EXPORT,NSICT,VC202500128
CONT2025002099,IMPORT,NSICT,VC202500128
CONT2025002100,IMPORT,NSICT,VC202500128
CONT2025002101,IMPORT,NSICT,VC202500128
CONT2025002102,EXPORT,NSICT,VC202500128
CONT2025002103,EXPORT,NSICT,VC202500128
CONT2025002104,IMPORT,NSICT,VC202500128
CONT2025002105,IMPORT,NSICT,VC202500128
CONT2025002106,IMPORT,NSICT,VC202500128
CONT2025002107,IMPORT,NSICT,VC202500128
CONT2025002108,IMPORT,NSICT,VC202500128
CONT2025002109,EXPORT,BMCT,VC202500129
CONT2025002110,IMPORT,BMCT,VC202500129
CONT2025002111,IMPORT,BMCT,VC202500129
CONT2025002112,EXPORT,BMCT,VC202500129
CONT2025002113,IMPORT,BMCT,VC202500129
CONT2025002114,EXPORT,BMCT,VC202500129
CONT2025002115,IMPORT,BMCT,VC202500129
CONT2025002116,IMPORT,BMCT,VC202500129
CONT2025002117,IMPORT,BMCT,VC202500129
CONT2025002118,IMPORT,BMCT,VC202500129
CONT2025002119,IMPORT,BMCT,VC202500129
CONT2025002120,EXPORT,BMCT,VC202500129
CONT2025002121,IMPORT,BMCT,VC202500129
CONT2025002122,EXPORT,BMCT,VC202500129
CONT2025002123,EXPORT,NSFT,VC202500130
CONT2025002124,IMPORT,NSFT,VC202500130
CONT2025002125,EXPORT,NSFT,VC202500130
CONT2025002126,IMPORT,NSFT,VC202500130
CONT2025002127,EXPORT,NSFT,VC202500130
CONT2025002128,IMPORT,NSFT,VC202500130
CONT2025002129,EXPORT,NSFT,VC202500130
CONT2025002130,IMPORT,BMCT,VC202500131
CONT2025002131,IMPORT,BMCT,VC202500131
CONT2025002132,IMPORT,BMCT,VC202500131
CONT2025002133,IMPORT,BMCT,VC202500131
CONT2025002134,EXPORT,BMCT,VC202500131
CONT2025002135,IMPORT,BMCT,VC202500131
CONT2025002136,IMPORT,BMCT,VC202500131
CONT2025002137,IMPORT,BMCT,VC202500131
CONT2025002138,EXPORT,BMCT,VC202500131
CONT2025002139,EXPORT,BMCT,VC202500131
CONT2025002140,IMPORT,BMCT,VC202500131
CONT2025002141,IMPORT,BMCT,VC202500131
CONT2025002142,EXPORT,BMCT,VC202500131
CONT2025002143,EXPORT,BMCT,VC202500131
CONT2025002144,IMPORT,BMCT,VC202500131
CONT2025002145,IMPORT,BMCT,VC202500131
CONT2025002146,IMPORT,BMCT,VC202500131
CONT2025002147,IMPORT,BMCT,VC202500131
CONT2025002148,EXPORT,BMCT,VC202500131
CONT2025002149,EXPORT,BMCT,VC202500131
CONT2025002150,IMPORT,BMCT,VC202500131
CONT2025002151,EXPORT,BMCT,VC202500131
CONT2025002152,IMPORT,BMCT,VC202500132
CONT2025002153,EXPORT,BMCT,VC202500132
CONT2025002154,EXPORT,BMCT,VC202500132
CONT2025002155,IMPORT,BMCT,VC202500132
CONT2025002156,EXPORT,BMCT,VC202500132
CONT2025002157,EXPORT,BMCT,VC202500132
CONT2025002158,EXPORT,BMCT,VC202500132
CONT2025002159,IMPORT,BMCT,VC202500132
CONT2025002160,EXPORT,BMCT,VC202500132
CONT2025002161,EXPORT,BMCT,VC202500132
CONT2025002162,EXPORT,BMCT,VC202500132
CONT2025002163,IMPORT,BMCT,VC202500132
CONT2025002164,IMPORT,BMCT,VC202500132
CONT2025002165,EXPORT,BMCT,VC202500132
CONT2025002166,IMPORT,BMCT,VC202500132
CONT2025002167,EXPORT,BMCT,VC202500132
CONT2025002168,EXPORT,BMCT,VC202500132
CONT2025002169,EXPORT,BMCT,VC202500132
CONT2025002170,IMPORT,BMCT,VC202500132
CONT2025002171,IMPORT,BMCT,VC202500132
CONT2025002172,IMPORT,BMCT,VC202500132
CONT2025002173,IMPORT,BMCT,VC202500132
CONT2025002174,IMPORT,BMCT,VC202500132
CONT2025002175,EXPORT,BMCT,VC202500132
CONT2025002176,IMPORT,NSICT,VC202500133
CONT2025002177,IMPORT,NSICT,VC202500133
CONT2025002178,IMPORT,NSICT,VC202500133
CONT2025002179,IMPORT,NSICT,VC202500133
CONT2025002180,IMPORT,NSICT,VC202500133
CONT2025002181,IMPORT,NSICT,VC202500133
CONT2025002182,IMPORT,NSICT,VC202500133
CONT2025002183,EXPORT,NSICT,VC202500133
CONT2025002184,EXPORT,NSICT,VC202500133
CONT2025002185,EXPORT,NSICT,VC202500133
CONT2025002186,IMPORT,NSICT,VC202500133
CONT2025002187,IMPORT,NSICT,VC202500133
CONT2025002188,EXPORT,NSICT,VC202500133
CONT2025002189,IMPORT,NSICT,VC202500134
CONT2025002190,EXPORT,NSICT,VC202500134
CONT2025002191,EXPORT,NSICT,VC202500134
CONT2025002192,EXPORT,NSICT,VC202500134
CONT2025002193,EXPORT,NSICT,VC202500134
CONT2025002194,IMPORT,NSICT,VC202500134
CONT2025002195,IMPORT,NSICT,VC202500134
CONT2025002196,IMPORT,NSICT,VC202500134
CONT2025002197,EXPORT,NSICT,VC202500134
CONT2025002198,EXPORT,NSICT,VC202500134
CONT2025002199,EXPORT,NSICT,VC202500134
CONT2025002200,IMPORT,NSICT,VC202500134
CONT2025002201,EXPORT,NSICT,VC202500134
CONT2025002202,IMPORT,NSICT,VC202500134
CONT2025002203,EXPORT,NSICT,VC202500135
CONT2025002204,IMPORT,NSICT,VC202500135
CONT2025002205,EXPORT,NSICT,VC202500135
CONT2025002206,IMPORT,NSICT,VC202500135
CONT2025002207,EXPORT,NSICT,VC202500135
CONT2025002208,IMPORT,NSICT,VC202500135
CONT2025002209,IMPORT,NSICT,VC202500135
CONT2025002210,IMPORT,NSICT,VC202500135
CONT2025002211,IMPORT,NSICT,VC202500135
CONT2025002212,EXPORT,NSICT,VC202500135
CONT2025002213,IMPORT,NSICT,VC202500135
CONT2025002214,IMPORT,NSICT,VC202500135
CONT2025002215,EXPORT,NSICT,VC202500135
CONT2025002216,EXPORT,NSICT,VC202500135
CONT2025002217,IMPORT,BMCT,VC202500136
CONT2025002218,IMPORT,BMCT,VC202500136
CONT2025002219,IMPORT,BMCT,VC202500136
CONT2025002220,EXPORT,BMCT,VC202500136
CONT2025002221,IMPORT,BMCT,VC202500136
CONT2025002222,IMPORT,BMCT,VC202500136
CONT2025002223,IMPORT,BMCT,VC202500136
CONT2025002224,IMPORT,BMCT,VC202500136
CONT2025002225,EXPORT,BMCT,VC202500136
CONT2025002226,EXPORT,BMCT,VC202500136
CONT2025002227,IMPORT,BMCT,VC202500136
CONT2025002228,IMPORT,BMCT,VC202500136
CONT2025002229,EXPORT,BMCT,VC202500136
CONT2025002230,IMPORT,BMCT,VC202500136
CONT2025002231,IMPORT,BMCT,VC202500136
CONT2025002232,EXPORT,BMCT,VC202500136
CONT2025002233,EXPORT,BMCT,VC202500136
CONT2025002234,EXPORT,BMCT,VC202500137
CONT2025002235,EXPORT,BMCT,VC202500137
CONT2025002236,EXPORT,BMCT,VC202500137
CONT2025002237,EXPORT,BMCT,VC202500137
CONT2025002238,IMPORT,BMCT,VC202500137
CONT2025002239,IMPORT,BMCT,VC202500137
CONT2025002240,EXPORT,BMCT,VC202500137
CONT2025002241,IMPORT,BMCT,VC202500137
CONT2025002242,EXPORT,BMCT,VC202500137
CONT2025002243,EXPORT,BMCT,VC202500137
CONT2025002244,IMPORT,BMCT,VC202500137
CONT2025002245,IMPORT,BMCT,VC202500137
CONT2025002246,EXPORT,BMCT,VC202500137
CONT2025002247,EXPORT,BMCT,VC202500137
CONT2025002248,IMPORT,BMCT,VC202500137
CONT2025002249,IMPORT,BMCT,VC202500137
CONT2025002250,IMPORT,BMCT,VC202500137
CONT2025002251,EXPORT,BMCT,VC202500137
CONT2025002252,EXPORT,BMCT,VC202500137
CONT2025002253,EXPORT,BMCT,VC202500137
CONT2025002254,EXPORT,BMCT,VC202500137
CONT2025002255,EXPORT,BMCT,VC202500137
CONT2025002256,EXPORT,BMCT,VC202500137
CONT2025002257,IMPORT,BMCT,VC202500137
CONT2025002258,IMPORT,BMCT,VC202500137
CONT2025002259,IMPORT,BMCT,VC202500137
CONT2025002260,IMPORT,BMCT,VC202500137
CONT2025002261,IMPORT,BMCT,VC202500137
CONT2025002262,IMPORT,BMCT,VC202500137
CONT2025002263,IMPORT,BMCT,VC202500137
CONT2025002264,EXPORT,BMCT,VC202500137
CONT2025002265,EXPORT,BMCT,VC202500137
CONT2025002266,EXPORT,BMCT,VC202500137
CONT2025002267,EXPORT,BMCT,VC202500137
CONT2025002268,EXPORT,BMCT,VC202500137
CONT2025002269,IMPORT,BMCT,VC202500137
CONT2025002270,EXPORT,BMCT,VC202500137
CONT2025002271,EXPORT,BMCT,VC202500137
CONT2025002272,EXPORT,BMCT,VC202500137
CONT2025002273,IMPORT,NSIGT,VC202500138
CONT2025002274,IMPORT,NSIGT,VC202500138
CONT2025002275,EXPORT,NSIGT,VC202500138
CONT2025002276,EXPORT,NSIGT,VC202500138
CONT2025002277,EXPORT,NSIGT,VC202500138
CONT2025002278,EXPORT,NSIGT,VC202500138
CONT2025002279,IMPORT,NSIGT,VC202500138
CONT2025002280,EXPORT,NSIGT,VC202500138
CONT2025002281,EXPORT,NSIGT,VC202500138
CONT2025002282,IMPORT,NSIGT,VC202500138
CONT2025002283,EXPORT,NSIGT,VC202500138
CONT2025002284,EXPORT,NSIGT,VC202500138
CONT2025002285,IMPORT,NSIGT,VC202500138
CONT2025002286,IMPORT,NSIGT,VC202500138
CONT2025002287,IMPORT,NSIGT,VC202500138
CONT2025002288,IMPORT,NSIGT,VC202500138
CONT2025002289,EXPORT,NSIGT,VC202500138
CONT2025002290,EXPORT,NSIGT,VC202500138
CONT2025002291,EXPORT,GTI,VC202500139
CONT2025002292,IMPORT,GTI,VC202500139
CONT2025002293,IMPORT,GTI,VC202500139
CONT2025002294,IMPORT,GTI,VC202500139
CONT2025002295,IMPORT,GTI,VC202500139
CONT2025002296,IMPORT,GTI,VC202500139
CONT2025002297,IMPORT,GTI,VC202500139
CONT2025002298,EXPORT,GTI,VC202500139
CONT2025002299,IMPORT,GTI,VC202500139
CONT2025002300,EXPORT,NSFT,VC202500140
CONT2025002301,EXPORT,NSFT,VC202500140
CONT2025002302,EXPORT,NSFT,VC202500140
CONT2025002303,EXPORT,NSFT,VC202500140
CONT2025002304,EXPORT,NSFT,VC202500140
CONT2025002305,IMPORT,NSFT,VC202500140
CONT2025002306,EXPORT,NSFT,VC202500140
CONT2025002307,IMPORT,NSFT,VC202500140
CONT2025002308,EXPORT,NSFT,VC202500140
CONT2025002309,IMPORT,BMCT,VC202500141
CONT2025002310,EXPORT,BMCT,VC202500141
CONT2025002311,IMPORT,BMCT,VC202500141
CONT2025002312,IMPORT,BMCT,VC202500141
CONT2025002313,EXPORT,BMCT,VC202500141
CONT2025002314,EXPORT,BMCT,VC202500141
CONT2025002315,IMPORT,BMCT,VC202500141
CONT2025002316,IMPORT,BMCT,VC202500141
CONT2025002317,EXPORT,BMCT,VC202500141
CONT2025002318,IMPORT,BMCT,VC202500141
CONT2025002319,IMPORT,BMCT,VC202500141
CONT2025002320,IMPORT,BMCT,VC202500141
CONT2025002321,IMPORT,BMCT,VC202500141
CONT2025002322,EXPORT,BMCT,VC202500141
CONT2025002323,IMPORT,BMCT,VC202500141
CONT2025002324,EXPORT,BMCT,VC202500141
CONT2025002325,IMPORT,BMCT,VC202500141
CONT2025002326,IMPORT,NSFT,VC202500142
CONT2025002327,EXPORT,NSFT,VC202500142
CONT2025002328,EXPORT,NSFT,VC202500142
CONT2025002329,IMPORT,NSFT,VC202500142
CONT2025002330,IMPORT,NSFT,VC202500142
CONT2025002331,EXPORT,NSFT,VC202500142
CONT2025002332,EXPORT,NSFT,VC202500142
CONT2025002333,EXPORT,NSFT,VC202500142
CONT2025002334,EXPORT,NSFT,VC202500142
CONT2025002335,IMPORT,NSFT,VC202500142
CONT2025002336,IMPORT,GTI,VC202500143
CONT2025002337,EXPORT,GTI,VC202500143
CONT2025002338,IMPORT,GTI,VC202500143
CONT2025002339,IMPORT,GTI,VC202500143
CONT2025002340,EXPORT,GTI,VC202500143
CONT2025002341,EXPORT,GTI,VC202500143
CONT2025002342,EXPORT,GTI,VC202500143
CONT2025002343,IMPORT,NSIGT,VC202500144
CONT2025002344,IMPORT,NSIGT,VC202500144
CONT2025002345,IMPORT,NSIGT,VC202500144
CONT2025002346,EXPORT,NSIGT,VC202500144
CONT2025002347,IMPORT,NSIGT,VC202500144
CONT2025002348,IMPORT,NSIGT,VC202500144
CONT2025002349,IMPORT,NSIGT,VC202500144
CONT2025002350,IMPORT,NSIGT,VC202500144
CONT2025002351,EXPORT,NSIGT,VC202500144
CONT2025002352,EXPORT,NSIGT,VC202500144
CONT2025002353,EXPORT,NSIGT,VC202500144
CONT2025002354,IMPORT,NSIGT,VC202500144
CONT2025002355,IMPORT,NSIGT,VC202500144
CONT2025002356,EXPORT,NSIGT,VC202500144
CONT2025002357,IMPORT,NSIGT,VC202500144
CONT2025002358,IMPORT,NSIGT,VC202500144
CONT2025002359,EXPORT,NSIGT,VC202500144
CONT2025002360,IMPORT,NSIGT,VC202500144
CONT2025002361,EXPORT,NSIGT,VC202500144
CONT2025002362,IMPORT,NSIGT,VC202500144
CONT2025002363,EXPORT,NSIGT,VC202500144
CONT2025002364,IMPORT,NSIGT,VC202500144
CONT2025002365,EXPORT,NSIGT,VC202500144
CONT2025002366,IMPORT,NSIGT,VC202500144
CONT2025002367,IMPORT,NSIGT,VC202500144
CONT2025002368,EXPORT,NSIGT,VC202500144
CONT2025002369,EXPORT,NSIGT,VC202500145
CONT2025002370,IMPORT,NSIGT,VC202500145
CONT2025002371,EXPORT,NSIGT,VC202500145
CONT2025002372,EXPORT,NSIGT,VC202500145
CONT2025002373,IMPORT,NSIGT,VC202500145
CONT2025002374,IMPORT,NSIGT,VC202500145
CONT2025002375,IMPORT,NSIGT,VC202500145
CONT2025002376,EXPORT,NSIGT,VC202500145
CONT2025002377,IMPORT,NSIGT,VC202500145
CONT2025002378,IMPORT,NSIGT,VC202500145
CONT2025002379,IMPORT,NSIGT,VC202500145
CONT2025002380,IMPORT,NSICT,VC202500146
CONT2025002381,EXPORT,NSICT,VC202500146
CONT2025002382,IMPORT,NSICT,VC202500146
CONT2025002383,EXPORT,NSICT,VC202500146
CONT2025002384,EXPORT,NSICT,VC202500146
CONT2025002385,IMPORT,NSICT,VC202500146
CONT2025002386,IMPORT,NSICT,VC202500146
CONT2025002387,EXPORT,NSICT,VC202500147
CONT2025002388,IMPORT,NSICT,VC202500147
CONT2025002389,IMPORT,NSICT,VC202500147
CONT2025002390,IMPORT,NSICT,VC202500147
CONT2025002391,IMPORT,NSICT,VC202500147
CONT2025002392,EXPORT,NSICT,VC202500147
CONT2025002393,EXPORT,NSICT,VC202500147
CONT2025002394,EXPORT,NSICT,VC202500147
CONT2025002395,EXPORT,NSICT,VC202500147
CONT2025002396,EXPORT,NSICT,VC202500147
CONT2025002397,IMPORT,NSICT,VC202500147
CONT2025002398,EXPORT,NSICT,VC202500147
CONT2025002399,EXPORT,NSICT,VC202500147
CONT2025002400,IMPORT,NSICT,VC202500147
CONT2025002401,EXPORT,NSICT,VC202500147
CONT2025002402,EXPORT,NSICT,VC202500147
CONT2025002403,IMPORT,GTI,VC202500148
CONT2025002404,IMPORT,GTI,VC202500148
CONT2025002405,IMPORT,GTI,VC202500148
CONT2025002406,IMPORT,GTI,VC202500148
CONT2025002407,IMPORT,GTI,VC202500148
CONT2025002408,EXPORT,GTI,VC202500148
CONT2025002409,EXPORT,GTI,VC202500149
CONT2025002410,IMPORT,GTI,VC202500149
CONT2025002411,IMPORT,GTI,VC202500149
CONT2025002412,EXPORT,GTI,VC202500149
CONT2025002413,EXPORT,GTI,VC202500149
CONT2025002414,EXPORT,GTI,VC202500149
CONT2025002415,IMPORT,GTI,VC202500149
CONT2025002416,EXPORT,GTI,VC202500149
CONT2025002417,EXPORT,GTI,VC202500149
CONT2025002418,EXPORT,GTI,VC202500149
CONT2025002419,IMPORT,GTI,VC202500149
CONT2025002420,IMPORT,GTI,VC202500149
CONT2025002421,EXPORT,GTI,VC202500149
CONT2025002422,EXPORT,GTI,VC202500149
CONT2025002423,IMPORT,GTI,VC202500149
CONT2025002424,EXPORT,GTI,VC202500149
CONT2025002425,EXPORT,GTI,VC202500149
CONT2025002426,EXPORT,GTI,VC202500149
CONT2025002427,IMPORT,GTI,VC202500149
CONT2025002428,IMPORT,GTI,VC202500149
CONT2025002429,EXPORT,GTI,VC202500149
CONT2025002430,EXPORT,GTI,VC202500149
CONT2025002431,IMPORT,GTI,VC202500149
CONT2025002432,IMPORT,GTI,VC202500149
CONT2025002433,EXPORT,GTI,VC202500149
CONT2025002434,IMPORT,GTI,VC202500149
CONT2025002435,IMPORT,GTI,VC202500149
CONT2025002436,EXPORT,BMCT,VC202500150
CONT2025002437,EXPORT,BMCT,VC202500150
CONT2025002438,EXPORT,BMCT,VC202500150
CONT2025002439,IMPORT,BMCT,VC202500150
CONT2025002440,EXPORT,BMCT,VC202500150
CONT2025002441,IMPORT,BMCT,VC202500150
CONT2025002442,EXPORT,BMCT,VC202500150
CONT2025002443,IMPORT,BMCT,VC202500150
CONT2025002444,EXPORT,NSICT,VC202500151
CONT2025002445,EXPORT,NSICT,VC202500151
CONT2025002446,IMPORT,NSICT,VC202500151
CONT2025002447,IMPORT,NSICT,VC202500151
CONT2025002448,EXPORT,NSICT,VC202500151
CONT2025002449,IMPORT,NSICT,VC202500151
CONT2025002450,IMPORT,NSICT,VC202500151
CONT2025002451,IMPORT,NSICT,VC202500151
CONT2025002452,EXPORT,NSICT,VC202500151
CONT2025002453,IMPORT,NSICT,VC202500151
CONT2025002454,EXPORT,NSICT,VC202500151
CONT2025002455,EXPORT,NSICT,VC202500151
CONT2025002456,EXPORT,NSICT,VC202500151
CONT2025002457,IMPORT,NSICT,VC202500151
CONT2025002458,EXPORT,NSICT,VC202500151
CONT2025002459,EXPORT,GTI,VC202500152
CONT2025002460,IMPORT,GTI,VC202500152
CONT2025002461,IMPORT,GTI,VC202500152
CONT2025002462,EXPORT,GTI,VC202500152
CONT2025002463,IMPORT,GTI,VC202500152
CONT2025002464,IMPORT,GTI,VC202500152
CONT2025002465,EXPORT,GTI,VC202500152
CONT2025002466,IMPORT,GTI,VC202500152
CONT2025002467,EXPORT,GTI,VC202500152
CONT2025002468,EXPORT,GTI,VC202500152
CONT2025002469,EXPORT,GTI,VC202500152
CONT2025002470,EXPORT,GTI,VC202500152
CONT2025002471,EXPORT,GTI,VC202500152
CONT2025002472,IMPORT,GTI,VC202500152
CONT2025002473,EXPORT,GTI,VC202500152
CONT2025002474,EXPORT,GTI,VC202500152
CONT2025002475,EXPORT,GTI,VC202500152
CONT2025002476,IMPORT,GTI,VC202500152
CONT2025002477,EXPORT,GTI,VC202500152
CONT2025002478,EXPORT,GTI,VC202500152
CONT2025002479,EXPORT,GTI,VC202500153
CONT2025002480,IMPORT,GTI,VC202500153
CONT2025002481,IMPORT,GTI,VC202500153
CONT2025002482,EXPORT,GTI,VC202500153
CONT2025002483,IMPORT,GTI,VC202500153
CONT2025002484,EXPORT,GTI,VC202500153
CONT2025002485,IMPORT,GTI,VC202500153
CONT2025002486,IMPORT,GTI,VC202500153
CONT2025002487,IMPORT,GTI,VC202500153
CONT2025002488,EXPORT,GTI,VC202500153
CONT2025002489,IMPORT,GTI,VC202500153
CONT2025002490,EXPORT,GTI,VC202500153
CONT2025002491,IMPORT,GTI,VC202500153
CONT2025002492,EXPORT,GTI,VC202500153
CONT2025002493,EXPORT,GTI,VC202500153
CONT2025002494,EXPORT,GTI,VC202500153
CONT2025002495,EXPORT,GTI,VC202500154
CONT2025002496,IMPORT,GTI,VC202500154
CONT2025002497,IMPORT,GTI,VC202500154
CONT2025002498,EXPORT,GTI,VC202500154
CONT2025002499,IMPORT,GTI,VC202500154
CONT2025002500,IMPORT,GTI,VC202500154
CONT2025002501,IMPORT,GTI,VC202500154
CONT2025002502,EXPORT,GTI,VC202500154
CONT2025002503,EXPORT,GTI,VC202500154
CONT2025002504,EXPORT,GTI,VC202500154
CONT2025002505,EXPORT,GTI,VC202500154
CONT2025002506,IMPORT,GTI,VC202500154
CONT2025002507,IMPORT,GTI,VC202500154
CONT2025002508,EXPORT,GTI,VC202500154
CONT2025002509,EXPORT,GTI,VC202500154
CONT2025002510,EXPORT,GTI,VC202500154
CONT2025002511,EXPORT,GTI,VC202500154
CONT2025002512,EXPORT,GTI,VC202500154
CONT2025002513,IMPORT,GTI,VC202500154
CONT2025002514,EXPORT,GTI,VC202500154
CONT2025002515,IMPORT,NSFT,VC202500155
CONT2025002516,IMPORT,NSFT,VC202500155
CONT2025002517,EXPORT,NSFT,VC202500155
CONT2025002518,IMPORT,NSFT,VC202500155
CONT2025002519,IMPORT,NSFT,VC202500155
CONT2025002520,EXPORT,NSFT,VC202500155
CONT2025002521,IMPORT,NSFT,VC202500155
CONT2025002522,EXPORT,NSFT,VC202500155
CONT2025002523,IMPORT,NSFT,VC202500155
CONT2025002524,IMPORT,NSFT,VC202500155
CONT2025002525,EXPORT,NSFT,VC202500155
CONT2025002526,IMPORT,BMCT,VC202500156
CONT2025002527,EXPORT,BMCT,VC202500156
CONT2025002528,EXPORT,BMCT,VC202500156
CONT2025002529,EXPORT,BMCT,VC202500156
CONT2025002530,EXPORT,BMCT,VC202500156
CONT2025002531,IMPORT,BMCT,VC202500156
CONT2025002532,IMPORT,NSICT,VC202500157
CONT2025002533,EXPORT,NSICT,VC202500157
CONT2025002534,EXPORT,NSICT,VC202500157
CONT2025002535,IMPORT,NSICT,VC202500157
CONT2025002536,EXPORT,NSICT,VC202500157
CONT2025002537,IMPORT,NSICT,VC202500157
CONT2025002538,IMPORT,NSICT,VC202500157
CONT2025002539,IMPORT,NSICT,VC202500157
CONT2025002540,IMPORT,NSICT,VC202500157
CONT2025002541,IMPORT,NSICT,VC202500157
CONT2025002542,EXPORT,NSICT,VC202500157
CONT2025002543,IMPORT,NSICT,VC202500157
CONT2025002544,EXPORT,NSICT,VC202500157
CONT2025002545,EXPORT,NSICT,VC202500157
CONT2025002546,EXPORT,NSICT,VC202500157
CONT2025002547,EXPORT,NSICT,VC202500157
CONT2025002548,EXPORT,NSICT,VC202500157
CONT2025002549,EXPORT,NSICT,VC202500157
CONT2025002550,EXPORT,NSICT,VC202500157
CONT2025002551,IMPORT,NSICT,VC202500157
CONT2025002552,EXPORT,NSICT,VC202500157
CONT2025002553,IMPORT,NSICT,VC202500157
CONT2025002554,IMPORT,NSICT,VC202500157
CONT2025002555,EXPORT,NSFT,VC202500158
CONT2025002556,IMPORT,NSFT,VC202500158
CONT2025002557,EXPORT,NSFT,VC202500158
CONT2025002558,IMPORT,NSFT,VC202500158
CONT2025002559,IMPORT,NSFT,VC202500158
CONT2025002560,EXPORT,NSFT,VC202500158
CONT2025002561,EXPORT,NSFT,VC202500158
CONT2025002562,IMPORT,NSFT,VC202500158
CONT2025002563,IMPORT,NSFT,VC202500158
CONT2025002564,IMPORT,GTI,VC202500159
CONT2025002565,EXPORT,GTI,VC202500159
CONT2025002566,EXPORT,GTI,VC202500159
CONT2025002567,IMPORT,GTI,VC202500159
CONT2025002568,EXPORT,GTI,VC202500159
CONT2025002569,EXPORT,GTI,VC202500159
CONT2025002570,IMPORT,GTI,VC202500159
CONT2025002571,EXPORT,GTI,VC202500159
CONT2025002572,EXPORT,GTI,VC202500159
CONT2025002573,EXPORT,GTI,VC202500159
CONT2025002574,IMPORT,GTI,VC202500159
CONT2025002575,EXPORT,GTI,VC202500159
CONT2025002576,EXPORT,GTI,VC202500159
CONT2025002577,EXPORT,GTI,VC202500159
CONT2025002578,IMPORT,GTI,VC202500159
CONT2025002579,EXPORT,GTI,VC202500159
CONT2025002580,EXPORT,GTI,VC202500159
CONT2025002581,EXPORT,GTI,VC202500159
CONT2025002582,EXPORT,GTI,VC202500159
CONT2025002583,EXPORT,GTI,VC202500159
CONT2025002584,IMPORT,GTI,VC202500159
CONT2025002585,EXPORT,GTI,VC202500159
CONT2025002586,IMPORT,GTI,VC202500159
CONT2025002587,EXPORT,GTI,VC202500159
CONT2025002588,IMPORT,GTI,VC202500159
CONT2025002589,IMPORT,GTI,VC202500159
CONT2025002590,IMPORT,GTI,VC202500159
CONT2025002591,IMPORT,GTI,VC202500159
CONT2025002592,IMPORT,GTI,VC202500159
CONT2025002593,EXPORT,GTI,VC202500159
CONT2025002594,IMPORT,GTI,VC202500159
CONT2025002595,EXPORT,GTI,VC202500159
CONT2025002596,IMPORT,GTI,VC202500159
CONT2025002597,EXPORT,GTI,VC202500159
CONT2025002598,IMPORT,GTI,VC202500159
CONT2025002599,EXPORT,GTI,VC202500159
CONT2025002600,IMPORT,GTI,VC202500159
CONT2025002601,EXPORT,GTI,VC202500159
CONT2025002602,EXPORT,GTI,VC202500159
CONT2025002603,IMPORT,GTI,VC202500159
CONT2025002604,EXPORT,GTI,VC202500159
CONT2025002605,IMPORT,GTI,VC202500159
CONT2025002606,EXPORT,NSIGT,VC202500160
CONT2025002607,EXPORT,NSIGT,VC202500160
CONT2025002608,EXPORT,NSIGT,VC202500160
CONT2025002609,EXPORT,NSIGT,VC202500160
CONT2025002610,IMPORT,NSIGT,VC202500160
CONT2025002611,EXPORT,NSIGT,VC202500160
CONT2025002612,IMPORT,NSIGT,VC202500160
CONT2025002613,IMPORT,NSIGT,VC202500160
CONT2025002614,IMPORT,NSIGT,VC202500160
CONT2025002615,EXPORT,NSIGT,VC202500161
CONT2025002616,IMPORT,NSIGT,VC202500161
CONT2025002617,EXPORT,NSIGT,VC202500161
CONT2025002618,EXPORT,NSIGT,VC202500161
CONT2025002619,EXPORT,NSIGT,VC202500161
CONT2025002620,EXPORT,NSIGT,VC202500161
CONT2025002621,EXPORT,NSIGT,VC202500161
CONT2025002622,IMPORT,NSIGT,VC202500161
CONT2025002623,IMPORT,NSIGT,VC202500161
CONT2025002624,IMPORT,NSIGT,VC202500161
CONT2025002625,IMPORT,NSIGT,VC202500161
CONT2025002626,EXPORT,NSIGT,VC202500161
CONT2025002627,EXPORT,NSICT,VC202500162
CONT2025002628,IMPORT,NSICT,VC202500162
CONT2025002629,EXPORT,NSICT,VC202500162
CONT2025002630,EXPORT,NSICT,VC202500162
CONT2025002631,EXPORT,NSICT,VC202500162
CONT2025002632,EXPORT,NSICT,VC202500162
CONT2025002633,EXPORT,NSICT,VC202500162
CONT2025002634,IMPORT,NSICT,VC202500162
CONT2025002635,IMPORT,NSICT,VC202500162
CONT2025002636,IMPORT,NSICT,VC202500162
CONT2025002637,IMPORT,NSICT,VC202500162
CONT2025002638,EXPORT,NSICT,VC202500162
CONT2025002639,EXPORT,NSICT,VC202500162
CONT2025002640,EXPORT,NSICT,VC202500162
CONT2025002641,IMPORT,NSICT,VC202500162
CONT2025002642,IMPORT,NSFT,VC202500163
CONT2025002643,IMPORT,NSFT,VC202500163
CONT2025002644,IMPORT,NSFT,VC202500163
CONT2025002645,EXPORT,NSFT,VC202500163
CONT2025002646,EXPORT,NSFT,VC202500163
CONT2025002647,EXPORT,NSFT,VC202500163
CONT2025002648,EXPORT,NSFT,VC202500163
CONT2025002649,EXPORT,NSFT,VC202500163
CONT2025002650,EXPORT,NSFT,VC202500163
CONT2025002651,EXPORT,NSFT,VC202500163
CONT2025002652,EXPORT,NSFT,VC202500163
CONT2025002653,IMPORT,BMCT,VC202500164
CONT2025002654,IMPORT,BMCT,VC202500164
CONT2025002655,IMPORT,BMCT,VC202500164
CONT2025002656,EXPORT,BMCT,VC202500164
CONT2025002657,IMPORT,BMCT,VC202500164
CONT2025002658,EXPORT,BMCT,VC202500164
CONT2025002659,EXPORT,BMCT,VC202500164
CONT2025002660,IMPORT,BMCT,VC202500164
CONT2025002661,IMPORT,BMCT,VC202500164
CONT2025002662,IMPORT,BMCT,VC202500164
CONT2025002663,EXPORT,NSICT,VC202500165
CONT2025002664,EXPORT,NSICT,VC202500165
CONT2025002665,IMPORT,NSICT,VC202500165
CONT2025002666,IMPORT,NSICT,VC202500165
CONT2025002667,IMPORT,NSICT,VC202500165
CONT2025002668,IMPORT,NSICT,VC202500165
CONT2025002669,EXPORT,NSICT,VC202500165
CONT2025002670,EXPORT,NSICT,VC202500165
CONT2025002671,EXPORT,NSICT,VC202500165
CONT2025002672,IMPORT,NSICT,VC202500165
CONT2025002673,IMPORT,NSICT,VC202500165
CONT2025002674,IMPORT,NSICT,VC202500165
CONT2025002675,IMPORT,NSICT,VC202500165
CONT2025002676,EXPORT,NSICT,VC202500165
CONT2025002677,IMPORT,NSICT,VC202500165
CONT2025002678,IMPORT,NSICT,VC202500165
CONT2025002679,EXPORT,NSICT,VC202500165
CONT2025002680,IMPORT,NSICT,VC202500165
CONT2025002681,IMPORT,NSICT,VC202500165
CONT2025002682,IMPORT,NSICT,VC202500165
CONT2025002683,EXPORT,NSICT,VC202500165
CONT2025002684,EXPORT,NSICT,VC202500165
CONT2025002685,EXPORT,NSICT,VC202500165
CONT2025002686,IMPORT,NSICT,VC202500165
CONT2025002687,EXPORT,NSICT,VC202500165
CONT2025002688,EXPORT,NSICT,VC202500165
CONT2025002689,IMPORT,NSICT,VC202500165
CONT2025002690,IMPORT,NSIGT,VC202500166
CONT2025002691,EXPORT,NSIGT,VC202500166
CONT2025002692,EXPORT,NSIGT,VC202500166
CONT2025002693,EXPORT,NSIGT,VC202500166
CONT2025002694,IMPORT,NSIGT,VC202500166
CONT2025002695,EXPORT,NSIGT,VC202500166
CONT2025002696,EXPORT,NSIGT,VC202500166
CONT2025002697,EXPORT,NSIGT,VC202500166
CONT2025002698,IMPORT,NSIGT,VC202500166
CONT2025002699,EXPORT,NSIGT,VC202500166
CONT2025002700,EXPORT,NSIGT,VC202500166
CONT2025002701,EXPORT,NSIGT,VC202500166
CONT2025002702,EXPORT,NSIGT,VC202500166
CONT2025002703,EXPORT,NSICT,VC202500167
CONT2025002704,IMPORT,NSICT,VC202500167
CONT2025002705,EXPORT,NSICT,VC202500167
CONT2025002706,IMPORT,NSICT,VC202500167
CONT2025002707,EXPORT,NSICT,VC202500167
CONT2025002708,EXPORT,NSICT,VC202500167
CONT2025002709,EXPORT,NSICT,VC202500167
CONT2025002710,EXPORT,NSICT,VC202500167
CONT2025002711,EXPORT,NSICT,VC202500167
CONT2025002712,EXPORT,NSICT,VC202500168
CONT2025002713,EXPORT,NSICT,VC202500168
CONT2025002714,EXPORT,NSICT,VC202500168
CONT2025002715,EXPORT,NSICT,VC202500168
CONT2025002716,IMPORT,NSICT,VC202500168
CONT2025002717,EXPORT,NSICT,VC202500168
CONT2025002718,IMPORT,NSICT,VC202500168
CONT2025002719,IMPORT,NSICT,VC202500168
CONT2025002720,EXPORT,NSICT,VC202500168
CONT2025002721,IMPORT,NSICT,VC202500168
CONT2025002722,IMPORT,NSICT,VC202500168
CONT2025002723,IMPORT,NSICT,VC202500168
CONT2025002724,IMPORT,NSICT,VC202500168
CONT2025002725,IMPORT,NSICT,VC202500168
CONT2025002726,EXPORT,NSICT,VC202500168
CONT2025002727,EXPORT,NSICT,VC202500168
CONT2025002728,EXPORT,NSICT,VC202500168
CONT2025002729,EXPORT,NSICT,VC202500168
CONT2025002730,EXPORT,NSICT,VC202500168
CONT2025002731,EXPORT,NSIGT,VC202500169
CONT2025002732,EXPORT,NSIGT,VC202500169
CONT2025002733,IMPORT,NSIGT,VC202500169
CONT2025002734,EXPORT,NSIGT,VC202500169
CONT2025002735,IMPORT,NSIGT,VC202500169
CONT2025002736,EXPORT,NSIGT,VC202500169
CONT2025002737,IMPORT,NSIGT,VC202500169
CONT2025002738,IMPORT,NSIGT,VC202500169
CONT2025002739,EXPORT,NSIGT,VC202500169
CONT2025002740,EXPORT,NSIGT,VC202500169
CONT2025002741,EXPORT,NSIGT,VC202500169
CONT2025002742,EXPORT,NSIGT,VC202500169
CONT2025002743,IMPORT,NSIGT,VC202500169
CONT2025002744,EXPORT,NSIGT,VC202500169
CONT2025002745,IMPORT,NSIGT,VC202500169
CONT2025002746,EXPORT,NSIGT,VC202500169
CONT2025002747,EXPORT,BMCT,VC202500170
CONT2025002748,EXPORT,BMCT,VC202500170
CONT2025002749,IMPORT,BMCT,VC202500170
CONT2025002750,EXPORT,BMCT,VC202500170
CONT2025002751,EXPORT,BMCT,VC202500170
CONT2025002752,IMPORT,BMCT,VC202500170
CONT2025002753,IMPORT,BMCT,VC202500170
CONT2025002754,IMPORT,BMCT,VC202500170
CONT2025002755,EXPORT,BMCT,VC202500170
CONT2025002756,EXPORT,BMCT,VC202500170
CONT2025002757,EXPORT,BMCT,VC202500170
CONT2025002758,EXPORT,BMCT,VC202500170
CONT2025002759,IMPORT,BMCT,VC202500170
CONT2025002760,IMPORT,BMCT,VC202500170
CONT2025002761,IMPORT,BMCT,VC202500170
CONT2025002762,EXPORT,BMCT,VC202500170
CONT2025002763,IMPORT,BMCT,VC202500170
CONT2025002764,IMPORT,GTI,VC202500171
CONT2025002765,IMPORT,GTI,VC202500171
CONT2025002766,EXPORT,GTI,VC202500171
CONT2025002767,EXPORT,GTI,VC202500171
CONT2025002768,EXPORT,GTI,VC202500171
CONT2025002769,EXPORT,GTI,VC202500171
CONT2025002770,EXPORT,GTI,VC202500172
CONT2025002771,IMPORT,GTI,VC202500172
CONT2025002772,EXPORT,GTI,VC202500172
CONT2025002773,EXPORT,GTI,VC202500172
CONT2025002774,IMPORT,GTI,VC202500172
CONT2025002775,EXPORT,GTI,VC202500172
CONT2025002776,IMPORT,GTI,VC202500172
CONT2025002777,IMPORT,GTI,VC202500172
CONT2025002778,IMPORT,GTI,VC202500172
CONT2025002779,EXPORT,GTI,VC202500172
CONT2025002780,IMPORT,NSIGT,VC202500173
CONT2025002781,EXPORT,NSIGT,VC202500173
CONT2025002782,EXPORT,NSIGT,VC202500173
CONT2025002783,EXPORT,NSIGT,VC202500173
CONT2025002784,IMPORT,NSIGT,VC202500173
CONT2025002785,IMPORT,NSIGT,VC202500173
CONT2025002786,IMPORT,NSIGT,VC202500173
CONT2025002787,IMPORT,NSIGT,VC202500173
CONT2025002788,IMPORT,NSIGT,VC202500173
CONT2025002789,IMPORT,NSIGT,VC202500173
CONT2025002790,EXPORT,NSIGT,VC202500173
CONT2025002791,IMPORT,NSIGT,VC202500173
CONT2025002792,IMPORT,NSIGT,VC202500173
CONT2025002793,IMPORT,NSIGT,VC202500173
CONT2025002794,EXPORT,NSIGT,VC202500173
CONT2025002795,EXPORT,GTI,VC202500174
CONT2025002796,IMPORT,GTI,VC202500174
CONT2025002797,EXPORT,GTI,VC202500174
CONT2025002798,IMPORT,GTI,VC202500174
CONT2025002799,IMPORT,GTI,VC202500174
CONT2025002800,EXPORT,GTI,VC202500174
CONT2025002801,IMPORT,GTI,VC202500174
CONT2025002802,EXPORT,GTI,VC202500174
CONT2025002803,IMPORT,GTI,VC202500174
CONT2025002804,EXPORT,GTI,VC202500174
CONT2025002805,EXPORT,NSFT,VC202500175
CONT2025002806,EXPORT,NSFT,VC202500175
CONT2025002807,IMPORT,NSFT,VC202500175
CONT2025002808,IMPORT,NSFT,VC202500175
CONT2025002809,EXPORT,NSFT,VC202500175
CONT2025002810,IMPORT,NSFT,VC202500175
CONT2025002811,EXPORT,NSFT,VC202500175
CONT2025002812,IMPORT,NSFT,VC202500175
CONT2025002813,IMPORT,NSFT,VC202500175
CONT2025002814,IMPORT,NSFT,VC202500175
CONT2025002815,EXPORT,NSFT,VC202500175
CONT2025002816,IMPORT,NSFT,VC202500175
CONT2025002817,IMPORT,NSFT,VC202500175
CONT2025002818,EXPORT,NSFT,VC202500175
CONT2025002819,IMPORT,NSFT,VC202500175
CONT2025002820,EXPORT,NSFT,VC202500175
CONT2025002821,EXPORT,NSFT,VC202500175
CONT2025002822,EXPORT,NSFT,VC202500176
CONT2025002823,EXPORT,NSFT,VC202500176
CONT2025002824,IMPORT,NSFT,VC202500176
CONT2025002825,EXPORT,NSFT,VC202500176
CONT2025002826,IMPORT,NSFT,VC202500176
CONT2025002827,EXPORT,NSFT,VC202500176
CONT2025002828,EXPORT,NSFT,VC202500176
CONT2025002829,IMPORT,NSFT,VC202500176
CONT2025002830,EXPORT,NSFT,VC202500176
CONT2025002831,EXPORT,NSFT,VC202500176
CONT2025002832,EXPORT,NSFT,VC202500176
CONT2025002833,EXPORT,BMCT,VC202500177
CONT2025002834,IMPORT,BMCT,VC202500177
CONT2025002835,IMPORT,BMCT,VC202500177
CONT2025002836,EXPORT,BMCT,VC202500177
CONT2025002837,EXPORT,BMCT,VC202500177
CONT2025002838,EXPORT,BMCT,VC202500177
CONT2025002839,IMPORT,BMCT,VC202500177
CONT2025002840,EXPORT,BMCT,VC202500177
CONT2025002841,IMPORT,BMCT,VC202500177
CONT2025002842,IMPORT,BMCT,VC202500177
CONT2025002843,IMPORT,BMCT,VC202500177
CONT2025002844,EXPORT,BMCT,VC202500177
CONT2025002845,EXPORT,BMCT,VC202500177
CONT2025002846,EXPORT,BMCT,VC202500177
CONT2025002847,IMPORT,BMCT,VC202500177
CONT2025002848,EXPORT,BMCT,VC202500177
CONT2025002849,IMPORT,BMCT,VC202500177
CONT2025002850,EXPORT,BMCT,VC202500178
CONT2025002851,IMPORT,BMCT,VC202500178
CONT2025002852,IMPORT,BMCT,VC202500178
CONT2025002853,IMPORT,BMCT,VC202500178
CONT2025002854,IMPORT,BMCT,VC202500178
CONT2025002855,IMPORT,BMCT,VC202500178
CONT2025002856,EXPORT,BMCT,VC202500178
CONT2025002857,IMPORT,BMCT,VC202500178
CONT2025002858,EXPORT,BMCT,VC202500178
CONT2025002859,EXPORT,BMCT,VC202500178
CONT2025002860,EXPORT,BMCT,VC202500178
CONT2025002861,IMPORT,BMCT,VC202500178
CONT2025002862,IMPORT,BMCT,VC202500178
CONT2025002863,EXPORT,GTI,VC202500179
CONT2025002864,IMPORT,GTI,VC202500179
CONT2025002865,EXPORT,GTI,VC202500179
CONT2025002866,EXPORT,GTI,VC202500179
CONT2025002867,EXPORT,GTI,VC202500179
CONT2025002868,IMPORT,GTI,VC202500179
CONT2025002869,IMPORT,GTI,VC202500179
CONT2025002870,EXPORT,GTI,VC202500179
CONT2025002871,IMPORT,GTI,VC202500179
CONT2025002872,IMPORT,GTI,VC202500179
CONT2025002873,EXPORT,GTI,VC202500179
CONT2025002874,IMPORT,GTI,VC202500179
CONT2025002875,IMPORT,BMCT,VC202500180
CONT2025002876,IMPORT,BMCT,VC202500180
CONT2025002877,IMPORT,BMCT,VC202500180
CONT2025002878,EXPORT,BMCT,VC202500180
CONT2025002879,IMPORT,BMCT,VC202500180
CONT2025002880,EXPORT,BMCT,VC202500180
CONT2025002881,IMPORT,BMCT,VC202500180
CONT2025002882,IMPORT,BMCT,VC202500180
CONT2025002883,EXPORT,BMCT,VC202500180
CONT2025002884,IMPORT,BMCT,VC202500180
CONT2025002885,EXPORT,BMCT,VC202500180
CONT2025002886,IMPORT,GTI,VC202500181
CONT2025002887,IMPORT,GTI,VC202500181
CONT2025002888,IMPORT,GTI,VC202500181
CONT2025002889,IMPORT,GTI,VC202500181
CONT2025002890,IMPORT,GTI,VC202500181
CONT2025002891,IMPORT,GTI,VC202500181
CONT2025002892,EXPORT,GTI,VC202500181
CONT2025002893,IMPORT,GTI,VC202500181
CONT2025002894,IMPORT,GTI,VC202500181
CONT2025002895,EXPORT,GTI,VC202500181
CONT2025002896,IMPORT,GTI,VC202500181
CONT2025002897,EXPORT,GTI,VC202500181
CONT2025002898,IMPORT,GTI,VC202500181
CONT2025002899,EXPORT,GTI,VC202500181
CONT2025002900,EXPORT,GTI,VC202500181
CONT2025002901,EXPORT,GTI,VC202500181
CONT2025002902,EXPORT,GTI,VC202500181
CONT2025002903,IMPORT,GTI,VC202500181
CONT2025002904,EXPORT,GTI,VC202500181
CONT2025002905,EXPORT,GTI,VC202500181
CONT2025002906,EXPORT,GTI,VC202500181
CONT2025002907,IMPORT,GTI,VC202500181
CONT2025002908,EXPORT,GTI,VC202500181
CONT2025002909,IMPORT,GTI,VC202500181
CONT2025002910,EXPORT,GTI,VC202500181
CONT2025002911,IMPORT,GTI,VC202500181
CONT2025002912,EXPORT,GTI,VC202500181
CONT2025002913,EXPORT,GTI,VC202500181
CONT2025002914,IMPORT,GTI,VC202500181
CONT2025002915,IMPORT,GTI,VC202500181
CONT2025002916,IMPORT,NSFT,VC202500182
CONT2025002917,IMPORT,NSFT,VC202500182
CONT2025002918,EXPORT,NSFT,VC202500182
CONT2025002919,EXPORT,NSFT,VC202500182
CONT2025002920,IMPORT,NSFT,VC202500182
CONT2025002921,IMPORT,NSFT,VC202500182
CONT2025002922,EXPORT,NSFT,VC202500182
CONT2025002923,EXPORT,NSFT,VC202500182
CONT2025002924,EXPORT,NSFT,VC202500182
CONT2025002925,EXPORT,NSFT,VC202500182
CONT2025002926,IMPORT,NSFT,VC202500182
CONT2025002927,IMPORT,NSFT,VC202500182
CONT2025002928,EXPORT,NSFT,VC202500182
CONT2025002929,IMPORT,NSFT,VC202500182
CONT2025002930,EXPORT,NSFT,VC202500182
CONT2025002931,IMPORT,NSFT,VC202500182
CONT2025002932,IMPORT,NSFT,VC202500183
CONT2025002933,EXPORT,NSFT,VC202500183
CONT2025002934,IMPORT,NSFT,VC202500183
CONT2025002935,IMPORT,NSFT,VC202500183
CONT2025002936,EXPORT,NSFT,VC202500183
CONT2025002937,EXPORT,NSFT,VC202500183
CONT2025002938,EXPORT,NSIGT,VC202500184
CONT2025002939,EXPORT,NSIGT,VC202500184
CONT2025002940,IMPORT,NSIGT,VC202500184
CONT2025002941,EXPORT,NSIGT,VC202500184
CONT2025002942,EXPORT,NSIGT,VC202500184
CONT2025002943,EXPORT,NSIGT,VC202500184
CONT2025002944,IMPORT,GTI,VC202500185
CONT2025002945,IMPORT,GTI,VC202500185
CONT2025002946,IMPORT,GTI,VC202500185
CONT2025002947,EXPORT,GTI,VC202500185
CONT2025002948,IMPORT,GTI,VC202500185
CONT2025002949,EXPORT,GTI,VC202500185
CONT2025002950,EXPORT,GTI,VC202500185
CONT2025002951,EXPORT,GTI,VC202500185
CONT2025002952,IMPORT,GTI,VC202500185
CONT2025002953,EXPORT,GTI,VC202500185
CONT2025002954,EXPORT,NSICT,VC202500186
CONT2025002955,EXPORT,NSICT,VC202500186
CONT2025002956,IMPORT,NSICT,VC202500186
CONT2025002957,EXPORT,NSICT,VC202500186
CONT2025002958,IMPORT,NSICT,VC202500186
CONT2025002959,IMPORT,NSICT,VC202500186
CONT2025002960,EXPORT,NSICT,VC202500186
CONT2025002961,EXPORT,NSICT,VC202500186
CONT2025002962,EXPORT,NSICT,VC202500186
CONT2025002963,IMPORT,NSICT,VC202500186
CONT2025002964,IMPORT,NSICT,VC202500186
CONT2025002965,EXPORT,NSICT,VC202500186
CONT2025002966,EXPORT,NSICT,VC202500186
CONT2025002967,EXPORT,NSICT,VC202500186
CONT2025002968,EXPORT,NSICT,VC202500186
CONT2025002969,IMPORT,NSICT,VC202500187
CONT2025002970,EXPORT,NSICT,VC202500187
CONT2025002971,EXPORT,NSICT,VC202500187
CONT2025002972,IMPORT,NSICT,VC202500187
CONT2025002973,IMPORT,NSICT,VC202500187
CONT2025002974,IMPORT,NSICT,VC202500187
CONT2025002975,EXPORT,NSICT,VC202500187
CONT2025002976,IMPORT,NSICT,VC202500187
CONT2025002977,EXPORT,NSICT,VC202500187
CONT2025002978,EXPORT,NSICT,VC202500187
CONT2025002979,IMPORT,NSICT,VC202500187
CONT2025002980,IMPORT,NSICT,VC202500187
CONT2025002981,IMPORT,NSICT,VC202500187
CONT2025002982,IMPORT,NSICT,VC202500187
CONT2025002983,IMPORT,NSICT,VC202500187
CONT2025002984,EXPORT,NSICT,VC202500187
CONT2025002985,EXPORT,BMCT,VC202500188
CONT2025002986,IMPORT,BMCT,VC202500188
CONT2025002987,EXPORT,BMCT,VC202500188
CONT2025002988,EXPORT,BMCT,VC202500188
CONT2025002989,IMPORT,BMCT,VC202500188
CONT2025002990,IMPORT,BMCT,VC202500188
CONT2025002991,EXPORT,BMCT,VC202500188
CONT2025002992,EXPORT,BMCT,VC202500188
CONT2025002993,EXPORT,BMCT,VC202500188
CONT2025002994,EXPORT,NSFT,VC202500189
CONT2025002995,IMPORT,NSFT,VC202500189
CONT2025002996,IMPORT,NSFT,VC202500189
CONT2025002997,IMPORT,NSFT,VC202500189
CONT2025002998,IMPORT,NSFT,VC202500189
CONT2025002999,IMPORT,NSFT,VC202500189
CONT2025003000,EXPORT,NSFT,VC202500189
CONT2025003001,EXPORT,NSFT,VC202500189
CONT2025003002,IMPORT,BMCT,VC202500190
CONT2025003003,EXPORT,BMCT,VC202500190
CONT2025003004,EXPORT,BMCT,VC202500190
CONT2025003005,IMPORT,BMCT,VC202500190
CONT2025003006,IMPORT,BMCT,VC202500190
CONT2025003007,EXPORT,BMCT,VC202500190
CONT2025003008,IMPORT,BMCT,VC202500190
CONT2025003009,EXPORT,BMCT,VC202500190
CONT2025003010,EXPORT,BMCT,VC202500190
CONT2025003011,EXPORT,BMCT,VC202500190
CONT2025003012,EXPORT,BMCT,VC202500190
CONT2025003013,IMPORT,BMCT,VC202500190
CONT2025003014,EXPORT,BMCT,VC202500190
CONT2025003015,IMPORT,BMCT,VC202500190
CONT2025003016,IMPORT,BMCT,VC202500190
CONT2025003017,IMPORT,BMCT,VC202500190
CONT2025003018,IMPORT,BMCT,VC202500191
CONT2025003019,EXPORT,BMCT,VC202500191
CONT2025003020,IMPORT,BMCT,VC202500191
CONT2025003021,EXPORT,BMCT,VC202500191
CONT2025003022,IMPORT,BMCT,VC202500191
CONT2025003023,EXPORT,BMCT,VC202500191
CONT2025003024,EXPORT,BMCT,VC202500191
CONT2025003025,IMPORT,BMCT,VC202500191
CONT2025003026,IMPORT,BMCT,VC202500191
CONT2025003027,IMPORT,BMCT,VC202500191
CONT2025003028,EXPORT,BMCT,VC202500191
CONT2025003029,EXPORT,BMCT,VC202500191
CONT2025003030,EXPORT,BMCT,VC202500191
CONT2025003031,EXPORT,BMCT,VC202500191
CONT2025003032,IMPORT,BMCT,VC202500191
CONT2025003033,IMPORT,BMCT,VC202500191
CONT2025003034,EXPORT,BMCT,VC202500191
CONT2025003035,EXPORT,NSICT,VC202500192
CONT2025003036,EXPORT,NSICT,VC202500192
CONT2025003037,IMPORT,NSICT,VC202500192
CONT2025003038,IMPORT,NSICT,VC202500192
CONT2025003039,IMPORT,NSICT,VC202500192
CONT2025003040,IMPORT,NSICT,VC202500192
CONT2025003041,IMPORT,NSICT,VC202500192
CONT2025003042,EXPORT,NSICT,VC202500192
CONT2025003043,EXPORT,NSICT,VC202500192
CONT2025003044,EXPORT,NSICT,VC202500192
CONT2025003045,IMPORT,NSICT,VC202500192
CONT2025003046,IMPORT,NSICT,VC202500192
CONT2025003047,IMPORT,NSICT,VC202500192
CONT2025003048,EXPORT,NSICT,VC202500192
CONT2025003049,IMPORT,NSICT,VC202500192
CONT2025003050,IMPORT,NSICT,VC202500192
CONT2025003051,IMPORT,NSICT,VC202500192
CONT2025003052,IMPORT,NSICT,VC202500192
CONT2025003053,IMPORT,NSICT,VC202500192
CONT2025003054,EXPORT,NSICT,VC202500192
CONT2025003055,IMPORT,NSICT,VC202500192
CONT2025003056,IMPORT,NSICT,VC202500192
CONT2025003057,EXPORT,NSICT,VC202500192
CONT2025003058,EXPORT,NSICT,VC202500192
CONT2025003059,IMPORT,NSICT,VC202500192
CONT2025003060,EXPORT,NSICT,VC202500192
CONT2025003061,EXPORT,NSICT,VC202500192
CONT2025003062,EXPORT,NSICT,VC202500192
CONT2025003063,IMPORT,NSICT,VC202500192
CONT2025003064,IMPORT,NSICT,VC202500192
CONT2025003065,IMPORT,NSICT,VC202500192
CONT2025003066,EXPORT,NSICT,VC202500192
CONT2025003067,EXPORT,NSICT,VC202500192
CONT2025003068,EXPORT,NSICT,VC202500192
CONT2025003069,EXPORT,NSICT,VC202500192
CONT2025003070,EXPORT,NSICT,VC202500192
CONT2025003071,EXPORT,NSICT,VC202500192
CONT2025003072,IMPORT,NSICT,VC202500192
CONT2025003073,EXPORT,NSICT,VC202500192
CONT2025003074,EXPORT,NSICT,VC202500192
CONT2025003075,EXPORT,NSICT,VC202500192
CONT2025003076,IMPORT,NSICT,VC202500192
CONT2025003077,IMPORT,NSICT,VC202500192
CONT2025003078,IMPORT,NSICT,VC202500192
CONT2025003079,IMPORT,NSICT,VC202500192
CONT2025003080,EXPORT,NSICT,VC202500192
CONT2025003081,EXPORT,NSICT,VC202500192
CONT2025003082,IMPORT,NSICT,VC202500192
CONT2025003083,IMPORT,NSICT,VC202500192
CONT2025003084,IMPORT,NSICT,VC202500192
CONT2025003085,IMPORT,NSICT,VC202500192
CONT2025003086,IMPORT,NSICT,VC202500192
CONT2025003087,EXPORT,NSICT,VC202500192
CONT2025003088,EXPORT,NSICT,VC202500192
CONT2025003089,IMPORT,NSICT,VC202500192
CONT2025003090,IMPORT,BMCT,VC202500193
CONT2025003091,IMPORT,BMCT,VC202500193
CONT2025003092,EXPORT,BMCT,VC202500193
CONT2025003093,IMPORT,BMCT,VC202500193
CONT2025003094,IMPORT,BMCT,VC202500193
CONT2025003095,IMPORT,BMCT,VC202500193
CONT2025003096,IMPORT,BMCT,VC202500193
CONT2025003097,EXPORT,BMCT,VC202500193
CONT2025003098,EXPORT,BMCT,VC202500193
CONT2025003099,IMPORT,BMCT,VC202500193
CONT2025003100,IMPORT,NSICT,VC202500194
CONT2025003101,IMPORT,NSICT,VC202500194
CONT2025003102,IMPORT,NSICT,VC202500194
CONT2025003103,IMPORT,NSICT,VC202500194
CONT2025003104,IMPORT,NSICT,VC202500194
CONT2025003105,IMPORT,NSICT,VC202500194
CONT2025003106,IMPORT,NSICT,VC202500194
CONT2025003107,IMPORT,NSICT,VC202500194
CONT2025003108,IMPORT,NSICT,VC202500194
CONT2025003109,IMPORT,NSICT,VC202500195
CONT2025003110,EXPORT,NSICT,VC202500195
CONT2025003111,IMPORT,NSICT,VC202500195
CONT2025003112,IMPORT,NSICT,VC202500195
CONT2025003113,EXPORT,NSICT,VC202500195
CONT2025003114,IMPORT,NSICT,VC202500195
CONT2025003115,IMPORT,NSICT,VC202500195
CONT2025003116,IMPORT,NSICT,VC202500195
CONT2025003117,EXPORT,NSICT,VC202500195
CONT2025003118,IMPORT,NSICT,VC202500195
CONT2025003119,EXPORT,NSICT,VC202500195
CONT2025003120,EXPORT,NSICT,VC202500195
CONT2025003121,IMPORT,NSICT,VC202500195
CONT2025003122,IMPORT,NSICT,VC202500195
CONT2025003123,EXPORT,NSICT,VC202500195
CONT2025003124,EXPORT,NSICT,VC202500195
CONT2025003125,EXPORT,NSICT,VC202500195
CONT2025003126,IMPORT,NSICT,VC202500195
CONT2025003127,IMPORT,NSFT,VC202500196
CONT2025003128,EXPORT,NSFT,VC202500196
CONT2025003129,IMPORT,NSFT,VC202500196
CONT2025003130,IMPORT,NSFT,VC202500196
CONT2025003131,IMPORT,NSFT,VC202500196
CONT2025003132,IMPORT,NSFT,VC202500196
CONT2025003133,IMPORT,NSFT,VC202500196
CONT2025003134,EXPORT,NSFT,VC202500196
CONT2025003135,EXPORT,NSFT,VC202500197
CONT2025003136,IMPORT,NSFT,VC202500197
CONT2025003137,EXPORT,NSFT,VC202500197
CONT2025003138,IMPORT,NSFT,VC202500197
CONT2025003139,IMPORT,NSFT,VC202500197
CONT2025003140,EXPORT,NSFT,VC202500197
CONT2025003141,EXPORT,NSFT,VC202500197
CONT2025003142,IMPORT,NSFT,VC202500197
CONT2025003143,EXPORT,NSFT,VC202500197
CONT2025003144,IMPORT,NSFT,VC202500197
CONT2025003145,IMPORT,NSFT,VC202500197
CONT2025003146,IMPORT,NSFT,VC202500197
CONT2025003147,IMPORT,NSFT,VC202500197
CONT2025003148,EXPORT,NSFT,VC202500197
CONT2025003149,IMPORT,NSFT,VC202500197
CONT2025003150,EXPORT,BMCT,VC202500198
CONT2025003151,EXPORT,BMCT,VC202500198
CONT2025003152,EXPORT,BMCT,VC202500198
CONT2025003153,EXPORT,BMCT,VC202500198
CONT2025003154,EXPORT,BMCT,VC202500198
CONT2025003155,IMPORT,BMCT,VC202500198
CONT2025003156,EXPORT,BMCT,VC202500198
CONT2025003157,IMPORT,BMCT,VC202500198
CONT2025003158,EXPORT,BMCT,VC202500198
CONT2025003159,IMPORT,BMCT,VC202500198
CONT2025003160,IMPORT,BMCT,VC202500198
CONT2025003161,EXPORT,BMCT,VC202500198
CONT2025003162,IMPORT,BMCT,VC202500198
CONT2025003163,EXPORT,BMCT,VC202500198
CONT2025003164,EXPORT,BMCT,VC202500198
CONT2025003165,EXPORT,BMCT,VC202500198
CONT2025003166,IMPORT,BMCT,VC202500198
CONT2025003167,EXPORT,BMCT,VC202500198
CONT2025003168,IMPORT,BMCT,VC202500198
CONT2025003169,IMPORT,BMCT,VC202500198
CONT2025003170,EXPORT,BMCT,VC202500198
CONT2025003171,IMPORT,BMCT,VC202500198
CONT2025003172,IMPORT,BMCT,VC202500198
CONT2025003173,IMPORT,BMCT,VC202500198
CONT2025003174,IMPORT,BMCT,VC202500198
CONT2025003175,EXPORT,NSICT,VC202500199
CONT2025003176,EXPORT,NSICT,VC202500199
CONT2025003177,EXPORT,NSICT,VC202500199
CONT2025003178,EXPORT,NSICT,VC202500199
CONT2025003179,IMPORT,NSICT,VC202500199
CONT2025003180,EXPORT,NSICT,VC202500199
CONT2025003181,EXPORT,NSICT,VC202500199
CONT2025003182,IMPORT,NSICT,VC202500199
CONT2025003183,EXPORT,NSICT,VC202500199
CONT2025003184,EXPORT,NSICT,VC202500199
CONT2025003185,EXPORT,NSICT,VC202500199
CONT2025003186,IMPORT,NSICT,VC202500199
CONT2025003187,IMPORT,NSICT,VC202500200
CONT2025003188,IMPORT,NSICT,VC202500200
CONT2025003189,EXPORT,NSICT,VC202500200
CONT2025003190,EXPORT,NSICT,VC202500200
CONT2025003191,EXPORT,NSICT,VC202500200
CONT2025003192,EXPORT,NSICT,VC202500200
CONT2025003193,IMPORT,NSICT,VC202500200
CONT2025003194,IMPORT,NSICT,VC202500200
CONT2025003195,EXPORT,NSICT,VC202500200
CONT2025003196,EXPORT,NSICT,VC202500200
CONT2025003197,EXPORT,NSICT,VC202500200
CONT2025003198,EXPORT,NSICT,VC202500200
CONT2025003199,IMPORT,NSICT,VC202500200
CONT2025003200,IMPORT,NSICT,VC202500200
CONT2025003201,IMPORT,NSICT,VC202500200
CONT2025003202,EXPORT,NSICT,VC202500200
CONT2025003203,EXPORT,NSICT,VC202500200
CONT2025003204,EXPORT,NSICT,VC202500200
CONT2025003205,IMPORT,NSICT,VC202500200
CONT2025003206,IMPORT,NSICT,VC202500200
CONT2025003207,EXPORT,GTI,VC202500201
CONT2025003208,IMPORT,GTI,VC202500201
CONT2025003209,EXPORT,GTI,VC202500201
CONT2025003210,IMPORT,GTI,VC202500201
CONT2025003211,IMPORT,GTI,VC202500201
CONT2025003212,EXPORT,GTI,VC202500201
CONT2025003213,EXPORT,GTI,VC202500201
CONT2025003214,EXPORT,GTI,VC202500201
CONT2025003215,IMPORT,GTI,VC202500201
CONT2025003216,EXPORT,GTI,VC202500201
CONT2025003217,IMPORT,GTI,VC202500201
CONT2025003218,EXPORT,GTI,VC202500201
CONT2025003219,EXPORT,GTI,VC202500201
CONT2025003220,IMPORT,GTI,VC202500201
CONT2025003221,EXPORT,GTI,VC202500201
CONT2025003222,IMPORT,GTI,VC202500201
CONT2025003223,IMPORT,GTI,VC202500201
CONT2025003224,IMPORT,GTI,VC202500201
CONT2025003225,EXPORT,GTI,VC202500201
CONT2025003226,EXPORT,NSICT,VC202500202
CONT2025003227,IMPORT,NSICT,VC202500202
CONT2025003228,EXPORT,NSICT,VC202500202
CONT2025003229,EXPORT,NSICT,VC202500202
CONT2025003230,EXPORT,NSICT,VC202500202
CONT2025003231,IMPORT,NSICT,VC202500202
CONT2025003232,EXPORT,NSICT,VC202500202
CONT2025003233,EXPORT,NSICT,VC202500202
CONT2025003234,EXPORT,NSICT,VC202500202
CONT2025003235,IMPORT,NSICT,VC202500202
CONT2025003236,EXPORT,NSICT,VC202500202
CONT2025003237,IMPORT,NSICT,VC202500202
CONT2025003238,EXPORT,NSICT,VC202500202
CONT2025003239,IMPORT,NSICT,VC202500202
CONT2025003240,IMPORT,NSICT,VC202500202
CONT2025003241,IMPORT,NSICT,VC202500202
CONT2025003242,IMPORT,NSICT,VC202500202
CONT2025003243,IMPORT,NSICT,VC202500202
CONT2025003244,EXPORT,NSICT,VC202500202
CONT2025003245,EXPORT,NSICT,VC202500202
CONT2025003246,EXPORT,NSICT,VC202500202
CONT2025003247,EXPORT,NSICT,VC202500202
CONT2025003248,EXPORT,NSICT,VC202500202
CONT2025003249,IMPORT,NSICT,VC202500202
CONT2025003250,EXPORT,NSIGT,VC202500203
CONT2025003251,EXPORT,NSIGT,VC202500203
CONT2025003252,IMPORT,NSIGT,VC202500203
CONT2025003253,EXPORT,NSIGT,VC202500203
CONT2025003254,EXPORT,NSIGT,VC202500203
CONT2025003255,EXPORT,NSIGT,VC202500203
CONT2025003256,IMPORT,NSFT,VC202500204
CONT2025003257,IMPORT,NSFT,VC202500204
CONT2025003258,EXPORT,NSFT,VC202500204
CONT2025003259,EXPORT,NSFT,VC202500204
CONT2025003260,IMPORT,NSFT,VC202500204
CONT2025003261,IMPORT,NSFT,VC202500204
CONT2025003262,IMPORT,NSFT,VC202500204
CONT2025003263,EXPORT,NSFT,VC202500204
CONT2025003264,EXPORT,NSFT,VC202500204
CONT2025003265,EXPORT,NSFT,VC202500204
CONT2025003266,IMPORT,NSFT,VC202500204
CONT2025003267,EXPORT,NSFT,VC202500204
CONT2025003268,IMPORT,NSFT,VC202500204
CONT2025003269,IMPORT,NSFT,VC202500204
CONT2025003270,IMPORT,NSFT,VC202500204
CONT2025003271,EXPORT,NSFT,VC202500204
CONT2025003272,EXPORT,NSFT,VC202500204
CONT2025003273,EXPORT,NSFT,VC202500204
CONT2025003274,EXPORT,NSFT,VC202500204
CONT2025003275,EXPORT,NSFT,VC202500204
CONT2025003276,EXPORT,NSFT,VC202500204
CONT2025003277,IMPORT,NSFT,VC202500204
CONT2025003278,IMPORT,NSFT,VC202500204
CONT2025003279,EXPORT,NSFT,VC202500204
CONT2025003280,EXPORT,NSFT,VC202500204
CONT2025003281,IMPORT,NSFT,VC202500204
CONT2025003282,EXPORT,NSFT,VC202500204
CONT2025003283,IMPORT,NSFT,VC202500204
CONT2025003284,IMPORT,NSFT,VC202500204
CONT2025003285,EXPORT,NSFT,VC202500204
CONT2025003286,EXPORT,NSFT,VC202500204
CONT2025003287,IMPORT,NSFT,VC202500204
CONT2025003288,IMPORT,NSFT,VC202500204
CONT2025003289,EXPORT,NSFT,VC202500204
CONT2025003290,EXPORT,NSFT,VC202500204
CONT2025003291,EXPORT,GTI,VC202500205
CONT2025003292,EXPORT,GTI,VC202500205
CONT2025003293,IMPORT,GTI,VC202500205
CONT2025003294,IMPORT,GTI,VC202500205
CONT2025003295,EXPORT,GTI,VC202500205
CONT2025003296,EXPORT,GTI,VC202500205
CONT2025003297,EXPORT,NSIGT,VC202500206
CONT2025003298,EXPORT,NSIGT,VC202500206
CONT2025003299,EXPORT,NSIGT,VC202500206
CONT2025003300,EXPORT,NSIGT,VC202500206
CONT2025003301,IMPORT,NSIGT,VC202500206
CONT2025003302,EXPORT,NSIGT,VC202500206
CONT2025003303,IMPORT,NSFT,VC202500207
CONT2025003304,EXPORT,NSFT,VC202500207
CONT2025003305,EXPORT,NSFT,VC202500207
CONT2025003306,IMPORT,NSFT,VC202500207
CONT2025003307,EXPORT,NSFT,VC202500207
CONT2025003308,EXPORT,NSFT,VC202500207
CONT2025003309,IMPORT,NSFT,VC202500207
CONT2025003310,EXPORT,NSFT,VC202500207
CONT2025003311,IMPORT,NSFT,VC202500207
CONT2025003312,IMPORT,NSFT,VC202500207
CONT2025003313,IMPORT,NSFT,VC202500207
CONT2025003314,IMPORT,NSFT,VC202500207
CONT2025003315,IMPORT,NSFT,VC202500207
CONT2025003316,IMPORT,NSFT,VC202500207
CONT2025003317,EXPORT,NSFT,VC202500207
CONT2025003318,IMPORT,NSFT,VC202500207
CONT2025003319,EXPORT,NSFT,VC202500207
CONT2025003320,EXPORT,NSFT,VC202500207
CONT2025003321,IMPORT,NSFT,VC202500207
CONT2025003322,IMPORT,NSFT,VC202500207
CONT2025003323,EXPORT,NSFT,VC202500207
CONT2025003324,IMPORT,NSFT,VC202500207
CONT2025003325,EXPORT,NSFT,VC202500207
CONT2025003326,IMPORT,NSFT,VC202500207
CONT2025003327,EXPORT,NSFT,VC202500207
CONT2025003328,IMPORT,NSFT,VC202500207
CONT2025003329,IMPORT,NSFT,VC202500207
CONT2025003330,IMPORT,NSFT,VC202500207
CONT2025003331,IMPORT,NSFT,VC202500207
CONT2025003332,IMPORT,NSFT,VC202500207
CONT2025003333,EXPORT,NSFT,VC202500207
CONT2025003334,IMPORT,NSFT,VC202500207
CONT2025003335,IMPORT,NSIGT,VC202500208
CONT2025003336,EXPORT,NSIGT,VC202500208
CONT2025003337,EXPORT,NSIGT,VC202500208
CONT2025003338,IMPORT,NSIGT,VC202500208
CONT2025003339,IMPORT,NSIGT,VC202500208
CONT2025003340,IMPORT,NSIGT,VC202500208
CONT2025003341,IMPORT,NSIGT,VC202500208
CONT2025003342,EXPORT,NSIGT,VC202500208
CONT2025003343,IMPORT,NSIGT,VC202500208
CONT2025003344,IMPORT,NSIGT,VC202500208
CONT2025003345,EXPORT,NSIGT,VC202500209
CONT2025003346,IMPORT,NSIGT,VC202500209
CONT2025003347,IMPORT,NSIGT,VC202500209
CONT2025003348,IMPORT,NSIGT,VC202500209
CONT2025003349,EXPORT,NSIGT,VC202500209
CONT2025003350,EXPORT,NSIGT,VC202500209
CONT2025003351,EXPORT,NSIGT,VC202500209
CONT2025003352,IMPORT,NSIGT,VC202500209
CONT2025003353,EXPORT,NSIGT,VC202500209
CONT2025003354,EXPORT,NSIGT,VC202500209
CONT2025003355,EXPORT,NSIGT,VC202500209
CONT2025003356,EXPORT,NSIGT,VC202500209
CONT2025003357,EXPORT,NSIGT,VC202500209
CONT2025003358,EXPORT,NSIGT,VC202500209
CONT2025003359,EXPORT,NSIGT,VC202500210
CONT2025003360,IMPORT,NSIGT,VC202500210
CONT2025003361,IMPORT,NSIGT,VC202500210
CONT2025003362,IMPORT,NSIGT,VC202500210
CONT2025003363,EXPORT,NSIGT,VC202500210
CONT2025003364,EXPORT,NSIGT,VC202500210
CONT2025003365,EXPORT,NSIGT,VC202500210
CONT2025003366,EXPORT,NSIGT,VC202500210
CONT2025003367,IMPORT,NSIGT,VC202500210
CONT2025003368,EXPORT,NSIGT,VC202500210
CONT2025003369,IMPORT,NSIGT,VC202500210
CONT2025003370,IMPORT,NSIGT,VC202500210
CONT2025003371,IMPORT,NSIGT,VC202500210
CONT2025003372,EXPORT,NSIGT,VC202500210
CONT2025003373,IMPORT,NSIGT,VC202500210
CONT2025003374,EXPORT,NSIGT,VC202500210
CONT2025003375,IMPORT,NSIGT,VC202500210
CONT2025003376,EXPORT,NSIGT,VC202500210
CONT2025003377,IMPORT,NSIGT,VC202500210
CONT2025003378,EXPORT,NSIGT,VC202500210
CONT2025003379,IMPORT,NSIGT,VC202500210
CONT2025003380,IMPORT,NSIGT,VC202500210
CONT2025003381,EXPORT,NSIGT,VC202500210
CONT2025003382,EXPORT,NSIGT,VC202500210
CONT2025003383,EXPORT,NSIGT,VC202500210
CONT2025003384,IMPORT,NSIGT,VC202500210
CONT2025003385,IMPORT,NSIGT,VC202500210
CONT2025003386,EXPORT,NSIGT,VC202500210
CONT2025003387,EXPORT,NSIGT,VC202500210
CONT2025003388,IMPORT,NSIGT,VC202500210
CONT2025003389,IMPORT,NSIGT,VC202500210
CONT2025003390,IMPORT,NSIGT,VC202500210
CONT2025003391,EXPORT,NSIGT,VC202500210
CONT2025003392,IMPORT,NSIGT,VC202500210
CONT2025003393,IMPORT,NSIGT,VC202500210
CONT2025003394,IMPORT,NSIGT,VC202500210
CONT2025003395,EXPORT,NSIGT,VC202500210
CONT2025003396,IMPORT,NSIGT,VC202500210
CONT2025003397,IMPORT,NSIGT,VC202500210
CONT2025003398,EXPORT,NSIGT,VC202500210
CONT2025003399,IMPORT,NSIGT,VC202500210
CONT2025003400,IMPORT,NSIGT,VC202500210
CONT2025003401,EXPORT,NSIGT,VC202500210
CONT2025003402,EXPORT,BMCT,VC202500211
CONT2025003403,EXPORT,BMCT,VC202500211
CONT2025003404,EXPORT,BMCT,VC202500211
CONT2025003405,EXPORT,BMCT,VC202500211
CONT2025003406,IMPORT,BMCT,VC202500211
CONT2025003407,EXPORT,BMCT,VC202500211
CONT2025003408,IMPORT,BMCT,VC202500211
CONT2025003409,IMPORT,BMCT,VC202500211
CONT2025003410,IMPORT,BMCT,VC202500211
CONT2025003411,IMPORT,BMCT,VC202500211
CONT2025003412,EXPORT,BMCT,VC202500211
CONT2025003413,IMPORT,BMCT,VC202500211
CONT2025003414,EXPORT,BMCT,VC202500211
CONT2025003415,IMPORT,BMCT,VC202500211
CONT2025003416,IMPORT,BMCT,VC202500211
CONT2025003417,EXPORT,BMCT,VC202500211
CONT2025003418,EXPORT,BMCT,VC202500211
CONT2025003419,EXPORT,BMCT,VC202500211
CONT2025003420,IMPORT,BMCT,VC202500211
CONT2025003421,EXPORT,BMCT,VC202500211
CONT2025003422,IMPORT,BMCT,VC202500211
CONT2025003423,EXPORT,BMCT,VC202500211
CONT2025003424,EXPORT,GTI,VC202500212
CONT2025003425,IMPORT,GTI,VC202500212
CONT2025003426,EXPORT,GTI,VC202500212
CONT2025003427,EXPORT,GTI,VC202500212
CONT2025003428,IMPORT,GTI,VC202500212
CONT2025003429,IMPORT,GTI,VC202500212
CONT2025003430,IMPORT,GTI,VC202500212
CONT2025003431,EXPORT,GTI,VC202500212
CONT2025003432,IMPORT,NSICT,VC202500213
CONT2025003433,EXPORT,NSICT,VC202500213
CONT2025003434,EXPORT,NSICT,VC202500213
CONT2025003435,EXPORT,NSICT,VC202500213
CONT2025003436,EXPORT,NSICT,VC202500213
CONT2025003437,EXPORT,NSICT,VC202500213
CONT2025003438,EXPORT,NSICT,VC202500213
CONT2025003439,IMPORT,NSICT,VC202500213
CONT2025003440,EXPORT,NSICT,VC202500213
CONT2025003441,EXPORT,NSICT,VC202500213
CONT2025003442,IMPORT,NSICT,VC202500213
CONT2025003443,IMPORT,NSICT,VC202500213
CONT2025003444,EXPORT,NSICT,VC202500213
CONT2025003445,EXPORT,NSICT,VC202500213
CONT2025003446,EXPORT,NSICT,VC202500213
CONT2025003447,IMPORT,NSICT,VC202500213
CONT2025003448,IMPORT,NSICT,VC202500213
CONT2025003449,IMPORT,NSICT,VC202500213
CONT2025003450,EXPORT,NSICT,VC202500213
CONT2025003451,EXPORT,NSICT,VC202500213
CONT2025003452,IMPORT,NSICT,VC202500213
CONT2025003453,EXPORT,NSICT,VC202500213
CONT2025003454,EXPORT,NSICT,VC202500213
CONT2025003455,EXPORT,NSICT,VC202500213
CONT2025003456,EXPORT,NSICT,VC202500213
CONT2025003457,EXPORT,NSICT,VC202500213
CONT2025003458,IMPORT,NSICT,VC202500213
CONT2025003459,EXPORT,NSICT,VC202500213
CONT2025003460,IMPORT,NSICT,VC202500213
CONT2025003461,IMPORT,NSICT,VC202500213
CONT2025003462,EXPORT,NSICT,VC202500213
CONT2025003463,IMPORT,NSIGT,VC202500214
CONT2025003464,IMPORT,NSIGT,VC202500214
CONT2025003465,EXPORT,NSIGT,VC202500214
CONT2025003466,IMPORT,NSIGT,VC202500214
CONT2025003467,IMPORT,NSIGT,VC202500214
CONT2025003468,EXPORT,NSIGT,VC202500214
CONT2025003469,IMPORT,NSIGT,VC202500214
CONT2025003470,EXPORT,NSIGT,VC202500215
CONT2025003471,IMPORT,NSIGT,VC202500215
CONT2025003472,IMPORT,NSIGT,VC202500215
CONT2025003473,EXPORT,NSIGT,VC202500215
CONT2025003474,EXPORT,NSIGT,VC202500215
CONT2025003475,EXPORT,NSIGT,VC202500215
CONT2025003476,EXPORT,GTI,VC202500216
CONT2025003477,IMPORT,GTI,VC202500216
CONT2025003478,IMPORT,GTI,VC202500216
CONT2025003479,IMPORT,GTI,VC202500216
CONT2025003480,EXPORT,GTI,VC202500216
CONT2025003481,EXPORT,GTI,VC202500216
CONT2025003482,EXPORT,GTI,VC202500216
CONT2025003483,EXPORT,GTI,VC202500216
CONT2025003484,IMPORT,GTI,VC202500216
CONT2025003485,IMPORT,GTI,VC202500216
CONT2025003486,IMPORT,GTI,VC202500216
CONT2025003487,EXPORT,GTI,VC202500216
CONT2025003488,IMPORT,GTI,VC202500216
CONT2025003489,EXPORT,GTI,VC202500216
CONT2025003490,EXPORT,GTI,VC202500216
CONT2025003491,IMPORT,GTI,VC202500216
CONT2025003492,IMPORT,GTI,VC202500216
CONT2025003493,IMPORT,GTI,VC202500216
CONT2025003494,IMPORT,GTI,VC202500217
CONT2025003495,EXPORT,GTI,VC202500217
CONT2025003496,EXPORT,GTI,VC202500217
CONT2025003497,IMPORT,GTI,VC202500217
CONT2025003498,EXPORT,GTI,VC202500217
CONT2025003499,IMPORT,GTI,VC202500217
CONT2025003500,EXPORT,GTI,VC202500217
CONT2025003501,EXPORT,GTI,VC202500217
CONT2025003502,EXPORT,GTI,VC202500217
CONT2025003503,EXPORT,GTI,VC202500217
CONT2025003504,IMPORT,GTI,VC202500217
CONT2025003505,IMPORT,GTI,VC202500217
CONT2025003506,IMPORT,GTI,VC202500217
CONT2025003507,EXPORT,GTI,VC202500217
CONT2025003508,EXPORT,GTI,VC202500217
CONT2025003509,IMPORT,GTI,VC202500217
CONT2025003510,IMPORT,GTI,VC202500217
CONT2025003511,EXPORT,GTI,VC202500217
CONT2025003512,EXPORT,GTI,VC202500217
CONT2025003513,IMPORT,GTI,VC202500217
CONT2025003514,EXPORT,BMCT,VC202500218
CONT2025003515,EXPORT,BMCT,VC202500218
CONT2025003516,IMPORT,BMCT,VC202500218
CONT2025003517,IMPORT,BMCT,VC202500218
CONT2025003518,IMPORT,BMCT,VC202500218
CONT2025003519,EXPORT,BMCT,VC202500218
CONT2025003520,EXPORT,BMCT,VC202500218
CONT2025003521,EXPORT,BMCT,VC202500218
CONT2025003522,EXPORT,NSICT,VC202500219
CONT2025003523,EXPORT,NSICT,VC202500219
CONT2025003524,IMPORT,NSICT,VC202500219
CONT2025003525,EXPORT,NSICT,VC202500219
CONT2025003526,IMPORT,NSICT,VC202500219
CONT2025003527,EXPORT,NSICT,VC202500219
CONT2025003528,IMPORT,NSICT,VC202500219
CONT2025003529,EXPORT,NSICT,VC202500219
CONT2025003530,IMPORT,NSICT,VC202500219
CONT2025003531,IMPORT,NSICT,VC202500219
CONT2025003532,IMPORT,NSICT,VC202500219
CONT2025003533,IMPORT,NSICT,VC202500219
CONT2025003534,EXPORT,BMCT,VC202500220
CONT2025003535,IMPORT,BMCT,VC202500220
CONT2025003536,EXPORT,BMCT,VC202500220
CONT2025003537,IMPORT,BMCT,VC202500220
CONT2025003538,EXPORT,BMCT,VC202500220
CONT2025003539,EXPORT,BMCT,VC202500220
CONT2025003540,EXPORT,BMCT,VC202500220
CONT2025003541,EXPORT,BMCT,VC202500220
CONT2025003542,EXPORT,BMCT,VC202500220
CONT2025003543,IMPORT,BMCT,VC202500220
CONT2025003544,IMPORT,BMCT,VC202500220
CONT2025003545,IMPORT,BMCT,VC202500220
CONT2025003546,EXPORT,BMCT,VC202500220
CONT2025003547,IMPORT,BMCT,VC202500220
CONT2025003548,EXPORT,BMCT,VC202500220
CONT2025003549,EXPORT,BMCT,VC202500220
CONT2025003550,EXPORT,BMCT,VC202500220
CONT2025003551,IMPORT,BMCT,VC202500220
CONT2025003552,IMPORT,BMCT,VC202500220
CONT2025003553,IMPORT,BMCT,VC202500220
CONT2025003554,IMPORT,BMCT,VC202500220
CONT2025003555,IMPORT,BMCT,VC202500220
CONT2025003556,IMPORT,BMCT,VC202500220
CONT2025003557,EXPORT,BMCT,VC202500221
CONT2025003558,IMPORT,BMCT,VC202500221
CONT2025003559,IMPORT,BMCT,VC202500221
CONT2025003560,EXPORT,BMCT,VC202500221
CONT2025003561,EXPORT,BMCT,VC202500221
CONT2025003562,EXPORT,BMCT,VC202500221
CONT2025003563,IMPORT,BMCT,VC202500221
CONT2025003564,IMPORT,GTI,VC202500222
CONT2025003565,IMPORT,GTI,VC202500222
CONT2025003566,IMPORT,GTI,VC202500222
CONT2025003567,EXPORT,GTI,VC202500222
CONT2025003568,EXPORT,GTI,VC202500222
CONT2025003569,IMPORT,GTI,VC202500222
CONT2025003570,IMPORT,NSFT,VC202500223
CONT2025003571,IMPORT,NSFT,VC202500223
CONT2025003572,IMPORT,NSFT,VC202500223
CONT2025003573,IMPORT,NSFT,VC202500223
CONT2025003574,EXPORT,NSFT,VC202500223
CONT2025003575,IMPORT,NSFT,VC202500223
CONT2025003576,EXPORT,NSFT,VC202500224
CONT2025003577,EXPORT,NSFT,VC202500224
CONT2025003578,IMPORT,NSFT,VC202500224
CONT2025003579,IMPORT,NSFT,VC202500224
CONT2025003580,EXPORT,NSFT,VC202500224
CONT2025003581,EXPORT,NSFT,VC202500224
CONT2025003582,IMPORT,NSFT,VC202500224
CONT2025003583,EXPORT,NSFT,VC202500224
CONT2025003584,EXPORT,NSFT,VC202500224
CONT2025003585,EXPORT,NSFT,VC202500224
CONT2025003586,IMPORT,NSFT,VC202500224
CONT2025003587,IMPORT,NSFT,VC202500224
CONT2025003588,IMPORT,NSFT,VC202500224
CONT2025003589,EXPORT,NSFT,VC202500224
CONT2025003590,EXPORT,NSFT,VC202500224
CONT2025003591,EXPORT,NSFT,VC202500224
CONT2025003592,EXPORT,NSFT,VC202500224
CONT2025003593,IMPORT,NSFT,VC202500224
CONT2025003594,EXPORT,NSFT,VC202500224
CONT2025003595,EXPORT,NSFT,VC202500224
CONT2025003596,IMPORT,NSFT,VC202500224
CONT2025003597,IMPORT,NSFT,VC202500224
CONT2025003598,IMPORT,NSFT,VC202500224
CONT2025003599,EXPORT,NSFT,VC202500224
CONT2025003600,IMPORT,NSFT,VC202500224
CONT2025003601,IMPORT,NSFT,VC202500224
CONT2025003602,EXPORT,NSFT,VC202500224
CONT2025003603,IMPORT,BMCT,VC202500225
CONT2025003604,IMPORT,BMCT,VC202500225
CONT2025003605,IMPORT,BMCT,VC202500225
CONT2025003606,IMPORT,BMCT,VC202500225
CONT2025003607,IMPORT,BMCT,VC202500225
CONT2025003608,IMPORT,BMCT,VC202500225
CONT2025003609,EXPORT,BMCT,VC202500225
CONT2025003610,IMPORT,BMCT,VC202500225
CONT2025003611,EXPORT,GTI,VC202500226
CONT2025003612,EXPORT,GTI,VC202500226
CONT2025003613,EXPORT,GTI,VC202500226
CONT2025003614,IMPORT,GTI,VC202500226
CONT2025003615,EXPORT,GTI,VC202500226
CONT2025003616,IMPORT,GTI,VC202500226
CONT2025003617,IMPORT,GTI,VC202500226
CONT2025003618,EXPORT,GTI,VC202500226
CONT2025003619,EXPORT,GTI,VC202500226
CONT2025003620,IMPORT,GTI,VC202500226
CONT2025003621,IMPORT,NSICT,VC202500227
CONT2025003622,EXPORT,NSICT,VC202500227
CONT2025003623,IMPORT,NSICT,VC202500227
CONT2025003624,EXPORT,NSICT,VC202500227
CONT2025003625,EXPORT,NSICT,VC202500227
CONT2025003626,IMPORT,NSICT,VC202500227
CONT2025003627,EXPORT,NSICT,VC202500227
CONT2025003628,IMPORT,NSICT,VC202500227
CONT2025003629,IMPORT,NSICT,VC202500227
CONT2025003630,EXPORT,NSICT,VC202500227
CONT2025003631,EXPORT,NSICT,VC202500227
CONT2025003632,IMPORT,NSICT,VC202500227
CONT2025003633,EXPORT,NSICT,VC202500227
CONT2025003634,IMPORT,NSICT,VC202500227
CONT2025003635,EXPORT,NSICT,VC202500227
CONT2025003636,IMPORT,NSICT,VC202500227
CONT2025003637,EXPORT,NSICT,VC202500227
CONT2025003638,IMPORT,NSICT,VC202500227
CONT2025003639,EXPORT,NSICT,VC202500227
CONT2025003640,EXPORT,NSICT,VC202500227
CONT2025003641,IMPORT,NSICT,VC202500227
CONT2025003642,IMPORT,NSICT,VC202500227
CONT2025003643,EXPORT,NSICT,VC202500227
CONT2025003644,IMPORT,NSICT,VC202500227
CONT2025003645,IMPORT,NSICT,VC202500227
CONT2025003646,IMPORT,NSICT,VC202500227
CONT2025003647,EXPORT,NSICT,VC202500227
CONT2025003648,EXPORT,NSICT,VC202500227
CONT2025003649,IMPORT,NSICT,VC202500227
CONT2025003650,EXPORT,NSICT,VC202500227
CONT2025003651,IMPORT,NSICT,VC202500227
CONT2025003652,IMPORT,NSICT,VC202500227
CONT2025003653,IMPORT,NSFT,VC202500228
CONT2025003654,EXPORT,NSFT,VC202500228
CONT2025003655,EXPORT,NSFT,VC202500228
CONT2025003656,IMPORT,NSFT,VC202500228
CONT2025003657,EXPORT,NSFT,VC202500228
CONT2025003658,EXPORT,NSFT,VC202500228
CONT2025003659,IMPORT,NSFT,VC202500228
CONT2025003660,IMPORT,NSFT,VC202500228
CONT2025003661,EXPORT,NSFT,VC202500228
CONT2025003662,EXPORT,NSFT,VC202500228
CONT2025003663,IMPORT,NSFT,VC202500228
CONT2025003664,IMPORT,NSFT,VC202500228
CONT2025003665,EXPORT,GTI,VC202500229
CONT2025003666,EXPORT,GTI,VC202500229
CONT2025003667,IMPORT,GTI,VC202500229
CONT2025003668,EXPORT,GTI,VC202500229
CONT2025003669,EXPORT,GTI,VC202500229
CONT2025003670,EXPORT,GTI,VC202500229
CONT2025003671,IMPORT,GTI,VC202500229
CONT2025003672,IMPORT,GTI,VC202500229
CONT2025003673,EXPORT,GTI,VC202500229
CONT2025003674,EXPORT,GTI,VC202500229
CONT2025003675,EXPORT,GTI,VC202500229
CONT2025003676,IMPORT,GTI,VC202500229
CONT2025003677,EXPORT,GTI,VC202500229
CONT2025003678,IMPORT,GTI,VC202500229
CONT2025003679,EXPORT,GTI,VC202500229
CONT2025003680,EXPORT,GTI,VC202500229
CONT2025003681,EXPORT,GTI,VC202500229
CONT2025003682,EXPORT,GTI,VC202500229
CONT2025003683,IMPORT,GTI,VC202500229
CONT2025003684,IMPORT,GTI,VC202500229
CONT2025003685,IMPORT,GTI,VC202500229
CONT2025003686,IMPORT,GTI,VC202500229
CONT2025003687,IMPORT,BMCT,VC202500230
CONT2025003688,IMPORT,BMCT,VC202500230
CONT2025003689,IMPORT,BMCT,VC202500230
CONT2025003690,EXPORT,BMCT,VC202500230
CONT2025003691,EXPORT,BMCT,VC202500230
CONT2025003692,EXPORT,BMCT,VC202500230
CONT2025003693,EXPORT,BMCT,VC202500230
CONT2025003694,IMPORT,NSICT,VC202500231
CONT2025003695,IMPORT,NSICT,VC202500231
CONT2025003696,EXPORT,NSICT,VC202500231
CONT2025003697,IMPORT,NSICT,VC202500231
CONT2025003698,EXPORT,NSICT,VC202500231
CONT2025003699,IMPORT,NSICT,VC202500231
CONT2025003700,EXPORT,NSICT,VC202500231
CONT2025003701,IMPORT,NSICT,VC202500231
CONT2025003702,EXPORT,NSICT,VC202500231
CONT2025003703,EXPORT,NSICT,VC202500231
CONT2025003704,EXPORT,NSICT,VC202500231
CONT2025003705,EXPORT,NSIGT,VC202500232
CONT2025003706,EXPORT,NSIGT,VC202500232
CONT2025003707,EXPORT,NSIGT,VC202500232
CONT2025003708,IMPORT,NSIGT,VC202500232
CONT2025003709,IMPORT,NSIGT,VC202500232
CONT2025003710,IMPORT,NSIGT,VC202500232
CONT2025003711,EXPORT,NSIGT,VC202500232
CONT2025003712,IMPORT,NSIGT,VC202500232
CONT2025003713,EXPORT,NSIGT,VC202500232
CONT2025003714,EXPORT,NSIGT,VC202500232
CONT2025003715,IMPORT,NSIGT,VC202500232
CONT2025003716,IMPORT,NSIGT,VC202500232
CONT2025003717,IMPORT,NSIGT,VC202500232
CONT2025003718,EXPORT,NSIGT,VC202500232
CONT2025003719,EXPORT,NSIGT,VC202500232
CONT2025003720,EXPORT,NSIGT,VC202500232
CONT2025003721,IMPORT,NSIGT,VC202500232
CONT2025003722,IMPORT,NSIGT,VC202500232
CONT2025003723,EXPORT,NSIGT,VC202500232
CONT2025003724,IMPORT,NSIGT,VC202500232
CONT2025003725,EXPORT,NSIGT,VC202500232
CONT2025003726,IMPORT,NSICT,VC202500233
CONT2025003727,EXPORT,NSICT,VC202500233
CONT2025003728,EXPORT,NSICT,VC202500233
CONT2025003729,IMPORT,NSICT,VC202500233
CONT2025003730,IMPORT,NSICT,VC202500233
CONT2025003731,IMPORT,NSICT,VC202500233
CONT2025003732,IMPORT,NSICT,VC202500233
CONT2025003733,IMPORT,NSICT,VC202500233
CONT2025003734,IMPORT,BMCT,VC202500234
CONT2025003735,IMPORT,BMCT,VC202500234
CONT2025003736,EXPORT,BMCT,VC202500234
CONT2025003737,EXPORT,BMCT,VC202500234
CONT2025003738,EXPORT,BMCT,VC202500234
CONT2025003739,IMPORT,BMCT,VC202500234
CONT2025003740,EXPORT,BMCT,VC202500234
CONT2025003741,EXPORT,BMCT,VC202500234
CONT2025003742,EXPORT,BMCT,VC202500234
CONT2025003743,EXPORT,BMCT,VC202500234
CONT2025003744,IMPORT,BMCT,VC202500234
CONT2025003745,EXPORT,BMCT,VC202500234
CONT2025003746,EXPORT,BMCT,VC202500234
CONT2025003747,EXPORT,BMCT,VC202500234
CONT2025003748,IMPORT,BMCT,VC202500234
CONT2025003749,IMPORT,BMCT,VC202500234
CONT2025003750,EXPORT,BMCT,VC202500234
CONT2025003751,IMPORT,BMCT,VC202500234
CONT2025003752,EXPORT,BMCT,VC202500234
CONT2025003753,IMPORT,BMCT,VC202500234
CONT2025003754,IMPORT,BMCT,VC202500234
CONT2025003755,EXPORT,BMCT,VC202500234
CONT2025003756,IMPORT,BMCT,VC202500234
CONT2025003757,IMPORT,BMCT,VC202500234
CONT2025003758,EXPORT,BMCT,VC202500234
CONT2025003759,EXPORT,BMCT,VC202500234
CONT2025003760,EXPORT,BMCT,VC202500234
CONT2025003761,IMPORT,BMCT,VC202500234
CONT2025003762,IMPORT,BMCT,VC202500234
CONT2025003763,EXPORT,BMCT,VC202500234
CONT2025003764,EXPORT,BMCT,VC202500234
CONT2025003765,EXPORT,BMCT,VC202500234
CONT2025003766,EXPORT,BMCT,VC202500234
CONT2025003767,EXPORT,BMCT,VC202500234
CONT2025003768,IMPORT,BMCT,VC202500234
CONT2025003769,IMPORT,BMCT,VC202500234
CONT2025003770,IMPORT,GTI,VC202500235
CONT2025003771,IMPORT,GTI,VC202500235
CONT2025003772,EXPORT,GTI,VC202500235
CONT2025003773,IMPORT,GTI,VC202500235
CONT2025003774,EXPORT,GTI,VC202500235
CONT2025003775,IMPORT,GTI,VC202500235
CONT2025003776,IMPORT,GTI,VC202500235
CONT2025003777,EXPORT,GTI,VC202500235
CONT2025003778,EXPORT,GTI,VC202500235
CONT2025003779,EXPORT,GTI,VC202500235
CONT2025003780,EXPORT,GTI,VC202500235
CONT2025003781,EXPORT,BMCT,VC202500236
CONT2025003782,EXPORT,BMCT,VC202500236
CONT2025003783,IMPORT,BMCT,VC202500236
CONT2025003784,IMPORT,BMCT,VC202500236
CONT2025003785,IMPORT,BMCT,VC202500236
CONT2025003786,EXPORT,BMCT,VC202500236
CONT2025003787,EXPORT,BMCT,VC202500236
CONT2025003788,IMPORT,BMCT,VC202500236
CONT2025003789,IMPORT,BMCT,VC202500236
CONT2025003790,IMPORT,BMCT,VC202500236
CONT2025003791,EXPORT,BMCT,VC202500236
CONT2025003792,IMPORT,BMCT,VC202500236
CONT2025003793,IMPORT,BMCT,VC202500236
CONT2025003794,EXPORT,BMCT,VC202500236
CONT2025003795,EXPORT,BMCT,VC202500236
CONT2025003796,IMPORT,BMCT,VC202500236
CONT2025003797,EXPORT,NSIGT,VC202500237
CONT2025003798,EXPORT,NSIGT,VC202500237
CONT2025003799,EXPORT,NSIGT,VC202500237
CONT2025003800,IMPORT,NSIGT,VC202500237
CONT2025003801,EXPORT,NSIGT,VC202500237
CONT2025003802,IMPORT,NSIGT,VC202500237
CONT2025003803,EXPORT,NSIGT,VC202500237
CONT2025003804,EXPORT,NSIGT,VC202500237
CONT2025003805,IMPORT,NSIGT,VC202500237
CONT2025003806,EXPORT,NSIGT,VC202500237
CONT2025003807,IMPORT,NSIGT,VC202500237
CONT2025003808,IMPORT,NSIGT,VC202500237
CONT2025003809,EXPORT,NSIGT,VC202500237
CONT2025003810,IMPORT,NSIGT,VC202500237
CONT2025003811,EXPORT,NSIGT,VC202500237
CONT2025003812,IMPORT,NSIGT,VC202500237
CONT2025003813,EXPORT,NSIGT,VC202500237
CONT2025003814,EXPORT,NSIGT,VC202500237
CONT2025003815,EXPORT,NSIGT,VC202500237
CONT2025003816,IMPORT,NSFT,VC202500238
CONT2025003817,EXPORT,NSFT,VC202500238
CONT2025003818,EXPORT,NSFT,VC202500238
CONT2025003819,IMPORT,NSFT,VC202500238
CONT2025003820,EXPORT,NSFT,VC202500238
CONT2025003821,EXPORT,NSFT,VC202500238
CONT2025003822,IMPORT,NSFT,VC202500238
CONT2025003823,EXPORT,NSFT,VC202500238
CONT2025003824,IMPORT,NSFT,VC202500238
CONT2025003825,EXPORT,NSFT,VC202500238
CONT2025003826,IMPORT,NSFT,VC202500238
CONT2025003827,EXPORT,NSFT,VC202500238
CONT2025003828,IMPORT,NSFT,VC202500238
CONT2025003829,EXPORT,NSFT,VC202500238
CONT2025003830,IMPORT,NSFT,VC202500238
CONT2025003831,IMPORT,NSFT,VC202500238
CONT2025003832,IMPORT,NSFT,VC202500238
CONT2025003833,EXPORT,NSFT,VC202500238
CONT2025003834,IMPORT,NSFT,VC202500238
CONT2025003835,IMPORT,GTI,VC202500239
CONT2025003836,IMPORT,GTI,VC202500239
CONT2025003837,EXPORT,GTI,VC202500239
CONT2025003838,IMPORT,GTI,VC202500239
CONT2025003839,IMPORT,GTI,VC202500239
CONT2025003840,IMPORT,GTI,VC202500239
CONT2025003841,EXPORT,NSICT,VC202500240
CONT2025003842,IMPORT,NSICT,VC202500240
CONT2025003843,EXPORT,NSICT,VC202500240
CONT2025003844,EXPORT,NSICT,VC202500240
CONT2025003845,EXPORT,NSICT,VC202500240
CONT2025003846,EXPORT,NSICT,VC202500240
CONT2025003847,EXPORT,NSICT,VC202500240
CONT2025003848,IMPORT,NSICT,VC202500240
CONT2025003849,IMPORT,NSICT,VC202500240
CONT2025003850,EXPORT,BMCT,VC202500241
CONT2025003851,EXPORT,BMCT,VC202500241
CONT2025003852,EXPORT,BMCT,VC202500241
CONT2025003853,IMPORT,BMCT,VC202500241
CONT2025003854,EXPORT,BMCT,VC202500241
CONT2025003855,EXPORT,BMCT,VC202500241
CONT2025003856,IMPORT,BMCT,VC202500241
CONT2025003857,EXPORT,BMCT,VC202500241
CONT2025003858,IMPORT,BMCT,VC202500241
CONT2025003859,IMPORT,BMCT,VC202500241
CONT2025003860,EXPORT,BMCT,VC202500241
CONT2025003861,IMPORT,BMCT,VC202500241
CONT2025003862,IMPORT,BMCT,VC202500241
CONT2025003863,IMPORT,BMCT,VC202500241
CONT2025003864,EXPORT,BMCT,VC202500241
CONT2025003865,IMPORT,BMCT,VC202500241
CONT2025003866,IMPORT,BMCT,VC202500241
CONT2025003867,IMPORT,BMCT,VC202500241
CONT2025003868,EXPORT,BMCT,VC202500241
CONT2025003869,IMPORT,BMCT,VC202500241
CONT2025003870,EXPORT,BMCT,VC202500241
CONT2025003871,EXPORT,BMCT,VC202500242
CONT2025003872,IMPORT,BMCT,VC202500242
CONT2025003873,IMPORT,BMCT,VC202500242
CONT2025003874,EXPORT,BMCT,VC202500242
CONT2025003875,IMPORT,BMCT,VC202500242
CONT2025003876,EXPORT,BMCT,VC202500242
CONT2025003877,IMPORT,BMCT,VC202500242
CONT2025003878,IMPORT,BMCT,VC202500242
CONT2025003879,IMPORT,BMCT,VC202500242
CONT2025003880,EXPORT,BMCT,VC202500242
CONT2025003881,IMPORT,BMCT,VC202500242
CONT2025003882,EXPORT,BMCT,VC202500242
CONT2025003883,EXPORT,BMCT,VC202500242
CONT2025003884,IMPORT,BMCT,VC202500242
CONT2025003885,EXPORT,BMCT,VC202500242
CONT2025003886,EXPORT,BMCT,VC202500242
CONT2025003887,IMPORT,BMCT,VC202500242
CONT2025003888,EXPORT,BMCT,VC202500242
CONT2025003889,EXPORT,BMCT,VC202500242
CONT2025003890,EXPORT,BMCT,VC202500242
CONT2025003891,EXPORT,BMCT,VC202500242
CONT2025003892,IMPORT,BMCT,VC202500242
CONT2025003893,EXPORT,BMCT,VC202500242
CONT2025003894,IMPORT,BMCT,VC202500242
CONT2025003895,IMPORT,BMCT,VC202500242
CONT2025003896,IMPORT,NSICT,VC202500243
CONT2025003897,EXPORT,NSICT,VC202500243
CONT2025003898,IMPORT,NSICT,VC202500243
CONT2025003899,EXPORT,NSICT,VC202500243
CONT2025003900,IMPORT,NSICT,VC202500243
CONT2025003901,EXPORT,NSICT,VC202500243
CONT2025003902,EXPORT,NSICT,VC202500243
CONT2025003903,EXPORT,NSICT,VC202500243
CONT2025003904,IMPORT,NSICT,VC202500243
CONT2025003905,IMPORT,NSICT,VC202500243
CONT2025003906,IMPORT,NSICT,VC202500243
CONT2025003907,EXPORT,NSICT,VC202500243
CONT2025003908,EXPORT,NSICT,VC202500243
CONT2025003909,IMPORT,NSICT,VC202500243
CONT2025003910,IMPORT,NSICT,VC202500243
CONT2025003911,IMPORT,NSICT,VC202500243
CONT2025003912,IMPORT,NSICT,VC202500243
CONT2025003913,IMPORT,NSICT,VC202500243
CONT2025003914,IMPORT,NSICT,VC202500243
CONT2025003915,IMPORT,NSICT,VC202500243
CONT2025003916,EXPORT,NSIGT,VC202500244
CONT2025003917,IMPORT,NSIGT,VC202500244
CONT2025003918,IMPORT,NSIGT,VC202500244
CONT2025003919,EXPORT,NSIGT,VC202500244
CONT2025003920,EXPORT,NSIGT,VC202500244
CONT2025003921,IMPORT,NSIGT,VC202500244
CONT2025003922,EXPORT,NSIGT,VC202500244
CONT2025003923,EXPORT,NSIGT,VC202500244
CONT2025003924,IMPORT,NSIGT,VC202500244
CONT2025003925,EXPORT,NSIGT,VC202500244
CONT2025003926,IMPORT,NSIGT,VC202500244
CONT2025003927,IMPORT,NSIGT,VC202500244
CONT2025003928,IMPORT,NSIGT,VC202500244
CONT2025003929,EXPORT,NSIGT,VC202500244
CONT2025003930,EXPORT,NSIGT,VC202500244
CONT2025003931,EXPORT,NSIGT,VC202500244
CONT2025003932,IMPORT,NSIGT,VC202500244
CONT2025003933,EXPORT,NSIGT,VC202500244
CONT2025003934,EXPORT,NSICT,VC202500245
CONT2025003935,EXPORT,NSICT,VC202500245
CONT2025003936,EXPORT,NSICT,VC202500245
CONT2025003937,EXPORT,NSICT,VC202500245
CONT2025003938,EXPORT,NSICT,VC202500245
CONT2025003939,IMPORT,NSICT,VC202500245
CONT2025003940,IMPORT,NSICT,VC202500245
CONT2025003941,EXPORT,NSICT,VC202500245
CONT2025003942,EXPORT,NSICT,VC202500245
CONT2025003943,EXPORT,NSIGT,VC202500246
CONT2025003944,IMPORT,NSIGT,VC202500246
CONT2025003945,EXPORT,NSIGT,VC202500246
CONT2025003946,EXPORT,NSIGT,VC202500246
CONT2025003947,EXPORT,NSIGT,VC202500246
CONT2025003948,IMPORT,NSIGT,VC202500246
CONT2025003949,EXPORT,NSIGT,VC202500246
CONT2025003950,IMPORT,NSIGT,VC202500246
CONT2025003951,IMPORT,NSIGT,VC202500246
CONT2025003952,IMPORT,NSIGT,VC202500246
CONT2025003953,IMPORT,NSIGT,VC202500246
CONT2025003954,EXPORT,GTI,VC202500247
CONT2025003955,EXPORT,GTI,VC202500247
CONT2025003956,IMPORT,GTI,VC202500247
CONT2025003957,IMPORT,GTI,VC202500247
CONT2025003958,EXPORT,GTI,VC202500247
CONT2025003959,EXPORT,GTI,VC202500247
CONT2025003960,EXPORT,GTI,VC202500247
CONT2025003961,EXPORT,GTI,VC202500247
CONT2025003962,EXPORT,GTI,VC202500247
CONT2025003963,EXPORT,GTI,VC202500247
CONT2025003964,IMPORT,GTI,VC202500247
CONT2025003965,EXPORT,GTI,VC202500247
CONT2025003966,EXPORT,GTI,VC202500247
CONT2025003967,EXPORT,GTI,VC202500247
CONT2025003968,IMPORT,GTI,VC202500247
CONT2025003969,EXPORT,GTI,VC202500248
CONT2025003970,EXPORT,GTI,VC202500248
CONT2025003971,IMPORT,GTI,VC202500248
CONT2025003972,IMPORT,GTI,VC202500248
CONT2025003973,EXPORT,GTI,VC202500248
CONT2025003974,EXPORT,GTI,VC202500248
CONT2025003975,IMPORT,GTI,VC202500249
CONT2025003976,EXPORT,GTI,VC202500249
CONT2025003977,EXPORT,GTI,VC202500249
CONT2025003978,EXPORT,GTI,VC202500249
CONT2025003979,IMPORT,GTI,VC202500249
CONT2025003980,IMPORT,GTI,VC202500249
CONT2025003981,IMPORT,GTI,VC202500249
CONT2025003982,EXPORT,GTI,VC202500249
CONT2025003983,EXPORT,GTI,VC202500249
CONT2025003984,EXPORT,GTI,VC202500249
CONT2025003985,EXPORT,GTI,VC202500249
CONT2025003986,EXPORT,GTI,VC202500249
CONT2025003987,IMPORT,GTI,VC202500249
CONT2025003988,EXPORT,GTI,VC202500249
CONT2025003989,IMPORT,GTI,VC202500249
CONT2025003990,EXPORT,GTI,VC202500249
CONT2025003991,EXPORT,GTI,VC202500249
CONT2025003992,EXPORT,GTI,VC202500249
CONT2025003993,EXPORT,GTI,VC202500249
CONT2025003994,IMPORT,GTI,VC202500249
CONT2025003995,IMPORT,GTI,VC202500249
CONT2025003996,EXPORT,BMCT,VC202500250
CONT2025003997,EXPORT,BMCT,VC202500250
CONT2025003998,EXPORT,BMCT,VC202500250
CONT2025003999,IMPORT,BMCT,VC202500250
CONT2025004000,IMPORT,BMCT,VC202500250
CONT2025004001,EXPORT,BMCT,VC202500250
CONT2025004002,EXPORT,BMCT,VC202500250
CONT2025004003,EXPORT,BMCT,VC202500250
CONT2025004004,IMPORT,BMCT,VC202500250
CONT2025004005,EXPORT,BMCT,VC202500250
CONT2025004006,EXPORT,BMCT,VC202500250
CONT2025004007,EXPORT,BMCT,VC202500250
CONT2025004008,IMPORT,BMCT,VC202500250
CONT2025004009,EXPORT,BMCT,VC202500250
CONT2025004010,EXPORT,BMCT,VC202500250
CONT2025004011,IMPORT,BMCT,VC202500250
CONT2025004012,IMPORT,BMCT,VC202500250
CONT2025004013,IMPORT,BMCT,VC202500250
CONT2025004014,EXPORT,BMCT,VC202500250
CONT2025004015,IMPORT,BMCT,VC202500250
CONT2025004016,EXPORT,BMCT,VC202500250
CONT2025004017,EXPORT,BMCT,VC202500250
CONT2025004018,IMPORT,BMCT,VC202500250
CONT2025004019,IMPORT,GTI,VC202500251
CONT2025004020,IMPORT,GTI,VC202500251
CONT2025004021,IMPORT,GTI,VC202500251
CONT2025004022,IMPORT,GTI,VC202500251
CONT2025004023,IMPORT,GTI,VC202500251
CONT2025004024,IMPORT,GTI,VC202500251
CONT2025004025,IMPORT,NSICT,VC202500252
CONT2025004026,EXPORT,NSICT,VC202500252
CONT2025004027,IMPORT,NSICT,VC202500252
CONT2025004028,IMPORT,NSICT,VC202500252
CONT2025004029,IMPORT,NSICT,VC202500252
CONT2025004030,EXPORT,NSICT,VC202500252
CONT2025004031,EXPORT,NSICT,VC202500252
CONT2025004032,IMPORT,NSICT,VC202500252
CONT2025004033,EXPORT,NSICT,VC202500252
CONT2025004034,IMPORT,NSICT,VC202500252
CONT2025004035,IMPORT,NSICT,VC202500252
CONT2025004036,EXPORT,NSICT,VC202500252
CONT2025004037,EXPORT,NSICT,VC202500252
CONT2025004038,EXPORT,NSICT,VC202500252
CONT2025004039,EXPORT,NSICT,VC202500252
CONT2025004040,IMPORT,NSICT,VC202500252
CONT2025004041,IMPORT,NSICT,VC202500252
CONT2025004042,EXPORT,NSICT,VC202500252
CONT2025004043,IMPORT,NSICT,VC202500252
CONT2025004044,IMPORT,NSICT,VC202500252
CONT2025004045,IMPORT,GTI,VC202500253
CONT2025004046,IMPORT,GTI,VC202500253
CONT2025004047,EXPORT,GTI,VC202500253
CONT2025004048,IMPORT,GTI,VC202500253
CONT2025004049,IMPORT,GTI,VC202500253
CONT2025004050,EXPORT,GTI,VC202500253
CONT2025004051,EXPORT,GTI,VC202500253
CONT2025004052,IMPORT,GTI,VC202500253
CONT2025004053,IMPORT,GTI,VC202500253
CONT2025004054,IMPORT,GTI,VC202500253
CONT2025004055,IMPORT,GTI,VC202500253
CONT2025004056,EXPORT,GTI,VC202500253
CONT2025004057,EXPORT,GTI,VC202500253
CONT2025004058,EXPORT,NSICT,VC202500254
CONT2025004059,EXPORT,NSICT,VC202500254
CONT2025004060,EXPORT,NSICT,VC202500254
CONT2025004061,EXPORT,NSICT,VC202500254
CONT2025004062,EXPORT,NSICT,VC202500254
CONT2025004063,EXPORT,NSICT,VC202500254
CONT2025004064,EXPORT,NSFT,VC202500255
CONT2025004065,EXPORT,NSFT,VC202500255
CONT2025004066,EXPORT,NSFT,VC202500255
CONT2025004067,IMPORT,NSFT,VC202500255
CONT2025004068,EXPORT,NSFT,VC202500255
CONT2025004069,IMPORT,NSFT,VC202500255
CONT2025004070,IMPORT,NSFT,VC202500255
CONT2025004071,EXPORT,NSFT,VC202500255
CONT2025004072,IMPORT,NSFT,VC202500255
CONT2025004073,EXPORT,NSFT,VC202500255
CONT2025004074,EXPORT,BMCT,VC202500256
CONT2025004075,IMPORT,BMCT,VC202500256
CONT2025004076,EXPORT,BMCT,VC202500256
CONT2025004077,EXPORT,BMCT,VC202500256
CONT2025004078,EXPORT,BMCT,VC202500256
CONT2025004079,IMPORT,BMCT,VC202500256
CONT2025004080,EXPORT,BMCT,VC202500256
CONT2025004081,IMPORT,BMCT,VC202500256
CONT2025004082,EXPORT,BMCT,VC202500256
CONT2025004083,IMPORT,BMCT,VC202500256
CONT2025004084,IMPORT,BMCT,VC202500256
CONT2025004085,EXPORT,BMCT,VC202500256
CONT2025004086,IMPORT,BMCT,VC202500256
CONT2025004087,IMPORT,NSICT,VC202500257
CONT2025004088,EXPORT,NSICT,VC202500257
CONT2025004089,EXPORT,NSICT,VC202500257
CONT2025004090,EXPORT,NSICT,VC202500257
CONT2025004091,EXPORT,NSICT,VC202500257
CONT2025004092,IMPORT,NSICT,VC202500257
CONT2025004093,IMPORT,NSICT,VC202500257
CONT2025004094,EXPORT,NSICT,VC202500257
CONT2025004095,EXPORT,NSICT,VC202500257
CONT2025004096,EXPORT,NSICT,VC202500257
CONT2025004097,EXPORT,NSICT,VC202500257
CONT2025004098,EXPORT,NSICT,VC202500257
CONT2025004099,EXPORT,NSICT,VC202500257
CONT2025004100,EXPORT,NSICT,VC202500257
CONT2025004101,EXPORT,NSICT,VC202500257
CONT2025004102,IMPORT,NSICT,VC202500257
CONT2025004103,EXPORT,NSICT,VC202500257
CONT2025004104,IMPORT,NSICT,VC202500257
CONT2025004105,IMPORT,NSICT,VC202500257
CONT2025004106,EXPORT,NSICT,VC202500257
CONT2025004107,EXPORT,NSICT,VC202500258
CONT2025004108,EXPORT,NSICT,VC202500258
CONT2025004109,IMPORT,NSICT,VC202500258
CONT2025004110,IMPORT,NSICT,VC202500258
CONT2025004111,EXPORT,NSICT,VC202500258
CONT2025004112,EXPORT,NSICT,VC202500258
CONT2025004113,IMPORT,NSICT,VC202500258
CONT2025004114,IMPORT,NSICT,VC202500258
CONT2025004115,IMPORT,NSICT,VC202500258
CONT2025004116,EXPORT,NSICT,VC202500258
CONT2025004117,EXPORT,NSICT,VC202500258
CONT2025004118,IMPORT,NSICT,VC202500258
CONT2025004119,IMPORT,NSICT,VC202500258
CONT2025004120,EXPORT,NSICT,VC202500258
CONT2025004121,EXPORT,NSICT,VC202500258
CONT2025004122,IMPORT,NSICT,VC202500258
CONT2025004123,EXPORT,NSICT,VC202500258
CONT2025004124,EXPORT,NSICT,VC202500259
CONT2025004125,EXPORT,NSICT,VC202500259
CONT2025004126,IMPORT,NSICT,VC202500259
CONT2025004127,EXPORT,NSICT,VC202500259
CONT2025004128,EXPORT,NSICT,VC202500259
CONT2025004129,EXPORT,NSICT,VC202500259
CONT2025004130,IMPORT,NSFT,VC202500260
CONT2025004131,EXPORT,NSFT,VC202500260
CONT2025004132,IMPORT,NSFT,VC202500260
CONT2025004133,EXPORT,NSFT,VC202500260
CONT2025004134,IMPORT,NSFT,VC202500260
CONT2025004135,IMPORT,NSFT,VC202500260
CONT2025004136,EXPORT,NSFT,VC202500260
CONT2025004137,EXPORT,NSFT,VC202500260
CONT2025004138,EXPORT,NSFT,VC202500260
CONT2025004139,IMPORT,NSFT,VC202500260
CONT2025004140,IMPORT,NSFT,VC202500260
CONT2025004141,IMPORT,NSFT,VC202500260
CONT2025004142,IMPORT,NSFT,VC202500260
CONT2025004143,EXPORT,NSFT,VC202500260
CONT2025004144,EXPORT,NSFT,VC202500260
CONT2025004145,IMPORT,NSFT,VC202500260
CONT2025004146,IMPORT,NSFT,VC202500260
CONT2025004147,EXPORT,GTI,VC202500261
CONT2025004148,IMPORT,GTI,VC202500261
CONT2025004149,IMPORT,GTI,VC202500261
CONT2025004150,IMPORT,GTI,VC202500261
CONT2025004151,EXPORT,GTI,VC202500261
CONT2025004152,EXPORT,GTI,VC202500261
CONT2025004153,EXPORT,GTI,VC202500261
CONT2025004154,EXPORT,GTI,VC202500261
CONT2025004155,EXPORT,GTI,VC202500261
CONT2025004156,EXPORT,GTI,VC202500261
CONT2025004157,IMPORT,GTI,VC202500261
CONT2025004158,IMPORT,NSIGT,VC202500262
CONT2025004159,EXPORT,NSIGT,VC202500262
CONT2025004160,IMPORT,NSIGT,VC202500262
CONT2025004161,IMPORT,NSIGT,VC202500262
CONT2025004162,EXPORT,NSIGT,VC202500262
CONT2025004163,IMPORT,NSIGT,VC202500262
CONT2025004164,EXPORT,NSIGT,VC202500262
CONT2025004165,EXPORT,NSFT,VC202500263
CONT2025004166,EXPORT,NSFT,VC202500263
CONT2025004167,IMPORT,NSFT,VC202500263
CONT2025004168,EXPORT,NSFT,VC202500263
CONT2025004169,EXPORT,NSFT,VC202500263
CONT2025004170,EXPORT,NSFT,VC202500263
CONT2025004171,IMPORT,NSFT,VC202500263
CONT2025004172,IMPORT,NSFT,VC202500264
CONT2025004173,EXPORT,NSFT,VC202500264
CONT2025004174,IMPORT,NSFT,VC202500264
CONT2025004175,IMPORT,NSFT,VC202500264
CONT2025004176,EXPORT,NSFT,VC202500264
CONT2025004177,EXPORT,NSFT,VC202500264
CONT2025004178,IMPORT,NSFT,VC202500264
CONT2025004179,EXPORT,NSFT,VC202500264
CONT2025004180,EXPORT,NSFT,VC202500264
CONT2025004181,IMPORT,NSFT,VC202500264
CONT2025004182,EXPORT,NSFT,VC202500264
CONT2025004183,EXPORT,NSICT,VC202500265
CONT2025004184,EXPORT,NSICT,VC202500265
CONT2025004185,EXPORT,NSICT,VC202500265
CONT2025004186,EXPORT,NSICT,VC202500265
CONT2025004187,EXPORT,NSICT,VC202500265
CONT2025004188,EXPORT,NSICT,VC202500265
CONT2025004189,EXPORT,NSICT,VC202500265
CONT2025004190,IMPORT,NSICT,VC202500265
CONT2025004191,IMPORT,NSICT,VC202500265
CONT2025004192,IMPORT,NSICT,VC202500265
CONT2025004193,EXPORT,NSICT,VC202500265
CONT2025004194,EXPORT,NSICT,VC202500265
CONT2025004195,EXPORT,NSICT,VC202500265
CONT2025004196,IMPORT,NSICT,VC202500265
CONT2025004197,IMPORT,NSICT,VC202500265
CONT2025004198,IMPORT,NSICT,VC202500265
CONT2025004199,EXPORT,NSICT,VC202500265
CONT2025004200,IMPORT,NSICT,VC202500265
CONT2025004201,IMPORT,NSICT,VC202500265
CONT2025004202,IMPORT,NSICT,VC202500265
CONT2025004203,EXPORT,NSICT,VC202500265
CONT2025004204,IMPORT,NSICT,VC202500265
CONT2025004205,IMPORT,NSICT,VC202500265
CONT2025004206,IMPORT,NSICT,VC202500266
CONT2025004207,EXPORT,NSICT,VC202500266
CONT2025004208,EXPORT,NSICT,VC202500266
CONT2025004209,IMPORT,NSICT,VC202500266
CONT2025004210,EXPORT,NSICT,VC202500266
CONT2025004211,EXPORT,NSICT,VC202500266
CONT2025004212,IMPORT,NSICT,VC202500266
CONT2025004213,EXPORT,NSICT,VC202500266
CONT2025004214,IMPORT,NSICT,VC202500266
CONT2025004215,IMPORT,BMCT,VC202500267
CONT2025004216,EXPORT,BMCT,VC202500267
CONT2025004217,EXPORT,BMCT,VC202500267
CONT2025004218,IMPORT,BMCT,VC202500267
CONT2025004219,EXPORT,BMCT,VC202500267
CONT2025004220,IMPORT,BMCT,VC202500267
CONT2025004221,EXPORT,NSIGT,VC202500268
CONT2025004222,IMPORT,NSIGT,VC202500268
CONT2025004223,EXPORT,NSIGT,VC202500268
CONT2025004224,IMPORT,NSIGT,VC202500268
CONT2025004225,EXPORT,NSIGT,VC202500268
CONT2025004226,IMPORT,NSIGT,VC202500268
CONT2025004227,IMPORT,NSIGT,VC202500268
CONT2025004228,EXPORT,NSIGT,VC202500268
CONT2025004229,EXPORT,NSIGT,VC202500268
CONT2025004230,EXPORT,NSIGT,VC202500268
CONT2025004231,IMPORT,NSIGT,VC202500268
CONT2025004232,IMPORT,NSIGT,VC202500268
CONT2025004233,IMPORT,NSIGT,VC202500268
CONT2025004234,IMPORT,NSIGT,VC202500268
CONT2025004235,EXPORT,NSIGT,VC202500268
CONT2025004236,IMPORT,NSIGT,VC202500268
CONT2025004237,IMPORT,NSIGT,VC202500268
CONT2025004238,IMPORT,NSIGT,VC202500268
CONT2025004239,IMPORT,NSIGT,VC202500268
CONT2025004240,IMPORT,NSIGT,VC202500268
CONT2025004241,IMPORT,NSIGT,VC202500268
CONT2025004242,IMPORT,NSIGT,VC202500268
CONT2025004243,IMPORT,NSIGT,VC202500268
CONT2025004244,EXPORT,NSIGT,VC202500268
CONT2025004245,IMPORT,NSIGT,VC202500268
CONT2025004246,IMPORT,NSIGT,VC202500268
CONT2025004247,EXPORT,NSIGT,VC202500268
CONT2025004248,IMPORT,NSIGT,VC202500268
CONT2025004249,IMPORT,NSIGT,VC202500268
CONT2025004250,EXPORT,NSIGT,VC202500268
CONT2025004251,EXPORT,NSIGT,VC202500268
CONT2025004252,IMPORT,NSIGT,VC202500268
CONT2025004253,IMPORT,NSIGT,VC202500268
CONT2025004254,EXPORT,NSIGT,VC202500268
CONT2025004255,EXPORT,NSIGT,VC202500268
CONT2025004256,EXPORT,NSIGT,VC202500268
CONT2025004257,EXPORT,NSIGT,VC202500268
CONT2025004258,IMPORT,NSIGT,VC202500268
CONT2025004259,IMPORT,NSIGT,VC202500268
CONT2025004260,EXPORT,NSICT,VC202500269
CONT2025004261,IMPORT,NSICT,VC202500269
CONT2025004262,IMPORT,NSICT,VC202500269
CONT2025004263,EXPORT,NSICT,VC202500269
CONT2025004264,IMPORT,NSICT,VC202500269
CONT2025004265,IMPORT,NSICT,VC202500269
CONT2025004266,IMPORT,NSICT,VC202500269
CONT2025004267,EXPORT,NSICT,VC202500269
CONT2025004268,IMPORT,NSICT,VC202500269
CONT2025004269,EXPORT,BMCT,VC202500270
CONT2025004270,IMPORT,BMCT,VC202500270
CONT2025004271,IMPORT,BMCT,VC202500270
CONT2025004272,EXPORT,BMCT,VC202500270
CONT2025004273,EXPORT,BMCT,VC202500270
CONT2025004274,IMPORT,BMCT,VC202500270
CONT2025004275,EXPORT,BMCT,VC202500270
CONT2025004276,EXPORT,BMCT,VC202500270
CONT2025004277,IMPORT,BMCT,VC202500270
CONT2025004278,IMPORT,BMCT,VC202500270
CONT2025004279,IMPORT,BMCT,VC202500270
CONT2025004280,EXPORT,BMCT,VC202500270
CONT2025004281,IMPORT,BMCT,VC202500270
CONT2025004282,IMPORT,BMCT,VC202500270
CONT2025004283,IMPORT,BMCT,VC202500270
CONT2025004284,EXPORT,BMCT,VC202500270
CONT2025004285,IMPORT,BMCT,VC202500270
CONT2025004286,EXPORT,BMCT,VC202500270
CONT2025004287,IMPORT,BMCT,VC202500270
CONT2025004288,IMPORT,BMCT,VC202500270
CONT2025004289,EXPORT,BMCT,VC202500270
CONT2025004290,EXPORT,BMCT,VC202500271
CONT2025004291,EXPORT,BMCT,VC202500271
CONT2025004292,IMPORT,BMCT,VC202500271
CONT2025004293,IMPORT,BMCT,VC202500271
CONT2025004294,IMPORT,BMCT,VC202500271
CONT2025004295,EXPORT,BMCT,VC202500271
CONT2025004296,EXPORT,BMCT,VC202500271
CONT2025004297,EXPORT,BMCT,VC202500271
CONT2025004298,EXPORT,BMCT,VC202500271
CONT2025004299,EXPORT,BMCT,VC202500271
CONT2025004300,EXPORT,BMCT,VC202500271
CONT2025004301,IMPORT,BMCT,VC202500271
CONT2025004302,IMPORT,BMCT,VC202500271
CONT2025004303,IMPORT,BMCT,VC202500271
CONT2025004304,IMPORT,BMCT,VC202500271
CONT2025004305,EXPORT,BMCT,VC202500271
CONT2025004306,EXPORT,BMCT,VC202500271
CONT2025004307,IMPORT,BMCT,VC202500271
CONT2025004308,IMPORT,BMCT,VC202500271
CONT2025004309,EXPORT,BMCT,VC202500271
CONT2025004310,IMPORT,BMCT,VC202500271
CONT2025004311,EXPORT,BMCT,VC202500271
CONT2025004312,IMPORT,BMCT,VC202500271
CONT2025004313,EXPORT,BMCT,VC202500271
CONT2025004314,IMPORT,BMCT,VC202500271
CONT2025004315,IMPORT,BMCT,VC202500271
CONT2025004316,EXPORT,BMCT,VC202500271
CONT2025004317,EXPORT,BMCT,VC202500271
CONT2025004318,IMPORT,BMCT,VC202500271
CONT2025004319,IMPORT,BMCT,VC202500271
CONT2025004320,IMPORT,BMCT,VC202500271
CONT2025004321,IMPORT,BMCT,VC202500271
CONT2025004322,EXPORT,BMCT,VC202500271
CONT2025004323,IMPORT,BMCT,VC202500271
CONT2025004324,IMPORT,BMCT,VC202500271
CONT2025004325,IMPORT,BMCT,VC202500271
CONT2025004326,EXPORT,BMCT,VC202500271
CONT2025004327,IMPORT,BMCT,VC202500271
CONT2025004328,IMPORT,NSICT,VC202500272
CONT2025004329,EXPORT,NSICT,VC202500272
CONT2025004330,EXPORT,NSICT,VC202500272
CONT2025004331,EXPORT,NSICT,VC202500272
CONT2025004332,IMPORT,NSICT,VC202500272
CONT2025004333,EXPORT,NSICT,VC202500272
CONT2025004334,EXPORT,NSICT,VC202500272
CONT2025004335,EXPORT,NSICT,VC202500272
CONT2025004336,IMPORT,NSICT,VC202500272
CONT2025004337,IMPORT,NSICT,VC202500272
CONT2025004338,EXPORT,NSICT,VC202500272
CONT2025004339,EXPORT,NSICT,VC202500272
CONT2025004340,IMPORT,BMCT,VC202500273
CONT2025004341,EXPORT,BMCT,VC202500273
CONT2025004342,IMPORT,BMCT,VC202500273
CONT2025004343,EXPORT,BMCT,VC202500273
CONT2025004344,IMPORT,BMCT,VC202500273
CONT2025004345,EXPORT,BMCT,VC202500273
CONT2025004346,IMPORT,NSICT,VC202500274
CONT2025004347,IMPORT,NSICT,VC202500274
CONT2025004348,IMPORT,NSICT,VC202500274
CONT2025004349,IMPORT,NSICT,VC202500274
CONT2025004350,IMPORT,NSICT,VC202500274
CONT2025004351,IMPORT,NSICT,VC202500274
CONT2025004352,IMPORT,NSICT,VC202500274
CONT2025004353,IMPORT,NSICT,VC202500274
CONT2025004354,IMPORT,NSICT,VC202500274
CONT2025004355,EXPORT,NSICT,VC202500275
CONT2025004356,EXPORT,NSICT,VC202500275
CONT2025004357,IMPORT,NSICT,VC202500275
CONT2025004358,IMPORT,NSICT,VC202500275
CONT2025004359,EXPORT,NSICT,VC202500275
CONT2025004360,EXPORT,NSICT,VC202500275
CONT2025004361,IMPORT,NSICT,VC202500275
CONT2025004362,IMPORT,NSICT,VC202500275
CONT2025004363,EXPORT,NSICT,VC202500275
CONT2025004364,IMPORT,NSICT,VC202500275
CONT2025004365,IMPORT,NSICT,VC202500275
CONT2025004366,EXPORT,NSICT,VC202500275
CONT2025004367,IMPORT,NSICT,VC202500275
CONT2025004368,IMPORT,NSICT,VC202500275
CONT2025004369,IMPORT,NSICT,VC202500275
CONT2025004370,IMPORT,NSICT,VC202500275
CONT2025004371,IMPORT,NSICT,VC202500275
CONT2025004372,EXPORT,NSICT,VC202500275
CONT2025004373,EXPORT,NSICT,VC202500275
CONT2025004374,EXPORT,NSICT,VC202500275
CONT2025004375,EXPORT,NSFT,VC202500276
CONT2025004376,EXPORT,NSFT,VC202500276
CONT2025004377,EXPORT,NSFT,VC202500276
CONT2025004378,EXPORT,NSFT,VC202500276
CONT2025004379,IMPORT,NSFT,VC202500276
CONT2025004380,IMPORT,NSFT,VC202500276
CONT2025004381,IMPORT,NSFT,VC202500276
CONT2025004382,EXPORT,NSFT,VC202500276
CONT2025004383,IMPORT,NSFT,VC202500276
CONT2025004384,IMPORT,NSFT,VC202500276
CONT2025004385,IMPORT,NSFT,VC202500276
CONT2025004386,IMPORT,NSFT,VC202500276
CONT2025004387,EXPORT,NSFT,VC202500276
CONT2025004388,IMPORT,NSFT,VC202500276
CONT2025004389,IMPORT,NSFT,VC202500276
CONT2025004390,EXPORT,NSFT,VC202500276
CONT2025004391,EXPORT,NSFT,VC202500277
CONT2025004392,EXPORT,NSFT,VC202500277
CONT2025004393,EXPORT,NSFT,VC202500277
CONT2025004394,IMPORT,NSFT,VC202500277
CONT2025004395,EXPORT,NSFT,VC202500277
CONT2025004396,IMPORT,NSFT,VC202500277
CONT2025004397,IMPORT,NSFT,VC202500277
CONT2025004398,EXPORT,NSFT,VC202500277
CONT2025004399,EXPORT,NSFT,VC202500277
CONT2025004400,IMPORT,NSFT,VC202500277
CONT2025004401,IMPORT,NSFT,VC202500277
CONT2025004402,EXPORT,NSFT,VC202500277
CONT2025004403,IMPORT,NSFT,VC202500277
CONT2025004404,EXPORT,NSFT,VC202500277
CONT2025004405,EXPORT,NSFT,VC202500277
CONT2025004406,EXPORT,NSFT,VC202500277
CONT2025004407,IMPORT,NSFT,VC202500277
CONT2025004408,EXPORT,NSFT,VC202500277
CONT2025004409,EXPORT,NSICT,VC202500278
CONT2025004410,IMPORT,NSICT,VC202500278
CONT2025004411,IMPORT,NSICT,VC202500278
CONT2025004412,IMPORT,NSICT,VC202500278
CONT2025004413,EXPORT,NSICT,VC202500278
CONT2025004414,IMPORT,NSICT,VC202500278
CONT2025004415,EXPORT,NSICT,VC202500278
CONT2025004416,IMPORT,NSICT,VC202500278
CONT2025004417,EXPORT,NSICT,VC202500278
CONT2025004418,EXPORT,NSICT,VC202500278
CONT2025004419,IMPORT,NSICT,VC202500278
CONT2025004420,IMPORT,NSICT,VC202500278
CONT2025004421,EXPORT,NSICT,VC202500278
CONT2025004422,IMPORT,NSICT,VC202500278
CONT2025004423,EXPORT,NSICT,VC202500279
CONT2025004424,EXPORT,NSICT,VC202500279
CONT2025004425,EXPORT,NSICT,VC202500279
CONT2025004426,EXPORT,NSICT,VC202500279
CONT2025004427,EXPORT,NSICT,VC202500279
CONT2025004428,EXPORT,NSICT,VC202500279
CONT2025004429,IMPORT,NSICT,VC202500279
CONT2025004430,EXPORT,NSICT,VC202500279
CONT2025004431,EXPORT,NSICT,VC202500279
CONT2025004432,IMPORT,GTI,VC202500280
CONT2025004433,IMPORT,GTI,VC202500280
CONT2025004434,IMPORT,GTI,VC202500280
CONT2025004435,EXPORT,GTI,VC202500280
CONT2025004436,IMPORT,GTI,VC202500280
CONT2025004437,IMPORT,GTI,VC202500280
CONT2025004438,EXPORT,GTI,VC202500280
CONT2025004439,IMPORT,GTI,VC202500280
CONT2025004440,IMPORT,GTI,VC202500280
CONT2025004441,IMPORT,GTI,VC202500280
CONT2025004442,EXPORT,GTI,VC202500280
CONT2025004443,IMPORT,GTI,VC202500280
CONT2025004444,EXPORT,GTI,VC202500280
CONT2025004445,EXPORT,GTI,VC202500280
CONT2025004446,EXPORT,GTI,VC202500280
CONT2025004447,IMPORT,GTI,VC202500280
CONT2025004448,IMPORT,GTI,VC202500280
CONT2025004449,EXPORT,GTI,VC202500280
CONT2025004450,EXPORT,GTI,VC202500280
CONT2025004451,IMPORT,GTI,VC202500280
CONT2025004452,IMPORT,GTI,VC202500280
CONT2025004453,IMPORT,GTI,VC202500280
CONT2025004454,IMPORT,GTI,VC202500280
CONT2025004455,EXPORT,GTI,VC202500280
CONT2025004456,EXPORT,GTI,VC202500280
CONT2025004457,EXPORT,GTI,VC202500280
CONT2025004458,EXPORT,GTI,VC202500280
CONT2025004459,IMPORT,GTI,VC202500280
CONT2025004460,EXPORT,GTI,VC202500280
CONT2025004461,EXPORT,GTI,VC202500280
CONT2025004462,IMPORT,GTI,VC202500280
CONT2025004463,IMPORT,GTI,VC202500280
CONT2025004464,EXPORT,GTI,VC202500280
CONT2025004465,EXPORT,GTI,VC202500280
CONT2025004466,IMPORT,GTI,VC202500280
CONT2025004467,IMPORT,NSICT,VC202500281
CONT2025004468,IMPORT,NSICT,VC202500281
CONT2025004469,EXPORT,NSICT,VC202500281
CONT2025004470,IMPORT,NSICT,VC202500281
CONT2025004471,IMPORT,NSICT,VC202500281
CONT2025004472,IMPORT,NSICT,VC202500281
CONT2025004473,IMPORT,NSICT,VC202500281
CONT2025004474,IMPORT,NSICT,VC202500281
CONT2025004475,EXPORT,NSICT,VC202500281
CONT2025004476,EXPORT,NSICT,VC202500281
CONT2025004477,IMPORT,NSICT,VC202500281
CONT2025004478,EXPORT,NSICT,VC202500281
CONT2025004479,IMPORT,NSICT,VC202500281
CONT2025004480,EXPORT,NSIGT,VC202500282
CONT2025004481,EXPORT,NSIGT,VC202500282
CONT2025004482,IMPORT,NSIGT,VC202500282
CONT2025004483,EXPORT,NSIGT,VC202500282
CONT2025004484,IMPORT,NSIGT,VC202500282
CONT2025004485,IMPORT,NSIGT,VC202500282
CONT2025004486,IMPORT,NSIGT,VC202500282
CONT2025004487,IMPORT,NSIGT,VC202500282
CONT2025004488,EXPORT,NSIGT,VC202500282
CONT2025004489,EXPORT,NSIGT,VC202500282
CONT2025004490,IMPORT,NSIGT,VC202500282
CONT2025004491,IMPORT,NSIGT,VC202500282
CONT2025004492,EXPORT,NSIGT,VC202500282
CONT2025004493,IMPORT,NSIGT,VC202500282
CONT2025004494,IMPORT,NSIGT,VC202500282
CONT2025004495,IMPORT,NSIGT,VC202500282
CONT2025004496,EXPORT,NSIGT,VC202500282
CONT2025004497,EXPORT,NSIGT,VC202500282
CONT2025004498,IMPORT,NSIGT,VC202500282
CONT2025004499,IMPORT,NSIGT,VC202500282
CONT2025004500,EXPORT,NSIGT,VC202500282
CONT2025004501,IMPORT,NSIGT,VC202500282
CONT2025004502,EXPORT,NSIGT,VC202500282
CONT2025004503,IMPORT,NSFT,VC202500283
CONT2025004504,IMPORT,NSFT,VC202500283
CONT2025004505,EXPORT,NSFT,VC202500283
CONT2025004506,EXPORT,NSFT,VC202500283
CONT2025004507,EXPORT,NSFT,VC202500283
CONT2025004508,EXPORT,NSFT,VC202500283
CONT2025004509,IMPORT,NSFT,VC202500283
CONT2025004510,IMPORT,NSFT,VC202500283
CONT2025004511,EXPORT,NSFT,VC202500283
CONT2025004512,EXPORT,NSFT,VC202500283
CONT2025004513,IMPORT,NSFT,VC202500283
CONT2025004514,IMPORT,NSFT,VC202500283
CONT2025004515,EXPORT,NSIGT,VC202500284
CONT2025004516,EXPORT,NSIGT,VC202500284
CONT2025004517,EXPORT,NSIGT,VC202500284
CONT2025004518,EXPORT,NSIGT,VC202500284
CONT2025004519,EXPORT,NSIGT,VC202500284
CONT2025004520,IMPORT,NSIGT,VC202500284
CONT2025004521,EXPORT,NSIGT,VC202500284
CONT2025004522,IMPORT,NSIGT,VC202500284
CONT2025004523,EXPORT,NSIGT,VC202500284
CONT2025004524,IMPORT,NSIGT,VC202500284
CONT2025004525,EXPORT,NSIGT,VC202500284
CONT2025004526,IMPORT,NSIGT,VC202500284
CONT2025004527,IMPORT,NSIGT,VC202500284
CONT2025004528,IMPORT,NSIGT,VC202500284
CONT2025004529,IMPORT,NSIGT,VC202500284
CONT2025004530,EXPORT,NSIGT,VC202500284
CONT2025004531,IMPORT,NSIGT,VC202500284
CONT2025004532,IMPORT,NSIGT,VC202500284
CONT2025004533,EXPORT,NSIGT,VC202500284
CONT2025004534,IMPORT,NSICT,VC202500285
CONT2025004535,EXPORT,NSICT,VC202500285
CONT2025004536,EXPORT,NSICT,VC202500285
CONT2025004537,IMPORT,NSICT,VC202500285
CONT2025004538,EXPORT,NSICT,VC202500285
CONT2025004539,IMPORT,NSICT,VC202500285
CONT2025004540,EXPORT,NSICT,VC202500285
CONT2025004541,IMPORT,BMCT,VC202500286
CONT2025004542,IMPORT,BMCT,VC202500286
CONT2025004543,EXPORT,BMCT,VC202500286
CONT2025004544,EXPORT,BMCT,VC202500286
CONT2025004545,IMPORT,BMCT,VC202500286
CONT2025004546,EXPORT,BMCT,VC202500286
CONT2025004547,IMPORT,NSICT,VC202500287
CONT2025004548,IMPORT,NSICT,VC202500287
CONT2025004549,IMPORT,NSICT,VC202500287
CONT2025004550,EXPORT,NSICT,VC202500287
CONT2025004551,IMPORT,NSICT,VC202500287
CONT2025004552,EXPORT,NSICT,VC202500287
CONT2025004553,IMPORT,NSICT,VC202500287
CONT2025004554,EXPORT,NSICT,VC202500287
CONT2025004555,IMPORT,NSICT,VC202500287
CONT2025004556,EXPORT,NSICT,VC202500287
CONT2025004557,IMPORT,NSICT,VC202500287
CONT2025004558,EXPORT,NSICT,VC202500287
CONT2025004559,IMPORT,BMCT,VC202500288
CONT2025004560,IMPORT,BMCT,VC202500288
CONT2025004561,EXPORT,BMCT,VC202500288
CONT2025004562,IMPORT,BMCT,VC202500288
CONT2025004563,IMPORT,BMCT,VC202500288
CONT2025004564,IMPORT,BMCT,VC202500288
CONT2025004565,IMPORT,BMCT,VC202500288
CONT2025004566,EXPORT,BMCT,VC202500288
CONT2025004567,EXPORT,BMCT,VC202500288
CONT2025004568,IMPORT,BMCT,VC202500288
CONT2025004569,EXPORT,BMCT,VC202500288
CONT2025004570,IMPORT,BMCT,VC202500288
CONT2025004571,IMPORT,BMCT,VC202500288
CONT2025004572,IMPORT,BMCT,VC202500288
CONT2025004573,IMPORT,BMCT,VC202500288
CONT2025004574,IMPORT,BMCT,VC202500288
CONT2025004575,IMPORT,BMCT,VC202500288
CONT2025004576,IMPORT,BMCT,VC202500288
CONT2025004577,EXPORT,BMCT,VC202500288
CONT2025004578,EXPORT,BMCT,VC202500288
CONT2025004579,EXPORT,BMCT,VC202500288
CONT2025004580,IMPORT,BMCT,VC202500288
CONT2025004581,IMPORT,BMCT,VC202500288
CONT2025004582,IMPORT,BMCT,VC202500288
CONT2025004583,EXPORT,BMCT,VC202500288
CONT2025004584,EXPORT,BMCT,VC202500288
CONT2025004585,IMPORT,BMCT,VC202500288
CONT2025004586,EXPORT,NSIGT,VC202500289
CONT2025004587,EXPORT,NSIGT,VC202500289
CONT2025004588,EXPORT,NSIGT,VC202500289
CONT2025004589,EXPORT,NSIGT,VC202500289
CONT2025004590,EXPORT,NSIGT,VC202500289
CONT2025004591,EXPORT,NSIGT,VC202500289
CONT2025004592,IMPORT,NSIGT,VC202500289
CONT2025004593,IMPORT,NSIGT,VC202500289
CONT2025004594,IMPORT,NSIGT,VC202500289
CONT2025004595,EXPORT,NSIGT,VC202500289
CONT2025004596,IMPORT,NSIGT,VC202500289
CONT2025004597,IMPORT,NSIGT,VC202500289
CONT2025004598,IMPORT,NSIGT,VC202500289
CONT2025004599,EXPORT,NSIGT,VC202500289
CONT2025004600,EXPORT,NSIGT,VC202500289
CONT2025004601,EXPORT,NSIGT,VC202500289
CONT2025004602,IMPORT,NSIGT,VC202500289
CONT2025004603,IMPORT,NSIGT,VC202500289
CONT2025004604,EXPORT,NSFT,VC202500290
CONT2025004605,IMPORT,NSFT,VC202500290
CONT2025004606,EXPORT,NSFT,VC202500290
CONT2025004607,EXPORT,NSFT,VC202500290
CONT2025004608,IMPORT,NSFT,VC202500290
CONT2025004609,IMPORT,NSFT,VC202500290
CONT2025004610,IMPORT,NSFT,VC202500290
CONT2025004611,IMPORT,NSFT,VC202500290
CONT2025004612,EXPORT,NSFT,VC202500290
CONT2025004613,EXPORT,NSFT,VC202500290
CONT2025004614,IMPORT,NSFT,VC202500290
CONT2025004615,IMPORT,NSFT,VC202500290
CONT2025004616,EXPORT,NSFT,VC202500290
CONT2025004617,EXPORT,NSFT,VC202500290
CONT2025004618,IMPORT,NSFT,VC202500290
CONT2025004619,EXPORT,NSFT,VC202500290
CONT2025004620,IMPORT,NSFT,VC202500290
CONT2025004621,IMPORT,GTI,VC202500291
CONT2025004622,EXPORT,GTI,VC202500291
CONT2025004623,EXPORT,GTI,VC202500291
CONT2025004624,IMPORT,GTI,VC202500291
CONT2025004625,IMPORT,GTI,VC202500291
CONT2025004626,IMPORT,GTI,VC202500291
CONT2025004627,EXPORT,GTI,VC202500291
CONT2025004628,IMPORT,GTI,VC202500292
CONT2025004629,EXPORT,GTI,VC202500292
CONT2025004630,EXPORT,GTI,VC202500292
CONT2025004631,EXPORT,GTI,VC202500292
CONT2025004632,IMPORT,GTI,VC202500292
CONT2025004633,IMPORT,GTI,VC202500292
CONT2025004634,IMPORT,GTI,VC202500292
CONT2025004635,IMPORT,GTI,VC202500292
CONT2025004636,IMPORT,GTI,VC202500292
CONT2025004637,IMPORT,GTI,VC202500292
CONT2025004638,EXPORT,GTI,VC202500292
CONT2025004639,EXPORT,GTI,VC202500292
CONT2025004640,IMPORT,GTI,VC202500292
CONT2025004641,IMPORT,GTI,VC202500292
CONT2025004642,IMPORT,GTI,VC202500292
CONT2025004643,IMPORT,GTI,VC202500292
CONT2025004644,IMPORT,GTI,VC202500292
CONT2025004645,IMPORT,GTI,VC202500292
CONT2025004646,IMPORT,GTI,VC202500292
CONT2025004647,EXPORT,GTI,VC202500292
CONT2025004648,IMPORT,GTI,VC202500292
CONT2025004649,IMPORT,GTI,VC202500292
CONT2025004650,IMPORT,GTI,VC202500292
CONT2025004651,EXPORT,NSICT,VC202500293
CONT2025004652,IMPORT,NSICT,VC202500293
CONT2025004653,EXPORT,NSICT,VC202500293
CONT2025004654,IMPORT,NSICT,VC202500293
CONT2025004655,EXPORT,NSICT,VC202500293
CONT2025004656,IMPORT,NSICT,VC202500293
CONT2025004657,IMPORT,NSICT,VC202500293
CONT2025004658,EXPORT,NSIGT,VC202500294
CONT2025004659,EXPORT,NSIGT,VC202500294
CONT2025004660,IMPORT,NSIGT,VC202500294
CONT2025004661,IMPORT,NSIGT,VC202500294
CONT2025004662,EXPORT,NSIGT,VC202500294
CONT2025004663,IMPORT,NSIGT,VC202500294
CONT2025004664,IMPORT,NSIGT,VC202500294
CONT2025004665,EXPORT,NSIGT,VC202500294
CONT2025004666,IMPORT,GTI,VC202500295
CONT2025004667,IMPORT,GTI,VC202500295
CONT2025004668,IMPORT,GTI,VC202500295
CONT2025004669,IMPORT,GTI,VC202500295
CONT2025004670,IMPORT,GTI,VC202500295
CONT2025004671,IMPORT,GTI,VC202500295
CONT2025004672,EXPORT,GTI,VC202500296
CONT2025004673,IMPORT,GTI,VC202500296
CONT2025004674,EXPORT,GTI,VC202500296
CONT2025004675,IMPORT,GTI,VC202500296
CONT2025004676,EXPORT,GTI,VC202500296
CONT2025004677,EXPORT,GTI,VC202500296
CONT2025004678,EXPORT,GTI,VC202500296
CONT2025004679,EXPORT,GTI,VC202500296
CONT2025004680,EXPORT,GTI,VC202500296
CONT2025004681,EXPORT,GTI,VC202500296
CONT2025004682,IMPORT,GTI,VC202500296
CONT2025004683,EXPORT,GTI,VC202500296
CONT2025004684,EXPORT,GTI,VC202500296
CONT2025004685,EXPORT,GTI,VC202500296
CONT2025004686,IMPORT,GTI,VC202500296
CONT2025004687,IMPORT,GTI,VC202500296
CONT2025004688,EXPORT,GTI,VC202500296
CONT2025004689,IMPORT,GTI,VC202500296
CONT2025004690,IMPORT,GTI,VC202500296
CONT2025004691,IMPORT,NSFT,VC202500297
CONT2025004692,IMPORT,NSFT,VC202500297
CONT2025004693,EXPORT,NSFT,VC202500297
CONT2025004694,IMPORT,NSFT,VC202500297
CONT2025004695,IMPORT,NSFT,VC202500297
CONT2025004696,IMPORT,NSFT,VC202500297
CONT2025004697,EXPORT,NSFT,VC202500297
CONT2025004698,EXPORT,NSFT,VC202500297
CONT2025004699,IMPORT,NSFT,VC202500297
CONT2025004700,EXPORT,NSFT,VC202500297
CONT2025004701,EXPORT,NSIGT,VC202500298
CONT2025004702,IMPORT,NSIGT,VC202500298
CONT2025004703,EXPORT,NSIGT,VC202500298
CONT2025004704,IMPORT,NSIGT,VC202500298
CONT2025004705,EXPORT,NSIGT,VC202500298
CONT2025004706,EXPORT,NSIGT,VC202500298
CONT2025004707,IMPORT,NSIGT,VC202500298
CONT2025004708,EXPORT,NSIGT,VC202500298
CONT2025004709,EXPORT,NSFT,VC202500299
CONT2025004710,IMPORT,NSFT,VC202500299
CONT2025004711,IMPORT,NSFT,VC202500299
CONT2025004712,EXPORT,NSFT,VC202500299
CONT2025004713,EXPORT,NSFT,VC202500299
CONT2025004714,EXPORT,NSFT,VC202500299
CONT2025004715,IMPORT,NSFT,VC202500299
CONT2025004716,EXPORT,NSFT,VC202500299
CONT2025004717,IMPORT,NSFT,VC202500299
CONT2025004718,EXPORT,NSFT,VC202500299
CONT2025004719,IMPORT,NSFT,VC202500299
CONT2025004720,EXPORT,NSFT,VC202500299
CONT2025004721,EXPORT,NSICT,VC202500300
CONT2025004722,EXPORT,NSICT,VC202500300
CONT2025004723,EXPORT,NSICT,VC202500300
CONT2025004724,IMPORT,NSICT,VC202500300
CONT2025004725,IMPORT,NSICT,VC202500300
CONT2025004726,EXPORT,NSICT,VC202500300
CONT2025004727,EXPORT,NSICT,VC202500300
CONT2025004728,IMPORT,NSICT,VC202500300
CONT2025004729,IMPORT,NSICT,VC202500300
CONT2025004730,IMPORT,NSICT,VC202500300
CONT2025004731,IMPORT,NSICT,VC202500300
CONT2025004732,EXPORT,NSICT,VC202500300
CONT2025004733,IMPORT,BMCT,VC202500301
CONT2025004734,IMPORT,BMCT,VC202500301
CONT2025004735,IMPORT,BMCT,VC202500301
CONT2025004736,IMPORT,BMCT,VC202500301
CONT2025004737,IMPORT,BMCT,VC202500301
CONT2025004738,IMPORT,BMCT,VC202500301
CONT2025004739,IMPORT,BMCT,VC202500301
CONT2025004740,IMPORT,BMCT,VC202500301
CONT2025004741,EXPORT,BMCT,VC202500301
CONT2025004742,IMPORT,BMCT,VC202500301
CONT2025004743,EXPORT,BMCT,VC202500301
CONT2025004744,EXPORT,BMCT,VC202500301
CONT2025004745,EXPORT,BMCT,VC202500301
CONT2025004746,IMPORT,BMCT,VC202500301
CONT2025004747,IMPORT,BMCT,VC202500301
CONT2025004748,IMPORT,BMCT,VC202500301
CONT2025004749,IMPORT,BMCT,VC202500301
CONT2025004750,EXPORT,BMCT,VC202500301
CONT2025004751,EXPORT,BMCT,VC202500301
CONT2025004752,IMPORT,NSICT,VC202500302
CONT2025004753,EXPORT,NSICT,VC202500302
CONT2025004754,IMPORT,NSICT,VC202500302
CONT2025004755,EXPORT,NSICT,VC202500302
CONT2025004756,IMPORT,NSICT,VC202500302
CONT2025004757,IMPORT,NSICT,VC202500302
CONT2025004758,EXPORT,NSICT,VC202500302
CONT2025004759,EXPORT,NSICT,VC202500302
CONT2025004760,EXPORT,NSIGT,VC202500303
CONT2025004761,EXPORT,NSIGT,VC202500303
CONT2025004762,IMPORT,NSIGT,VC202500303
CONT2025004763,EXPORT,NSIGT,VC202500303
CONT2025004764,IMPORT,NSIGT,VC202500303
CONT2025004765,EXPORT,NSIGT,VC202500303
CONT2025004766,EXPORT,NSIGT,VC202500303
CONT2025004767,EXPORT,NSIGT,VC202500303
CONT2025004768,IMPORT,NSIGT,VC202500303
CONT2025004769,IMPORT,NSIGT,VC202500303
CONT2025004770,IMPORT,NSIGT,VC202500303
CONT2025004771,EXPORT,NSIGT,VC202500303
CONT2025004772,IMPORT,NSIGT,VC202500303
CONT2025004773,IMPORT,GTI,VC202500304
CONT2025004774,IMPORT,GTI,VC202500304
CONT2025004775,EXPORT,GTI,VC202500304
CONT2025004776,IMPORT,GTI,VC202500304
CONT2025004777,IMPORT,GTI,VC202500304
CONT2025004778,EXPORT,GTI,VC202500304
CONT2025004779,IMPORT,GTI,VC202500304
CONT2025004780,IMPORT,NSICT,VC202500305
CONT2025004781,EXPORT,NSICT,VC202500305
CONT2025004782,EXPORT,NSICT,VC202500305
CONT2025004783,IMPORT,NSICT,VC202500305
CONT2025004784,EXPORT,NSICT,VC202500305
CONT2025004785,IMPORT,NSICT,VC202500305
CONT2025004786,IMPORT,BMCT,VC202500306
CONT2025004787,IMPORT,BMCT,VC202500306
CONT2025004788,IMPORT,BMCT,VC202500306
CONT2025004789,IMPORT,BMCT,VC202500306
CONT2025004790,EXPORT,BMCT,VC202500306
CONT2025004791,IMPORT,BMCT,VC202500306
CONT2025004792,IMPORT,BMCT,VC202500306
CONT2025004793,IMPORT,BMCT,VC202500306
CONT2025004794,IMPORT,BMCT,VC202500306
CONT2025004795,EXPORT,BMCT,VC202500306
CONT2025004796,EXPORT,BMCT,VC202500306
CONT2025004797,EXPORT,BMCT,VC202500306
CONT2025004798,IMPORT,BMCT,VC202500306
CONT2025004799,IMPORT,BMCT,VC202500306
CONT2025004800,IMPORT,BMCT,VC202500306
CONT2025004801,EXPORT,BMCT,VC202500306
CONT2025004802,EXPORT,BMCT,VC202500306
CONT2025004803,IMPORT,BMCT,VC202500306
CONT2025004804,EXPORT,BMCT,VC202500306
CONT2025004805,IMPORT,BMCT,VC202500306
CONT2025004806,EXPORT,BMCT,VC202500306
CONT2025004807,IMPORT,BMCT,VC202500306
CONT2025004808,IMPORT,BMCT,VC202500306
CONT2025004809,IMPORT,BMCT,VC202500306
CONT2025004810,IMPORT,BMCT,VC202500306
CONT2025004811,EXPORT,BMCT,VC202500306
CONT2025004812,EXPORT,BMCT,VC202500306
CONT2025004813,EXPORT,BMCT,VC202500306
CONT2025004814,EXPORT,BMCT,VC202500306
CONT2025004815,EXPORT,BMCT,VC202500306
CONT2025004816,IMPORT,BMCT,VC202500306
CONT2025004817,EXPORT,BMCT,VC202500306
CONT2025004818,EXPORT,BMCT,VC202500306
CONT2025004819,IMPORT,BMCT,VC202500306
CONT2025004820,IMPORT,BMCT,VC202500306
CONT2025004821,IMPORT,BMCT,VC202500306
CONT2025004822,IMPORT,BMCT,VC202500306
CONT2025004823,EXPORT,BMCT,VC202500306
CONT2025004824,IMPORT,BMCT,VC202500306
CONT2025004825,IMPORT,BMCT,VC202500306
CONT2025004826,EXPORT,BMCT,VC202500306
CONT2025004827,IMPORT,BMCT,VC202500306
CONT2025004828,EXPORT,BMCT,VC202500306
CONT2025004829,IMPORT,NSICT,VC202500307
CONT2025004830,EXPORT,NSICT,VC202500307
CONT2025004831,IMPORT,NSICT,VC202500307
CONT2025004832,EXPORT,NSICT,VC202500307
CONT2025004833,IMPORT,NSICT,VC202500307
CONT2025004834,IMPORT,NSICT,VC202500307
CONT2025004835,EXPORT,NSICT,VC202500307
CONT2025004836,IMPORT,NSICT,VC202500307
CONT2025004837,IMPORT,NSICT,VC202500307
CONT2025004838,IMPORT,NSICT,VC202500307
CONT2025004839,IMPORT,NSICT,VC202500307
CONT2025004840,EXPORT,NSICT,VC202500307
CONT2025004841,EXPORT,NSICT,VC202500307
CONT2025004842,EXPORT,NSICT,VC202500307
CONT2025004843,EXPORT,GTI,VC202500308
CONT2025004844,IMPORT,GTI,VC202500308
CONT2025004845,EXPORT,GTI,VC202500308
CONT2025004846,IMPORT,GTI,VC202500308
CONT2025004847,EXPORT,GTI,VC202500308
CONT2025004848,IMPORT,GTI,VC202500308
CONT2025004849,EXPORT,GTI,VC202500308
CONT2025004850,IMPORT,GTI,VC202500308
CONT2025004851,IMPORT,GTI,VC202500308
CONT2025004852,IMPORT,GTI,VC202500308
CONT2025004853,EXPORT,GTI,VC202500308
CONT2025004854,EXPORT,GTI,VC202500308
CONT2025004855,IMPORT,GTI,VC202500308
CONT2025004856,EXPORT,BMCT,VC202500309
CONT2025004857,IMPORT,BMCT,VC202500309
CONT2025004858,EXPORT,BMCT,VC202500309
CONT2025004859,IMPORT,BMCT,VC202500309
CONT2025004860,IMPORT,BMCT,VC202500309
CONT2025004861,IMPORT,BMCT,VC202500309
CONT2025004862,EXPORT,GTI,VC202500310
CONT2025004863,EXPORT,GTI,VC202500310
CONT2025004864,IMPORT,GTI,VC202500310
CONT2025004865,EXPORT,GTI,VC202500310
CONT2025004866,EXPORT,GTI,VC202500310
CONT2025004867,EXPORT,GTI,VC202500310
CONT2025004868,IMPORT,GTI,VC202500310
CONT2025004869,IMPORT,GTI,VC202500310
CONT2025004870,EXPORT,GTI,VC202500310
CONT2025004871,IMPORT,GTI,VC202500310
CONT2025004872,IMPORT,GTI,VC202500310
CONT2025004873,IMPORT,GTI,VC202500310
CONT2025004874,IMPORT,GTI,VC202500310
CONT2025004875,EXPORT,GTI,VC202500310
CONT2025004876,IMPORT,GTI,VC202500310
CONT2025004877,EXPORT,GTI,VC202500310
CONT2025004878,EXPORT,GTI,VC202500310
CONT2025004879,EXPORT,NSIGT,VC202500311
CONT2025004880,EXPORT,NSIGT,VC202500311
CONT2025004881,EXPORT,NSIGT,VC202500311
CONT2025004882,IMPORT,NSIGT,VC202500311
CONT2025004883,IMPORT,NSIGT,VC202500311
CONT2025004884,EXPORT,NSIGT,VC202500311
CONT2025004885,EXPORT,NSICT,VC202500312
CONT2025004886,IMPORT,NSICT,VC202500312
CONT2025004887,EXPORT,NSICT,VC202500312
CONT2025004888,IMPORT,NSICT,VC202500312
CONT2025004889,EXPORT,NSICT,VC202500312
CONT2025004890,IMPORT,NSICT,VC202500312
CONT2025004891,IMPORT,NSICT,VC202500312
CONT2025004892,EXPORT,NSICT,VC202500312
CONT2025004893,IMPORT,NSICT,VC202500312
CONT2025004894,EXPORT,NSICT,VC202500312
CONT2025004895,EXPORT,NSICT,VC202500312
CONT2025004896,IMPORT,NSICT,VC202500312
CONT2025004897,IMPORT,NSICT,VC202500312
CONT2025004898,EXPORT,NSICT,VC202500312
CONT2025004899,IMPORT,NSICT,VC202500312
CONT2025004900,IMPORT,NSICT,VC202500312
CONT2025004901,EXPORT,NSICT,VC202500312
CONT2025004902,IMPORT,NSICT,VC202500312
CONT2025004903,IMPORT,NSICT,VC202500312
CONT2025004904,EXPORT,NSICT,VC202500312
CONT2025004905,EXPORT,NSICT,VC202500312
CONT2025004906,EXPORT,NSICT,VC202500312
CONT2025004907,EXPORT,NSICT,VC202500312
CONT2025004908,EXPORT,NSICT,VC202500312
CONT2025004909,EXPORT,NSICT,VC202500312
CONT2025004910,EXPORT,NSICT,VC202500313
CONT2025004911,IMPORT,NSICT,VC202500313
CONT2025004912,IMPORT,NSICT,VC202500313
CONT2025004913,IMPORT,NSICT,VC202500313
CONT2025004914,IMPORT,NSICT,VC202500313
CONT2025004915,EXPORT,NSICT,VC202500313
CONT2025004916,IMPORT,NSICT,VC202500313
CONT2025004917,IMPORT,NSICT,VC202500313
CONT2025004918,EXPORT,NSICT,VC202500313
CONT2025004919,EXPORT,NSICT,VC202500313
CONT2025004920,EXPORT,NSICT,VC202500313
CONT2025004921,IMPORT,NSICT,VC202500313
CONT2025004922,EXPORT,NSICT,VC202500313
CONT2025004923,IMPORT,NSICT,VC202500313
CONT2025004924,EXPORT,NSICT,VC202500313
CONT2025004925,IMPORT,NSICT,VC202500313
CONT2025004926,IMPORT,NSICT,VC202500313
CONT2025004927,EXPORT,NSICT,VC202500313
CONT2025004928,IMPORT,NSICT,VC202500313
CONT2025004929,IMPORT,NSICT,VC202500313
CONT2025004930,EXPORT,NSICT,VC202500313
CONT2025004931,IMPORT,NSICT,VC202500313
CONT2025004932,IMPORT,NSICT,VC202500313
CONT2025004933,EXPORT,NSICT,VC202500313
CONT2025004934,EXPORT,NSICT,VC202500313
CONT2025004935,EXPORT,NSICT,VC202500313
CONT2025004936,EXPORT,NSICT,VC202500313
CONT2025004937,EXPORT,NSICT,VC202500313
CONT2025004938,EXPORT,NSICT,VC202500313
CONT2025004939,IMPORT,NSICT,VC202500313
CONT2025004940,EXPORT,NSICT,VC202500313
CONT2025004941,EXPORT,NSICT,VC202500313
CONT2025004942,EXPORT,NSICT,VC202500313
CONT2025004943,EXPORT,NSICT,VC202500313
CONT2025004944,IMPORT,NSICT,VC202500313
CONT2025004945,IMPORT,NSICT,VC202500313
CONT2025004946,IMPORT,NSFT,VC202500314
CONT2025004947,EXPORT,NSFT,VC202500314
CONT2025004948,EXPORT,NSFT,VC202500314
CONT2025004949,IMPORT,NSFT,VC202500314
CONT2025004950,IMPORT,NSFT,VC202500314
CONT2025004951,IMPORT,NSFT,VC202500314
CONT2025004952,EXPORT,NSFT,VC202500314
CONT2025004953,IMPORT,NSFT,VC202500314
CONT2025004954,IMPORT,NSFT,VC202500314
CONT2025004955,IMPORT,NSFT,VC202500314
CONT2025004956,EXPORT,NSFT,VC202500314
CONT2025004957,EXPORT,NSFT,VC202500314
CONT2025004958,IMPORT,NSFT,VC202500314
CONT2025004959,IMPORT,NSFT,VC202500315
CONT2025004960,IMPORT,NSFT,VC202500315
CONT2025004961,EXPORT,NSFT,VC202500315
CONT2025004962,IMPORT,NSFT,VC202500315
CONT2025004963,IMPORT,NSFT,VC202500315
CONT2025004964,EXPORT,NSFT,VC202500315
CONT2025004965,IMPORT,NSFT,VC202500315
CONT2025004966,EXPORT,NSFT,VC202500315
CONT2025004967,EXPORT,NSFT,VC202500315
CONT2025004968,EXPORT,NSFT,VC202500315
CONT2025004969,EXPORT,NSFT,VC202500315
CONT2025004970,IMPORT,NSFT,VC202500315
CONT2025004971,EXPORT,NSFT,VC202500315
CONT2025004972,EXPORT,NSFT,VC202500315
CONT2025004973,IMPORT,BMCT,VC202500316
CONT2025004974,EXPORT,BMCT,VC202500316
CONT2025004975,EXPORT,BMCT,VC202500316
CONT2025004976,IMPORT,BMCT,VC202500316
CONT2025004977,IMPORT,BMCT,VC202500316
CONT2025004978,EXPORT,BMCT,VC202500316
CONT2025004979,IMPORT,BMCT,VC202500316
CONT2025004980,IMPORT,BMCT,VC202500316
CONT2025004981,EXPORT,BMCT,VC202500316
CONT2025004982,EXPORT,BMCT,VC202500316
CONT2025004983,IMPORT,BMCT,VC202500316
CONT2025004984,EXPORT,NSFT,VC202500317
CONT2025004985,EXPORT,NSFT,VC202500317
CONT2025004986,IMPORT,NSFT,VC202500317
CONT2025004987,IMPORT,NSFT,VC202500317
CONT2025004988,IMPORT,NSFT,VC202500317
CONT2025004989,EXPORT,NSFT,VC202500317
CONT2025004990,EXPORT,NSFT,VC202500317
CONT2025004991,EXPORT,NSIGT,VC202500318
CONT2025004992,EXPORT,NSIGT,VC202500318
CONT2025004993,EXPORT,NSIGT,VC202500318
CONT2025004994,IMPORT,NSIGT,VC202500318
CONT2025004995,EXPORT,NSIGT,VC202500318
CONT2025004996,IMPORT,NSIGT,VC202500318
CONT2025004997,IMPORT,NSIGT,VC202500318
CONT2025004998,IMPORT,NSIGT,VC202500318
CONT2025004999,EXPORT,NSIGT,VC202500318
CONT2025005000,IMPORT,NSIGT,VC202500318
CONT2025005001,IMPORT,NSIGT,VC202500318
CONT2025005002,EXPORT,NSIGT,VC202500318
CONT2025005003,EXPORT,NSIGT,VC202500318
CONT2025005004,IMPORT,NSIGT,VC202500318
CONT2025005005,EXPORT,NSIGT,VC202500318
CONT2025005006,IMPORT,NSIGT,VC202500318
CONT2025005007,IMPORT,NSIGT,VC202500318
CONT2025005008,EXPORT,NSIGT,VC202500318
CONT2025005009,EXPORT,NSIGT,VC202500318
CONT2025005010,EXPORT,NSIGT,VC202500318
CONT2025005011,EXPORT,NSFT,VC202500319
CONT2025005012,EXPORT,NSFT,VC202500319
CONT2025005013,IMPORT,NSFT,VC202500319
CONT2025005014,IMPORT,NSFT,VC202500319
CONT2025005015,EXPORT,NSFT,VC202500319
CONT2025005016,IMPORT,NSFT,VC202500319
CONT2025005017,EXPORT,NSFT,VC202500319
CONT2025005018,EXPORT,NSFT,VC202500319
CONT2025005019,EXPORT,NSFT,VC202500319
CONT2025005020,IMPORT,NSFT,VC202500319
CONT2025005021,EXPORT,NSFT,VC202500319
CONT2025005022,IMPORT,NSFT,VC202500320
CONT2025005023,EXPORT,NSFT,VC202500320
CONT2025005024,EXPORT,NSFT,VC202500320
CONT2025005025,EXPORT,NSFT,VC202500320
CONT2025005026,EXPORT,NSFT,VC202500320
CONT2025005027,EXPORT,NSFT,VC202500320
CONT2025005028,EXPORT,NSFT,VC202500320
CONT2025005029,IMPORT,NSFT,VC202500320
CONT2025005030,EXPORT,NSFT,VC202500320
CONT2025005031,EXPORT,NSFT,VC202500320
CONT2025005032,IMPORT,NSFT,VC202500320
CONT2025005033,IMPORT,NSFT,VC202500320
CONT2025005034,EXPORT,NSFT,VC202500320
CONT2025005035,IMPORT,NSFT,VC202500320
CONT2025005036,EXPORT,NSFT,VC202500320
CONT2025005037,IMPORT,NSFT,VC202500320
CONT2025005038,EXPORT,NSFT,VC202500320
CONT2025005039,IMPORT,NSFT,VC202500320
CONT2025005040,EXPORT,BMCT,VC202500321
CONT2025005041,EXPORT,BMCT,VC202500321
CONT2025005042,EXPORT,BMCT,VC202500321
CONT2025005043,EXPORT,BMCT,VC202500321
CONT2025005044,EXPORT,BMCT,VC202500321
CONT2025005045,IMPORT,BMCT,VC202500321
CONT2025005046,EXPORT,BMCT,VC202500321
CONT2025005047,EXPORT,BMCT,VC202500321
CONT2025005048,IMPORT,BMCT,VC202500321
CONT2025005049,EXPORT,BMCT,VC202500321
CONT2025005050,IMPORT,BMCT,VC202500321
CONT2025005051,EXPORT,BMCT,VC202500321
CONT2025005052,EXPORT,BMCT,VC202500321
CONT2025005053,EXPORT,BMCT,VC202500321
CONT2025005054,EXPORT,BMCT,VC202500321
CONT2025005055,IMPORT,BMCT,VC202500321
CONT2025005056,EXPORT,BMCT,VC202500321
CONT2025005057,IMPORT,BMCT,VC202500321
CONT2025005058,EXPORT,BMCT,VC202500321
CONT2025005059,IMPORT,BMCT,VC202500321
CONT2025005060,EXPORT,BMCT,VC202500321
CONT2025005061,IMPORT,BMCT,VC202500321
CONT2025005062,IMPORT,BMCT,VC202500321
CONT2025005063,EXPORT,BMCT,VC202500321
CONT2025005064,EXPORT,BMCT,VC202500321
CONT2025005065,IMPORT,BMCT,VC202500321
CONT2025005066,EXPORT,BMCT,VC202500321
CONT2025005067,EXPORT,BMCT,VC202500321
CONT2025005068,EXPORT,BMCT,VC202500321
CONT2025005069,EXPORT,BMCT,VC202500321
CONT2025005070,EXPORT,BMCT,VC202500321
CONT2025005071,EXPORT,NSIGT,VC202500322
CONT2025005072,IMPORT,NSIGT,VC202500322
CONT2025005073,IMPORT,NSIGT,VC202500322
CONT2025005074,EXPORT,NSIGT,VC202500322
CONT2025005075,EXPORT,NSIGT,VC202500322
CONT2025005076,IMPORT,NSIGT,VC202500322
CONT2025005077,IMPORT,NSIGT,VC202500322
CONT2025005078,IMPORT,NSIGT,VC202500322
CONT2025005079,IMPORT,NSIGT,VC202500322
CONT2025005080,IMPORT,NSIGT,VC202500322
CONT2025005081,IMPORT,NSIGT,VC202500322
CONT2025005082,EXPORT,NSIGT,VC202500322
CONT2025005083,EXPORT,NSIGT,VC202500322
CONT2025005084,IMPORT,NSIGT,VC202500322
CONT2025005085,IMPORT,NSICT,VC202500323
CONT2025005086,IMPORT,NSICT,VC202500323
CONT2025005087,EXPORT,NSICT,VC202500323
CONT2025005088,IMPORT,NSICT,VC202500323
CONT2025005089,IMPORT,NSICT,VC202500323
CONT2025005090,IMPORT,NSICT,VC202500323
CONT2025005091,EXPORT,NSICT,VC202500323
CONT2025005092,IMPORT,NSICT,VC202500323
CONT2025005093,IMPORT,NSICT,VC202500323
CONT2025005094,IMPORT,NSICT,VC202500323
CONT2025005095,EXPORT,NSICT,VC202500323
CONT2025005096,IMPORT,NSICT,VC202500323
CONT2025005097,IMPORT,NSICT,VC202500323
CONT2025005098,EXPORT,NSICT,VC202500323
CONT2025005099,IMPORT,NSICT,VC202500323
CONT2025005100,EXPORT,NSICT,VC202500323
CONT2025005101,IMPORT,NSICT,VC202500323
CONT2025005102,IMPORT,NSICT,VC202500323
CONT2025005103,IMPORT,NSICT,VC202500323
CONT2025005104,EXPORT,NSICT,VC202500323
CONT2025005105,IMPORT,NSICT,VC202500323
CONT2025005106,IMPORT,NSICT,VC202500323
CONT2025005107,EXPORT,NSICT,VC202500323
CONT2025005108,IMPORT,NSICT,VC202500323
CONT2025005109,EXPORT,NSICT,VC202500323
CONT2025005110,IMPORT,NSICT,VC202500323
CONT2025005111,IMPORT,NSICT,VC202500323
CONT2025005112,EXPORT,NSICT,VC202500323
CONT2025005113,IMPORT,NSICT,VC202500323
CONT2025005114,IMPORT,BMCT,VC202500324
CONT2025005115,IMPORT,BMCT,VC202500324
CONT2025005116,IMPORT,BMCT,VC202500324
CONT2025005117,IMPORT,BMCT,VC202500324
CONT2025005118,EXPORT,BMCT,VC202500324
CONT2025005119,IMPORT,BMCT,VC202500324
CONT2025005120,EXPORT,BMCT,VC202500324
CONT2025005121,EXPORT,BMCT,VC202500324
CONT2025005122,IMPORT,BMCT,VC202500324
CONT2025005123,EXPORT,BMCT,VC202500324
CONT2025005124,EXPORT,BMCT,VC202500324
CONT2025005125,IMPORT,BMCT,VC202500324
CONT2025005126,IMPORT,BMCT,VC202500324
CONT2025005127,EXPORT,BMCT,VC202500324
CONT2025005128,EXPORT,BMCT,VC202500324
CONT2025005129,EXPORT,BMCT,VC202500324
CONT2025005130,IMPORT,BMCT,VC202500324
CONT2025005131,IMPORT,BMCT,VC202500324
CONT2025005132,IMPORT,BMCT,VC202500324
CONT2025005133,EXPORT,BMCT,VC202500324
CONT2025005134,EXPORT,BMCT,VC202500324
CONT2025005135,IMPORT,BMCT,VC202500324
CONT2025005136,IMPORT,BMCT,VC202500324
CONT2025005137,EXPORT,BMCT,VC202500324
CONT2025005138,EXPORT,BMCT,VC202500324
CONT2025005139,EXPORT,BMCT,VC202500324
CONT2025005140,IMPORT,BMCT,VC202500324
CONT2025005141,IMPORT,BMCT,VC202500324
CONT2025005142,EXPORT,BMCT,VC202500324
CONT2025005143,EXPORT,BMCT,VC202500324
CONT2025005144,EXPORT,BMCT,VC202500324
CONT2025005145,IMPORT,BMCT,VC202500324
CONT2025005146,EXPORT,BMCT,VC202500324
CONT2025005147,IMPORT,BMCT,VC202500324
CONT2025005148,EXPORT,BMCT,VC202500324
CONT2025005149,EXPORT,BMCT,VC202500324
CONT2025005150,IMPORT,BMCT,VC202500324
CONT2025005151,EXPORT,BMCT,VC202500324
CONT2025005152,EXPORT,BMCT,VC202500324
CONT2025005153,IMPORT,BMCT,VC202500324
CONT2025005154,IMPORT,BMCT,VC202500324
CONT2025005155,IMPORT,BMCT,VC202500324
CONT2025005156,EXPORT,BMCT,VC202500324
CONT2025005157,EXPORT,NSIGT,VC202500325
CONT2025005158,IMPORT,NSIGT,VC202500325
CONT2025005159,EXPORT,NSIGT,VC202500325
CONT2025005160,IMPORT,NSIGT,VC202500325
CONT2025005161,EXPORT,NSIGT,VC202500325
CONT2025005162,IMPORT,NSIGT,VC202500325
CONT2025005163,IMPORT,NSIGT,VC202500325
CONT2025005164,EXPORT,NSIGT,VC202500325
CONT2025005165,EXPORT,NSIGT,VC202500325
CONT2025005166,EXPORT,NSIGT,VC202500325
CONT2025005167,EXPORT,NSIGT,VC202500325
CONT2025005168,IMPORT,NSICT,VC202500326
CONT2025005169,IMPORT,NSICT,VC202500326
CONT2025005170,IMPORT,NSICT,VC202500326
CONT2025005171,EXPORT,NSICT,VC202500326
CONT2025005172,IMPORT,NSICT,VC202500326
CONT2025005173,EXPORT,NSICT,VC202500326
CONT2025005174,IMPORT,BMCT,VC202500327
CONT2025005175,IMPORT,BMCT,VC202500327
CONT2025005176,IMPORT,BMCT,VC202500327
CONT2025005177,EXPORT,BMCT,VC202500327
CONT2025005178,IMPORT,BMCT,VC202500327
CONT2025005179,IMPORT,BMCT,VC202500327
CONT2025005180,IMPORT,BMCT,VC202500327
CONT2025005181,EXPORT,BMCT,VC202500327
CONT2025005182,IMPORT,BMCT,VC202500327
CONT2025005183,IMPORT,BMCT,VC202500327
CONT2025005184,IMPORT,BMCT,VC202500327
CONT2025005185,EXPORT,BMCT,VC202500327
CONT2025005186,IMPORT,BMCT,VC202500327
CONT2025005187,IMPORT,BMCT,VC202500327
CONT2025005188,IMPORT,BMCT,VC202500327
CONT2025005189,IMPORT,BMCT,VC202500327
CONT2025005190,IMPORT,BMCT,VC202500327
CONT2025005191,IMPORT,BMCT,VC202500327
CONT2025005192,EXPORT,BMCT,VC202500327
CONT2025005193,IMPORT,BMCT,VC202500327
CONT2025005194,IMPORT,BMCT,VC202500327
CONT2025005195,IMPORT,BMCT,VC202500327
CONT2025005196,IMPORT,BMCT,VC202500327
CONT2025005197,IMPORT,BMCT,VC202500327
CONT2025005198,EXPORT,BMCT,VC202500327
CONT2025005199,EXPORT,BMCT,VC202500327
CONT2025005200,EXPORT,BMCT,VC202500327
CONT2025005201,EXPORT,BMCT,VC202500327
CONT2025005202,EXPORT,BMCT,VC202500327
CONT2025005203,IMPORT,BMCT,VC202500327
CONT2025005204,IMPORT,BMCT,VC202500327
CONT2025005205,IMPORT,BMCT,VC202500327
CONT2025005206,IMPORT,BMCT,VC202500327
CONT2025005207,EXPORT,BMCT,VC202500327
CONT2025005208,IMPORT,BMCT,VC202500327
CONT2025005209,IMPORT,BMCT,VC202500327
CONT2025005210,EXPORT,BMCT,VC202500327
CONT2025005211,IMPORT,BMCT,VC202500327
CONT2025005212,EXPORT,BMCT,VC202500327
CONT2025005213,EXPORT,BMCT,VC202500327
CONT2025005214,IMPORT,BMCT,VC202500327
CONT2025005215,EXPORT,BMCT,VC202500327
CONT2025005216,IMPORT,BMCT,VC202500327
CONT2025005217,IMPORT,BMCT,VC202500327
CONT2025005218,EXPORT,BMCT,VC202500327
CONT2025005219,EXPORT,BMCT,VC202500327
CONT2025005220,IMPORT,BMCT,VC202500327
CONT2025005221,EXPORT,BMCT,VC202500327
CONT2025005222,IMPORT,BMCT,VC202500327
CONT2025005223,EXPORT,BMCT,VC202500327
CONT2025005224,EXPORT,BMCT,VC202500327
CONT2025005225,IMPORT,BMCT,VC202500327
CONT2025005226,EXPORT,BMCT,VC202500327
CONT2025005227,EXPORT,GTI,VC202500328
CONT2025005228,IMPORT,GTI,VC202500328
CONT2025005229,IMPORT,GTI,VC202500328
CONT2025005230,EXPORT,GTI,VC202500328
CONT2025005231,EXPORT,GTI,VC202500328
CONT2025005232,IMPORT,GTI,VC202500328
CONT2025005233,EXPORT,GTI,VC202500328
CONT2025005234,IMPORT,GTI,VC202500328
CONT2025005235,EXPORT,GTI,VC202500328
CONT2025005236,EXPORT,GTI,VC202500328
CONT2025005237,EXPORT,NSFT,VC202500329
CONT2025005238,IMPORT,NSFT,VC202500329
CONT2025005239,EXPORT,NSFT,VC202500329
CONT2025005240,EXPORT,NSFT,VC202500329
CONT2025005241,IMPORT,NSFT,VC202500329
CONT2025005242,EXPORT,NSFT,VC202500329
CONT2025005243,EXPORT,NSFT,VC202500329
CONT2025005244,EXPORT,NSFT,VC202500329
CONT2025005245,EXPORT,NSFT,VC202500329
CONT2025005246,EXPORT,NSFT,VC202500329
CONT2025005247,IMPORT,NSFT,VC202500329
CONT2025005248,IMPORT,NSFT,VC202500329
CONT2025005249,IMPORT,NSFT,VC202500330
CONT2025005250,IMPORT,NSFT,VC202500330
CONT2025005251,IMPORT,NSFT,VC202500330
CONT2025005252,EXPORT,NSFT,VC202500330
CONT2025005253,EXPORT,NSFT,VC202500330
CONT2025005254,IMPORT,NSFT,VC202500330
CONT2025005255,EXPORT,NSFT,VC202500330
CONT2025005256,IMPORT,NSFT,VC202500330
CONT2025005257,IMPORT,NSFT,VC202500330
CONT2025005258,IMPORT,NSFT,VC202500330
CONT2025005259,IMPORT,NSFT,VC202500330
CONT2025005260,EXPORT,NSFT,VC202500330
CONT2025005261,IMPORT,NSFT,VC202500330
CONT2025005262,IMPORT,NSFT,VC202500330
CONT2025005263,EXPORT,NSFT,VC202500330
CONT2025005264,EXPORT,NSFT,VC202500330
CONT2025005265,EXPORT,NSFT,VC202500330
CONT2025005266,EXPORT,BMCT,VC202500331
CONT2025005267,IMPORT,BMCT,VC202500331
CONT2025005268,IMPORT,BMCT,VC202500331
CONT2025005269,EXPORT,BMCT,VC202500331
CONT2025005270,EXPORT,BMCT,VC202500331
CONT2025005271,EXPORT,BMCT,VC202500331
CONT2025005272,EXPORT,BMCT,VC202500331
CONT2025005273,EXPORT,BMCT,VC202500331
CONT2025005274,IMPORT,BMCT,VC202500331
CONT2025005275,EXPORT,BMCT,VC202500331
CONT2025005276,IMPORT,BMCT,VC202500331
CONT2025005277,IMPORT,BMCT,VC202500331
CONT2025005278,IMPORT,BMCT,VC202500331
CONT2025005279,IMPORT,BMCT,VC202500331
CONT2025005280,EXPORT,BMCT,VC202500331
CONT2025005281,IMPORT,BMCT,VC202500331
CONT2025005282,IMPORT,BMCT,VC202500331
CONT2025005283,EXPORT,BMCT,VC202500331
CONT2025005284,EXPORT,BMCT,VC202500331
CONT2025005285,IMPORT,BMCT,VC202500331
CONT2025005286,IMPORT,BMCT,VC202500331
CONT2025005287,EXPORT,BMCT,VC202500331
CONT2025005288,EXPORT,BMCT,VC202500331
CONT2025005289,EXPORT,BMCT,VC202500331
CONT2025005290,EXPORT,BMCT,VC202500331
CONT2025005291,EXPORT,NSFT,VC202500332
CONT2025005292,EXPORT,NSFT,VC202500332
CONT2025005293,IMPORT,NSFT,VC202500332
CONT2025005294,IMPORT,NSFT,VC202500332
CONT2025005295,EXPORT,NSFT,VC202500332
CONT2025005296,IMPORT,NSFT,VC202500332
CONT2025005297,IMPORT,NSFT,VC202500332
CONT2025005298,EXPORT,NSFT,VC202500332
CONT2025005299,IMPORT,NSFT,VC202500332
CONT2025005300,IMPORT,NSFT,VC202500332
CONT2025005301,IMPORT,NSFT,VC202500333
CONT2025005302,IMPORT,NSFT,VC202500333
CONT2025005303,IMPORT,NSFT,VC202500333
CONT2025005304,IMPORT,NSFT,VC202500333
CONT2025005305,EXPORT,NSFT,VC202500333
CONT2025005306,IMPORT,NSFT,VC202500333
CONT2025005307,EXPORT,NSFT,VC202500333
CONT2025005308,IMPORT,NSFT,VC202500333
CONT2025005309,EXPORT,NSFT,VC202500333
CONT2025005310,EXPORT,NSFT,VC202500333
CONT2025005311,IMPORT,NSFT,VC202500333
CONT2025005312,IMPORT,NSFT,VC202500333
CONT2025005313,IMPORT,NSFT,VC202500333
CONT2025005314,EXPORT,NSFT,VC202500333
CONT2025005315,EXPORT,NSFT,VC202500333
CONT2025005316,EXPORT,NSFT,VC202500333
CONT2025005317,IMPORT,NSFT,VC202500333
CONT2025005318,IMPORT,NSFT,VC202500333
CONT2025005319,IMPORT,NSFT,VC202500333
CONT2025005320,EXPORT,NSFT,VC202500333
CONT2025005321,IMPORT,NSFT,VC202500333
CONT2025005322,EXPORT,NSFT,VC202500333
CONT2025005323,EXPORT,NSFT,VC202500333
CONT2025005324,IMPORT,NSFT,VC202500333
CONT2025005325,IMPORT,NSFT,VC202500333
CONT2025005326,EXPORT,NSFT,VC202500333
CONT2025005327,IMPORT,NSFT,VC202500333
CONT2025005328,IMPORT,NSFT,VC202500333
CONT2025005329,IMPORT,NSFT,VC202500333
CONT2025005330,IMPORT,NSFT,VC202500333
CONT2025005331,IMPORT,NSFT,VC202500333
CONT2025005332,EXPORT,NSFT,VC202500333
CONT2025005333,IMPORT,NSFT,VC202500333
CONT2025005334,EXPORT,NSFT,VC202500333
CONT2025005335,EXPORT,NSICT,VC202500334
CONT2025005336,IMPORT,NSICT,VC202500334
CONT2025005337,IMPORT,NSICT,VC202500334
CONT2025005338,IMPORT,NSICT,VC202500334
CONT2025005339,IMPORT,NSICT,VC202500334
CONT2025005340,EXPORT,NSICT,VC202500334
CONT2025005341,EXPORT,NSICT,VC202500334
CONT2025005342,EXPORT,NSICT,VC202500334
CONT2025005343,IMPORT,GTI,VC202500335
CONT2025005344,IMPORT,GTI,VC202500335
CONT2025005345,EXPORT,GTI,VC202500335
CONT2025005346,IMPORT,GTI,VC202500335
CONT2025005347,EXPORT,GTI,VC202500335
CONT2025005348,IMPORT,GTI,VC202500335
CONT2025005349,EXPORT,GTI,VC202500335
CONT2025005350,EXPORT,GTI,VC202500335
CONT2025005351,IMPORT,GTI,VC202500335
CONT2025005352,EXPORT,GTI,VC202500335
CONT2025005353,EXPORT,GTI,VC202500335
CONT2025005354,EXPORT,GTI,VC202500335
CONT2025005355,IMPORT,BMCT,VC202500336
CONT2025005356,EXPORT,BMCT,VC202500336
CONT2025005357,IMPORT,BMCT,VC202500336
CONT2025005358,IMPORT,BMCT,VC202500336
CONT2025005359,IMPORT,BMCT,VC202500336
CONT2025005360,EXPORT,BMCT,VC202500336
CONT2025005361,EXPORT,BMCT,VC202500336
CONT2025005362,IMPORT,BMCT,VC202500336
CONT2025005363,IMPORT,BMCT,VC202500336
CONT2025005364,IMPORT,NSIGT,VC202500337
CONT2025005365,IMPORT,NSIGT,VC202500337
CONT2025005366,EXPORT,NSIGT,VC202500337
CONT2025005367,IMPORT,NSIGT,VC202500337
CONT2025005368,EXPORT,NSIGT,VC202500337
CONT2025005369,IMPORT,NSIGT,VC202500337
CONT2025005370,IMPORT,NSIGT,VC202500337
CONT2025005371,IMPORT,NSIGT,VC202500337
CONT2025005372,EXPORT,NSIGT,VC202500337
CONT2025005373,EXPORT,NSIGT,VC202500337
CONT2025005374,IMPORT,NSIGT,VC202500337
CONT2025005375,EXPORT,NSIGT,VC202500338
CONT2025005376,IMPORT,NSIGT,VC202500338
CONT2025005377,IMPORT,NSIGT,VC202500338
CONT2025005378,EXPORT,NSIGT,VC202500338
CONT2025005379,IMPORT,NSIGT,VC202500338
CONT2025005380,IMPORT,NSIGT,VC202500338
CONT2025005381,EXPORT,NSIGT,VC202500338
CONT2025005382,IMPORT,NSIGT,VC202500338
CONT2025005383,EXPORT,NSIGT,VC202500338
CONT2025005384,EXPORT,NSIGT,VC202500338
CONT2025005385,EXPORT,NSFT,VC202500339
CONT2025005386,IMPORT,NSFT,VC202500339
CONT2025005387,IMPORT,NSFT,VC202500339
CONT2025005388,EXPORT,NSFT,VC202500339
CONT2025005389,IMPORT,NSFT,VC202500339
CONT2025005390,IMPORT,NSFT,VC202500339
CONT2025005391,IMPORT,NSFT,VC202500339
CONT2025005392,EXPORT,NSFT,VC202500339
CONT2025005393,EXPORT,NSFT,VC202500339
CONT2025005394,EXPORT,NSFT,VC202500339
CONT2025005395,IMPORT,NSFT,VC202500339
CONT2025005396,IMPORT,NSFT,VC202500339
CONT2025005397,IMPORT,NSFT,VC202500339
CONT2025005398,EXPORT,NSFT,VC202500339
CONT2025005399,IMPORT,NSFT,VC202500339
CONT2025005400,EXPORT,NSFT,VC202500339
CONT2025005401,IMPORT,NSFT,VC202500339
CONT2025005402,IMPORT,NSFT,VC202500339
CONT2025005403,IMPORT,GTI,VC202500340
CONT2025005404,EXPORT,GTI,VC202500340
CONT2025005405,IMPORT,GTI,VC202500340
CONT2025005406,EXPORT,GTI,VC202500340
CONT2025005407,IMPORT,GTI,VC202500340
CONT2025005408,IMPORT,GTI,VC202500340
CONT2025005409,IMPORT,GTI,VC202500340
CONT2025005410,IMPORT,GTI,VC202500340
CONT2025005411,EXPORT,GTI,VC202500340
CONT2025005412,EXPORT,GTI,VC202500340
CONT2025005413,EXPORT,GTI,VC202500340
CONT2025005414,EXPORT,GTI,VC202500340
CONT2025005415,EXPORT,GTI,VC202500340
CONT2025005416,IMPORT,GTI,VC202500340
CONT2025005417,EXPORT,GTI,VC202500340
CONT2025005418,EXPORT,GTI,VC202500340
CONT2025005419,EXPORT,GTI,VC202500340
CONT2025005420,EXPORT,GTI,VC202500340
CONT2025005421,IMPORT,GTI,VC202500340
CONT2025005422,EXPORT,GTI,VC202500340
CONT2025005423,IMPORT,GTI,VC202500340
CONT2025005424,EXPORT,GTI,VC202500340
CONT2025005425,EXPORT,GTI,VC202500340
CONT2025005426,IMPORT,GTI,VC202500340
CONT2025005427,IMPORT,GTI,VC202500340
CONT2025005428,EXPORT,GTI,VC202500340
CONT2025005429,IMPORT,GTI,VC202500340
CONT2025005430,EXPORT,BMCT,VC202500341
CONT2025005431,IMPORT,BMCT,VC202500341
CONT2025005432,IMPORT,BMCT,VC202500341
CONT2025005433,EXPORT,BMCT,VC202500341
CONT2025005434,EXPORT,BMCT,VC202500341
CONT2025005435,EXPORT,BMCT,VC202500341
CONT2025005436,EXPORT,BMCT,VC202500341
CONT2025005437,EXPORT,BMCT,VC202500341
CONT2025005438,EXPORT,BMCT,VC202500341
CONT2025005439,IMPORT,BMCT,VC202500341
CONT2025005440,EXPORT,BMCT,VC202500341
CONT2025005441,EXPORT,BMCT,VC202500341
CONT2025005442,EXPORT,BMCT,VC202500341
CONT2025005443,EXPORT,BMCT,VC202500341
CONT2025005444,EXPORT,BMCT,VC202500341
CONT2025005445,IMPORT,BMCT,VC202500341
CONT2025005446,EXPORT,BMCT,VC202500341
CONT2025005447,IMPORT,BMCT,VC202500341
CONT2025005448,EXPORT,BMCT,VC202500341
CONT2025005449,EXPORT,BMCT,VC202500341
CONT2025005450,IMPORT,BMCT,VC202500341
CONT2025005451,EXPORT,BMCT,VC202500341
CONT2025005452,IMPORT,BMCT,VC202500341
CONT2025005453,IMPORT,BMCT,VC202500341
CONT2025005454,EXPORT,BMCT,VC202500341
CONT2025005455,EXPORT,BMCT,VC202500341
CONT2025005456,IMPORT,NSICT,VC202500342
CONT2025005457,EXPORT,NSICT,VC202500342
CONT2025005458,IMPORT,NSICT,VC202500342
CONT2025005459,EXPORT,NSICT,VC202500342
CONT2025005460,EXPORT,NSICT,VC202500342
CONT2025005461,EXPORT,NSICT,VC202500342
CONT2025005462,EXPORT,NSFT,VC202500343
CONT2025005463,IMPORT,NSFT,VC202500343
CONT2025005464,EXPORT,NSFT,VC202500343
CONT2025005465,IMPORT,NSFT,VC202500343
CONT2025005466,IMPORT,NSFT,VC202500343
CONT2025005467,IMPORT,NSFT,VC202500343
CONT2025005468,EXPORT,NSFT,VC202500343
CONT2025005469,IMPORT,NSFT,VC202500343
CONT2025005470,EXPORT,NSFT,VC202500343
CONT2025005471,IMPORT,NSFT,VC202500343
CONT2025005472,EXPORT,NSFT,VC202500343
CONT2025005473,EXPORT,NSFT,VC202500343
CONT2025005474,IMPORT,NSFT,VC202500343
CONT2025005475,IMPORT,NSFT,VC202500343
CONT2025005476,EXPORT,NSFT,VC202500343
CONT2025005477,EXPORT,NSFT,VC202500343
CONT2025005478,IMPORT,NSFT,VC202500343
CONT2025005479,EXPORT,NSFT,VC202500343
CONT2025005480,EXPORT,NSFT,VC202500343
CONT2025005481,IMPORT,NSFT,VC202500343
CONT2025005482,EXPORT,NSFT,VC202500343
CONT2025005483,EXPORT,NSFT,VC202500343
CONT2025005484,IMPORT,NSFT,VC202500343
CONT2025005485,IMPORT,NSFT,VC202500343
CONT2025005486,EXPORT,NSFT,VC202500343
CONT2025005487,EXPORT,NSFT,VC202500343
CONT2025005488,EXPORT,NSFT,VC202500343
CONT2025005489,IMPORT,NSFT,VC202500343
CONT2025005490,IMPORT,NSFT,VC202500343
CONT2025005491,EXPORT,NSIGT,VC202500344
CONT2025005492,IMPORT,NSIGT,VC202500344
CONT2025005493,IMPORT,NSIGT,VC202500344
CONT2025005494,EXPORT,NSIGT,VC202500344
CONT2025005495,EXPORT,NSIGT,VC202500344
CONT2025005496,EXPORT,NSIGT,VC202500344
CONT2025005497,EXPORT,NSIGT,VC202500344
CONT2025005498,IMPORT,NSIGT,VC202500344
CONT2025005499,EXPORT,NSIGT,VC202500344
CONT2025005500,IMPORT,NSFT,VC202500345
CONT2025005501,EXPORT,NSFT,VC202500345
CONT2025005502,IMPORT,NSFT,VC202500345
CONT2025005503,EXPORT,NSFT,VC202500345
CONT2025005504,IMPORT,NSFT,VC202500345
CONT2025005505,EXPORT,NSFT,VC202500345
CONT2025005506,IMPORT,NSFT,VC202500345
CONT2025005507,EXPORT,NSFT,VC202500345
CONT2025005508,EXPORT,NSFT,VC202500345
CONT2025005509,IMPORT,NSFT,VC202500345
CONT2025005510,IMPORT,NSFT,VC202500345
CONT2025005511,IMPORT,NSFT,VC202500345
CONT2025005512,EXPORT,NSFT,VC202500346
CONT2025005513,EXPORT,NSFT,VC202500346
CONT2025005514,EXPORT,NSFT,VC202500346
CONT2025005515,IMPORT,NSFT,VC202500346
CONT2025005516,IMPORT,NSFT,VC202500346
CONT2025005517,EXPORT,NSFT,VC202500346
CONT2025005518,EXPORT,NSFT,VC202500346
CONT2025005519,EXPORT,NSFT,VC202500346
CONT2025005520,IMPORT,NSFT,VC202500346
CONT2025005521,IMPORT,NSFT,VC202500346
CONT2025005522,IMPORT,NSFT,VC202500346
CONT2025005523,IMPORT,NSFT,VC202500346
CONT2025005524,IMPORT,NSFT,VC202500346
CONT2025005525,EXPORT,NSFT,VC202500346
CONT2025005526,IMPORT,NSFT,VC202500346
CONT2025005527,EXPORT,NSFT,VC202500346
CONT2025005528,IMPORT,NSFT,VC202500346
CONT2025005529,EXPORT,NSICT,VC202500347
CONT2025005530,IMPORT,NSICT,VC202500347
CONT2025005531,EXPORT,NSICT,VC202500347
CONT2025005532,EXPORT,NSICT,VC202500347
CONT2025005533,IMPORT,NSICT,VC202500347
CONT2025005534,EXPORT,NSICT,VC202500347
CONT2025005535,IMPORT,NSICT,VC202500347
CONT2025005536,IMPORT,NSICT,VC202500347
CONT2025005537,IMPORT,NSICT,VC202500347
CONT2025005538,IMPORT,NSICT,VC202500347
CONT2025005539,EXPORT,NSICT,VC202500347
CONT2025005540,IMPORT,NSICT,VC202500347
CONT2025005541,IMPORT,NSICT,VC202500347
CONT2025005542,IMPORT,NSICT,VC202500347
CONT2025005543,IMPORT,NSICT,VC202500347
CONT2025005544,EXPORT,NSICT,VC202500347
CONT2025005545,EXPORT,NSICT,VC202500347
CONT2025005546,EXPORT,NSICT,VC202500347
CONT2025005547,EXPORT,NSICT,VC202500347
CONT2025005548,IMPORT,NSICT,VC202500347
CONT2025005549,IMPORT,NSICT,VC202500347
CONT2025005550,EXPORT,NSICT,VC202500347
CONT2025005551,IMPORT,NSICT,VC202500347
CONT2025005552,EXPORT,NSICT,VC202500347
CONT2025005553,IMPORT,NSICT,VC202500347
CONT2025005554,EXPORT,NSICT,VC202500347
CONT2025005555,EXPORT,NSICT,VC202500347
CONT2025005556,EXPORT,NSICT,VC202500347
CONT2025005557,IMPORT,NSICT,VC202500347
CONT2025005558,EXPORT,NSFT,VC202500348
CONT2025005559,EXPORT,NSFT,VC202500348
CONT2025005560,EXPORT,NSFT,VC202500348
CONT2025005561,EXPORT,NSFT,VC202500348
CONT2025005562,IMPORT,NSFT,VC202500348
CONT2025005563,EXPORT,NSFT,VC202500348
CONT2025005564,IMPORT,NSFT,VC202500348
CONT2025005565,IMPORT,NSFT,VC202500348
CONT2025005566,IMPORT,NSIGT,VC202500349
CONT2025005567,EXPORT,NSIGT,VC202500349
CONT2025005568,EXPORT,NSIGT,VC202500349
CONT2025005569,EXPORT,NSIGT,VC202500349
CONT2025005570,IMPORT,NSIGT,VC202500349
CONT2025005571,IMPORT,NSIGT,VC202500349
CONT2025005572,EXPORT,NSIGT,VC202500349
CONT2025005573,EXPORT,NSIGT,VC202500349
CONT2025005574,EXPORT,NSIGT,VC202500349
CONT2025005575,EXPORT,NSIGT,VC202500349
CONT2025005576,EXPORT,NSIGT,VC202500349
CONT2025005577,IMPORT,NSIGT,VC202500349
CONT2025005578,EXPORT,NSIGT,VC202500349
CONT2025005579,EXPORT,NSIGT,VC202500349
CONT2025005580,IMPORT,NSIGT,VC202500350
CONT2025005581,IMPORT,NSIGT,VC202500350
CONT2025005582,EXPORT,NSIGT,VC202500350
CONT2025005583,EXPORT,NSIGT,VC202500350
CONT2025005584,IMPORT,NSIGT,VC202500350
CONT2025005585,EXPORT,NSIGT,VC202500350
CONT2025005586,EXPORT,NSIGT,VC202500350
CONT2025005587,IMPORT,NSIGT,VC202500350
CONT2025005588,EXPORT,NSIGT,VC202500350
CONT2025005589,IMPORT,NSIGT,VC202500350
CONT2025005590,EXPORT,NSIGT,VC202500350
CONT2025005591,EXPORT,NSIGT,VC202500350
CONT2025005592,EXPORT,NSIGT,VC202500350
CONT2025005593,IMPORT,NSIGT,VC202500350
CONT2025005594,IMPORT,NSIGT,VC202500350
CONT2025005595,EXPORT,NSIGT,VC202500350
CONT2025005596,EXPORT,NSIGT,VC202500350
CONT2025005597,EXPORT,NSIGT,VC202500350
CONT2025005598,EXPORT,NSIGT,VC202500350
CONT2025005599,IMPORT,NSIGT,VC202500350
CONT2025005600,EXPORT,NSIGT,VC202500350
CONT2025005601,EXPORT,NSIGT,VC202500350
CONT2025005602,EXPORT,NSIGT,VC202500350
CONT2025005603,EXPORT,NSIGT,VC202500351
CONT2025005604,IMPORT,NSIGT,VC202500351
CONT2025005605,IMPORT,NSIGT,VC202500351
CONT2025005606,IMPORT,NSIGT,VC202500351
CONT2025005607,EXPORT,NSIGT,VC202500351
CONT2025005608,IMPORT,NSIGT,VC202500351
CONT2025005609,IMPORT,NSIGT,VC202500351
CONT2025005610,EXPORT,NSIGT,VC202500351
CONT2025005611,EXPORT,NSIGT,VC202500351
CONT2025005612,EXPORT,NSIGT,VC202500351
CONT2025005613,EXPORT,NSIGT,VC202500351
CONT2025005614,EXPORT,NSIGT,VC202500351
CONT2025005615,EXPORT,NSIGT,VC202500351
CONT2025005616,IMPORT,NSICT,VC202500352
CONT2025005617,EXPORT,NSICT,VC202500352
CONT2025005618,IMPORT,NSICT,VC202500352
CONT2025005619,IMPORT,NSICT,VC202500352
CONT2025005620,IMPORT,NSICT,VC202500352
CONT2025005621,IMPORT,NSICT,VC202500352
CONT2025005622,IMPORT,NSICT,VC202500352
CONT2025005623,EXPORT,NSICT,VC202500352
CONT2025005624,IMPORT,NSICT,VC202500352
CONT2025005625,EXPORT,NSICT,VC202500352
CONT2025005626,IMPORT,NSICT,VC202500352
CONT2025005627,IMPORT,NSICT,VC202500352
CONT2025005628,IMPORT,NSICT,VC202500352
CONT2025005629,EXPORT,NSICT,VC202500352
CONT2025005630,EXPORT,NSICT,VC202500352
CONT2025005631,IMPORT,NSICT,VC202500353
CONT2025005632,IMPORT,NSICT,VC202500353
CONT2025005633,IMPORT,NSICT,VC202500353
CONT2025005634,EXPORT,NSICT,VC202500353
CONT2025005635,EXPORT,NSICT,VC202500353
CONT2025005636,EXPORT,NSICT,VC202500353
CONT2025005637,EXPORT,NSICT,VC202500353
CONT2025005638,EXPORT,NSICT,VC202500353
CONT2025005639,IMPORT,NSICT,VC202500353
CONT2025005640,IMPORT,NSICT,VC202500353
CONT2025005641,IMPORT,NSIGT,VC202500354
CONT2025005642,EXPORT,NSIGT,VC202500354
CONT2025005643,IMPORT,NSIGT,VC202500354
CONT2025005644,EXPORT,NSIGT,VC202500354
CONT2025005645,EXPORT,NSIGT,VC202500354
CONT2025005646,EXPORT,NSIGT,VC202500354
CONT2025005647,IMPORT,NSIGT,VC202500354
CONT2025005648,IMPORT,NSIGT,VC202500354
CONT2025005649,EXPORT,NSIGT,VC202500354
CONT2025005650,EXPORT,NSIGT,VC202500354
CONT2025005651,EXPORT,NSIGT,VC202500354
CONT2025005652,EXPORT,BMCT,VC202500355
CONT2025005653,IMPORT,BMCT,VC202500355
CONT2025005654,IMPORT,BMCT,VC202500355
CONT2025005655,IMPORT,BMCT,VC202500355
CONT2025005656,EXPORT,BMCT,VC202500355
CONT2025005657,IMPORT,BMCT,VC202500355
CONT2025005658,EXPORT,BMCT,VC202500355
CONT2025005659,IMPORT,BMCT,VC202500355
CONT2025005660,EXPORT,BMCT,VC202500355
CONT2025005661,EXPORT,BMCT,VC202500355
CONT2025005662,EXPORT,BMCT,VC202500355
CONT2025005663,EXPORT,BMCT,VC202500355
CONT2025005664,EXPORT,BMCT,VC202500355
CONT2025005665,EXPORT,BMCT,VC202500355
CONT2025005666,EXPORT,GTI,VC202500356
CONT2025005667,IMPORT,GTI,VC202500356
CONT2025005668,EXPORT,GTI,VC202500356
CONT2025005669,IMPORT,GTI,VC202500356
CONT2025005670,IMPORT,GTI,VC202500356
CONT2025005671,IMPORT,GTI,VC202500356
CONT2025005672,IMPORT,GTI,VC202500356
CONT2025005673,EXPORT,GTI,VC202500356
CONT2025005674,EXPORT,GTI,VC202500356
CONT2025005675,EXPORT,GTI,VC202500356
CONT2025005676,EXPORT,GTI,VC202500356
CONT2025005677,EXPORT,GTI,VC202500356
CONT2025005678,IMPORT,GTI,VC202500356
CONT2025005679,IMPORT,GTI,VC202500356
CONT2025005680,EXPORT,GTI,VC202500356
CONT2025005681,IMPORT,GTI,VC202500356
CONT2025005682,EXPORT,GTI,VC202500356
CONT2025005683,IMPORT,GTI,VC202500356
CONT2025005684,EXPORT,GTI,VC202500357
CONT2025005685,IMPORT,GTI,VC202500357
CONT2025005686,EXPORT,GTI,VC202500357
CONT2025005687,EXPORT,GTI,VC202500357
CONT2025005688,EXPORT,GTI,VC202500357
CONT2025005689,IMPORT,GTI,VC202500357
CONT2025005690,EXPORT,GTI,VC202500357
CONT2025005691,EXPORT,GTI,VC202500357
CONT2025005692,EXPORT,GTI,VC202500357
CONT2025005693,EXPORT,NSFT,VC202500358
CONT2025005694,IMPORT,NSFT,VC202500358
CONT2025005695,IMPORT,NSFT,VC202500358
CONT2025005696,EXPORT,NSFT,VC202500358
CONT2025005697,EXPORT,NSFT,VC202500358
CONT2025005698,EXPORT,NSFT,VC202500358
CONT2025005699,EXPORT,NSFT,VC202500358
CONT2025005700,IMPORT,NSFT,VC202500358
CONT2025005701,EXPORT,NSFT,VC202500358
CONT2025005702,EXPORT,NSFT,VC202500358
CONT2025005703,EXPORT,NSFT,VC202500358
CONT2025005704,IMPORT,NSFT,VC202500358
CONT2025005705,EXPORT,NSFT,VC202500358
CONT2025005706,EXPORT,NSFT,VC202500358
CONT2025005707,IMPORT,NSIGT,VC202500359
CONT2025005708,IMPORT,NSIGT,VC202500359
CONT2025005709,IMPORT,NSIGT,VC202500359
CONT2025005710,IMPORT,NSIGT,VC202500359
CONT2025005711,IMPORT,NSIGT,VC202500359
CONT2025005712,EXPORT,NSIGT,VC202500359
CONT2025005713,EXPORT,NSIGT,VC202500359
CONT2025005714,EXPORT,NSIGT,VC202500359
CONT2025005715,EXPORT,NSIGT,VC202500359
CONT2025005716,IMPORT,NSIGT,VC202500359
CONT2025005717,EXPORT,NSIGT,VC202500359
CONT2025005718,EXPORT,NSIGT,VC202500359
CONT2025005719,EXPORT,NSIGT,VC202500359
CONT2025005720,EXPORT,NSIGT,VC202500359
CONT2025005721,IMPORT,NSIGT,VC202500359
CONT2025005722,EXPORT,GTI,VC202500360
CONT2025005723,EXPORT,GTI,VC202500360
CONT2025005724,EXPORT,GTI,VC202500360
CONT2025005725,EXPORT,GTI,VC202500360
CONT2025005726,EXPORT,GTI,VC202500360
CONT2025005727,IMPORT,GTI,VC202500360
CONT2025005728,IMPORT,GTI,VC202500360
CONT2025005729,EXPORT,GTI,VC202500360
CONT2025005730,EXPORT,GTI,VC202500360
CONT2025005731,EXPORT,GTI,VC202500360
CONT2025005732,EXPORT,GTI,VC202500360
CONT2025005733,IMPORT,GTI,VC202500360
CONT2025005734,EXPORT,NSIGT,VC202500361
CONT2025005735,EXPORT,NSIGT,VC202500361
CONT2025005736,IMPORT,NSIGT,VC202500361
CONT2025005737,EXPORT,NSIGT,VC202500361
CONT2025005738,IMPORT,NSIGT,VC202500361
CONT2025005739,EXPORT,NSIGT,VC202500361
CONT2025005740,IMPORT,NSFT,VC202500362
CONT2025005741,IMPORT,NSFT,VC202500362
CONT2025005742,IMPORT,NSFT,VC202500362
CONT2025005743,IMPORT,NSFT,VC202500362
CONT2025005744,IMPORT,NSFT,VC202500362
CONT2025005745,EXPORT,NSFT,VC202500362
CONT2025005746,IMPORT,NSFT,VC202500362
CONT2025005747,IMPORT,NSFT,VC202500362
CONT2025005748,EXPORT,NSFT,VC202500362
CONT2025005749,EXPORT,NSFT,VC202500362
CONT2025005750,EXPORT,NSFT,VC202500362
CONT2025005751,EXPORT,NSFT,VC202500362
CONT2025005752,IMPORT,NSFT,VC202500362
CONT2025005753,IMPORT,NSFT,VC202500362
CONT2025005754,IMPORT,NSFT,VC202500362
CONT2025005755,EXPORT,NSFT,VC202500362
CONT2025005756,IMPORT,NSFT,VC202500362
CONT2025005757,EXPORT,NSFT,VC202500362
CONT2025005758,EXPORT,NSFT,VC202500362
CONT2025005759,EXPORT,NSICT,VC202500363
CONT2025005760,IMPORT,NSICT,VC202500363
CONT2025005761,IMPORT,NSICT,VC202500363
CONT2025005762,IMPORT,NSICT,VC202500363
CONT2025005763,IMPORT,NSICT,VC202500363
CONT2025005764,EXPORT,NSICT,VC202500363
CONT2025005765,IMPORT,NSICT,VC202500363
CONT2025005766,IMPORT,NSICT,VC202500363
CONT2025005767,IMPORT,NSICT,VC202500363
CONT2025005768,IMPORT,NSICT,VC202500363
CONT2025005769,EXPORT,NSICT,VC202500363
CONT2025005770,EXPORT,NSICT,VC202500363
CONT2025005771,EXPORT,NSICT,VC202500363
CONT2025005772,IMPORT,NSICT,VC202500363
CONT2025005773,IMPORT,NSFT,VC202500364
CONT2025005774,EXPORT,NSFT,VC202500364
CONT2025005775,EXPORT,NSFT,VC202500364
CONT2025005776,EXPORT,NSFT,VC202500364
CONT2025005777,IMPORT,NSFT,VC202500364
CONT2025005778,IMPORT,NSFT,VC202500364
CONT2025005779,EXPORT,NSFT,VC202500364
CONT2025005780,EXPORT,NSFT,VC202500364
CONT2025005781,EXPORT,NSFT,VC202500364
CONT2025005782,IMPORT,NSFT,VC202500364
CONT2025005783,EXPORT,NSFT,VC202500364
CONT2025005784,IMPORT,BMCT,VC202500365
CONT2025005785,EXPORT,BMCT,VC202500365
CONT2025005786,IMPORT,BMCT,VC202500365
CONT2025005787,EXPORT,BMCT,VC202500365
CONT2025005788,IMPORT,BMCT,VC202500365
CONT2025005789,EXPORT,BMCT,VC202500365
CONT2025005790,IMPORT,BMCT,VC202500365
CONT2025005791,EXPORT,NSIGT,VC202500366
CONT2025005792,EXPORT,NSIGT,VC202500366
CONT2025005793,IMPORT,NSIGT,VC202500366
CONT2025005794,IMPORT,NSIGT,VC202500366
CONT2025005795,IMPORT,NSIGT,VC202500366
CONT2025005796,EXPORT,NSIGT,VC202500366
CONT2025005797,IMPORT,NSIGT,VC202500366
CONT2025005798,EXPORT,NSIGT,VC202500366
CONT2025005799,EXPORT,NSIGT,VC202500366
CONT2025005800,EXPORT,NSIGT,VC202500366
CONT2025005801,IMPORT,NSIGT,VC202500366
CONT2025005802,IMPORT,NSIGT,VC202500366
CONT2025005803,IMPORT,NSIGT,VC202500366
CONT2025005804,IMPORT,BMCT,VC202500367
CONT2025005805,IMPORT,BMCT,VC202500367
CONT2025005806,EXPORT,BMCT,VC202500367
CONT2025005807,EXPORT,BMCT,VC202500367
CONT2025005808,IMPORT,BMCT,VC202500367
CONT2025005809,EXPORT,BMCT,VC202500367
CONT2025005810,EXPORT,BMCT,VC202500367
CONT2025005811,EXPORT,BMCT,VC202500367
CONT2025005812,IMPORT,NSFT,VC202500368
CONT2025005813,EXPORT,NSFT,VC202500368
CONT2025005814,EXPORT,NSFT,VC202500368
CONT2025005815,IMPORT,NSFT,VC202500368
CONT2025005816,IMPORT,NSFT,VC202500368
CONT2025005817,EXPORT,NSFT,VC202500368
CONT2025005818,IMPORT,NSFT,VC202500368
CONT2025005819,IMPORT,NSFT,VC202500368
CONT2025005820,IMPORT,NSFT,VC202500368
CONT2025005821,EXPORT,NSFT,VC202500368
CONT2025005822,EXPORT,NSFT,VC202500368
CONT2025005823,IMPORT,NSFT,VC202500368
CONT2025005824,IMPORT,NSFT,VC202500368
CONT2025005825,EXPORT,NSFT,VC202500368
CONT2025005826,EXPORT,NSFT,VC202500368
CONT2025005827,EXPORT,NSFT,VC202500368
CONT2025005828,EXPORT,NSFT,VC202500368
CONT2025005829,EXPORT,NSFT,VC202500368
CONT2025005830,EXPORT,NSFT,VC202500368
CONT2025005831,EXPORT,NSFT,VC202500368
CONT2025005832,IMPORT,NSFT,VC202500368
CONT2025005833,EXPORT,NSFT,VC202500368
CONT2025005834,EXPORT,NSFT,VC202500368
CONT2025005835,EXPORT,NSFT,VC202500368
CONT2025005836,IMPORT,NSFT,VC202500368
CONT2025005837,EXPORT,NSIGT,VC202500369
CONT2025005838,IMPORT,NSIGT,VC202500369
CONT2025005839,EXPORT,NSIGT,VC202500369
CONT2025005840,IMPORT,NSIGT,VC202500369
CONT2025005841,EXPORT,NSIGT,VC202500369
CONT2025005842,EXPORT,NSIGT,VC202500369
CONT2025005843,EXPORT,NSIGT,VC202500369
CONT2025005844,EXPORT,NSIGT,VC202500369
CONT2025005845,IMPORT,NSFT,VC202500370
CONT2025005846,IMPORT,NSFT,VC202500370
CONT2025005847,IMPORT,NSFT,VC202500370
CONT2025005848,EXPORT,NSFT,VC202500370
CONT2025005849,IMPORT,NSFT,VC202500370
CONT2025005850,EXPORT,NSFT,VC202500370
CONT2025005851,EXPORT,NSICT,VC202500371
CONT2025005852,EXPORT,NSICT,VC202500371
CONT2025005853,IMPORT,NSICT,VC202500371
CONT2025005854,IMPORT,NSICT,VC202500371
CONT2025005855,EXPORT,NSICT,VC202500371
CONT2025005856,IMPORT,NSICT,VC202500371
CONT2025005857,IMPORT,NSICT,VC202500371
CONT2025005858,EXPORT,NSICT,VC202500371
CONT2025005859,IMPORT,NSICT,VC202500371
CONT2025005860,EXPORT,NSICT,VC202500371
CONT2025005861,IMPORT,NSICT,VC202500371
CONT2025005862,IMPORT,NSICT,VC202500371
CONT2025005863,EXPORT,NSICT,VC202500371
CONT2025005864,EXPORT,NSICT,VC202500371
CONT2025005865,IMPORT,NSICT,VC202500371
CONT2025005866,EXPORT,NSICT,VC202500371
CONT2025005867,IMPORT,NSICT,VC202500371
CONT2025005868,EXPORT,NSIGT,VC202500372
CONT2025005869,EXPORT,NSIGT,VC202500372
CONT2025005870,IMPORT,NSIGT,VC202500372
CONT2025005871,EXPORT,NSIGT,VC202500372
CONT2025005872,IMPORT,NSIGT,VC202500372
CONT2025005873,EXPORT,NSIGT,VC202500372
CONT2025005874,IMPORT,NSIGT,VC202500372
CONT2025005875,EXPORT,NSIGT,VC202500372
CONT2025005876,IMPORT,NSIGT,VC202500372
CONT2025005877,IMPORT,NSIGT,VC202500372
CONT2025005878,IMPORT,GTI,VC202500373
CONT2025005879,EXPORT,GTI,VC202500373
CONT2025005880,IMPORT,GTI,VC202500373
CONT2025005881,IMPORT,GTI,VC202500373
CONT2025005882,IMPORT,GTI,VC202500373
CONT2025005883,IMPORT,GTI,VC202500373
CONT2025005884,EXPORT,GTI,VC202500373
CONT2025005885,IMPORT,NSIGT,VC202500374
CONT2025005886,IMPORT,NSIGT,VC202500374
CONT2025005887,EXPORT,NSIGT,VC202500374
CONT2025005888,IMPORT,NSIGT,VC202500374
CONT2025005889,EXPORT,NSIGT,VC202500374
CONT2025005890,EXPORT,NSIGT,VC202500374
CONT2025005891,IMPORT,NSIGT,VC202500374
CONT2025005892,EXPORT,NSIGT,VC202500374
CONT2025005893,EXPORT,NSIGT,VC202500374
CONT2025005894,IMPORT,NSIGT,VC202500374
CONT2025005895,IMPORT,NSIGT,VC202500374
CONT2025005896,IMPORT,NSIGT,VC202500374
CONT2025005897,EXPORT,NSIGT,VC202500374
CONT2025005898,EXPORT,NSIGT,VC202500374
CONT2025005899,EXPORT,NSIGT,VC202500374
CONT2025005900,IMPORT,NSIGT,VC202500375
CONT2025005901,EXPORT,NSIGT,VC202500375
CONT2025005902,EXPORT,NSIGT,VC202500375
CONT2025005903,EXPORT,NSIGT,VC202500375
CONT2025005904,EXPORT,NSIGT,VC202500375
CONT2025005905,EXPORT,NSIGT,VC202500375
CONT2025005906,IMPORT,NSIGT,VC202500375
CONT2025005907,EXPORT,NSIGT,VC202500375
CONT2025005908,IMPORT,NSIGT,VC202500375
CONT2025005909,IMPORT,NSIGT,VC202500375
CONT2025005910,IMPORT,NSIGT,VC202500375
CONT2025005911,EXPORT,NSIGT,VC202500375
CONT2025005912,EXPORT,NSIGT,VC202500375
CONT2025005913,EXPORT,NSIGT,VC202500375
CONT2025005914,IMPORT,NSIGT,VC202500375
CONT2025005915,IMPORT,NSIGT,VC202500375
CONT2025005916,IMPORT,NSFT,VC202500376
CONT2025005917,IMPORT,NSFT,VC202500376
CONT2025005918,EXPORT,NSFT,VC202500376
CONT2025005919,IMPORT,NSFT,VC202500376
CONT2025005920,IMPORT,NSFT,VC202500376
CONT2025005921,EXPORT,NSFT,VC202500376
CONT2025005922,EXPORT,NSFT,VC202500376
CONT2025005923,IMPORT,NSFT,VC202500376
CONT2025005924,EXPORT,NSFT,VC202500376
CONT2025005925,EXPORT,NSFT,VC202500376
CONT2025005926,EXPORT,NSFT,VC202500376
CONT2025005927,EXPORT,NSFT,VC202500376
CONT2025005928,EXPORT,NSFT,VC202500376
CONT2025005929,IMPORT,NSFT,VC202500376
CONT2025005930,IMPORT,NSFT,VC202500376
CONT2025005931,EXPORT,NSFT,VC202500376
CONT2025005932,EXPORT,NSFT,VC202500376
CONT2025005933,EXPORT,NSFT,VC202500376
CONT2025005934,IMPORT,NSFT,VC202500376
CONT2025005935,EXPORT,GTI,VC202500377
CONT2025005936,IMPORT,GTI,VC202500377
CONT2025005937,IMPORT,GTI,VC202500377
CONT2025005938,IMPORT,GTI,VC202500377
CONT2025005939,EXPORT,GTI,VC202500377
CONT2025005940,EXPORT,GTI,VC202500377
CONT2025005941,IMPORT,GTI,VC202500377
CONT2025005942,IMPORT,GTI,VC202500377
CONT2025005943,IMPORT,GTI,VC202500377
CONT2025005944,EXPORT,GTI,VC202500377
CONT2025005945,EXPORT,GTI,VC202500378
CONT2025005946,EXPORT,GTI,VC202500378
CONT2025005947,EXPORT,GTI,VC202500378
CONT2025005948,IMPORT,GTI,VC202500378
CONT2025005949,IMPORT,GTI,VC202500378
CONT2025005950,EXPORT,GTI,VC202500378
CONT2025005951,EXPORT,GTI,VC202500378
CONT2025005952,EXPORT,NSICT,VC202500379
CONT2025005953,IMPORT,NSICT,VC202500379
CONT2025005954,IMPORT,NSICT,VC202500379
CONT2025005955,EXPORT,NSICT,VC202500379
CONT2025005956,IMPORT,NSICT,VC202500379
CONT2025005957,IMPORT,NSICT,VC202500379
CONT2025005958,IMPORT,NSICT,VC202500379
CONT2025005959,IMPORT,NSICT,VC202500379
CONT2025005960,IMPORT,NSICT,VC202500379
CONT2025005961,EXPORT,NSICT,VC202500379
CONT2025005962,IMPORT,NSICT,VC202500379
CONT2025005963,IMPORT,NSICT,VC202500379
CONT2025005964,IMPORT,NSICT,VC202500379
CONT2025005965,IMPORT,NSICT,VC202500379
CONT2025005966,IMPORT,NSICT,VC202500379
CONT2025005967,EXPORT,NSICT,VC202500379
CONT2025005968,EXPORT,NSICT,VC202500379
CONT2025005969,EXPORT,NSICT,VC202500379
CONT2025005970,IMPORT,NSICT,VC202500379
CONT2025005971,IMPORT,NSICT,VC202500379
CONT2025005972,EXPORT,NSICT,VC202500379
CONT2025005973,EXPORT,NSICT,VC202500379
CONT2025005974,EXPORT,NSICT,VC202500379
CONT2025005975,EXPORT,NSICT,VC202500379
CONT2025005976,IMPORT,BMCT,VC202500380
CONT2025005977,IMPORT,BMCT,VC202500380
CONT2025005978,EXPORT,BMCT,VC202500380
CONT2025005979,EXPORT,BMCT,VC202500380
CONT2025005980,IMPORT,BMCT,VC202500380
CONT2025005981,EXPORT,BMCT,VC202500380
CONT2025005982,EXPORT,BMCT,VC202500380
CONT2025005983,IMPORT,BMCT,VC202500380
CONT2025005984,EXPORT,BMCT,VC202500380
CONT2025005985,IMPORT,BMCT,VC202500380
CONT2025005986,EXPORT,BMCT,VC202500380
CONT2025005987,EXPORT,BMCT,VC202500380
CONT2025005988,EXPORT,NSICT,VC202500381
CONT2025005989,EXPORT,NSICT,VC202500381
CONT2025005990,IMPORT,NSICT,VC202500381
CONT2025005991,EXPORT,NSICT,VC202500381
CONT2025005992,EXPORT,NSICT,VC202500381
CONT2025005993,IMPORT,NSICT,VC202500381
CONT2025005994,EXPORT,NSICT,VC202500381
CONT2025005995,EXPORT,NSICT,VC202500381
CONT2025005996,EXPORT,NSICT,VC202500381
CONT2025005997,IMPORT,NSICT,VC202500381
CONT2025005998,EXPORT,NSICT,VC202500381
CONT2025005999,EXPORT,NSICT,VC202500381
CONT2025006000,EXPORT,NSICT,VC202500381
CONT2025006001,IMPORT,NSICT,VC202500381
CONT2025006002,IMPORT,NSICT,VC202500381
CONT2025006003,IMPORT,GTI,VC202500382
CONT2025006004,EXPORT,GTI,VC202500382
CONT2025006005,EXPORT,GTI,VC202500382
CONT2025006006,IMPORT,GTI,VC202500382
CONT2025006007,IMPORT,GTI,VC202500382
CONT2025006008,EXPORT,GTI,VC202500382
CONT2025006009,IMPORT,GTI,VC202500382
CONT2025006010,IMPORT,GTI,VC202500382
CONT2025006011,EXPORT,GTI,VC202500382
CONT2025006012,EXPORT,NSFT,VC202500383
CONT2025006013,EXPORT,NSFT,VC202500383
CONT2025006014,EXPORT,NSFT,VC202500383
CONT2025006015,IMPORT,NSFT,VC202500383
CONT2025006016,IMPORT,NSFT,VC202500383
CONT2025006017,IMPORT,NSFT,VC202500383
CONT2025006018,IMPORT,NSFT,VC202500383
CONT2025006019,IMPORT,NSFT,VC202500383
CONT2025006020,EXPORT,NSFT,VC202500383
CONT2025006021,IMPORT,NSFT,VC202500383
CONT2025006022,IMPORT,NSFT,VC202500383
CONT2025006023,IMPORT,NSFT,VC202500383
CONT2025006024,EXPORT,NSFT,VC202500383
CONT2025006025,EXPORT,NSFT,VC202500383
CONT2025006026,EXPORT,NSFT,VC202500383
CONT2025006027,IMPORT,NSFT,VC202500383
CONT2025006028,EXPORT,NSFT,VC202500383
CONT2025006029,IMPORT,NSICT,VC202500384
CONT2025006030,IMPORT,NSICT,VC202500384
CONT2025006031,EXPORT,NSICT,VC202500384
CONT2025006032,EXPORT,NSICT,VC202500384
CONT2025006033,IMPORT,NSICT,VC202500384
CONT2025006034,EXPORT,NSICT,VC202500384
CONT2025006035,IMPORT,NSICT,VC202500384
CONT2025006036,EXPORT,NSICT,VC202500384
CONT2025006037,IMPORT,NSFT,VC202500385
CONT2025006038,IMPORT,NSFT,VC202500385
CONT2025006039,IMPORT,NSFT,VC202500385
CONT2025006040,EXPORT,NSFT,VC202500385
CONT2025006041,EXPORT,NSFT,VC202500385
CONT2025006042,EXPORT,NSFT,VC202500385
CONT2025006043,EXPORT,NSFT,VC202500385
CONT2025006044,EXPORT,NSFT,VC202500385
CONT2025006045,EXPORT,NSFT,VC202500385
CONT2025006046,EXPORT,NSFT,VC202500385
CONT2025006047,EXPORT,NSFT,VC202500385
CONT2025006048,IMPORT,NSFT,VC202500385
CONT2025006049,IMPORT,NSFT,VC202500385
CONT2025006050,EXPORT,NSFT,VC202500386
CONT2025006051,EXPORT,NSFT,VC202500386
CONT2025006052,IMPORT,NSFT,VC202500386
CONT2025006053,EXPORT,NSFT,VC202500386
CONT2025006054,EXPORT,NSFT,VC202500386
CONT2025006055,IMPORT,NSFT,VC202500386
CONT2025006056,EXPORT,NSFT,VC202500386
CONT2025006057,IMPORT,NSFT,VC202500386
CONT2025006058,IMPORT,NSFT,VC202500386
CONT2025006059,EXPORT,NSFT,VC202500386
CONT2025006060,IMPORT,BMCT,VC202500387
CONT2025006061,IMPORT,BMCT,VC202500387
CONT2025006062,EXPORT,BMCT,VC202500387
CONT2025006063,IMPORT,BMCT,VC202500387
CONT2025006064,IMPORT,BMCT,VC202500387
CONT2025006065,EXPORT,BMCT,VC202500387
CONT2025006066,EXPORT,BMCT,VC202500387
CONT2025006067,EXPORT,BMCT,VC202500387
CONT2025006068,IMPORT,BMCT,VC202500387
CONT2025006069,IMPORT,BMCT,VC202500387
CONT2025006070,EXPORT,BMCT,VC202500387
CONT2025006071,EXPORT,BMCT,VC202500387
CONT2025006072,EXPORT,BMCT,VC202500387
CONT2025006073,IMPORT,BMCT,VC202500387
CONT2025006074,IMPORT,BMCT,VC202500387
CONT2025006075,IMPORT,NSFT,VC202500388
CONT2025006076,EXPORT,NSFT,VC202500388
CONT2025006077,IMPORT,NSFT,VC202500388
CONT2025006078,IMPORT,NSFT,VC202500388
CONT2025006079,EXPORT,NSFT,VC202500388
CONT2025006080,IMPORT,NSFT,VC202500388
CONT2025006081,EXPORT,NSFT,VC202500388
CONT2025006082,EXPORT,GTI,VC202500389
CONT2025006083,EXPORT,GTI,VC202500389
CONT2025006084,IMPORT,GTI,VC202500389
CONT2025006085,EXPORT,GTI,VC202500389
CONT2025006086,EXPORT,GTI,VC202500389
CONT2025006087,IMPORT,GTI,VC202500389
CONT2025006088,EXPORT,GTI,VC202500389
CONT2025006089,IMPORT,GTI,VC202500389
CONT2025006090,IMPORT,GTI,VC202500389
CONT2025006091,EXPORT,GTI,VC202500389
CONT2025006092,IMPORT,GTI,VC202500389
CONT2025006093,IMPORT,GTI,VC202500389
CONT2025006094,IMPORT,GTI,VC202500389
CONT2025006095,IMPORT,GTI,VC202500389
CONT2025006096,IMPORT,GTI,VC202500389
CONT2025006097,IMPORT,GTI,VC202500389
CONT2025006098,IMPORT,GTI,VC202500389
CONT2025006099,IMPORT,GTI,VC202500389
CONT2025006100,EXPORT,NSIGT,VC202500390
CONT2025006101,EXPORT,NSIGT,VC202500390
CONT2025006102,EXPORT,NSIGT,VC202500390
CONT2025006103,EXPORT,NSIGT,VC202500390
CONT2025006104,IMPORT,NSIGT,VC202500390
CONT2025006105,IMPORT,NSIGT,VC202500390
CONT2025006106,EXPORT,GTI,VC202500391
CONT2025006107,EXPORT,GTI,VC202500391
CONT2025006108,EXPORT,GTI,VC202500391
CONT2025006109,IMPORT,GTI,VC202500391
CONT2025006110,IMPORT,GTI,VC202500391
CONT2025006111,EXPORT,GTI,VC202500391
CONT2025006112,IMPORT,GTI,VC202500391
CONT2025006113,EXPORT,GTI,VC202500391
CONT2025006114,EXPORT,BMCT,VC202500392
CONT2025006115,EXPORT,BMCT,VC202500392
CONT2025006116,EXPORT,BMCT,VC202500392
CONT2025006117,IMPORT,BMCT,VC202500392
CONT2025006118,EXPORT,BMCT,VC202500392
CONT2025006119,IMPORT,BMCT,VC202500392
CONT2025006120,IMPORT,BMCT,VC202500392
CONT2025006121,IMPORT,BMCT,VC202500392
CONT2025006122,IMPORT,BMCT,VC202500392
CONT2025006123,EXPORT,BMCT,VC202500392
CONT2025006124,IMPORT,BMCT,VC202500392
CONT2025006125,IMPORT,BMCT,VC202500392
CONT2025006126,IMPORT,BMCT,VC202500392
CONT2025006127,EXPORT,NSFT,VC202500393
CONT2025006128,EXPORT,NSFT,VC202500393
CONT2025006129,EXPORT,NSFT,VC202500393
CONT2025006130,IMPORT,NSFT,VC202500393
CONT2025006131,EXPORT,NSFT,VC202500393
CONT2025006132,EXPORT,NSFT,VC202500393
CONT2025006133,EXPORT,NSFT,VC202500393
CONT2025006134,EXPORT,NSFT,VC202500393
CONT2025006135,IMPORT,NSFT,VC202500393
CONT2025006136,EXPORT,NSFT,VC202500393
CONT2025006137,EXPORT,NSFT,VC202500393
CONT2025006138,IMPORT,NSFT,VC202500393
CONT2025006139,EXPORT,NSFT,VC202500393
CONT2025006140,EXPORT,NSFT,VC202500393
CONT2025006141,EXPORT,BMCT,VC202500394
CONT2025006142,IMPORT,BMCT,VC202500394
CONT2025006143,IMPORT,BMCT,VC202500394
CONT2025006144,IMPORT,BMCT,VC202500394
CONT2025006145,IMPORT,BMCT,VC202500394
CONT2025006146,EXPORT,BMCT,VC202500394
CONT2025006147,IMPORT,BMCT,VC202500394
CONT2025006148,EXPORT,BMCT,VC202500394
CONT2025006149,IMPORT,BMCT,VC202500394
CONT2025006150,IMPORT,BMCT,VC202500394
CONT2025006151,IMPORT,BMCT,VC202500394
CONT2025006152,IMPORT,BMCT,VC202500394
CONT2025006153,IMPORT,NSIGT,VC202500395
CONT2025006154,IMPORT,NSIGT,VC202500395
CONT2025006155,EXPORT,NSIGT,VC202500395
CONT2025006156,EXPORT,NSIGT,VC202500395
CONT2025006157,EXPORT,NSIGT,VC202500395
CONT2025006158,IMPORT,NSIGT,VC202500395
CONT2025006159,IMPORT,NSIGT,VC202500395
CONT2025006160,EXPORT,NSIGT,VC202500395
CONT2025006161,IMPORT,NSICT,VC202500396
CONT2025006162,EXPORT,NSICT,VC202500396
CONT2025006163,IMPORT,NSICT,VC202500396
CONT2025006164,EXPORT,NSICT,VC202500396
CONT2025006165,IMPORT,NSICT,VC202500396
CONT2025006166,EXPORT,NSICT,VC202500396
CONT2025006167,EXPORT,NSICT,VC202500396
CONT2025006168,EXPORT,NSICT,VC202500396
CONT2025006169,IMPORT,NSICT,VC202500396
CONT2025006170,IMPORT,NSICT,VC202500396
CONT2025006171,IMPORT,NSICT,VC202500396
CONT2025006172,EXPORT,NSICT,VC202500396
CONT2025006173,IMPORT,NSICT,VC202500396
CONT2025006174,IMPORT,NSICT,VC202500396
CONT2025006175,IMPORT,NSICT,VC202500396
CONT2025006176,IMPORT,NSICT,VC202500396
CONT2025006177,EXPORT,NSICT,VC202500396
CONT2025006178,EXPORT,NSICT,VC202500396
CONT2025006179,EXPORT,NSICT,VC202500396
CONT2025006180,IMPORT,NSICT,VC202500396
CONT2025006181,EXPORT,NSICT,VC202500396
CONT2025006182,IMPORT,NSICT,VC202500397
CONT2025006183,IMPORT,NSICT,VC202500397
CONT2025006184,EXPORT,NSICT,VC202500397
CONT2025006185,IMPORT,NSICT,VC202500397
CONT2025006186,EXPORT,NSICT,VC202500397
CONT2025006187,EXPORT,NSICT,VC202500397
CONT2025006188,IMPORT,NSICT,VC202500397
CONT2025006189,IMPORT,GTI,VC202500398
CONT2025006190,EXPORT,GTI,VC202500398
CONT2025006191,EXPORT,GTI,VC202500398
CONT2025006192,EXPORT,GTI,VC202500398
CONT2025006193,IMPORT,GTI,VC202500398
CONT2025006194,IMPORT,GTI,VC202500398
CONT2025006195,IMPORT,GTI,VC202500398
CONT2025006196,EXPORT,GTI,VC202500398
CONT2025006197,IMPORT,GTI,VC202500398
CONT2025006198,EXPORT,GTI,VC202500398
CONT2025006199,IMPORT,GTI,VC202500398
CONT2025006200,EXPORT,GTI,VC202500398
CONT2025006201,IMPORT,GTI,VC202500398
CONT2025006202,EXPORT,GTI,VC202500398
CONT2025006203,IMPORT,BMCT,VC202500399
CONT2025006204,IMPORT,BMCT,VC202500399
CONT2025006205,EXPORT,BMCT,VC202500399
CONT2025006206,EXPORT,BMCT,VC202500399
CONT2025006207,IMPORT,BMCT,VC202500399
CONT2025006208,EXPORT,BMCT,VC202500399
CONT2025006209,EXPORT,BMCT,VC202500399
CONT2025006210,EXPORT,NSFT,VC202500400
CONT2025006211,EXPORT,NSFT,VC202500400
CONT2025006212,EXPORT,NSFT,VC202500400
CONT2025006213,EXPORT,NSFT,VC202500400
CONT2025006214,IMPORT,NSFT,VC202500400
CONT2025006215,IMPORT,NSFT,VC202500400
CONT2025006216,EXPORT,NSFT,VC202500400
CONT2025006217,IMPORT,NSFT,VC202500400
CONT2025006218,EXPORT,NSFT,VC202500400
CONT2025006219,IMPORT,NSFT,VC202500400
CONT2025006220,IMPORT,NSICT,VC202500401
CONT2025006221,IMPORT,NSICT,VC202500401
CONT2025006222,IMPORT,NSICT,VC202500401
CONT2025006223,EXPORT,NSICT,VC202500401
CONT2025006224,IMPORT,NSICT,VC202500401
CONT2025006225,IMPORT,NSICT,VC202500401
CONT2025006226,EXPORT,NSICT,VC202500401
CONT2025006227,EXPORT,NSICT,VC202500401
CONT2025006228,IMPORT,NSICT,VC202500401
CONT2025006229,EXPORT,NSICT,VC202500401
CONT2025006230,EXPORT,NSICT,VC202500401
CONT2025006231,IMPORT,NSICT,VC202500401
CONT2025006232,IMPORT,NSICT,VC202500401
CONT2025006233,IMPORT,NSICT,VC202500401
CONT2025006234,EXPORT,NSICT,VC202500401
CONT2025006235,IMPORT,NSICT,VC202500401
CONT2025006236,IMPORT,NSICT,VC202500401
CONT2025006237,IMPORT,NSICT,VC202500401
CONT2025006238,EXPORT,NSICT,VC202500401
CONT2025006239,IMPORT,NSICT,VC202500401
CONT2025006240,IMPORT,NSIGT,VC202500402
CONT2025006241,EXPORT,NSIGT,VC202500402
CONT2025006242,EXPORT,NSIGT,VC202500402
CONT2025006243,IMPORT,NSIGT,VC202500402
CONT2025006244,EXPORT,NSIGT,VC202500402
CONT2025006245,EXPORT,NSIGT,VC202500402
CONT2025006246,EXPORT,NSICT,VC202500403
CONT2025006247,EXPORT,NSICT,VC202500403
CONT2025006248,IMPORT,NSICT,VC202500403
CONT2025006249,IMPORT,NSICT,VC202500403
CONT2025006250,IMPORT,NSICT,VC202500403
CONT2025006251,IMPORT,NSICT,VC202500403
CONT2025006252,IMPORT,NSICT,VC202500403
CONT2025006253,EXPORT,NSICT,VC202500403
CONT2025006254,EXPORT,NSICT,VC202500403
CONT2025006255,EXPORT,NSICT,VC202500403
CONT2025006256,EXPORT,NSICT,VC202500403
CONT2025006257,IMPORT,NSICT,VC202500403
CONT2025006258,EXPORT,NSICT,VC202500403
CONT2025006259,IMPORT,NSICT,VC202500403
CONT2025006260,EXPORT,NSICT,VC202500403
CONT2025006261,EXPORT,NSICT,VC202500404
CONT2025006262,IMPORT,NSICT,VC202500404
CONT2025006263,IMPORT,NSICT,VC202500404
CONT2025006264,EXPORT,NSICT,VC202500404
CONT2025006265,IMPORT,NSICT,VC202500404
CONT2025006266,EXPORT,NSICT,VC202500404
CONT2025006267,IMPORT,NSICT,VC202500404
CONT2025006268,IMPORT,NSICT,VC202500404
CONT2025006269,EXPORT,NSICT,VC202500404
CONT2025006270,IMPORT,NSIGT,VC202500405
CONT2025006271,EXPORT,NSIGT,VC202500405
CONT2025006272,IMPORT,NSIGT,VC202500405
CONT2025006273,EXPORT,NSIGT,VC202500405
CONT2025006274,IMPORT,NSIGT,VC202500405
CONT2025006275,EXPORT,NSIGT,VC202500405
CONT2025006276,IMPORT,NSIGT,VC202500405
CONT2025006277,EXPORT,NSIGT,VC202500405
CONT2025006278,EXPORT,NSIGT,VC202500405
CONT2025006279,EXPORT,NSIGT,VC202500405
CONT2025006280,EXPORT,BMCT,VC202500406
CONT2025006281,EXPORT,BMCT,VC202500406
CONT2025006282,EXPORT,BMCT,VC202500406
CONT2025006283,EXPORT,BMCT,VC202500406
CONT2025006284,EXPORT,BMCT,VC202500406
CONT2025006285,EXPORT,BMCT,VC202500406
CONT2025006286,EXPORT,GTI,VC202500407
CONT2025006287,EXPORT,GTI,VC202500407
CONT2025006288,EXPORT,GTI,VC202500407
CONT2025006289,IMPORT,GTI,VC202500407
CONT2025006290,EXPORT,GTI,VC202500407
CONT2025006291,IMPORT,GTI,VC202500407
CONT2025006292,IMPORT,GTI,VC202500407
CONT2025006293,EXPORT,GTI,VC202500407
CONT2025006294,EXPORT,GTI,VC202500407
CONT2025006295,IMPORT,BMCT,VC202500408
CONT2025006296,IMPORT,BMCT,VC202500408
CONT2025006297,IMPORT,BMCT,VC202500408
CONT2025006298,EXPORT,BMCT,VC202500408
CONT2025006299,IMPORT,BMCT,VC202500408
CONT2025006300,EXPORT,BMCT,VC202500408
CONT2025006301,EXPORT,BMCT,VC202500408
CONT2025006302,IMPORT,BMCT,VC202500408
CONT2025006303,IMPORT,BMCT,VC202500408
CONT2025006304,EXPORT,BMCT,VC202500408
CONT2025006305,EXPORT,BMCT,VC202500408
CONT2025006306,IMPORT,BMCT,VC202500408
CONT2025006307,IMPORT,BMCT,VC202500408
CONT2025006308,IMPORT,BMCT,VC202500408
CONT2025006309,IMPORT,BMCT,VC202500408
CONT2025006310,IMPORT,BMCT,VC202500408
CONT2025006311,EXPORT,BMCT,VC202500408
CONT2025006312,IMPORT,BMCT,VC202500408
CONT2025006313,EXPORT,BMCT,VC202500408
CONT2025006314,IMPORT,BMCT,VC202500408
CONT2025006315,IMPORT,BMCT,VC202500408
CONT2025006316,IMPORT,BMCT,VC202500408
CONT2025006317,IMPORT,BMCT,VC202500408
CONT2025006318,IMPORT,BMCT,VC202500408
CONT2025006319,EXPORT,BMCT,VC202500408
CONT2025006320,IMPORT,BMCT,VC202500408
CONT2025006321,IMPORT,BMCT,VC202500408
CONT2025006322,IMPORT,BMCT,VC202500408
CONT2025006323,EXPORT,BMCT,VC202500408
CONT2025006324,IMPORT,BMCT,VC202500408
CONT2025006325,EXPORT,BMCT,VC202500408
CONT2025006326,EXPORT,NSIGT,VC202500409
CONT2025006327,EXPORT,NSIGT,VC202500409
CONT2025006328,EXPORT,NSIGT,VC202500409
CONT2025006329,IMPORT,NSIGT,VC202500409
CONT2025006330,EXPORT,NSIGT,VC202500409
CONT2025006331,EXPORT,NSIGT,VC202500409
CONT2025006332,IMPORT,NSIGT,VC202500409
CONT2025006333,IMPORT,NSIGT,VC202500409
CONT2025006334,EXPORT,NSIGT,VC202500409
CONT2025006335,IMPORT,NSIGT,VC202500409
CONT2025006336,IMPORT,NSIGT,VC202500409
CONT2025006337,EXPORT,NSIGT,VC202500409
CONT2025006338,EXPORT,NSIGT,VC202500409
CONT2025006339,IMPORT,NSIGT,VC202500409
CONT2025006340,EXPORT,NSIGT,VC202500409
CONT2025006341,EXPORT,NSIGT,VC202500409
CONT2025006342,IMPORT,NSIGT,VC202500409
CONT2025006343,IMPORT,NSIGT,VC202500409
CONT2025006344,IMPORT,NSIGT,VC202500409
CONT2025006345,IMPORT,NSICT,VC202500410
CONT2025006346,IMPORT,NSICT,VC202500410
CONT2025006347,EXPORT,NSICT,VC202500410
CONT2025006348,IMPORT,NSICT,VC202500410
CONT2025006349,IMPORT,NSICT,VC202500410
CONT2025006350,IMPORT,NSICT,VC202500410
CONT2025006351,EXPORT,NSICT,VC202500410
CONT2025006352,EXPORT,NSICT,VC202500410
CONT2025006353,EXPORT,NSICT,VC202500410
CONT2025006354,EXPORT,NSICT,VC202500410
CONT2025006355,IMPORT,NSICT,VC202500410
CONT2025006356,IMPORT,NSICT,VC202500410
CONT2025006357,EXPORT,NSICT,VC202500410
CONT2025006358,EXPORT,NSICT,VC202500410
CONT2025006359,IMPORT,NSICT,VC202500410
CONT2025006360,EXPORT,NSICT,VC202500410
CONT2025006361,EXPORT,NSICT,VC202500410
CONT2025006362,EXPORT,NSICT,VC202500410
CONT2025006363,IMPORT,NSICT,VC202500410
CONT2025006364,IMPORT,NSICT,VC202500410
CONT2025006365,EXPORT,NSFT,VC202500411
CONT2025006366,EXPORT,NSFT,VC202500411
CONT2025006367,IMPORT,NSFT,VC202500411
CONT2025006368,IMPORT,NSFT,VC202500411
CONT2025006369,IMPORT,NSFT,VC202500411
CONT2025006370,EXPORT,NSFT,VC202500411
CONT2025006371,IMPORT,NSFT,VC202500411
CONT2025006372,IMPORT,NSFT,VC202500411
CONT2025006373,EXPORT,NSFT,VC202500411
CONT2025006374,EXPORT,NSFT,VC202500411
CONT2025006375,IMPORT,NSFT,VC202500411
CONT2025006376,EXPORT,NSFT,VC202500411
CONT2025006377,EXPORT,NSFT,VC202500411
CONT2025006378,IMPORT,NSFT,VC202500411
CONT2025006379,IMPORT,NSFT,VC202500411
CONT2025006380,EXPORT,NSFT,VC202500411
CONT2025006381,EXPORT,NSFT,VC202500411
CONT2025006382,IMPORT,NSFT,VC202500411
CONT2025006383,EXPORT,NSFT,VC202500411
CONT2025006384,IMPORT,NSFT,VC202500411
CONT2025006385,EXPORT,NSFT,VC202500411
CONT2025006386,EXPORT,GTI,VC202500412
CONT2025006387,EXPORT,GTI,VC202500412
CONT2025006388,EXPORT,GTI,VC202500412
CONT2025006389,IMPORT,GTI,VC202500412
CONT2025006390,IMPORT,GTI,VC202500412
CONT2025006391,EXPORT,GTI,VC202500412
CONT2025006392,IMPORT,GTI,VC202500412
CONT2025006393,EXPORT,GTI,VC202500412
CONT2025006394,IMPORT,GTI,VC202500412
CONT2025006395,IMPORT,GTI,VC202500412
CONT2025006396,EXPORT,GTI,VC202500412
CONT2025006397,IMPORT,GTI,VC202500412
CONT2025006398,IMPORT,GTI,VC202500412
CONT2025006399,IMPORT,GTI,VC202500412
CONT2025006400,EXPORT,GTI,VC202500412
CONT2025006401,EXPORT,GTI,VC202500412
CONT2025006402,EXPORT,GTI,VC202500412
CONT2025006403,EXPORT,GTI,VC202500412
CONT2025006404,EXPORT,GTI,VC202500412
CONT2025006405,EXPORT,GTI,VC202500412
CONT2025006406,EXPORT,GTI,VC202500412
CONT2025006407,EXPORT,GTI,VC202500412
CONT2025006408,EXPORT,GTI,VC202500412
CONT2025006409,IMPORT,GTI,VC202500412
CONT2025006410,IMPORT,GTI,VC202500412
CONT2025006411,IMPORT,GTI,VC202500412
CONT2025006412,IMPORT,GTI,VC202500412
CONT2025006413,EXPORT,GTI,VC202500412
CONT2025006414,EXPORT,GTI,VC202500412
CONT2025006415,EXPORT,GTI,VC202500412
CONT2025006416,EXPORT,GTI,VC202500412
CONT2025006417,IMPORT,GTI,VC202500412
CONT2025006418,EXPORT,GTI,VC202500412
CONT2025006419,IMPORT,GTI,VC202500412
CONT2025006420,EXPORT,GTI,VC202500412
CONT2025006421,IMPORT,GTI,VC202500412
CONT2025006422,EXPORT,GTI,VC202500412
CONT2025006423,IMPORT,GTI,VC202500413
CONT2025006424,EXPORT,GTI,VC202500413
CONT2025006425,IMPORT,GTI,VC202500413
CONT2025006426,IMPORT,GTI,VC202500413
CONT2025006427,EXPORT,GTI,VC202500413
CONT2025006428,IMPORT,GTI,VC202500413
CONT2025006429,IMPORT,GTI,VC202500413
CONT2025006430,IMPORT,GTI,VC202500413
CONT2025006431,EXPORT,GTI,VC202500413
CONT2025006432,EXPORT,GTI,VC202500413
CONT2025006433,IMPORT,NSIGT,VC202500414
CONT2025006434,EXPORT,NSIGT,VC202500414
CONT2025006435,EXPORT,NSIGT,VC202500414
CONT2025006436,EXPORT,NSIGT,VC202500414
CONT2025006437,IMPORT,NSIGT,VC202500414
CONT2025006438,EXPORT,NSIGT,VC202500414
CONT2025006439,EXPORT,NSIGT,VC202500414
CONT2025006440,IMPORT,NSIGT,VC202500414
CONT2025006441,IMPORT,NSFT,VC202500415
CONT2025006442,EXPORT,NSFT,VC202500415
CONT2025006443,EXPORT,NSFT,VC202500415
CONT2025006444,EXPORT,NSFT,VC202500415
CONT2025006445,IMPORT,NSFT,VC202500415
CONT2025006446,IMPORT,NSFT,VC202500415
CONT2025006447,IMPORT,NSIGT,VC202500416
CONT2025006448,IMPORT,NSIGT,VC202500416
CONT2025006449,IMPORT,NSIGT,VC202500416
CONT2025006450,EXPORT,NSIGT,VC202500416
CONT2025006451,IMPORT,NSIGT,VC202500416
CONT2025006452,EXPORT,NSIGT,VC202500416
CONT2025006453,IMPORT,NSIGT,VC202500416
CONT2025006454,EXPORT,NSIGT,VC202500416
CONT2025006455,EXPORT,NSIGT,VC202500416
CONT2025006456,IMPORT,NSIGT,VC202500416
CONT2025006457,EXPORT,NSICT,VC202500417
CONT2025006458,IMPORT,NSICT,VC202500417
CONT2025006459,EXPORT,NSICT,VC202500417
CONT2025006460,IMPORT,NSICT,VC202500417
CONT2025006461,IMPORT,NSICT,VC202500417
CONT2025006462,IMPORT,NSICT,VC202500417
CONT2025006463,EXPORT,NSICT,VC202500417
CONT2025006464,EXPORT,NSICT,VC202500417
CONT2025006465,EXPORT,NSICT,VC202500417
CONT2025006466,IMPORT,NSFT,VC202500418
CONT2025006467,EXPORT,NSFT,VC202500418
CONT2025006468,IMPORT,NSFT,VC202500418
CONT2025006469,IMPORT,NSFT,VC202500418
CONT2025006470,EXPORT,NSFT,VC202500418
CONT2025006471,IMPORT,NSFT,VC202500418
CONT2025006472,IMPORT,NSFT,VC202500418
CONT2025006473,EXPORT,NSFT,VC202500418
CONT2025006474,IMPORT,NSFT,VC202500418
CONT2025006475,EXPORT,NSICT,VC202500419
CONT2025006476,IMPORT,NSICT,VC202500419
CONT2025006477,IMPORT,NSICT,VC202500419
CONT2025006478,EXPORT,NSICT,VC202500419
CONT2025006479,IMPORT,NSICT,VC202500419
CONT2025006480,IMPORT,NSICT,VC202500419
CONT2025006481,EXPORT,NSICT,VC202500419
CONT2025006482,IMPORT,NSICT,VC202500419
CONT2025006483,EXPORT,NSICT,VC202500419
CONT2025006484,IMPORT,NSICT,VC202500419
CONT2025006485,IMPORT,NSICT,VC202500419
CONT2025006486,EXPORT,NSICT,VC202500419
CONT2025006487,IMPORT,NSICT,VC202500419
CONT2025006488,EXPORT,NSICT,VC202500419
CONT2025006489,IMPORT,NSICT,VC202500419
CONT2025006490,IMPORT,NSICT,VC202500419
CONT2025006491,IMPORT,NSICT,VC202500419
CONT2025006492,EXPORT,NSICT,VC202500419
CONT2025006493,EXPORT,NSICT,VC202500419
CONT2025006494,EXPORT,NSICT,VC202500419
CONT2025006495,EXPORT,NSICT,VC202500419
CONT2025006496,IMPORT,NSICT,VC202500419
CONT2025006497,EXPORT,NSICT,VC202500419
CONT2025006498,EXPORT,NSICT,VC202500419
CONT2025006499,IMPORT,NSICT,VC202500419
CONT2025006500,EXPORT,NSICT,VC202500419
CONT2025006501,IMPORT,NSICT,VC202500419
CONT2025006502,EXPORT,NSICT,VC202500419
CONT2025006503,EXPORT,NSICT,VC202500419
CONT2025006504,EXPORT,NSICT,VC202500419
CONT2025006505,EXPORT,NSIGT,VC202500420
CONT2025006506,EXPORT,NSIGT,VC202500420
CONT2025006507,EXPORT,NSIGT,VC202500420
CONT2025006508,IMPORT,NSIGT,VC202500420
CONT2025006509,EXPORT,NSIGT,VC202500420
CONT2025006510,IMPORT,NSIGT,VC202500420
CONT2025006511,EXPORT,NSIGT,VC202500421
CONT2025006512,IMPORT,NSIGT,VC202500421
CONT2025006513,EXPORT,NSIGT,VC202500421
CONT2025006514,IMPORT,NSIGT,VC202500421
CONT2025006515,EXPORT,NSIGT,VC202500421
CONT2025006516,EXPORT,NSIGT,VC202500421
CONT2025006517,EXPORT,NSICT,VC202500422
CONT2025006518,IMPORT,NSICT,VC202500422
CONT2025006519,IMPORT,NSICT,VC202500422
CONT2025006520,IMPORT,NSICT,VC202500422
CONT2025006521,IMPORT,NSICT,VC202500422
CONT2025006522,IMPORT,NSICT,VC202500422
CONT2025006523,EXPORT,NSICT,VC202500422
CONT2025006524,IMPORT,NSICT,VC202500422
CONT2025006525,IMPORT,NSICT,VC202500422
CONT2025006526,EXPORT,NSICT,VC202500422
CONT2025006527,EXPORT,NSICT,VC202500422
CONT2025006528,EXPORT,NSICT,VC202500422
CONT2025006529,EXPORT,NSICT,VC202500422
CONT2025006530,EXPORT,NSICT,VC202500422
CONT2025006531,IMPORT,NSICT,VC202500422
CONT2025006532,EXPORT,NSICT,VC202500422
CONT2025006533,EXPORT,NSICT,VC202500422
CONT2025006534,IMPORT,NSICT,VC202500422
CONT2025006535,EXPORT,NSICT,VC202500422
CONT2025006536,EXPORT,NSICT,VC202500422
CONT2025006537,EXPORT,NSICT,VC202500422
CONT2025006538,EXPORT,BMCT,VC202500423
CONT2025006539,EXPORT,BMCT,VC202500423
CONT2025006540,IMPORT,BMCT,VC202500423
CONT2025006541,IMPORT,BMCT,VC202500423
CONT2025006542,IMPORT,BMCT,VC202500423
CONT2025006543,IMPORT,BMCT,VC202500423
CONT2025006544,IMPORT,GTI,VC202500424
CONT2025006545,EXPORT,GTI,VC202500424
CONT2025006546,IMPORT,GTI,VC202500424
CONT2025006547,IMPORT,GTI,VC202500424
CONT2025006548,IMPORT,GTI,VC202500424
CONT2025006549,IMPORT,GTI,VC202500424
CONT2025006550,EXPORT,GTI,VC202500424
CONT2025006551,IMPORT,GTI,VC202500424
CONT2025006552,IMPORT,NSICT,VC202500425
CONT2025006553,EXPORT,NSICT,VC202500425
CONT2025006554,EXPORT,NSICT,VC202500425
CONT2025006555,EXPORT,NSICT,VC202500425
CONT2025006556,EXPORT,NSICT,VC202500425
CONT2025006557,IMPORT,NSICT,VC202500425
CONT2025006558,EXPORT,NSICT,VC202500425
CONT2025006559,EXPORT,NSICT,VC202500425
CONT2025006560,IMPORT,NSICT,VC202500425
CONT2025006561,IMPORT,NSICT,VC202500425
CONT2025006562,IMPORT,NSICT,VC202500425
CONT2025006563,IMPORT,NSICT,VC202500425
CONT2025006564,IMPORT,NSICT,VC202500425
CONT2025006565,IMPORT,NSICT,VC202500425
CONT2025006566,IMPORT,NSICT,VC202500425
CONT2025006567,EXPORT,NSICT,VC202500425
CONT2025006568,EXPORT,NSICT,VC202500425
CONT2025006569,EXPORT,BMCT,VC202500426
CONT2025006570,IMPORT,BMCT,VC202500426
CONT2025006571,IMPORT,BMCT,VC202500426
CONT2025006572,IMPORT,BMCT,VC202500426
CONT2025006573,IMPORT,BMCT,VC202500426
CONT2025006574,IMPORT,BMCT,VC202500426
CONT2025006575,IMPORT,BMCT,VC202500426
CONT2025006576,IMPORT,NSFT,VC202500427
CONT2025006577,IMPORT,NSFT,VC202500427
CONT2025006578,IMPORT,NSFT,VC202500427
CONT2025006579,IMPORT,NSFT,VC202500427
CONT2025006580,IMPORT,NSFT,VC202500427
CONT2025006581,EXPORT,NSFT,VC202500427
CONT2025006582,EXPORT,NSFT,VC202500427
CONT2025006583,EXPORT,NSFT,VC202500427
CONT2025006584,IMPORT,NSFT,VC202500427
CONT2025006585,EXPORT,NSFT,VC202500427
CONT2025006586,IMPORT,NSFT,VC202500427
CONT2025006587,IMPORT,NSFT,VC202500427
CONT2025006588,EXPORT,NSFT,VC202500427
CONT2025006589,IMPORT,NSFT,VC202500427
CONT2025006590,EXPORT,NSFT,VC202500427
CONT2025006591,IMPORT,NSFT,VC202500427
CONT2025006592,EXPORT,NSFT,VC202500427
CONT2025006593,EXPORT,NSFT,VC202500427
CONT2025006594,EXPORT,NSFT,VC202500427
CONT2025006595,EXPORT,NSFT,VC202500427
CONT2025006596,EXPORT,NSFT,VC202500427
CONT2025006597,EXPORT,NSFT,VC202500427
CONT2025006598,EXPORT,NSFT,VC202500427
CONT2025006599,IMPORT,NSFT,VC202500427
CONT2025006600,EXPORT,NSFT,VC202500427
CONT2025006601,IMPORT,NSFT,VC202500427
CONT2025006602,IMPORT,NSFT,VC202500427
CONT2025006603,EXPORT,NSFT,VC202500427
CONT2025006604,IMPORT,NSFT,VC202500427
CONT2025006605,EXPORT,NSFT,VC202500427
CONT2025006606,IMPORT,NSFT,VC202500428
CONT2025006607,EXPORT,NSFT,VC202500428
CONT2025006608,EXPORT,NSFT,VC202500428
CONT2025006609,EXPORT,NSFT,VC202500428
CONT2025006610,EXPORT,NSFT,VC202500428
CONT2025006611,IMPORT,NSFT,VC202500428
CONT2025006612,EXPORT,NSFT,VC202500428
CONT2025006613,IMPORT,NSFT,VC202500428
CONT2025006614,EXPORT,NSFT,VC202500428
CONT2025006615,IMPORT,NSFT,VC202500428
CONT2025006616,EXPORT,NSFT,VC202500428
CONT2025006617,EXPORT,GTI,VC202500429
CONT2025006618,EXPORT,GTI,VC202500429
CONT2025006619,EXPORT,GTI,VC202500429
CONT2025006620,EXPORT,GTI,VC202500429
CONT2025006621,IMPORT,GTI,VC202500429
CONT2025006622,EXPORT,GTI,VC202500429
CONT2025006623,IMPORT,GTI,VC202500429
CONT2025006624,IMPORT,GTI,VC202500429
CONT2025006625,EXPORT,GTI,VC202500429
CONT2025006626,EXPORT,GTI,VC202500429
CONT2025006627,IMPORT,GTI,VC202500429
CONT2025006628,EXPORT,GTI,VC202500429
CONT2025006629,IMPORT,GTI,VC202500429
CONT2025006630,EXPORT,GTI,VC202500429
CONT2025006631,EXPORT,GTI,VC202500429
CONT2025006632,IMPORT,GTI,VC202500429
CONT2025006633,EXPORT,GTI,VC202500429
CONT2025006634,EXPORT,GTI,VC202500429
CONT2025006635,EXPORT,NSIGT,VC202500430
CONT2025006636,IMPORT,NSIGT,VC202500430
CONT2025006637,EXPORT,NSIGT,VC202500430
CONT2025006638,EXPORT,NSIGT,VC202500430
CONT2025006639,EXPORT,NSIGT,VC202500430
CONT2025006640,EXPORT,NSIGT,VC202500430
CONT2025006641,EXPORT,NSIGT,VC202500430
CONT2025006642,IMPORT,NSIGT,VC202500430
CONT2025006643,EXPORT,NSIGT,VC202500430
CONT2025006644,EXPORT,BMCT,VC202500431
CONT2025006645,IMPORT,BMCT,VC202500431
CONT2025006646,EXPORT,BMCT,VC202500431
CONT2025006647,EXPORT,BMCT,VC202500431
CONT2025006648,IMPORT,BMCT,VC202500431
CONT2025006649,EXPORT,BMCT,VC202500431
CONT2025006650,EXPORT,BMCT,VC202500431
CONT2025006651,IMPORT,BMCT,VC202500431
CONT2025006652,EXPORT,BMCT,VC202500431
CONT2025006653,IMPORT,BMCT,VC202500431
CONT2025006654,IMPORT,BMCT,VC202500431
CONT2025006655,EXPORT,BMCT,VC202500431
CONT2025006656,IMPORT,BMCT,VC202500431
CONT2025006657,IMPORT,GTI,VC202500432
CONT2025006658,IMPORT,GTI,VC202500432
CONT2025006659,EXPORT,GTI,VC202500432
CONT2025006660,EXPORT,GTI,VC202500432
CONT2025006661,EXPORT,GTI,VC202500432
CONT2025006662,EXPORT,GTI,VC202500432
CONT2025006663,IMPORT,GTI,VC202500432
CONT2025006664,IMPORT,GTI,VC202500432
CONT2025006665,IMPORT,GTI,VC202500432
CONT2025006666,EXPORT,GTI,VC202500432
CONT2025006667,IMPORT,GTI,VC202500432
CONT2025006668,IMPORT,GTI,VC202500432
CONT2025006669,IMPORT,GTI,VC202500432
CONT2025006670,IMPORT,GTI,VC202500432
CONT2025006671,EXPORT,GTI,VC202500432
CONT2025006672,IMPORT,GTI,VC202500432
CONT2025006673,EXPORT,GTI,VC202500432
CONT2025006674,IMPORT,GTI,VC202500432
CONT2025006675,EXPORT,GTI,VC202500432
CONT2025006676,IMPORT,NSFT,VC202500433
CONT2025006677,IMPORT,NSFT,VC202500433
CONT2025006678,IMPORT,NSFT,VC202500433
CONT2025006679,EXPORT,NSFT,VC202500433
CONT2025006680,EXPORT,NSFT,VC202500433
CONT2025006681,EXPORT,NSFT,VC202500433
CONT2025006682,IMPORT,NSFT,VC202500433
CONT2025006683,EXPORT,NSFT,VC202500433
CONT2025006684,EXPORT,NSFT,VC202500433
CONT2025006685,IMPORT,NSFT,VC202500433
CONT2025006686,EXPORT,NSFT,VC202500433
CONT2025006687,IMPORT,NSFT,VC202500433
CONT2025006688,EXPORT,NSFT,VC202500433
CONT2025006689,IMPORT,NSFT,VC202500433
CONT2025006690,EXPORT,NSFT,VC202500433
CONT2025006691,EXPORT,NSFT,VC202500433
CONT2025006692,EXPORT,NSFT,VC202500433
CONT2025006693,EXPORT,NSFT,VC202500433
CONT2025006694,EXPORT,NSFT,VC202500433
CONT2025006695,EXPORT,NSFT,VC202500433
CONT2025006696,EXPORT,NSFT,VC202500433
CONT2025006697,EXPORT,NSFT,VC202500433
CONT2025006698,EXPORT,NSFT,VC202500433
CONT2025006699,IMPORT,NSFT,VC202500433
CONT2025006700,EXPORT,NSFT,VC202500433
CONT2025006701,EXPORT,NSFT,VC202500433
CONT2025006702,EXPORT,NSFT,VC202500433
CONT2025006703,IMPORT,NSFT,VC202500433
CONT2025006704,EXPORT,NSFT,VC202500433
CONT2025006705,EXPORT,NSFT,VC202500433
CONT2025006706,IMPORT,NSFT,VC202500433
CONT2025006707,IMPORT,NSFT,VC202500433
CONT2025006708,EXPORT,NSFT,VC202500433
CONT2025006709,IMPORT,NSFT,VC202500433
CONT2025006710,IMPORT,NSFT,VC202500433
CONT2025006711,EXPORT,NSFT,VC202500433
CONT2025006712,IMPORT,NSFT,VC202500433
CONT2025006713,IMPORT,NSFT,VC202500433
CONT2025006714,EXPORT,NSFT,VC202500433
CONT2025006715,IMPORT,NSICT,VC202500434
CONT2025006716,IMPORT,NSICT,VC202500434
CONT2025006717,EXPORT,NSICT,VC202500434
CONT2025006718,EXPORT,NSICT,VC202500434
CONT2025006719,IMPORT,NSICT,VC202500434
CONT2025006720,IMPORT,NSICT,VC202500434
CONT2025006721,IMPORT,NSFT,VC202500435
CONT2025006722,EXPORT,NSFT,VC202500435
CONT2025006723,IMPORT,NSFT,VC202500435
CONT2025006724,EXPORT,NSFT,VC202500435
CONT2025006725,EXPORT,NSFT,VC202500435
CONT2025006726,IMPORT,NSFT,VC202500435
CONT2025006727,EXPORT,NSFT,VC202500435
CONT2025006728,IMPORT,NSFT,VC202500435
CONT2025006729,IMPORT,NSFT,VC202500435
CONT2025006730,IMPORT,NSFT,VC202500435
CONT2025006731,EXPORT,NSFT,VC202500435
CONT2025006732,EXPORT,NSFT,VC202500435
CONT2025006733,EXPORT,NSFT,VC202500435
CONT2025006734,EXPORT,NSFT,VC202500435
CONT2025006735,EXPORT,NSFT,VC202500435
CONT2025006736,EXPORT,NSFT,VC202500435
CONT2025006737,IMPORT,NSFT,VC202500435
CONT2025006738,EXPORT,NSFT,VC202500435
CONT2025006739,EXPORT,NSFT,VC202500435
CONT2025006740,EXPORT,NSFT,VC202500435
CONT2025006741,EXPORT,NSFT,VC202500435
CONT2025006742,IMPORT,NSFT,VC202500435
CONT2025006743,IMPORT,NSFT,VC202500435
CONT2025006744,IMPORT,NSFT,VC202500435
CONT2025006745,IMPORT,NSFT,VC202500435
CONT2025006746,EXPORT,NSFT,VC202500436
CONT2025006747,EXPORT,NSFT,VC202500436
CONT2025006748,EXPORT,NSFT,VC202500436
CONT2025006749,IMPORT,NSFT,VC202500436
CONT2025006750,EXPORT,NSFT,VC202500436
CONT2025006751,IMPORT,NSFT,VC202500436
CONT2025006752,EXPORT,NSFT,VC202500436
CONT2025006753,EXPORT,NSFT,VC202500436
CONT2025006754,IMPORT,NSICT,VC202500437
CONT2025006755,IMPORT,NSICT,VC202500437
CONT2025006756,EXPORT,NSICT,VC202500437
CONT2025006757,IMPORT,NSICT,VC202500437
CONT2025006758,IMPORT,NSICT,VC202500437
CONT2025006759,IMPORT,NSICT,VC202500437
CONT2025006760,EXPORT,NSICT,VC202500437
CONT2025006761,EXPORT,NSICT,VC202500437
CONT2025006762,EXPORT,NSICT,VC202500437
CONT2025006763,EXPORT,NSICT,VC202500437
CONT2025006764,EXPORT,NSICT,VC202500437
CONT2025006765,EXPORT,NSICT,VC202500437
CONT2025006766,IMPORT,NSICT,VC202500437
CONT2025006767,EXPORT,NSICT,VC202500437
CONT2025006768,IMPORT,NSICT,VC202500437
CONT2025006769,IMPORT,NSICT,VC202500437
CONT2025006770,EXPORT,NSICT,VC202500437
CONT2025006771,EXPORT,NSICT,VC202500437
CONT2025006772,IMPORT,NSICT,VC202500438
CONT2025006773,EXPORT,NSICT,VC202500438
CONT2025006774,EXPORT,NSICT,VC202500438
CONT2025006775,IMPORT,NSICT,VC202500438
CONT2025006776,EXPORT,NSICT,VC202500438
CONT2025006777,IMPORT,NSICT,VC202500438
CONT2025006778,IMPORT,NSICT,VC202500438
CONT2025006779,EXPORT,NSICT,VC202500438
CONT2025006780,EXPORT,NSICT,VC202500438
CONT2025006781,EXPORT,NSICT,VC202500438
CONT2025006782,EXPORT,NSICT,VC202500438
CONT2025006783,IMPORT,NSICT,VC202500438
CONT2025006784,EXPORT,NSICT,VC202500438
CONT2025006785,IMPORT,NSICT,VC202500438
CONT2025006786,IMPORT,NSICT,VC202500438
CONT2025006787,EXPORT,NSICT,VC202500438
CONT2025006788,IMPORT,NSICT,VC202500438
CONT2025006789,IMPORT,NSICT,VC202500438
CONT2025006790,IMPORT,NSICT,VC202500438
CONT2025006791,IMPORT,NSICT,VC202500438
CONT2025006792,IMPORT,NSICT,VC202500438
CONT2025006793,IMPORT,NSICT,VC202500438
CONT2025006794,IMPORT,NSICT,VC202500438
CONT2025006795,IMPORT,NSFT,VC202500439
CONT2025006796,IMPORT,NSFT,VC202500439
CONT2025006797,EXPORT,NSFT,VC202500439
CONT2025006798,IMPORT,NSFT,VC202500439
CONT2025006799,EXPORT,NSFT,VC202500439
CONT2025006800,IMPORT,NSFT,VC202500439
CONT2025006801,EXPORT,NSFT,VC202500439
CONT2025006802,IMPORT,NSFT,VC202500439
CONT2025006803,IMPORT,NSFT,VC202500439
CONT2025006804,IMPORT,NSFT,VC202500439
CONT2025006805,EXPORT,NSFT,VC202500439
CONT2025006806,EXPORT,NSFT,VC202500439
CONT2025006807,IMPORT,NSFT,VC202500439
CONT2025006808,IMPORT,NSFT,VC202500439
CONT2025006809,EXPORT,NSFT,VC202500439
CONT2025006810,EXPORT,NSFT,VC202500439
CONT2025006811,EXPORT,NSFT,VC202500439
CONT2025006812,EXPORT,NSFT,VC202500439
CONT2025006813,EXPORT,NSFT,VC202500439
CONT2025006814,EXPORT,NSFT,VC202500439
CONT2025006815,IMPORT,NSFT,VC202500439
CONT2025006816,EXPORT,NSFT,VC202500439
CONT2025006817,EXPORT,NSFT,VC202500439
CONT2025006818,IMPORT,NSFT,VC202500440
CONT2025006819,EXPORT,NSFT,VC202500440
CONT2025006820,EXPORT,NSFT,VC202500440
CONT2025006821,EXPORT,NSFT,VC202500440
CONT2025006822,EXPORT,NSFT,VC202500440
CONT2025006823,IMPORT,NSFT,VC202500440
CONT2025006824,EXPORT,NSFT,VC202500440
CONT2025006825,EXPORT,NSFT,VC202500440
CONT2025006826,IMPORT,NSFT,VC202500440
CONT2025006827,IMPORT,NSFT,VC202500440
CONT2025006828,IMPORT,NSFT,VC202500440
CONT2025006829,IMPORT,NSFT,VC202500440
CONT2025006830,EXPORT,NSFT,VC202500440
CONT2025006831,EXPORT,NSFT,VC202500440
CONT2025006832,IMPORT,NSFT,VC202500441
CONT2025006833,IMPORT,NSFT,VC202500441
CONT2025006834,EXPORT,NSFT,VC202500441
CONT2025006835,EXPORT,NSFT,VC202500441
CONT2025006836,EXPORT,NSFT,VC202500441
CONT2025006837,EXPORT,NSFT,VC202500441
CONT2025006838,EXPORT,NSFT,VC202500441
CONT2025006839,EXPORT,NSFT,VC202500441
CONT2025006840,IMPORT,NSFT,VC202500441
CONT2025006841,EXPORT,NSFT,VC202500441
CONT2025006842,IMPORT,NSFT,VC202500441
CONT2025006843,IMPORT,NSFT,VC202500441
CONT2025006844,EXPORT,NSFT,VC202500441
CONT2025006845,IMPORT,NSIGT,VC202500442
CONT2025006846,IMPORT,NSIGT,VC202500442
CONT2025006847,EXPORT,NSIGT,VC202500442
CONT2025006848,IMPORT,NSIGT,VC202500442
CONT2025006849,IMPORT,NSIGT,VC202500442
CONT2025006850,EXPORT,NSIGT,VC202500442
CONT2025006851,EXPORT,NSICT,VC202500443
CONT2025006852,EXPORT,NSICT,VC202500443
CONT2025006853,EXPORT,NSICT,VC202500443
CONT2025006854,IMPORT,NSICT,VC202500443
CONT2025006855,IMPORT,NSICT,VC202500443
CONT2025006856,IMPORT,NSICT,VC202500443
CONT2025006857,EXPORT,NSICT,VC202500443
CONT2025006858,IMPORT,NSICT,VC202500443
CONT2025006859,IMPORT,NSICT,VC202500443
CONT2025006860,EXPORT,NSIGT,VC202500444
CONT2025006861,EXPORT,NSIGT,VC202500444
CONT2025006862,IMPORT,NSIGT,VC202500444
CONT2025006863,IMPORT,NSIGT,VC202500444
CONT2025006864,IMPORT,NSIGT,VC202500444
CONT2025006865,EXPORT,NSIGT,VC202500444
CONT2025006866,EXPORT,NSIGT,VC202500444
CONT2025006867,EXPORT,NSIGT,VC202500444
CONT2025006868,EXPORT,NSIGT,VC202500444
CONT2025006869,IMPORT,NSIGT,VC202500445
CONT2025006870,EXPORT,NSIGT,VC202500445
CONT2025006871,EXPORT,NSIGT,VC202500445
CONT2025006872,EXPORT,NSIGT,VC202500445
CONT2025006873,IMPORT,NSIGT,VC202500445
CONT2025006874,IMPORT,NSIGT,VC202500445
CONT2025006875,EXPORT,NSIGT,VC202500445
CONT2025006876,EXPORT,NSIGT,VC202500445
CONT2025006877,EXPORT,NSIGT,VC202500445
CONT2025006878,EXPORT,NSIGT,VC202500445
CONT2025006879,EXPORT,NSIGT,VC202500445
CONT2025006880,IMPORT,NSIGT,VC202500445
CONT2025006881,IMPORT,NSIGT,VC202500445
CONT2025006882,IMPORT,NSIGT,VC202500445
CONT2025006883,IMPORT,NSIGT,VC202500445
CONT2025006884,EXPORT,NSIGT,VC202500445
CONT2025006885,EXPORT,NSIGT,VC202500445
CONT2025006886,EXPORT,NSIGT,VC202500445
CONT2025006887,IMPORT,NSIGT,VC202500445
CONT2025006888,EXPORT,NSIGT,VC202500445
CONT2025006889,IMPORT,NSIGT,VC202500445
CONT2025006890,EXPORT,NSFT,VC202500446
CONT2025006891,IMPORT,NSFT,VC202500446
CONT2025006892,EXPORT,NSFT,VC202500446
CONT2025006893,EXPORT,NSFT,VC202500446
CONT2025006894,EXPORT,NSFT,VC202500446
CONT2025006895,EXPORT,NSFT,VC202500446
CONT2025006896,EXPORT,NSFT,VC202500446
CONT2025006897,EXPORT,NSFT,VC202500446
CONT2025006898,EXPORT,NSFT,VC202500446
CONT2025006899,IMPORT,NSFT,VC202500446
CONT2025006900,EXPORT,NSFT,VC202500446
CONT2025006901,IMPORT,NSFT,VC202500446
CONT2025006902,IMPORT,NSFT,VC202500446
CONT2025006903,EXPORT,NSFT,VC202500446
CONT2025006904,IMPORT,NSFT,VC202500446
CONT2025006905,IMPORT,NSFT,VC202500446
CONT2025006906,IMPORT,NSFT,VC202500446
CONT2025006907,IMPORT,NSFT,VC202500446
CONT2025006908,IMPORT,NSFT,VC202500446
CONT2025006909,IMPORT,NSFT,VC202500446
CONT2025006910,IMPORT,NSFT,VC202500446
CONT2025006911,IMPORT,NSFT,VC202500446
CONT2025006912,EXPORT,NSFT,VC202500446
CONT2025006913,IMPORT,NSFT,VC202500446
CONT2025006914,IMPORT,NSFT,VC202500446
CONT2025006915,IMPORT,NSFT,VC202500446
CONT2025006916,IMPORT,NSFT,VC202500446
CONT2025006917,EXPORT,NSICT,VC202500447
CONT2025006918,EXPORT,NSICT,VC202500447
CONT2025006919,IMPORT,NSICT,VC202500447
CONT2025006920,EXPORT,NSICT,VC202500447
CONT2025006921,EXPORT,NSICT,VC202500447
CONT2025006922,IMPORT,NSICT,VC202500447
CONT2025006923,IMPORT,NSICT,VC202500447
CONT2025006924,IMPORT,NSICT,VC202500447
CONT2025006925,EXPORT,NSICT,VC202500447
CONT2025006926,EXPORT,NSICT,VC202500447
CONT2025006927,IMPORT,NSICT,VC202500447
CONT2025006928,IMPORT,NSICT,VC202500447
CONT2025006929,EXPORT,NSICT,VC202500447
CONT2025006930,EXPORT,NSICT,VC202500447
CONT2025006931,EXPORT,BMCT,VC202500448
CONT2025006932,EXPORT,BMCT,VC202500448
CONT2025006933,IMPORT,BMCT,VC202500448
CONT2025006934,EXPORT,BMCT,VC202500448
CONT2025006935,EXPORT,BMCT,VC202500448
CONT2025006936,IMPORT,BMCT,VC202500448
CONT2025006937,IMPORT,BMCT,VC202500448
CONT2025006938,EXPORT,BMCT,VC202500448
CONT2025006939,EXPORT,BMCT,VC202500448
CONT2025006940,IMPORT,BMCT,VC202500448
CONT2025006941,IMPORT,BMCT,VC202500448
CONT2025006942,IMPORT,BMCT,VC202500449
CONT2025006943,EXPORT,BMCT,VC202500449
CONT2025006944,EXPORT,BMCT,VC202500449
CONT2025006945,EXPORT,BMCT,VC202500449
CONT2025006946,EXPORT,BMCT,VC202500449
CONT2025006947,IMPORT,BMCT,VC202500449
CONT2025006948,EXPORT,BMCT,VC202500449
CONT2025006949,EXPORT,BMCT,VC202500449
CONT2025006950,IMPORT,BMCT,VC202500449
CONT2025006951,IMPORT,BMCT,VC202500449
CONT2025006952,IMPORT,BMCT,VC202500449
CONT2025006953,EXPORT,BMCT,VC202500449
CONT2025006954,IMPORT,BMCT,VC202500449
CONT2025006955,EXPORT,BMCT,VC202500449
CONT2025006956,IMPORT,BMCT,VC202500449
CONT2025006957,IMPORT,BMCT,VC202500449
CONT2025006958,EXPORT,BMCT,VC202500450
CONT2025006959,IMPORT,BMCT,VC202500450
CONT2025006960,EXPORT,BMCT,VC202500450
CONT2025006961,IMPORT,BMCT,VC202500450
CONT2025006962,IMPORT,BMCT,VC202500450
CONT2025006963,EXPORT,BMCT,VC202500450
CONT2025006964,IMPORT,BMCT,VC202500450
CONT2025006965,EXPORT,BMCT,VC202500450
CONT2025006966,IMPORT,BMCT,VC202500450
CONT2025006967,EXPORT,BMCT,VC202500450
CONT2025006968,EXPORT,BMCT,VC202500450
CONT2025006969,EXPORT,BMCT,VC202500450
CONT2025006970,IMPORT,BMCT,VC202500450
CONT2025006971,IMPORT,BMCT,VC202500450
CONT2025006972,EXPORT,BMCT,VC202500450
CONT2025006973,IMPORT,BMCT,VC202500450
CONT2025006974,IMPORT,BMCT,VC202500450
CONT2025006975,EXPORT,BMCT,VC202500451
CONT2025006976,EXPORT,BMCT,VC202500451
CONT2025006977,IMPORT,BMCT,VC202500451
CONT2025006978,EXPORT,BMCT,VC202500451
CONT2025006979,EXPORT,BMCT,VC202500451
CONT2025006980,EXPORT,BMCT,VC202500451
CONT2025006981,IMPORT,BMCT,VC202500451
CONT2025006982,IMPORT,BMCT,VC202500451
CONT2025006983,EXPORT,BMCT,VC202500451
CONT2025006984,EXPORT,BMCT,VC202500451
CONT2025006985,IMPORT,BMCT,VC202500451
CONT2025006986,EXPORT,BMCT,VC202500451
CONT2025006987,EXPORT,BMCT,VC202500451
CONT2025006988,IMPORT,BMCT,VC202500451
CONT2025006989,IMPORT,BMCT,VC202500451
CONT2025006990,EXPORT,BMCT,VC202500451
CONT2025006991,IMPORT,BMCT,VC202500451
CONT2025006992,EXPORT,BMCT,VC202500451
CONT2025006993,IMPORT,BMCT,VC202500451
CONT2025006994,IMPORT,BMCT,VC202500452
CONT2025006995,IMPORT,BMCT,VC202500452
CONT2025006996,IMPORT,BMCT,VC202500452
CONT2025006997,EXPORT,BMCT,VC202500452
CONT2025006998,EXPORT,BMCT,VC202500452
CONT2025006999,EXPORT,BMCT,VC202500452
CONT2025007000,IMPORT,NSIGT,VC202500453
CONT2025007001,IMPORT,NSIGT,VC202500453
CONT2025007002,IMPORT,NSIGT,VC202500453
CONT2025007003,IMPORT,NSIGT,VC202500453
CONT2025007004,EXPORT,NSIGT,VC202500453
CONT2025007005,EXPORT,NSIGT,VC202500453
CONT2025007006,IMPORT,BMCT,VC202500454
CONT2025007007,EXPORT,BMCT,VC202500454
CONT2025007008,EXPORT,BMCT,VC202500454
CONT2025007009,EXPORT,BMCT,VC202500454
CONT2025007010,IMPORT,BMCT,VC202500454
CONT2025007011,IMPORT,BMCT,VC202500454
CONT2025007012,IMPORT,BMCT,VC202500454
CONT2025007013,EXPORT,BMCT,VC202500454
CONT2025007014,IMPORT,BMCT,VC202500454
CONT2025007015,EXPORT,BMCT,VC202500454
CONT2025007016,EXPORT,NSIGT,VC202500455
CONT2025007017,EXPORT,NSIGT,VC202500455
CONT2025007018,EXPORT,NSIGT,VC202500455
CONT2025007019,EXPORT,NSIGT,VC202500455
CONT2025007020,EXPORT,NSIGT,VC202500455
CONT2025007021,EXPORT,NSIGT,VC202500455
CONT2025007022,EXPORT,NSIGT,VC202500455
CONT2025007023,EXPORT,NSIGT,VC202500455
CONT2025007024,IMPORT,NSIGT,VC202500455
CONT2025007025,IMPORT,NSIGT,VC202500455
CONT2025007026,IMPORT,NSIGT,VC202500455
CONT2025007027,EXPORT,NSIGT,VC202500455
CONT2025007028,IMPORT,NSIGT,VC202500455
CONT2025007029,IMPORT,NSIGT,VC202500455
CONT2025007030,EXPORT,NSIGT,VC202500455
CONT2025007031,EXPORT,NSIGT,VC202500455
CONT2025007032,EXPORT,NSIGT,VC202500456
CONT2025007033,EXPORT,NSIGT,VC202500456
CONT2025007034,IMPORT,NSIGT,VC202500456
CONT2025007035,IMPORT,NSIGT,VC202500456
CONT2025007036,IMPORT,NSIGT,VC202500456
CONT2025007037,IMPORT,NSIGT,VC202500456
CONT2025007038,IMPORT,NSIGT,VC202500456
CONT2025007039,EXPORT,NSIGT,VC202500456
CONT2025007040,EXPORT,NSIGT,VC202500456
CONT2025007041,EXPORT,NSIGT,VC202500456
CONT2025007042,EXPORT,NSIGT,VC202500456
CONT2025007043,IMPORT,NSIGT,VC202500456
CONT2025007044,IMPORT,NSIGT,VC202500456
CONT2025007045,EXPORT,NSIGT,VC202500456
CONT2025007046,EXPORT,NSIGT,VC202500456
CONT2025007047,IMPORT,NSIGT,VC202500456
CONT2025007048,EXPORT,NSIGT,VC202500456
CONT2025007049,EXPORT,BMCT,VC202500457
CONT2025007050,IMPORT,BMCT,VC202500457
CONT2025007051,IMPORT,BMCT,VC202500457
CONT2025007052,IMPORT,BMCT,VC202500457
CONT2025007053,EXPORT,BMCT,VC202500457
CONT2025007054,IMPORT,BMCT,VC202500457
CONT2025007055,IMPORT,BMCT,VC202500457
CONT2025007056,EXPORT,BMCT,VC202500457
CONT2025007057,IMPORT,BMCT,VC202500457
CONT2025007058,EXPORT,BMCT,VC202500457
CONT2025007059,IMPORT,BMCT,VC202500457
CONT2025007060,EXPORT,BMCT,VC202500457
CONT2025007061,IMPORT,BMCT,VC202500458
CONT2025007062,IMPORT,BMCT,VC202500458
CONT2025007063,IMPORT,BMCT,VC202500458
CONT2025007064,EXPORT,BMCT,VC202500458
CONT2025007065,IMPORT,BMCT,VC202500458
CONT2025007066,IMPORT,BMCT,VC202500458
CONT2025007067,EXPORT,BMCT,VC202500458
CONT2025007068,EXPORT,BMCT,VC202500458
CONT2025007069,IMPORT,BMCT,VC202500458
CONT2025007070,EXPORT,BMCT,VC202500458
CONT2025007071,EXPORT,BMCT,VC202500458
CONT2025007072,EXPORT,NSFT,VC202500459
CONT2025007073,IMPORT,NSFT,VC202500459
CONT2025007074,EXPORT,NSFT,VC202500459
CONT2025007075,IMPORT,NSFT,VC202500459
CONT2025007076,IMPORT,NSFT,VC202500459
CONT2025007077,IMPORT,NSFT,VC202500459
CONT2025007078,EXPORT,NSFT,VC202500459
CONT2025007079,IMPORT,NSFT,VC202500459
CONT2025007080,EXPORT,NSICT,VC202500460
CONT2025007081,EXPORT,NSICT,VC202500460
CONT2025007082,EXPORT,NSICT,VC202500460
CONT2025007083,IMPORT,NSICT,VC202500460
CONT2025007084,EXPORT,NSICT,VC202500460
CONT2025007085,IMPORT,NSICT,VC202500460
CONT2025007086,EXPORT,NSICT,VC202500460
CONT2025007087,IMPORT,NSICT,VC202500460
CONT2025007088,EXPORT,NSICT,VC202500461
CONT2025007089,IMPORT,NSICT,VC202500461
CONT2025007090,IMPORT,NSICT,VC202500461
CONT2025007091,EXPORT,NSICT,VC202500461
CONT2025007092,EXPORT,NSICT,VC202500461
CONT2025007093,IMPORT,NSICT,VC202500461
CONT2025007094,EXPORT,NSICT,VC202500461
CONT2025007095,IMPORT,NSICT,VC202500461
CONT2025007096,IMPORT,NSICT,VC202500461
CONT2025007097,EXPORT,NSICT,VC202500461
CONT2025007098,IMPORT,NSICT,VC202500461
CONT2025007099,EXPORT,NSICT,VC202500461
CONT2025007100,EXPORT,NSICT,VC202500461
CONT2025007101,EXPORT,NSICT,VC202500461
CONT2025007102,EXPORT,NSICT,VC202500461
CONT2025007103,IMPORT,NSICT,VC202500461
CONT2025007104,IMPORT,NSICT,VC202500461
CONT2025007105,EXPORT,NSICT,VC202500461
CONT2025007106,IMPORT,NSICT,VC202500461
CONT2025007107,EXPORT,NSICT,VC202500461
CONT2025007108,IMPORT,NSICT,VC202500461
CONT2025007109,IMPORT,NSICT,VC202500461
CONT2025007110,EXPORT,NSICT,VC202500461
CONT2025007111,IMPORT,NSICT,VC202500461
CONT2025007112,IMPORT,NSICT,VC202500461
CONT2025007113,EXPORT,NSICT,VC202500461
CONT2025007114,EXPORT,NSICT,VC202500461
CONT2025007115,EXPORT,NSICT,VC202500461
CONT2025007116,EXPORT,NSICT,VC202500461
CONT2025007117,IMPORT,NSICT,VC202500461
CONT2025007118,IMPORT,NSICT,VC202500461
CONT2025007119,EXPORT,NSICT,VC202500461
CONT2025007120,IMPORT,NSICT,VC202500461
CONT2025007121,EXPORT,NSICT,VC202500461
CONT2025007122,IMPORT,NSFT,VC202500462
CONT2025007123,IMPORT,NSFT,VC202500462
CONT2025007124,EXPORT,NSFT,VC202500462
CONT2025007125,IMPORT,NSFT,VC202500462
CONT2025007126,EXPORT,NSFT,VC202500462
CONT2025007127,EXPORT,NSFT,VC202500462
CONT2025007128,IMPORT,NSFT,VC202500462
CONT2025007129,EXPORT,NSFT,VC202500462
CONT2025007130,EXPORT,NSFT,VC202500462
CONT2025007131,EXPORT,NSFT,VC202500462
CONT2025007132,EXPORT,NSFT,VC202500462
CONT2025007133,EXPORT,NSFT,VC202500462
CONT2025007134,EXPORT,NSFT,VC202500462
CONT2025007135,IMPORT,NSFT,VC202500462
CONT2025007136,IMPORT,NSFT,VC202500462
CONT2025007137,IMPORT,NSFT,VC202500462
CONT2025007138,IMPORT,NSFT,VC202500462
CONT2025007139,IMPORT,NSFT,VC202500462
CONT2025007140,EXPORT,NSFT,VC202500462
CONT2025007141,IMPORT,NSFT,VC202500462
CONT2025007142,IMPORT,NSFT,VC202500462
CONT2025007143,IMPORT,NSFT,VC202500462
CONT2025007144,IMPORT,NSFT,VC202500462
CONT2025007145,EXPORT,NSFT,VC202500462
CONT2025007146,IMPORT,NSFT,VC202500463
CONT2025007147,IMPORT,NSFT,VC202500463
CONT2025007148,EXPORT,NSFT,VC202500463
CONT2025007149,EXPORT,NSFT,VC202500463
CONT2025007150,IMPORT,NSFT,VC202500463
CONT2025007151,EXPORT,NSFT,VC202500463
CONT2025007152,IMPORT,NSFT,VC202500463
CONT2025007153,IMPORT,NSFT,VC202500463
CONT2025007154,EXPORT,NSFT,VC202500463
CONT2025007155,EXPORT,NSFT,VC202500463
CONT2025007156,IMPORT,NSFT,VC202500463
CONT2025007157,IMPORT,NSFT,VC202500463
CONT2025007158,IMPORT,NSFT,VC202500463
CONT2025007159,IMPORT,NSFT,VC202500463
CONT2025007160,IMPORT,NSFT,VC202500463
CONT2025007161,EXPORT,NSFT,VC202500463
CONT2025007162,EXPORT,NSIGT,VC202500464
CONT2025007163,IMPORT,NSIGT,VC202500464
CONT2025007164,EXPORT,NSIGT,VC202500464
CONT2025007165,IMPORT,NSIGT,VC202500464
CONT2025007166,EXPORT,NSIGT,VC202500464
CONT2025007167,IMPORT,NSIGT,VC202500464
CONT2025007168,IMPORT,NSIGT,VC202500465
CONT2025007169,IMPORT,NSIGT,VC202500465
CONT2025007170,IMPORT,NSIGT,VC202500465
CONT2025007171,EXPORT,NSIGT,VC202500465
CONT2025007172,IMPORT,NSIGT,VC202500465
CONT2025007173,IMPORT,NSIGT,VC202500465
CONT2025007174,EXPORT,NSIGT,VC202500465
CONT2025007175,EXPORT,NSFT,VC202500466
CONT2025007176,EXPORT,NSFT,VC202500466
CONT2025007177,EXPORT,NSFT,VC202500466
CONT2025007178,IMPORT,NSFT,VC202500466
CONT2025007179,IMPORT,NSFT,VC202500466
CONT2025007180,EXPORT,NSFT,VC202500466
CONT2025007181,EXPORT,NSFT,VC202500466
CONT2025007182,IMPORT,NSFT,VC202500466
CONT2025007183,EXPORT,NSFT,VC202500466
CONT2025007184,EXPORT,NSFT,VC202500466
CONT2025007185,EXPORT,NSFT,VC202500466
CONT2025007186,EXPORT,NSFT,VC202500466
CONT2025007187,EXPORT,NSFT,VC202500466
CONT2025007188,IMPORT,NSFT,VC202500466
CONT2025007189,IMPORT,NSFT,VC202500466
CONT2025007190,EXPORT,NSFT,VC202500466
CONT2025007191,IMPORT,NSFT,VC202500466
CONT2025007192,EXPORT,NSFT,VC202500466
CONT2025007193,EXPORT,NSFT,VC202500466
CONT2025007194,EXPORT,NSFT,VC202500466
CONT2025007195,IMPORT,NSFT,VC202500466
CONT2025007196,EXPORT,NSICT,VC202500467
CONT2025007197,EXPORT,NSICT,VC202500467
CONT2025007198,IMPORT,NSICT,VC202500467
CONT2025007199,EXPORT,NSICT,VC202500467
CONT2025007200,IMPORT,NSICT,VC202500467
CONT2025007201,EXPORT,NSICT,VC202500467
CONT2025007202,EXPORT,NSICT,VC202500467
CONT2025007203,EXPORT,NSICT,VC202500467
CONT2025007204,IMPORT,NSICT,VC202500467
CONT2025007205,EXPORT,NSICT,VC202500467
CONT2025007206,IMPORT,NSICT,VC202500467
CONT2025007207,IMPORT,NSICT,VC202500467
CONT2025007208,EXPORT,NSFT,VC202500468
CONT2025007209,IMPORT,NSFT,VC202500468
CONT2025007210,EXPORT,NSFT,VC202500468
CONT2025007211,EXPORT,NSFT,VC202500468
CONT2025007212,EXPORT,NSFT,VC202500468
CONT2025007213,EXPORT,NSFT,VC202500468
CONT2025007214,EXPORT,NSFT,VC202500468
CONT2025007215,EXPORT,NSFT,VC202500468
CONT2025007216,IMPORT,NSFT,VC202500468
CONT2025007217,EXPORT,NSFT,VC202500468
CONT2025007218,IMPORT,GTI,VC202500469
CONT2025007219,EXPORT,GTI,VC202500469
CONT2025007220,EXPORT,GTI,VC202500469
CONT2025007221,IMPORT,GTI,VC202500469
CONT2025007222,IMPORT,GTI,VC202500469
CONT2025007223,EXPORT,GTI,VC202500469
CONT2025007224,EXPORT,NSICT,VC202500470
CONT2025007225,IMPORT,NSICT,VC202500470
CONT2025007226,EXPORT,NSICT,VC202500470
CONT2025007227,EXPORT,NSICT,VC202500470
CONT2025007228,IMPORT,NSICT,VC202500470
CONT2025007229,EXPORT,NSICT,VC202500470
CONT2025007230,EXPORT,NSICT,VC202500470
CONT2025007231,EXPORT,NSICT,VC202500470
CONT2025007232,IMPORT,NSICT,VC202500470
CONT2025007233,EXPORT,NSICT,VC202500470
CONT2025007234,IMPORT,NSIGT,VC202500471
CONT2025007235,EXPORT,NSIGT,VC202500471
CONT2025007236,IMPORT,NSIGT,VC202500471
CONT2025007237,IMPORT,NSIGT,VC202500471
CONT2025007238,EXPORT,NSIGT,VC202500471
CONT2025007239,EXPORT,NSIGT,VC202500471
CONT2025007240,IMPORT,NSIGT,VC202500471
CONT2025007241,EXPORT,NSIGT,VC202500471
CONT2025007242,EXPORT,NSIGT,VC202500471
CONT2025007243,IMPORT,NSIGT,VC202500471
CONT2025007244,EXPORT,NSIGT,VC202500471
CONT2025007245,EXPORT,NSIGT,VC202500471
CONT2025007246,EXPORT,NSICT,VC202500472
CONT2025007247,IMPORT,NSICT,VC202500472
CONT2025007248,EXPORT,NSICT,VC202500472
CONT2025007249,IMPORT,NSICT,VC202500472
CONT2025007250,EXPORT,NSICT,VC202500472
CONT2025007251,EXPORT,NSICT,VC202500472
CONT2025007252,EXPORT,NSICT,VC202500472
CONT2025007253,IMPORT,NSICT,VC202500472
CONT2025007254,IMPORT,NSICT,VC202500472
CONT2025007255,EXPORT,NSICT,VC202500472
CONT2025007256,EXPORT,NSICT,VC202500472
CONT2025007257,EXPORT,NSICT,VC202500472
CONT2025007258,EXPORT,NSICT,VC202500472
CONT2025007259,EXPORT,NSICT,VC202500472
CONT2025007260,IMPORT,NSICT,VC202500472
CONT2025007261,IMPORT,NSICT,VC202500472
CONT2025007262,IMPORT,NSIGT,VC202500473
CONT2025007263,EXPORT,NSIGT,VC202500473
CONT2025007264,EXPORT,NSIGT,VC202500473
CONT2025007265,IMPORT,NSIGT,VC202500473
CONT2025007266,EXPORT,NSIGT,VC202500473
CONT2025007267,IMPORT,NSIGT,VC202500473
CONT2025007268,IMPORT,NSIGT,VC202500473
CONT2025007269,IMPORT,NSIGT,VC202500473
CONT2025007270,IMPORT,NSIGT,VC202500473
CONT2025007271,IMPORT,NSIGT,VC202500473
CONT2025007272,EXPORT,NSIGT,VC202500473
CONT2025007273,IMPORT,NSIGT,VC202500473
CONT2025007274,IMPORT,NSIGT,VC202500473
CONT2025007275,EXPORT,NSIGT,VC202500473
CONT2025007276,IMPORT,NSIGT,VC202500473
CONT2025007277,IMPORT,NSIGT,VC202500473
CONT2025007278,EXPORT,NSIGT,VC202500473
CONT2025007279,IMPORT,BMCT,VC202500474
CONT2025007280,EXPORT,BMCT,VC202500474
CONT2025007281,IMPORT,BMCT,VC202500474
CONT2025007282,EXPORT,BMCT,VC202500474
CONT2025007283,IMPORT,BMCT,VC202500474
CONT2025007284,EXPORT,BMCT,VC202500474
CONT2025007285,IMPORT,BMCT,VC202500474
CONT2025007286,IMPORT,BMCT,VC202500474
CONT2025007287,EXPORT,BMCT,VC202500474
CONT2025007288,IMPORT,BMCT,VC202500474
CONT2025007289,IMPORT,NSFT,VC202500475
CONT2025007290,IMPORT,NSFT,VC202500475
CONT2025007291,IMPORT,NSFT,VC202500475
CONT2025007292,IMPORT,NSFT,VC202500475
CONT2025007293,EXPORT,NSFT,VC202500475
CONT2025007294,EXPORT,NSFT,VC202500475
CONT2025007295,EXPORT,NSFT,VC202500475
CONT2025007296,EXPORT,NSFT,VC202500475
CONT2025007297,EXPORT,NSFT,VC202500475
CONT2025007298,EXPORT,NSFT,VC202500475
CONT2025007299,EXPORT,NSFT,VC202500475
CONT2025007300,IMPORT,NSFT,VC202500475
CONT2025007301,EXPORT,NSFT,VC202500475
CONT2025007302,IMPORT,NSFT,VC202500475
CONT2025007303,EXPORT,NSFT,VC202500475
CONT2025007304,IMPORT,NSFT,VC202500475
CONT2025007305,EXPORT,NSFT,VC202500475
CONT2025007306,IMPORT,NSFT,VC202500475
CONT2025007307,IMPORT,NSFT,VC202500475
CONT2025007308,IMPORT,NSFT,VC202500475
CONT2025007309,IMPORT,NSFT,VC202500475
CONT2025007310,EXPORT,NSFT,VC202500475
CONT2025007311,EXPORT,NSIGT,VC202500476
CONT2025007312,EXPORT,NSIGT,VC202500476
CONT2025007313,IMPORT,NSIGT,VC202500476
CONT2025007314,EXPORT,NSIGT,VC202500476
CONT2025007315,IMPORT,NSIGT,VC202500476
CONT2025007316,IMPORT,NSIGT,VC202500476
CONT2025007317,IMPORT,NSIGT,VC202500476
CONT2025007318,EXPORT,NSIGT,VC202500476
CONT2025007319,EXPORT,NSIGT,VC202500476
CONT2025007320,EXPORT,NSIGT,VC202500476
CONT2025007321,EXPORT,NSIGT,VC202500476
CONT2025007322,IMPORT,NSIGT,VC202500476
CONT2025007323,IMPORT,NSIGT,VC202500476
CONT2025007324,IMPORT,GTI,VC202500477
CONT2025007325,EXPORT,GTI,VC202500477
CONT2025007326,EXPORT,GTI,VC202500477
CONT2025007327,IMPORT,GTI,VC202500477
CONT2025007328,IMPORT,GTI,VC202500477
CONT2025007329,IMPORT,GTI,VC202500477
CONT2025007330,EXPORT,GTI,VC202500477
CONT2025007331,EXPORT,GTI,VC202500477
CONT2025007332,EXPORT,GTI,VC202500477
CONT2025007333,IMPORT,GTI,VC202500477
CONT2025007334,EXPORT,GTI,VC202500477
CONT2025007335,EXPORT,GTI,VC202500477
CONT2025007336,IMPORT,BMCT,VC202500478
CONT2025007337,IMPORT,BMCT,VC202500478
CONT2025007338,IMPORT,BMCT,VC202500478
CONT2025007339,IMPORT,BMCT,VC202500478
CONT2025007340,IMPORT,BMCT,VC202500478
CONT2025007341,IMPORT,BMCT,VC202500478
CONT2025007342,IMPORT,BMCT,VC202500478
CONT2025007343,IMPORT,BMCT,VC202500478
CONT2025007344,EXPORT,BMCT,VC202500478
CONT2025007345,EXPORT,BMCT,VC202500478
CONT2025007346,EXPORT,BMCT,VC202500478
CONT2025007347,IMPORT,BMCT,VC202500478
CONT2025007348,EXPORT,BMCT,VC202500478
CONT2025007349,IMPORT,BMCT,VC202500478
CONT2025007350,IMPORT,BMCT,VC202500478
CONT2025007351,IMPORT,BMCT,VC202500478
CONT2025007352,IMPORT,BMCT,VC202500478
CONT2025007353,EXPORT,BMCT,VC202500478
CONT2025007354,IMPORT,BMCT,VC202500478
CONT2025007355,IMPORT,BMCT,VC202500478
CONT2025007356,EXPORT,BMCT,VC202500478
CONT2025007357,EXPORT,NSICT,VC202500479
CONT2025007358,EXPORT,NSICT,VC202500479
CONT2025007359,IMPORT,NSICT,VC202500479
CONT2025007360,IMPORT,NSICT,VC202500479
CONT2025007361,IMPORT,NSICT,VC202500479
CONT2025007362,IMPORT,NSICT,VC202500479
CONT2025007363,IMPORT,NSICT,VC202500479
CONT2025007364,IMPORT,NSICT,VC202500479
CONT2025007365,EXPORT,NSICT,VC202500479
CONT2025007366,IMPORT,NSICT,VC202500479
CONT2025007367,IMPORT,NSICT,VC202500479
CONT2025007368,IMPORT,NSICT,VC202500479
CONT2025007369,IMPORT,BMCT,VC202500480
CONT2025007370,IMPORT,BMCT,VC202500480
CONT2025007371,IMPORT,BMCT,VC202500480
CONT2025007372,IMPORT,BMCT,VC202500480
CONT2025007373,EXPORT,BMCT,VC202500480
CONT2025007374,IMPORT,BMCT,VC202500480
CONT2025007375,EXPORT,NSIGT,VC202500481
CONT2025007376,EXPORT,NSIGT,VC202500481
CONT2025007377,EXPORT,NSIGT,VC202500481
CONT2025007378,EXPORT,NSIGT,VC202500481
CONT2025007379,IMPORT,NSIGT,VC202500481
CONT2025007380,IMPORT,NSIGT,VC202500481
CONT2025007381,EXPORT,NSIGT,VC202500481
CONT2025007382,EXPORT,NSIGT,VC202500481
CONT2025007383,IMPORT,NSIGT,VC202500481
CONT2025007384,EXPORT,NSIGT,VC202500481
CONT2025007385,EXPORT,NSIGT,VC202500481
CONT2025007386,EXPORT,NSIGT,VC202500481
CONT2025007387,IMPORT,NSIGT,VC202500481
CONT2025007388,IMPORT,NSIGT,VC202500481
CONT2025007389,EXPORT,NSIGT,VC202500481
CONT2025007390,IMPORT,NSIGT,VC202500481
CONT2025007391,EXPORT,NSIGT,VC202500481
CONT2025007392,IMPORT,NSFT,VC202500482
CONT2025007393,IMPORT,NSFT,VC202500482
CONT2025007394,IMPORT,NSFT,VC202500482
CONT2025007395,EXPORT,NSFT,VC202500482
CONT2025007396,EXPORT,NSFT,VC202500482
CONT2025007397,EXPORT,NSFT,VC202500482
CONT2025007398,IMPORT,NSFT,VC202500482
CONT2025007399,IMPORT,NSFT,VC202500482
CONT2025007400,IMPORT,NSFT,VC202500482
CONT2025007401,EXPORT,NSFT,VC202500482
CONT2025007402,EXPORT,NSFT,VC202500482
CONT2025007403,EXPORT,NSFT,VC202500482
CONT2025007404,IMPORT,NSFT,VC202500482
CONT2025007405,EXPORT,GTI,VC202500483
CONT2025007406,EXPORT,GTI,VC202500483
CONT2025007407,EXPORT,GTI,VC202500483
CONT2025007408,IMPORT,GTI,VC202500483
CONT2025007409,IMPORT,GTI,VC202500483
CONT2025007410,EXPORT,GTI,VC202500483
CONT2025007411,IMPORT,GTI,VC202500483
CONT2025007412,EXPORT,GTI,VC202500483
CONT2025007413,EXPORT,GTI,VC202500483
CONT2025007414,EXPORT,GTI,VC202500483
CONT2025007415,EXPORT,GTI,VC202500483
CONT2025007416,EXPORT,GTI,VC202500483
CONT2025007417,EXPORT,GTI,VC202500483
CONT2025007418,EXPORT,GTI,VC202500483
CONT2025007419,IMPORT,GTI,VC202500483
CONT2025007420,EXPORT,GTI,VC202500483
CONT2025007421,IMPORT,GTI,VC202500483
CONT2025007422,IMPORT,GTI,VC202500483
CONT2025007423,IMPORT,GTI,VC202500483
CONT2025007424,EXPORT,GTI,VC202500483
CONT2025007425,EXPORT,GTI,VC202500483
CONT2025007426,IMPORT,GTI,VC202500483
CONT2025007427,EXPORT,GTI,VC202500483
CONT2025007428,EXPORT,GTI,VC202500483
CONT2025007429,EXPORT,GTI,VC202500483
CONT2025007430,EXPORT,NSICT,VC202500484
CONT2025007431,EXPORT,NSICT,VC202500484
CONT2025007432,EXPORT,NSICT,VC202500484
CONT2025007433,EXPORT,NSICT,VC202500484
CONT2025007434,EXPORT,NSICT,VC202500484
CONT2025007435,IMPORT,NSICT,VC202500484
CONT2025007436,IMPORT,NSICT,VC202500484
CONT2025007437,IMPORT,GTI,VC202500485
CONT2025007438,IMPORT,GTI,VC202500485
CONT2025007439,IMPORT,GTI,VC202500485
CONT2025007440,IMPORT,GTI,VC202500485
CONT2025007441,IMPORT,GTI,VC202500485
CONT2025007442,IMPORT,GTI,VC202500485
CONT2025007443,IMPORT,GTI,VC202500485
CONT2025007444,IMPORT,GTI,VC202500485
CONT2025007445,IMPORT,GTI,VC202500485
CONT2025007446,EXPORT,GTI,VC202500485
CONT2025007447,IMPORT,GTI,VC202500485
CONT2025007448,EXPORT,BMCT,VC202500486
CONT2025007449,IMPORT,BMCT,VC202500486
CONT2025007450,IMPORT,BMCT,VC202500486
CONT2025007451,IMPORT,BMCT,VC202500486
CONT2025007452,IMPORT,BMCT,VC202500486
CONT2025007453,EXPORT,BMCT,VC202500486
CONT2025007454,IMPORT,BMCT,VC202500486
CONT2025007455,IMPORT,BMCT,VC202500486
CONT2025007456,IMPORT,BMCT,VC202500486
CONT2025007457,EXPORT,BMCT,VC202500486
CONT2025007458,IMPORT,BMCT,VC202500486
CONT2025007459,IMPORT,BMCT,VC202500487
CONT2025007460,IMPORT,BMCT,VC202500487
CONT2025007461,IMPORT,BMCT,VC202500487
CONT2025007462,IMPORT,BMCT,VC202500487
CONT2025007463,IMPORT,BMCT,VC202500487
CONT2025007464,EXPORT,BMCT,VC202500487
CONT2025007465,IMPORT,BMCT,VC202500487
CONT2025007466,EXPORT,BMCT,VC202500487
CONT2025007467,EXPORT,BMCT,VC202500487
CONT2025007468,EXPORT,BMCT,VC202500487
CONT2025007469,EXPORT,BMCT,VC202500487
CONT2025007470,EXPORT,BMCT,VC202500487
CONT2025007471,EXPORT,BMCT,VC202500487
CONT2025007472,EXPORT,BMCT,VC202500487
CONT2025007473,EXPORT,BMCT,VC202500487
CONT2025007474,EXPORT,BMCT,VC202500487
CONT2025007475,IMPORT,BMCT,VC202500487
CONT2025007476,IMPORT,BMCT,VC202500487
CONT2025007477,IMPORT,BMCT,VC202500487
CONT2025007478,IMPORT,BMCT,VC202500487
CONT2025007479,EXPORT,BMCT,VC202500487
CONT2025007480,IMPORT,BMCT,VC202500487
CONT2025007481,IMPORT,BMCT,VC202500487
CONT2025007482,IMPORT,BMCT,VC202500487
CONT2025007483,IMPORT,BMCT,VC202500487
CONT2025007484,EXPORT,BMCT,VC202500488
CONT2025007485,EXPORT,BMCT,VC202500488
CONT2025007486,IMPORT,BMCT,VC202500488
CONT2025007487,IMPORT,BMCT,VC202500488
CONT2025007488,EXPORT,BMCT,VC202500488
CONT2025007489,IMPORT,BMCT,VC202500488
CONT2025007490,IMPORT,BMCT,VC202500488
CONT2025007491,EXPORT,BMCT,VC202500488
CONT2025007492,IMPORT,BMCT,VC202500488
CONT2025007493,EXPORT,BMCT,VC202500488
CONT2025007494,EXPORT,BMCT,VC202500488
CONT2025007495,IMPORT,BMCT,VC202500488
CONT2025007496,EXPORT,BMCT,VC202500488
CONT2025007497,EXPORT,BMCT,VC202500488
CONT2025007498,IMPORT,BMCT,VC202500488
CONT2025007499,IMPORT,BMCT,VC202500488
CONT2025007500,EXPORT,NSICT,VC202500489
CONT2025007501,IMPORT,NSICT,VC202500489
CONT2025007502,EXPORT,NSICT,VC202500489
CONT2025007503,EXPORT,NSICT,VC202500489
CONT2025007504,IMPORT,NSICT,VC202500489
CONT2025007505,IMPORT,NSICT,VC202500489
CONT2025007506,IMPORT,NSICT,VC202500489
CONT2025007507,IMPORT,NSICT,VC202500489
CONT2025007508,EXPORT,NSICT,VC202500489
CONT2025007509,IMPORT,NSICT,VC202500489
CONT2025007510,EXPORT,NSICT,VC202500489
CONT2025007511,IMPORT,NSICT,VC202500489
CONT2025007512,EXPORT,NSICT,VC202500490
CONT2025007513,IMPORT,NSICT,VC202500490
CONT2025007514,EXPORT,NSICT,VC202500490
CONT2025007515,IMPORT,NSICT,VC202500490
CONT2025007516,IMPORT,NSICT,VC202500490
CONT2025007517,EXPORT,NSICT,VC202500490
CONT2025007518,IMPORT,NSICT,VC202500490
CONT2025007519,EXPORT,NSICT,VC202500490
CONT2025007520,IMPORT,NSICT,VC202500490
CONT2025007521,EXPORT,NSICT,VC202500490
CONT2025007522,EXPORT,NSICT,VC202500490
CONT2025007523,IMPORT,BMCT,VC202500491
CONT2025007524,IMPORT,BMCT,VC202500491
CONT2025007525,IMPORT,BMCT,VC202500491
CONT2025007526,EXPORT,BMCT,VC202500491
CONT2025007527,IMPORT,BMCT,VC202500491
CONT2025007528,IMPORT,BMCT,VC202500491
CONT2025007529,EXPORT,BMCT,VC202500491
CONT2025007530,EXPORT,BMCT,VC202500491
CONT2025007531,IMPORT,NSIGT,VC202500492
CONT2025007532,IMPORT,NSIGT,VC202500492
CONT2025007533,EXPORT,NSIGT,VC202500492
CONT2025007534,IMPORT,NSIGT,VC202500492
CONT2025007535,IMPORT,NSIGT,VC202500492
CONT2025007536,EXPORT,NSIGT,VC202500492
CONT2025007537,IMPORT,NSIGT,VC202500492
CONT2025007538,EXPORT,NSIGT,VC202500492
CONT2025007539,IMPORT,NSIGT,VC202500492
CONT2025007540,IMPORT,NSIGT,VC202500492
CONT2025007541,IMPORT,NSIGT,VC202500492
CONT2025007542,IMPORT,NSIGT,VC202500492
CONT2025007543,EXPORT,NSIGT,VC202500492
CONT2025007544,IMPORT,NSIGT,VC202500492
CONT2025007545,IMPORT,NSIGT,VC202500492
CONT2025007546,EXPORT,NSIGT,VC202500492
CONT2025007547,IMPORT,NSIGT,VC202500492
CONT2025007548,EXPORT,NSIGT,VC202500492
CONT2025007549,EXPORT,NSIGT,VC202500492
CONT2025007550,IMPORT,NSIGT,VC202500492
CONT2025007551,EXPORT,NSFT,VC202500493
CONT2025007552,IMPORT,NSFT,VC202500493
CONT2025007553,EXPORT,NSFT,VC202500493
CONT2025007554,IMPORT,NSFT,VC202500493
CONT2025007555,IMPORT,NSFT,VC202500493
CONT2025007556,EXPORT,NSFT,VC202500493
CONT2025007557,IMPORT,NSFT,VC202500493
CONT2025007558,IMPORT,NSFT,VC202500493
CONT2025007559,EXPORT,NSFT,VC202500493
CONT2025007560,EXPORT,NSFT,VC202500493
CONT2025007561,IMPORT,NSFT,VC202500493
CONT2025007562,IMPORT,NSFT,VC202500493
CONT2025007563,EXPORT,NSFT,VC202500493
CONT2025007564,IMPORT,NSFT,VC202500493
CONT2025007565,IMPORT,NSFT,VC202500493
CONT2025007566,IMPORT,NSFT,VC202500493
CONT2025007567,EXPORT,NSFT,VC202500493
CONT2025007568,IMPORT,NSFT,VC202500493
CONT2025007569,IMPORT,NSFT,VC202500493
CONT2025007570,IMPORT,NSIGT,VC202500494
CONT2025007571,IMPORT,NSIGT,VC202500494
CONT2025007572,EXPORT,NSIGT,VC202500494
CONT2025007573,EXPORT,NSIGT,VC202500494
CONT2025007574,IMPORT,NSIGT,VC202500494
CONT2025007575,IMPORT,NSIGT,VC202500494
CONT2025007576,EXPORT,NSIGT,VC202500494
CONT2025007577,EXPORT,NSIGT,VC202500494
CONT2025007578,IMPORT,NSIGT,VC202500494
CONT2025007579,IMPORT,NSIGT,VC202500494
CONT2025007580,EXPORT,NSIGT,VC202500494
CONT2025007581,IMPORT,NSIGT,VC202500494
CONT2025007582,IMPORT,NSIGT,VC202500494
CONT2025007583,IMPORT,NSIGT,VC202500494
CONT2025007584,IMPORT,NSIGT,VC202500494
CONT2025007585,EXPORT,NSIGT,VC202500494
CONT2025007586,EXPORT,NSIGT,VC202500494
CONT2025007587,IMPORT,NSIGT,VC202500494
CONT2025007588,IMPORT,BMCT,VC202500495
CONT2025007589,EXPORT,BMCT,VC202500495
CONT2025007590,IMPORT,BMCT,VC202500495
CONT2025007591,EXPORT,BMCT,VC202500495
CONT2025007592,EXPORT,BMCT,VC202500495
CONT2025007593,EXPORT,BMCT,VC202500495
CONT2025007594,IMPORT,BMCT,VC202500495
CONT2025007595,EXPORT,BMCT,VC202500495
CONT2025007596,IMPORT,BMCT,VC202500495
CONT2025007597,IMPORT,BMCT,VC202500495
CONT2025007598,IMPORT,BMCT,VC202500495
CONT2025007599,EXPORT,BMCT,VC202500495
CONT2025007600,IMPORT,BMCT,VC202500495
CONT2025007601,EXPORT,BMCT,VC202500495
CONT2025007602,EXPORT,BMCT,VC202500495
CONT2025007603,IMPORT,BMCT,VC202500495
CONT2025007604,IMPORT,BMCT,VC202500495
CONT2025007605,IMPORT,BMCT,VC202500495
CONT2025007606,IMPORT,BMCT,VC202500495
CONT2025007607,EXPORT,BMCT,VC202500495
CONT2025007608,EXPORT,BMCT,VC202500495
CONT2025007609,EXPORT,BMCT,VC202500495
CONT2025007610,IMPORT,BMCT,VC202500495
CONT2025007611,EXPORT,BMCT,VC202500495
CONT2025007612,IMPORT,BMCT,VC202500495
CONT2025007613,IMPORT,BMCT,VC202500495
CONT2025007614,EXPORT,BMCT,VC202500495
CONT2025007615,EXPORT,BMCT,VC202500495
CONT2025007616,IMPORT,NSIGT,VC202500496
CONT2025007617,IMPORT,NSIGT,VC202500496
CONT2025007618,EXPORT,NSIGT,VC202500496
CONT2025007619,IMPORT,NSIGT,VC202500496
CONT2025007620,EXPORT,NSIGT,VC202500496
CONT2025007621,IMPORT,NSIGT,VC202500496
CONT2025007622,IMPORT,NSIGT,VC202500496
CONT2025007623,EXPORT,NSIGT,VC202500496
CONT2025007624,EXPORT,NSIGT,VC202500496
CONT2025007625,EXPORT,NSIGT,VC202500496
CONT2025007626,EXPORT,NSIGT,VC202500496
CONT2025007627,IMPORT,NSIGT,VC202500496
CONT2025007628,IMPORT,NSIGT,VC202500496
CONT2025007629,IMPORT,NSIGT,VC202500496
CONT2025007630,IMPORT,NSIGT,VC202500496
CONT2025007631,EXPORT,NSIGT,VC202500496
CONT2025007632,EXPORT,NSIGT,VC202500496
CONT2025007633,EXPORT,NSIGT,VC202500496
CONT2025007634,IMPORT,NSIGT,VC202500496
CONT2025007635,EXPORT,NSIGT,VC202500496
CONT2025007636,IMPORT,NSIGT,VC202500496
CONT2025007637,EXPORT,NSIGT,VC202500496
CONT2025007638,IMPORT,NSIGT,VC202500496
CONT2025007639,IMPORT,NSIGT,VC202500496
CONT2025007640,EXPORT,NSIGT,VC202500496
CONT2025007641,IMPORT,NSIGT,VC202500497
CONT2025007642,EXPORT,NSIGT,VC202500497
CONT2025007643,EXPORT,NSIGT,VC202500497
CONT2025007644,IMPORT,NSIGT,VC202500497
CONT2025007645,IMPORT,NSIGT,VC202500497
CONT2025007646,IMPORT,NSIGT,VC202500497
CONT2025007647,IMPORT,NSIGT,VC202500497
CONT2025007648,EXPORT,NSIGT,VC202500497
CONT2025007649,EXPORT,GTI,VC202500498
CONT2025007650,EXPORT,GTI,VC202500498
CONT2025007651,IMPORT,GTI,VC202500498
CONT2025007652,EXPORT,GTI,VC202500498
CONT2025007653,IMPORT,GTI,VC202500498
CONT2025007654,IMPORT,GTI,VC202500498
CONT2025007655,EXPORT,GTI,VC202500498
CONT2025007656,EXPORT,GTI,VC202500498
CONT2025007657,IMPORT,GTI,VC202500498
CONT2025007658,EXPORT,GTI,VC202500498
CONT2025007659,IMPORT,GTI,VC202500498
CONT2025007660,IMPORT,GTI,VC202500498
CONT2025007661,IMPORT,GTI,VC202500498
CONT2025007662,IMPORT,GTI,VC202500498
CONT2025007663,EXPORT,GTI,VC202500498
CONT2025007664,IMPORT,GTI,VC202500498
CONT2025007665,IMPORT,GTI,VC202500498
CONT2025007666,EXPORT,GTI,VC202500498
CONT2025007667,EXPORT,GTI,VC202500498
CONT2025007668,IMPORT,GTI,VC202500498
CONT2025007669,EXPORT,NSICT,VC202500499
CONT2025007670,EXPORT,NSICT,VC202500499
CONT2025007671,IMPORT,NSICT,VC202500499
CONT2025007672,EXPORT,NSICT,VC202500499
CONT2025007673,EXPORT,NSICT,VC202500499
CONT2025007674,EXPORT,NSICT,VC202500499
CONT2025007675,EXPORT,NSICT,VC202500499
CONT2025007676,IMPORT,NSICT,VC202500499
CONT2025007677,EXPORT,NSICT,VC202500499
CONT2025007678,IMPORT,NSICT,VC202500499
CONT2025007679,IMPORT,NSICT,VC202500499
CONT2025007680,IMPORT,NSICT,VC202500499
CONT2025007681,IMPORT,NSICT,VC202500499
CONT2025007682,IMPORT,NSICT,VC202500499
CONT2025007683,IMPORT,NSICT,VC202500499
CONT2025007684,IMPORT,NSICT,VC202500499
CONT2025007685,EXPORT,NSICT,VC202500499
CONT2025007686,IMPORT,NSICT,VC202500499
CONT2025007687,EXPORT,NSICT,VC202500500
CONT2025007688,EXPORT,NSICT,VC202500500
CONT2025007689,IMPORT,NSICT,VC202500500
CONT2025007690,IMPORT,NSICT,VC202500500
CONT2025007691,EXPORT,NSICT,VC202500500
CONT2025007692,IMPORT,NSICT,VC202500500
CONT2025007693,EXPORT,NSICT,VC202500500
CONT2025007694,IMPORT,NSICT,VC202500500
CONT2025007695,EXPORT,NSICT,VC202500500
CONT2025007696,IMPORT,NSICT,VC202500500
CONT2025007697,EXPORT,NSICT,VC202500500
CONT2025007698,IMPORT,NSICT,VC202500500
CONT2025007699,IMPORT,NSICT,VC202500500
CONT2025007700,IMPORT,NSICT,VC202500500
CONT2025007701,EXPORT,NSFT,VC202500501
CONT2025007702,IMPORT,NSFT,VC202500501
CONT2025007703,EXPORT,NSFT,VC202500501
CONT2025007704,IMPORT,NSFT,VC202500501
CONT2025007705,IMPORT,NSFT,VC202500501
CONT2025007706,EXPORT,NSFT,VC202500501
CONT2025007707,EXPORT,NSFT,VC202500501
CONT2025007708,EXPORT,NSFT,VC202500501
CONT2025007709,IMPORT,NSFT,VC202500501
CONT2025007710,EXPORT,NSFT,VC202500501
CONT2025007711,IMPORT,BMCT,VC202500502
CONT2025007712,EXPORT,BMCT,VC202500502
CONT2025007713,IMPORT,BMCT,VC202500502
CONT2025007714,IMPORT,BMCT,VC202500502
CONT2025007715,IMPORT,BMCT,VC202500502
CONT2025007716,EXPORT,BMCT,VC202500502
CONT2025007717,EXPORT,BMCT,VC202500502
CONT2025007718,EXPORT,BMCT,VC202500502
CONT2025007719,EXPORT,BMCT,VC202500502
CONT2025007720,EXPORT,BMCT,VC202500502
CONT2025007721,IMPORT,BMCT,VC202500502
CONT2025007722,IMPORT,BMCT,VC202500502
CONT2025007723,IMPORT,GTI,VC202500503
CONT2025007724,IMPORT,GTI,VC202500503
CONT2025007725,EXPORT,GTI,VC202500503
CONT2025007726,IMPORT,GTI,VC202500503
CONT2025007727,EXPORT,GTI,VC202500503
CONT2025007728,IMPORT,GTI,VC202500503
CONT2025007729,IMPORT,GTI,VC202500503
CONT2025007730,IMPORT,GTI,VC202500503
CONT2025007731,EXPORT,GTI,VC202500503
CONT2025007732,EXPORT,GTI,VC202500503
CONT2025007733,EXPORT,GTI,VC202500503
CONT2025007734,EXPORT,GTI,VC202500503
CONT2025007735,EXPORT,GTI,VC202500503
CONT2025007736,EXPORT,GTI,VC202500503
CONT2025007737,IMPORT,GTI,VC202500503
CONT2025007738,IMPORT,GTI,VC202500503
CONT2025007739,IMPORT,GTI,VC202500503
CONT2025007740,EXPORT,GTI,VC202500503
CONT2025007741,EXPORT,GTI,VC202500503
CONT2025007742,EXPORT,GTI,VC202500503
CONT2025007743,IMPORT,GTI,VC202500503
CONT2025007744,IMPORT,GTI,VC202500503
CONT2025007745,IMPORT,GTI,VC202500503
CONT2025007746,EXPORT,GTI,VC202500503
CONT2025007747,IMPORT,GTI,VC202500503
CONT2025007748,IMPORT,GTI,VC202500503
CONT2025007749,EXPORT,GTI,VC202500503
CONT2025007750,EXPORT,GTI,VC202500503
CONT2025007751,IMPORT,GTI,VC202500503
CONT2025007752,EXPORT,GTI,VC202500503
CONT2025007753,IMPORT,GTI,VC202500503
CONT2025007754,IMPORT,GTI,VC202500503
CONT2025007755,IMPORT,GTI,VC202500503
CONT2025007756,EXPORT,GTI,VC202500503
CONT2025007757,EXPORT,GTI,VC202500503
CONT2025007758,EXPORT,GTI,VC202500503
CONT2025007759,IMPORT,GTI,VC202500503
CONT2025007760,EXPORT,GTI,VC202500503
CONT2025007761,IMPORT,NSICT,VC202500504
CONT2025007762,IMPORT,NSICT,VC202500504
CONT2025007763,EXPORT,NSICT,VC202500504
CONT2025007764,IMPORT,NSICT,VC202500504
CONT2025007765,IMPORT,NSICT,VC202500504
CONT2025007766,EXPORT,NSICT,VC202500504
CONT2025007767,IMPORT,NSICT,VC202500504
CONT2025007768,EXPORT,NSICT,VC202500504
CONT2025007769,IMPORT,NSICT,VC202500504
CONT2025007770,IMPORT,NSICT,VC202500504
CONT2025007771,EXPORT,NSICT,VC202500504
CONT2025007772,IMPORT,NSICT,VC202500504
CONT2025007773,EXPORT,NSFT,VC202500505
CONT2025007774,IMPORT,NSFT,VC202500505
CONT2025007775,IMPORT,NSFT,VC202500505
CONT2025007776,IMPORT,NSFT,VC202500505
CONT2025007777,EXPORT,NSFT,VC202500505
CONT2025007778,EXPORT,NSFT,VC202500505
CONT2025007779,IMPORT,NSFT,VC202500505
CONT2025007780,IMPORT,NSFT,VC202500505
CONT2025007781,IMPORT,NSFT,VC202500505
CONT2025007782,EXPORT,NSFT,VC202500505
CONT2025007783,IMPORT,NSFT,VC202500505
CONT2025007784,EXPORT,NSFT,VC202500505
CONT2025007785,EXPORT,NSFT,VC202500505
CONT2025007786,IMPORT,NSFT,VC202500505
CONT2025007787,IMPORT,NSFT,VC202500505
CONT2025007788,IMPORT,NSICT,VC202500506
CONT2025007789,IMPORT,NSICT,VC202500506
CONT2025007790,IMPORT,NSICT,VC202500506
CONT2025007791,EXPORT,NSICT,VC202500506
CONT2025007792,IMPORT,NSICT,VC202500506
CONT2025007793,IMPORT,NSICT,VC202500506
CONT2025007794,IMPORT,NSICT,VC202500506
CONT2025007795,EXPORT,NSICT,VC202500506
CONT2025007796,IMPORT,NSICT,VC202500506
CONT2025007797,IMPORT,NSICT,VC202500506
CONT2025007798,IMPORT,NSICT,VC202500506
CONT2025007799,EXPORT,NSICT,VC202500506
CONT2025007800,IMPORT,NSICT,VC202500506
CONT2025007801,IMPORT,NSICT,VC202500506
CONT2025007802,EXPORT,NSICT,VC202500506
CONT2025007803,IMPORT,NSICT,VC202500506
CONT2025007804,IMPORT,NSICT,VC202500506
CONT2025007805,IMPORT,NSICT,VC202500506
CONT2025007806,EXPORT,GTI,VC202500507
CONT2025007807,IMPORT,GTI,VC202500507
CONT2025007808,EXPORT,GTI,VC202500507
CONT2025007809,IMPORT,GTI,VC202500507
CONT2025007810,IMPORT,GTI,VC202500507
CONT2025007811,IMPORT,GTI,VC202500507
CONT2025007812,EXPORT,GTI,VC202500507
CONT2025007813,EXPORT,GTI,VC202500507
CONT2025007814,IMPORT,GTI,VC202500507
CONT2025007815,EXPORT,GTI,VC202500507
CONT2025007816,IMPORT,GTI,VC202500507
CONT2025007817,IMPORT,GTI,VC202500507
CONT2025007818,EXPORT,GTI,VC202500507
CONT2025007819,IMPORT,GTI,VC202500507
CONT2025007820,IMPORT,GTI,VC202500507
CONT2025007821,IMPORT,GTI,VC202500507
CONT2025007822,EXPORT,GTI,VC202500507
CONT2025007823,IMPORT,GTI,VC202500507
CONT2025007824,IMPORT,GTI,VC202500507
CONT2025007825,IMPORT,GTI,VC202500507
CONT2025007826,EXPORT,GTI,VC202500507
CONT2025007827,IMPORT,GTI,VC202500507
CONT2025007828,EXPORT,NSICT,VC202500508
CONT2025007829,EXPORT,NSICT,VC202500508
CONT2025007830,IMPORT,NSICT,VC202500508
CONT2025007831,EXPORT,NSICT,VC202500508
CONT2025007832,IMPORT,NSICT,VC202500508
CONT2025007833,IMPORT,NSICT,VC202500508
CONT2025007834,IMPORT,NSICT,VC202500508
CONT2025007835,EXPORT,NSICT,VC202500508
CONT2025007836,IMPORT,NSICT,VC202500508
CONT2025007837,EXPORT,NSICT,VC202500508
CONT2025007838,EXPORT,NSICT,VC202500508
CONT2025007839,IMPORT,NSICT,VC202500508
CONT2025007840,IMPORT,NSICT,VC202500508
CONT2025007841,EXPORT,NSICT,VC202500508
CONT2025007842,IMPORT,NSICT,VC202500508
CONT2025007843,EXPORT,NSICT,VC202500508
CONT2025007844,EXPORT,NSICT,VC202500508
CONT2025007845,EXPORT,NSICT,VC202500508
CONT2025007846,IMPORT,NSICT,VC202500508
CONT2025007847,IMPORT,NSICT,VC202500508
CONT2025007848,EXPORT,NSICT,VC202500508
CONT2025007849,IMPORT,BMCT,VC202500509
CONT2025007850,IMPORT,BMCT,VC202500509
CONT2025007851,IMPORT,BMCT,VC202500509
CONT2025007852,EXPORT,BMCT,VC202500509
CONT2025007853,EXPORT,BMCT,VC202500509
CONT2025007854,IMPORT,BMCT,VC202500509
CONT2025007855,EXPORT,BMCT,VC202500509
CONT2025007856,IMPORT,BMCT,VC202500509
CONT2025007857,IMPORT,BMCT,VC202500509
CONT2025007858,EXPORT,BMCT,VC202500509
CONT2025007859,EXPORT,BMCT,VC202500509
CONT2025007860,IMPORT,BMCT,VC202500509
CONT2025007861,IMPORT,BMCT,VC202500509
CONT2025007862,EXPORT,BMCT,VC202500509
CONT2025007863,EXPORT,BMCT,VC202500509
CONT2025007864,EXPORT,BMCT,VC202500509
CONT2025007865,EXPORT,BMCT,VC202500509
CONT2025007866,EXPORT,BMCT,VC202500509
CONT2025007867,IMPORT,BMCT,VC202500509
CONT2025007868,IMPORT,BMCT,VC202500509
CONT2025007869,IMPORT,BMCT,VC202500509
CONT2025007870,EXPORT,NSIGT,VC202500510
CONT2025007871,IMPORT,NSIGT,VC202500510
CONT2025007872,EXPORT,NSIGT,VC202500510
CONT2025007873,EXPORT,NSIGT,VC202500510
CONT2025007874,IMPORT,NSIGT,VC202500510
CONT2025007875,EXPORT,NSIGT,VC202500510
CONT2025007876,IMPORT,NSIGT,VC202500510
CONT2025007877,IMPORT,NSIGT,VC202500510
CONT2025007878,IMPORT,NSIGT,VC202500510
CONT2025007879,IMPORT,NSIGT,VC202500510
CONT2025007880,IMPORT,NSFT,VC202500511
CONT2025007881,EXPORT,NSFT,VC202500511
CONT2025007882,IMPORT,NSFT,VC202500511
CONT2025007883,IMPORT,NSFT,VC202500511
CONT2025007884,IMPORT,NSFT,VC202500511
CONT2025007885,EXPORT,NSFT,VC202500511
CONT2025007886,IMPORT,NSFT,VC202500511
CONT2025007887,IMPORT,NSFT,VC202500511
CONT2025007888,EXPORT,NSFT,VC202500511
CONT2025007889,EXPORT,NSFT,VC202500511
CONT2025007890,IMPORT,NSFT,VC202500511
CONT2025007891,EXPORT,NSFT,VC202500511
CONT2025007892,IMPORT,NSFT,VC202500511
CONT2025007893,EXPORT,NSFT,VC202500511
CONT2025007894,IMPORT,NSFT,VC202500511
CONT2025007895,IMPORT,NSFT,VC202500511
CONT2025007896,IMPORT,NSFT,VC202500511
CONT2025007897,IMPORT,NSFT,VC202500511
CONT2025007898,EXPORT,NSFT,VC202500511
CONT2025007899,IMPORT,NSFT,VC202500511
CONT2025007900,EXPORT,NSFT,VC202500511
CONT2025007901,IMPORT,NSFT,VC202500511
CONT2025007902,IMPORT,NSFT,VC202500512
CONT2025007903,EXPORT,NSFT,VC202500512
CONT2025007904,EXPORT,NSFT,VC202500512
CONT2025007905,EXPORT,NSFT,VC202500512
CONT2025007906,EXPORT,NSFT,VC202500512
CONT2025007907,EXPORT,NSFT,VC202500512
CONT2025007908,EXPORT,NSFT,VC202500512
CONT2025007909,IMPORT,NSFT,VC202500512
CONT2025007910,IMPORT,NSFT,VC202500512
CONT2025007911,IMPORT,NSFT,VC202500512
CONT2025007912,EXPORT,NSFT,VC202500512
CONT2025007913,IMPORT,NSFT,VC202500512
CONT2025007914,EXPORT,NSFT,VC202500512
CONT2025007915,EXPORT,NSFT,VC202500512
CONT2025007916,EXPORT,NSFT,VC202500512
CONT2025007917,EXPORT,NSFT,VC202500512
CONT2025007918,IMPORT,NSFT,VC202500512
CONT2025007919,IMPORT,NSFT,VC202500512
CONT2025007920,IMPORT,NSFT,VC202500512
CONT2025007921,EXPORT,NSFT,VC202500512
CONT2025007922,IMPORT,NSFT,VC202500512
CONT2025007923,IMPORT,NSFT,VC202500512
CONT2025007924,IMPORT,NSFT,VC202500512
CONT2025007925,EXPORT,NSFT,VC202500512
CONT2025007926,EXPORT,NSFT,VC202500512
CONT2025007927,EXPORT,NSFT,VC202500512
CONT2025007928,IMPORT,NSFT,VC202500512
CONT2025007929,IMPORT,NSFT,VC202500512
CONT2025007930,EXPORT,NSFT,VC202500512
CONT2025007931,IMPORT,GTI,VC202500513
CONT2025007932,EXPORT,GTI,VC202500513
CONT2025007933,IMPORT,GTI,VC202500513
CONT2025007934,EXPORT,GTI,VC202500513
CONT2025007935,IMPORT,GTI,VC202500513
CONT2025007936,IMPORT,GTI,VC202500513
CONT2025007937,IMPORT,NSIGT,VC202500514
CONT2025007938,IMPORT,NSIGT,VC202500514
CONT2025007939,EXPORT,NSIGT,VC202500514
CONT2025007940,IMPORT,NSIGT,VC202500514
CONT2025007941,EXPORT,NSIGT,VC202500514
CONT2025007942,IMPORT,NSIGT,VC202500514
CONT2025007943,IMPORT,NSIGT,VC202500514
CONT2025007944,IMPORT,NSIGT,VC202500514
CONT2025007945,EXPORT,NSIGT,VC202500514
CONT2025007946,IMPORT,NSIGT,VC202500514
CONT2025007947,EXPORT,NSIGT,VC202500514
CONT2025007948,IMPORT,NSICT,VC202500515
CONT2025007949,EXPORT,NSICT,VC202500515
CONT2025007950,EXPORT,NSICT,VC202500515
CONT2025007951,EXPORT,NSICT,VC202500515
CONT2025007952,EXPORT,NSICT,VC202500515
CONT2025007953,EXPORT,NSICT,VC202500515
CONT2025007954,IMPORT,NSICT,VC202500515
CONT2025007955,IMPORT,BMCT,VC202500516
CONT2025007956,IMPORT,BMCT,VC202500516
CONT2025007957,IMPORT,BMCT,VC202500516
CONT2025007958,EXPORT,BMCT,VC202500516
CONT2025007959,EXPORT,BMCT,VC202500516
CONT2025007960,IMPORT,BMCT,VC202500516
CONT2025007961,EXPORT,BMCT,VC202500516
CONT2025007962,EXPORT,BMCT,VC202500516
CONT2025007963,EXPORT,BMCT,VC202500516
CONT2025007964,IMPORT,BMCT,VC202500516
CONT2025007965,EXPORT,BMCT,VC202500516
CONT2025007966,EXPORT,BMCT,VC202500516
CONT2025007967,EXPORT,BMCT,VC202500516
CONT2025007968,EXPORT,BMCT,VC202500517
CONT2025007969,EXPORT,BMCT,VC202500517
CONT2025007970,EXPORT,BMCT,VC202500517
CONT2025007971,EXPORT,BMCT,VC202500517
CONT2025007972,EXPORT,BMCT,VC202500517
CONT2025007973,EXPORT,BMCT,VC202500517
CONT2025007974,IMPORT,NSICT,VC202500518
CONT2025007975,EXPORT,NSICT,VC202500518
CONT2025007976,IMPORT,NSICT,VC202500518
CONT2025007977,IMPORT,NSICT,VC202500518
CONT2025007978,EXPORT,NSICT,VC202500518
CONT2025007979,EXPORT,NSICT,VC202500518
CONT2025007980,IMPORT,NSICT,VC202500518
CONT2025007981,IMPORT,NSICT,VC202500518
CONT2025007982,IMPORT,NSICT,VC202500518
CONT2025007983,EXPORT,NSICT,VC202500518
CONT2025007984,IMPORT,NSICT,VC202500518
CONT2025007985,IMPORT,NSICT,VC202500518
CONT2025007986,IMPORT,NSICT,VC202500518
CONT2025007987,IMPORT,NSICT,VC202500518
CONT2025007988,EXPORT,NSICT,VC202500519
CONT2025007989,EXPORT,NSICT,VC202500519
CONT2025007990,EXPORT,NSICT,VC202500519
CONT2025007991,IMPORT,NSICT,VC202500519
CONT2025007992,EXPORT,NSICT,VC202500519
CONT2025007993,EXPORT,NSICT,VC202500519
CONT2025007994,EXPORT,NSFT,VC202500520
CONT2025007995,EXPORT,NSFT,VC202500520
CONT2025007996,EXPORT,NSFT,VC202500520
CONT2025007997,EXPORT,NSFT,VC202500520
CONT2025007998,IMPORT,NSFT,VC202500520
CONT2025007999,EXPORT,NSFT,VC202500520
CONT2025008000,IMPORT,NSFT,VC202500520
CONT2025008001,EXPORT,NSFT,VC202500520
CONT2025008002,EXPORT,NSFT,VC202500520
CONT2025008003,IMPORT,NSFT,VC202500520
CONT2025008004,IMPORT,NSFT,VC202500520
CONT2025008005,EXPORT,NSFT,VC202500520
CONT2025008006,EXPORT,NSFT,VC202500520
CONT2025008007,IMPORT,NSFT,VC202500520
CONT2025008008,IMPORT,NSFT,VC202500520
CONT2025008009,EXPORT,NSFT,VC202500520
CONT2025008010,IMPORT,NSFT,VC202500520
CONT2025008011,IMPORT,NSFT,VC202500520
CONT2025008012,EXPORT,NSFT,VC202500520
CONT2025008013,IMPORT,NSFT,VC202500521
CONT2025008014,IMPORT,NSFT,VC202500521
CONT2025008015,EXPORT,NSFT,VC202500521
CONT2025008016,IMPORT,NSFT,VC202500521
CONT2025008017,IMPORT,NSFT,VC202500521
CONT2025008018,IMPORT,NSFT,VC202500521
CONT2025008019,IMPORT,NSFT,VC202500521
CONT2025008020,IMPORT,NSFT,VC202500521
CONT2025008021,IMPORT,NSFT,VC202500521
CONT2025008022,IMPORT,NSICT,VC202500522
CONT2025008023,IMPORT,NSICT,VC202500522
CONT2025008024,IMPORT,NSICT,VC202500522
CONT2025008025,EXPORT,NSICT,VC202500522
CONT2025008026,IMPORT,NSICT,VC202500522
CONT2025008027,IMPORT,NSICT,VC202500522
CONT2025008028,EXPORT,NSICT,VC202500522
CONT2025008029,IMPORT,NSICT,VC202500522
CONT2025008030,EXPORT,NSICT,VC202500522
CONT2025008031,EXPORT,NSICT,VC202500522
CONT2025008032,IMPORT,NSICT,VC202500522
CONT2025008033,IMPORT,NSICT,VC202500522
CONT2025008034,EXPORT,BMCT,VC202500523
CONT2025008035,EXPORT,BMCT,VC202500523
CONT2025008036,EXPORT,BMCT,VC202500523
CONT2025008037,IMPORT,BMCT,VC202500523
CONT2025008038,IMPORT,BMCT,VC202500523
CONT2025008039,IMPORT,BMCT,VC202500523
CONT2025008040,EXPORT,BMCT,VC202500523
CONT2025008041,IMPORT,BMCT,VC202500523
CONT2025008042,IMPORT,BMCT,VC202500523
CONT2025008043,EXPORT,NSICT,VC202500524
CONT2025008044,IMPORT,NSICT,VC202500524
CONT2025008045,EXPORT,NSICT,VC202500524
CONT2025008046,IMPORT,NSICT,VC202500524
CONT2025008047,EXPORT,NSICT,VC202500524
CONT2025008048,EXPORT,NSICT,VC202500524
CONT2025008049,EXPORT,NSICT,VC202500524
CONT2025008050,IMPORT,NSICT,VC202500524
CONT2025008051,EXPORT,NSICT,VC202500524
CONT2025008052,IMPORT,NSICT,VC202500524
CONT2025008053,EXPORT,NSICT,VC202500524
CONT2025008054,EXPORT,NSICT,VC202500524
CONT2025008055,IMPORT,NSICT,VC202500524
CONT2025008056,IMPORT,NSICT,VC202500524
CONT2025008057,EXPORT,NSICT,VC202500524
CONT2025008058,IMPORT,GTI,VC202500525
CONT2025008059,IMPORT,GTI,VC202500525
CONT2025008060,EXPORT,GTI,VC202500525
CONT2025008061,IMPORT,GTI,VC202500525
CONT2025008062,EXPORT,GTI,VC202500525
CONT2025008063,EXPORT,GTI,VC202500525
CONT2025008064,IMPORT,GTI,VC202500525
CONT2025008065,EXPORT,GTI,VC202500525
CONT2025008066,IMPORT,GTI,VC202500525
CONT2025008067,IMPORT,GTI,VC202500525
CONT2025008068,IMPORT,GTI,VC202500525
CONT2025008069,EXPORT,GTI,VC202500525
CONT2025008070,EXPORT,GTI,VC202500525
CONT2025008071,IMPORT,GTI,VC202500525
CONT2025008072,IMPORT,NSIGT,VC202500526
CONT2025008073,IMPORT,NSIGT,VC202500526
CONT2025008074,IMPORT,NSIGT,VC202500526
CONT2025008075,EXPORT,NSIGT,VC202500526
CONT2025008076,EXPORT,NSIGT,VC202500526
CONT2025008077,IMPORT,NSIGT,VC202500526
CONT2025008078,IMPORT,NSIGT,VC202500526
CONT2025008079,IMPORT,NSIGT,VC202500526
CONT2025008080,IMPORT,NSIGT,VC202500526
CONT2025008081,EXPORT,NSIGT,VC202500526
CONT2025008082,EXPORT,NSIGT,VC202500526
CONT2025008083,EXPORT,NSIGT,VC202500526
CONT2025008084,IMPORT,NSIGT,VC202500526
CONT2025008085,IMPORT,NSIGT,VC202500526
CONT2025008086,EXPORT,NSIGT,VC202500526
CONT2025008087,IMPORT,NSIGT,VC202500526
CONT2025008088,EXPORT,NSIGT,VC202500526
CONT2025008089,IMPORT,NSIGT,VC202500526
CONT2025008090,EXPORT,NSIGT,VC202500526
CONT2025008091,IMPORT,NSIGT,VC202500526
CONT2025008092,EXPORT,NSIGT,VC202500526
CONT2025008093,IMPORT,NSIGT,VC202500526
CONT2025008094,EXPORT,NSIGT,VC202500526
CONT2025008095,IMPORT,NSIGT,VC202500526
CONT2025008096,EXPORT,NSIGT,VC202500526
CONT2025008097,IMPORT,NSIGT,VC202500526
CONT2025008098,IMPORT,NSIGT,VC202500526
CONT2025008099,EXPORT,NSIGT,VC202500526
CONT2025008100,IMPORT,NSIGT,VC202500526
CONT2025008101,IMPORT,NSIGT,VC202500526
CONT2025008102,IMPORT,NSIGT,VC202500526
CONT2025008103,EXPORT,NSIGT,VC202500526
CONT2025008104,IMPORT,NSIGT,VC202500526
CONT2025008105,EXPORT,NSIGT,VC202500526
CONT2025008106,EXPORT,NSIGT,VC202500526
CONT2025008107,EXPORT,NSIGT,VC202500526
CONT2025008108,EXPORT,NSIGT,VC202500526
CONT2025008109,IMPORT,GTI,VC202500527
CONT2025008110,EXPORT,GTI,VC202500527
CONT2025008111,IMPORT,GTI,VC202500527
CONT2025008112,IMPORT,GTI,VC202500527
CONT2025008113,EXPORT,GTI,VC202500527
CONT2025008114,IMPORT,GTI,VC202500527
CONT2025008115,IMPORT,GTI,VC202500527
CONT2025008116,EXPORT,GTI,VC202500527
CONT2025008117,EXPORT,GTI,VC202500527
CONT2025008118,IMPORT,GTI,VC202500527
CONT2025008119,IMPORT,GTI,VC202500527
CONT2025008120,IMPORT,GTI,VC202500527
CONT2025008121,EXPORT,GTI,VC202500527
CONT2025008122,EXPORT,GTI,VC202500527
CONT2025008123,EXPORT,GTI,VC202500527
CONT2025008124,IMPORT,GTI,VC202500527
CONT2025008125,IMPORT,NSICT,VC202500528
CONT2025008126,EXPORT,NSICT,VC202500528
CONT2025008127,EXPORT,NSICT,VC202500528
CONT2025008128,IMPORT,NSICT,VC202500528
CONT2025008129,IMPORT,NSICT,VC202500528
CONT2025008130,EXPORT,NSICT,VC202500528
CONT2025008131,IMPORT,NSICT,VC202500528
CONT2025008132,EXPORT,NSICT,VC202500528
CONT2025008133,EXPORT,NSICT,VC202500528
CONT2025008134,IMPORT,BMCT,VC202500529
CONT2025008135,IMPORT,BMCT,VC202500529
CONT2025008136,IMPORT,BMCT,VC202500529
CONT2025008137,EXPORT,BMCT,VC202500529
CONT2025008138,EXPORT,BMCT,VC202500529
CONT2025008139,EXPORT,BMCT,VC202500529
CONT2025008140,IMPORT,BMCT,VC202500529
CONT2025008141,IMPORT,BMCT,VC202500529
CONT2025008142,IMPORT,BMCT,VC202500529
CONT2025008143,EXPORT,BMCT,VC202500529
CONT2025008144,EXPORT,BMCT,VC202500529
CONT2025008145,IMPORT,BMCT,VC202500529
CONT2025008146,EXPORT,BMCT,VC202500529
CONT2025008147,IMPORT,BMCT,VC202500529
CONT2025008148,EXPORT,BMCT,VC202500529
CONT2025008149,EXPORT,BMCT,VC202500529
CONT2025008150,IMPORT,BMCT,VC202500529
CONT2025008151,EXPORT,NSFT,VC202500530
CONT2025008152,EXPORT,NSFT,VC202500530
CONT2025008153,IMPORT,NSFT,VC202500530
CONT2025008154,IMPORT,NSFT,VC202500530
CONT2025008155,IMPORT,NSFT,VC202500530
CONT2025008156,IMPORT,NSFT,VC202500530
CONT2025008157,EXPORT,NSFT,VC202500530
CONT2025008158,EXPORT,NSFT,VC202500530
CONT2025008159,IMPORT,NSFT,VC202500530
CONT2025008160,EXPORT,NSFT,VC202500530
CONT2025008161,IMPORT,NSICT,VC202500531
CONT2025008162,EXPORT,NSICT,VC202500531
CONT2025008163,IMPORT,NSICT,VC202500531
CONT2025008164,EXPORT,NSICT,VC202500531
CONT2025008165,IMPORT,NSICT,VC202500531
CONT2025008166,IMPORT,NSICT,VC202500531
CONT2025008167,EXPORT,NSICT,VC202500531
CONT2025008168,EXPORT,NSICT,VC202500531
CONT2025008169,EXPORT,NSICT,VC202500531
CONT2025008170,EXPORT,NSICT,VC202500531
CONT2025008171,EXPORT,NSICT,VC202500531
CONT2025008172,EXPORT,NSICT,VC202500531
CONT2025008173,EXPORT,NSICT,VC202500531
CONT2025008174,EXPORT,NSICT,VC202500531
CONT2025008175,EXPORT,NSICT,VC202500531
CONT2025008176,IMPORT,NSICT,VC202500531
CONT2025008177,IMPORT,NSICT,VC202500531
CONT2025008178,EXPORT,NSICT,VC202500531
CONT2025008179,IMPORT,NSICT,VC202500531
CONT2025008180,IMPORT,NSICT,VC202500531
CONT2025008181,EXPORT,NSICT,VC202500531
CONT2025008182,IMPORT,NSICT,VC202500531
CONT2025008183,IMPORT,NSICT,VC202500531
CONT2025008184,IMPORT,NSICT,VC202500531
CONT2025008185,IMPORT,NSICT,VC202500531
CONT2025008186,EXPORT,NSIGT,VC202500532
CONT2025008187,EXPORT,NSIGT,VC202500532
CONT2025008188,IMPORT,NSIGT,VC202500532
CONT2025008189,IMPORT,NSIGT,VC202500532
CONT2025008190,EXPORT,NSIGT,VC202500532
CONT2025008191,IMPORT,NSIGT,VC202500532
CONT2025008192,EXPORT,NSIGT,VC202500532
CONT2025008193,EXPORT,NSIGT,VC202500532
CONT2025008194,IMPORT,GTI,VC202500533
CONT2025008195,IMPORT,GTI,VC202500533
CONT2025008196,EXPORT,GTI,VC202500533
CONT2025008197,EXPORT,GTI,VC202500533
CONT2025008198,IMPORT,GTI,VC202500533
CONT2025008199,IMPORT,GTI,VC202500533
CONT2025008200,EXPORT,GTI,VC202500533
CONT2025008201,EXPORT,GTI,VC202500533
CONT2025008202,IMPORT,GTI,VC202500533
CONT2025008203,IMPORT,GTI,VC202500533
CONT2025008204,EXPORT,GTI,VC202500533
CONT2025008205,IMPORT,GTI,VC202500533
CONT2025008206,EXPORT,GTI,VC202500533
CONT2025008207,EXPORT,GTI,VC202500533
CONT2025008208,EXPORT,GTI,VC202500533
CONT2025008209,IMPORT,GTI,VC202500533
CONT2025008210,EXPORT,NSIGT,VC202500534
CONT2025008211,IMPORT,NSIGT,VC202500534
CONT2025008212,EXPORT,NSIGT,VC202500534
CONT2025008213,IMPORT,NSIGT,VC202500534
CONT2025008214,EXPORT,NSIGT,VC202500534
CONT2025008215,EXPORT,NSIGT,VC202500534
CONT2025008216,EXPORT,NSIGT,VC202500534
CONT2025008217,IMPORT,NSIGT,VC202500534
CONT2025008218,IMPORT,NSIGT,VC202500534
CONT2025008219,IMPORT,NSIGT,VC202500534
CONT2025008220,IMPORT,NSIGT,VC202500534
CONT2025008221,IMPORT,NSIGT,VC202500534
CONT2025008222,IMPORT,BMCT,VC202500535
CONT2025008223,IMPORT,BMCT,VC202500535
CONT2025008224,EXPORT,BMCT,VC202500535
CONT2025008225,EXPORT,BMCT,VC202500535
CONT2025008226,EXPORT,BMCT,VC202500535
CONT2025008227,EXPORT,BMCT,VC202500535
CONT2025008228,EXPORT,BMCT,VC202500535
CONT2025008229,EXPORT,BMCT,VC202500535
CONT2025008230,IMPORT,BMCT,VC202500535
CONT2025008231,EXPORT,BMCT,VC202500535
CONT2025008232,IMPORT,BMCT,VC202500535
CONT2025008233,EXPORT,NSICT,VC202500536
CONT2025008234,IMPORT,NSICT,VC202500536
CONT2025008235,IMPORT,NSICT,VC202500536
CONT2025008236,IMPORT,NSICT,VC202500536
CONT2025008237,EXPORT,NSICT,VC202500536
CONT2025008238,IMPORT,NSICT,VC202500536
CONT2025008239,IMPORT,NSICT,VC202500536
CONT2025008240,IMPORT,NSICT,VC202500536
CONT2025008241,EXPORT,NSICT,VC202500536
CONT2025008242,EXPORT,NSICT,VC202500536
CONT2025008243,IMPORT,NSICT,VC202500536
CONT2025008244,IMPORT,NSICT,VC202500536
CONT2025008245,EXPORT,NSICT,VC202500536
CONT2025008246,IMPORT,NSICT,VC202500536
CONT2025008247,EXPORT,NSICT,VC202500536
CONT2025008248,IMPORT,NSICT,VC202500536
CONT2025008249,EXPORT,NSICT,VC202500536
CONT2025008250,EXPORT,NSICT,VC202500536
CONT2025008251,EXPORT,NSICT,VC202500536
CONT2025008252,EXPORT,NSICT,VC202500536
CONT2025008253,IMPORT,NSICT,VC202500536
CONT2025008254,IMPORT,NSICT,VC202500536
CONT2025008255,IMPORT,NSICT,VC202500536
CONT2025008256,IMPORT,NSICT,VC202500536
CONT2025008257,EXPORT,NSICT,VC202500537
CONT2025008258,IMPORT,NSICT,VC202500537
CONT2025008259,EXPORT,NSICT,VC202500537
CONT2025008260,IMPORT,NSICT,VC202500537
CONT2025008261,IMPORT,NSICT,VC202500537
CONT2025008262,IMPORT,NSICT,VC202500537
CONT2025008263,IMPORT,NSICT,VC202500537
CONT2025008264,EXPORT,NSICT,VC202500537
CONT2025008265,IMPORT,NSICT,VC202500537
CONT2025008266,IMPORT,NSICT,VC202500537
CONT2025008267,EXPORT,NSICT,VC202500537
CONT2025008268,IMPORT,NSICT,VC202500537
CONT2025008269,IMPORT,NSICT,VC202500537
CONT2025008270,IMPORT,NSICT,VC202500537
CONT2025008271,EXPORT,NSICT,VC202500537
CONT2025008272,EXPORT,NSICT,VC202500537
CONT2025008273,IMPORT,BMCT,VC202500538
CONT2025008274,IMPORT,BMCT,VC202500538
CONT2025008275,IMPORT,BMCT,VC202500538
CONT2025008276,EXPORT,BMCT,VC202500538
CONT2025008277,EXPORT,BMCT,VC202500538
CONT2025008278,EXPORT,BMCT,VC202500538
CONT2025008279,EXPORT,BMCT,VC202500538
CONT2025008280,IMPORT,BMCT,VC202500538
CONT2025008281,EXPORT,BMCT,VC202500538
CONT2025008282,EXPORT,BMCT,VC202500538
CONT2025008283,EXPORT,BMCT,VC202500538
CONT2025008284,IMPORT,BMCT,VC202500538
CONT2025008285,EXPORT,BMCT,VC202500538
CONT2025008286,IMPORT,BMCT,VC202500538
CONT2025008287,EXPORT,BMCT,VC202500538
CONT2025008288,EXPORT,BMCT,VC202500538
CONT2025008289,IMPORT,BMCT,VC202500538
CONT2025008290,EXPORT,BMCT,VC202500539
CONT2025008291,IMPORT,BMCT,VC202500539
CONT2025008292,EXPORT,BMCT,VC202500539
CONT2025008293,EXPORT,BMCT,VC202500539
CONT2025008294,EXPORT,BMCT,VC202500539
CONT2025008295,IMPORT,BMCT,VC202500539
CONT2025008296,IMPORT,BMCT,VC202500539
CONT2025008297,IMPORT,BMCT,VC202500539
CONT2025008298,IMPORT,BMCT,VC202500539
CONT2025008299,EXPORT,BMCT,VC202500539
CONT2025008300,IMPORT,BMCT,VC202500539
CONT2025008301,EXPORT,BMCT,VC202500539
CONT2025008302,EXPORT,BMCT,VC202500539
CONT2025008303,IMPORT,GTI,VC202500540
CONT2025008304,EXPORT,GTI,VC202500540
CONT2025008305,EXPORT,GTI,VC202500540
CONT2025008306,IMPORT,GTI,VC202500540
CONT2025008307,EXPORT,GTI,VC202500540
CONT2025008308,IMPORT,GTI,VC202500540
CONT2025008309,IMPORT,GTI,VC202500540
CONT2025008310,IMPORT,GTI,VC202500540
CONT2025008311,EXPORT,GTI,VC202500540
CONT2025008312,IMPORT,BMCT,VC202500541
CONT2025008313,EXPORT,BMCT,VC202500541
CONT2025008314,EXPORT,BMCT,VC202500541
CONT2025008315,IMPORT,BMCT,VC202500541
CONT2025008316,IMPORT,BMCT,VC202500541
CONT2025008317,EXPORT,BMCT,VC202500541
CONT2025008318,EXPORT,BMCT,VC202500541
CONT2025008319,IMPORT,BMCT,VC202500541
CONT2025008320,IMPORT,BMCT,VC202500541
CONT2025008321,EXPORT,BMCT,VC202500541
CONT2025008322,IMPORT,BMCT,VC202500541
CONT2025008323,IMPORT,BMCT,VC202500541
CONT2025008324,IMPORT,BMCT,VC202500541
CONT2025008325,IMPORT,BMCT,VC202500541
CONT2025008326,IMPORT,BMCT,VC202500541
CONT2025008327,EXPORT,BMCT,VC202500541
CONT2025008328,IMPORT,BMCT,VC202500541
CONT2025008329,EXPORT,BMCT,VC202500541
CONT2025008330,IMPORT,BMCT,VC202500541
CONT2025008331,EXPORT,BMCT,VC202500541
CONT2025008332,EXPORT,BMCT,VC202500541
CONT2025008333,IMPORT,BMCT,VC202500541
CONT2025008334,EXPORT,BMCT,VC202500542
CONT2025008335,EXPORT,BMCT,VC202500542
CONT2025008336,IMPORT,BMCT,VC202500542
CONT2025008337,IMPORT,BMCT,VC202500542
CONT2025008338,EXPORT,BMCT,VC202500542
CONT2025008339,IMPORT,BMCT,VC202500542
CONT2025008340,IMPORT,BMCT,VC202500542
CONT2025008341,IMPORT,BMCT,VC202500542
CONT2025008342,IMPORT,BMCT,VC202500542
CONT2025008343,EXPORT,BMCT,VC202500542
CONT2025008344,EXPORT,BMCT,VC202500542
CONT2025008345,EXPORT,BMCT,VC202500542
CONT2025008346,EXPORT,BMCT,VC202500542
CONT2025008347,IMPORT,BMCT,VC202500542
CONT2025008348,EXPORT,BMCT,VC202500542
CONT2025008349,IMPORT,BMCT,VC202500542
CONT2025008350,IMPORT,NSICT,VC202500543
CONT2025008351,IMPORT,NSICT,VC202500543
CONT2025008352,EXPORT,NSICT,VC202500543
CONT2025008353,IMPORT,NSICT,VC202500543
CONT2025008354,EXPORT,NSICT,VC202500543
CONT2025008355,EXPORT,NSICT,VC202500543
CONT2025008356,IMPORT,NSICT,VC202500543
CONT2025008357,IMPORT,NSICT,VC202500543
CONT2025008358,IMPORT,NSICT,VC202500543
CONT2025008359,IMPORT,NSICT,VC202500543
CONT2025008360,EXPORT,NSICT,VC202500543
CONT2025008361,IMPORT,NSICT,VC202500543
CONT2025008362,IMPORT,NSICT,VC202500543
CONT2025008363,EXPORT,NSICT,VC202500543
CONT2025008364,EXPORT,NSICT,VC202500543
CONT2025008365,IMPORT,NSICT,VC202500543
CONT2025008366,EXPORT,NSICT,VC202500543
CONT2025008367,IMPORT,NSICT,VC202500543
CONT2025008368,EXPORT,NSICT,VC202500543
CONT2025008369,IMPORT,NSICT,VC202500543
CONT2025008370,EXPORT,NSICT,VC202500543
CONT2025008371,EXPORT,NSICT,VC202500543
CONT2025008372,EXPORT,NSICT,VC202500543
CONT2025008373,IMPORT,NSICT,VC202500543
CONT2025008374,EXPORT,NSICT,VC202500543
CONT2025008375,IMPORT,NSICT,VC202500543
CONT2025008376,IMPORT,BMCT,VC202500544
CONT2025008377,EXPORT,BMCT,VC202500544
CONT2025008378,EXPORT,BMCT,VC202500544
CONT2025008379,IMPORT,BMCT,VC202500544
CONT2025008380,IMPORT,BMCT,VC202500544
CONT2025008381,IMPORT,BMCT,VC202500544
CONT2025008382,EXPORT,BMCT,VC202500544
CONT2025008383,EXPORT,BMCT,VC202500544
CONT2025008384,EXPORT,BMCT,VC202500544
CONT2025008385,IMPORT,BMCT,VC202500544
CONT2025008386,EXPORT,NSFT,VC202500545
CONT2025008387,IMPORT,NSFT,VC202500545
CONT2025008388,IMPORT,NSFT,VC202500545
CONT2025008389,IMPORT,NSFT,VC202500545
CONT2025008390,IMPORT,NSFT,VC202500545
CONT2025008391,IMPORT,NSFT,VC202500545
CONT2025008392,EXPORT,NSFT,VC202500545
CONT2025008393,EXPORT,NSFT,VC202500545
CONT2025008394,EXPORT,NSFT,VC202500545
CONT2025008395,IMPORT,NSFT,VC202500545
CONT2025008396,EXPORT,NSFT,VC202500545
CONT2025008397,EXPORT,NSFT,VC202500545
CONT2025008398,EXPORT,NSFT,VC202500545
CONT2025008399,IMPORT,NSFT,VC202500545
CONT2025008400,IMPORT,NSFT,VC202500545
CONT2025008401,IMPORT,NSFT,VC202500545
CONT2025008402,IMPORT,NSFT,VC202500545
CONT2025008403,EXPORT,NSFT,VC202500545
CONT2025008404,IMPORT,NSFT,VC202500545
CONT2025008405,EXPORT,NSFT,VC202500545
CONT2025008406,EXPORT,NSFT,VC202500545
CONT2025008407,EXPORT,NSFT,VC202500545
CONT2025008408,IMPORT,NSFT,VC202500545
CONT2025008409,IMPORT,NSFT,VC202500545
CONT2025008410,IMPORT,NSFT,VC202500545
CONT2025008411,IMPORT,NSFT,VC202500545
CONT2025008412,IMPORT,NSFT,VC202500546
CONT2025008413,EXPORT,NSFT,VC202500546
CONT2025008414,IMPORT,NSFT,VC202500546
CONT2025008415,IMPORT,NSFT,VC202500546
CONT2025008416,IMPORT,NSFT,VC202500546
CONT2025008417,EXPORT,NSFT,VC202500546
CONT2025008418,EXPORT,NSFT,VC202500546
CONT2025008419,IMPORT,NSFT,VC202500546
CONT2025008420,IMPORT,NSFT,VC202500546
CONT2025008421,IMPORT,NSFT,VC202500546
CONT2025008422,IMPORT,NSFT,VC202500546
CONT2025008423,IMPORT,NSFT,VC202500546
CONT2025008424,IMPORT,NSFT,VC202500546
CONT2025008425,EXPORT,NSFT,VC202500546
CONT2025008426,EXPORT,NSFT,VC202500546
CONT2025008427,IMPORT,NSFT,VC202500546
CONT2025008428,EXPORT,NSFT,VC202500546
CONT2025008429,EXPORT,NSFT,VC202500546
CONT2025008430,EXPORT,NSFT,VC202500546
CONT2025008431,EXPORT,NSFT,VC202500546
CONT2025008432,EXPORT,NSFT,VC202500546
CONT2025008433,EXPORT,NSFT,VC202500546
CONT2025008434,IMPORT,NSFT,VC202500546
CONT2025008435,IMPORT,NSFT,VC202500546
CONT2025008436,IMPORT,NSFT,VC202500547
CONT2025008437,EXPORT,NSFT,VC202500547
CONT2025008438,IMPORT,NSFT,VC202500547
CONT2025008439,EXPORT,NSFT,VC202500547
CONT2025008440,EXPORT,NSFT,VC202500547
CONT2025008441,IMPORT,NSFT,VC202500547
CONT2025008442,IMPORT,NSFT,VC202500547
CONT2025008443,EXPORT,NSFT,VC202500547
CONT2025008444,EXPORT,NSFT,VC202500547
CONT2025008445,IMPORT,NSFT,VC202500547
CONT2025008446,IMPORT,NSFT,VC202500547
CONT2025008447,IMPORT,NSFT,VC202500547
CONT2025008448,EXPORT,NSFT,VC202500547
CONT2025008449,IMPORT,NSFT,VC202500547
CONT2025008450,EXPORT,NSFT,VC202500547
CONT2025008451,EXPORT,NSFT,VC202500547
CONT2025008452,EXPORT,NSFT,VC202500547
CONT2025008453,EXPORT,NSFT,VC202500547
CONT2025008454,EXPORT,NSFT,VC202500547
CONT2025008455,EXPORT,NSFT,VC202500547
CONT2025008456,EXPORT,NSFT,VC202500547
CONT2025008457,IMPORT,NSFT,VC202500547
CONT2025008458,EXPORT,NSFT,VC202500547
CONT2025008459,IMPORT,NSFT,VC202500547
CONT2025008460,EXPORT,NSICT,VC202500548
CONT2025008461,EXPORT,NSICT,VC202500548
CONT2025008462,EXPORT,NSICT,VC202500548
CONT2025008463,IMPORT,NSICT,VC202500548
CONT2025008464,EXPORT,NSICT,VC202500548
CONT2025008465,EXPORT,NSICT,VC202500548
CONT2025008466,EXPORT,NSICT,VC202500548
CONT2025008467,EXPORT,NSICT,VC202500548
CONT2025008468,EXPORT,NSICT,VC202500548
CONT2025008469,IMPORT,NSICT,VC202500548
CONT2025008470,EXPORT,NSFT,VC202500549
CONT2025008471,EXPORT,NSFT,VC202500549
CONT2025008472,IMPORT,NSFT,VC202500549
CONT2025008473,IMPORT,NSFT,VC202500549
CONT2025008474,EXPORT,NSFT,VC202500549
CONT2025008475,IMPORT,NSFT,VC202500549
CONT2025008476,EXPORT,NSFT,VC202500549
CONT2025008477,EXPORT,NSFT,VC202500549
CONT2025008478,IMPORT,NSFT,VC202500549
CONT2025008479,IMPORT,NSFT,VC202500549
CONT2025008480,IMPORT,NSFT,VC202500549
CONT2025008481,EXPORT,NSFT,VC202500549
CONT2025008482,EXPORT,BMCT,VC202500550
CONT2025008483,EXPORT,BMCT,VC202500550
CONT2025008484,IMPORT,BMCT,VC202500550
CONT2025008485,IMPORT,BMCT,VC202500550
CONT2025008486,EXPORT,BMCT,VC202500550
CONT2025008487,IMPORT,BMCT,VC202500550
CONT2025008488,EXPORT,BMCT,VC202500550
CONT2025008489,EXPORT,BMCT,VC202500550
CONT2025008490,EXPORT,BMCT,VC202500550
CONT2025008491,IMPORT,BMCT,VC202500550
CONT2025008492,IMPORT,BMCT,VC202500550
CONT2025008493,IMPORT,BMCT,VC202500550
CONT2025008494,IMPORT,BMCT,VC202500550
CONT2025008495,IMPORT,BMCT,VC202500550
CONT2025008496,IMPORT,BMCT,VC202500550
CONT2025008497,IMPORT,NSIGT,VC202500551
CONT2025008498,EXPORT,NSIGT,VC202500551
CONT2025008499,EXPORT,NSIGT,VC202500551
CONT2025008500,IMPORT,NSIGT,VC202500551
CONT2025008501,IMPORT,NSIGT,VC202500551
CONT2025008502,IMPORT,NSIGT,VC202500551
CONT2025008503,IMPORT,NSIGT,VC202500551
CONT2025008504,EXPORT,NSIGT,VC202500551
CONT2025008505,EXPORT,NSIGT,VC202500551
CONT2025008506,EXPORT,NSIGT,VC202500551
CONT2025008507,IMPORT,NSIGT,VC202500551
CONT2025008508,EXPORT,NSIGT,VC202500551
CONT2025008509,EXPORT,NSIGT,VC202500551
CONT2025008510,IMPORT,NSIGT,VC202500551
CONT2025008511,EXPORT,NSIGT,VC202500551
CONT2025008512,EXPORT,BMCT,VC202500552
CONT2025008513,IMPORT,BMCT,VC202500552
CONT2025008514,EXPORT,BMCT,VC202500552
CONT2025008515,IMPORT,BMCT,VC202500552
CONT2025008516,IMPORT,BMCT,VC202500552
CONT2025008517,IMPORT,BMCT,VC202500552
CONT2025008518,EXPORT,BMCT,VC202500552
CONT2025008519,EXPORT,BMCT,VC202500552
CONT2025008520,IMPORT,BMCT,VC202500552
CONT2025008521,EXPORT,BMCT,VC202500552
CONT2025008522,IMPORT,BMCT,VC202500552
CONT2025008523,EXPORT,BMCT,VC202500552
CONT2025008524,IMPORT,BMCT,VC202500552
CONT2025008525,IMPORT,BMCT,VC202500552
CONT2025008526,IMPORT,BMCT,VC202500552
CONT2025008527,IMPORT,GTI,VC202500553
CONT2025008528,EXPORT,GTI,VC202500553
CONT2025008529,EXPORT,GTI,VC202500553
CONT2025008530,EXPORT,GTI,VC202500553
CONT2025008531,IMPORT,GTI,VC202500553
CONT2025008532,EXPORT,GTI,VC202500553
CONT2025008533,EXPORT,GTI,VC202500553
CONT2025008534,EXPORT,GTI,VC202500553
CONT2025008535,EXPORT,GTI,VC202500553
CONT2025008536,IMPORT,GTI,VC202500553
CONT2025008537,EXPORT,GTI,VC202500553
CONT2025008538,IMPORT,GTI,VC202500553
CONT2025008539,IMPORT,GTI,VC202500553
CONT2025008540,IMPORT,GTI,VC202500553
CONT2025008541,IMPORT,GTI,VC202500553
CONT2025008542,IMPORT,GTI,VC202500553
CONT2025008543,EXPORT,GTI,VC202500553
CONT2025008544,EXPORT,GTI,VC202500553
CONT2025008545,EXPORT,GTI,VC202500553
CONT2025008546,EXPORT,NSIGT,VC202500554
CONT2025008547,IMPORT,NSIGT,VC202500554
CONT2025008548,IMPORT,NSIGT,VC202500554
CONT2025008549,IMPORT,NSIGT,VC202500554
CONT2025008550,IMPORT,NSIGT,VC202500554
CONT2025008551,EXPORT,NSIGT,VC202500554
CONT2025008552,EXPORT,NSIGT,VC202500554
CONT2025008553,IMPORT,NSIGT,VC202500554
CONT2025008554,EXPORT,NSIGT,VC202500554
CONT2025008555,EXPORT,NSIGT,VC202500554
CONT2025008556,EXPORT,NSIGT,VC202500554
CONT2025008557,EXPORT,NSIGT,VC202500554
CONT2025008558,EXPORT,NSIGT,VC202500554
CONT2025008559,EXPORT,NSIGT,VC202500554
CONT2025008560,IMPORT,NSIGT,VC202500554
CONT2025008561,EXPORT,NSIGT,VC202500554
CONT2025008562,IMPORT,NSIGT,VC202500554
CONT2025008563,IMPORT,NSIGT,VC202500554
CONT2025008564,IMPORT,NSIGT,VC202500554
CONT2025008565,IMPORT,NSIGT,VC202500554
CONT2025008566,IMPORT,NSIGT,VC202500554
CONT2025008567,IMPORT,NSICT,VC202500555
CONT2025008568,EXPORT,NSICT,VC202500555
CONT2025008569,IMPORT,NSICT,VC202500555
CONT2025008570,IMPORT,NSICT,VC202500555
CONT2025008571,IMPORT,NSICT,VC202500555
CONT2025008572,IMPORT,NSICT,VC202500555
CONT2025008573,IMPORT,NSICT,VC202500555
CONT2025008574,IMPORT,NSICT,VC202500555
CONT2025008575,IMPORT,NSICT,VC202500555
CONT2025008576,EXPORT,NSICT,VC202500555
CONT2025008577,IMPORT,NSICT,VC202500555
CONT2025008578,EXPORT,NSICT,VC202500555
CONT2025008579,IMPORT,NSICT,VC202500555
CONT2025008580,IMPORT,NSICT,VC202500555
CONT2025008581,EXPORT,NSICT,VC202500555
CONT2025008582,EXPORT,NSICT,VC202500555
CONT2025008583,EXPORT,NSICT,VC202500555
CONT2025008584,IMPORT,NSICT,VC202500555
CONT2025008585,EXPORT,NSICT,VC202500555
CONT2025008586,EXPORT,BMCT,VC202500556
CONT2025008587,EXPORT,BMCT,VC202500556
CONT2025008588,IMPORT,BMCT,VC202500556
CONT2025008589,EXPORT,BMCT,VC202500556
CONT2025008590,IMPORT,BMCT,VC202500556
CONT2025008591,IMPORT,BMCT,VC202500556
CONT2025008592,EXPORT,BMCT,VC202500556
CONT2025008593,EXPORT,BMCT,VC202500556
CONT2025008594,IMPORT,BMCT,VC202500556
CONT2025008595,EXPORT,BMCT,VC202500556
CONT2025008596,EXPORT,BMCT,VC202500556
CONT2025008597,EXPORT,BMCT,VC202500556
CONT2025008598,EXPORT,BMCT,VC202500556
CONT2025008599,EXPORT,BMCT,VC202500556
CONT2025008600,EXPORT,BMCT,VC202500556
CONT2025008601,EXPORT,BMCT,VC202500556
CONT2025008602,EXPORT,BMCT,VC202500556
CONT2025008603,IMPORT,BMCT,VC202500556
CONT2025008604,EXPORT,BMCT,VC202500556
CONT2025008605,IMPORT,BMCT,VC202500556
CONT2025008606,EXPORT,BMCT,VC202500556
CONT2025008607,IMPORT,BMCT,VC202500556
CONT2025008608,IMPORT,BMCT,VC202500556
CONT2025008609,EXPORT,BMCT,VC202500556
CONT2025008610,EXPORT,NSFT,VC202500557
CONT2025008611,IMPORT,NSFT,VC202500557
CONT2025008612,EXPORT,NSFT,VC202500557
CONT2025008613,EXPORT,NSFT,VC202500557
CONT2025008614,IMPORT,NSFT,VC202500557
CONT2025008615,EXPORT,NSFT,VC202500557
CONT2025008616,EXPORT,NSFT,VC202500557
CONT2025008617,IMPORT,NSFT,VC202500557
CONT2025008618,IMPORT,NSFT,VC202500557
CONT2025008619,EXPORT,NSFT,VC202500557
CONT2025008620,IMPORT,NSFT,VC202500557
CONT2025008621,IMPORT,NSFT,VC202500557
CONT2025008622,EXPORT,NSFT,VC202500557
CONT2025008623,EXPORT,GTI,VC202500558
CONT2025008624,EXPORT,GTI,VC202500558
CONT2025008625,EXPORT,GTI,VC202500558
CONT2025008626,IMPORT,GTI,VC202500558
CONT2025008627,IMPORT,GTI,VC202500558
CONT2025008628,EXPORT,GTI,VC202500558
CONT2025008629,EXPORT,GTI,VC202500558
CONT2025008630,EXPORT,GTI,VC202500558
CONT2025008631,IMPORT,GTI,VC202500558
CONT2025008632,EXPORT,GTI,VC202500558
CONT2025008633,EXPORT,GTI,VC202500558
CONT2025008634,EXPORT,GTI,VC202500558
CONT2025008635,EXPORT,GTI,VC202500558
CONT2025008636,IMPORT,GTI,VC202500558
CONT2025008637,IMPORT,GTI,VC202500558
CONT2025008638,EXPORT,GTI,VC202500558
CONT2025008639,EXPORT,GTI,VC202500558
CONT2025008640,EXPORT,GTI,VC202500558
CONT2025008641,IMPORT,NSIGT,VC202500559
CONT2025008642,IMPORT,NSIGT,VC202500559
CONT2025008643,EXPORT,NSIGT,VC202500559
CONT2025008644,EXPORT,NSIGT,VC202500559
CONT2025008645,EXPORT,NSIGT,VC202500559
CONT2025008646,EXPORT,NSIGT,VC202500559
CONT2025008647,EXPORT,NSIGT,VC202500559
CONT2025008648,EXPORT,NSIGT,VC202500559
CONT2025008649,EXPORT,NSIGT,VC202500559
CONT2025008650,EXPORT,NSIGT,VC202500559
CONT2025008651,IMPORT,NSIGT,VC202500559
CONT2025008652,IMPORT,NSIGT,VC202500559
CONT2025008653,IMPORT,NSIGT,VC202500559
CONT2025008654,IMPORT,NSIGT,VC202500559
CONT2025008655,IMPORT,GTI,VC202500560
CONT2025008656,IMPORT,GTI,VC202500560
CONT2025008657,EXPORT,GTI,VC202500560
CONT2025008658,EXPORT,GTI,VC202500560
CONT2025008659,EXPORT,GTI,VC202500560
CONT2025008660,EXPORT,GTI,VC202500560
CONT2025008661,IMPORT,GTI,VC202500560
CONT2025008662,IMPORT,GTI,VC202500560
CONT2025008663,IMPORT,GTI,VC202500560
CONT2025008664,EXPORT,GTI,VC202500560
CONT2025008665,EXPORT,GTI,VC202500560
CONT2025008666,IMPORT,GTI,VC202500560
CONT2025008667,IMPORT,GTI,VC202500560
CONT2025008668,EXPORT,GTI,VC202500560
CONT2025008669,IMPORT,GTI,VC202500560
CONT2025008670,IMPORT,GTI,VC202500560
CONT2025008671,IMPORT,GTI,VC202500560
CONT2025008672,EXPORT,GTI,VC202500560
CONT2025008673,IMPORT,GTI,VC202500560
CONT2025008674,EXPORT,GTI,VC202500560
CONT2025008675,IMPORT,GTI,VC202500560
CONT2025008676,EXPORT,GTI,VC202500560
CONT2025008677,EXPORT,NSFT,VC202500561
CONT2025008678,EXPORT,NSFT,VC202500561
CONT2025008679,IMPORT,NSFT,VC202500561
CONT2025008680,IMPORT,NSFT,VC202500561
CONT2025008681,IMPORT,NSFT,VC202500561
CONT2025008682,IMPORT,NSFT,VC202500561
CONT2025008683,IMPORT,NSFT,VC202500561
CONT2025008684,EXPORT,NSICT,VC202500562
CONT2025008685,IMPORT,NSICT,VC202500562
CONT2025008686,EXPORT,NSICT,VC202500562
CONT2025008687,IMPORT,NSICT,VC202500562
CONT2025008688,EXPORT,NSICT,VC202500562
CONT2025008689,EXPORT,NSICT,VC202500562
CONT2025008690,EXPORT,NSICT,VC202500562
CONT2025008691,IMPORT,NSICT,VC202500562
CONT2025008692,EXPORT,NSICT,VC202500562
CONT2025008693,IMPORT,NSICT,VC202500562
CONT2025008694,EXPORT,NSFT,VC202500563
CONT2025008695,IMPORT,NSFT,VC202500563
CONT2025008696,EXPORT,NSFT,VC202500563
CONT2025008697,IMPORT,NSFT,VC202500563
CONT2025008698,IMPORT,NSFT,VC202500563
CONT2025008699,EXPORT,NSFT,VC202500563
CONT2025008700,IMPORT,NSFT,VC202500563
CONT2025008701,EXPORT,NSFT,VC202500563
CONT2025008702,IMPORT,NSFT,VC202500563
CONT2025008703,EXPORT,NSFT,VC202500563
CONT2025008704,IMPORT,NSFT,VC202500563
CONT2025008705,EXPORT,NSFT,VC202500563
CONT2025008706,EXPORT,NSFT,VC202500563
CONT2025008707,EXPORT,NSFT,VC202500563
CONT2025008708,EXPORT,NSFT,VC202500563
CONT2025008709,EXPORT,BMCT,VC202500564
CONT2025008710,IMPORT,BMCT,VC202500564
CONT2025008711,IMPORT,BMCT,VC202500564
CONT2025008712,IMPORT,BMCT,VC202500564
CONT2025008713,EXPORT,BMCT,VC202500564
CONT2025008714,EXPORT,BMCT,VC202500564
CONT2025008715,EXPORT,GTI,VC202500565
CONT2025008716,EXPORT,GTI,VC202500565
CONT2025008717,EXPORT,GTI,VC202500565
CONT2025008718,IMPORT,GTI,VC202500565
CONT2025008719,EXPORT,GTI,VC202500565
CONT2025008720,EXPORT,GTI,VC202500565
CONT2025008721,EXPORT,GTI,VC202500565
CONT2025008722,EXPORT,GTI,VC202500565
CONT2025008723,EXPORT,GTI,VC202500565
CONT2025008724,EXPORT,GTI,VC202500565
CONT2025008725,IMPORT,GTI,VC202500565
CONT2025008726,EXPORT,GTI,VC202500565
CONT2025008727,EXPORT,GTI,VC202500565
CONT2025008728,IMPORT,GTI,VC202500565
CONT2025008729,IMPORT,GTI,VC202500565
CONT2025008730,IMPORT,GTI,VC202500565
CONT2025008731,EXPORT,GTI,VC202500565
CONT2025008732,EXPORT,GTI,VC202500565
CONT2025008733,EXPORT,GTI,VC202500565
CONT2025008734,IMPORT,GTI,VC202500565
CONT2025008735,IMPORT,GTI,VC202500565
CONT2025008736,IMPORT,GTI,VC202500565
CONT2025008737,IMPORT,GTI,VC202500565
CONT2025008738,IMPORT,GTI,VC202500565
CONT2025008739,EXPORT,GTI,VC202500565
CONT2025008740,IMPORT,GTI,VC202500565
CONT2025008741,EXPORT,GTI,VC202500565
CONT2025008742,IMPORT,GTI,VC202500565
CONT2025008743,IMPORT,NSFT,VC202500566
CONT2025008744,EXPORT,NSFT,VC202500566
CONT2025008745,IMPORT,NSFT,VC202500566
CONT2025008746,IMPORT,NSFT,VC202500566
CONT2025008747,EXPORT,NSFT,VC202500566
CONT2025008748,EXPORT,NSFT,VC202500566
CONT2025008749,EXPORT,NSFT,VC202500566
CONT2025008750,EXPORT,NSFT,VC202500566
CONT2025008751,EXPORT,NSFT,VC202500566
CONT2025008752,IMPORT,NSFT,VC202500566
CONT2025008753,IMPORT,NSFT,VC202500566
CONT2025008754,EXPORT,NSFT,VC202500566
CONT2025008755,EXPORT,NSFT,VC202500566
CONT2025008756,EXPORT,NSFT,VC202500566
CONT2025008757,IMPORT,NSFT,VC202500566
CONT2025008758,IMPORT,BMCT,VC202500567
CONT2025008759,EXPORT,BMCT,VC202500567
CONT2025008760,EXPORT,BMCT,VC202500567
CONT2025008761,IMPORT,BMCT,VC202500567
CONT2025008762,EXPORT,BMCT,VC202500567
CONT2025008763,IMPORT,BMCT,VC202500567
CONT2025008764,EXPORT,BMCT,VC202500567
CONT2025008765,IMPORT,BMCT,VC202500567
CONT2025008766,EXPORT,BMCT,VC202500567
CONT2025008767,IMPORT,BMCT,VC202500567
CONT2025008768,IMPORT,BMCT,VC202500567
CONT2025008769,EXPORT,BMCT,VC202500567
CONT2025008770,IMPORT,BMCT,VC202500567
CONT2025008771,EXPORT,BMCT,VC202500567
CONT2025008772,EXPORT,BMCT,VC202500567
CONT2025008773,IMPORT,BMCT,VC202500567
CONT2025008774,EXPORT,BMCT,VC202500567
CONT2025008775,EXPORT,BMCT,VC202500567
CONT2025008776,IMPORT,BMCT,VC202500567
CONT2025008777,EXPORT,BMCT,VC202500567
CONT2025008778,EXPORT,BMCT,VC202500567
CONT2025008779,IMPORT,BMCT,VC202500567
CONT2025008780,EXPORT,BMCT,VC202500567
CONT2025008781,EXPORT,BMCT,VC202500567
CONT2025008782,IMPORT,BMCT,VC202500567
CONT2025008783,EXPORT,BMCT,VC202500567
CONT2025008784,IMPORT,BMCT,VC202500567
CONT2025008785,EXPORT,BMCT,VC202500567
CONT2025008786,IMPORT,BMCT,VC202500567
CONT2025008787,IMPORT,BMCT,VC202500567
CONT2025008788,IMPORT,BMCT,VC202500567
CONT2025008789,EXPORT,BMCT,VC202500567
CONT2025008790,EXPORT,BMCT,VC202500567
CONT2025008791,IMPORT,BMCT,VC202500567
CONT2025008792,EXPORT,BMCT,VC202500567
CONT2025008793,EXPORT,BMCT,VC202500567
CONT2025008794,EXPORT,BMCT,VC202500567
CONT2025008795,IMPORT,BMCT,VC202500567
CONT2025008796,IMPORT,NSIGT,VC202500568
CONT2025008797,EXPORT,NSIGT,VC202500568
CONT2025008798,IMPORT,NSIGT,VC202500568
CONT2025008799,EXPORT,NSIGT,VC202500568
CONT2025008800,IMPORT,NSIGT,VC202500568
CONT2025008801,EXPORT,NSIGT,VC202500568
CONT2025008802,IMPORT,NSIGT,VC202500568
CONT2025008803,EXPORT,NSIGT,VC202500568
CONT2025008804,EXPORT,NSIGT,VC202500568
CONT2025008805,EXPORT,NSIGT,VC202500568
CONT2025008806,IMPORT,NSIGT,VC202500568
CONT2025008807,EXPORT,NSIGT,VC202500568
CONT2025008808,EXPORT,NSIGT,VC202500568
CONT2025008809,IMPORT,NSIGT,VC202500568
CONT2025008810,EXPORT,NSICT,VC202500569
CONT2025008811,IMPORT,NSICT,VC202500569
CONT2025008812,EXPORT,NSICT,VC202500569
CONT2025008813,EXPORT,NSICT,VC202500569
CONT2025008814,IMPORT,NSICT,VC202500569
CONT2025008815,EXPORT,NSICT,VC202500569
CONT2025008816,EXPORT,NSICT,VC202500569
CONT2025008817,EXPORT,BMCT,VC202500570
CONT2025008818,EXPORT,BMCT,VC202500570
CONT2025008819,IMPORT,BMCT,VC202500570
CONT2025008820,IMPORT,BMCT,VC202500570
CONT2025008821,IMPORT,BMCT,VC202500570
CONT2025008822,EXPORT,BMCT,VC202500570
CONT2025008823,EXPORT,BMCT,VC202500570
CONT2025008824,IMPORT,BMCT,VC202500570
CONT2025008825,IMPORT,BMCT,VC202500570
CONT2025008826,EXPORT,BMCT,VC202500570
CONT2025008827,IMPORT,BMCT,VC202500571
CONT2025008828,IMPORT,BMCT,VC202500571
CONT2025008829,IMPORT,BMCT,VC202500571
CONT2025008830,IMPORT,BMCT,VC202500571
CONT2025008831,IMPORT,BMCT,VC202500571
CONT2025008832,EXPORT,BMCT,VC202500571
CONT2025008833,IMPORT,BMCT,VC202500571
CONT2025008834,EXPORT,BMCT,VC202500571
CONT2025008835,IMPORT,BMCT,VC202500571
CONT2025008836,EXPORT,BMCT,VC202500571
CONT2025008837,EXPORT,BMCT,VC202500571
CONT2025008838,IMPORT,BMCT,VC202500571
CONT2025008839,IMPORT,BMCT,VC202500571
CONT2025008840,EXPORT,NSFT,VC202500572
CONT2025008841,IMPORT,NSFT,VC202500572
CONT2025008842,EXPORT,NSFT,VC202500572
CONT2025008843,EXPORT,NSFT,VC202500572
CONT2025008844,EXPORT,NSFT,VC202500572
CONT2025008845,IMPORT,NSFT,VC202500572
CONT2025008846,IMPORT,NSFT,VC202500572
CONT2025008847,EXPORT,NSFT,VC202500572
CONT2025008848,IMPORT,NSFT,VC202500572
CONT2025008849,IMPORT,NSFT,VC202500572
CONT2025008850,IMPORT,NSFT,VC202500572
CONT2025008851,IMPORT,NSFT,VC202500572
CONT2025008852,EXPORT,NSFT,VC202500572
CONT2025008853,IMPORT,NSFT,VC202500572
CONT2025008854,EXPORT,NSFT,VC202500572
CONT2025008855,IMPORT,NSFT,VC202500572
CONT2025008856,EXPORT,NSFT,VC202500572
CONT2025008857,IMPORT,NSFT,VC202500572
CONT2025008858,IMPORT,NSFT,VC202500572
CONT2025008859,IMPORT,NSFT,VC202500572
CONT2025008860,IMPORT,NSFT,VC202500572
CONT2025008861,EXPORT,NSFT,VC202500572
CONT2025008862,EXPORT,NSFT,VC202500572
CONT2025008863,EXPORT,NSFT,VC202500572
CONT2025008864,IMPORT,NSFT,VC202500572
CONT2025008865,EXPORT,NSFT,VC202500572
CONT2025008866,IMPORT,GTI,VC202500573
CONT2025008867,IMPORT,GTI,VC202500573
CONT2025008868,IMPORT,GTI,VC202500573
CONT2025008869,IMPORT,GTI,VC202500573
CONT2025008870,EXPORT,GTI,VC202500573
CONT2025008871,IMPORT,GTI,VC202500573
CONT2025008872,EXPORT,GTI,VC202500573
CONT2025008873,IMPORT,GTI,VC202500573
CONT2025008874,IMPORT,GTI,VC202500573
CONT2025008875,IMPORT,BMCT,VC202500574
CONT2025008876,IMPORT,BMCT,VC202500574
CONT2025008877,EXPORT,BMCT,VC202500574
CONT2025008878,IMPORT,BMCT,VC202500574
CONT2025008879,IMPORT,BMCT,VC202500574
CONT2025008880,IMPORT,BMCT,VC202500574
CONT2025008881,IMPORT,BMCT,VC202500574
CONT2025008882,IMPORT,BMCT,VC202500574
CONT2025008883,IMPORT,BMCT,VC202500574
CONT2025008884,EXPORT,BMCT,VC202500574
CONT2025008885,EXPORT,BMCT,VC202500574
CONT2025008886,EXPORT,BMCT,VC202500574
CONT2025008887,EXPORT,BMCT,VC202500574
CONT2025008888,IMPORT,BMCT,VC202500574
CONT2025008889,IMPORT,BMCT,VC202500574
CONT2025008890,EXPORT,BMCT,VC202500574
CONT2025008891,IMPORT,BMCT,VC202500574
CONT2025008892,EXPORT,BMCT,VC202500574
CONT2025008893,EXPORT,BMCT,VC202500574
CONT2025008894,EXPORT,BMCT,VC202500574
CONT2025008895,EXPORT,BMCT,VC202500574
CONT2025008896,IMPORT,GTI,VC202500575
CONT2025008897,IMPORT,GTI,VC202500575
CONT2025008898,EXPORT,GTI,VC202500575
CONT2025008899,EXPORT,GTI,VC202500575
CONT2025008900,EXPORT,GTI,VC202500575
CONT2025008901,IMPORT,GTI,VC202500575
CONT2025008902,EXPORT,GTI,VC202500575
CONT2025008903,EXPORT,GTI,VC202500575
CONT2025008904,EXPORT,GTI,VC202500575
CONT2025008905,IMPORT,GTI,VC202500575
CONT2025008906,EXPORT,GTI,VC202500575
CONT2025008907,EXPORT,GTI,VC202500575
CONT2025008908,IMPORT,GTI,VC202500575
CONT2025008909,EXPORT,GTI,VC202500575
CONT2025008910,IMPORT,GTI,VC202500575
CONT2025008911,IMPORT,GTI,VC202500575
CONT2025008912,EXPORT,GTI,VC202500575
CONT2025008913,EXPORT,GTI,VC202500575
CONT2025008914,IMPORT,GTI,VC202500575
CONT2025008915,EXPORT,GTI,VC202500575
CONT2025008916,EXPORT,GTI,VC202500575
CONT2025008917,EXPORT,GTI,VC202500575
CONT2025008918,IMPORT,GTI,VC202500575
CONT2025008919,IMPORT,GTI,VC202500575
CONT2025008920,EXPORT,GTI,VC202500575
CONT2025008921,IMPORT,GTI,VC202500575
CONT2025008922,EXPORT,GTI,VC202500575
CONT2025008923,EXPORT,GTI,VC202500575
CONT2025008924,EXPORT,GTI,VC202500575
CONT2025008925,EXPORT,GTI,VC202500575
CONT2025008926,IMPORT,GTI,VC202500575
CONT2025008927,IMPORT,GTI,VC202500575
CONT2025008928,IMPORT,GTI,VC202500575
CONT2025008929,IMPORT,GTI,VC202500575
CONT2025008930,IMPORT,GTI,VC202500575
CONT2025008931,EXPORT,GTI,VC202500575
CONT2025008932,EXPORT,GTI,VC202500575
CONT2025008933,IMPORT,GTI,VC202500575
CONT2025008934,IMPORT,GTI,VC202500575
CONT2025008935,IMPORT,NSICT,VC202500576
CONT2025008936,IMPORT,NSICT,VC202500576
CONT2025008937,IMPORT,NSICT,VC202500576
CONT2025008938,IMPORT,NSICT,VC202500576
CONT2025008939,IMPORT,NSICT,VC202500576
CONT2025008940,IMPORT,NSICT,VC202500576
CONT2025008941,IMPORT,NSICT,VC202500577
CONT2025008942,IMPORT,NSICT,VC202500577
CONT2025008943,EXPORT,NSICT,VC202500577
CONT2025008944,EXPORT,NSICT,VC202500577
CONT2025008945,IMPORT,NSICT,VC202500577
CONT2025008946,EXPORT,NSICT,VC202500577
CONT2025008947,EXPORT,NSICT,VC202500577
CONT2025008948,EXPORT,NSICT,VC202500577
CONT2025008949,EXPORT,NSICT,VC202500577
CONT2025008950,IMPORT,NSICT,VC202500577
CONT2025008951,IMPORT,NSICT,VC202500577
CONT2025008952,IMPORT,NSICT,VC202500577
CONT2025008953,EXPORT,NSICT,VC202500577
CONT2025008954,IMPORT,NSICT,VC202500577
CONT2025008955,IMPORT,NSICT,VC202500577
CONT2025008956,IMPORT,NSICT,VC202500577
CONT2025008957,EXPORT,NSICT,VC202500577
CONT2025008958,EXPORT,NSICT,VC202500577
CONT2025008959,EXPORT,NSFT,VC202500578
CONT2025008960,IMPORT,NSFT,VC202500578
CONT2025008961,IMPORT,NSFT,VC202500578
CONT2025008962,IMPORT,NSFT,VC202500578
CONT2025008963,EXPORT,NSFT,VC202500578
CONT2025008964,IMPORT,NSFT,VC202500578
CONT2025008965,IMPORT,NSFT,VC202500578
CONT2025008966,IMPORT,NSFT,VC202500578
CONT2025008967,IMPORT,NSFT,VC202500578
CONT2025008968,EXPORT,NSFT,VC202500578
CONT2025008969,EXPORT,NSFT,VC202500578
CONT2025008970,IMPORT,NSFT,VC202500578
CONT2025008971,EXPORT,NSFT,VC202500578
CONT2025008972,EXPORT,NSFT,VC202500578
CONT2025008973,EXPORT,BMCT,VC202500579
CONT2025008974,EXPORT,BMCT,VC202500579
CONT2025008975,IMPORT,BMCT,VC202500579
CONT2025008976,IMPORT,BMCT,VC202500579
CONT2025008977,EXPORT,BMCT,VC202500579
CONT2025008978,IMPORT,BMCT,VC202500579
CONT2025008979,EXPORT,BMCT,VC202500579
CONT2025008980,EXPORT,BMCT,VC202500579
CONT2025008981,EXPORT,BMCT,VC202500579
CONT2025008982,IMPORT,BMCT,VC202500579
CONT2025008983,EXPORT,BMCT,VC202500579
CONT2025008984,IMPORT,BMCT,VC202500579
CONT2025008985,EXPORT,BMCT,VC202500579
CONT2025008986,IMPORT,BMCT,VC202500579
CONT2025008987,EXPORT,BMCT,VC202500579
CONT2025008988,EXPORT,BMCT,VC202500579
CONT2025008989,IMPORT,BMCT,VC202500579
CONT2025008990,EXPORT,BMCT,VC202500579
CONT2025008991,EXPORT,BMCT,VC202500579
CONT2025008992,IMPORT,BMCT,VC202500579
CONT2025008993,EXPORT,BMCT,VC202500579
CONT2025008994,IMPORT,BMCT,VC202500579
CONT2025008995,EXPORT,BMCT,VC202500579
CONT2025008996,EXPORT,BMCT,VC202500579
CONT2025008997,EXPORT,BMCT,VC202500579
CONT2025008998,IMPORT,BMCT,VC202500579
CONT2025008999,EXPORT,BMCT,VC202500579
CONT2025009000,IMPORT,BMCT,VC202500579
CONT2025009001,IMPORT,BMCT,VC202500579
CONT2025009002,EXPORT,BMCT,VC202500579
CONT2025009003,IMPORT,BMCT,VC202500579
CONT2025009004,EXPORT,BMCT,VC202500579
CONT2025009005,IMPORT,BMCT,VC202500579
CONT2025009006,IMPORT,GTI,VC202500580
CONT2025009007,EXPORT,GTI,VC202500580
CONT2025009008,EXPORT,GTI,VC202500580
CONT2025009009,IMPORT,GTI,VC202500580
CONT2025009010,IMPORT,GTI,VC202500580
CONT2025009011,EXPORT,GTI,VC202500580
CONT2025009012,IMPORT,GTI,VC202500580
CONT2025009013,IMPORT,GTI,VC202500580
CONT2025009014,IMPORT,GTI,VC202500580
CONT2025009015,IMPORT,GTI,VC202500580
CONT2025009016,EXPORT,GTI,VC202500580
CONT2025009017,EXPORT,GTI,VC202500580
CONT2025009018,IMPORT,GTI,VC202500580
CONT2025009019,EXPORT,NSICT,VC202500581
CONT2025009020,EXPORT,NSICT,VC202500581
CONT2025009021,IMPORT,NSICT,VC202500581
CONT2025009022,EXPORT,NSICT,VC202500581
CONT2025009023,IMPORT,NSICT,VC202500581
CONT2025009024,IMPORT,NSICT,VC202500581
CONT2025009025,IMPORT,NSICT,VC202500581
CONT2025009026,IMPORT,NSICT,VC202500581
CONT2025009027,IMPORT,NSICT,VC202500581
CONT2025009028,EXPORT,NSICT,VC202500581
CONT2025009029,IMPORT,NSICT,VC202500581
CONT2025009030,IMPORT,NSICT,VC202500581
CONT2025009031,EXPORT,NSIGT,VC202500582
CONT2025009032,EXPORT,NSIGT,VC202500582
CONT2025009033,EXPORT,NSIGT,VC202500582
CONT2025009034,IMPORT,NSIGT,VC202500582
CONT2025009035,IMPORT,NSIGT,VC202500582
CONT2025009036,EXPORT,NSIGT,VC202500582
CONT2025009037,IMPORT,NSIGT,VC202500582
CONT2025009038,IMPORT,NSIGT,VC202500582
CONT2025009039,IMPORT,NSIGT,VC202500582
CONT2025009040,EXPORT,NSIGT,VC202500582
CONT2025009041,IMPORT,NSIGT,VC202500582
CONT2025009042,EXPORT,NSIGT,VC202500582
CONT2025009043,EXPORT,NSIGT,VC202500582
CONT2025009044,IMPORT,NSIGT,VC202500582
CONT2025009045,IMPORT,NSIGT,VC202500582
CONT2025009046,IMPORT,BMCT,VC202500583
CONT2025009047,EXPORT,BMCT,VC202500583
CONT2025009048,IMPORT,BMCT,VC202500583
CONT2025009049,EXPORT,BMCT,VC202500583
CONT2025009050,IMPORT,BMCT,VC202500583
CONT2025009051,IMPORT,BMCT,VC202500583
CONT2025009052,EXPORT,BMCT,VC202500583
CONT2025009053,EXPORT,BMCT,VC202500583
CONT2025009054,EXPORT,GTI,VC202500584
CONT2025009055,IMPORT,GTI,VC202500584
CONT2025009056,IMPORT,GTI,VC202500584
CONT2025009057,EXPORT,GTI,VC202500584
CONT2025009058,EXPORT,GTI,VC202500584
CONT2025009059,EXPORT,GTI,VC202500584
CONT2025009060,IMPORT,GTI,VC202500584
CONT2025009061,IMPORT,GTI,VC202500584
CONT2025009062,EXPORT,GTI,VC202500584
CONT2025009063,EXPORT,GTI,VC202500584
CONT2025009064,IMPORT,GTI,VC202500584
CONT2025009065,EXPORT,GTI,VC202500584
CONT2025009066,IMPORT,GTI,VC202500584
CONT2025009067,EXPORT,GTI,VC202500584
CONT2025009068,IMPORT,GTI,VC202500584
CONT2025009069,EXPORT,GTI,VC202500584
CONT2025009070,EXPORT,NSFT,VC202500585
CONT2025009071,IMPORT,NSFT,VC202500585
CONT2025009072,EXPORT,NSFT,VC202500585
CONT2025009073,EXPORT,NSFT,VC202500585
CONT2025009074,EXPORT,NSFT,VC202500585
CONT2025009075,EXPORT,NSFT,VC202500585
CONT2025009076,EXPORT,NSFT,VC202500585
CONT2025009077,IMPORT,NSFT,VC202500585
CONT2025009078,EXPORT,NSFT,VC202500585
CONT2025009079,IMPORT,NSFT,VC202500585
CONT2025009080,IMPORT,NSFT,VC202500585
CONT2025009081,EXPORT,NSFT,VC202500585
CONT2025009082,EXPORT,NSFT,VC202500585
CONT2025009083,EXPORT,NSFT,VC202500585
CONT2025009084,IMPORT,NSFT,VC202500585
CONT2025009085,EXPORT,NSFT,VC202500585
CONT2025009086,IMPORT,NSFT,VC202500585
CONT2025009087,IMPORT,NSFT,VC202500586
CONT2025009088,EXPORT,NSFT,VC202500586
CONT2025009089,IMPORT,NSFT,VC202500586
CONT2025009090,EXPORT,NSFT,VC202500586
CONT2025009091,EXPORT,NSFT,VC202500586
CONT2025009092,EXPORT,NSFT,VC202500586
CONT2025009093,EXPORT,NSFT,VC202500586
CONT2025009094,IMPORT,NSFT,VC202500586
CONT2025009095,EXPORT,NSFT,VC202500586
CONT2025009096,EXPORT,NSFT,VC202500586
CONT2025009097,IMPORT,NSFT,VC202500586
CONT2025009098,EXPORT,NSFT,VC202500586
CONT2025009099,IMPORT,NSFT,VC202500586
CONT2025009100,IMPORT,NSFT,VC202500586
CONT2025009101,IMPORT,NSFT,VC202500586
CONT2025009102,EXPORT,NSFT,VC202500586
CONT2025009103,EXPORT,NSFT,VC202500586
CONT2025009104,IMPORT,NSFT,VC202500586
CONT2025009105,IMPORT,NSFT,VC202500586
CONT2025009106,IMPORT,NSFT,VC202500586
CONT2025009107,IMPORT,GTI,VC202500587
CONT2025009108,IMPORT,GTI,VC202500587
CONT2025009109,IMPORT,GTI,VC202500587
CONT2025009110,IMPORT,GTI,VC202500587
CONT2025009111,IMPORT,GTI,VC202500587
CONT2025009112,IMPORT,GTI,VC202500587
CONT2025009113,IMPORT,GTI,VC202500587
CONT2025009114,IMPORT,GTI,VC202500587
CONT2025009115,EXPORT,BMCT,VC202500588
CONT2025009116,IMPORT,BMCT,VC202500588
CONT2025009117,EXPORT,BMCT,VC202500588
CONT2025009118,EXPORT,BMCT,VC202500588
CONT2025009119,EXPORT,BMCT,VC202500588
CONT2025009120,EXPORT,BMCT,VC202500588
CONT2025009121,EXPORT,BMCT,VC202500588
CONT2025009122,IMPORT,BMCT,VC202500588
CONT2025009123,EXPORT,BMCT,VC202500588
CONT2025009124,IMPORT,BMCT,VC202500588
CONT2025009125,EXPORT,BMCT,VC202500588
CONT2025009126,EXPORT,GTI,VC202500589
CONT2025009127,IMPORT,GTI,VC202500589
CONT2025009128,EXPORT,GTI,VC202500589
CONT2025009129,EXPORT,GTI,VC202500589
CONT2025009130,IMPORT,GTI,VC202500589
CONT2025009131,IMPORT,GTI,VC202500589
CONT2025009132,EXPORT,GTI,VC202500589
CONT2025009133,EXPORT,GTI,VC202500589
CONT2025009134,EXPORT,GTI,VC202500589
CONT2025009135,EXPORT,GTI,VC202500589
CONT2025009136,IMPORT,GTI,VC202500589
CONT2025009137,IMPORT,GTI,VC202500589
CONT2025009138,IMPORT,NSIGT,VC202500590
CONT2025009139,EXPORT,NSIGT,VC202500590
CONT2025009140,IMPORT,NSIGT,VC202500590
CONT2025009141,EXPORT,NSIGT,VC202500590
CONT2025009142,EXPORT,NSIGT,VC202500590
CONT2025009143,EXPORT,NSIGT,VC202500590
CONT2025009144,IMPORT,NSIGT,VC202500590
CONT2025009145,IMPORT,NSIGT,VC202500590
CONT2025009146,IMPORT,NSIGT,VC202500590
CONT2025009147,IMPORT,NSIGT,VC202500590
CONT2025009148,IMPORT,GTI,VC202500591
CONT2025009149,EXPORT,GTI,VC202500591
CONT2025009150,IMPORT,GTI,VC202500591
CONT2025009151,IMPORT,GTI,VC202500591
CONT2025009152,IMPORT,GTI,VC202500591
CONT2025009153,IMPORT,GTI,VC202500591
CONT2025009154,EXPORT,GTI,VC202500591
CONT2025009155,EXPORT,GTI,VC202500592
CONT2025009156,EXPORT,GTI,VC202500592
CONT2025009157,EXPORT,GTI,VC202500592
CONT2025009158,IMPORT,GTI,VC202500592
CONT2025009159,IMPORT,GTI,VC202500592
CONT2025009160,IMPORT,GTI,VC202500592
CONT2025009161,EXPORT,GTI,VC202500592
CONT2025009162,EXPORT,GTI,VC202500592
CONT2025009163,IMPORT,GTI,VC202500592
CONT2025009164,EXPORT,GTI,VC202500592
CONT2025009165,EXPORT,GTI,VC202500592
CONT2025009166,EXPORT,GTI,VC202500592
CONT2025009167,EXPORT,NSIGT,VC202500593
CONT2025009168,EXPORT,NSIGT,VC202500593
CONT2025009169,IMPORT,NSIGT,VC202500593
CONT2025009170,EXPORT,NSIGT,VC202500593
CONT2025009171,EXPORT,NSIGT,VC202500593
CONT2025009172,IMPORT,NSIGT,VC202500593
CONT2025009173,EXPORT,NSIGT,VC202500593
CONT2025009174,IMPORT,NSIGT,VC202500593
CONT2025009175,IMPORT,NSFT,VC202500594
CONT2025009176,EXPORT,NSFT,VC202500594
CONT2025009177,EXPORT,NSFT,VC202500594
CONT2025009178,IMPORT,NSFT,VC202500594
CONT2025009179,IMPORT,NSFT,VC202500594
CONT2025009180,EXPORT,NSFT,VC202500594
CONT2025009181,EXPORT,NSFT,VC202500594
CONT2025009182,IMPORT,NSFT,VC202500594
CONT2025009183,IMPORT,NSFT,VC202500594
CONT2025009184,EXPORT,NSFT,VC202500594
CONT2025009185,IMPORT,NSFT,VC202500594
CONT2025009186,IMPORT,NSFT,VC202500594
CONT2025009187,IMPORT,NSFT,VC202500594
CONT2025009188,IMPORT,NSFT,VC202500594
CONT2025009189,IMPORT,NSFT,VC202500594
CONT2025009190,IMPORT,NSFT,VC202500594
CONT2025009191,EXPORT,NSFT,VC202500594
CONT2025009192,EXPORT,NSFT,VC202500594
CONT2025009193,IMPORT,NSFT,VC202500594
CONT2025009194,IMPORT,NSFT,VC202500594
CONT2025009195,EXPORT,NSFT,VC202500594
CONT2025009196,EXPORT,NSFT,VC202500594
CONT2025009197,IMPORT,NSFT,VC202500595
CONT2025009198,EXPORT,NSFT,VC202500595
CONT2025009199,EXPORT,NSFT,VC202500595
CONT2025009200,EXPORT,NSFT,VC202500595
CONT2025009201,EXPORT,NSFT,VC202500595
CONT2025009202,EXPORT,NSFT,VC202500595
CONT2025009203,IMPORT,NSFT,VC202500595
CONT2025009204,IMPORT,NSFT,VC202500595
CONT2025009205,IMPORT,NSFT,VC202500595
CONT2025009206,IMPORT,NSFT,VC202500595
CONT2025009207,IMPORT,NSFT,VC202500595
CONT2025009208,EXPORT,NSFT,VC202500595
CONT2025009209,EXPORT,NSFT,VC202500595
CONT2025009210,EXPORT,NSFT,VC202500595
CONT2025009211,IMPORT,NSFT,VC202500595
CONT2025009212,EXPORT,NSFT,VC202500595
CONT2025009213,EXPORT,NSFT,VC202500595
CONT2025009214,IMPORT,BMCT,VC202500596
CONT2025009215,EXPORT,BMCT,VC202500596
CONT2025009216,IMPORT,BMCT,VC202500596
CONT2025009217,IMPORT,BMCT,VC202500596
CONT2025009218,IMPORT,BMCT,VC202500596
CONT2025009219,EXPORT,BMCT,VC202500596
CONT2025009220,EXPORT,BMCT,VC202500596
CONT2025009221,IMPORT,BMCT,VC202500596
CONT2025009222,IMPORT,BMCT,VC202500596
CONT2025009223,IMPORT,BMCT,VC202500596
CONT2025009224,EXPORT,BMCT,VC202500596
CONT2025009225,IMPORT,BMCT,VC202500596
CONT2025009226,EXPORT,NSIGT,VC202500597
CONT2025009227,EXPORT,NSIGT,VC202500597
CONT2025009228,EXPORT,NSIGT,VC202500597
CONT2025009229,EXPORT,NSIGT,VC202500597
CONT2025009230,IMPORT,NSIGT,VC202500597
CONT2025009231,EXPORT,NSIGT,VC202500597
CONT2025009232,IMPORT,NSIGT,VC202500597
CONT2025009233,EXPORT,NSIGT,VC202500597
CONT2025009234,IMPORT,NSIGT,VC202500597
CONT2025009235,EXPORT,NSIGT,VC202500597
CONT2025009236,EXPORT,NSIGT,VC202500597
CONT2025009237,EXPORT,NSIGT,VC202500597
CONT2025009238,IMPORT,NSIGT,VC202500597
CONT2025009239,IMPORT,NSIGT,VC202500597
CONT2025009240,EXPORT,NSIGT,VC202500597
CONT2025009241,IMPORT,NSIGT,VC202500597
CONT2025009242,EXPORT,NSIGT,VC202500597
CONT2025009243,EXPORT,NSICT,VC202500598
CONT2025009244,IMPORT,NSICT,VC202500598
CONT2025009245,IMPORT,NSICT,VC202500598
CONT2025009246,IMPORT,NSICT,VC202500598
CONT2025009247,EXPORT,NSICT,VC202500598
CONT2025009248,EXPORT,NSICT,VC202500598
CONT2025009249,IMPORT,NSICT,VC202500598
CONT2025009250,IMPORT,NSICT,VC202500598
CONT2025009251,EXPORT,NSICT,VC202500598
CONT2025009252,EXPORT,NSICT,VC202500598
CONT2025009253,IMPORT,NSICT,VC202500598
CONT2025009254,EXPORT,NSICT,VC202500598
CONT2025009255,IMPORT,NSICT,VC202500598
CONT2025009256,EXPORT,NSICT,VC202500598
CONT2025009257,IMPORT,NSICT,VC202500598
CONT2025009258,IMPORT,NSICT,VC202500598
CONT2025009259,EXPORT,NSICT,VC202500598
CONT2025009260,EXPORT,NSICT,VC202500598
CONT2025009261,IMPORT,NSICT,VC202500598
CONT2025009262,IMPORT,NSICT,VC202500598
CONT2025009263,EXPORT,NSICT,VC202500598
CONT2025009264,IMPORT,NSICT,VC202500598
CONT2025009265,EXPORT,NSICT,VC202500598
CONT2025009266,EXPORT,NSICT,VC202500598
CONT2025009267,IMPORT,NSICT,VC202500598
CONT2025009268,EXPORT,NSICT,VC202500598
CONT2025009269,EXPORT,NSICT,VC202500598
CONT2025009270,EXPORT,NSICT,VC202500598
CONT2025009271,IMPORT,NSIGT,VC202500599
CONT2025009272,IMPORT,NSIGT,VC202500599
CONT2025009273,IMPORT,NSIGT,VC202500599
CONT2025009274,IMPORT,NSIGT,VC202500599
CONT2025009275,IMPORT,NSIGT,VC202500599
CONT2025009276,IMPORT,NSIGT,VC202500599
CONT2025009277,IMPORT,NSIGT,VC202500599
CONT2025009278,IMPORT,NSIGT,VC202500599
CONT2025009279,IMPORT,NSIGT,VC202500599
CONT2025009280,IMPORT,NSIGT,VC202500599
CONT2025009281,IMPORT,NSIGT,VC202500599
CONT2025009282,EXPORT,NSIGT,VC202500599
CONT2025009283,EXPORT,NSIGT,VC202500599
CONT2025009284,EXPORT,NSIGT,VC202500599
CONT2025009285,IMPORT,NSIGT,VC202500599
CONT2025009286,IMPORT,NSIGT,VC202500599
CONT2025009287,IMPORT,NSIGT,VC202500599
CONT2025009288,IMPORT,NSIGT,VC202500599
CONT2025009289,IMPORT,NSIGT,VC202500599
CONT2025009290,EXPORT,NSIGT,VC202500599
CONT2025009291,IMPORT,NSIGT,VC202500599
CONT2025009292,IMPORT,NSIGT,VC202500599
CONT2025009293,EXPORT,NSIGT,VC202500599
CONT2025009294,IMPORT,NSIGT,VC202500599
CONT2025009295,EXPORT,NSIGT,VC202500600
CONT2025009296,EXPORT,NSIGT,VC202500600
CONT2025009297,IMPORT,NSIGT,VC202500600
CONT2025009298,EXPORT,NSIGT,VC202500600
CONT2025009299,EXPORT,NSIGT,VC202500600
CONT2025009300,IMPORT,NSIGT,VC202500600
CONT2025009301,IMPORT,NSIGT,VC202500600
CONT2025009302,EXPORT,NSIGT,VC202500600
CONT2025009303,IMPORT,NSICT,VC202500601
CONT2025009304,EXPORT,NSICT,VC202500601
CONT2025009305,EXPORT,NSICT,VC202500601
CONT2025009306,EXPORT,NSICT,VC202500601
CONT2025009307,IMPORT,NSICT,VC202500601
CONT2025009308,IMPORT,NSICT,VC202500601
CONT2025009309,IMPORT,NSICT,VC202500601
CONT2025009310,IMPORT,NSICT,VC202500601
CONT2025009311,IMPORT,NSICT,VC202500601
CONT2025009312,EXPORT,NSICT,VC202500601
CONT2025009313,IMPORT,NSICT,VC202500601
CONT2025009314,EXPORT,NSICT,VC202500601
CONT2025009315,IMPORT,NSICT,VC202500601
CONT2025009316,EXPORT,NSICT,VC202500601
CONT2025009317,EXPORT,NSICT,VC202500601
CONT2025009318,EXPORT,NSICT,VC202500601
CONT2025009319,IMPORT,NSICT,VC202500601
CONT2025009320,EXPORT,NSICT,VC202500601
CONT2025009321,IMPORT,NSICT,VC202500601
CONT2025009322,IMPORT,NSICT,VC202500601
CONT2025009323,IMPORT,NSICT,VC202500601
CONT2025009324,IMPORT,NSICT,VC202500601
CONT2025009325,EXPORT,NSICT,VC202500601
CONT2025009326,IMPORT,NSICT,VC202500601
CONT2025009327,EXPORT,NSICT,VC202500601
CONT2025009328,IMPORT,NSICT,VC202500601
CONT2025009329,EXPORT,NSICT,VC202500601
CONT2025009330,IMPORT,NSICT,VC202500601
CONT2025009331,EXPORT,NSICT,VC202500601
CONT2025009332,EXPORT,NSICT,VC202500601
CONT2025009333,EXPORT,NSICT,VC202500601
CONT2025009334,EXPORT,NSICT,VC202500601
CONT2025009335,IMPORT,NSICT,VC202500601
CONT2025009336,IMPORT,NSICT,VC202500601
CONT2025009337,EXPORT,NSICT,VC202500601
CONT2025009338,EXPORT,NSICT,VC202500601
CONT2025009339,IMPORT,NSICT,VC202500601
CONT2025009340,EXPORT,NSICT,VC202500601
CONT2025009341,EXPORT,NSICT,VC202500601
CONT2025009342,EXPORT,NSICT,VC202500601
CONT2025009343,IMPORT,NSFT,VC202500602
CONT2025009344,IMPORT,NSFT,VC202500602
CONT2025009345,IMPORT,NSFT,VC202500602
CONT2025009346,EXPORT,NSFT,VC202500602
CONT2025009347,EXPORT,NSFT,VC202500602
CONT2025009348,IMPORT,NSFT,VC202500602
CONT2025009349,IMPORT,NSFT,VC202500602
CONT2025009350,IMPORT,NSFT,VC202500602
CONT2025009351,IMPORT,NSFT,VC202500602
CONT2025009352,IMPORT,NSFT,VC202500602
CONT2025009353,IMPORT,NSFT,VC202500602
CONT2025009354,EXPORT,NSFT,VC202500602
CONT2025009355,IMPORT,NSFT,VC202500602
CONT2025009356,IMPORT,NSFT,VC202500602
CONT2025009357,EXPORT,NSFT,VC202500602
CONT2025009358,EXPORT,NSFT,VC202500602
CONT2025009359,IMPORT,NSFT,VC202500602
CONT2025009360,EXPORT,NSFT,VC202500602
CONT2025009361,IMPORT,NSFT,VC202500602
CONT2025009362,EXPORT,NSFT,VC202500602
CONT2025009363,IMPORT,NSFT,VC202500602
CONT2025009364,IMPORT,NSFT,VC202500602
CONT2025009365,IMPORT,NSFT,VC202500602
CONT2025009366,EXPORT,NSFT,VC202500602
CONT2025009367,EXPORT,NSFT,VC202500602
CONT2025009368,IMPORT,NSICT,VC202500603
CONT2025009369,IMPORT,NSICT,VC202500603
CONT2025009370,IMPORT,NSICT,VC202500603
CONT2025009371,IMPORT,NSICT,VC202500603
CONT2025009372,EXPORT,NSICT,VC202500603
CONT2025009373,IMPORT,NSICT,VC202500603
CONT2025009374,EXPORT,NSICT,VC202500603
CONT2025009375,IMPORT,NSICT,VC202500603
CONT2025009376,EXPORT,NSICT,VC202500603
CONT2025009377,IMPORT,NSICT,VC202500603
CONT2025009378,EXPORT,NSICT,VC202500603
CONT2025009379,IMPORT,NSICT,VC202500603
CONT2025009380,IMPORT,NSICT,VC202500603
CONT2025009381,EXPORT,NSICT,VC202500604
CONT2025009382,IMPORT,NSICT,VC202500604
CONT2025009383,IMPORT,NSICT,VC202500604
CONT2025009384,EXPORT,NSICT,VC202500604
CONT2025009385,IMPORT,NSICT,VC202500604
CONT2025009386,IMPORT,NSICT,VC202500604
CONT2025009387,EXPORT,NSICT,VC202500604
CONT2025009388,IMPORT,NSICT,VC202500604
CONT2025009389,EXPORT,NSICT,VC202500604
CONT2025009390,EXPORT,NSFT,VC202500605
CONT2025009391,EXPORT,NSFT,VC202500605
CONT2025009392,IMPORT,NSFT,VC202500605
CONT2025009393,IMPORT,NSFT,VC202500605
CONT2025009394,IMPORT,NSFT,VC202500605
CONT2025009395,EXPORT,NSFT,VC202500605
CONT2025009396,IMPORT,NSFT,VC202500605
CONT2025009397,EXPORT,NSFT,VC202500605
CONT2025009398,IMPORT,NSFT,VC202500605
CONT2025009399,EXPORT,NSFT,VC202500605
CONT2025009400,EXPORT,NSFT,VC202500605
CONT2025009401,EXPORT,NSFT,VC202500605
CONT2025009402,IMPORT,NSFT,VC202500605
CONT2025009403,IMPORT,NSFT,VC202500605
CONT2025009404,EXPORT,NSFT,VC202500605
CONT2025009405,IMPORT,NSFT,VC202500605
CONT2025009406,EXPORT,NSFT,VC202500605
CONT2025009407,EXPORT,NSFT,VC202500605
CONT2025009408,EXPORT,NSFT,VC202500605
CONT2025009409,IMPORT,NSFT,VC202500605
CONT2025009410,IMPORT,NSFT,VC202500605
CONT2025009411,IMPORT,NSFT,VC202500605
CONT2025009412,EXPORT,NSFT,VC202500605
CONT2025009413,EXPORT,NSFT,VC202500605
CONT2025009414,EXPORT,NSFT,VC202500605
CONT2025009415,IMPORT,NSFT,VC202500605
CONT2025009416,IMPORT,NSFT,VC202500605
CONT2025009417,EXPORT,NSFT,VC202500605
CONT2025009418,IMPORT,NSFT,VC202500605
CONT2025009419,EXPORT,NSFT,VC202500605
CONT2025009420,EXPORT,NSFT,VC202500605
CONT2025009421,EXPORT,NSFT,VC202500605
CONT2025009422,IMPORT,NSFT,VC202500605
CONT2025009423,EXPORT,BMCT,VC202500606
CONT2025009424,IMPORT,BMCT,VC202500606
CONT2025009425,IMPORT,BMCT,VC202500606
CONT2025009426,EXPORT,BMCT,VC202500606
CONT2025009427,EXPORT,BMCT,VC202500606
CONT2025009428,EXPORT,BMCT,VC202500606
CONT2025009429,IMPORT,BMCT,VC202500606
CONT2025009430,EXPORT,NSICT,VC202500607
CONT2025009431,EXPORT,NSICT,VC202500607
CONT2025009432,IMPORT,NSICT,VC202500607
CONT2025009433,EXPORT,NSICT,VC202500607
CONT2025009434,IMPORT,NSICT,VC202500607
CONT2025009435,EXPORT,NSICT,VC202500607
CONT2025009436,IMPORT,NSICT,VC202500607
CONT2025009437,IMPORT,NSICT,VC202500607
CONT2025009438,EXPORT,NSICT,VC202500607
CONT2025009439,IMPORT,NSICT,VC202500607
CONT2025009440,IMPORT,NSICT,VC202500607
CONT2025009441,EXPORT,NSICT,VC202500607
CONT2025009442,IMPORT,NSICT,VC202500607
CONT2025009443,IMPORT,NSICT,VC202500607
CONT2025009444,EXPORT,NSICT,VC202500607
CONT2025009445,EXPORT,NSICT,VC202500607
CONT2025009446,IMPORT,NSICT,VC202500607
CONT2025009447,EXPORT,NSICT,VC202500607
CONT2025009448,EXPORT,NSICT,VC202500607
CONT2025009449,IMPORT,NSICT,VC202500607
CONT2025009450,IMPORT,NSICT,VC202500608
CONT2025009451,IMPORT,NSICT,VC202500608
CONT2025009452,IMPORT,NSICT,VC202500608
CONT2025009453,EXPORT,NSICT,VC202500608
CONT2025009454,IMPORT,NSICT,VC202500608
CONT2025009455,EXPORT,NSICT,VC202500608
CONT2025009456,IMPORT,NSICT,VC202500608
CONT2025009457,EXPORT,NSICT,VC202500608
CONT2025009458,IMPORT,NSICT,VC202500608
CONT2025009459,EXPORT,NSICT,VC202500608
CONT2025009460,IMPORT,NSICT,VC202500608
CONT2025009461,EXPORT,NSICT,VC202500608
CONT2025009462,EXPORT,NSICT,VC202500608
CONT2025009463,EXPORT,NSICT,VC202500608
CONT2025009464,IMPORT,NSICT,VC202500608
CONT2025009465,IMPORT,NSICT,VC202500608
CONT2025009466,IMPORT,NSICT,VC202500608
CONT2025009467,EXPORT,NSICT,VC202500608
CONT2025009468,EXPORT,NSICT,VC202500608
CONT2025009469,EXPORT,NSICT,VC202500608
CONT2025009470,IMPORT,NSICT,VC202500608
CONT2025009471,EXPORT,NSICT,VC202500608
CONT2025009472,IMPORT,NSICT,VC202500608
CONT2025009473,EXPORT,NSICT,VC202500608
CONT2025009474,IMPORT,NSICT,VC202500608
CONT2025009475,IMPORT,NSICT,VC202500608
CONT2025009476,IMPORT,NSICT,VC202500608
CONT2025009477,IMPORT,NSICT,VC202500608
CONT2025009478,IMPORT,GTI,VC202500609
CONT2025009479,IMPORT,GTI,VC202500609
CONT2025009480,EXPORT,GTI,VC202500609
CONT2025009481,IMPORT,GTI,VC202500609
CONT2025009482,IMPORT,GTI,VC202500609
CONT2025009483,EXPORT,GTI,VC202500609
CONT2025009484,IMPORT,GTI,VC202500609
CONT2025009485,EXPORT,GTI,VC202500609
CONT2025009486,EXPORT,GTI,VC202500609
CONT2025009487,EXPORT,GTI,VC202500609
CONT2025009488,EXPORT,GTI,VC202500609
CONT2025009489,EXPORT,GTI,VC202500609
CONT2025009490,EXPORT,GTI,VC202500609
CONT2025009491,EXPORT,NSICT,VC202500610
CONT2025009492,IMPORT,NSICT,VC202500610
CONT2025009493,EXPORT,NSICT,VC202500610
CONT2025009494,EXPORT,NSICT,VC202500610
CONT2025009495,EXPORT,NSICT,VC202500610
CONT2025009496,IMPORT,NSICT,VC202500610
CONT2025009497,IMPORT,NSICT,VC202500610
CONT2025009498,IMPORT,NSICT,VC202500610
CONT2025009499,IMPORT,NSICT,VC202500610
CONT2025009500,EXPORT,NSFT,VC202500611
CONT2025009501,EXPORT,NSFT,VC202500611
CONT2025009502,EXPORT,NSFT,VC202500611
CONT2025009503,EXPORT,NSFT,VC202500611
CONT2025009504,EXPORT,NSFT,VC202500611
CONT2025009505,EXPORT,NSFT,VC202500611
CONT2025009506,EXPORT,NSFT,VC202500611
CONT2025009507,EXPORT,NSFT,VC202500611
CONT2025009508,IMPORT,NSFT,VC202500611
CONT2025009509,IMPORT,NSFT,VC202500611
CONT2025009510,EXPORT,NSFT,VC202500611
CONT2025009511,EXPORT,NSFT,VC202500611
CONT2025009512,EXPORT,NSFT,VC202500611
CONT2025009513,IMPORT,NSFT,VC202500611
CONT2025009514,IMPORT,NSIGT,VC202500612
CONT2025009515,EXPORT,NSIGT,VC202500612
CONT2025009516,EXPORT,NSIGT,VC202500612
CONT2025009517,EXPORT,NSIGT,VC202500612
CONT2025009518,IMPORT,NSIGT,VC202500612
CONT2025009519,EXPORT,NSIGT,VC202500612
CONT2025009520,EXPORT,NSIGT,VC202500612
CONT2025009521,EXPORT,NSIGT,VC202500612
CONT2025009522,EXPORT,NSIGT,VC202500612
CONT2025009523,IMPORT,NSIGT,VC202500612
CONT2025009524,IMPORT,NSIGT,VC202500612
CONT2025009525,IMPORT,NSIGT,VC202500612
CONT2025009526,IMPORT,NSIGT,VC202500612
CONT2025009527,IMPORT,NSIGT,VC202500612
CONT2025009528,EXPORT,NSIGT,VC202500612
CONT2025009529,IMPORT,NSIGT,VC202500612
CONT2025009530,EXPORT,NSIGT,VC202500612
CONT2025009531,IMPORT,NSIGT,VC202500612
CONT2025009532,EXPORT,NSIGT,VC202500612
CONT2025009533,EXPORT,NSIGT,VC202500612
CONT2025009534,IMPORT,NSIGT,VC202500612
CONT2025009535,EXPORT,NSIGT,VC202500612
CONT2025009536,EXPORT,NSIGT,VC202500612
CONT2025009537,IMPORT,NSIGT,VC202500612
CONT2025009538,IMPORT,NSIGT,VC202500612
CONT2025009539,EXPORT,NSIGT,VC202500612
CONT2025009540,IMPORT,NSIGT,VC202500612
CONT2025009541,EXPORT,NSIGT,VC202500612
CONT2025009542,IMPORT,NSIGT,VC202500613
CONT2025009543,IMPORT,NSIGT,VC202500613
CONT2025009544,IMPORT,NSIGT,VC202500613
CONT2025009545,EXPORT,NSIGT,VC202500613
CONT2025009546,IMPORT,NSIGT,VC202500613
CONT2025009547,IMPORT,NSIGT,VC202500613
CONT2025009548,EXPORT,NSIGT,VC202500613
CONT2025009549,EXPORT,NSIGT,VC202500613
CONT2025009550,EXPORT,NSFT,VC202500614
CONT2025009551,IMPORT,NSFT,VC202500614
CONT2025009552,EXPORT,NSFT,VC202500614
CONT2025009553,IMPORT,NSFT,VC202500614
CONT2025009554,EXPORT,NSFT,VC202500614
CONT2025009555,EXPORT,NSFT,VC202500614
CONT2025009556,EXPORT,NSFT,VC202500614
CONT2025009557,EXPORT,NSFT,VC202500614
CONT2025009558,IMPORT,NSFT,VC202500614
CONT2025009559,IMPORT,NSFT,VC202500614
CONT2025009560,IMPORT,NSFT,VC202500614
CONT2025009561,EXPORT,NSFT,VC202500614
CONT2025009562,IMPORT,NSFT,VC202500614
CONT2025009563,EXPORT,NSFT,VC202500614
CONT2025009564,IMPORT,NSFT,VC202500614
CONT2025009565,IMPORT,NSFT,VC202500614
CONT2025009566,EXPORT,GTI,VC202500615
CONT2025009567,IMPORT,GTI,VC202500615
CONT2025009568,EXPORT,GTI,VC202500615
CONT2025009569,IMPORT,GTI,VC202500615
CONT2025009570,EXPORT,GTI,VC202500615
CONT2025009571,EXPORT,GTI,VC202500615
CONT2025009572,EXPORT,GTI,VC202500615
CONT2025009573,IMPORT,GTI,VC202500615
CONT2025009574,EXPORT,GTI,VC202500615
CONT2025009575,IMPORT,GTI,VC202500615
CONT2025009576,EXPORT,GTI,VC202500615
CONT2025009577,EXPORT,GTI,VC202500615
CONT2025009578,IMPORT,GTI,VC202500615
CONT2025009579,IMPORT,GTI,VC202500615
CONT2025009580,EXPORT,GTI,VC202500615
CONT2025009581,EXPORT,GTI,VC202500615
CONT2025009582,IMPORT,GTI,VC202500615
CONT2025009583,IMPORT,GTI,VC202500615
CONT2025009584,IMPORT,GTI,VC202500615
CONT2025009585,EXPORT,GTI,VC202500615
CONT2025009586,EXPORT,GTI,VC202500615
CONT2025009587,IMPORT,BMCT,VC202500616
CONT2025009588,EXPORT,BMCT,VC202500616
CONT2025009589,IMPORT,BMCT,VC202500616
CONT2025009590,IMPORT,BMCT,VC202500616
CONT2025009591,IMPORT,BMCT,VC202500616
CONT2025009592,IMPORT,BMCT,VC202500616
CONT2025009593,EXPORT,BMCT,VC202500616
CONT2025009594,EXPORT,BMCT,VC202500616
CONT2025009595,EXPORT,BMCT,VC202500616
CONT2025009596,IMPORT,BMCT,VC202500616
CONT2025009597,EXPORT,BMCT,VC202500616
CONT2025009598,IMPORT,BMCT,VC202500616
CONT2025009599,IMPORT,BMCT,VC202500616
CONT2025009600,EXPORT,BMCT,VC202500616
CONT2025009601,EXPORT,BMCT,VC202500616
CONT2025009602,IMPORT,NSICT,VC202500617
CONT2025009603,EXPORT,NSICT,VC202500617
CONT2025009604,IMPORT,NSICT,VC202500617
CONT2025009605,IMPORT,NSICT,VC202500617
CONT2025009606,IMPORT,NSICT,VC202500617
CONT2025009607,IMPORT,NSICT,VC202500617
CONT2025009608,IMPORT,NSICT,VC202500617
CONT2025009609,EXPORT,NSICT,VC202500617
CONT2025009610,IMPORT,NSICT,VC202500617
CONT2025009611,IMPORT,NSICT,VC202500617
CONT2025009612,IMPORT,NSICT,VC202500617
CONT2025009613,IMPORT,NSICT,VC202500617
CONT2025009614,IMPORT,NSICT,VC202500617
CONT2025009615,IMPORT,NSICT,VC202500617
CONT2025009616,IMPORT,NSICT,VC202500617
CONT2025009617,IMPORT,NSICT,VC202500617
CONT2025009618,EXPORT,BMCT,VC202500618
CONT2025009619,EXPORT,BMCT,VC202500618
CONT2025009620,EXPORT,BMCT,VC202500618
CONT2025009621,IMPORT,BMCT,VC202500618
CONT2025009622,IMPORT,BMCT,VC202500618
CONT2025009623,EXPORT,BMCT,VC202500618
CONT2025009624,EXPORT,BMCT,VC202500618
CONT2025009625,EXPORT,BMCT,VC202500618
CONT2025009626,IMPORT,BMCT,VC202500618
CONT2025009627,EXPORT,BMCT,VC202500618
CONT2025009628,IMPORT,BMCT,VC202500618
CONT2025009629,IMPORT,GTI,VC202500619
CONT2025009630,EXPORT,GTI,VC202500619
CONT2025009631,EXPORT,GTI,VC202500619
CONT2025009632,EXPORT,GTI,VC202500619
CONT2025009633,IMPORT,GTI,VC202500619
CONT2025009634,EXPORT,GTI,VC202500619
CONT2025009635,EXPORT,GTI,VC202500619
CONT2025009636,EXPORT,GTI,VC202500619
CONT2025009637,EXPORT,GTI,VC202500619
CONT2025009638,IMPORT,GTI,VC202500619
CONT2025009639,EXPORT,GTI,VC202500619
CONT2025009640,EXPORT,GTI,VC202500619
CONT2025009641,EXPORT,GTI,VC202500619
CONT2025009642,EXPORT,GTI,VC202500619
CONT2025009643,IMPORT,GTI,VC202500619
CONT2025009644,IMPORT,GTI,VC202500619
CONT2025009645,IMPORT,GTI,VC202500619
CONT2025009646,EXPORT,GTI,VC202500619
CONT2025009647,EXPORT,GTI,VC202500619
CONT2025009648,IMPORT,NSFT,VC202500620
CONT2025009649,EXPORT,NSFT,VC202500620
CONT2025009650,IMPORT,NSFT,VC202500620
CONT2025009651,EXPORT,NSFT,VC202500620
CONT2025009652,IMPORT,NSFT,VC202500620
CONT2025009653,EXPORT,NSFT,VC202500620
CONT2025009654,IMPORT,NSFT,VC202500620
CONT2025009655,IMPORT,NSFT,VC202500620
CONT2025009656,EXPORT,NSFT,VC202500621
CONT2025009657,IMPORT,NSFT,VC202500621
CONT2025009658,IMPORT,NSFT,VC202500621
CONT2025009659,IMPORT,NSFT,VC202500621
CONT2025009660,EXPORT,NSFT,VC202500621
CONT2025009661,EXPORT,NSFT,VC202500621
CONT2025009662,IMPORT,NSFT,VC202500621
CONT2025009663,EXPORT,NSFT,VC202500621
CONT2025009664,EXPORT,NSFT,VC202500621
CONT2025009665,IMPORT,NSFT,VC202500621
CONT2025009666,EXPORT,NSFT,VC202500621
CONT2025009667,EXPORT,NSFT,VC202500621
CONT2025009668,IMPORT,NSFT,VC202500621
CONT2025009669,IMPORT,NSFT,VC202500621
CONT2025009670,IMPORT,NSFT,VC202500621
CONT2025009671,IMPORT,NSFT,VC202500621
CONT2025009672,EXPORT,NSFT,VC202500621
CONT2025009673,IMPORT,NSFT,VC202500621
CONT2025009674,EXPORT,NSFT,VC202500621
CONT2025009675,EXPORT,NSFT,VC202500621
CONT2025009676,EXPORT,NSFT,VC202500621
CONT2025009677,IMPORT,NSFT,VC202500621
CONT2025009678,IMPORT,NSFT,VC202500621
CONT2025009679,EXPORT,NSFT,VC202500621
CONT2025009680,IMPORT,NSFT,VC202500621
CONT2025009681,IMPORT,NSFT,VC202500621
CONT2025009682,IMPORT,NSFT,VC202500621
CONT2025009683,IMPORT,NSFT,VC202500621
CONT2025009684,EXPORT,NSFT,VC202500621
CONT2025009685,IMPORT,NSFT,VC202500621
CONT2025009686,IMPORT,NSFT,VC202500621
CONT2025009687,IMPORT,NSFT,VC202500621
CONT2025009688,IMPORT,NSFT,VC202500621
CONT2025009689,EXPORT,NSFT,VC202500621
CONT2025009690,EXPORT,NSFT,VC202500621
CONT2025009691,EXPORT,NSFT,VC202500621
CONT2025009692,IMPORT,NSFT,VC202500621
CONT2025009693,EXPORT,NSFT,VC202500621
CONT2025009694,IMPORT,NSFT,VC202500621
CONT2025009695,IMPORT,NSICT,VC202500622
CONT2025009696,IMPORT,NSICT,VC202500622
CONT2025009697,EXPORT,NSICT,VC202500622
CONT2025009698,EXPORT,NSICT,VC202500622
CONT2025009699,IMPORT,NSICT,VC202500622
CONT2025009700,EXPORT,NSICT,VC202500622
CONT2025009701,EXPORT,NSICT,VC202500622
CONT2025009702,EXPORT,NSICT,VC202500622
CONT2025009703,IMPORT,NSICT,VC202500622
CONT2025009704,IMPORT,NSICT,VC202500622
CONT2025009705,EXPORT,NSICT,VC202500622
CONT2025009706,IMPORT,NSICT,VC202500622
CONT2025009707,EXPORT,NSICT,VC202500622
CONT2025009708,EXPORT,NSICT,VC202500622
CONT2025009709,IMPORT,NSICT,VC202500622
CONT2025009710,EXPORT,NSICT,VC202500622
CONT2025009711,IMPORT,NSICT,VC202500622
CONT2025009712,IMPORT,NSICT,VC202500622
CONT2025009713,EXPORT,NSICT,VC202500622
CONT2025009714,IMPORT,NSICT,VC202500622
CONT2025009715,IMPORT,NSICT,VC202500622
CONT2025009716,IMPORT,NSICT,VC202500622
CONT2025009717,EXPORT,NSICT,VC202500622
CONT2025009718,IMPORT,NSICT,VC202500622
CONT2025009719,EXPORT,NSICT,VC202500622
CONT2025009720,IMPORT,NSICT,VC202500623
CONT2025009721,EXPORT,NSICT,VC202500623
CONT2025009722,IMPORT,NSICT,VC202500623
CONT2025009723,EXPORT,NSICT,VC202500623
CONT2025009724,EXPORT,NSICT,VC202500623
CONT2025009725,IMPORT,NSICT,VC202500623
CONT2025009726,EXPORT,NSICT,VC202500623
CONT2025009727,IMPORT,NSICT,VC202500623
CONT2025009728,IMPORT,NSICT,VC202500623
CONT2025009729,IMPORT,NSICT,VC202500623
CONT2025009730,IMPORT,NSICT,VC202500623
CONT2025009731,EXPORT,NSICT,VC202500624
CONT2025009732,IMPORT,NSICT,VC202500624
CONT2025009733,IMPORT,NSICT,VC202500624
CONT2025009734,EXPORT,NSICT,VC202500624
CONT2025009735,EXPORT,NSICT,VC202500624
CONT2025009736,EXPORT,NSICT,VC202500624
CONT2025009737,IMPORT,NSICT,VC202500624
CONT2025009738,EXPORT,NSICT,VC202500624
CONT2025009739,IMPORT,NSICT,VC202500624
CONT2025009740,EXPORT,NSICT,VC202500624
CONT2025009741,EXPORT,NSICT,VC202500624
CONT2025009742,EXPORT,NSFT,VC202500625
CONT2025009743,EXPORT,NSFT,VC202500625
CONT2025009744,EXPORT,NSFT,VC202500625
CONT2025009745,EXPORT,NSFT,VC202500625
CONT2025009746,EXPORT,NSFT,VC202500625
CONT2025009747,EXPORT,NSFT,VC202500625
CONT2025009748,EXPORT,NSFT,VC202500625
CONT2025009749,EXPORT,NSFT,VC202500625
CONT2025009750,IMPORT,NSFT,VC202500625
CONT2025009751,EXPORT,GTI,VC202500626
CONT2025009752,IMPORT,GTI,VC202500626
CONT2025009753,EXPORT,GTI,VC202500626
CONT2025009754,EXPORT,GTI,VC202500626
CONT2025009755,IMPORT,GTI,VC202500626
CONT2025009756,EXPORT,GTI,VC202500626
CONT2025009757,IMPORT,BMCT,VC202500627
CONT2025009758,IMPORT,BMCT,VC202500627
CONT2025009759,EXPORT,BMCT,VC202500627
CONT2025009760,EXPORT,BMCT,VC202500627
CONT2025009761,IMPORT,BMCT,VC202500627
CONT2025009762,IMPORT,BMCT,VC202500627
CONT2025009763,EXPORT,BMCT,VC202500627
CONT2025009764,EXPORT,BMCT,VC202500627
CONT2025009765,EXPORT,BMCT,VC202500627
CONT2025009766,IMPORT,BMCT,VC202500627
CONT2025009767,EXPORT,BMCT,VC202500627
CONT2025009768,IMPORT,BMCT,VC202500627
CONT2025009769,EXPORT,GTI,VC202500628
CONT2025009770,IMPORT,GTI,VC202500628
CONT2025009771,IMPORT,GTI,VC202500628
CONT2025009772,IMPORT,GTI,VC202500628
CONT2025009773,IMPORT,GTI,VC202500628
CONT2025009774,EXPORT,GTI,VC202500628
CONT2025009775,IMPORT,GTI,VC202500628
CONT2025009776,IMPORT,GTI,VC202500628
CONT2025009777,IMPORT,GTI,VC202500628
CONT2025009778,EXPORT,GTI,VC202500628
CONT2025009779,IMPORT,GTI,VC202500628
CONT2025009780,IMPORT,GTI,VC202500628
CONT2025009781,EXPORT,GTI,VC202500628
CONT2025009782,IMPORT,GTI,VC202500628
CONT2025009783,IMPORT,NSFT,VC202500629
CONT2025009784,IMPORT,NSFT,VC202500629
CONT2025009785,EXPORT,NSFT,VC202500629
CONT2025009786,EXPORT,NSFT,VC202500629
CONT2025009787,IMPORT,NSFT,VC202500629
CONT2025009788,IMPORT,NSFT,VC202500629
CONT2025009789,EXPORT,NSFT,VC202500629
CONT2025009790,IMPORT,NSFT,VC202500629
CONT2025009791,EXPORT,NSFT,VC202500629
CONT2025009792,EXPORT,NSFT,VC202500629
CONT2025009793,IMPORT,NSFT,VC202500629
CONT2025009794,EXPORT,NSFT,VC202500629
CONT2025009795,IMPORT,NSFT,VC202500629
CONT2025009796,EXPORT,NSFT,VC202500629
CONT2025009797,IMPORT,GTI,VC202500630
CONT2025009798,EXPORT,GTI,VC202500630
CONT2025009799,EXPORT,GTI,VC202500630
CONT2025009800,EXPORT,GTI,VC202500630
CONT2025009801,IMPORT,GTI,VC202500630
CONT2025009802,EXPORT,GTI,VC202500630
CONT2025009803,EXPORT,GTI,VC202500630
CONT2025009804,IMPORT,GTI,VC202500630
CONT2025009805,IMPORT,GTI,VC202500630
CONT2025009806,EXPORT,GTI,VC202500630
CONT2025009807,EXPORT,GTI,VC202500630
CONT2025009808,IMPORT,GTI,VC202500630
CONT2025009809,IMPORT,GTI,VC202500630
CONT2025009810,EXPORT,GTI,VC202500630
CONT2025009811,IMPORT,GTI,VC202500630
CONT2025009812,EXPORT,BMCT,VC202500631
CONT2025009813,EXPORT,BMCT,VC202500631
CONT2025009814,EXPORT,BMCT,VC202500631
CONT2025009815,EXPORT,BMCT,VC202500631
CONT2025009816,EXPORT,BMCT,VC202500631
CONT2025009817,EXPORT,BMCT,VC202500631
CONT2025009818,IMPORT,BMCT,VC202500631
CONT2025009819,EXPORT,BMCT,VC202500631
CONT2025009820,IMPORT,BMCT,VC202500631
CONT2025009821,EXPORT,BMCT,VC202500631
CONT2025009822,EXPORT,BMCT,VC202500631
CONT2025009823,EXPORT,BMCT,VC202500631
CONT2025009824,EXPORT,BMCT,VC202500631
CONT2025009825,EXPORT,BMCT,VC202500631
CONT2025009826,EXPORT,BMCT,VC202500631
CONT2025009827,EXPORT,BMCT,VC202500631
CONT2025009828,IMPORT,BMCT,VC202500631
CONT2025009829,EXPORT,BMCT,VC202500631
CONT2025009830,IMPORT,BMCT,VC202500631
CONT2025009831,IMPORT,BMCT,VC202500631
CONT2025009832,IMPORT,NSICT,VC202500632
CONT2025009833,IMPORT,NSICT,VC202500632
CONT2025009834,EXPORT,NSICT,VC202500632
CONT2025009835,EXPORT,NSICT,VC202500632
CONT2025009836,EXPORT,NSICT,VC202500632
CONT2025009837,IMPORT,NSICT,VC202500632
CONT2025009838,EXPORT,NSICT,VC202500632
CONT2025009839,EXPORT,NSICT,VC202500632
CONT2025009840,IMPORT,NSICT,VC202500632
CONT2025009841,IMPORT,NSICT,VC202500632
CONT2025009842,EXPORT,NSICT,VC202500632
CONT2025009843,IMPORT,NSICT,VC202500632
CONT2025009844,IMPORT,NSICT,VC202500632
CONT2025009845,IMPORT,NSICT,VC202500632
CONT2025009846,IMPORT,NSICT,VC202500632
CONT2025009847,IMPORT,NSICT,VC202500632
CONT2025009848,IMPORT,NSICT,VC202500632
CONT2025009849,EXPORT,NSICT,VC202500632
CONT2025009850,IMPORT,NSICT,VC202500632
CONT2025009851,EXPORT,NSICT,VC202500632
CONT2025009852,EXPORT,NSICT,VC202500632
CONT2025009853,IMPORT,NSICT,VC202500632
CONT2025009854,IMPORT,NSICT,VC202500632
CONT2025009855,IMPORT,NSICT,VC202500632
CONT2025009856,EXPORT,NSICT,VC202500632
CONT2025009857,EXPORT,NSICT,VC202500632
CONT2025009858,IMPORT,NSICT,VC202500632
CONT2025009859,EXPORT,NSICT,VC202500632
CONT2025009860,IMPORT,NSICT,VC202500632
CONT2025009861,IMPORT,NSICT,VC202500632
CONT2025009862,IMPORT,NSICT,VC202500632
CONT2025009863,IMPORT,NSICT,VC202500632
CONT2025009864,EXPORT,NSICT,VC202500632
CONT2025009865,EXPORT,NSICT,VC202500632
CONT2025009866,IMPORT,NSICT,VC202500632
CONT2025009867,EXPORT,NSICT,VC202500632
CONT2025009868,IMPORT,NSICT,VC202500632
CONT2025009869,EXPORT,NSICT,VC202500632
CONT2025009870,IMPORT,NSICT,VC202500632
CONT2025009871,IMPORT,NSICT,VC202500632
CONT2025009872,IMPORT,NSICT,VC202500632
CONT2025009873,IMPORT,NSICT,VC202500632
CONT2025009874,IMPORT,NSICT,VC202500632
CONT2025009875,IMPORT,NSICT,VC202500632
CONT2025009876,EXPORT,NSICT,VC202500632
CONT2025009877,IMPORT,NSICT,VC202500632
CONT2025009878,IMPORT,NSICT,VC202500632
CONT2025009879,IMPORT,NSICT,VC202500632
CONT2025009880,EXPORT,NSIGT,VC202500633
CONT2025009881,IMPORT,NSIGT,VC202500633
CONT2025009882,IMPORT,NSIGT,VC202500633
CONT2025009883,IMPORT,NSIGT,VC202500633
CONT2025009884,EXPORT,NSIGT,VC202500633
CONT2025009885,EXPORT,NSIGT,VC202500633
CONT2025009886,IMPORT,NSIGT,VC202500633
CONT2025009887,EXPORT,NSIGT,VC202500633
CONT2025009888,IMPORT,NSIGT,VC202500633
CONT2025009889,EXPORT,NSIGT,VC202500633
CONT2025009890,IMPORT,NSIGT,VC202500633
CONT2025009891,IMPORT,NSIGT,VC202500633
CONT2025009892,IMPORT,NSIGT,VC202500633
CONT2025009893,IMPORT,NSIGT,VC202500633
CONT2025009894,IMPORT,NSIGT,VC202500633
CONT2025009895,IMPORT,NSIGT,VC202500633
CONT2025009896,EXPORT,NSIGT,VC202500633
CONT2025009897,IMPORT,NSIGT,VC202500633
CONT2025009898,IMPORT,NSIGT,VC202500633
CONT2025009899,IMPORT,NSIGT,VC202500633
CONT2025009900,IMPORT,NSIGT,VC202500633
CONT2025009901,IMPORT,NSIGT,VC202500633
CONT2025009902,IMPORT,NSIGT,VC202500633
CONT2025009903,EXPORT,NSIGT,VC202500633
CONT2025009904,EXPORT,NSIGT,VC202500633
CONT2025009905,IMPORT,NSIGT,VC202500633
CONT2025009906,IMPORT,NSIGT,VC202500633
CONT2025009907,EXPORT,NSIGT,VC202500633
CONT2025009908,IMPORT,NSIGT,VC202500633
CONT2025009909,EXPORT,NSIGT,VC202500633
CONT2025009910,IMPORT,NSIGT,VC202500633
CONT2025009911,EXPORT,NSIGT,VC202500633
CONT2025009912,IMPORT,NSIGT,VC202500633
CONT2025009913,IMPORT,NSIGT,VC202500633
CONT2025009914,EXPORT,NSIGT,VC202500633
CONT2025009915,IMPORT,NSIGT,VC202500633
CONT2025009916,IMPORT,NSIGT,VC202500633
CONT2025009917,IMPORT,NSIGT,VC202500633
CONT2025009918,EXPORT,NSIGT,VC202500633
CONT2025009919,EXPORT,NSIGT,VC202500633
CONT2025009920,EXPORT,NSIGT,VC202500633
CONT2025009921,IMPORT,NSIGT,VC202500633
CONT2025009922,EXPORT,NSIGT,VC202500633
CONT2025009923,EXPORT,NSIGT,VC202500634
CONT2025009924,EXPORT,NSIGT,VC202500634
CONT2025009925,EXPORT,NSIGT,VC202500634
CONT2025009926,EXPORT,NSIGT,VC202500634
CONT2025009927,EXPORT,NSIGT,VC202500634
CONT2025009928,EXPORT,NSIGT,VC202500634
CONT2025009929,EXPORT,NSIGT,VC202500634
CONT2025009930,IMPORT,NSIGT,VC202500634
CONT2025009931,EXPORT,NSIGT,VC202500634
CONT2025009932,IMPORT,NSIGT,VC202500634
CONT2025009933,EXPORT,NSIGT,VC202500634
CONT2025009934,EXPORT,NSIGT,VC202500634
CONT2025009935,IMPORT,NSIGT,VC202500634
CONT2025009936,EXPORT,NSIGT,VC202500634
CONT2025009937,EXPORT,NSIGT,VC202500634
CONT2025009938,EXPORT,NSIGT,VC202500634
CONT2025009939,EXPORT,NSIGT,VC202500634
CONT2025009940,EXPORT,NSIGT,VC202500634
CONT2025009941,IMPORT,NSIGT,VC202500634
CONT2025009942,EXPORT,NSIGT,VC202500634
CONT2025009943,EXPORT,NSIGT,VC202500634
CONT2025009944,IMPORT,NSIGT,VC202500634
CONT2025009945,IMPORT,NSIGT,VC202500634
CONT2025009946,IMPORT,NSIGT,VC202500634
CONT2025009947,EXPORT,NSIGT,VC202500634
CONT2025009948,EXPORT,NSIGT,VC202500634
CONT2025009949,IMPORT,NSIGT,VC202500634
CONT2025009950,EXPORT,BMCT,VC202500635
CONT2025009951,EXPORT,BMCT,VC202500635
CONT2025009952,EXPORT,BMCT,VC202500635
CONT2025009953,EXPORT,BMCT,VC202500635
CONT2025009954,IMPORT,BMCT,VC202500635
CONT2025009955,IMPORT,BMCT,VC202500635
CONT2025009956,IMPORT,BMCT,VC202500635
CONT2025009957,IMPORT,BMCT,VC202500635
CONT2025009958,IMPORT,BMCT,VC202500635
CONT2025009959,IMPORT,BMCT,VC202500635
CONT2025009960,IMPORT,BMCT,VC202500635
CONT2025009961,EXPORT,BMCT,VC202500635
CONT2025009962,EXPORT,BMCT,VC202500635
CONT2025009963,EXPORT,GTI,VC202500636
CONT2025009964,EXPORT,GTI,VC202500636
CONT2025009965,IMPORT,GTI,VC202500636
CONT2025009966,IMPORT,GTI,VC202500636
CONT2025009967,IMPORT,GTI,VC202500636
CONT2025009968,IMPORT,GTI,VC202500636
CONT2025009969,EXPORT,GTI,VC202500636
CONT2025009970,IMPORT,GTI,VC202500636
CONT2025009971,EXPORT,BMCT,VC202500637
CONT2025009972,EXPORT,BMCT,VC202500637
CONT2025009973,IMPORT,BMCT,VC202500637
CONT2025009974,IMPORT,BMCT,VC202500637
CONT2025009975,IMPORT,BMCT,VC202500637
CONT2025009976,IMPORT,BMCT,VC202500637
CONT2025009977,EXPORT,BMCT,VC202500637
CONT2025009978,IMPORT,BMCT,VC202500637
CONT2025009979,EXPORT,BMCT,VC202500637
CONT2025009980,EXPORT,BMCT,VC202500637
CONT2025009981,EXPORT,BMCT,VC202500637
CONT2025009982,EXPORT,BMCT,VC202500637
CONT2025009983,EXPORT,BMCT,VC202500637
CONT2025009984,IMPORT,BMCT,VC202500637
CONT2025009985,IMPORT,BMCT,VC202500637
CONT2025009986,EXPORT,GTI,VC202500638
CONT2025009987,EXPORT,GTI,VC202500638
CONT2025009988,EXPORT,GTI,VC202500638
CONT2025009989,IMPORT,GTI,VC202500638
CONT2025009990,EXPORT,GTI,VC202500638
CONT2025009991,IMPORT,GTI,VC202500638
CONT2025009992,EXPORT,GTI,VC202500638
CONT2025009993,IMPORT,GTI,VC202500638
CONT2025009994,IMPORT,NSIGT,VC202500639
CONT2025009995,IMPORT,NSIGT,VC202500639
CONT2025009996,IMPORT,NSIGT,VC202500639
CONT2025009997,EXPORT,NSIGT,VC202500639
CONT2025009998,IMPORT,NSIGT,VC202500639
CONT2025009999,EXPORT,NSIGT,VC202500639
CONT2025010000,IMPORT,NSIGT,VC202500639
CONT2025010001,EXPORT,NSIGT,VC202500639
CONT2025010002,IMPORT,NSIGT,VC202500639
CONT2025010003,IMPORT,NSIGT,VC202500639
CONT2025010004,EXPORT,NSIGT,VC202500639
CONT2025010005,IMPORT,NSIGT,VC202500639
CONT2025010006,EXPORT,NSIGT,VC202500639
CONT2025010007,EXPORT,NSIGT,VC202500639
CONT2025010008,IMPORT,NSIGT,VC202500639
CONT2025010009,IMPORT,NSIGT,VC202500639
CONT2025010010,IMPORT,NSIGT,VC202500639
CONT2025010011,EXPORT,NSIGT,VC202500639
CONT2025010012,EXPORT,NSIGT,VC202500639
CONT2025010013,IMPORT,NSIGT,VC202500639
CONT2025010014,IMPORT,NSIGT,VC202500639
CONT2025010015,IMPORT,NSIGT,VC202500639
CONT2025010016,IMPORT,NSIGT,VC202500639
CONT2025010017,EXPORT,NSIGT,VC202500639
CONT2025010018,IMPORT,NSICT,VC202500640
CONT2025010019,EXPORT,NSICT,VC202500640
CONT2025010020,IMPORT,NSICT,VC202500640
CONT2025010021,EXPORT,NSICT,VC202500640
CONT2025010022,EXPORT,NSICT,VC202500640
CONT2025010023,EXPORT,NSICT,VC202500640
CONT2025010024,EXPORT,NSICT,VC202500640
CONT2025010025,IMPORT,NSICT,VC202500640
CONT2025010026,IMPORT,NSICT,VC202500640
CONT2025010027,IMPORT,NSICT,VC202500640
CONT2025010028,EXPORT,NSICT,VC202500640
CONT2025010029,IMPORT,NSICT,VC202500640
CONT2025010030,EXPORT,NSICT,VC202500640
CONT2025010031,IMPORT,NSICT,VC202500640
CONT2025010032,EXPORT,NSICT,VC202500640
CONT2025010033,EXPORT,NSICT,VC202500640
CONT2025010034,EXPORT,NSICT,VC202500640
CONT2025010035,IMPORT,NSICT,VC202500640
CONT2025010036,EXPORT,NSICT,VC202500640
CONT2025010037,IMPORT,NSICT,VC202500640
CONT2025010038,IMPORT,NSICT,VC202500640
CONT2025010039,IMPORT,NSICT,VC202500641
CONT2025010040,EXPORT,NSICT,VC202500641
CONT2025010041,IMPORT,NSICT,VC202500641
CONT2025010042,EXPORT,NSICT,VC202500641
CONT2025010043,EXPORT,NSICT,VC202500641
CONT2025010044,EXPORT,NSICT,VC202500641
CONT2025010045,EXPORT,NSICT,VC202500641
CONT2025010046,IMPORT,NSICT,VC202500641
CONT2025010047,IMPORT,NSICT,VC202500641
CONT2025010048,IMPORT,NSICT,VC202500641
CONT2025010049,EXPORT,NSICT,VC202500641
CONT2025010050,EXPORT,NSICT,VC202500641
CONT2025010051,EXPORT,NSICT,VC202500641
CONT2025010052,IMPORT,NSICT,VC202500641
CONT2025010053,IMPORT,NSICT,VC202500641
CONT2025010054,EXPORT,NSICT,VC202500641
CONT2025010055,IMPORT,NSFT,VC202500642
CONT2025010056,IMPORT,NSFT,VC202500642
CONT2025010057,EXPORT,NSFT,VC202500642
CONT2025010058,IMPORT,NSFT,VC202500642
CONT2025010059,IMPORT,NSFT,VC202500642
CONT2025010060,EXPORT,NSFT,VC202500642
CONT2025010061,EXPORT,NSFT,VC202500642
CONT2025010062,EXPORT,NSFT,VC202500642
CONT2025010063,IMPORT,NSFT,VC202500642
CONT2025010064,IMPORT,NSFT,VC202500642
CONT2025010065,IMPORT,NSFT,VC202500642
CONT2025010066,IMPORT,NSFT,VC202500642
CONT2025010067,IMPORT,NSFT,VC202500642
CONT2025010068,IMPORT,NSFT,VC202500642
CONT2025010069,EXPORT,NSFT,VC202500642
CONT2025010070,EXPORT,NSFT,VC202500642
CONT2025010071,IMPORT,NSFT,VC202500642
CONT2025010072,IMPORT,NSIGT,VC202500643
CONT2025010073,EXPORT,NSIGT,VC202500643
CONT2025010074,EXPORT,NSIGT,VC202500643
CONT2025010075,EXPORT,NSIGT,VC202500643
CONT2025010076,EXPORT,NSIGT,VC202500643
CONT2025010077,EXPORT,NSIGT,VC202500643
CONT2025010078,EXPORT,NSIGT,VC202500643
CONT2025010079,EXPORT,NSIGT,VC202500643
CONT2025010080,IMPORT,NSIGT,VC202500643
CONT2025010081,IMPORT,NSIGT,VC202500643
CONT2025010082,IMPORT,NSIGT,VC202500643
CONT2025010083,EXPORT,NSIGT,VC202500643
CONT2025010084,EXPORT,NSIGT,VC202500643
CONT2025010085,EXPORT,NSIGT,VC202500643
CONT2025010086,IMPORT,NSIGT,VC202500643
CONT2025010087,EXPORT,NSIGT,VC202500643
CONT2025010088,IMPORT,NSIGT,VC202500643
CONT2025010089,IMPORT,NSIGT,VC202500643
CONT2025010090,IMPORT,NSIGT,VC202500643
CONT2025010091,IMPORT,NSIGT,VC202500643
CONT2025010092,EXPORT,NSIGT,VC202500643
CONT2025010093,EXPORT,NSIGT,VC202500643
CONT2025010094,EXPORT,NSIGT,VC202500643
CONT2025010095,EXPORT,NSIGT,VC202500643
CONT2025010096,IMPORT,GTI,VC202500644
CONT2025010097,EXPORT,GTI,VC202500644
CONT2025010098,EXPORT,GTI,VC202500644
CONT2025010099,EXPORT,GTI,VC202500644
CONT2025010100,EXPORT,GTI,VC202500644
CONT2025010101,EXPORT,GTI,VC202500644
CONT2025010102,EXPORT,GTI,VC202500644
CONT2025010103,EXPORT,GTI,VC202500644
CONT2025010104,IMPORT,GTI,VC202500644
CONT2025010105,EXPORT,GTI,VC202500644
CONT2025010106,EXPORT,GTI,VC202500644
CONT2025010107,EXPORT,GTI,VC202500644
CONT2025010108,EXPORT,GTI,VC202500644
CONT2025010109,IMPORT,GTI,VC202500644
CONT2025010110,EXPORT,GTI,VC202500644
CONT2025010111,EXPORT,GTI,VC202500644
CONT2025010112,IMPORT,GTI,VC202500644
CONT2025010113,IMPORT,GTI,VC202500644
CONT2025010114,IMPORT,GTI,VC202500645
CONT2025010115,EXPORT,GTI,VC202500645
CONT2025010116,IMPORT,GTI,VC202500645
CONT2025010117,EXPORT,GTI,VC202500645
CONT2025010118,EXPORT,GTI,VC202500645
CONT2025010119,EXPORT,GTI,VC202500645
CONT2025010120,IMPORT,GTI,VC202500645
CONT2025010121,IMPORT,GTI,VC202500645
CONT2025010122,EXPORT,GTI,VC202500645
CONT2025010123,EXPORT,GTI,VC202500645
CONT2025010124,IMPORT,GTI,VC202500645
CONT2025010125,EXPORT,GTI,VC202500645
CONT2025010126,EXPORT,GTI,VC202500645
CONT2025010127,IMPORT,GTI,VC202500645
CONT2025010128,IMPORT,GTI,VC202500645
CONT2025010129,EXPORT,GTI,VC202500645
CONT2025010130,EXPORT,BMCT,VC202500646
CONT2025010131,IMPORT,BMCT,VC202500646
CONT2025010132,IMPORT,BMCT,VC202500646
CONT2025010133,EXPORT,BMCT,VC202500646
CONT2025010134,IMPORT,BMCT,VC202500646
CONT2025010135,EXPORT,BMCT,VC202500646
CONT2025010136,EXPORT,BMCT,VC202500646
CONT2025010137,IMPORT,BMCT,VC202500646
CONT2025010138,IMPORT,BMCT,VC202500646
CONT2025010139,IMPORT,BMCT,VC202500646
CONT2025010140,EXPORT,BMCT,VC202500646
CONT2025010141,IMPORT,BMCT,VC202500646
CONT2025010142,EXPORT,BMCT,VC202500646
CONT2025010143,EXPORT,BMCT,VC202500646
CONT2025010144,EXPORT,BMCT,VC202500646
CONT2025010145,EXPORT,BMCT,VC202500646
CONT2025010146,EXPORT,BMCT,VC202500646
CONT2025010147,IMPORT,BMCT,VC202500646
CONT2025010148,EXPORT,BMCT,VC202500646
CONT2025010149,EXPORT,BMCT,VC202500646
CONT2025010150,IMPORT,BMCT,VC202500646
CONT2025010151,EXPORT,BMCT,VC202500646
CONT2025010152,IMPORT,BMCT,VC202500646
CONT2025010153,IMPORT,BMCT,VC202500646
CONT2025010154,EXPORT,BMCT,VC202500646
CONT2025010155,IMPORT,BMCT,VC202500646
CONT2025010156,IMPORT,BMCT,VC202500646
CONT2025010157,IMPORT,BMCT,VC202500646
CONT2025010158,IMPORT,BMCT,VC202500647
CONT2025010159,IMPORT,BMCT,VC202500647
CONT2025010160,EXPORT,BMCT,VC202500647
CONT2025010161,IMPORT,BMCT,VC202500647
CONT2025010162,EXPORT,BMCT,VC202500647
CONT2025010163,IMPORT,BMCT,VC202500647
CONT2025010164,EXPORT,BMCT,VC202500647
CONT2025010165,IMPORT,BMCT,VC202500647
CONT2025010166,IMPORT,BMCT,VC202500647
CONT2025010167,EXPORT,BMCT,VC202500647
CONT2025010168,IMPORT,BMCT,VC202500647
CONT2025010169,EXPORT,BMCT,VC202500647
CONT2025010170,EXPORT,BMCT,VC202500647
CONT2025010171,IMPORT,BMCT,VC202500648
CONT2025010172,IMPORT,BMCT,VC202500648
CONT2025010173,IMPORT,BMCT,VC202500648
CONT2025010174,EXPORT,BMCT,VC202500648
CONT2025010175,IMPORT,BMCT,VC202500648
CONT2025010176,EXPORT,BMCT,VC202500648
CONT2025010177,EXPORT,BMCT,VC202500648
CONT2025010178,IMPORT,BMCT,VC202500648
CONT2025010179,EXPORT,BMCT,VC202500648
CONT2025010180,EXPORT,BMCT,VC202500648
CONT2025010181,IMPORT,BMCT,VC202500648
CONT2025010182,IMPORT,BMCT,VC202500648
CONT2025010183,EXPORT,BMCT,VC202500648
CONT2025010184,EXPORT,BMCT,VC202500648
CONT2025010185,EXPORT,NSIGT,VC202500649
CONT2025010186,IMPORT,NSIGT,VC202500649
CONT2025010187,IMPORT,NSIGT,VC202500649
CONT2025010188,IMPORT,NSIGT,VC202500649
CONT2025010189,EXPORT,NSIGT,VC202500649
CONT2025010190,IMPORT,NSIGT,VC202500649
CONT2025010191,IMPORT,NSIGT,VC202500649
CONT2025010192,EXPORT,NSIGT,VC202500649
CONT2025010193,IMPORT,NSIGT,VC202500649
CONT2025010194,IMPORT,NSIGT,VC202500649
CONT2025010195,IMPORT,NSIGT,VC202500649
CONT2025010196,EXPORT,NSIGT,VC202500649
CONT2025010197,IMPORT,NSIGT,VC202500649
CONT2025010198,IMPORT,NSIGT,VC202500649
CONT2025010199,IMPORT,NSIGT,VC202500649
CONT2025010200,IMPORT,NSIGT,VC202500649
CONT2025010201,EXPORT,NSIGT,VC202500649
CONT2025010202,IMPORT,NSIGT,VC202500649
CONT2025010203,IMPORT,NSIGT,VC202500649
CONT2025010204,EXPORT,NSICT,VC202500650
CONT2025010205,EXPORT,NSICT,VC202500650
CONT2025010206,EXPORT,NSICT,VC202500650
CONT2025010207,IMPORT,NSICT,VC202500650
CONT2025010208,IMPORT,NSICT,VC202500650
CONT2025010209,EXPORT,NSICT,VC202500650
CONT2025010210,IMPORT,NSICT,VC202500650
CONT2025010211,IMPORT,NSICT,VC202500650
CONT2025010212,IMPORT,NSICT,VC202500650
CONT2025010213,EXPORT,NSICT,VC202500650
CONT2025010214,EXPORT,NSICT,VC202500650
CONT2025010215,IMPORT,NSICT,VC202500650
CONT2025010216,EXPORT,NSICT,VC202500650
CONT2025010217,IMPORT,NSICT,VC202500650
CONT2025010218,IMPORT,NSICT,VC202500650
CONT2025010219,EXPORT,NSICT,VC202500650
CONT2025010220,EXPORT,NSICT,VC202500650
CONT2025010221,IMPORT,NSICT,VC202500650
CONT2025010222,EXPORT,NSICT,VC202500650
CONT2025010223,IMPORT,NSICT,VC202500650
CONT2025010224,IMPORT,NSICT,VC202500650
CONT2025010225,IMPORT,NSICT,VC202500650
CONT2025010226,IMPORT,NSICT,VC202500650
CONT2025010227,EXPORT,NSICT,VC202500650
CONT2025010228,EXPORT,NSICT,VC202500650
CONT2025010229,EXPORT,NSICT,VC202500650
CONT2025010230,IMPORT,NSICT,VC202500650
CONT2025010231,EXPORT,NSICT,VC202500650
CONT2025010232,EXPORT,NSICT,VC202500650
CONT2025010233,EXPORT,NSICT,VC202500650
CONT2025010234,EXPORT,NSICT,VC202500650
CONT2025010235,IMPORT,NSICT,VC202500650
CONT2025010236,IMPORT,NSICT,VC202500650
CONT2025010237,EXPORT,NSICT,VC202500650
CONT2025010238,EXPORT,NSICT,VC202500650
CONT2025010239,IMPORT,NSICT,VC202500650
CONT2025010240,IMPORT,NSICT,VC202500650
CONT2025010241,IMPORT,NSICT,VC202500650
CONT2025010242,IMPORT,NSICT,VC202500650
CONT2025010243,EXPORT,NSICT,VC202500650
CONT2025010244,EXPORT,NSICT,VC202500650
CONT2025010245,EXPORT,NSICT,VC202500650
CONT2025010246,IMPORT,NSICT,VC202500650
CONT2025010247,EXPORT,NSICT,VC202500650
CONT2025010248,IMPORT,NSICT,VC202500650
CONT2025010249,IMPORT,NSIGT,VC202500651
CONT2025010250,EXPORT,NSIGT,VC202500651
CONT2025010251,EXPORT,NSIGT,VC202500651
CONT2025010252,IMPORT,NSIGT,VC202500651
CONT2025010253,EXPORT,NSIGT,VC202500651
CONT2025010254,EXPORT,NSIGT,VC202500651
CONT2025010255,IMPORT,NSIGT,VC202500651
CONT2025010256,IMPORT,NSIGT,VC202500651
CONT2025010257,IMPORT,NSIGT,VC202500651
CONT2025010258,IMPORT,NSIGT,VC202500651
CONT2025010259,EXPORT,NSIGT,VC202500651
CONT2025010260,IMPORT,NSIGT,VC202500651
CONT2025010261,IMPORT,NSIGT,VC202500651
CONT2025010262,IMPORT,NSIGT,VC202500651
CONT2025010263,IMPORT,NSIGT,VC202500651
CONT2025010264,EXPORT,NSIGT,VC202500651
CONT2025010265,EXPORT,NSIGT,VC202500651
CONT2025010266,EXPORT,NSIGT,VC202500651
CONT2025010267,EXPORT,NSIGT,VC202500651
CONT2025010268,IMPORT,BMCT,VC202500652
CONT2025010269,EXPORT,BMCT,VC202500652
CONT2025010270,EXPORT,BMCT,VC202500652
CONT2025010271,EXPORT,BMCT,VC202500652
CONT2025010272,EXPORT,BMCT,VC202500652
CONT2025010273,IMPORT,BMCT,VC202500652
CONT2025010274,EXPORT,BMCT,VC202500652
CONT2025010275,IMPORT,BMCT,VC202500652
CONT2025010276,IMPORT,BMCT,VC202500652
CONT2025010277,EXPORT,BMCT,VC202500652
CONT2025010278,IMPORT,BMCT,VC202500652
CONT2025010279,IMPORT,BMCT,VC202500652
CONT2025010280,IMPORT,BMCT,VC202500652
CONT2025010281,IMPORT,BMCT,VC202500652
CONT2025010282,EXPORT,BMCT,VC202500652
CONT2025010283,IMPORT,BMCT,VC202500652
CONT2025010284,IMPORT,BMCT,VC202500652
CONT2025010285,EXPORT,BMCT,VC202500652
CONT2025010286,IMPORT,BMCT,VC202500652
CONT2025010287,EXPORT,BMCT,VC202500652
CONT2025010288,IMPORT,BMCT,VC202500652
CONT2025010289,IMPORT,BMCT,VC202500652
CONT2025010290,EXPORT,BMCT,VC202500652
CONT2025010291,EXPORT,BMCT,VC202500652
CONT2025010292,IMPORT,BMCT,VC202500652
CONT2025010293,IMPORT,BMCT,VC202500652
CONT2025010294,EXPORT,BMCT,VC202500652
CONT2025010295,EXPORT,NSFT,VC202500653
CONT2025010296,EXPORT,NSFT,VC202500653
CONT2025010297,EXPORT,NSFT,VC202500653
CONT2025010298,EXPORT,NSFT,VC202500653
CONT2025010299,EXPORT,NSFT,VC202500653
CONT2025010300,IMPORT,NSFT,VC202500653
CONT2025010301,IMPORT,NSFT,VC202500653
CONT2025010302,EXPORT,NSFT,VC202500653
CONT2025010303,IMPORT,NSFT,VC202500653
CONT2025010304,IMPORT,NSFT,VC202500653
CONT2025010305,IMPORT,NSFT,VC202500653
CONT2025010306,EXPORT,NSFT,VC202500653
CONT2025010307,IMPORT,NSFT,VC202500653
CONT2025010308,EXPORT,NSFT,VC202500653
CONT2025010309,EXPORT,NSFT,VC202500653
CONT2025010310,IMPORT,NSFT,VC202500653
CONT2025010311,EXPORT,NSFT,VC202500653
CONT2025010312,EXPORT,NSFT,VC202500653
CONT2025010313,EXPORT,NSFT,VC202500653
CONT2025010314,EXPORT,NSFT,VC202500653
CONT2025010315,EXPORT,NSFT,VC202500653
CONT2025010316,IMPORT,NSFT,VC202500653
CONT2025010317,IMPORT,NSFT,VC202500653
CONT2025010318,IMPORT,NSFT,VC202500653
CONT2025010319,EXPORT,NSFT,VC202500653
CONT2025010320,IMPORT,NSFT,VC202500653
CONT2025010321,EXPORT,NSFT,VC202500653
CONT2025010322,EXPORT,NSFT,VC202500653
CONT2025010323,IMPORT,NSFT,VC202500653
CONT2025010324,EXPORT,NSFT,VC202500653
CONT2025010325,IMPORT,NSFT,VC202500653
CONT2025010326,EXPORT,NSFT,VC202500653
CONT2025010327,IMPORT,NSFT,VC202500653
CONT2025010328,EXPORT,NSFT,VC202500653
CONT2025010329,IMPORT,NSFT,VC202500653
CONT2025010330,IMPORT,NSFT,VC202500653
CONT2025010331,EXPORT,NSFT,VC202500653
CONT2025010332,IMPORT,NSFT,VC202500653
CONT2025010333,EXPORT,NSFT,VC202500653
CONT2025010334,IMPORT,NSFT,VC202500653
CONT2025010335,IMPORT,NSFT,VC202500653
CONT2025010336,IMPORT,NSFT,VC202500653
CONT2025010337,EXPORT,NSFT,VC202500653
CONT2025010338,IMPORT,NSFT,VC202500653
CONT2025010339,EXPORT,NSFT,VC202500653
CONT2025010340,EXPORT,NSFT,VC202500653
CONT2025010341,EXPORT,NSFT,VC202500653
CONT2025010342,IMPORT,NSFT,VC202500653
CONT2025010343,EXPORT,NSFT,VC202500653
CONT2025010344,EXPORT,NSFT,VC202500653
CONT2025010345,IMPORT,NSFT,VC202500653
CONT2025010346,IMPORT,NSFT,VC202500653
CONT2025010347,EXPORT,NSFT,VC202500653
CONT2025010348,EXPORT,NSFT,VC202500653
CONT2025010349,IMPORT,NSFT,VC202500653
CONT2025010350,EXPORT,NSFT,VC202500653
CONT2025010351,IMPORT,GTI,VC202500654
CONT2025010352,EXPORT,GTI,VC202500654
CONT2025010353,EXPORT,GTI,VC202500654
CONT2025010354,EXPORT,GTI,VC202500654
CONT2025010355,EXPORT,GTI,VC202500654
CONT2025010356,IMPORT,GTI,VC202500654
CONT2025010357,IMPORT,GTI,VC202500654
CONT2025010358,EXPORT,GTI,VC202500654
CONT2025010359,EXPORT,GTI,VC202500654
CONT2025010360,IMPORT,GTI,VC202500654
CONT2025010361,IMPORT,GTI,VC202500654
CONT2025010362,EXPORT,GTI,VC202500654
CONT2025010363,IMPORT,GTI,VC202500654
CONT2025010364,EXPORT,GTI,VC202500654
CONT2025010365,EXPORT,GTI,VC202500654
CONT2025010366,EXPORT,GTI,VC202500654
CONT2025010367,EXPORT,GTI,VC202500654
CONT2025010368,IMPORT,GTI,VC202500654
CONT2025010369,IMPORT,GTI,VC202500654
CONT2025010370,IMPORT,GTI,VC202500654
CONT2025010371,IMPORT,GTI,VC202500654
CONT2025010372,EXPORT,GTI,VC202500654
CONT2025010373,IMPORT,GTI,VC202500654
CONT2025010374,IMPORT,GTI,VC202500654
CONT2025010375,IMPORT,GTI,VC202500655
CONT2025010376,IMPORT,GTI,VC202500655
CONT2025010377,EXPORT,GTI,VC202500655
CONT2025010378,EXPORT,GTI,VC202500655
CONT2025010379,IMPORT,GTI,VC202500655
CONT2025010380,IMPORT,GTI,VC202500655
CONT2025010381,IMPORT,GTI,VC202500655
CONT2025010382,IMPORT,GTI,VC202500655
CONT2025010383,EXPORT,GTI,VC202500655
CONT2025010384,EXPORT,GTI,VC202500655
CONT2025010385,EXPORT,GTI,VC202500655
CONT2025010386,EXPORT,GTI,VC202500655
CONT2025010387,IMPORT,GTI,VC202500655
CONT2025010388,IMPORT,GTI,VC202500655
CONT2025010389,EXPORT,GTI,VC202500655
CONT2025010390,EXPORT,GTI,VC202500655
CONT2025010391,IMPORT,GTI,VC202500655
CONT2025010392,EXPORT,GTI,VC202500655
CONT2025010393,IMPORT,GTI,VC202500655
CONT2025010394,IMPORT,GTI,VC202500655
CONT2025010395,EXPORT,GTI,VC202500655
CONT2025010396,IMPORT,GTI,VC202500655
CONT2025010397,EXPORT,GTI,VC202500655
CONT2025010398,IMPORT,GTI,VC202500655
CONT2025010399,IMPORT,GTI,VC202500655
CONT2025010400,IMPORT,GTI,VC202500655
CONT2025010401,EXPORT,GTI,VC202500655
CONT2025010402,IMPORT,GTI,VC202500655
CONT2025010403,EXPORT,GTI,VC202500655
CONT2025010404,EXPORT,GTI,VC202500655
CONT2025010405,IMPORT,GTI,VC202500655
CONT2025010406,EXPORT,GTI,VC202500655
CONT2025010407,EXPORT,GTI,VC202500655
CONT2025010408,IMPORT,GTI,VC202500655
CONT2025010409,IMPORT,NSICT,VC202500656
CONT2025010410,EXPORT,NSICT,VC202500656
CONT2025010411,IMPORT,NSICT,VC202500656
CONT2025010412,IMPORT,NSICT,VC202500656
CONT2025010413,IMPORT,NSICT,VC202500656
CONT2025010414,EXPORT,NSICT,VC202500656
CONT2025010415,IMPORT,NSICT,VC202500656
CONT2025010416,IMPORT,NSIGT,VC202500657
CONT2025010417,IMPORT,NSIGT,VC202500657
CONT2025010418,IMPORT,NSIGT,VC202500657
CONT2025010419,IMPORT,NSIGT,VC202500657
CONT2025010420,IMPORT,NSIGT,VC202500657
CONT2025010421,IMPORT,NSIGT,VC202500657
CONT2025010422,IMPORT,NSIGT,VC202500657
CONT2025010423,IMPORT,NSIGT,VC202500657
CONT2025010424,IMPORT,NSIGT,VC202500657
CONT2025010425,EXPORT,NSIGT,VC202500657
CONT2025010426,IMPORT,NSIGT,VC202500657
CONT2025010427,IMPORT,NSFT,VC202500658
CONT2025010428,IMPORT,NSFT,VC202500658
CONT2025010429,IMPORT,NSFT,VC202500658
CONT2025010430,IMPORT,NSFT,VC202500658
CONT2025010431,EXPORT,NSFT,VC202500658
CONT2025010432,IMPORT,NSFT,VC202500658
CONT2025010433,IMPORT,NSFT,VC202500658
CONT2025010434,IMPORT,NSFT,VC202500658
CONT2025010435,EXPORT,NSFT,VC202500658
CONT2025010436,IMPORT,NSFT,VC202500658
CONT2025010437,EXPORT,NSFT,VC202500658
CONT2025010438,IMPORT,NSFT,VC202500658
CONT2025010439,EXPORT,NSFT,VC202500658
CONT2025010440,IMPORT,NSFT,VC202500658
CONT2025010441,IMPORT,NSFT,VC202500658
CONT2025010442,IMPORT,GTI,VC202500659
CONT2025010443,IMPORT,GTI,VC202500659
CONT2025010444,IMPORT,GTI,VC202500659
CONT2025010445,IMPORT,GTI,VC202500659
CONT2025010446,EXPORT,GTI,VC202500659
CONT2025010447,IMPORT,GTI,VC202500659
CONT2025010448,EXPORT,GTI,VC202500659
CONT2025010449,EXPORT,GTI,VC202500659
CONT2025010450,IMPORT,GTI,VC202500659
CONT2025010451,EXPORT,GTI,VC202500659
CONT2025010452,IMPORT,GTI,VC202500659
CONT2025010453,EXPORT,GTI,VC202500659
CONT2025010454,IMPORT,GTI,VC202500659
CONT2025010455,IMPORT,GTI,VC202500659
CONT2025010456,IMPORT,GTI,VC202500659
CONT2025010457,EXPORT,GTI,VC202500659
CONT2025010458,IMPORT,GTI,VC202500659
CONT2025010459,EXPORT,GTI,VC202500659
CONT2025010460,EXPORT,GTI,VC202500659
CONT2025010461,EXPORT,GTI,VC202500659
CONT2025010462,EXPORT,GTI,VC202500659
CONT2025010463,IMPORT,GTI,VC202500659
CONT2025010464,IMPORT,GTI,VC202500659
CONT2025010465,EXPORT,GTI,VC202500659
CONT2025010466,IMPORT,GTI,VC202500659
CONT2025010467,IMPORT,GTI,VC202500659
CONT2025010468,EXPORT,GTI,VC202500659
CONT2025010469,IMPORT,GTI,VC202500659
CONT2025010470,IMPORT,GTI,VC202500659
CONT2025010471,EXPORT,GTI,VC202500659
CONT2025010472,EXPORT,GTI,VC202500659
CONT2025010473,EXPORT,GTI,VC202500659
CONT2025010474,IMPORT,GTI,VC202500659
CONT2025010475,IMPORT,GTI,VC202500660
CONT2025010476,IMPORT,GTI,VC202500660
CONT2025010477,IMPORT,GTI,VC202500660
CONT2025010478,IMPORT,GTI,VC202500660
CONT2025010479,IMPORT,GTI,VC202500660
CONT2025010480,EXPORT,GTI,VC202500660
CONT2025010481,IMPORT,GTI,VC202500660
CONT2025010482,IMPORT,GTI,VC202500660
CONT2025010483,IMPORT,GTI,VC202500660
CONT2025010484,IMPORT,GTI,VC202500660
CONT2025010485,EXPORT,GTI,VC202500660
CONT2025010486,IMPORT,GTI,VC202500660
CONT2025010487,EXPORT,GTI,VC202500661
CONT2025010488,IMPORT,GTI,VC202500661
CONT2025010489,EXPORT,GTI,VC202500661
CONT2025010490,IMPORT,GTI,VC202500661
CONT2025010491,EXPORT,GTI,VC202500661
CONT2025010492,EXPORT,GTI,VC202500661
CONT2025010493,EXPORT,GTI,VC202500661
CONT2025010494,IMPORT,GTI,VC202500661
CONT2025010495,EXPORT,GTI,VC202500661
CONT2025010496,IMPORT,GTI,VC202500661
CONT2025010497,IMPORT,GTI,VC202500661
CONT2025010498,EXPORT,GTI,VC202500661
CONT2025010499,IMPORT,GTI,VC202500661
CONT2025010500,EXPORT,BMCT,VC202500662
CONT2025010501,EXPORT,BMCT,VC202500662
CONT2025010502,EXPORT,BMCT,VC202500662
CONT2025010503,EXPORT,BMCT,VC202500662
CONT2025010504,IMPORT,BMCT,VC202500662
CONT2025010505,EXPORT,BMCT,VC202500662
CONT2025010506,IMPORT,BMCT,VC202500662
CONT2025010507,IMPORT,BMCT,VC202500662
CONT2025010508,EXPORT,BMCT,VC202500662
CONT2025010509,IMPORT,BMCT,VC202500662
CONT2025010510,EXPORT,BMCT,VC202500662
CONT2025010511,EXPORT,BMCT,VC202500662
CONT2025010512,EXPORT,BMCT,VC202500662
CONT2025010513,EXPORT,BMCT,VC202500662
CONT2025010514,EXPORT,BMCT,VC202500662
CONT2025010515,IMPORT,BMCT,VC202500662
CONT2025010516,IMPORT,BMCT,VC202500662
CONT2025010517,EXPORT,BMCT,VC202500662
CONT2025010518,IMPORT,BMCT,VC202500662
CONT2025010519,IMPORT,BMCT,VC202500662
CONT2025010520,EXPORT,BMCT,VC202500662
CONT2025010521,EXPORT,BMCT,VC202500662
CONT2025010522,IMPORT,BMCT,VC202500662
CONT2025010523,EXPORT,BMCT,VC202500662
CONT2025010524,EXPORT,BMCT,VC202500662
CONT2025010525,IMPORT,BMCT,VC202500662
CONT2025010526,EXPORT,GTI,VC202500663
CONT2025010527,EXPORT,GTI,VC202500663
CONT2025010528,IMPORT,GTI,VC202500663
CONT2025010529,IMPORT,GTI,VC202500663
CONT2025010530,IMPORT,GTI,VC202500663
CONT2025010531,EXPORT,GTI,VC202500663
CONT2025010532,EXPORT,GTI,VC202500663
CONT2025010533,EXPORT,GTI,VC202500663
CONT2025010534,EXPORT,GTI,VC202500663
CONT2025010535,IMPORT,GTI,VC202500663
CONT2025010536,IMPORT,GTI,VC202500663
CONT2025010537,EXPORT,GTI,VC202500663
CONT2025010538,EXPORT,GTI,VC202500663
CONT2025010539,IMPORT,GTI,VC202500663
CONT2025010540,IMPORT,GTI,VC202500663
CONT2025010541,IMPORT,GTI,VC202500663
CONT2025010542,EXPORT,GTI,VC202500663
CONT2025010543,EXPORT,GTI,VC202500663
CONT2025010544,IMPORT,GTI,VC202500663
CONT2025010545,IMPORT,GTI,VC202500663
CONT2025010546,EXPORT,GTI,VC202500663
CONT2025010547,IMPORT,GTI,VC202500663
CONT2025010548,EXPORT,GTI,VC202500663
CONT2025010549,IMPORT,GTI,VC202500663
CONT2025010550,IMPORT,GTI,VC202500663
CONT2025010551,EXPORT,GTI,VC202500663
CONT2025010552,EXPORT,GTI,VC202500663
CONT2025010553,IMPORT,GTI,VC202500663
CONT2025010554,EXPORT,NSICT,VC202500664
CONT2025010555,IMPORT,NSICT,VC202500664
CONT2025010556,EXPORT,NSICT,VC202500664
CONT2025010557,IMPORT,NSICT,VC202500664
CONT2025010558,EXPORT,NSICT,VC202500664
CONT2025010559,EXPORT,NSICT,VC202500664
CONT2025010560,IMPORT,NSICT,VC202500664
CONT2025010561,IMPORT,NSICT,VC202500664
CONT2025010562,EXPORT,NSICT,VC202500664
CONT2025010563,IMPORT,NSICT,VC202500665
CONT2025010564,EXPORT,NSICT,VC202500665
CONT2025010565,IMPORT,NSICT,VC202500665
CONT2025010566,EXPORT,NSICT,VC202500665
CONT2025010567,EXPORT,NSICT,VC202500665
CONT2025010568,IMPORT,NSICT,VC202500665
CONT2025010569,EXPORT,NSICT,VC202500665
CONT2025010570,IMPORT,NSICT,VC202500665
CONT2025010571,EXPORT,NSICT,VC202500665
CONT2025010572,IMPORT,NSICT,VC202500665
CONT2025010573,EXPORT,NSICT,VC202500665
CONT2025010574,EXPORT,NSICT,VC202500665
CONT2025010575,EXPORT,NSICT,VC202500665
CONT2025010576,IMPORT,NSICT,VC202500665
CONT2025010577,EXPORT,NSICT,VC202500665
CONT2025010578,EXPORT,NSICT,VC202500665
CONT2025010579,EXPORT,NSFT,VC202500666
CONT2025010580,EXPORT,NSFT,VC202500666
CONT2025010581,IMPORT,NSFT,VC202500666
CONT2025010582,IMPORT,NSFT,VC202500666
CONT2025010583,IMPORT,NSFT,VC202500666
CONT2025010584,IMPORT,NSFT,VC202500666
CONT2025010585,EXPORT,NSFT,VC202500666
CONT2025010586,EXPORT,NSFT,VC202500666
CONT2025010587,IMPORT,NSFT,VC202500666
CONT2025010588,EXPORT,NSFT,VC202500666
CONT2025010589,IMPORT,NSFT,VC202500666
CONT2025010590,IMPORT,NSFT,VC202500666
CONT2025010591,EXPORT,NSFT,VC202500666
CONT2025010592,EXPORT,NSFT,VC202500667
CONT2025010593,EXPORT,NSFT,VC202500667
CONT2025010594,EXPORT,NSFT,VC202500667
CONT2025010595,IMPORT,NSFT,VC202500667
CONT2025010596,EXPORT,NSFT,VC202500667
CONT2025010597,EXPORT,NSFT,VC202500667
CONT2025010598,IMPORT,NSFT,VC202500667
CONT2025010599,IMPORT,BMCT,VC202500668
CONT2025010600,IMPORT,BMCT,VC202500668
CONT2025010601,EXPORT,BMCT,VC202500668
CONT2025010602,IMPORT,BMCT,VC202500668
CONT2025010603,IMPORT,BMCT,VC202500668
CONT2025010604,EXPORT,BMCT,VC202500668
CONT2025010605,IMPORT,BMCT,VC202500668
CONT2025010606,IMPORT,BMCT,VC202500668
CONT2025010607,IMPORT,BMCT,VC202500668
CONT2025010608,EXPORT,BMCT,VC202500668
CONT2025010609,EXPORT,BMCT,VC202500668
CONT2025010610,IMPORT,BMCT,VC202500668
CONT2025010611,IMPORT,BMCT,VC202500668
CONT2025010612,IMPORT,BMCT,VC202500668
CONT2025010613,IMPORT,BMCT,VC202500668
CONT2025010614,IMPORT,BMCT,VC202500668
CONT2025010615,IMPORT,BMCT,VC202500668
CONT2025010616,IMPORT,BMCT,VC202500668
CONT2025010617,EXPORT,BMCT,VC202500668
CONT2025010618,EXPORT,BMCT,VC202500668
CONT2025010619,IMPORT,BMCT,VC202500668
CONT2025010620,EXPORT,BMCT,VC202500668
CONT2025010621,EXPORT,BMCT,VC202500668
CONT2025010622,EXPORT,BMCT,VC202500668
CONT2025010623,EXPORT,BMCT,VC202500669
CONT2025010624,EXPORT,BMCT,VC202500669
CONT2025010625,EXPORT,BMCT,VC202500669
CONT2025010626,IMPORT,BMCT,VC202500669
CONT2025010627,IMPORT,BMCT,VC202500669
CONT2025010628,EXPORT,BMCT,VC202500669
CONT2025010629,IMPORT,BMCT,VC202500669
CONT2025010630,EXPORT,BMCT,VC202500669
CONT2025010631,IMPORT,BMCT,VC202500669
CONT2025010632,IMPORT,BMCT,VC202500669
CONT2025010633,EXPORT,BMCT,VC202500669
CONT2025010634,EXPORT,BMCT,VC202500669
CONT2025010635,IMPORT,BMCT,VC202500669
CONT2025010636,IMPORT,BMCT,VC202500669
CONT2025010637,IMPORT,BMCT,VC202500669
CONT2025010638,EXPORT,BMCT,VC202500669
CONT2025010639,IMPORT,BMCT,VC202500669
CONT2025010640,EXPORT,BMCT,VC202500669
CONT2025010641,IMPORT,BMCT,VC202500669
CONT2025010642,IMPORT,BMCT,VC202500669
CONT2025010643,EXPORT,BMCT,VC202500669
CONT2025010644,EXPORT,BMCT,VC202500669
CONT2025010645,EXPORT,BMCT,VC202500669
CONT2025010646,IMPORT,BMCT,VC202500669
CONT2025010647,EXPORT,BMCT,VC202500669
CONT2025010648,EXPORT,BMCT,VC202500669
CONT2025010649,IMPORT,BMCT,VC202500669
CONT2025010650,IMPORT,BMCT,VC202500669
CONT2025010651,EXPORT,BMCT,VC202500669
CONT2025010652,IMPORT,BMCT,VC202500669
CONT2025010653,EXPORT,BMCT,VC202500669
CONT2025010654,EXPORT,BMCT,VC202500669
CONT2025010655,EXPORT,BMCT,VC202500669
CONT2025010656,EXPORT,BMCT,VC202500669
CONT2025010657,EXPORT,BMCT,VC202500669
CONT2025010658,EXPORT,BMCT,VC202500669
CONT2025010659,EXPORT,NSIGT,VC202500670
CONT2025010660,EXPORT,NSIGT,VC202500670
CONT2025010661,EXPORT,NSIGT,VC202500670
CONT2025010662,IMPORT,NSIGT,VC202500670
CONT2025010663,IMPORT,NSIGT,VC202500670
CONT2025010664,IMPORT,NSIGT,VC202500670
CONT2025010665,IMPORT,NSIGT,VC202500670
CONT2025010666,EXPORT,NSIGT,VC202500670
CONT2025010667,IMPORT,NSIGT,VC202500670
CONT2025010668,EXPORT,NSIGT,VC202500670
CONT2025010669,EXPORT,NSIGT,VC202500670
CONT2025010670,EXPORT,NSIGT,VC202500670
CONT2025010671,EXPORT,NSIGT,VC202500670
CONT2025010672,IMPORT,NSIGT,VC202500670
CONT2025010673,EXPORT,NSIGT,VC202500670
CONT2025010674,IMPORT,NSIGT,VC202500670
CONT2025010675,EXPORT,NSIGT,VC202500670
CONT2025010676,IMPORT,NSICT,VC202500671
CONT2025010677,EXPORT,NSICT,VC202500671
CONT2025010678,EXPORT,NSICT,VC202500671
CONT2025010679,IMPORT,NSICT,VC202500671
CONT2025010680,IMPORT,NSICT,VC202500671
CONT2025010681,EXPORT,NSICT,VC202500671
CONT2025010682,EXPORT,NSICT,VC202500671
CONT2025010683,EXPORT,NSICT,VC202500671
CONT2025010684,IMPORT,NSICT,VC202500671
CONT2025010685,EXPORT,NSICT,VC202500671
CONT2025010686,IMPORT,NSICT,VC202500671
CONT2025010687,IMPORT,NSICT,VC202500671
CONT2025010688,EXPORT,NSICT,VC202500671
CONT2025010689,IMPORT,NSICT,VC202500671
CONT2025010690,IMPORT,NSICT,VC202500671
CONT2025010691,EXPORT,NSICT,VC202500671
CONT2025010692,IMPORT,NSICT,VC202500671
CONT2025010693,EXPORT,NSFT,VC202500672
CONT2025010694,IMPORT,NSFT,VC202500672
CONT2025010695,IMPORT,NSFT,VC202500672
CONT2025010696,IMPORT,NSFT,VC202500672
CONT2025010697,IMPORT,NSFT,VC202500672
CONT2025010698,EXPORT,NSFT,VC202500672
CONT2025010699,IMPORT,NSFT,VC202500672
CONT2025010700,IMPORT,NSFT,VC202500672
CONT2025010701,IMPORT,NSFT,VC202500672
CONT2025010702,IMPORT,NSFT,VC202500672
CONT2025010703,EXPORT,NSFT,VC202500672
CONT2025010704,EXPORT,NSFT,VC202500672
CONT2025010705,IMPORT,NSFT,VC202500672
CONT2025010706,IMPORT,NSFT,VC202500672
CONT2025010707,IMPORT,NSFT,VC202500672
CONT2025010708,EXPORT,NSFT,VC202500672
CONT2025010709,IMPORT,NSFT,VC202500672
CONT2025010710,IMPORT,NSFT,VC202500672
CONT2025010711,IMPORT,NSFT,VC202500672
CONT2025010712,IMPORT,NSFT,VC202500672
CONT2025010713,IMPORT,NSFT,VC202500672
CONT2025010714,EXPORT,NSFT,VC202500672
CONT2025010715,IMPORT,NSFT,VC202500672
CONT2025010716,EXPORT,NSFT,VC202500672
CONT2025010717,EXPORT,NSFT,VC202500672
CONT2025010718,EXPORT,NSFT,VC202500672
CONT2025010719,EXPORT,NSFT,VC202500672
CONT2025010720,EXPORT,NSFT,VC202500672
CONT2025010721,IMPORT,NSFT,VC202500672
CONT2025010722,IMPORT,NSFT,VC202500672
CONT2025010723,EXPORT,NSFT,VC202500673
CONT2025010724,IMPORT,NSFT,VC202500673
CONT2025010725,IMPORT,NSFT,VC202500673
CONT2025010726,IMPORT,NSFT,VC202500673
CONT2025010727,EXPORT,NSFT,VC202500673
CONT2025010728,IMPORT,NSFT,VC202500673
CONT2025010729,IMPORT,NSFT,VC202500673
CONT2025010730,IMPORT,NSFT,VC202500674
CONT2025010731,IMPORT,NSFT,VC202500674
CONT2025010732,EXPORT,NSFT,VC202500674
CONT2025010733,IMPORT,NSFT,VC202500674
CONT2025010734,EXPORT,NSFT,VC202500674
CONT2025010735,IMPORT,NSFT,VC202500674
CONT2025010736,IMPORT,NSFT,VC202500674
CONT2025010737,IMPORT,NSFT,VC202500674
CONT2025010738,EXPORT,NSFT,VC202500674
CONT2025010739,IMPORT,NSFT,VC202500674
CONT2025010740,EXPORT,NSFT,VC202500674
CONT2025010741,EXPORT,NSFT,VC202500674
CONT2025010742,EXPORT,GTI,VC202500675
CONT2025010743,IMPORT,GTI,VC202500675
CONT2025010744,IMPORT,GTI,VC202500675
CONT2025010745,EXPORT,GTI,VC202500675
CONT2025010746,EXPORT,GTI,VC202500675
CONT2025010747,EXPORT,GTI,VC202500675
CONT2025010748,IMPORT,GTI,VC202500675
CONT2025010749,IMPORT,GTI,VC202500675
CONT2025010750,IMPORT,GTI,VC202500675
CONT2025010751,EXPORT,GTI,VC202500675
CONT2025010752,EXPORT,GTI,VC202500675
CONT2025010753,IMPORT,GTI,VC202500675
CONT2025010754,IMPORT,NSIGT,VC202500676
CONT2025010755,EXPORT,NSIGT,VC202500676
CONT2025010756,IMPORT,NSIGT,VC202500676
CONT2025010757,EXPORT,NSIGT,VC202500676
CONT2025010758,IMPORT,NSIGT,VC202500676
CONT2025010759,IMPORT,NSIGT,VC202500676
CONT2025010760,EXPORT,NSIGT,VC202500676
CONT2025010761,IMPORT,NSIGT,VC202500676
CONT2025010762,EXPORT,NSIGT,VC202500676
CONT2025010763,EXPORT,NSIGT,VC202500676
CONT2025010764,EXPORT,NSIGT,VC202500676
CONT2025010765,IMPORT,NSIGT,VC202500676
CONT2025010766,EXPORT,NSIGT,VC202500676
CONT2025010767,EXPORT,NSIGT,VC202500676
CONT2025010768,EXPORT,NSIGT,VC202500676
CONT2025010769,IMPORT,NSIGT,VC202500676
CONT2025010770,IMPORT,NSIGT,VC202500676
CONT2025010771,EXPORT,NSIGT,VC202500676
CONT2025010772,EXPORT,NSIGT,VC202500676
CONT2025010773,IMPORT,NSIGT,VC202500676
CONT2025010774,IMPORT,NSIGT,VC202500676
CONT2025010775,EXPORT,NSIGT,VC202500676
CONT2025010776,IMPORT,NSIGT,VC202500676
CONT2025010777,IMPORT,NSIGT,VC202500676
CONT2025010778,EXPORT,NSIGT,VC202500676
CONT2025010779,IMPORT,NSIGT,VC202500676
CONT2025010780,IMPORT,NSIGT,VC202500676
CONT2025010781,EXPORT,NSIGT,VC202500676
CONT2025010782,IMPORT,NSIGT,VC202500676
CONT2025010783,IMPORT,NSIGT,VC202500676
CONT2025010784,EXPORT,NSIGT,VC202500677
CONT2025010785,IMPORT,NSIGT,VC202500677
CONT2025010786,IMPORT,NSIGT,VC202500677
CONT2025010787,EXPORT,NSIGT,VC202500677
CONT2025010788,IMPORT,NSIGT,VC202500677
CONT2025010789,EXPORT,NSIGT,VC202500677
CONT2025010790,IMPORT,NSIGT,VC202500677
CONT2025010791,EXPORT,NSIGT,VC202500677
CONT2025010792,EXPORT,NSIGT,VC202500677
CONT2025010793,EXPORT,NSIGT,VC202500677
CONT2025010794,EXPORT,NSIGT,VC202500677
CONT2025010795,EXPORT,NSIGT,VC202500677
CONT2025010796,EXPORT,NSIGT,VC202500677
CONT2025010797,EXPORT,NSIGT,VC202500677
CONT2025010798,IMPORT,NSIGT,VC202500677
CONT2025010799,IMPORT,NSIGT,VC202500677
CONT2025010800,EXPORT,NSIGT,VC202500677
CONT2025010801,EXPORT,NSIGT,VC202500677
CONT2025010802,IMPORT,NSIGT,VC202500677
CONT2025010803,IMPORT,NSIGT,VC202500677
CONT2025010804,IMPORT,NSIGT,VC202500677
CONT2025010805,IMPORT,NSIGT,VC202500677
CONT2025010806,EXPORT,NSIGT,VC202500677
CONT2025010807,IMPORT,NSIGT,VC202500677
CONT2025010808,IMPORT,NSFT,VC202500678
CONT2025010809,EXPORT,NSFT,VC202500678
CONT2025010810,IMPORT,NSFT,VC202500678
CONT2025010811,IMPORT,NSFT,VC202500678
CONT2025010812,EXPORT,NSFT,VC202500678
CONT2025010813,IMPORT,NSFT,VC202500678
CONT2025010814,IMPORT,NSFT,VC202500678
CONT2025010815,IMPORT,NSFT,VC202500678
CONT2025010816,IMPORT,NSFT,VC202500678
CONT2025010817,IMPORT,NSFT,VC202500678
CONT2025010818,IMPORT,NSFT,VC202500678
CONT2025010819,EXPORT,NSICT,VC202500679
CONT2025010820,IMPORT,NSICT,VC202500679
CONT2025010821,EXPORT,NSICT,VC202500679
CONT2025010822,IMPORT,NSICT,VC202500679
CONT2025010823,IMPORT,NSICT,VC202500679
CONT2025010824,IMPORT,NSICT,VC202500679
CONT2025010825,EXPORT,NSICT,VC202500679
CONT2025010826,IMPORT,NSICT,VC202500679
CONT2025010827,EXPORT,NSICT,VC202500679
CONT2025010828,IMPORT,NSICT,VC202500679
CONT2025010829,IMPORT,NSICT,VC202500679
CONT2025010830,EXPORT,NSICT,VC202500679
CONT2025010831,EXPORT,NSICT,VC202500679
CONT2025010832,EXPORT,NSICT,VC202500679
CONT2025010833,EXPORT,NSICT,VC202500679
CONT2025010834,EXPORT,NSICT,VC202500679
