container_id,flow_type,terminal,vessel_call_id
CONT2024000000,IMPORT,NSICT,VC202400001
CONT2024000001,EXPORT,NSICT,VC202400001
CONT2024000002,EXPORT,NSICT,VC202400001
CONT2024000003,EXPORT,NSICT,VC202400001
CONT2024000004,IMPORT,NSICT,VC202400001
CONT2024000005,EXPORT,NSICT,VC202400001
CONT2024000006,IMPORT,NSICT,VC202400001
CONT2024000007,IMPORT,NSICT,VC202400001
CONT2024000008,EXPORT,NSICT,VC202400001
CONT2024000009,EXPORT,NSICT,VC202400001
CONT2024000010,EXPORT,NSICT,VC202400001
CONT2024000011,EXPORT,NSIGT,VC202400002
CONT2024000012,IMPORT,NSIGT,VC202400002
CONT2024000013,EXPORT,NSIGT,VC202400002
CONT2024000014,EXPORT,NSIGT,VC202400002
CONT2024000015,EXPORT,NSIGT,VC202400002
CONT2024000016,IMPORT,NSIGT,VC202400002
CONT2024000017,IMPORT,NSIGT,VC202400002
CONT2024000018,IMPORT,BMCT,VC202400003
CONT2024000019,EXPORT,BMCT,VC202400003
CONT2024000020,IMPORT,BMCT,VC202400003
CONT2024000021,IMPORT,BMCT,VC202400003
CONT2024000022,IMPORT,BMCT,VC202400003
CONT2024000023,EXPORT,BMCT,VC202400003
CONT2024000024,EXPORT,BMCT,VC202400003
CONT2024000025,EXPORT,BMCT,VC202400003
CONT2024000026,IMPORT,BMCT,VC202400003
CONT2024000027,IMPORT,BMCT,VC202400003
CONT2024000028,IMPORT,BMCT,VC202400003
CONT2024000029,IMPORT,BMCT,VC202400003
CONT2024000030,EXPORT,BMCT,VC202400003
CONT2024000031,IMPORT,BMCT,VC202400003
CONT2024000032,EXPORT,BMCT,VC202400003
CONT2024000033,IMPORT,BMCT,VC202400003
CONT2024000034,EXPORT,BMCT,VC202400003
CONT2024000035,EXPORT,BMCT,VC202400003
CONT2024000036,EXPORT,BMCT,VC202400003
CONT2024000037,EXPORT,BMCT,VC202400003
CONT2024000038,EXPORT,GTI,VC202400004
CONT2024000039,EXPORT,GTI,VC202400004
CONT2024000040,IMPORT,GTI,VC202400004
CONT2024000041,EXPORT,GTI,VC202400004
CONT2024000042,EXPORT,GTI,VC202400004
CONT2024000043,IMPORT,GTI,VC202400004
CONT2024000044,IMPORT,GTI,VC202400004
CONT2024000045,EXPORT,GTI,VC202400004
CONT2024000046,EXPORT,GTI,VC202400004
CONT2024000047,EXPORT,GTI,VC202400004
CONT2024000048,IMPORT,GTI,VC202400004
CONT2024000049,EXPORT,GTI,VC202400004
CONT2024000050,EXPORT,GTI,VC202400004
CONT2024000051,EXPORT,GTI,VC202400004
CONT2024000052,IMPORT,GTI,VC202400004
CONT2024000053,EXPORT,GTI,VC202400004
CONT2024000054,EXPORT,GTI,VC202400004
CONT2024000055,IMPORT,GTI,VC202400004
CONT2024000056,IMPORT,GTI,VC202400004
CONT2024000057,EXPORT,GTI,VC202400004
CONT2024000058,EXPORT,GTI,VC202400004
CONT2024000059,IMPORT,GTI,VC202400004
CONT2024000060,IMPORT,GTI,VC202400005
CONT2024000061,EXPORT,GTI,VC202400005
CONT2024000062,IMPORT,GTI,VC202400005
CONT2024000063,IMPORT,GTI,VC202400005
CONT2024000064,IMPORT,GTI,VC202400005
CONT2024000065,IMPORT,GTI,VC202400005
CONT2024000066,IMPORT,GTI,VC202400005
CONT2024000067,EXPORT,GTI,VC202400005
CONT2024000068,IMPORT,GTI,VC202400005
CONT2024000069,IMPORT,GTI,VC202400005
CONT2024000070,EXPORT,GTI,VC202400006
CONT2024000071,EXPORT,GTI,VC202400006
CONT2024000072,EXPORT,GTI,VC202400006
CONT2024000073,EXPORT,GTI,VC202400006
CONT2024000074,IMPORT,GTI,VC202400006
CONT2024000075,IMPORT,GTI,VC202400006
CONT2024000076,IMPORT,GTI,VC202400006
CONT2024000077,EXPORT,GTI,VC202400006
CONT2024000078,EXPORT,GTI,VC202400006
CONT2024000079,IMPORT,GTI,VC202400006
CONT2024000080,EXPORT,NSIGT,VC202400007
CONT2024000081,EXPORT,NSIGT,VC202400007
CONT2024000082,IMPORT,NSIGT,VC202400007
CONT2024000083,EXPORT,NSIGT,VC202400007
CONT2024000084,IMPORT,NSIGT,VC202400007
CONT2024000085,IMPORT,NSIGT,VC202400007
CONT2024000086,IMPORT,NSIGT,VC202400007
CONT2024000087,IMPORT,NSIGT,VC202400007
CONT2024000088,IMPORT,NSIGT,VC202400007
CONT2024000089,IMPORT,GTI,VC202400008
CONT2024000090,IMPORT,GTI,VC202400008
CONT2024000091,IMPORT,GTI,VC202400008
CONT2024000092,IMPORT,GTI,VC202400008
CONT2024000093,IMPORT,GTI,VC202400008
CONT2024000094,IMPORT,GTI,VC202400008
CONT2024000095,IMPORT,GTI,VC202400008
CONT2024000096,IMPORT,GTI,VC202400008
CONT2024000097,EXPORT,GTI,VC202400008
CONT2024000098,EXPORT,GTI,VC202400008
CONT2024000099,EXPORT,GTI,VC202400008
CONT2024000100,EXPORT,GTI,VC202400008
CONT2024000101,EXPORT,GTI,VC202400008
CONT2024000102,IMPORT,GTI,VC202400008
CONT2024000103,IMPORT,GTI,VC202400008
CONT2024000104,EXPORT,GTI,VC202400008
CONT2024000105,EXPORT,GTI,VC202400008
CONT2024000106,EXPORT,GTI,VC202400008
CONT2024000107,IMPORT,GTI,VC202400008
CONT2024000108,IMPORT,GTI,VC202400008
CONT2024000109,IMPORT,NSICT,VC202400009
CONT2024000110,IMPORT,NSICT,VC202400009
CONT2024000111,EXPORT,NSICT,VC202400009
CONT2024000112,EXPORT,NSICT,VC202400009
CONT2024000113,EXPORT,NSICT,VC202400009
CONT2024000114,IMPORT,NSICT,VC202400009
CONT2024000115,EXPORT,NSICT,VC202400009
CONT2024000116,IMPORT,NSICT,VC202400009
CONT2024000117,EXPORT,NSICT,VC202400009
CONT2024000118,EXPORT,NSICT,VC202400009
CONT2024000119,IMPORT,NSICT,VC202400009
CONT2024000120,EXPORT,NSICT,VC202400009
CONT2024000121,EXPORT,NSICT,VC202400009
CONT2024000122,IMPORT,NSICT,VC202400009
CONT2024000123,EXPORT,NSICT,VC202400009
CONT2024000124,IMPORT,NSICT,VC202400009
CONT2024000125,IMPORT,NSICT,VC202400009
CONT2024000126,IMPORT,NSICT,VC202400009
CONT2024000127,IMPORT,NSICT,VC202400009
CONT2024000128,IMPORT,NSICT,VC202400009
CONT2024000129,IMPORT,NSICT,VC202400009
CONT2024000130,EXPORT,NSICT,VC202400009
CONT2024000131,EXPORT,NSICT,VC202400009
CONT2024000132,EXPORT,NSICT,VC202400009
CONT2024000133,EXPORT,NSICT,VC202400009
CONT2024000134,IMPORT,NSICT,VC202400009
CONT2024000135,EXPORT,NSICT,VC202400009
CONT2024000136,EXPORT,NSICT,VC202400009
CONT2024000137,IMPORT,GTI,VC202400010
CONT2024000138,EXPORT,GTI,VC202400010
CONT2024000139,IMPORT,GTI,VC202400010
CONT2024000140,IMPORT,GTI,VC202400010
CONT2024000141,EXPORT,GTI,VC202400010
CONT2024000142,EXPORT,GTI,VC202400010
CONT2024000143,IMPORT,GTI,VC202400010
CONT2024000144,IMPORT,GTI,VC202400010
CONT2024000145,IMPORT,BMCT,VC202400011
CONT2024000146,IMPORT,BMCT,VC202400011
CONT2024000147,IMPORT,BMCT,VC202400011
CONT2024000148,EXPORT,BMCT,VC202400011
CONT2024000149,IMPORT,BMCT,VC202400011
CONT2024000150,IMPORT,BMCT,VC202400011
CONT2024000151,EXPORT,BMCT,VC202400011
CONT2024000152,IMPORT,BMCT,VC202400011
CONT2024000153,EXPORT,NSFT,VC202400012
CONT2024000154,IMPORT,NSFT,VC202400012
CONT2024000155,EXPORT,NSFT,VC202400012
CONT2024000156,EXPORT,NSFT,VC202400012
CONT2024000157,EXPORT,NSFT,VC202400012
CONT2024000158,EXPORT,NSFT,VC202400012
CONT2024000159,EXPORT,NSFT,VC202400012
CONT2024000160,IMPORT,NSFT,VC202400012
CONT2024000161,EXPORT,NSFT,VC202400012
CONT2024000162,EXPORT,NSFT,VC202400012
CONT2024000163,IMPORT,NSFT,VC202400012
CONT2024000164,IMPORT,NSFT,VC202400012
CONT2024000165,EXPORT,NSFT,VC202400012
CONT2024000166,IMPORT,BMCT,VC202400013
CONT2024000167,EXPORT,BMCT,VC202400013
CONT2024000168,EXPORT,BMCT,VC202400013
CONT2024000169,EXPORT,BMCT,VC202400013
CONT2024000170,IMPORT,BMCT,VC202400013
CONT2024000171,EXPORT,BMCT,VC202400013
CONT2024000172,IMPORT,BMCT,VC202400013
CONT2024000173,EXPORT,BMCT,VC202400013
CONT2024000174,IMPORT,BMCT,VC202400013
CONT2024000175,EXPORT,BMCT,VC202400013
CONT2024000176,EXPORT,BMCT,VC202400013
CONT2024000177,IMPORT,BMCT,VC202400013
CONT2024000178,EXPORT,BMCT,VC202400013
CONT2024000179,EXPORT,BMCT,VC202400013
CONT2024000180,EXPORT,BMCT,VC202400013
CONT2024000181,IMPORT,BMCT,VC202400013
CONT2024000182,EXPORT,BMCT,VC202400013
CONT2024000183,EXPORT,BMCT,VC202400013
CONT2024000184,EXPORT,BMCT,VC202400013
CONT2024000185,IMPORT,BMCT,VC202400013
CONT2024000186,IMPORT,BMCT,VC202400013
CONT2024000187,IMPORT,BMCT,VC202400013
CONT2024000188,EXPORT,BMCT,VC202400014
CONT2024000189,IMPORT,BMCT,VC202400014
CONT2024000190,EXPORT,BMCT,VC202400014
CONT2024000191,EXPORT,BMCT,VC202400014
CONT2024000192,EXPORT,BMCT,VC202400014
CONT2024000193,IMPORT,BMCT,VC202400014
CONT2024000194,EXPORT,BMCT,VC202400014
CONT2024000195,IMPORT,BMCT,VC202400014
CONT2024000196,IMPORT,BMCT,VC202400014
CONT2024000197,EXPORT,BMCT,VC202400014
CONT2024000198,EXPORT,BMCT,VC202400014
CONT2024000199,IMPORT,BMCT,VC202400014
CONT2024000200,EXPORT,BMCT,VC202400014
CONT2024000201,IMPORT,BMCT,VC202400014
CONT2024000202,EXPORT,BMCT,VC202400014
CONT2024000203,EXPORT,BMCT,VC202400014
CONT2024000204,EXPORT,BMCT,VC202400014
CONT2024000205,IMPORT,BMCT,VC202400014
CONT2024000206,EXPORT,BMCT,VC202400015
CONT2024000207,IMPORT,BMCT,VC202400015
CONT2024000208,EXPORT,BMCT,VC202400015
CONT2024000209,EXPORT,BMCT,VC202400015
CONT2024000210,IMPORT,BMCT,VC202400015
CONT2024000211,IMPORT,BMCT,VC202400015
CONT2024000212,IMPORT,BMCT,VC202400015
CONT2024000213,IMPORT,BMCT,VC202400015
CONT2024000214,EXPORT,BMCT,VC202400015
CONT2024000215,EXPORT,BMCT,VC202400015
CONT2024000216,EXPORT,BMCT,VC202400015
CONT2024000217,EXPORT,BMCT,VC202400015
CONT2024000218,EXPORT,BMCT,VC202400015
CONT2024000219,EXPORT,BMCT,VC202400015
CONT2024000220,IMPORT,BMCT,VC202400015
CONT2024000221,EXPORT,BMCT,VC202400015
CONT2024000222,EXPORT,BMCT,VC202400015
CONT2024000223,IMPORT,BMCT,VC202400015
CONT2024000224,IMPORT,BMCT,VC202400015
CONT2024000225,EXPORT,BMCT,VC202400015
CONT2024000226,IMPORT,BMCT,VC202400015
CONT2024000227,EXPORT,BMCT,VC202400015
CONT2024000228,IMPORT,BMCT,VC202400015
CONT2024000229,IMPORT,BMCT,VC202400015
CONT2024000230,IMPORT,BMCT,VC202400015
CONT2024000231,IMPORT,BMCT,VC202400015
CONT2024000232,EXPORT,BMCT,VC202400015
CONT2024000233,IMPORT,NSICT,VC202400016
CONT2024000234,IMPORT,NSICT,VC202400016
CONT2024000235,IMPORT,NSICT,VC202400016
CONT2024000236,EXPORT,NSICT,VC202400016
CONT2024000237,IMPORT,NSICT,VC202400016
CONT2024000238,IMPORT,NSICT,VC202400016
CONT2024000239,EXPORT,GTI,VC202400017
CONT2024000240,EXPORT,GTI,VC202400017
CONT2024000241,EXPORT,GTI,VC202400017
CONT2024000242,EXPORT,GTI,VC202400017
CONT2024000243,EXPORT,GTI,VC202400017
CONT2024000244,IMPORT,GTI,VC202400017
CONT2024000245,IMPORT,GTI,VC202400017
CONT2024000246,EXPORT,GTI,VC202400017
CONT2024000247,EXPORT,GTI,VC202400017
CONT2024000248,IMPORT,GTI,VC202400017
CONT2024000249,IMPORT,GTI,VC202400017
CONT2024000250,EXPORT,NSIGT,VC202400018
CONT2024000251,EXPORT,NSIGT,VC202400018
CONT2024000252,EXPORT,NSIGT,VC202400018
CONT2024000253,IMPORT,NSIGT,VC202400018
CONT2024000254,IMPORT,NSIGT,VC202400018
CONT2024000255,IMPORT,NSIGT,VC202400018
CONT2024000256,EXPORT,NSIGT,VC202400018
CONT2024000257,IMPORT,NSIGT,VC202400018
CONT2024000258,EXPORT,NSIGT,VC202400018
CONT2024000259,IMPORT,NSIGT,VC202400018
CONT2024000260,EXPORT,NSIGT,VC202400018
CONT2024000261,EXPORT,NSIGT,VC202400018
CONT2024000262,EXPORT,NSIGT,VC202400018
CONT2024000263,EXPORT,NSIGT,VC202400018
CONT2024000264,EXPORT,NSIGT,VC202400018
CONT2024000265,EXPORT,NSIGT,VC202400018
CONT2024000266,IMPORT,NSIGT,VC202400018
CONT2024000267,IMPORT,NSIGT,VC202400018
CONT2024000268,IMPORT,NSIGT,VC202400018
CONT2024000269,EXPORT,NSIGT,VC202400018
CONT2024000270,IMPORT,NSIGT,VC202400018
CONT2024000271,EXPORT,NSIGT,VC202400018
CONT2024000272,IMPORT,NSIGT,VC202400018
CONT2024000273,IMPORT,NSIGT,VC202400018
CONT2024000274,IMPORT,NSIGT,VC202400018
CONT2024000275,EXPORT,NSIGT,VC202400019
CONT2024000276,EXPORT,NSIGT,VC202400019
CONT2024000277,IMPORT,NSIGT,VC202400019
CONT2024000278,IMPORT,NSIGT,VC202400019
CONT2024000279,IMPORT,NSIGT,VC202400019
CONT2024000280,IMPORT,NSIGT,VC202400019
CONT2024000281,EXPORT,NSIGT,VC202400019
CONT2024000282,IMPORT,NSIGT,VC202400019
CONT2024000283,IMPORT,NSIGT,VC202400019
CONT2024000284,EXPORT,NSIGT,VC202400019
CONT2024000285,IMPORT,NSIGT,VC202400019
CONT2024000286,IMPORT,NSIGT,VC202400019
CONT2024000287,EXPORT,NSIGT,VC202400019
CONT2024000288,IMPORT,NSIGT,VC202400019
CONT2024000289,EXPORT,NSIGT,VC202400019
CONT2024000290,IMPORT,NSIGT,VC202400019
CONT2024000291,EXPORT,NSIGT,VC202400019
CONT2024000292,EXPORT,NSIGT,VC202400019
CONT2024000293,IMPORT,NSIGT,VC202400019
CONT2024000294,IMPORT,NSIGT,VC202400019
CONT2024000295,IMPORT,NSIGT,VC202400019
CONT2024000296,EXPORT,NSIGT,VC202400019
CONT2024000297,EXPORT,NSIGT,VC202400019
CONT2024000298,EXPORT,NSIGT,VC202400019
CONT2024000299,IMPORT,NSIGT,VC202400019
CONT2024000300,IMPORT,NSIGT,VC202400019
CONT2024000301,EXPORT,NSIGT,VC202400019
CONT2024000302,IMPORT,NSIGT,VC202400019
CONT2024000303,IMPORT,NSIGT,VC202400019
CONT2024000304,EXPORT,NSIGT,VC202400019
CONT2024000305,EXPORT,NSIGT,VC202400019
CONT2024000306,EXPORT,NSIGT,VC202400019
CONT2024000307,EXPORT,NSIGT,VC202400019
CONT2024000308,IMPORT,NSIGT,VC202400019
CONT2024000309,EXPORT,NSIGT,VC202400019
CONT2024000310,IMPORT,BMCT,VC202400020
CONT2024000311,EXPORT,BMCT,VC202400020
CONT2024000312,EXPORT,BMCT,VC202400020
CONT2024000313,IMPORT,BMCT,VC202400020
CONT2024000314,IMPORT,BMCT,VC202400020
CONT2024000315,EXPORT,BMCT,VC202400020
CONT2024000316,IMPORT,BMCT,VC202400020
CONT2024000317,EXPORT,BMCT,VC202400020
CONT2024000318,EXPORT,BMCT,VC202400020
CONT2024000319,IMPORT,BMCT,VC202400020
CONT2024000320,IMPORT,BMCT,VC202400020
CONT2024000321,EXPORT,BMCT,VC202400020
CONT2024000322,EXPORT,BMCT,VC202400021
CONT2024000323,IMPORT,BMCT,VC202400021
CONT2024000324,IMPORT,BMCT,VC202400021
CONT2024000325,EXPORT,BMCT,VC202400021
CONT2024000326,EXPORT,BMCT,VC202400021
CONT2024000327,EXPORT,BMCT,VC202400021
CONT2024000328,IMPORT,BMCT,VC202400021
CONT2024000329,EXPORT,BMCT,VC202400021
CONT2024000330,IMPORT,BMCT,VC202400021
CONT2024000331,IMPORT,BMCT,VC202400021
CONT2024000332,EXPORT,NSICT,VC202400022
CONT2024000333,IMPORT,NSICT,VC202400022
CONT2024000334,IMPORT,NSICT,VC202400022
CONT2024000335,IMPORT,NSICT,VC202400022
CONT2024000336,IMPORT,NSICT,VC202400022
CONT2024000337,EXPORT,NSICT,VC202400022
CONT2024000338,IMPORT,NSICT,VC202400022
CONT2024000339,EXPORT,NSICT,VC202400022
CONT2024000340,IMPORT,NSICT,VC202400022
CONT2024000341,EXPORT,GTI,VC202400023
CONT2024000342,EXPORT,GTI,VC202400023
CONT2024000343,EXPORT,GTI,VC202400023
CONT2024000344,EXPORT,GTI,VC202400023
CONT2024000345,EXPORT,GTI,VC202400023
CONT2024000346,IMPORT,GTI,VC202400023
CONT2024000347,IMPORT,GTI,VC202400023
CONT2024000348,EXPORT,GTI,VC202400023
CONT2024000349,IMPORT,GTI,VC202400023
CONT2024000350,EXPORT,GTI,VC202400023
CONT2024000351,EXPORT,GTI,VC202400023
CONT2024000352,IMPORT,GTI,VC202400023
CONT2024000353,EXPORT,GTI,VC202400023
CONT2024000354,IMPORT,GTI,VC202400023
CONT2024000355,IMPORT,GTI,VC202400023
CONT2024000356,EXPORT,GTI,VC202400023
CONT2024000357,EXPORT,GTI,VC202400023
CONT2024000358,IMPORT,GTI,VC202400023
CONT2024000359,EXPORT,GTI,VC202400023
CONT2024000360,IMPORT,GTI,VC202400023
CONT2024000361,IMPORT,GTI,VC202400023
CONT2024000362,IMPORT,NSFT,VC202400024
CONT2024000363,EXPORT,NSFT,VC202400024
CONT2024000364,IMPORT,NSFT,VC202400024
CONT2024000365,EXPORT,NSFT,VC202400024
CONT2024000366,EXPORT,NSFT,VC202400024
CONT2024000367,IMPORT,NSFT,VC202400024
CONT2024000368,EXPORT,NSFT,VC202400024
CONT2024000369,IMPORT,NSFT,VC202400024
CONT2024000370,EXPORT,NSFT,VC202400024
CONT2024000371,IMPORT,NSFT,VC202400024
CONT2024000372,EXPORT,NSFT,VC202400024
CONT2024000373,EXPORT,NSFT,VC202400024
CONT2024000374,EXPORT,NSFT,VC202400024
CONT2024000375,EXPORT,NSFT,VC202400024
CONT2024000376,IMPORT,NSFT,VC202400024
CONT2024000377,IMPORT,NSFT,VC202400024
CONT2024000378,IMPORT,NSFT,VC202400024
CONT2024000379,IMPORT,NSFT,VC202400024
CONT2024000380,IMPORT,NSFT,VC202400024
CONT2024000381,IMPORT,NSFT,VC202400024
CONT2024000382,IMPORT,NSFT,VC202400024
CONT2024000383,IMPORT,NSFT,VC202400024
CONT2024000384,IMPORT,NSFT,VC202400024
CONT2024000385,EXPORT,NSFT,VC202400024
CONT2024000386,IMPORT,NSFT,VC202400024
CONT2024000387,IMPORT,NSFT,VC202400024
CONT2024000388,EXPORT,NSFT,VC202400024
CONT2024000389,EXPORT,BMCT,VC202400025
CONT2024000390,EXPORT,BMCT,VC202400025
CONT2024000391,IMPORT,BMCT,VC202400025
CONT2024000392,IMPORT,BMCT,VC202400025
CONT2024000393,EXPORT,BMCT,VC202400025
CONT2024000394,IMPORT,BMCT,VC202400025
CONT2024000395,IMPORT,BMCT,VC202400025
CONT2024000396,IMPORT,BMCT,VC202400025
CONT2024000397,IMPORT,BMCT,VC202400025
CONT2024000398,IMPORT,BMCT,VC202400025
CONT2024000399,IMPORT,BMCT,VC202400025
CONT2024000400,IMPORT,BMCT,VC202400025
CONT2024000401,IMPORT,BMCT,VC202400025
CONT2024000402,IMPORT,BMCT,VC202400025
CONT2024000403,IMPORT,BMCT,VC202400025
CONT2024000404,EXPORT,BMCT,VC202400025
CONT2024000405,IMPORT,BMCT,VC202400025
CONT2024000406,EXPORT,NSIGT,VC202400026
CONT2024000407,IMPORT,NSIGT,VC202400026
CONT2024000408,IMPORT,NSIGT,VC202400026
CONT2024000409,EXPORT,NSIGT,VC202400026
CONT2024000410,EXPORT,NSIGT,VC202400026
CONT2024000411,EXPORT,NSIGT,VC202400026
CONT2024000412,EXPORT,GTI,VC202400027
CONT2024000413,IMPORT,GTI,VC202400027
CONT2024000414,EXPORT,GTI,VC202400027
CONT2024000415,IMPORT,GTI,VC202400027
CONT2024000416,EXPORT,GTI,VC202400027
CONT2024000417,IMPORT,GTI,VC202400027
CONT2024000418,EXPORT,GTI,VC202400027
CONT2024000419,IMPORT,GTI,VC202400027
CONT2024000420,IMPORT,GTI,VC202400027
CONT2024000421,EXPORT,GTI,VC202400027
CONT2024000422,IMPORT,GTI,VC202400027
CONT2024000423,EXPORT,GTI,VC202400027
CONT2024000424,EXPORT,GTI,VC202400027
CONT2024000425,IMPORT,GTI,VC202400027
CONT2024000426,IMPORT,GTI,VC202400027
CONT2024000427,EXPORT,GTI,VC202400027
CONT2024000428,EXPORT,GTI,VC202400027
CONT2024000429,EXPORT,NSIGT,VC202400028
CONT2024000430,IMPORT,NSIGT,VC202400028
CONT2024000431,EXPORT,NSIGT,VC202400028
CONT2024000432,IMPORT,NSIGT,VC202400028
CONT2024000433,IMPORT,NSIGT,VC202400028
CONT2024000434,EXPORT,NSIGT,VC202400028
CONT2024000435,EXPORT,NSIGT,VC202400028
CONT2024000436,EXPORT,NSIGT,VC202400028
CONT2024000437,IMPORT,NSIGT,VC202400028
CONT2024000438,IMPORT,NSIGT,VC202400028
CONT2024000439,EXPORT,NSIGT,VC202400028
CONT2024000440,IMPORT,NSFT,VC202400029
CONT2024000441,EXPORT,NSFT,VC202400029
CONT2024000442,EXPORT,NSFT,VC202400029
CONT2024000443,IMPORT,NSFT,VC202400029
CONT2024000444,EXPORT,NSFT,VC202400029
CONT2024000445,EXPORT,NSFT,VC202400029
CONT2024000446,EXPORT,NSFT,VC202400029
CONT2024000447,EXPORT,NSFT,VC202400029
CONT2024000448,IMPORT,NSFT,VC202400029
CONT2024000449,EXPORT,NSFT,VC202400029
CONT2024000450,EXPORT,NSFT,VC202400029
CONT2024000451,IMPORT,NSFT,VC202400029
CONT2024000452,IMPORT,NSFT,VC202400029
CONT2024000453,IMPORT,NSFT,VC202400029
CONT2024000454,IMPORT,NSFT,VC202400029
CONT2024000455,EXPORT,NSFT,VC202400029
CONT2024000456,EXPORT,NSFT,VC202400029
CONT2024000457,EXPORT,NSFT,VC202400029
CONT2024000458,IMPORT,NSICT,VC202400030
CONT2024000459,EXPORT,NSICT,VC202400030
CONT2024000460,IMPORT,NSICT,VC202400030
CONT2024000461,EXPORT,NSICT,VC202400030
CONT2024000462,EXPORT,NSICT,VC202400030
CONT2024000463,IMPORT,NSICT,VC202400030
CONT2024000464,IMPORT,NSICT,VC202400030
CONT2024000465,EXPORT,NSICT,VC202400030
CONT2024000466,IMPORT,NSICT,VC202400030
CONT2024000467,IMPORT,NSICT,VC202400030
CONT2024000468,EXPORT,NSICT,VC202400030
CONT2024000469,IMPORT,NSICT,VC202400030
CONT2024000470,IMPORT,NSICT,VC202400030
CONT2024000471,IMPORT,NSICT,VC202400030
CONT2024000472,IMPORT,NSICT,VC202400030
CONT2024000473,IMPORT,GTI,VC202400031
CONT2024000474,EXPORT,GTI,VC202400031
CONT2024000475,IMPORT,GTI,VC202400031
CONT2024000476,IMPORT,GTI,VC202400031
CONT2024000477,IMPORT,GTI,VC202400031
CONT2024000478,EXPORT,GTI,VC202400031
CONT2024000479,EXPORT,GTI,VC202400031
CONT2024000480,EXPORT,GTI,VC202400031
CONT2024000481,EXPORT,GTI,VC202400031
CONT2024000482,EXPORT,GTI,VC202400031
CONT2024000483,EXPORT,GTI,VC202400031
CONT2024000484,IMPORT,GTI,VC202400031
CONT2024000485,IMPORT,GTI,VC202400031
CONT2024000486,EXPORT,GTI,VC202400031
CONT2024000487,IMPORT,GTI,VC202400031
CONT2024000488,IMPORT,GTI,VC202400031
CONT2024000489,IMPORT,GTI,VC202400031
CONT2024000490,EXPORT,GTI,VC202400031
CONT2024000491,IMPORT,GTI,VC202400031
CONT2024000492,EXPORT,GTI,VC202400031
CONT2024000493,IMPORT,GTI,VC202400031
CONT2024000494,IMPORT,GTI,VC202400031
CONT2024000495,EXPORT,GTI,VC202400031
CONT2024000496,IMPORT,GTI,VC202400031
CONT2024000497,IMPORT,GTI,VC202400031
CONT2024000498,EXPORT,GTI,VC202400031
CONT2024000499,EXPORT,GTI,VC202400031
CONT2024000500,IMPORT,GTI,VC202400031
CONT2024000501,IMPORT,NSICT,VC202400032
CONT2024000502,EXPORT,NSICT,VC202400032
CONT2024000503,EXPORT,NSICT,VC202400032
CONT2024000504,EXPORT,NSICT,VC202400032
CONT2024000505,IMPORT,NSICT,VC202400032
CONT2024000506,IMPORT,NSICT,VC202400032
CONT2024000507,IMPORT,NSICT,VC202400032
CONT2024000508,EXPORT,NSICT,VC202400032
CONT2024000509,IMPORT,NSICT,VC202400032
CONT2024000510,EXPORT,NSICT,VC202400032
CONT2024000511,IMPORT,NSICT,VC202400032
CONT2024000512,IMPORT,NSICT,VC202400032
CONT2024000513,IMPORT,NSICT,VC202400032
CONT2024000514,EXPORT,NSICT,VC202400032
CONT2024000515,EXPORT,NSICT,VC202400032
CONT2024000516,EXPORT,NSICT,VC202400033
CONT2024000517,EXPORT,NSICT,VC202400033
CONT2024000518,EXPORT,NSICT,VC202400033
CONT2024000519,EXPORT,NSICT,VC202400033
CONT2024000520,IMPORT,NSICT,VC202400033
CONT2024000521,EXPORT,NSICT,VC202400033
CONT2024000522,IMPORT,NSICT,VC202400033
CONT2024000523,IMPORT,NSICT,VC202400033
CONT2024000524,EXPORT,NSICT,VC202400033
CONT2024000525,EXPORT,NSICT,VC202400033
CONT2024000526,EXPORT,NSICT,VC202400033
CONT2024000527,EXPORT,NSICT,VC202400033
CONT2024000528,IMPORT,NSICT,VC202400033
CONT2024000529,IMPORT,NSIGT,VC202400034
CONT2024000530,IMPORT,NSIGT,VC202400034
CONT2024000531,EXPORT,NSIGT,VC202400034
CONT2024000532,IMPORT,NSIGT,VC202400034
CONT2024000533,EXPORT,NSIGT,VC202400034
CONT2024000534,EXPORT,NSIGT,VC202400034
CONT2024000535,EXPORT,NSIGT,VC202400034
CONT2024000536,EXPORT,NSIGT,VC202400034
CONT2024000537,EXPORT,NSIGT,VC202400034
CONT2024000538,IMPORT,NSIGT,VC202400034
CONT2024000539,IMPORT,NSIGT,VC202400034
CONT2024000540,EXPORT,NSIGT,VC202400034
CONT2024000541,EXPORT,NSIGT,VC202400034
CONT2024000542,IMPORT,GTI,VC202400035
CONT2024000543,IMPORT,GTI,VC202400035
CONT2024000544,IMPORT,GTI,VC202400035
CONT2024000545,EXPORT,GTI,VC202400035
CONT2024000546,EXPORT,GTI,VC202400035
CONT2024000547,IMPORT,GTI,VC202400035
CONT2024000548,IMPORT,GTI,VC202400035
CONT2024000549,IMPORT,GTI,VC202400035
CONT2024000550,IMPORT,GTI,VC202400035
CONT2024000551,IMPORT,GTI,VC202400035
CONT2024000552,EXPORT,GTI,VC202400035
CONT2024000553,EXPORT,GTI,VC202400035
CONT2024000554,EXPORT,GTI,VC202400035
CONT2024000555,IMPORT,GTI,VC202400035
CONT2024000556,EXPORT,GTI,VC202400035
CONT2024000557,IMPORT,GTI,VC202400035
CONT2024000558,EXPORT,GTI,VC202400035
CONT2024000559,IMPORT,GTI,VC202400035
CONT2024000560,IMPORT,GTI,VC202400035
CONT2024000561,IMPORT,GTI,VC202400035
CONT2024000562,IMPORT,GTI,VC202400035
CONT2024000563,EXPORT,GTI,VC202400035
CONT2024000564,IMPORT,GTI,VC202400035
CONT2024000565,EXPORT,GTI,VC202400035
CONT2024000566,IMPORT,GTI,VC202400035
CONT2024000567,IMPORT,GTI,VC202400035
CONT2024000568,EXPORT,GTI,VC202400035
CONT2024000569,EXPORT,GTI,VC202400035
CONT2024000570,EXPORT,GTI,VC202400035
CONT2024000571,IMPORT,GTI,VC202400035
CONT2024000572,EXPORT,GTI,VC202400035
CONT2024000573,IMPORT,GTI,VC202400035
CONT2024000574,EXPORT,NSIGT,VC202400036
CONT2024000575,EXPORT,NSIGT,VC202400036
CONT2024000576,EXPORT,NSIGT,VC202400036
CONT2024000577,EXPORT,NSIGT,VC202400036
CONT2024000578,IMPORT,NSIGT,VC202400036
CONT2024000579,IMPORT,NSIGT,VC202400036
CONT2024000580,EXPORT,NSIGT,VC202400036
CONT2024000581,EXPORT,NSIGT,VC202400036
CONT2024000582,IMPORT,NSIGT,VC202400036
CONT2024000583,IMPORT,NSIGT,VC202400036
CONT2024000584,IMPORT,NSIGT,VC202400036
CONT2024000585,IMPORT,NSIGT,VC202400037
CONT2024000586,IMPORT,NSIGT,VC202400037
CONT2024000587,EXPORT,NSIGT,VC202400037
CONT2024000588,EXPORT,NSIGT,VC202400037
CONT2024000589,EXPORT,NSIGT,VC202400037
CONT2024000590,IMPORT,NSIGT,VC202400037
CONT2024000591,IMPORT,NSIGT,VC202400037
CONT2024000592,IMPORT,NSIGT,VC202400037
CONT2024000593,IMPORT,NSIGT,VC202400037
CONT2024000594,IMPORT,NSIGT,VC202400037
CONT2024000595,EXPORT,NSIGT,VC202400037
CONT2024000596,IMPORT,NSIGT,VC202400037
CONT2024000597,IMPORT,NSIGT,VC202400037
CONT2024000598,EXPORT,NSIGT,VC202400037
CONT2024000599,EXPORT,NSIGT,VC202400037
CONT2024000600,IMPORT,NSIGT,VC202400037
CONT2024000601,EXPORT,NSIGT,VC202400037
CONT2024000602,IMPORT,NSIGT,VC202400037
CONT2024000603,IMPORT,NSIGT,VC202400037
CONT2024000604,IMPORT,NSIGT,VC202400037
CONT2024000605,EXPORT,NSIGT,VC202400037
CONT2024000606,EXPORT,NSFT,VC202400038
CONT2024000607,IMPORT,NSFT,VC202400038
CONT2024000608,EXPORT,NSFT,VC202400038
CONT2024000609,IMPORT,NSFT,VC202400038
CONT2024000610,EXPORT,NSFT,VC202400038
CONT2024000611,EXPORT,NSFT,VC202400038
CONT2024000612,IMPORT,NSFT,VC202400038
CONT2024000613,EXPORT,NSFT,VC202400038
CONT2024000614,EXPORT,NSFT,VC202400038
CONT2024000615,IMPORT,NSFT,VC202400038
CONT2024000616,IMPORT,NSFT,VC202400038
CONT2024000617,IMPORT,NSFT,VC202400038
CONT2024000618,EXPORT,NSFT,VC202400038
CONT2024000619,IMPORT,NSFT,VC202400038
CONT2024000620,EXPORT,NSFT,VC202400038
CONT2024000621,IMPORT,NSFT,VC202400038
CONT2024000622,EXPORT,NSFT,VC202400038
CONT2024000623,IMPORT,NSFT,VC202400038
CONT2024000624,IMPORT,NSFT,VC202400038
CONT2024000625,EXPORT,NSICT,VC202400039
CONT2024000626,EXPORT,NSICT,VC202400039
CONT2024000627,EXPORT,NSICT,VC202400039
CONT2024000628,IMPORT,NSICT,VC202400039
CONT2024000629,EXPORT,NSICT,VC202400039
CONT2024000630,IMPORT,NSICT,VC202400039
CONT2024000631,IMPORT,NSICT,VC202400039
CONT2024000632,IMPORT,NSICT,VC202400039
CONT2024000633,EXPORT,NSICT,VC202400039
CONT2024000634,EXPORT,NSICT,VC202400039
CONT2024000635,IMPORT,NSICT,VC202400039
CONT2024000636,IMPORT,NSICT,VC202400039
CONT2024000637,IMPORT,NSICT,VC202400039
CONT2024000638,EXPORT,NSICT,VC202400039
CONT2024000639,EXPORT,NSICT,VC202400039
CONT2024000640,IMPORT,NSICT,VC202400039
CONT2024000641,EXPORT,GTI,VC202400040
CONT2024000642,IMPORT,GTI,VC202400040
CONT2024000643,EXPORT,GTI,VC202400040
CONT2024000644,IMPORT,GTI,VC202400040
CONT2024000645,IMPORT,GTI,VC202400040
CONT2024000646,IMPORT,GTI,VC202400040
CONT2024000647,IMPORT,GTI,VC202400040
CONT2024000648,IMPORT,GTI,VC202400040
CONT2024000649,EXPORT,GTI,VC202400040
CONT2024000650,IMPORT,GTI,VC202400040
CONT2024000651,EXPORT,GTI,VC202400040
CONT2024000652,IMPORT,GTI,VC202400040
CONT2024000653,EXPORT,GTI,VC202400040
CONT2024000654,EXPORT,GTI,VC202400040
CONT2024000655,IMPORT,GTI,VC202400040
CONT2024000656,EXPORT,GTI,VC202400040
CONT2024000657,EXPORT,NSICT,VC202400041
CONT2024000658,EXPORT,NSICT,VC202400041
CONT2024000659,IMPORT,NSICT,VC202400041
CONT2024000660,EXPORT,NSICT,VC202400041
CONT2024000661,IMPORT,NSICT,VC202400041
CONT2024000662,EXPORT,NSICT,VC202400041
CONT2024000663,IMPORT,NSICT,VC202400041
CONT2024000664,IMPORT,NSICT,VC202400041
CONT2024000665,IMPORT,NSICT,VC202400041
CONT2024000666,EXPORT,NSICT,VC202400041
CONT2024000667,IMPORT,NSICT,VC202400041
CONT2024000668,EXPORT,NSICT,VC202400041
CONT2024000669,EXPORT,NSICT,VC202400041
CONT2024000670,EXPORT,NSICT,VC202400041
CONT2024000671,IMPORT,BMCT,VC202400042
CONT2024000672,EXPORT,BMCT,VC202400042
CONT2024000673,EXPORT,BMCT,VC202400042
CONT2024000674,EXPORT,BMCT,VC202400042
CONT2024000675,IMPORT,BMCT,VC202400042
CONT2024000676,EXPORT,BMCT,VC202400042
CONT2024000677,IMPORT,BMCT,VC202400042
CONT2024000678,EXPORT,BMCT,VC202400042
CONT2024000679,IMPORT,BMCT,VC202400042
CONT2024000680,EXPORT,BMCT,VC202400042
CONT2024000681,EXPORT,BMCT,VC202400042
CONT2024000682,IMPORT,BMCT,VC202400042
CONT2024000683,IMPORT,BMCT,VC202400042
CONT2024000684,IMPORT,BMCT,VC202400042
CONT2024000685,IMPORT,BMCT,VC202400042
CONT2024000686,EXPORT,BMCT,VC202400042
CONT2024000687,EXPORT,BMCT,VC202400042
CONT2024000688,EXPORT,BMCT,VC202400042
CONT2024000689,EXPORT,BMCT,VC202400042
CONT2024000690,EXPORT,BMCT,VC202400042
CONT2024000691,EXPORT,BMCT,VC202400042
CONT2024000692,EXPORT,BMCT,VC202400042
CONT2024000693,EXPORT,BMCT,VC202400042
CONT2024000694,EXPORT,BMCT,VC202400042
CONT2024000695,EXPORT,BMCT,VC202400042
CONT2024000696,IMPORT,BMCT,VC202400042
CONT2024000697,EXPORT,BMCT,VC202400042
CONT2024000698,EXPORT,BMCT,VC202400042
CONT2024000699,IMPORT,BMCT,VC202400042
CONT2024000700,EXPORT,BMCT,VC202400042
CONT2024000701,EXPORT,BMCT,VC202400042
CONT2024000702,IMPORT,BMCT,VC202400043
CONT2024000703,EXPORT,BMCT,VC202400043
CONT2024000704,EXPORT,BMCT,VC202400043
CONT2024000705,IMPORT,BMCT,VC202400043
CONT2024000706,EXPORT,BMCT,VC202400043
CONT2024000707,IMPORT,BMCT,VC202400043
CONT2024000708,IMPORT,BMCT,VC202400043
CONT2024000709,IMPORT,BMCT,VC202400043
CONT2024000710,IMPORT,BMCT,VC202400043
CONT2024000711,IMPORT,BMCT,VC202400043
CONT2024000712,IMPORT,BMCT,VC202400043
CONT2024000713,EXPORT,BMCT,VC202400043
CONT2024000714,EXPORT,BMCT,VC202400043
CONT2024000715,IMPORT,BMCT,VC202400043
CONT2024000716,EXPORT,BMCT,VC202400043
CONT2024000717,EXPORT,BMCT,VC202400043
CONT2024000718,IMPORT,BMCT,VC202400043
CONT2024000719,IMPORT,NSFT,VC202400044
CONT2024000720,IMPORT,NSFT,VC202400044
CONT2024000721,EXPORT,NSFT,VC202400044
CONT2024000722,IMPORT,NSFT,VC202400044
CONT2024000723,IMPORT,NSFT,VC202400044
CONT2024000724,IMPORT,NSFT,VC202400044
CONT2024000725,IMPORT,NSFT,VC202400044
CONT2024000726,IMPORT,NSFT,VC202400044
CONT2024000727,EXPORT,NSFT,VC202400044
CONT2024000728,IMPORT,NSFT,VC202400044
CONT2024000729,EXPORT,NSFT,VC202400044
CONT2024000730,EXPORT,NSFT,VC202400044
CONT2024000731,EXPORT,NSFT,VC202400044
CONT2024000732,IMPORT,NSFT,VC202400044
CONT2024000733,IMPORT,NSFT,VC202400044
CONT2024000734,IMPORT,NSFT,VC202400044
CONT2024000735,EXPORT,NSFT,VC202400044
CONT2024000736,IMPORT,NSFT,VC202400044
CONT2024000737,EXPORT,NSFT,VC202400044
CONT2024000738,IMPORT,NSFT,VC202400044
CONT2024000739,EXPORT,NSFT,VC202400044
CONT2024000740,EXPORT,BMCT,VC202400045
CONT2024000741,IMPORT,BMCT,VC202400045
CONT2024000742,IMPORT,BMCT,VC202400045
CONT2024000743,IMPORT,BMCT,VC202400045
CONT2024000744,IMPORT,BMCT,VC202400045
CONT2024000745,EXPORT,BMCT,VC202400045
CONT2024000746,IMPORT,BMCT,VC202400045
CONT2024000747,IMPORT,BMCT,VC202400045
CONT2024000748,EXPORT,BMCT,VC202400045
CONT2024000749,EXPORT,BMCT,VC202400045
CONT2024000750,IMPORT,BMCT,VC202400045
CONT2024000751,IMPORT,BMCT,VC202400045
CONT2024000752,IMPORT,BMCT,VC202400045
CONT2024000753,IMPORT,BMCT,VC202400045
CONT2024000754,EXPORT,NSIGT,VC202400046
CONT2024000755,EXPORT,NSIGT,VC202400046
CONT2024000756,IMPORT,NSIGT,VC202400046
CONT2024000757,IMPORT,NSIGT,VC202400046
CONT2024000758,EXPORT,NSIGT,VC202400046
CONT2024000759,EXPORT,NSIGT,VC202400046
CONT2024000760,IMPORT,NSIGT,VC202400046
CONT2024000761,IMPORT,NSIGT,VC202400046
CONT2024000762,EXPORT,NSIGT,VC202400046
CONT2024000763,IMPORT,NSIGT,VC202400046
CONT2024000764,IMPORT,NSIGT,VC202400046
CONT2024000765,IMPORT,NSIGT,VC202400046
CONT2024000766,EXPORT,NSIGT,VC202400046
CONT2024000767,IMPORT,NSIGT,VC202400046
CONT2024000768,IMPORT,NSIGT,VC202400046
CONT2024000769,IMPORT,NSIGT,VC202400046
CONT2024000770,IMPORT,NSIGT,VC202400046
CONT2024000771,EXPORT,NSIGT,VC202400046
CONT2024000772,IMPORT,NSIGT,VC202400046
CONT2024000773,IMPORT,NSIGT,VC202400046
CONT2024000774,EXPORT,NSIGT,VC202400046
CONT2024000775,EXPORT,NSIGT,VC202400046
CONT2024000776,EXPORT,NSIGT,VC202400046
CONT2024000777,IMPORT,NSIGT,VC202400046
CONT2024000778,EXPORT,NSIGT,VC202400046
CONT2024000779,IMPORT,NSIGT,VC202400046
CONT2024000780,IMPORT,NSIGT,VC202400046
CONT2024000781,EXPORT,NSIGT,VC202400046
CONT2024000782,EXPORT,NSIGT,VC202400046
CONT2024000783,EXPORT,NSIGT,VC202400046
CONT2024000784,EXPORT,NSIGT,VC202400046
CONT2024000785,EXPORT,BMCT,VC202400047
CONT2024000786,EXPORT,BMCT,VC202400047
CONT2024000787,IMPORT,BMCT,VC202400047
CONT2024000788,EXPORT,BMCT,VC202400047
CONT2024000789,IMPORT,BMCT,VC202400047
CONT2024000790,EXPORT,BMCT,VC202400047
CONT2024000791,IMPORT,BMCT,VC202400047
CONT2024000792,IMPORT,BMCT,VC202400047
CONT2024000793,IMPORT,BMCT,VC202400047
CONT2024000794,EXPORT,BMCT,VC202400047
CONT2024000795,EXPORT,BMCT,VC202400047
CONT2024000796,EXPORT,BMCT,VC202400047
CONT2024000797,IMPORT,NSIGT,VC202400048
CONT2024000798,IMPORT,NSIGT,VC202400048
CONT2024000799,IMPORT,NSIGT,VC202400048
CONT2024000800,EXPORT,NSIGT,VC202400048
CONT2024000801,IMPORT,NSIGT,VC202400048
CONT2024000802,IMPORT,NSIGT,VC202400048
CONT2024000803,EXPORT,NSIGT,VC202400048
CONT2024000804,IMPORT,NSIGT,VC202400048
CONT2024000805,EXPORT,NSIGT,VC202400048
CONT2024000806,IMPORT,NSIGT,VC202400048
CONT2024000807,EXPORT,NSIGT,VC202400048
CONT2024000808,IMPORT,NSIGT,VC202400048
CONT2024000809,IMPORT,NSIGT,VC202400048
CONT2024000810,EXPORT,NSIGT,VC202400048
CONT2024000811,EXPORT,NSIGT,VC202400048
CONT2024000812,EXPORT,NSIGT,VC202400048
CONT2024000813,EXPORT,NSICT,VC202400049
CONT2024000814,EXPORT,NSICT,VC202400049
CONT2024000815,EXPORT,NSICT,VC202400049
CONT2024000816,IMPORT,NSICT,VC202400049
CONT2024000817,EXPORT,NSICT,VC202400049
CONT2024000818,EXPORT,NSICT,VC202400049
CONT2024000819,EXPORT,NSFT,VC202400050
CONT2024000820,EXPORT,NSFT,VC202400050
CONT2024000821,IMPORT,NSFT,VC202400050
CONT2024000822,IMPORT,NSFT,VC202400050
CONT2024000823,IMPORT,NSFT,VC202400050
CONT2024000824,IMPORT,NSFT,VC202400050
CONT2024000825,IMPORT,NSFT,VC202400050
CONT2024000826,EXPORT,NSFT,VC202400050
CONT2024000827,IMPORT,NSFT,VC202400050
CONT2024000828,IMPORT,NSFT,VC202400050
CONT2024000829,EXPORT,NSFT,VC202400050
CONT2024000830,IMPORT,NSFT,VC202400050
CONT2024000831,EXPORT,NSFT,VC202400050
CONT2024000832,EXPORT,NSFT,VC202400050
CONT2024000833,IMPORT,NSFT,VC202400050
CONT2024000834,IMPORT,NSFT,VC202400051
CONT2024000835,EXPORT,NSFT,VC202400051
CONT2024000836,IMPORT,NSFT,VC202400051
CONT2024000837,IMPORT,NSFT,VC202400051
CONT2024000838,EXPORT,NSFT,VC202400051
CONT2024000839,EXPORT,NSFT,VC202400051
CONT2024000840,EXPORT,NSFT,VC202400051
CONT2024000841,IMPORT,NSFT,VC202400051
CONT2024000842,EXPORT,NSFT,VC202400051
CONT2024000843,IMPORT,NSFT,VC202400051
CONT2024000844,EXPORT,NSICT,VC202400052
CONT2024000845,IMPORT,NSICT,VC202400052
CONT2024000846,IMPORT,NSICT,VC202400052
CONT2024000847,IMPORT,NSICT,VC202400052
CONT2024000848,EXPORT,NSICT,VC202400052
CONT2024000849,EXPORT,NSICT,VC202400052
CONT2024000850,IMPORT,NSICT,VC202400052
CONT2024000851,IMPORT,NSICT,VC202400052
CONT2024000852,IMPORT,NSICT,VC202400052
CONT2024000853,EXPORT,NSICT,VC202400052
CONT2024000854,IMPORT,NSICT,VC202400052
CONT2024000855,IMPORT,NSICT,VC202400052
CONT2024000856,IMPORT,BMCT,VC202400053
CONT2024000857,EXPORT,BMCT,VC202400053
CONT2024000858,IMPORT,BMCT,VC202400053
CONT2024000859,EXPORT,BMCT,VC202400053
CONT2024000860,IMPORT,BMCT,VC202400053
CONT2024000861,IMPORT,BMCT,VC202400053
CONT2024000862,IMPORT,BMCT,VC202400053
CONT2024000863,EXPORT,BMCT,VC202400053
CONT2024000864,IMPORT,BMCT,VC202400053
CONT2024000865,EXPORT,BMCT,VC202400054
CONT2024000866,EXPORT,BMCT,VC202400054
CONT2024000867,EXPORT,BMCT,VC202400054
CONT2024000868,IMPORT,BMCT,VC202400054
CONT2024000869,EXPORT,BMCT,VC202400054
CONT2024000870,IMPORT,BMCT,VC202400054
CONT2024000871,IMPORT,BMCT,VC202400054
CONT2024000872,EXPORT,BMCT,VC202400054
CONT2024000873,IMPORT,BMCT,VC202400054
CONT2024000874,IMPORT,BMCT,VC202400054
CONT2024000875,EXPORT,BMCT,VC202400054
CONT2024000876,EXPORT,BMCT,VC202400054
CONT2024000877,IMPORT,NSIGT,VC202400055
CONT2024000878,IMPORT,NSIGT,VC202400055
CONT2024000879,IMPORT,NSIGT,VC202400055
CONT2024000880,IMPORT,NSIGT,VC202400055
CONT2024000881,EXPORT,NSIGT,VC202400055
CONT2024000882,EXPORT,NSIGT,VC202400055
CONT2024000883,IMPORT,NSIGT,VC202400055
CONT2024000884,IMPORT,NSIGT,VC202400055
CONT2024000885,IMPORT,NSIGT,VC202400055
CONT2024000886,EXPORT,NSIGT,VC202400055
CONT2024000887,IMPORT,NSIGT,VC202400055
CONT2024000888,IMPORT,NSIGT,VC202400055
CONT2024000889,EXPORT,NSIGT,VC202400055
CONT2024000890,IMPORT,NSIGT,VC202400055
CONT2024000891,IMPORT,NSIGT,VC202400055
CONT2024000892,EXPORT,NSIGT,VC202400055
CONT2024000893,EXPORT,NSIGT,VC202400055
CONT2024000894,EXPORT,NSIGT,VC202400055
CONT2024000895,EXPORT,NSIGT,VC202400055
CONT2024000896,IMPORT,NSIGT,VC202400055
CONT2024000897,IMPORT,NSIGT,VC202400055
CONT2024000898,IMPORT,NSIGT,VC202400055
CONT2024000899,EXPORT,NSIGT,VC202400055
CONT2024000900,IMPORT,NSIGT,VC202400055
CONT2024000901,EXPORT,NSIGT,VC202400055
CONT2024000902,IMPORT,NSIGT,VC202400055
CONT2024000903,EXPORT,NSIGT,VC202400055
CONT2024000904,EXPORT,NSIGT,VC202400055
CONT2024000905,EXPORT,NSIGT,VC202400055
CONT2024000906,EXPORT,NSIGT,VC202400055
CONT2024000907,IMPORT,NSIGT,VC202400055
CONT2024000908,IMPORT,NSIGT,VC202400055
CONT2024000909,EXPORT,GTI,VC202400056
CONT2024000910,EXPORT,GTI,VC202400056
CONT2024000911,IMPORT,GTI,VC202400056
CONT2024000912,IMPORT,GTI,VC202400056
CONT2024000913,IMPORT,GTI,VC202400056
CONT2024000914,IMPORT,GTI,VC202400056
CONT2024000915,EXPORT,GTI,VC202400056
CONT2024000916,EXPORT,GTI,VC202400056
CONT2024000917,EXPORT,GTI,VC202400056
CONT2024000918,EXPORT,GTI,VC202400056
CONT2024000919,IMPORT,GTI,VC202400056
CONT2024000920,IMPORT,GTI,VC202400056
CONT2024000921,EXPORT,GTI,VC202400056
CONT2024000922,IMPORT,GTI,VC202400056
CONT2024000923,IMPORT,GTI,VC202400057
CONT2024000924,IMPORT,GTI,VC202400057
CONT2024000925,IMPORT,GTI,VC202400057
CONT2024000926,IMPORT,GTI,VC202400057
CONT2024000927,IMPORT,GTI,VC202400057
CONT2024000928,EXPORT,GTI,VC202400057
CONT2024000929,EXPORT,GTI,VC202400057
CONT2024000930,IMPORT,GTI,VC202400057
CONT2024000931,IMPORT,BMCT,VC202400058
CONT2024000932,IMPORT,BMCT,VC202400058
CONT2024000933,EXPORT,BMCT,VC202400058
CONT2024000934,IMPORT,BMCT,VC202400058
CONT2024000935,IMPORT,BMCT,VC202400058
CONT2024000936,EXPORT,BMCT,VC202400058
CONT2024000937,EXPORT,BMCT,VC202400058
CONT2024000938,EXPORT,BMCT,VC202400058
CONT2024000939,IMPORT,BMCT,VC202400058
CONT2024000940,IMPORT,BMCT,VC202400058
CONT2024000941,IMPORT,BMCT,VC202400058
CONT2024000942,EXPORT,BMCT,VC202400058
CONT2024000943,EXPORT,BMCT,VC202400058
CONT2024000944,IMPORT,BMCT,VC202400058
CONT2024000945,IMPORT,BMCT,VC202400058
CONT2024000946,IMPORT,GTI,VC202400059
CONT2024000947,IMPORT,GTI,VC202400059
CONT2024000948,EXPORT,GTI,VC202400059
CONT2024000949,IMPORT,GTI,VC202400059
CONT2024000950,EXPORT,GTI,VC202400059
CONT2024000951,IMPORT,GTI,VC202400059
CONT2024000952,EXPORT,GTI,VC202400059
CONT2024000953,EXPORT,GTI,VC202400059
CONT2024000954,IMPORT,GTI,VC202400059
CONT2024000955,IMPORT,GTI,VC202400059
CONT2024000956,EXPORT,GTI,VC202400059
CONT2024000957,IMPORT,GTI,VC202400059
CONT2024000958,IMPORT,GTI,VC202400059
CONT2024000959,EXPORT,GTI,VC202400059
CONT2024000960,EXPORT,GTI,VC202400059
CONT2024000961,IMPORT,GTI,VC202400059
CONT2024000962,IMPORT,GTI,VC202400059
CONT2024000963,EXPORT,GTI,VC202400059
CONT2024000964,EXPORT,GTI,VC202400059
CONT2024000965,IMPORT,GTI,VC202400059
CONT2024000966,EXPORT,GTI,VC202400059
CONT2024000967,EXPORT,GTI,VC202400059
CONT2024000968,IMPORT,BMCT,VC202400060
CONT2024000969,EXPORT,BMCT,VC202400060
CONT2024000970,IMPORT,BMCT,VC202400060
CONT2024000971,EXPORT,BMCT,VC202400060
CONT2024000972,IMPORT,BMCT,VC202400060
CONT2024000973,IMPORT,BMCT,VC202400060
CONT2024000974,EXPORT,BMCT,VC202400060
CONT2024000975,EXPORT,BMCT,VC202400060
CONT2024000976,EXPORT,BMCT,VC202400060
CONT2024000977,IMPORT,BMCT,VC202400060
CONT2024000978,IMPORT,BMCT,VC202400060
CONT2024000979,EXPORT,BMCT,VC202400060
CONT2024000980,EXPORT,BMCT,VC202400061
CONT2024000981,IMPORT,BMCT,VC202400061
CONT2024000982,IMPORT,BMCT,VC202400061
CONT2024000983,IMPORT,BMCT,VC202400061
CONT2024000984,IMPORT,BMCT,VC202400061
CONT2024000985,IMPORT,BMCT,VC202400061
CONT2024000986,IMPORT,BMCT,VC202400061
CONT2024000987,IMPORT,BMCT,VC202400061
CONT2024000988,IMPORT,BMCT,VC202400061
CONT2024000989,IMPORT,BMCT,VC202400061
CONT2024000990,EXPORT,BMCT,VC202400061
CONT2024000991,EXPORT,BMCT,VC202400061
CONT2024000992,EXPORT,BMCT,VC202400061
CONT2024000993,EXPORT,BMCT,VC202400061
CONT2024000994,EXPORT,BMCT,VC202400061
CONT2024000995,EXPORT,BMCT,VC202400061
CONT2024000996,EXPORT,BMCT,VC202400061
CONT2024000997,EXPORT,BMCT,VC202400061
CONT2024000998,IMPORT,BMCT,VC202400061
CONT2024000999,EXPORT,NSICT,VC202400062
CONT2024001000,EXPORT,NSICT,VC202400062
CONT2024001001,IMPORT,NSICT,VC202400062
CONT2024001002,EXPORT,NSICT,VC202400062
CONT2024001003,EXPORT,NSICT,VC202400062
CONT2024001004,IMPORT,NSICT,VC202400062
CONT2024001005,IMPORT,NSIGT,VC202400063
CONT2024001006,IMPORT,NSIGT,VC202400063
CONT2024001007,EXPORT,NSIGT,VC202400063
CONT2024001008,IMPORT,NSIGT,VC202400063
CONT2024001009,IMPORT,NSIGT,VC202400063
CONT2024001010,IMPORT,NSIGT,VC202400063
CONT2024001011,IMPORT,NSIGT,VC202400063
CONT2024001012,EXPORT,NSFT,VC202400064
CONT2024001013,EXPORT,NSFT,VC202400064
CONT2024001014,EXPORT,NSFT,VC202400064
CONT2024001015,IMPORT,NSFT,VC202400064
CONT2024001016,IMPORT,NSFT,VC202400064
CONT2024001017,EXPORT,NSFT,VC202400064
CONT2024001018,EXPORT,NSFT,VC202400064
CONT2024001019,IMPORT,NSFT,VC202400064
CONT2024001020,EXPORT,NSFT,VC202400064
CONT2024001021,IMPORT,NSFT,VC202400064
CONT2024001022,EXPORT,NSFT,VC202400064
CONT2024001023,EXPORT,NSFT,VC202400064
CONT2024001024,EXPORT,NSFT,VC202400064
CONT2024001025,EXPORT,NSFT,VC202400064
CONT2024001026,IMPORT,NSFT,VC202400064
CONT2024001027,IMPORT,NSFT,VC202400064
CONT2024001028,EXPORT,NSFT,VC202400064
CONT2024001029,EXPORT,NSFT,VC202400064
CONT2024001030,IMPORT,GTI,VC202400065
CONT2024001031,IMPORT,GTI,VC202400065
CONT2024001032,EXPORT,GTI,VC202400065
CONT2024001033,IMPORT,GTI,VC202400065
CONT2024001034,EXPORT,GTI,VC202400065
CONT2024001035,EXPORT,GTI,VC202400065
CONT2024001036,IMPORT,NSFT,VC202400066
CONT2024001037,IMPORT,NSFT,VC202400066
CONT2024001038,IMPORT,NSFT,VC202400066
CONT2024001039,EXPORT,NSFT,VC202400066
CONT2024001040,IMPORT,NSFT,VC202400066
CONT2024001041,IMPORT,NSFT,VC202400066
CONT2024001042,EXPORT,NSFT,VC202400066
CONT2024001043,IMPORT,NSFT,VC202400066
CONT2024001044,EXPORT,NSFT,VC202400066
CONT2024001045,EXPORT,NSFT,VC202400066
CONT2024001046,IMPORT,NSFT,VC202400066
CONT2024001047,IMPORT,NSFT,VC202400066
CONT2024001048,EXPORT,NSFT,VC202400066
CONT2024001049,IMPORT,NSFT,VC202400066
CONT2024001050,IMPORT,NSFT,VC202400066
CONT2024001051,EXPORT,NSFT,VC202400066
CONT2024001052,IMPORT,NSFT,VC202400066
CONT2024001053,IMPORT,NSFT,VC202400066
CONT2024001054,EXPORT,NSIGT,VC202400067
CONT2024001055,IMPORT,NSIGT,VC202400067
CONT2024001056,IMPORT,NSIGT,VC202400067
CONT2024001057,IMPORT,NSIGT,VC202400067
CONT2024001058,EXPORT,NSIGT,VC202400067
CONT2024001059,IMPORT,NSIGT,VC202400067
CONT2024001060,EXPORT,NSIGT,VC202400067
CONT2024001061,EXPORT,NSIGT,VC202400067
CONT2024001062,EXPORT,NSIGT,VC202400067
CONT2024001063,EXPORT,NSFT,VC202400068
CONT2024001064,IMPORT,NSFT,VC202400068
CONT2024001065,IMPORT,NSFT,VC202400068
CONT2024001066,EXPORT,NSFT,VC202400068
CONT2024001067,EXPORT,NSFT,VC202400068
CONT2024001068,IMPORT,NSFT,VC202400068
CONT2024001069,EXPORT,NSFT,VC202400068
CONT2024001070,IMPORT,NSFT,VC202400068
CONT2024001071,IMPORT,NSFT,VC202400069
CONT2024001072,EXPORT,NSFT,VC202400069
CONT2024001073,IMPORT,NSFT,VC202400069
CONT2024001074,EXPORT,NSFT,VC202400069
CONT2024001075,EXPORT,NSFT,VC202400069
CONT2024001076,EXPORT,NSFT,VC202400069
CONT2024001077,IMPORT,NSFT,VC202400069
CONT2024001078,EXPORT,NSFT,VC202400069
CONT2024001079,EXPORT,NSFT,VC202400069
CONT2024001080,IMPORT,NSFT,VC202400069
CONT2024001081,IMPORT,NSFT,VC202400069
CONT2024001082,IMPORT,NSFT,VC202400069
CONT2024001083,IMPORT,NSFT,VC202400069
CONT2024001084,IMPORT,NSFT,VC202400069
CONT2024001085,EXPORT,NSFT,VC202400069
CONT2024001086,EXPORT,NSFT,VC202400069
CONT2024001087,IMPORT,NSFT,VC202400069
CONT2024001088,IMPORT,NSICT,VC202400070
CONT2024001089,EXPORT,NSICT,VC202400070
CONT2024001090,EXPORT,NSICT,VC202400070
CONT2024001091,IMPORT,NSICT,VC202400070
CONT2024001092,IMPORT,NSICT,VC202400070
CONT2024001093,EXPORT,NSICT,VC202400070
CONT2024001094,EXPORT,NSICT,VC202400070
CONT2024001095,EXPORT,NSICT,VC202400070
CONT2024001096,IMPORT,NSICT,VC202400070
CONT2024001097,EXPORT,NSICT,VC202400070
CONT2024001098,IMPORT,NSICT,VC202400070
CONT2024001099,IMPORT,NSICT,VC202400070
CONT2024001100,EXPORT,NSICT,VC202400070
CONT2024001101,IMPORT,NSICT,VC202400070
CONT2024001102,EXPORT,NSICT,VC202400070
CONT2024001103,EXPORT,NSICT,VC202400070
CONT2024001104,EXPORT,NSICT,VC202400070
CONT2024001105,EXPORT,NSICT,VC202400070
CONT2024001106,EXPORT,NSICT,VC202400070
CONT2024001107,IMPORT,NSICT,VC202400071
CONT2024001108,IMPORT,NSICT,VC202400071
CONT2024001109,IMPORT,NSICT,VC202400071
CONT2024001110,IMPORT,NSICT,VC202400071
CONT2024001111,EXPORT,NSICT,VC202400071
CONT2024001112,IMPORT,NSICT,VC202400071
CONT2024001113,IMPORT,NSICT,VC202400071
CONT2024001114,IMPORT,NSICT,VC202400071
CONT2024001115,EXPORT,NSICT,VC202400071
CONT2024001116,EXPORT,NSICT,VC202400071
CONT2024001117,EXPORT,NSICT,VC202400071
CONT2024001118,EXPORT,NSICT,VC202400071
CONT2024001119,IMPORT,NSICT,VC202400071
CONT2024001120,EXPORT,NSICT,VC202400071
CONT2024001121,EXPORT,NSICT,VC202400071
CONT2024001122,IMPORT,NSICT,VC202400071
CONT2024001123,IMPORT,NSICT,VC202400071
CONT2024001124,EXPORT,NSICT,VC202400071
CONT2024001125,EXPORT,NSICT,VC202400071
CONT2024001126,IMPORT,NSICT,VC202400071
CONT2024001127,EXPORT,NSICT,VC202400071
CONT2024001128,IMPORT,NSICT,VC202400071
CONT2024001129,IMPORT,NSICT,VC202400071
CONT2024001130,IMPORT,NSICT,VC202400071
CONT2024001131,IMPORT,NSICT,VC202400071
CONT2024001132,EXPORT,NSICT,VC202400071
CONT2024001133,EXPORT,NSICT,VC202400071
CONT2024001134,IMPORT,NSICT,VC202400072
CONT2024001135,IMPORT,NSICT,VC202400072
CONT2024001136,IMPORT,NSICT,VC202400072
CONT2024001137,IMPORT,NSICT,VC202400072
CONT2024001138,EXPORT,NSICT,VC202400072
CONT2024001139,EXPORT,NSICT,VC202400072
CONT2024001140,EXPORT,NSICT,VC202400072
CONT2024001141,IMPORT,NSICT,VC202400072
CONT2024001142,IMPORT,NSICT,VC202400072
CONT2024001143,IMPORT,NSICT,VC202400072
CONT2024001144,IMPORT,NSICT,VC202400072
CONT2024001145,IMPORT,NSICT,VC202400072
CONT2024001146,EXPORT,NSICT,VC202400072
CONT2024001147,IMPORT,NSICT,VC202400072
CONT2024001148,EXPORT,NSICT,VC202400072
CONT2024001149,EXPORT,NSICT,VC202400072
CONT2024001150,EXPORT,NSICT,VC202400072
CONT2024001151,IMPORT,NSICT,VC202400072
CONT2024001152,IMPORT,NSICT,VC202400072
CONT2024001153,IMPORT,NSICT,VC202400072
CONT2024001154,EXPORT,BMCT,VC202400073
CONT2024001155,EXPORT,BMCT,VC202400073
CONT2024001156,EXPORT,BMCT,VC202400073
CONT2024001157,IMPORT,BMCT,VC202400073
CONT2024001158,EXPORT,BMCT,VC202400073
CONT2024001159,IMPORT,BMCT,VC202400073
CONT2024001160,IMPORT,BMCT,VC202400073
CONT2024001161,EXPORT,BMCT,VC202400073
CONT2024001162,IMPORT,BMCT,VC202400073
CONT2024001163,EXPORT,BMCT,VC202400073
CONT2024001164,EXPORT,BMCT,VC202400073
CONT2024001165,IMPORT,BMCT,VC202400073
CONT2024001166,EXPORT,BMCT,VC202400073
CONT2024001167,EXPORT,BMCT,VC202400073
CONT2024001168,EXPORT,BMCT,VC202400073
CONT2024001169,IMPORT,BMCT,VC202400073
CONT2024001170,EXPORT,BMCT,VC202400073
CONT2024001171,EXPORT,BMCT,VC202400074
CONT2024001172,EXPORT,BMCT,VC202400074
CONT2024001173,EXPORT,BMCT,VC202400074
CONT2024001174,IMPORT,BMCT,VC202400074
CONT2024001175,EXPORT,BMCT,VC202400074
CONT2024001176,EXPORT,BMCT,VC202400074
CONT2024001177,IMPORT,BMCT,VC202400074
CONT2024001178,EXPORT,BMCT,VC202400074
CONT2024001179,EXPORT,BMCT,VC202400074
CONT2024001180,IMPORT,BMCT,VC202400074
CONT2024001181,IMPORT,BMCT,VC202400074
CONT2024001182,IMPORT,BMCT,VC202400074
CONT2024001183,IMPORT,BMCT,VC202400074
CONT2024001184,IMPORT,BMCT,VC202400074
CONT2024001185,IMPORT,BMCT,VC202400074
CONT2024001186,IMPORT,BMCT,VC202400074
CONT2024001187,EXPORT,BMCT,VC202400074
CONT2024001188,IMPORT,BMCT,VC202400074
CONT2024001189,EXPORT,BMCT,VC202400074
CONT2024001190,EXPORT,BMCT,VC202400074
CONT2024001191,IMPORT,BMCT,VC202400074
CONT2024001192,IMPORT,BMCT,VC202400074
CONT2024001193,IMPORT,BMCT,VC202400074
CONT2024001194,EXPORT,BMCT,VC202400074
CONT2024001195,EXPORT,BMCT,VC202400074
CONT2024001196,IMPORT,BMCT,VC202400074
CONT2024001197,IMPORT,BMCT,VC202400074
CONT2024001198,IMPORT,BMCT,VC202400074
CONT2024001199,IMPORT,NSICT,VC202400075
CONT2024001200,EXPORT,NSICT,VC202400075
CONT2024001201,EXPORT,NSICT,VC202400075
CONT2024001202,EXPORT,NSICT,VC202400075
CONT2024001203,IMPORT,NSICT,VC202400075
CONT2024001204,EXPORT,NSICT,VC202400075
CONT2024001205,EXPORT,NSICT,VC202400075
CONT2024001206,EXPORT,NSICT,VC202400075
CONT2024001207,IMPORT,NSIGT,VC202400076
CONT2024001208,IMPORT,NSIGT,VC202400076
CONT2024001209,EXPORT,NSIGT,VC202400076
CONT2024001210,IMPORT,NSIGT,VC202400076
CONT2024001211,IMPORT,NSIGT,VC202400076
CONT2024001212,IMPORT,NSIGT,VC202400076
CONT2024001213,EXPORT,NSIGT,VC202400076
CONT2024001214,EXPORT,GTI,VC202400077
CONT2024001215,EXPORT,GTI,VC202400077
CONT2024001216,IMPORT,GTI,VC202400077
CONT2024001217,IMPORT,GTI,VC202400077
CONT2024001218,EXPORT,GTI,VC202400077
CONT2024001219,EXPORT,GTI,VC202400077
CONT2024001220,EXPORT,GTI,VC202400078
CONT2024001221,EXPORT,GTI,VC202400078
CONT2024001222,IMPORT,GTI,VC202400078
CONT2024001223,EXPORT,GTI,VC202400078
CONT2024001224,IMPORT,GTI,VC202400078
CONT2024001225,EXPORT,GTI,VC202400078
CONT2024001226,IMPORT,GTI,VC202400078
CONT2024001227,EXPORT,GTI,VC202400078
CONT2024001228,EXPORT,GTI,VC202400078
CONT2024001229,IMPORT,GTI,VC202400078
CONT2024001230,IMPORT,GTI,VC202400078
CONT2024001231,IMPORT,GTI,VC202400078
CONT2024001232,EXPORT,GTI,VC202400078
CONT2024001233,EXPORT,GTI,VC202400078
CONT2024001234,IMPORT,GTI,VC202400078
CONT2024001235,IMPORT,GTI,VC202400078
CONT2024001236,IMPORT,GTI,VC202400078
CONT2024001237,EXPORT,GTI,VC202400078
CONT2024001238,EXPORT,GTI,VC202400078
CONT2024001239,IMPORT,GTI,VC202400078
CONT2024001240,EXPORT,GTI,VC202400078
CONT2024001241,EXPORT,GTI,VC202400078
CONT2024001242,IMPORT,NSFT,VC202400079
CONT2024001243,IMPORT,NSFT,VC202400079
CONT2024001244,EXPORT,NSFT,VC202400079
CONT2024001245,EXPORT,NSFT,VC202400079
CONT2024001246,IMPORT,NSFT,VC202400079
CONT2024001247,EXPORT,NSFT,VC202400079
CONT2024001248,IMPORT,NSFT,VC202400079
CONT2024001249,IMPORT,NSFT,VC202400079
CONT2024001250,EXPORT,NSFT,VC202400079
CONT2024001251,EXPORT,BMCT,VC202400080
CONT2024001252,IMPORT,BMCT,VC202400080
CONT2024001253,IMPORT,BMCT,VC202400080
CONT2024001254,EXPORT,BMCT,VC202400080
CONT2024001255,IMPORT,BMCT,VC202400080
CONT2024001256,EXPORT,BMCT,VC202400080
CONT2024001257,IMPORT,BMCT,VC202400080
CONT2024001258,IMPORT,BMCT,VC202400080
CONT2024001259,EXPORT,BMCT,VC202400080
CONT2024001260,IMPORT,GTI,VC202400081
CONT2024001261,EXPORT,GTI,VC202400081
CONT2024001262,IMPORT,GTI,VC202400081
CONT2024001263,IMPORT,GTI,VC202400081
CONT2024001264,IMPORT,GTI,VC202400081
CONT2024001265,EXPORT,GTI,VC202400081
CONT2024001266,EXPORT,GTI,VC202400081
CONT2024001267,IMPORT,GTI,VC202400081
CONT2024001268,IMPORT,GTI,VC202400081
CONT2024001269,EXPORT,GTI,VC202400081
CONT2024001270,EXPORT,GTI,VC202400081
CONT2024001271,EXPORT,GTI,VC202400081
CONT2024001272,IMPORT,GTI,VC202400081
CONT2024001273,IMPORT,NSIGT,VC202400082
CONT2024001274,IMPORT,NSIGT,VC202400082
CONT2024001275,IMPORT,NSIGT,VC202400082
CONT2024001276,IMPORT,NSIGT,VC202400082
CONT2024001277,EXPORT,NSIGT,VC202400082
CONT2024001278,IMPORT,NSIGT,VC202400082
CONT2024001279,EXPORT,NSIGT,VC202400082
CONT2024001280,IMPORT,NSIGT,VC202400082
CONT2024001281,EXPORT,NSIGT,VC202400082
CONT2024001282,EXPORT,NSICT,VC202400083
CONT2024001283,EXPORT,NSICT,VC202400083
CONT2024001284,IMPORT,NSICT,VC202400083
CONT2024001285,EXPORT,NSICT,VC202400083
CONT2024001286,IMPORT,NSICT,VC202400083
CONT2024001287,EXPORT,NSICT,VC202400083
CONT2024001288,EXPORT,NSICT,VC202400083
CONT2024001289,IMPORT,NSICT,VC202400083
CONT2024001290,EXPORT,NSICT,VC202400083
CONT2024001291,EXPORT,NSICT,VC202400083
CONT2024001292,IMPORT,NSICT,VC202400084
CONT2024001293,IMPORT,NSICT,VC202400084
CONT2024001294,EXPORT,NSICT,VC202400084
CONT2024001295,EXPORT,NSICT,VC202400084
CONT2024001296,EXPORT,NSICT,VC202400084
CONT2024001297,EXPORT,NSICT,VC202400084
CONT2024001298,IMPORT,NSICT,VC202400084
CONT2024001299,IMPORT,NSICT,VC202400084
CONT2024001300,IMPORT,NSICT,VC202400084
CONT2024001301,EXPORT,NSICT,VC202400084
CONT2024001302,IMPORT,NSICT,VC202400084
CONT2024001303,EXPORT,NSIGT,VC202400085
CONT2024001304,EXPORT,NSIGT,VC202400085
CONT2024001305,IMPORT,NSIGT,VC202400085
CONT2024001306,EXPORT,NSIGT,VC202400085
CONT2024001307,IMPORT,NSIGT,VC202400085
CONT2024001308,IMPORT,NSIGT,VC202400085
CONT2024001309,EXPORT,NSIGT,VC202400085
CONT2024001310,IMPORT,NSIGT,VC202400085
CONT2024001311,IMPORT,NSIGT,VC202400085
CONT2024001312,IMPORT,NSIGT,VC202400085
CONT2024001313,IMPORT,NSIGT,VC202400085
CONT2024001314,IMPORT,NSIGT,VC202400085
CONT2024001315,IMPORT,NSIGT,VC202400085
CONT2024001316,EXPORT,NSIGT,VC202400085
CONT2024001317,IMPORT,NSIGT,VC202400085
CONT2024001318,EXPORT,NSIGT,VC202400085
CONT2024001319,EXPORT,NSIGT,VC202400085
CONT2024001320,IMPORT,NSIGT,VC202400085
CONT2024001321,IMPORT,NSIGT,VC202400085
CONT2024001322,EXPORT,NSICT,VC202400086
CONT2024001323,EXPORT,NSICT,VC202400086
CONT2024001324,IMPORT,NSICT,VC202400086
CONT2024001325,EXPORT,NSICT,VC202400086
CONT2024001326,IMPORT,NSICT,VC202400086
CONT2024001327,IMPORT,NSICT,VC202400086
CONT2024001328,EXPORT,NSICT,VC202400086
CONT2024001329,EXPORT,NSICT,VC202400086
CONT2024001330,IMPORT,NSICT,VC202400086
CONT2024001331,EXPORT,NSICT,VC202400086
CONT2024001332,EXPORT,NSICT,VC202400086
CONT2024001333,EXPORT,NSICT,VC202400086
CONT2024001334,EXPORT,NSICT,VC202400086
CONT2024001335,IMPORT,NSICT,VC202400086
CONT2024001336,IMPORT,NSICT,VC202400086
CONT2024001337,IMPORT,NSICT,VC202400086
CONT2024001338,IMPORT,NSICT,VC202400086
CONT2024001339,EXPORT,NSICT,VC202400086
CONT2024001340,EXPORT,NSICT,VC202400086
CONT2024001341,EXPORT,NSICT,VC202400086
CONT2024001342,IMPORT,NSICT,VC202400086
CONT2024001343,EXPORT,NSICT,VC202400086
CONT2024001344,EXPORT,NSICT,VC202400086
CONT2024001345,EXPORT,NSICT,VC202400086
CONT2024001346,EXPORT,NSICT,VC202400086
CONT2024001347,IMPORT,NSICT,VC202400086
CONT2024001348,IMPORT,NSICT,VC202400086
CONT2024001349,EXPORT,NSFT,VC202400087
CONT2024001350,EXPORT,NSFT,VC202400087
CONT2024001351,EXPORT,NSFT,VC202400087
CONT2024001352,IMPORT,NSFT,VC202400087
CONT2024001353,EXPORT,NSFT,VC202400087
CONT2024001354,IMPORT,NSFT,VC202400087
CONT2024001355,EXPORT,NSFT,VC202400087
CONT2024001356,EXPORT,NSFT,VC202400087
CONT2024001357,IMPORT,NSFT,VC202400087
CONT2024001358,EXPORT,GTI,VC202400088
CONT2024001359,IMPORT,GTI,VC202400088
CONT2024001360,EXPORT,GTI,VC202400088
CONT2024001361,IMPORT,GTI,VC202400088
CONT2024001362,EXPORT,GTI,VC202400088
CONT2024001363,IMPORT,GTI,VC202400088
CONT2024001364,IMPORT,GTI,VC202400089
CONT2024001365,IMPORT,GTI,VC202400089
CONT2024001366,IMPORT,GTI,VC202400089
CONT2024001367,EXPORT,GTI,VC202400089
CONT2024001368,EXPORT,GTI,VC202400089
CONT2024001369,EXPORT,GTI,VC202400089
CONT2024001370,EXPORT,GTI,VC202400089
CONT2024001371,EXPORT,GTI,VC202400089
CONT2024001372,EXPORT,GTI,VC202400089
CONT2024001373,IMPORT,GTI,VC202400089
CONT2024001374,IMPORT,GTI,VC202400089
CONT2024001375,EXPORT,GTI,VC202400089
CONT2024001376,IMPORT,GTI,VC202400089
CONT2024001377,IMPORT,GTI,VC202400089
CONT2024001378,EXPORT,GTI,VC202400089
CONT2024001379,EXPORT,GTI,VC202400089
CONT2024001380,IMPORT,GTI,VC202400089
CONT2024001381,IMPORT,GTI,VC202400089
CONT2024001382,IMPORT,NSFT,VC202400090
CONT2024001383,EXPORT,NSFT,VC202400090
CONT2024001384,EXPORT,NSFT,VC202400090
CONT2024001385,EXPORT,NSFT,VC202400090
CONT2024001386,IMPORT,NSFT,VC202400090
CONT2024001387,IMPORT,NSFT,VC202400090
CONT2024001388,IMPORT,NSFT,VC202400091
CONT2024001389,EXPORT,NSFT,VC202400091
CONT2024001390,EXPORT,NSFT,VC202400091
CONT2024001391,EXPORT,NSFT,VC202400091
CONT2024001392,IMPORT,NSFT,VC202400091
CONT2024001393,EXPORT,NSFT,VC202400091
CONT2024001394,EXPORT,NSFT,VC202400091
CONT2024001395,EXPORT,NSFT,VC202400091
CONT2024001396,IMPORT,NSFT,VC202400091
CONT2024001397,EXPORT,NSFT,VC202400091
CONT2024001398,EXPORT,NSFT,VC202400091
CONT2024001399,IMPORT,NSFT,VC202400091
CONT2024001400,EXPORT,BMCT,VC202400092
CONT2024001401,EXPORT,BMCT,VC202400092
CONT2024001402,IMPORT,BMCT,VC202400092
CONT2024001403,EXPORT,BMCT,VC202400092
CONT2024001404,IMPORT,BMCT,VC202400092
CONT2024001405,IMPORT,BMCT,VC202400092
CONT2024001406,IMPORT,BMCT,VC202400092
CONT2024001407,EXPORT,BMCT,VC202400092
CONT2024001408,IMPORT,BMCT,VC202400092
CONT2024001409,IMPORT,BMCT,VC202400092
CONT2024001410,IMPORT,BMCT,VC202400092
CONT2024001411,IMPORT,BMCT,VC202400092
CONT2024001412,EXPORT,BMCT,VC202400092
CONT2024001413,IMPORT,BMCT,VC202400092
CONT2024001414,IMPORT,BMCT,VC202400092
CONT2024001415,EXPORT,BMCT,VC202400092
CONT2024001416,EXPORT,BMCT,VC202400092
CONT2024001417,IMPORT,BMCT,VC202400092
CONT2024001418,EXPORT,BMCT,VC202400092
CONT2024001419,EXPORT,BMCT,VC202400092
CONT2024001420,EXPORT,NSICT,VC202400093
CONT2024001421,IMPORT,NSICT,VC202400093
CONT2024001422,EXPORT,NSICT,VC202400093
CONT2024001423,IMPORT,NSICT,VC202400093
CONT2024001424,IMPORT,NSICT,VC202400093
CONT2024001425,IMPORT,NSICT,VC202400093
CONT2024001426,IMPORT,NSICT,VC202400093
CONT2024001427,EXPORT,NSICT,VC202400093
CONT2024001428,EXPORT,NSICT,VC202400093
CONT2024001429,IMPORT,NSICT,VC202400093
CONT2024001430,IMPORT,NSICT,VC202400093
CONT2024001431,IMPORT,NSICT,VC202400093
CONT2024001432,EXPORT,NSICT,VC202400093
CONT2024001433,EXPORT,NSICT,VC202400093
CONT2024001434,EXPORT,NSICT,VC202400093
CONT2024001435,EXPORT,NSICT,VC202400093
CONT2024001436,IMPORT,NSICT,VC202400093
CONT2024001437,EXPORT,NSICT,VC202400093
CONT2024001438,IMPORT,NSICT,VC202400093
CONT2024001439,EXPORT,NSICT,VC202400093
CONT2024001440,IMPORT,NSICT,VC202400093
CONT2024001441,EXPORT,NSICT,VC202400093
CONT2024001442,IMPORT,NSICT,VC202400093
CONT2024001443,EXPORT,NSICT,VC202400093
CONT2024001444,IMPORT,NSICT,VC202400093
CONT2024001445,IMPORT,NSICT,VC202400093
CONT2024001446,IMPORT,NSICT,VC202400093
CONT2024001447,IMPORT,NSICT,VC202400093
CONT2024001448,IMPORT,GTI,VC202400094
CONT2024001449,IMPORT,GTI,VC202400094
CONT2024001450,IMPORT,GTI,VC202400094
CONT2024001451,IMPORT,GTI,VC202400094
CONT2024001452,IMPORT,GTI,VC202400094
CONT2024001453,EXPORT,GTI,VC202400094
CONT2024001454,EXPORT,NSIGT,VC202400095
CONT2024001455,EXPORT,NSIGT,VC202400095
CONT2024001456,IMPORT,NSIGT,VC202400095
CONT2024001457,IMPORT,NSIGT,VC202400095
CONT2024001458,IMPORT,NSIGT,VC202400095
CONT2024001459,IMPORT,NSIGT,VC202400095
CONT2024001460,EXPORT,NSIGT,VC202400095
CONT2024001461,EXPORT,NSIGT,VC202400095
CONT2024001462,IMPORT,NSIGT,VC202400095
CONT2024001463,EXPORT,NSIGT,VC202400095
CONT2024001464,EXPORT,NSIGT,VC202400095
CONT2024001465,EXPORT,NSIGT,VC202400095
CONT2024001466,EXPORT,NSIGT,VC202400095
CONT2024001467,IMPORT,NSIGT,VC202400095
CONT2024001468,IMPORT,NSIGT,VC202400095
CONT2024001469,EXPORT,NSIGT,VC202400095
CONT2024001470,IMPORT,NSIGT,VC202400095
CONT2024001471,IMPORT,NSIGT,VC202400095
CONT2024001472,IMPORT,NSIGT,VC202400095
CONT2024001473,IMPORT,NSIGT,VC202400095
CONT2024001474,EXPORT,NSIGT,VC202400095
CONT2024001475,IMPORT,NSICT,VC202400096
CONT2024001476,EXPORT,NSICT,VC202400096
CONT2024001477,IMPORT,NSICT,VC202400096
CONT2024001478,EXPORT,NSICT,VC202400096
CONT2024001479,EXPORT,NSICT,VC202400096
CONT2024001480,IMPORT,NSICT,VC202400096
CONT2024001481,EXPORT,NSFT,VC202400097
CONT2024001482,IMPORT,NSFT,VC202400097
CONT2024001483,IMPORT,NSFT,VC202400097
CONT2024001484,IMPORT,NSFT,VC202400097
CONT2024001485,EXPORT,NSFT,VC202400097
CONT2024001486,EXPORT,NSFT,VC202400097
CONT2024001487,IMPORT,NSFT,VC202400097
CONT2024001488,IMPORT,NSFT,VC202400097
CONT2024001489,IMPORT,NSFT,VC202400097
CONT2024001490,EXPORT,NSFT,VC202400097
CONT2024001491,IMPORT,NSFT,VC202400097
CONT2024001492,EXPORT,NSICT,VC202400098
CONT2024001493,EXPORT,NSICT,VC202400098
CONT2024001494,EXPORT,NSICT,VC202400098
CONT2024001495,IMPORT,NSICT,VC202400098
CONT2024001496,EXPORT,NSICT,VC202400098
CONT2024001497,IMPORT,NSICT,VC202400098
CONT2024001498,EXPORT,NSICT,VC202400098
CONT2024001499,IMPORT,NSICT,VC202400098
CONT2024001500,IMPORT,NSICT,VC202400098
CONT2024001501,EXPORT,NSICT,VC202400098
CONT2024001502,IMPORT,NSICT,VC202400098
CONT2024001503,EXPORT,NSICT,VC202400098
CONT2024001504,IMPORT,NSICT,VC202400098
CONT2024001505,IMPORT,NSICT,VC202400098
CONT2024001506,IMPORT,NSICT,VC202400098
CONT2024001507,IMPORT,NSFT,VC202400099
CONT2024001508,EXPORT,NSFT,VC202400099
CONT2024001509,IMPORT,NSFT,VC202400099
CONT2024001510,IMPORT,NSFT,VC202400099
CONT2024001511,IMPORT,NSFT,VC202400099
CONT2024001512,IMPORT,NSFT,VC202400099
CONT2024001513,IMPORT,NSFT,VC202400099
CONT2024001514,IMPORT,NSFT,VC202400099
CONT2024001515,EXPORT,NSIGT,VC202400100
CONT2024001516,EXPORT,NSIGT,VC202400100
CONT2024001517,IMPORT,NSIGT,VC202400100
CONT2024001518,EXPORT,NSIGT,VC202400100
CONT2024001519,EXPORT,NSIGT,VC202400100
CONT2024001520,EXPORT,NSIGT,VC202400100
CONT2024001521,EXPORT,NSIGT,VC202400100
CONT2024001522,IMPORT,NSIGT,VC202400100
CONT2024001523,EXPORT,NSIGT,VC202400100
CONT2024001524,IMPORT,NSIGT,VC202400100
CONT2024001525,IMPORT,NSIGT,VC202400100
CONT2024001526,EXPORT,NSIGT,VC202400100
CONT2024001527,IMPORT,NSIGT,VC202400100
CONT2024001528,IMPORT,NSIGT,VC202400100
CONT2024001529,EXPORT,NSIGT,VC202400100
CONT2024001530,IMPORT,NSIGT,VC202400100
CONT2024001531,IMPORT,NSIGT,VC202400100
CONT2024001532,EXPORT,NSFT,VC202400101
CONT2024001533,EXPORT,NSFT,VC202400101
CONT2024001534,EXPORT,NSFT,VC202400101
CONT2024001535,IMPORT,NSFT,VC202400101
CONT2024001536,IMPORT,NSFT,VC202400101
CONT2024001537,IMPORT,NSFT,VC202400101
CONT2024001538,IMPORT,NSFT,VC202400101
CONT2024001539,IMPORT,NSFT,VC202400101
CONT2024001540,EXPORT,NSFT,VC202400101
CONT2024001541,EXPORT,NSFT,VC202400101
CONT2024001542,EXPORT,NSFT,VC202400101
CONT2024001543,IMPORT,NSIGT,VC202400102
CONT2024001544,EXPORT,NSIGT,VC202400102
CONT2024001545,IMPORT,NSIGT,VC202400102
CONT2024001546,IMPORT,NSIGT,VC202400102
CONT2024001547,IMPORT,NSIGT,VC202400102
CONT2024001548,IMPORT,NSIGT,VC202400102
CONT2024001549,EXPORT,NSIGT,VC202400102
CONT2024001550,IMPORT,NSIGT,VC202400102
CONT2024001551,IMPORT,NSIGT,VC202400102
CONT2024001552,IMPORT,NSIGT,VC202400102
CONT2024001553,IMPORT,NSIGT,VC202400102
CONT2024001554,EXPORT,NSIGT,VC202400102
CONT2024001555,IMPORT,NSIGT,VC202400102
CONT2024001556,IMPORT,NSIGT,VC202400102
CONT2024001557,EXPORT,BMCT,VC202400103
CONT2024001558,IMPORT,BMCT,VC202400103
CONT2024001559,EXPORT,BMCT,VC202400103
CONT2024001560,IMPORT,BMCT,VC202400103
CONT2024001561,EXPORT,BMCT,VC202400103
CONT2024001562,IMPORT,BMCT,VC202400103
CONT2024001563,IMPORT,BMCT,VC202400103
CONT2024001564,EXPORT,BMCT,VC202400103
CONT2024001565,EXPORT,BMCT,VC202400103
CONT2024001566,IMPORT,BMCT,VC202400103
CONT2024001567,EXPORT,BMCT,VC202400103
CONT2024001568,IMPORT,BMCT,VC202400103
CONT2024001569,IMPORT,BMCT,VC202400103
CONT2024001570,EXPORT,BMCT,VC202400103
CONT2024001571,EXPORT,NSICT,VC202400104
CONT2024001572,IMPORT,NSICT,VC202400104
CONT2024001573,EXPORT,NSICT,VC202400104
CONT2024001574,EXPORT,NSICT,VC202400104
CONT2024001575,IMPORT,NSICT,VC202400104
CONT2024001576,EXPORT,NSICT,VC202400104
CONT2024001577,IMPORT,NSICT,VC202400104
CONT2024001578,IMPORT,NSICT,VC202400104
CONT2024001579,EXPORT,NSICT,VC202400104
CONT2024001580,IMPORT,NSICT,VC202400104
CONT2024001581,IMPORT,NSICT,VC202400104
CONT2024001582,EXPORT,NSICT,VC202400104
CONT2024001583,IMPORT,NSICT,VC202400104
CONT2024001584,IMPORT,NSICT,VC202400104
CONT2024001585,IMPORT,BMCT,VC202400105
CONT2024001586,IMPORT,BMCT,VC202400105
CONT2024001587,EXPORT,BMCT,VC202400105
CONT2024001588,EXPORT,BMCT,VC202400105
CONT2024001589,EXPORT,BMCT,VC202400105
CONT2024001590,IMPORT,BMCT,VC202400105
CONT2024001591,IMPORT,BMCT,VC202400105
CONT2024001592,IMPORT,BMCT,VC202400105
CONT2024001593,EXPORT,BMCT,VC202400105
CONT2024001594,EXPORT,BMCT,VC202400105
CONT2024001595,EXPORT,BMCT,VC202400105
CONT2024001596,IMPORT,BMCT,VC202400105
CONT2024001597,EXPORT,BMCT,VC202400105
CONT2024001598,IMPORT,BMCT,VC202400105
CONT2024001599,IMPORT,BMCT,VC202400105
CONT2024001600,IMPORT,BMCT,VC202400105
CONT2024001601,IMPORT,BMCT,VC202400105
CONT2024001602,IMPORT,BMCT,VC202400105
CONT2024001603,IMPORT,BMCT,VC202400105
CONT2024001604,IMPORT,BMCT,VC202400105
CONT2024001605,EXPORT,BMCT,VC202400105
CONT2024001606,EXPORT,BMCT,VC202400105
CONT2024001607,IMPORT,BMCT,VC202400105
CONT2024001608,IMPORT,BMCT,VC202400105
CONT2024001609,EXPORT,BMCT,VC202400105
CONT2024001610,EXPORT,BMCT,VC202400105
CONT2024001611,EXPORT,BMCT,VC202400105
CONT2024001612,IMPORT,BMCT,VC202400105
CONT2024001613,EXPORT,BMCT,VC202400105
CONT2024001614,EXPORT,BMCT,VC202400105
CONT2024001615,EXPORT,NSFT,VC202400106
CONT2024001616,IMPORT,NSFT,VC202400106
CONT2024001617,EXPORT,NSFT,VC202400106
CONT2024001618,EXPORT,NSFT,VC202400106
CONT2024001619,IMPORT,NSFT,VC202400106
CONT2024001620,EXPORT,NSFT,VC202400106
CONT2024001621,EXPORT,NSFT,VC202400106
CONT2024001622,IMPORT,NSFT,VC202400106
CONT2024001623,EXPORT,NSFT,VC202400106
CONT2024001624,IMPORT,NSFT,VC202400106
CONT2024001625,EXPORT,GTI,VC202400107
CONT2024001626,IMPORT,GTI,VC202400107
CONT2024001627,IMPORT,GTI,VC202400107
CONT2024001628,EXPORT,GTI,VC202400107
CONT2024001629,IMPORT,GTI,VC202400107
CONT2024001630,EXPORT,GTI,VC202400107
CONT2024001631,EXPORT,GTI,VC202400107
CONT2024001632,IMPORT,GTI,VC202400107
CONT2024001633,EXPORT,GTI,VC202400107
CONT2024001634,IMPORT,NSICT,VC202400108
CONT2024001635,EXPORT,NSICT,VC202400108
CONT2024001636,IMPORT,NSICT,VC202400108
CONT2024001637,EXPORT,NSICT,VC202400108
CONT2024001638,EXPORT,NSICT,VC202400108
CONT2024001639,EXPORT,NSICT,VC202400108
CONT2024001640,EXPORT,NSICT,VC202400108
CONT2024001641,IMPORT,NSICT,VC202400108
CONT2024001642,IMPORT,NSICT,VC202400108
CONT2024001643,IMPORT,NSICT,VC202400108
CONT2024001644,IMPORT,NSICT,VC202400108
CONT2024001645,EXPORT,NSICT,VC202400108
CONT2024001646,IMPORT,NSICT,VC202400108
CONT2024001647,IMPORT,NSICT,VC202400108
CONT2024001648,EXPORT,NSICT,VC202400108
CONT2024001649,IMPORT,NSICT,VC202400108
CONT2024001650,IMPORT,NSICT,VC202400108
CONT2024001651,IMPORT,NSICT,VC202400108
CONT2024001652,IMPORT,NSICT,VC202400108
CONT2024001653,EXPORT,NSICT,VC202400108
CONT2024001654,EXPORT,NSICT,VC202400108
CONT2024001655,IMPORT,NSICT,VC202400108
CONT2024001656,IMPORT,NSICT,VC202400108
CONT2024001657,IMPORT,NSICT,VC202400108
CONT2024001658,EXPORT,NSICT,VC202400108
CONT2024001659,EXPORT,NSICT,VC202400108
CONT2024001660,EXPORT,NSICT,VC202400108
CONT2024001661,EXPORT,NSICT,VC202400108
CONT2024001662,IMPORT,NSICT,VC202400108
CONT2024001663,IMPORT,NSICT,VC202400108
CONT2024001664,EXPORT,NSICT,VC202400108
CONT2024001665,IMPORT,BMCT,VC202400109
CONT2024001666,IMPORT,BMCT,VC202400109
CONT2024001667,EXPORT,BMCT,VC202400109
CONT2024001668,IMPORT,BMCT,VC202400109
CONT2024001669,IMPORT,BMCT,VC202400109
CONT2024001670,EXPORT,BMCT,VC202400109
CONT2024001671,IMPORT,BMCT,VC202400109
CONT2024001672,EXPORT,BMCT,VC202400109
CONT2024001673,EXPORT,BMCT,VC202400109
CONT2024001674,IMPORT,BMCT,VC202400109
CONT2024001675,EXPORT,BMCT,VC202400109
CONT2024001676,IMPORT,NSFT,VC202400110
CONT2024001677,EXPORT,NSFT,VC202400110
CONT2024001678,IMPORT,NSFT,VC202400110
CONT2024001679,EXPORT,NSFT,VC202400110
CONT2024001680,IMPORT,NSFT,VC202400110
CONT2024001681,EXPORT,NSFT,VC202400110
CONT2024001682,IMPORT,NSFT,VC202400110
CONT2024001683,IMPORT,NSFT,VC202400110
CONT2024001684,IMPORT,NSFT,VC202400110
CONT2024001685,EXPORT,NSFT,VC202400110
CONT2024001686,IMPORT,NSFT,VC202400110
CONT2024001687,IMPORT,NSFT,VC202400110
CONT2024001688,EXPORT,NSFT,VC202400110
CONT2024001689,IMPORT,NSFT,VC202400110
CONT2024001690,EXPORT,NSFT,VC202400110
CONT2024001691,IMPORT,NSFT,VC202400111
CONT2024001692,EXPORT,NSFT,VC202400111
CONT2024001693,EXPORT,NSFT,VC202400111
CONT2024001694,EXPORT,NSFT,VC202400111
CONT2024001695,IMPORT,NSFT,VC202400111
CONT2024001696,EXPORT,NSFT,VC202400111
CONT2024001697,IMPORT,NSFT,VC202400111
CONT2024001698,IMPORT,NSFT,VC202400111
CONT2024001699,EXPORT,NSFT,VC202400111
CONT2024001700,EXPORT,NSFT,VC202400111
CONT2024001701,EXPORT,NSFT,VC202400111
CONT2024001702,EXPORT,NSFT,VC202400111
CONT2024001703,IMPORT,NSFT,VC202400111
CONT2024001704,IMPORT,NSFT,VC202400111
CONT2024001705,IMPORT,NSFT,VC202400111
CONT2024001706,IMPORT,NSFT,VC202400111
CONT2024001707,EXPORT,NSFT,VC202400111
CONT2024001708,EXPORT,NSFT,VC202400111
CONT2024001709,IMPORT,NSFT,VC202400111
CONT2024001710,EXPORT,NSFT,VC202400111
CONT2024001711,IMPORT,NSFT,VC202400111
CONT2024001712,IMPORT,NSFT,VC202400111
CONT2024001713,EXPORT,BMCT,VC202400112
CONT2024001714,EXPORT,BMCT,VC202400112
CONT2024001715,IMPORT,BMCT,VC202400112
CONT2024001716,EXPORT,BMCT,VC202400112
CONT2024001717,EXPORT,BMCT,VC202400112
CONT2024001718,EXPORT,BMCT,VC202400112
CONT2024001719,IMPORT,BMCT,VC202400112
CONT2024001720,IMPORT,BMCT,VC202400112
CONT2024001721,IMPORT,BMCT,VC202400112
CONT2024001722,IMPORT,BMCT,VC202400112
CONT2024001723,EXPORT,BMCT,VC202400112
CONT2024001724,EXPORT,BMCT,VC202400112
CONT2024001725,EXPORT,BMCT,VC202400112
CONT2024001726,EXPORT,BMCT,VC202400112
CONT2024001727,IMPORT,BMCT,VC202400112
CONT2024001728,EXPORT,BMCT,VC202400112
CONT2024001729,EXPORT,BMCT,VC202400112
CONT2024001730,EXPORT,BMCT,VC202400113
CONT2024001731,IMPORT,BMCT,VC202400113
CONT2024001732,EXPORT,BMCT,VC202400113
CONT2024001733,IMPORT,BMCT,VC202400113
CONT2024001734,EXPORT,BMCT,VC202400113
CONT2024001735,IMPORT,BMCT,VC202400113
CONT2024001736,EXPORT,BMCT,VC202400113
CONT2024001737,EXPORT,BMCT,VC202400113
CONT2024001738,EXPORT,BMCT,VC202400113
CONT2024001739,EXPORT,BMCT,VC202400113
CONT2024001740,IMPORT,BMCT,VC202400113
CONT2024001741,IMPORT,BMCT,VC202400113
CONT2024001742,EXPORT,BMCT,VC202400113
CONT2024001743,IMPORT,GTI,VC202400114
CONT2024001744,EXPORT,GTI,VC202400114
CONT2024001745,EXPORT,GTI,VC202400114
CONT2024001746,EXPORT,GTI,VC202400114
CONT2024001747,IMPORT,GTI,VC202400114
CONT2024001748,IMPORT,GTI,VC202400114
CONT2024001749,EXPORT,GTI,VC202400114
CONT2024001750,IMPORT,GTI,VC202400114
CONT2024001751,EXPORT,GTI,VC202400115
CONT2024001752,IMPORT,GTI,VC202400115
CONT2024001753,IMPORT,GTI,VC202400115
CONT2024001754,IMPORT,GTI,VC202400115
CONT2024001755,IMPORT,GTI,VC202400115
CONT2024001756,EXPORT,GTI,VC202400115
CONT2024001757,IMPORT,NSIGT,VC202400116
CONT2024001758,IMPORT,NSIGT,VC202400116
CONT2024001759,EXPORT,NSIGT,VC202400116
CONT2024001760,IMPORT,NSIGT,VC202400116
CONT2024001761,IMPORT,NSIGT,VC202400116
CONT2024001762,IMPORT,NSIGT,VC202400116
CONT2024001763,EXPORT,NSIGT,VC202400116
CONT2024001764,EXPORT,NSIGT,VC202400116
CONT2024001765,IMPORT,NSIGT,VC202400116
CONT2024001766,EXPORT,NSIGT,VC202400116
CONT2024001767,EXPORT,NSIGT,VC202400116
CONT2024001768,EXPORT,NSIGT,VC202400116
CONT2024001769,EXPORT,NSIGT,VC202400116
CONT2024001770,EXPORT,NSFT,VC202400117
CONT2024001771,EXPORT,NSFT,VC202400117
CONT2024001772,EXPORT,NSFT,VC202400117
CONT2024001773,EXPORT,NSFT,VC202400117
CONT2024001774,IMPORT,NSFT,VC202400117
CONT2024001775,EXPORT,NSFT,VC202400117
CONT2024001776,EXPORT,NSFT,VC202400117
CONT2024001777,EXPORT,NSFT,VC202400117
CONT2024001778,EXPORT,NSFT,VC202400117
CONT2024001779,EXPORT,NSFT,VC202400117
CONT2024001780,IMPORT,NSFT,VC202400117
CONT2024001781,IMPORT,NSFT,VC202400117
CONT2024001782,EXPORT,NSFT,VC202400117
CONT2024001783,IMPORT,NSFT,VC202400117
CONT2024001784,EXPORT,NSFT,VC202400117
CONT2024001785,IMPORT,BMCT,VC202400118
CONT2024001786,IMPORT,BMCT,VC202400118
CONT2024001787,EXPORT,BMCT,VC202400118
CONT2024001788,EXPORT,BMCT,VC202400118
CONT2024001789,EXPORT,BMCT,VC202400118
CONT2024001790,IMPORT,BMCT,VC202400118
CONT2024001791,IMPORT,BMCT,VC202400118
CONT2024001792,IMPORT,BMCT,VC202400118
CONT2024001793,EXPORT,BMCT,VC202400118
CONT2024001794,IMPORT,BMCT,VC202400118
CONT2024001795,IMPORT,BMCT,VC202400118
CONT2024001796,IMPORT,BMCT,VC202400118
CONT2024001797,EXPORT,BMCT,VC202400118
CONT2024001798,EXPORT,BMCT,VC202400118
CONT2024001799,EXPORT,NSIGT,VC202400119
CONT2024001800,IMPORT,NSIGT,VC202400119
CONT2024001801,EXPORT,NSIGT,VC202400119
CONT2024001802,IMPORT,NSIGT,VC202400119
CONT2024001803,IMPORT,NSIGT,VC202400119
CONT2024001804,IMPORT,NSIGT,VC202400119
CONT2024001805,EXPORT,NSIGT,VC202400119
CONT2024001806,IMPORT,NSIGT,VC202400119
CONT2024001807,EXPORT,NSIGT,VC202400119
CONT2024001808,IMPORT,NSIGT,VC202400119
CONT2024001809,IMPORT,NSIGT,VC202400119
CONT2024001810,EXPORT,NSIGT,VC202400119
CONT2024001811,EXPORT,NSIGT,VC202400119
CONT2024001812,EXPORT,NSIGT,VC202400119
CONT2024001813,IMPORT,NSIGT,VC202400119
CONT2024001814,EXPORT,NSIGT,VC202400119
CONT2024001815,EXPORT,NSIGT,VC202400119
CONT2024001816,EXPORT,NSIGT,VC202400119
CONT2024001817,EXPORT,NSIGT,VC202400119
CONT2024001818,IMPORT,NSIGT,VC202400119
CONT2024001819,EXPORT,NSIGT,VC202400119
CONT2024001820,EXPORT,GTI,VC202400120
CONT2024001821,EXPORT,GTI,VC202400120
CONT2024001822,IMPORT,GTI,VC202400120
CONT2024001823,IMPORT,GTI,VC202400120
CONT2024001824,IMPORT,GTI,VC202400120
CONT2024001825,EXPORT,GTI,VC202400120
CONT2024001826,IMPORT,GTI,VC202400120
CONT2024001827,EXPORT,GTI,VC202400120
CONT2024001828,IMPORT,GTI,VC202400120
CONT2024001829,EXPORT,NSFT,VC202400121
CONT2024001830,EXPORT,NSFT,VC202400121
CONT2024001831,EXPORT,NSFT,VC202400121
CONT2024001832,IMPORT,NSFT,VC202400121
CONT2024001833,EXPORT,NSFT,VC202400121
CONT2024001834,EXPORT,NSFT,VC202400121
CONT2024001835,EXPORT,NSFT,VC202400121
CONT2024001836,EXPORT,NSFT,VC202400121
CONT2024001837,EXPORT,NSFT,VC202400121
CONT2024001838,EXPORT,NSFT,VC202400121
CONT2024001839,IMPORT,NSFT,VC202400121
CONT2024001840,IMPORT,NSFT,VC202400121
CONT2024001841,EXPORT,NSFT,VC202400121
CONT2024001842,EXPORT,NSFT,VC202400121
CONT2024001843,IMPORT,NSFT,VC202400121
CONT2024001844,IMPORT,NSFT,VC202400121
CONT2024001845,IMPORT,NSIGT,VC202400122
CONT2024001846,IMPORT,NSIGT,VC202400122
CONT2024001847,EXPORT,NSIGT,VC202400122
CONT2024001848,IMPORT,NSIGT,VC202400122
CONT2024001849,EXPORT,NSIGT,VC202400122
CONT2024001850,IMPORT,NSIGT,VC202400122
CONT2024001851,EXPORT,NSIGT,VC202400122
CONT2024001852,EXPORT,NSIGT,VC202400122
CONT2024001853,IMPORT,NSIGT,VC202400122
CONT2024001854,IMPORT,NSIGT,VC202400122
CONT2024001855,IMPORT,NSIGT,VC202400122
CONT2024001856,EXPORT,NSIGT,VC202400122
CONT2024001857,IMPORT,NSIGT,VC202400122
CONT2024001858,EXPORT,NSIGT,VC202400122
CONT2024001859,IMPORT,NSIGT,VC202400122
CONT2024001860,IMPORT,NSIGT,VC202400122
CONT2024001861,IMPORT,NSIGT,VC202400122
CONT2024001862,EXPORT,NSFT,VC202400123
CONT2024001863,EXPORT,NSFT,VC202400123
CONT2024001864,EXPORT,NSFT,VC202400123
CONT2024001865,IMPORT,NSFT,VC202400123
CONT2024001866,EXPORT,NSFT,VC202400123
CONT2024001867,IMPORT,NSFT,VC202400123
CONT2024001868,EXPORT,NSFT,VC202400123
CONT2024001869,IMPORT,NSFT,VC202400123
CONT2024001870,EXPORT,NSFT,VC202400123
CONT2024001871,EXPORT,NSFT,VC202400123
CONT2024001872,IMPORT,NSFT,VC202400123
CONT2024001873,EXPORT,NSFT,VC202400123
CONT2024001874,IMPORT,NSFT,VC202400123
CONT2024001875,IMPORT,NSFT,VC202400123
CONT2024001876,IMPORT,NSFT,VC202400123
CONT2024001877,EXPORT,NSFT,VC202400123
CONT2024001878,EXPORT,BMCT,VC202400124
CONT2024001879,IMPORT,BMCT,VC202400124
CONT2024001880,EXPORT,BMCT,VC202400124
CONT2024001881,EXPORT,BMCT,VC202400124
CONT2024001882,EXPORT,BMCT,VC202400124
CONT2024001883,IMPORT,BMCT,VC202400124
CONT2024001884,EXPORT,BMCT,VC202400124
CONT2024001885,EXPORT,BMCT,VC202400124
CONT2024001886,IMPORT,BMCT,VC202400124
CONT2024001887,EXPORT,BMCT,VC202400124
CONT2024001888,EXPORT,BMCT,VC202400124
CONT2024001889,EXPORT,BMCT,VC202400124
CONT2024001890,IMPORT,BMCT,VC202400124
CONT2024001891,IMPORT,BMCT,VC202400124
CONT2024001892,EXPORT,BMCT,VC202400124
CONT2024001893,IMPORT,BMCT,VC202400124
CONT2024001894,IMPORT,BMCT,VC202400124
CONT2024001895,IMPORT,BMCT,VC202400124
CONT2024001896,IMPORT,BMCT,VC202400124
CONT2024001897,EXPORT,BMCT,VC202400124
CONT2024001898,EXPORT,BMCT,VC202400124
CONT2024001899,IMPORT,BMCT,VC202400124
CONT2024001900,IMPORT,BMCT,VC202400124
CONT2024001901,EXPORT,BMCT,VC202400124
CONT2024001902,EXPORT,BMCT,VC202400124
CONT2024001903,IMPORT,BMCT,VC202400124
CONT2024001904,EXPORT,BMCT,VC202400124
CONT2024001905,IMPORT,BMCT,VC202400124
CONT2024001906,EXPORT,BMCT,VC202400124
CONT2024001907,EXPORT,BMCT,VC202400124
CONT2024001908,EXPORT,BMCT,VC202400124
CONT2024001909,EXPORT,BMCT,VC202400124
CONT2024001910,EXPORT,BMCT,VC202400124
CONT2024001911,IMPORT,BMCT,VC202400124
CONT2024001912,IMPORT,BMCT,VC202400124
CONT2024001913,EXPORT,BMCT,VC202400124
CONT2024001914,EXPORT,BMCT,VC202400124
CONT2024001915,IMPORT,BMCT,VC202400124
CONT2024001916,EXPORT,NSICT,VC202400125
CONT2024001917,IMPORT,NSICT,VC202400125
CONT2024001918,EXPORT,NSICT,VC202400125
CONT2024001919,IMPORT,NSICT,VC202400125
CONT2024001920,EXPORT,NSICT,VC202400125
CONT2024001921,IMPORT,NSICT,VC202400125
CONT2024001922,IMPORT,NSICT,VC202400125
CONT2024001923,EXPORT,NSICT,VC202400125
CONT2024001924,EXPORT,NSICT,VC202400125
CONT2024001925,IMPORT,NSICT,VC202400125
CONT2024001926,EXPORT,NSICT,VC202400125
CONT2024001927,EXPORT,NSICT,VC202400125
CONT2024001928,IMPORT,NSICT,VC202400125
CONT2024001929,EXPORT,NSICT,VC202400125
CONT2024001930,IMPORT,NSICT,VC202400125
CONT2024001931,EXPORT,BMCT,VC202400126
CONT2024001932,IMPORT,BMCT,VC202400126
CONT2024001933,IMPORT,BMCT,VC202400126
CONT2024001934,IMPORT,BMCT,VC202400126
CONT2024001935,EXPORT,BMCT,VC202400126
CONT2024001936,EXPORT,BMCT,VC202400126
CONT2024001937,EXPORT,BMCT,VC202400126
CONT2024001938,IMPORT,GTI,VC202400127
CONT2024001939,EXPORT,GTI,VC202400127
CONT2024001940,EXPORT,GTI,VC202400127
CONT2024001941,IMPORT,GTI,VC202400127
CONT2024001942,IMPORT,GTI,VC202400127
CONT2024001943,EXPORT,GTI,VC202400127
CONT2024001944,IMPORT,GTI,VC202400127
CONT2024001945,IMPORT,GTI,VC202400127
CONT2024001946,IMPORT,NSIGT,VC202400128
CONT2024001947,EXPORT,NSIGT,VC202400128
CONT2024001948,IMPORT,NSIGT,VC202400128
CONT2024001949,IMPORT,NSIGT,VC202400128
CONT2024001950,IMPORT,NSIGT,VC202400128
CONT2024001951,EXPORT,NSIGT,VC202400128
CONT2024001952,IMPORT,NSIGT,VC202400128
CONT2024001953,IMPORT,NSIGT,VC202400128
CONT2024001954,IMPORT,NSIGT,VC202400128
CONT2024001955,IMPORT,NSIGT,VC202400128
CONT2024001956,EXPORT,NSIGT,VC202400128
CONT2024001957,EXPORT,NSIGT,VC202400128
CONT2024001958,EXPORT,NSIGT,VC202400128
CONT2024001959,EXPORT,NSIGT,VC202400128
CONT2024001960,IMPORT,NSIGT,VC202400128
CONT2024001961,IMPORT,NSIGT,VC202400128
CONT2024001962,EXPORT,NSIGT,VC202400128
CONT2024001963,EXPORT,NSIGT,VC202400128
CONT2024001964,EXPORT,NSIGT,VC202400128
CONT2024001965,IMPORT,NSIGT,VC202400128
CONT2024001966,EXPORT,NSIGT,VC202400128
CONT2024001967,IMPORT,NSIGT,VC202400128
CONT2024001968,IMPORT,NSIGT,VC202400128
CONT2024001969,IMPORT,NSIGT,VC202400128
CONT2024001970,EXPORT,NSIGT,VC202400128
CONT2024001971,EXPORT,BMCT,VC202400129
CONT2024001972,IMPORT,BMCT,VC202400129
CONT2024001973,EXPORT,BMCT,VC202400129
CONT2024001974,IMPORT,BMCT,VC202400129
CONT2024001975,IMPORT,BMCT,VC202400129
CONT2024001976,IMPORT,BMCT,VC202400129
CONT2024001977,IMPORT,BMCT,VC202400129
CONT2024001978,IMPORT,BMCT,VC202400129
CONT2024001979,EXPORT,BMCT,VC202400129
CONT2024001980,IMPORT,BMCT,VC202400129
CONT2024001981,EXPORT,BMCT,VC202400129
CONT2024001982,IMPORT,BMCT,VC202400129
CONT2024001983,IMPORT,BMCT,VC202400129
CONT2024001984,IMPORT,BMCT,VC202400129
CONT2024001985,EXPORT,BMCT,VC202400129
CONT2024001986,EXPORT,BMCT,VC202400129
CONT2024001987,IMPORT,BMCT,VC202400129
CONT2024001988,IMPORT,BMCT,VC202400129
CONT2024001989,EXPORT,BMCT,VC202400129
CONT2024001990,IMPORT,GTI,VC202400130
CONT2024001991,EXPORT,GTI,VC202400130
CONT2024001992,EXPORT,GTI,VC202400130
CONT2024001993,EXPORT,GTI,VC202400130
CONT2024001994,EXPORT,GTI,VC202400130
CONT2024001995,IMPORT,GTI,VC202400130
CONT2024001996,IMPORT,GTI,VC202400130
CONT2024001997,IMPORT,GTI,VC202400130
CONT2024001998,EXPORT,GTI,VC202400130
CONT2024001999,EXPORT,GTI,VC202400130
CONT2024002000,IMPORT,GTI,VC202400130
CONT2024002001,EXPORT,GTI,VC202400130
CONT2024002002,EXPORT,GTI,VC202400130
CONT2024002003,IMPORT,BMCT,VC202400131
CONT2024002004,EXPORT,BMCT,VC202400131
CONT2024002005,IMPORT,BMCT,VC202400131
CONT2024002006,EXPORT,BMCT,VC202400131
CONT2024002007,IMPORT,BMCT,VC202400131
CONT2024002008,IMPORT,BMCT,VC202400131
CONT2024002009,IMPORT,BMCT,VC202400131
CONT2024002010,EXPORT,BMCT,VC202400131
CONT2024002011,IMPORT,BMCT,VC202400131
CONT2024002012,IMPORT,BMCT,VC202400131
CONT2024002013,EXPORT,NSIGT,VC202400132
CONT2024002014,IMPORT,NSIGT,VC202400132
CONT2024002015,IMPORT,NSIGT,VC202400132
CONT2024002016,EXPORT,NSIGT,VC202400132
CONT2024002017,IMPORT,NSIGT,VC202400132
CONT2024002018,IMPORT,NSIGT,VC202400132
CONT2024002019,EXPORT,NSIGT,VC202400132
CONT2024002020,IMPORT,NSIGT,VC202400132
CONT2024002021,IMPORT,NSIGT,VC202400132
CONT2024002022,EXPORT,NSIGT,VC202400132
CONT2024002023,EXPORT,NSIGT,VC202400132
CONT2024002024,EXPORT,NSIGT,VC202400132
CONT2024002025,EXPORT,NSIGT,VC202400132
CONT2024002026,IMPORT,NSIGT,VC202400132
CONT2024002027,EXPORT,NSIGT,VC202400132
CONT2024002028,EXPORT,NSIGT,VC202400132
CONT2024002029,EXPORT,NSIGT,VC202400132
CONT2024002030,EXPORT,NSFT,VC202400133
CONT2024002031,EXPORT,NSFT,VC202400133
CONT2024002032,EXPORT,NSFT,VC202400133
CONT2024002033,EXPORT,NSFT,VC202400133
CONT2024002034,IMPORT,NSFT,VC202400133
CONT2024002035,EXPORT,NSFT,VC202400133
CONT2024002036,IMPORT,NSFT,VC202400133
CONT2024002037,IMPORT,NSFT,VC202400133
CONT2024002038,IMPORT,NSFT,VC202400133
CONT2024002039,IMPORT,NSFT,VC202400133
CONT2024002040,IMPORT,NSFT,VC202400133
CONT2024002041,EXPORT,NSFT,VC202400133
CONT2024002042,IMPORT,NSFT,VC202400133
CONT2024002043,EXPORT,NSFT,VC202400133
CONT2024002044,EXPORT,NSFT,VC202400133
CONT2024002045,EXPORT,NSFT,VC202400134
CONT2024002046,IMPORT,NSFT,VC202400134
CONT2024002047,IMPORT,NSFT,VC202400134
CONT2024002048,EXPORT,NSFT,VC202400134
CONT2024002049,EXPORT,NSFT,VC202400134
CONT2024002050,EXPORT,NSFT,VC202400134
CONT2024002051,IMPORT,NSFT,VC202400134
CONT2024002052,IMPORT,NSFT,VC202400134
CONT2024002053,EXPORT,NSFT,VC202400134
CONT2024002054,EXPORT,NSFT,VC202400134
CONT2024002055,EXPORT,NSFT,VC202400134
CONT2024002056,IMPORT,NSFT,VC202400134
CONT2024002057,EXPORT,NSFT,VC202400134
CONT2024002058,IMPORT,NSFT,VC202400134
CONT2024002059,IMPORT,NSFT,VC202400134
CONT2024002060,IMPORT,NSFT,VC202400134
CONT2024002061,IMPORT,NSFT,VC202400134
CONT2024002062,EXPORT,NSFT,VC202400134
CONT2024002063,EXPORT,NSFT,VC202400135
CONT2024002064,EXPORT,NSFT,VC202400135
CONT2024002065,EXPORT,NSFT,VC202400135
CONT2024002066,EXPORT,NSFT,VC202400135
CONT2024002067,EXPORT,NSFT,VC202400135
CONT2024002068,EXPORT,NSFT,VC202400135
CONT2024002069,IMPORT,NSFT,VC202400136
CONT2024002070,EXPORT,NSFT,VC202400136
CONT2024002071,EXPORT,NSFT,VC202400136
CONT2024002072,IMPORT,NSFT,VC202400136
CONT2024002073,EXPORT,NSFT,VC202400136
CONT2024002074,EXPORT,NSFT,VC202400136
CONT2024002075,EXPORT,NSFT,VC202400136
CONT2024002076,IMPORT,NSFT,VC202400136
CONT2024002077,IMPORT,NSFT,VC202400136
CONT2024002078,EXPORT,NSFT,VC202400136
CONT2024002079,EXPORT,NSFT,VC202400136
CONT2024002080,IMPORT,NSFT,VC202400136
CONT2024002081,IMPORT,NSICT,VC202400137
CONT2024002082,IMPORT,NSICT,VC202400137
CONT2024002083,EXPORT,NSICT,VC202400137
CONT2024002084,IMPORT,NSICT,VC202400137
CONT2024002085,IMPORT,NSICT,VC202400137
CONT2024002086,IMPORT,NSICT,VC202400137
CONT2024002087,EXPORT,NSICT,VC202400137
CONT2024002088,IMPORT,NSICT,VC202400137
CONT2024002089,EXPORT,NSICT,VC202400137
CONT2024002090,IMPORT,NSICT,VC202400137
CONT2024002091,IMPORT,NSICT,VC202400137
CONT2024002092,IMPORT,NSICT,VC202400137
CONT2024002093,EXPORT,NSICT,VC202400137
CONT2024002094,IMPORT,NSICT,VC202400137
CONT2024002095,EXPORT,NSICT,VC202400137
CONT2024002096,EXPORT,NSICT,VC202400137
CONT2024002097,EXPORT,NSICT,VC202400137
CONT2024002098,IMPORT,NSICT,VC202400138
CONT2024002099,IMPORT,NSICT,VC202400138
CONT2024002100,IMPORT,NSICT,VC202400138
CONT2024002101,IMPORT,NSICT,VC202400138
CONT2024002102,IMPORT,NSICT,VC202400138
CONT2024002103,EXPORT,NSICT,VC202400138
CONT2024002104,EXPORT,NSICT,VC202400138
CONT2024002105,EXPORT,NSICT,VC202400138
CONT2024002106,EXPORT,NSICT,VC202400138
CONT2024002107,IMPORT,NSICT,VC202400138
CONT2024002108,IMPORT,NSICT,VC202400138
CONT2024002109,EXPORT,GTI,VC202400139
CONT2024002110,IMPORT,GTI,VC202400139
CONT2024002111,IMPORT,GTI,VC202400139
CONT2024002112,IMPORT,GTI,VC202400139
CONT2024002113,IMPORT,GTI,VC202400139
CONT2024002114,IMPORT,GTI,VC202400139
CONT2024002115,EXPORT,GTI,VC202400139
CONT2024002116,EXPORT,GTI,VC202400139
CONT2024002117,EXPORT,GTI,VC202400139
CONT2024002118,IMPORT,GTI,VC202400139
CONT2024002119,IMPORT,GTI,VC202400139
CONT2024002120,EXPORT,GTI,VC202400139
CONT2024002121,IMPORT,GTI,VC202400139
CONT2024002122,EXPORT,GTI,VC202400139
CONT2024002123,IMPORT,GTI,VC202400139
CONT2024002124,IMPORT,GTI,VC202400139
CONT2024002125,IMPORT,GTI,VC202400139
CONT2024002126,EXPORT,GTI,VC202400139
CONT2024002127,EXPORT,GTI,VC202400139
CONT2024002128,EXPORT,GTI,VC202400139
CONT2024002129,EXPORT,GTI,VC202400139
CONT2024002130,EXPORT,GTI,VC202400139
CONT2024002131,IMPORT,NSFT,VC202400140
CONT2024002132,IMPORT,NSFT,VC202400140
CONT2024002133,IMPORT,NSFT,VC202400140
CONT2024002134,EXPORT,NSFT,VC202400140
CONT2024002135,IMPORT,NSFT,VC202400140
CONT2024002136,EXPORT,NSFT,VC202400140
CONT2024002137,IMPORT,NSFT,VC202400140
CONT2024002138,EXPORT,NSFT,VC202400140
CONT2024002139,EXPORT,NSFT,VC202400140
CONT2024002140,IMPORT,NSFT,VC202400140
CONT2024002141,EXPORT,NSFT,VC202400140
CONT2024002142,EXPORT,NSFT,VC202400140
CONT2024002143,IMPORT,NSFT,VC202400140
CONT2024002144,EXPORT,NSFT,VC202400140
CONT2024002145,IMPORT,NSFT,VC202400140
CONT2024002146,IMPORT,NSFT,VC202400140
CONT2024002147,IMPORT,NSFT,VC202400140
CONT2024002148,EXPORT,NSFT,VC202400140
CONT2024002149,IMPORT,NSFT,VC202400140
CONT2024002150,EXPORT,NSFT,VC202400140
CONT2024002151,IMPORT,NSFT,VC202400140
CONT2024002152,IMPORT,NSICT,VC202400141
CONT2024002153,EXPORT,NSICT,VC202400141
CONT2024002154,EXPORT,NSICT,VC202400141
CONT2024002155,IMPORT,NSICT,VC202400141
CONT2024002156,EXPORT,NSICT,VC202400141
CONT2024002157,EXPORT,NSICT,VC202400141
CONT2024002158,EXPORT,NSICT,VC202400141
CONT2024002159,IMPORT,GTI,VC202400142
CONT2024002160,EXPORT,GTI,VC202400142
CONT2024002161,IMPORT,GTI,VC202400142
CONT2024002162,EXPORT,GTI,VC202400142
CONT2024002163,IMPORT,GTI,VC202400142
CONT2024002164,IMPORT,GTI,VC202400142
CONT2024002165,EXPORT,GTI,VC202400142
CONT2024002166,IMPORT,GTI,VC202400142
CONT2024002167,IMPORT,GTI,VC202400142
CONT2024002168,EXPORT,GTI,VC202400142
CONT2024002169,IMPORT,GTI,VC202400142
CONT2024002170,IMPORT,GTI,VC202400142
CONT2024002171,EXPORT,GTI,VC202400142
CONT2024002172,IMPORT,GTI,VC202400142
CONT2024002173,IMPORT,GTI,VC202400142
CONT2024002174,IMPORT,GTI,VC202400142
CONT2024002175,EXPORT,GTI,VC202400142
CONT2024002176,IMPORT,GTI,VC202400142
CONT2024002177,IMPORT,GTI,VC202400142
CONT2024002178,IMPORT,GTI,VC202400142
CONT2024002179,IMPORT,GTI,VC202400142
CONT2024002180,EXPORT,GTI,VC202400142
CONT2024002181,EXPORT,GTI,VC202400142
CONT2024002182,IMPORT,GTI,VC202400142
CONT2024002183,EXPORT,GTI,VC202400142
CONT2024002184,IMPORT,GTI,VC202400142
CONT2024002185,IMPORT,GTI,VC202400142
CONT2024002186,EXPORT,BMCT,VC202400143
CONT2024002187,IMPORT,BMCT,VC202400143
CONT2024002188,IMPORT,BMCT,VC202400143
CONT2024002189,EXPORT,BMCT,VC202400143
CONT2024002190,EXPORT,BMCT,VC202400143
CONT2024002191,IMPORT,BMCT,VC202400143
CONT2024002192,EXPORT,BMCT,VC202400143
CONT2024002193,IMPORT,BMCT,VC202400143
CONT2024002194,IMPORT,BMCT,VC202400143
CONT2024002195,IMPORT,BMCT,VC202400143
CONT2024002196,IMPORT,BMCT,VC202400144
CONT2024002197,EXPORT,BMCT,VC202400144
CONT2024002198,IMPORT,BMCT,VC202400144
CONT2024002199,EXPORT,BMCT,VC202400144
CONT2024002200,EXPORT,BMCT,VC202400144
CONT2024002201,IMPORT,BMCT,VC202400144
CONT2024002202,IMPORT,BMCT,VC202400144
CONT2024002203,EXPORT,BMCT,VC202400144
CONT2024002204,IMPORT,BMCT,VC202400144
CONT2024002205,IMPORT,BMCT,VC202400144
CONT2024002206,IMPORT,BMCT,VC202400144
CONT2024002207,IMPORT,BMCT,VC202400144
CONT2024002208,EXPORT,BMCT,VC202400144
CONT2024002209,EXPORT,BMCT,VC202400144
CONT2024002210,IMPORT,BMCT,VC202400144
CONT2024002211,EXPORT,BMCT,VC202400144
CONT2024002212,EXPORT,BMCT,VC202400144
CONT2024002213,EXPORT,BMCT,VC202400144
CONT2024002214,EXPORT,BMCT,VC202400144
CONT2024002215,EXPORT,BMCT,VC202400144
CONT2024002216,IMPORT,GTI,VC202400145
CONT2024002217,IMPORT,GTI,VC202400145
CONT2024002218,EXPORT,GTI,VC202400145
CONT2024002219,EXPORT,GTI,VC202400145
CONT2024002220,EXPORT,GTI,VC202400145
CONT2024002221,EXPORT,GTI,VC202400145
CONT2024002222,IMPORT,GTI,VC202400145
CONT2024002223,IMPORT,GTI,VC202400145
CONT2024002224,IMPORT,GTI,VC202400145
CONT2024002225,IMPORT,GTI,VC202400145
CONT2024002226,EXPORT,GTI,VC202400145
CONT2024002227,IMPORT,GTI,VC202400145
CONT2024002228,EXPORT,GTI,VC202400145
CONT2024002229,IMPORT,GTI,VC202400145
CONT2024002230,IMPORT,GTI,VC202400145
CONT2024002231,EXPORT,GTI,VC202400145
CONT2024002232,IMPORT,BMCT,VC202400146
CONT2024002233,IMPORT,BMCT,VC202400146
CONT2024002234,IMPORT,BMCT,VC202400146
CONT2024002235,IMPORT,BMCT,VC202400146
CONT2024002236,EXPORT,BMCT,VC202400146
CONT2024002237,IMPORT,BMCT,VC202400146
CONT2024002238,IMPORT,BMCT,VC202400146
CONT2024002239,IMPORT,BMCT,VC202400146
CONT2024002240,EXPORT,BMCT,VC202400146
CONT2024002241,EXPORT,BMCT,VC202400146
CONT2024002242,EXPORT,BMCT,VC202400146
CONT2024002243,IMPORT,NSICT,VC202400147
CONT2024002244,EXPORT,NSICT,VC202400147
CONT2024002245,EXPORT,NSICT,VC202400147
CONT2024002246,EXPORT,NSICT,VC202400147
CONT2024002247,IMPORT,NSICT,VC202400147
CONT2024002248,IMPORT,NSICT,VC202400147
CONT2024002249,IMPORT,NSICT,VC202400147
CONT2024002250,IMPORT,NSICT,VC202400147
CONT2024002251,EXPORT,NSICT,VC202400147
CONT2024002252,IMPORT,NSICT,VC202400147
CONT2024002253,IMPORT,NSICT,VC202400147
CONT2024002254,IMPORT,NSICT,VC202400147
CONT2024002255,IMPORT,NSICT,VC202400147
CONT2024002256,EXPORT,NSICT,VC202400147
CONT2024002257,IMPORT,NSICT,VC202400147
CONT2024002258,IMPORT,NSICT,VC202400147
CONT2024002259,IMPORT,NSICT,VC202400147
CONT2024002260,EXPORT,NSICT,VC202400147
CONT2024002261,IMPORT,NSICT,VC202400147
CONT2024002262,IMPORT,NSICT,VC202400147
CONT2024002263,EXPORT,NSICT,VC202400147
CONT2024002264,IMPORT,NSICT,VC202400147
CONT2024002265,EXPORT,NSICT,VC202400147
CONT2024002266,EXPORT,NSICT,VC202400147
CONT2024002267,EXPORT,NSICT,VC202400147
CONT2024002268,IMPORT,NSICT,VC202400147
CONT2024002269,EXPORT,GTI,VC202400148
CONT2024002270,IMPORT,GTI,VC202400148
CONT2024002271,EXPORT,GTI,VC202400148
CONT2024002272,IMPORT,GTI,VC202400148
CONT2024002273,IMPORT,GTI,VC202400148
CONT2024002274,IMPORT,GTI,VC202400148
CONT2024002275,EXPORT,GTI,VC202400148
CONT2024002276,EXPORT,GTI,VC202400148
CONT2024002277,EXPORT,GTI,VC202400148
CONT2024002278,EXPORT,GTI,VC202400148
CONT2024002279,IMPORT,GTI,VC202400148
CONT2024002280,IMPORT,GTI,VC202400148
CONT2024002281,IMPORT,GTI,VC202400148
CONT2024002282,IMPORT,GTI,VC202400148
CONT2024002283,EXPORT,GTI,VC202400148
CONT2024002284,EXPORT,GTI,VC202400148
CONT2024002285,EXPORT,GTI,VC202400148
CONT2024002286,IMPORT,GTI,VC202400148
CONT2024002287,EXPORT,GTI,VC202400148
CONT2024002288,EXPORT,GTI,VC202400148
CONT2024002289,IMPORT,GTI,VC202400148
CONT2024002290,IMPORT,GTI,VC202400148
CONT2024002291,IMPORT,GTI,VC202400148
CONT2024002292,IMPORT,GTI,VC202400148
CONT2024002293,EXPORT,GTI,VC202400148
CONT2024002294,EXPORT,GTI,VC202400148
CONT2024002295,EXPORT,NSICT,VC202400149
CONT2024002296,EXPORT,NSICT,VC202400149
CONT2024002297,EXPORT,NSICT,VC202400149
CONT2024002298,EXPORT,NSICT,VC202400149
CONT2024002299,EXPORT,NSICT,VC202400149
CONT2024002300,IMPORT,NSICT,VC202400149
CONT2024002301,EXPORT,NSICT,VC202400149
CONT2024002302,IMPORT,NSICT,VC202400149
CONT2024002303,IMPORT,NSICT,VC202400149
CONT2024002304,IMPORT,NSICT,VC202400149
CONT2024002305,IMPORT,NSICT,VC202400149
CONT2024002306,EXPORT,NSICT,VC202400149
CONT2024002307,EXPORT,NSICT,VC202400149
CONT2024002308,EXPORT,NSICT,VC202400149
CONT2024002309,EXPORT,NSICT,VC202400149
CONT2024002310,EXPORT,NSICT,VC202400149
CONT2024002311,IMPORT,NSICT,VC202400149
CONT2024002312,IMPORT,GTI,VC202400150
CONT2024002313,IMPORT,GTI,VC202400150
CONT2024002314,IMPORT,GTI,VC202400150
CONT2024002315,IMPORT,GTI,VC202400150
CONT2024002316,IMPORT,GTI,VC202400150
CONT2024002317,EXPORT,GTI,VC202400150
CONT2024002318,IMPORT,GTI,VC202400150
CONT2024002319,EXPORT,GTI,VC202400150
CONT2024002320,IMPORT,GTI,VC202400150
CONT2024002321,EXPORT,GTI,VC202400150
CONT2024002322,IMPORT,GTI,VC202400150
CONT2024002323,EXPORT,GTI,VC202400150
CONT2024002324,IMPORT,GTI,VC202400150
CONT2024002325,EXPORT,GTI,VC202400150
CONT2024002326,EXPORT,GTI,VC202400150
CONT2024002327,IMPORT,GTI,VC202400150
CONT2024002328,IMPORT,GTI,VC202400150
CONT2024002329,EXPORT,GTI,VC202400150
CONT2024002330,IMPORT,GTI,VC202400150
CONT2024002331,IMPORT,GTI,VC202400150
CONT2024002332,IMPORT,GTI,VC202400150
CONT2024002333,EXPORT,BMCT,VC202400151
CONT2024002334,IMPORT,BMCT,VC202400151
CONT2024002335,EXPORT,BMCT,VC202400151
CONT2024002336,IMPORT,BMCT,VC202400151
CONT2024002337,IMPORT,BMCT,VC202400151
CONT2024002338,IMPORT,BMCT,VC202400151
CONT2024002339,IMPORT,BMCT,VC202400151
CONT2024002340,EXPORT,BMCT,VC202400151
CONT2024002341,EXPORT,BMCT,VC202400151
CONT2024002342,EXPORT,NSICT,VC202400152
CONT2024002343,EXPORT,NSICT,VC202400152
CONT2024002344,EXPORT,NSICT,VC202400152
CONT2024002345,EXPORT,NSICT,VC202400152
CONT2024002346,EXPORT,NSICT,VC202400152
CONT2024002347,IMPORT,NSICT,VC202400152
CONT2024002348,EXPORT,NSICT,VC202400152
CONT2024002349,IMPORT,NSICT,VC202400152
CONT2024002350,EXPORT,NSICT,VC202400152
CONT2024002351,IMPORT,NSICT,VC202400152
CONT2024002352,IMPORT,NSICT,VC202400152
CONT2024002353,IMPORT,NSICT,VC202400152
CONT2024002354,EXPORT,NSICT,VC202400152
CONT2024002355,EXPORT,NSICT,VC202400152
CONT2024002356,EXPORT,NSICT,VC202400152
CONT2024002357,IMPORT,NSICT,VC202400152
CONT2024002358,EXPORT,NSICT,VC202400152
CONT2024002359,EXPORT,NSICT,VC202400152
CONT2024002360,IMPORT,NSICT,VC202400152
CONT2024002361,IMPORT,NSICT,VC202400152
CONT2024002362,EXPORT,NSICT,VC202400152
CONT2024002363,EXPORT,NSICT,VC202400152
CONT2024002364,IMPORT,NSICT,VC202400152
CONT2024002365,EXPORT,NSICT,VC202400152
CONT2024002366,EXPORT,NSICT,VC202400152
CONT2024002367,EXPORT,NSICT,VC202400152
CONT2024002368,EXPORT,NSICT,VC202400152
CONT2024002369,EXPORT,NSICT,VC202400152
CONT2024002370,IMPORT,NSICT,VC202400152
CONT2024002371,EXPORT,NSICT,VC202400152
CONT2024002372,EXPORT,NSICT,VC202400152
CONT2024002373,IMPORT,NSICT,VC202400152
CONT2024002374,EXPORT,NSICT,VC202400152
CONT2024002375,IMPORT,NSICT,VC202400152
CONT2024002376,EXPORT,GTI,VC202400153
CONT2024002377,IMPORT,GTI,VC202400153
CONT2024002378,EXPORT,GTI,VC202400153
CONT2024002379,EXPORT,GTI,VC202400153
CONT2024002380,EXPORT,GTI,VC202400153
CONT2024002381,IMPORT,GTI,VC202400153
CONT2024002382,EXPORT,GTI,VC202400153
CONT2024002383,EXPORT,GTI,VC202400153
CONT2024002384,IMPORT,GTI,VC202400153
CONT2024002385,IMPORT,GTI,VC202400153
CONT2024002386,EXPORT,GTI,VC202400153
CONT2024002387,IMPORT,GTI,VC202400153
CONT2024002388,EXPORT,GTI,VC202400153
CONT2024002389,EXPORT,GTI,VC202400154
CONT2024002390,IMPORT,GTI,VC202400154
CONT2024002391,EXPORT,GTI,VC202400154
CONT2024002392,EXPORT,GTI,VC202400154
CONT2024002393,IMPORT,GTI,VC202400154
CONT2024002394,IMPORT,GTI,VC202400154
CONT2024002395,IMPORT,GTI,VC202400154
CONT2024002396,EXPORT,GTI,VC202400154
CONT2024002397,IMPORT,GTI,VC202400154
CONT2024002398,IMPORT,GTI,VC202400154
CONT2024002399,IMPORT,GTI,VC202400154
CONT2024002400,IMPORT,GTI,VC202400154
CONT2024002401,IMPORT,GTI,VC202400154
CONT2024002402,IMPORT,GTI,VC202400154
CONT2024002403,EXPORT,GTI,VC202400154
CONT2024002404,IMPORT,BMCT,VC202400155
CONT2024002405,EXPORT,BMCT,VC202400155
CONT2024002406,EXPORT,BMCT,VC202400155
CONT2024002407,EXPORT,BMCT,VC202400155
CONT2024002408,IMPORT,BMCT,VC202400155
CONT2024002409,EXPORT,BMCT,VC202400155
CONT2024002410,IMPORT,BMCT,VC202400155
CONT2024002411,IMPORT,BMCT,VC202400155
CONT2024002412,IMPORT,BMCT,VC202400155
CONT2024002413,IMPORT,BMCT,VC202400155
CONT2024002414,IMPORT,BMCT,VC202400155
CONT2024002415,IMPORT,BMCT,VC202400155
CONT2024002416,IMPORT,BMCT,VC202400155
CONT2024002417,EXPORT,BMCT,VC202400155
CONT2024002418,EXPORT,BMCT,VC202400155
CONT2024002419,EXPORT,BMCT,VC202400155
CONT2024002420,IMPORT,BMCT,VC202400155
CONT2024002421,IMPORT,BMCT,VC202400155
CONT2024002422,EXPORT,BMCT,VC202400155
CONT2024002423,IMPORT,BMCT,VC202400155
CONT2024002424,IMPORT,BMCT,VC202400155
CONT2024002425,IMPORT,BMCT,VC202400155
CONT2024002426,EXPORT,BMCT,VC202400155
CONT2024002427,IMPORT,BMCT,VC202400155
CONT2024002428,IMPORT,BMCT,VC202400155
CONT2024002429,EXPORT,BMCT,VC202400155
CONT2024002430,EXPORT,NSFT,VC202400156
CONT2024002431,IMPORT,NSFT,VC202400156
CONT2024002432,IMPORT,NSFT,VC202400156
CONT2024002433,IMPORT,NSFT,VC202400156
CONT2024002434,IMPORT,NSFT,VC202400156
CONT2024002435,EXPORT,NSFT,VC202400156
CONT2024002436,EXPORT,NSFT,VC202400156
CONT2024002437,EXPORT,NSFT,VC202400156
CONT2024002438,EXPORT,NSFT,VC202400156
CONT2024002439,IMPORT,NSFT,VC202400156
CONT2024002440,EXPORT,NSFT,VC202400156
CONT2024002441,IMPORT,NSFT,VC202400156
CONT2024002442,EXPORT,NSICT,VC202400157
CONT2024002443,EXPORT,NSICT,VC202400157
CONT2024002444,IMPORT,NSICT,VC202400157
CONT2024002445,IMPORT,NSICT,VC202400157
CONT2024002446,IMPORT,NSICT,VC202400157
CONT2024002447,EXPORT,NSICT,VC202400157
CONT2024002448,IMPORT,NSICT,VC202400158
CONT2024002449,IMPORT,NSICT,VC202400158
CONT2024002450,IMPORT,NSICT,VC202400158
CONT2024002451,EXPORT,NSICT,VC202400158
CONT2024002452,EXPORT,NSICT,VC202400158
CONT2024002453,EXPORT,NSICT,VC202400158
CONT2024002454,IMPORT,NSICT,VC202400158
CONT2024002455,EXPORT,NSIGT,VC202400159
CONT2024002456,EXPORT,NSIGT,VC202400159
CONT2024002457,EXPORT,NSIGT,VC202400159
CONT2024002458,EXPORT,NSIGT,VC202400159
CONT2024002459,IMPORT,NSIGT,VC202400159
CONT2024002460,IMPORT,NSIGT,VC202400159
CONT2024002461,IMPORT,NSIGT,VC202400159
CONT2024002462,EXPORT,NSIGT,VC202400159
CONT2024002463,IMPORT,NSIGT,VC202400159
CONT2024002464,EXPORT,NSICT,VC202400160
CONT2024002465,IMPORT,NSICT,VC202400160
CONT2024002466,EXPORT,NSICT,VC202400160
CONT2024002467,IMPORT,NSICT,VC202400160
CONT2024002468,EXPORT,NSICT,VC202400160
CONT2024002469,EXPORT,NSICT,VC202400160
CONT2024002470,EXPORT,NSICT,VC202400160
CONT2024002471,IMPORT,NSICT,VC202400160
CONT2024002472,IMPORT,NSICT,VC202400160
CONT2024002473,IMPORT,NSICT,VC202400160
CONT2024002474,IMPORT,NSICT,VC202400160
CONT2024002475,IMPORT,NSICT,VC202400160
CONT2024002476,IMPORT,NSICT,VC202400160
CONT2024002477,EXPORT,NSICT,VC202400160
CONT2024002478,IMPORT,NSICT,VC202400160
CONT2024002479,IMPORT,NSICT,VC202400160
CONT2024002480,EXPORT,NSICT,VC202400160
CONT2024002481,EXPORT,NSICT,VC202400160
CONT2024002482,IMPORT,NSICT,VC202400160
CONT2024002483,IMPORT,NSICT,VC202400160
CONT2024002484,EXPORT,NSICT,VC202400160
CONT2024002485,EXPORT,NSICT,VC202400160
CONT2024002486,EXPORT,NSICT,VC202400160
CONT2024002487,IMPORT,NSICT,VC202400160
CONT2024002488,IMPORT,NSICT,VC202400160
CONT2024002489,EXPORT,NSICT,VC202400160
CONT2024002490,IMPORT,NSICT,VC202400160
CONT2024002491,EXPORT,NSICT,VC202400160
CONT2024002492,EXPORT,NSFT,VC202400161
CONT2024002493,EXPORT,NSFT,VC202400161
CONT2024002494,EXPORT,NSFT,VC202400161
CONT2024002495,IMPORT,NSFT,VC202400161
CONT2024002496,IMPORT,NSFT,VC202400161
CONT2024002497,EXPORT,NSFT,VC202400161
CONT2024002498,EXPORT,NSFT,VC202400161
CONT2024002499,EXPORT,NSFT,VC202400161
CONT2024002500,IMPORT,NSFT,VC202400161
CONT2024002501,IMPORT,NSFT,VC202400161
CONT2024002502,EXPORT,NSFT,VC202400161
CONT2024002503,EXPORT,NSFT,VC202400161
CONT2024002504,EXPORT,NSFT,VC202400161
CONT2024002505,EXPORT,NSFT,VC202400161
CONT2024002506,IMPORT,NSFT,VC202400161
CONT2024002507,IMPORT,NSFT,VC202400161
CONT2024002508,IMPORT,NSFT,VC202400161
CONT2024002509,IMPORT,NSFT,VC202400161
CONT2024002510,IMPORT,NSFT,VC202400161
CONT2024002511,IMPORT,NSFT,VC202400161
CONT2024002512,IMPORT,NSFT,VC202400161
CONT2024002513,EXPORT,NSFT,VC202400161
CONT2024002514,EXPORT,NSFT,VC202400161
CONT2024002515,EXPORT,NSFT,VC202400161
CONT2024002516,EXPORT,NSFT,VC202400161
CONT2024002517,IMPORT,NSFT,VC202400161
CONT2024002518,IMPORT,NSFT,VC202400161
CONT2024002519,IMPORT,NSFT,VC202400161
CONT2024002520,EXPORT,NSFT,VC202400161
CONT2024002521,IMPORT,NSFT,VC202400161
CONT2024002522,IMPORT,NSFT,VC202400161
CONT2024002523,IMPORT,NSFT,VC202400161
CONT2024002524,IMPORT,NSFT,VC202400161
CONT2024002525,IMPORT,NSFT,VC202400161
CONT2024002526,EXPORT,NSFT,VC202400161
CONT2024002527,EXPORT,NSFT,VC202400161
CONT2024002528,IMPORT,NSFT,VC202400161
CONT2024002529,IMPORT,NSFT,VC202400161
CONT2024002530,IMPORT,NSFT,VC202400161
CONT2024002531,IMPORT,NSFT,VC202400161
CONT2024002532,IMPORT,NSFT,VC202400161
CONT2024002533,EXPORT,BMCT,VC202400162
CONT2024002534,EXPORT,BMCT,VC202400162
CONT2024002535,EXPORT,BMCT,VC202400162
CONT2024002536,EXPORT,BMCT,VC202400162
CONT2024002537,IMPORT,BMCT,VC202400162
CONT2024002538,EXPORT,BMCT,VC202400162
CONT2024002539,IMPORT,BMCT,VC202400162
CONT2024002540,EXPORT,BMCT,VC202400162
CONT2024002541,EXPORT,BMCT,VC202400162
CONT2024002542,EXPORT,BMCT,VC202400162
CONT2024002543,IMPORT,BMCT,VC202400162
CONT2024002544,IMPORT,BMCT,VC202400162
CONT2024002545,IMPORT,BMCT,VC202400162
CONT2024002546,EXPORT,BMCT,VC202400162
CONT2024002547,IMPORT,BMCT,VC202400162
CONT2024002548,EXPORT,BMCT,VC202400162
CONT2024002549,EXPORT,BMCT,VC202400162
CONT2024002550,EXPORT,BMCT,VC202400162
CONT2024002551,IMPORT,BMCT,VC202400162
CONT2024002552,IMPORT,BMCT,VC202400162
CONT2024002553,EXPORT,BMCT,VC202400162
CONT2024002554,EXPORT,BMCT,VC202400162
CONT2024002555,IMPORT,BMCT,VC202400162
CONT2024002556,EXPORT,BMCT,VC202400162
CONT2024002557,IMPORT,BMCT,VC202400162
CONT2024002558,IMPORT,NSFT,VC202400163
CONT2024002559,IMPORT,NSFT,VC202400163
CONT2024002560,EXPORT,NSFT,VC202400163
CONT2024002561,EXPORT,NSFT,VC202400163
CONT2024002562,EXPORT,NSFT,VC202400163
CONT2024002563,EXPORT,NSFT,VC202400163
CONT2024002564,IMPORT,NSFT,VC202400163
CONT2024002565,EXPORT,NSFT,VC202400163
CONT2024002566,EXPORT,NSFT,VC202400163
CONT2024002567,IMPORT,NSFT,VC202400163
CONT2024002568,EXPORT,NSFT,VC202400163
CONT2024002569,EXPORT,NSFT,VC202400164
CONT2024002570,IMPORT,NSFT,VC202400164
CONT2024002571,IMPORT,NSFT,VC202400164
CONT2024002572,EXPORT,NSFT,VC202400164
CONT2024002573,IMPORT,NSFT,VC202400164
CONT2024002574,EXPORT,NSFT,VC202400164
CONT2024002575,EXPORT,NSFT,VC202400164
CONT2024002576,IMPORT,NSFT,VC202400164
CONT2024002577,EXPORT,NSFT,VC202400164
CONT2024002578,EXPORT,NSFT,VC202400164
CONT2024002579,EXPORT,NSFT,VC202400164
CONT2024002580,EXPORT,NSFT,VC202400164
CONT2024002581,EXPORT,NSFT,VC202400164
CONT2024002582,IMPORT,NSFT,VC202400164
CONT2024002583,EXPORT,NSFT,VC202400164
CONT2024002584,EXPORT,NSFT,VC202400165
CONT2024002585,EXPORT,NSFT,VC202400165
CONT2024002586,EXPORT,NSFT,VC202400165
CONT2024002587,EXPORT,NSFT,VC202400165
CONT2024002588,EXPORT,NSFT,VC202400165
CONT2024002589,IMPORT,NSFT,VC202400165
CONT2024002590,EXPORT,NSFT,VC202400165
CONT2024002591,IMPORT,NSFT,VC202400165
CONT2024002592,IMPORT,NSFT,VC202400165
CONT2024002593,IMPORT,NSFT,VC202400165
CONT2024002594,EXPORT,NSFT,VC202400165
CONT2024002595,EXPORT,GTI,VC202400166
CONT2024002596,EXPORT,GTI,VC202400166
CONT2024002597,IMPORT,GTI,VC202400166
CONT2024002598,EXPORT,GTI,VC202400166
CONT2024002599,IMPORT,GTI,VC202400166
CONT2024002600,IMPORT,GTI,VC202400166
CONT2024002601,IMPORT,NSIGT,VC202400167
CONT2024002602,EXPORT,NSIGT,VC202400167
CONT2024002603,IMPORT,NSIGT,VC202400167
CONT2024002604,EXPORT,NSIGT,VC202400167
CONT2024002605,EXPORT,NSIGT,VC202400167
CONT2024002606,IMPORT,NSIGT,VC202400167
CONT2024002607,IMPORT,NSIGT,VC202400167
CONT2024002608,EXPORT,NSIGT,VC202400167
CONT2024002609,EXPORT,NSIGT,VC202400167
CONT2024002610,EXPORT,NSIGT,VC202400167
CONT2024002611,EXPORT,NSICT,VC202400168
CONT2024002612,EXPORT,NSICT,VC202400168
CONT2024002613,IMPORT,NSICT,VC202400168
CONT2024002614,IMPORT,NSICT,VC202400168
CONT2024002615,IMPORT,NSICT,VC202400168
CONT2024002616,IMPORT,NSICT,VC202400168
CONT2024002617,IMPORT,NSICT,VC202400168
CONT2024002618,IMPORT,NSICT,VC202400168
CONT2024002619,EXPORT,NSIGT,VC202400169
CONT2024002620,EXPORT,NSIGT,VC202400169
CONT2024002621,EXPORT,NSIGT,VC202400169
CONT2024002622,IMPORT,NSIGT,VC202400169
CONT2024002623,IMPORT,NSIGT,VC202400169
CONT2024002624,IMPORT,NSIGT,VC202400169
CONT2024002625,EXPORT,GTI,VC202400170
CONT2024002626,IMPORT,GTI,VC202400170
CONT2024002627,IMPORT,GTI,VC202400170
CONT2024002628,IMPORT,GTI,VC202400170
CONT2024002629,EXPORT,GTI,VC202400170
CONT2024002630,IMPORT,GTI,VC202400170
CONT2024002631,EXPORT,GTI,VC202400170
CONT2024002632,EXPORT,GTI,VC202400170
CONT2024002633,EXPORT,GTI,VC202400170
CONT2024002634,EXPORT,GTI,VC202400170
CONT2024002635,IMPORT,GTI,VC202400170
CONT2024002636,EXPORT,GTI,VC202400170
CONT2024002637,EXPORT,GTI,VC202400171
CONT2024002638,EXPORT,GTI,VC202400171
CONT2024002639,EXPORT,GTI,VC202400171
CONT2024002640,EXPORT,GTI,VC202400171
CONT2024002641,EXPORT,GTI,VC202400171
CONT2024002642,EXPORT,GTI,VC202400171
CONT2024002643,IMPORT,GTI,VC202400171
CONT2024002644,IMPORT,GTI,VC202400171
CONT2024002645,EXPORT,GTI,VC202400171
CONT2024002646,EXPORT,GTI,VC202400171
CONT2024002647,EXPORT,GTI,VC202400171
CONT2024002648,EXPORT,GTI,VC202400171
CONT2024002649,EXPORT,GTI,VC202400171
CONT2024002650,EXPORT,GTI,VC202400171
CONT2024002651,IMPORT,GTI,VC202400171
CONT2024002652,EXPORT,NSFT,VC202400172
CONT2024002653,IMPORT,NSFT,VC202400172
CONT2024002654,IMPORT,NSFT,VC202400172
CONT2024002655,EXPORT,NSFT,VC202400172
CONT2024002656,IMPORT,NSFT,VC202400172
CONT2024002657,IMPORT,NSFT,VC202400172
CONT2024002658,IMPORT,NSFT,VC202400172
CONT2024002659,IMPORT,NSFT,VC202400172
CONT2024002660,EXPORT,NSFT,VC202400172
CONT2024002661,EXPORT,NSFT,VC202400172
CONT2024002662,EXPORT,NSFT,VC202400172
CONT2024002663,IMPORT,NSFT,VC202400172
CONT2024002664,IMPORT,GTI,VC202400173
CONT2024002665,IMPORT,GTI,VC202400173
CONT2024002666,EXPORT,GTI,VC202400173
CONT2024002667,EXPORT,GTI,VC202400173
CONT2024002668,IMPORT,GTI,VC202400173
CONT2024002669,EXPORT,GTI,VC202400173
CONT2024002670,EXPORT,GTI,VC202400173
CONT2024002671,IMPORT,GTI,VC202400173
CONT2024002672,EXPORT,GTI,VC202400173
CONT2024002673,IMPORT,GTI,VC202400173
CONT2024002674,IMPORT,GTI,VC202400173
CONT2024002675,IMPORT,GTI,VC202400173
CONT2024002676,EXPORT,NSICT,VC202400174
CONT2024002677,IMPORT,NSICT,VC202400174
CONT2024002678,EXPORT,NSICT,VC202400174
CONT2024002679,EXPORT,NSICT,VC202400174
CONT2024002680,EXPORT,NSICT,VC202400174
CONT2024002681,IMPORT,NSICT,VC202400174
CONT2024002682,EXPORT,NSICT,VC202400174
CONT2024002683,EXPORT,NSICT,VC202400174
CONT2024002684,IMPORT,NSICT,VC202400174
CONT2024002685,EXPORT,NSICT,VC202400174
CONT2024002686,IMPORT,NSICT,VC202400174
CONT2024002687,IMPORT,NSICT,VC202400174
CONT2024002688,EXPORT,BMCT,VC202400175
CONT2024002689,EXPORT,BMCT,VC202400175
CONT2024002690,EXPORT,BMCT,VC202400175
CONT2024002691,IMPORT,BMCT,VC202400175
CONT2024002692,IMPORT,BMCT,VC202400175
CONT2024002693,EXPORT,BMCT,VC202400175
CONT2024002694,IMPORT,BMCT,VC202400175
CONT2024002695,IMPORT,BMCT,VC202400176
CONT2024002696,IMPORT,BMCT,VC202400176
CONT2024002697,IMPORT,BMCT,VC202400176
CONT2024002698,EXPORT,BMCT,VC202400176
CONT2024002699,IMPORT,BMCT,VC202400176
CONT2024002700,IMPORT,BMCT,VC202400176
CONT2024002701,EXPORT,BMCT,VC202400176
CONT2024002702,EXPORT,BMCT,VC202400176
CONT2024002703,EXPORT,BMCT,VC202400176
CONT2024002704,EXPORT,BMCT,VC202400176
CONT2024002705,EXPORT,BMCT,VC202400176
CONT2024002706,IMPORT,BMCT,VC202400176
CONT2024002707,IMPORT,BMCT,VC202400176
CONT2024002708,IMPORT,BMCT,VC202400176
CONT2024002709,IMPORT,BMCT,VC202400176
CONT2024002710,IMPORT,BMCT,VC202400176
CONT2024002711,EXPORT,BMCT,VC202400176
CONT2024002712,EXPORT,BMCT,VC202400176
CONT2024002713,EXPORT,BMCT,VC202400176
CONT2024002714,EXPORT,BMCT,VC202400176
CONT2024002715,EXPORT,BMCT,VC202400176
CONT2024002716,IMPORT,BMCT,VC202400176
CONT2024002717,EXPORT,NSIGT,VC202400177
CONT2024002718,EXPORT,NSIGT,VC202400177
CONT2024002719,EXPORT,NSIGT,VC202400177
CONT2024002720,EXPORT,NSIGT,VC202400177
CONT2024002721,IMPORT,NSIGT,VC202400177
CONT2024002722,EXPORT,NSIGT,VC202400177
CONT2024002723,IMPORT,NSIGT,VC202400177
CONT2024002724,IMPORT,NSFT,VC202400178
CONT2024002725,IMPORT,NSFT,VC202400178
CONT2024002726,IMPORT,NSFT,VC202400178
CONT2024002727,EXPORT,NSFT,VC202400178
CONT2024002728,IMPORT,NSFT,VC202400178
CONT2024002729,EXPORT,NSFT,VC202400178
CONT2024002730,IMPORT,NSFT,VC202400178
CONT2024002731,EXPORT,NSICT,VC202400179
CONT2024002732,EXPORT,NSICT,VC202400179
CONT2024002733,IMPORT,NSICT,VC202400179
CONT2024002734,EXPORT,NSICT,VC202400179
CONT2024002735,IMPORT,NSICT,VC202400179
CONT2024002736,EXPORT,NSICT,VC202400179
CONT2024002737,IMPORT,NSICT,VC202400179
CONT2024002738,IMPORT,NSICT,VC202400179
CONT2024002739,EXPORT,NSICT,VC202400179
CONT2024002740,IMPORT,NSICT,VC202400179
CONT2024002741,IMPORT,NSICT,VC202400179
CONT2024002742,IMPORT,NSICT,VC202400179
CONT2024002743,EXPORT,NSICT,VC202400179
CONT2024002744,IMPORT,NSICT,VC202400179
CONT2024002745,EXPORT,NSICT,VC202400179
CONT2024002746,IMPORT,NSICT,VC202400179
CONT2024002747,EXPORT,NSICT,VC202400179
CONT2024002748,EXPORT,NSICT,VC202400179
CONT2024002749,IMPORT,NSICT,VC202400179
CONT2024002750,IMPORT,NSICT,VC202400179
CONT2024002751,IMPORT,NSICT,VC202400179
CONT2024002752,IMPORT,NSICT,VC202400179
CONT2024002753,EXPORT,NSICT,VC202400179
CONT2024002754,EXPORT,NSICT,VC202400179
CONT2024002755,EXPORT,NSICT,VC202400179
CONT2024002756,IMPORT,NSICT,VC202400179
CONT2024002757,EXPORT,NSICT,VC202400179
CONT2024002758,IMPORT,NSICT,VC202400179
CONT2024002759,IMPORT,NSICT,VC202400179
CONT2024002760,IMPORT,NSICT,VC202400179
CONT2024002761,IMPORT,NSICT,VC202400179
CONT2024002762,EXPORT,NSICT,VC202400179
CONT2024002763,IMPORT,NSICT,VC202400179
CONT2024002764,EXPORT,NSICT,VC202400179
CONT2024002765,EXPORT,NSICT,VC202400179
CONT2024002766,IMPORT,NSFT,VC202400180
CONT2024002767,IMPORT,NSFT,VC202400180
CONT2024002768,EXPORT,NSFT,VC202400180
CONT2024002769,EXPORT,NSFT,VC202400180
CONT2024002770,EXPORT,NSFT,VC202400180
CONT2024002771,IMPORT,NSFT,VC202400180
CONT2024002772,IMPORT,NSFT,VC202400180
CONT2024002773,IMPORT,NSFT,VC202400180
CONT2024002774,IMPORT,NSFT,VC202400180
CONT2024002775,IMPORT,NSFT,VC202400180
CONT2024002776,IMPORT,NSFT,VC202400180
CONT2024002777,EXPORT,NSFT,VC202400180
CONT2024002778,IMPORT,NSFT,VC202400180
CONT2024002779,IMPORT,NSFT,VC202400180
CONT2024002780,EXPORT,NSIGT,VC202400181
CONT2024002781,EXPORT,NSIGT,VC202400181
CONT2024002782,IMPORT,NSIGT,VC202400181
CONT2024002783,EXPORT,NSIGT,VC202400181
CONT2024002784,IMPORT,NSIGT,VC202400181
CONT2024002785,IMPORT,NSIGT,VC202400181
CONT2024002786,EXPORT,BMCT,VC202400182
CONT2024002787,IMPORT,BMCT,VC202400182
CONT2024002788,EXPORT,BMCT,VC202400182
CONT2024002789,IMPORT,BMCT,VC202400182
CONT2024002790,IMPORT,BMCT,VC202400182
CONT2024002791,IMPORT,BMCT,VC202400182
CONT2024002792,IMPORT,BMCT,VC202400182
CONT2024002793,EXPORT,BMCT,VC202400182
CONT2024002794,EXPORT,BMCT,VC202400182
CONT2024002795,IMPORT,BMCT,VC202400182
CONT2024002796,EXPORT,BMCT,VC202400182
CONT2024002797,IMPORT,BMCT,VC202400182
CONT2024002798,EXPORT,BMCT,VC202400182
CONT2024002799,EXPORT,BMCT,VC202400182
CONT2024002800,IMPORT,BMCT,VC202400182
CONT2024002801,IMPORT,BMCT,VC202400182
CONT2024002802,IMPORT,BMCT,VC202400182
CONT2024002803,EXPORT,BMCT,VC202400182
CONT2024002804,EXPORT,BMCT,VC202400182
CONT2024002805,IMPORT,BMCT,VC202400182
CONT2024002806,IMPORT,BMCT,VC202400182
CONT2024002807,IMPORT,BMCT,VC202400182
CONT2024002808,EXPORT,BMCT,VC202400182
CONT2024002809,EXPORT,BMCT,VC202400182
CONT2024002810,EXPORT,BMCT,VC202400182
CONT2024002811,IMPORT,BMCT,VC202400182
CONT2024002812,IMPORT,BMCT,VC202400182
CONT2024002813,EXPORT,BMCT,VC202400182
CONT2024002814,EXPORT,BMCT,VC202400182
CONT2024002815,EXPORT,BMCT,VC202400182
CONT2024002816,EXPORT,BMCT,VC202400182
CONT2024002817,IMPORT,BMCT,VC202400182
CONT2024002818,EXPORT,BMCT,VC202400182
CONT2024002819,IMPORT,BMCT,VC202400182
CONT2024002820,IMPORT,BMCT,VC202400182
CONT2024002821,IMPORT,BMCT,VC202400182
CONT2024002822,EXPORT,BMCT,VC202400182
CONT2024002823,IMPORT,BMCT,VC202400182
CONT2024002824,EXPORT,BMCT,VC202400182
CONT2024002825,EXPORT,BMCT,VC202400182
CONT2024002826,EXPORT,BMCT,VC202400182
CONT2024002827,IMPORT,BMCT,VC202400182
CONT2024002828,EXPORT,NSIGT,VC202400183
CONT2024002829,EXPORT,NSIGT,VC202400183
CONT2024002830,IMPORT,NSIGT,VC202400183
CONT2024002831,IMPORT,NSIGT,VC202400183
CONT2024002832,EXPORT,NSIGT,VC202400183
CONT2024002833,IMPORT,NSIGT,VC202400183
CONT2024002834,EXPORT,NSIGT,VC202400183
CONT2024002835,IMPORT,NSIGT,VC202400183
CONT2024002836,EXPORT,NSIGT,VC202400183
CONT2024002837,EXPORT,NSIGT,VC202400183
CONT2024002838,EXPORT,NSIGT,VC202400183
CONT2024002839,EXPORT,NSIGT,VC202400183
CONT2024002840,IMPORT,NSIGT,VC202400183
CONT2024002841,IMPORT,NSIGT,VC202400183
CONT2024002842,IMPORT,NSIGT,VC202400183
CONT2024002843,EXPORT,NSIGT,VC202400183
CONT2024002844,EXPORT,NSIGT,VC202400183
CONT2024002845,EXPORT,NSIGT,VC202400183
CONT2024002846,EXPORT,NSIGT,VC202400183
CONT2024002847,IMPORT,NSIGT,VC202400183
CONT2024002848,IMPORT,NSIGT,VC202400183
CONT2024002849,IMPORT,NSIGT,VC202400183
CONT2024002850,IMPORT,NSIGT,VC202400183
CONT2024002851,EXPORT,NSIGT,VC202400183
CONT2024002852,IMPORT,NSIGT,VC202400184
CONT2024002853,EXPORT,NSIGT,VC202400184
CONT2024002854,EXPORT,NSIGT,VC202400184
CONT2024002855,IMPORT,NSIGT,VC202400184
CONT2024002856,EXPORT,NSIGT,VC202400184
CONT2024002857,EXPORT,NSIGT,VC202400184
CONT2024002858,IMPORT,NSIGT,VC202400184
CONT2024002859,IMPORT,NSIGT,VC202400184
CONT2024002860,IMPORT,NSIGT,VC202400184
CONT2024002861,EXPORT,NSIGT,VC202400184
CONT2024002862,IMPORT,NSIGT,VC202400185
CONT2024002863,IMPORT,NSIGT,VC202400185
CONT2024002864,EXPORT,NSIGT,VC202400185
CONT2024002865,EXPORT,NSIGT,VC202400185
CONT2024002866,IMPORT,NSIGT,VC202400185
CONT2024002867,IMPORT,NSIGT,VC202400185
CONT2024002868,EXPORT,NSIGT,VC202400185
CONT2024002869,IMPORT,NSIGT,VC202400185
CONT2024002870,EXPORT,NSIGT,VC202400185
CONT2024002871,EXPORT,NSIGT,VC202400185
CONT2024002872,EXPORT,NSIGT,VC202400185
CONT2024002873,EXPORT,NSIGT,VC202400185
CONT2024002874,IMPORT,NSIGT,VC202400185
CONT2024002875,EXPORT,NSIGT,VC202400185
CONT2024002876,IMPORT,NSIGT,VC202400185
CONT2024002877,IMPORT,NSIGT,VC202400185
CONT2024002878,IMPORT,NSIGT,VC202400185
CONT2024002879,IMPORT,NSIGT,VC202400185
CONT2024002880,EXPORT,NSIGT,VC202400185
CONT2024002881,IMPORT,NSIGT,VC202400185
CONT2024002882,EXPORT,NSIGT,VC202400185
CONT2024002883,EXPORT,NSFT,VC202400186
CONT2024002884,IMPORT,NSFT,VC202400186
CONT2024002885,EXPORT,NSFT,VC202400186
CONT2024002886,EXPORT,NSFT,VC202400186
CONT2024002887,EXPORT,NSFT,VC202400186
CONT2024002888,IMPORT,NSFT,VC202400186
CONT2024002889,EXPORT,NSFT,VC202400186
CONT2024002890,IMPORT,NSFT,VC202400186
CONT2024002891,IMPORT,NSIGT,VC202400187
CONT2024002892,IMPORT,NSIGT,VC202400187
CONT2024002893,IMPORT,NSIGT,VC202400187
CONT2024002894,EXPORT,NSIGT,VC202400187
CONT2024002895,IMPORT,NSIGT,VC202400187
CONT2024002896,EXPORT,NSIGT,VC202400187
CONT2024002897,EXPORT,NSIGT,VC202400187
CONT2024002898,EXPORT,NSIGT,VC202400187
CONT2024002899,IMPORT,GTI,VC202400188
CONT2024002900,IMPORT,GTI,VC202400188
CONT2024002901,IMPORT,GTI,VC202400188
CONT2024002902,EXPORT,GTI,VC202400188
CONT2024002903,EXPORT,GTI,VC202400188
CONT2024002904,IMPORT,GTI,VC202400188
CONT2024002905,IMPORT,GTI,VC202400188
CONT2024002906,IMPORT,GTI,VC202400188
CONT2024002907,IMPORT,GTI,VC202400188
CONT2024002908,IMPORT,GTI,VC202400188
CONT2024002909,IMPORT,BMCT,VC202400189
CONT2024002910,IMPORT,BMCT,VC202400189
CONT2024002911,EXPORT,BMCT,VC202400189
CONT2024002912,IMPORT,BMCT,VC202400189
CONT2024002913,IMPORT,BMCT,VC202400189
CONT2024002914,IMPORT,BMCT,VC202400189
CONT2024002915,IMPORT,BMCT,VC202400189
CONT2024002916,EXPORT,BMCT,VC202400189
CONT2024002917,EXPORT,BMCT,VC202400189
CONT2024002918,IMPORT,BMCT,VC202400189
CONT2024002919,IMPORT,BMCT,VC202400189
CONT2024002920,IMPORT,BMCT,VC202400189
CONT2024002921,IMPORT,BMCT,VC202400189
CONT2024002922,EXPORT,BMCT,VC202400189
CONT2024002923,EXPORT,BMCT,VC202400189
CONT2024002924,EXPORT,BMCT,VC202400189
CONT2024002925,IMPORT,BMCT,VC202400189
CONT2024002926,EXPORT,BMCT,VC202400189
CONT2024002927,EXPORT,BMCT,VC202400189
CONT2024002928,EXPORT,BMCT,VC202400189
CONT2024002929,EXPORT,GTI,VC202400190
CONT2024002930,IMPORT,GTI,VC202400190
CONT2024002931,IMPORT,GTI,VC202400190
CONT2024002932,EXPORT,GTI,VC202400190
CONT2024002933,EXPORT,GTI,VC202400190
CONT2024002934,IMPORT,GTI,VC202400190
CONT2024002935,IMPORT,GTI,VC202400190
CONT2024002936,EXPORT,GTI,VC202400190
CONT2024002937,IMPORT,GTI,VC202400190
CONT2024002938,IMPORT,GTI,VC202400190
CONT2024002939,IMPORT,GTI,VC202400190
CONT2024002940,EXPORT,GTI,VC202400190
CONT2024002941,IMPORT,GTI,VC202400190
CONT2024002942,IMPORT,GTI,VC202400190
CONT2024002943,IMPORT,GTI,VC202400190
CONT2024002944,IMPORT,GTI,VC202400190
CONT2024002945,EXPORT,GTI,VC202400190
CONT2024002946,IMPORT,GTI,VC202400190
CONT2024002947,IMPORT,GTI,VC202400190
CONT2024002948,IMPORT,GTI,VC202400190
CONT2024002949,EXPORT,GTI,VC202400190
CONT2024002950,EXPORT,GTI,VC202400190
CONT2024002951,EXPORT,GTI,VC202400190
CONT2024002952,IMPORT,GTI,VC202400190
CONT2024002953,EXPORT,GTI,VC202400190
CONT2024002954,EXPORT,GTI,VC202400190
CONT2024002955,IMPORT,GTI,VC202400190
CONT2024002956,EXPORT,NSICT,VC202400191
CONT2024002957,EXPORT,NSICT,VC202400191
CONT2024002958,IMPORT,NSICT,VC202400191
CONT2024002959,EXPORT,NSICT,VC202400191
CONT2024002960,IMPORT,NSICT,VC202400191
CONT2024002961,IMPORT,NSICT,VC202400191
CONT2024002962,EXPORT,NSICT,VC202400191
CONT2024002963,EXPORT,NSICT,VC202400191
CONT2024002964,EXPORT,NSICT,VC202400191
CONT2024002965,EXPORT,NSICT,VC202400191
CONT2024002966,EXPORT,NSICT,VC202400191
CONT2024002967,IMPORT,NSICT,VC202400191
CONT2024002968,IMPORT,NSICT,VC202400191
CONT2024002969,IMPORT,NSICT,VC202400192
CONT2024002970,EXPORT,NSICT,VC202400192
CONT2024002971,EXPORT,NSICT,VC202400192
CONT2024002972,IMPORT,NSICT,VC202400192
CONT2024002973,IMPORT,NSICT,VC202400192
CONT2024002974,EXPORT,NSICT,VC202400192
CONT2024002975,IMPORT,NSICT,VC202400192
CONT2024002976,IMPORT,NSICT,VC202400192
CONT2024002977,IMPORT,NSICT,VC202400192
CONT2024002978,EXPORT,NSICT,VC202400192
CONT2024002979,IMPORT,NSICT,VC202400192
CONT2024002980,IMPORT,NSICT,VC202400192
CONT2024002981,EXPORT,NSICT,VC202400192
CONT2024002982,IMPORT,NSICT,VC202400192
CONT2024002983,EXPORT,NSICT,VC202400192
CONT2024002984,EXPORT,NSICT,VC202400192
CONT2024002985,IMPORT,NSICT,VC202400192
CONT2024002986,IMPORT,NSFT,VC202400193
CONT2024002987,EXPORT,NSFT,VC202400193
CONT2024002988,EXPORT,NSFT,VC202400193
CONT2024002989,EXPORT,NSFT,VC202400193
CONT2024002990,EXPORT,NSFT,VC202400193
CONT2024002991,EXPORT,NSFT,VC202400193
CONT2024002992,EXPORT,NSFT,VC202400193
CONT2024002993,EXPORT,NSFT,VC202400193
CONT2024002994,IMPORT,NSFT,VC202400193
CONT2024002995,IMPORT,NSFT,VC202400193
CONT2024002996,IMPORT,NSFT,VC202400193
CONT2024002997,IMPORT,NSFT,VC202400193
CONT2024002998,EXPORT,NSFT,VC202400193
CONT2024002999,IMPORT,NSFT,VC202400193
CONT2024003000,IMPORT,NSFT,VC202400193
CONT2024003001,EXPORT,NSFT,VC202400193
CONT2024003002,IMPORT,BMCT,VC202400194
CONT2024003003,EXPORT,BMCT,VC202400194
CONT2024003004,EXPORT,BMCT,VC202400194
CONT2024003005,IMPORT,BMCT,VC202400194
CONT2024003006,EXPORT,BMCT,VC202400194
CONT2024003007,IMPORT,BMCT,VC202400194
CONT2024003008,EXPORT,GTI,VC202400195
CONT2024003009,EXPORT,GTI,VC202400195
CONT2024003010,IMPORT,GTI,VC202400195
CONT2024003011,EXPORT,GTI,VC202400195
CONT2024003012,IMPORT,GTI,VC202400195
CONT2024003013,IMPORT,GTI,VC202400195
CONT2024003014,IMPORT,NSFT,VC202400196
CONT2024003015,IMPORT,NSFT,VC202400196
CONT2024003016,IMPORT,NSFT,VC202400196
CONT2024003017,EXPORT,NSFT,VC202400196
CONT2024003018,EXPORT,NSFT,VC202400196
CONT2024003019,EXPORT,NSFT,VC202400196
CONT2024003020,EXPORT,NSFT,VC202400196
CONT2024003021,EXPORT,NSFT,VC202400196
CONT2024003022,EXPORT,NSFT,VC202400196
CONT2024003023,IMPORT,NSFT,VC202400196
CONT2024003024,IMPORT,NSFT,VC202400196
CONT2024003025,EXPORT,NSFT,VC202400196
CONT2024003026,EXPORT,NSFT,VC202400196
CONT2024003027,IMPORT,NSFT,VC202400196
CONT2024003028,EXPORT,NSFT,VC202400196
CONT2024003029,EXPORT,NSFT,VC202400196
CONT2024003030,EXPORT,BMCT,VC202400197
CONT2024003031,EXPORT,BMCT,VC202400197
CONT2024003032,IMPORT,BMCT,VC202400197
CONT2024003033,IMPORT,BMCT,VC202400197
CONT2024003034,IMPORT,BMCT,VC202400197
CONT2024003035,EXPORT,BMCT,VC202400197
CONT2024003036,IMPORT,BMCT,VC202400197
CONT2024003037,EXPORT,BMCT,VC202400197
CONT2024003038,EXPORT,BMCT,VC202400197
CONT2024003039,EXPORT,BMCT,VC202400197
CONT2024003040,EXPORT,BMCT,VC202400197
CONT2024003041,IMPORT,BMCT,VC202400197
CONT2024003042,IMPORT,BMCT,VC202400197
CONT2024003043,IMPORT,BMCT,VC202400197
CONT2024003044,EXPORT,BMCT,VC202400197
CONT2024003045,EXPORT,NSFT,VC202400198
CONT2024003046,IMPORT,NSFT,VC202400198
CONT2024003047,IMPORT,NSFT,VC202400198
CONT2024003048,EXPORT,NSFT,VC202400198
CONT2024003049,IMPORT,NSFT,VC202400198
CONT2024003050,EXPORT,NSFT,VC202400198
CONT2024003051,EXPORT,NSFT,VC202400198
CONT2024003052,EXPORT,NSFT,VC202400198
CONT2024003053,EXPORT,BMCT,VC202400199
CONT2024003054,IMPORT,BMCT,VC202400199
CONT2024003055,EXPORT,BMCT,VC202400199
CONT2024003056,EXPORT,BMCT,VC202400199
CONT2024003057,IMPORT,BMCT,VC202400199
CONT2024003058,EXPORT,BMCT,VC202400199
CONT2024003059,EXPORT,BMCT,VC202400199
CONT2024003060,IMPORT,BMCT,VC202400199
CONT2024003061,EXPORT,GTI,VC202400200
CONT2024003062,EXPORT,GTI,VC202400200
CONT2024003063,EXPORT,GTI,VC202400200
CONT2024003064,EXPORT,GTI,VC202400200
CONT2024003065,IMPORT,GTI,VC202400200
CONT2024003066,EXPORT,GTI,VC202400200
CONT2024003067,IMPORT,GTI,VC202400200
CONT2024003068,IMPORT,GTI,VC202400200
CONT2024003069,IMPORT,GTI,VC202400200
CONT2024003070,EXPORT,GTI,VC202400200
CONT2024003071,EXPORT,GTI,VC202400200
CONT2024003072,EXPORT,GTI,VC202400200
CONT2024003073,IMPORT,NSFT,VC202400201
CONT2024003074,IMPORT,NSFT,VC202400201
CONT2024003075,IMPORT,NSFT,VC202400201
CONT2024003076,IMPORT,NSFT,VC202400201
CONT2024003077,IMPORT,NSFT,VC202400201
CONT2024003078,EXPORT,NSFT,VC202400201
CONT2024003079,IMPORT,NSFT,VC202400201
CONT2024003080,IMPORT,NSFT,VC202400201
CONT2024003081,EXPORT,NSFT,VC202400201
CONT2024003082,EXPORT,NSFT,VC202400201
CONT2024003083,EXPORT,NSFT,VC202400201
CONT2024003084,EXPORT,NSFT,VC202400201
CONT2024003085,EXPORT,BMCT,VC202400202
CONT2024003086,IMPORT,BMCT,VC202400202
CONT2024003087,IMPORT,BMCT,VC202400202
CONT2024003088,EXPORT,BMCT,VC202400202
CONT2024003089,IMPORT,BMCT,VC202400202
CONT2024003090,IMPORT,BMCT,VC202400202
CONT2024003091,EXPORT,BMCT,VC202400202
CONT2024003092,IMPORT,BMCT,VC202400202
CONT2024003093,IMPORT,BMCT,VC202400202
CONT2024003094,IMPORT,BMCT,VC202400202
CONT2024003095,IMPORT,NSICT,VC202400203
CONT2024003096,EXPORT,NSICT,VC202400203
CONT2024003097,EXPORT,NSICT,VC202400203
CONT2024003098,IMPORT,NSICT,VC202400203
CONT2024003099,IMPORT,NSICT,VC202400203
CONT2024003100,IMPORT,NSICT,VC202400203
CONT2024003101,EXPORT,NSICT,VC202400203
CONT2024003102,IMPORT,NSICT,VC202400203
CONT2024003103,EXPORT,NSICT,VC202400203
CONT2024003104,IMPORT,NSICT,VC202400203
CONT2024003105,EXPORT,NSICT,VC202400203
CONT2024003106,IMPORT,NSICT,VC202400203
CONT2024003107,IMPORT,NSICT,VC202400203
CONT2024003108,EXPORT,BMCT,VC202400204
CONT2024003109,IMPORT,BMCT,VC202400204
CONT2024003110,EXPORT,BMCT,VC202400204
CONT2024003111,IMPORT,BMCT,VC202400204
CONT2024003112,EXPORT,BMCT,VC202400204
CONT2024003113,EXPORT,BMCT,VC202400204
CONT2024003114,EXPORT,NSFT,VC202400205
CONT2024003115,IMPORT,NSFT,VC202400205
CONT2024003116,EXPORT,NSFT,VC202400205
CONT2024003117,IMPORT,NSFT,VC202400205
CONT2024003118,IMPORT,NSFT,VC202400205
CONT2024003119,IMPORT,NSFT,VC202400205
CONT2024003120,IMPORT,NSFT,VC202400205
CONT2024003121,EXPORT,NSIGT,VC202400206
CONT2024003122,EXPORT,NSIGT,VC202400206
CONT2024003123,EXPORT,NSIGT,VC202400206
CONT2024003124,IMPORT,NSIGT,VC202400206
CONT2024003125,IMPORT,NSIGT,VC202400206
CONT2024003126,IMPORT,NSIGT,VC202400206
CONT2024003127,EXPORT,NSIGT,VC202400206
CONT2024003128,EXPORT,NSIGT,VC202400206
CONT2024003129,EXPORT,NSIGT,VC202400206
CONT2024003130,IMPORT,NSIGT,VC202400206
CONT2024003131,IMPORT,NSIGT,VC202400206
CONT2024003132,EXPORT,NSIGT,VC202400206
CONT2024003133,IMPORT,NSIGT,VC202400206
CONT2024003134,EXPORT,NSIGT,VC202400206
CONT2024003135,EXPORT,NSIGT,VC202400206
CONT2024003136,EXPORT,NSIGT,VC202400206
CONT2024003137,IMPORT,NSIGT,VC202400206
CONT2024003138,EXPORT,NSIGT,VC202400206
CONT2024003139,EXPORT,NSIGT,VC202400206
CONT2024003140,EXPORT,NSIGT,VC202400206
CONT2024003141,EXPORT,NSIGT,VC202400206
CONT2024003142,IMPORT,NSIGT,VC202400206
CONT2024003143,EXPORT,NSIGT,VC202400206
CONT2024003144,IMPORT,NSIGT,VC202400206
CONT2024003145,IMPORT,NSIGT,VC202400206
CONT2024003146,IMPORT,NSIGT,VC202400206
CONT2024003147,IMPORT,NSIGT,VC202400206
CONT2024003148,EXPORT,NSIGT,VC202400206
CONT2024003149,EXPORT,NSIGT,VC202400206
CONT2024003150,IMPORT,NSIGT,VC202400206
CONT2024003151,IMPORT,NSIGT,VC202400206
CONT2024003152,IMPORT,NSIGT,VC202400206
CONT2024003153,IMPORT,NSIGT,VC202400206
CONT2024003154,IMPORT,NSIGT,VC202400206
CONT2024003155,IMPORT,NSIGT,VC202400206
CONT2024003156,IMPORT,NSIGT,VC202400206
CONT2024003157,IMPORT,NSIGT,VC202400206
CONT2024003158,IMPORT,NSIGT,VC202400206
CONT2024003159,IMPORT,NSIGT,VC202400206
CONT2024003160,EXPORT,NSIGT,VC202400206
CONT2024003161,EXPORT,NSIGT,VC202400206
CONT2024003162,EXPORT,NSIGT,VC202400206
CONT2024003163,IMPORT,NSIGT,VC202400206
CONT2024003164,EXPORT,NSIGT,VC202400207
CONT2024003165,IMPORT,NSIGT,VC202400207
CONT2024003166,IMPORT,NSIGT,VC202400207
CONT2024003167,EXPORT,NSIGT,VC202400207
CONT2024003168,EXPORT,NSIGT,VC202400207
CONT2024003169,IMPORT,NSIGT,VC202400207
CONT2024003170,EXPORT,NSIGT,VC202400207
CONT2024003171,EXPORT,NSIGT,VC202400207
CONT2024003172,IMPORT,NSIGT,VC202400207
CONT2024003173,EXPORT,NSIGT,VC202400207
CONT2024003174,EXPORT,NSIGT,VC202400207
CONT2024003175,IMPORT,NSIGT,VC202400207
CONT2024003176,IMPORT,NSIGT,VC202400207
CONT2024003177,IMPORT,NSIGT,VC202400207
CONT2024003178,EXPORT,NSIGT,VC202400207
CONT2024003179,IMPORT,NSIGT,VC202400207
CONT2024003180,IMPORT,NSIGT,VC202400207
CONT2024003181,IMPORT,NSIGT,VC202400207
CONT2024003182,EXPORT,NSIGT,VC202400207
CONT2024003183,IMPORT,NSIGT,VC202400207
CONT2024003184,EXPORT,NSIGT,VC202400207
CONT2024003185,IMPORT,NSIGT,VC202400207
CONT2024003186,EXPORT,NSIGT,VC202400207
CONT2024003187,EXPORT,NSIGT,VC202400207
CONT2024003188,IMPORT,NSIGT,VC202400207
CONT2024003189,IMPORT,NSIGT,VC202400207
CONT2024003190,IMPORT,NSIGT,VC202400207
CONT2024003191,EXPORT,NSIGT,VC202400207
CONT2024003192,IMPORT,NSIGT,VC202400207
CONT2024003193,EXPORT,NSIGT,VC202400207
CONT2024003194,EXPORT,NSIGT,VC202400207
CONT2024003195,EXPORT,NSIGT,VC202400207
CONT2024003196,EXPORT,NSIGT,VC202400207
CONT2024003197,IMPORT,NSIGT,VC202400207
CONT2024003198,IMPORT,NSIGT,VC202400207
CONT2024003199,IMPORT,NSIGT,VC202400207
CONT2024003200,IMPORT,NSIGT,VC202400207
CONT2024003201,EXPORT,NSIGT,VC202400207
CONT2024003202,EXPORT,NSIGT,VC202400207
CONT2024003203,EXPORT,NSIGT,VC202400207
CONT2024003204,IMPORT,NSIGT,VC202400207
CONT2024003205,EXPORT,NSIGT,VC202400207
CONT2024003206,EXPORT,NSIGT,VC202400207
CONT2024003207,IMPORT,NSIGT,VC202400207
CONT2024003208,EXPORT,NSIGT,VC202400207
CONT2024003209,IMPORT,NSIGT,VC202400207
CONT2024003210,IMPORT,NSFT,VC202400208
CONT2024003211,EXPORT,NSFT,VC202400208
CONT2024003212,EXPORT,NSFT,VC202400208
CONT2024003213,IMPORT,NSFT,VC202400208
CONT2024003214,IMPORT,NSFT,VC202400208
CONT2024003215,EXPORT,NSFT,VC202400208
CONT2024003216,IMPORT,NSFT,VC202400208
CONT2024003217,EXPORT,GTI,VC202400209
CONT2024003218,IMPORT,GTI,VC202400209
CONT2024003219,IMPORT,GTI,VC202400209
CONT2024003220,EXPORT,GTI,VC202400209
CONT2024003221,IMPORT,GTI,VC202400209
CONT2024003222,EXPORT,GTI,VC202400209
CONT2024003223,EXPORT,GTI,VC202400209
CONT2024003224,IMPORT,GTI,VC202400209
CONT2024003225,IMPORT,GTI,VC202400209
CONT2024003226,EXPORT,GTI,VC202400209
CONT2024003227,IMPORT,GTI,VC202400209
CONT2024003228,IMPORT,GTI,VC202400209
CONT2024003229,EXPORT,GTI,VC202400209
CONT2024003230,IMPORT,GTI,VC202400209
CONT2024003231,IMPORT,GTI,VC202400209
CONT2024003232,EXPORT,GTI,VC202400209
CONT2024003233,IMPORT,GTI,VC202400209
CONT2024003234,EXPORT,GTI,VC202400209
CONT2024003235,IMPORT,GTI,VC202400209
CONT2024003236,EXPORT,GTI,VC202400209
CONT2024003237,EXPORT,GTI,VC202400209
CONT2024003238,IMPORT,GTI,VC202400209
CONT2024003239,EXPORT,GTI,VC202400209
CONT2024003240,EXPORT,GTI,VC202400209
CONT2024003241,IMPORT,GTI,VC202400209
CONT2024003242,EXPORT,GTI,VC202400209
CONT2024003243,IMPORT,GTI,VC202400209
CONT2024003244,EXPORT,NSIGT,VC202400210
CONT2024003245,EXPORT,NSIGT,VC202400210
CONT2024003246,EXPORT,NSIGT,VC202400210
CONT2024003247,IMPORT,NSIGT,VC202400210
CONT2024003248,EXPORT,NSIGT,VC202400210
CONT2024003249,IMPORT,NSIGT,VC202400210
CONT2024003250,EXPORT,NSIGT,VC202400210
CONT2024003251,IMPORT,NSIGT,VC202400210
CONT2024003252,EXPORT,NSIGT,VC202400210
CONT2024003253,IMPORT,NSIGT,VC202400210
CONT2024003254,IMPORT,NSIGT,VC202400210
CONT2024003255,IMPORT,NSIGT,VC202400210
CONT2024003256,IMPORT,NSIGT,VC202400210
CONT2024003257,EXPORT,NSIGT,VC202400210
CONT2024003258,EXPORT,NSIGT,VC202400210
CONT2024003259,IMPORT,NSIGT,VC202400210
CONT2024003260,EXPORT,NSIGT,VC202400210
CONT2024003261,IMPORT,BMCT,VC202400211
CONT2024003262,IMPORT,BMCT,VC202400211
CONT2024003263,IMPORT,BMCT,VC202400211
CONT2024003264,IMPORT,BMCT,VC202400211
CONT2024003265,EXPORT,BMCT,VC202400211
CONT2024003266,IMPORT,BMCT,VC202400211
CONT2024003267,EXPORT,BMCT,VC202400211
CONT2024003268,EXPORT,NSICT,VC202400212
CONT2024003269,IMPORT,NSICT,VC202400212
CONT2024003270,EXPORT,NSICT,VC202400212
CONT2024003271,IMPORT,NSICT,VC202400212
CONT2024003272,EXPORT,NSICT,VC202400212
CONT2024003273,IMPORT,NSICT,VC202400212
CONT2024003274,IMPORT,NSICT,VC202400212
CONT2024003275,IMPORT,NSICT,VC202400212
CONT2024003276,IMPORT,NSICT,VC202400212
CONT2024003277,IMPORT,NSICT,VC202400212
CONT2024003278,IMPORT,GTI,VC202400213
CONT2024003279,IMPORT,GTI,VC202400213
CONT2024003280,EXPORT,GTI,VC202400213
CONT2024003281,IMPORT,GTI,VC202400213
CONT2024003282,EXPORT,GTI,VC202400213
CONT2024003283,EXPORT,GTI,VC202400213
CONT2024003284,EXPORT,GTI,VC202400213
CONT2024003285,EXPORT,GTI,VC202400213
CONT2024003286,IMPORT,GTI,VC202400213
CONT2024003287,IMPORT,GTI,VC202400213
CONT2024003288,IMPORT,GTI,VC202400213
CONT2024003289,IMPORT,GTI,VC202400213
CONT2024003290,IMPORT,GTI,VC202400213
CONT2024003291,IMPORT,GTI,VC202400213
CONT2024003292,IMPORT,GTI,VC202400213
CONT2024003293,EXPORT,GTI,VC202400213
CONT2024003294,IMPORT,GTI,VC202400213
CONT2024003295,IMPORT,GTI,VC202400213
CONT2024003296,EXPORT,GTI,VC202400213
CONT2024003297,EXPORT,GTI,VC202400213
CONT2024003298,EXPORT,GTI,VC202400213
CONT2024003299,EXPORT,GTI,VC202400213
CONT2024003300,EXPORT,GTI,VC202400213
CONT2024003301,EXPORT,GTI,VC202400213
CONT2024003302,EXPORT,GTI,VC202400213
CONT2024003303,IMPORT,NSIGT,VC202400214
CONT2024003304,IMPORT,NSIGT,VC202400214
CONT2024003305,EXPORT,NSIGT,VC202400214
CONT2024003306,IMPORT,NSIGT,VC202400214
CONT2024003307,IMPORT,NSIGT,VC202400214
CONT2024003308,EXPORT,NSIGT,VC202400214
CONT2024003309,EXPORT,NSIGT,VC202400214
CONT2024003310,EXPORT,NSIGT,VC202400214
CONT2024003311,IMPORT,NSIGT,VC202400214
CONT2024003312,IMPORT,NSIGT,VC202400214
CONT2024003313,EXPORT,NSIGT,VC202400214
CONT2024003314,EXPORT,NSIGT,VC202400214
CONT2024003315,IMPORT,NSIGT,VC202400214
CONT2024003316,IMPORT,NSIGT,VC202400214
CONT2024003317,EXPORT,NSIGT,VC202400214
CONT2024003318,EXPORT,NSIGT,VC202400214
CONT2024003319,EXPORT,NSIGT,VC202400214
CONT2024003320,IMPORT,NSIGT,VC202400214
CONT2024003321,IMPORT,NSIGT,VC202400214
CONT2024003322,EXPORT,GTI,VC202400215
CONT2024003323,EXPORT,GTI,VC202400215
CONT2024003324,IMPORT,GTI,VC202400215
CONT2024003325,EXPORT,GTI,VC202400215
CONT2024003326,IMPORT,GTI,VC202400215
CONT2024003327,EXPORT,GTI,VC202400215
CONT2024003328,IMPORT,GTI,VC202400215
CONT2024003329,IMPORT,GTI,VC202400215
CONT2024003330,EXPORT,GTI,VC202400215
CONT2024003331,EXPORT,GTI,VC202400215
CONT2024003332,IMPORT,GTI,VC202400215
CONT2024003333,EXPORT,GTI,VC202400215
CONT2024003334,IMPORT,GTI,VC202400215
CONT2024003335,IMPORT,GTI,VC202400215
CONT2024003336,IMPORT,GTI,VC202400215
CONT2024003337,IMPORT,GTI,VC202400215
CONT2024003338,IMPORT,GTI,VC202400215
CONT2024003339,IMPORT,GTI,VC202400215
CONT2024003340,EXPORT,GTI,VC202400215
CONT2024003341,IMPORT,BMCT,VC202400216
CONT2024003342,IMPORT,BMCT,VC202400216
CONT2024003343,EXPORT,BMCT,VC202400216
CONT2024003344,IMPORT,BMCT,VC202400216
CONT2024003345,EXPORT,BMCT,VC202400216
CONT2024003346,EXPORT,BMCT,VC202400216
CONT2024003347,IMPORT,BMCT,VC202400216
CONT2024003348,EXPORT,BMCT,VC202400216
CONT2024003349,EXPORT,BMCT,VC202400216
CONT2024003350,IMPORT,BMCT,VC202400216
CONT2024003351,EXPORT,BMCT,VC202400216
CONT2024003352,EXPORT,NSICT,VC202400217
CONT2024003353,IMPORT,NSICT,VC202400217
CONT2024003354,IMPORT,NSICT,VC202400217
CONT2024003355,EXPORT,NSICT,VC202400217
CONT2024003356,IMPORT,NSICT,VC202400217
CONT2024003357,EXPORT,NSICT,VC202400217
CONT2024003358,IMPORT,NSICT,VC202400218
CONT2024003359,IMPORT,NSICT,VC202400218
CONT2024003360,EXPORT,NSICT,VC202400218
CONT2024003361,EXPORT,NSICT,VC202400218
CONT2024003362,IMPORT,NSICT,VC202400218
CONT2024003363,EXPORT,NSICT,VC202400218
CONT2024003364,IMPORT,NSICT,VC202400218
CONT2024003365,EXPORT,NSICT,VC202400218
CONT2024003366,IMPORT,NSICT,VC202400218
CONT2024003367,EXPORT,NSICT,VC202400218
CONT2024003368,IMPORT,NSICT,VC202400218
CONT2024003369,EXPORT,NSICT,VC202400218
CONT2024003370,EXPORT,NSICT,VC202400218
CONT2024003371,IMPORT,NSICT,VC202400218
CONT2024003372,EXPORT,NSICT,VC202400218
CONT2024003373,IMPORT,NSICT,VC202400218
CONT2024003374,IMPORT,NSICT,VC202400218
CONT2024003375,EXPORT,NSICT,VC202400218
CONT2024003376,IMPORT,NSICT,VC202400218
CONT2024003377,EXPORT,NSICT,VC202400218
CONT2024003378,EXPORT,GTI,VC202400219
CONT2024003379,EXPORT,GTI,VC202400219
CONT2024003380,IMPORT,GTI,VC202400219
CONT2024003381,IMPORT,GTI,VC202400219
CONT2024003382,EXPORT,GTI,VC202400219
CONT2024003383,IMPORT,GTI,VC202400219
CONT2024003384,EXPORT,GTI,VC202400219
CONT2024003385,EXPORT,GTI,VC202400219
CONT2024003386,EXPORT,GTI,VC202400219
CONT2024003387,EXPORT,GTI,VC202400219
CONT2024003388,IMPORT,GTI,VC202400219
CONT2024003389,EXPORT,GTI,VC202400219
CONT2024003390,IMPORT,GTI,VC202400219
CONT2024003391,IMPORT,GTI,VC202400219
CONT2024003392,EXPORT,GTI,VC202400219
CONT2024003393,EXPORT,GTI,VC202400220
CONT2024003394,EXPORT,GTI,VC202400220
CONT2024003395,IMPORT,GTI,VC202400220
CONT2024003396,EXPORT,GTI,VC202400220
CONT2024003397,EXPORT,GTI,VC202400220
CONT2024003398,EXPORT,GTI,VC202400220
CONT2024003399,IMPORT,GTI,VC202400220
CONT2024003400,EXPORT,GTI,VC202400220
CONT2024003401,IMPORT,GTI,VC202400220
CONT2024003402,IMPORT,GTI,VC202400220
CONT2024003403,EXPORT,GTI,VC202400220
CONT2024003404,EXPORT,GTI,VC202400220
CONT2024003405,EXPORT,GTI,VC202400220
CONT2024003406,EXPORT,GTI,VC202400220
CONT2024003407,EXPORT,GTI,VC202400220
CONT2024003408,IMPORT,GTI,VC202400220
CONT2024003409,EXPORT,GTI,VC202400220
CONT2024003410,IMPORT,GTI,VC202400220
CONT2024003411,IMPORT,GTI,VC202400220
CONT2024003412,EXPORT,GTI,VC202400220
CONT2024003413,IMPORT,GTI,VC202400220
CONT2024003414,EXPORT,GTI,VC202400220
CONT2024003415,EXPORT,GTI,VC202400221
CONT2024003416,IMPORT,GTI,VC202400221
CONT2024003417,EXPORT,GTI,VC202400221
CONT2024003418,EXPORT,GTI,VC202400221
CONT2024003419,IMPORT,GTI,VC202400221
CONT2024003420,IMPORT,GTI,VC202400221
CONT2024003421,EXPORT,GTI,VC202400221
CONT2024003422,IMPORT,GTI,VC202400221
CONT2024003423,EXPORT,GTI,VC202400221
CONT2024003424,EXPORT,GTI,VC202400221
CONT2024003425,IMPORT,GTI,VC202400221
CONT2024003426,IMPORT,GTI,VC202400221
CONT2024003427,EXPORT,GTI,VC202400221
CONT2024003428,IMPORT,GTI,VC202400221
CONT2024003429,IMPORT,GTI,VC202400221
CONT2024003430,EXPORT,GTI,VC202400221
CONT2024003431,EXPORT,GTI,VC202400221
CONT2024003432,IMPORT,GTI,VC202400221
CONT2024003433,EXPORT,GTI,VC202400221
CONT2024003434,EXPORT,GTI,VC202400221
CONT2024003435,EXPORT,GTI,VC202400221
CONT2024003436,EXPORT,GTI,VC202400221
CONT2024003437,EXPORT,GTI,VC202400221
CONT2024003438,EXPORT,GTI,VC202400221
CONT2024003439,IMPORT,GTI,VC202400222
CONT2024003440,IMPORT,GTI,VC202400222
CONT2024003441,IMPORT,GTI,VC202400222
CONT2024003442,IMPORT,GTI,VC202400222
CONT2024003443,EXPORT,GTI,VC202400222
CONT2024003444,IMPORT,GTI,VC202400222
CONT2024003445,IMPORT,NSIGT,VC202400223
CONT2024003446,IMPORT,NSIGT,VC202400223
CONT2024003447,IMPORT,NSIGT,VC202400223
CONT2024003448,IMPORT,NSIGT,VC202400223
CONT2024003449,EXPORT,NSIGT,VC202400223
CONT2024003450,EXPORT,NSIGT,VC202400223
CONT2024003451,EXPORT,NSIGT,VC202400223
CONT2024003452,IMPORT,NSIGT,VC202400223
CONT2024003453,IMPORT,NSIGT,VC202400223
CONT2024003454,IMPORT,NSIGT,VC202400223
CONT2024003455,EXPORT,NSIGT,VC202400223
CONT2024003456,IMPORT,NSIGT,VC202400223
CONT2024003457,EXPORT,NSIGT,VC202400223
CONT2024003458,EXPORT,NSIGT,VC202400223
CONT2024003459,EXPORT,NSIGT,VC202400223
CONT2024003460,EXPORT,NSIGT,VC202400223
CONT2024003461,EXPORT,NSIGT,VC202400223
CONT2024003462,EXPORT,NSIGT,VC202400223
CONT2024003463,EXPORT,NSIGT,VC202400223
CONT2024003464,IMPORT,NSIGT,VC202400223
CONT2024003465,EXPORT,NSIGT,VC202400223
CONT2024003466,EXPORT,NSIGT,VC202400223
CONT2024003467,IMPORT,NSIGT,VC202400223
CONT2024003468,IMPORT,NSIGT,VC202400223
CONT2024003469,IMPORT,NSIGT,VC202400223
CONT2024003470,IMPORT,NSIGT,VC202400223
CONT2024003471,IMPORT,NSIGT,VC202400223
CONT2024003472,IMPORT,NSIGT,VC202400223
CONT2024003473,EXPORT,NSIGT,VC202400223
CONT2024003474,IMPORT,NSIGT,VC202400223
CONT2024003475,EXPORT,NSIGT,VC202400223
CONT2024003476,EXPORT,NSIGT,VC202400223
CONT2024003477,EXPORT,NSIGT,VC202400223
CONT2024003478,IMPORT,NSIGT,VC202400223
CONT2024003479,IMPORT,NSIGT,VC202400223
CONT2024003480,EXPORT,GTI,VC202400224
CONT2024003481,IMPORT,GTI,VC202400224
CONT2024003482,EXPORT,GTI,VC202400224
CONT2024003483,EXPORT,GTI,VC202400224
CONT2024003484,EXPORT,GTI,VC202400224
CONT2024003485,IMPORT,GTI,VC202400224
CONT2024003486,IMPORT,GTI,VC202400224
CONT2024003487,IMPORT,GTI,VC202400224
CONT2024003488,IMPORT,GTI,VC202400224
CONT2024003489,IMPORT,GTI,VC202400224
CONT2024003490,IMPORT,GTI,VC202400224
CONT2024003491,EXPORT,GTI,VC202400224
CONT2024003492,IMPORT,GTI,VC202400224
CONT2024003493,IMPORT,GTI,VC202400224
CONT2024003494,IMPORT,NSFT,VC202400225
CONT2024003495,IMPORT,NSFT,VC202400225
CONT2024003496,EXPORT,NSFT,VC202400225
CONT2024003497,IMPORT,NSFT,VC202400225
CONT2024003498,IMPORT,NSFT,VC202400225
CONT2024003499,EXPORT,NSFT,VC202400225
CONT2024003500,IMPORT,NSFT,VC202400225
CONT2024003501,IMPORT,NSFT,VC202400225
CONT2024003502,IMPORT,NSFT,VC202400225
CONT2024003503,IMPORT,NSFT,VC202400225
CONT2024003504,IMPORT,NSFT,VC202400225
CONT2024003505,IMPORT,NSFT,VC202400225
CONT2024003506,EXPORT,NSFT,VC202400225
CONT2024003507,IMPORT,NSFT,VC202400226
CONT2024003508,IMPORT,NSFT,VC202400226
CONT2024003509,IMPORT,NSFT,VC202400226
CONT2024003510,EXPORT,NSFT,VC202400226
CONT2024003511,EXPORT,NSFT,VC202400226
CONT2024003512,EXPORT,NSFT,VC202400226
CONT2024003513,EXPORT,NSFT,VC202400227
CONT2024003514,IMPORT,NSFT,VC202400227
CONT2024003515,IMPORT,NSFT,VC202400227
CONT2024003516,EXPORT,NSFT,VC202400227
CONT2024003517,IMPORT,NSFT,VC202400227
CONT2024003518,EXPORT,NSFT,VC202400227
CONT2024003519,EXPORT,NSFT,VC202400227
CONT2024003520,IMPORT,NSFT,VC202400227
CONT2024003521,IMPORT,NSFT,VC202400227
CONT2024003522,EXPORT,NSFT,VC202400227
CONT2024003523,IMPORT,NSFT,VC202400227
CONT2024003524,EXPORT,GTI,VC202400228
CONT2024003525,EXPORT,GTI,VC202400228
CONT2024003526,IMPORT,GTI,VC202400228
CONT2024003527,IMPORT,GTI,VC202400228
CONT2024003528,EXPORT,GTI,VC202400228
CONT2024003529,IMPORT,GTI,VC202400228
CONT2024003530,EXPORT,GTI,VC202400228
CONT2024003531,IMPORT,GTI,VC202400228
CONT2024003532,IMPORT,GTI,VC202400228
CONT2024003533,EXPORT,GTI,VC202400228
CONT2024003534,EXPORT,GTI,VC202400228
CONT2024003535,EXPORT,GTI,VC202400228
CONT2024003536,IMPORT,GTI,VC202400228
CONT2024003537,EXPORT,GTI,VC202400228
CONT2024003538,IMPORT,NSFT,VC202400229
CONT2024003539,EXPORT,NSFT,VC202400229
CONT2024003540,IMPORT,NSFT,VC202400229
CONT2024003541,IMPORT,NSFT,VC202400229
CONT2024003542,EXPORT,NSFT,VC202400229
CONT2024003543,EXPORT,NSFT,VC202400229
CONT2024003544,IMPORT,NSFT,VC202400229
CONT2024003545,EXPORT,NSFT,VC202400229
CONT2024003546,IMPORT,NSFT,VC202400229
CONT2024003547,EXPORT,NSFT,VC202400229
CONT2024003548,IMPORT,NSFT,VC202400229
CONT2024003549,EXPORT,NSFT,VC202400229
CONT2024003550,EXPORT,NSFT,VC202400229
CONT2024003551,EXPORT,NSFT,VC202400229
CONT2024003552,EXPORT,NSFT,VC202400229
CONT2024003553,IMPORT,NSFT,VC202400229
CONT2024003554,EXPORT,NSFT,VC202400229
CONT2024003555,EXPORT,NSFT,VC202400229
CONT2024003556,IMPORT,NSFT,VC202400229
CONT2024003557,EXPORT,NSFT,VC202400229
CONT2024003558,EXPORT,NSFT,VC202400229
CONT2024003559,EXPORT,NSFT,VC202400229
CONT2024003560,IMPORT,NSFT,VC202400229
CONT2024003561,IMPORT,NSFT,VC202400229
CONT2024003562,IMPORT,NSFT,VC202400229
CONT2024003563,IMPORT,NSFT,VC202400229
CONT2024003564,EXPORT,NSFT,VC202400229
CONT2024003565,EXPORT,NSFT,VC202400229
CONT2024003566,IMPORT,NSFT,VC202400229
CONT2024003567,EXPORT,NSFT,VC202400229
CONT2024003568,IMPORT,NSFT,VC202400229
CONT2024003569,EXPORT,NSFT,VC202400229
CONT2024003570,EXPORT,NSFT,VC202400230
CONT2024003571,EXPORT,NSFT,VC202400230
CONT2024003572,EXPORT,NSFT,VC202400230
CONT2024003573,EXPORT,NSFT,VC202400230
CONT2024003574,IMPORT,NSFT,VC202400230
CONT2024003575,EXPORT,NSFT,VC202400230
CONT2024003576,IMPORT,NSFT,VC202400230
CONT2024003577,IMPORT,NSFT,VC202400230
CONT2024003578,EXPORT,GTI,VC202400231
CONT2024003579,IMPORT,GTI,VC202400231
CONT2024003580,EXPORT,GTI,VC202400231
CONT2024003581,IMPORT,GTI,VC202400231
CONT2024003582,EXPORT,GTI,VC202400231
CONT2024003583,IMPORT,GTI,VC202400231
CONT2024003584,IMPORT,GTI,VC202400231
CONT2024003585,IMPORT,GTI,VC202400231
CONT2024003586,EXPORT,GTI,VC202400231
CONT2024003587,IMPORT,GTI,VC202400231
CONT2024003588,IMPORT,GTI,VC202400231
CONT2024003589,EXPORT,GTI,VC202400231
CONT2024003590,IMPORT,NSIGT,VC202400232
CONT2024003591,IMPORT,NSIGT,VC202400232
CONT2024003592,IMPORT,NSIGT,VC202400232
CONT2024003593,IMPORT,NSIGT,VC202400232
CONT2024003594,EXPORT,NSIGT,VC202400232
CONT2024003595,EXPORT,NSIGT,VC202400232
CONT2024003596,IMPORT,NSIGT,VC202400232
CONT2024003597,IMPORT,NSIGT,VC202400232
CONT2024003598,EXPORT,NSIGT,VC202400232
CONT2024003599,EXPORT,NSIGT,VC202400232
CONT2024003600,IMPORT,NSICT,VC202400233
CONT2024003601,IMPORT,NSICT,VC202400233
CONT2024003602,IMPORT,NSICT,VC202400233
CONT2024003603,EXPORT,NSICT,VC202400233
CONT2024003604,EXPORT,NSICT,VC202400233
CONT2024003605,EXPORT,NSICT,VC202400233
CONT2024003606,EXPORT,NSICT,VC202400233
CONT2024003607,IMPORT,NSICT,VC202400233
CONT2024003608,IMPORT,NSICT,VC202400233
CONT2024003609,IMPORT,NSICT,VC202400233
CONT2024003610,EXPORT,BMCT,VC202400234
CONT2024003611,EXPORT,BMCT,VC202400234
CONT2024003612,IMPORT,BMCT,VC202400234
CONT2024003613,EXPORT,BMCT,VC202400234
CONT2024003614,EXPORT,BMCT,VC202400234
CONT2024003615,IMPORT,BMCT,VC202400234
CONT2024003616,IMPORT,BMCT,VC202400234
CONT2024003617,IMPORT,BMCT,VC202400234
CONT2024003618,EXPORT,BMCT,VC202400234
CONT2024003619,IMPORT,BMCT,VC202400234
CONT2024003620,EXPORT,GTI,VC202400235
CONT2024003621,IMPORT,GTI,VC202400235
CONT2024003622,IMPORT,GTI,VC202400235
CONT2024003623,IMPORT,GTI,VC202400235
CONT2024003624,IMPORT,GTI,VC202400235
CONT2024003625,IMPORT,GTI,VC202400235
CONT2024003626,EXPORT,GTI,VC202400236
CONT2024003627,IMPORT,GTI,VC202400236
CONT2024003628,EXPORT,GTI,VC202400236
CONT2024003629,EXPORT,GTI,VC202400236
CONT2024003630,IMPORT,GTI,VC202400236
CONT2024003631,IMPORT,GTI,VC202400236
CONT2024003632,EXPORT,GTI,VC202400236
CONT2024003633,IMPORT,GTI,VC202400236
CONT2024003634,IMPORT,GTI,VC202400236
CONT2024003635,IMPORT,GTI,VC202400236
CONT2024003636,IMPORT,GTI,VC202400236
CONT2024003637,IMPORT,GTI,VC202400236
CONT2024003638,IMPORT,GTI,VC202400236
CONT2024003639,IMPORT,GTI,VC202400236
CONT2024003640,EXPORT,NSFT,VC202400237
CONT2024003641,EXPORT,NSFT,VC202400237
CONT2024003642,IMPORT,NSFT,VC202400237
CONT2024003643,EXPORT,NSFT,VC202400237
CONT2024003644,IMPORT,NSFT,VC202400237
CONT2024003645,IMPORT,NSFT,VC202400237
CONT2024003646,IMPORT,NSFT,VC202400237
CONT2024003647,IMPORT,NSFT,VC202400237
CONT2024003648,EXPORT,NSFT,VC202400237
CONT2024003649,EXPORT,NSFT,VC202400237
CONT2024003650,EXPORT,NSFT,VC202400238
CONT2024003651,EXPORT,NSFT,VC202400238
CONT2024003652,IMPORT,NSFT,VC202400238
CONT2024003653,EXPORT,NSFT,VC202400238
CONT2024003654,EXPORT,NSFT,VC202400238
CONT2024003655,IMPORT,NSFT,VC202400238
CONT2024003656,EXPORT,NSFT,VC202400238
CONT2024003657,IMPORT,NSFT,VC202400238
CONT2024003658,IMPORT,NSFT,VC202400238
CONT2024003659,IMPORT,NSFT,VC202400238
CONT2024003660,EXPORT,NSFT,VC202400238
CONT2024003661,EXPORT,NSFT,VC202400238
CONT2024003662,IMPORT,NSFT,VC202400238
CONT2024003663,EXPORT,NSFT,VC202400238
CONT2024003664,IMPORT,NSFT,VC202400238
CONT2024003665,IMPORT,NSFT,VC202400238
CONT2024003666,EXPORT,NSFT,VC202400238
CONT2024003667,EXPORT,BMCT,VC202400239
CONT2024003668,IMPORT,BMCT,VC202400239
CONT2024003669,EXPORT,BMCT,VC202400239
CONT2024003670,EXPORT,BMCT,VC202400239
CONT2024003671,IMPORT,BMCT,VC202400239
CONT2024003672,IMPORT,BMCT,VC202400239
CONT2024003673,EXPORT,BMCT,VC202400239
CONT2024003674,IMPORT,BMCT,VC202400239
CONT2024003675,EXPORT,BMCT,VC202400239
CONT2024003676,EXPORT,BMCT,VC202400239
CONT2024003677,IMPORT,BMCT,VC202400239
CONT2024003678,EXPORT,BMCT,VC202400239
CONT2024003679,IMPORT,BMCT,VC202400239
CONT2024003680,IMPORT,BMCT,VC202400239
CONT2024003681,EXPORT,BMCT,VC202400239
CONT2024003682,EXPORT,BMCT,VC202400239
CONT2024003683,IMPORT,BMCT,VC202400239
CONT2024003684,EXPORT,BMCT,VC202400239
CONT2024003685,IMPORT,BMCT,VC202400239
CONT2024003686,EXPORT,BMCT,VC202400239
CONT2024003687,IMPORT,BMCT,VC202400239
CONT2024003688,IMPORT,BMCT,VC202400239
CONT2024003689,EXPORT,BMCT,VC202400239
CONT2024003690,EXPORT,BMCT,VC202400239
CONT2024003691,EXPORT,BMCT,VC202400239
CONT2024003692,EXPORT,BMCT,VC202400239
CONT2024003693,IMPORT,NSIGT,VC202400240
CONT2024003694,EXPORT,NSIGT,VC202400240
CONT2024003695,EXPORT,NSIGT,VC202400240
CONT2024003696,IMPORT,NSIGT,VC202400240
CONT2024003697,IMPORT,NSIGT,VC202400240
CONT2024003698,IMPORT,NSIGT,VC202400240
CONT2024003699,EXPORT,NSIGT,VC202400240
CONT2024003700,EXPORT,NSIGT,VC202400240
CONT2024003701,IMPORT,NSIGT,VC202400240
CONT2024003702,IMPORT,NSIGT,VC202400240
CONT2024003703,EXPORT,GTI,VC202400241
CONT2024003704,EXPORT,GTI,VC202400241
CONT2024003705,IMPORT,GTI,VC202400241
CONT2024003706,EXPORT,GTI,VC202400241
CONT2024003707,IMPORT,GTI,VC202400241
CONT2024003708,EXPORT,GTI,VC202400241
CONT2024003709,EXPORT,GTI,VC202400241
CONT2024003710,EXPORT,GTI,VC202400241
CONT2024003711,IMPORT,GTI,VC202400241
CONT2024003712,EXPORT,GTI,VC202400241
CONT2024003713,IMPORT,GTI,VC202400241
CONT2024003714,IMPORT,GTI,VC202400242
CONT2024003715,EXPORT,GTI,VC202400242
CONT2024003716,EXPORT,GTI,VC202400242
CONT2024003717,EXPORT,GTI,VC202400242
CONT2024003718,IMPORT,GTI,VC202400242
CONT2024003719,EXPORT,GTI,VC202400242
CONT2024003720,IMPORT,GTI,VC202400242
CONT2024003721,IMPORT,GTI,VC202400242
CONT2024003722,EXPORT,GTI,VC202400242
CONT2024003723,IMPORT,GTI,VC202400242
CONT2024003724,EXPORT,GTI,VC202400242
CONT2024003725,IMPORT,GTI,VC202400242
CONT2024003726,EXPORT,GTI,VC202400242
CONT2024003727,IMPORT,GTI,VC202400242
CONT2024003728,IMPORT,GTI,VC202400242
CONT2024003729,EXPORT,NSIGT,VC202400243
CONT2024003730,IMPORT,NSIGT,VC202400243
CONT2024003731,IMPORT,NSIGT,VC202400243
CONT2024003732,EXPORT,NSIGT,VC202400243
CONT2024003733,IMPORT,NSIGT,VC202400243
CONT2024003734,IMPORT,NSIGT,VC202400243
CONT2024003735,EXPORT,NSIGT,VC202400243
CONT2024003736,EXPORT,NSIGT,VC202400243
CONT2024003737,EXPORT,NSIGT,VC202400243
CONT2024003738,EXPORT,NSIGT,VC202400243
CONT2024003739,IMPORT,NSIGT,VC202400243
CONT2024003740,IMPORT,NSIGT,VC202400243
CONT2024003741,EXPORT,NSIGT,VC202400244
CONT2024003742,IMPORT,NSIGT,VC202400244
CONT2024003743,EXPORT,NSIGT,VC202400244
CONT2024003744,IMPORT,NSIGT,VC202400244
CONT2024003745,IMPORT,NSIGT,VC202400244
CONT2024003746,IMPORT,NSIGT,VC202400244
CONT2024003747,EXPORT,NSIGT,VC202400244
CONT2024003748,EXPORT,NSIGT,VC202400244
CONT2024003749,EXPORT,NSIGT,VC202400244
CONT2024003750,IMPORT,NSIGT,VC202400244
CONT2024003751,IMPORT,NSIGT,VC202400244
CONT2024003752,EXPORT,NSIGT,VC202400244
CONT2024003753,IMPORT,NSIGT,VC202400244
CONT2024003754,IMPORT,NSIGT,VC202400244
CONT2024003755,IMPORT,NSIGT,VC202400244
CONT2024003756,IMPORT,NSIGT,VC202400244
CONT2024003757,IMPORT,NSIGT,VC202400244
CONT2024003758,EXPORT,NSIGT,VC202400244
CONT2024003759,IMPORT,NSIGT,VC202400244
CONT2024003760,IMPORT,NSIGT,VC202400244
CONT2024003761,IMPORT,BMCT,VC202400245
CONT2024003762,IMPORT,BMCT,VC202400245
CONT2024003763,IMPORT,BMCT,VC202400245
CONT2024003764,IMPORT,BMCT,VC202400245
CONT2024003765,EXPORT,BMCT,VC202400245
CONT2024003766,EXPORT,BMCT,VC202400245
CONT2024003767,EXPORT,BMCT,VC202400245
CONT2024003768,IMPORT,BMCT,VC202400245
CONT2024003769,EXPORT,BMCT,VC202400245
CONT2024003770,EXPORT,BMCT,VC202400245
CONT2024003771,IMPORT,BMCT,VC202400245
CONT2024003772,EXPORT,BMCT,VC202400245
CONT2024003773,EXPORT,BMCT,VC202400245
CONT2024003774,IMPORT,BMCT,VC202400245
CONT2024003775,IMPORT,BMCT,VC202400245
CONT2024003776,EXPORT,BMCT,VC202400245
CONT2024003777,EXPORT,BMCT,VC202400245
CONT2024003778,IMPORT,BMCT,VC202400245
CONT2024003779,IMPORT,BMCT,VC202400245
CONT2024003780,EXPORT,BMCT,VC202400245
CONT2024003781,EXPORT,BMCT,VC202400245
CONT2024003782,IMPORT,BMCT,VC202400245
CONT2024003783,EXPORT,BMCT,VC202400245
CONT2024003784,IMPORT,BMCT,VC202400245
CONT2024003785,EXPORT,BMCT,VC202400245
CONT2024003786,IMPORT,NSICT,VC202400246
CONT2024003787,IMPORT,NSICT,VC202400246
CONT2024003788,IMPORT,NSICT,VC202400246
CONT2024003789,EXPORT,NSICT,VC202400246
CONT2024003790,IMPORT,NSICT,VC202400246
CONT2024003791,IMPORT,NSICT,VC202400246
CONT2024003792,EXPORT,NSICT,VC202400246
CONT2024003793,EXPORT,NSICT,VC202400246
CONT2024003794,IMPORT,NSICT,VC202400246
CONT2024003795,IMPORT,NSICT,VC202400246
CONT2024003796,EXPORT,NSICT,VC202400246
CONT2024003797,EXPORT,NSICT,VC202400246
CONT2024003798,EXPORT,NSICT,VC202400246
CONT2024003799,IMPORT,NSICT,VC202400246
CONT2024003800,IMPORT,NSICT,VC202400246
CONT2024003801,EXPORT,NSICT,VC202400246
CONT2024003802,IMPORT,NSICT,VC202400246
CONT2024003803,IMPORT,NSICT,VC202400246
CONT2024003804,EXPORT,NSICT,VC202400246
CONT2024003805,IMPORT,NSICT,VC202400246
CONT2024003806,EXPORT,NSICT,VC202400246
CONT2024003807,EXPORT,NSICT,VC202400246
CONT2024003808,IMPORT,NSICT,VC202400246
CONT2024003809,IMPORT,NSICT,VC202400246
CONT2024003810,EXPORT,NSICT,VC202400246
CONT2024003811,EXPORT,NSICT,VC202400246
CONT2024003812,IMPORT,NSICT,VC202400246
CONT2024003813,IMPORT,NSICT,VC202400246
CONT2024003814,EXPORT,NSICT,VC202400246
CONT2024003815,EXPORT,NSICT,VC202400246
CONT2024003816,EXPORT,NSICT,VC202400246
CONT2024003817,IMPORT,NSICT,VC202400246
CONT2024003818,IMPORT,NSICT,VC202400246
CONT2024003819,EXPORT,NSICT,VC202400246
CONT2024003820,EXPORT,NSICT,VC202400246
CONT2024003821,IMPORT,NSICT,VC202400246
CONT2024003822,IMPORT,NSICT,VC202400246
CONT2024003823,IMPORT,NSICT,VC202400246
CONT2024003824,EXPORT,NSFT,VC202400247
CONT2024003825,IMPORT,NSFT,VC202400247
CONT2024003826,EXPORT,NSFT,VC202400247
CONT2024003827,EXPORT,NSFT,VC202400247
CONT2024003828,IMPORT,NSFT,VC202400247
CONT2024003829,IMPORT,NSFT,VC202400247
CONT2024003830,EXPORT,NSFT,VC202400247
CONT2024003831,EXPORT,NSFT,VC202400247
CONT2024003832,IMPORT,NSFT,VC202400247
CONT2024003833,EXPORT,NSFT,VC202400247
CONT2024003834,IMPORT,GTI,VC202400248
CONT2024003835,EXPORT,GTI,VC202400248
CONT2024003836,IMPORT,GTI,VC202400248
CONT2024003837,IMPORT,GTI,VC202400248
CONT2024003838,EXPORT,GTI,VC202400248
CONT2024003839,IMPORT,GTI,VC202400248
CONT2024003840,IMPORT,GTI,VC202400248
CONT2024003841,IMPORT,GTI,VC202400248
CONT2024003842,IMPORT,GTI,VC202400248
CONT2024003843,EXPORT,GTI,VC202400249
CONT2024003844,EXPORT,GTI,VC202400249
CONT2024003845,EXPORT,GTI,VC202400249
CONT2024003846,EXPORT,GTI,VC202400249
CONT2024003847,IMPORT,GTI,VC202400249
CONT2024003848,IMPORT,GTI,VC202400249
CONT2024003849,IMPORT,GTI,VC202400249
CONT2024003850,EXPORT,GTI,VC202400249
CONT2024003851,IMPORT,GTI,VC202400249
CONT2024003852,EXPORT,GTI,VC202400249
CONT2024003853,IMPORT,GTI,VC202400249
CONT2024003854,EXPORT,GTI,VC202400249
CONT2024003855,EXPORT,GTI,VC202400249
CONT2024003856,EXPORT,GTI,VC202400249
CONT2024003857,IMPORT,GTI,VC202400249
CONT2024003858,EXPORT,GTI,VC202400249
CONT2024003859,IMPORT,GTI,VC202400249
CONT2024003860,EXPORT,GTI,VC202400249
CONT2024003861,EXPORT,GTI,VC202400249
CONT2024003862,IMPORT,GTI,VC202400249
CONT2024003863,EXPORT,GTI,VC202400249
CONT2024003864,EXPORT,GTI,VC202400249
CONT2024003865,EXPORT,GTI,VC202400249
CONT2024003866,IMPORT,NSFT,VC202400250
CONT2024003867,IMPORT,NSFT,VC202400250
CONT2024003868,IMPORT,NSFT,VC202400250
CONT2024003869,EXPORT,NSFT,VC202400250
CONT2024003870,EXPORT,NSFT,VC202400250
CONT2024003871,EXPORT,NSFT,VC202400250
CONT2024003872,EXPORT,NSFT,VC202400250
CONT2024003873,IMPORT,NSFT,VC202400250
CONT2024003874,EXPORT,NSFT,VC202400250
CONT2024003875,EXPORT,NSFT,VC202400250
CONT2024003876,EXPORT,NSFT,VC202400250
CONT2024003877,IMPORT,NSFT,VC202400250
CONT2024003878,EXPORT,NSIGT,VC202400251
CONT2024003879,IMPORT,NSIGT,VC202400251
CONT2024003880,EXPORT,NSIGT,VC202400251
CONT2024003881,IMPORT,NSIGT,VC202400251
CONT2024003882,IMPORT,NSIGT,VC202400251
CONT2024003883,EXPORT,NSIGT,VC202400251
CONT2024003884,EXPORT,NSIGT,VC202400251
CONT2024003885,EXPORT,NSIGT,VC202400251
CONT2024003886,EXPORT,NSIGT,VC202400251
CONT2024003887,EXPORT,NSIGT,VC202400251
CONT2024003888,IMPORT,NSIGT,VC202400251
CONT2024003889,IMPORT,NSIGT,VC202400251
CONT2024003890,IMPORT,NSIGT,VC202400251
CONT2024003891,EXPORT,GTI,VC202400252
CONT2024003892,IMPORT,GTI,VC202400252
CONT2024003893,EXPORT,GTI,VC202400252
CONT2024003894,IMPORT,GTI,VC202400252
CONT2024003895,IMPORT,GTI,VC202400252
CONT2024003896,EXPORT,GTI,VC202400252
CONT2024003897,EXPORT,GTI,VC202400252
CONT2024003898,EXPORT,GTI,VC202400252
CONT2024003899,IMPORT,GTI,VC202400252
CONT2024003900,IMPORT,GTI,VC202400252
CONT2024003901,EXPORT,GTI,VC202400252
CONT2024003902,EXPORT,GTI,VC202400252
CONT2024003903,EXPORT,GTI,VC202400252
CONT2024003904,EXPORT,NSICT,VC202400253
CONT2024003905,IMPORT,NSICT,VC202400253
CONT2024003906,IMPORT,NSICT,VC202400253
CONT2024003907,EXPORT,NSICT,VC202400253
CONT2024003908,IMPORT,NSICT,VC202400253
CONT2024003909,IMPORT,NSICT,VC202400253
CONT2024003910,IMPORT,NSICT,VC202400253
CONT2024003911,IMPORT,NSICT,VC202400253
CONT2024003912,EXPORT,NSICT,VC202400253
CONT2024003913,EXPORT,NSICT,VC202400253
CONT2024003914,EXPORT,NSICT,VC202400253
CONT2024003915,EXPORT,NSICT,VC202400253
CONT2024003916,EXPORT,NSICT,VC202400253
CONT2024003917,IMPORT,NSICT,VC202400253
CONT2024003918,EXPORT,NSICT,VC202400253
CONT2024003919,IMPORT,NSICT,VC202400253
CONT2024003920,EXPORT,NSICT,VC202400253
CONT2024003921,IMPORT,NSICT,VC202400253
CONT2024003922,EXPORT,NSICT,VC202400253
CONT2024003923,IMPORT,NSICT,VC202400253
CONT2024003924,IMPORT,NSICT,VC202400253
CONT2024003925,EXPORT,NSICT,VC202400253
CONT2024003926,IMPORT,NSICT,VC202400253
CONT2024003927,EXPORT,NSICT,VC202400253
CONT2024003928,IMPORT,NSICT,VC202400253
CONT2024003929,IMPORT,NSICT,VC202400253
CONT2024003930,EXPORT,NSICT,VC202400253
CONT2024003931,IMPORT,NSICT,VC202400253
CONT2024003932,EXPORT,NSFT,VC202400254
CONT2024003933,EXPORT,NSFT,VC202400254
CONT2024003934,IMPORT,NSFT,VC202400254
CONT2024003935,IMPORT,NSFT,VC202400254
CONT2024003936,IMPORT,NSFT,VC202400254
CONT2024003937,IMPORT,NSFT,VC202400254
CONT2024003938,EXPORT,NSFT,VC202400254
CONT2024003939,IMPORT,NSFT,VC202400254
CONT2024003940,EXPORT,NSFT,VC202400254
CONT2024003941,EXPORT,NSFT,VC202400254
CONT2024003942,IMPORT,NSFT,VC202400254
CONT2024003943,EXPORT,NSFT,VC202400254
CONT2024003944,EXPORT,NSFT,VC202400254
CONT2024003945,IMPORT,NSFT,VC202400254
CONT2024003946,IMPORT,NSFT,VC202400254
CONT2024003947,IMPORT,NSFT,VC202400254
CONT2024003948,EXPORT,NSFT,VC202400254
CONT2024003949,EXPORT,NSICT,VC202400255
CONT2024003950,EXPORT,NSICT,VC202400255
CONT2024003951,EXPORT,NSICT,VC202400255
CONT2024003952,EXPORT,NSICT,VC202400255
CONT2024003953,EXPORT,NSICT,VC202400255
CONT2024003954,IMPORT,NSICT,VC202400255
CONT2024003955,IMPORT,NSICT,VC202400255
CONT2024003956,IMPORT,GTI,VC202400256
CONT2024003957,IMPORT,GTI,VC202400256
CONT2024003958,EXPORT,GTI,VC202400256
CONT2024003959,IMPORT,GTI,VC202400256
CONT2024003960,IMPORT,GTI,VC202400256
CONT2024003961,IMPORT,GTI,VC202400256
CONT2024003962,IMPORT,GTI,VC202400256
CONT2024003963,IMPORT,GTI,VC202400256
CONT2024003964,EXPORT,GTI,VC202400257
CONT2024003965,IMPORT,GTI,VC202400257
CONT2024003966,EXPORT,GTI,VC202400257
CONT2024003967,IMPORT,GTI,VC202400257
CONT2024003968,IMPORT,GTI,VC202400257
CONT2024003969,IMPORT,GTI,VC202400257
CONT2024003970,EXPORT,GTI,VC202400257
CONT2024003971,IMPORT,GTI,VC202400257
CONT2024003972,EXPORT,GTI,VC202400257
CONT2024003973,EXPORT,GTI,VC202400257
CONT2024003974,IMPORT,GTI,VC202400257
CONT2024003975,EXPORT,GTI,VC202400257
CONT2024003976,EXPORT,GTI,VC202400257
CONT2024003977,IMPORT,GTI,VC202400257
CONT2024003978,IMPORT,GTI,VC202400257
CONT2024003979,IMPORT,GTI,VC202400257
CONT2024003980,IMPORT,GTI,VC202400257
CONT2024003981,EXPORT,GTI,VC202400257
CONT2024003982,IMPORT,GTI,VC202400257
CONT2024003983,EXPORT,GTI,VC202400257
CONT2024003984,IMPORT,GTI,VC202400257
CONT2024003985,EXPORT,GTI,VC202400257
CONT2024003986,IMPORT,GTI,VC202400257
CONT2024003987,EXPORT,GTI,VC202400257
CONT2024003988,EXPORT,GTI,VC202400257
CONT2024003989,EXPORT,GTI,VC202400257
CONT2024003990,EXPORT,NSIGT,VC202400258
CONT2024003991,IMPORT,NSIGT,VC202400258
CONT2024003992,IMPORT,NSIGT,VC202400258
CONT2024003993,EXPORT,NSIGT,VC202400258
CONT2024003994,EXPORT,NSIGT,VC202400258
CONT2024003995,EXPORT,NSIGT,VC202400258
CONT2024003996,IMPORT,NSIGT,VC202400258
CONT2024003997,IMPORT,NSIGT,VC202400258
CONT2024003998,EXPORT,NSIGT,VC202400258
CONT2024003999,IMPORT,NSIGT,VC202400258
CONT2024004000,EXPORT,NSIGT,VC202400258
CONT2024004001,EXPORT,NSIGT,VC202400258
CONT2024004002,EXPORT,NSIGT,VC202400258
CONT2024004003,IMPORT,NSIGT,VC202400258
CONT2024004004,IMPORT,NSIGT,VC202400258
CONT2024004005,IMPORT,NSIGT,VC202400258
CONT2024004006,IMPORT,NSIGT,VC202400258
CONT2024004007,EXPORT,NSIGT,VC202400258
CONT2024004008,EXPORT,NSIGT,VC202400258
CONT2024004009,IMPORT,NSIGT,VC202400258
CONT2024004010,EXPORT,NSIGT,VC202400258
CONT2024004011,EXPORT,NSIGT,VC202400258
CONT2024004012,EXPORT,NSIGT,VC202400258
CONT2024004013,IMPORT,NSIGT,VC202400258
CONT2024004014,IMPORT,NSIGT,VC202400258
CONT2024004015,IMPORT,NSIGT,VC202400258
CONT2024004016,IMPORT,NSIGT,VC202400258
CONT2024004017,EXPORT,NSIGT,VC202400258
CONT2024004018,IMPORT,NSIGT,VC202400258
CONT2024004019,IMPORT,NSIGT,VC202400258
CONT2024004020,IMPORT,NSIGT,VC202400258
CONT2024004021,IMPORT,NSIGT,VC202400258
CONT2024004022,IMPORT,NSIGT,VC202400258
CONT2024004023,IMPORT,NSIGT,VC202400258
CONT2024004024,IMPORT,NSIGT,VC202400258
CONT2024004025,EXPORT,NSIGT,VC202400258
CONT2024004026,IMPORT,NSIGT,VC202400258
CONT2024004027,EXPORT,NSIGT,VC202400258
CONT2024004028,EXPORT,NSIGT,VC202400258
CONT2024004029,IMPORT,NSIGT,VC202400258
CONT2024004030,IMPORT,NSIGT,VC202400258
CONT2024004031,IMPORT,NSIGT,VC202400258
CONT2024004032,IMPORT,NSIGT,VC202400258
CONT2024004033,IMPORT,NSIGT,VC202400258
CONT2024004034,EXPORT,NSIGT,VC202400258
CONT2024004035,EXPORT,NSIGT,VC202400258
CONT2024004036,IMPORT,NSIGT,VC202400258
CONT2024004037,EXPORT,NSIGT,VC202400258
CONT2024004038,EXPORT,NSIGT,VC202400258
CONT2024004039,IMPORT,NSIGT,VC202400258
CONT2024004040,IMPORT,NSIGT,VC202400258
CONT2024004041,EXPORT,NSIGT,VC202400258
CONT2024004042,IMPORT,NSIGT,VC202400258
CONT2024004043,IMPORT,NSIGT,VC202400258
CONT2024004044,IMPORT,NSIGT,VC202400258
CONT2024004045,IMPORT,NSIGT,VC202400258
CONT2024004046,EXPORT,NSIGT,VC202400258
CONT2024004047,IMPORT,NSIGT,VC202400258
CONT2024004048,IMPORT,NSIGT,VC202400258
CONT2024004049,IMPORT,NSIGT,VC202400258
CONT2024004050,IMPORT,NSIGT,VC202400258
CONT2024004051,EXPORT,NSIGT,VC202400258
CONT2024004052,IMPORT,NSIGT,VC202400258
CONT2024004053,IMPORT,NSIGT,VC202400258
CONT2024004054,EXPORT,NSIGT,VC202400258
CONT2024004055,EXPORT,NSIGT,VC202400258
CONT2024004056,EXPORT,NSIGT,VC202400258
CONT2024004057,EXPORT,NSIGT,VC202400258
CONT2024004058,IMPORT,GTI,VC202400259
CONT2024004059,EXPORT,GTI,VC202400259
CONT2024004060,EXPORT,GTI,VC202400259
CONT2024004061,EXPORT,GTI,VC202400259
CONT2024004062,EXPORT,GTI,VC202400259
CONT2024004063,EXPORT,GTI,VC202400259
CONT2024004064,IMPORT,GTI,VC202400259
CONT2024004065,EXPORT,GTI,VC202400259
CONT2024004066,EXPORT,GTI,VC202400259
CONT2024004067,IMPORT,GTI,VC202400259
CONT2024004068,EXPORT,GTI,VC202400259
CONT2024004069,IMPORT,GTI,VC202400259
CONT2024004070,IMPORT,GTI,VC202400259
CONT2024004071,IMPORT,GTI,VC202400259
CONT2024004072,EXPORT,GTI,VC202400259
CONT2024004073,IMPORT,GTI,VC202400259
CONT2024004074,EXPORT,GTI,VC202400259
CONT2024004075,IMPORT,GTI,VC202400259
CONT2024004076,EXPORT,GTI,VC202400259
CONT2024004077,IMPORT,GTI,VC202400259
CONT2024004078,EXPORT,GTI,VC202400259
CONT2024004079,EXPORT,GTI,VC202400259
CONT2024004080,EXPORT,GTI,VC202400259
CONT2024004081,EXPORT,GTI,VC202400259
CONT2024004082,EXPORT,GTI,VC202400259
CONT2024004083,IMPORT,GTI,VC202400259
CONT2024004084,EXPORT,NSICT,VC202400260
CONT2024004085,EXPORT,NSICT,VC202400260
CONT2024004086,EXPORT,NSICT,VC202400260
CONT2024004087,EXPORT,NSICT,VC202400260
CONT2024004088,IMPORT,NSICT,VC202400260
CONT2024004089,EXPORT,NSICT,VC202400260
CONT2024004090,EXPORT,NSICT,VC202400260
CONT2024004091,EXPORT,NSICT,VC202400260
CONT2024004092,IMPORT,BMCT,VC202400261
CONT2024004093,IMPORT,BMCT,VC202400261
CONT2024004094,EXPORT,BMCT,VC202400261
CONT2024004095,IMPORT,BMCT,VC202400261
CONT2024004096,EXPORT,BMCT,VC202400261
CONT2024004097,EXPORT,BMCT,VC202400261
CONT2024004098,IMPORT,BMCT,VC202400261
CONT2024004099,IMPORT,BMCT,VC202400261
CONT2024004100,EXPORT,BMCT,VC202400261
CONT2024004101,IMPORT,BMCT,VC202400261
CONT2024004102,IMPORT,BMCT,VC202400261
CONT2024004103,EXPORT,BMCT,VC202400261
CONT2024004104,EXPORT,BMCT,VC202400261
CONT2024004105,EXPORT,BMCT,VC202400261
CONT2024004106,IMPORT,BMCT,VC202400261
CONT2024004107,EXPORT,NSFT,VC202400262
CONT2024004108,EXPORT,NSFT,VC202400262
CONT2024004109,IMPORT,NSFT,VC202400262
CONT2024004110,IMPORT,NSFT,VC202400262
CONT2024004111,EXPORT,NSFT,VC202400262
CONT2024004112,EXPORT,NSFT,VC202400262
CONT2024004113,IMPORT,NSFT,VC202400262
CONT2024004114,IMPORT,NSFT,VC202400262
CONT2024004115,EXPORT,NSFT,VC202400262
CONT2024004116,IMPORT,NSFT,VC202400262
CONT2024004117,IMPORT,NSFT,VC202400262
CONT2024004118,EXPORT,NSFT,VC202400262
CONT2024004119,EXPORT,NSFT,VC202400262
CONT2024004120,EXPORT,NSFT,VC202400262
CONT2024004121,EXPORT,NSFT,VC202400262
CONT2024004122,IMPORT,NSFT,VC202400262
CONT2024004123,IMPORT,NSFT,VC202400262
CONT2024004124,EXPORT,NSFT,VC202400262
CONT2024004125,IMPORT,NSFT,VC202400262
CONT2024004126,EXPORT,NSFT,VC202400262
CONT2024004127,EXPORT,NSFT,VC202400262
CONT2024004128,EXPORT,NSFT,VC202400262
CONT2024004129,IMPORT,NSFT,VC202400262
CONT2024004130,EXPORT,NSFT,VC202400262
CONT2024004131,IMPORT,GTI,VC202400263
CONT2024004132,EXPORT,GTI,VC202400263
CONT2024004133,IMPORT,GTI,VC202400263
CONT2024004134,IMPORT,GTI,VC202400263
CONT2024004135,EXPORT,GTI,VC202400263
CONT2024004136,IMPORT,GTI,VC202400263
CONT2024004137,EXPORT,GTI,VC202400263
CONT2024004138,EXPORT,GTI,VC202400263
CONT2024004139,EXPORT,NSICT,VC202400264
CONT2024004140,IMPORT,NSICT,VC202400264
CONT2024004141,IMPORT,NSICT,VC202400264
CONT2024004142,EXPORT,NSICT,VC202400264
CONT2024004143,EXPORT,NSICT,VC202400264
CONT2024004144,IMPORT,NSICT,VC202400264
CONT2024004145,IMPORT,NSFT,VC202400265
CONT2024004146,EXPORT,NSFT,VC202400265
CONT2024004147,EXPORT,NSFT,VC202400265
CONT2024004148,EXPORT,NSFT,VC202400265
CONT2024004149,EXPORT,NSFT,VC202400265
CONT2024004150,EXPORT,NSFT,VC202400265
CONT2024004151,IMPORT,NSFT,VC202400265
CONT2024004152,EXPORT,NSFT,VC202400265
CONT2024004153,IMPORT,NSFT,VC202400265
CONT2024004154,IMPORT,NSFT,VC202400265
CONT2024004155,IMPORT,NSFT,VC202400265
CONT2024004156,IMPORT,NSFT,VC202400265
CONT2024004157,IMPORT,NSFT,VC202400265
CONT2024004158,EXPORT,NSFT,VC202400265
CONT2024004159,EXPORT,NSFT,VC202400265
CONT2024004160,IMPORT,NSFT,VC202400265
CONT2024004161,IMPORT,NSFT,VC202400265
CONT2024004162,IMPORT,NSFT,VC202400265
CONT2024004163,IMPORT,NSFT,VC202400265
CONT2024004164,IMPORT,NSFT,VC202400265
CONT2024004165,IMPORT,NSFT,VC202400265
CONT2024004166,EXPORT,NSFT,VC202400265
CONT2024004167,IMPORT,NSFT,VC202400265
CONT2024004168,IMPORT,NSFT,VC202400265
CONT2024004169,EXPORT,NSFT,VC202400266
CONT2024004170,IMPORT,NSFT,VC202400266
CONT2024004171,IMPORT,NSFT,VC202400266
CONT2024004172,IMPORT,NSFT,VC202400266
CONT2024004173,EXPORT,NSFT,VC202400266
CONT2024004174,IMPORT,NSFT,VC202400266
CONT2024004175,EXPORT,NSFT,VC202400266
CONT2024004176,EXPORT,NSFT,VC202400266
CONT2024004177,EXPORT,NSFT,VC202400266
CONT2024004178,EXPORT,NSFT,VC202400266
CONT2024004179,IMPORT,NSFT,VC202400266
CONT2024004180,IMPORT,NSFT,VC202400266
CONT2024004181,IMPORT,NSFT,VC202400266
CONT2024004182,IMPORT,NSFT,VC202400266
CONT2024004183,EXPORT,NSIGT,VC202400267
CONT2024004184,EXPORT,NSIGT,VC202400267
CONT2024004185,EXPORT,NSIGT,VC202400267
CONT2024004186,IMPORT,NSIGT,VC202400267
CONT2024004187,EXPORT,NSIGT,VC202400267
CONT2024004188,EXPORT,NSIGT,VC202400267
CONT2024004189,IMPORT,NSIGT,VC202400267
CONT2024004190,EXPORT,NSIGT,VC202400267
CONT2024004191,IMPORT,NSIGT,VC202400267
CONT2024004192,EXPORT,NSIGT,VC202400267
CONT2024004193,EXPORT,NSIGT,VC202400267
CONT2024004194,IMPORT,NSIGT,VC202400267
CONT2024004195,EXPORT,NSIGT,VC202400267
CONT2024004196,EXPORT,NSIGT,VC202400267
CONT2024004197,IMPORT,NSIGT,VC202400267
CONT2024004198,IMPORT,NSIGT,VC202400267
CONT2024004199,IMPORT,NSIGT,VC202400267
CONT2024004200,IMPORT,NSIGT,VC202400267
CONT2024004201,EXPORT,BMCT,VC202400268
CONT2024004202,IMPORT,BMCT,VC202400268
CONT2024004203,IMPORT,BMCT,VC202400268
CONT2024004204,IMPORT,BMCT,VC202400268
CONT2024004205,IMPORT,BMCT,VC202400268
CONT2024004206,IMPORT,BMCT,VC202400268
CONT2024004207,IMPORT,BMCT,VC202400268
CONT2024004208,EXPORT,BMCT,VC202400268
CONT2024004209,IMPORT,BMCT,VC202400268
CONT2024004210,EXPORT,BMCT,VC202400268
CONT2024004211,IMPORT,BMCT,VC202400268
CONT2024004212,IMPORT,BMCT,VC202400268
CONT2024004213,IMPORT,BMCT,VC202400268
CONT2024004214,IMPORT,BMCT,VC202400268
CONT2024004215,IMPORT,BMCT,VC202400268
CONT2024004216,EXPORT,BMCT,VC202400268
CONT2024004217,IMPORT,BMCT,VC202400268
CONT2024004218,EXPORT,BMCT,VC202400268
CONT2024004219,IMPORT,BMCT,VC202400268
CONT2024004220,EXPORT,BMCT,VC202400268
CONT2024004221,IMPORT,BMCT,VC202400268
CONT2024004222,EXPORT,BMCT,VC202400268
CONT2024004223,IMPORT,NSIGT,VC202400269
CONT2024004224,IMPORT,NSIGT,VC202400269
CONT2024004225,IMPORT,NSIGT,VC202400269
CONT2024004226,EXPORT,NSIGT,VC202400269
CONT2024004227,EXPORT,NSIGT,VC202400269
CONT2024004228,EXPORT,NSIGT,VC202400269
CONT2024004229,IMPORT,NSIGT,VC202400269
CONT2024004230,EXPORT,NSIGT,VC202400269
CONT2024004231,EXPORT,NSIGT,VC202400269
CONT2024004232,EXPORT,NSIGT,VC202400269
CONT2024004233,EXPORT,NSIGT,VC202400269
CONT2024004234,IMPORT,NSIGT,VC202400269
CONT2024004235,EXPORT,NSIGT,VC202400269
CONT2024004236,IMPORT,BMCT,VC202400270
CONT2024004237,EXPORT,BMCT,VC202400270
CONT2024004238,IMPORT,BMCT,VC202400270
CONT2024004239,EXPORT,BMCT,VC202400270
CONT2024004240,IMPORT,BMCT,VC202400270
CONT2024004241,EXPORT,BMCT,VC202400270
CONT2024004242,IMPORT,BMCT,VC202400270
CONT2024004243,IMPORT,BMCT,VC202400270
CONT2024004244,IMPORT,BMCT,VC202400270
CONT2024004245,EXPORT,NSFT,VC202400271
CONT2024004246,IMPORT,NSFT,VC202400271
CONT2024004247,IMPORT,NSFT,VC202400271
CONT2024004248,EXPORT,NSFT,VC202400271
CONT2024004249,IMPORT,NSFT,VC202400271
CONT2024004250,EXPORT,NSFT,VC202400271
CONT2024004251,EXPORT,NSFT,VC202400271
CONT2024004252,EXPORT,NSFT,VC202400271
CONT2024004253,EXPORT,NSFT,VC202400271
CONT2024004254,IMPORT,NSFT,VC202400271
CONT2024004255,EXPORT,NSFT,VC202400271
CONT2024004256,IMPORT,NSFT,VC202400271
CONT2024004257,EXPORT,NSFT,VC202400271
CONT2024004258,IMPORT,NSFT,VC202400271
CONT2024004259,EXPORT,NSFT,VC202400271
CONT2024004260,EXPORT,NSFT,VC202400271
CONT2024004261,IMPORT,NSFT,VC202400271
CONT2024004262,IMPORT,NSFT,VC202400271
CONT2024004263,IMPORT,GTI,VC202400272
CONT2024004264,IMPORT,GTI,VC202400272
CONT2024004265,IMPORT,GTI,VC202400272
CONT2024004266,IMPORT,GTI,VC202400272
CONT2024004267,IMPORT,GTI,VC202400272
CONT2024004268,IMPORT,GTI,VC202400272
CONT2024004269,IMPORT,GTI,VC202400272
CONT2024004270,IMPORT,GTI,VC202400272
CONT2024004271,IMPORT,GTI,VC202400272
CONT2024004272,EXPORT,GTI,VC202400272
CONT2024004273,EXPORT,GTI,VC202400272
CONT2024004274,IMPORT,GTI,VC202400272
CONT2024004275,EXPORT,GTI,VC202400272
CONT2024004276,IMPORT,GTI,VC202400272
CONT2024004277,EXPORT,GTI,VC202400272
CONT2024004278,EXPORT,GTI,VC202400272
CONT2024004279,IMPORT,GTI,VC202400272
CONT2024004280,EXPORT,GTI,VC202400272
CONT2024004281,IMPORT,GTI,VC202400272
CONT2024004282,EXPORT,GTI,VC202400272
CONT2024004283,IMPORT,NSICT,VC202400273
CONT2024004284,EXPORT,NSICT,VC202400273
CONT2024004285,EXPORT,NSICT,VC202400273
CONT2024004286,IMPORT,NSICT,VC202400273
CONT2024004287,IMPORT,NSICT,VC202400273
CONT2024004288,EXPORT,NSICT,VC202400273
CONT2024004289,IMPORT,NSICT,VC202400273
CONT2024004290,IMPORT,NSICT,VC202400273
CONT2024004291,IMPORT,NSICT,VC202400273
CONT2024004292,EXPORT,NSICT,VC202400273
CONT2024004293,EXPORT,BMCT,VC202400274
CONT2024004294,IMPORT,BMCT,VC202400274
CONT2024004295,EXPORT,BMCT,VC202400274
CONT2024004296,IMPORT,BMCT,VC202400274
CONT2024004297,IMPORT,BMCT,VC202400274
CONT2024004298,IMPORT,BMCT,VC202400274
CONT2024004299,EXPORT,BMCT,VC202400274
CONT2024004300,IMPORT,BMCT,VC202400274
CONT2024004301,IMPORT,BMCT,VC202400274
CONT2024004302,IMPORT,BMCT,VC202400274
CONT2024004303,EXPORT,BMCT,VC202400274
CONT2024004304,EXPORT,BMCT,VC202400274
CONT2024004305,EXPORT,BMCT,VC202400274
CONT2024004306,EXPORT,BMCT,VC202400274
CONT2024004307,IMPORT,BMCT,VC202400274
CONT2024004308,EXPORT,BMCT,VC202400274
CONT2024004309,EXPORT,BMCT,VC202400274
CONT2024004310,EXPORT,BMCT,VC202400274
CONT2024004311,IMPORT,BMCT,VC202400274
CONT2024004312,EXPORT,BMCT,VC202400274
CONT2024004313,IMPORT,BMCT,VC202400274
CONT2024004314,IMPORT,BMCT,VC202400274
CONT2024004315,IMPORT,BMCT,VC202400274
CONT2024004316,IMPORT,BMCT,VC202400275
CONT2024004317,EXPORT,BMCT,VC202400275
CONT2024004318,EXPORT,BMCT,VC202400275
CONT2024004319,IMPORT,BMCT,VC202400275
CONT2024004320,IMPORT,BMCT,VC202400275
CONT2024004321,IMPORT,BMCT,VC202400275
CONT2024004322,IMPORT,BMCT,VC202400275
CONT2024004323,IMPORT,BMCT,VC202400275
CONT2024004324,EXPORT,BMCT,VC202400275
CONT2024004325,IMPORT,BMCT,VC202400275
CONT2024004326,EXPORT,BMCT,VC202400275
CONT2024004327,EXPORT,BMCT,VC202400275
CONT2024004328,EXPORT,BMCT,VC202400275
CONT2024004329,EXPORT,BMCT,VC202400275
CONT2024004330,EXPORT,BMCT,VC202400275
CONT2024004331,IMPORT,BMCT,VC202400275
CONT2024004332,IMPORT,BMCT,VC202400275
CONT2024004333,IMPORT,BMCT,VC202400275
CONT2024004334,EXPORT,BMCT,VC202400275
CONT2024004335,IMPORT,BMCT,VC202400275
CONT2024004336,IMPORT,BMCT,VC202400275
CONT2024004337,EXPORT,BMCT,VC202400275
CONT2024004338,IMPORT,BMCT,VC202400275
CONT2024004339,IMPORT,NSFT,VC202400276
CONT2024004340,IMPORT,NSFT,VC202400276
CONT2024004341,IMPORT,NSFT,VC202400276
CONT2024004342,IMPORT,NSFT,VC202400276
CONT2024004343,EXPORT,NSFT,VC202400276
CONT2024004344,IMPORT,NSFT,VC202400276
CONT2024004345,IMPORT,NSFT,VC202400276
CONT2024004346,EXPORT,NSFT,VC202400276
CONT2024004347,IMPORT,NSFT,VC202400276
CONT2024004348,IMPORT,NSFT,VC202400276
CONT2024004349,EXPORT,NSFT,VC202400276
CONT2024004350,IMPORT,NSFT,VC202400276
CONT2024004351,EXPORT,NSFT,VC202400276
CONT2024004352,EXPORT,NSIGT,VC202400277
CONT2024004353,EXPORT,NSIGT,VC202400277
CONT2024004354,EXPORT,NSIGT,VC202400277
CONT2024004355,EXPORT,NSIGT,VC202400277
CONT2024004356,IMPORT,NSIGT,VC202400277
CONT2024004357,EXPORT,NSIGT,VC202400277
CONT2024004358,EXPORT,NSIGT,VC202400277
CONT2024004359,IMPORT,NSIGT,VC202400277
CONT2024004360,EXPORT,NSIGT,VC202400277
CONT2024004361,IMPORT,NSIGT,VC202400277
CONT2024004362,IMPORT,NSIGT,VC202400277
CONT2024004363,EXPORT,NSIGT,VC202400277
CONT2024004364,EXPORT,NSIGT,VC202400277
CONT2024004365,IMPORT,NSIGT,VC202400277
CONT2024004366,EXPORT,NSIGT,VC202400277
CONT2024004367,IMPORT,BMCT,VC202400278
CONT2024004368,EXPORT,BMCT,VC202400278
CONT2024004369,EXPORT,BMCT,VC202400278
CONT2024004370,EXPORT,BMCT,VC202400278
CONT2024004371,EXPORT,BMCT,VC202400278
CONT2024004372,EXPORT,BMCT,VC202400278
CONT2024004373,EXPORT,BMCT,VC202400278
CONT2024004374,EXPORT,BMCT,VC202400278
CONT2024004375,IMPORT,BMCT,VC202400278
CONT2024004376,EXPORT,BMCT,VC202400278
CONT2024004377,IMPORT,BMCT,VC202400278
CONT2024004378,EXPORT,BMCT,VC202400278
CONT2024004379,IMPORT,BMCT,VC202400278
CONT2024004380,EXPORT,BMCT,VC202400278
CONT2024004381,IMPORT,BMCT,VC202400279
CONT2024004382,IMPORT,BMCT,VC202400279
CONT2024004383,EXPORT,BMCT,VC202400279
CONT2024004384,EXPORT,BMCT,VC202400279
CONT2024004385,EXPORT,BMCT,VC202400279
CONT2024004386,EXPORT,BMCT,VC202400279
CONT2024004387,EXPORT,BMCT,VC202400279
CONT2024004388,IMPORT,BMCT,VC202400279
CONT2024004389,IMPORT,BMCT,VC202400279
CONT2024004390,IMPORT,BMCT,VC202400279
CONT2024004391,IMPORT,BMCT,VC202400279
CONT2024004392,EXPORT,BMCT,VC202400279
CONT2024004393,EXPORT,BMCT,VC202400279
CONT2024004394,IMPORT,BMCT,VC202400279
CONT2024004395,IMPORT,BMCT,VC202400279
CONT2024004396,EXPORT,BMCT,VC202400279
CONT2024004397,EXPORT,BMCT,VC202400279
CONT2024004398,EXPORT,BMCT,VC202400279
CONT2024004399,IMPORT,BMCT,VC202400279
CONT2024004400,EXPORT,BMCT,VC202400279
CONT2024004401,EXPORT,BMCT,VC202400279
CONT2024004402,EXPORT,BMCT,VC202400279
CONT2024004403,IMPORT,BMCT,VC202400279
CONT2024004404,EXPORT,BMCT,VC202400279
CONT2024004405,EXPORT,BMCT,VC202400279
CONT2024004406,IMPORT,BMCT,VC202400279
CONT2024004407,IMPORT,BMCT,VC202400279
CONT2024004408,IMPORT,BMCT,VC202400279
CONT2024004409,IMPORT,BMCT,VC202400279
CONT2024004410,EXPORT,BMCT,VC202400279
CONT2024004411,EXPORT,BMCT,VC202400279
CONT2024004412,IMPORT,BMCT,VC202400279
CONT2024004413,IMPORT,NSIGT,VC202400280
CONT2024004414,EXPORT,NSIGT,VC202400280
CONT2024004415,EXPORT,NSIGT,VC202400280
CONT2024004416,IMPORT,NSIGT,VC202400280
CONT2024004417,IMPORT,NSIGT,VC202400280
CONT2024004418,EXPORT,NSIGT,VC202400280
CONT2024004419,EXPORT,NSIGT,VC202400280
CONT2024004420,EXPORT,NSIGT,VC202400280
CONT2024004421,IMPORT,NSIGT,VC202400280
CONT2024004422,EXPORT,NSIGT,VC202400281
CONT2024004423,EXPORT,NSIGT,VC202400281
CONT2024004424,IMPORT,NSIGT,VC202400281
CONT2024004425,EXPORT,NSIGT,VC202400281
CONT2024004426,EXPORT,NSIGT,VC202400281
CONT2024004427,IMPORT,NSIGT,VC202400281
CONT2024004428,IMPORT,NSIGT,VC202400281
CONT2024004429,IMPORT,NSIGT,VC202400281
CONT2024004430,IMPORT,NSIGT,VC202400281
CONT2024004431,IMPORT,NSIGT,VC202400281
CONT2024004432,IMPORT,NSIGT,VC202400282
CONT2024004433,IMPORT,NSIGT,VC202400282
CONT2024004434,EXPORT,NSIGT,VC202400282
CONT2024004435,EXPORT,NSIGT,VC202400282
CONT2024004436,EXPORT,NSIGT,VC202400282
CONT2024004437,IMPORT,NSIGT,VC202400282
CONT2024004438,EXPORT,NSIGT,VC202400282
CONT2024004439,EXPORT,NSIGT,VC202400282
CONT2024004440,IMPORT,NSIGT,VC202400282
CONT2024004441,EXPORT,NSIGT,VC202400282
CONT2024004442,IMPORT,NSIGT,VC202400282
CONT2024004443,IMPORT,NSIGT,VC202400282
CONT2024004444,IMPORT,NSIGT,VC202400282
CONT2024004445,IMPORT,NSIGT,VC202400282
CONT2024004446,IMPORT,NSIGT,VC202400282
CONT2024004447,EXPORT,NSIGT,VC202400282
CONT2024004448,IMPORT,NSIGT,VC202400282
CONT2024004449,EXPORT,BMCT,VC202400283
CONT2024004450,EXPORT,BMCT,VC202400283
CONT2024004451,IMPORT,BMCT,VC202400283
CONT2024004452,EXPORT,BMCT,VC202400283
CONT2024004453,EXPORT,BMCT,VC202400283
CONT2024004454,EXPORT,BMCT,VC202400283
CONT2024004455,EXPORT,BMCT,VC202400283
CONT2024004456,EXPORT,BMCT,VC202400283
CONT2024004457,IMPORT,BMCT,VC202400283
CONT2024004458,EXPORT,BMCT,VC202400283
CONT2024004459,EXPORT,BMCT,VC202400283
CONT2024004460,EXPORT,BMCT,VC202400283
CONT2024004461,IMPORT,BMCT,VC202400283
CONT2024004462,EXPORT,BMCT,VC202400283
CONT2024004463,EXPORT,BMCT,VC202400283
CONT2024004464,EXPORT,BMCT,VC202400283
CONT2024004465,EXPORT,BMCT,VC202400283
CONT2024004466,EXPORT,BMCT,VC202400283
CONT2024004467,EXPORT,BMCT,VC202400283
CONT2024004468,EXPORT,BMCT,VC202400283
CONT2024004469,EXPORT,BMCT,VC202400283
CONT2024004470,EXPORT,NSIGT,VC202400284
CONT2024004471,IMPORT,NSIGT,VC202400284
CONT2024004472,IMPORT,NSIGT,VC202400284
CONT2024004473,IMPORT,NSIGT,VC202400284
CONT2024004474,IMPORT,NSIGT,VC202400284
CONT2024004475,IMPORT,NSIGT,VC202400284
CONT2024004476,EXPORT,NSIGT,VC202400284
CONT2024004477,IMPORT,NSIGT,VC202400284
CONT2024004478,IMPORT,NSIGT,VC202400284
CONT2024004479,IMPORT,BMCT,VC202400285
CONT2024004480,IMPORT,BMCT,VC202400285
CONT2024004481,EXPORT,BMCT,VC202400285
CONT2024004482,EXPORT,BMCT,VC202400285
CONT2024004483,IMPORT,BMCT,VC202400285
CONT2024004484,IMPORT,BMCT,VC202400285
CONT2024004485,IMPORT,BMCT,VC202400285
CONT2024004486,EXPORT,BMCT,VC202400285
CONT2024004487,EXPORT,BMCT,VC202400285
CONT2024004488,IMPORT,BMCT,VC202400285
CONT2024004489,IMPORT,BMCT,VC202400285
CONT2024004490,IMPORT,BMCT,VC202400285
CONT2024004491,IMPORT,BMCT,VC202400285
CONT2024004492,EXPORT,BMCT,VC202400285
CONT2024004493,IMPORT,NSICT,VC202400286
CONT2024004494,IMPORT,NSICT,VC202400286
CONT2024004495,IMPORT,NSICT,VC202400286
CONT2024004496,EXPORT,NSICT,VC202400286
CONT2024004497,IMPORT,NSICT,VC202400286
CONT2024004498,EXPORT,NSICT,VC202400286
CONT2024004499,IMPORT,NSICT,VC202400286
CONT2024004500,IMPORT,NSICT,VC202400286
CONT2024004501,IMPORT,NSICT,VC202400286
CONT2024004502,IMPORT,NSICT,VC202400286
CONT2024004503,EXPORT,NSICT,VC202400286
CONT2024004504,EXPORT,NSICT,VC202400286
CONT2024004505,EXPORT,NSICT,VC202400286
CONT2024004506,IMPORT,NSICT,VC202400286
CONT2024004507,IMPORT,NSICT,VC202400286
CONT2024004508,IMPORT,NSICT,VC202400286
CONT2024004509,EXPORT,NSICT,VC202400286
CONT2024004510,EXPORT,NSICT,VC202400286
CONT2024004511,EXPORT,NSICT,VC202400286
CONT2024004512,EXPORT,NSICT,VC202400286
CONT2024004513,EXPORT,NSICT,VC202400286
CONT2024004514,EXPORT,NSICT,VC202400286
CONT2024004515,IMPORT,NSICT,VC202400286
CONT2024004516,IMPORT,NSICT,VC202400286
CONT2024004517,IMPORT,NSICT,VC202400286
CONT2024004518,EXPORT,NSICT,VC202400286
CONT2024004519,EXPORT,NSICT,VC202400286
CONT2024004520,EXPORT,NSICT,VC202400286
CONT2024004521,IMPORT,NSIGT,VC202400287
CONT2024004522,IMPORT,NSIGT,VC202400287
CONT2024004523,IMPORT,NSIGT,VC202400287
CONT2024004524,IMPORT,NSIGT,VC202400287
CONT2024004525,IMPORT,NSIGT,VC202400287
CONT2024004526,EXPORT,NSIGT,VC202400287
CONT2024004527,EXPORT,NSIGT,VC202400287
CONT2024004528,EXPORT,NSIGT,VC202400287
CONT2024004529,IMPORT,NSIGT,VC202400287
CONT2024004530,IMPORT,NSIGT,VC202400287
CONT2024004531,EXPORT,GTI,VC202400288
CONT2024004532,EXPORT,GTI,VC202400288
CONT2024004533,IMPORT,GTI,VC202400288
CONT2024004534,EXPORT,GTI,VC202400288
CONT2024004535,IMPORT,GTI,VC202400288
CONT2024004536,EXPORT,GTI,VC202400288
CONT2024004537,EXPORT,GTI,VC202400288
CONT2024004538,IMPORT,GTI,VC202400288
CONT2024004539,IMPORT,GTI,VC202400288
CONT2024004540,EXPORT,GTI,VC202400288
CONT2024004541,IMPORT,GTI,VC202400288
CONT2024004542,IMPORT,GTI,VC202400288
CONT2024004543,IMPORT,GTI,VC202400288
CONT2024004544,EXPORT,NSFT,VC202400289
CONT2024004545,EXPORT,NSFT,VC202400289
CONT2024004546,IMPORT,NSFT,VC202400289
CONT2024004547,IMPORT,NSFT,VC202400289
CONT2024004548,EXPORT,NSFT,VC202400289
CONT2024004549,EXPORT,NSFT,VC202400289
CONT2024004550,IMPORT,NSFT,VC202400289
CONT2024004551,EXPORT,NSFT,VC202400289
CONT2024004552,IMPORT,NSFT,VC202400289
CONT2024004553,IMPORT,NSFT,VC202400289
CONT2024004554,IMPORT,NSFT,VC202400289
CONT2024004555,EXPORT,NSFT,VC202400289
CONT2024004556,IMPORT,NSFT,VC202400289
CONT2024004557,IMPORT,NSFT,VC202400289
CONT2024004558,IMPORT,NSFT,VC202400289
CONT2024004559,IMPORT,NSFT,VC202400289
CONT2024004560,EXPORT,NSFT,VC202400289
CONT2024004561,IMPORT,NSFT,VC202400289
CONT2024004562,EXPORT,GTI,VC202400290
CONT2024004563,EXPORT,GTI,VC202400290
CONT2024004564,EXPORT,GTI,VC202400290
CONT2024004565,IMPORT,GTI,VC202400290
CONT2024004566,EXPORT,GTI,VC202400290
CONT2024004567,IMPORT,GTI,VC202400290
CONT2024004568,EXPORT,GTI,VC202400290
CONT2024004569,IMPORT,GTI,VC202400290
CONT2024004570,IMPORT,GTI,VC202400290
CONT2024004571,IMPORT,GTI,VC202400290
CONT2024004572,EXPORT,GTI,VC202400290
CONT2024004573,EXPORT,GTI,VC202400290
CONT2024004574,EXPORT,GTI,VC202400291
CONT2024004575,EXPORT,GTI,VC202400291
CONT2024004576,EXPORT,GTI,VC202400291
CONT2024004577,EXPORT,GTI,VC202400291
CONT2024004578,IMPORT,GTI,VC202400291
CONT2024004579,IMPORT,GTI,VC202400291
CONT2024004580,IMPORT,GTI,VC202400291
CONT2024004581,IMPORT,GTI,VC202400291
CONT2024004582,EXPORT,GTI,VC202400291
CONT2024004583,EXPORT,GTI,VC202400291
CONT2024004584,EXPORT,GTI,VC202400291
CONT2024004585,EXPORT,GTI,VC202400291
CONT2024004586,EXPORT,GTI,VC202400291
CONT2024004587,EXPORT,GTI,VC202400291
CONT2024004588,EXPORT,GTI,VC202400291
CONT2024004589,IMPORT,GTI,VC202400291
CONT2024004590,IMPORT,GTI,VC202400291
CONT2024004591,IMPORT,GTI,VC202400291
CONT2024004592,IMPORT,GTI,VC202400291
CONT2024004593,IMPORT,GTI,VC202400291
CONT2024004594,IMPORT,GTI,VC202400291
CONT2024004595,IMPORT,GTI,VC202400291
CONT2024004596,IMPORT,GTI,VC202400291
CONT2024004597,IMPORT,NSICT,VC202400292
CONT2024004598,EXPORT,NSICT,VC202400292
CONT2024004599,EXPORT,NSICT,VC202400292
CONT2024004600,IMPORT,NSICT,VC202400292
CONT2024004601,EXPORT,NSICT,VC202400292
CONT2024004602,IMPORT,NSICT,VC202400292
CONT2024004603,EXPORT,NSICT,VC202400292
CONT2024004604,EXPORT,NSICT,VC202400292
CONT2024004605,EXPORT,NSICT,VC202400292
CONT2024004606,EXPORT,NSICT,VC202400292
CONT2024004607,IMPORT,NSICT,VC202400292
CONT2024004608,EXPORT,NSICT,VC202400292
CONT2024004609,IMPORT,NSICT,VC202400292
CONT2024004610,IMPORT,NSICT,VC202400292
CONT2024004611,EXPORT,NSICT,VC202400292
CONT2024004612,IMPORT,NSICT,VC202400292
CONT2024004613,IMPORT,NSICT,VC202400292
CONT2024004614,IMPORT,NSICT,VC202400292
CONT2024004615,IMPORT,NSICT,VC202400292
CONT2024004616,EXPORT,GTI,VC202400293
CONT2024004617,IMPORT,GTI,VC202400293
CONT2024004618,EXPORT,GTI,VC202400293
CONT2024004619,IMPORT,GTI,VC202400293
CONT2024004620,EXPORT,GTI,VC202400293
CONT2024004621,EXPORT,GTI,VC202400293
CONT2024004622,IMPORT,GTI,VC202400293
CONT2024004623,IMPORT,GTI,VC202400293
CONT2024004624,EXPORT,GTI,VC202400293
CONT2024004625,EXPORT,GTI,VC202400293
CONT2024004626,EXPORT,GTI,VC202400293
CONT2024004627,EXPORT,GTI,VC202400293
CONT2024004628,EXPORT,GTI,VC202400293
CONT2024004629,EXPORT,GTI,VC202400293
CONT2024004630,IMPORT,GTI,VC202400293
CONT2024004631,IMPORT,GTI,VC202400293
CONT2024004632,EXPORT,GTI,VC202400294
CONT2024004633,IMPORT,GTI,VC202400294
CONT2024004634,EXPORT,GTI,VC202400294
CONT2024004635,IMPORT,GTI,VC202400294
CONT2024004636,IMPORT,GTI,VC202400294
CONT2024004637,IMPORT,GTI,VC202400294
CONT2024004638,EXPORT,GTI,VC202400294
CONT2024004639,EXPORT,GTI,VC202400294
CONT2024004640,EXPORT,GTI,VC202400294
CONT2024004641,IMPORT,NSFT,VC202400295
CONT2024004642,EXPORT,NSFT,VC202400295
CONT2024004643,EXPORT,NSFT,VC202400295
CONT2024004644,IMPORT,NSFT,VC202400295
CONT2024004645,IMPORT,NSFT,VC202400295
CONT2024004646,EXPORT,NSFT,VC202400295
CONT2024004647,EXPORT,NSFT,VC202400295
CONT2024004648,IMPORT,NSFT,VC202400295
CONT2024004649,EXPORT,NSFT,VC202400295
CONT2024004650,EXPORT,NSFT,VC202400295
CONT2024004651,EXPORT,NSFT,VC202400295
CONT2024004652,EXPORT,NSFT,VC202400295
CONT2024004653,IMPORT,BMCT,VC202400296
CONT2024004654,EXPORT,BMCT,VC202400296
CONT2024004655,IMPORT,BMCT,VC202400296
CONT2024004656,EXPORT,BMCT,VC202400296
CONT2024004657,IMPORT,BMCT,VC202400296
CONT2024004658,EXPORT,BMCT,VC202400296
CONT2024004659,IMPORT,BMCT,VC202400296
CONT2024004660,IMPORT,NSIGT,VC202400297
CONT2024004661,EXPORT,NSIGT,VC202400297
CONT2024004662,IMPORT,NSIGT,VC202400297
CONT2024004663,IMPORT,NSIGT,VC202400297
CONT2024004664,EXPORT,NSIGT,VC202400297
CONT2024004665,EXPORT,NSIGT,VC202400297
CONT2024004666,EXPORT,NSIGT,VC202400297
CONT2024004667,EXPORT,NSIGT,VC202400297
CONT2024004668,IMPORT,NSIGT,VC202400297
CONT2024004669,EXPORT,NSIGT,VC202400297
CONT2024004670,IMPORT,GTI,VC202400298
CONT2024004671,EXPORT,GTI,VC202400298
CONT2024004672,IMPORT,GTI,VC202400298
CONT2024004673,IMPORT,GTI,VC202400298
CONT2024004674,IMPORT,GTI,VC202400298
CONT2024004675,IMPORT,GTI,VC202400298
CONT2024004676,EXPORT,GTI,VC202400298
CONT2024004677,EXPORT,GTI,VC202400298
CONT2024004678,EXPORT,GTI,VC202400298
CONT2024004679,IMPORT,GTI,VC202400298
CONT2024004680,EXPORT,GTI,VC202400298
CONT2024004681,IMPORT,NSFT,VC202400299
CONT2024004682,IMPORT,NSFT,VC202400299
CONT2024004683,IMPORT,NSFT,VC202400299
CONT2024004684,EXPORT,NSFT,VC202400299
CONT2024004685,IMPORT,NSFT,VC202400299
CONT2024004686,IMPORT,NSFT,VC202400299
CONT2024004687,EXPORT,NSICT,VC202400300
CONT2024004688,IMPORT,NSICT,VC202400300
CONT2024004689,EXPORT,NSICT,VC202400300
CONT2024004690,IMPORT,NSICT,VC202400300
CONT2024004691,IMPORT,NSICT,VC202400300
CONT2024004692,IMPORT,NSICT,VC202400300
CONT2024004693,IMPORT,NSICT,VC202400300
CONT2024004694,IMPORT,NSICT,VC202400300
CONT2024004695,EXPORT,NSICT,VC202400300
CONT2024004696,EXPORT,NSICT,VC202400300
CONT2024004697,EXPORT,NSICT,VC202400300
CONT2024004698,IMPORT,NSICT,VC202400300
CONT2024004699,IMPORT,NSICT,VC202400300
CONT2024004700,IMPORT,NSICT,VC202400300
CONT2024004701,IMPORT,NSICT,VC202400300
CONT2024004702,EXPORT,NSICT,VC202400300
CONT2024004703,EXPORT,NSICT,VC202400300
CONT2024004704,EXPORT,NSICT,VC202400300
CONT2024004705,IMPORT,NSICT,VC202400300
CONT2024004706,IMPORT,NSICT,VC202400300
CONT2024004707,IMPORT,NSICT,VC202400300
CONT2024004708,IMPORT,NSICT,VC202400300
CONT2024004709,IMPORT,NSICT,VC202400300
CONT2024004710,IMPORT,NSICT,VC202400300
CONT2024004711,EXPORT,NSICT,VC202400300
CONT2024004712,IMPORT,NSIGT,VC202400301
CONT2024004713,EXPORT,NSIGT,VC202400301
CONT2024004714,IMPORT,NSIGT,VC202400301
CONT2024004715,EXPORT,NSIGT,VC202400301
CONT2024004716,EXPORT,NSIGT,VC202400301
CONT2024004717,EXPORT,NSIGT,VC202400301
CONT2024004718,IMPORT,NSIGT,VC202400301
CONT2024004719,IMPORT,NSIGT,VC202400301
CONT2024004720,EXPORT,NSIGT,VC202400301
CONT2024004721,IMPORT,NSIGT,VC202400301
CONT2024004722,EXPORT,NSICT,VC202400302
CONT2024004723,EXPORT,NSICT,VC202400302
CONT2024004724,IMPORT,NSICT,VC202400302
CONT2024004725,IMPORT,NSICT,VC202400302
CONT2024004726,IMPORT,NSICT,VC202400302
CONT2024004727,IMPORT,NSICT,VC202400302
CONT2024004728,EXPORT,NSICT,VC202400302
CONT2024004729,IMPORT,NSICT,VC202400302
CONT2024004730,IMPORT,NSICT,VC202400302
CONT2024004731,IMPORT,NSICT,VC202400303
CONT2024004732,IMPORT,NSICT,VC202400303
CONT2024004733,EXPORT,NSICT,VC202400303
CONT2024004734,EXPORT,NSICT,VC202400303
CONT2024004735,EXPORT,NSICT,VC202400303
CONT2024004736,EXPORT,NSICT,VC202400303
CONT2024004737,EXPORT,NSICT,VC202400303
CONT2024004738,IMPORT,NSICT,VC202400303
CONT2024004739,IMPORT,NSICT,VC202400303
CONT2024004740,EXPORT,NSICT,VC202400303
CONT2024004741,IMPORT,NSICT,VC202400303
CONT2024004742,IMPORT,NSIGT,VC202400304
CONT2024004743,IMPORT,NSIGT,VC202400304
CONT2024004744,IMPORT,NSIGT,VC202400304
CONT2024004745,EXPORT,NSIGT,VC202400304
CONT2024004746,EXPORT,NSIGT,VC202400304
CONT2024004747,IMPORT,NSIGT,VC202400304
CONT2024004748,IMPORT,NSIGT,VC202400304
CONT2024004749,IMPORT,NSIGT,VC202400304
CONT2024004750,EXPORT,NSIGT,VC202400304
CONT2024004751,IMPORT,NSIGT,VC202400304
CONT2024004752,IMPORT,NSIGT,VC202400304
CONT2024004753,IMPORT,NSIGT,VC202400304
CONT2024004754,EXPORT,NSIGT,VC202400304
CONT2024004755,IMPORT,NSIGT,VC202400304
CONT2024004756,EXPORT,NSIGT,VC202400304
CONT2024004757,IMPORT,NSIGT,VC202400304
CONT2024004758,EXPORT,NSIGT,VC202400304
CONT2024004759,IMPORT,NSIGT,VC202400304
CONT2024004760,EXPORT,GTI,VC202400305
CONT2024004761,EXPORT,GTI,VC202400305
CONT2024004762,EXPORT,GTI,VC202400305
CONT2024004763,EXPORT,GTI,VC202400305
CONT2024004764,IMPORT,GTI,VC202400305
CONT2024004765,IMPORT,GTI,VC202400305
CONT2024004766,IMPORT,NSIGT,VC202400306
CONT2024004767,EXPORT,NSIGT,VC202400306
CONT2024004768,IMPORT,NSIGT,VC202400306
CONT2024004769,IMPORT,NSIGT,VC202400306
CONT2024004770,IMPORT,NSIGT,VC202400306
CONT2024004771,IMPORT,NSIGT,VC202400306
CONT2024004772,IMPORT,NSIGT,VC202400306
CONT2024004773,IMPORT,NSIGT,VC202400306
CONT2024004774,IMPORT,NSIGT,VC202400306
CONT2024004775,EXPORT,NSIGT,VC202400306
CONT2024004776,EXPORT,NSIGT,VC202400306
CONT2024004777,IMPORT,NSIGT,VC202400306
CONT2024004778,IMPORT,NSIGT,VC202400306
CONT2024004779,IMPORT,NSIGT,VC202400306
CONT2024004780,IMPORT,NSIGT,VC202400306
CONT2024004781,IMPORT,NSIGT,VC202400306
CONT2024004782,IMPORT,NSIGT,VC202400306
CONT2024004783,EXPORT,BMCT,VC202400307
CONT2024004784,IMPORT,BMCT,VC202400307
CONT2024004785,EXPORT,BMCT,VC202400307
CONT2024004786,EXPORT,BMCT,VC202400307
CONT2024004787,EXPORT,BMCT,VC202400307
CONT2024004788,EXPORT,BMCT,VC202400307
CONT2024004789,IMPORT,BMCT,VC202400307
CONT2024004790,EXPORT,BMCT,VC202400307
CONT2024004791,EXPORT,BMCT,VC202400307
CONT2024004792,IMPORT,BMCT,VC202400307
CONT2024004793,EXPORT,BMCT,VC202400307
CONT2024004794,IMPORT,BMCT,VC202400307
CONT2024004795,EXPORT,BMCT,VC202400307
CONT2024004796,EXPORT,BMCT,VC202400307
CONT2024004797,IMPORT,GTI,VC202400308
CONT2024004798,IMPORT,GTI,VC202400308
CONT2024004799,EXPORT,GTI,VC202400308
CONT2024004800,EXPORT,GTI,VC202400308
CONT2024004801,IMPORT,GTI,VC202400308
CONT2024004802,IMPORT,GTI,VC202400308
CONT2024004803,EXPORT,GTI,VC202400308
CONT2024004804,EXPORT,GTI,VC202400308
CONT2024004805,EXPORT,GTI,VC202400308
CONT2024004806,EXPORT,GTI,VC202400308
CONT2024004807,IMPORT,GTI,VC202400308
CONT2024004808,EXPORT,GTI,VC202400308
CONT2024004809,EXPORT,GTI,VC202400308
CONT2024004810,EXPORT,GTI,VC202400308
CONT2024004811,EXPORT,GTI,VC202400308
CONT2024004812,IMPORT,GTI,VC202400308
CONT2024004813,EXPORT,GTI,VC202400308
CONT2024004814,IMPORT,GTI,VC202400308
CONT2024004815,IMPORT,GTI,VC202400308
CONT2024004816,EXPORT,GTI,VC202400308
CONT2024004817,EXPORT,BMCT,VC202400309
CONT2024004818,IMPORT,BMCT,VC202400309
CONT2024004819,EXPORT,BMCT,VC202400309
CONT2024004820,EXPORT,BMCT,VC202400309
CONT2024004821,EXPORT,BMCT,VC202400309
CONT2024004822,EXPORT,BMCT,VC202400309
CONT2024004823,IMPORT,BMCT,VC202400309
CONT2024004824,IMPORT,BMCT,VC202400309
CONT2024004825,IMPORT,BMCT,VC202400309
CONT2024004826,IMPORT,BMCT,VC202400309
CONT2024004827,IMPORT,BMCT,VC202400309
CONT2024004828,IMPORT,BMCT,VC202400309
CONT2024004829,IMPORT,BMCT,VC202400309
CONT2024004830,EXPORT,BMCT,VC202400309
CONT2024004831,EXPORT,BMCT,VC202400309
CONT2024004832,EXPORT,BMCT,VC202400309
CONT2024004833,IMPORT,BMCT,VC202400309
CONT2024004834,IMPORT,BMCT,VC202400309
CONT2024004835,IMPORT,BMCT,VC202400309
CONT2024004836,EXPORT,BMCT,VC202400309
CONT2024004837,IMPORT,BMCT,VC202400309
CONT2024004838,EXPORT,BMCT,VC202400309
CONT2024004839,IMPORT,BMCT,VC202400309
CONT2024004840,EXPORT,BMCT,VC202400309
CONT2024004841,EXPORT,BMCT,VC202400309
CONT2024004842,EXPORT,BMCT,VC202400309
CONT2024004843,IMPORT,BMCT,VC202400309
CONT2024004844,EXPORT,BMCT,VC202400309
CONT2024004845,IMPORT,BMCT,VC202400309
CONT2024004846,EXPORT,BMCT,VC202400309
CONT2024004847,EXPORT,BMCT,VC202400309
CONT2024004848,EXPORT,GTI,VC202400310
CONT2024004849,IMPORT,GTI,VC202400310
CONT2024004850,EXPORT,GTI,VC202400310
CONT2024004851,IMPORT,GTI,VC202400310
CONT2024004852,EXPORT,GTI,VC202400310
CONT2024004853,IMPORT,GTI,VC202400310
CONT2024004854,IMPORT,GTI,VC202400310
CONT2024004855,EXPORT,GTI,VC202400310
CONT2024004856,EXPORT,GTI,VC202400310
CONT2024004857,IMPORT,GTI,VC202400310
CONT2024004858,EXPORT,GTI,VC202400310
CONT2024004859,EXPORT,GTI,VC202400310
CONT2024004860,IMPORT,GTI,VC202400310
CONT2024004861,EXPORT,GTI,VC202400310
CONT2024004862,EXPORT,GTI,VC202400310
CONT2024004863,EXPORT,GTI,VC202400310
CONT2024004864,EXPORT,GTI,VC202400310
CONT2024004865,IMPORT,GTI,VC202400310
CONT2024004866,EXPORT,GTI,VC202400310
CONT2024004867,IMPORT,GTI,VC202400310
CONT2024004868,IMPORT,GTI,VC202400310
CONT2024004869,EXPORT,GTI,VC202400310
CONT2024004870,IMPORT,GTI,VC202400310
CONT2024004871,IMPORT,GTI,VC202400310
CONT2024004872,IMPORT,GTI,VC202400310
CONT2024004873,EXPORT,GTI,VC202400310
CONT2024004874,IMPORT,GTI,VC202400310
CONT2024004875,EXPORT,GTI,VC202400310
CONT2024004876,EXPORT,NSIGT,VC202400311
CONT2024004877,EXPORT,NSIGT,VC202400311
CONT2024004878,EXPORT,NSIGT,VC202400311
CONT2024004879,EXPORT,NSIGT,VC202400311
CONT2024004880,IMPORT,NSIGT,VC202400311
CONT2024004881,EXPORT,NSIGT,VC202400311
CONT2024004882,EXPORT,NSIGT,VC202400311
CONT2024004883,EXPORT,GTI,VC202400312
CONT2024004884,IMPORT,GTI,VC202400312
CONT2024004885,IMPORT,GTI,VC202400312
CONT2024004886,EXPORT,GTI,VC202400312
CONT2024004887,EXPORT,GTI,VC202400312
CONT2024004888,EXPORT,GTI,VC202400312
CONT2024004889,IMPORT,GTI,VC202400312
CONT2024004890,EXPORT,GTI,VC202400312
CONT2024004891,IMPORT,GTI,VC202400312
CONT2024004892,IMPORT,BMCT,VC202400313
CONT2024004893,IMPORT,BMCT,VC202400313
CONT2024004894,EXPORT,BMCT,VC202400313
CONT2024004895,IMPORT,BMCT,VC202400313
CONT2024004896,EXPORT,BMCT,VC202400313
CONT2024004897,EXPORT,BMCT,VC202400313
CONT2024004898,IMPORT,BMCT,VC202400313
CONT2024004899,EXPORT,BMCT,VC202400313
CONT2024004900,IMPORT,BMCT,VC202400313
CONT2024004901,EXPORT,BMCT,VC202400313
CONT2024004902,EXPORT,BMCT,VC202400313
CONT2024004903,IMPORT,BMCT,VC202400313
CONT2024004904,EXPORT,BMCT,VC202400313
CONT2024004905,EXPORT,BMCT,VC202400313
CONT2024004906,EXPORT,BMCT,VC202400313
CONT2024004907,EXPORT,BMCT,VC202400313
CONT2024004908,EXPORT,BMCT,VC202400313
CONT2024004909,EXPORT,BMCT,VC202400313
CONT2024004910,EXPORT,BMCT,VC202400313
CONT2024004911,EXPORT,BMCT,VC202400313
CONT2024004912,IMPORT,BMCT,VC202400313
CONT2024004913,EXPORT,BMCT,VC202400313
CONT2024004914,EXPORT,BMCT,VC202400313
CONT2024004915,IMPORT,BMCT,VC202400313
CONT2024004916,EXPORT,BMCT,VC202400313
CONT2024004917,EXPORT,BMCT,VC202400314
CONT2024004918,IMPORT,BMCT,VC202400314
CONT2024004919,IMPORT,BMCT,VC202400314
CONT2024004920,IMPORT,BMCT,VC202400314
CONT2024004921,IMPORT,BMCT,VC202400314
CONT2024004922,EXPORT,BMCT,VC202400314
CONT2024004923,EXPORT,BMCT,VC202400314
CONT2024004924,EXPORT,BMCT,VC202400314
CONT2024004925,IMPORT,BMCT,VC202400314
CONT2024004926,IMPORT,BMCT,VC202400314
CONT2024004927,IMPORT,BMCT,VC202400314
CONT2024004928,IMPORT,BMCT,VC202400314
CONT2024004929,EXPORT,BMCT,VC202400314
CONT2024004930,IMPORT,BMCT,VC202400314
CONT2024004931,IMPORT,BMCT,VC202400314
CONT2024004932,IMPORT,NSIGT,VC202400315
CONT2024004933,EXPORT,NSIGT,VC202400315
CONT2024004934,IMPORT,NSIGT,VC202400315
CONT2024004935,EXPORT,NSIGT,VC202400315
CONT2024004936,IMPORT,NSIGT,VC202400315
CONT2024004937,EXPORT,NSIGT,VC202400315
CONT2024004938,IMPORT,NSIGT,VC202400315
CONT2024004939,EXPORT,NSIGT,VC202400315
CONT2024004940,EXPORT,NSIGT,VC202400315
CONT2024004941,IMPORT,NSIGT,VC202400315
CONT2024004942,EXPORT,NSIGT,VC202400315
CONT2024004943,EXPORT,NSIGT,VC202400315
CONT2024004944,IMPORT,NSIGT,VC202400315
CONT2024004945,IMPORT,NSIGT,VC202400315
CONT2024004946,IMPORT,NSIGT,VC202400315
CONT2024004947,EXPORT,NSIGT,VC202400315
CONT2024004948,EXPORT,NSIGT,VC202400315
CONT2024004949,IMPORT,NSIGT,VC202400315
CONT2024004950,IMPORT,NSIGT,VC202400315
CONT2024004951,IMPORT,NSIGT,VC202400315
CONT2024004952,IMPORT,NSIGT,VC202400315
CONT2024004953,IMPORT,NSIGT,VC202400315
CONT2024004954,EXPORT,NSIGT,VC202400315
CONT2024004955,EXPORT,GTI,VC202400316
CONT2024004956,EXPORT,GTI,VC202400316
CONT2024004957,IMPORT,GTI,VC202400316
CONT2024004958,IMPORT,GTI,VC202400316
CONT2024004959,IMPORT,GTI,VC202400316
CONT2024004960,EXPORT,GTI,VC202400316
CONT2024004961,IMPORT,GTI,VC202400316
CONT2024004962,IMPORT,GTI,VC202400316
CONT2024004963,IMPORT,GTI,VC202400316
CONT2024004964,EXPORT,GTI,VC202400316
CONT2024004965,EXPORT,GTI,VC202400316
CONT2024004966,IMPORT,GTI,VC202400316
CONT2024004967,EXPORT,GTI,VC202400316
CONT2024004968,IMPORT,BMCT,VC202400317
CONT2024004969,EXPORT,BMCT,VC202400317
CONT2024004970,EXPORT,BMCT,VC202400317
CONT2024004971,EXPORT,BMCT,VC202400317
CONT2024004972,IMPORT,BMCT,VC202400317
CONT2024004973,IMPORT,BMCT,VC202400317
CONT2024004974,IMPORT,GTI,VC202400318
CONT2024004975,IMPORT,GTI,VC202400318
CONT2024004976,IMPORT,GTI,VC202400318
CONT2024004977,IMPORT,GTI,VC202400318
CONT2024004978,IMPORT,GTI,VC202400318
CONT2024004979,EXPORT,GTI,VC202400318
CONT2024004980,IMPORT,GTI,VC202400318
CONT2024004981,EXPORT,GTI,VC202400318
CONT2024004982,EXPORT,GTI,VC202400318
CONT2024004983,EXPORT,GTI,VC202400318
CONT2024004984,EXPORT,GTI,VC202400318
CONT2024004985,EXPORT,GTI,VC202400319
CONT2024004986,EXPORT,GTI,VC202400319
CONT2024004987,IMPORT,GTI,VC202400319
CONT2024004988,EXPORT,GTI,VC202400319
CONT2024004989,EXPORT,GTI,VC202400319
CONT2024004990,EXPORT,GTI,VC202400319
CONT2024004991,IMPORT,GTI,VC202400319
CONT2024004992,EXPORT,GTI,VC202400319
CONT2024004993,IMPORT,GTI,VC202400319
CONT2024004994,EXPORT,GTI,VC202400319
CONT2024004995,EXPORT,GTI,VC202400319
CONT2024004996,EXPORT,GTI,VC202400319
CONT2024004997,EXPORT,GTI,VC202400319
CONT2024004998,IMPORT,GTI,VC202400319
CONT2024004999,EXPORT,GTI,VC202400319
CONT2024005000,IMPORT,GTI,VC202400319
CONT2024005001,IMPORT,GTI,VC202400319
CONT2024005002,IMPORT,GTI,VC202400319
CONT2024005003,EXPORT,GTI,VC202400319
CONT2024005004,EXPORT,GTI,VC202400319
CONT2024005005,EXPORT,GTI,VC202400319
CONT2024005006,EXPORT,GTI,VC202400319
CONT2024005007,IMPORT,GTI,VC202400319
CONT2024005008,IMPORT,NSICT,VC202400320
CONT2024005009,IMPORT,NSICT,VC202400320
CONT2024005010,EXPORT,NSICT,VC202400320
CONT2024005011,EXPORT,NSICT,VC202400320
CONT2024005012,IMPORT,NSICT,VC202400320
CONT2024005013,IMPORT,NSICT,VC202400320
CONT2024005014,IMPORT,NSICT,VC202400320
CONT2024005015,IMPORT,NSICT,VC202400320
CONT2024005016,EXPORT,NSICT,VC202400320
CONT2024005017,IMPORT,NSICT,VC202400320
CONT2024005018,IMPORT,NSICT,VC202400320
CONT2024005019,EXPORT,NSICT,VC202400320
CONT2024005020,IMPORT,NSICT,VC202400320
CONT2024005021,IMPORT,NSICT,VC202400320
CONT2024005022,EXPORT,NSICT,VC202400320
CONT2024005023,EXPORT,NSICT,VC202400320
CONT2024005024,IMPORT,NSICT,VC202400320
CONT2024005025,IMPORT,NSICT,VC202400320
CONT2024005026,IMPORT,NSICT,VC202400320
CONT2024005027,EXPORT,NSICT,VC202400320
CONT2024005028,EXPORT,NSICT,VC202400320
CONT2024005029,IMPORT,NSICT,VC202400320
CONT2024005030,IMPORT,NSICT,VC202400320
CONT2024005031,IMPORT,NSICT,VC202400320
CONT2024005032,IMPORT,NSICT,VC202400320
CONT2024005033,IMPORT,NSICT,VC202400320
CONT2024005034,EXPORT,NSICT,VC202400320
CONT2024005035,IMPORT,BMCT,VC202400321
CONT2024005036,EXPORT,BMCT,VC202400321
CONT2024005037,EXPORT,BMCT,VC202400321
CONT2024005038,IMPORT,BMCT,VC202400321
CONT2024005039,IMPORT,BMCT,VC202400321
CONT2024005040,IMPORT,BMCT,VC202400321
CONT2024005041,EXPORT,BMCT,VC202400321
CONT2024005042,IMPORT,BMCT,VC202400321
CONT2024005043,IMPORT,BMCT,VC202400321
CONT2024005044,EXPORT,BMCT,VC202400321
CONT2024005045,EXPORT,BMCT,VC202400321
CONT2024005046,EXPORT,BMCT,VC202400321
CONT2024005047,IMPORT,BMCT,VC202400321
CONT2024005048,IMPORT,BMCT,VC202400321
CONT2024005049,IMPORT,BMCT,VC202400321
CONT2024005050,EXPORT,BMCT,VC202400321
CONT2024005051,IMPORT,BMCT,VC202400321
CONT2024005052,EXPORT,GTI,VC202400322
CONT2024005053,EXPORT,GTI,VC202400322
CONT2024005054,IMPORT,GTI,VC202400322
CONT2024005055,EXPORT,GTI,VC202400322
CONT2024005056,IMPORT,GTI,VC202400322
CONT2024005057,IMPORT,GTI,VC202400322
CONT2024005058,EXPORT,GTI,VC202400322
CONT2024005059,EXPORT,GTI,VC202400322
CONT2024005060,IMPORT,GTI,VC202400322
CONT2024005061,EXPORT,NSFT,VC202400323
CONT2024005062,IMPORT,NSFT,VC202400323
CONT2024005063,EXPORT,NSFT,VC202400323
CONT2024005064,IMPORT,NSFT,VC202400323
CONT2024005065,EXPORT,NSFT,VC202400323
CONT2024005066,IMPORT,NSFT,VC202400323
CONT2024005067,IMPORT,NSFT,VC202400323
CONT2024005068,EXPORT,NSFT,VC202400323
CONT2024005069,EXPORT,NSFT,VC202400323
CONT2024005070,EXPORT,NSFT,VC202400323
CONT2024005071,IMPORT,NSFT,VC202400323
CONT2024005072,IMPORT,NSFT,VC202400323
CONT2024005073,EXPORT,NSFT,VC202400323
CONT2024005074,EXPORT,NSFT,VC202400323
CONT2024005075,IMPORT,NSFT,VC202400323
CONT2024005076,EXPORT,NSFT,VC202400323
CONT2024005077,EXPORT,NSFT,VC202400323
CONT2024005078,IMPORT,NSFT,VC202400323
CONT2024005079,IMPORT,NSICT,VC202400324
CONT2024005080,EXPORT,NSICT,VC202400324
CONT2024005081,IMPORT,NSICT,VC202400324
CONT2024005082,EXPORT,NSICT,VC202400324
CONT2024005083,EXPORT,NSICT,VC202400324
CONT2024005084,EXPORT,NSICT,VC202400324
CONT2024005085,IMPORT,NSICT,VC202400324
CONT2024005086,IMPORT,NSICT,VC202400324
CONT2024005087,IMPORT,NSICT,VC202400324
CONT2024005088,IMPORT,NSICT,VC202400324
CONT2024005089,EXPORT,NSICT,VC202400324
CONT2024005090,EXPORT,NSICT,VC202400324
CONT2024005091,IMPORT,NSICT,VC202400324
CONT2024005092,IMPORT,NSICT,VC202400324
CONT2024005093,IMPORT,NSICT,VC202400324
CONT2024005094,EXPORT,NSICT,VC202400324
CONT2024005095,EXPORT,NSICT,VC202400324
CONT2024005096,EXPORT,NSICT,VC202400324
CONT2024005097,IMPORT,NSICT,VC202400324
CONT2024005098,EXPORT,NSICT,VC202400324
CONT2024005099,IMPORT,NSICT,VC202400324
CONT2024005100,EXPORT,NSICT,VC202400324
CONT2024005101,EXPORT,NSICT,VC202400325
CONT2024005102,IMPORT,NSICT,VC202400325
CONT2024005103,EXPORT,NSICT,VC202400325
CONT2024005104,IMPORT,NSICT,VC202400325
CONT2024005105,IMPORT,NSICT,VC202400325
CONT2024005106,IMPORT,NSICT,VC202400325
CONT2024005107,EXPORT,NSICT,VC202400325
CONT2024005108,IMPORT,NSICT,VC202400325
CONT2024005109,IMPORT,NSICT,VC202400325
CONT2024005110,EXPORT,NSICT,VC202400325
CONT2024005111,EXPORT,NSICT,VC202400325
CONT2024005112,IMPORT,NSICT,VC202400325
CONT2024005113,IMPORT,NSICT,VC202400325
CONT2024005114,IMPORT,NSICT,VC202400325
CONT2024005115,IMPORT,NSICT,VC202400325
CONT2024005116,IMPORT,NSICT,VC202400325
CONT2024005117,IMPORT,NSICT,VC202400325
CONT2024005118,IMPORT,NSICT,VC202400325
CONT2024005119,IMPORT,NSICT,VC202400325
CONT2024005120,EXPORT,NSICT,VC202400325
CONT2024005121,EXPORT,NSICT,VC202400325
CONT2024005122,IMPORT,BMCT,VC202400326
CONT2024005123,EXPORT,BMCT,VC202400326
CONT2024005124,IMPORT,BMCT,VC202400326
CONT2024005125,IMPORT,BMCT,VC202400326
CONT2024005126,IMPORT,BMCT,VC202400326
CONT2024005127,EXPORT,BMCT,VC202400326
CONT2024005128,IMPORT,BMCT,VC202400326
CONT2024005129,IMPORT,BMCT,VC202400326
CONT2024005130,IMPORT,BMCT,VC202400326
CONT2024005131,IMPORT,BMCT,VC202400326
CONT2024005132,IMPORT,BMCT,VC202400326
CONT2024005133,IMPORT,BMCT,VC202400326
CONT2024005134,IMPORT,BMCT,VC202400326
CONT2024005135,EXPORT,BMCT,VC202400326
CONT2024005136,IMPORT,BMCT,VC202400326
CONT2024005137,IMPORT,BMCT,VC202400326
CONT2024005138,IMPORT,NSICT,VC202400327
CONT2024005139,EXPORT,NSICT,VC202400327
CONT2024005140,EXPORT,NSICT,VC202400327
CONT2024005141,IMPORT,NSICT,VC202400327
CONT2024005142,IMPORT,NSICT,VC202400327
CONT2024005143,EXPORT,NSICT,VC202400327
CONT2024005144,EXPORT,NSICT,VC202400327
CONT2024005145,IMPORT,NSICT,VC202400327
CONT2024005146,IMPORT,NSICT,VC202400328
CONT2024005147,IMPORT,NSICT,VC202400328
CONT2024005148,IMPORT,NSICT,VC202400328
CONT2024005149,IMPORT,NSICT,VC202400328
CONT2024005150,EXPORT,NSICT,VC202400328
CONT2024005151,EXPORT,NSICT,VC202400328
CONT2024005152,EXPORT,NSICT,VC202400328
CONT2024005153,EXPORT,NSICT,VC202400328
CONT2024005154,EXPORT,NSICT,VC202400328
CONT2024005155,IMPORT,NSICT,VC202400328
CONT2024005156,EXPORT,NSICT,VC202400328
CONT2024005157,IMPORT,NSICT,VC202400328
CONT2024005158,IMPORT,NSICT,VC202400328
CONT2024005159,IMPORT,NSICT,VC202400328
CONT2024005160,EXPORT,NSICT,VC202400328
CONT2024005161,EXPORT,NSICT,VC202400328
CONT2024005162,IMPORT,NSICT,VC202400328
CONT2024005163,EXPORT,NSICT,VC202400328
CONT2024005164,EXPORT,NSICT,VC202400328
CONT2024005165,EXPORT,NSICT,VC202400328
CONT2024005166,EXPORT,NSICT,VC202400328
CONT2024005167,IMPORT,NSICT,VC202400328
CONT2024005168,IMPORT,NSICT,VC202400328
CONT2024005169,IMPORT,NSICT,VC202400328
CONT2024005170,EXPORT,NSICT,VC202400329
CONT2024005171,IMPORT,NSICT,VC202400329
CONT2024005172,EXPORT,NSICT,VC202400329
CONT2024005173,IMPORT,NSICT,VC202400329
CONT2024005174,EXPORT,NSICT,VC202400329
CONT2024005175,EXPORT,NSICT,VC202400329
CONT2024005176,EXPORT,NSICT,VC202400329
CONT2024005177,EXPORT,NSICT,VC202400329
CONT2024005178,EXPORT,NSICT,VC202400330
CONT2024005179,EXPORT,NSICT,VC202400330
CONT2024005180,EXPORT,NSICT,VC202400330
CONT2024005181,IMPORT,NSICT,VC202400330
CONT2024005182,IMPORT,NSICT,VC202400330
CONT2024005183,EXPORT,NSICT,VC202400330
CONT2024005184,IMPORT,NSICT,VC202400330
CONT2024005185,EXPORT,NSICT,VC202400330
CONT2024005186,IMPORT,NSICT,VC202400330
CONT2024005187,IMPORT,NSICT,VC202400330
CONT2024005188,IMPORT,NSICT,VC202400330
CONT2024005189,IMPORT,NSICT,VC202400330
CONT2024005190,IMPORT,NSIGT,VC202400331
CONT2024005191,EXPORT,NSIGT,VC202400331
CONT2024005192,EXPORT,NSIGT,VC202400331
CONT2024005193,IMPORT,NSIGT,VC202400331
CONT2024005194,EXPORT,NSIGT,VC202400331
CONT2024005195,IMPORT,NSIGT,VC202400331
CONT2024005196,IMPORT,NSIGT,VC202400331
CONT2024005197,IMPORT,NSIGT,VC202400331
CONT2024005198,IMPORT,NSIGT,VC202400331
CONT2024005199,EXPORT,NSIGT,VC202400331
CONT2024005200,EXPORT,NSIGT,VC202400331
CONT2024005201,IMPORT,NSIGT,VC202400331
CONT2024005202,EXPORT,NSIGT,VC202400331
CONT2024005203,IMPORT,NSIGT,VC202400331
CONT2024005204,IMPORT,NSIGT,VC202400331
CONT2024005205,IMPORT,NSIGT,VC202400331
CONT2024005206,EXPORT,NSIGT,VC202400331
CONT2024005207,IMPORT,NSIGT,VC202400331
CONT2024005208,EXPORT,NSIGT,VC202400331
CONT2024005209,EXPORT,NSIGT,VC202400331
CONT2024005210,IMPORT,NSIGT,VC202400331
CONT2024005211,EXPORT,NSIGT,VC202400331
CONT2024005212,EXPORT,GTI,VC202400332
CONT2024005213,EXPORT,GTI,VC202400332
CONT2024005214,IMPORT,GTI,VC202400332
CONT2024005215,IMPORT,GTI,VC202400332
CONT2024005216,EXPORT,GTI,VC202400332
CONT2024005217,IMPORT,GTI,VC202400332
CONT2024005218,EXPORT,GTI,VC202400332
CONT2024005219,IMPORT,GTI,VC202400332
CONT2024005220,EXPORT,GTI,VC202400332
CONT2024005221,EXPORT,GTI,VC202400332
CONT2024005222,IMPORT,GTI,VC202400332
CONT2024005223,EXPORT,GTI,VC202400332
CONT2024005224,EXPORT,GTI,VC202400332
CONT2024005225,EXPORT,GTI,VC202400332
CONT2024005226,IMPORT,GTI,VC202400332
CONT2024005227,IMPORT,GTI,VC202400332
CONT2024005228,IMPORT,GTI,VC202400332
CONT2024005229,EXPORT,GTI,VC202400332
CONT2024005230,IMPORT,GTI,VC202400332
CONT2024005231,EXPORT,GTI,VC202400332
CONT2024005232,EXPORT,GTI,VC202400332
CONT2024005233,IMPORT,GTI,VC202400332
CONT2024005234,EXPORT,GTI,VC202400332
CONT2024005235,IMPORT,GTI,VC202400332
CONT2024005236,EXPORT,GTI,VC202400332
CONT2024005237,EXPORT,GTI,VC202400332
CONT2024005238,EXPORT,GTI,VC202400332
CONT2024005239,IMPORT,GTI,VC202400332
CONT2024005240,EXPORT,GTI,VC202400332
CONT2024005241,EXPORT,GTI,VC202400333
CONT2024005242,EXPORT,GTI,VC202400333
CONT2024005243,EXPORT,GTI,VC202400333
CONT2024005244,IMPORT,GTI,VC202400333
CONT2024005245,IMPORT,GTI,VC202400333
CONT2024005246,EXPORT,GTI,VC202400333
CONT2024005247,EXPORT,GTI,VC202400333
CONT2024005248,IMPORT,GTI,VC202400333
CONT2024005249,EXPORT,GTI,VC202400333
CONT2024005250,IMPORT,GTI,VC202400333
CONT2024005251,EXPORT,BMCT,VC202400334
CONT2024005252,EXPORT,BMCT,VC202400334
CONT2024005253,IMPORT,BMCT,VC202400334
CONT2024005254,EXPORT,BMCT,VC202400334
CONT2024005255,EXPORT,BMCT,VC202400334
CONT2024005256,IMPORT,BMCT,VC202400334
CONT2024005257,IMPORT,BMCT,VC202400334
CONT2024005258,IMPORT,BMCT,VC202400334
CONT2024005259,EXPORT,BMCT,VC202400334
CONT2024005260,EXPORT,BMCT,VC202400334
CONT2024005261,IMPORT,BMCT,VC202400335
CONT2024005262,EXPORT,BMCT,VC202400335
CONT2024005263,EXPORT,BMCT,VC202400335
CONT2024005264,IMPORT,BMCT,VC202400335
CONT2024005265,EXPORT,BMCT,VC202400335
CONT2024005266,IMPORT,BMCT,VC202400335
CONT2024005267,IMPORT,BMCT,VC202400335
CONT2024005268,IMPORT,BMCT,VC202400335
CONT2024005269,IMPORT,BMCT,VC202400335
CONT2024005270,EXPORT,BMCT,VC202400335
CONT2024005271,IMPORT,BMCT,VC202400335
CONT2024005272,IMPORT,GTI,VC202400336
CONT2024005273,EXPORT,GTI,VC202400336
CONT2024005274,EXPORT,GTI,VC202400336
CONT2024005275,IMPORT,GTI,VC202400336
CONT2024005276,EXPORT,GTI,VC202400336
CONT2024005277,IMPORT,GTI,VC202400336
CONT2024005278,EXPORT,GTI,VC202400336
CONT2024005279,EXPORT,GTI,VC202400336
CONT2024005280,IMPORT,GTI,VC202400336
CONT2024005281,IMPORT,GTI,VC202400336
CONT2024005282,EXPORT,GTI,VC202400336
CONT2024005283,EXPORT,GTI,VC202400336
CONT2024005284,EXPORT,GTI,VC202400336
CONT2024005285,EXPORT,GTI,VC202400336
CONT2024005286,EXPORT,NSIGT,VC202400337
CONT2024005287,EXPORT,NSIGT,VC202400337
CONT2024005288,IMPORT,NSIGT,VC202400337
CONT2024005289,EXPORT,NSIGT,VC202400337
CONT2024005290,EXPORT,NSIGT,VC202400337
CONT2024005291,IMPORT,NSIGT,VC202400337
CONT2024005292,IMPORT,NSIGT,VC202400337
CONT2024005293,IMPORT,NSIGT,VC202400337
CONT2024005294,EXPORT,NSIGT,VC202400337
CONT2024005295,IMPORT,NSICT,VC202400338
CONT2024005296,EXPORT,NSICT,VC202400338
CONT2024005297,EXPORT,NSICT,VC202400338
CONT2024005298,EXPORT,NSICT,VC202400338
CONT2024005299,EXPORT,NSICT,VC202400338
CONT2024005300,IMPORT,NSICT,VC202400338
CONT2024005301,EXPORT,NSICT,VC202400338
CONT2024005302,IMPORT,NSICT,VC202400338
CONT2024005303,IMPORT,NSICT,VC202400338
CONT2024005304,IMPORT,NSICT,VC202400338
CONT2024005305,IMPORT,NSICT,VC202400339
CONT2024005306,EXPORT,NSICT,VC202400339
CONT2024005307,EXPORT,NSICT,VC202400339
CONT2024005308,IMPORT,NSICT,VC202400339
CONT2024005309,IMPORT,NSICT,VC202400339
CONT2024005310,IMPORT,NSICT,VC202400339
CONT2024005311,EXPORT,NSICT,VC202400339
CONT2024005312,IMPORT,NSICT,VC202400339
CONT2024005313,EXPORT,NSFT,VC202400340
CONT2024005314,EXPORT,NSFT,VC202400340
CONT2024005315,EXPORT,NSFT,VC202400340
CONT2024005316,EXPORT,NSFT,VC202400340
CONT2024005317,IMPORT,NSFT,VC202400340
CONT2024005318,EXPORT,NSFT,VC202400340
CONT2024005319,EXPORT,NSFT,VC202400340
CONT2024005320,IMPORT,NSICT,VC202400341
CONT2024005321,EXPORT,NSICT,VC202400341
CONT2024005322,IMPORT,NSICT,VC202400341
CONT2024005323,EXPORT,NSICT,VC202400341
CONT2024005324,EXPORT,NSICT,VC202400341
CONT2024005325,IMPORT,NSICT,VC202400341
CONT2024005326,EXPORT,NSICT,VC202400341
CONT2024005327,IMPORT,NSICT,VC202400341
CONT2024005328,EXPORT,NSICT,VC202400341
CONT2024005329,IMPORT,NSICT,VC202400341
CONT2024005330,EXPORT,NSICT,VC202400341
CONT2024005331,IMPORT,NSICT,VC202400341
CONT2024005332,IMPORT,NSIGT,VC202400342
CONT2024005333,EXPORT,NSIGT,VC202400342
CONT2024005334,EXPORT,NSIGT,VC202400342
CONT2024005335,EXPORT,NSIGT,VC202400342
CONT2024005336,EXPORT,NSIGT,VC202400342
CONT2024005337,IMPORT,NSIGT,VC202400342
CONT2024005338,IMPORT,NSIGT,VC202400342
CONT2024005339,IMPORT,NSIGT,VC202400342
CONT2024005340,EXPORT,NSIGT,VC202400342
CONT2024005341,EXPORT,NSIGT,VC202400342
CONT2024005342,EXPORT,NSIGT,VC202400342
CONT2024005343,EXPORT,NSIGT,VC202400342
CONT2024005344,IMPORT,GTI,VC202400343
CONT2024005345,IMPORT,GTI,VC202400343
CONT2024005346,EXPORT,GTI,VC202400343
CONT2024005347,EXPORT,GTI,VC202400343
CONT2024005348,EXPORT,GTI,VC202400343
CONT2024005349,EXPORT,GTI,VC202400343
CONT2024005350,EXPORT,GTI,VC202400343
CONT2024005351,IMPORT,GTI,VC202400343
CONT2024005352,EXPORT,GTI,VC202400343
CONT2024005353,EXPORT,GTI,VC202400343
CONT2024005354,IMPORT,GTI,VC202400343
CONT2024005355,IMPORT,GTI,VC202400343
CONT2024005356,EXPORT,GTI,VC202400343
CONT2024005357,IMPORT,GTI,VC202400344
CONT2024005358,IMPORT,GTI,VC202400344
CONT2024005359,IMPORT,GTI,VC202400344
CONT2024005360,EXPORT,GTI,VC202400344
CONT2024005361,IMPORT,GTI,VC202400344
CONT2024005362,IMPORT,GTI,VC202400344
CONT2024005363,EXPORT,GTI,VC202400344
CONT2024005364,EXPORT,GTI,VC202400344
CONT2024005365,IMPORT,GTI,VC202400344
CONT2024005366,EXPORT,GTI,VC202400344
CONT2024005367,IMPORT,BMCT,VC202400345
CONT2024005368,IMPORT,BMCT,VC202400345
CONT2024005369,IMPORT,BMCT,VC202400345
CONT2024005370,EXPORT,BMCT,VC202400345
CONT2024005371,IMPORT,BMCT,VC202400345
CONT2024005372,IMPORT,BMCT,VC202400345
CONT2024005373,IMPORT,NSIGT,VC202400346
CONT2024005374,EXPORT,NSIGT,VC202400346
CONT2024005375,EXPORT,NSIGT,VC202400346
CONT2024005376,IMPORT,NSIGT,VC202400346
CONT2024005377,EXPORT,NSIGT,VC202400346
CONT2024005378,EXPORT,NSIGT,VC202400346
CONT2024005379,EXPORT,NSIGT,VC202400346
CONT2024005380,IMPORT,NSIGT,VC202400346
CONT2024005381,IMPORT,NSIGT,VC202400346
CONT2024005382,IMPORT,GTI,VC202400347
CONT2024005383,EXPORT,GTI,VC202400347
CONT2024005384,IMPORT,GTI,VC202400347
CONT2024005385,EXPORT,GTI,VC202400347
CONT2024005386,EXPORT,GTI,VC202400347
CONT2024005387,IMPORT,GTI,VC202400347
CONT2024005388,IMPORT,GTI,VC202400347
CONT2024005389,IMPORT,GTI,VC202400347
CONT2024005390,EXPORT,GTI,VC202400347
CONT2024005391,IMPORT,GTI,VC202400348
CONT2024005392,IMPORT,GTI,VC202400348
CONT2024005393,EXPORT,GTI,VC202400348
CONT2024005394,EXPORT,GTI,VC202400348
CONT2024005395,IMPORT,GTI,VC202400348
CONT2024005396,EXPORT,GTI,VC202400348
CONT2024005397,EXPORT,GTI,VC202400349
CONT2024005398,EXPORT,GTI,VC202400349
CONT2024005399,IMPORT,GTI,VC202400349
CONT2024005400,EXPORT,GTI,VC202400349
CONT2024005401,EXPORT,GTI,VC202400349
CONT2024005402,IMPORT,GTI,VC202400349
CONT2024005403,IMPORT,GTI,VC202400349
CONT2024005404,EXPORT,GTI,VC202400349
CONT2024005405,IMPORT,GTI,VC202400349
CONT2024005406,IMPORT,GTI,VC202400349
CONT2024005407,EXPORT,GTI,VC202400349
CONT2024005408,IMPORT,GTI,VC202400349
CONT2024005409,EXPORT,GTI,VC202400349
CONT2024005410,EXPORT,GTI,VC202400349
CONT2024005411,EXPORT,GTI,VC202400349
CONT2024005412,EXPORT,GTI,VC202400349
CONT2024005413,IMPORT,GTI,VC202400349
CONT2024005414,EXPORT,GTI,VC202400349
CONT2024005415,EXPORT,NSFT,VC202400350
CONT2024005416,IMPORT,NSFT,VC202400350
CONT2024005417,IMPORT,NSFT,VC202400350
CONT2024005418,IMPORT,NSFT,VC202400350
CONT2024005419,IMPORT,NSFT,VC202400350
CONT2024005420,IMPORT,NSFT,VC202400350
CONT2024005421,IMPORT,NSFT,VC202400350
CONT2024005422,EXPORT,NSFT,VC202400350
CONT2024005423,EXPORT,NSFT,VC202400350
CONT2024005424,EXPORT,BMCT,VC202400351
CONT2024005425,EXPORT,BMCT,VC202400351
CONT2024005426,IMPORT,BMCT,VC202400351
CONT2024005427,IMPORT,BMCT,VC202400351
CONT2024005428,IMPORT,BMCT,VC202400351
CONT2024005429,EXPORT,BMCT,VC202400351
CONT2024005430,EXPORT,BMCT,VC202400351
CONT2024005431,EXPORT,BMCT,VC202400351
CONT2024005432,IMPORT,BMCT,VC202400351
CONT2024005433,EXPORT,BMCT,VC202400351
CONT2024005434,EXPORT,BMCT,VC202400351
CONT2024005435,EXPORT,BMCT,VC202400351
CONT2024005436,IMPORT,BMCT,VC202400351
CONT2024005437,IMPORT,NSICT,VC202400352
CONT2024005438,IMPORT,NSICT,VC202400352
CONT2024005439,EXPORT,NSICT,VC202400352
CONT2024005440,EXPORT,NSICT,VC202400352
CONT2024005441,EXPORT,NSICT,VC202400352
CONT2024005442,IMPORT,NSICT,VC202400352
CONT2024005443,EXPORT,NSICT,VC202400352
CONT2024005444,EXPORT,NSICT,VC202400352
CONT2024005445,IMPORT,NSICT,VC202400352
CONT2024005446,EXPORT,NSFT,VC202400353
CONT2024005447,IMPORT,NSFT,VC202400353
CONT2024005448,IMPORT,NSFT,VC202400353
CONT2024005449,EXPORT,NSFT,VC202400353
CONT2024005450,EXPORT,NSFT,VC202400353
CONT2024005451,IMPORT,NSFT,VC202400353
CONT2024005452,IMPORT,NSFT,VC202400353
CONT2024005453,EXPORT,NSFT,VC202400353
CONT2024005454,EXPORT,NSFT,VC202400353
CONT2024005455,IMPORT,NSFT,VC202400353
CONT2024005456,IMPORT,BMCT,VC202400354
CONT2024005457,EXPORT,BMCT,VC202400354
CONT2024005458,IMPORT,BMCT,VC202400354
CONT2024005459,EXPORT,BMCT,VC202400354
CONT2024005460,IMPORT,BMCT,VC202400354
CONT2024005461,EXPORT,BMCT,VC202400354
CONT2024005462,EXPORT,BMCT,VC202400354
CONT2024005463,EXPORT,BMCT,VC202400354
CONT2024005464,EXPORT,BMCT,VC202400354
CONT2024005465,EXPORT,BMCT,VC202400354
CONT2024005466,EXPORT,BMCT,VC202400354
CONT2024005467,EXPORT,NSFT,VC202400355
CONT2024005468,EXPORT,NSFT,VC202400355
CONT2024005469,EXPORT,NSFT,VC202400355
CONT2024005470,IMPORT,NSFT,VC202400355
CONT2024005471,EXPORT,NSFT,VC202400355
CONT2024005472,IMPORT,NSFT,VC202400355
CONT2024005473,IMPORT,NSFT,VC202400355
CONT2024005474,EXPORT,NSFT,VC202400355
CONT2024005475,IMPORT,NSFT,VC202400355
CONT2024005476,IMPORT,NSFT,VC202400355
CONT2024005477,IMPORT,NSFT,VC202400356
CONT2024005478,EXPORT,NSFT,VC202400356
CONT2024005479,IMPORT,NSFT,VC202400356
CONT2024005480,IMPORT,NSFT,VC202400356
CONT2024005481,EXPORT,NSFT,VC202400356
CONT2024005482,IMPORT,NSFT,VC202400356
CONT2024005483,EXPORT,NSFT,VC202400356
CONT2024005484,EXPORT,NSFT,VC202400356
CONT2024005485,EXPORT,NSFT,VC202400356
CONT2024005486,EXPORT,NSFT,VC202400356
CONT2024005487,EXPORT,NSFT,VC202400356
CONT2024005488,IMPORT,NSFT,VC202400356
CONT2024005489,IMPORT,BMCT,VC202400357
CONT2024005490,IMPORT,BMCT,VC202400357
CONT2024005491,EXPORT,BMCT,VC202400357
CONT2024005492,IMPORT,BMCT,VC202400357
CONT2024005493,EXPORT,BMCT,VC202400357
CONT2024005494,EXPORT,BMCT,VC202400357
CONT2024005495,EXPORT,BMCT,VC202400357
CONT2024005496,EXPORT,BMCT,VC202400357
CONT2024005497,EXPORT,BMCT,VC202400357
CONT2024005498,IMPORT,BMCT,VC202400357
CONT2024005499,EXPORT,BMCT,VC202400357
CONT2024005500,IMPORT,BMCT,VC202400357
CONT2024005501,EXPORT,BMCT,VC202400357
CONT2024005502,IMPORT,BMCT,VC202400357
CONT2024005503,IMPORT,BMCT,VC202400357
CONT2024005504,IMPORT,NSFT,VC202400358
CONT2024005505,IMPORT,NSFT,VC202400358
CONT2024005506,EXPORT,NSFT,VC202400358
CONT2024005507,IMPORT,NSFT,VC202400358
CONT2024005508,EXPORT,NSFT,VC202400358
CONT2024005509,IMPORT,NSFT,VC202400358
CONT2024005510,EXPORT,NSFT,VC202400358
CONT2024005511,IMPORT,NSFT,VC202400358
CONT2024005512,EXPORT,NSFT,VC202400358
CONT2024005513,IMPORT,NSFT,VC202400358
CONT2024005514,IMPORT,NSFT,VC202400358
CONT2024005515,IMPORT,NSFT,VC202400358
CONT2024005516,IMPORT,NSFT,VC202400358
CONT2024005517,EXPORT,NSFT,VC202400358
CONT2024005518,IMPORT,NSFT,VC202400358
CONT2024005519,IMPORT,NSFT,VC202400358
CONT2024005520,IMPORT,NSFT,VC202400358
CONT2024005521,IMPORT,NSFT,VC202400358
CONT2024005522,IMPORT,NSFT,VC202400358
CONT2024005523,IMPORT,NSFT,VC202400358
CONT2024005524,IMPORT,NSFT,VC202400358
CONT2024005525,IMPORT,NSFT,VC202400358
CONT2024005526,EXPORT,NSFT,VC202400358
CONT2024005527,IMPORT,NSFT,VC202400359
CONT2024005528,EXPORT,NSFT,VC202400359
CONT2024005529,EXPORT,NSFT,VC202400359
CONT2024005530,IMPORT,NSFT,VC202400359
CONT2024005531,EXPORT,NSFT,VC202400359
CONT2024005532,IMPORT,NSFT,VC202400359
CONT2024005533,IMPORT,NSFT,VC202400359
CONT2024005534,IMPORT,NSFT,VC202400359
CONT2024005535,EXPORT,GTI,VC202400360
CONT2024005536,EXPORT,GTI,VC202400360
CONT2024005537,IMPORT,GTI,VC202400360
CONT2024005538,IMPORT,GTI,VC202400360
CONT2024005539,EXPORT,GTI,VC202400360
CONT2024005540,EXPORT,GTI,VC202400360
CONT2024005541,IMPORT,GTI,VC202400361
CONT2024005542,IMPORT,GTI,VC202400361
CONT2024005543,IMPORT,GTI,VC202400361
CONT2024005544,EXPORT,GTI,VC202400361
CONT2024005545,IMPORT,GTI,VC202400361
CONT2024005546,IMPORT,GTI,VC202400361
CONT2024005547,EXPORT,GTI,VC202400361
CONT2024005548,EXPORT,GTI,VC202400361
CONT2024005549,EXPORT,GTI,VC202400361
CONT2024005550,EXPORT,GTI,VC202400361
CONT2024005551,IMPORT,GTI,VC202400361
CONT2024005552,IMPORT,GTI,VC202400361
CONT2024005553,IMPORT,GTI,VC202400361
CONT2024005554,EXPORT,GTI,VC202400361
CONT2024005555,IMPORT,GTI,VC202400361
CONT2024005556,IMPORT,GTI,VC202400361
CONT2024005557,EXPORT,GTI,VC202400361
CONT2024005558,EXPORT,GTI,VC202400361
CONT2024005559,EXPORT,GTI,VC202400361
CONT2024005560,IMPORT,GTI,VC202400361
CONT2024005561,IMPORT,GTI,VC202400361
CONT2024005562,IMPORT,GTI,VC202400361
CONT2024005563,IMPORT,GTI,VC202400361
CONT2024005564,IMPORT,BMCT,VC202400362
CONT2024005565,IMPORT,BMCT,VC202400362
CONT2024005566,IMPORT,BMCT,VC202400362
CONT2024005567,IMPORT,BMCT,VC202400362
CONT2024005568,EXPORT,BMCT,VC202400362
CONT2024005569,EXPORT,BMCT,VC202400362
CONT2024005570,IMPORT,BMCT,VC202400362
CONT2024005571,IMPORT,BMCT,VC202400362
CONT2024005572,IMPORT,BMCT,VC202400362
CONT2024005573,EXPORT,BMCT,VC202400362
CONT2024005574,IMPORT,BMCT,VC202400362
CONT2024005575,EXPORT,BMCT,VC202400362
CONT2024005576,EXPORT,BMCT,VC202400362
CONT2024005577,IMPORT,BMCT,VC202400362
CONT2024005578,EXPORT,NSIGT,VC202400363
CONT2024005579,IMPORT,NSIGT,VC202400363
CONT2024005580,IMPORT,NSIGT,VC202400363
CONT2024005581,IMPORT,NSIGT,VC202400363
CONT2024005582,EXPORT,NSIGT,VC202400363
CONT2024005583,EXPORT,NSIGT,VC202400363
CONT2024005584,IMPORT,NSIGT,VC202400363
CONT2024005585,IMPORT,NSIGT,VC202400363
CONT2024005586,EXPORT,NSIGT,VC202400363
CONT2024005587,IMPORT,NSIGT,VC202400363
CONT2024005588,EXPORT,NSIGT,VC202400363
CONT2024005589,EXPORT,NSIGT,VC202400363
CONT2024005590,EXPORT,NSIGT,VC202400363
CONT2024005591,EXPORT,NSIGT,VC202400363
CONT2024005592,EXPORT,NSIGT,VC202400363
CONT2024005593,IMPORT,NSIGT,VC202400363
CONT2024005594,IMPORT,GTI,VC202400364
CONT2024005595,EXPORT,GTI,VC202400364
CONT2024005596,EXPORT,GTI,VC202400364
CONT2024005597,EXPORT,GTI,VC202400364
CONT2024005598,IMPORT,GTI,VC202400364
CONT2024005599,EXPORT,GTI,VC202400364
CONT2024005600,EXPORT,GTI,VC202400364
CONT2024005601,IMPORT,GTI,VC202400364
CONT2024005602,IMPORT,GTI,VC202400364
CONT2024005603,EXPORT,GTI,VC202400364
CONT2024005604,IMPORT,BMCT,VC202400365
CONT2024005605,IMPORT,BMCT,VC202400365
CONT2024005606,EXPORT,BMCT,VC202400365
CONT2024005607,IMPORT,BMCT,VC202400365
CONT2024005608,EXPORT,BMCT,VC202400365
CONT2024005609,EXPORT,BMCT,VC202400365
CONT2024005610,EXPORT,BMCT,VC202400365
CONT2024005611,IMPORT,BMCT,VC202400365
CONT2024005612,EXPORT,BMCT,VC202400365
CONT2024005613,IMPORT,BMCT,VC202400365
CONT2024005614,EXPORT,BMCT,VC202400365
CONT2024005615,EXPORT,BMCT,VC202400365
CONT2024005616,IMPORT,BMCT,VC202400365
CONT2024005617,EXPORT,BMCT,VC202400365
CONT2024005618,IMPORT,BMCT,VC202400365
CONT2024005619,IMPORT,BMCT,VC202400365
CONT2024005620,IMPORT,BMCT,VC202400365
CONT2024005621,IMPORT,BMCT,VC202400365
CONT2024005622,IMPORT,BMCT,VC202400365
CONT2024005623,IMPORT,BMCT,VC202400365
CONT2024005624,EXPORT,BMCT,VC202400365
CONT2024005625,IMPORT,BMCT,VC202400365
CONT2024005626,IMPORT,BMCT,VC202400365
CONT2024005627,EXPORT,BMCT,VC202400365
CONT2024005628,EXPORT,BMCT,VC202400365
CONT2024005629,IMPORT,BMCT,VC202400365
CONT2024005630,IMPORT,BMCT,VC202400365
CONT2024005631,EXPORT,BMCT,VC202400365
CONT2024005632,EXPORT,BMCT,VC202400365
CONT2024005633,IMPORT,BMCT,VC202400365
CONT2024005634,EXPORT,BMCT,VC202400365
CONT2024005635,IMPORT,BMCT,VC202400365
CONT2024005636,IMPORT,BMCT,VC202400365
CONT2024005637,IMPORT,BMCT,VC202400365
CONT2024005638,EXPORT,BMCT,VC202400365
CONT2024005639,EXPORT,BMCT,VC202400365
CONT2024005640,IMPORT,BMCT,VC202400365
CONT2024005641,IMPORT,BMCT,VC202400365
CONT2024005642,IMPORT,BMCT,VC202400365
CONT2024005643,IMPORT,BMCT,VC202400365
CONT2024005644,IMPORT,BMCT,VC202400366
CONT2024005645,IMPORT,BMCT,VC202400366
CONT2024005646,EXPORT,BMCT,VC202400366
CONT2024005647,IMPORT,BMCT,VC202400366
CONT2024005648,IMPORT,BMCT,VC202400366
CONT2024005649,EXPORT,BMCT,VC202400366
CONT2024005650,EXPORT,BMCT,VC202400366
CONT2024005651,IMPORT,BMCT,VC202400366
CONT2024005652,EXPORT,BMCT,VC202400366
CONT2024005653,IMPORT,BMCT,VC202400366
CONT2024005654,IMPORT,BMCT,VC202400366
CONT2024005655,IMPORT,BMCT,VC202400366
CONT2024005656,IMPORT,BMCT,VC202400366
CONT2024005657,EXPORT,BMCT,VC202400366
CONT2024005658,EXPORT,BMCT,VC202400366
CONT2024005659,EXPORT,NSICT,VC202400367
CONT2024005660,EXPORT,NSICT,VC202400367
CONT2024005661,IMPORT,NSICT,VC202400367
CONT2024005662,IMPORT,NSICT,VC202400367
CONT2024005663,IMPORT,NSICT,VC202400367
CONT2024005664,EXPORT,NSICT,VC202400367
CONT2024005665,EXPORT,NSICT,VC202400367
CONT2024005666,EXPORT,NSICT,VC202400367
CONT2024005667,EXPORT,NSICT,VC202400367
CONT2024005668,EXPORT,NSICT,VC202400367
CONT2024005669,EXPORT,NSICT,VC202400367
CONT2024005670,IMPORT,NSFT,VC202400368
CONT2024005671,EXPORT,NSFT,VC202400368
CONT2024005672,EXPORT,NSFT,VC202400368
CONT2024005673,IMPORT,NSFT,VC202400368
CONT2024005674,IMPORT,NSFT,VC202400368
CONT2024005675,EXPORT,NSFT,VC202400368
CONT2024005676,IMPORT,NSFT,VC202400368
CONT2024005677,EXPORT,BMCT,VC202400369
CONT2024005678,IMPORT,BMCT,VC202400369
CONT2024005679,IMPORT,BMCT,VC202400369
CONT2024005680,IMPORT,BMCT,VC202400369
CONT2024005681,IMPORT,BMCT,VC202400369
CONT2024005682,IMPORT,BMCT,VC202400369
CONT2024005683,IMPORT,BMCT,VC202400369
CONT2024005684,EXPORT,BMCT,VC202400369
CONT2024005685,IMPORT,BMCT,VC202400369
CONT2024005686,EXPORT,BMCT,VC202400369
CONT2024005687,IMPORT,BMCT,VC202400369
CONT2024005688,EXPORT,BMCT,VC202400369
CONT2024005689,IMPORT,BMCT,VC202400369
CONT2024005690,IMPORT,BMCT,VC202400369
CONT2024005691,EXPORT,BMCT,VC202400369
CONT2024005692,IMPORT,BMCT,VC202400369
CONT2024005693,EXPORT,BMCT,VC202400369
CONT2024005694,IMPORT,BMCT,VC202400369
CONT2024005695,IMPORT,BMCT,VC202400369
CONT2024005696,IMPORT,BMCT,VC202400369
CONT2024005697,EXPORT,BMCT,VC202400369
CONT2024005698,EXPORT,BMCT,VC202400369
CONT2024005699,IMPORT,BMCT,VC202400369
CONT2024005700,EXPORT,BMCT,VC202400369
CONT2024005701,IMPORT,BMCT,VC202400369
CONT2024005702,EXPORT,BMCT,VC202400369
CONT2024005703,EXPORT,BMCT,VC202400369
CONT2024005704,IMPORT,BMCT,VC202400369
CONT2024005705,IMPORT,NSICT,VC202400370
CONT2024005706,EXPORT,NSICT,VC202400370
CONT2024005707,EXPORT,NSICT,VC202400370
CONT2024005708,EXPORT,NSICT,VC202400370
CONT2024005709,EXPORT,NSICT,VC202400370
CONT2024005710,EXPORT,NSICT,VC202400370
CONT2024005711,EXPORT,NSICT,VC202400370
CONT2024005712,IMPORT,GTI,VC202400371
CONT2024005713,EXPORT,GTI,VC202400371
CONT2024005714,IMPORT,GTI,VC202400371
CONT2024005715,IMPORT,GTI,VC202400371
CONT2024005716,IMPORT,GTI,VC202400371
CONT2024005717,IMPORT,GTI,VC202400371
CONT2024005718,IMPORT,GTI,VC202400371
CONT2024005719,IMPORT,GTI,VC202400371
CONT2024005720,IMPORT,GTI,VC202400371
CONT2024005721,IMPORT,GTI,VC202400371
CONT2024005722,IMPORT,GTI,VC202400371
CONT2024005723,IMPORT,GTI,VC202400371
CONT2024005724,EXPORT,GTI,VC202400371
CONT2024005725,EXPORT,GTI,VC202400371
CONT2024005726,IMPORT,GTI,VC202400371
CONT2024005727,EXPORT,GTI,VC202400371
CONT2024005728,IMPORT,GTI,VC202400371
CONT2024005729,IMPORT,GTI,VC202400371
CONT2024005730,IMPORT,GTI,VC202400371
CONT2024005731,EXPORT,GTI,VC202400371
CONT2024005732,IMPORT,GTI,VC202400371
CONT2024005733,IMPORT,GTI,VC202400371
CONT2024005734,EXPORT,GTI,VC202400371
CONT2024005735,EXPORT,GTI,VC202400371
CONT2024005736,IMPORT,GTI,VC202400371
CONT2024005737,EXPORT,GTI,VC202400371
CONT2024005738,EXPORT,GTI,VC202400371
CONT2024005739,EXPORT,GTI,VC202400371
CONT2024005740,EXPORT,GTI,VC202400371
CONT2024005741,IMPORT,GTI,VC202400371
CONT2024005742,IMPORT,GTI,VC202400371
CONT2024005743,IMPORT,GTI,VC202400371
CONT2024005744,IMPORT,GTI,VC202400371
CONT2024005745,EXPORT,GTI,VC202400371
CONT2024005746,EXPORT,GTI,VC202400371
CONT2024005747,IMPORT,GTI,VC202400371
CONT2024005748,EXPORT,GTI,VC202400371
CONT2024005749,EXPORT,GTI,VC202400371
CONT2024005750,IMPORT,GTI,VC202400371
CONT2024005751,EXPORT,GTI,VC202400371
CONT2024005752,IMPORT,GTI,VC202400371
CONT2024005753,EXPORT,GTI,VC202400371
CONT2024005754,IMPORT,GTI,VC202400371
CONT2024005755,IMPORT,GTI,VC202400371
CONT2024005756,IMPORT,NSICT,VC202400372
CONT2024005757,EXPORT,NSICT,VC202400372
CONT2024005758,IMPORT,NSICT,VC202400372
CONT2024005759,EXPORT,NSICT,VC202400372
CONT2024005760,IMPORT,NSICT,VC202400372
CONT2024005761,IMPORT,NSICT,VC202400372
CONT2024005762,EXPORT,NSICT,VC202400372
CONT2024005763,IMPORT,NSICT,VC202400372
CONT2024005764,EXPORT,NSICT,VC202400372
CONT2024005765,IMPORT,NSICT,VC202400372
CONT2024005766,EXPORT,NSICT,VC202400372
CONT2024005767,EXPORT,NSICT,VC202400372
CONT2024005768,EXPORT,NSICT,VC202400372
CONT2024005769,EXPORT,NSICT,VC202400372
CONT2024005770,IMPORT,NSICT,VC202400372
CONT2024005771,IMPORT,NSICT,VC202400372
CONT2024005772,IMPORT,NSICT,VC202400372
CONT2024005773,IMPORT,NSICT,VC202400372
CONT2024005774,EXPORT,NSICT,VC202400372
CONT2024005775,EXPORT,NSICT,VC202400372
CONT2024005776,EXPORT,NSICT,VC202400372
CONT2024005777,IMPORT,NSICT,VC202400372
CONT2024005778,EXPORT,NSICT,VC202400372
CONT2024005779,IMPORT,BMCT,VC202400373
CONT2024005780,IMPORT,BMCT,VC202400373
CONT2024005781,EXPORT,BMCT,VC202400373
CONT2024005782,IMPORT,BMCT,VC202400373
CONT2024005783,IMPORT,BMCT,VC202400373
CONT2024005784,EXPORT,BMCT,VC202400373
CONT2024005785,IMPORT,BMCT,VC202400373
CONT2024005786,IMPORT,BMCT,VC202400373
CONT2024005787,EXPORT,BMCT,VC202400373
CONT2024005788,IMPORT,BMCT,VC202400373
CONT2024005789,IMPORT,NSFT,VC202400374
CONT2024005790,EXPORT,NSFT,VC202400374
CONT2024005791,EXPORT,NSFT,VC202400374
CONT2024005792,EXPORT,NSFT,VC202400374
CONT2024005793,EXPORT,NSFT,VC202400374
CONT2024005794,EXPORT,NSFT,VC202400374
CONT2024005795,EXPORT,NSFT,VC202400374
CONT2024005796,IMPORT,NSFT,VC202400374
CONT2024005797,IMPORT,NSFT,VC202400374
CONT2024005798,EXPORT,NSFT,VC202400374
CONT2024005799,IMPORT,NSFT,VC202400374
CONT2024005800,IMPORT,NSFT,VC202400374
CONT2024005801,IMPORT,NSFT,VC202400374
CONT2024005802,EXPORT,NSFT,VC202400374
CONT2024005803,IMPORT,NSFT,VC202400374
CONT2024005804,IMPORT,NSFT,VC202400374
CONT2024005805,IMPORT,NSFT,VC202400374
CONT2024005806,EXPORT,NSIGT,VC202400375
CONT2024005807,EXPORT,NSIGT,VC202400375
CONT2024005808,EXPORT,NSIGT,VC202400375
CONT2024005809,EXPORT,NSIGT,VC202400375
CONT2024005810,EXPORT,NSIGT,VC202400375
CONT2024005811,EXPORT,NSIGT,VC202400375
CONT2024005812,EXPORT,NSIGT,VC202400375
CONT2024005813,EXPORT,NSIGT,VC202400375
CONT2024005814,EXPORT,BMCT,VC202400376
CONT2024005815,IMPORT,BMCT,VC202400376
CONT2024005816,IMPORT,BMCT,VC202400376
CONT2024005817,EXPORT,BMCT,VC202400376
CONT2024005818,EXPORT,BMCT,VC202400376
CONT2024005819,EXPORT,BMCT,VC202400376
CONT2024005820,EXPORT,BMCT,VC202400376
CONT2024005821,IMPORT,BMCT,VC202400376
CONT2024005822,EXPORT,BMCT,VC202400376
CONT2024005823,IMPORT,BMCT,VC202400376
CONT2024005824,EXPORT,BMCT,VC202400376
CONT2024005825,IMPORT,BMCT,VC202400376
CONT2024005826,IMPORT,BMCT,VC202400376
CONT2024005827,IMPORT,BMCT,VC202400376
CONT2024005828,EXPORT,BMCT,VC202400376
CONT2024005829,EXPORT,BMCT,VC202400376
CONT2024005830,IMPORT,BMCT,VC202400376
CONT2024005831,EXPORT,BMCT,VC202400376
CONT2024005832,IMPORT,BMCT,VC202400376
CONT2024005833,IMPORT,BMCT,VC202400376
CONT2024005834,EXPORT,BMCT,VC202400376
CONT2024005835,IMPORT,BMCT,VC202400376
CONT2024005836,EXPORT,BMCT,VC202400376
CONT2024005837,EXPORT,BMCT,VC202400376
CONT2024005838,IMPORT,NSFT,VC202400377
CONT2024005839,IMPORT,NSFT,VC202400377
CONT2024005840,IMPORT,NSFT,VC202400377
CONT2024005841,IMPORT,NSFT,VC202400377
CONT2024005842,EXPORT,NSFT,VC202400377
CONT2024005843,IMPORT,NSFT,VC202400377
CONT2024005844,EXPORT,NSFT,VC202400377
CONT2024005845,EXPORT,NSFT,VC202400377
CONT2024005846,EXPORT,NSFT,VC202400377
CONT2024005847,EXPORT,NSFT,VC202400378
CONT2024005848,EXPORT,NSFT,VC202400378
CONT2024005849,EXPORT,NSFT,VC202400378
CONT2024005850,IMPORT,NSFT,VC202400378
CONT2024005851,EXPORT,NSFT,VC202400378
CONT2024005852,IMPORT,NSFT,VC202400378
CONT2024005853,EXPORT,NSFT,VC202400378
CONT2024005854,EXPORT,NSIGT,VC202400379
CONT2024005855,EXPORT,NSIGT,VC202400379
CONT2024005856,EXPORT,NSIGT,VC202400379
CONT2024005857,EXPORT,NSIGT,VC202400379
CONT2024005858,EXPORT,NSIGT,VC202400379
CONT2024005859,EXPORT,NSIGT,VC202400379
CONT2024005860,IMPORT,NSIGT,VC202400379
CONT2024005861,EXPORT,BMCT,VC202400380
CONT2024005862,IMPORT,BMCT,VC202400380
CONT2024005863,EXPORT,BMCT,VC202400380
CONT2024005864,EXPORT,BMCT,VC202400380
CONT2024005865,EXPORT,BMCT,VC202400380
CONT2024005866,EXPORT,BMCT,VC202400380
CONT2024005867,EXPORT,BMCT,VC202400380
CONT2024005868,EXPORT,BMCT,VC202400380
CONT2024005869,EXPORT,BMCT,VC202400380
CONT2024005870,IMPORT,BMCT,VC202400380
CONT2024005871,IMPORT,BMCT,VC202400380
CONT2024005872,EXPORT,BMCT,VC202400380
CONT2024005873,EXPORT,BMCT,VC202400380
CONT2024005874,IMPORT,BMCT,VC202400380
CONT2024005875,EXPORT,BMCT,VC202400380
CONT2024005876,IMPORT,BMCT,VC202400380
CONT2024005877,IMPORT,BMCT,VC202400380
CONT2024005878,EXPORT,BMCT,VC202400381
CONT2024005879,IMPORT,BMCT,VC202400381
CONT2024005880,IMPORT,BMCT,VC202400381
CONT2024005881,EXPORT,BMCT,VC202400381
CONT2024005882,IMPORT,BMCT,VC202400381
CONT2024005883,EXPORT,BMCT,VC202400381
CONT2024005884,EXPORT,BMCT,VC202400381
CONT2024005885,IMPORT,BMCT,VC202400381
CONT2024005886,IMPORT,BMCT,VC202400381
CONT2024005887,IMPORT,BMCT,VC202400381
CONT2024005888,IMPORT,BMCT,VC202400381
CONT2024005889,EXPORT,BMCT,VC202400381
CONT2024005890,EXPORT,BMCT,VC202400381
CONT2024005891,EXPORT,BMCT,VC202400381
CONT2024005892,IMPORT,BMCT,VC202400381
CONT2024005893,EXPORT,NSFT,VC202400382
CONT2024005894,EXPORT,NSFT,VC202400382
CONT2024005895,IMPORT,NSFT,VC202400382
CONT2024005896,EXPORT,NSFT,VC202400382
CONT2024005897,IMPORT,NSFT,VC202400382
CONT2024005898,IMPORT,NSFT,VC202400382
CONT2024005899,EXPORT,NSFT,VC202400382
CONT2024005900,EXPORT,NSFT,VC202400382
CONT2024005901,EXPORT,NSFT,VC202400382
CONT2024005902,EXPORT,NSFT,VC202400382
CONT2024005903,EXPORT,NSFT,VC202400382
CONT2024005904,IMPORT,NSFT,VC202400382
CONT2024005905,IMPORT,NSFT,VC202400382
CONT2024005906,EXPORT,NSFT,VC202400382
CONT2024005907,EXPORT,NSFT,VC202400382
CONT2024005908,IMPORT,NSICT,VC202400383
CONT2024005909,EXPORT,NSICT,VC202400383
CONT2024005910,EXPORT,NSICT,VC202400383
CONT2024005911,IMPORT,NSICT,VC202400383
CONT2024005912,EXPORT,NSICT,VC202400383
CONT2024005913,IMPORT,NSICT,VC202400383
CONT2024005914,IMPORT,NSICT,VC202400383
CONT2024005915,IMPORT,NSICT,VC202400383
CONT2024005916,EXPORT,NSICT,VC202400383
CONT2024005917,EXPORT,NSICT,VC202400383
CONT2024005918,EXPORT,GTI,VC202400384
CONT2024005919,EXPORT,GTI,VC202400384
CONT2024005920,EXPORT,GTI,VC202400384
CONT2024005921,IMPORT,GTI,VC202400384
CONT2024005922,EXPORT,GTI,VC202400384
CONT2024005923,IMPORT,GTI,VC202400384
CONT2024005924,IMPORT,GTI,VC202400384
CONT2024005925,IMPORT,GTI,VC202400384
CONT2024005926,EXPORT,GTI,VC202400384
CONT2024005927,EXPORT,GTI,VC202400384
CONT2024005928,IMPORT,GTI,VC202400384
CONT2024005929,EXPORT,GTI,VC202400384
CONT2024005930,IMPORT,BMCT,VC202400385
CONT2024005931,EXPORT,BMCT,VC202400385
CONT2024005932,IMPORT,BMCT,VC202400385
CONT2024005933,IMPORT,BMCT,VC202400385
CONT2024005934,EXPORT,BMCT,VC202400385
CONT2024005935,IMPORT,BMCT,VC202400385
CONT2024005936,EXPORT,BMCT,VC202400385
CONT2024005937,EXPORT,BMCT,VC202400385
CONT2024005938,EXPORT,BMCT,VC202400385
CONT2024005939,IMPORT,BMCT,VC202400385
CONT2024005940,IMPORT,BMCT,VC202400385
CONT2024005941,IMPORT,BMCT,VC202400385
CONT2024005942,EXPORT,BMCT,VC202400385
CONT2024005943,IMPORT,BMCT,VC202400385
CONT2024005944,EXPORT,BMCT,VC202400385
CONT2024005945,EXPORT,NSIGT,VC202400386
CONT2024005946,IMPORT,NSIGT,VC202400386
CONT2024005947,IMPORT,NSIGT,VC202400386
CONT2024005948,EXPORT,NSIGT,VC202400386
CONT2024005949,EXPORT,NSIGT,VC202400386
CONT2024005950,EXPORT,NSIGT,VC202400386
CONT2024005951,IMPORT,NSIGT,VC202400386
CONT2024005952,IMPORT,NSIGT,VC202400386
CONT2024005953,IMPORT,NSIGT,VC202400386
CONT2024005954,IMPORT,NSIGT,VC202400386
CONT2024005955,IMPORT,NSIGT,VC202400386
CONT2024005956,IMPORT,NSIGT,VC202400386
CONT2024005957,EXPORT,NSIGT,VC202400386
CONT2024005958,EXPORT,NSIGT,VC202400386
CONT2024005959,EXPORT,NSIGT,VC202400386
CONT2024005960,EXPORT,NSIGT,VC202400386
CONT2024005961,EXPORT,NSIGT,VC202400386
CONT2024005962,IMPORT,NSIGT,VC202400386
CONT2024005963,EXPORT,NSIGT,VC202400386
CONT2024005964,EXPORT,NSIGT,VC202400386
CONT2024005965,EXPORT,NSIGT,VC202400386
CONT2024005966,EXPORT,NSIGT,VC202400386
CONT2024005967,EXPORT,NSIGT,VC202400386
CONT2024005968,IMPORT,NSIGT,VC202400386
CONT2024005969,EXPORT,NSIGT,VC202400386
CONT2024005970,EXPORT,NSIGT,VC202400386
CONT2024005971,EXPORT,NSIGT,VC202400386
CONT2024005972,IMPORT,NSIGT,VC202400386
CONT2024005973,EXPORT,NSIGT,VC202400386
CONT2024005974,EXPORT,GTI,VC202400387
CONT2024005975,IMPORT,GTI,VC202400387
CONT2024005976,EXPORT,GTI,VC202400387
CONT2024005977,IMPORT,GTI,VC202400387
CONT2024005978,IMPORT,GTI,VC202400387
CONT2024005979,EXPORT,GTI,VC202400387
CONT2024005980,EXPORT,GTI,VC202400387
CONT2024005981,IMPORT,GTI,VC202400387
CONT2024005982,EXPORT,GTI,VC202400387
CONT2024005983,EXPORT,GTI,VC202400387
CONT2024005984,IMPORT,GTI,VC202400387
CONT2024005985,IMPORT,GTI,VC202400387
CONT2024005986,IMPORT,BMCT,VC202400388
CONT2024005987,EXPORT,BMCT,VC202400388
CONT2024005988,EXPORT,BMCT,VC202400388
CONT2024005989,IMPORT,BMCT,VC202400388
CONT2024005990,IMPORT,BMCT,VC202400388
CONT2024005991,EXPORT,BMCT,VC202400388
CONT2024005992,IMPORT,BMCT,VC202400388
CONT2024005993,IMPORT,BMCT,VC202400388
CONT2024005994,EXPORT,BMCT,VC202400388
CONT2024005995,IMPORT,BMCT,VC202400388
CONT2024005996,IMPORT,BMCT,VC202400388
CONT2024005997,EXPORT,BMCT,VC202400388
CONT2024005998,IMPORT,BMCT,VC202400388
CONT2024005999,EXPORT,BMCT,VC202400388
CONT2024006000,EXPORT,BMCT,VC202400388
CONT2024006001,EXPORT,BMCT,VC202400388
CONT2024006002,IMPORT,BMCT,VC202400388
CONT2024006003,EXPORT,GTI,VC202400389
CONT2024006004,IMPORT,GTI,VC202400389
CONT2024006005,IMPORT,GTI,VC202400389
CONT2024006006,IMPORT,GTI,VC202400389
CONT2024006007,EXPORT,GTI,VC202400389
CONT2024006008,EXPORT,GTI,VC202400389
CONT2024006009,EXPORT,GTI,VC202400389
CONT2024006010,IMPORT,GTI,VC202400389
CONT2024006011,EXPORT,GTI,VC202400389
CONT2024006012,EXPORT,GTI,VC202400389
CONT2024006013,EXPORT,GTI,VC202400389
CONT2024006014,EXPORT,GTI,VC202400389
CONT2024006015,IMPORT,GTI,VC202400389
CONT2024006016,IMPORT,GTI,VC202400389
CONT2024006017,IMPORT,GTI,VC202400389
CONT2024006018,EXPORT,GTI,VC202400389
CONT2024006019,EXPORT,GTI,VC202400389
CONT2024006020,EXPORT,GTI,VC202400389
CONT2024006021,EXPORT,GTI,VC202400389
CONT2024006022,EXPORT,GTI,VC202400389
CONT2024006023,EXPORT,GTI,VC202400389
CONT2024006024,IMPORT,GTI,VC202400389
CONT2024006025,IMPORT,GTI,VC202400389
CONT2024006026,IMPORT,GTI,VC202400389
CONT2024006027,IMPORT,GTI,VC202400389
CONT2024006028,EXPORT,GTI,VC202400389
CONT2024006029,EXPORT,GTI,VC202400389
CONT2024006030,IMPORT,GTI,VC202400389
CONT2024006031,EXPORT,GTI,VC202400389
CONT2024006032,IMPORT,GTI,VC202400389
CONT2024006033,IMPORT,GTI,VC202400389
CONT2024006034,IMPORT,GTI,VC202400389
CONT2024006035,EXPORT,BMCT,VC202400390
CONT2024006036,IMPORT,BMCT,VC202400390
CONT2024006037,EXPORT,BMCT,VC202400390
CONT2024006038,IMPORT,BMCT,VC202400390
CONT2024006039,EXPORT,BMCT,VC202400390
CONT2024006040,EXPORT,BMCT,VC202400390
CONT2024006041,IMPORT,BMCT,VC202400390
CONT2024006042,EXPORT,BMCT,VC202400390
CONT2024006043,EXPORT,BMCT,VC202400390
CONT2024006044,IMPORT,BMCT,VC202400390
CONT2024006045,IMPORT,BMCT,VC202400390
CONT2024006046,EXPORT,BMCT,VC202400390
CONT2024006047,IMPORT,BMCT,VC202400390
CONT2024006048,IMPORT,BMCT,VC202400390
CONT2024006049,EXPORT,BMCT,VC202400390
CONT2024006050,EXPORT,BMCT,VC202400390
CONT2024006051,EXPORT,BMCT,VC202400390
CONT2024006052,EXPORT,BMCT,VC202400390
CONT2024006053,IMPORT,BMCT,VC202400390
CONT2024006054,IMPORT,BMCT,VC202400390
CONT2024006055,EXPORT,NSIGT,VC202400391
CONT2024006056,EXPORT,NSIGT,VC202400391
CONT2024006057,IMPORT,NSIGT,VC202400391
CONT2024006058,EXPORT,NSIGT,VC202400391
CONT2024006059,EXPORT,NSIGT,VC202400391
CONT2024006060,IMPORT,NSIGT,VC202400391
CONT2024006061,IMPORT,NSIGT,VC202400391
CONT2024006062,EXPORT,NSIGT,VC202400391
CONT2024006063,EXPORT,NSIGT,VC202400391
CONT2024006064,IMPORT,NSIGT,VC202400391
CONT2024006065,EXPORT,NSIGT,VC202400391
CONT2024006066,EXPORT,BMCT,VC202400392
CONT2024006067,EXPORT,BMCT,VC202400392
CONT2024006068,EXPORT,BMCT,VC202400392
CONT2024006069,IMPORT,BMCT,VC202400392
CONT2024006070,IMPORT,BMCT,VC202400392
CONT2024006071,EXPORT,BMCT,VC202400392
CONT2024006072,IMPORT,BMCT,VC202400392
CONT2024006073,IMPORT,BMCT,VC202400392
CONT2024006074,IMPORT,BMCT,VC202400392
CONT2024006075,EXPORT,BMCT,VC202400392
CONT2024006076,IMPORT,BMCT,VC202400392
CONT2024006077,EXPORT,BMCT,VC202400392
CONT2024006078,EXPORT,BMCT,VC202400392
CONT2024006079,IMPORT,BMCT,VC202400392
CONT2024006080,EXPORT,GTI,VC202400393
CONT2024006081,IMPORT,GTI,VC202400393
CONT2024006082,IMPORT,GTI,VC202400393
CONT2024006083,EXPORT,GTI,VC202400393
CONT2024006084,EXPORT,GTI,VC202400393
CONT2024006085,EXPORT,GTI,VC202400393
CONT2024006086,IMPORT,GTI,VC202400393
CONT2024006087,EXPORT,GTI,VC202400393
CONT2024006088,IMPORT,GTI,VC202400393
CONT2024006089,EXPORT,GTI,VC202400393
CONT2024006090,EXPORT,GTI,VC202400393
CONT2024006091,EXPORT,GTI,VC202400393
CONT2024006092,EXPORT,GTI,VC202400393
CONT2024006093,IMPORT,GTI,VC202400393
CONT2024006094,EXPORT,GTI,VC202400393
CONT2024006095,EXPORT,GTI,VC202400393
CONT2024006096,IMPORT,GTI,VC202400393
CONT2024006097,EXPORT,GTI,VC202400394
CONT2024006098,IMPORT,GTI,VC202400394
CONT2024006099,EXPORT,GTI,VC202400394
CONT2024006100,IMPORT,GTI,VC202400394
CONT2024006101,IMPORT,GTI,VC202400394
CONT2024006102,IMPORT,GTI,VC202400394
CONT2024006103,IMPORT,NSICT,VC202400395
CONT2024006104,IMPORT,NSICT,VC202400395
CONT2024006105,EXPORT,NSICT,VC202400395
CONT2024006106,EXPORT,NSICT,VC202400395
CONT2024006107,IMPORT,NSICT,VC202400395
CONT2024006108,IMPORT,NSICT,VC202400395
CONT2024006109,EXPORT,NSICT,VC202400395
CONT2024006110,IMPORT,NSICT,VC202400395
CONT2024006111,EXPORT,NSICT,VC202400395
CONT2024006112,EXPORT,NSICT,VC202400395
CONT2024006113,EXPORT,GTI,VC202400396
CONT2024006114,EXPORT,GTI,VC202400396
CONT2024006115,IMPORT,GTI,VC202400396
CONT2024006116,IMPORT,GTI,VC202400396
CONT2024006117,EXPORT,GTI,VC202400396
CONT2024006118,EXPORT,GTI,VC202400396
CONT2024006119,EXPORT,GTI,VC202400396
CONT2024006120,IMPORT,GTI,VC202400396
CONT2024006121,IMPORT,GTI,VC202400396
CONT2024006122,EXPORT,GTI,VC202400396
CONT2024006123,EXPORT,GTI,VC202400396
CONT2024006124,IMPORT,GTI,VC202400396
CONT2024006125,IMPORT,GTI,VC202400396
CONT2024006126,IMPORT,GTI,VC202400396
CONT2024006127,EXPORT,GTI,VC202400396
CONT2024006128,EXPORT,GTI,VC202400396
CONT2024006129,IMPORT,NSICT,VC202400397
CONT2024006130,IMPORT,NSICT,VC202400397
CONT2024006131,IMPORT,NSICT,VC202400397
CONT2024006132,IMPORT,NSICT,VC202400397
CONT2024006133,IMPORT,NSICT,VC202400397
CONT2024006134,EXPORT,NSICT,VC202400397
CONT2024006135,IMPORT,NSICT,VC202400397
CONT2024006136,IMPORT,NSICT,VC202400397
CONT2024006137,EXPORT,NSICT,VC202400397
CONT2024006138,IMPORT,NSICT,VC202400397
CONT2024006139,IMPORT,NSICT,VC202400397
CONT2024006140,EXPORT,NSICT,VC202400397
CONT2024006141,EXPORT,NSICT,VC202400397
CONT2024006142,EXPORT,NSICT,VC202400397
CONT2024006143,EXPORT,NSICT,VC202400397
CONT2024006144,EXPORT,NSICT,VC202400397
CONT2024006145,EXPORT,NSICT,VC202400397
CONT2024006146,IMPORT,NSICT,VC202400397
CONT2024006147,EXPORT,NSICT,VC202400397
CONT2024006148,IMPORT,NSICT,VC202400397
CONT2024006149,EXPORT,NSICT,VC202400397
CONT2024006150,EXPORT,NSICT,VC202400397
CONT2024006151,IMPORT,NSICT,VC202400397
CONT2024006152,EXPORT,NSICT,VC202400397
CONT2024006153,EXPORT,NSICT,VC202400397
CONT2024006154,EXPORT,NSICT,VC202400397
CONT2024006155,EXPORT,NSICT,VC202400397
CONT2024006156,IMPORT,NSICT,VC202400397
CONT2024006157,EXPORT,NSICT,VC202400397
CONT2024006158,EXPORT,NSICT,VC202400397
CONT2024006159,EXPORT,NSICT,VC202400397
CONT2024006160,IMPORT,NSICT,VC202400397
CONT2024006161,IMPORT,NSICT,VC202400397
CONT2024006162,IMPORT,NSICT,VC202400397
CONT2024006163,EXPORT,NSICT,VC202400397
CONT2024006164,EXPORT,NSICT,VC202400397
CONT2024006165,EXPORT,NSICT,VC202400397
CONT2024006166,IMPORT,NSICT,VC202400397
CONT2024006167,IMPORT,NSICT,VC202400397
CONT2024006168,EXPORT,BMCT,VC202400398
CONT2024006169,EXPORT,BMCT,VC202400398
CONT2024006170,EXPORT,BMCT,VC202400398
CONT2024006171,IMPORT,BMCT,VC202400398
CONT2024006172,EXPORT,BMCT,VC202400398
CONT2024006173,EXPORT,BMCT,VC202400398
CONT2024006174,IMPORT,BMCT,VC202400398
CONT2024006175,IMPORT,BMCT,VC202400398
CONT2024006176,EXPORT,BMCT,VC202400398
CONT2024006177,EXPORT,BMCT,VC202400398
CONT2024006178,EXPORT,BMCT,VC202400398
CONT2024006179,EXPORT,BMCT,VC202400398
CONT2024006180,EXPORT,BMCT,VC202400398
CONT2024006181,EXPORT,BMCT,VC202400398
CONT2024006182,EXPORT,BMCT,VC202400398
CONT2024006183,EXPORT,BMCT,VC202400398
CONT2024006184,IMPORT,BMCT,VC202400398
CONT2024006185,IMPORT,BMCT,VC202400398
CONT2024006186,IMPORT,BMCT,VC202400398
CONT2024006187,IMPORT,BMCT,VC202400398
CONT2024006188,IMPORT,BMCT,VC202400398
CONT2024006189,EXPORT,BMCT,VC202400398
CONT2024006190,EXPORT,BMCT,VC202400398
CONT2024006191,EXPORT,BMCT,VC202400398
CONT2024006192,IMPORT,BMCT,VC202400398
CONT2024006193,EXPORT,BMCT,VC202400398
CONT2024006194,IMPORT,BMCT,VC202400398
CONT2024006195,EXPORT,BMCT,VC202400398
CONT2024006196,EXPORT,BMCT,VC202400398
CONT2024006197,IMPORT,BMCT,VC202400398
CONT2024006198,IMPORT,NSICT,VC202400399
CONT2024006199,IMPORT,NSICT,VC202400399
CONT2024006200,EXPORT,NSICT,VC202400399
CONT2024006201,IMPORT,NSICT,VC202400399
CONT2024006202,IMPORT,NSICT,VC202400399
CONT2024006203,EXPORT,NSICT,VC202400399
CONT2024006204,EXPORT,NSICT,VC202400399
CONT2024006205,IMPORT,BMCT,VC202400400
CONT2024006206,EXPORT,BMCT,VC202400400
CONT2024006207,IMPORT,BMCT,VC202400400
CONT2024006208,EXPORT,BMCT,VC202400400
CONT2024006209,EXPORT,BMCT,VC202400400
CONT2024006210,IMPORT,BMCT,VC202400400
CONT2024006211,IMPORT,BMCT,VC202400400
CONT2024006212,EXPORT,BMCT,VC202400400
CONT2024006213,EXPORT,NSIGT,VC202400401
CONT2024006214,EXPORT,NSIGT,VC202400401
CONT2024006215,EXPORT,NSIGT,VC202400401
CONT2024006216,EXPORT,NSIGT,VC202400401
CONT2024006217,IMPORT,NSIGT,VC202400401
CONT2024006218,EXPORT,NSIGT,VC202400401
CONT2024006219,IMPORT,NSIGT,VC202400401
CONT2024006220,EXPORT,NSIGT,VC202400401
CONT2024006221,IMPORT,NSIGT,VC202400401
CONT2024006222,EXPORT,NSIGT,VC202400401
CONT2024006223,EXPORT,NSIGT,VC202400401
CONT2024006224,EXPORT,NSIGT,VC202400401
CONT2024006225,IMPORT,NSIGT,VC202400401
CONT2024006226,EXPORT,NSIGT,VC202400401
CONT2024006227,IMPORT,NSIGT,VC202400401
CONT2024006228,IMPORT,NSIGT,VC202400401
CONT2024006229,EXPORT,NSIGT,VC202400401
CONT2024006230,IMPORT,NSIGT,VC202400401
CONT2024006231,EXPORT,NSIGT,VC202400401
CONT2024006232,IMPORT,NSIGT,VC202400401
CONT2024006233,IMPORT,NSIGT,VC202400401
CONT2024006234,EXPORT,NSIGT,VC202400401
CONT2024006235,IMPORT,NSIGT,VC202400401
CONT2024006236,EXPORT,NSIGT,VC202400401
CONT2024006237,IMPORT,NSIGT,VC202400401
CONT2024006238,IMPORT,NSIGT,VC202400401
CONT2024006239,EXPORT,NSIGT,VC202400401
CONT2024006240,EXPORT,NSIGT,VC202400401
CONT2024006241,EXPORT,NSIGT,VC202400401
CONT2024006242,IMPORT,NSIGT,VC202400401
CONT2024006243,EXPORT,NSIGT,VC202400401
CONT2024006244,IMPORT,NSIGT,VC202400401
CONT2024006245,EXPORT,NSIGT,VC202400401
CONT2024006246,EXPORT,NSIGT,VC202400401
CONT2024006247,EXPORT,NSIGT,VC202400401
CONT2024006248,IMPORT,NSIGT,VC202400401
CONT2024006249,IMPORT,GTI,VC202400402
CONT2024006250,EXPORT,GTI,VC202400402
CONT2024006251,IMPORT,GTI,VC202400402
CONT2024006252,EXPORT,GTI,VC202400402
CONT2024006253,EXPORT,GTI,VC202400402
CONT2024006254,IMPORT,GTI,VC202400402
CONT2024006255,IMPORT,GTI,VC202400402
CONT2024006256,EXPORT,NSFT,VC202400403
CONT2024006257,IMPORT,NSFT,VC202400403
CONT2024006258,IMPORT,NSFT,VC202400403
CONT2024006259,EXPORT,NSFT,VC202400403
CONT2024006260,IMPORT,NSFT,VC202400403
CONT2024006261,EXPORT,NSFT,VC202400403
CONT2024006262,EXPORT,NSFT,VC202400403
CONT2024006263,IMPORT,BMCT,VC202400404
CONT2024006264,IMPORT,BMCT,VC202400404
CONT2024006265,IMPORT,BMCT,VC202400404
CONT2024006266,EXPORT,BMCT,VC202400404
CONT2024006267,IMPORT,BMCT,VC202400404
CONT2024006268,IMPORT,BMCT,VC202400404
CONT2024006269,IMPORT,NSFT,VC202400405
CONT2024006270,IMPORT,NSFT,VC202400405
CONT2024006271,EXPORT,NSFT,VC202400405
CONT2024006272,EXPORT,NSFT,VC202400405
CONT2024006273,EXPORT,NSFT,VC202400405
CONT2024006274,IMPORT,NSFT,VC202400405
CONT2024006275,IMPORT,NSFT,VC202400405
CONT2024006276,IMPORT,NSFT,VC202400405
CONT2024006277,EXPORT,NSFT,VC202400405
CONT2024006278,IMPORT,NSFT,VC202400405
CONT2024006279,IMPORT,NSFT,VC202400406
CONT2024006280,IMPORT,NSFT,VC202400406
CONT2024006281,EXPORT,NSFT,VC202400406
CONT2024006282,IMPORT,NSFT,VC202400406
CONT2024006283,EXPORT,NSFT,VC202400406
CONT2024006284,EXPORT,NSFT,VC202400406
CONT2024006285,IMPORT,NSFT,VC202400406
CONT2024006286,EXPORT,NSFT,VC202400406
CONT2024006287,IMPORT,NSFT,VC202400406
CONT2024006288,EXPORT,NSFT,VC202400406
CONT2024006289,EXPORT,NSFT,VC202400406
CONT2024006290,EXPORT,NSFT,VC202400406
CONT2024006291,EXPORT,NSFT,VC202400406
CONT2024006292,IMPORT,NSFT,VC202400406
CONT2024006293,EXPORT,NSFT,VC202400406
CONT2024006294,EXPORT,NSFT,VC202400406
CONT2024006295,IMPORT,NSFT,VC202400406
CONT2024006296,EXPORT,NSFT,VC202400406
CONT2024006297,EXPORT,NSFT,VC202400406
CONT2024006298,EXPORT,NSFT,VC202400406
CONT2024006299,EXPORT,NSFT,VC202400406
CONT2024006300,EXPORT,NSFT,VC202400406
CONT2024006301,EXPORT,NSFT,VC202400406
CONT2024006302,EXPORT,NSFT,VC202400406
CONT2024006303,IMPORT,NSFT,VC202400406
CONT2024006304,IMPORT,NSFT,VC202400406
CONT2024006305,IMPORT,NSFT,VC202400406
CONT2024006306,EXPORT,NSFT,VC202400406
CONT2024006307,IMPORT,NSFT,VC202400406
CONT2024006308,IMPORT,NSFT,VC202400406
CONT2024006309,IMPORT,NSFT,VC202400406
CONT2024006310,EXPORT,NSFT,VC202400406
CONT2024006311,EXPORT,NSFT,VC202400406
CONT2024006312,EXPORT,NSFT,VC202400406
CONT2024006313,IMPORT,NSFT,VC202400406
CONT2024006314,IMPORT,NSFT,VC202400406
CONT2024006315,IMPORT,NSFT,VC202400406
CONT2024006316,IMPORT,NSFT,VC202400406
CONT2024006317,EXPORT,NSFT,VC202400406
CONT2024006318,IMPORT,GTI,VC202400407
CONT2024006319,EXPORT,GTI,VC202400407
CONT2024006320,IMPORT,GTI,VC202400407
CONT2024006321,EXPORT,GTI,VC202400407
CONT2024006322,IMPORT,GTI,VC202400407
CONT2024006323,IMPORT,GTI,VC202400407
CONT2024006324,EXPORT,GTI,VC202400407
CONT2024006325,IMPORT,GTI,VC202400407
CONT2024006326,IMPORT,GTI,VC202400407
CONT2024006327,EXPORT,GTI,VC202400407
CONT2024006328,IMPORT,GTI,VC202400407
CONT2024006329,EXPORT,GTI,VC202400407
CONT2024006330,EXPORT,GTI,VC202400407
CONT2024006331,IMPORT,GTI,VC202400407
CONT2024006332,EXPORT,GTI,VC202400407
CONT2024006333,IMPORT,GTI,VC202400407
CONT2024006334,IMPORT,GTI,VC202400407
CONT2024006335,EXPORT,GTI,VC202400407
CONT2024006336,EXPORT,GTI,VC202400407
CONT2024006337,IMPORT,GTI,VC202400407
CONT2024006338,IMPORT,GTI,VC202400407
CONT2024006339,IMPORT,GTI,VC202400407
CONT2024006340,IMPORT,GTI,VC202400408
CONT2024006341,IMPORT,GTI,VC202400408
CONT2024006342,EXPORT,GTI,VC202400408
CONT2024006343,EXPORT,GTI,VC202400408
CONT2024006344,EXPORT,GTI,VC202400408
CONT2024006345,IMPORT,GTI,VC202400408
CONT2024006346,IMPORT,GTI,VC202400408
CONT2024006347,EXPORT,GTI,VC202400408
CONT2024006348,IMPORT,GTI,VC202400408
CONT2024006349,EXPORT,GTI,VC202400408
CONT2024006350,EXPORT,GTI,VC202400408
CONT2024006351,IMPORT,GTI,VC202400408
CONT2024006352,EXPORT,GTI,VC202400408
CONT2024006353,IMPORT,GTI,VC202400408
CONT2024006354,EXPORT,NSFT,VC202400409
CONT2024006355,IMPORT,NSFT,VC202400409
CONT2024006356,EXPORT,NSFT,VC202400409
CONT2024006357,IMPORT,NSFT,VC202400409
CONT2024006358,IMPORT,NSFT,VC202400409
CONT2024006359,EXPORT,NSFT,VC202400409
CONT2024006360,EXPORT,NSFT,VC202400409
CONT2024006361,EXPORT,NSFT,VC202400409
CONT2024006362,EXPORT,NSFT,VC202400409
CONT2024006363,EXPORT,NSFT,VC202400409
CONT2024006364,EXPORT,NSFT,VC202400409
CONT2024006365,IMPORT,NSFT,VC202400409
CONT2024006366,EXPORT,NSFT,VC202400409
CONT2024006367,IMPORT,NSFT,VC202400409
CONT2024006368,IMPORT,NSFT,VC202400409
CONT2024006369,EXPORT,NSFT,VC202400409
CONT2024006370,EXPORT,NSFT,VC202400409
CONT2024006371,EXPORT,NSFT,VC202400409
CONT2024006372,IMPORT,NSFT,VC202400409
CONT2024006373,EXPORT,NSFT,VC202400409
CONT2024006374,IMPORT,NSFT,VC202400409
CONT2024006375,IMPORT,NSFT,VC202400409
CONT2024006376,EXPORT,NSFT,VC202400409
CONT2024006377,EXPORT,NSFT,VC202400409
CONT2024006378,IMPORT,NSFT,VC202400409
CONT2024006379,EXPORT,NSFT,VC202400409
CONT2024006380,IMPORT,NSFT,VC202400409
CONT2024006381,EXPORT,NSFT,VC202400409
CONT2024006382,IMPORT,NSFT,VC202400409
CONT2024006383,EXPORT,NSFT,VC202400409
CONT2024006384,IMPORT,NSFT,VC202400409
CONT2024006385,EXPORT,NSFT,VC202400409
CONT2024006386,EXPORT,NSFT,VC202400409
CONT2024006387,EXPORT,NSFT,VC202400409
CONT2024006388,EXPORT,NSIGT,VC202400410
CONT2024006389,IMPORT,NSIGT,VC202400410
CONT2024006390,IMPORT,NSIGT,VC202400410
CONT2024006391,EXPORT,NSIGT,VC202400410
CONT2024006392,IMPORT,NSIGT,VC202400410
CONT2024006393,IMPORT,NSIGT,VC202400410
CONT2024006394,IMPORT,NSIGT,VC202400410
CONT2024006395,EXPORT,NSIGT,VC202400410
CONT2024006396,EXPORT,NSIGT,VC202400410
CONT2024006397,EXPORT,NSIGT,VC202400410
CONT2024006398,IMPORT,NSIGT,VC202400410
CONT2024006399,IMPORT,NSIGT,VC202400410
CONT2024006400,EXPORT,NSIGT,VC202400410
CONT2024006401,IMPORT,NSIGT,VC202400410
CONT2024006402,EXPORT,NSIGT,VC202400410
CONT2024006403,IMPORT,NSIGT,VC202400410
CONT2024006404,EXPORT,NSIGT,VC202400410
CONT2024006405,EXPORT,NSIGT,VC202400410
CONT2024006406,EXPORT,NSIGT,VC202400410
CONT2024006407,EXPORT,NSIGT,VC202400410
CONT2024006408,EXPORT,NSIGT,VC202400410
CONT2024006409,EXPORT,NSIGT,VC202400410
CONT2024006410,EXPORT,NSIGT,VC202400410
CONT2024006411,IMPORT,NSIGT,VC202400410
CONT2024006412,EXPORT,NSIGT,VC202400410
CONT2024006413,EXPORT,NSIGT,VC202400410
CONT2024006414,EXPORT,NSIGT,VC202400410
CONT2024006415,IMPORT,NSIGT,VC202400410
CONT2024006416,EXPORT,NSIGT,VC202400410
CONT2024006417,EXPORT,NSIGT,VC202400410
CONT2024006418,IMPORT,NSIGT,VC202400410
CONT2024006419,IMPORT,NSIGT,VC202400410
CONT2024006420,IMPORT,NSIGT,VC202400410
CONT2024006421,EXPORT,NSIGT,VC202400410
CONT2024006422,IMPORT,NSIGT,VC202400410
CONT2024006423,EXPORT,NSIGT,VC202400410
CONT2024006424,EXPORT,NSIGT,VC202400410
CONT2024006425,EXPORT,NSIGT,VC202400410
CONT2024006426,EXPORT,NSIGT,VC202400410
CONT2024006427,IMPORT,NSICT,VC202400411
CONT2024006428,IMPORT,NSICT,VC202400411
CONT2024006429,IMPORT,NSICT,VC202400411
CONT2024006430,EXPORT,NSICT,VC202400411
CONT2024006431,IMPORT,NSICT,VC202400411
CONT2024006432,EXPORT,NSICT,VC202400411
CONT2024006433,IMPORT,NSICT,VC202400411
CONT2024006434,EXPORT,NSICT,VC202400411
CONT2024006435,IMPORT,NSICT,VC202400411
CONT2024006436,IMPORT,NSICT,VC202400411
CONT2024006437,IMPORT,NSICT,VC202400412
CONT2024006438,EXPORT,NSICT,VC202400412
CONT2024006439,IMPORT,NSICT,VC202400412
CONT2024006440,EXPORT,NSICT,VC202400412
CONT2024006441,EXPORT,NSICT,VC202400412
CONT2024006442,EXPORT,NSICT,VC202400412
CONT2024006443,EXPORT,NSFT,VC202400413
CONT2024006444,EXPORT,NSFT,VC202400413
CONT2024006445,EXPORT,NSFT,VC202400413
CONT2024006446,EXPORT,NSFT,VC202400413
CONT2024006447,EXPORT,NSFT,VC202400413
CONT2024006448,EXPORT,NSFT,VC202400413
CONT2024006449,EXPORT,NSFT,VC202400413
CONT2024006450,EXPORT,NSFT,VC202400414
CONT2024006451,EXPORT,NSFT,VC202400414
CONT2024006452,IMPORT,NSFT,VC202400414
CONT2024006453,EXPORT,NSFT,VC202400414
CONT2024006454,IMPORT,NSFT,VC202400414
CONT2024006455,EXPORT,NSFT,VC202400414
CONT2024006456,IMPORT,NSFT,VC202400414
CONT2024006457,IMPORT,NSFT,VC202400414
CONT2024006458,IMPORT,NSFT,VC202400414
CONT2024006459,IMPORT,NSFT,VC202400415
CONT2024006460,IMPORT,NSFT,VC202400415
CONT2024006461,IMPORT,NSFT,VC202400415
CONT2024006462,EXPORT,NSFT,VC202400415
CONT2024006463,IMPORT,NSFT,VC202400415
CONT2024006464,IMPORT,NSFT,VC202400415
CONT2024006465,IMPORT,NSFT,VC202400415
CONT2024006466,EXPORT,NSFT,VC202400415
CONT2024006467,IMPORT,NSFT,VC202400415
CONT2024006468,IMPORT,NSFT,VC202400415
CONT2024006469,IMPORT,NSFT,VC202400415
CONT2024006470,EXPORT,NSFT,VC202400415
CONT2024006471,EXPORT,NSFT,VC202400415
CONT2024006472,IMPORT,NSFT,VC202400416
CONT2024006473,EXPORT,NSFT,VC202400416
CONT2024006474,IMPORT,NSFT,VC202400416
CONT2024006475,EXPORT,NSFT,VC202400416
CONT2024006476,EXPORT,NSFT,VC202400416
CONT2024006477,IMPORT,NSFT,VC202400416
CONT2024006478,IMPORT,NSFT,VC202400416
CONT2024006479,IMPORT,NSFT,VC202400416
CONT2024006480,EXPORT,NSFT,VC202400416
CONT2024006481,EXPORT,NSFT,VC202400416
CONT2024006482,EXPORT,NSFT,VC202400416
CONT2024006483,IMPORT,NSFT,VC202400416
CONT2024006484,IMPORT,NSFT,VC202400416
CONT2024006485,IMPORT,NSFT,VC202400416
CONT2024006486,IMPORT,NSFT,VC202400416
CONT2024006487,IMPORT,NSFT,VC202400416
CONT2024006488,IMPORT,NSFT,VC202400416
CONT2024006489,IMPORT,NSFT,VC202400416
CONT2024006490,IMPORT,NSFT,VC202400416
CONT2024006491,IMPORT,NSFT,VC202400416
CONT2024006492,IMPORT,NSFT,VC202400416
CONT2024006493,IMPORT,NSFT,VC202400416
CONT2024006494,IMPORT,NSFT,VC202400416
CONT2024006495,EXPORT,NSFT,VC202400416
CONT2024006496,IMPORT,NSFT,VC202400416
CONT2024006497,IMPORT,NSFT,VC202400416
CONT2024006498,EXPORT,NSFT,VC202400416
CONT2024006499,IMPORT,NSFT,VC202400416
CONT2024006500,EXPORT,NSFT,VC202400416
CONT2024006501,EXPORT,NSFT,VC202400416
CONT2024006502,IMPORT,NSFT,VC202400416
CONT2024006503,EXPORT,NSFT,VC202400416
CONT2024006504,IMPORT,NSFT,VC202400416
CONT2024006505,EXPORT,NSFT,VC202400416
CONT2024006506,EXPORT,NSFT,VC202400416
CONT2024006507,EXPORT,NSFT,VC202400417
CONT2024006508,EXPORT,NSFT,VC202400417
CONT2024006509,EXPORT,NSFT,VC202400417
CONT2024006510,EXPORT,NSFT,VC202400417
CONT2024006511,IMPORT,NSFT,VC202400417
CONT2024006512,EXPORT,NSFT,VC202400417
CONT2024006513,IMPORT,NSFT,VC202400417
CONT2024006514,EXPORT,NSFT,VC202400417
CONT2024006515,EXPORT,NSFT,VC202400417
CONT2024006516,EXPORT,NSFT,VC202400417
CONT2024006517,EXPORT,NSFT,VC202400417
CONT2024006518,IMPORT,NSFT,VC202400417
CONT2024006519,EXPORT,NSFT,VC202400417
CONT2024006520,EXPORT,NSFT,VC202400417
CONT2024006521,EXPORT,NSFT,VC202400417
CONT2024006522,IMPORT,NSFT,VC202400417
CONT2024006523,IMPORT,NSFT,VC202400417
CONT2024006524,IMPORT,NSFT,VC202400417
CONT2024006525,EXPORT,NSFT,VC202400417
CONT2024006526,IMPORT,NSFT,VC202400417
CONT2024006527,IMPORT,NSFT,VC202400417
CONT2024006528,EXPORT,NSFT,VC202400417
CONT2024006529,IMPORT,NSFT,VC202400417
CONT2024006530,IMPORT,NSFT,VC202400418
CONT2024006531,IMPORT,NSFT,VC202400418
CONT2024006532,EXPORT,NSFT,VC202400418
CONT2024006533,EXPORT,NSFT,VC202400418
CONT2024006534,EXPORT,NSFT,VC202400418
CONT2024006535,EXPORT,NSFT,VC202400418
CONT2024006536,IMPORT,NSFT,VC202400418
CONT2024006537,EXPORT,NSFT,VC202400418
CONT2024006538,EXPORT,NSFT,VC202400418
CONT2024006539,EXPORT,NSIGT,VC202400419
CONT2024006540,EXPORT,NSIGT,VC202400419
CONT2024006541,IMPORT,NSIGT,VC202400419
CONT2024006542,IMPORT,NSIGT,VC202400419
CONT2024006543,IMPORT,NSIGT,VC202400419
CONT2024006544,IMPORT,NSIGT,VC202400419
CONT2024006545,IMPORT,NSIGT,VC202400419
CONT2024006546,EXPORT,NSIGT,VC202400419
CONT2024006547,EXPORT,NSIGT,VC202400419
CONT2024006548,EXPORT,NSIGT,VC202400419
CONT2024006549,EXPORT,NSIGT,VC202400419
CONT2024006550,EXPORT,NSIGT,VC202400419
CONT2024006551,EXPORT,NSIGT,VC202400419
CONT2024006552,EXPORT,NSIGT,VC202400419
CONT2024006553,IMPORT,NSIGT,VC202400419
CONT2024006554,EXPORT,NSIGT,VC202400419
CONT2024006555,EXPORT,NSIGT,VC202400419
CONT2024006556,EXPORT,NSIGT,VC202400419
CONT2024006557,IMPORT,NSIGT,VC202400419
CONT2024006558,IMPORT,BMCT,VC202400420
CONT2024006559,EXPORT,BMCT,VC202400420
CONT2024006560,IMPORT,BMCT,VC202400420
CONT2024006561,IMPORT,BMCT,VC202400420
CONT2024006562,EXPORT,BMCT,VC202400420
CONT2024006563,IMPORT,BMCT,VC202400420
CONT2024006564,EXPORT,BMCT,VC202400420
CONT2024006565,EXPORT,BMCT,VC202400420
CONT2024006566,IMPORT,BMCT,VC202400420
CONT2024006567,EXPORT,BMCT,VC202400420
CONT2024006568,EXPORT,BMCT,VC202400420
CONT2024006569,EXPORT,BMCT,VC202400420
CONT2024006570,IMPORT,BMCT,VC202400420
CONT2024006571,IMPORT,BMCT,VC202400420
CONT2024006572,IMPORT,BMCT,VC202400420
CONT2024006573,EXPORT,BMCT,VC202400420
CONT2024006574,IMPORT,BMCT,VC202400420
CONT2024006575,EXPORT,BMCT,VC202400420
CONT2024006576,IMPORT,BMCT,VC202400420
CONT2024006577,IMPORT,BMCT,VC202400420
CONT2024006578,IMPORT,BMCT,VC202400421
CONT2024006579,IMPORT,BMCT,VC202400421
CONT2024006580,IMPORT,BMCT,VC202400421
CONT2024006581,EXPORT,BMCT,VC202400421
CONT2024006582,EXPORT,BMCT,VC202400421
CONT2024006583,EXPORT,BMCT,VC202400421
CONT2024006584,IMPORT,BMCT,VC202400421
CONT2024006585,IMPORT,BMCT,VC202400422
CONT2024006586,EXPORT,BMCT,VC202400422
CONT2024006587,EXPORT,BMCT,VC202400422
CONT2024006588,IMPORT,BMCT,VC202400422
CONT2024006589,EXPORT,BMCT,VC202400422
CONT2024006590,EXPORT,BMCT,VC202400422
CONT2024006591,IMPORT,BMCT,VC202400422
CONT2024006592,IMPORT,BMCT,VC202400422
CONT2024006593,EXPORT,BMCT,VC202400422
CONT2024006594,IMPORT,BMCT,VC202400422
CONT2024006595,EXPORT,NSFT,VC202400423
CONT2024006596,IMPORT,NSFT,VC202400423
CONT2024006597,EXPORT,NSFT,VC202400423
CONT2024006598,EXPORT,NSFT,VC202400423
CONT2024006599,IMPORT,NSFT,VC202400423
CONT2024006600,EXPORT,NSFT,VC202400423
CONT2024006601,EXPORT,BMCT,VC202400424
CONT2024006602,EXPORT,BMCT,VC202400424
CONT2024006603,IMPORT,BMCT,VC202400424
CONT2024006604,EXPORT,BMCT,VC202400424
CONT2024006605,EXPORT,BMCT,VC202400424
CONT2024006606,IMPORT,BMCT,VC202400424
CONT2024006607,EXPORT,BMCT,VC202400424
CONT2024006608,EXPORT,BMCT,VC202400424
CONT2024006609,EXPORT,BMCT,VC202400424
CONT2024006610,IMPORT,BMCT,VC202400424
CONT2024006611,IMPORT,BMCT,VC202400424
CONT2024006612,EXPORT,BMCT,VC202400424
CONT2024006613,EXPORT,BMCT,VC202400424
CONT2024006614,IMPORT,BMCT,VC202400424
CONT2024006615,IMPORT,BMCT,VC202400424
CONT2024006616,EXPORT,BMCT,VC202400424
CONT2024006617,EXPORT,BMCT,VC202400424
CONT2024006618,EXPORT,BMCT,VC202400424
CONT2024006619,IMPORT,NSFT,VC202400425
CONT2024006620,EXPORT,NSFT,VC202400425
CONT2024006621,IMPORT,NSFT,VC202400425
CONT2024006622,EXPORT,NSFT,VC202400425
CONT2024006623,IMPORT,NSFT,VC202400425
CONT2024006624,EXPORT,NSFT,VC202400425
CONT2024006625,EXPORT,NSFT,VC202400425
CONT2024006626,IMPORT,NSFT,VC202400425
CONT2024006627,EXPORT,NSFT,VC202400425
CONT2024006628,EXPORT,NSFT,VC202400425
CONT2024006629,EXPORT,NSFT,VC202400425
CONT2024006630,EXPORT,NSFT,VC202400425
CONT2024006631,EXPORT,NSFT,VC202400426
CONT2024006632,IMPORT,NSFT,VC202400426
CONT2024006633,IMPORT,NSFT,VC202400426
CONT2024006634,IMPORT,NSFT,VC202400426
CONT2024006635,IMPORT,NSFT,VC202400426
CONT2024006636,EXPORT,NSFT,VC202400426
CONT2024006637,EXPORT,NSFT,VC202400426
CONT2024006638,EXPORT,NSFT,VC202400426
CONT2024006639,IMPORT,NSFT,VC202400426
CONT2024006640,EXPORT,NSFT,VC202400426
CONT2024006641,EXPORT,NSFT,VC202400426
CONT2024006642,EXPORT,NSFT,VC202400426
CONT2024006643,EXPORT,NSFT,VC202400426
CONT2024006644,EXPORT,NSFT,VC202400426
CONT2024006645,EXPORT,GTI,VC202400427
CONT2024006646,EXPORT,GTI,VC202400427
CONT2024006647,IMPORT,GTI,VC202400427
CONT2024006648,EXPORT,GTI,VC202400427
CONT2024006649,EXPORT,GTI,VC202400427
CONT2024006650,IMPORT,GTI,VC202400427
CONT2024006651,EXPORT,GTI,VC202400427
CONT2024006652,EXPORT,GTI,VC202400427
CONT2024006653,EXPORT,GTI,VC202400427
CONT2024006654,IMPORT,GTI,VC202400427
CONT2024006655,IMPORT,GTI,VC202400427
CONT2024006656,EXPORT,GTI,VC202400427
CONT2024006657,IMPORT,GTI,VC202400427
CONT2024006658,IMPORT,GTI,VC202400427
CONT2024006659,EXPORT,GTI,VC202400427
CONT2024006660,IMPORT,GTI,VC202400427
CONT2024006661,EXPORT,GTI,VC202400427
CONT2024006662,IMPORT,GTI,VC202400427
CONT2024006663,IMPORT,GTI,VC202400427
CONT2024006664,EXPORT,GTI,VC202400427
CONT2024006665,EXPORT,GTI,VC202400427
CONT2024006666,EXPORT,GTI,VC202400427
CONT2024006667,EXPORT,GTI,VC202400427
CONT2024006668,EXPORT,GTI,VC202400427
CONT2024006669,EXPORT,GTI,VC202400427
CONT2024006670,IMPORT,NSICT,VC202400428
CONT2024006671,EXPORT,NSICT,VC202400428
CONT2024006672,EXPORT,NSICT,VC202400428
CONT2024006673,IMPORT,NSICT,VC202400428
CONT2024006674,IMPORT,NSICT,VC202400428
CONT2024006675,EXPORT,NSICT,VC202400428
CONT2024006676,EXPORT,NSICT,VC202400428
CONT2024006677,IMPORT,NSICT,VC202400428
CONT2024006678,EXPORT,NSICT,VC202400428
CONT2024006679,IMPORT,NSICT,VC202400428
CONT2024006680,EXPORT,NSICT,VC202400428
CONT2024006681,EXPORT,NSICT,VC202400428
CONT2024006682,EXPORT,NSICT,VC202400428
CONT2024006683,IMPORT,NSICT,VC202400428
CONT2024006684,EXPORT,NSICT,VC202400428
CONT2024006685,IMPORT,NSICT,VC202400428
CONT2024006686,IMPORT,NSICT,VC202400428
CONT2024006687,IMPORT,NSICT,VC202400428
CONT2024006688,EXPORT,NSICT,VC202400428
CONT2024006689,EXPORT,NSICT,VC202400428
CONT2024006690,IMPORT,NSICT,VC202400428
CONT2024006691,EXPORT,NSICT,VC202400428
CONT2024006692,EXPORT,NSICT,VC202400428
CONT2024006693,EXPORT,NSICT,VC202400428
CONT2024006694,IMPORT,NSICT,VC202400428
CONT2024006695,EXPORT,NSICT,VC202400428
CONT2024006696,EXPORT,NSICT,VC202400429
CONT2024006697,IMPORT,NSICT,VC202400429
CONT2024006698,EXPORT,NSICT,VC202400429
CONT2024006699,EXPORT,NSICT,VC202400429
CONT2024006700,EXPORT,NSICT,VC202400429
CONT2024006701,EXPORT,NSICT,VC202400429
CONT2024006702,EXPORT,NSICT,VC202400429
CONT2024006703,EXPORT,NSICT,VC202400429
CONT2024006704,IMPORT,NSICT,VC202400429
CONT2024006705,IMPORT,NSICT,VC202400429
CONT2024006706,IMPORT,NSICT,VC202400429
CONT2024006707,EXPORT,NSICT,VC202400429
CONT2024006708,EXPORT,NSICT,VC202400429
CONT2024006709,EXPORT,NSICT,VC202400429
CONT2024006710,IMPORT,NSICT,VC202400429
CONT2024006711,EXPORT,NSICT,VC202400429
CONT2024006712,IMPORT,NSICT,VC202400429
CONT2024006713,EXPORT,NSICT,VC202400429
CONT2024006714,IMPORT,NSICT,VC202400429
CONT2024006715,EXPORT,NSICT,VC202400429
CONT2024006716,EXPORT,NSICT,VC202400429
CONT2024006717,IMPORT,NSICT,VC202400429
CONT2024006718,IMPORT,NSICT,VC202400429
CONT2024006719,IMPORT,NSICT,VC202400429
CONT2024006720,IMPORT,GTI,VC202400430
CONT2024006721,IMPORT,GTI,VC202400430
CONT2024006722,EXPORT,GTI,VC202400430
CONT2024006723,EXPORT,GTI,VC202400430
CONT2024006724,EXPORT,GTI,VC202400430
CONT2024006725,IMPORT,GTI,VC202400430
CONT2024006726,IMPORT,GTI,VC202400430
CONT2024006727,EXPORT,GTI,VC202400430
CONT2024006728,EXPORT,GTI,VC202400430
CONT2024006729,IMPORT,GTI,VC202400430
CONT2024006730,IMPORT,GTI,VC202400430
CONT2024006731,EXPORT,GTI,VC202400430
CONT2024006732,IMPORT,GTI,VC202400430
CONT2024006733,EXPORT,GTI,VC202400430
CONT2024006734,EXPORT,GTI,VC202400430
CONT2024006735,EXPORT,GTI,VC202400430
CONT2024006736,EXPORT,GTI,VC202400430
CONT2024006737,EXPORT,GTI,VC202400430
CONT2024006738,EXPORT,GTI,VC202400430
CONT2024006739,IMPORT,GTI,VC202400430
CONT2024006740,IMPORT,GTI,VC202400430
CONT2024006741,EXPORT,GTI,VC202400430
CONT2024006742,EXPORT,GTI,VC202400430
CONT2024006743,EXPORT,GTI,VC202400430
CONT2024006744,EXPORT,NSIGT,VC202400431
CONT2024006745,EXPORT,NSIGT,VC202400431
CONT2024006746,IMPORT,NSIGT,VC202400431
CONT2024006747,IMPORT,NSIGT,VC202400431
CONT2024006748,IMPORT,NSIGT,VC202400431
CONT2024006749,EXPORT,NSIGT,VC202400431
CONT2024006750,IMPORT,NSIGT,VC202400431
CONT2024006751,EXPORT,NSIGT,VC202400431
CONT2024006752,EXPORT,NSIGT,VC202400431
CONT2024006753,EXPORT,NSIGT,VC202400431
CONT2024006754,IMPORT,NSIGT,VC202400431
CONT2024006755,EXPORT,NSIGT,VC202400431
CONT2024006756,IMPORT,NSIGT,VC202400431
CONT2024006757,IMPORT,NSIGT,VC202400431
CONT2024006758,IMPORT,NSICT,VC202400432
CONT2024006759,EXPORT,NSICT,VC202400432
CONT2024006760,EXPORT,NSICT,VC202400432
CONT2024006761,IMPORT,NSICT,VC202400432
CONT2024006762,IMPORT,NSICT,VC202400432
CONT2024006763,IMPORT,NSICT,VC202400432
CONT2024006764,IMPORT,NSICT,VC202400432
CONT2024006765,IMPORT,NSICT,VC202400432
CONT2024006766,EXPORT,NSICT,VC202400432
CONT2024006767,IMPORT,NSICT,VC202400432
CONT2024006768,IMPORT,NSICT,VC202400432
CONT2024006769,IMPORT,NSICT,VC202400432
CONT2024006770,IMPORT,NSICT,VC202400432
CONT2024006771,IMPORT,NSICT,VC202400433
CONT2024006772,EXPORT,NSICT,VC202400433
CONT2024006773,EXPORT,NSICT,VC202400433
CONT2024006774,EXPORT,NSICT,VC202400433
CONT2024006775,EXPORT,NSICT,VC202400433
CONT2024006776,IMPORT,NSICT,VC202400433
CONT2024006777,EXPORT,NSICT,VC202400433
CONT2024006778,EXPORT,NSICT,VC202400433
CONT2024006779,IMPORT,NSICT,VC202400433
CONT2024006780,IMPORT,NSICT,VC202400433
CONT2024006781,EXPORT,NSICT,VC202400433
CONT2024006782,EXPORT,NSICT,VC202400433
CONT2024006783,EXPORT,NSICT,VC202400433
CONT2024006784,IMPORT,NSICT,VC202400433
CONT2024006785,IMPORT,NSICT,VC202400433
CONT2024006786,IMPORT,NSICT,VC202400433
CONT2024006787,IMPORT,NSICT,VC202400433
CONT2024006788,EXPORT,NSICT,VC202400433
CONT2024006789,EXPORT,NSICT,VC202400433
CONT2024006790,IMPORT,NSICT,VC202400433
CONT2024006791,IMPORT,NSICT,VC202400433
CONT2024006792,EXPORT,NSICT,VC202400433
CONT2024006793,IMPORT,NSICT,VC202400433
CONT2024006794,IMPORT,NSICT,VC202400433
CONT2024006795,EXPORT,NSICT,VC202400433
CONT2024006796,EXPORT,NSICT,VC202400433
CONT2024006797,EXPORT,NSICT,VC202400433
CONT2024006798,IMPORT,NSICT,VC202400433
CONT2024006799,IMPORT,NSICT,VC202400433
CONT2024006800,IMPORT,NSICT,VC202400433
CONT2024006801,EXPORT,NSICT,VC202400433
CONT2024006802,IMPORT,NSIGT,VC202400434
CONT2024006803,EXPORT,NSIGT,VC202400434
CONT2024006804,IMPORT,NSIGT,VC202400434
CONT2024006805,EXPORT,NSIGT,VC202400434
CONT2024006806,EXPORT,NSIGT,VC202400434
CONT2024006807,IMPORT,NSIGT,VC202400434
CONT2024006808,EXPORT,NSIGT,VC202400434
CONT2024006809,IMPORT,NSIGT,VC202400434
CONT2024006810,IMPORT,NSIGT,VC202400434
CONT2024006811,IMPORT,NSIGT,VC202400434
CONT2024006812,EXPORT,NSIGT,VC202400434
CONT2024006813,EXPORT,NSFT,VC202400435
CONT2024006814,IMPORT,NSFT,VC202400435
CONT2024006815,EXPORT,NSFT,VC202400435
CONT2024006816,IMPORT,NSFT,VC202400435
CONT2024006817,EXPORT,NSFT,VC202400435
CONT2024006818,IMPORT,NSFT,VC202400435
CONT2024006819,IMPORT,NSICT,VC202400436
CONT2024006820,IMPORT,NSICT,VC202400436
CONT2024006821,IMPORT,NSICT,VC202400436
CONT2024006822,IMPORT,NSICT,VC202400436
CONT2024006823,IMPORT,NSICT,VC202400436
CONT2024006824,EXPORT,NSICT,VC202400436
CONT2024006825,EXPORT,NSIGT,VC202400437
CONT2024006826,IMPORT,NSIGT,VC202400437
CONT2024006827,EXPORT,NSIGT,VC202400437
CONT2024006828,IMPORT,NSIGT,VC202400437
CONT2024006829,EXPORT,NSIGT,VC202400437
CONT2024006830,IMPORT,NSIGT,VC202400437
CONT2024006831,EXPORT,NSIGT,VC202400437
CONT2024006832,EXPORT,NSIGT,VC202400437
CONT2024006833,IMPORT,NSIGT,VC202400437
CONT2024006834,EXPORT,NSIGT,VC202400437
CONT2024006835,EXPORT,NSIGT,VC202400437
CONT2024006836,EXPORT,NSIGT,VC202400437
CONT2024006837,IMPORT,NSIGT,VC202400437
CONT2024006838,EXPORT,NSIGT,VC202400437
CONT2024006839,EXPORT,NSIGT,VC202400437
CONT2024006840,IMPORT,NSIGT,VC202400437
CONT2024006841,EXPORT,NSIGT,VC202400437
CONT2024006842,IMPORT,NSIGT,VC202400437
CONT2024006843,EXPORT,NSIGT,VC202400437
CONT2024006844,EXPORT,NSIGT,VC202400437
CONT2024006845,EXPORT,NSIGT,VC202400437
CONT2024006846,EXPORT,NSIGT,VC202400437
CONT2024006847,EXPORT,NSIGT,VC202400437
CONT2024006848,EXPORT,BMCT,VC202400438
CONT2024006849,EXPORT,BMCT,VC202400438
CONT2024006850,EXPORT,BMCT,VC202400438
CONT2024006851,EXPORT,BMCT,VC202400438
CONT2024006852,IMPORT,BMCT,VC202400438
CONT2024006853,EXPORT,BMCT,VC202400438
CONT2024006854,IMPORT,BMCT,VC202400438
CONT2024006855,IMPORT,BMCT,VC202400438
CONT2024006856,IMPORT,BMCT,VC202400438
CONT2024006857,IMPORT,BMCT,VC202400438
CONT2024006858,EXPORT,BMCT,VC202400438
CONT2024006859,EXPORT,BMCT,VC202400438
CONT2024006860,IMPORT,BMCT,VC202400438
CONT2024006861,EXPORT,NSFT,VC202400439
CONT2024006862,IMPORT,NSFT,VC202400439
CONT2024006863,IMPORT,NSFT,VC202400439
CONT2024006864,IMPORT,NSFT,VC202400439
CONT2024006865,IMPORT,NSFT,VC202400439
CONT2024006866,IMPORT,NSFT,VC202400439
CONT2024006867,IMPORT,NSFT,VC202400439
CONT2024006868,EXPORT,NSFT,VC202400439
CONT2024006869,EXPORT,NSFT,VC202400439
CONT2024006870,IMPORT,NSFT,VC202400439
CONT2024006871,IMPORT,NSFT,VC202400439
CONT2024006872,IMPORT,NSFT,VC202400439
CONT2024006873,IMPORT,NSFT,VC202400439
CONT2024006874,IMPORT,NSFT,VC202400439
CONT2024006875,EXPORT,NSFT,VC202400439
CONT2024006876,IMPORT,NSFT,VC202400439
CONT2024006877,IMPORT,NSFT,VC202400439
CONT2024006878,EXPORT,NSFT,VC202400439
CONT2024006879,IMPORT,NSFT,VC202400439
CONT2024006880,IMPORT,NSFT,VC202400439
CONT2024006881,IMPORT,NSFT,VC202400439
CONT2024006882,EXPORT,NSFT,VC202400439
CONT2024006883,IMPORT,NSFT,VC202400439
CONT2024006884,IMPORT,NSFT,VC202400439
CONT2024006885,IMPORT,NSFT,VC202400439
CONT2024006886,EXPORT,GTI,VC202400440
CONT2024006887,EXPORT,GTI,VC202400440
CONT2024006888,IMPORT,GTI,VC202400440
CONT2024006889,EXPORT,GTI,VC202400440
CONT2024006890,IMPORT,GTI,VC202400440
CONT2024006891,EXPORT,GTI,VC202400440
CONT2024006892,IMPORT,GTI,VC202400440
CONT2024006893,EXPORT,BMCT,VC202400441
CONT2024006894,EXPORT,BMCT,VC202400441
CONT2024006895,EXPORT,BMCT,VC202400441
CONT2024006896,IMPORT,BMCT,VC202400441
CONT2024006897,EXPORT,BMCT,VC202400441
CONT2024006898,IMPORT,BMCT,VC202400441
CONT2024006899,IMPORT,BMCT,VC202400441
CONT2024006900,EXPORT,BMCT,VC202400441
CONT2024006901,EXPORT,BMCT,VC202400441
CONT2024006902,EXPORT,BMCT,VC202400441
CONT2024006903,IMPORT,BMCT,VC202400441
CONT2024006904,EXPORT,BMCT,VC202400441
CONT2024006905,EXPORT,NSICT,VC202400442
CONT2024006906,EXPORT,NSICT,VC202400442
CONT2024006907,IMPORT,NSICT,VC202400442
CONT2024006908,EXPORT,NSICT,VC202400442
CONT2024006909,IMPORT,NSICT,VC202400442
CONT2024006910,IMPORT,NSICT,VC202400442
CONT2024006911,IMPORT,NSICT,VC202400442
CONT2024006912,EXPORT,NSICT,VC202400442
CONT2024006913,IMPORT,NSICT,VC202400442
CONT2024006914,IMPORT,NSICT,VC202400442
CONT2024006915,IMPORT,NSICT,VC202400442
CONT2024006916,EXPORT,NSICT,VC202400442
CONT2024006917,EXPORT,NSICT,VC202400442
CONT2024006918,EXPORT,NSICT,VC202400442
CONT2024006919,EXPORT,NSICT,VC202400442
CONT2024006920,IMPORT,NSICT,VC202400442
CONT2024006921,IMPORT,GTI,VC202400443
CONT2024006922,IMPORT,GTI,VC202400443
CONT2024006923,IMPORT,GTI,VC202400443
CONT2024006924,EXPORT,GTI,VC202400443
CONT2024006925,IMPORT,GTI,VC202400443
CONT2024006926,IMPORT,GTI,VC202400443
CONT2024006927,EXPORT,GTI,VC202400443
CONT2024006928,IMPORT,GTI,VC202400443
CONT2024006929,IMPORT,GTI,VC202400443
CONT2024006930,EXPORT,GTI,VC202400443
CONT2024006931,EXPORT,GTI,VC202400443
CONT2024006932,IMPORT,GTI,VC202400443
CONT2024006933,EXPORT,GTI,VC202400443
CONT2024006934,IMPORT,GTI,VC202400443
CONT2024006935,IMPORT,GTI,VC202400443
CONT2024006936,IMPORT,GTI,VC202400443
CONT2024006937,EXPORT,GTI,VC202400443
CONT2024006938,IMPORT,GTI,VC202400443
CONT2024006939,EXPORT,GTI,VC202400443
CONT2024006940,IMPORT,GTI,VC202400443
CONT2024006941,IMPORT,GTI,VC202400443
CONT2024006942,EXPORT,GTI,VC202400443
CONT2024006943,IMPORT,GTI,VC202400443
CONT2024006944,EXPORT,GTI,VC202400443
CONT2024006945,IMPORT,GTI,VC202400443
CONT2024006946,EXPORT,GTI,VC202400443
CONT2024006947,IMPORT,GTI,VC202400443
CONT2024006948,IMPORT,GTI,VC202400443
CONT2024006949,IMPORT,GTI,VC202400443
CONT2024006950,IMPORT,GTI,VC202400443
CONT2024006951,IMPORT,GTI,VC202400443
CONT2024006952,IMPORT,GTI,VC202400443
CONT2024006953,EXPORT,GTI,VC202400443
CONT2024006954,EXPORT,GTI,VC202400443
CONT2024006955,IMPORT,GTI,VC202400443
CONT2024006956,EXPORT,GTI,VC202400443
CONT2024006957,EXPORT,GTI,VC202400443
CONT2024006958,EXPORT,GTI,VC202400443
CONT2024006959,EXPORT,GTI,VC202400443
CONT2024006960,EXPORT,BMCT,VC202400444
CONT2024006961,IMPORT,BMCT,VC202400444
CONT2024006962,EXPORT,BMCT,VC202400444
CONT2024006963,EXPORT,BMCT,VC202400444
CONT2024006964,EXPORT,BMCT,VC202400444
CONT2024006965,IMPORT,BMCT,VC202400444
CONT2024006966,EXPORT,BMCT,VC202400444
CONT2024006967,EXPORT,BMCT,VC202400444
CONT2024006968,IMPORT,BMCT,VC202400444
CONT2024006969,IMPORT,GTI,VC202400445
CONT2024006970,IMPORT,GTI,VC202400445
CONT2024006971,IMPORT,GTI,VC202400445
CONT2024006972,IMPORT,GTI,VC202400445
CONT2024006973,EXPORT,GTI,VC202400445
CONT2024006974,EXPORT,GTI,VC202400445
CONT2024006975,EXPORT,GTI,VC202400445
CONT2024006976,IMPORT,GTI,VC202400445
CONT2024006977,EXPORT,GTI,VC202400445
CONT2024006978,IMPORT,GTI,VC202400445
CONT2024006979,IMPORT,GTI,VC202400445
CONT2024006980,IMPORT,GTI,VC202400445
CONT2024006981,IMPORT,GTI,VC202400445
CONT2024006982,EXPORT,GTI,VC202400445
CONT2024006983,IMPORT,GTI,VC202400445
CONT2024006984,EXPORT,GTI,VC202400445
CONT2024006985,IMPORT,GTI,VC202400445
CONT2024006986,EXPORT,GTI,VC202400445
CONT2024006987,IMPORT,GTI,VC202400445
CONT2024006988,IMPORT,GTI,VC202400445
CONT2024006989,IMPORT,GTI,VC202400445
CONT2024006990,IMPORT,GTI,VC202400445
CONT2024006991,EXPORT,GTI,VC202400445
CONT2024006992,EXPORT,GTI,VC202400445
CONT2024006993,EXPORT,GTI,VC202400445
CONT2024006994,EXPORT,NSICT,VC202400446
CONT2024006995,IMPORT,NSICT,VC202400446
CONT2024006996,IMPORT,NSICT,VC202400446
CONT2024006997,IMPORT,NSICT,VC202400446
CONT2024006998,EXPORT,NSICT,VC202400446
CONT2024006999,EXPORT,NSICT,VC202400446
CONT2024007000,EXPORT,NSICT,VC202400446
CONT2024007001,IMPORT,NSICT,VC202400446
CONT2024007002,IMPORT,NSICT,VC202400446
CONT2024007003,IMPORT,NSICT,VC202400446
CONT2024007004,EXPORT,NSICT,VC202400446
CONT2024007005,IMPORT,NSICT,VC202400446
CONT2024007006,IMPORT,NSICT,VC202400446
CONT2024007007,IMPORT,NSIGT,VC202400447
CONT2024007008,IMPORT,NSIGT,VC202400447
CONT2024007009,IMPORT,NSIGT,VC202400447
CONT2024007010,EXPORT,NSIGT,VC202400447
CONT2024007011,EXPORT,NSIGT,VC202400447
CONT2024007012,EXPORT,NSIGT,VC202400447
CONT2024007013,IMPORT,NSIGT,VC202400447
CONT2024007014,IMPORT,NSIGT,VC202400447
CONT2024007015,EXPORT,NSIGT,VC202400447
CONT2024007016,IMPORT,NSIGT,VC202400447
CONT2024007017,EXPORT,NSIGT,VC202400447
CONT2024007018,EXPORT,BMCT,VC202400448
CONT2024007019,IMPORT,BMCT,VC202400448
CONT2024007020,EXPORT,BMCT,VC202400448
CONT2024007021,IMPORT,BMCT,VC202400448
CONT2024007022,EXPORT,BMCT,VC202400448
CONT2024007023,IMPORT,BMCT,VC202400448
CONT2024007024,EXPORT,BMCT,VC202400448
CONT2024007025,IMPORT,BMCT,VC202400448
CONT2024007026,EXPORT,BMCT,VC202400448
CONT2024007027,EXPORT,BMCT,VC202400448
CONT2024007028,IMPORT,BMCT,VC202400448
CONT2024007029,EXPORT,BMCT,VC202400448
CONT2024007030,IMPORT,BMCT,VC202400448
CONT2024007031,EXPORT,BMCT,VC202400448
CONT2024007032,IMPORT,BMCT,VC202400448
CONT2024007033,EXPORT,BMCT,VC202400448
CONT2024007034,EXPORT,BMCT,VC202400448
CONT2024007035,EXPORT,BMCT,VC202400448
CONT2024007036,EXPORT,BMCT,VC202400448
CONT2024007037,IMPORT,BMCT,VC202400448
CONT2024007038,EXPORT,BMCT,VC202400448
CONT2024007039,EXPORT,BMCT,VC202400448
CONT2024007040,IMPORT,BMCT,VC202400448
CONT2024007041,EXPORT,BMCT,VC202400448
CONT2024007042,EXPORT,BMCT,VC202400448
CONT2024007043,EXPORT,BMCT,VC202400449
CONT2024007044,EXPORT,BMCT,VC202400449
CONT2024007045,IMPORT,BMCT,VC202400449
CONT2024007046,IMPORT,BMCT,VC202400449
CONT2024007047,EXPORT,BMCT,VC202400449
CONT2024007048,IMPORT,BMCT,VC202400449
CONT2024007049,EXPORT,BMCT,VC202400449
CONT2024007050,EXPORT,BMCT,VC202400449
CONT2024007051,IMPORT,BMCT,VC202400449
CONT2024007052,IMPORT,BMCT,VC202400449
CONT2024007053,EXPORT,BMCT,VC202400449
CONT2024007054,IMPORT,BMCT,VC202400449
CONT2024007055,EXPORT,BMCT,VC202400449
CONT2024007056,IMPORT,BMCT,VC202400449
CONT2024007057,EXPORT,BMCT,VC202400449
CONT2024007058,EXPORT,BMCT,VC202400449
CONT2024007059,IMPORT,BMCT,VC202400449
CONT2024007060,EXPORT,BMCT,VC202400449
CONT2024007061,EXPORT,BMCT,VC202400449
CONT2024007062,IMPORT,BMCT,VC202400449
CONT2024007063,EXPORT,BMCT,VC202400449
CONT2024007064,EXPORT,BMCT,VC202400449
CONT2024007065,IMPORT,BMCT,VC202400449
CONT2024007066,IMPORT,BMCT,VC202400449
CONT2024007067,EXPORT,BMCT,VC202400449
CONT2024007068,EXPORT,BMCT,VC202400449
CONT2024007069,EXPORT,BMCT,VC202400449
CONT2024007070,EXPORT,BMCT,VC202400449
CONT2024007071,EXPORT,BMCT,VC202400449
CONT2024007072,IMPORT,BMCT,VC202400449
CONT2024007073,EXPORT,BMCT,VC202400449
CONT2024007074,EXPORT,BMCT,VC202400449
CONT2024007075,EXPORT,GTI,VC202400450
CONT2024007076,IMPORT,GTI,VC202400450
CONT2024007077,EXPORT,GTI,VC202400450
CONT2024007078,EXPORT,GTI,VC202400450
CONT2024007079,EXPORT,GTI,VC202400450
CONT2024007080,EXPORT,GTI,VC202400450
CONT2024007081,EXPORT,GTI,VC202400450
CONT2024007082,EXPORT,GTI,VC202400450
CONT2024007083,EXPORT,GTI,VC202400450
CONT2024007084,IMPORT,GTI,VC202400450
CONT2024007085,IMPORT,GTI,VC202400450
CONT2024007086,EXPORT,GTI,VC202400450
CONT2024007087,EXPORT,GTI,VC202400450
CONT2024007088,IMPORT,GTI,VC202400450
CONT2024007089,EXPORT,GTI,VC202400450
CONT2024007090,IMPORT,NSIGT,VC202400451
CONT2024007091,EXPORT,NSIGT,VC202400451
CONT2024007092,IMPORT,NSIGT,VC202400451
CONT2024007093,IMPORT,NSIGT,VC202400451
CONT2024007094,IMPORT,NSIGT,VC202400451
CONT2024007095,EXPORT,NSIGT,VC202400451
CONT2024007096,EXPORT,GTI,VC202400452
CONT2024007097,EXPORT,GTI,VC202400452
CONT2024007098,EXPORT,GTI,VC202400452
CONT2024007099,IMPORT,GTI,VC202400452
CONT2024007100,EXPORT,GTI,VC202400452
CONT2024007101,EXPORT,GTI,VC202400452
CONT2024007102,EXPORT,GTI,VC202400452
CONT2024007103,EXPORT,GTI,VC202400452
CONT2024007104,EXPORT,GTI,VC202400452
CONT2024007105,IMPORT,GTI,VC202400453
CONT2024007106,EXPORT,GTI,VC202400453
CONT2024007107,EXPORT,GTI,VC202400453
CONT2024007108,EXPORT,GTI,VC202400453
CONT2024007109,EXPORT,GTI,VC202400453
CONT2024007110,IMPORT,GTI,VC202400453
CONT2024007111,EXPORT,GTI,VC202400453
CONT2024007112,IMPORT,GTI,VC202400453
CONT2024007113,EXPORT,GTI,VC202400453
CONT2024007114,IMPORT,GTI,VC202400453
CONT2024007115,IMPORT,BMCT,VC202400454
CONT2024007116,EXPORT,BMCT,VC202400454
CONT2024007117,EXPORT,BMCT,VC202400454
CONT2024007118,EXPORT,BMCT,VC202400454
CONT2024007119,EXPORT,BMCT,VC202400454
CONT2024007120,IMPORT,BMCT,VC202400454
CONT2024007121,IMPORT,BMCT,VC202400454
CONT2024007122,IMPORT,BMCT,VC202400454
CONT2024007123,EXPORT,BMCT,VC202400454
CONT2024007124,EXPORT,BMCT,VC202400454
CONT2024007125,IMPORT,BMCT,VC202400454
CONT2024007126,IMPORT,BMCT,VC202400454
CONT2024007127,IMPORT,BMCT,VC202400454
CONT2024007128,EXPORT,BMCT,VC202400454
CONT2024007129,IMPORT,BMCT,VC202400454
CONT2024007130,EXPORT,BMCT,VC202400454
CONT2024007131,EXPORT,BMCT,VC202400454
CONT2024007132,EXPORT,BMCT,VC202400454
CONT2024007133,EXPORT,BMCT,VC202400454
CONT2024007134,IMPORT,BMCT,VC202400454
CONT2024007135,EXPORT,BMCT,VC202400454
CONT2024007136,IMPORT,BMCT,VC202400455
CONT2024007137,EXPORT,BMCT,VC202400455
CONT2024007138,EXPORT,BMCT,VC202400455
CONT2024007139,IMPORT,BMCT,VC202400455
CONT2024007140,IMPORT,BMCT,VC202400455
CONT2024007141,IMPORT,BMCT,VC202400455
CONT2024007142,EXPORT,NSIGT,VC202400456
CONT2024007143,IMPORT,NSIGT,VC202400456
CONT2024007144,IMPORT,NSIGT,VC202400456
CONT2024007145,IMPORT,NSIGT,VC202400456
CONT2024007146,EXPORT,NSIGT,VC202400456
CONT2024007147,IMPORT,NSIGT,VC202400456
CONT2024007148,EXPORT,NSIGT,VC202400456
CONT2024007149,IMPORT,NSIGT,VC202400456
CONT2024007150,IMPORT,NSIGT,VC202400456
CONT2024007151,IMPORT,NSIGT,VC202400456
CONT2024007152,IMPORT,NSIGT,VC202400456
CONT2024007153,EXPORT,NSIGT,VC202400456
CONT2024007154,EXPORT,NSIGT,VC202400456
CONT2024007155,EXPORT,NSIGT,VC202400456
CONT2024007156,EXPORT,NSICT,VC202400457
CONT2024007157,EXPORT,NSICT,VC202400457
CONT2024007158,IMPORT,NSICT,VC202400457
CONT2024007159,EXPORT,NSICT,VC202400457
CONT2024007160,IMPORT,NSICT,VC202400457
CONT2024007161,EXPORT,NSICT,VC202400457
CONT2024007162,IMPORT,NSICT,VC202400457
CONT2024007163,IMPORT,NSICT,VC202400457
CONT2024007164,IMPORT,NSICT,VC202400457
CONT2024007165,EXPORT,NSICT,VC202400457
CONT2024007166,IMPORT,NSICT,VC202400457
CONT2024007167,EXPORT,NSICT,VC202400457
CONT2024007168,IMPORT,NSICT,VC202400457
CONT2024007169,IMPORT,NSICT,VC202400457
CONT2024007170,IMPORT,NSICT,VC202400457
CONT2024007171,IMPORT,NSIGT,VC202400458
CONT2024007172,IMPORT,NSIGT,VC202400458
CONT2024007173,IMPORT,NSIGT,VC202400458
CONT2024007174,IMPORT,NSIGT,VC202400458
CONT2024007175,IMPORT,NSIGT,VC202400458
CONT2024007176,EXPORT,NSIGT,VC202400458
CONT2024007177,IMPORT,NSIGT,VC202400458
CONT2024007178,IMPORT,NSIGT,VC202400458
CONT2024007179,EXPORT,NSIGT,VC202400458
CONT2024007180,IMPORT,NSIGT,VC202400458
CONT2024007181,IMPORT,NSIGT,VC202400458
CONT2024007182,IMPORT,NSIGT,VC202400458
CONT2024007183,EXPORT,NSIGT,VC202400458
CONT2024007184,IMPORT,NSIGT,VC202400458
CONT2024007185,EXPORT,NSIGT,VC202400458
CONT2024007186,EXPORT,NSIGT,VC202400458
CONT2024007187,EXPORT,NSIGT,VC202400458
CONT2024007188,EXPORT,NSIGT,VC202400458
CONT2024007189,IMPORT,GTI,VC202400459
CONT2024007190,EXPORT,GTI,VC202400459
CONT2024007191,EXPORT,GTI,VC202400459
CONT2024007192,IMPORT,GTI,VC202400459
CONT2024007193,EXPORT,GTI,VC202400459
CONT2024007194,EXPORT,GTI,VC202400459
CONT2024007195,EXPORT,GTI,VC202400459
CONT2024007196,EXPORT,GTI,VC202400459
CONT2024007197,EXPORT,GTI,VC202400459
CONT2024007198,IMPORT,GTI,VC202400459
CONT2024007199,IMPORT,GTI,VC202400459
CONT2024007200,IMPORT,GTI,VC202400459
CONT2024007201,EXPORT,GTI,VC202400459
CONT2024007202,EXPORT,GTI,VC202400459
CONT2024007203,IMPORT,GTI,VC202400459
CONT2024007204,IMPORT,GTI,VC202400459
CONT2024007205,IMPORT,GTI,VC202400459
CONT2024007206,IMPORT,GTI,VC202400459
CONT2024007207,EXPORT,GTI,VC202400459
CONT2024007208,IMPORT,GTI,VC202400459
CONT2024007209,EXPORT,GTI,VC202400459
CONT2024007210,IMPORT,GTI,VC202400459
CONT2024007211,EXPORT,GTI,VC202400459
CONT2024007212,IMPORT,GTI,VC202400459
CONT2024007213,EXPORT,GTI,VC202400459
CONT2024007214,IMPORT,GTI,VC202400459
CONT2024007215,EXPORT,NSICT,VC202400460
CONT2024007216,EXPORT,NSICT,VC202400460
CONT2024007217,IMPORT,NSICT,VC202400460
CONT2024007218,EXPORT,NSICT,VC202400460
CONT2024007219,IMPORT,NSICT,VC202400460
CONT2024007220,EXPORT,NSICT,VC202400460
CONT2024007221,EXPORT,NSICT,VC202400460
CONT2024007222,EXPORT,GTI,VC202400461
CONT2024007223,IMPORT,GTI,VC202400461
CONT2024007224,IMPORT,GTI,VC202400461
CONT2024007225,IMPORT,GTI,VC202400461
CONT2024007226,IMPORT,GTI,VC202400461
CONT2024007227,EXPORT,GTI,VC202400461
CONT2024007228,IMPORT,GTI,VC202400461
CONT2024007229,EXPORT,GTI,VC202400461
CONT2024007230,IMPORT,GTI,VC202400461
CONT2024007231,IMPORT,GTI,VC202400461
CONT2024007232,IMPORT,GTI,VC202400461
CONT2024007233,IMPORT,GTI,VC202400461
CONT2024007234,EXPORT,BMCT,VC202400462
CONT2024007235,IMPORT,BMCT,VC202400462
CONT2024007236,IMPORT,BMCT,VC202400462
CONT2024007237,EXPORT,BMCT,VC202400462
CONT2024007238,IMPORT,BMCT,VC202400462
CONT2024007239,IMPORT,BMCT,VC202400462
CONT2024007240,EXPORT,BMCT,VC202400462
CONT2024007241,EXPORT,BMCT,VC202400462
CONT2024007242,IMPORT,BMCT,VC202400462
CONT2024007243,IMPORT,BMCT,VC202400462
CONT2024007244,EXPORT,BMCT,VC202400462
CONT2024007245,EXPORT,NSFT,VC202400463
CONT2024007246,IMPORT,NSFT,VC202400463
CONT2024007247,EXPORT,NSFT,VC202400463
CONT2024007248,IMPORT,NSFT,VC202400463
CONT2024007249,EXPORT,NSFT,VC202400463
CONT2024007250,EXPORT,NSFT,VC202400463
CONT2024007251,IMPORT,NSFT,VC202400463
CONT2024007252,EXPORT,NSFT,VC202400463
CONT2024007253,EXPORT,NSFT,VC202400463
CONT2024007254,EXPORT,NSFT,VC202400463
CONT2024007255,IMPORT,NSFT,VC202400463
CONT2024007256,EXPORT,NSFT,VC202400463
CONT2024007257,IMPORT,GTI,VC202400464
CONT2024007258,IMPORT,GTI,VC202400464
CONT2024007259,EXPORT,GTI,VC202400464
CONT2024007260,EXPORT,GTI,VC202400464
CONT2024007261,IMPORT,GTI,VC202400464
CONT2024007262,IMPORT,GTI,VC202400464
CONT2024007263,IMPORT,GTI,VC202400464
CONT2024007264,IMPORT,GTI,VC202400464
CONT2024007265,EXPORT,GTI,VC202400464
CONT2024007266,EXPORT,GTI,VC202400464
CONT2024007267,EXPORT,GTI,VC202400464
CONT2024007268,EXPORT,GTI,VC202400465
CONT2024007269,EXPORT,GTI,VC202400465
CONT2024007270,IMPORT,GTI,VC202400465
CONT2024007271,EXPORT,GTI,VC202400465
CONT2024007272,EXPORT,GTI,VC202400465
CONT2024007273,EXPORT,GTI,VC202400465
CONT2024007274,EXPORT,GTI,VC202400465
CONT2024007275,IMPORT,GTI,VC202400465
CONT2024007276,EXPORT,GTI,VC202400465
CONT2024007277,EXPORT,GTI,VC202400465
CONT2024007278,IMPORT,GTI,VC202400465
CONT2024007279,EXPORT,GTI,VC202400465
CONT2024007280,IMPORT,GTI,VC202400465
CONT2024007281,EXPORT,GTI,VC202400465
CONT2024007282,IMPORT,GTI,VC202400465
CONT2024007283,EXPORT,GTI,VC202400466
CONT2024007284,IMPORT,GTI,VC202400466
CONT2024007285,EXPORT,GTI,VC202400466
CONT2024007286,EXPORT,GTI,VC202400466
CONT2024007287,IMPORT,GTI,VC202400466
CONT2024007288,IMPORT,GTI,VC202400466
CONT2024007289,IMPORT,GTI,VC202400466
CONT2024007290,IMPORT,GTI,VC202400466
CONT2024007291,EXPORT,GTI,VC202400466
CONT2024007292,IMPORT,GTI,VC202400466
CONT2024007293,IMPORT,GTI,VC202400466
CONT2024007294,EXPORT,GTI,VC202400466
CONT2024007295,IMPORT,GTI,VC202400466
CONT2024007296,EXPORT,GTI,VC202400466
CONT2024007297,EXPORT,GTI,VC202400466
CONT2024007298,IMPORT,GTI,VC202400466
CONT2024007299,EXPORT,GTI,VC202400466
CONT2024007300,EXPORT,GTI,VC202400466
CONT2024007301,EXPORT,GTI,VC202400466
CONT2024007302,EXPORT,GTI,VC202400466
CONT2024007303,IMPORT,GTI,VC202400466
CONT2024007304,EXPORT,GTI,VC202400466
CONT2024007305,IMPORT,GTI,VC202400466
CONT2024007306,EXPORT,GTI,VC202400466
CONT2024007307,EXPORT,NSICT,VC202400467
CONT2024007308,IMPORT,NSICT,VC202400467
CONT2024007309,IMPORT,NSICT,VC202400467
CONT2024007310,EXPORT,NSICT,VC202400467
CONT2024007311,EXPORT,NSICT,VC202400467
CONT2024007312,EXPORT,NSICT,VC202400467
CONT2024007313,IMPORT,NSICT,VC202400467
CONT2024007314,EXPORT,NSICT,VC202400467
CONT2024007315,IMPORT,NSIGT,VC202400468
CONT2024007316,IMPORT,NSIGT,VC202400468
CONT2024007317,EXPORT,NSIGT,VC202400468
CONT2024007318,IMPORT,NSIGT,VC202400468
CONT2024007319,EXPORT,NSIGT,VC202400468
CONT2024007320,IMPORT,NSIGT,VC202400468
CONT2024007321,IMPORT,NSIGT,VC202400468
CONT2024007322,EXPORT,NSIGT,VC202400468
CONT2024007323,EXPORT,NSIGT,VC202400468
CONT2024007324,EXPORT,NSIGT,VC202400469
CONT2024007325,EXPORT,NSIGT,VC202400469
CONT2024007326,EXPORT,NSIGT,VC202400469
CONT2024007327,EXPORT,NSIGT,VC202400469
CONT2024007328,IMPORT,NSIGT,VC202400469
CONT2024007329,IMPORT,NSIGT,VC202400469
CONT2024007330,EXPORT,NSIGT,VC202400469
CONT2024007331,EXPORT,NSIGT,VC202400469
CONT2024007332,EXPORT,NSIGT,VC202400469
CONT2024007333,EXPORT,BMCT,VC202400470
CONT2024007334,IMPORT,BMCT,VC202400470
CONT2024007335,IMPORT,BMCT,VC202400470
CONT2024007336,IMPORT,BMCT,VC202400470
CONT2024007337,EXPORT,BMCT,VC202400470
CONT2024007338,EXPORT,BMCT,VC202400470
CONT2024007339,EXPORT,BMCT,VC202400470
CONT2024007340,IMPORT,BMCT,VC202400470
CONT2024007341,EXPORT,BMCT,VC202400470
CONT2024007342,EXPORT,BMCT,VC202400470
CONT2024007343,EXPORT,BMCT,VC202400470
CONT2024007344,IMPORT,BMCT,VC202400470
CONT2024007345,EXPORT,BMCT,VC202400470
CONT2024007346,IMPORT,BMCT,VC202400470
CONT2024007347,EXPORT,BMCT,VC202400470
CONT2024007348,EXPORT,BMCT,VC202400470
CONT2024007349,IMPORT,BMCT,VC202400470
CONT2024007350,EXPORT,BMCT,VC202400470
CONT2024007351,EXPORT,BMCT,VC202400470
CONT2024007352,EXPORT,BMCT,VC202400470
CONT2024007353,EXPORT,BMCT,VC202400470
CONT2024007354,IMPORT,BMCT,VC202400470
CONT2024007355,EXPORT,BMCT,VC202400470
CONT2024007356,EXPORT,BMCT,VC202400470
CONT2024007357,IMPORT,BMCT,VC202400470
CONT2024007358,EXPORT,BMCT,VC202400470
CONT2024007359,EXPORT,BMCT,VC202400470
CONT2024007360,IMPORT,BMCT,VC202400470
CONT2024007361,IMPORT,GTI,VC202400471
CONT2024007362,EXPORT,GTI,VC202400471
CONT2024007363,EXPORT,GTI,VC202400471
CONT2024007364,IMPORT,GTI,VC202400471
CONT2024007365,EXPORT,GTI,VC202400471
CONT2024007366,IMPORT,GTI,VC202400471
CONT2024007367,EXPORT,GTI,VC202400471
CONT2024007368,EXPORT,GTI,VC202400471
CONT2024007369,IMPORT,GTI,VC202400471
CONT2024007370,IMPORT,GTI,VC202400471
CONT2024007371,EXPORT,GTI,VC202400471
CONT2024007372,IMPORT,NSICT,VC202400472
CONT2024007373,IMPORT,NSICT,VC202400472
CONT2024007374,EXPORT,NSICT,VC202400472
CONT2024007375,IMPORT,NSICT,VC202400472
CONT2024007376,EXPORT,NSICT,VC202400472
CONT2024007377,EXPORT,NSICT,VC202400472
CONT2024007378,EXPORT,NSICT,VC202400472
CONT2024007379,IMPORT,NSICT,VC202400472
CONT2024007380,IMPORT,NSICT,VC202400472
CONT2024007381,IMPORT,NSICT,VC202400472
CONT2024007382,EXPORT,NSICT,VC202400472
CONT2024007383,EXPORT,NSIGT,VC202400473
CONT2024007384,EXPORT,NSIGT,VC202400473
CONT2024007385,EXPORT,NSIGT,VC202400473
CONT2024007386,EXPORT,NSIGT,VC202400473
CONT2024007387,IMPORT,NSIGT,VC202400473
CONT2024007388,IMPORT,NSIGT,VC202400473
CONT2024007389,EXPORT,NSIGT,VC202400473
CONT2024007390,IMPORT,NSIGT,VC202400473
CONT2024007391,EXPORT,NSIGT,VC202400473
CONT2024007392,EXPORT,NSIGT,VC202400473
CONT2024007393,EXPORT,NSIGT,VC202400473
CONT2024007394,EXPORT,NSIGT,VC202400473
CONT2024007395,IMPORT,NSIGT,VC202400473
CONT2024007396,EXPORT,NSIGT,VC202400473
CONT2024007397,IMPORT,NSIGT,VC202400473
CONT2024007398,EXPORT,NSIGT,VC202400473
CONT2024007399,IMPORT,NSIGT,VC202400473
CONT2024007400,IMPORT,NSIGT,VC202400473
CONT2024007401,IMPORT,NSIGT,VC202400473
CONT2024007402,IMPORT,NSIGT,VC202400473
CONT2024007403,EXPORT,NSIGT,VC202400473
CONT2024007404,EXPORT,NSIGT,VC202400473
CONT2024007405,EXPORT,NSIGT,VC202400473
CONT2024007406,IMPORT,NSIGT,VC202400473
CONT2024007407,IMPORT,NSIGT,VC202400473
CONT2024007408,EXPORT,NSIGT,VC202400473
CONT2024007409,EXPORT,NSIGT,VC202400473
CONT2024007410,IMPORT,NSIGT,VC202400473
CONT2024007411,EXPORT,NSIGT,VC202400473
CONT2024007412,EXPORT,NSIGT,VC202400473
CONT2024007413,EXPORT,NSIGT,VC202400473
CONT2024007414,IMPORT,NSIGT,VC202400473
CONT2024007415,IMPORT,NSIGT,VC202400473
CONT2024007416,IMPORT,NSIGT,VC202400473
CONT2024007417,EXPORT,NSIGT,VC202400473
CONT2024007418,EXPORT,NSIGT,VC202400473
CONT2024007419,EXPORT,NSIGT,VC202400473
CONT2024007420,IMPORT,NSIGT,VC202400473
CONT2024007421,EXPORT,NSIGT,VC202400473
CONT2024007422,EXPORT,NSIGT,VC202400473
CONT2024007423,EXPORT,NSIGT,VC202400473
CONT2024007424,EXPORT,NSIGT,VC202400473
CONT2024007425,IMPORT,NSIGT,VC202400473
CONT2024007426,IMPORT,NSIGT,VC202400473
CONT2024007427,IMPORT,NSIGT,VC202400473
CONT2024007428,IMPORT,NSIGT,VC202400473
CONT2024007429,EXPORT,NSIGT,VC202400473
CONT2024007430,IMPORT,NSIGT,VC202400473
CONT2024007431,EXPORT,NSIGT,VC202400473
CONT2024007432,IMPORT,NSIGT,VC202400473
CONT2024007433,EXPORT,NSIGT,VC202400473
CONT2024007434,EXPORT,NSIGT,VC202400473
CONT2024007435,EXPORT,NSIGT,VC202400473
CONT2024007436,EXPORT,NSIGT,VC202400473
CONT2024007437,EXPORT,NSIGT,VC202400473
CONT2024007438,IMPORT,NSIGT,VC202400473
CONT2024007439,IMPORT,NSIGT,VC202400473
CONT2024007440,IMPORT,NSIGT,VC202400473
CONT2024007441,EXPORT,NSIGT,VC202400473
CONT2024007442,EXPORT,NSIGT,VC202400473
CONT2024007443,EXPORT,NSIGT,VC202400473
CONT2024007444,EXPORT,NSIGT,VC202400473
CONT2024007445,IMPORT,NSIGT,VC202400474
CONT2024007446,IMPORT,NSIGT,VC202400474
CONT2024007447,EXPORT,NSIGT,VC202400474
CONT2024007448,IMPORT,NSIGT,VC202400474
CONT2024007449,IMPORT,NSIGT,VC202400474
CONT2024007450,IMPORT,NSIGT,VC202400474
CONT2024007451,EXPORT,NSIGT,VC202400474
CONT2024007452,EXPORT,NSIGT,VC202400474
CONT2024007453,IMPORT,NSIGT,VC202400474
CONT2024007454,EXPORT,NSIGT,VC202400474
CONT2024007455,EXPORT,GTI,VC202400475
CONT2024007456,IMPORT,GTI,VC202400475
CONT2024007457,IMPORT,GTI,VC202400475
CONT2024007458,EXPORT,GTI,VC202400475
CONT2024007459,IMPORT,GTI,VC202400475
CONT2024007460,EXPORT,GTI,VC202400475
CONT2024007461,IMPORT,GTI,VC202400475
CONT2024007462,IMPORT,GTI,VC202400475
CONT2024007463,IMPORT,NSFT,VC202400476
CONT2024007464,EXPORT,NSFT,VC202400476
CONT2024007465,IMPORT,NSFT,VC202400476
CONT2024007466,IMPORT,NSFT,VC202400476
CONT2024007467,IMPORT,NSFT,VC202400476
CONT2024007468,EXPORT,NSFT,VC202400476
CONT2024007469,IMPORT,NSICT,VC202400477
CONT2024007470,EXPORT,NSICT,VC202400477
CONT2024007471,EXPORT,NSICT,VC202400477
CONT2024007472,EXPORT,NSICT,VC202400477
CONT2024007473,IMPORT,NSICT,VC202400477
CONT2024007474,EXPORT,NSICT,VC202400477
CONT2024007475,IMPORT,NSICT,VC202400477
CONT2024007476,IMPORT,NSICT,VC202400477
CONT2024007477,EXPORT,NSICT,VC202400477
CONT2024007478,EXPORT,NSICT,VC202400477
CONT2024007479,EXPORT,NSICT,VC202400477
CONT2024007480,EXPORT,NSICT,VC202400477
CONT2024007481,EXPORT,NSICT,VC202400477
CONT2024007482,IMPORT,NSICT,VC202400477
CONT2024007483,IMPORT,NSICT,VC202400477
CONT2024007484,EXPORT,NSICT,VC202400477
CONT2024007485,EXPORT,NSICT,VC202400477
CONT2024007486,IMPORT,NSICT,VC202400477
CONT2024007487,EXPORT,NSICT,VC202400477
CONT2024007488,EXPORT,NSICT,VC202400477
CONT2024007489,EXPORT,NSICT,VC202400477
CONT2024007490,IMPORT,NSICT,VC202400477
CONT2024007491,IMPORT,NSICT,VC202400477
CONT2024007492,EXPORT,NSICT,VC202400477
CONT2024007493,EXPORT,NSICT,VC202400477
CONT2024007494,EXPORT,NSICT,VC202400477
CONT2024007495,IMPORT,NSICT,VC202400477
CONT2024007496,EXPORT,NSICT,VC202400477
CONT2024007497,IMPORT,NSICT,VC202400477
CONT2024007498,EXPORT,NSICT,VC202400477
CONT2024007499,EXPORT,NSICT,VC202400477
CONT2024007500,EXPORT,NSICT,VC202400477
CONT2024007501,EXPORT,NSICT,VC202400477
CONT2024007502,IMPORT,NSICT,VC202400477
CONT2024007503,EXPORT,NSICT,VC202400477
CONT2024007504,IMPORT,NSICT,VC202400477
CONT2024007505,EXPORT,NSICT,VC202400477
CONT2024007506,EXPORT,NSICT,VC202400477
CONT2024007507,IMPORT,NSICT,VC202400477
CONT2024007508,IMPORT,NSICT,VC202400477
CONT2024007509,EXPORT,NSICT,VC202400477
CONT2024007510,IMPORT,NSFT,VC202400478
CONT2024007511,EXPORT,NSFT,VC202400478
CONT2024007512,EXPORT,NSFT,VC202400478
CONT2024007513,IMPORT,NSFT,VC202400478
CONT2024007514,IMPORT,NSFT,VC202400478
CONT2024007515,EXPORT,NSFT,VC202400478
CONT2024007516,EXPORT,NSFT,VC202400478
CONT2024007517,EXPORT,NSFT,VC202400478
CONT2024007518,EXPORT,NSFT,VC202400478
CONT2024007519,EXPORT,NSFT,VC202400478
CONT2024007520,IMPORT,NSFT,VC202400478
CONT2024007521,EXPORT,NSFT,VC202400478
CONT2024007522,IMPORT,NSFT,VC202400478
CONT2024007523,IMPORT,NSFT,VC202400478
CONT2024007524,IMPORT,NSFT,VC202400478
CONT2024007525,EXPORT,NSFT,VC202400478
CONT2024007526,EXPORT,NSFT,VC202400478
CONT2024007527,EXPORT,NSFT,VC202400478
CONT2024007528,IMPORT,NSFT,VC202400478
CONT2024007529,IMPORT,NSFT,VC202400478
CONT2024007530,EXPORT,NSFT,VC202400478
CONT2024007531,IMPORT,NSFT,VC202400478
CONT2024007532,IMPORT,NSFT,VC202400478
CONT2024007533,EXPORT,NSFT,VC202400478
CONT2024007534,EXPORT,NSFT,VC202400478
CONT2024007535,EXPORT,NSFT,VC202400478
CONT2024007536,EXPORT,NSFT,VC202400479
CONT2024007537,EXPORT,NSFT,VC202400479
CONT2024007538,EXPORT,NSFT,VC202400479
CONT2024007539,IMPORT,NSFT,VC202400479
CONT2024007540,IMPORT,NSFT,VC202400479
CONT2024007541,IMPORT,NSFT,VC202400479
CONT2024007542,IMPORT,NSFT,VC202400479
CONT2024007543,EXPORT,NSFT,VC202400479
CONT2024007544,EXPORT,NSFT,VC202400479
CONT2024007545,EXPORT,NSFT,VC202400479
CONT2024007546,EXPORT,NSFT,VC202400479
CONT2024007547,IMPORT,NSFT,VC202400479
CONT2024007548,IMPORT,NSFT,VC202400479
CONT2024007549,IMPORT,NSICT,VC202400480
CONT2024007550,EXPORT,NSICT,VC202400480
CONT2024007551,EXPORT,NSICT,VC202400480
CONT2024007552,EXPORT,NSICT,VC202400480
CONT2024007553,EXPORT,NSICT,VC202400480
CONT2024007554,IMPORT,NSICT,VC202400480
CONT2024007555,IMPORT,NSICT,VC202400480
CONT2024007556,EXPORT,NSICT,VC202400480
CONT2024007557,IMPORT,NSICT,VC202400480
CONT2024007558,IMPORT,NSICT,VC202400481
CONT2024007559,EXPORT,NSICT,VC202400481
CONT2024007560,IMPORT,NSICT,VC202400481
CONT2024007561,IMPORT,NSICT,VC202400481
CONT2024007562,IMPORT,NSICT,VC202400481
CONT2024007563,IMPORT,NSICT,VC202400481
CONT2024007564,IMPORT,NSICT,VC202400481
CONT2024007565,IMPORT,NSICT,VC202400481
CONT2024007566,IMPORT,NSICT,VC202400481
CONT2024007567,EXPORT,NSICT,VC202400481
CONT2024007568,EXPORT,NSICT,VC202400481
CONT2024007569,EXPORT,NSICT,VC202400481
CONT2024007570,EXPORT,NSICT,VC202400481
CONT2024007571,IMPORT,NSICT,VC202400481
CONT2024007572,IMPORT,NSICT,VC202400481
CONT2024007573,IMPORT,NSICT,VC202400481
CONT2024007574,EXPORT,NSICT,VC202400481
CONT2024007575,IMPORT,NSICT,VC202400481
CONT2024007576,IMPORT,NSICT,VC202400481
CONT2024007577,EXPORT,BMCT,VC202400482
CONT2024007578,EXPORT,BMCT,VC202400482
CONT2024007579,IMPORT,BMCT,VC202400482
CONT2024007580,IMPORT,BMCT,VC202400482
CONT2024007581,IMPORT,BMCT,VC202400482
CONT2024007582,IMPORT,BMCT,VC202400482
CONT2024007583,IMPORT,BMCT,VC202400482
CONT2024007584,EXPORT,BMCT,VC202400482
CONT2024007585,IMPORT,BMCT,VC202400482
CONT2024007586,EXPORT,BMCT,VC202400482
CONT2024007587,IMPORT,BMCT,VC202400482
CONT2024007588,IMPORT,BMCT,VC202400482
CONT2024007589,EXPORT,NSIGT,VC202400483
CONT2024007590,EXPORT,NSIGT,VC202400483
CONT2024007591,EXPORT,NSIGT,VC202400483
CONT2024007592,EXPORT,NSIGT,VC202400483
CONT2024007593,EXPORT,NSIGT,VC202400483
CONT2024007594,EXPORT,NSIGT,VC202400483
CONT2024007595,IMPORT,NSIGT,VC202400483
CONT2024007596,EXPORT,NSIGT,VC202400483
CONT2024007597,EXPORT,NSIGT,VC202400483
CONT2024007598,EXPORT,NSIGT,VC202400483
CONT2024007599,EXPORT,NSIGT,VC202400483
CONT2024007600,IMPORT,NSIGT,VC202400483
CONT2024007601,IMPORT,NSIGT,VC202400483
CONT2024007602,IMPORT,NSIGT,VC202400483
CONT2024007603,IMPORT,NSIGT,VC202400483
CONT2024007604,EXPORT,NSIGT,VC202400483
CONT2024007605,EXPORT,NSIGT,VC202400483
CONT2024007606,EXPORT,NSIGT,VC202400483
CONT2024007607,EXPORT,NSIGT,VC202400483
CONT2024007608,EXPORT,NSIGT,VC202400483
CONT2024007609,EXPORT,NSIGT,VC202400483
CONT2024007610,EXPORT,NSIGT,VC202400484
CONT2024007611,IMPORT,NSIGT,VC202400484
CONT2024007612,IMPORT,NSIGT,VC202400484
CONT2024007613,IMPORT,NSIGT,VC202400484
CONT2024007614,EXPORT,NSIGT,VC202400484
CONT2024007615,EXPORT,NSIGT,VC202400484
CONT2024007616,EXPORT,NSIGT,VC202400484
CONT2024007617,IMPORT,NSICT,VC202400485
CONT2024007618,EXPORT,NSICT,VC202400485
CONT2024007619,EXPORT,NSICT,VC202400485
CONT2024007620,IMPORT,NSICT,VC202400485
CONT2024007621,EXPORT,NSICT,VC202400485
CONT2024007622,IMPORT,NSICT,VC202400485
CONT2024007623,EXPORT,NSICT,VC202400485
CONT2024007624,IMPORT,NSICT,VC202400485
CONT2024007625,EXPORT,NSICT,VC202400485
CONT2024007626,IMPORT,NSICT,VC202400485
CONT2024007627,IMPORT,NSICT,VC202400485
CONT2024007628,EXPORT,NSICT,VC202400485
CONT2024007629,EXPORT,NSICT,VC202400485
CONT2024007630,IMPORT,NSICT,VC202400485
CONT2024007631,IMPORT,GTI,VC202400486
CONT2024007632,IMPORT,GTI,VC202400486
CONT2024007633,EXPORT,GTI,VC202400486
CONT2024007634,EXPORT,GTI,VC202400486
CONT2024007635,IMPORT,GTI,VC202400486
CONT2024007636,EXPORT,GTI,VC202400486
CONT2024007637,EXPORT,GTI,VC202400486
CONT2024007638,IMPORT,GTI,VC202400486
CONT2024007639,EXPORT,GTI,VC202400487
CONT2024007640,IMPORT,GTI,VC202400487
CONT2024007641,EXPORT,GTI,VC202400487
CONT2024007642,EXPORT,GTI,VC202400487
CONT2024007643,EXPORT,GTI,VC202400487
CONT2024007644,EXPORT,GTI,VC202400487
CONT2024007645,EXPORT,GTI,VC202400487
CONT2024007646,IMPORT,GTI,VC202400487
CONT2024007647,EXPORT,GTI,VC202400487
CONT2024007648,IMPORT,GTI,VC202400487
CONT2024007649,EXPORT,GTI,VC202400487
CONT2024007650,IMPORT,BMCT,VC202400488
CONT2024007651,IMPORT,BMCT,VC202400488
CONT2024007652,EXPORT,BMCT,VC202400488
CONT2024007653,IMPORT,BMCT,VC202400488
CONT2024007654,EXPORT,BMCT,VC202400488
CONT2024007655,EXPORT,BMCT,VC202400488
CONT2024007656,IMPORT,BMCT,VC202400488
CONT2024007657,EXPORT,BMCT,VC202400488
CONT2024007658,EXPORT,NSFT,VC202400489
CONT2024007659,IMPORT,NSFT,VC202400489
CONT2024007660,IMPORT,NSFT,VC202400489
CONT2024007661,EXPORT,NSFT,VC202400489
CONT2024007662,EXPORT,NSFT,VC202400489
CONT2024007663,EXPORT,NSFT,VC202400489
CONT2024007664,EXPORT,NSFT,VC202400489
CONT2024007665,IMPORT,NSFT,VC202400489
CONT2024007666,IMPORT,NSFT,VC202400489
CONT2024007667,EXPORT,NSFT,VC202400489
CONT2024007668,IMPORT,NSFT,VC202400489
CONT2024007669,EXPORT,NSFT,VC202400489
CONT2024007670,EXPORT,NSFT,VC202400489
CONT2024007671,EXPORT,NSFT,VC202400489
CONT2024007672,IMPORT,NSFT,VC202400489
CONT2024007673,EXPORT,NSFT,VC202400489
CONT2024007674,EXPORT,NSFT,VC202400489
CONT2024007675,IMPORT,NSFT,VC202400489
CONT2024007676,IMPORT,NSFT,VC202400489
CONT2024007677,IMPORT,BMCT,VC202400490
CONT2024007678,IMPORT,BMCT,VC202400490
CONT2024007679,EXPORT,BMCT,VC202400490
CONT2024007680,EXPORT,BMCT,VC202400490
CONT2024007681,IMPORT,BMCT,VC202400490
CONT2024007682,EXPORT,BMCT,VC202400490
CONT2024007683,EXPORT,BMCT,VC202400490
CONT2024007684,IMPORT,NSIGT,VC202400491
CONT2024007685,IMPORT,NSIGT,VC202400491
CONT2024007686,IMPORT,NSIGT,VC202400491
CONT2024007687,EXPORT,NSIGT,VC202400491
CONT2024007688,IMPORT,NSIGT,VC202400491
CONT2024007689,EXPORT,NSIGT,VC202400491
CONT2024007690,IMPORT,NSIGT,VC202400491
CONT2024007691,IMPORT,NSIGT,VC202400491
CONT2024007692,EXPORT,NSIGT,VC202400491
CONT2024007693,EXPORT,NSIGT,VC202400491
CONT2024007694,IMPORT,NSIGT,VC202400491
CONT2024007695,EXPORT,NSIGT,VC202400491
CONT2024007696,EXPORT,NSIGT,VC202400491
CONT2024007697,IMPORT,NSIGT,VC202400491
CONT2024007698,EXPORT,NSIGT,VC202400491
CONT2024007699,IMPORT,NSIGT,VC202400491
CONT2024007700,IMPORT,NSIGT,VC202400491
CONT2024007701,IMPORT,NSIGT,VC202400491
CONT2024007702,EXPORT,NSIGT,VC202400491
CONT2024007703,EXPORT,NSIGT,VC202400491
CONT2024007704,IMPORT,NSIGT,VC202400491
CONT2024007705,IMPORT,NSIGT,VC202400491
CONT2024007706,EXPORT,NSIGT,VC202400491
CONT2024007707,IMPORT,NSIGT,VC202400491
CONT2024007708,EXPORT,NSIGT,VC202400491
CONT2024007709,IMPORT,NSIGT,VC202400491
CONT2024007710,EXPORT,NSIGT,VC202400491
CONT2024007711,EXPORT,NSIGT,VC202400491
CONT2024007712,IMPORT,NSIGT,VC202400491
CONT2024007713,EXPORT,NSIGT,VC202400491
CONT2024007714,IMPORT,NSIGT,VC202400491
CONT2024007715,IMPORT,NSIGT,VC202400491
CONT2024007716,IMPORT,NSIGT,VC202400491
CONT2024007717,IMPORT,NSIGT,VC202400491
CONT2024007718,EXPORT,GTI,VC202400492
CONT2024007719,IMPORT,GTI,VC202400492
CONT2024007720,EXPORT,GTI,VC202400492
CONT2024007721,EXPORT,GTI,VC202400492
CONT2024007722,IMPORT,GTI,VC202400492
CONT2024007723,EXPORT,GTI,VC202400492
CONT2024007724,EXPORT,GTI,VC202400492
CONT2024007725,EXPORT,GTI,VC202400492
CONT2024007726,IMPORT,GTI,VC202400492
CONT2024007727,IMPORT,GTI,VC202400492
CONT2024007728,EXPORT,GTI,VC202400492
CONT2024007729,IMPORT,GTI,VC202400492
CONT2024007730,EXPORT,GTI,VC202400492
CONT2024007731,EXPORT,GTI,VC202400492
CONT2024007732,IMPORT,NSFT,VC202400493
CONT2024007733,IMPORT,NSFT,VC202400493
CONT2024007734,IMPORT,NSFT,VC202400493
CONT2024007735,IMPORT,NSFT,VC202400493
CONT2024007736,EXPORT,NSFT,VC202400493
CONT2024007737,EXPORT,NSFT,VC202400493
CONT2024007738,IMPORT,NSFT,VC202400493
CONT2024007739,EXPORT,NSFT,VC202400493
CONT2024007740,IMPORT,GTI,VC202400494
CONT2024007741,IMPORT,GTI,VC202400494
CONT2024007742,EXPORT,GTI,VC202400494
CONT2024007743,IMPORT,GTI,VC202400494
CONT2024007744,EXPORT,GTI,VC202400494
CONT2024007745,IMPORT,GTI,VC202400494
CONT2024007746,IMPORT,GTI,VC202400494
CONT2024007747,EXPORT,GTI,VC202400494
CONT2024007748,EXPORT,GTI,VC202400494
CONT2024007749,IMPORT,GTI,VC202400494
CONT2024007750,EXPORT,GTI,VC202400494
CONT2024007751,EXPORT,NSIGT,VC202400495
CONT2024007752,IMPORT,NSIGT,VC202400495
CONT2024007753,IMPORT,NSIGT,VC202400495
CONT2024007754,EXPORT,NSIGT,VC202400495
CONT2024007755,EXPORT,NSIGT,VC202400495
CONT2024007756,EXPORT,NSIGT,VC202400495
CONT2024007757,EXPORT,NSIGT,VC202400495
CONT2024007758,EXPORT,NSIGT,VC202400495
CONT2024007759,EXPORT,NSIGT,VC202400495
CONT2024007760,EXPORT,NSIGT,VC202400495
CONT2024007761,IMPORT,NSIGT,VC202400495
CONT2024007762,EXPORT,NSIGT,VC202400495
CONT2024007763,IMPORT,NSIGT,VC202400495
CONT2024007764,EXPORT,NSIGT,VC202400495
CONT2024007765,EXPORT,NSIGT,VC202400496
CONT2024007766,IMPORT,NSIGT,VC202400496
CONT2024007767,EXPORT,NSIGT,VC202400496
CONT2024007768,IMPORT,NSIGT,VC202400496
CONT2024007769,EXPORT,NSIGT,VC202400496
CONT2024007770,EXPORT,NSIGT,VC202400496
CONT2024007771,IMPORT,NSIGT,VC202400496
CONT2024007772,EXPORT,NSIGT,VC202400496
CONT2024007773,IMPORT,NSIGT,VC202400496
CONT2024007774,EXPORT,NSIGT,VC202400496
CONT2024007775,IMPORT,NSIGT,VC202400496
CONT2024007776,EXPORT,NSIGT,VC202400496
CONT2024007777,IMPORT,NSIGT,VC202400496
CONT2024007778,IMPORT,NSIGT,VC202400496
CONT2024007779,IMPORT,NSIGT,VC202400496
CONT2024007780,IMPORT,NSIGT,VC202400496
CONT2024007781,EXPORT,NSIGT,VC202400496
CONT2024007782,EXPORT,NSIGT,VC202400496
CONT2024007783,IMPORT,NSIGT,VC202400496
CONT2024007784,IMPORT,NSIGT,VC202400496
CONT2024007785,IMPORT,NSIGT,VC202400496
CONT2024007786,IMPORT,NSIGT,VC202400496
CONT2024007787,EXPORT,NSIGT,VC202400496
CONT2024007788,EXPORT,NSIGT,VC202400496
CONT2024007789,IMPORT,NSIGT,VC202400496
CONT2024007790,IMPORT,NSIGT,VC202400496
CONT2024007791,IMPORT,NSIGT,VC202400496
CONT2024007792,IMPORT,NSIGT,VC202400496
CONT2024007793,IMPORT,NSIGT,VC202400496
CONT2024007794,IMPORT,NSIGT,VC202400496
CONT2024007795,EXPORT,NSIGT,VC202400496
CONT2024007796,EXPORT,NSIGT,VC202400496
CONT2024007797,EXPORT,NSIGT,VC202400496
CONT2024007798,IMPORT,NSIGT,VC202400496
CONT2024007799,IMPORT,NSIGT,VC202400496
CONT2024007800,EXPORT,NSIGT,VC202400496
CONT2024007801,EXPORT,NSIGT,VC202400496
CONT2024007802,IMPORT,NSIGT,VC202400496
CONT2024007803,IMPORT,NSIGT,VC202400496
CONT2024007804,EXPORT,NSIGT,VC202400496
CONT2024007805,IMPORT,NSIGT,VC202400496
CONT2024007806,IMPORT,NSIGT,VC202400496
CONT2024007807,IMPORT,NSIGT,VC202400496
CONT2024007808,IMPORT,NSIGT,VC202400496
CONT2024007809,IMPORT,NSIGT,VC202400496
CONT2024007810,IMPORT,NSIGT,VC202400496
CONT2024007811,EXPORT,NSIGT,VC202400496
CONT2024007812,IMPORT,NSIGT,VC202400496
CONT2024007813,EXPORT,NSIGT,VC202400496
CONT2024007814,EXPORT,NSFT,VC202400497
CONT2024007815,EXPORT,NSFT,VC202400497
CONT2024007816,EXPORT,NSFT,VC202400497
CONT2024007817,IMPORT,NSFT,VC202400497
CONT2024007818,IMPORT,NSFT,VC202400497
CONT2024007819,IMPORT,NSFT,VC202400497
CONT2024007820,IMPORT,NSFT,VC202400497
CONT2024007821,IMPORT,NSFT,VC202400497
CONT2024007822,EXPORT,NSFT,VC202400497
CONT2024007823,IMPORT,NSFT,VC202400497
CONT2024007824,EXPORT,NSFT,VC202400497
CONT2024007825,EXPORT,NSFT,VC202400497
CONT2024007826,EXPORT,NSFT,VC202400497
CONT2024007827,EXPORT,NSFT,VC202400497
CONT2024007828,IMPORT,NSFT,VC202400497
CONT2024007829,IMPORT,NSFT,VC202400497
CONT2024007830,EXPORT,NSFT,VC202400497
CONT2024007831,IMPORT,NSFT,VC202400497
CONT2024007832,IMPORT,NSFT,VC202400497
CONT2024007833,IMPORT,NSFT,VC202400497
CONT2024007834,IMPORT,NSFT,VC202400497
CONT2024007835,IMPORT,NSFT,VC202400497
CONT2024007836,IMPORT,NSFT,VC202400497
CONT2024007837,IMPORT,NSFT,VC202400497
CONT2024007838,IMPORT,NSFT,VC202400497
CONT2024007839,EXPORT,GTI,VC202400498
CONT2024007840,IMPORT,GTI,VC202400498
CONT2024007841,IMPORT,GTI,VC202400498
CONT2024007842,IMPORT,GTI,VC202400498
CONT2024007843,IMPORT,GTI,VC202400498
CONT2024007844,EXPORT,GTI,VC202400498
CONT2024007845,IMPORT,GTI,VC202400499
CONT2024007846,EXPORT,GTI,VC202400499
CONT2024007847,IMPORT,GTI,VC202400499
CONT2024007848,IMPORT,GTI,VC202400499
CONT2024007849,EXPORT,GTI,VC202400499
CONT2024007850,EXPORT,GTI,VC202400499
CONT2024007851,EXPORT,GTI,VC202400499
CONT2024007852,EXPORT,GTI,VC202400499
CONT2024007853,IMPORT,GTI,VC202400499
CONT2024007854,IMPORT,GTI,VC202400499
CONT2024007855,IMPORT,GTI,VC202400499
CONT2024007856,EXPORT,GTI,VC202400499
CONT2024007857,IMPORT,GTI,VC202400500
CONT2024007858,IMPORT,GTI,VC202400500
CONT2024007859,EXPORT,GTI,VC202400500
CONT2024007860,EXPORT,GTI,VC202400500
CONT2024007861,EXPORT,GTI,VC202400500
CONT2024007862,IMPORT,GTI,VC202400500
CONT2024007863,EXPORT,GTI,VC202400500
CONT2024007864,IMPORT,GTI,VC202400500
CONT2024007865,IMPORT,NSIGT,VC202400501
CONT2024007866,IMPORT,NSIGT,VC202400501
CONT2024007867,IMPORT,NSIGT,VC202400501
CONT2024007868,EXPORT,NSIGT,VC202400501
CONT2024007869,IMPORT,NSIGT,VC202400501
CONT2024007870,IMPORT,NSIGT,VC202400501
CONT2024007871,IMPORT,BMCT,VC202400502
CONT2024007872,IMPORT,BMCT,VC202400502
CONT2024007873,IMPORT,BMCT,VC202400502
CONT2024007874,EXPORT,BMCT,VC202400502
CONT2024007875,EXPORT,BMCT,VC202400502
CONT2024007876,EXPORT,BMCT,VC202400502
CONT2024007877,EXPORT,BMCT,VC202400502
CONT2024007878,EXPORT,BMCT,VC202400502
CONT2024007879,IMPORT,BMCT,VC202400502
CONT2024007880,EXPORT,BMCT,VC202400502
CONT2024007881,IMPORT,BMCT,VC202400502
CONT2024007882,EXPORT,BMCT,VC202400502
CONT2024007883,EXPORT,BMCT,VC202400502
CONT2024007884,EXPORT,BMCT,VC202400502
CONT2024007885,IMPORT,BMCT,VC202400502
CONT2024007886,EXPORT,BMCT,VC202400502
CONT2024007887,EXPORT,BMCT,VC202400502
CONT2024007888,EXPORT,BMCT,VC202400502
CONT2024007889,IMPORT,BMCT,VC202400502
CONT2024007890,EXPORT,BMCT,VC202400502
CONT2024007891,IMPORT,BMCT,VC202400502
CONT2024007892,EXPORT,BMCT,VC202400502
CONT2024007893,IMPORT,BMCT,VC202400502
CONT2024007894,IMPORT,BMCT,VC202400502
CONT2024007895,IMPORT,BMCT,VC202400502
CONT2024007896,IMPORT,BMCT,VC202400502
CONT2024007897,EXPORT,BMCT,VC202400502
CONT2024007898,IMPORT,BMCT,VC202400502
CONT2024007899,IMPORT,BMCT,VC202400502
CONT2024007900,EXPORT,BMCT,VC202400502
CONT2024007901,IMPORT,BMCT,VC202400502
CONT2024007902,EXPORT,BMCT,VC202400502
CONT2024007903,IMPORT,BMCT,VC202400502
CONT2024007904,EXPORT,BMCT,VC202400502
CONT2024007905,EXPORT,BMCT,VC202400502
CONT2024007906,EXPORT,BMCT,VC202400502
CONT2024007907,IMPORT,BMCT,VC202400502
CONT2024007908,IMPORT,BMCT,VC202400502
CONT2024007909,EXPORT,BMCT,VC202400502
CONT2024007910,EXPORT,BMCT,VC202400502
CONT2024007911,EXPORT,BMCT,VC202400502
CONT2024007912,EXPORT,BMCT,VC202400502
CONT2024007913,IMPORT,BMCT,VC202400502
CONT2024007914,EXPORT,BMCT,VC202400502
CONT2024007915,EXPORT,BMCT,VC202400503
CONT2024007916,IMPORT,BMCT,VC202400503
CONT2024007917,IMPORT,BMCT,VC202400503
CONT2024007918,IMPORT,BMCT,VC202400503
CONT2024007919,IMPORT,BMCT,VC202400503
CONT2024007920,EXPORT,BMCT,VC202400503
CONT2024007921,EXPORT,BMCT,VC202400503
CONT2024007922,IMPORT,BMCT,VC202400503
CONT2024007923,EXPORT,BMCT,VC202400503
CONT2024007924,IMPORT,BMCT,VC202400503
CONT2024007925,IMPORT,BMCT,VC202400503
CONT2024007926,IMPORT,BMCT,VC202400503
CONT2024007927,EXPORT,BMCT,VC202400503
CONT2024007928,EXPORT,NSICT,VC202400504
CONT2024007929,IMPORT,NSICT,VC202400504
CONT2024007930,IMPORT,NSICT,VC202400504
CONT2024007931,IMPORT,NSICT,VC202400504
CONT2024007932,EXPORT,NSICT,VC202400504
CONT2024007933,IMPORT,NSICT,VC202400504
CONT2024007934,EXPORT,NSICT,VC202400504
CONT2024007935,IMPORT,NSICT,VC202400504
CONT2024007936,EXPORT,NSICT,VC202400504
CONT2024007937,EXPORT,NSICT,VC202400504
CONT2024007938,IMPORT,GTI,VC202400505
CONT2024007939,IMPORT,GTI,VC202400505
CONT2024007940,EXPORT,GTI,VC202400505
CONT2024007941,EXPORT,GTI,VC202400505
CONT2024007942,EXPORT,GTI,VC202400505
CONT2024007943,IMPORT,GTI,VC202400505
CONT2024007944,EXPORT,GTI,VC202400505
CONT2024007945,IMPORT,GTI,VC202400505
CONT2024007946,EXPORT,GTI,VC202400505
CONT2024007947,IMPORT,GTI,VC202400505
CONT2024007948,IMPORT,GTI,VC202400505
CONT2024007949,IMPORT,GTI,VC202400505
CONT2024007950,EXPORT,GTI,VC202400505
CONT2024007951,EXPORT,GTI,VC202400505
CONT2024007952,IMPORT,GTI,VC202400505
CONT2024007953,EXPORT,GTI,VC202400505
CONT2024007954,EXPORT,GTI,VC202400505
CONT2024007955,EXPORT,GTI,VC202400505
CONT2024007956,EXPORT,GTI,VC202400505
CONT2024007957,EXPORT,GTI,VC202400505
CONT2024007958,IMPORT,GTI,VC202400505
CONT2024007959,EXPORT,GTI,VC202400505
CONT2024007960,IMPORT,GTI,VC202400505
CONT2024007961,IMPORT,GTI,VC202400505
CONT2024007962,IMPORT,GTI,VC202400505
CONT2024007963,EXPORT,GTI,VC202400505
CONT2024007964,EXPORT,GTI,VC202400505
CONT2024007965,EXPORT,GTI,VC202400505
CONT2024007966,IMPORT,GTI,VC202400505
CONT2024007967,EXPORT,GTI,VC202400505
CONT2024007968,IMPORT,GTI,VC202400505
CONT2024007969,EXPORT,GTI,VC202400505
CONT2024007970,EXPORT,GTI,VC202400505
CONT2024007971,EXPORT,GTI,VC202400505
CONT2024007972,EXPORT,GTI,VC202400505
CONT2024007973,EXPORT,GTI,VC202400505
CONT2024007974,EXPORT,GTI,VC202400505
CONT2024007975,EXPORT,GTI,VC202400505
CONT2024007976,EXPORT,GTI,VC202400505
CONT2024007977,EXPORT,GTI,VC202400505
CONT2024007978,IMPORT,GTI,VC202400505
CONT2024007979,IMPORT,GTI,VC202400505
CONT2024007980,IMPORT,GTI,VC202400505
CONT2024007981,IMPORT,NSFT,VC202400506
CONT2024007982,IMPORT,NSFT,VC202400506
CONT2024007983,IMPORT,NSFT,VC202400506
CONT2024007984,EXPORT,NSFT,VC202400506
CONT2024007985,IMPORT,NSFT,VC202400506
CONT2024007986,IMPORT,NSFT,VC202400506
CONT2024007987,EXPORT,NSFT,VC202400506
CONT2024007988,EXPORT,NSFT,VC202400506
CONT2024007989,IMPORT,NSFT,VC202400506
CONT2024007990,IMPORT,NSFT,VC202400506
CONT2024007991,EXPORT,NSFT,VC202400506
CONT2024007992,EXPORT,NSFT,VC202400506
CONT2024007993,EXPORT,NSFT,VC202400506
CONT2024007994,EXPORT,NSFT,VC202400506
CONT2024007995,EXPORT,NSFT,VC202400506
CONT2024007996,EXPORT,NSFT,VC202400506
CONT2024007997,EXPORT,NSFT,VC202400506
CONT2024007998,EXPORT,NSFT,VC202400506
CONT2024007999,IMPORT,NSFT,VC202400506
CONT2024008000,IMPORT,NSICT,VC202400507
CONT2024008001,IMPORT,NSICT,VC202400507
CONT2024008002,IMPORT,NSICT,VC202400507
CONT2024008003,IMPORT,NSICT,VC202400507
CONT2024008004,IMPORT,NSICT,VC202400507
CONT2024008005,IMPORT,NSICT,VC202400507
CONT2024008006,EXPORT,NSICT,VC202400507
CONT2024008007,EXPORT,NSICT,VC202400507
CONT2024008008,IMPORT,NSICT,VC202400507
CONT2024008009,EXPORT,NSICT,VC202400507
CONT2024008010,IMPORT,NSFT,VC202400508
CONT2024008011,IMPORT,NSFT,VC202400508
CONT2024008012,EXPORT,NSFT,VC202400508
CONT2024008013,EXPORT,NSFT,VC202400508
CONT2024008014,IMPORT,NSFT,VC202400508
CONT2024008015,IMPORT,NSFT,VC202400508
CONT2024008016,IMPORT,NSFT,VC202400508
CONT2024008017,IMPORT,NSFT,VC202400508
CONT2024008018,IMPORT,NSFT,VC202400508
CONT2024008019,EXPORT,NSFT,VC202400508
CONT2024008020,EXPORT,NSFT,VC202400508
CONT2024008021,EXPORT,NSFT,VC202400508
CONT2024008022,IMPORT,NSFT,VC202400508
CONT2024008023,EXPORT,NSFT,VC202400508
CONT2024008024,IMPORT,NSFT,VC202400508
CONT2024008025,EXPORT,NSFT,VC202400508
CONT2024008026,IMPORT,NSFT,VC202400508
CONT2024008027,EXPORT,NSFT,VC202400508
CONT2024008028,IMPORT,NSIGT,VC202400509
CONT2024008029,IMPORT,NSIGT,VC202400509
CONT2024008030,EXPORT,NSIGT,VC202400509
CONT2024008031,IMPORT,NSIGT,VC202400509
CONT2024008032,EXPORT,NSIGT,VC202400509
CONT2024008033,IMPORT,NSIGT,VC202400509
CONT2024008034,IMPORT,NSIGT,VC202400509
CONT2024008035,IMPORT,NSIGT,VC202400509
CONT2024008036,IMPORT,NSIGT,VC202400509
CONT2024008037,EXPORT,NSIGT,VC202400509
CONT2024008038,IMPORT,NSIGT,VC202400509
CONT2024008039,IMPORT,NSIGT,VC202400509
CONT2024008040,IMPORT,NSIGT,VC202400509
CONT2024008041,EXPORT,NSIGT,VC202400509
CONT2024008042,IMPORT,NSIGT,VC202400509
CONT2024008043,EXPORT,NSIGT,VC202400509
CONT2024008044,EXPORT,NSIGT,VC202400509
CONT2024008045,IMPORT,NSIGT,VC202400509
CONT2024008046,EXPORT,NSIGT,VC202400509
CONT2024008047,EXPORT,NSIGT,VC202400509
CONT2024008048,IMPORT,NSIGT,VC202400509
CONT2024008049,IMPORT,NSIGT,VC202400509
CONT2024008050,IMPORT,NSIGT,VC202400509
CONT2024008051,IMPORT,NSIGT,VC202400509
CONT2024008052,EXPORT,NSIGT,VC202400509
CONT2024008053,EXPORT,NSIGT,VC202400509
CONT2024008054,IMPORT,NSIGT,VC202400509
CONT2024008055,IMPORT,NSIGT,VC202400509
CONT2024008056,EXPORT,NSIGT,VC202400509
CONT2024008057,IMPORT,NSIGT,VC202400509
CONT2024008058,EXPORT,NSIGT,VC202400509
CONT2024008059,IMPORT,NSIGT,VC202400509
CONT2024008060,EXPORT,NSIGT,VC202400509
CONT2024008061,EXPORT,NSIGT,VC202400509
CONT2024008062,IMPORT,NSIGT,VC202400509
CONT2024008063,IMPORT,NSIGT,VC202400509
CONT2024008064,EXPORT,NSIGT,VC202400510
CONT2024008065,EXPORT,NSIGT,VC202400510
CONT2024008066,EXPORT,NSIGT,VC202400510
CONT2024008067,IMPORT,NSIGT,VC202400510
CONT2024008068,IMPORT,NSIGT,VC202400510
CONT2024008069,IMPORT,NSIGT,VC202400510
CONT2024008070,EXPORT,NSIGT,VC202400510
CONT2024008071,IMPORT,NSIGT,VC202400510
CONT2024008072,EXPORT,NSIGT,VC202400510
CONT2024008073,IMPORT,NSIGT,VC202400510
CONT2024008074,IMPORT,NSIGT,VC202400510
CONT2024008075,IMPORT,NSIGT,VC202400511
CONT2024008076,IMPORT,NSIGT,VC202400511
CONT2024008077,EXPORT,NSIGT,VC202400511
CONT2024008078,EXPORT,NSIGT,VC202400511
CONT2024008079,EXPORT,NSIGT,VC202400511
CONT2024008080,EXPORT,NSIGT,VC202400511
CONT2024008081,EXPORT,NSIGT,VC202400511
CONT2024008082,EXPORT,NSIGT,VC202400511
CONT2024008083,EXPORT,NSIGT,VC202400511
CONT2024008084,EXPORT,NSIGT,VC202400511
CONT2024008085,IMPORT,NSIGT,VC202400511
CONT2024008086,IMPORT,NSIGT,VC202400511
CONT2024008087,IMPORT,NSIGT,VC202400511
CONT2024008088,EXPORT,NSIGT,VC202400511
CONT2024008089,IMPORT,NSIGT,VC202400511
CONT2024008090,IMPORT,NSIGT,VC202400511
CONT2024008091,IMPORT,NSIGT,VC202400512
CONT2024008092,IMPORT,NSIGT,VC202400512
CONT2024008093,EXPORT,NSIGT,VC202400512
CONT2024008094,IMPORT,NSIGT,VC202400512
CONT2024008095,EXPORT,NSIGT,VC202400512
CONT2024008096,IMPORT,NSIGT,VC202400512
CONT2024008097,EXPORT,NSIGT,VC202400512
CONT2024008098,EXPORT,NSIGT,VC202400512
CONT2024008099,IMPORT,NSIGT,VC202400512
CONT2024008100,EXPORT,NSIGT,VC202400512
CONT2024008101,EXPORT,NSIGT,VC202400512
CONT2024008102,IMPORT,NSIGT,VC202400512
CONT2024008103,IMPORT,NSIGT,VC202400512
CONT2024008104,EXPORT,NSIGT,VC202400512
CONT2024008105,EXPORT,NSIGT,VC202400512
CONT2024008106,EXPORT,NSIGT,VC202400512
CONT2024008107,EXPORT,NSIGT,VC202400512
CONT2024008108,EXPORT,NSIGT,VC202400512
CONT2024008109,IMPORT,NSIGT,VC202400512
CONT2024008110,EXPORT,NSIGT,VC202400512
CONT2024008111,EXPORT,NSIGT,VC202400512
CONT2024008112,EXPORT,NSIGT,VC202400512
CONT2024008113,IMPORT,NSIGT,VC202400512
CONT2024008114,EXPORT,NSIGT,VC202400512
CONT2024008115,EXPORT,NSIGT,VC202400512
CONT2024008116,IMPORT,NSIGT,VC202400512
CONT2024008117,IMPORT,NSIGT,VC202400512
CONT2024008118,IMPORT,NSIGT,VC202400512
CONT2024008119,IMPORT,NSIGT,VC202400512
CONT2024008120,IMPORT,NSIGT,VC202400512
CONT2024008121,IMPORT,NSIGT,VC202400513
CONT2024008122,IMPORT,NSIGT,VC202400513
CONT2024008123,EXPORT,NSIGT,VC202400513
CONT2024008124,EXPORT,NSIGT,VC202400513
CONT2024008125,EXPORT,NSIGT,VC202400513
CONT2024008126,IMPORT,NSIGT,VC202400513
CONT2024008127,IMPORT,NSIGT,VC202400513
CONT2024008128,IMPORT,NSIGT,VC202400513
CONT2024008129,IMPORT,NSIGT,VC202400513
CONT2024008130,IMPORT,NSFT,VC202400514
CONT2024008131,IMPORT,NSFT,VC202400514
CONT2024008132,EXPORT,NSFT,VC202400514
CONT2024008133,IMPORT,NSFT,VC202400514
CONT2024008134,IMPORT,NSFT,VC202400514
CONT2024008135,IMPORT,NSFT,VC202400514
CONT2024008136,IMPORT,NSFT,VC202400514
CONT2024008137,IMPORT,NSFT,VC202400514
CONT2024008138,EXPORT,NSFT,VC202400514
CONT2024008139,EXPORT,NSFT,VC202400514
CONT2024008140,EXPORT,NSFT,VC202400514
CONT2024008141,IMPORT,NSFT,VC202400514
CONT2024008142,IMPORT,NSFT,VC202400514
CONT2024008143,IMPORT,NSFT,VC202400514
CONT2024008144,EXPORT,NSFT,VC202400514
CONT2024008145,EXPORT,NSFT,VC202400514
CONT2024008146,EXPORT,NSFT,VC202400514
CONT2024008147,IMPORT,NSFT,VC202400514
CONT2024008148,EXPORT,NSFT,VC202400514
CONT2024008149,EXPORT,NSFT,VC202400514
CONT2024008150,IMPORT,NSFT,VC202400514
CONT2024008151,EXPORT,NSFT,VC202400514
CONT2024008152,IMPORT,NSFT,VC202400514
CONT2024008153,IMPORT,NSFT,VC202400514
CONT2024008154,IMPORT,NSFT,VC202400514
CONT2024008155,IMPORT,NSFT,VC202400514
CONT2024008156,EXPORT,NSFT,VC202400514
CONT2024008157,IMPORT,GTI,VC202400515
CONT2024008158,EXPORT,GTI,VC202400515
CONT2024008159,EXPORT,GTI,VC202400515
CONT2024008160,IMPORT,GTI,VC202400515
CONT2024008161,IMPORT,GTI,VC202400515
CONT2024008162,IMPORT,GTI,VC202400515
CONT2024008163,IMPORT,GTI,VC202400515
CONT2024008164,IMPORT,GTI,VC202400515
CONT2024008165,EXPORT,GTI,VC202400515
CONT2024008166,IMPORT,GTI,VC202400515
CONT2024008167,IMPORT,GTI,VC202400515
CONT2024008168,IMPORT,GTI,VC202400515
CONT2024008169,IMPORT,GTI,VC202400515
CONT2024008170,IMPORT,GTI,VC202400515
CONT2024008171,EXPORT,GTI,VC202400515
CONT2024008172,EXPORT,GTI,VC202400515
CONT2024008173,IMPORT,GTI,VC202400515
CONT2024008174,IMPORT,GTI,VC202400515
CONT2024008175,IMPORT,GTI,VC202400515
CONT2024008176,EXPORT,NSIGT,VC202400516
CONT2024008177,IMPORT,NSIGT,VC202400516
CONT2024008178,EXPORT,NSIGT,VC202400516
CONT2024008179,EXPORT,NSIGT,VC202400516
CONT2024008180,IMPORT,NSIGT,VC202400516
CONT2024008181,IMPORT,NSIGT,VC202400516
CONT2024008182,EXPORT,NSIGT,VC202400516
CONT2024008183,EXPORT,NSIGT,VC202400516
CONT2024008184,EXPORT,NSIGT,VC202400516
CONT2024008185,IMPORT,NSIGT,VC202400516
CONT2024008186,EXPORT,NSIGT,VC202400516
CONT2024008187,EXPORT,NSIGT,VC202400516
CONT2024008188,IMPORT,NSIGT,VC202400516
CONT2024008189,IMPORT,NSIGT,VC202400516
CONT2024008190,EXPORT,NSIGT,VC202400516
CONT2024008191,EXPORT,NSIGT,VC202400516
CONT2024008192,IMPORT,NSIGT,VC202400516
CONT2024008193,EXPORT,NSIGT,VC202400516
CONT2024008194,IMPORT,NSIGT,VC202400516
CONT2024008195,IMPORT,NSIGT,VC202400516
CONT2024008196,IMPORT,NSIGT,VC202400516
CONT2024008197,IMPORT,NSIGT,VC202400516
CONT2024008198,IMPORT,NSIGT,VC202400516
CONT2024008199,IMPORT,NSIGT,VC202400516
CONT2024008200,EXPORT,NSIGT,VC202400516
CONT2024008201,IMPORT,NSIGT,VC202400516
CONT2024008202,EXPORT,NSIGT,VC202400516
CONT2024008203,EXPORT,NSIGT,VC202400516
CONT2024008204,EXPORT,NSIGT,VC202400516
CONT2024008205,IMPORT,NSIGT,VC202400516
CONT2024008206,EXPORT,NSIGT,VC202400516
CONT2024008207,IMPORT,NSIGT,VC202400516
CONT2024008208,IMPORT,NSIGT,VC202400516
CONT2024008209,EXPORT,NSIGT,VC202400516
CONT2024008210,IMPORT,NSIGT,VC202400516
CONT2024008211,EXPORT,NSIGT,VC202400516
CONT2024008212,IMPORT,GTI,VC202400517
CONT2024008213,IMPORT,GTI,VC202400517
CONT2024008214,IMPORT,GTI,VC202400517
CONT2024008215,IMPORT,GTI,VC202400517
CONT2024008216,EXPORT,GTI,VC202400517
CONT2024008217,EXPORT,GTI,VC202400517
CONT2024008218,IMPORT,BMCT,VC202400518
CONT2024008219,IMPORT,BMCT,VC202400518
CONT2024008220,EXPORT,BMCT,VC202400518
CONT2024008221,EXPORT,BMCT,VC202400518
CONT2024008222,IMPORT,BMCT,VC202400518
CONT2024008223,EXPORT,BMCT,VC202400518
CONT2024008224,EXPORT,BMCT,VC202400518
CONT2024008225,IMPORT,BMCT,VC202400518
CONT2024008226,IMPORT,NSIGT,VC202400519
CONT2024008227,EXPORT,NSIGT,VC202400519
CONT2024008228,IMPORT,NSIGT,VC202400519
CONT2024008229,EXPORT,NSIGT,VC202400519
CONT2024008230,EXPORT,NSIGT,VC202400519
CONT2024008231,EXPORT,NSIGT,VC202400519
CONT2024008232,EXPORT,NSIGT,VC202400519
CONT2024008233,IMPORT,NSIGT,VC202400519
CONT2024008234,EXPORT,NSICT,VC202400520
CONT2024008235,EXPORT,NSICT,VC202400520
CONT2024008236,IMPORT,NSICT,VC202400520
CONT2024008237,IMPORT,NSICT,VC202400520
CONT2024008238,IMPORT,NSICT,VC202400520
CONT2024008239,IMPORT,NSICT,VC202400520
CONT2024008240,EXPORT,NSICT,VC202400520
CONT2024008241,IMPORT,NSICT,VC202400520
CONT2024008242,IMPORT,NSICT,VC202400520
CONT2024008243,IMPORT,NSICT,VC202400520
CONT2024008244,EXPORT,GTI,VC202400521
CONT2024008245,IMPORT,GTI,VC202400521
CONT2024008246,IMPORT,GTI,VC202400521
CONT2024008247,EXPORT,GTI,VC202400521
CONT2024008248,EXPORT,GTI,VC202400521
CONT2024008249,IMPORT,GTI,VC202400521
CONT2024008250,EXPORT,GTI,VC202400521
CONT2024008251,EXPORT,GTI,VC202400521
CONT2024008252,IMPORT,GTI,VC202400521
CONT2024008253,EXPORT,GTI,VC202400521
CONT2024008254,EXPORT,GTI,VC202400521
CONT2024008255,IMPORT,GTI,VC202400521
CONT2024008256,EXPORT,GTI,VC202400521
CONT2024008257,IMPORT,GTI,VC202400521
CONT2024008258,IMPORT,GTI,VC202400521
CONT2024008259,IMPORT,GTI,VC202400521
CONT2024008260,IMPORT,NSIGT,VC202400522
CONT2024008261,IMPORT,NSIGT,VC202400522
CONT2024008262,EXPORT,NSIGT,VC202400522
CONT2024008263,IMPORT,NSIGT,VC202400522
CONT2024008264,IMPORT,NSIGT,VC202400522
CONT2024008265,IMPORT,NSIGT,VC202400522
CONT2024008266,EXPORT,NSIGT,VC202400522
CONT2024008267,IMPORT,NSIGT,VC202400522
CONT2024008268,EXPORT,NSIGT,VC202400522
CONT2024008269,IMPORT,NSIGT,VC202400522
CONT2024008270,EXPORT,NSIGT,VC202400522
CONT2024008271,EXPORT,NSIGT,VC202400522
CONT2024008272,EXPORT,NSIGT,VC202400522
CONT2024008273,EXPORT,NSIGT,VC202400522
CONT2024008274,IMPORT,NSIGT,VC202400522
CONT2024008275,IMPORT,NSIGT,VC202400522
CONT2024008276,IMPORT,NSIGT,VC202400522
CONT2024008277,EXPORT,NSIGT,VC202400522
CONT2024008278,EXPORT,NSIGT,VC202400522
CONT2024008279,EXPORT,NSIGT,VC202400522
CONT2024008280,EXPORT,NSIGT,VC202400522
CONT2024008281,EXPORT,NSIGT,VC202400522
CONT2024008282,EXPORT,NSIGT,VC202400522
CONT2024008283,IMPORT,NSIGT,VC202400522
CONT2024008284,EXPORT,NSIGT,VC202400522
CONT2024008285,IMPORT,NSIGT,VC202400522
CONT2024008286,EXPORT,NSIGT,VC202400522
CONT2024008287,IMPORT,NSIGT,VC202400522
CONT2024008288,IMPORT,NSIGT,VC202400522
CONT2024008289,IMPORT,NSIGT,VC202400522
CONT2024008290,IMPORT,NSIGT,VC202400522
CONT2024008291,IMPORT,NSIGT,VC202400522
CONT2024008292,IMPORT,NSIGT,VC202400522
CONT2024008293,IMPORT,NSIGT,VC202400522
CONT2024008294,IMPORT,NSIGT,VC202400522
CONT2024008295,EXPORT,NSIGT,VC202400522
CONT2024008296,IMPORT,NSIGT,VC202400522
CONT2024008297,EXPORT,NSIGT,VC202400522
CONT2024008298,EXPORT,NSIGT,VC202400522
CONT2024008299,EXPORT,NSIGT,VC202400522
CONT2024008300,EXPORT,NSIGT,VC202400522
CONT2024008301,IMPORT,NSIGT,VC202400522
CONT2024008302,EXPORT,NSIGT,VC202400522
CONT2024008303,IMPORT,NSIGT,VC202400522
CONT2024008304,IMPORT,NSIGT,VC202400522
CONT2024008305,EXPORT,NSIGT,VC202400522
CONT2024008306,IMPORT,NSIGT,VC202400522
CONT2024008307,EXPORT,NSIGT,VC202400522
CONT2024008308,EXPORT,NSIGT,VC202400522
CONT2024008309,EXPORT,NSIGT,VC202400522
CONT2024008310,IMPORT,NSIGT,VC202400522
CONT2024008311,EXPORT,NSIGT,VC202400522
CONT2024008312,IMPORT,NSICT,VC202400523
CONT2024008313,IMPORT,NSICT,VC202400523
CONT2024008314,EXPORT,NSICT,VC202400523
CONT2024008315,IMPORT,NSICT,VC202400523
CONT2024008316,IMPORT,NSICT,VC202400523
CONT2024008317,IMPORT,NSICT,VC202400523
CONT2024008318,EXPORT,NSICT,VC202400523
CONT2024008319,IMPORT,NSIGT,VC202400524
CONT2024008320,EXPORT,NSIGT,VC202400524
CONT2024008321,EXPORT,NSIGT,VC202400524
CONT2024008322,EXPORT,NSIGT,VC202400524
CONT2024008323,EXPORT,NSIGT,VC202400524
CONT2024008324,EXPORT,NSIGT,VC202400524
CONT2024008325,EXPORT,NSIGT,VC202400524
CONT2024008326,IMPORT,NSIGT,VC202400524
CONT2024008327,EXPORT,NSIGT,VC202400524
CONT2024008328,IMPORT,NSIGT,VC202400524
CONT2024008329,IMPORT,NSIGT,VC202400525
CONT2024008330,IMPORT,NSIGT,VC202400525
CONT2024008331,IMPORT,NSIGT,VC202400525
CONT2024008332,EXPORT,NSIGT,VC202400525
CONT2024008333,EXPORT,NSIGT,VC202400525
CONT2024008334,EXPORT,NSIGT,VC202400525
CONT2024008335,IMPORT,NSIGT,VC202400525
CONT2024008336,IMPORT,NSIGT,VC202400525
CONT2024008337,EXPORT,NSIGT,VC202400525
CONT2024008338,IMPORT,NSIGT,VC202400525
CONT2024008339,IMPORT,NSIGT,VC202400525
CONT2024008340,EXPORT,NSIGT,VC202400525
CONT2024008341,EXPORT,NSIGT,VC202400525
CONT2024008342,IMPORT,NSIGT,VC202400525
CONT2024008343,IMPORT,NSIGT,VC202400525
CONT2024008344,EXPORT,NSIGT,VC202400525
CONT2024008345,IMPORT,NSIGT,VC202400525
CONT2024008346,EXPORT,NSIGT,VC202400525
CONT2024008347,EXPORT,NSIGT,VC202400525
CONT2024008348,IMPORT,NSIGT,VC202400525
CONT2024008349,EXPORT,NSIGT,VC202400525
CONT2024008350,EXPORT,NSIGT,VC202400525
CONT2024008351,IMPORT,NSIGT,VC202400525
CONT2024008352,EXPORT,NSIGT,VC202400525
CONT2024008353,EXPORT,NSIGT,VC202400525
CONT2024008354,EXPORT,NSIGT,VC202400525
CONT2024008355,IMPORT,NSIGT,VC202400525
CONT2024008356,EXPORT,NSIGT,VC202400525
CONT2024008357,EXPORT,NSICT,VC202400526
CONT2024008358,IMPORT,NSICT,VC202400526
CONT2024008359,EXPORT,NSICT,VC202400526
CONT2024008360,EXPORT,NSICT,VC202400526
CONT2024008361,EXPORT,NSICT,VC202400526
CONT2024008362,EXPORT,NSICT,VC202400526
CONT2024008363,IMPORT,NSICT,VC202400526
CONT2024008364,IMPORT,NSICT,VC202400526
CONT2024008365,IMPORT,NSICT,VC202400526
CONT2024008366,IMPORT,NSICT,VC202400526
CONT2024008367,EXPORT,NSICT,VC202400526
CONT2024008368,EXPORT,NSICT,VC202400526
CONT2024008369,EXPORT,NSICT,VC202400526
CONT2024008370,IMPORT,NSICT,VC202400526
CONT2024008371,IMPORT,NSICT,VC202400526
CONT2024008372,EXPORT,NSICT,VC202400526
CONT2024008373,IMPORT,NSIGT,VC202400527
CONT2024008374,IMPORT,NSIGT,VC202400527
CONT2024008375,IMPORT,NSIGT,VC202400527
CONT2024008376,EXPORT,NSIGT,VC202400527
CONT2024008377,IMPORT,NSIGT,VC202400527
CONT2024008378,IMPORT,NSIGT,VC202400527
CONT2024008379,EXPORT,NSIGT,VC202400527
CONT2024008380,IMPORT,NSIGT,VC202400527
CONT2024008381,IMPORT,NSIGT,VC202400527
CONT2024008382,IMPORT,NSIGT,VC202400527
CONT2024008383,EXPORT,NSIGT,VC202400527
CONT2024008384,IMPORT,NSIGT,VC202400527
CONT2024008385,IMPORT,NSIGT,VC202400527
CONT2024008386,IMPORT,NSIGT,VC202400527
CONT2024008387,EXPORT,NSIGT,VC202400527
CONT2024008388,IMPORT,NSIGT,VC202400527
CONT2024008389,EXPORT,NSIGT,VC202400527
CONT2024008390,IMPORT,NSIGT,VC202400527
CONT2024008391,IMPORT,NSIGT,VC202400527
CONT2024008392,IMPORT,NSIGT,VC202400527
CONT2024008393,EXPORT,NSIGT,VC202400527
CONT2024008394,EXPORT,NSIGT,VC202400527
CONT2024008395,IMPORT,NSIGT,VC202400527
CONT2024008396,EXPORT,NSIGT,VC202400527
CONT2024008397,IMPORT,NSIGT,VC202400527
CONT2024008398,IMPORT,NSIGT,VC202400527
CONT2024008399,EXPORT,NSIGT,VC202400527
CONT2024008400,EXPORT,NSIGT,VC202400527
CONT2024008401,EXPORT,NSIGT,VC202400527
CONT2024008402,EXPORT,NSIGT,VC202400527
CONT2024008403,EXPORT,NSIGT,VC202400527
CONT2024008404,IMPORT,NSIGT,VC202400527
CONT2024008405,EXPORT,NSIGT,VC202400527
CONT2024008406,EXPORT,NSIGT,VC202400527
CONT2024008407,EXPORT,NSIGT,VC202400527
CONT2024008408,IMPORT,NSIGT,VC202400527
CONT2024008409,EXPORT,NSIGT,VC202400527
CONT2024008410,EXPORT,NSIGT,VC202400527
CONT2024008411,EXPORT,NSIGT,VC202400527
CONT2024008412,EXPORT,NSICT,VC202400528
CONT2024008413,EXPORT,NSICT,VC202400528
CONT2024008414,IMPORT,NSICT,VC202400528
CONT2024008415,IMPORT,NSICT,VC202400528
CONT2024008416,EXPORT,NSICT,VC202400528
CONT2024008417,EXPORT,NSICT,VC202400528
CONT2024008418,EXPORT,NSICT,VC202400528
CONT2024008419,IMPORT,NSICT,VC202400528
CONT2024008420,IMPORT,NSICT,VC202400528
CONT2024008421,IMPORT,NSICT,VC202400528
CONT2024008422,IMPORT,NSICT,VC202400528
CONT2024008423,EXPORT,NSICT,VC202400528
CONT2024008424,IMPORT,NSICT,VC202400529
CONT2024008425,EXPORT,NSICT,VC202400529
CONT2024008426,EXPORT,NSICT,VC202400529
CONT2024008427,IMPORT,NSICT,VC202400529
CONT2024008428,IMPORT,NSICT,VC202400529
CONT2024008429,EXPORT,NSICT,VC202400529
CONT2024008430,EXPORT,NSICT,VC202400529
CONT2024008431,IMPORT,NSICT,VC202400529
CONT2024008432,EXPORT,NSICT,VC202400529
CONT2024008433,EXPORT,NSICT,VC202400529
CONT2024008434,IMPORT,NSICT,VC202400529
CONT2024008435,EXPORT,NSICT,VC202400529
CONT2024008436,EXPORT,NSIGT,VC202400530
CONT2024008437,IMPORT,NSIGT,VC202400530
CONT2024008438,IMPORT,NSIGT,VC202400530
CONT2024008439,IMPORT,NSIGT,VC202400530
CONT2024008440,IMPORT,NSIGT,VC202400530
CONT2024008441,EXPORT,NSIGT,VC202400530
CONT2024008442,IMPORT,NSIGT,VC202400530
CONT2024008443,EXPORT,NSIGT,VC202400530
CONT2024008444,EXPORT,NSIGT,VC202400530
CONT2024008445,EXPORT,NSIGT,VC202400530
CONT2024008446,IMPORT,NSIGT,VC202400530
CONT2024008447,EXPORT,NSIGT,VC202400530
CONT2024008448,IMPORT,NSIGT,VC202400530
CONT2024008449,IMPORT,NSIGT,VC202400530
CONT2024008450,EXPORT,NSIGT,VC202400530
CONT2024008451,IMPORT,NSIGT,VC202400530
CONT2024008452,IMPORT,NSIGT,VC202400530
CONT2024008453,EXPORT,NSIGT,VC202400530
CONT2024008454,IMPORT,NSIGT,VC202400530
CONT2024008455,EXPORT,NSIGT,VC202400530
CONT2024008456,IMPORT,NSIGT,VC202400530
CONT2024008457,EXPORT,NSIGT,VC202400530
CONT2024008458,EXPORT,NSIGT,VC202400530
CONT2024008459,IMPORT,NSIGT,VC202400530
CONT2024008460,IMPORT,NSIGT,VC202400530
CONT2024008461,EXPORT,NSICT,VC202400531
CONT2024008462,IMPORT,NSICT,VC202400531
CONT2024008463,IMPORT,NSICT,VC202400531
CONT2024008464,EXPORT,NSICT,VC202400531
CONT2024008465,EXPORT,NSICT,VC202400531
CONT2024008466,IMPORT,NSICT,VC202400531
CONT2024008467,IMPORT,NSICT,VC202400531
CONT2024008468,IMPORT,NSICT,VC202400531
CONT2024008469,EXPORT,NSICT,VC202400531
CONT2024008470,IMPORT,NSICT,VC202400531
CONT2024008471,EXPORT,NSICT,VC202400532
CONT2024008472,EXPORT,NSICT,VC202400532
CONT2024008473,IMPORT,NSICT,VC202400532
CONT2024008474,IMPORT,NSICT,VC202400532
CONT2024008475,EXPORT,NSICT,VC202400532
CONT2024008476,IMPORT,NSICT,VC202400532
CONT2024008477,EXPORT,NSICT,VC202400532
CONT2024008478,IMPORT,NSICT,VC202400532
CONT2024008479,IMPORT,NSICT,VC202400532
CONT2024008480,EXPORT,BMCT,VC202400533
CONT2024008481,IMPORT,BMCT,VC202400533
CONT2024008482,EXPORT,BMCT,VC202400533
CONT2024008483,EXPORT,BMCT,VC202400533
CONT2024008484,IMPORT,BMCT,VC202400533
CONT2024008485,IMPORT,BMCT,VC202400533
CONT2024008486,EXPORT,BMCT,VC202400533
CONT2024008487,IMPORT,BMCT,VC202400533
CONT2024008488,EXPORT,BMCT,VC202400533
CONT2024008489,EXPORT,BMCT,VC202400533
CONT2024008490,IMPORT,BMCT,VC202400533
CONT2024008491,IMPORT,BMCT,VC202400533
CONT2024008492,IMPORT,BMCT,VC202400533
CONT2024008493,EXPORT,BMCT,VC202400533
CONT2024008494,EXPORT,NSICT,VC202400534
CONT2024008495,IMPORT,NSICT,VC202400534
CONT2024008496,IMPORT,NSICT,VC202400534
CONT2024008497,IMPORT,NSICT,VC202400534
CONT2024008498,EXPORT,NSICT,VC202400534
CONT2024008499,IMPORT,NSICT,VC202400534
CONT2024008500,EXPORT,NSICT,VC202400534
CONT2024008501,IMPORT,NSICT,VC202400534
CONT2024008502,IMPORT,NSICT,VC202400534
CONT2024008503,IMPORT,NSFT,VC202400535
CONT2024008504,IMPORT,NSFT,VC202400535
CONT2024008505,IMPORT,NSFT,VC202400535
CONT2024008506,IMPORT,NSFT,VC202400535
CONT2024008507,IMPORT,NSFT,VC202400535
CONT2024008508,IMPORT,NSFT,VC202400535
CONT2024008509,IMPORT,NSFT,VC202400535
CONT2024008510,EXPORT,NSFT,VC202400535
CONT2024008511,EXPORT,NSFT,VC202400535
CONT2024008512,IMPORT,NSFT,VC202400535
CONT2024008513,EXPORT,NSFT,VC202400535
CONT2024008514,IMPORT,NSFT,VC202400535
CONT2024008515,IMPORT,NSFT,VC202400535
CONT2024008516,EXPORT,NSFT,VC202400535
CONT2024008517,IMPORT,NSFT,VC202400535
CONT2024008518,EXPORT,NSICT,VC202400536
CONT2024008519,IMPORT,NSICT,VC202400536
CONT2024008520,EXPORT,NSICT,VC202400536
CONT2024008521,EXPORT,NSICT,VC202400536
CONT2024008522,IMPORT,NSICT,VC202400536
CONT2024008523,IMPORT,NSICT,VC202400536
CONT2024008524,IMPORT,NSICT,VC202400536
CONT2024008525,EXPORT,NSICT,VC202400536
CONT2024008526,IMPORT,NSICT,VC202400536
CONT2024008527,EXPORT,NSICT,VC202400536
CONT2024008528,IMPORT,NSICT,VC202400536
CONT2024008529,IMPORT,NSICT,VC202400536
CONT2024008530,EXPORT,NSICT,VC202400536
CONT2024008531,IMPORT,NSICT,VC202400536
CONT2024008532,IMPORT,NSICT,VC202400536
CONT2024008533,EXPORT,NSICT,VC202400536
CONT2024008534,IMPORT,NSICT,VC202400536
CONT2024008535,EXPORT,NSICT,VC202400537
CONT2024008536,EXPORT,NSICT,VC202400537
CONT2024008537,IMPORT,NSICT,VC202400537
CONT2024008538,IMPORT,NSICT,VC202400537
CONT2024008539,EXPORT,NSICT,VC202400537
CONT2024008540,EXPORT,NSICT,VC202400537
CONT2024008541,IMPORT,NSICT,VC202400537
CONT2024008542,EXPORT,NSICT,VC202400537
CONT2024008543,EXPORT,NSICT,VC202400537
CONT2024008544,EXPORT,NSICT,VC202400537
CONT2024008545,EXPORT,NSICT,VC202400537
CONT2024008546,EXPORT,NSICT,VC202400537
CONT2024008547,IMPORT,NSICT,VC202400537
CONT2024008548,IMPORT,NSICT,VC202400537
CONT2024008549,IMPORT,NSICT,VC202400537
CONT2024008550,EXPORT,NSICT,VC202400537
CONT2024008551,IMPORT,NSICT,VC202400537
CONT2024008552,IMPORT,NSICT,VC202400537
CONT2024008553,EXPORT,NSICT,VC202400537
CONT2024008554,IMPORT,NSICT,VC202400537
CONT2024008555,EXPORT,NSICT,VC202400537
CONT2024008556,IMPORT,NSICT,VC202400537
CONT2024008557,IMPORT,NSICT,VC202400537
CONT2024008558,EXPORT,NSICT,VC202400537
CONT2024008559,IMPORT,NSICT,VC202400537
CONT2024008560,IMPORT,NSICT,VC202400537
CONT2024008561,EXPORT,NSICT,VC202400537
CONT2024008562,EXPORT,NSICT,VC202400537
CONT2024008563,IMPORT,NSICT,VC202400537
CONT2024008564,EXPORT,NSICT,VC202400537
CONT2024008565,EXPORT,NSICT,VC202400537
CONT2024008566,IMPORT,NSICT,VC202400537
CONT2024008567,EXPORT,BMCT,VC202400538
CONT2024008568,EXPORT,BMCT,VC202400538
CONT2024008569,EXPORT,BMCT,VC202400538
CONT2024008570,IMPORT,BMCT,VC202400538
CONT2024008571,IMPORT,BMCT,VC202400538
CONT2024008572,EXPORT,BMCT,VC202400538
CONT2024008573,EXPORT,NSFT,VC202400539
CONT2024008574,EXPORT,NSFT,VC202400539
CONT2024008575,EXPORT,NSFT,VC202400539
CONT2024008576,IMPORT,NSFT,VC202400539
CONT2024008577,EXPORT,NSFT,VC202400539
CONT2024008578,EXPORT,NSFT,VC202400539
CONT2024008579,EXPORT,NSFT,VC202400539
CONT2024008580,IMPORT,NSFT,VC202400539
CONT2024008581,IMPORT,NSFT,VC202400539
CONT2024008582,IMPORT,NSFT,VC202400539
CONT2024008583,EXPORT,NSFT,VC202400539
CONT2024008584,EXPORT,NSFT,VC202400539
CONT2024008585,IMPORT,NSFT,VC202400539
CONT2024008586,EXPORT,NSFT,VC202400539
CONT2024008587,IMPORT,NSFT,VC202400539
CONT2024008588,EXPORT,NSFT,VC202400539
CONT2024008589,IMPORT,NSFT,VC202400539
CONT2024008590,IMPORT,NSFT,VC202400539
CONT2024008591,EXPORT,NSFT,VC202400539
CONT2024008592,EXPORT,NSFT,VC202400539
CONT2024008593,EXPORT,NSFT,VC202400539
CONT2024008594,EXPORT,NSFT,VC202400539
CONT2024008595,IMPORT,NSFT,VC202400539
CONT2024008596,EXPORT,NSFT,VC202400539
CONT2024008597,IMPORT,NSFT,VC202400539
CONT2024008598,EXPORT,NSFT,VC202400539
CONT2024008599,EXPORT,NSFT,VC202400539
CONT2024008600,EXPORT,NSFT,VC202400539
CONT2024008601,IMPORT,NSFT,VC202400539
CONT2024008602,IMPORT,NSFT,VC202400539
CONT2024008603,IMPORT,NSFT,VC202400539
CONT2024008604,EXPORT,NSFT,VC202400539
CONT2024008605,EXPORT,NSFT,VC202400539
CONT2024008606,EXPORT,NSFT,VC202400539
CONT2024008607,IMPORT,NSFT,VC202400539
CONT2024008608,IMPORT,NSFT,VC202400539
CONT2024008609,IMPORT,NSFT,VC202400539
CONT2024008610,EXPORT,NSFT,VC202400539
CONT2024008611,IMPORT,NSFT,VC202400539
CONT2024008612,IMPORT,NSFT,VC202400539
CONT2024008613,IMPORT,NSFT,VC202400539
CONT2024008614,EXPORT,NSFT,VC202400539
CONT2024008615,EXPORT,NSFT,VC202400539
CONT2024008616,EXPORT,NSFT,VC202400539
CONT2024008617,IMPORT,GTI,VC202400540
CONT2024008618,IMPORT,GTI,VC202400540
CONT2024008619,IMPORT,GTI,VC202400540
CONT2024008620,EXPORT,GTI,VC202400540
CONT2024008621,IMPORT,GTI,VC202400540
CONT2024008622,EXPORT,GTI,VC202400540
CONT2024008623,IMPORT,GTI,VC202400540
CONT2024008624,EXPORT,GTI,VC202400540
CONT2024008625,EXPORT,GTI,VC202400540
CONT2024008626,IMPORT,GTI,VC202400540
CONT2024008627,IMPORT,NSIGT,VC202400541
CONT2024008628,IMPORT,NSIGT,VC202400541
CONT2024008629,IMPORT,NSIGT,VC202400541
CONT2024008630,IMPORT,NSIGT,VC202400541
CONT2024008631,IMPORT,NSIGT,VC202400541
CONT2024008632,EXPORT,NSIGT,VC202400541
CONT2024008633,EXPORT,NSIGT,VC202400541
CONT2024008634,EXPORT,NSIGT,VC202400541
CONT2024008635,IMPORT,NSIGT,VC202400541
CONT2024008636,IMPORT,NSIGT,VC202400541
CONT2024008637,EXPORT,NSIGT,VC202400541
CONT2024008638,IMPORT,NSIGT,VC202400541
CONT2024008639,IMPORT,NSIGT,VC202400541
CONT2024008640,IMPORT,NSIGT,VC202400541
CONT2024008641,EXPORT,NSIGT,VC202400541
CONT2024008642,IMPORT,NSIGT,VC202400541
CONT2024008643,EXPORT,NSIGT,VC202400541
CONT2024008644,IMPORT,NSIGT,VC202400541
CONT2024008645,IMPORT,NSIGT,VC202400541
CONT2024008646,IMPORT,NSIGT,VC202400541
CONT2024008647,IMPORT,NSIGT,VC202400541
CONT2024008648,IMPORT,NSIGT,VC202400541
CONT2024008649,IMPORT,NSIGT,VC202400541
CONT2024008650,EXPORT,NSIGT,VC202400541
CONT2024008651,EXPORT,NSIGT,VC202400541
CONT2024008652,IMPORT,NSIGT,VC202400541
CONT2024008653,IMPORT,NSIGT,VC202400541
CONT2024008654,IMPORT,NSIGT,VC202400541
CONT2024008655,IMPORT,NSIGT,VC202400541
CONT2024008656,EXPORT,NSIGT,VC202400541
CONT2024008657,IMPORT,NSIGT,VC202400541
CONT2024008658,EXPORT,NSIGT,VC202400541
CONT2024008659,EXPORT,NSIGT,VC202400541
CONT2024008660,IMPORT,NSIGT,VC202400541
CONT2024008661,EXPORT,NSIGT,VC202400541
CONT2024008662,EXPORT,NSIGT,VC202400541
CONT2024008663,EXPORT,NSIGT,VC202400541
CONT2024008664,EXPORT,NSIGT,VC202400541
CONT2024008665,EXPORT,NSIGT,VC202400541
CONT2024008666,EXPORT,NSIGT,VC202400541
CONT2024008667,IMPORT,NSIGT,VC202400541
CONT2024008668,IMPORT,NSIGT,VC202400541
CONT2024008669,EXPORT,NSIGT,VC202400541
CONT2024008670,EXPORT,NSIGT,VC202400541
CONT2024008671,IMPORT,NSIGT,VC202400541
CONT2024008672,IMPORT,BMCT,VC202400542
CONT2024008673,EXPORT,BMCT,VC202400542
CONT2024008674,IMPORT,BMCT,VC202400542
CONT2024008675,EXPORT,BMCT,VC202400542
CONT2024008676,IMPORT,BMCT,VC202400542
CONT2024008677,IMPORT,BMCT,VC202400542
CONT2024008678,EXPORT,BMCT,VC202400542
CONT2024008679,IMPORT,BMCT,VC202400542
CONT2024008680,EXPORT,BMCT,VC202400542
CONT2024008681,EXPORT,BMCT,VC202400542
CONT2024008682,EXPORT,BMCT,VC202400542
CONT2024008683,EXPORT,NSIGT,VC202400543
CONT2024008684,EXPORT,NSIGT,VC202400543
CONT2024008685,EXPORT,NSIGT,VC202400543
CONT2024008686,EXPORT,NSIGT,VC202400543
CONT2024008687,EXPORT,NSIGT,VC202400543
CONT2024008688,EXPORT,NSIGT,VC202400543
CONT2024008689,IMPORT,NSIGT,VC202400543
CONT2024008690,EXPORT,NSIGT,VC202400543
CONT2024008691,EXPORT,NSIGT,VC202400543
CONT2024008692,IMPORT,NSIGT,VC202400543
CONT2024008693,EXPORT,NSIGT,VC202400543
CONT2024008694,IMPORT,NSIGT,VC202400543
CONT2024008695,EXPORT,NSIGT,VC202400544
CONT2024008696,EXPORT,NSIGT,VC202400544
CONT2024008697,IMPORT,NSIGT,VC202400544
CONT2024008698,IMPORT,NSIGT,VC202400544
CONT2024008699,EXPORT,NSIGT,VC202400544
CONT2024008700,EXPORT,NSIGT,VC202400544
CONT2024008701,EXPORT,NSIGT,VC202400544
CONT2024008702,IMPORT,NSIGT,VC202400544
CONT2024008703,EXPORT,NSIGT,VC202400544
CONT2024008704,EXPORT,NSIGT,VC202400544
CONT2024008705,IMPORT,NSIGT,VC202400544
CONT2024008706,EXPORT,NSIGT,VC202400544
CONT2024008707,EXPORT,NSIGT,VC202400544
CONT2024008708,EXPORT,NSIGT,VC202400544
CONT2024008709,EXPORT,NSIGT,VC202400544
CONT2024008710,EXPORT,NSIGT,VC202400544
CONT2024008711,IMPORT,NSIGT,VC202400544
CONT2024008712,IMPORT,NSIGT,VC202400544
CONT2024008713,IMPORT,NSIGT,VC202400544
CONT2024008714,EXPORT,NSIGT,VC202400544
CONT2024008715,IMPORT,NSIGT,VC202400544
CONT2024008716,EXPORT,NSIGT,VC202400544
CONT2024008717,EXPORT,NSIGT,VC202400544
CONT2024008718,IMPORT,NSIGT,VC202400544
CONT2024008719,EXPORT,NSIGT,VC202400545
CONT2024008720,EXPORT,NSIGT,VC202400545
CONT2024008721,IMPORT,NSIGT,VC202400545
CONT2024008722,EXPORT,NSIGT,VC202400545
CONT2024008723,EXPORT,NSIGT,VC202400545
CONT2024008724,IMPORT,NSIGT,VC202400545
CONT2024008725,IMPORT,NSFT,VC202400546
CONT2024008726,IMPORT,NSFT,VC202400546
CONT2024008727,IMPORT,NSFT,VC202400546
CONT2024008728,IMPORT,NSFT,VC202400546
CONT2024008729,EXPORT,NSFT,VC202400546
CONT2024008730,EXPORT,NSFT,VC202400546
CONT2024008731,IMPORT,NSFT,VC202400546
CONT2024008732,IMPORT,NSFT,VC202400546
CONT2024008733,EXPORT,NSIGT,VC202400547
CONT2024008734,EXPORT,NSIGT,VC202400547
CONT2024008735,EXPORT,NSIGT,VC202400547
CONT2024008736,EXPORT,NSIGT,VC202400547
CONT2024008737,IMPORT,NSIGT,VC202400547
CONT2024008738,IMPORT,NSIGT,VC202400547
CONT2024008739,EXPORT,GTI,VC202400548
CONT2024008740,IMPORT,GTI,VC202400548
CONT2024008741,IMPORT,GTI,VC202400548
CONT2024008742,IMPORT,GTI,VC202400548
CONT2024008743,EXPORT,GTI,VC202400548
CONT2024008744,EXPORT,GTI,VC202400548
CONT2024008745,IMPORT,GTI,VC202400548
CONT2024008746,EXPORT,GTI,VC202400548
CONT2024008747,IMPORT,GTI,VC202400548
CONT2024008748,EXPORT,GTI,VC202400548
CONT2024008749,EXPORT,GTI,VC202400548
CONT2024008750,IMPORT,GTI,VC202400548
CONT2024008751,IMPORT,GTI,VC202400548
CONT2024008752,IMPORT,GTI,VC202400548
CONT2024008753,EXPORT,GTI,VC202400548
CONT2024008754,IMPORT,GTI,VC202400548
CONT2024008755,IMPORT,GTI,VC202400548
CONT2024008756,IMPORT,GTI,VC202400548
CONT2024008757,EXPORT,GTI,VC202400548
CONT2024008758,EXPORT,GTI,VC202400548
CONT2024008759,EXPORT,GTI,VC202400548
CONT2024008760,IMPORT,GTI,VC202400548
CONT2024008761,IMPORT,GTI,VC202400548
CONT2024008762,EXPORT,GTI,VC202400548
CONT2024008763,IMPORT,GTI,VC202400548
CONT2024008764,IMPORT,GTI,VC202400548
CONT2024008765,IMPORT,GTI,VC202400548
CONT2024008766,EXPORT,NSIGT,VC202400549
CONT2024008767,IMPORT,NSIGT,VC202400549
CONT2024008768,IMPORT,NSIGT,VC202400549
CONT2024008769,EXPORT,NSIGT,VC202400549
CONT2024008770,EXPORT,NSIGT,VC202400549
CONT2024008771,IMPORT,NSIGT,VC202400549
CONT2024008772,EXPORT,NSIGT,VC202400549
CONT2024008773,IMPORT,NSIGT,VC202400549
CONT2024008774,EXPORT,NSIGT,VC202400549
CONT2024008775,EXPORT,NSIGT,VC202400549
CONT2024008776,IMPORT,NSIGT,VC202400549
CONT2024008777,IMPORT,NSIGT,VC202400549
CONT2024008778,IMPORT,NSIGT,VC202400549
CONT2024008779,IMPORT,NSIGT,VC202400549
CONT2024008780,EXPORT,NSIGT,VC202400549
CONT2024008781,EXPORT,NSIGT,VC202400549
CONT2024008782,IMPORT,NSIGT,VC202400549
CONT2024008783,IMPORT,NSIGT,VC202400549
CONT2024008784,EXPORT,NSFT,VC202400550
CONT2024008785,IMPORT,NSFT,VC202400550
CONT2024008786,EXPORT,NSFT,VC202400550
CONT2024008787,EXPORT,NSFT,VC202400550
CONT2024008788,IMPORT,NSFT,VC202400550
CONT2024008789,EXPORT,NSFT,VC202400550
CONT2024008790,EXPORT,NSFT,VC202400550
CONT2024008791,IMPORT,NSFT,VC202400550
CONT2024008792,EXPORT,NSFT,VC202400550
CONT2024008793,IMPORT,NSFT,VC202400550
CONT2024008794,EXPORT,NSFT,VC202400550
CONT2024008795,IMPORT,NSFT,VC202400550
CONT2024008796,IMPORT,NSFT,VC202400550
CONT2024008797,EXPORT,NSFT,VC202400550
CONT2024008798,EXPORT,NSFT,VC202400550
CONT2024008799,IMPORT,NSFT,VC202400550
CONT2024008800,EXPORT,NSFT,VC202400550
CONT2024008801,IMPORT,NSFT,VC202400550
CONT2024008802,IMPORT,NSFT,VC202400550
CONT2024008803,IMPORT,NSFT,VC202400550
CONT2024008804,EXPORT,NSFT,VC202400550
CONT2024008805,EXPORT,NSFT,VC202400550
CONT2024008806,EXPORT,NSFT,VC202400550
CONT2024008807,EXPORT,NSFT,VC202400550
CONT2024008808,EXPORT,NSFT,VC202400550
CONT2024008809,IMPORT,NSFT,VC202400550
CONT2024008810,EXPORT,NSFT,VC202400550
CONT2024008811,IMPORT,NSFT,VC202400551
CONT2024008812,IMPORT,NSFT,VC202400551
CONT2024008813,IMPORT,NSFT,VC202400551
CONT2024008814,IMPORT,NSFT,VC202400551
CONT2024008815,IMPORT,NSFT,VC202400551
CONT2024008816,EXPORT,NSFT,VC202400551
CONT2024008817,IMPORT,NSFT,VC202400551
CONT2024008818,IMPORT,NSFT,VC202400551
CONT2024008819,EXPORT,NSFT,VC202400551
CONT2024008820,EXPORT,NSFT,VC202400551
CONT2024008821,IMPORT,NSFT,VC202400551
CONT2024008822,EXPORT,NSFT,VC202400551
CONT2024008823,EXPORT,NSFT,VC202400551
CONT2024008824,IMPORT,NSFT,VC202400551
CONT2024008825,EXPORT,NSFT,VC202400551
CONT2024008826,IMPORT,NSIGT,VC202400552
CONT2024008827,IMPORT,NSIGT,VC202400552
CONT2024008828,IMPORT,NSIGT,VC202400552
CONT2024008829,EXPORT,NSIGT,VC202400552
CONT2024008830,EXPORT,NSIGT,VC202400552
CONT2024008831,IMPORT,NSIGT,VC202400552
CONT2024008832,IMPORT,NSIGT,VC202400552
CONT2024008833,EXPORT,GTI,VC202400553
CONT2024008834,IMPORT,GTI,VC202400553
CONT2024008835,IMPORT,GTI,VC202400553
CONT2024008836,IMPORT,GTI,VC202400553
CONT2024008837,EXPORT,GTI,VC202400553
CONT2024008838,EXPORT,GTI,VC202400553
CONT2024008839,IMPORT,GTI,VC202400553
CONT2024008840,IMPORT,GTI,VC202400553
CONT2024008841,EXPORT,GTI,VC202400553
CONT2024008842,EXPORT,GTI,VC202400553
CONT2024008843,EXPORT,GTI,VC202400553
CONT2024008844,EXPORT,GTI,VC202400553
CONT2024008845,EXPORT,GTI,VC202400553
CONT2024008846,IMPORT,BMCT,VC202400554
CONT2024008847,IMPORT,BMCT,VC202400554
CONT2024008848,IMPORT,BMCT,VC202400554
CONT2024008849,IMPORT,BMCT,VC202400554
CONT2024008850,EXPORT,BMCT,VC202400554
CONT2024008851,IMPORT,BMCT,VC202400554
CONT2024008852,EXPORT,BMCT,VC202400554
CONT2024008853,EXPORT,BMCT,VC202400554
CONT2024008854,EXPORT,BMCT,VC202400554
CONT2024008855,EXPORT,BMCT,VC202400554
CONT2024008856,EXPORT,BMCT,VC202400554
CONT2024008857,IMPORT,BMCT,VC202400554
CONT2024008858,IMPORT,NSICT,VC202400555
CONT2024008859,EXPORT,NSICT,VC202400555
CONT2024008860,IMPORT,NSICT,VC202400555
CONT2024008861,IMPORT,NSICT,VC202400555
CONT2024008862,EXPORT,NSICT,VC202400555
CONT2024008863,EXPORT,NSICT,VC202400555
CONT2024008864,IMPORT,NSICT,VC202400555
CONT2024008865,IMPORT,NSICT,VC202400555
CONT2024008866,EXPORT,BMCT,VC202400556
CONT2024008867,IMPORT,BMCT,VC202400556
CONT2024008868,IMPORT,BMCT,VC202400556
CONT2024008869,EXPORT,BMCT,VC202400556
CONT2024008870,EXPORT,BMCT,VC202400556
CONT2024008871,EXPORT,BMCT,VC202400556
CONT2024008872,EXPORT,BMCT,VC202400556
CONT2024008873,EXPORT,BMCT,VC202400556
CONT2024008874,IMPORT,BMCT,VC202400556
CONT2024008875,EXPORT,BMCT,VC202400556
CONT2024008876,EXPORT,BMCT,VC202400556
CONT2024008877,EXPORT,BMCT,VC202400556
CONT2024008878,EXPORT,BMCT,VC202400556
CONT2024008879,EXPORT,BMCT,VC202400556
CONT2024008880,EXPORT,BMCT,VC202400556
CONT2024008881,IMPORT,NSFT,VC202400557
CONT2024008882,EXPORT,NSFT,VC202400557
CONT2024008883,EXPORT,NSFT,VC202400557
CONT2024008884,IMPORT,NSFT,VC202400557
CONT2024008885,EXPORT,NSFT,VC202400557
CONT2024008886,EXPORT,NSFT,VC202400557
CONT2024008887,EXPORT,NSFT,VC202400557
CONT2024008888,IMPORT,NSFT,VC202400557
CONT2024008889,IMPORT,NSFT,VC202400557
CONT2024008890,IMPORT,NSFT,VC202400557
CONT2024008891,EXPORT,NSFT,VC202400557
CONT2024008892,EXPORT,NSFT,VC202400557
CONT2024008893,EXPORT,NSFT,VC202400557
CONT2024008894,EXPORT,NSFT,VC202400557
CONT2024008895,IMPORT,NSFT,VC202400557
CONT2024008896,EXPORT,NSFT,VC202400557
CONT2024008897,EXPORT,NSFT,VC202400558
CONT2024008898,IMPORT,NSFT,VC202400558
CONT2024008899,EXPORT,NSFT,VC202400558
CONT2024008900,EXPORT,NSFT,VC202400558
CONT2024008901,IMPORT,NSFT,VC202400558
CONT2024008902,IMPORT,NSFT,VC202400558
CONT2024008903,IMPORT,NSFT,VC202400558
CONT2024008904,EXPORT,NSFT,VC202400558
CONT2024008905,IMPORT,NSFT,VC202400558
CONT2024008906,IMPORT,NSFT,VC202400558
CONT2024008907,EXPORT,NSFT,VC202400558
CONT2024008908,IMPORT,NSFT,VC202400558
CONT2024008909,EXPORT,NSFT,VC202400558
CONT2024008910,EXPORT,NSFT,VC202400558
CONT2024008911,EXPORT,NSFT,VC202400558
CONT2024008912,IMPORT,NSFT,VC202400558
CONT2024008913,IMPORT,NSIGT,VC202400559
CONT2024008914,IMPORT,NSIGT,VC202400559
CONT2024008915,EXPORT,NSIGT,VC202400559
CONT2024008916,EXPORT,NSIGT,VC202400559
CONT2024008917,EXPORT,NSIGT,VC202400559
CONT2024008918,IMPORT,NSIGT,VC202400559
CONT2024008919,IMPORT,NSIGT,VC202400559
CONT2024008920,IMPORT,NSIGT,VC202400559
CONT2024008921,IMPORT,NSIGT,VC202400559
CONT2024008922,EXPORT,NSIGT,VC202400559
CONT2024008923,EXPORT,NSIGT,VC202400559
CONT2024008924,EXPORT,NSIGT,VC202400559
CONT2024008925,IMPORT,NSIGT,VC202400559
CONT2024008926,IMPORT,NSIGT,VC202400559
CONT2024008927,IMPORT,NSIGT,VC202400559
CONT2024008928,IMPORT,NSIGT,VC202400559
CONT2024008929,EXPORT,NSIGT,VC202400559
CONT2024008930,EXPORT,NSIGT,VC202400559
CONT2024008931,IMPORT,NSIGT,VC202400559
CONT2024008932,EXPORT,GTI,VC202400560
CONT2024008933,IMPORT,GTI,VC202400560
CONT2024008934,IMPORT,GTI,VC202400560
CONT2024008935,IMPORT,GTI,VC202400560
CONT2024008936,IMPORT,GTI,VC202400560
CONT2024008937,IMPORT,GTI,VC202400560
CONT2024008938,IMPORT,GTI,VC202400560
CONT2024008939,IMPORT,GTI,VC202400560
CONT2024008940,IMPORT,GTI,VC202400560
CONT2024008941,IMPORT,GTI,VC202400560
CONT2024008942,EXPORT,GTI,VC202400560
CONT2024008943,EXPORT,GTI,VC202400560
CONT2024008944,EXPORT,NSIGT,VC202400561
CONT2024008945,EXPORT,NSIGT,VC202400561
CONT2024008946,EXPORT,NSIGT,VC202400561
CONT2024008947,IMPORT,NSIGT,VC202400561
CONT2024008948,IMPORT,NSIGT,VC202400561
CONT2024008949,IMPORT,NSIGT,VC202400561
CONT2024008950,IMPORT,NSIGT,VC202400561
CONT2024008951,IMPORT,NSIGT,VC202400561
CONT2024008952,IMPORT,NSIGT,VC202400561
CONT2024008953,IMPORT,NSIGT,VC202400561
CONT2024008954,IMPORT,NSIGT,VC202400561
CONT2024008955,IMPORT,NSIGT,VC202400561
CONT2024008956,IMPORT,NSIGT,VC202400561
CONT2024008957,IMPORT,NSIGT,VC202400561
CONT2024008958,EXPORT,NSIGT,VC202400561
CONT2024008959,IMPORT,NSIGT,VC202400561
CONT2024008960,IMPORT,NSIGT,VC202400561
CONT2024008961,IMPORT,NSIGT,VC202400561
CONT2024008962,IMPORT,NSIGT,VC202400561
CONT2024008963,IMPORT,NSIGT,VC202400561
CONT2024008964,IMPORT,NSIGT,VC202400561
CONT2024008965,IMPORT,BMCT,VC202400562
CONT2024008966,EXPORT,BMCT,VC202400562
CONT2024008967,EXPORT,BMCT,VC202400562
CONT2024008968,EXPORT,BMCT,VC202400562
CONT2024008969,EXPORT,BMCT,VC202400562
CONT2024008970,IMPORT,BMCT,VC202400562
CONT2024008971,IMPORT,BMCT,VC202400562
CONT2024008972,EXPORT,BMCT,VC202400562
CONT2024008973,IMPORT,BMCT,VC202400562
CONT2024008974,EXPORT,NSFT,VC202400563
CONT2024008975,EXPORT,NSFT,VC202400563
CONT2024008976,EXPORT,NSFT,VC202400563
CONT2024008977,IMPORT,NSFT,VC202400563
CONT2024008978,IMPORT,NSFT,VC202400563
CONT2024008979,IMPORT,NSFT,VC202400563
CONT2024008980,IMPORT,NSFT,VC202400563
CONT2024008981,IMPORT,NSFT,VC202400563
CONT2024008982,EXPORT,NSFT,VC202400563
CONT2024008983,EXPORT,NSFT,VC202400563
CONT2024008984,EXPORT,NSFT,VC202400563
CONT2024008985,IMPORT,NSFT,VC202400563
CONT2024008986,EXPORT,NSFT,VC202400563
CONT2024008987,EXPORT,NSFT,VC202400563
CONT2024008988,EXPORT,NSFT,VC202400563
CONT2024008989,IMPORT,NSFT,VC202400563
CONT2024008990,EXPORT,NSFT,VC202400563
CONT2024008991,EXPORT,NSFT,VC202400563
CONT2024008992,EXPORT,NSFT,VC202400563
CONT2024008993,EXPORT,NSFT,VC202400563
CONT2024008994,EXPORT,NSFT,VC202400563
CONT2024008995,IMPORT,NSFT,VC202400563
CONT2024008996,EXPORT,NSIGT,VC202400564
CONT2024008997,EXPORT,NSIGT,VC202400564
CONT2024008998,EXPORT,NSIGT,VC202400564
CONT2024008999,EXPORT,NSIGT,VC202400564
CONT2024009000,EXPORT,NSIGT,VC202400564
CONT2024009001,EXPORT,NSIGT,VC202400564
CONT2024009002,IMPORT,NSIGT,VC202400564
CONT2024009003,IMPORT,NSIGT,VC202400564
CONT2024009004,EXPORT,NSIGT,VC202400564
CONT2024009005,EXPORT,NSIGT,VC202400564
CONT2024009006,IMPORT,NSIGT,VC202400564
CONT2024009007,IMPORT,NSIGT,VC202400564
CONT2024009008,EXPORT,NSIGT,VC202400564
CONT2024009009,IMPORT,NSIGT,VC202400564
CONT2024009010,IMPORT,NSIGT,VC202400564
CONT2024009011,IMPORT,NSIGT,VC202400564
CONT2024009012,IMPORT,NSIGT,VC202400564
CONT2024009013,IMPORT,NSIGT,VC202400564
CONT2024009014,IMPORT,NSIGT,VC202400564
CONT2024009015,EXPORT,NSIGT,VC202400564
CONT2024009016,IMPORT,GTI,VC202400565
CONT2024009017,IMPORT,GTI,VC202400565
CONT2024009018,EXPORT,GTI,VC202400565
CONT2024009019,IMPORT,GTI,VC202400565
CONT2024009020,IMPORT,GTI,VC202400565
CONT2024009021,IMPORT,GTI,VC202400565
CONT2024009022,IMPORT,GTI,VC202400565
CONT2024009023,EXPORT,GTI,VC202400565
CONT2024009024,IMPORT,GTI,VC202400565
CONT2024009025,IMPORT,GTI,VC202400565
CONT2024009026,EXPORT,GTI,VC202400565
CONT2024009027,EXPORT,GTI,VC202400565
CONT2024009028,IMPORT,GTI,VC202400565
CONT2024009029,EXPORT,GTI,VC202400565
CONT2024009030,EXPORT,GTI,VC202400565
CONT2024009031,EXPORT,GTI,VC202400565
CONT2024009032,EXPORT,GTI,VC202400565
CONT2024009033,IMPORT,GTI,VC202400565
CONT2024009034,IMPORT,GTI,VC202400565
CONT2024009035,EXPORT,GTI,VC202400565
CONT2024009036,IMPORT,GTI,VC202400565
CONT2024009037,EXPORT,GTI,VC202400565
CONT2024009038,IMPORT,GTI,VC202400565
CONT2024009039,IMPORT,GTI,VC202400565
CONT2024009040,EXPORT,GTI,VC202400565
CONT2024009041,EXPORT,GTI,VC202400565
CONT2024009042,EXPORT,GTI,VC202400565
CONT2024009043,IMPORT,GTI,VC202400565
CONT2024009044,EXPORT,GTI,VC202400565
CONT2024009045,IMPORT,GTI,VC202400565
CONT2024009046,IMPORT,GTI,VC202400565
CONT2024009047,IMPORT,NSICT,VC202400566
CONT2024009048,EXPORT,NSICT,VC202400566
CONT2024009049,EXPORT,NSICT,VC202400566
CONT2024009050,EXPORT,NSICT,VC202400566
CONT2024009051,EXPORT,NSICT,VC202400566
CONT2024009052,IMPORT,NSICT,VC202400566
CONT2024009053,EXPORT,NSICT,VC202400566
CONT2024009054,EXPORT,NSICT,VC202400566
CONT2024009055,IMPORT,NSICT,VC202400566
CONT2024009056,EXPORT,NSICT,VC202400566
CONT2024009057,EXPORT,NSICT,VC202400566
CONT2024009058,EXPORT,NSICT,VC202400566
CONT2024009059,EXPORT,NSICT,VC202400566
CONT2024009060,IMPORT,NSICT,VC202400566
CONT2024009061,IMPORT,NSICT,VC202400566
CONT2024009062,EXPORT,NSICT,VC202400566
CONT2024009063,EXPORT,NSICT,VC202400566
CONT2024009064,EXPORT,NSICT,VC202400566
CONT2024009065,EXPORT,NSICT,VC202400566
CONT2024009066,IMPORT,NSICT,VC202400566
CONT2024009067,EXPORT,NSICT,VC202400566
CONT2024009068,IMPORT,NSIGT,VC202400567
CONT2024009069,EXPORT,NSIGT,VC202400567
CONT2024009070,IMPORT,NSIGT,VC202400567
CONT2024009071,EXPORT,NSIGT,VC202400567
CONT2024009072,EXPORT,NSIGT,VC202400567
CONT2024009073,EXPORT,NSIGT,VC202400567
CONT2024009074,EXPORT,NSIGT,VC202400567
CONT2024009075,IMPORT,NSIGT,VC202400567
CONT2024009076,IMPORT,NSIGT,VC202400567
CONT2024009077,IMPORT,NSIGT,VC202400567
CONT2024009078,IMPORT,NSIGT,VC202400567
CONT2024009079,IMPORT,NSIGT,VC202400567
CONT2024009080,IMPORT,NSIGT,VC202400567
CONT2024009081,EXPORT,NSIGT,VC202400567
CONT2024009082,EXPORT,NSIGT,VC202400567
CONT2024009083,EXPORT,NSIGT,VC202400567
CONT2024009084,IMPORT,NSIGT,VC202400567
CONT2024009085,IMPORT,NSIGT,VC202400567
CONT2024009086,EXPORT,NSICT,VC202400568
CONT2024009087,EXPORT,NSICT,VC202400568
CONT2024009088,EXPORT,NSICT,VC202400568
CONT2024009089,EXPORT,NSICT,VC202400568
CONT2024009090,EXPORT,NSICT,VC202400568
CONT2024009091,EXPORT,NSICT,VC202400568
CONT2024009092,IMPORT,NSICT,VC202400568
CONT2024009093,IMPORT,NSICT,VC202400568
CONT2024009094,EXPORT,NSICT,VC202400568
CONT2024009095,EXPORT,NSICT,VC202400568
CONT2024009096,EXPORT,NSICT,VC202400568
CONT2024009097,EXPORT,NSICT,VC202400568
CONT2024009098,IMPORT,NSICT,VC202400568
CONT2024009099,EXPORT,NSICT,VC202400568
CONT2024009100,EXPORT,NSICT,VC202400568
CONT2024009101,EXPORT,NSICT,VC202400568
CONT2024009102,EXPORT,NSICT,VC202400568
CONT2024009103,IMPORT,NSICT,VC202400568
CONT2024009104,IMPORT,NSICT,VC202400568
CONT2024009105,EXPORT,NSICT,VC202400568
CONT2024009106,IMPORT,NSICT,VC202400568
CONT2024009107,IMPORT,NSICT,VC202400568
CONT2024009108,EXPORT,NSICT,VC202400568
CONT2024009109,EXPORT,NSICT,VC202400568
CONT2024009110,IMPORT,NSICT,VC202400568
CONT2024009111,EXPORT,NSICT,VC202400568
CONT2024009112,EXPORT,NSICT,VC202400568
CONT2024009113,EXPORT,NSICT,VC202400568
CONT2024009114,IMPORT,NSFT,VC202400569
CONT2024009115,EXPORT,NSFT,VC202400569
CONT2024009116,IMPORT,NSFT,VC202400569
CONT2024009117,IMPORT,NSFT,VC202400569
CONT2024009118,IMPORT,NSFT,VC202400569
CONT2024009119,EXPORT,NSFT,VC202400569
CONT2024009120,EXPORT,NSFT,VC202400569
CONT2024009121,IMPORT,NSFT,VC202400569
CONT2024009122,EXPORT,NSFT,VC202400569
CONT2024009123,IMPORT,NSFT,VC202400569
CONT2024009124,EXPORT,NSFT,VC202400569
CONT2024009125,IMPORT,NSFT,VC202400569
CONT2024009126,IMPORT,NSFT,VC202400569
CONT2024009127,EXPORT,NSFT,VC202400570
CONT2024009128,EXPORT,NSFT,VC202400570
CONT2024009129,EXPORT,NSFT,VC202400570
CONT2024009130,IMPORT,NSFT,VC202400570
CONT2024009131,IMPORT,NSFT,VC202400570
CONT2024009132,EXPORT,NSFT,VC202400570
CONT2024009133,IMPORT,NSIGT,VC202400571
CONT2024009134,EXPORT,NSIGT,VC202400571
CONT2024009135,EXPORT,NSIGT,VC202400571
CONT2024009136,EXPORT,NSIGT,VC202400571
CONT2024009137,EXPORT,NSIGT,VC202400571
CONT2024009138,IMPORT,NSIGT,VC202400571
CONT2024009139,EXPORT,NSIGT,VC202400571
CONT2024009140,EXPORT,NSIGT,VC202400571
CONT2024009141,EXPORT,NSIGT,VC202400571
CONT2024009142,EXPORT,NSIGT,VC202400571
CONT2024009143,EXPORT,NSIGT,VC202400571
CONT2024009144,IMPORT,NSIGT,VC202400571
CONT2024009145,IMPORT,NSIGT,VC202400571
CONT2024009146,EXPORT,NSIGT,VC202400571
CONT2024009147,IMPORT,NSIGT,VC202400571
CONT2024009148,IMPORT,NSIGT,VC202400571
CONT2024009149,EXPORT,NSIGT,VC202400571
CONT2024009150,IMPORT,NSIGT,VC202400571
CONT2024009151,EXPORT,NSIGT,VC202400571
CONT2024009152,EXPORT,NSIGT,VC202400571
CONT2024009153,EXPORT,NSIGT,VC202400571
CONT2024009154,EXPORT,NSIGT,VC202400571
CONT2024009155,IMPORT,BMCT,VC202400572
CONT2024009156,IMPORT,BMCT,VC202400572
CONT2024009157,IMPORT,BMCT,VC202400572
CONT2024009158,IMPORT,BMCT,VC202400572
CONT2024009159,IMPORT,BMCT,VC202400572
CONT2024009160,IMPORT,BMCT,VC202400572
CONT2024009161,EXPORT,BMCT,VC202400572
CONT2024009162,EXPORT,GTI,VC202400573
CONT2024009163,IMPORT,GTI,VC202400573
CONT2024009164,IMPORT,GTI,VC202400573
CONT2024009165,IMPORT,GTI,VC202400573
CONT2024009166,IMPORT,GTI,VC202400573
CONT2024009167,EXPORT,GTI,VC202400573
CONT2024009168,EXPORT,GTI,VC202400573
CONT2024009169,IMPORT,GTI,VC202400573
CONT2024009170,EXPORT,GTI,VC202400573
CONT2024009171,IMPORT,GTI,VC202400573
CONT2024009172,IMPORT,GTI,VC202400573
CONT2024009173,IMPORT,GTI,VC202400573
CONT2024009174,IMPORT,GTI,VC202400573
CONT2024009175,IMPORT,GTI,VC202400573
CONT2024009176,EXPORT,GTI,VC202400573
CONT2024009177,IMPORT,GTI,VC202400573
CONT2024009178,IMPORT,GTI,VC202400573
CONT2024009179,EXPORT,GTI,VC202400573
CONT2024009180,EXPORT,GTI,VC202400573
CONT2024009181,EXPORT,GTI,VC202400573
CONT2024009182,IMPORT,GTI,VC202400573
CONT2024009183,EXPORT,GTI,VC202400573
CONT2024009184,EXPORT,GTI,VC202400573
CONT2024009185,IMPORT,BMCT,VC202400574
CONT2024009186,IMPORT,BMCT,VC202400574
CONT2024009187,IMPORT,BMCT,VC202400574
CONT2024009188,EXPORT,BMCT,VC202400574
CONT2024009189,IMPORT,BMCT,VC202400574
CONT2024009190,EXPORT,BMCT,VC202400574
CONT2024009191,EXPORT,NSFT,VC202400575
CONT2024009192,EXPORT,NSFT,VC202400575
CONT2024009193,IMPORT,NSFT,VC202400575
CONT2024009194,IMPORT,NSFT,VC202400575
CONT2024009195,IMPORT,NSFT,VC202400575
CONT2024009196,IMPORT,NSFT,VC202400575
CONT2024009197,IMPORT,NSFT,VC202400575
CONT2024009198,EXPORT,NSFT,VC202400575
CONT2024009199,EXPORT,NSFT,VC202400575
CONT2024009200,EXPORT,NSFT,VC202400575
CONT2024009201,EXPORT,NSFT,VC202400575
CONT2024009202,IMPORT,NSFT,VC202400575
CONT2024009203,EXPORT,NSFT,VC202400575
CONT2024009204,EXPORT,NSFT,VC202400575
CONT2024009205,IMPORT,NSFT,VC202400575
CONT2024009206,IMPORT,NSFT,VC202400575
CONT2024009207,EXPORT,NSFT,VC202400575
CONT2024009208,IMPORT,NSFT,VC202400575
CONT2024009209,EXPORT,NSFT,VC202400575
CONT2024009210,IMPORT,NSFT,VC202400575
CONT2024009211,EXPORT,NSFT,VC202400575
CONT2024009212,EXPORT,NSFT,VC202400575
CONT2024009213,EXPORT,NSFT,VC202400575
CONT2024009214,IMPORT,NSFT,VC202400575
CONT2024009215,EXPORT,NSFT,VC202400575
CONT2024009216,EXPORT,NSIGT,VC202400576
CONT2024009217,EXPORT,NSIGT,VC202400576
CONT2024009218,IMPORT,NSIGT,VC202400576
CONT2024009219,IMPORT,NSIGT,VC202400576
CONT2024009220,IMPORT,NSIGT,VC202400576
CONT2024009221,IMPORT,NSIGT,VC202400576
CONT2024009222,EXPORT,NSIGT,VC202400576
CONT2024009223,IMPORT,NSIGT,VC202400576
CONT2024009224,IMPORT,NSIGT,VC202400576
CONT2024009225,IMPORT,NSIGT,VC202400576
CONT2024009226,EXPORT,NSIGT,VC202400576
CONT2024009227,IMPORT,NSIGT,VC202400576
CONT2024009228,EXPORT,NSIGT,VC202400576
CONT2024009229,IMPORT,NSIGT,VC202400576
CONT2024009230,EXPORT,NSIGT,VC202400576
CONT2024009231,EXPORT,NSIGT,VC202400576
CONT2024009232,EXPORT,NSIGT,VC202400576
CONT2024009233,EXPORT,NSIGT,VC202400576
CONT2024009234,IMPORT,NSIGT,VC202400576
CONT2024009235,EXPORT,NSIGT,VC202400576
CONT2024009236,EXPORT,NSIGT,VC202400576
CONT2024009237,IMPORT,NSIGT,VC202400576
CONT2024009238,IMPORT,NSIGT,VC202400576
CONT2024009239,EXPORT,NSIGT,VC202400576
CONT2024009240,EXPORT,NSIGT,VC202400576
CONT2024009241,EXPORT,NSIGT,VC202400576
CONT2024009242,EXPORT,NSIGT,VC202400576
CONT2024009243,IMPORT,NSIGT,VC202400576
CONT2024009244,EXPORT,NSIGT,VC202400576
CONT2024009245,IMPORT,NSIGT,VC202400576
CONT2024009246,EXPORT,NSIGT,VC202400576
CONT2024009247,EXPORT,NSIGT,VC202400576
CONT2024009248,IMPORT,NSIGT,VC202400576
CONT2024009249,IMPORT,NSIGT,VC202400576
CONT2024009250,EXPORT,NSIGT,VC202400576
CONT2024009251,EXPORT,NSIGT,VC202400576
CONT2024009252,EXPORT,NSIGT,VC202400576
CONT2024009253,EXPORT,NSIGT,VC202400576
CONT2024009254,IMPORT,NSIGT,VC202400576
CONT2024009255,EXPORT,NSIGT,VC202400576
CONT2024009256,EXPORT,NSIGT,VC202400576
CONT2024009257,EXPORT,NSIGT,VC202400576
CONT2024009258,IMPORT,NSFT,VC202400577
CONT2024009259,EXPORT,NSFT,VC202400577
CONT2024009260,EXPORT,NSFT,VC202400577
CONT2024009261,EXPORT,NSFT,VC202400577
CONT2024009262,IMPORT,NSFT,VC202400577
CONT2024009263,IMPORT,NSFT,VC202400577
CONT2024009264,EXPORT,NSFT,VC202400577
CONT2024009265,IMPORT,NSFT,VC202400577
CONT2024009266,EXPORT,NSFT,VC202400577
CONT2024009267,IMPORT,NSFT,VC202400577
CONT2024009268,EXPORT,NSFT,VC202400577
CONT2024009269,IMPORT,NSFT,VC202400577
CONT2024009270,EXPORT,NSFT,VC202400577
CONT2024009271,EXPORT,NSFT,VC202400577
CONT2024009272,IMPORT,NSFT,VC202400577
CONT2024009273,EXPORT,NSFT,VC202400577
CONT2024009274,EXPORT,GTI,VC202400578
CONT2024009275,EXPORT,GTI,VC202400578
CONT2024009276,IMPORT,GTI,VC202400578
CONT2024009277,IMPORT,GTI,VC202400578
CONT2024009278,EXPORT,GTI,VC202400578
CONT2024009279,EXPORT,GTI,VC202400578
CONT2024009280,IMPORT,GTI,VC202400578
CONT2024009281,IMPORT,GTI,VC202400578
CONT2024009282,EXPORT,GTI,VC202400578
CONT2024009283,IMPORT,GTI,VC202400578
CONT2024009284,EXPORT,GTI,VC202400579
CONT2024009285,EXPORT,GTI,VC202400579
CONT2024009286,IMPORT,GTI,VC202400579
CONT2024009287,EXPORT,GTI,VC202400579
CONT2024009288,IMPORT,GTI,VC202400579
CONT2024009289,IMPORT,GTI,VC202400579
CONT2024009290,IMPORT,GTI,VC202400579
CONT2024009291,IMPORT,GTI,VC202400579
CONT2024009292,IMPORT,GTI,VC202400579
CONT2024009293,EXPORT,GTI,VC202400579
CONT2024009294,IMPORT,GTI,VC202400579
CONT2024009295,EXPORT,GTI,VC202400579
CONT2024009296,IMPORT,GTI,VC202400579
CONT2024009297,EXPORT,GTI,VC202400579
CONT2024009298,IMPORT,NSICT,VC202400580
CONT2024009299,IMPORT,NSICT,VC202400580
CONT2024009300,IMPORT,NSICT,VC202400580
CONT2024009301,EXPORT,NSICT,VC202400580
CONT2024009302,EXPORT,NSICT,VC202400580
CONT2024009303,EXPORT,NSICT,VC202400580
CONT2024009304,IMPORT,NSICT,VC202400580
CONT2024009305,EXPORT,NSICT,VC202400580
CONT2024009306,IMPORT,NSICT,VC202400580
CONT2024009307,IMPORT,NSICT,VC202400580
CONT2024009308,IMPORT,NSICT,VC202400580
CONT2024009309,EXPORT,NSICT,VC202400580
CONT2024009310,EXPORT,NSICT,VC202400580
CONT2024009311,IMPORT,NSICT,VC202400580
CONT2024009312,IMPORT,NSICT,VC202400580
CONT2024009313,IMPORT,NSICT,VC202400580
CONT2024009314,IMPORT,NSICT,VC202400580
CONT2024009315,EXPORT,NSICT,VC202400580
CONT2024009316,IMPORT,NSICT,VC202400580
CONT2024009317,IMPORT,NSICT,VC202400580
CONT2024009318,IMPORT,GTI,VC202400581
CONT2024009319,IMPORT,GTI,VC202400581
CONT2024009320,IMPORT,GTI,VC202400581
CONT2024009321,IMPORT,GTI,VC202400581
CONT2024009322,IMPORT,GTI,VC202400581
CONT2024009323,EXPORT,GTI,VC202400581
CONT2024009324,EXPORT,GTI,VC202400581
CONT2024009325,EXPORT,GTI,VC202400581
CONT2024009326,EXPORT,GTI,VC202400581
CONT2024009327,IMPORT,GTI,VC202400581
CONT2024009328,IMPORT,GTI,VC202400581
CONT2024009329,IMPORT,GTI,VC202400581
CONT2024009330,EXPORT,GTI,VC202400581
CONT2024009331,IMPORT,GTI,VC202400581
CONT2024009332,EXPORT,GTI,VC202400581
CONT2024009333,IMPORT,GTI,VC202400581
CONT2024009334,IMPORT,GTI,VC202400581
CONT2024009335,IMPORT,GTI,VC202400581
CONT2024009336,EXPORT,GTI,VC202400581
CONT2024009337,IMPORT,NSICT,VC202400582
CONT2024009338,EXPORT,NSICT,VC202400582
CONT2024009339,IMPORT,NSICT,VC202400582
CONT2024009340,EXPORT,NSICT,VC202400582
CONT2024009341,IMPORT,NSICT,VC202400582
CONT2024009342,IMPORT,NSICT,VC202400582
CONT2024009343,IMPORT,NSICT,VC202400582
CONT2024009344,IMPORT,NSICT,VC202400582
CONT2024009345,IMPORT,BMCT,VC202400583
CONT2024009346,IMPORT,BMCT,VC202400583
CONT2024009347,EXPORT,BMCT,VC202400583
CONT2024009348,EXPORT,BMCT,VC202400583
CONT2024009349,EXPORT,BMCT,VC202400583
CONT2024009350,EXPORT,BMCT,VC202400583
CONT2024009351,IMPORT,BMCT,VC202400583
CONT2024009352,EXPORT,BMCT,VC202400583
CONT2024009353,IMPORT,BMCT,VC202400583
CONT2024009354,EXPORT,BMCT,VC202400583
CONT2024009355,IMPORT,BMCT,VC202400583
CONT2024009356,IMPORT,BMCT,VC202400583
CONT2024009357,EXPORT,BMCT,VC202400583
CONT2024009358,IMPORT,BMCT,VC202400583
CONT2024009359,IMPORT,BMCT,VC202400583
CONT2024009360,IMPORT,BMCT,VC202400583
CONT2024009361,IMPORT,BMCT,VC202400583
CONT2024009362,IMPORT,BMCT,VC202400583
CONT2024009363,EXPORT,BMCT,VC202400583
CONT2024009364,IMPORT,BMCT,VC202400583
CONT2024009365,IMPORT,BMCT,VC202400583
CONT2024009366,EXPORT,BMCT,VC202400583
CONT2024009367,EXPORT,BMCT,VC202400583
CONT2024009368,EXPORT,BMCT,VC202400583
CONT2024009369,IMPORT,BMCT,VC202400583
CONT2024009370,EXPORT,BMCT,VC202400583
CONT2024009371,EXPORT,BMCT,VC202400583
CONT2024009372,EXPORT,BMCT,VC202400583
CONT2024009373,EXPORT,BMCT,VC202400583
CONT2024009374,IMPORT,BMCT,VC202400583
CONT2024009375,EXPORT,BMCT,VC202400583
CONT2024009376,IMPORT,BMCT,VC202400583
CONT2024009377,IMPORT,BMCT,VC202400583
CONT2024009378,EXPORT,BMCT,VC202400583
CONT2024009379,EXPORT,NSFT,VC202400584
CONT2024009380,EXPORT,NSFT,VC202400584
CONT2024009381,EXPORT,NSFT,VC202400584
CONT2024009382,IMPORT,NSFT,VC202400584
CONT2024009383,EXPORT,NSFT,VC202400584
CONT2024009384,EXPORT,NSFT,VC202400584
CONT2024009385,EXPORT,NSFT,VC202400584
CONT2024009386,EXPORT,NSFT,VC202400584
CONT2024009387,IMPORT,NSFT,VC202400584
CONT2024009388,IMPORT,NSIGT,VC202400585
CONT2024009389,EXPORT,NSIGT,VC202400585
CONT2024009390,IMPORT,NSIGT,VC202400585
CONT2024009391,IMPORT,NSIGT,VC202400585
CONT2024009392,EXPORT,NSIGT,VC202400585
CONT2024009393,EXPORT,NSIGT,VC202400585
CONT2024009394,IMPORT,NSIGT,VC202400585
CONT2024009395,EXPORT,NSIGT,VC202400585
CONT2024009396,IMPORT,GTI,VC202400586
CONT2024009397,EXPORT,GTI,VC202400586
CONT2024009398,EXPORT,GTI,VC202400586
CONT2024009399,IMPORT,GTI,VC202400586
CONT2024009400,EXPORT,GTI,VC202400586
CONT2024009401,EXPORT,GTI,VC202400586
CONT2024009402,IMPORT,GTI,VC202400586
CONT2024009403,IMPORT,GTI,VC202400586
CONT2024009404,EXPORT,GTI,VC202400586
CONT2024009405,IMPORT,GTI,VC202400586
CONT2024009406,EXPORT,BMCT,VC202400587
CONT2024009407,IMPORT,BMCT,VC202400587
CONT2024009408,IMPORT,BMCT,VC202400587
CONT2024009409,EXPORT,BMCT,VC202400587
CONT2024009410,IMPORT,BMCT,VC202400587
CONT2024009411,EXPORT,BMCT,VC202400587
CONT2024009412,EXPORT,BMCT,VC202400587
CONT2024009413,IMPORT,BMCT,VC202400587
CONT2024009414,IMPORT,BMCT,VC202400587
CONT2024009415,EXPORT,BMCT,VC202400587
CONT2024009416,EXPORT,BMCT,VC202400587
CONT2024009417,EXPORT,BMCT,VC202400587
CONT2024009418,EXPORT,BMCT,VC202400587
CONT2024009419,EXPORT,BMCT,VC202400587
CONT2024009420,IMPORT,BMCT,VC202400587
CONT2024009421,IMPORT,BMCT,VC202400587
CONT2024009422,IMPORT,NSICT,VC202400588
CONT2024009423,EXPORT,NSICT,VC202400588
CONT2024009424,EXPORT,NSICT,VC202400588
CONT2024009425,EXPORT,NSICT,VC202400588
CONT2024009426,IMPORT,NSICT,VC202400588
CONT2024009427,EXPORT,NSICT,VC202400588
CONT2024009428,IMPORT,NSICT,VC202400588
CONT2024009429,EXPORT,NSICT,VC202400588
CONT2024009430,IMPORT,NSICT,VC202400588
CONT2024009431,IMPORT,NSICT,VC202400588
CONT2024009432,IMPORT,NSICT,VC202400588
CONT2024009433,EXPORT,NSICT,VC202400588
CONT2024009434,IMPORT,NSICT,VC202400588
CONT2024009435,EXPORT,NSICT,VC202400588
CONT2024009436,EXPORT,NSICT,VC202400588
CONT2024009437,IMPORT,NSICT,VC202400588
CONT2024009438,IMPORT,NSICT,VC202400589
CONT2024009439,IMPORT,NSICT,VC202400589
CONT2024009440,EXPORT,NSICT,VC202400589
CONT2024009441,IMPORT,NSICT,VC202400589
CONT2024009442,EXPORT,NSICT,VC202400589
CONT2024009443,EXPORT,NSICT,VC202400589
CONT2024009444,IMPORT,NSICT,VC202400589
CONT2024009445,EXPORT,NSICT,VC202400589
CONT2024009446,IMPORT,NSICT,VC202400589
CONT2024009447,IMPORT,NSICT,VC202400589
CONT2024009448,IMPORT,NSICT,VC202400589
CONT2024009449,IMPORT,NSICT,VC202400589
CONT2024009450,EXPORT,BMCT,VC202400590
CONT2024009451,EXPORT,BMCT,VC202400590
CONT2024009452,IMPORT,BMCT,VC202400590
CONT2024009453,IMPORT,BMCT,VC202400590
CONT2024009454,IMPORT,BMCT,VC202400590
CONT2024009455,EXPORT,BMCT,VC202400590
CONT2024009456,EXPORT,BMCT,VC202400590
CONT2024009457,IMPORT,BMCT,VC202400590
CONT2024009458,EXPORT,BMCT,VC202400590
CONT2024009459,EXPORT,BMCT,VC202400590
CONT2024009460,IMPORT,BMCT,VC202400590
CONT2024009461,EXPORT,BMCT,VC202400590
CONT2024009462,IMPORT,BMCT,VC202400590
CONT2024009463,IMPORT,BMCT,VC202400590
CONT2024009464,EXPORT,BMCT,VC202400590
CONT2024009465,IMPORT,BMCT,VC202400590
CONT2024009466,EXPORT,BMCT,VC202400590
CONT2024009467,IMPORT,BMCT,VC202400590
CONT2024009468,EXPORT,BMCT,VC202400590
CONT2024009469,IMPORT,BMCT,VC202400590
CONT2024009470,IMPORT,BMCT,VC202400591
CONT2024009471,IMPORT,BMCT,VC202400591
CONT2024009472,IMPORT,BMCT,VC202400591
CONT2024009473,EXPORT,BMCT,VC202400591
CONT2024009474,IMPORT,BMCT,VC202400591
CONT2024009475,IMPORT,BMCT,VC202400591
CONT2024009476,IMPORT,BMCT,VC202400591
CONT2024009477,EXPORT,BMCT,VC202400591
CONT2024009478,EXPORT,BMCT,VC202400591
CONT2024009479,IMPORT,BMCT,VC202400591
CONT2024009480,EXPORT,BMCT,VC202400591
CONT2024009481,IMPORT,BMCT,VC202400591
CONT2024009482,IMPORT,BMCT,VC202400592
CONT2024009483,IMPORT,BMCT,VC202400592
CONT2024009484,IMPORT,BMCT,VC202400592
CONT2024009485,EXPORT,BMCT,VC202400592
CONT2024009486,EXPORT,BMCT,VC202400592
CONT2024009487,IMPORT,BMCT,VC202400592
CONT2024009488,EXPORT,BMCT,VC202400592
CONT2024009489,IMPORT,BMCT,VC202400592
CONT2024009490,EXPORT,BMCT,VC202400592
CONT2024009491,EXPORT,BMCT,VC202400592
CONT2024009492,IMPORT,BMCT,VC202400592
CONT2024009493,IMPORT,BMCT,VC202400592
CONT2024009494,IMPORT,BMCT,VC202400592
CONT2024009495,IMPORT,GTI,VC202400593
CONT2024009496,EXPORT,GTI,VC202400593
CONT2024009497,IMPORT,GTI,VC202400593
CONT2024009498,EXPORT,GTI,VC202400593
CONT2024009499,EXPORT,GTI,VC202400593
CONT2024009500,EXPORT,GTI,VC202400593
CONT2024009501,IMPORT,GTI,VC202400593
CONT2024009502,IMPORT,GTI,VC202400593
CONT2024009503,EXPORT,GTI,VC202400593
CONT2024009504,EXPORT,GTI,VC202400593
CONT2024009505,EXPORT,GTI,VC202400593
CONT2024009506,IMPORT,NSICT,VC202400594
CONT2024009507,IMPORT,NSICT,VC202400594
CONT2024009508,EXPORT,NSICT,VC202400594
CONT2024009509,IMPORT,NSICT,VC202400594
CONT2024009510,IMPORT,NSICT,VC202400594
CONT2024009511,IMPORT,NSICT,VC202400594
CONT2024009512,EXPORT,NSICT,VC202400594
CONT2024009513,IMPORT,NSICT,VC202400594
CONT2024009514,IMPORT,NSICT,VC202400594
CONT2024009515,IMPORT,NSICT,VC202400594
CONT2024009516,EXPORT,NSICT,VC202400594
CONT2024009517,IMPORT,NSICT,VC202400594
CONT2024009518,IMPORT,NSICT,VC202400594
CONT2024009519,EXPORT,NSICT,VC202400594
CONT2024009520,EXPORT,NSICT,VC202400594
CONT2024009521,EXPORT,NSICT,VC202400594
CONT2024009522,EXPORT,NSFT,VC202400595
CONT2024009523,EXPORT,NSFT,VC202400595
CONT2024009524,EXPORT,NSFT,VC202400595
CONT2024009525,EXPORT,NSFT,VC202400595
CONT2024009526,EXPORT,NSFT,VC202400595
CONT2024009527,EXPORT,NSFT,VC202400595
CONT2024009528,IMPORT,NSFT,VC202400595
CONT2024009529,EXPORT,NSFT,VC202400595
CONT2024009530,EXPORT,NSFT,VC202400595
CONT2024009531,IMPORT,NSIGT,VC202400596
CONT2024009532,EXPORT,NSIGT,VC202400596
CONT2024009533,EXPORT,NSIGT,VC202400596
CONT2024009534,EXPORT,NSIGT,VC202400596
CONT2024009535,EXPORT,NSIGT,VC202400596
CONT2024009536,IMPORT,NSIGT,VC202400596
CONT2024009537,IMPORT,NSIGT,VC202400596
CONT2024009538,IMPORT,NSIGT,VC202400596
CONT2024009539,IMPORT,NSIGT,VC202400596
CONT2024009540,EXPORT,NSIGT,VC202400596
CONT2024009541,EXPORT,NSIGT,VC202400596
CONT2024009542,IMPORT,NSIGT,VC202400596
CONT2024009543,EXPORT,BMCT,VC202400597
CONT2024009544,EXPORT,BMCT,VC202400597
CONT2024009545,EXPORT,BMCT,VC202400597
CONT2024009546,IMPORT,BMCT,VC202400597
CONT2024009547,EXPORT,BMCT,VC202400597
CONT2024009548,IMPORT,BMCT,VC202400597
CONT2024009549,EXPORT,BMCT,VC202400597
CONT2024009550,IMPORT,BMCT,VC202400597
CONT2024009551,EXPORT,BMCT,VC202400597
CONT2024009552,IMPORT,BMCT,VC202400597
CONT2024009553,EXPORT,BMCT,VC202400597
CONT2024009554,IMPORT,BMCT,VC202400597
CONT2024009555,EXPORT,BMCT,VC202400597
CONT2024009556,EXPORT,BMCT,VC202400597
CONT2024009557,IMPORT,BMCT,VC202400597
CONT2024009558,EXPORT,BMCT,VC202400597
CONT2024009559,EXPORT,BMCT,VC202400597
CONT2024009560,IMPORT,BMCT,VC202400597
CONT2024009561,EXPORT,BMCT,VC202400598
CONT2024009562,IMPORT,BMCT,VC202400598
CONT2024009563,IMPORT,BMCT,VC202400598
CONT2024009564,EXPORT,BMCT,VC202400598
CONT2024009565,EXPORT,BMCT,VC202400598
CONT2024009566,IMPORT,BMCT,VC202400598
CONT2024009567,EXPORT,BMCT,VC202400598
CONT2024009568,IMPORT,BMCT,VC202400598
CONT2024009569,EXPORT,BMCT,VC202400598
CONT2024009570,EXPORT,BMCT,VC202400598
CONT2024009571,EXPORT,BMCT,VC202400598
CONT2024009572,EXPORT,BMCT,VC202400598
CONT2024009573,IMPORT,BMCT,VC202400598
CONT2024009574,IMPORT,BMCT,VC202400598
CONT2024009575,EXPORT,BMCT,VC202400598
CONT2024009576,IMPORT,BMCT,VC202400598
CONT2024009577,IMPORT,BMCT,VC202400598
CONT2024009578,IMPORT,BMCT,VC202400598
CONT2024009579,IMPORT,BMCT,VC202400598
CONT2024009580,IMPORT,BMCT,VC202400598
CONT2024009581,EXPORT,BMCT,VC202400598
CONT2024009582,IMPORT,BMCT,VC202400598
CONT2024009583,IMPORT,BMCT,VC202400598
CONT2024009584,EXPORT,BMCT,VC202400598
CONT2024009585,EXPORT,BMCT,VC202400598
CONT2024009586,EXPORT,BMCT,VC202400598
CONT2024009587,EXPORT,BMCT,VC202400598
CONT2024009588,IMPORT,BMCT,VC202400598
CONT2024009589,IMPORT,BMCT,VC202400598
CONT2024009590,IMPORT,BMCT,VC202400598
CONT2024009591,IMPORT,BMCT,VC202400598
CONT2024009592,EXPORT,BMCT,VC202400599
CONT2024009593,IMPORT,BMCT,VC202400599
CONT2024009594,EXPORT,BMCT,VC202400599
CONT2024009595,EXPORT,BMCT,VC202400599
CONT2024009596,EXPORT,BMCT,VC202400599
CONT2024009597,IMPORT,BMCT,VC202400599
CONT2024009598,EXPORT,NSIGT,VC202400600
CONT2024009599,EXPORT,NSIGT,VC202400600
CONT2024009600,EXPORT,NSIGT,VC202400600
CONT2024009601,EXPORT,NSIGT,VC202400600
CONT2024009602,IMPORT,NSIGT,VC202400600
CONT2024009603,EXPORT,NSIGT,VC202400600
CONT2024009604,IMPORT,NSIGT,VC202400600
CONT2024009605,IMPORT,NSIGT,VC202400600
CONT2024009606,EXPORT,NSIGT,VC202400600
CONT2024009607,IMPORT,NSIGT,VC202400600
CONT2024009608,IMPORT,NSIGT,VC202400600
CONT2024009609,EXPORT,NSIGT,VC202400600
CONT2024009610,IMPORT,NSIGT,VC202400600
CONT2024009611,IMPORT,NSIGT,VC202400600
CONT2024009612,EXPORT,NSFT,VC202400601
CONT2024009613,IMPORT,NSFT,VC202400601
CONT2024009614,EXPORT,NSFT,VC202400601
CONT2024009615,EXPORT,NSFT,VC202400601
CONT2024009616,IMPORT,NSFT,VC202400601
CONT2024009617,EXPORT,NSFT,VC202400601
CONT2024009618,EXPORT,NSFT,VC202400601
CONT2024009619,IMPORT,NSFT,VC202400601
CONT2024009620,IMPORT,NSFT,VC202400601
CONT2024009621,EXPORT,NSFT,VC202400601
CONT2024009622,EXPORT,NSFT,VC202400601
CONT2024009623,EXPORT,NSFT,VC202400601
CONT2024009624,IMPORT,NSFT,VC202400601
CONT2024009625,IMPORT,NSFT,VC202400601
CONT2024009626,EXPORT,NSIGT,VC202400602
CONT2024009627,IMPORT,NSIGT,VC202400602
CONT2024009628,EXPORT,NSIGT,VC202400602
CONT2024009629,IMPORT,NSIGT,VC202400602
CONT2024009630,EXPORT,NSIGT,VC202400602
CONT2024009631,EXPORT,NSIGT,VC202400602
CONT2024009632,EXPORT,NSIGT,VC202400602
CONT2024009633,IMPORT,NSIGT,VC202400602
CONT2024009634,IMPORT,GTI,VC202400603
CONT2024009635,IMPORT,GTI,VC202400603
CONT2024009636,EXPORT,GTI,VC202400603
CONT2024009637,IMPORT,GTI,VC202400603
CONT2024009638,IMPORT,GTI,VC202400603
CONT2024009639,IMPORT,GTI,VC202400603
CONT2024009640,EXPORT,GTI,VC202400603
CONT2024009641,EXPORT,GTI,VC202400603
CONT2024009642,EXPORT,GTI,VC202400603
CONT2024009643,IMPORT,NSIGT,VC202400604
CONT2024009644,EXPORT,NSIGT,VC202400604
CONT2024009645,IMPORT,NSIGT,VC202400604
CONT2024009646,IMPORT,NSIGT,VC202400604
CONT2024009647,IMPORT,NSIGT,VC202400604
CONT2024009648,IMPORT,NSIGT,VC202400604
CONT2024009649,EXPORT,NSIGT,VC202400604
CONT2024009650,EXPORT,GTI,VC202400605
CONT2024009651,EXPORT,GTI,VC202400605
CONT2024009652,IMPORT,GTI,VC202400605
CONT2024009653,IMPORT,GTI,VC202400605
CONT2024009654,EXPORT,GTI,VC202400605
CONT2024009655,IMPORT,GTI,VC202400605
CONT2024009656,EXPORT,GTI,VC202400605
CONT2024009657,EXPORT,GTI,VC202400605
CONT2024009658,IMPORT,GTI,VC202400605
CONT2024009659,EXPORT,GTI,VC202400605
CONT2024009660,EXPORT,GTI,VC202400605
CONT2024009661,IMPORT,GTI,VC202400605
CONT2024009662,IMPORT,GTI,VC202400605
CONT2024009663,IMPORT,GTI,VC202400605
CONT2024009664,EXPORT,GTI,VC202400605
CONT2024009665,IMPORT,GTI,VC202400605
CONT2024009666,EXPORT,GTI,VC202400605
CONT2024009667,EXPORT,GTI,VC202400605
CONT2024009668,EXPORT,GTI,VC202400605
CONT2024009669,IMPORT,GTI,VC202400605
CONT2024009670,EXPORT,GTI,VC202400605
CONT2024009671,IMPORT,GTI,VC202400605
CONT2024009672,EXPORT,GTI,VC202400605
CONT2024009673,IMPORT,GTI,VC202400605
CONT2024009674,IMPORT,GTI,VC202400605
CONT2024009675,EXPORT,BMCT,VC202400606
CONT2024009676,IMPORT,BMCT,VC202400606
CONT2024009677,IMPORT,BMCT,VC202400606
CONT2024009678,IMPORT,BMCT,VC202400606
CONT2024009679,EXPORT,BMCT,VC202400606
CONT2024009680,IMPORT,BMCT,VC202400606
CONT2024009681,IMPORT,NSICT,VC202400607
CONT2024009682,EXPORT,NSICT,VC202400607
CONT2024009683,EXPORT,NSICT,VC202400607
CONT2024009684,EXPORT,NSICT,VC202400607
CONT2024009685,EXPORT,NSICT,VC202400607
CONT2024009686,IMPORT,NSICT,VC202400607
CONT2024009687,EXPORT,NSICT,VC202400607
CONT2024009688,EXPORT,NSICT,VC202400607
CONT2024009689,EXPORT,NSICT,VC202400608
CONT2024009690,EXPORT,NSICT,VC202400608
CONT2024009691,EXPORT,NSICT,VC202400608
CONT2024009692,EXPORT,NSICT,VC202400608
CONT2024009693,EXPORT,NSICT,VC202400608
CONT2024009694,EXPORT,NSICT,VC202400608
CONT2024009695,IMPORT,NSICT,VC202400608
CONT2024009696,IMPORT,NSICT,VC202400608
CONT2024009697,EXPORT,NSICT,VC202400608
CONT2024009698,EXPORT,GTI,VC202400609
CONT2024009699,EXPORT,GTI,VC202400609
CONT2024009700,EXPORT,GTI,VC202400609
CONT2024009701,IMPORT,GTI,VC202400609
CONT2024009702,IMPORT,GTI,VC202400609
CONT2024009703,IMPORT,GTI,VC202400609
CONT2024009704,IMPORT,GTI,VC202400609
CONT2024009705,EXPORT,GTI,VC202400609
CONT2024009706,EXPORT,GTI,VC202400609
CONT2024009707,EXPORT,NSIGT,VC202400610
CONT2024009708,EXPORT,NSIGT,VC202400610
CONT2024009709,IMPORT,NSIGT,VC202400610
CONT2024009710,EXPORT,NSIGT,VC202400610
CONT2024009711,EXPORT,NSIGT,VC202400610
CONT2024009712,IMPORT,NSIGT,VC202400610
CONT2024009713,EXPORT,NSIGT,VC202400610
CONT2024009714,EXPORT,NSIGT,VC202400610
CONT2024009715,EXPORT,NSIGT,VC202400610
CONT2024009716,EXPORT,NSIGT,VC202400610
CONT2024009717,EXPORT,NSIGT,VC202400610
CONT2024009718,EXPORT,NSIGT,VC202400610
CONT2024009719,EXPORT,NSIGT,VC202400610
CONT2024009720,IMPORT,NSIGT,VC202400611
CONT2024009721,EXPORT,NSIGT,VC202400611
CONT2024009722,IMPORT,NSIGT,VC202400611
CONT2024009723,EXPORT,NSIGT,VC202400611
CONT2024009724,EXPORT,NSIGT,VC202400611
CONT2024009725,IMPORT,NSIGT,VC202400611
CONT2024009726,EXPORT,NSIGT,VC202400611
CONT2024009727,IMPORT,NSIGT,VC202400611
CONT2024009728,EXPORT,NSIGT,VC202400611
CONT2024009729,EXPORT,NSIGT,VC202400611
CONT2024009730,IMPORT,BMCT,VC202400612
CONT2024009731,EXPORT,BMCT,VC202400612
CONT2024009732,EXPORT,BMCT,VC202400612
CONT2024009733,IMPORT,BMCT,VC202400612
CONT2024009734,EXPORT,BMCT,VC202400612
CONT2024009735,IMPORT,BMCT,VC202400612
CONT2024009736,EXPORT,BMCT,VC202400612
CONT2024009737,IMPORT,BMCT,VC202400612
CONT2024009738,IMPORT,BMCT,VC202400612
CONT2024009739,EXPORT,BMCT,VC202400612
CONT2024009740,EXPORT,BMCT,VC202400612
CONT2024009741,IMPORT,BMCT,VC202400612
CONT2024009742,IMPORT,BMCT,VC202400612
CONT2024009743,IMPORT,GTI,VC202400613
CONT2024009744,IMPORT,GTI,VC202400613
CONT2024009745,EXPORT,GTI,VC202400613
CONT2024009746,EXPORT,GTI,VC202400613
CONT2024009747,IMPORT,GTI,VC202400613
CONT2024009748,EXPORT,GTI,VC202400613
CONT2024009749,IMPORT,GTI,VC202400613
CONT2024009750,IMPORT,BMCT,VC202400614
CONT2024009751,EXPORT,BMCT,VC202400614
CONT2024009752,EXPORT,BMCT,VC202400614
CONT2024009753,EXPORT,BMCT,VC202400614
CONT2024009754,IMPORT,BMCT,VC202400614
CONT2024009755,IMPORT,BMCT,VC202400614
CONT2024009756,EXPORT,NSIGT,VC202400615
CONT2024009757,EXPORT,NSIGT,VC202400615
CONT2024009758,IMPORT,NSIGT,VC202400615
CONT2024009759,IMPORT,NSIGT,VC202400615
CONT2024009760,EXPORT,NSIGT,VC202400615
CONT2024009761,IMPORT,NSIGT,VC202400615
CONT2024009762,EXPORT,NSIGT,VC202400615
CONT2024009763,IMPORT,NSIGT,VC202400615
CONT2024009764,IMPORT,NSIGT,VC202400615
CONT2024009765,IMPORT,NSIGT,VC202400615
CONT2024009766,EXPORT,NSIGT,VC202400615
CONT2024009767,EXPORT,NSIGT,VC202400615
CONT2024009768,EXPORT,NSIGT,VC202400615
CONT2024009769,IMPORT,NSIGT,VC202400615
CONT2024009770,IMPORT,NSIGT,VC202400615
CONT2024009771,EXPORT,NSICT,VC202400616
CONT2024009772,EXPORT,NSICT,VC202400616
CONT2024009773,IMPORT,NSICT,VC202400616
CONT2024009774,EXPORT,NSICT,VC202400616
CONT2024009775,EXPORT,NSICT,VC202400616
CONT2024009776,EXPORT,NSICT,VC202400616
CONT2024009777,EXPORT,NSICT,VC202400616
CONT2024009778,IMPORT,NSICT,VC202400616
CONT2024009779,IMPORT,NSICT,VC202400616
CONT2024009780,EXPORT,NSICT,VC202400616
CONT2024009781,IMPORT,NSICT,VC202400616
CONT2024009782,IMPORT,NSICT,VC202400616
CONT2024009783,EXPORT,NSICT,VC202400616
CONT2024009784,IMPORT,NSICT,VC202400616
CONT2024009785,EXPORT,NSICT,VC202400616
CONT2024009786,EXPORT,NSICT,VC202400616
CONT2024009787,IMPORT,NSICT,VC202400616
CONT2024009788,EXPORT,NSICT,VC202400616
CONT2024009789,EXPORT,NSICT,VC202400616
CONT2024009790,EXPORT,NSICT,VC202400616
CONT2024009791,IMPORT,NSICT,VC202400616
CONT2024009792,IMPORT,NSICT,VC202400616
CONT2024009793,IMPORT,NSICT,VC202400616
CONT2024009794,EXPORT,NSICT,VC202400616
CONT2024009795,EXPORT,NSICT,VC202400616
CONT2024009796,IMPORT,NSIGT,VC202400617
CONT2024009797,IMPORT,NSIGT,VC202400617
CONT2024009798,IMPORT,NSIGT,VC202400617
CONT2024009799,IMPORT,NSIGT,VC202400617
CONT2024009800,IMPORT,NSIGT,VC202400617
CONT2024009801,IMPORT,NSIGT,VC202400617
CONT2024009802,EXPORT,NSIGT,VC202400617
CONT2024009803,IMPORT,NSIGT,VC202400617
CONT2024009804,EXPORT,NSIGT,VC202400617
CONT2024009805,IMPORT,NSIGT,VC202400617
CONT2024009806,EXPORT,NSIGT,VC202400617
CONT2024009807,EXPORT,NSIGT,VC202400617
CONT2024009808,EXPORT,NSIGT,VC202400617
CONT2024009809,IMPORT,NSIGT,VC202400617
CONT2024009810,IMPORT,GTI,VC202400618
CONT2024009811,IMPORT,GTI,VC202400618
CONT2024009812,IMPORT,GTI,VC202400618
CONT2024009813,EXPORT,GTI,VC202400618
CONT2024009814,IMPORT,GTI,VC202400618
CONT2024009815,IMPORT,GTI,VC202400618
CONT2024009816,IMPORT,GTI,VC202400618
CONT2024009817,EXPORT,GTI,VC202400618
CONT2024009818,IMPORT,GTI,VC202400618
CONT2024009819,IMPORT,GTI,VC202400618
CONT2024009820,IMPORT,GTI,VC202400618
CONT2024009821,EXPORT,GTI,VC202400618
CONT2024009822,IMPORT,GTI,VC202400618
CONT2024009823,EXPORT,GTI,VC202400619
CONT2024009824,IMPORT,GTI,VC202400619
CONT2024009825,EXPORT,GTI,VC202400619
CONT2024009826,IMPORT,GTI,VC202400619
CONT2024009827,EXPORT,GTI,VC202400619
CONT2024009828,IMPORT,GTI,VC202400619
CONT2024009829,EXPORT,GTI,VC202400619
CONT2024009830,EXPORT,GTI,VC202400619
CONT2024009831,IMPORT,GTI,VC202400619
CONT2024009832,EXPORT,GTI,VC202400619
CONT2024009833,IMPORT,GTI,VC202400619
CONT2024009834,IMPORT,GTI,VC202400619
CONT2024009835,EXPORT,GTI,VC202400619
