container_id,leo_or_boe_time,ooc_time
CONT2024000000,2023-12-25 12:53:35,
CONT2024000001,2023-12-29 22:43:57,2023-12-30 21:01:31
CONT2024000002,2023-12-25 12:34:54,2023-12-26 16:14:37
CONT2024000003,2023-12-28 14:06:38,
CONT2024000004,2023-12-28 13:23:34,2024-01-03 15:51:47
CONT2024000005,2023-12-25 04:00:01,2023-12-25 22:09:07
CONT2024000006,2023-12-26 20:22:28,2024-01-03 06:26:59
CONT2024000007,2023-12-21 00:56:04,2024-01-02 22:31:47
CONT2024000008,2023-12-23 15:26:16,2023-12-24 17:00:45
CONT2024000009,2023-12-24 05:26:17,
CONT2024000010,2023-12-22 23:51:19,2023-12-24 06:02:51
CONT2024000011,2023-12-25 07:33:26,2023-12-26 05:50:25
CONT2024000012,2023-12-20 17:16:15,2024-01-03 07:40:03
CONT2024000013,2023-12-29 12:44:25,2023-12-30 05:55:49
CONT2024000014,2023-12-29 20:10:20,
CONT2024000015,2023-12-30 10:48:43,2023-12-31 10:02:31
CONT2024000016,2023-12-22 11:10:40,
CONT2024000017,2023-12-25 03:46:16,2024-01-03 02:34:45
CONT2024000018,2023-12-30 05:10:35,2024-01-03 09:31:39
CONT2024000019,2023-12-26 14:43:05,
CONT2024000020,2023-12-23 04:59:03,2024-01-03 09:00:37
CONT2024000021,2023-12-29 02:44:07,2024-01-02 21:06:10
CONT2024000022,2023-12-23 06:12:43,2024-01-02 17:25:26
CONT2024000023,2023-12-22 03:44:26,
CONT2024000024,2023-12-29 13:42:17,
CONT2024000025,2023-12-26 19:43:46,2023-12-27 04:53:25
CONT2024000026,2023-12-24 11:31:45,2024-01-03 18:51:43
CONT2024000027,2023-12-20 18:20:21,2024-01-03 16:27:27
CONT2024000028,2023-12-20 19:40:57,
CONT2024000029,2023-12-29 16:16:48,2024-01-03 17:55:56
CONT2024000030,2023-12-27 09:21:39,2023-12-27 20:35:19
CONT2024000031,2023-12-28 10:43:24,2024-01-03 12:57:18
CONT2024000032,2023-12-20 23:02:09,2023-12-21 12:23:47
CONT2024000033,2023-12-20 23:43:07,2024-01-04 01:08:09
CONT2024000034,2023-12-22 11:19:36,2023-12-23 07:01:30
CONT2024000035,2023-12-24 03:12:58,2023-12-25 18:16:24
CONT2024000036,2023-12-22 15:35:18,2023-12-22 19:35:18
CONT2024000037,2023-12-23 15:52:35,
CONT2024000038,2023-12-29 22:11:45,2023-12-30 23:00:26
CONT2024000039,2023-12-25 00:02:06,
CONT2024000040,2023-12-29 04:02:49,
CONT2024000041,2023-12-28 21:41:54,2023-12-29 09:53:00
CONT2024000042,2023-12-24 14:55:59,2023-12-25 10:15:44
CONT2024000043,2023-12-24 09:26:37,2024-01-03 13:43:05
CONT2024000044,2023-12-29 18:06:47,2024-01-03 11:56:12
CONT2024000045,2023-12-21 18:15:07,2023-12-22 16:50:25
CONT2024000046,2023-12-23 03:29:03,2023-12-24 02:25:14
CONT2024000047,2023-12-25 10:02:48,2023-12-26 05:57:21
CONT2024000048,2023-12-25 04:45:07,2024-01-03 04:40:48
CONT2024000049,2023-12-31 22:52:54,2024-01-01 09:04:21
CONT2024000050,2023-12-24 12:35:08,2023-12-25 07:45:54
CONT2024000051,2023-12-24 05:00:48,2023-12-24 22:04:07
CONT2024000052,2023-12-22 08:29:29,2024-01-03 22:04:22
CONT2024000053,2023-12-30 05:01:59,
CONT2024000054,2023-12-24 13:48:32,2023-12-25 12:02:38
CONT2024000055,2023-12-29 06:52:22,2024-01-02 22:13:42
CONT2024000056,2023-12-22 19:58:41,
CONT2024000057,2023-12-27 14:33:58,2023-12-28 09:33:50
CONT2024000058,2023-12-22 13:10:23,2023-12-23 11:30:05
CONT2024000059,2023-12-22 04:56:36,2024-01-02 10:28:47
CONT2024000060,2023-12-30 11:53:14,2024-01-04 02:50:11
CONT2024000061,2023-12-31 14:57:48,2024-01-01 21:19:15
CONT2024000062,2023-12-29 14:35:17,2024-01-03 12:17:39
CONT2024000063,2023-12-28 02:33:07,2024-01-03 21:35:21
CONT2024000064,2023-12-25 11:43:54,2024-01-03 22:42:10
CONT2024000065,2023-12-24 13:48:21,2024-01-04 04:51:22
CONT2024000066,2023-12-26 04:34:44,2024-01-03 17:44:22
CONT2024000067,2023-12-27 20:27:56,2023-12-28 08:04:41
CONT2024000068,2023-12-26 20:47:50,2024-01-03 20:49:17
CONT2024000069,2023-12-21 15:36:29,2024-01-03 00:46:23
CONT2024000070,2023-12-27 00:35:32,2023-12-27 17:56:51
CONT2024000071,2023-12-28 23:32:40,2023-12-30 06:12:58
CONT2024000072,2023-12-30 15:50:13,2023-12-31 19:07:42
CONT2024000073,2024-01-01 15:55:09,2024-01-02 15:43:43
CONT2024000074,2023-12-31 08:08:53,2024-01-04 16:26:41
CONT2024000075,2023-12-30 09:49:20,2024-01-04 18:05:26
CONT2024000076,2023-12-31 16:21:10,2024-01-04 04:59:36
CONT2024000077,2023-12-28 23:01:33,2023-12-29 17:29:12
CONT2024000078,2023-12-25 18:23:37,
CONT2024000079,2023-12-30 18:37:53,2024-01-04 02:44:16
CONT2024000080,2023-12-22 13:52:20,2023-12-23 08:25:16
CONT2024000081,2023-12-27 08:40:14,2023-12-27 12:40:14
CONT2024000082,2023-12-28 01:51:33,2024-01-04 08:40:07
CONT2024000083,2023-12-26 11:10:30,2023-12-27 09:04:06
CONT2024000084,2023-12-26 23:39:39,2024-01-04 09:36:18
CONT2024000085,2023-12-22 23:06:44,
CONT2024000086,2023-12-29 16:09:48,2024-01-05 16:27:08
CONT2024000087,2023-12-22 12:29:49,2024-01-04 08:42:49
CONT2024000088,2024-01-01 18:13:22,
CONT2024000089,2024-01-02 08:43:56,2024-01-06 12:16:15
CONT2024000090,2023-12-30 14:27:10,2024-01-05 22:29:35
CONT2024000091,2023-12-28 02:51:50,2024-01-06 07:13:30
CONT2024000092,2023-12-30 04:57:53,2024-01-05 07:39:20
CONT2024000093,2023-12-28 11:21:07,2024-01-06 06:43:39
CONT2024000094,2024-01-02 10:20:27,2024-01-06 05:13:20
CONT2024000095,2023-12-27 18:04:37,2024-01-05 09:08:53
CONT2024000096,2023-12-26 15:17:06,2024-01-05 14:49:06
CONT2024000097,2023-12-28 15:45:48,2023-12-29 17:56:01
CONT2024000098,2023-12-25 03:15:09,
CONT2024000099,2024-01-01 06:59:19,2024-01-02 01:24:19
CONT2024000100,2023-12-24 14:45:29,2023-12-25 17:52:39
CONT2024000101,2023-12-30 16:32:29,
CONT2024000102,2023-12-28 04:03:15,2024-01-06 04:15:15
CONT2024000103,2023-12-27 08:02:21,2024-01-06 07:25:57
CONT2024000104,2023-12-25 02:40:29,2023-12-25 22:53:21
CONT2024000105,2023-12-29 14:44:31,2023-12-30 14:50:35
CONT2024000106,2023-12-25 21:23:30,2023-12-26 11:51:34
CONT2024000107,2023-12-31 06:24:32,
CONT2024000108,2023-12-30 21:23:14,2024-01-06 09:17:39
CONT2024000109,2024-01-03 17:56:42,2024-01-06 19:14:46
CONT2024000110,2023-12-26 10:32:33,2024-01-07 11:30:50
CONT2024000111,2023-12-31 00:51:10,
CONT2024000112,2023-12-25 19:52:45,2023-12-25 23:52:45
CONT2024000113,2023-12-25 17:34:22,2023-12-26 09:33:52
CONT2024000114,2024-01-03 17:31:04,2024-01-07 06:11:23
CONT2024000115,2023-12-28 06:43:02,2023-12-28 20:01:07
CONT2024000116,2023-12-26 10:28:34,2024-01-07 23:27:13
CONT2024000117,2023-12-31 08:45:33,2024-01-01 11:43:23
CONT2024000118,2024-01-04 12:16:16,2024-01-05 21:21:07
CONT2024000119,2023-12-28 23:04:23,2024-01-07 14:56:51
CONT2024000120,2023-12-31 23:07:42,
CONT2024000121,2023-12-26 17:16:09,2023-12-27 09:59:50
CONT2024000122,2023-12-25 02:39:16,2024-01-07 16:22:40
CONT2024000123,2024-01-01 18:38:49,2024-01-03 01:17:05
CONT2024000124,2023-12-28 20:25:59,2024-01-07 12:01:32
CONT2024000125,2023-12-29 05:16:37,
CONT2024000126,2023-12-28 04:17:02,2024-01-07 07:39:01
CONT2024000127,2023-12-25 13:51:00,2024-01-07 21:48:06
CONT2024000128,2024-01-04 04:37:59,2024-01-08 04:00:56
CONT2024000129,2023-12-29 17:19:30,2024-01-07 05:42:31
CONT2024000130,2024-01-01 12:35:28,2024-01-02 04:16:15
CONT2024000131,2023-12-29 18:04:04,2023-12-30 09:18:04
CONT2024000132,2023-12-28 11:34:45,
CONT2024000133,2024-01-01 08:58:56,2024-01-02 01:24:49
CONT2024000134,2023-12-30 13:06:09,2024-01-07 03:08:35
CONT2024000135,2023-12-29 02:04:48,2023-12-29 20:28:56
CONT2024000136,2024-01-01 18:01:44,2024-01-02 16:44:32
CONT2024000137,2023-12-30 02:57:28,2024-01-07 19:27:58
CONT2024000138,2024-01-02 03:44:06,2024-01-03 04:23:36
CONT2024000139,2023-12-27 02:48:27,2024-01-07 13:45:14
CONT2024000140,2024-01-04 20:28:29,2024-01-07 22:58:40
CONT2024000141,2023-12-25 15:24:50,2023-12-26 09:08:25
CONT2024000142,2024-01-03 06:23:00,2024-01-04 11:55:57
CONT2024000143,2024-01-05 09:23:38,2024-01-07 10:54:15
CONT2024000144,2023-12-26 21:16:37,
CONT2024000145,2024-01-05 03:21:38,2024-01-08 02:00:29
CONT2024000146,2023-12-31 10:13:15,2024-01-08 18:22:49
CONT2024000147,2024-01-04 08:53:01,2024-01-07 20:31:00
CONT2024000148,2023-12-31 17:04:39,2024-01-01 23:53:49
CONT2024000149,2024-01-01 19:14:21,
CONT2024000150,2024-01-02 14:35:17,
CONT2024000151,2023-12-30 04:48:48,2023-12-31 14:24:50
CONT2024000152,2024-01-02 04:44:36,2024-01-07 16:17:43
CONT2024000153,2023-12-27 13:37:52,2023-12-28 13:30:46
CONT2024000154,2024-01-05 05:17:45,2024-01-08 09:48:26
CONT2024000155,2023-12-29 21:19:51,2023-12-30 21:36:52
CONT2024000156,2023-12-27 17:39:52,2023-12-28 08:01:34
CONT2024000157,2023-12-28 23:56:38,2023-12-29 13:02:58
CONT2024000158,2023-12-27 13:10:41,2023-12-28 11:52:08
CONT2024000159,2023-12-30 11:22:24,2023-12-31 01:27:39
CONT2024000160,2024-01-04 05:50:39,2024-01-08 15:58:07
CONT2024000161,2023-12-26 15:38:06,2023-12-27 12:46:21
CONT2024000162,2023-12-29 22:15:57,2023-12-30 19:43:45
CONT2024000163,2024-01-05 01:40:43,2024-01-08 15:47:29
CONT2024000164,2024-01-03 22:01:32,2024-01-08 16:36:04
CONT2024000165,2023-12-27 07:29:59,2023-12-28 15:14:04
CONT2024000166,2023-12-31 04:18:45,2024-01-08 16:40:01
CONT2024000167,2023-12-30 22:00:46,2023-12-31 13:07:54
CONT2024000168,2023-12-28 00:05:29,2023-12-28 21:19:52
CONT2024000169,2023-12-30 20:12:33,2023-12-31 06:27:10
CONT2024000170,2023-12-29 10:32:03,2024-01-09 10:41:15
CONT2024000171,2024-01-01 09:40:39,2024-01-01 16:03:42
CONT2024000172,2024-01-05 07:20:07,
CONT2024000173,2023-12-30 13:05:22,2023-12-30 19:32:51
CONT2024000174,2023-12-30 10:26:14,
CONT2024000175,2023-12-26 16:24:51,2023-12-27 04:23:42
CONT2024000176,2023-12-31 11:29:50,2024-01-01 08:24:15
CONT2024000177,2024-01-03 08:36:24,2024-01-10 04:45:55
CONT2024000178,2024-01-03 14:39:12,2024-01-04 09:41:08
CONT2024000179,2023-12-27 03:29:10,
CONT2024000180,2023-12-26 09:19:51,2023-12-27 08:10:04
CONT2024000181,2024-01-02 00:36:06,
CONT2024000182,2024-01-03 13:02:37,
CONT2024000183,2024-01-05 04:15:54,2024-01-06 00:01:09
CONT2024000184,2023-12-29 17:28:46,2023-12-30 20:57:47
CONT2024000185,2024-01-02 09:29:33,2024-01-09 17:41:47
CONT2024000186,2023-12-29 19:27:58,2024-01-09 02:50:50
CONT2024000187,2024-01-03 05:06:43,2024-01-09 08:02:02
CONT2024000188,2024-01-04 19:44:34,2024-01-05 06:02:15
CONT2024000189,2023-12-30 19:14:49,
CONT2024000190,2024-01-04 08:37:58,2024-01-04 14:58:33
CONT2024000191,2023-12-27 15:43:51,2023-12-28 10:30:43
CONT2024000192,2023-12-30 22:56:17,2023-12-31 14:31:05
CONT2024000193,2023-12-31 19:08:21,2024-01-10 09:55:14
CONT2024000194,2023-12-31 11:10:06,2023-12-31 19:36:18
CONT2024000195,2024-01-02 09:07:25,2024-01-10 04:32:58
CONT2024000196,2023-12-31 22:06:17,2024-01-10 00:57:03
CONT2024000197,2024-01-06 05:29:36,2024-01-06 17:02:54
CONT2024000198,2024-01-06 18:51:14,2024-01-07 13:43:00
CONT2024000199,2024-01-04 23:12:50,2024-01-09 15:41:44
CONT2024000200,2024-01-01 16:11:25,
CONT2024000201,2024-01-05 11:13:23,2024-01-09 13:18:41
CONT2024000202,2023-12-30 09:10:55,
CONT2024000203,2024-01-01 13:30:30,2024-01-02 16:00:39
CONT2024000204,2024-01-07 09:54:13,2024-01-07 22:54:29
CONT2024000205,2023-12-27 15:36:06,2024-01-10 15:40:11
CONT2024000206,2024-01-06 13:54:40,2024-01-07 10:18:49
CONT2024000207,2024-01-03 14:17:49,2024-01-09 17:22:34
CONT2024000208,2024-01-01 08:22:37,2024-01-01 23:49:36
CONT2024000209,2024-01-02 19:41:53,2024-01-03 02:44:24
CONT2024000210,2024-01-03 11:51:08,2024-01-09 17:11:59
CONT2024000211,2024-01-04 14:48:17,2024-01-11 19:43:06
CONT2024000212,2024-01-02 21:20:22,2024-01-10 11:22:16
CONT2024000213,2024-01-06 19:01:54,2024-01-10 13:41:19
CONT2024000214,2023-12-28 20:14:09,
CONT2024000215,2024-01-03 13:50:10,2024-01-04 09:19:06
CONT2024000216,2024-01-03 06:15:05,2024-01-03 22:18:19
CONT2024000217,2023-12-29 15:59:15,2023-12-31 05:15:03
CONT2024000218,2024-01-06 17:41:44,2024-01-07 19:43:56
CONT2024000219,2024-01-06 18:11:15,2024-01-07 09:46:54
CONT2024000220,2023-12-27 19:19:34,2024-01-11 10:04:01
CONT2024000221,2024-01-01 12:26:06,2024-01-02 19:12:53
CONT2024000222,2023-12-29 02:48:32,2023-12-29 20:24:46
CONT2024000223,2023-12-29 06:26:08,
CONT2024000224,2024-01-05 11:03:09,2024-01-10 07:30:32
CONT2024000225,2024-01-03 16:58:53,2024-01-04 11:02:55
CONT2024000226,2023-12-31 22:37:53,2024-01-10 21:33:10
CONT2024000227,2023-12-29 18:09:14,2023-12-30 12:10:16
CONT2024000228,2024-01-07 14:19:42,2024-01-10 09:32:36
CONT2024000229,2024-01-04 17:39:49,2024-01-10 02:48:07
CONT2024000230,2024-01-01 00:29:28,2024-01-10 09:31:28
CONT2024000231,2023-12-31 19:39:14,
CONT2024000232,2024-01-03 20:31:22,2024-01-05 00:39:17
CONT2024000233,2024-01-09 06:27:06,2024-01-12 14:07:34
CONT2024000234,2024-01-02 04:30:33,2024-01-13 01:19:04
CONT2024000235,2024-01-01 19:46:36,
CONT2024000236,2024-01-08 00:07:57,2024-01-08 14:18:04
CONT2024000237,2024-01-06 19:15:23,2024-01-13 22:58:54
CONT2024000238,2024-01-02 14:22:24,2024-01-12 16:09:02
CONT2024000239,2024-01-01 19:09:09,2024-01-02 09:50:34
CONT2024000240,2024-01-06 09:49:50,2024-01-07 03:40:44
CONT2024000241,2024-01-08 22:56:07,2024-01-09 20:17:23
CONT2024000242,2024-01-09 02:51:54,2024-01-10 08:13:42
CONT2024000243,2024-01-09 21:18:13,
CONT2024000244,2024-01-08 02:32:15,2024-01-12 19:34:44
CONT2024000245,2024-01-05 02:47:26,2024-01-13 14:52:30
CONT2024000246,2024-01-08 04:17:06,
CONT2024000247,2024-01-09 15:39:58,2024-01-10 13:56:29
CONT2024000248,2024-01-08 21:25:46,2024-01-14 01:42:11
CONT2024000249,2024-01-05 07:26:48,2024-01-13 15:09:53
CONT2024000250,2024-01-06 20:43:58,
CONT2024000251,2024-01-05 02:06:58,2024-01-05 18:17:06
CONT2024000252,2024-01-03 01:35:01,2024-01-04 03:55:19
CONT2024000253,2024-01-11 04:38:20,2024-01-14 15:25:00
CONT2024000254,2024-01-05 21:41:52,
CONT2024000255,2024-01-10 02:38:27,
CONT2024000256,2024-01-08 05:41:09,2024-01-09 14:02:13
CONT2024000257,2024-01-05 20:56:49,2024-01-13 22:31:15
CONT2024000258,2024-01-08 12:50:22,2024-01-09 12:23:32
CONT2024000259,2024-01-01 06:11:56,2024-01-14 06:16:52
CONT2024000260,2024-01-10 21:45:44,2024-01-11 20:33:55
CONT2024000261,2024-01-02 13:03:52,2024-01-03 13:34:00
CONT2024000262,2024-01-04 07:28:28,2024-01-05 09:41:40
CONT2024000263,2024-01-02 18:32:26,2024-01-03 02:28:04
CONT2024000264,2024-01-01 07:46:57,
CONT2024000265,2024-01-09 18:33:11,2024-01-10 14:15:35
CONT2024000266,2024-01-04 23:01:04,2024-01-13 22:57:27
CONT2024000267,2024-01-03 23:29:00,2024-01-14 08:12:18
CONT2024000268,2024-01-09 13:09:48,2024-01-13 15:35:39
CONT2024000269,2024-01-06 15:12:23,2024-01-07 06:44:25
CONT2024000270,2024-01-04 18:42:43,2024-01-14 15:01:12
CONT2024000271,2024-01-05 17:51:47,2024-01-06 10:03:11
CONT2024000272,2024-01-01 07:26:48,2024-01-14 08:50:01
CONT2024000273,2024-01-08 14:09:09,2024-01-14 03:02:19
CONT2024000274,2024-01-04 07:19:24,2024-01-13 02:58:41
CONT2024000275,2024-01-08 23:37:30,2024-01-09 12:08:21
CONT2024000276,2024-01-11 10:51:11,2024-01-12 03:32:40
CONT2024000277,2024-01-12 17:08:30,2024-01-16 12:07:03
CONT2024000278,2024-01-04 09:09:26,2024-01-16 07:14:57
CONT2024000279,2024-01-04 01:50:10,2024-01-17 02:24:38
CONT2024000280,2024-01-03 02:02:01,
CONT2024000281,2024-01-08 11:05:57,
CONT2024000282,2024-01-10 10:40:41,2024-01-15 15:03:07
CONT2024000283,2024-01-04 01:14:55,
CONT2024000284,2024-01-12 12:53:26,2024-01-13 01:23:05
CONT2024000285,2024-01-07 11:26:12,
CONT2024000286,2024-01-06 11:11:28,2024-01-16 12:47:28
CONT2024000287,2024-01-08 04:40:38,2024-01-09 04:05:50
CONT2024000288,2024-01-10 06:19:12,2024-01-16 11:20:31
CONT2024000289,2024-01-08 15:33:05,2024-01-10 03:31:05
CONT2024000290,2024-01-12 02:16:32,2024-01-16 14:54:26
CONT2024000291,2024-01-08 12:21:29,2024-01-09 02:28:50
CONT2024000292,2024-01-05 03:28:48,2024-01-05 23:46:48
CONT2024000293,2024-01-13 05:55:12,2024-01-16 03:35:42
CONT2024000294,2024-01-10 22:52:18,2024-01-16 12:35:49
CONT2024000295,2024-01-11 04:24:52,2024-01-17 04:07:08
CONT2024000296,2024-01-12 03:05:14,2024-01-13 05:02:44
CONT2024000297,2024-01-06 08:09:09,2024-01-06 22:35:07
CONT2024000298,2024-01-11 02:58:14,2024-01-13 00:27:55
CONT2024000299,2024-01-06 23:20:30,2024-01-16 05:06:08
CONT2024000300,2024-01-06 15:11:10,2024-01-16 07:29:38
CONT2024000301,2024-01-12 15:18:17,
CONT2024000302,2024-01-03 12:07:51,
CONT2024000303,2024-01-04 06:28:16,2024-01-17 02:19:19
CONT2024000304,2024-01-05 05:20:41,2024-01-05 16:48:59
CONT2024000305,2024-01-02 18:01:41,
CONT2024000306,2024-01-09 19:49:40,2024-01-11 00:05:06
CONT2024000307,2024-01-12 17:14:17,
CONT2024000308,2024-01-07 21:10:58,2024-01-16 06:18:58
CONT2024000309,2024-01-05 13:26:37,2024-01-06 18:35:55
CONT2024000310,2024-01-09 10:14:16,2024-01-16 19:46:56
CONT2024000311,2024-01-06 02:15:49,2024-01-07 02:41:32
CONT2024000312,2024-01-10 20:55:22,2024-01-11 16:57:53
CONT2024000313,2024-01-10 17:26:41,2024-01-16 10:42:07
CONT2024000314,2024-01-11 12:11:36,2024-01-16 20:03:48
CONT2024000315,2024-01-04 17:47:20,2024-01-05 03:30:57
CONT2024000316,2024-01-12 15:26:11,
CONT2024000317,2024-01-12 11:32:21,2024-01-13 10:40:57
CONT2024000318,2024-01-10 00:25:34,2024-01-10 22:51:17
CONT2024000319,2024-01-13 14:39:29,2024-01-16 21:31:33
CONT2024000320,2024-01-06 16:51:37,2024-01-16 17:55:33
CONT2024000321,2024-01-05 14:25:05,2024-01-06 05:02:35
CONT2024000322,2024-01-11 12:07:36,2024-01-12 12:13:55
CONT2024000323,2024-01-11 03:36:44,
CONT2024000324,2024-01-04 14:15:55,2024-01-18 01:02:41
CONT2024000325,2024-01-13 14:52:09,2024-01-14 18:43:29
CONT2024000326,2024-01-09 07:17:00,2024-01-10 01:51:27
CONT2024000327,2024-01-12 20:26:52,2024-01-13 12:11:07
CONT2024000328,2024-01-13 07:05:49,2024-01-17 08:26:27
CONT2024000329,2024-01-05 00:03:31,2024-01-06 11:49:46
CONT2024000330,2024-01-10 23:50:13,
CONT2024000331,2024-01-14 07:28:27,2024-01-17 00:47:53
CONT2024000332,2024-01-13 02:24:17,
CONT2024000333,2024-01-03 23:01:42,2024-01-17 11:45:34
CONT2024000334,2024-01-06 05:06:05,2024-01-17 06:21:49
CONT2024000335,2024-01-13 06:43:41,2024-01-17 07:01:28
CONT2024000336,2024-01-06 17:35:47,2024-01-17 11:17:58
CONT2024000337,2024-01-09 03:56:28,2024-01-10 07:20:21
CONT2024000338,2024-01-13 20:25:22,2024-01-18 01:19:25
CONT2024000339,2024-01-09 09:25:23,2024-01-09 21:48:21
CONT2024000340,2024-01-13 01:47:19,
CONT2024000341,2024-01-05 15:50:04,2024-01-07 01:42:28
CONT2024000342,2024-01-10 21:53:05,2024-01-11 23:36:18
CONT2024000343,2024-01-10 09:45:15,2024-01-11 07:26:20
CONT2024000344,2024-01-11 00:07:11,2024-01-12 03:03:19
CONT2024000345,2024-01-12 13:42:37,2024-01-12 23:23:16
CONT2024000346,2024-01-12 05:10:10,
CONT2024000347,2024-01-04 16:13:54,2024-01-17 08:47:06
CONT2024000348,2024-01-04 13:23:07,2024-01-05 10:54:56
CONT2024000349,2024-01-12 04:41:46,2024-01-17 03:28:40
CONT2024000350,2024-01-12 04:42:15,2024-01-13 03:52:18
CONT2024000351,2024-01-06 12:24:52,2024-01-07 11:29:50
CONT2024000352,2024-01-13 00:08:48,2024-01-16 23:33:15
CONT2024000353,2024-01-10 18:34:27,2024-01-12 01:03:11
CONT2024000354,2024-01-13 20:24:30,2024-01-17 06:34:55
CONT2024000355,2024-01-07 19:08:47,2024-01-17 04:39:29
CONT2024000356,2024-01-07 13:00:24,
CONT2024000357,2024-01-13 01:46:56,2024-01-13 16:45:38
CONT2024000358,2024-01-07 10:32:27,2024-01-16 18:36:57
CONT2024000359,2024-01-14 10:11:16,2024-01-16 01:41:09
CONT2024000360,2024-01-04 04:17:41,2024-01-17 18:49:31
CONT2024000361,2024-01-12 11:08:32,2024-01-17 05:51:31
CONT2024000362,2024-01-12 14:51:28,2024-01-17 07:53:39
CONT2024000363,2024-01-04 10:59:54,2024-01-05 19:19:41
CONT2024000364,2024-01-09 17:07:24,2024-01-18 14:02:06
CONT2024000365,2024-01-05 18:16:48,2024-01-07 00:02:45
CONT2024000366,2024-01-10 02:36:31,2024-01-11 07:40:47
CONT2024000367,2024-01-11 17:27:25,2024-01-17 09:35:24
CONT2024000368,2024-01-07 02:20:00,2024-01-07 18:35:09
CONT2024000369,2024-01-12 02:10:51,2024-01-17 09:45:47
CONT2024000370,2024-01-10 06:19:11,2024-01-10 20:54:57
CONT2024000371,2024-01-13 00:18:30,2024-01-17 19:57:53
CONT2024000372,2024-01-04 10:10:07,
CONT2024000373,2024-01-09 18:02:13,2024-01-10 07:48:52
CONT2024000374,2024-01-08 22:06:19,2024-01-09 02:49:01
CONT2024000375,2024-01-05 06:04:46,
CONT2024000376,2024-01-04 06:25:34,2024-01-17 14:20:46
CONT2024000377,2024-01-11 19:38:30,2024-01-17 12:17:08
CONT2024000378,2024-01-10 07:00:06,2024-01-17 20:57:55
CONT2024000379,2024-01-06 11:59:18,2024-01-17 14:42:45
CONT2024000380,2024-01-13 19:19:40,2024-01-17 21:50:59
CONT2024000381,2024-01-13 22:53:42,2024-01-17 21:33:46
CONT2024000382,2024-01-11 20:07:04,2024-01-17 17:51:46
CONT2024000383,2024-01-12 09:15:15,2024-01-17 15:14:01
CONT2024000384,2024-01-13 06:44:15,2024-01-18 00:08:34
CONT2024000385,2024-01-13 08:45:37,2024-01-13 16:12:18
CONT2024000386,2024-01-13 11:54:37,2024-01-17 14:41:32
CONT2024000387,2024-01-05 09:04:53,2024-01-17 22:46:26
CONT2024000388,2024-01-13 11:27:19,2024-01-14 18:40:23
CONT2024000389,2024-01-07 10:24:26,
CONT2024000390,2024-01-07 20:32:16,2024-01-08 15:16:36
CONT2024000391,2024-01-05 16:53:06,2024-01-17 12:42:13
CONT2024000392,2024-01-08 10:39:22,2024-01-18 01:22:52
CONT2024000393,2024-01-07 09:05:27,
CONT2024000394,2024-01-07 16:13:50,
CONT2024000395,2024-01-09 06:23:13,2024-01-18 05:13:43
CONT2024000396,2024-01-14 03:53:19,2024-01-18 11:13:00
CONT2024000397,2024-01-09 12:30:57,2024-01-18 13:06:29
CONT2024000398,2024-01-12 01:33:26,2024-01-18 21:14:12
CONT2024000399,2024-01-06 10:37:52,2024-01-18 16:18:53
CONT2024000400,2024-01-08 20:38:12,2024-01-18 18:32:24
CONT2024000401,2024-01-13 05:34:23,2024-01-18 03:07:31
CONT2024000402,2024-01-06 17:11:07,
CONT2024000403,2024-01-12 08:48:06,2024-01-18 05:50:19
CONT2024000404,2024-01-13 11:00:59,2024-01-14 08:04:42
CONT2024000405,2024-01-13 04:14:45,2024-01-18 04:57:21
CONT2024000406,2024-01-13 12:08:16,2024-01-14 05:18:48
CONT2024000407,2024-01-09 03:41:03,2024-01-18 04:28:13
CONT2024000408,2024-01-13 14:58:30,2024-01-18 18:55:04
CONT2024000409,2024-01-14 01:51:22,2024-01-15 02:27:00
CONT2024000410,2024-01-06 15:56:32,
CONT2024000411,2024-01-06 22:21:01,
CONT2024000412,2024-01-10 23:22:17,2024-01-11 16:34:00
CONT2024000413,2024-01-14 03:26:05,2024-01-18 05:49:25
CONT2024000414,2024-01-08 11:02:00,2024-01-08 19:01:19
CONT2024000415,2024-01-12 05:07:23,
CONT2024000416,2024-01-07 05:20:58,2024-01-07 16:43:41
CONT2024000417,2024-01-08 23:39:13,2024-01-18 23:42:54
CONT2024000418,2024-01-11 23:10:44,2024-01-12 23:07:17
CONT2024000419,2024-01-08 00:37:38,2024-01-18 04:15:16
CONT2024000420,2024-01-13 08:09:59,2024-01-18 16:12:03
CONT2024000421,2024-01-08 22:14:06,2024-01-10 08:20:03
CONT2024000422,2024-01-05 23:52:59,2024-01-18 00:52:00
CONT2024000423,2024-01-11 02:25:08,
CONT2024000424,2024-01-10 17:10:56,2024-01-11 06:19:02
CONT2024000425,2024-01-12 19:05:21,2024-01-19 04:27:51
CONT2024000426,2024-01-08 22:49:37,2024-01-17 20:27:56
CONT2024000427,2024-01-15 07:55:37,
CONT2024000428,2024-01-10 02:41:45,2024-01-11 13:18:58
CONT2024000429,2024-01-08 12:58:51,2024-01-08 23:18:54
CONT2024000430,2024-01-10 12:16:23,2024-01-19 07:50:21
CONT2024000431,2024-01-07 07:22:25,2024-01-08 08:45:38
CONT2024000432,2024-01-15 12:06:52,2024-01-19 06:39:17
CONT2024000433,2024-01-08 04:48:02,2024-01-18 17:34:16
CONT2024000434,2024-01-15 15:12:49,2024-01-16 00:03:51
CONT2024000435,2024-01-07 23:53:33,2024-01-08 22:18:24
CONT2024000436,2024-01-10 19:49:21,2024-01-11 21:35:50
CONT2024000437,2024-01-13 10:55:29,2024-01-19 00:17:17
CONT2024000438,2024-01-10 10:47:39,
CONT2024000439,2024-01-15 23:24:45,
CONT2024000440,2024-01-12 09:24:41,2024-01-19 05:34:27
CONT2024000441,2024-01-13 21:29:44,2024-01-14 12:58:43
CONT2024000442,2024-01-12 19:17:19,
CONT2024000443,2024-01-05 22:00:28,2024-01-19 09:42:34
CONT2024000444,2024-01-13 02:11:32,2024-01-13 19:00:27
CONT2024000445,2024-01-07 01:07:54,2024-01-07 13:26:50
CONT2024000446,2024-01-09 20:33:37,2024-01-11 07:09:57
CONT2024000447,2024-01-05 12:33:11,
CONT2024000448,2024-01-07 04:21:28,2024-01-19 04:28:44
CONT2024000449,2024-01-13 04:23:28,2024-01-14 00:16:31
CONT2024000450,2024-01-08 22:08:14,
CONT2024000451,2024-01-15 14:38:07,2024-01-18 13:00:04
CONT2024000452,2024-01-14 07:39:05,2024-01-19 06:22:48
CONT2024000453,2024-01-05 15:31:28,2024-01-19 00:58:29
CONT2024000454,2024-01-11 06:09:18,2024-01-18 18:05:07
CONT2024000455,2024-01-07 07:33:54,2024-01-07 18:21:34
CONT2024000456,2024-01-06 20:08:33,2024-01-07 23:42:51
CONT2024000457,2024-01-15 12:58:59,2024-01-16 10:43:47
CONT2024000458,2024-01-09 23:36:36,2024-01-18 21:07:02
CONT2024000459,2024-01-10 07:01:41,
CONT2024000460,2024-01-09 00:04:13,2024-01-18 20:18:08
CONT2024000461,2024-01-08 15:31:11,2024-01-09 16:59:00
CONT2024000462,2024-01-14 19:29:03,2024-01-15 10:49:39
CONT2024000463,2024-01-10 22:36:20,2024-01-19 12:55:49
CONT2024000464,2024-01-14 00:18:15,2024-01-18 23:42:41
CONT2024000465,2024-01-13 07:01:35,
CONT2024000466,2024-01-12 10:49:30,2024-01-19 02:35:46
CONT2024000467,2024-01-10 19:04:40,2024-01-18 12:24:02
CONT2024000468,2024-01-12 16:19:13,2024-01-12 20:19:13
CONT2024000469,2024-01-14 12:58:26,2024-01-18 21:12:03
CONT2024000470,2024-01-16 08:54:02,2024-01-19 00:47:22
CONT2024000471,2024-01-06 01:38:43,2024-01-19 07:33:47
CONT2024000472,2024-01-05 09:56:15,2024-01-18 18:32:04
CONT2024000473,2024-01-12 05:38:54,2024-01-20 10:12:33
CONT2024000474,2024-01-11 09:42:48,
CONT2024000475,2024-01-07 10:40:59,2024-01-20 03:51:28
CONT2024000476,2024-01-15 04:54:41,2024-01-19 19:14:28
CONT2024000477,2024-01-06 21:51:38,2024-01-20 04:17:40
CONT2024000478,2024-01-07 07:32:57,2024-01-08 02:30:07
CONT2024000479,2024-01-14 07:15:12,2024-01-15 01:14:15
CONT2024000480,2024-01-09 20:21:12,2024-01-10 16:16:23
CONT2024000481,2024-01-10 05:36:32,2024-01-11 05:28:24
CONT2024000482,2024-01-13 01:29:20,2024-01-13 05:29:20
CONT2024000483,2024-01-10 14:05:00,
CONT2024000484,2024-01-06 15:01:25,2024-01-20 20:39:50
CONT2024000485,2024-01-06 22:16:35,2024-01-20 05:33:02
CONT2024000486,2024-01-14 11:28:44,2024-01-14 19:45:59
CONT2024000487,2024-01-13 15:30:17,2024-01-20 04:52:02
CONT2024000488,2024-01-14 19:13:42,2024-01-19 19:11:00
CONT2024000489,2024-01-16 08:14:35,2024-01-20 03:18:28
CONT2024000490,2024-01-15 02:50:14,2024-01-15 20:38:45
CONT2024000491,2024-01-09 07:38:03,2024-01-19 12:24:16
CONT2024000492,2024-01-09 15:29:03,
CONT2024000493,2024-01-09 03:07:57,2024-01-20 03:44:52
CONT2024000494,2024-01-08 15:48:52,2024-01-19 19:56:15
CONT2024000495,2024-01-12 19:10:18,2024-01-13 07:36:34
CONT2024000496,2024-01-14 03:40:07,2024-01-20 01:58:13
CONT2024000497,2024-01-08 15:53:41,2024-01-19 07:42:27
CONT2024000498,2024-01-15 22:12:19,2024-01-16 09:50:51
CONT2024000499,2024-01-11 12:45:21,2024-01-12 07:06:11
CONT2024000500,2024-01-10 00:14:02,2024-01-20 08:02:24
CONT2024000501,2024-01-12 04:14:50,2024-01-21 19:03:05
CONT2024000502,2024-01-16 13:13:00,2024-01-17 09:00:46
CONT2024000503,2024-01-18 07:56:30,2024-01-19 01:38:36
CONT2024000504,2024-01-14 19:31:16,2024-01-15 06:37:33
CONT2024000505,2024-01-12 07:24:08,2024-01-21 16:24:34
CONT2024000506,2024-01-16 22:52:32,
CONT2024000507,2024-01-17 07:54:14,2024-01-20 21:25:40
CONT2024000508,2024-01-17 05:16:37,
CONT2024000509,2024-01-12 09:04:53,2024-01-21 02:16:11
CONT2024000510,2024-01-09 02:27:54,2024-01-10 00:46:11
CONT2024000511,2024-01-10 23:51:10,2024-01-21 06:43:37
CONT2024000512,2024-01-16 12:21:57,2024-01-21 09:45:22
CONT2024000513,2024-01-14 23:58:16,2024-01-21 18:18:19
CONT2024000514,2024-01-18 02:34:45,2024-01-19 08:15:33
CONT2024000515,2024-01-14 09:13:39,2024-01-14 13:13:39
CONT2024000516,2024-01-17 19:35:36,2024-01-18 20:09:36
CONT2024000517,2024-01-10 15:20:40,2024-01-11 18:38:20
CONT2024000518,2024-01-13 16:00:20,2024-01-14 15:57:14
CONT2024000519,2024-01-09 07:44:13,2024-01-09 19:32:00
CONT2024000520,2024-01-09 22:27:39,
CONT2024000521,2024-01-17 09:44:56,
CONT2024000522,2024-01-18 18:43:33,2024-01-22 03:13:19
CONT2024000523,2024-01-17 12:27:22,2024-01-22 06:55:11
CONT2024000524,2024-01-18 07:59:07,2024-01-20 02:59:32
CONT2024000525,2024-01-08 22:14:45,2024-01-09 22:29:02
CONT2024000526,2024-01-16 09:17:47,2024-01-17 04:16:01
CONT2024000527,2024-01-14 21:03:48,2024-01-15 03:18:16
CONT2024000528,2024-01-12 01:57:39,
CONT2024000529,2024-01-17 08:47:30,2024-01-21 05:26:25
CONT2024000530,2024-01-16 07:27:28,2024-01-22 06:31:46
CONT2024000531,2024-01-11 20:05:19,2024-01-13 02:25:55
CONT2024000532,2024-01-11 17:11:11,2024-01-22 05:38:21
CONT2024000533,2024-01-11 20:34:01,
CONT2024000534,2024-01-14 16:13:57,2024-01-16 02:09:16
CONT2024000535,2024-01-15 15:41:19,
CONT2024000536,2024-01-12 06:57:36,2024-01-12 23:00:36
CONT2024000537,2024-01-10 22:31:48,2024-01-11 07:39:07
CONT2024000538,2024-01-09 08:46:24,
CONT2024000539,2024-01-09 08:34:31,2024-01-22 02:18:23
CONT2024000540,2024-01-19 05:38:46,2024-01-20 14:19:09
CONT2024000541,2024-01-15 03:34:40,
CONT2024000542,2024-01-15 02:06:49,
CONT2024000543,2024-01-11 12:37:27,
CONT2024000544,2024-01-10 18:09:32,2024-01-22 21:14:58
CONT2024000545,2024-01-09 20:11:21,2024-01-10 10:47:01
CONT2024000546,2024-01-14 22:02:00,2024-01-15 03:24:29
CONT2024000547,2024-01-10 17:58:10,2024-01-22 19:37:13
CONT2024000548,2024-01-16 22:45:55,2024-01-22 14:54:15
CONT2024000549,2024-01-10 21:15:23,2024-01-22 02:57:49
CONT2024000550,2024-01-18 11:26:26,2024-01-23 02:29:48
CONT2024000551,2024-01-09 10:12:56,2024-01-23 14:22:58
CONT2024000552,2024-01-16 03:45:59,
CONT2024000553,2024-01-08 23:52:48,2024-01-10 01:36:58
CONT2024000554,2024-01-16 20:24:50,2024-01-17 14:02:43
CONT2024000555,2024-01-11 15:32:26,2024-01-23 03:06:43
CONT2024000556,2024-01-11 08:19:12,
CONT2024000557,2024-01-16 05:10:59,2024-01-23 02:33:40
CONT2024000558,2024-01-09 16:53:40,
CONT2024000559,2024-01-14 23:00:25,2024-01-23 06:51:25
CONT2024000560,2024-01-18 02:49:06,2024-01-23 09:20:40
CONT2024000561,2024-01-14 20:31:02,2024-01-23 15:46:17
CONT2024000562,2024-01-11 23:28:01,2024-01-22 08:13:43
CONT2024000563,2024-01-16 06:03:35,2024-01-17 09:39:13
CONT2024000564,2024-01-16 06:51:12,2024-01-22 18:51:07
CONT2024000565,2024-01-12 16:18:19,2024-01-13 09:35:19
CONT2024000566,2024-01-17 05:11:44,2024-01-22 15:19:50
CONT2024000567,2024-01-16 09:28:43,2024-01-22 21:49:07
CONT2024000568,2024-01-09 21:40:22,2024-01-10 13:44:50
CONT2024000569,2024-01-13 01:35:45,2024-01-13 11:11:58
CONT2024000570,2024-01-13 13:34:23,
CONT2024000571,2024-01-13 18:05:28,2024-01-23 05:33:11
CONT2024000572,2024-01-15 04:40:42,2024-01-15 08:40:42
CONT2024000573,2024-01-10 16:25:26,2024-01-23 06:22:50
CONT2024000574,2024-01-14 15:24:00,2024-01-15 02:39:27
CONT2024000575,2024-01-15 15:33:59,2024-01-16 00:58:34
CONT2024000576,2024-01-15 11:47:24,2024-01-15 21:13:34
CONT2024000577,2024-01-15 06:39:52,2024-01-16 07:47:53
CONT2024000578,2024-01-19 16:38:44,2024-01-22 15:25:14
CONT2024000579,2024-01-21 00:44:25,2024-01-23 17:03:57
CONT2024000580,2024-01-15 06:51:46,2024-01-16 09:21:10
CONT2024000581,2024-01-10 12:43:09,
CONT2024000582,2024-01-16 13:18:07,2024-01-23 04:21:20
CONT2024000583,2024-01-12 00:33:49,2024-01-23 22:25:26
CONT2024000584,2024-01-20 04:21:26,2024-01-23 09:27:02
CONT2024000585,2024-01-18 11:24:56,2024-01-24 20:53:54
CONT2024000586,2024-01-17 03:52:31,2024-01-24 04:23:23
CONT2024000587,2024-01-13 06:45:00,2024-01-14 05:34:36
CONT2024000588,2024-01-12 09:04:05,
CONT2024000589,2024-01-21 05:17:37,2024-01-21 09:17:37
CONT2024000590,2024-01-20 17:36:23,2024-01-23 11:58:42
CONT2024000591,2024-01-12 07:49:11,2024-01-24 05:17:45
CONT2024000592,2024-01-15 22:38:08,2024-01-24 14:58:10
CONT2024000593,2024-01-14 00:30:29,
CONT2024000594,2024-01-21 06:46:17,2024-01-24 00:35:12
CONT2024000595,2024-01-21 02:24:58,2024-01-22 10:54:35
CONT2024000596,2024-01-21 13:10:02,2024-01-24 11:16:50
CONT2024000597,2024-01-19 21:11:31,2024-01-23 22:32:55
CONT2024000598,2024-01-10 13:50:40,2024-01-11 05:14:47
CONT2024000599,2024-01-17 19:33:15,
CONT2024000600,2024-01-21 05:55:22,2024-01-23 23:25:52
CONT2024000601,2024-01-17 23:28:33,2024-01-19 12:59:06
CONT2024000602,2024-01-11 22:10:54,2024-01-24 09:34:10
CONT2024000603,2024-01-11 22:59:01,2024-01-24 16:21:18
CONT2024000604,2024-01-17 18:02:26,2024-01-24 12:50:18
CONT2024000605,2024-01-11 12:05:32,2024-01-12 04:19:47
CONT2024000606,2024-01-13 00:38:25,2024-01-13 18:55:58
CONT2024000607,2024-01-11 20:29:57,2024-01-24 02:35:45
CONT2024000608,2024-01-12 23:28:56,2024-01-13 13:41:30
CONT2024000609,2024-01-20 10:04:17,2024-01-24 03:35:05
CONT2024000610,2024-01-15 19:07:31,2024-01-17 02:51:45
CONT2024000611,2024-01-17 06:53:52,2024-01-18 06:09:46
CONT2024000612,2024-01-13 18:06:29,
CONT2024000613,2024-01-14 23:37:45,2024-01-15 04:39:16
CONT2024000614,2024-01-13 04:57:46,
CONT2024000615,2024-01-13 08:09:23,2024-01-23 20:39:34
CONT2024000616,2024-01-13 05:46:54,2024-01-23 20:57:10
CONT2024000617,2024-01-10 21:07:29,2024-01-23 15:50:38
CONT2024000618,2024-01-10 21:38:33,2024-01-12 00:02:50
CONT2024000619,2024-01-17 15:42:44,
CONT2024000620,2024-01-14 17:05:29,
CONT2024000621,2024-01-17 12:28:57,2024-01-24 01:25:12
CONT2024000622,2024-01-16 21:20:01,
CONT2024000623,2024-01-13 17:43:22,2024-01-23 08:30:06
CONT2024000624,2024-01-13 22:06:43,2024-01-23 07:32:39
CONT2024000625,2024-01-20 20:53:24,
CONT2024000626,2024-01-19 21:35:38,2024-01-20 17:20:44
CONT2024000627,2024-01-19 03:22:38,2024-01-19 16:22:37
CONT2024000628,2024-01-19 20:37:02,
CONT2024000629,2024-01-19 05:59:07,
CONT2024000630,2024-01-12 21:08:54,2024-01-24 11:50:08
CONT2024000631,2024-01-19 16:52:01,2024-01-24 08:33:09
CONT2024000632,2024-01-14 10:09:04,2024-01-24 11:57:41
CONT2024000633,2024-01-11 17:38:00,2024-01-12 01:57:37
CONT2024000634,2024-01-17 10:02:42,2024-01-18 08:08:22
CONT2024000635,2024-01-13 00:42:20,2024-01-24 14:14:57
CONT2024000636,2024-01-14 23:28:49,2024-01-24 06:07:32
CONT2024000637,2024-01-20 02:11:51,2024-01-24 12:49:52
CONT2024000638,2024-01-17 15:43:30,2024-01-18 17:48:14
CONT2024000639,2024-01-16 22:04:39,
CONT2024000640,2024-01-18 07:43:31,2024-01-24 02:06:49
CONT2024000641,2024-01-11 17:58:54,2024-01-12 03:29:41
CONT2024000642,2024-01-16 17:24:06,2024-01-24 20:15:36
CONT2024000643,2024-01-17 10:58:32,2024-01-17 14:58:32
CONT2024000644,2024-01-11 05:35:28,2024-01-24 01:20:39
CONT2024000645,2024-01-11 10:40:35,2024-01-24 12:14:10
CONT2024000646,2024-01-11 18:14:38,
CONT2024000647,2024-01-11 17:32:18,
CONT2024000648,2024-01-20 17:01:13,2024-01-23 15:11:34
CONT2024000649,2024-01-19 09:26:10,2024-01-19 18:40:46
CONT2024000650,2024-01-19 04:36:31,2024-01-24 01:27:02
CONT2024000651,2024-01-13 00:53:02,
CONT2024000652,2024-01-20 00:20:33,2024-01-24 10:06:56
CONT2024000653,2024-01-13 07:15:09,2024-01-14 04:21:33
CONT2024000654,2024-01-13 17:02:16,
CONT2024000655,2024-01-19 05:53:39,2024-01-23 23:57:09
CONT2024000656,2024-01-17 12:55:33,2024-01-17 21:15:33
CONT2024000657,2024-01-18 04:27:23,
CONT2024000658,2024-01-18 19:48:13,2024-01-20 03:45:48
CONT2024000659,2024-01-21 02:40:51,2024-01-24 05:54:28
CONT2024000660,2024-01-22 00:57:37,2024-01-22 23:36:33
CONT2024000661,2024-01-12 11:17:12,2024-01-24 19:24:18
CONT2024000662,2024-01-17 01:27:48,
CONT2024000663,2024-01-13 07:51:17,
CONT2024000664,2024-01-17 16:42:08,2024-01-25 11:35:07
CONT2024000665,2024-01-15 17:19:40,2024-01-25 14:30:35
CONT2024000666,2024-01-19 22:30:48,
CONT2024000667,2024-01-15 21:08:26,2024-01-24 21:10:41
CONT2024000668,2024-01-21 17:55:14,
CONT2024000669,2024-01-17 20:26:06,
CONT2024000670,2024-01-21 20:27:57,
CONT2024000671,2024-01-14 01:47:29,
CONT2024000672,2024-01-16 09:21:33,
CONT2024000673,2024-01-14 15:48:22,
CONT2024000674,2024-01-22 17:25:07,2024-01-23 05:26:28
CONT2024000675,2024-01-14 11:21:59,2024-01-26 02:54:41
CONT2024000676,2024-01-13 18:58:43,
CONT2024000677,2024-01-18 12:23:33,2024-01-25 19:40:50
CONT2024000678,2024-01-20 01:38:22,
CONT2024000679,2024-01-20 20:40:56,2024-01-25 09:55:37
CONT2024000680,2024-01-16 20:22:55,2024-01-17 20:13:09
CONT2024000681,2024-01-21 00:20:10,2024-01-22 00:04:26
CONT2024000682,2024-01-20 23:32:18,2024-01-25 19:03:41
CONT2024000683,2024-01-15 03:23:46,2024-01-26 01:28:21
CONT2024000684,2024-01-18 01:07:52,2024-01-25 07:08:33
CONT2024000685,2024-01-14 20:58:23,2024-01-25 15:21:12
CONT2024000686,2024-01-14 23:13:05,
CONT2024000687,2024-01-21 05:36:02,2024-01-22 00:35:23
CONT2024000688,2024-01-17 13:57:23,2024-01-18 13:17:13
CONT2024000689,2024-01-15 20:11:38,
CONT2024000690,2024-01-15 23:34:40,2024-01-16 03:34:40
CONT2024000691,2024-01-13 01:22:12,2024-01-13 16:47:10
CONT2024000692,2024-01-23 02:35:27,2024-01-24 08:28:35
CONT2024000693,2024-01-14 21:19:31,2024-01-15 21:07:44
CONT2024000694,2024-01-22 16:57:47,2024-01-23 11:25:19
CONT2024000695,2024-01-13 07:35:01,2024-01-13 17:29:03
CONT2024000696,2024-01-22 07:54:48,2024-01-26 08:30:33
CONT2024000697,2024-01-22 06:37:52,2024-01-23 04:48:08
CONT2024000698,2024-01-13 05:55:36,
CONT2024000699,2024-01-15 05:30:41,2024-01-25 23:03:22
CONT2024000700,2024-01-20 08:09:33,2024-01-21 04:33:48
CONT2024000701,2024-01-18 03:22:59,
CONT2024000702,2024-01-19 06:11:40,2024-01-25 23:30:39
CONT2024000703,2024-01-22 13:41:45,2024-01-23 06:18:40
CONT2024000704,2024-01-19 10:16:31,2024-01-19 15:55:14
CONT2024000705,2024-01-16 00:05:30,2024-01-25 16:05:06
CONT2024000706,2024-01-18 12:14:30,2024-01-19 06:59:32
CONT2024000707,2024-01-17 22:03:20,2024-01-25 21:30:31
CONT2024000708,2024-01-21 10:26:48,2024-01-26 07:23:46
CONT2024000709,2024-01-18 03:37:55,2024-01-26 13:52:14
CONT2024000710,2024-01-19 23:52:44,
CONT2024000711,2024-01-19 13:02:32,2024-01-26 03:27:14
CONT2024000712,2024-01-23 04:13:39,2024-01-26 05:42:19
CONT2024000713,2024-01-19 06:06:46,
CONT2024000714,2024-01-21 08:07:41,
CONT2024000715,2024-01-21 07:25:52,
CONT2024000716,2024-01-12 22:07:31,2024-01-13 19:22:44
CONT2024000717,2024-01-20 12:51:36,2024-01-21 19:51:34
CONT2024000718,2024-01-21 01:16:29,2024-01-27 05:45:19
CONT2024000719,2024-01-23 10:40:14,2024-01-26 09:01:18
CONT2024000720,2024-01-24 05:36:52,2024-01-27 05:27:31
CONT2024000721,2024-01-17 13:47:46,
CONT2024000722,2024-01-19 23:26:37,2024-01-26 06:55:53
CONT2024000723,2024-01-17 09:24:09,2024-01-26 06:17:56
CONT2024000724,2024-01-16 06:39:38,2024-01-26 11:06:29
CONT2024000725,2024-01-20 02:12:09,2024-01-27 00:37:05
CONT2024000726,2024-01-15 23:13:25,2024-01-27 08:56:26
CONT2024000727,2024-01-20 03:43:31,
CONT2024000728,2024-01-13 04:13:01,2024-01-25 13:00:00
CONT2024000729,2024-01-13 11:37:23,2024-01-14 04:37:48
CONT2024000730,2024-01-20 05:07:09,2024-01-20 23:49:16
CONT2024000731,2024-01-19 09:26:03,2024-01-20 11:06:24
CONT2024000732,2024-01-22 23:16:44,2024-01-27 13:36:19
CONT2024000733,2024-01-14 20:02:13,2024-01-27 05:49:46
CONT2024000734,2024-01-16 00:53:59,2024-01-26 16:46:16
CONT2024000735,2024-01-18 11:59:15,2024-01-18 23:27:28
CONT2024000736,2024-01-13 21:24:15,2024-01-27 00:49:41
CONT2024000737,2024-01-23 15:49:23,2024-01-24 18:35:11
CONT2024000738,2024-01-21 14:15:56,2024-01-26 11:19:42
CONT2024000739,2024-01-21 19:00:47,2024-01-22 12:12:15
CONT2024000740,2024-01-15 03:12:38,2024-01-16 06:42:21
CONT2024000741,2024-01-20 16:25:37,2024-01-26 23:02:23
CONT2024000742,2024-01-22 16:05:45,2024-01-27 16:17:18
CONT2024000743,2024-01-17 17:40:48,2024-01-26 05:32:28
CONT2024000744,2024-01-17 18:50:23,2024-01-26 11:18:09
CONT2024000745,2024-01-15 08:03:24,
CONT2024000746,2024-01-23 12:25:02,
CONT2024000747,2024-01-15 13:29:58,2024-01-27 02:43:17
CONT2024000748,2024-01-18 11:57:17,2024-01-19 00:07:16
CONT2024000749,2024-01-16 23:38:55,2024-01-17 11:31:31
CONT2024000750,2024-01-22 07:34:11,
CONT2024000751,2024-01-16 14:32:34,2024-01-25 23:16:36
CONT2024000752,2024-01-16 21:56:42,2024-01-26 18:05:36
CONT2024000753,2024-01-20 19:06:51,2024-01-27 12:40:49
CONT2024000754,2024-01-23 20:46:04,2024-01-24 12:17:23
CONT2024000755,2024-01-23 15:43:31,
CONT2024000756,2024-01-15 01:13:48,
CONT2024000757,2024-01-18 10:40:44,2024-01-27 01:28:53
CONT2024000758,2024-01-14 02:57:37,2024-01-14 14:17:54
CONT2024000759,2024-01-18 17:08:13,2024-01-19 07:36:07
CONT2024000760,2024-01-20 10:46:00,2024-01-26 09:38:12
CONT2024000761,2024-01-17 00:19:59,2024-01-26 09:59:29
CONT2024000762,2024-01-19 17:28:48,
CONT2024000763,2024-01-21 08:11:33,2024-01-26 23:50:43
CONT2024000764,2024-01-15 03:43:13,2024-01-26 05:10:48
CONT2024000765,2024-01-19 19:52:12,2024-01-26 16:32:00
CONT2024000766,2024-01-20 02:32:44,2024-01-20 14:49:14
CONT2024000767,2024-01-19 14:36:36,2024-01-26 13:05:33
CONT2024000768,2024-01-15 11:47:17,
CONT2024000769,2024-01-13 19:03:57,2024-01-27 08:12:55
CONT2024000770,2024-01-15 18:06:25,2024-01-26 18:00:44
CONT2024000771,2024-01-17 01:44:17,2024-01-18 08:36:20
CONT2024000772,2024-01-17 00:58:26,2024-01-26 23:11:59
CONT2024000773,2024-01-17 00:29:02,
CONT2024000774,2024-01-16 11:00:58,2024-01-17 09:22:58
CONT2024000775,2024-01-23 23:31:10,2024-01-24 20:10:54
CONT2024000776,2024-01-21 19:18:24,
CONT2024000777,2024-01-13 16:12:00,2024-01-27 10:08:38
CONT2024000778,2024-01-23 16:49:00,2024-01-24 17:07:31
CONT2024000779,2024-01-14 21:49:06,2024-01-26 14:46:07
CONT2024000780,2024-01-18 04:11:57,
CONT2024000781,2024-01-21 01:02:13,2024-01-22 01:18:37
CONT2024000782,2024-01-16 15:46:45,2024-01-17 01:31:12
CONT2024000783,2024-01-14 18:46:49,2024-01-15 12:25:30
CONT2024000784,2024-01-15 10:31:24,
CONT2024000785,2024-01-19 19:19:49,2024-01-20 16:37:58
CONT2024000786,2024-01-17 23:19:37,2024-01-18 13:09:14
CONT2024000787,2024-01-20 00:30:55,2024-01-26 08:51:17
CONT2024000788,2024-01-23 21:01:32,2024-01-24 07:10:28
CONT2024000789,2024-01-15 04:47:55,2024-01-26 13:59:03
CONT2024000790,2024-01-15 05:27:04,
CONT2024000791,2024-01-17 22:02:57,2024-01-27 13:32:01
CONT2024000792,2024-01-22 11:19:31,2024-01-27 11:36:00
CONT2024000793,2024-01-14 07:52:00,2024-01-27 17:39:45
CONT2024000794,2024-01-16 07:04:12,2024-01-17 11:29:10
CONT2024000795,2024-01-16 13:29:02,2024-01-17 13:36:00
CONT2024000796,2024-01-20 12:25:43,2024-01-21 12:03:31
CONT2024000797,2024-01-22 03:20:04,2024-01-27 06:23:50
CONT2024000798,2024-01-21 16:10:56,2024-01-28 01:09:20
CONT2024000799,2024-01-22 22:31:25,2024-01-27 08:27:54
CONT2024000800,2024-01-24 06:34:21,2024-01-25 06:51:37
CONT2024000801,2024-01-15 20:57:51,
CONT2024000802,2024-01-22 16:13:43,2024-01-27 17:07:36
CONT2024000803,2024-01-15 23:33:04,2024-01-16 20:34:58
CONT2024000804,2024-01-21 05:57:07,2024-01-27 05:36:47
CONT2024000805,2024-01-21 00:41:30,2024-01-21 04:41:30
CONT2024000806,2024-01-20 07:48:43,2024-01-27 21:35:29
CONT2024000807,2024-01-18 20:19:16,2024-01-19 13:14:18
CONT2024000808,2024-01-14 09:27:52,2024-01-28 02:18:16
CONT2024000809,2024-01-20 10:51:30,
CONT2024000810,2024-01-24 12:54:10,2024-01-24 19:50:15
CONT2024000811,2024-01-20 11:14:08,2024-01-21 17:37:29
CONT2024000812,2024-01-17 16:42:19,2024-01-18 14:17:57
CONT2024000813,2024-01-17 03:31:58,2024-01-18 08:42:53
CONT2024000814,2024-01-20 10:07:56,2024-01-21 11:07:36
CONT2024000815,2024-01-22 11:21:46,
CONT2024000816,2024-01-14 21:39:52,2024-01-28 10:22:27
CONT2024000817,2024-01-22 04:53:35,
CONT2024000818,2024-01-21 22:01:02,2024-01-22 14:50:19
CONT2024000819,2024-01-21 16:04:24,
CONT2024000820,2024-01-20 11:29:22,2024-01-21 03:35:46
CONT2024000821,2024-01-18 03:31:52,2024-01-29 11:44:14
CONT2024000822,2024-01-26 00:00:09,2024-01-28 10:57:49
CONT2024000823,2024-01-25 00:10:44,
CONT2024000824,2024-01-19 00:56:25,2024-01-29 09:16:04
CONT2024000825,2024-01-19 15:00:38,2024-01-29 18:12:05
CONT2024000826,2024-01-20 22:59:07,2024-01-21 22:04:15
CONT2024000827,2024-01-26 00:26:35,2024-01-28 09:35:54
CONT2024000828,2024-01-18 08:18:20,2024-01-28 16:03:51
CONT2024000829,2024-01-23 01:13:06,
CONT2024000830,2024-01-24 15:56:09,2024-01-29 01:42:09
CONT2024000831,2024-01-26 02:32:53,
CONT2024000832,2024-01-24 11:06:54,
CONT2024000833,2024-01-16 04:02:43,2024-01-29 14:56:59
CONT2024000834,2024-01-29 19:57:18,2024-02-02 17:59:03
CONT2024000835,2024-01-22 07:36:16,
CONT2024000836,2024-01-20 07:08:39,
CONT2024000837,2024-01-27 22:50:24,2024-02-01 23:02:33
CONT2024000838,2024-01-21 03:10:16,2024-01-21 12:18:50
CONT2024000839,2024-01-21 18:18:36,2024-01-23 05:18:21
CONT2024000840,2024-01-27 23:16:21,
CONT2024000841,2024-01-22 01:23:06,2024-02-02 10:17:09
CONT2024000842,2024-01-22 01:18:17,
CONT2024000843,2024-01-26 16:49:39,2024-02-02 09:43:18
CONT2024000844,2024-01-26 07:36:46,2024-01-26 20:11:05
CONT2024000845,2024-01-24 11:16:14,
CONT2024000846,2024-01-28 20:18:34,2024-02-02 19:02:28
CONT2024000847,2024-01-22 21:55:32,2024-02-03 03:08:48
CONT2024000848,2024-01-21 15:46:55,2024-01-23 06:48:30
CONT2024000849,2024-01-27 02:56:48,2024-01-28 06:14:09
CONT2024000850,2024-01-21 04:58:05,2024-02-02 15:00:44
CONT2024000851,2024-01-30 12:23:04,2024-02-03 06:53:32
CONT2024000852,2024-01-20 18:48:01,2024-02-03 07:41:21
CONT2024000853,2024-01-24 18:59:04,2024-01-25 06:49:52
CONT2024000854,2024-01-26 08:41:47,2024-02-02 22:29:36
CONT2024000855,2024-01-24 16:30:38,2024-02-03 22:56:02
CONT2024000856,2024-01-30 12:57:58,2024-02-02 16:22:20
CONT2024000857,2024-01-29 09:53:50,2024-01-30 07:26:29
CONT2024000858,2024-01-21 07:02:17,2024-02-02 09:08:57
CONT2024000859,2024-01-31 06:11:24,
CONT2024000860,2024-01-25 15:13:35,2024-02-03 18:11:56
CONT2024000861,2024-01-26 04:06:39,2024-02-02 18:53:14
CONT2024000862,2024-01-22 21:13:41,2024-02-03 14:03:57
CONT2024000863,2024-01-28 14:58:09,2024-01-29 18:50:50
CONT2024000864,2024-01-23 10:38:27,2024-02-03 11:20:09
CONT2024000865,2024-01-24 13:30:34,2024-01-25 15:19:39
CONT2024000866,2024-02-01 00:47:50,2024-02-01 16:29:37
CONT2024000867,2024-01-22 01:01:18,2024-01-23 08:22:05
CONT2024000868,2024-01-30 07:37:27,2024-02-04 02:05:01
CONT2024000869,2024-01-26 16:09:23,2024-01-26 20:09:23
CONT2024000870,2024-01-21 17:10:00,2024-02-03 13:35:05
CONT2024000871,2024-01-29 07:57:38,2024-02-04 07:39:33
CONT2024000872,2024-01-28 11:37:41,2024-01-29 05:26:33
CONT2024000873,2024-02-01 06:10:00,2024-02-04 11:46:21
CONT2024000874,2024-01-24 20:58:14,
CONT2024000875,2024-01-29 22:21:35,2024-01-31 05:34:16
CONT2024000876,2024-01-24 09:29:29,
CONT2024000877,2024-01-24 12:57:23,2024-02-04 15:23:03
CONT2024000878,2024-01-22 16:19:29,2024-02-04 07:33:16
CONT2024000879,2024-01-22 05:19:06,2024-02-04 01:35:20
CONT2024000880,2024-01-31 14:14:51,2024-02-04 00:50:35
CONT2024000881,2024-01-27 17:58:30,2024-01-28 00:32:38
CONT2024000882,2024-01-29 14:56:19,2024-01-29 23:19:30
CONT2024000883,2024-01-30 03:49:53,2024-02-04 13:06:53
CONT2024000884,2024-01-26 00:30:02,2024-02-04 09:45:41
CONT2024000885,2024-01-24 16:23:47,
CONT2024000886,2024-01-28 15:16:16,2024-01-29 16:20:09
CONT2024000887,2024-01-31 02:08:04,2024-02-04 10:20:46
CONT2024000888,2024-02-01 11:29:48,2024-02-03 19:04:46
CONT2024000889,2024-01-25 12:41:05,2024-01-25 23:15:00
CONT2024000890,2024-01-21 16:46:44,
CONT2024000891,2024-01-21 19:28:47,
CONT2024000892,2024-01-21 20:02:23,2024-01-22 18:49:43
CONT2024000893,2024-01-31 03:06:25,2024-01-31 14:09:12
CONT2024000894,2024-01-24 08:15:13,2024-01-24 23:51:18
CONT2024000895,2024-01-22 01:21:57,2024-01-23 07:09:28
CONT2024000896,2024-01-24 22:32:24,2024-02-04 07:04:35
CONT2024000897,2024-01-21 17:36:52,2024-02-04 07:14:00
CONT2024000898,2024-01-22 06:29:25,2024-02-04 08:29:10
CONT2024000899,2024-01-27 11:43:30,2024-01-28 06:48:45
CONT2024000900,2024-01-25 06:59:54,2024-02-03 16:31:30
CONT2024000901,2024-01-30 00:59:25,2024-01-31 12:07:13
CONT2024000902,2024-01-31 07:18:32,
CONT2024000903,2024-01-28 19:10:45,2024-01-30 05:29:16
CONT2024000904,2024-01-29 08:45:24,2024-01-30 02:36:43
CONT2024000905,2024-01-29 09:20:24,2024-01-29 16:06:27
CONT2024000906,2024-01-29 03:18:28,2024-01-29 11:50:25
CONT2024000907,2024-01-25 14:52:10,
CONT2024000908,2024-01-31 03:19:49,2024-02-04 11:15:19
CONT2024000909,2024-01-24 22:23:41,2024-01-25 16:26:59
CONT2024000910,2024-01-23 19:23:11,2024-01-24 15:06:17
CONT2024000911,2024-02-01 20:52:08,2024-02-05 01:03:09
CONT2024000912,2024-01-23 06:43:20,
CONT2024000913,2024-01-29 10:42:19,2024-02-04 23:22:51
CONT2024000914,2024-01-26 18:00:55,2024-02-04 10:20:13
CONT2024000915,2024-01-31 01:41:03,2024-01-31 11:07:55
CONT2024000916,2024-01-28 04:57:07,
CONT2024000917,2024-01-30 11:07:33,2024-01-31 16:08:30
CONT2024000918,2024-01-25 21:19:18,2024-01-26 13:07:07
CONT2024000919,2024-01-25 21:16:59,2024-02-05 08:35:27
CONT2024000920,2024-01-22 16:47:42,2024-02-04 07:19:41
CONT2024000921,2024-01-23 02:53:37,2024-01-24 08:45:40
CONT2024000922,2024-01-29 22:55:07,2024-02-04 06:31:47
CONT2024000923,2024-02-01 09:40:56,2024-02-04 05:20:36
CONT2024000924,2024-01-31 17:20:12,2024-02-05 12:11:34
CONT2024000925,2024-01-31 05:28:37,2024-02-04 16:18:14
CONT2024000926,2024-01-24 00:48:42,2024-02-04 20:25:43
CONT2024000927,2024-01-30 18:44:38,2024-02-04 11:27:56
CONT2024000928,2024-02-01 07:13:30,2024-02-01 23:53:51
CONT2024000929,2024-01-30 08:53:05,2024-01-31 06:04:01
CONT2024000930,2024-01-27 23:29:48,2024-02-05 05:41:53
CONT2024000931,2024-01-25 19:01:07,2024-02-05 10:29:15
CONT2024000932,2024-02-02 10:41:43,2024-02-05 13:39:07
CONT2024000933,2024-02-02 06:27:09,2024-02-03 13:09:11
CONT2024000934,2024-02-02 06:05:49,
CONT2024000935,2024-01-31 20:27:36,2024-02-05 08:11:09
CONT2024000936,2024-02-01 13:14:57,2024-02-02 15:30:20
CONT2024000937,2024-01-29 00:31:14,
CONT2024000938,2024-01-26 06:21:14,2024-01-26 22:20:35
CONT2024000939,2024-01-27 16:56:03,2024-02-05 09:32:00
CONT2024000940,2024-01-28 03:31:28,
CONT2024000941,2024-01-31 07:59:36,2024-02-05 07:44:48
CONT2024000942,2024-01-29 13:43:16,2024-01-30 15:33:20
CONT2024000943,2024-01-27 15:41:17,2024-01-28 19:09:46
CONT2024000944,2024-01-24 01:03:09,2024-02-04 16:34:00
CONT2024000945,2024-01-29 09:34:25,2024-02-05 00:25:47
CONT2024000946,2024-01-27 06:16:52,2024-02-05 06:27:41
CONT2024000947,2024-02-01 04:52:11,
CONT2024000948,2024-01-23 08:40:22,2024-01-24 06:14:02
CONT2024000949,2024-01-28 21:52:06,2024-02-06 03:04:28
CONT2024000950,2024-01-23 22:35:47,
CONT2024000951,2024-01-26 22:15:08,2024-02-05 18:20:57
CONT2024000952,2024-01-28 11:42:05,2024-01-29 15:12:41
CONT2024000953,2024-01-25 14:30:48,2024-01-26 06:14:16
CONT2024000954,2024-01-30 06:17:03,2024-02-05 08:06:01
CONT2024000955,2024-02-02 14:47:57,2024-02-05 21:04:47
CONT2024000956,2024-01-23 15:18:21,2024-01-24 10:35:50
CONT2024000957,2024-01-25 03:13:05,2024-02-05 21:27:00
CONT2024000958,2024-01-23 17:18:06,
CONT2024000959,2024-01-31 05:30:54,2024-01-31 18:44:50
CONT2024000960,2024-01-23 22:23:54,2024-01-24 11:46:21
CONT2024000961,2024-01-23 03:29:17,2024-02-05 15:13:36
CONT2024000962,2024-01-27 13:45:07,2024-02-05 18:58:15
CONT2024000963,2024-01-23 13:05:04,2024-01-23 23:52:16
CONT2024000964,2024-01-25 01:05:38,2024-01-25 20:04:43
CONT2024000965,2024-01-25 06:24:38,2024-02-06 05:51:20
CONT2024000966,2024-01-27 00:07:32,2024-01-27 17:31:08
CONT2024000967,2024-01-31 17:52:47,2024-02-01 09:03:37
CONT2024000968,2024-01-25 07:33:45,2024-02-05 22:30:28
CONT2024000969,2024-02-01 10:13:58,2024-02-02 03:51:36
CONT2024000970,2024-01-28 11:28:21,2024-02-05 01:32:25
CONT2024000971,2024-01-27 00:07:57,2024-01-27 16:48:36
CONT2024000972,2024-01-26 14:02:57,2024-02-05 16:05:07
CONT2024000973,2024-01-23 11:23:19,2024-02-04 22:40:50
CONT2024000974,2024-01-30 12:47:24,2024-01-31 04:39:33
CONT2024000975,2024-01-31 21:53:51,2024-02-01 14:48:21
CONT2024000976,2024-01-30 13:40:43,
CONT2024000977,2024-02-01 23:44:18,2024-02-05 18:49:33
CONT2024000978,2024-01-29 00:05:23,
CONT2024000979,2024-02-01 17:59:29,2024-02-02 03:55:49
CONT2024000980,2024-02-02 07:03:44,2024-02-03 13:32:24
CONT2024000981,2024-01-28 22:29:34,2024-02-05 09:28:20
CONT2024000982,2024-02-01 18:58:24,2024-02-05 15:53:57
CONT2024000983,2024-02-02 18:28:34,2024-02-06 00:43:31
CONT2024000984,2024-01-29 14:25:42,2024-02-06 11:45:17
CONT2024000985,2024-01-31 08:48:00,2024-02-05 18:44:26
CONT2024000986,2024-01-31 11:43:44,2024-02-06 16:39:14
CONT2024000987,2024-01-24 08:42:13,
CONT2024000988,2024-01-27 17:15:49,2024-02-05 05:01:52
CONT2024000989,2024-01-31 19:15:30,2024-02-05 11:28:53
CONT2024000990,2024-01-31 03:43:02,2024-01-31 15:23:14
CONT2024000991,2024-01-29 14:13:30,2024-01-30 01:11:10
CONT2024000992,2024-01-30 09:52:13,2024-01-30 19:41:55
CONT2024000993,2024-01-24 10:00:48,2024-01-25 19:27:03
CONT2024000994,2024-01-26 00:25:15,2024-01-26 18:13:47
CONT2024000995,2024-01-25 12:32:27,2024-01-26 05:35:25
CONT2024000996,2024-01-24 16:30:32,2024-01-25 12:44:01
CONT2024000997,2024-01-28 10:30:29,2024-01-29 11:56:49
CONT2024000998,2024-01-23 11:17:05,2024-02-05 06:01:34
CONT2024000999,2024-01-23 18:51:23,2024-01-24 18:27:03
CONT2024001000,2024-01-31 17:27:45,2024-02-01 15:57:30
CONT2024001001,2024-01-29 01:30:01,2024-02-06 15:32:47
CONT2024001002,2024-01-29 12:04:57,
CONT2024001003,2024-01-27 17:23:12,
CONT2024001004,2024-02-02 08:44:54,2024-02-05 23:58:02
CONT2024001005,2024-01-30 22:39:01,2024-02-06 13:49:31
CONT2024001006,2024-01-27 12:36:18,2024-02-06 20:43:01
CONT2024001007,2024-01-27 05:39:38,2024-01-28 12:18:04
CONT2024001008,2024-01-27 08:50:56,
CONT2024001009,2024-01-26 06:34:22,2024-02-06 18:53:09
CONT2024001010,2024-01-31 09:53:01,2024-02-06 13:45:27
CONT2024001011,2024-01-25 07:06:36,2024-02-07 06:44:02
CONT2024001012,2024-02-02 19:05:32,2024-02-03 14:01:19
CONT2024001013,2024-01-29 06:16:49,2024-01-30 11:38:46
CONT2024001014,2024-01-25 01:27:50,2024-01-25 13:20:59
CONT2024001015,2024-01-30 15:02:03,2024-02-06 20:03:31
CONT2024001016,2024-01-25 10:41:21,
CONT2024001017,2024-01-25 16:12:46,2024-01-26 15:47:08
CONT2024001018,2024-01-27 01:04:51,
CONT2024001019,2024-01-28 20:50:14,2024-02-07 02:46:15
CONT2024001020,2024-01-31 07:08:21,
CONT2024001021,2024-02-01 23:44:15,2024-02-06 09:18:21
CONT2024001022,2024-01-28 06:30:51,2024-01-29 06:36:31
CONT2024001023,2024-01-27 20:06:44,
CONT2024001024,2024-01-29 17:09:56,
CONT2024001025,2024-01-28 21:11:57,2024-01-30 06:57:40
CONT2024001026,2024-01-25 00:07:22,2024-02-06 17:25:50
CONT2024001027,2024-01-30 12:03:37,2024-02-06 08:01:29
CONT2024001028,2024-01-26 03:44:14,2024-01-27 17:56:22
CONT2024001029,2024-01-30 06:36:46,2024-01-30 13:53:35
CONT2024001030,2024-01-29 14:19:17,2024-02-07 10:52:28
CONT2024001031,2024-02-05 02:09:27,2024-02-07 17:13:50
CONT2024001032,2024-02-03 02:57:50,2024-02-04 00:21:12
CONT2024001033,2024-01-25 20:03:49,2024-02-07 20:22:08
CONT2024001034,2024-01-31 23:36:07,2024-02-01 13:08:58
CONT2024001035,2024-02-02 17:28:45,2024-02-03 17:36:24
CONT2024001036,2024-02-04 00:12:05,2024-02-09 08:08:05
CONT2024001037,2024-01-31 00:57:58,
CONT2024001038,2024-01-30 09:14:31,2024-02-09 02:55:12
CONT2024001039,2024-02-02 05:55:36,2024-02-03 11:46:03
CONT2024001040,2024-02-01 11:31:34,2024-02-09 05:12:43
CONT2024001041,2024-02-04 15:20:31,2024-02-09 15:28:37
CONT2024001042,2024-02-05 19:07:49,2024-02-06 14:03:24
CONT2024001043,2024-02-04 18:55:28,2024-02-09 11:53:48
CONT2024001044,2024-02-04 18:38:35,2024-02-05 13:30:40
CONT2024001045,2024-02-03 18:30:44,2024-02-04 15:10:04
CONT2024001046,2024-02-02 08:15:46,2024-02-09 18:28:42
CONT2024001047,2024-01-30 08:18:12,2024-02-09 08:39:59
CONT2024001048,2024-01-29 08:57:58,2024-01-30 08:31:06
CONT2024001049,2024-02-01 11:40:46,2024-02-10 01:06:38
CONT2024001050,2024-01-27 23:37:05,2024-02-08 17:26:18
CONT2024001051,2024-02-01 13:22:19,
CONT2024001052,2024-01-27 05:44:12,2024-02-09 09:34:24
CONT2024001053,2024-01-29 18:02:08,2024-02-08 22:02:56
CONT2024001054,2024-01-27 20:11:00,
CONT2024001055,2024-02-01 22:48:34,2024-02-11 15:50:19
CONT2024001056,2024-01-29 08:27:53,2024-02-10 14:41:53
CONT2024001057,2024-01-30 02:02:51,2024-02-10 11:12:27
CONT2024001058,2024-02-06 18:32:13,
CONT2024001059,2024-01-29 19:05:48,2024-02-10 07:38:02
CONT2024001060,2024-02-03 21:04:31,2024-02-04 16:31:19
CONT2024001061,2024-02-01 23:05:44,2024-02-03 02:29:53
CONT2024001062,2024-01-29 20:59:20,2024-01-30 14:43:08
CONT2024001063,2024-02-02 23:32:46,
CONT2024001064,2024-01-31 03:17:14,
CONT2024001065,2024-02-05 16:31:44,2024-02-10 14:24:09
CONT2024001066,2024-02-06 07:35:39,2024-02-07 15:13:45
CONT2024001067,2024-02-01 12:57:47,2024-02-02 17:57:53
CONT2024001068,2024-02-04 08:19:00,2024-02-10 07:26:30
CONT2024001069,2024-01-29 20:08:52,2024-01-30 11:58:44
CONT2024001070,2024-02-05 04:43:55,2024-02-10 05:57:24
CONT2024001071,2024-01-28 12:59:28,2024-02-11 05:51:49
CONT2024001072,2024-01-31 14:47:40,
CONT2024001073,2024-02-05 10:14:29,2024-02-10 14:12:09
CONT2024001074,2024-02-07 15:45:27,2024-02-08 08:20:42
CONT2024001075,2024-02-05 13:37:08,2024-02-06 02:43:16
CONT2024001076,2024-02-07 20:55:33,2024-02-08 22:13:43
CONT2024001077,2024-02-01 21:18:36,2024-02-10 18:15:43
CONT2024001078,2024-02-02 17:24:56,2024-02-03 00:00:55
CONT2024001079,2024-02-03 09:26:24,2024-02-03 20:49:50
CONT2024001080,2024-02-05 16:26:40,2024-02-10 15:09:02
CONT2024001081,2024-02-01 07:25:56,2024-02-10 18:22:21
CONT2024001082,2024-02-03 15:39:21,2024-02-10 11:58:40
CONT2024001083,2024-02-03 08:06:20,2024-02-11 16:53:29
CONT2024001084,2024-01-28 15:30:05,2024-02-10 22:48:19
CONT2024001085,2024-02-02 02:19:01,
CONT2024001086,2024-02-06 01:29:26,
CONT2024001087,2024-01-28 16:08:09,
CONT2024001088,2024-02-08 02:29:40,2024-02-11 21:27:16
CONT2024001089,2024-02-04 19:53:45,
CONT2024001090,2024-02-04 18:57:13,2024-02-05 17:09:39
CONT2024001091,2024-02-01 16:56:39,
CONT2024001092,2024-02-08 13:36:46,2024-02-11 23:24:07
CONT2024001093,2024-02-05 11:57:24,
CONT2024001094,2024-02-03 02:42:25,2024-02-03 17:37:16
CONT2024001095,2024-02-05 21:28:40,2024-02-07 03:15:04
CONT2024001096,2024-02-04 22:01:17,2024-02-11 23:36:40
CONT2024001097,2024-02-08 04:45:15,2024-02-08 16:38:43
CONT2024001098,2024-02-03 17:58:41,2024-02-12 00:30:12
CONT2024001099,2024-01-31 05:53:12,2024-02-11 18:19:04
CONT2024001100,2024-02-01 19:29:44,2024-02-02 13:04:41
CONT2024001101,2024-02-06 18:26:55,2024-02-11 21:59:39
CONT2024001102,2024-01-29 07:31:21,2024-01-30 11:26:01
CONT2024001103,2024-02-07 01:30:41,2024-02-07 20:13:49
CONT2024001104,2024-01-29 15:14:07,
CONT2024001105,2024-02-05 13:42:14,2024-02-06 11:43:28
CONT2024001106,2024-01-29 14:40:01,2024-01-30 21:44:00
CONT2024001107,2024-02-09 02:47:40,2024-02-11 21:04:17
CONT2024001108,2024-02-04 22:56:40,2024-02-11 11:10:05
CONT2024001109,2024-02-03 00:38:15,2024-02-12 09:41:23
CONT2024001110,2024-02-04 01:31:31,2024-02-11 05:54:26
CONT2024001111,2024-02-01 22:17:36,
CONT2024001112,2024-02-08 23:02:23,2024-02-12 07:57:03
CONT2024001113,2024-02-03 01:34:27,2024-02-12 03:28:45
CONT2024001114,2024-01-29 06:22:40,2024-02-12 05:51:09
CONT2024001115,2024-02-04 15:25:39,
CONT2024001116,2024-01-29 21:58:38,2024-01-31 01:15:45
CONT2024001117,2024-01-29 22:19:16,2024-01-30 21:57:08
CONT2024001118,2024-02-08 16:49:19,2024-02-09 01:41:17
CONT2024001119,2024-02-03 17:41:18,2024-02-12 11:14:41
CONT2024001120,2024-02-03 02:18:18,2024-02-03 08:53:06
CONT2024001121,2024-02-02 02:46:58,
CONT2024001122,2024-01-30 12:32:06,2024-02-12 01:54:47
CONT2024001123,2024-02-07 01:14:53,2024-02-12 05:04:44
CONT2024001124,2024-02-09 00:06:53,2024-02-10 08:26:52
CONT2024001125,2024-02-04 09:47:37,
CONT2024001126,2024-02-06 14:29:54,2024-02-12 05:23:45
CONT2024001127,2024-02-05 09:52:51,2024-02-06 09:30:57
CONT2024001128,2024-02-06 06:49:04,2024-02-12 05:09:33
CONT2024001129,2024-02-05 14:12:14,
CONT2024001130,2024-02-08 01:53:35,2024-02-12 15:39:58
CONT2024001131,2024-02-02 22:28:45,2024-02-11 12:52:57
CONT2024001132,2024-01-31 07:02:22,2024-01-31 15:56:31
CONT2024001133,2024-01-31 17:07:20,2024-01-31 23:58:35
CONT2024001134,2024-02-04 18:47:45,2024-02-13 22:15:33
CONT2024001135,2024-02-03 07:21:16,2024-02-13 20:07:37
CONT2024001136,2024-02-04 04:13:44,2024-02-14 19:53:22
CONT2024001137,2024-02-05 05:49:44,2024-02-14 00:33:33
CONT2024001138,2024-02-03 19:43:23,2024-02-04 16:02:06
CONT2024001139,2024-02-06 23:29:14,2024-02-08 07:08:45
CONT2024001140,2024-02-05 01:37:18,2024-02-05 17:05:02
CONT2024001141,2024-02-01 06:58:24,
CONT2024001142,2024-02-07 11:07:27,2024-02-15 04:13:25
CONT2024001143,2024-02-08 08:26:47,
CONT2024001144,2024-02-08 10:32:04,2024-02-13 12:42:28
CONT2024001145,2024-02-09 23:49:58,2024-02-13 15:55:44
CONT2024001146,2024-02-09 22:08:14,2024-02-10 08:43:33
CONT2024001147,2024-02-02 12:08:53,2024-02-14 05:29:02
CONT2024001148,2024-02-01 16:05:18,2024-02-02 17:47:50
CONT2024001149,2024-02-04 07:56:06,2024-02-05 13:53:02
CONT2024001150,2024-02-01 16:11:34,2024-02-02 21:01:46
CONT2024001151,2024-02-01 16:37:14,2024-02-14 02:22:47
CONT2024001152,2024-02-07 13:54:38,2024-02-13 18:51:45
CONT2024001153,2024-02-05 14:40:45,
CONT2024001154,2024-02-05 05:05:38,2024-02-06 18:03:16
CONT2024001155,2024-02-04 01:48:26,2024-02-05 08:40:40
CONT2024001156,2024-01-31 11:32:36,2024-02-01 16:28:31
CONT2024001157,2024-02-08 12:22:29,
CONT2024001158,2024-02-09 09:46:23,2024-02-10 05:13:07
CONT2024001159,2024-02-07 20:03:54,
CONT2024001160,2024-02-03 23:49:42,2024-02-14 04:51:18
CONT2024001161,2024-02-04 10:28:21,2024-02-05 05:39:24
CONT2024001162,2024-02-07 00:03:06,2024-02-13 22:54:57
CONT2024001163,2024-02-09 06:54:55,2024-02-09 21:23:26
CONT2024001164,2024-02-02 13:50:26,2024-02-02 17:50:26
CONT2024001165,2024-02-03 19:26:08,2024-02-12 21:52:24
CONT2024001166,2024-02-03 16:00:29,2024-02-03 20:00:29
CONT2024001167,2024-02-11 01:17:15,2024-02-11 21:02:29
CONT2024001168,2024-01-31 19:38:03,2024-02-01 09:55:07
CONT2024001169,2024-02-03 08:38:06,2024-02-14 18:21:55
CONT2024001170,2024-02-10 01:46:44,2024-02-11 09:55:04
CONT2024001171,2024-02-03 00:26:17,2024-02-04 00:00:03
CONT2024001172,2024-02-10 22:38:40,2024-02-11 18:08:38
CONT2024001173,2024-02-11 14:22:45,2024-02-12 12:56:14
CONT2024001174,2024-02-05 16:54:57,2024-02-15 14:01:36
CONT2024001175,2024-02-09 02:38:47,2024-02-10 10:51:49
CONT2024001176,2024-02-07 07:50:27,2024-02-08 12:39:42
CONT2024001177,2024-02-03 05:46:35,2024-02-14 23:02:06
CONT2024001178,2024-02-01 04:55:11,
CONT2024001179,2024-02-04 05:04:02,2024-02-05 02:19:08
CONT2024001180,2024-02-01 03:07:21,2024-02-14 00:00:17
CONT2024001181,2024-02-09 15:51:07,
CONT2024001182,2024-02-03 10:57:48,2024-02-15 04:05:43
CONT2024001183,2024-02-08 08:00:32,2024-02-14 03:43:02
CONT2024001184,2024-02-09 17:07:14,2024-02-14 16:49:56
CONT2024001185,2024-02-01 11:49:02,2024-02-14 10:21:01
CONT2024001186,2024-02-06 20:16:51,2024-02-15 00:09:30
CONT2024001187,2024-02-10 17:38:05,2024-02-11 23:10:18
CONT2024001188,2024-02-05 14:21:34,
CONT2024001189,2024-02-11 11:39:39,2024-02-12 15:07:35
CONT2024001190,2024-02-10 01:08:41,2024-02-10 17:43:32
CONT2024001191,2024-02-01 09:21:56,2024-02-14 10:51:34
CONT2024001192,2024-02-06 03:03:06,2024-02-15 01:12:30
CONT2024001193,2024-02-03 17:19:06,2024-02-14 18:07:46
CONT2024001194,2024-02-10 14:53:51,2024-02-10 21:16:25
CONT2024001195,2024-02-03 03:02:44,2024-02-03 09:35:30
CONT2024001196,2024-02-03 18:51:22,2024-02-14 17:56:56
CONT2024001197,2024-02-05 02:45:32,2024-02-15 03:46:57
CONT2024001198,2024-02-08 04:53:36,2024-02-14 18:18:43
CONT2024001199,2024-02-05 14:10:49,2024-02-15 03:33:08
CONT2024001200,2024-02-02 12:11:39,2024-02-03 02:19:40
CONT2024001201,2024-02-10 00:45:48,
CONT2024001202,2024-02-02 13:36:42,2024-02-03 11:37:17
CONT2024001203,2024-02-10 13:39:05,2024-02-14 16:51:46
CONT2024001204,2024-02-12 18:34:40,2024-02-13 08:39:36
CONT2024001205,2024-02-11 06:46:59,
CONT2024001206,2024-02-02 10:43:25,
CONT2024001207,2024-02-12 05:13:53,2024-02-16 07:28:14
CONT2024001208,2024-02-13 17:48:30,2024-02-15 18:36:27
CONT2024001209,2024-02-08 09:02:51,
CONT2024001210,2024-02-04 22:45:53,2024-02-16 13:09:00
CONT2024001211,2024-02-12 20:10:32,2024-02-16 04:12:18
CONT2024001212,2024-02-09 14:39:13,2024-02-15 22:01:59
CONT2024001213,2024-02-03 05:58:55,2024-02-04 00:19:54
CONT2024001214,2024-02-05 08:07:38,2024-02-06 01:52:03
CONT2024001215,2024-02-04 02:14:56,2024-02-04 13:12:07
CONT2024001216,2024-02-11 03:41:49,2024-02-16 09:40:08
CONT2024001217,2024-02-04 05:37:20,2024-02-17 20:52:46
CONT2024001218,2024-02-08 02:08:18,2024-02-08 18:54:30
CONT2024001219,2024-02-06 07:34:25,2024-02-07 03:36:59
CONT2024001220,2024-02-05 06:07:18,2024-02-06 05:54:12
CONT2024001221,2024-02-08 09:30:33,
CONT2024001222,2024-02-07 15:18:22,
CONT2024001223,2024-02-08 00:34:14,
CONT2024001224,2024-02-06 23:12:51,2024-02-18 21:35:06
CONT2024001225,2024-02-07 08:46:46,2024-02-07 16:22:59
CONT2024001226,2024-02-12 04:43:57,2024-02-18 15:45:52
CONT2024001227,2024-02-12 17:09:44,2024-02-13 02:54:31
CONT2024001228,2024-02-11 04:45:12,2024-02-12 10:29:14
CONT2024001229,2024-02-05 14:55:24,2024-02-19 03:43:57
CONT2024001230,2024-02-15 23:32:48,2024-02-18 19:59:45
CONT2024001231,2024-02-14 01:58:22,2024-02-17 14:22:50
CONT2024001232,2024-02-10 16:55:53,2024-02-11 09:10:39
CONT2024001233,2024-02-12 06:08:46,2024-02-12 16:32:54
CONT2024001234,2024-02-14 17:46:27,2024-02-18 15:35:47
CONT2024001235,2024-02-05 04:23:51,2024-02-18 11:19:35
CONT2024001236,2024-02-11 05:56:10,2024-02-18 19:18:34
CONT2024001237,2024-02-12 02:42:29,2024-02-13 01:37:08
CONT2024001238,2024-02-12 15:16:21,2024-02-13 13:27:44
CONT2024001239,2024-02-13 14:17:18,2024-02-19 02:56:39
CONT2024001240,2024-02-08 10:03:29,
CONT2024001241,2024-02-06 18:57:14,2024-02-08 04:43:16
CONT2024001242,2024-02-09 08:20:34,
CONT2024001243,2024-02-16 08:36:01,2024-02-19 10:24:30
CONT2024001244,2024-02-15 07:17:12,
CONT2024001245,2024-02-13 10:47:01,2024-02-13 20:11:59
CONT2024001246,2024-02-06 11:33:32,2024-02-18 21:18:38
CONT2024001247,2024-02-08 05:14:23,2024-02-08 20:50:05
CONT2024001248,2024-02-11 19:07:41,2024-02-19 12:51:48
CONT2024001249,2024-02-08 05:13:06,2024-02-18 18:21:26
CONT2024001250,2024-02-13 14:57:58,2024-02-14 00:50:36
CONT2024001251,2024-02-08 03:17:01,2024-02-09 03:16:59
CONT2024001252,2024-02-15 05:32:46,2024-02-19 22:16:32
CONT2024001253,2024-02-14 02:07:50,
CONT2024001254,2024-02-13 16:49:24,2024-02-14 20:17:37
CONT2024001255,2024-02-12 15:02:59,2024-02-20 05:58:19
CONT2024001256,2024-02-13 19:25:26,2024-02-15 02:02:41
CONT2024001257,2024-02-07 02:08:21,2024-02-18 21:41:59
CONT2024001258,2024-02-09 16:15:30,
CONT2024001259,2024-02-09 16:41:38,
CONT2024001260,2024-02-11 08:53:04,2024-02-19 23:02:57
CONT2024001261,2024-02-08 03:07:12,
CONT2024001262,2024-02-14 06:43:58,2024-02-19 09:10:34
CONT2024001263,2024-02-12 15:23:34,2024-02-18 23:43:51
CONT2024001264,2024-02-16 06:47:06,2024-02-20 05:29:17
CONT2024001265,2024-02-11 02:10:42,2024-02-11 17:24:31
CONT2024001266,2024-02-16 16:02:33,2024-02-17 08:11:11
CONT2024001267,2024-02-09 15:12:31,2024-02-20 00:46:04
CONT2024001268,2024-02-06 19:16:59,2024-02-19 11:22:40
CONT2024001269,2024-02-13 04:25:36,2024-02-13 22:08:03
CONT2024001270,2024-02-12 08:04:28,2024-02-12 21:12:06
CONT2024001271,2024-02-07 22:20:02,2024-02-08 07:38:15
CONT2024001272,2024-02-13 06:19:47,2024-02-20 21:12:30
CONT2024001273,2024-02-16 19:04:34,2024-02-21 04:37:25
CONT2024001274,2024-02-18 00:15:24,2024-02-21 00:05:15
CONT2024001275,2024-02-10 12:03:00,2024-02-21 09:32:28
CONT2024001276,2024-02-12 06:34:32,2024-02-20 04:40:09
CONT2024001277,2024-02-10 13:53:02,2024-02-11 13:03:35
CONT2024001278,2024-02-15 10:06:22,2024-02-20 10:22:21
CONT2024001279,2024-02-09 09:56:27,2024-02-10 17:56:55
CONT2024001280,2024-02-09 16:26:39,2024-02-20 14:26:33
CONT2024001281,2024-02-17 16:53:29,2024-02-18 03:17:15
CONT2024001282,2024-02-17 16:00:27,
CONT2024001283,2024-02-17 20:16:07,2024-02-18 10:42:18
CONT2024001284,2024-02-14 07:24:37,2024-02-21 18:12:26
CONT2024001285,2024-02-09 21:32:13,2024-02-11 03:26:36
CONT2024001286,2024-02-18 18:33:52,2024-02-23 02:25:59
CONT2024001287,2024-02-17 20:08:32,2024-02-18 07:19:23
CONT2024001288,2024-02-14 13:37:07,2024-02-15 14:39:26
CONT2024001289,2024-02-10 16:40:00,2024-02-22 16:15:20
CONT2024001290,2024-02-16 00:39:03,2024-02-16 23:36:01
CONT2024001291,2024-02-17 20:06:36,2024-02-18 16:27:33
CONT2024001292,2024-02-11 11:44:01,2024-02-22 01:53:27
CONT2024001293,2024-02-16 07:06:04,2024-02-23 02:05:11
CONT2024001294,2024-02-09 10:27:14,2024-02-10 05:10:38
CONT2024001295,2024-02-13 16:13:17,2024-02-13 20:13:17
CONT2024001296,2024-02-08 21:49:10,2024-02-09 13:29:46
CONT2024001297,2024-02-16 10:39:36,2024-02-17 02:34:58
CONT2024001298,2024-02-12 11:44:19,2024-02-23 14:12:36
CONT2024001299,2024-02-11 12:11:10,2024-02-23 03:21:59
CONT2024001300,2024-02-17 06:33:16,
CONT2024001301,2024-02-10 10:23:19,2024-02-10 19:32:31
CONT2024001302,2024-02-13 11:43:00,2024-02-22 19:34:54
CONT2024001303,2024-02-13 01:03:26,2024-02-13 09:03:11
CONT2024001304,2024-02-09 18:31:09,2024-02-10 12:39:57
CONT2024001305,2024-02-15 23:01:24,2024-02-22 05:11:14
CONT2024001306,2024-02-17 10:06:25,
CONT2024001307,2024-02-13 05:01:19,
CONT2024001308,2024-02-12 20:50:14,
CONT2024001309,2024-02-15 02:40:47,
CONT2024001310,2024-02-16 18:34:48,2024-02-22 17:43:47
CONT2024001311,2024-02-11 08:31:06,2024-02-22 19:04:20
CONT2024001312,2024-02-12 00:44:52,
CONT2024001313,2024-02-18 14:11:11,2024-02-22 18:09:36
CONT2024001314,2024-02-10 12:12:13,2024-02-23 00:35:28
CONT2024001315,2024-02-14 16:18:02,
CONT2024001316,2024-02-16 05:18:04,2024-02-16 22:26:11
CONT2024001317,2024-02-19 02:23:38,2024-02-22 19:09:36
CONT2024001318,2024-02-11 18:33:43,2024-02-12 20:16:17
CONT2024001319,2024-02-17 06:36:24,2024-02-17 19:00:03
CONT2024001320,2024-02-11 05:11:30,2024-02-22 21:04:33
CONT2024001321,2024-02-17 10:51:57,2024-02-23 11:22:29
CONT2024001322,2024-02-14 12:08:22,2024-02-15 15:46:57
CONT2024001323,2024-02-14 02:52:27,2024-02-15 01:27:33
CONT2024001324,2024-02-13 06:02:28,2024-02-23 09:21:44
CONT2024001325,2024-02-09 06:13:16,2024-02-10 02:33:41
CONT2024001326,2024-02-12 18:10:33,2024-02-22 12:18:25
CONT2024001327,2024-02-11 07:41:29,2024-02-23 01:24:07
CONT2024001328,2024-02-11 18:53:23,2024-02-12 16:19:22
CONT2024001329,2024-02-13 14:08:28,2024-02-14 21:46:48
CONT2024001330,2024-02-12 17:21:58,2024-02-22 09:13:10
CONT2024001331,2024-02-13 13:07:37,2024-02-14 13:12:00
CONT2024001332,2024-02-13 06:07:43,
CONT2024001333,2024-02-14 19:25:13,2024-02-15 19:10:21
CONT2024001334,2024-02-13 21:48:04,
CONT2024001335,2024-02-17 07:21:55,2024-02-21 19:20:53
CONT2024001336,2024-02-18 21:21:31,2024-02-23 00:43:47
CONT2024001337,2024-02-14 04:16:24,2024-02-22 21:29:11
CONT2024001338,2024-02-18 20:49:51,2024-02-22 08:11:51
CONT2024001339,2024-02-14 14:30:10,2024-02-15 16:19:23
CONT2024001340,2024-02-18 11:53:02,2024-02-19 05:37:59
CONT2024001341,2024-02-17 23:19:53,2024-02-18 13:23:49
CONT2024001342,2024-02-14 21:37:54,2024-02-22 09:26:03
CONT2024001343,2024-02-09 18:24:43,2024-02-10 23:42:34
CONT2024001344,2024-02-11 17:15:51,2024-02-13 00:09:17
CONT2024001345,2024-02-13 05:44:27,
CONT2024001346,2024-02-19 02:49:13,
CONT2024001347,2024-02-18 07:14:02,2024-02-23 04:48:09
CONT2024001348,2024-02-10 06:02:25,2024-02-23 02:02:56
CONT2024001349,2024-02-18 15:33:42,2024-02-19 18:14:54
CONT2024001350,2024-02-19 12:03:13,
CONT2024001351,2024-02-15 05:42:25,2024-02-16 06:48:46
CONT2024001352,2024-02-15 23:38:54,2024-02-24 23:04:07
CONT2024001353,2024-02-13 06:15:55,2024-02-14 16:22:40
CONT2024001354,2024-02-22 01:02:47,2024-02-25 17:11:45
CONT2024001355,2024-02-20 02:30:49,2024-02-20 15:34:37
CONT2024001356,2024-02-14 12:35:46,2024-02-15 02:43:52
CONT2024001357,2024-02-20 13:33:07,2024-02-25 03:21:28
CONT2024001358,2024-02-17 11:46:44,2024-02-18 00:37:18
CONT2024001359,2024-02-16 07:49:18,2024-02-25 12:09:35
CONT2024001360,2024-02-15 04:09:15,2024-02-15 21:12:46
CONT2024001361,2024-02-13 01:31:06,2024-02-25 14:05:00
CONT2024001362,2024-02-15 04:32:09,2024-02-16 07:58:27
CONT2024001363,2024-02-19 20:13:17,2024-02-25 03:28:30
CONT2024001364,2024-02-13 15:30:29,
CONT2024001365,2024-02-16 22:27:54,2024-02-24 21:05:31
CONT2024001366,2024-02-16 16:42:57,2024-02-26 00:19:51
CONT2024001367,2024-02-14 07:13:48,2024-02-14 14:12:56
CONT2024001368,2024-02-12 08:51:43,2024-02-13 09:08:07
CONT2024001369,2024-02-22 17:55:32,2024-02-23 23:12:12
CONT2024001370,2024-02-16 17:57:13,2024-02-17 03:21:46
CONT2024001371,2024-02-20 06:14:23,2024-02-21 03:27:43
CONT2024001372,2024-02-12 07:37:55,2024-02-12 23:07:34
CONT2024001373,2024-02-15 07:17:26,2024-02-26 08:34:51
CONT2024001374,2024-02-15 18:36:18,2024-02-25 19:06:24
CONT2024001375,2024-02-19 05:10:35,2024-02-19 13:48:12
CONT2024001376,2024-02-19 23:55:50,2024-02-25 08:11:22
CONT2024001377,2024-02-21 18:03:04,2024-02-25 14:32:19
CONT2024001378,2024-02-22 16:04:42,2024-02-23 07:04:25
CONT2024001379,2024-02-17 23:59:57,2024-02-19 04:15:20
CONT2024001380,2024-02-19 05:03:04,2024-02-26 08:57:10
CONT2024001381,2024-02-22 15:47:04,2024-02-25 02:04:02
CONT2024001382,2024-02-22 21:23:57,
CONT2024001383,2024-02-15 22:52:02,2024-02-16 15:13:13
CONT2024001384,2024-02-14 20:20:22,2024-02-15 20:59:56
CONT2024001385,2024-02-15 20:56:38,2024-02-16 17:05:54
CONT2024001386,2024-02-19 04:52:14,2024-02-26 20:51:26
CONT2024001387,2024-02-23 00:52:21,2024-02-25 20:12:04
CONT2024001388,2024-02-22 02:43:57,2024-02-26 11:43:42
CONT2024001389,2024-02-20 19:40:47,
CONT2024001390,2024-02-21 02:24:54,2024-02-22 13:15:47
CONT2024001391,2024-02-15 16:55:20,
CONT2024001392,2024-02-12 16:55:46,
CONT2024001393,2024-02-18 23:14:37,2024-02-20 02:31:01
CONT2024001394,2024-02-14 11:36:01,2024-02-15 01:27:01
CONT2024001395,2024-02-13 05:59:15,2024-02-13 17:05:48
CONT2024001396,2024-02-18 06:37:37,2024-02-26 09:21:01
CONT2024001397,2024-02-20 01:14:44,2024-02-21 06:52:51
CONT2024001398,2024-02-17 05:42:31,2024-02-18 20:53:55
CONT2024001399,2024-02-14 18:25:57,
CONT2024001400,2024-02-22 11:19:28,
CONT2024001401,2024-02-22 20:35:50,2024-02-23 02:27:42
CONT2024001402,2024-02-18 20:50:45,2024-02-26 13:19:15
CONT2024001403,2024-02-19 14:27:00,2024-02-20 08:03:50
CONT2024001404,2024-02-14 15:33:03,
CONT2024001405,2024-02-14 13:49:54,2024-02-27 03:40:09
CONT2024001406,2024-02-19 23:30:33,2024-02-26 10:31:49
CONT2024001407,2024-02-14 09:38:23,
CONT2024001408,2024-02-22 00:59:27,2024-02-26 19:10:34
CONT2024001409,2024-02-21 12:56:46,2024-02-26 13:00:50
CONT2024001410,2024-02-22 23:52:18,2024-02-26 00:35:33
CONT2024001411,2024-02-14 22:37:49,2024-02-26 00:28:04
CONT2024001412,2024-02-15 15:11:00,2024-02-16 10:26:00
CONT2024001413,2024-02-19 07:11:20,2024-02-26 04:54:26
CONT2024001414,2024-02-17 17:56:41,
CONT2024001415,2024-02-20 08:13:12,2024-02-21 11:28:43
CONT2024001416,2024-02-21 17:49:39,2024-02-22 16:57:41
CONT2024001417,2024-02-21 07:19:52,2024-02-26 11:10:13
CONT2024001418,2024-02-17 18:51:37,2024-02-18 15:40:17
CONT2024001419,2024-02-22 18:56:29,2024-02-24 02:57:15
CONT2024001420,2024-02-15 00:16:18,2024-02-16 04:19:24
CONT2024001421,2024-02-14 04:28:00,2024-02-28 08:01:38
CONT2024001422,2024-02-15 16:54:52,2024-02-16 13:37:55
CONT2024001423,2024-02-17 16:53:35,2024-02-27 07:21:14
CONT2024001424,2024-02-17 18:32:29,2024-02-27 20:29:33
CONT2024001425,2024-02-23 08:27:18,2024-02-27 13:41:59
CONT2024001426,2024-02-20 11:14:09,2024-02-28 13:07:40
CONT2024001427,2024-02-25 05:17:22,2024-02-26 11:51:44
CONT2024001428,2024-02-22 12:05:09,2024-02-23 03:33:12
CONT2024001429,2024-02-18 06:29:14,2024-02-28 00:53:34
CONT2024001430,2024-02-15 17:03:48,2024-02-28 10:11:41
CONT2024001431,2024-02-15 08:52:15,2024-02-27 21:08:32
CONT2024001432,2024-02-17 16:12:00,
CONT2024001433,2024-02-23 12:42:19,2024-02-24 12:25:57
CONT2024001434,2024-02-16 18:49:57,
CONT2024001435,2024-02-22 12:51:50,2024-02-23 04:02:16
CONT2024001436,2024-02-24 16:12:47,2024-02-28 09:39:09
CONT2024001437,2024-02-15 00:07:15,2024-02-15 07:49:37
CONT2024001438,2024-02-14 21:58:10,2024-02-27 20:19:58
CONT2024001439,2024-02-19 15:11:54,
CONT2024001440,2024-02-23 15:19:12,2024-02-28 14:06:53
CONT2024001441,2024-02-17 11:02:39,
CONT2024001442,2024-02-22 06:34:25,2024-02-27 10:47:36
CONT2024001443,2024-02-15 22:14:03,2024-02-16 23:39:57
CONT2024001444,2024-02-18 10:50:06,2024-02-28 16:58:48
CONT2024001445,2024-02-14 19:09:52,2024-02-27 14:35:50
CONT2024001446,2024-02-18 15:38:15,2024-02-28 02:52:10
CONT2024001447,2024-02-24 20:05:21,2024-02-28 05:14:19
CONT2024001448,2024-02-16 20:21:33,2024-02-29 04:18:05
CONT2024001449,2024-02-15 08:20:43,
CONT2024001450,2024-02-16 07:16:33,2024-02-28 01:18:29
CONT2024001451,2024-02-17 17:25:17,2024-02-28 00:14:15
CONT2024001452,2024-02-21 04:49:24,2024-02-28 21:04:50
CONT2024001453,2024-02-21 00:38:16,2024-02-21 17:44:59
CONT2024001454,2024-02-15 16:55:56,2024-02-16 21:59:24
CONT2024001455,2024-02-24 18:41:40,2024-02-25 19:13:02
CONT2024001456,2024-02-17 01:10:05,2024-02-28 23:41:17
CONT2024001457,2024-02-22 14:40:58,2024-02-29 20:52:02
CONT2024001458,2024-02-20 05:34:05,2024-02-28 18:31:19
CONT2024001459,2024-02-20 14:09:35,
CONT2024001460,2024-02-19 01:21:12,2024-02-20 03:47:23
CONT2024001461,2024-02-22 13:05:14,2024-02-22 21:08:52
CONT2024001462,2024-02-18 16:41:19,2024-02-29 04:57:39
CONT2024001463,2024-02-24 15:07:00,2024-02-25 08:21:15
CONT2024001464,2024-02-23 08:28:18,
CONT2024001465,2024-02-20 09:27:59,2024-02-20 21:03:25
CONT2024001466,2024-02-20 04:59:47,2024-02-21 03:48:53
CONT2024001467,2024-02-16 07:36:30,2024-02-29 06:19:30
CONT2024001468,2024-02-20 07:50:03,2024-02-28 07:22:53
CONT2024001469,2024-02-23 09:38:41,
CONT2024001470,2024-02-17 00:03:42,2024-02-29 08:37:53
CONT2024001471,2024-02-22 11:22:07,2024-02-28 14:00:51
CONT2024001472,2024-02-20 18:03:21,2024-02-29 06:59:15
CONT2024001473,2024-02-19 00:07:33,2024-02-28 02:53:00
CONT2024001474,2024-02-22 13:29:56,2024-02-22 17:29:56
CONT2024001475,2024-02-18 01:09:42,2024-02-29 06:15:46
CONT2024001476,2024-02-26 05:04:14,2024-02-27 00:12:53
CONT2024001477,2024-02-18 15:24:24,2024-02-28 18:10:02
CONT2024001478,2024-02-18 00:56:21,
CONT2024001479,2024-02-17 15:20:15,2024-02-17 21:20:07
CONT2024001480,2024-02-21 12:57:52,2024-02-29 11:01:24
CONT2024001481,2024-02-25 18:15:26,
CONT2024001482,2024-02-23 19:36:46,2024-02-28 10:14:22
CONT2024001483,2024-02-18 14:04:05,2024-02-29 07:45:28
CONT2024001484,2024-02-22 22:58:38,2024-02-29 20:08:43
CONT2024001485,2024-02-24 06:51:12,2024-02-24 17:42:48
CONT2024001486,2024-02-23 02:15:53,2024-02-23 22:49:12
CONT2024001487,2024-02-21 03:22:24,2024-02-29 16:23:03
CONT2024001488,2024-02-26 13:21:36,2024-02-28 21:26:24
CONT2024001489,2024-02-15 09:20:25,2024-02-28 22:24:31
CONT2024001490,2024-02-26 11:01:35,2024-02-27 08:13:51
CONT2024001491,2024-02-22 22:21:04,2024-02-28 05:29:09
CONT2024001492,2024-02-18 05:53:07,
CONT2024001493,2024-02-24 21:29:37,2024-02-25 21:08:21
CONT2024001494,2024-02-24 06:26:09,2024-02-25 04:43:16
CONT2024001495,2024-02-23 21:01:23,2024-02-29 12:54:49
CONT2024001496,2024-02-20 02:03:56,2024-02-21 05:14:13
CONT2024001497,2024-02-26 03:44:04,2024-02-29 09:05:59
CONT2024001498,2024-02-18 17:14:09,2024-02-18 23:19:56
CONT2024001499,2024-02-25 15:56:04,2024-02-29 03:51:32
CONT2024001500,2024-02-26 07:33:33,2024-02-29 14:38:37
CONT2024001501,2024-02-26 11:24:12,2024-02-27 16:11:51
CONT2024001502,2024-02-21 15:13:15,2024-02-29 02:11:18
CONT2024001503,2024-02-17 21:01:13,
CONT2024001504,2024-02-23 22:33:53,2024-02-29 01:37:44
CONT2024001505,2024-02-22 19:30:37,2024-02-28 22:10:33
CONT2024001506,2024-02-16 03:19:42,2024-02-28 11:19:09
CONT2024001507,2024-02-20 00:15:43,2024-03-04 16:42:10
CONT2024001508,2024-02-24 15:13:31,2024-02-25 13:23:28
CONT2024001509,2024-02-27 08:00:00,2024-03-02 22:01:01
CONT2024001510,2024-02-21 17:24:52,2024-03-03 19:47:15
CONT2024001511,2024-02-27 22:50:02,2024-03-04 04:39:09
CONT2024001512,2024-02-27 22:57:50,2024-03-03 18:02:38
CONT2024001513,2024-02-22 23:27:11,
CONT2024001514,2024-02-19 23:10:02,2024-03-04 09:20:02
CONT2024001515,2024-02-20 13:08:35,
CONT2024001516,2024-02-26 17:11:47,
CONT2024001517,2024-02-25 08:17:48,2024-03-03 16:53:54
CONT2024001518,2024-02-25 04:18:42,2024-02-26 04:55:55
CONT2024001519,2024-02-19 06:35:30,2024-02-20 01:29:39
CONT2024001520,2024-02-26 20:34:47,2024-02-28 03:29:53
CONT2024001521,2024-02-24 02:14:11,2024-02-25 05:03:57
CONT2024001522,2024-02-22 00:43:41,2024-03-03 04:13:16
CONT2024001523,2024-02-19 15:45:00,2024-02-21 03:16:32
CONT2024001524,2024-02-22 09:15:34,2024-03-04 10:31:12
CONT2024001525,2024-02-23 16:34:46,2024-03-03 08:34:41
CONT2024001526,2024-02-20 05:27:03,
CONT2024001527,2024-02-27 04:57:29,2024-03-04 08:59:13
CONT2024001528,2024-02-21 07:16:28,2024-03-04 04:02:49
CONT2024001529,2024-02-26 14:11:40,2024-02-26 19:16:01
CONT2024001530,2024-02-21 18:50:04,2024-03-03 06:35:00
CONT2024001531,2024-02-21 18:00:41,2024-03-04 03:39:59
CONT2024001532,2024-02-28 04:13:10,
CONT2024001533,2024-03-01 05:34:46,2024-03-02 02:58:06
CONT2024001534,2024-02-21 19:07:40,
CONT2024001535,2024-03-01 07:22:26,2024-03-04 06:13:39
CONT2024001536,2024-02-29 00:51:22,
CONT2024001537,2024-02-19 03:41:41,2024-03-04 01:46:14
CONT2024001538,2024-02-21 02:22:12,2024-03-03 20:30:35
CONT2024001539,2024-02-24 00:41:19,2024-03-04 17:02:16
CONT2024001540,2024-02-23 10:02:13,2024-02-24 05:56:30
CONT2024001541,2024-02-25 04:33:44,
CONT2024001542,2024-02-25 05:00:56,2024-02-25 16:57:15
CONT2024001543,2024-02-28 22:56:12,2024-03-04 19:25:44
CONT2024001544,2024-02-25 00:40:38,2024-02-26 08:17:11
CONT2024001545,2024-02-26 05:29:15,2024-03-04 10:49:59
CONT2024001546,2024-02-26 01:56:33,2024-03-04 22:09:07
CONT2024001547,2024-02-24 05:13:45,2024-03-03 22:00:26
CONT2024001548,2024-02-22 04:34:52,2024-03-03 20:38:04
CONT2024001549,2024-02-19 15:59:40,2024-02-19 19:59:40
CONT2024001550,2024-02-25 00:36:36,2024-03-04 17:07:31
CONT2024001551,2024-02-22 04:20:01,2024-03-04 02:58:19
CONT2024001552,2024-02-23 06:17:39,2024-03-04 16:42:11
CONT2024001553,2024-02-21 18:45:04,
CONT2024001554,2024-03-01 10:11:17,2024-03-01 18:03:43
CONT2024001555,2024-02-29 07:27:55,2024-03-04 05:58:47
CONT2024001556,2024-02-23 03:12:31,2024-03-04 00:22:17
CONT2024001557,2024-02-26 01:57:27,2024-02-27 04:00:28
CONT2024001558,2024-02-26 14:40:33,2024-03-04 23:14:33
CONT2024001559,2024-02-24 12:38:08,2024-02-25 03:02:11
CONT2024001560,2024-02-22 08:02:20,
CONT2024001561,2024-02-25 17:54:19,2024-02-26 12:54:11
CONT2024001562,2024-02-23 22:18:31,2024-03-04 13:56:19
CONT2024001563,2024-02-20 17:37:47,2024-03-04 18:01:25
CONT2024001564,2024-02-23 14:01:12,2024-02-24 11:28:53
CONT2024001565,2024-02-28 22:53:49,
CONT2024001566,2024-02-23 18:24:33,2024-03-04 11:46:55
CONT2024001567,2024-02-29 12:57:54,2024-03-01 04:53:07
CONT2024001568,2024-02-28 19:26:12,
CONT2024001569,2024-02-27 02:56:50,2024-03-05 02:10:01
CONT2024001570,2024-02-29 12:28:35,2024-03-01 09:07:11
CONT2024001571,2024-02-23 04:34:48,
CONT2024001572,2024-03-01 09:30:14,2024-03-06 06:22:04
CONT2024001573,2024-02-23 01:20:47,2024-02-23 15:06:12
CONT2024001574,2024-02-21 17:14:09,2024-02-22 03:34:55
CONT2024001575,2024-02-28 23:02:07,2024-03-05 17:22:39
CONT2024001576,2024-02-28 11:20:52,2024-02-28 16:35:27
CONT2024001577,2024-02-26 18:16:45,2024-03-06 00:30:38
CONT2024001578,2024-02-21 13:02:47,2024-03-06 05:27:54
CONT2024001579,2024-02-21 13:54:17,2024-02-22 15:26:42
CONT2024001580,2024-02-21 22:03:52,2024-03-06 18:14:30
CONT2024001581,2024-02-25 14:24:10,2024-03-06 09:08:34
CONT2024001582,2024-03-02 22:41:28,2024-03-03 21:35:01
CONT2024001583,2024-02-23 21:42:48,2024-03-06 04:21:02
CONT2024001584,2024-02-21 17:17:11,2024-03-06 21:28:56
CONT2024001585,2024-02-28 02:27:54,2024-03-05 05:14:12
CONT2024001586,2024-02-28 07:42:57,2024-03-06 01:22:28
CONT2024001587,2024-02-24 11:00:54,2024-02-25 22:43:25
CONT2024001588,2024-02-21 14:31:38,2024-02-22 06:17:18
CONT2024001589,2024-02-29 11:11:04,2024-03-01 06:57:58
CONT2024001590,2024-02-23 23:16:35,2024-03-05 11:00:14
CONT2024001591,2024-03-03 03:38:31,2024-03-06 01:42:39
CONT2024001592,2024-03-01 20:53:50,2024-03-05 09:04:05
CONT2024001593,2024-02-22 21:37:39,
CONT2024001594,2024-02-22 06:23:10,2024-02-22 16:47:12
CONT2024001595,2024-02-24 15:06:12,2024-02-25 06:20:09
CONT2024001596,2024-02-24 13:25:35,2024-03-06 00:19:05
CONT2024001597,2024-02-24 20:15:52,2024-02-25 19:35:21
CONT2024001598,2024-02-27 18:50:35,
CONT2024001599,2024-02-26 16:32:44,2024-03-05 15:38:43
CONT2024001600,2024-02-24 21:30:52,2024-03-05 17:53:59
CONT2024001601,2024-02-24 00:54:22,2024-03-05 16:03:54
CONT2024001602,2024-02-29 07:10:16,2024-03-05 19:02:32
CONT2024001603,2024-02-29 22:49:50,2024-03-06 12:08:32
CONT2024001604,2024-02-29 19:16:38,2024-03-05 23:03:45
CONT2024001605,2024-02-27 20:18:04,2024-02-28 13:55:18
CONT2024001606,2024-02-29 23:05:50,2024-03-01 23:36:04
CONT2024001607,2024-03-02 00:28:06,2024-03-05 11:40:10
CONT2024001608,2024-03-02 05:08:10,
CONT2024001609,2024-02-26 20:05:08,2024-02-27 13:33:00
CONT2024001610,2024-02-28 01:11:16,2024-02-28 15:43:00
CONT2024001611,2024-02-29 06:42:14,2024-02-29 22:16:31
CONT2024001612,2024-02-28 18:21:56,2024-03-05 16:59:19
CONT2024001613,2024-03-01 23:27:25,2024-03-02 15:44:17
CONT2024001614,2024-02-29 00:35:23,2024-03-01 03:17:40
CONT2024001615,2024-02-24 16:49:05,2024-02-25 16:16:14
CONT2024001616,2024-03-02 13:09:01,
CONT2024001617,2024-02-22 02:58:22,2024-02-23 06:48:39
CONT2024001618,2024-03-01 03:01:02,2024-03-02 01:11:41
CONT2024001619,2024-02-25 23:11:39,2024-03-05 18:22:15
CONT2024001620,2024-02-29 15:11:09,2024-03-01 12:54:11
CONT2024001621,2024-02-23 14:41:45,2024-02-24 12:19:28
CONT2024001622,2024-02-29 12:33:16,
CONT2024001623,2024-02-29 02:30:43,2024-03-01 13:53:44
CONT2024001624,2024-02-29 08:32:14,2024-03-05 16:25:09
CONT2024001625,2024-03-02 12:02:31,2024-03-03 09:14:53
CONT2024001626,2024-02-23 20:39:00,2024-03-06 10:11:05
CONT2024001627,2024-02-28 01:19:08,2024-03-06 17:06:11
CONT2024001628,2024-02-24 23:54:42,2024-02-25 15:52:18
CONT2024001629,2024-03-01 23:19:12,2024-03-05 20:01:46
CONT2024001630,2024-02-24 15:29:11,
CONT2024001631,2024-02-28 01:18:10,2024-02-28 15:22:37
CONT2024001632,2024-02-22 14:22:23,2024-03-06 09:14:34
CONT2024001633,2024-03-01 07:47:21,
CONT2024001634,2024-02-26 23:24:15,2024-03-06 13:35:48
CONT2024001635,2024-02-23 10:31:39,2024-02-24 18:08:24
CONT2024001636,2024-03-01 14:08:03,2024-03-07 04:11:57
CONT2024001637,2024-02-23 18:43:18,2024-02-24 08:51:14
CONT2024001638,2024-02-24 11:08:59,
CONT2024001639,2024-03-02 10:20:10,
CONT2024001640,2024-02-25 01:17:52,2024-02-25 17:40:54
CONT2024001641,2024-02-25 13:40:17,2024-03-05 23:56:51
CONT2024001642,2024-02-27 02:27:36,
CONT2024001643,2024-03-03 08:29:45,
CONT2024001644,2024-02-23 07:59:53,2024-03-06 15:17:54
CONT2024001645,2024-03-02 09:36:27,2024-03-03 14:53:43
CONT2024001646,2024-02-26 18:33:40,2024-03-06 09:20:03
CONT2024001647,2024-03-03 01:19:06,2024-03-06 06:40:47
CONT2024001648,2024-03-01 15:47:23,2024-03-02 08:43:35
CONT2024001649,2024-02-25 23:01:38,2024-03-07 00:26:27
CONT2024001650,2024-03-02 03:38:42,2024-03-07 00:18:42
CONT2024001651,2024-02-26 05:24:43,2024-03-06 13:47:09
CONT2024001652,2024-02-22 12:40:32,2024-03-06 19:12:15
CONT2024001653,2024-02-22 17:08:35,2024-02-23 16:43:42
CONT2024001654,2024-02-27 12:07:52,2024-02-28 09:43:33
CONT2024001655,2024-02-24 00:32:35,2024-03-06 01:37:46
CONT2024001656,2024-02-28 21:59:25,2024-03-07 00:47:45
CONT2024001657,2024-02-28 12:46:30,
CONT2024001658,2024-02-29 23:50:36,2024-03-01 12:26:38
CONT2024001659,2024-02-25 10:40:16,2024-02-25 23:10:14
CONT2024001660,2024-03-01 22:18:38,2024-03-02 14:20:47
CONT2024001661,2024-02-25 08:40:08,2024-02-26 21:12:39
CONT2024001662,2024-03-03 05:41:51,2024-03-06 16:22:42
CONT2024001663,2024-03-02 06:45:57,2024-03-06 08:39:13
CONT2024001664,2024-02-26 06:51:46,2024-02-27 15:20:59
CONT2024001665,2024-02-27 20:05:37,2024-03-06 20:44:35
CONT2024001666,2024-02-26 09:58:37,
CONT2024001667,2024-02-26 12:08:39,2024-02-27 08:41:46
CONT2024001668,2024-02-24 19:01:10,2024-03-06 03:47:29
CONT2024001669,2024-02-28 20:06:18,2024-03-06 03:31:49
CONT2024001670,2024-02-28 00:45:59,2024-02-29 01:49:25
CONT2024001671,2024-02-26 12:33:48,2024-03-07 03:02:48
CONT2024001672,2024-02-28 00:24:41,2024-02-29 07:00:53
CONT2024001673,2024-02-25 23:40:35,2024-02-26 03:40:35
CONT2024001674,2024-02-27 02:40:41,2024-03-06 08:18:12
CONT2024001675,2024-02-22 20:26:57,
CONT2024001676,2024-02-24 22:20:38,2024-03-06 21:28:28
CONT2024001677,2024-02-27 19:40:27,2024-02-28 15:58:24
CONT2024001678,2024-03-02 08:17:05,2024-03-06 18:50:18
CONT2024001679,2024-02-25 16:55:38,2024-02-26 09:04:45
CONT2024001680,2024-03-03 10:58:00,2024-03-06 14:19:34
CONT2024001681,2024-02-22 17:57:51,2024-02-23 09:34:41
CONT2024001682,2024-03-01 09:03:03,2024-03-07 22:27:27
CONT2024001683,2024-02-24 20:03:39,2024-03-06 09:08:49
CONT2024001684,2024-02-29 17:58:39,2024-03-06 10:54:53
CONT2024001685,2024-02-24 17:43:36,2024-02-25 18:56:43
CONT2024001686,2024-02-29 09:58:55,2024-03-06 21:12:05
CONT2024001687,2024-02-24 02:52:55,2024-03-08 00:17:30
CONT2024001688,2024-02-24 02:28:29,2024-02-25 00:26:47
CONT2024001689,2024-02-24 19:06:06,2024-03-07 13:41:39
CONT2024001690,2024-03-03 12:23:34,2024-03-04 10:13:16
CONT2024001691,2024-02-23 06:40:04,2024-03-07 19:35:06
CONT2024001692,2024-03-04 02:27:04,2024-03-04 22:58:38
CONT2024001693,2024-03-02 15:22:45,2024-03-03 20:00:29
CONT2024001694,2024-02-27 19:25:31,2024-02-28 19:31:59
CONT2024001695,2024-03-01 14:49:58,2024-03-08 02:58:15
CONT2024001696,2024-03-03 03:46:14,2024-03-03 17:17:32
CONT2024001697,2024-02-28 08:32:19,2024-03-07 03:56:20
CONT2024001698,2024-02-28 18:42:23,2024-03-07 18:20:32
CONT2024001699,2024-02-25 14:45:24,2024-02-26 14:28:40
CONT2024001700,2024-03-02 18:55:59,2024-03-03 23:17:39
CONT2024001701,2024-02-25 16:05:48,2024-02-26 07:50:49
CONT2024001702,2024-02-26 09:44:47,2024-02-27 10:32:20
CONT2024001703,2024-02-23 15:45:58,2024-03-06 14:25:17
CONT2024001704,2024-03-04 04:58:22,2024-03-07 11:06:51
CONT2024001705,2024-02-25 23:50:04,2024-03-07 20:32:28
CONT2024001706,2024-02-25 12:40:01,2024-03-07 13:35:15
CONT2024001707,2024-02-29 13:42:17,
CONT2024001708,2024-03-01 01:01:45,2024-03-01 19:07:34
CONT2024001709,2024-03-03 13:15:41,2024-03-06 20:47:42
CONT2024001710,2024-03-02 07:23:45,2024-03-03 04:58:16
CONT2024001711,2024-02-23 10:57:58,
CONT2024001712,2024-03-04 00:26:36,
CONT2024001713,2024-02-29 15:01:26,2024-03-01 09:40:08
CONT2024001714,2024-03-03 04:55:14,2024-03-03 22:29:44
CONT2024001715,2024-02-29 18:10:00,2024-03-07 06:44:50
CONT2024001716,2024-02-25 05:12:56,
CONT2024001717,2024-02-28 10:23:24,2024-02-29 07:35:06
CONT2024001718,2024-03-01 19:39:07,2024-03-02 16:13:47
CONT2024001719,2024-02-24 21:19:10,2024-03-07 19:13:15
CONT2024001720,2024-02-24 09:45:44,2024-03-08 02:54:43
CONT2024001721,2024-02-29 04:41:15,2024-03-08 04:43:07
CONT2024001722,2024-03-01 17:02:59,2024-03-08 07:11:52
CONT2024001723,2024-02-27 19:11:02,
CONT2024001724,2024-02-29 07:50:39,
CONT2024001725,2024-02-24 19:27:44,2024-02-25 21:20:30
CONT2024001726,2024-02-28 12:23:11,2024-02-29 07:38:11
CONT2024001727,2024-03-04 22:20:33,2024-03-07 22:37:08
CONT2024001728,2024-03-04 02:27:08,2024-03-05 01:28:03
CONT2024001729,2024-03-04 18:21:25,2024-03-05 15:00:03
CONT2024001730,2024-03-04 07:20:05,2024-03-05 11:08:11
CONT2024001731,2024-03-04 15:08:41,2024-03-08 00:54:42
CONT2024001732,2024-02-29 01:40:57,2024-03-01 09:21:56
CONT2024001733,2024-02-24 20:07:47,2024-03-07 15:00:33
CONT2024001734,2024-02-25 04:09:29,2024-02-26 04:41:21
CONT2024001735,2024-02-25 13:58:23,2024-03-08 18:05:13
CONT2024001736,2024-02-26 08:42:50,
CONT2024001737,2024-03-04 04:07:41,2024-03-04 17:29:40
CONT2024001738,2024-03-02 00:10:42,2024-03-02 17:27:36
CONT2024001739,2024-02-23 17:44:24,2024-02-24 20:31:02
CONT2024001740,2024-02-24 07:11:02,
CONT2024001741,2024-02-26 11:19:06,
CONT2024001742,2024-02-29 21:32:18,2024-03-02 00:24:29
CONT2024001743,2024-03-01 00:18:11,2024-03-08 02:45:52
CONT2024001744,2024-03-01 17:34:58,2024-03-02 22:15:50
CONT2024001745,2024-02-24 18:49:29,2024-02-25 15:10:55
CONT2024001746,2024-03-01 20:58:17,2024-03-03 00:32:07
CONT2024001747,2024-03-01 19:12:29,2024-03-07 17:57:00
CONT2024001748,2024-03-01 20:51:40,
CONT2024001749,2024-03-03 18:30:33,2024-03-04 18:04:44
CONT2024001750,2024-02-29 07:10:20,
CONT2024001751,2024-03-03 02:32:41,
CONT2024001752,2024-02-27 01:08:06,2024-03-09 04:46:50
CONT2024001753,2024-03-02 13:05:26,2024-03-08 11:45:18
CONT2024001754,2024-02-24 01:29:06,2024-03-08 10:42:39
CONT2024001755,2024-03-04 01:30:52,
CONT2024001756,2024-03-01 08:08:39,
CONT2024001757,2024-02-25 13:10:00,2024-03-09 01:22:41
CONT2024001758,2024-02-28 13:54:25,
CONT2024001759,2024-02-24 19:53:51,2024-02-24 23:53:51
CONT2024001760,2024-02-29 23:08:53,2024-03-08 07:58:24
CONT2024001761,2024-02-27 02:16:57,2024-03-08 05:20:37
CONT2024001762,2024-03-03 04:04:51,2024-03-09 05:06:10
CONT2024001763,2024-03-01 21:36:53,2024-03-02 13:38:49
CONT2024001764,2024-02-26 11:45:41,2024-02-27 12:27:07
CONT2024001765,2024-03-04 20:04:25,2024-03-08 16:21:24
CONT2024001766,2024-03-03 19:11:56,
CONT2024001767,2024-02-24 01:48:30,2024-02-25 06:07:29
CONT2024001768,2024-02-24 00:00:42,2024-02-25 07:17:30
CONT2024001769,2024-03-04 04:30:09,2024-03-04 23:14:00
CONT2024001770,2024-03-05 17:32:25,
CONT2024001771,2024-02-27 12:21:45,
CONT2024001772,2024-03-04 04:53:54,2024-03-05 09:17:36
CONT2024001773,2024-03-02 07:39:56,2024-03-02 17:40:49
CONT2024001774,2024-02-28 12:55:23,2024-03-08 18:53:59
CONT2024001775,2024-03-04 17:50:04,
CONT2024001776,2024-03-03 09:17:46,2024-03-03 17:36:52
CONT2024001777,2024-02-27 07:04:28,
CONT2024001778,2024-03-03 01:36:43,2024-03-04 14:43:07
CONT2024001779,2024-03-03 12:32:19,2024-03-04 14:38:08
CONT2024001780,2024-02-26 08:09:35,2024-03-08 16:25:31
CONT2024001781,2024-03-01 13:23:05,2024-03-08 18:11:09
CONT2024001782,2024-03-03 16:17:09,2024-03-05 00:29:46
CONT2024001783,2024-03-03 15:32:13,2024-03-08 12:25:52
CONT2024001784,2024-03-02 16:44:40,2024-03-03 13:25:12
CONT2024001785,2024-02-28 15:22:00,2024-03-10 01:49:24
CONT2024001786,2024-02-27 09:18:45,2024-03-10 00:35:30
CONT2024001787,2024-02-29 02:21:33,2024-03-01 05:08:26
CONT2024001788,2024-03-05 18:49:06,2024-03-06 09:12:13
CONT2024001789,2024-02-29 20:23:52,2024-03-01 00:23:52
CONT2024001790,2024-02-28 10:29:05,2024-03-10 03:48:46
CONT2024001791,2024-02-27 18:18:44,2024-03-09 07:42:40
CONT2024001792,2024-03-05 04:13:39,2024-03-09 19:22:44
CONT2024001793,2024-02-28 18:59:41,2024-02-29 21:35:44
CONT2024001794,2024-02-29 16:59:38,2024-03-09 23:58:08
CONT2024001795,2024-02-26 04:37:39,2024-03-09 23:10:58
CONT2024001796,2024-03-05 02:38:48,
CONT2024001797,2024-03-01 15:35:18,
CONT2024001798,2024-03-05 19:53:29,2024-03-06 08:48:36
CONT2024001799,2024-02-26 12:21:27,2024-02-27 06:59:56
CONT2024001800,2024-02-27 13:53:40,2024-03-10 19:05:04
CONT2024001801,2024-03-01 13:58:03,2024-03-02 06:29:16
CONT2024001802,2024-03-03 02:05:06,
CONT2024001803,2024-02-26 15:11:21,2024-03-10 11:10:51
CONT2024001804,2024-02-29 09:57:47,
CONT2024001805,2024-02-29 14:05:20,
CONT2024001806,2024-03-02 19:02:14,2024-03-10 01:16:13
CONT2024001807,2024-03-07 12:42:34,2024-03-07 22:15:04
CONT2024001808,2024-03-03 17:06:12,2024-03-10 14:55:19
CONT2024001809,2024-02-28 18:13:15,
CONT2024001810,2024-02-28 21:54:51,2024-03-01 04:31:23
CONT2024001811,2024-03-03 21:57:35,2024-03-04 18:15:41
CONT2024001812,2024-02-25 23:17:33,
CONT2024001813,2024-02-28 05:21:08,2024-03-10 01:27:49
CONT2024001814,2024-03-03 08:08:21,
CONT2024001815,2024-03-07 22:22:52,2024-03-09 04:42:08
CONT2024001816,2024-03-01 04:26:53,2024-03-01 22:34:51
CONT2024001817,2024-03-07 18:19:59,2024-03-08 18:23:16
CONT2024001818,2024-03-02 12:38:00,2024-03-10 13:25:44
CONT2024001819,2024-02-26 05:15:09,2024-02-26 16:07:04
CONT2024001820,2024-03-06 11:20:08,2024-03-07 12:31:40
CONT2024001821,2024-03-05 08:07:48,2024-03-06 10:57:57
CONT2024001822,2024-03-06 04:07:36,2024-03-11 17:15:07
CONT2024001823,2024-03-02 05:51:45,2024-03-11 13:23:20
CONT2024001824,2024-03-05 15:24:07,2024-03-11 04:44:54
CONT2024001825,2024-03-01 12:55:20,2024-03-02 07:12:08
CONT2024001826,2024-03-04 17:15:47,
CONT2024001827,2024-03-06 04:14:59,2024-03-07 09:30:06
CONT2024001828,2024-03-01 10:09:41,
CONT2024001829,2024-03-04 20:24:06,2024-03-05 20:44:25
CONT2024001830,2024-03-08 22:22:41,2024-03-09 15:45:32
CONT2024001831,2024-03-03 10:40:09,
CONT2024001832,2024-02-26 17:15:22,2024-03-11 07:56:19
CONT2024001833,2024-03-03 20:53:48,2024-03-04 09:39:11
CONT2024001834,2024-02-29 23:52:12,2024-03-01 22:38:24
CONT2024001835,2024-03-07 18:24:09,2024-03-09 02:47:39
CONT2024001836,2024-03-03 10:57:16,2024-03-04 16:13:07
CONT2024001837,2024-02-28 11:36:53,
CONT2024001838,2024-03-03 19:59:41,2024-03-04 12:45:12
CONT2024001839,2024-03-04 19:10:16,2024-03-11 10:17:22
CONT2024001840,2024-03-06 04:09:01,2024-03-11 11:28:47
CONT2024001841,2024-03-02 11:25:36,2024-03-03 07:08:26
CONT2024001842,2024-03-02 14:25:27,
CONT2024001843,2024-02-27 09:54:59,2024-03-11 18:27:27
CONT2024001844,2024-02-29 14:45:10,2024-03-11 09:37:00
CONT2024001845,2024-03-08 18:22:39,2024-03-12 06:19:40
CONT2024001846,2024-03-05 02:13:44,2024-03-11 21:53:13
CONT2024001847,2024-03-03 07:15:04,
CONT2024001848,2024-03-07 01:59:53,2024-03-12 08:30:33
CONT2024001849,2024-03-06 05:03:18,2024-03-07 06:31:19
CONT2024001850,2024-03-04 17:14:54,2024-03-12 08:25:34
CONT2024001851,2024-03-01 06:48:37,2024-03-02 03:14:52
CONT2024001852,2024-03-08 15:08:39,2024-03-09 07:19:13
CONT2024001853,2024-03-06 12:43:36,2024-03-11 04:04:47
CONT2024001854,2024-03-05 17:43:48,2024-03-11 21:40:14
CONT2024001855,2024-03-04 20:26:21,2024-03-11 14:33:19
CONT2024001856,2024-03-08 18:26:33,2024-03-09 21:17:07
CONT2024001857,2024-02-28 13:00:32,2024-03-12 10:34:14
CONT2024001858,2024-03-02 16:02:21,2024-03-03 17:14:29
CONT2024001859,2024-03-05 03:26:44,
CONT2024001860,2024-03-07 14:01:05,2024-03-12 15:09:17
CONT2024001861,2024-03-01 01:03:52,2024-03-12 05:07:47
CONT2024001862,2024-03-02 01:20:11,2024-03-02 17:47:29
CONT2024001863,2024-03-03 18:55:23,2024-03-04 14:16:34
CONT2024001864,2024-03-04 01:03:55,
CONT2024001865,2024-02-27 20:01:22,2024-03-11 23:06:28
CONT2024001866,2024-02-27 16:11:58,
CONT2024001867,2024-03-02 06:11:23,2024-03-11 18:47:40
CONT2024001868,2024-03-02 11:29:56,2024-03-03 11:00:24
CONT2024001869,2024-03-09 15:37:10,2024-03-11 18:01:31
CONT2024001870,2024-03-02 10:14:21,
CONT2024001871,2024-03-03 10:11:38,2024-03-04 04:47:09
CONT2024001872,2024-03-01 02:45:50,2024-03-13 11:49:36
CONT2024001873,2024-03-09 07:38:40,2024-03-10 00:30:45
CONT2024001874,2024-03-06 07:03:40,2024-03-12 10:39:20
CONT2024001875,2024-02-28 10:55:11,2024-03-12 17:34:29
CONT2024001876,2024-02-29 03:02:12,2024-03-12 06:41:06
CONT2024001877,2024-03-06 02:14:52,2024-03-06 12:23:59
CONT2024001878,2024-03-09 15:48:55,2024-03-10 12:20:27
CONT2024001879,2024-03-04 07:16:44,2024-03-13 06:18:09
CONT2024001880,2024-03-07 15:39:59,2024-03-08 13:29:09
CONT2024001881,2024-03-10 02:37:46,2024-03-11 08:56:11
CONT2024001882,2024-03-07 14:30:11,2024-03-08 05:34:57
CONT2024001883,2024-03-01 08:48:11,2024-03-13 07:40:50
CONT2024001884,2024-03-09 06:42:11,2024-03-10 10:32:51
CONT2024001885,2024-03-05 15:51:43,2024-03-06 02:54:06
CONT2024001886,2024-02-29 11:45:08,2024-03-12 18:57:52
CONT2024001887,2024-03-01 12:48:49,2024-03-02 06:15:21
CONT2024001888,2024-03-02 22:06:59,2024-03-04 07:41:55
CONT2024001889,2024-03-06 22:13:05,
CONT2024001890,2024-03-06 10:32:09,2024-03-13 01:26:49
CONT2024001891,2024-03-02 19:23:29,
CONT2024001892,2024-03-06 20:13:05,2024-03-07 19:35:05
CONT2024001893,2024-03-09 23:19:43,
CONT2024001894,2024-03-09 10:54:47,2024-03-13 04:02:43
CONT2024001895,2024-03-02 13:43:37,
CONT2024001896,2024-03-06 18:11:38,2024-03-12 17:21:47
CONT2024001897,2024-03-02 21:48:46,2024-03-03 20:19:34
CONT2024001898,2024-03-01 13:30:34,2024-03-02 08:37:32
CONT2024001899,2024-02-28 06:01:58,2024-03-12 14:31:37
CONT2024001900,2024-03-04 10:23:42,2024-03-12 16:45:43
CONT2024001901,2024-03-08 10:03:07,2024-03-09 10:40:48
CONT2024001902,2024-03-03 19:57:41,
CONT2024001903,2024-03-08 20:36:01,
CONT2024001904,2024-03-06 08:49:52,2024-03-07 06:08:56
CONT2024001905,2024-02-29 23:44:05,2024-03-13 09:07:36
CONT2024001906,2024-03-10 00:25:35,2024-03-10 23:28:31
CONT2024001907,2024-03-04 11:00:38,2024-03-05 07:41:42
CONT2024001908,2024-02-29 10:53:40,
CONT2024001909,2024-03-08 22:38:05,2024-03-10 07:55:27
CONT2024001910,2024-02-28 06:06:07,2024-02-29 18:28:29
CONT2024001911,2024-03-07 17:34:40,2024-03-13 12:18:40
CONT2024001912,2024-03-04 10:39:18,2024-03-13 04:56:45
CONT2024001913,2024-03-03 01:45:35,2024-03-03 16:24:53
CONT2024001914,2024-03-08 20:07:40,2024-03-09 22:48:58
CONT2024001915,2024-03-09 05:53:21,2024-03-12 21:01:24
CONT2024001916,2024-03-07 23:14:37,2024-03-08 23:04:54
CONT2024001917,2024-03-06 05:12:12,2024-03-13 14:00:25
CONT2024001918,2024-03-02 18:08:51,2024-03-04 08:11:50
CONT2024001919,2024-03-05 03:41:34,
CONT2024001920,2024-03-02 17:53:50,2024-03-03 07:37:09
CONT2024001921,2024-03-08 03:45:13,2024-03-13 03:28:08
CONT2024001922,2024-03-05 18:31:24,2024-03-13 06:22:01
CONT2024001923,2024-03-08 09:31:21,2024-03-09 03:39:20
CONT2024001924,2024-02-29 12:55:58,
CONT2024001925,2024-03-01 23:56:29,2024-03-12 23:48:47
CONT2024001926,2024-03-09 11:20:27,2024-03-09 20:02:04
CONT2024001927,2024-03-02 11:55:35,
CONT2024001928,2024-03-09 18:14:09,2024-03-12 15:25:29
CONT2024001929,2024-03-09 12:17:04,
CONT2024001930,2024-03-02 04:17:04,2024-03-12 16:18:51
CONT2024001931,2024-03-06 11:59:59,2024-03-07 09:01:00
CONT2024001932,2024-03-02 01:34:56,2024-03-15 06:59:48
CONT2024001933,2024-03-09 02:35:37,
CONT2024001934,2024-03-03 22:03:51,2024-03-14 20:36:00
CONT2024001935,2024-03-09 21:35:32,2024-03-10 13:06:08
CONT2024001936,2024-03-11 08:13:00,2024-03-12 00:33:20
CONT2024001937,2024-03-01 13:23:37,2024-03-02 05:16:58
CONT2024001938,2024-03-07 19:51:36,2024-03-15 12:35:25
CONT2024001939,2024-03-01 12:00:55,2024-03-02 05:12:58
CONT2024001940,2024-03-02 12:19:58,2024-03-03 07:24:42
CONT2024001941,2024-03-09 17:01:45,2024-03-15 10:09:15
CONT2024001942,2024-03-06 04:30:50,2024-03-16 09:06:18
CONT2024001943,2024-03-03 22:31:14,2024-03-04 22:28:46
CONT2024001944,2024-03-02 11:53:48,2024-03-15 02:46:02
CONT2024001945,2024-03-11 09:06:11,2024-03-15 03:36:34
CONT2024001946,2024-03-09 15:32:01,
CONT2024001947,2024-03-06 10:38:25,2024-03-06 14:38:25
CONT2024001948,2024-03-08 01:59:19,2024-03-15 01:38:13
CONT2024001949,2024-03-10 00:20:29,
CONT2024001950,2024-03-09 10:52:10,2024-03-15 22:37:23
CONT2024001951,2024-03-10 12:08:49,2024-03-10 20:30:40
CONT2024001952,2024-03-03 16:18:33,2024-03-15 20:47:44
CONT2024001953,2024-03-05 15:10:33,2024-03-15 15:03:43
CONT2024001954,2024-03-11 09:03:44,2024-03-15 04:22:55
CONT2024001955,2024-03-04 02:06:09,2024-03-15 13:44:46
CONT2024001956,2024-03-09 16:16:01,2024-03-10 21:16:16
CONT2024001957,2024-03-07 10:25:48,
CONT2024001958,2024-03-12 09:31:49,2024-03-13 02:07:10
CONT2024001959,2024-03-02 17:11:25,2024-03-03 06:43:35
CONT2024001960,2024-03-05 03:09:58,
CONT2024001961,2024-03-05 07:28:38,2024-03-15 00:00:29
CONT2024001962,2024-03-05 16:08:50,2024-03-06 14:47:03
CONT2024001963,2024-03-08 03:51:26,2024-03-09 16:18:19
CONT2024001964,2024-03-10 14:31:47,2024-03-11 08:08:17
CONT2024001965,2024-03-06 05:20:26,2024-03-14 19:53:34
CONT2024001966,2024-03-04 04:05:26,
CONT2024001967,2024-03-02 12:29:06,2024-03-15 23:49:07
CONT2024001968,2024-03-11 02:51:00,
CONT2024001969,2024-03-10 22:25:38,2024-03-15 19:10:24
CONT2024001970,2024-03-09 12:20:23,2024-03-10 04:23:11
CONT2024001971,2024-03-02 21:27:06,2024-03-03 15:17:15
CONT2024001972,2024-03-11 15:53:12,
CONT2024001973,2024-03-10 18:17:07,2024-03-11 14:09:24
CONT2024001974,2024-03-10 23:33:33,2024-03-16 11:33:40
CONT2024001975,2024-03-04 23:19:35,2024-03-15 12:57:34
CONT2024001976,2024-03-05 15:00:32,2024-03-15 18:57:42
CONT2024001977,2024-03-09 07:51:42,2024-03-16 12:28:07
CONT2024001978,2024-03-11 01:47:21,2024-03-16 07:41:59
CONT2024001979,2024-03-06 01:38:45,2024-03-06 21:48:35
CONT2024001980,2024-03-10 07:26:04,
CONT2024001981,2024-03-11 04:42:26,2024-03-12 07:22:46
CONT2024001982,2024-03-09 16:20:17,2024-03-15 15:43:56
CONT2024001983,2024-03-03 22:25:14,2024-03-15 20:32:04
CONT2024001984,2024-03-07 21:51:24,2024-03-16 03:07:25
CONT2024001985,2024-03-08 23:48:44,2024-03-10 03:11:01
CONT2024001986,2024-03-12 04:41:01,2024-03-13 04:14:06
CONT2024001987,2024-03-07 01:07:13,2024-03-16 03:52:49
CONT2024001988,2024-03-12 21:03:12,2024-03-15 22:41:50
CONT2024001989,2024-03-12 19:16:17,2024-03-13 19:56:53
CONT2024001990,2024-03-07 20:26:41,2024-03-17 14:37:21
CONT2024001991,2024-03-06 19:07:20,2024-03-07 15:09:23
CONT2024001992,2024-03-05 21:22:53,2024-03-07 08:04:04
CONT2024001993,2024-03-06 16:47:19,2024-03-07 08:32:25
CONT2024001994,2024-03-05 02:00:56,2024-03-05 23:25:26
CONT2024001995,2024-03-09 02:17:06,2024-03-16 19:22:46
CONT2024001996,2024-03-11 23:20:43,2024-03-16 18:26:31
CONT2024001997,2024-03-10 23:24:53,2024-03-15 23:45:27
CONT2024001998,2024-03-05 20:25:43,2024-03-06 17:26:16
CONT2024001999,2024-03-06 05:55:30,
CONT2024002000,2024-03-06 18:26:09,2024-03-16 14:36:45
CONT2024002001,2024-03-06 05:01:05,2024-03-07 02:52:26
CONT2024002002,2024-03-09 07:38:47,2024-03-10 07:58:40
CONT2024002003,2024-03-06 20:45:44,2024-03-16 12:06:17
CONT2024002004,2024-03-04 20:58:18,2024-03-05 19:05:18
CONT2024002005,2024-03-08 06:08:23,
CONT2024002006,2024-03-14 01:53:49,
CONT2024002007,2024-03-08 03:12:06,2024-03-16 02:23:33
CONT2024002008,2024-03-10 05:46:06,
CONT2024002009,2024-03-08 20:46:19,2024-03-16 23:14:27
CONT2024002010,2024-03-08 22:13:21,2024-03-09 15:36:37
CONT2024002011,2024-03-09 19:36:49,2024-03-17 01:36:34
CONT2024002012,2024-03-05 15:54:58,
CONT2024002013,2024-03-10 14:18:07,2024-03-11 10:14:09
CONT2024002014,2024-03-12 03:45:53,2024-03-16 22:23:05
CONT2024002015,2024-03-13 03:17:40,2024-03-17 17:41:09
CONT2024002016,2024-03-14 08:03:07,2024-03-15 02:03:13
CONT2024002017,2024-03-09 10:46:05,2024-03-17 08:41:38
CONT2024002018,2024-03-11 17:41:39,
CONT2024002019,2024-03-08 23:25:52,2024-03-09 19:30:14
CONT2024002020,2024-03-04 05:58:42,
CONT2024002021,2024-03-08 19:31:13,2024-03-17 14:40:38
CONT2024002022,2024-03-04 23:49:15,2024-03-05 21:17:57
CONT2024002023,2024-03-10 09:17:10,2024-03-11 03:42:03
CONT2024002024,2024-03-06 09:07:44,2024-03-06 19:10:11
CONT2024002025,2024-03-11 22:01:31,2024-03-13 09:51:14
CONT2024002026,2024-03-08 06:50:42,2024-03-16 19:38:25
CONT2024002027,2024-03-09 09:27:31,
CONT2024002028,2024-03-15 00:13:11,2024-03-16 09:31:43
CONT2024002029,2024-03-09 19:26:06,2024-03-10 06:06:46
CONT2024002030,2024-03-12 17:33:51,
CONT2024002031,2024-03-07 11:34:58,2024-03-08 06:11:08
CONT2024002032,2024-03-09 02:35:56,2024-03-09 17:36:57
CONT2024002033,2024-03-10 09:25:16,
CONT2024002034,2024-03-10 19:54:14,2024-03-17 13:32:23
CONT2024002035,2024-03-13 06:55:16,2024-03-14 06:01:40
CONT2024002036,2024-03-11 12:44:03,2024-03-17 23:55:20
CONT2024002037,2024-03-11 06:21:12,2024-03-17 15:35:44
CONT2024002038,2024-03-05 19:05:26,2024-03-17 13:44:58
CONT2024002039,2024-03-11 09:48:46,2024-03-17 03:56:13
CONT2024002040,2024-03-04 07:13:51,2024-03-17 15:13:09
CONT2024002041,2024-03-13 16:32:12,
CONT2024002042,2024-03-09 10:27:25,2024-03-17 12:31:06
CONT2024002043,2024-03-14 00:55:02,
CONT2024002044,2024-03-06 04:09:25,2024-03-06 15:15:17
CONT2024002045,2024-03-05 07:07:32,2024-03-06 11:15:32
CONT2024002046,2024-03-15 08:43:36,2024-03-18 02:08:31
CONT2024002047,2024-03-12 10:40:54,2024-03-17 19:53:44
CONT2024002048,2024-03-12 05:10:25,2024-03-12 18:52:19
CONT2024002049,2024-03-13 04:11:46,2024-03-13 20:17:15
CONT2024002050,2024-03-09 07:28:29,2024-03-10 03:00:08
CONT2024002051,2024-03-15 09:53:07,2024-03-19 09:52:23
CONT2024002052,2024-03-08 09:14:18,
CONT2024002053,2024-03-15 19:14:34,2024-03-16 19:51:15
CONT2024002054,2024-03-09 20:18:42,2024-03-10 22:25:58
CONT2024002055,2024-03-15 18:30:56,2024-03-16 10:37:31
CONT2024002056,2024-03-08 21:29:16,2024-03-18 00:33:40
CONT2024002057,2024-03-08 21:48:14,2024-03-10 07:34:32
CONT2024002058,2024-03-10 10:31:34,2024-03-18 12:02:39
CONT2024002059,2024-03-10 03:31:29,2024-03-18 11:06:42
CONT2024002060,2024-03-10 01:12:06,2024-03-18 20:43:56
CONT2024002061,2024-03-05 21:53:22,
CONT2024002062,2024-03-09 01:48:28,2024-03-10 00:16:12
CONT2024002063,2024-03-14 15:17:51,2024-03-15 05:30:42
CONT2024002064,2024-03-11 14:33:59,2024-03-12 12:05:37
CONT2024002065,2024-03-11 07:10:33,2024-03-11 19:01:30
CONT2024002066,2024-03-15 13:13:45,
CONT2024002067,2024-03-12 21:49:52,2024-03-14 01:58:39
CONT2024002068,2024-03-11 03:32:02,
CONT2024002069,2024-03-16 10:18:48,2024-03-19 23:38:01
CONT2024002070,2024-03-06 14:22:25,2024-03-07 10:08:12
CONT2024002071,2024-03-17 00:04:08,2024-03-17 11:19:51
CONT2024002072,2024-03-06 23:18:39,2024-03-20 07:51:41
CONT2024002073,2024-03-09 17:48:28,2024-03-11 06:24:23
CONT2024002074,2024-03-15 22:32:10,2024-03-16 11:22:04
CONT2024002075,2024-03-17 02:27:06,2024-03-17 19:15:11
CONT2024002076,2024-03-16 20:12:26,2024-03-20 01:52:05
CONT2024002077,2024-03-08 13:25:20,2024-03-20 10:45:29
CONT2024002078,2024-03-13 21:24:16,2024-03-14 15:46:33
CONT2024002079,2024-03-14 15:32:19,
CONT2024002080,2024-03-10 11:51:43,2024-03-20 03:30:24
CONT2024002081,2024-03-16 04:44:18,2024-03-20 02:28:02
CONT2024002082,2024-03-13 11:47:48,2024-03-19 23:58:45
CONT2024002083,2024-03-12 20:29:03,2024-03-13 15:58:40
CONT2024002084,2024-03-07 10:30:34,2024-03-20 00:00:15
CONT2024002085,2024-03-14 22:55:43,2024-03-19 20:24:22
CONT2024002086,2024-03-10 20:33:02,2024-03-20 01:36:19
CONT2024002087,2024-03-17 04:17:21,
CONT2024002088,2024-03-09 10:03:00,2024-03-20 05:07:07
CONT2024002089,2024-03-12 01:37:49,2024-03-12 19:21:57
CONT2024002090,2024-03-10 20:41:35,2024-03-20 15:32:29
CONT2024002091,2024-03-10 20:35:07,2024-03-20 14:18:41
CONT2024002092,2024-03-07 01:48:58,2024-03-19 16:46:48
CONT2024002093,2024-03-12 10:08:22,2024-03-13 07:29:44
CONT2024002094,2024-03-15 19:19:39,2024-03-19 21:41:49
CONT2024002095,2024-03-06 15:07:06,
CONT2024002096,2024-03-12 00:51:04,2024-03-12 18:33:37
CONT2024002097,2024-03-09 03:55:08,2024-03-10 12:43:46
CONT2024002098,2024-03-12 04:44:54,2024-03-21 03:07:21
CONT2024002099,2024-03-11 12:32:08,
CONT2024002100,2024-03-14 11:42:12,2024-03-20 15:27:15
CONT2024002101,2024-03-11 03:26:20,2024-03-20 16:59:09
CONT2024002102,2024-03-15 11:43:41,2024-03-20 09:41:42
CONT2024002103,2024-03-16 06:53:14,2024-03-16 20:52:13
CONT2024002104,2024-03-11 09:52:32,2024-03-12 06:25:52
CONT2024002105,2024-03-15 15:59:32,2024-03-16 08:24:36
CONT2024002106,2024-03-12 18:28:54,2024-03-13 03:23:23
CONT2024002107,2024-03-17 19:06:59,2024-03-20 01:44:08
CONT2024002108,2024-03-08 20:45:22,2024-03-20 03:58:35
CONT2024002109,2024-03-16 13:15:16,2024-03-17 07:16:44
CONT2024002110,2024-03-08 20:13:31,
CONT2024002111,2024-03-17 12:50:13,
CONT2024002112,2024-03-09 09:10:28,2024-03-21 14:02:25
CONT2024002113,2024-03-15 09:03:07,2024-03-22 03:30:14
CONT2024002114,2024-03-12 20:25:25,2024-03-20 23:38:05
CONT2024002115,2024-03-16 21:53:06,2024-03-17 05:04:56
CONT2024002116,2024-03-09 03:43:50,
CONT2024002117,2024-03-18 07:49:24,2024-03-19 02:48:47
CONT2024002118,2024-03-08 08:20:03,2024-03-21 23:16:20
CONT2024002119,2024-03-16 16:49:46,2024-03-22 22:54:54
CONT2024002120,2024-03-09 12:21:14,2024-03-10 22:53:30
CONT2024002121,2024-03-08 15:35:03,2024-03-21 01:53:32
CONT2024002122,2024-03-10 19:18:56,2024-03-11 08:08:32
CONT2024002123,2024-03-15 23:26:13,2024-03-22 00:17:49
CONT2024002124,2024-03-17 13:03:07,2024-03-22 08:31:33
CONT2024002125,2024-03-15 09:52:34,2024-03-21 20:47:13
CONT2024002126,2024-03-19 00:58:10,2024-03-19 18:52:10
CONT2024002127,2024-03-12 12:35:09,2024-03-13 04:47:36
CONT2024002128,2024-03-11 16:24:51,2024-03-12 11:58:01
CONT2024002129,2024-03-17 20:12:04,
CONT2024002130,2024-03-11 08:17:11,2024-03-12 07:23:13
CONT2024002131,2024-03-16 18:06:34,2024-03-22 22:14:02
CONT2024002132,2024-03-15 22:21:10,2024-03-23 05:06:27
CONT2024002133,2024-03-08 19:28:49,2024-03-22 04:24:32
CONT2024002134,2024-03-13 12:01:51,2024-03-14 09:04:34
CONT2024002135,2024-03-13 23:39:16,2024-03-22 18:04:33
CONT2024002136,2024-03-17 18:50:44,2024-03-18 13:25:41
CONT2024002137,2024-03-17 10:01:32,2024-03-21 05:59:58
CONT2024002138,2024-03-10 11:03:15,2024-03-11 09:40:04
CONT2024002139,2024-03-15 03:39:39,2024-03-16 08:16:53
CONT2024002140,2024-03-18 17:37:14,2024-03-22 07:37:29
CONT2024002141,2024-03-14 12:41:27,2024-03-15 10:13:52
CONT2024002142,2024-03-12 05:53:22,2024-03-12 21:27:47
CONT2024002143,2024-03-18 08:56:56,2024-03-21 23:57:30
CONT2024002144,2024-03-17 20:48:56,2024-03-18 12:57:19
CONT2024002145,2024-03-14 11:11:07,2024-03-22 00:29:06
CONT2024002146,2024-03-10 08:54:47,2024-03-21 16:54:31
CONT2024002147,2024-03-18 01:59:10,2024-03-21 23:30:19
CONT2024002148,2024-03-10 23:07:11,2024-03-12 10:51:43
CONT2024002149,2024-03-13 12:41:27,2024-03-22 12:00:46
CONT2024002150,2024-03-10 08:00:24,
CONT2024002151,2024-03-12 16:10:41,2024-03-21 02:55:12
CONT2024002152,2024-03-15 10:31:06,2024-03-21 17:26:56
CONT2024002153,2024-03-10 12:13:42,
CONT2024002154,2024-03-18 03:17:17,
CONT2024002155,2024-03-19 09:43:05,2024-03-22 01:36:32
CONT2024002156,2024-03-18 22:53:25,2024-03-19 13:32:54
CONT2024002157,2024-03-10 01:19:37,2024-03-11 03:57:20
CONT2024002158,2024-03-13 10:58:56,2024-03-13 23:00:55
CONT2024002159,2024-03-15 03:57:46,2024-03-22 03:49:02
CONT2024002160,2024-03-18 13:06:52,2024-03-19 13:46:15
CONT2024002161,2024-03-19 07:44:47,2024-03-21 12:12:06
CONT2024002162,2024-03-15 19:22:17,2024-03-16 16:13:17
CONT2024002163,2024-03-14 22:33:10,2024-03-22 01:10:29
CONT2024002164,2024-03-14 13:43:20,2024-03-22 15:49:11
CONT2024002165,2024-03-13 05:56:03,
CONT2024002166,2024-03-10 05:41:19,2024-03-22 11:11:58
CONT2024002167,2024-03-15 11:57:28,2024-03-22 21:26:29
CONT2024002168,2024-03-12 04:55:53,2024-03-12 19:57:38
CONT2024002169,2024-03-18 12:37:16,
CONT2024002170,2024-03-13 11:55:16,2024-03-21 09:56:42
CONT2024002171,2024-03-18 03:25:26,2024-03-18 14:25:57
CONT2024002172,2024-03-15 23:34:20,2024-03-22 04:14:57
CONT2024002173,2024-03-14 04:55:33,2024-03-22 06:39:39
CONT2024002174,2024-03-17 22:08:26,2024-03-21 18:17:55
CONT2024002175,2024-03-12 09:46:42,
CONT2024002176,2024-03-11 20:21:22,2024-03-22 18:44:18
CONT2024002177,2024-03-17 21:46:19,2024-03-21 01:03:02
CONT2024002178,2024-03-10 14:54:09,2024-03-22 03:28:59
CONT2024002179,2024-03-19 03:21:11,2024-03-21 03:13:51
CONT2024002180,2024-03-11 08:29:04,
CONT2024002181,2024-03-15 02:25:31,2024-03-15 11:52:54
CONT2024002182,2024-03-17 18:12:47,2024-03-21 22:38:53
CONT2024002183,2024-03-17 16:26:38,2024-03-18 11:15:57
CONT2024002184,2024-03-18 01:26:12,2024-03-21 22:41:49
CONT2024002185,2024-03-11 15:03:27,2024-03-21 10:27:12
CONT2024002186,2024-03-08 16:56:36,2024-03-09 23:17:50
CONT2024002187,2024-03-10 03:16:38,2024-03-21 12:48:04
CONT2024002188,2024-03-12 07:26:57,2024-03-21 15:46:32
CONT2024002189,2024-03-16 03:12:35,2024-03-17 03:17:09
CONT2024002190,2024-03-11 09:07:20,2024-03-11 21:56:40
CONT2024002191,2024-03-17 02:16:11,
CONT2024002192,2024-03-09 06:31:49,2024-03-09 23:58:11
CONT2024002193,2024-03-14 09:07:59,2024-03-23 00:51:49
CONT2024002194,2024-03-15 07:02:32,
CONT2024002195,2024-03-17 17:34:31,2024-03-21 18:44:24
CONT2024002196,2024-03-11 09:51:10,2024-03-23 06:56:57
CONT2024002197,2024-03-18 21:47:43,2024-03-19 20:10:06
CONT2024002198,2024-03-12 16:30:11,2024-03-22 12:01:44
CONT2024002199,2024-03-15 10:04:11,2024-03-16 23:36:54
CONT2024002200,2024-03-14 12:16:59,2024-03-15 00:39:47
CONT2024002201,2024-03-15 18:48:42,2024-03-22 13:23:48
CONT2024002202,2024-03-16 02:16:49,2024-03-23 11:06:41
CONT2024002203,2024-03-19 12:00:20,2024-03-20 10:03:45
CONT2024002204,2024-03-18 23:27:04,2024-03-23 07:00:25
CONT2024002205,2024-03-11 22:33:11,2024-03-23 11:23:37
CONT2024002206,2024-03-15 19:54:11,2024-03-23 00:39:11
CONT2024002207,2024-03-18 18:07:55,2024-03-23 08:45:17
CONT2024002208,2024-03-16 14:58:17,2024-03-17 07:21:24
CONT2024002209,2024-03-19 05:08:20,2024-03-20 11:19:49
CONT2024002210,2024-03-18 19:27:37,2024-03-22 13:23:47
CONT2024002211,2024-03-09 19:58:48,2024-03-10 15:14:18
CONT2024002212,2024-03-10 20:58:47,
CONT2024002213,2024-03-10 02:02:39,2024-03-10 11:35:43
CONT2024002214,2024-03-18 02:28:09,2024-03-19 04:35:21
CONT2024002215,2024-03-16 09:21:44,2024-03-16 22:13:19
CONT2024002216,2024-03-18 20:42:06,
CONT2024002217,2024-03-19 20:16:34,2024-03-22 13:25:37
CONT2024002218,2024-03-10 14:48:52,2024-03-11 13:29:23
CONT2024002219,2024-03-09 07:08:43,2024-03-10 09:53:56
CONT2024002220,2024-03-17 20:44:44,2024-03-18 15:24:09
CONT2024002221,2024-03-12 01:00:17,2024-03-12 06:21:10
CONT2024002222,2024-03-12 11:25:23,2024-03-23 05:38:44
CONT2024002223,2024-03-16 05:15:31,2024-03-22 14:39:27
CONT2024002224,2024-03-19 11:30:40,2024-03-22 23:13:05
CONT2024002225,2024-03-10 12:36:50,2024-03-23 05:13:43
CONT2024002226,2024-03-16 22:31:35,2024-03-17 12:04:58
CONT2024002227,2024-03-15 05:48:42,
CONT2024002228,2024-03-11 04:44:18,2024-03-12 12:45:09
CONT2024002229,2024-03-18 17:20:00,2024-03-23 02:56:03
CONT2024002230,2024-03-16 18:01:29,2024-03-22 23:13:43
CONT2024002231,2024-03-11 17:07:39,
CONT2024002232,2024-03-14 19:37:28,
CONT2024002233,2024-03-19 05:39:34,2024-03-24 02:00:26
CONT2024002234,2024-03-13 07:22:02,2024-03-22 17:29:27
CONT2024002235,2024-03-16 15:50:26,2024-03-22 12:53:07
CONT2024002236,2024-03-16 01:09:34,
CONT2024002237,2024-03-15 03:20:36,
CONT2024002238,2024-03-11 16:30:30,
CONT2024002239,2024-03-18 02:27:06,2024-03-23 18:03:03
CONT2024002240,2024-03-13 07:43:07,2024-03-13 23:16:13
CONT2024002241,2024-03-09 19:17:26,
CONT2024002242,2024-03-10 16:04:43,2024-03-11 10:20:15
CONT2024002243,2024-03-14 13:24:03,2024-03-22 21:14:52
CONT2024002244,2024-03-20 07:02:42,2024-03-20 17:28:50
CONT2024002245,2024-03-14 10:24:09,2024-03-15 01:56:38
CONT2024002246,2024-03-19 00:17:11,
CONT2024002247,2024-03-20 01:00:01,2024-03-24 05:48:15
CONT2024002248,2024-03-16 16:17:52,2024-03-23 15:37:43
CONT2024002249,2024-03-14 05:26:57,2024-03-24 11:42:59
CONT2024002250,2024-03-17 19:04:47,2024-03-22 19:01:54
CONT2024002251,2024-03-13 19:34:26,2024-03-14 02:11:45
CONT2024002252,2024-03-10 16:34:28,2024-03-24 06:44:11
CONT2024002253,2024-03-14 05:24:16,2024-03-23 05:27:05
CONT2024002254,2024-03-17 16:20:52,2024-03-23 07:19:00
CONT2024002255,2024-03-10 04:45:28,
CONT2024002256,2024-03-13 10:53:03,2024-03-13 16:39:24
CONT2024002257,2024-03-18 23:53:17,2024-03-23 05:28:26
CONT2024002258,2024-03-11 06:52:46,2024-03-23 05:46:44
CONT2024002259,2024-03-20 04:32:27,2024-03-24 04:38:14
CONT2024002260,2024-03-15 06:07:52,2024-03-16 20:43:50
CONT2024002261,2024-03-17 16:34:22,2024-03-23 21:02:15
CONT2024002262,2024-03-10 20:54:06,2024-03-23 08:52:20
CONT2024002263,2024-03-14 15:44:35,2024-03-15 21:59:11
CONT2024002264,2024-03-15 11:11:44,2024-03-24 02:16:02
CONT2024002265,2024-03-12 05:14:24,2024-03-12 18:58:53
CONT2024002266,2024-03-11 03:35:45,2024-03-11 23:32:03
CONT2024002267,2024-03-12 13:37:04,2024-03-13 22:04:33
CONT2024002268,2024-03-19 19:20:47,
CONT2024002269,2024-03-17 17:01:33,
CONT2024002270,2024-03-12 14:13:49,2024-03-25 15:29:23
CONT2024002271,2024-03-21 09:02:00,2024-03-21 23:01:28
CONT2024002272,2024-03-19 00:11:58,2024-03-25 14:22:33
CONT2024002273,2024-03-13 23:30:54,2024-03-24 05:28:55
CONT2024002274,2024-03-16 05:39:02,2024-03-25 00:54:30
CONT2024002275,2024-03-21 02:09:07,2024-03-21 08:33:08
CONT2024002276,2024-03-20 03:26:55,2024-03-20 18:01:42
CONT2024002277,2024-03-13 08:03:19,
CONT2024002278,2024-03-15 17:48:42,2024-03-16 14:52:20
CONT2024002279,2024-03-20 21:33:24,2024-03-24 16:22:36
CONT2024002280,2024-03-15 07:26:42,
CONT2024002281,2024-03-19 15:02:10,2024-03-24 05:20:52
CONT2024002282,2024-03-16 07:07:43,2024-03-24 22:35:07
CONT2024002283,2024-03-14 06:43:40,2024-03-15 07:45:24
CONT2024002284,2024-03-17 12:01:01,2024-03-18 15:01:30
CONT2024002285,2024-03-19 03:57:40,2024-03-19 09:49:53
CONT2024002286,2024-03-14 02:34:49,2024-03-25 04:26:38
CONT2024002287,2024-03-21 14:26:23,2024-03-23 07:27:35
CONT2024002288,2024-03-19 09:26:45,2024-03-20 11:56:23
CONT2024002289,2024-03-17 23:07:56,2024-03-24 19:34:43
CONT2024002290,2024-03-12 16:04:16,2024-03-24 16:35:04
CONT2024002291,2024-03-13 23:56:03,2024-03-24 21:21:15
CONT2024002292,2024-03-14 05:41:42,2024-03-24 10:06:36
CONT2024002293,2024-03-12 19:56:24,2024-03-13 21:34:15
CONT2024002294,2024-03-19 09:10:02,
CONT2024002295,2024-03-21 22:27:47,2024-03-22 19:19:41
CONT2024002296,2024-03-20 14:54:31,2024-03-21 05:13:59
CONT2024002297,2024-03-20 00:34:54,2024-03-20 14:19:28
CONT2024002298,2024-03-15 02:26:51,2024-03-15 22:04:40
CONT2024002299,2024-03-17 11:01:09,2024-03-18 03:39:07
CONT2024002300,2024-03-13 08:19:54,2024-03-25 17:12:32
CONT2024002301,2024-03-20 01:47:22,2024-03-21 11:48:43
CONT2024002302,2024-03-17 22:50:58,2024-03-25 17:39:14
CONT2024002303,2024-03-20 00:24:33,2024-03-25 10:49:27
CONT2024002304,2024-03-12 20:54:57,
CONT2024002305,2024-03-16 08:23:19,2024-03-26 00:56:52
CONT2024002306,2024-03-19 06:16:30,2024-03-19 22:00:41
CONT2024002307,2024-03-21 15:26:59,2024-03-22 19:14:19
CONT2024002308,2024-03-21 11:27:12,2024-03-21 17:00:58
CONT2024002309,2024-03-15 10:39:07,2024-03-16 10:04:52
CONT2024002310,2024-03-15 15:30:09,2024-03-16 07:16:16
CONT2024002311,2024-03-12 21:24:55,2024-03-25 17:37:56
CONT2024002312,2024-03-13 12:25:22,2024-03-26 05:46:46
CONT2024002313,2024-03-14 20:41:57,
CONT2024002314,2024-03-12 19:11:48,2024-03-26 12:08:20
CONT2024002315,2024-03-18 03:50:23,2024-03-26 06:57:51
CONT2024002316,2024-03-22 18:46:36,2024-03-25 12:11:02
CONT2024002317,2024-03-18 07:48:06,
CONT2024002318,2024-03-23 01:06:11,
CONT2024002319,2024-03-12 20:07:12,2024-03-13 20:51:51
CONT2024002320,2024-03-19 16:26:52,2024-03-26 10:11:21
CONT2024002321,2024-03-16 22:15:13,2024-03-17 22:03:34
CONT2024002322,2024-03-14 08:59:32,2024-03-26 21:37:07
CONT2024002323,2024-03-13 02:31:49,2024-03-14 01:18:26
CONT2024002324,2024-03-19 15:46:40,2024-03-26 07:02:31
CONT2024002325,2024-03-15 22:31:50,2024-03-16 17:00:19
CONT2024002326,2024-03-19 23:52:49,2024-03-20 14:27:41
CONT2024002327,2024-03-22 11:49:46,
CONT2024002328,2024-03-17 03:03:43,2024-03-25 23:35:18
CONT2024002329,2024-03-16 20:19:37,
CONT2024002330,2024-03-21 20:27:52,2024-03-26 08:40:10
CONT2024002331,2024-03-18 22:45:19,2024-03-26 07:10:29
CONT2024002332,2024-03-17 19:37:53,2024-03-26 07:04:46
CONT2024002333,2024-03-24 13:50:27,2024-03-25 21:47:14
CONT2024002334,2024-03-25 10:30:31,2024-03-27 01:55:02
CONT2024002335,2024-03-24 02:26:30,
CONT2024002336,2024-03-23 15:05:44,2024-03-27 10:43:27
CONT2024002337,2024-03-16 12:35:16,2024-03-26 17:24:19
CONT2024002338,2024-03-15 14:23:34,2024-03-27 09:42:45
CONT2024002339,2024-03-21 22:42:59,2024-03-27 22:23:23
CONT2024002340,2024-03-14 12:20:10,2024-03-16 00:45:08
CONT2024002341,2024-03-18 13:41:50,2024-03-19 05:32:20
CONT2024002342,2024-03-24 10:29:11,2024-03-24 18:24:12
CONT2024002343,2024-03-22 15:11:22,2024-03-23 16:05:53
CONT2024002344,2024-03-24 17:33:13,
CONT2024002345,2024-03-14 15:28:35,2024-03-15 10:34:35
CONT2024002346,2024-03-18 20:58:22,2024-03-19 10:33:05
CONT2024002347,2024-03-18 21:35:58,2024-03-27 00:49:32
CONT2024002348,2024-03-23 01:59:56,2024-03-23 20:50:21
CONT2024002349,2024-03-18 01:31:44,
CONT2024002350,2024-03-17 11:33:21,2024-03-18 19:27:02
CONT2024002351,2024-03-18 16:16:40,
CONT2024002352,2024-03-14 21:12:26,2024-03-27 05:35:35
CONT2024002353,2024-03-14 19:36:05,2024-03-27 18:37:07
CONT2024002354,2024-03-14 07:47:42,2024-03-15 05:03:19
CONT2024002355,2024-03-23 13:48:39,2024-03-24 13:11:15
CONT2024002356,2024-03-22 03:16:56,2024-03-23 11:29:12
CONT2024002357,2024-03-20 18:13:38,2024-03-27 13:33:45
CONT2024002358,2024-03-24 15:27:42,2024-03-25 17:23:18
CONT2024002359,2024-03-17 19:11:45,
CONT2024002360,2024-03-23 09:31:38,2024-03-27 17:00:14
CONT2024002361,2024-03-17 05:27:05,2024-03-27 12:03:46
CONT2024002362,2024-03-14 18:25:12,2024-03-15 15:41:55
CONT2024002363,2024-03-23 07:47:08,
CONT2024002364,2024-03-16 17:57:56,2024-03-27 06:51:56
CONT2024002365,2024-03-24 16:03:22,2024-03-26 09:28:12
CONT2024002366,2024-03-23 13:53:13,2024-03-24 15:58:00
CONT2024002367,2024-03-22 11:00:40,2024-03-23 02:15:35
CONT2024002368,2024-03-22 04:53:57,2024-03-22 17:45:56
CONT2024002369,2024-03-20 13:58:14,
CONT2024002370,2024-03-19 00:51:31,2024-03-27 07:58:11
CONT2024002371,2024-03-14 10:50:08,2024-03-14 16:15:47
CONT2024002372,2024-03-24 07:51:39,2024-03-24 20:26:08
CONT2024002373,2024-03-22 03:38:47,2024-03-28 01:08:27
CONT2024002374,2024-03-19 20:39:34,2024-03-20 23:31:21
CONT2024002375,2024-03-14 10:42:54,2024-03-27 19:37:42
CONT2024002376,2024-03-17 22:10:50,
CONT2024002377,2024-03-23 19:53:51,2024-03-28 12:12:30
CONT2024002378,2024-03-15 23:17:00,2024-03-16 17:38:48
CONT2024002379,2024-03-15 23:32:54,2024-03-16 17:52:52
CONT2024002380,2024-03-19 13:31:35,2024-03-20 21:12:40
CONT2024002381,2024-03-20 21:04:07,2024-03-27 16:48:31
CONT2024002382,2024-03-15 18:06:33,
CONT2024002383,2024-03-19 16:46:36,2024-03-20 11:09:14
CONT2024002384,2024-03-22 23:11:07,2024-03-27 23:45:08
CONT2024002385,2024-03-24 18:13:59,
CONT2024002386,2024-03-16 16:55:29,2024-03-17 11:12:17
CONT2024002387,2024-03-21 01:46:28,2024-03-27 16:27:02
CONT2024002388,2024-03-17 19:29:58,
CONT2024002389,2024-03-16 14:40:08,2024-03-17 10:24:29
CONT2024002390,2024-03-18 02:14:28,2024-03-28 11:47:47
CONT2024002391,2024-03-20 10:45:19,2024-03-22 01:13:03
CONT2024002392,2024-03-18 18:54:53,2024-03-19 17:57:04
CONT2024002393,2024-03-16 15:21:15,2024-03-29 01:26:36
CONT2024002394,2024-03-19 06:22:39,2024-03-28 15:46:09
CONT2024002395,2024-03-23 16:20:57,2024-03-28 13:59:08
CONT2024002396,2024-03-20 03:47:41,2024-03-20 23:24:05
CONT2024002397,2024-03-16 20:30:52,2024-03-29 06:06:09
CONT2024002398,2024-03-17 10:53:25,
CONT2024002399,2024-03-20 07:46:35,2024-03-27 22:23:11
CONT2024002400,2024-03-22 04:22:18,2024-03-29 07:29:31
CONT2024002401,2024-03-17 20:13:12,2024-03-28 19:13:18
CONT2024002402,2024-03-21 16:30:43,
CONT2024002403,2024-03-21 13:09:23,2024-03-21 23:36:02
CONT2024002404,2024-03-25 03:56:58,2024-03-28 22:30:15
CONT2024002405,2024-03-23 04:43:19,2024-03-23 23:47:06
CONT2024002406,2024-03-16 11:42:21,2024-03-17 03:59:40
CONT2024002407,2024-03-24 08:40:10,2024-03-25 11:13:50
CONT2024002408,2024-03-23 03:40:59,2024-03-29 16:50:32
CONT2024002409,2024-03-17 16:25:25,2024-03-18 12:09:01
CONT2024002410,2024-03-22 16:46:01,2024-03-28 18:37:55
CONT2024002411,2024-03-16 07:20:01,2024-03-29 01:44:09
CONT2024002412,2024-03-21 15:39:41,2024-03-29 21:10:35
CONT2024002413,2024-03-23 18:45:47,
CONT2024002414,2024-03-15 23:44:49,2024-03-30 07:44:30
CONT2024002415,2024-03-23 19:43:50,
CONT2024002416,2024-03-25 01:56:15,2024-03-28 12:06:06
CONT2024002417,2024-03-24 02:58:05,2024-03-25 02:28:48
CONT2024002418,2024-03-18 00:40:05,2024-03-19 00:08:13
CONT2024002419,2024-03-20 04:14:10,2024-03-20 13:23:17
CONT2024002420,2024-03-22 05:11:41,2024-03-29 07:44:49
CONT2024002421,2024-03-16 17:32:45,
CONT2024002422,2024-03-24 23:36:42,
CONT2024002423,2024-03-21 19:57:07,
CONT2024002424,2024-03-18 13:58:38,2024-03-28 08:43:29
CONT2024002425,2024-03-15 17:25:53,2024-03-29 05:48:24
CONT2024002426,2024-03-23 11:04:09,2024-03-24 04:47:00
CONT2024002427,2024-03-21 15:35:44,2024-03-29 07:59:11
CONT2024002428,2024-03-24 10:57:14,2024-03-29 08:59:25
CONT2024002429,2024-03-24 00:24:49,
CONT2024002430,2024-03-30 04:17:10,2024-03-30 17:38:14
CONT2024002431,2024-03-26 06:14:00,
CONT2024002432,2024-03-23 10:15:16,2024-04-01 21:10:51
CONT2024002433,2024-03-19 20:04:16,2024-04-02 08:32:04
CONT2024002434,2024-03-26 05:37:26,2024-04-03 05:27:53
CONT2024002435,2024-03-29 08:00:12,2024-03-30 15:45:57
CONT2024002436,2024-03-22 19:01:16,2024-03-23 15:16:42
CONT2024002437,2024-03-20 08:51:51,2024-03-21 08:26:29
CONT2024002438,2024-03-29 17:59:31,2024-03-29 21:59:31
CONT2024002439,2024-03-27 08:26:29,2024-04-03 03:35:25
CONT2024002440,2024-03-28 06:00:14,2024-03-28 19:24:43
CONT2024002441,2024-03-23 06:01:07,2024-04-03 05:14:02
CONT2024002442,2024-03-29 19:25:17,
CONT2024002443,2024-03-21 06:38:41,2024-03-22 01:55:50
CONT2024002444,2024-03-23 05:37:59,2024-04-03 06:06:28
CONT2024002445,2024-03-25 03:42:54,2024-04-03 04:17:20
CONT2024002446,2024-03-30 18:26:33,
CONT2024002447,2024-03-27 17:14:56,2024-03-28 22:02:15
CONT2024002448,2024-03-29 16:24:28,2024-04-04 21:18:19
CONT2024002449,2024-03-24 13:41:57,
CONT2024002450,2024-03-27 11:22:56,2024-04-04 16:15:04
CONT2024002451,2024-03-31 22:32:08,2024-04-01 03:40:28
CONT2024002452,2024-03-30 23:08:17,2024-03-31 10:24:31
CONT2024002453,2024-03-24 14:52:55,2024-03-25 07:00:00
CONT2024002454,2024-03-28 09:38:10,2024-04-04 20:15:25
CONT2024002455,2024-03-30 03:35:45,2024-03-30 19:23:02
CONT2024002456,2024-04-01 19:22:06,2024-04-02 08:49:58
CONT2024002457,2024-03-29 15:13:19,2024-03-30 15:57:35
CONT2024002458,2024-04-03 00:16:30,2024-04-03 20:07:21
CONT2024002459,2024-03-30 14:49:05,2024-04-07 16:24:14
CONT2024002460,2024-04-03 17:21:58,2024-04-06 16:33:16
CONT2024002461,2024-03-29 20:17:28,2024-04-06 16:04:22
CONT2024002462,2024-03-31 03:45:41,2024-03-31 22:07:48
CONT2024002463,2024-03-27 13:11:49,2024-04-06 08:24:31
CONT2024002464,2024-04-02 17:43:32,2024-04-03 18:06:19
CONT2024002465,2024-03-31 11:36:24,
CONT2024002466,2024-03-26 09:11:23,2024-03-26 18:54:49
CONT2024002467,2024-03-27 01:58:35,2024-04-08 02:22:15
CONT2024002468,2024-04-01 12:05:07,
CONT2024002469,2024-03-27 15:33:39,2024-03-28 15:19:36
CONT2024002470,2024-04-04 15:58:51,2024-04-05 06:51:54
CONT2024002471,2024-04-04 19:15:24,2024-04-07 15:52:00
CONT2024002472,2024-03-29 07:03:00,2024-04-07 13:12:05
CONT2024002473,2024-03-25 17:00:03,2024-04-07 17:10:45
CONT2024002474,2024-03-25 15:20:37,
CONT2024002475,2024-03-26 02:29:50,2024-04-07 23:55:51
CONT2024002476,2024-03-29 04:11:48,2024-04-08 09:48:37
CONT2024002477,2024-03-31 04:06:32,2024-03-31 22:56:01
CONT2024002478,2024-03-25 19:33:17,2024-04-07 12:08:30
CONT2024002479,2024-03-31 00:43:46,2024-04-08 06:57:40
CONT2024002480,2024-03-25 00:56:40,2024-03-26 03:54:08
CONT2024002481,2024-03-29 08:07:59,2024-03-29 18:24:17
CONT2024002482,2024-03-27 13:51:51,2024-04-07 15:38:22
CONT2024002483,2024-03-27 15:52:59,2024-04-07 17:03:28
CONT2024002484,2024-04-02 09:54:11,2024-04-03 03:56:20
CONT2024002485,2024-04-05 01:02:55,2024-04-05 21:08:49
CONT2024002486,2024-03-29 08:37:23,2024-03-29 19:13:34
CONT2024002487,2024-04-03 21:48:49,2024-04-07 11:26:10
CONT2024002488,2024-03-31 04:59:34,2024-04-06 23:28:58
CONT2024002489,2024-03-26 09:54:29,2024-03-27 00:08:42
CONT2024002490,2024-04-01 03:22:21,
CONT2024002491,2024-04-04 22:44:59,2024-04-05 09:56:51
CONT2024002492,2024-03-29 18:53:22,2024-03-31 11:03:19
CONT2024002493,2024-03-31 11:30:15,
CONT2024002494,2024-04-02 10:14:49,2024-04-02 18:47:46
CONT2024002495,2024-04-03 01:10:34,2024-04-08 01:51:33
CONT2024002496,2024-03-31 19:19:11,2024-04-07 21:26:00
CONT2024002497,2024-04-04 04:31:52,2024-04-05 02:48:56
CONT2024002498,2024-03-30 23:24:23,2024-03-31 23:16:15
CONT2024002499,2024-03-25 22:59:42,2024-03-26 19:06:53
CONT2024002500,2024-04-03 16:19:01,2024-04-07 17:10:02
CONT2024002501,2024-03-25 10:55:44,
CONT2024002502,2024-03-29 08:06:35,2024-03-30 02:05:11
CONT2024002503,2024-04-01 00:35:04,2024-04-01 22:10:24
CONT2024002504,2024-03-29 21:52:56,2024-03-30 17:30:51
CONT2024002505,2024-03-31 18:47:02,2024-04-01 18:22:47
CONT2024002506,2024-03-28 21:55:09,2024-04-07 19:05:54
CONT2024002507,2024-04-04 08:42:45,2024-04-08 12:17:14
CONT2024002508,2024-04-01 01:19:22,2024-04-07 20:04:38
CONT2024002509,2024-03-30 00:44:25,2024-04-08 15:11:19
CONT2024002510,2024-03-27 16:18:45,2024-04-08 07:23:22
CONT2024002511,2024-04-05 05:28:38,2024-04-07 07:08:52
CONT2024002512,2024-03-26 00:43:46,2024-04-08 17:12:39
CONT2024002513,2024-04-04 19:20:24,2024-04-05 18:00:06
CONT2024002514,2024-03-29 20:38:02,2024-03-31 10:29:41
CONT2024002515,2024-04-03 15:10:09,2024-04-04 22:22:01
CONT2024002516,2024-03-28 21:45:28,
CONT2024002517,2024-03-30 18:46:16,2024-04-07 06:00:45
CONT2024002518,2024-03-31 22:44:09,2024-04-08 08:57:34
CONT2024002519,2024-04-04 19:23:36,2024-04-08 17:47:06
CONT2024002520,2024-03-25 21:14:00,2024-03-26 06:55:38
CONT2024002521,2024-03-26 11:40:38,2024-04-08 07:38:15
CONT2024002522,2024-04-01 09:57:35,2024-04-07 22:23:20
CONT2024002523,2024-03-30 23:17:53,2024-04-07 22:20:31
CONT2024002524,2024-03-25 08:01:33,2024-04-08 06:00:45
CONT2024002525,2024-03-27 08:58:29,2024-04-07 18:44:10
CONT2024002526,2024-04-04 15:18:53,
CONT2024002527,2024-04-03 01:40:14,2024-04-03 16:25:57
CONT2024002528,2024-03-27 03:44:14,2024-04-07 16:23:23
CONT2024002529,2024-03-28 23:15:26,
CONT2024002530,2024-03-26 23:25:48,
CONT2024002531,2024-03-29 05:26:50,2024-04-07 13:03:59
CONT2024002532,2024-03-27 15:53:09,2024-04-08 02:34:05
CONT2024002533,2024-04-03 05:21:48,2024-04-03 13:54:26
CONT2024002534,2024-03-27 03:48:38,2024-03-27 23:52:51
CONT2024002535,2024-04-01 09:33:40,2024-04-02 07:12:55
CONT2024002536,2024-04-04 20:41:56,2024-04-05 08:17:42
CONT2024002537,2024-04-04 21:10:03,
CONT2024002538,2024-03-28 02:36:30,2024-03-28 17:35:14
CONT2024002539,2024-04-01 09:45:23,2024-04-08 09:28:18
CONT2024002540,2024-04-01 20:33:23,2024-04-03 06:09:08
CONT2024002541,2024-03-25 15:30:19,
CONT2024002542,2024-03-28 06:17:04,
CONT2024002543,2024-04-03 14:04:48,2024-04-08 18:52:15
CONT2024002544,2024-03-29 19:38:39,2024-04-09 00:19:30
CONT2024002545,2024-03-30 17:44:02,2024-04-08 20:01:13
CONT2024002546,2024-03-31 02:16:22,2024-04-01 06:26:13
CONT2024002547,2024-03-29 08:49:52,2024-04-08 01:39:45
CONT2024002548,2024-03-26 22:32:48,2024-03-27 16:35:11
CONT2024002549,2024-03-27 08:03:25,2024-03-28 04:09:32
CONT2024002550,2024-03-27 20:30:41,2024-03-29 00:03:14
CONT2024002551,2024-03-28 09:46:58,2024-04-07 23:57:51
CONT2024002552,2024-03-26 07:54:26,2024-04-08 13:46:59
CONT2024002553,2024-04-03 22:47:49,2024-04-04 20:46:14
CONT2024002554,2024-03-28 08:25:12,
CONT2024002555,2024-04-04 08:38:27,2024-04-08 03:25:28
CONT2024002556,2024-03-31 00:16:22,2024-04-01 01:06:30
CONT2024002557,2024-03-25 18:48:20,2024-04-08 12:36:02
CONT2024002558,2024-03-28 16:38:45,2024-04-08 23:10:51
CONT2024002559,2024-04-02 20:27:51,2024-04-08 16:49:16
CONT2024002560,2024-03-28 06:03:33,2024-03-29 05:57:36
CONT2024002561,2024-04-03 12:22:54,2024-04-03 18:57:09
CONT2024002562,2024-03-26 09:52:13,2024-03-26 23:30:25
CONT2024002563,2024-04-02 06:38:08,2024-04-03 07:43:42
CONT2024002564,2024-03-30 13:48:50,2024-04-08 06:49:48
CONT2024002565,2024-04-01 00:33:38,2024-04-02 00:55:48
CONT2024002566,2024-04-04 17:57:19,2024-04-05 23:17:57
CONT2024002567,2024-04-05 13:30:24,2024-04-08 11:17:44
CONT2024002568,2024-04-04 21:55:38,
CONT2024002569,2024-03-28 00:47:02,2024-03-29 16:15:07
CONT2024002570,2024-04-04 14:49:33,2024-04-08 05:31:17
CONT2024002571,2024-03-30 21:22:44,
CONT2024002572,2024-04-03 09:13:07,2024-04-04 14:54:12
CONT2024002573,2024-04-05 16:20:31,2024-04-08 18:30:18
CONT2024002574,2024-03-30 02:09:45,
CONT2024002575,2024-03-26 06:24:17,2024-03-26 20:45:48
CONT2024002576,2024-03-27 01:02:21,2024-04-08 05:24:53
CONT2024002577,2024-04-03 10:41:53,
CONT2024002578,2024-03-29 18:37:34,
CONT2024002579,2024-04-02 15:40:58,2024-04-03 12:41:33
CONT2024002580,2024-03-29 18:48:14,2024-03-30 20:38:02
CONT2024002581,2024-04-02 19:31:31,
CONT2024002582,2024-04-04 03:58:25,2024-04-09 00:28:12
CONT2024002583,2024-03-26 16:55:42,
CONT2024002584,2024-03-26 20:14:20,2024-03-27 13:19:39
CONT2024002585,2024-03-27 17:53:20,
CONT2024002586,2024-03-28 13:42:53,2024-03-29 10:27:10
CONT2024002587,2024-03-30 03:53:35,
CONT2024002588,2024-03-26 07:26:48,2024-03-26 20:12:26
CONT2024002589,2024-04-04 09:20:17,2024-04-08 01:45:22
CONT2024002590,2024-04-01 18:43:10,2024-04-02 19:51:21
CONT2024002591,2024-04-03 14:08:48,2024-04-08 04:32:08
CONT2024002592,2024-03-28 18:18:14,2024-04-09 11:56:28
CONT2024002593,2024-03-31 05:45:27,2024-04-08 11:57:35
CONT2024002594,2024-03-28 03:38:56,2024-03-29 06:05:05
CONT2024002595,2024-03-30 22:44:03,2024-03-31 17:26:39
CONT2024002596,2024-03-31 09:05:17,2024-04-01 11:26:50
CONT2024002597,2024-04-03 04:23:08,2024-04-09 16:13:15
CONT2024002598,2024-04-01 12:58:48,2024-04-02 03:46:30
CONT2024002599,2024-03-28 10:44:34,2024-04-10 11:27:25
CONT2024002600,2024-03-29 03:56:01,
CONT2024002601,2024-04-01 20:08:40,2024-04-10 04:42:46
CONT2024002602,2024-03-30 22:56:41,2024-03-31 11:12:16
CONT2024002603,2024-04-05 01:10:43,2024-04-10 01:44:28
CONT2024002604,2024-03-28 02:50:00,2024-03-28 22:51:57
CONT2024002605,2024-03-30 21:16:25,2024-03-31 03:01:52
CONT2024002606,2024-03-27 22:58:48,2024-04-10 06:54:34
CONT2024002607,2024-04-06 13:48:10,2024-04-09 18:52:28
CONT2024002608,2024-03-31 11:36:41,2024-04-01 09:31:38
CONT2024002609,2024-04-05 13:03:22,2024-04-05 19:38:41
CONT2024002610,2024-03-31 12:13:17,
CONT2024002611,2024-04-06 23:15:26,2024-04-07 07:08:38
CONT2024002612,2024-03-29 19:31:16,2024-03-30 05:36:08
CONT2024002613,2024-04-04 00:28:10,2024-04-10 03:31:21
CONT2024002614,2024-04-05 07:17:24,2024-04-09 16:40:56
CONT2024002615,2024-03-28 19:52:17,2024-04-10 17:18:53
CONT2024002616,2024-03-30 22:36:40,2024-04-10 04:03:50
CONT2024002617,2024-04-04 03:17:59,2024-04-09 13:45:11
CONT2024002618,2024-04-06 03:57:29,2024-04-10 04:25:35
CONT2024002619,2024-04-06 19:45:50,2024-04-07 08:50:23
CONT2024002620,2024-03-28 09:50:49,2024-03-29 01:19:54
CONT2024002621,2024-04-06 20:41:15,2024-04-07 03:32:42
CONT2024002622,2024-04-08 06:02:16,2024-04-11 05:01:17
CONT2024002623,2024-04-06 06:19:56,2024-04-11 14:10:22
CONT2024002624,2024-03-30 05:53:04,2024-04-11 11:33:55
CONT2024002625,2024-04-03 06:10:36,2024-04-04 13:44:35
CONT2024002626,2024-04-04 16:26:06,2024-04-10 21:34:16
CONT2024002627,2024-04-06 03:27:32,2024-04-11 10:37:29
CONT2024002628,2024-03-30 17:00:19,2024-04-11 07:36:28
CONT2024002629,2024-04-01 10:44:55,
CONT2024002630,2024-04-02 08:59:15,2024-04-10 19:33:05
CONT2024002631,2024-04-01 11:58:35,2024-04-02 11:57:12
CONT2024002632,2024-04-03 14:22:53,2024-04-04 05:44:56
CONT2024002633,2024-04-02 20:51:14,2024-04-04 02:59:17
CONT2024002634,2024-03-30 17:05:12,2024-03-31 20:48:51
CONT2024002635,2024-04-01 10:59:05,
CONT2024002636,2024-04-06 17:50:49,2024-04-07 06:06:20
CONT2024002637,2024-04-02 10:05:21,
CONT2024002638,2024-04-05 18:06:52,2024-04-06 14:31:14
CONT2024002639,2024-04-07 18:08:27,
CONT2024002640,2024-04-04 16:10:11,
CONT2024002641,2024-03-28 20:02:28,2024-03-30 06:23:08
CONT2024002642,2024-03-31 00:54:56,2024-03-31 22:59:59
CONT2024002643,2024-03-29 23:54:25,2024-04-11 22:30:02
CONT2024002644,2024-04-05 14:22:17,2024-04-11 07:45:30
CONT2024002645,2024-04-05 08:45:48,2024-04-06 17:05:23
CONT2024002646,2024-04-05 20:20:50,2024-04-07 07:38:11
CONT2024002647,2024-04-07 09:54:07,2024-04-08 13:17:04
CONT2024002648,2024-04-06 19:10:46,2024-04-07 08:26:01
CONT2024002649,2024-04-04 11:25:44,2024-04-05 06:02:12
CONT2024002650,2024-04-03 20:56:00,2024-04-04 16:08:44
CONT2024002651,2024-04-06 07:23:47,2024-04-11 07:11:55
CONT2024002652,2024-04-06 14:00:13,
CONT2024002653,2024-04-01 09:30:36,2024-04-11 18:46:47
CONT2024002654,2024-04-08 22:46:58,2024-04-12 12:08:36
CONT2024002655,2024-03-31 17:50:40,
CONT2024002656,2024-04-06 12:55:51,2024-04-12 10:05:07
CONT2024002657,2024-04-06 09:28:20,2024-04-11 02:30:20
CONT2024002658,2024-03-30 08:25:33,2024-04-11 14:14:49
CONT2024002659,2024-04-03 13:08:26,2024-04-12 00:34:09
CONT2024002660,2024-04-01 22:57:55,2024-04-03 04:41:15
CONT2024002661,2024-04-08 13:12:22,2024-04-08 22:46:11
CONT2024002662,2024-04-04 16:50:16,2024-04-04 22:55:25
CONT2024002663,2024-03-31 21:50:37,2024-04-11 10:33:22
CONT2024002664,2024-04-03 04:52:54,2024-04-12 08:07:43
CONT2024002665,2024-04-06 08:33:52,2024-04-12 17:08:01
CONT2024002666,2024-04-05 16:30:31,2024-04-06 03:32:50
CONT2024002667,2024-04-01 23:51:55,2024-04-02 05:27:40
CONT2024002668,2024-04-04 22:50:43,2024-04-12 07:45:00
CONT2024002669,2024-04-01 04:09:10,2024-04-01 22:56:37
CONT2024002670,2024-04-07 02:56:02,2024-04-08 03:13:45
CONT2024002671,2024-04-07 17:05:00,2024-04-12 02:47:00
CONT2024002672,2024-04-06 02:53:16,2024-04-06 20:53:49
CONT2024002673,2024-03-29 21:26:34,
CONT2024002674,2024-04-05 23:31:19,2024-04-12 02:00:33
CONT2024002675,2024-03-31 06:54:23,2024-04-11 07:12:29
CONT2024002676,2024-04-08 08:57:56,
CONT2024002677,2024-04-05 07:42:14,2024-04-13 07:57:04
CONT2024002678,2024-04-02 07:32:18,2024-04-03 01:40:44
CONT2024002679,2024-04-03 09:47:20,2024-04-04 03:10:27
CONT2024002680,2024-03-30 20:11:21,2024-03-31 11:36:31
CONT2024002681,2024-04-07 07:54:35,2024-04-13 15:01:44
CONT2024002682,2024-04-08 10:30:04,
CONT2024002683,2024-04-04 04:37:02,2024-04-04 18:04:27
CONT2024002684,2024-04-04 00:33:26,2024-04-13 06:31:18
CONT2024002685,2024-04-10 03:37:52,2024-04-10 19:14:43
CONT2024002686,2024-04-03 13:29:22,2024-04-13 16:17:06
CONT2024002687,2024-04-06 08:15:40,2024-04-13 05:11:35
CONT2024002688,2024-04-11 07:20:52,2024-04-12 08:20:56
CONT2024002689,2024-04-10 01:58:32,
CONT2024002690,2024-04-01 14:29:24,2024-04-02 18:02:10
CONT2024002691,2024-04-10 01:36:29,2024-04-14 03:52:48
CONT2024002692,2024-04-02 09:35:29,2024-04-14 01:51:06
CONT2024002693,2024-04-06 20:08:31,2024-04-08 00:51:39
CONT2024002694,2024-04-08 08:57:42,2024-04-13 21:57:43
CONT2024002695,2024-04-05 00:44:46,2024-04-14 10:18:44
CONT2024002696,2024-04-01 19:28:03,2024-04-14 04:22:55
CONT2024002697,2024-04-05 16:14:45,2024-04-14 11:51:50
CONT2024002698,2024-04-03 20:16:13,
CONT2024002699,2024-04-08 14:06:23,2024-04-13 21:54:53
CONT2024002700,2024-04-10 11:21:12,2024-04-14 09:00:51
CONT2024002701,2024-04-08 23:58:21,2024-04-09 22:12:27
CONT2024002702,2024-04-05 15:02:23,2024-04-06 07:27:56
CONT2024002703,2024-04-06 12:19:17,2024-04-07 13:34:00
CONT2024002704,2024-04-08 15:34:01,2024-04-09 16:42:39
CONT2024002705,2024-04-11 00:00:39,2024-04-12 07:16:05
CONT2024002706,2024-04-02 11:50:50,2024-04-14 18:42:24
CONT2024002707,2024-04-02 07:19:29,
CONT2024002708,2024-04-08 11:03:43,2024-04-13 13:04:02
CONT2024002709,2024-04-05 06:44:48,2024-04-15 00:31:02
CONT2024002710,2024-04-04 19:01:31,2024-04-13 12:47:44
CONT2024002711,2024-04-08 04:20:21,
CONT2024002712,2024-04-02 02:42:40,2024-04-03 06:50:46
CONT2024002713,2024-04-10 21:00:38,2024-04-11 12:54:15
CONT2024002714,2024-04-07 21:07:19,2024-04-08 20:51:41
CONT2024002715,2024-04-09 15:50:40,2024-04-10 05:37:59
CONT2024002716,2024-04-10 08:16:08,2024-04-13 14:30:14
CONT2024002717,2024-04-02 11:24:35,
CONT2024002718,2024-04-06 14:51:28,2024-04-06 18:51:28
CONT2024002719,2024-04-02 17:37:56,2024-04-04 09:00:40
CONT2024002720,2024-03-31 05:09:22,2024-03-31 09:09:22
CONT2024002721,2024-03-31 21:11:59,2024-04-13 21:35:06
CONT2024002722,2024-04-03 07:54:37,2024-04-03 18:42:21
CONT2024002723,2024-04-09 16:57:16,2024-04-14 04:46:39
CONT2024002724,2024-04-09 19:13:45,
CONT2024002725,2024-04-06 12:24:41,2024-04-14 20:17:57
CONT2024002726,2024-04-01 23:53:08,2024-04-15 03:33:03
CONT2024002727,2024-04-02 04:24:20,2024-04-02 15:10:18
CONT2024002728,2024-04-03 10:13:51,2024-04-15 06:35:06
CONT2024002729,2024-04-08 05:19:09,2024-04-09 05:31:09
CONT2024002730,2024-04-07 03:34:23,2024-04-15 00:59:43
CONT2024002731,2024-04-10 10:49:19,2024-04-11 03:32:19
CONT2024002732,2024-04-12 06:50:51,2024-04-13 11:04:59
CONT2024002733,2024-04-09 18:39:33,2024-04-15 17:28:30
CONT2024002734,2024-04-11 16:26:19,2024-04-12 19:41:08
CONT2024002735,2024-04-08 10:10:05,2024-04-15 14:46:31
CONT2024002736,2024-04-05 01:27:33,2024-04-06 16:39:54
CONT2024002737,2024-04-04 00:49:31,2024-04-15 11:29:51
CONT2024002738,2024-04-04 10:08:27,2024-04-15 15:50:38
CONT2024002739,2024-04-09 08:14:26,2024-04-10 06:58:11
CONT2024002740,2024-04-04 08:30:15,2024-04-15 10:57:06
CONT2024002741,2024-04-10 07:42:38,2024-04-14 21:12:12
CONT2024002742,2024-04-12 00:55:23,2024-04-16 07:21:26
CONT2024002743,2024-04-10 10:40:05,
CONT2024002744,2024-04-06 19:29:27,
CONT2024002745,2024-04-11 06:18:03,2024-04-11 19:09:52
CONT2024002746,2024-04-09 20:10:43,2024-04-14 18:37:51
CONT2024002747,2024-04-09 00:42:26,2024-04-09 18:49:20
CONT2024002748,2024-04-03 18:12:08,2024-04-04 13:26:01
CONT2024002749,2024-04-11 06:51:25,2024-04-15 07:25:06
CONT2024002750,2024-04-11 08:38:02,2024-04-15 09:52:14
CONT2024002751,2024-04-10 19:50:58,2024-04-16 07:00:22
CONT2024002752,2024-04-09 09:17:17,2024-04-14 18:40:50
CONT2024002753,2024-04-06 08:36:39,2024-04-07 10:05:17
CONT2024002754,2024-04-04 02:32:28,2024-04-04 16:50:26
CONT2024002755,2024-04-11 01:35:30,2024-04-12 04:07:10
CONT2024002756,2024-04-07 23:19:27,2024-04-15 20:17:07
CONT2024002757,2024-04-06 14:25:46,2024-04-07 02:39:19
CONT2024002758,2024-04-05 09:59:08,2024-04-15 12:46:04
CONT2024002759,2024-04-07 05:58:37,2024-04-16 08:48:12
CONT2024002760,2024-04-06 12:21:28,2024-04-15 22:42:00
CONT2024002761,2024-04-07 16:52:32,2024-04-15 16:04:33
CONT2024002762,2024-04-11 13:02:25,
CONT2024002763,2024-04-04 20:34:11,2024-04-15 09:22:15
CONT2024002764,2024-04-06 17:35:33,2024-04-07 23:25:17
CONT2024002765,2024-04-12 02:40:18,2024-04-12 18:32:32
CONT2024002766,2024-04-09 13:04:55,
CONT2024002767,2024-04-11 01:15:03,2024-04-14 19:06:04
CONT2024002768,2024-04-05 22:09:38,
CONT2024002769,2024-04-06 01:05:59,2024-04-06 20:49:44
CONT2024002770,2024-04-09 11:12:36,2024-04-10 17:00:30
CONT2024002771,2024-04-03 07:01:03,2024-04-16 05:37:06
CONT2024002772,2024-04-03 08:02:19,2024-04-15 11:21:29
CONT2024002773,2024-04-07 02:31:53,2024-04-15 09:25:43
CONT2024002774,2024-04-07 14:00:04,2024-04-16 00:28:40
CONT2024002775,2024-04-03 11:19:51,2024-04-14 23:41:33
CONT2024002776,2024-04-08 20:47:08,2024-04-15 08:52:27
CONT2024002777,2024-04-12 19:53:37,
CONT2024002778,2024-04-11 04:25:35,2024-04-15 17:23:10
CONT2024002779,2024-04-06 17:06:51,2024-04-15 10:29:21
CONT2024002780,2024-04-11 00:12:40,
CONT2024002781,2024-04-09 20:15:01,
CONT2024002782,2024-04-03 01:37:38,2024-04-15 17:23:57
CONT2024002783,2024-04-11 03:37:44,2024-04-11 07:37:44
CONT2024002784,2024-04-03 12:01:52,2024-04-16 11:52:31
CONT2024002785,2024-04-04 19:40:36,2024-04-15 12:22:56
CONT2024002786,2024-04-08 15:37:43,2024-04-09 11:59:18
CONT2024002787,2024-04-06 16:58:19,2024-04-16 13:42:10
CONT2024002788,2024-04-09 06:15:56,
CONT2024002789,2024-04-11 07:25:38,2024-04-15 13:28:13
CONT2024002790,2024-04-06 05:10:02,2024-04-15 23:05:17
CONT2024002791,2024-04-03 00:08:37,2024-04-15 17:22:05
CONT2024002792,2024-04-09 08:02:06,2024-04-16 07:30:21
CONT2024002793,2024-04-13 07:56:01,
CONT2024002794,2024-04-09 10:12:15,
CONT2024002795,2024-04-11 16:44:25,2024-04-15 13:52:03
CONT2024002796,2024-04-09 07:17:33,2024-04-10 02:11:58
CONT2024002797,2024-04-05 03:38:48,
CONT2024002798,2024-04-07 08:42:22,2024-04-08 14:11:37
CONT2024002799,2024-04-12 10:20:10,2024-04-13 07:04:28
CONT2024002800,2024-04-10 20:36:06,2024-04-16 07:29:41
CONT2024002801,2024-04-07 23:06:39,2024-04-16 04:20:58
CONT2024002802,2024-04-11 12:42:29,2024-04-15 02:46:12
CONT2024002803,2024-04-11 01:00:20,2024-04-12 06:54:13
CONT2024002804,2024-04-04 09:21:27,2024-04-05 10:15:24
CONT2024002805,2024-04-12 17:10:01,2024-04-15 15:20:26
CONT2024002806,2024-04-04 00:28:41,2024-04-15 11:02:15
CONT2024002807,2024-04-08 12:27:29,
CONT2024002808,2024-04-07 05:09:08,2024-04-07 18:20:25
CONT2024002809,2024-04-04 05:37:21,
CONT2024002810,2024-04-03 04:04:16,2024-04-04 05:26:21
CONT2024002811,2024-04-08 00:18:55,2024-04-16 04:56:45
CONT2024002812,2024-04-05 20:29:34,2024-04-16 04:05:11
CONT2024002813,2024-04-10 23:27:52,
CONT2024002814,2024-04-08 18:02:27,2024-04-10 05:19:22
CONT2024002815,2024-04-08 08:35:08,
CONT2024002816,2024-04-11 00:18:48,2024-04-11 14:53:34
CONT2024002817,2024-04-09 11:50:06,2024-04-16 11:22:04
CONT2024002818,2024-04-04 07:56:40,2024-04-05 12:49:50
CONT2024002819,2024-04-03 12:49:27,
CONT2024002820,2024-04-11 08:37:35,2024-04-16 11:09:49
CONT2024002821,2024-04-03 06:30:44,2024-04-15 21:39:49
CONT2024002822,2024-04-10 18:29:49,2024-04-11 11:44:08
CONT2024002823,2024-04-05 02:20:18,2024-04-15 12:18:09
CONT2024002824,2024-04-09 19:40:33,2024-04-10 08:24:05
CONT2024002825,2024-04-03 12:09:04,2024-04-04 15:19:40
CONT2024002826,2024-04-12 10:07:57,2024-04-12 18:12:47
CONT2024002827,2024-04-12 06:55:49,2024-04-16 01:54:15
CONT2024002828,2024-04-09 09:18:47,
CONT2024002829,2024-04-03 23:19:58,2024-04-05 00:28:05
CONT2024002830,2024-04-12 17:28:30,2024-04-16 20:27:57
CONT2024002831,2024-04-05 11:41:37,2024-04-16 18:59:23
CONT2024002832,2024-04-04 19:02:47,2024-04-05 19:37:35
CONT2024002833,2024-04-13 16:22:47,2024-04-16 08:37:50
CONT2024002834,2024-04-03 06:50:31,2024-04-04 09:30:17
CONT2024002835,2024-04-04 02:39:33,2024-04-16 14:20:47
CONT2024002836,2024-04-04 14:08:55,2024-04-06 00:35:41
CONT2024002837,2024-04-11 12:27:23,2024-04-12 22:54:29
CONT2024002838,2024-04-07 19:52:08,2024-04-08 19:09:49
CONT2024002839,2024-04-10 07:21:12,2024-04-11 06:15:46
CONT2024002840,2024-04-10 21:01:41,2024-04-16 12:51:10
CONT2024002841,2024-04-05 08:51:58,
CONT2024002842,2024-04-13 00:58:47,2024-04-16 13:32:12
CONT2024002843,2024-04-10 00:12:28,
CONT2024002844,2024-04-08 08:12:40,
CONT2024002845,2024-04-03 18:32:05,
CONT2024002846,2024-04-07 07:18:56,
CONT2024002847,2024-04-11 00:57:04,2024-04-16 10:32:17
CONT2024002848,2024-04-09 03:21:52,2024-04-15 23:19:45
CONT2024002849,2024-04-06 02:12:49,
CONT2024002850,2024-04-04 01:45:21,2024-04-16 10:50:11
CONT2024002851,2024-04-13 05:25:27,2024-04-13 20:51:33
CONT2024002852,2024-04-12 00:50:54,2024-04-16 19:21:41
CONT2024002853,2024-04-10 00:18:15,2024-04-10 22:58:02
CONT2024002854,2024-04-13 23:05:23,2024-04-14 18:15:08
CONT2024002855,2024-04-13 08:35:42,2024-04-16 13:20:22
CONT2024002856,2024-04-06 07:26:41,2024-04-06 17:30:49
CONT2024002857,2024-04-12 21:32:47,
CONT2024002858,2024-04-10 16:29:56,2024-04-16 03:59:23
CONT2024002859,2024-04-05 05:59:51,2024-04-16 07:30:10
CONT2024002860,2024-04-07 15:44:38,
CONT2024002861,2024-04-07 04:03:14,2024-04-07 19:19:09
CONT2024002862,2024-04-07 06:44:13,2024-04-16 22:33:54
CONT2024002863,2024-04-04 23:39:00,
CONT2024002864,2024-04-13 10:37:46,2024-04-13 20:30:10
CONT2024002865,2024-04-12 03:24:17,2024-04-13 06:12:49
CONT2024002866,2024-04-08 13:59:09,2024-04-17 01:19:38
CONT2024002867,2024-04-04 11:07:52,2024-04-15 16:31:25
CONT2024002868,2024-04-05 15:13:37,
CONT2024002869,2024-04-12 04:49:50,2024-04-15 23:35:03
CONT2024002870,2024-04-09 14:02:09,2024-04-10 23:58:43
CONT2024002871,2024-04-02 21:59:48,2024-04-03 07:06:30
CONT2024002872,2024-04-03 11:42:42,2024-04-04 07:49:37
CONT2024002873,2024-04-06 09:20:52,2024-04-07 14:15:59
CONT2024002874,2024-04-05 00:55:10,2024-04-16 17:18:17
CONT2024002875,2024-04-03 07:25:03,2024-04-03 23:15:13
CONT2024002876,2024-04-07 21:41:19,2024-04-16 05:13:29
CONT2024002877,2024-04-11 19:50:09,2024-04-16 08:41:37
CONT2024002878,2024-04-10 15:19:43,
CONT2024002879,2024-04-13 12:27:35,2024-04-16 17:45:39
CONT2024002880,2024-04-06 21:36:19,2024-04-07 12:19:29
CONT2024002881,2024-04-09 04:12:16,2024-04-16 17:16:27
CONT2024002882,2024-04-04 14:26:25,2024-04-06 02:51:12
CONT2024002883,2024-04-09 13:28:48,
CONT2024002884,2024-04-09 03:29:29,2024-04-17 12:48:33
CONT2024002885,2024-04-10 05:05:14,2024-04-11 07:01:35
CONT2024002886,2024-04-09 23:40:47,2024-04-11 07:27:43
CONT2024002887,2024-04-13 00:02:28,2024-04-13 18:01:41
CONT2024002888,2024-04-12 19:43:44,2024-04-17 09:28:06
CONT2024002889,2024-04-05 16:37:27,2024-04-06 16:31:15
CONT2024002890,2024-04-05 13:47:23,
CONT2024002891,2024-04-10 18:37:30,
CONT2024002892,2024-04-12 18:05:55,2024-04-18 07:56:34
CONT2024002893,2024-04-06 05:42:50,2024-04-18 03:38:30
CONT2024002894,2024-04-13 23:44:16,
CONT2024002895,2024-04-06 11:03:12,2024-04-17 20:15:58
CONT2024002896,2024-04-12 09:58:09,
CONT2024002897,2024-04-13 03:41:44,2024-04-14 07:23:57
CONT2024002898,2024-04-06 16:41:03,2024-04-07 17:12:09
CONT2024002899,2024-04-14 08:45:23,
CONT2024002900,2024-04-12 02:03:28,
CONT2024002901,2024-04-08 11:33:45,
CONT2024002902,2024-04-14 01:21:03,2024-04-14 13:20:37
CONT2024002903,2024-04-06 06:51:08,2024-04-06 22:13:54
CONT2024002904,2024-04-13 23:03:42,2024-04-18 10:43:14
CONT2024002905,2024-04-04 19:35:34,2024-04-17 22:41:22
CONT2024002906,2024-04-05 08:40:21,2024-04-17 12:38:10
CONT2024002907,2024-04-13 07:57:02,2024-04-18 01:43:18
CONT2024002908,2024-04-12 09:54:29,2024-04-17 12:18:02
CONT2024002909,2024-04-05 05:55:04,2024-04-16 17:28:53
CONT2024002910,2024-04-04 10:51:39,2024-04-17 09:44:10
CONT2024002911,2024-04-03 19:44:44,2024-04-04 18:22:06
CONT2024002912,2024-04-14 04:14:31,2024-04-17 11:15:51
CONT2024002913,2024-04-12 04:13:40,2024-04-18 13:44:49
CONT2024002914,2024-04-07 09:36:29,2024-04-17 23:41:27
CONT2024002915,2024-04-11 07:34:10,2024-04-17 00:23:22
CONT2024002916,2024-04-12 19:59:13,2024-04-13 01:44:38
CONT2024002917,2024-04-06 03:56:52,2024-04-06 20:22:39
CONT2024002918,2024-04-11 08:07:15,2024-04-17 07:59:31
CONT2024002919,2024-04-13 06:54:46,2024-04-17 15:33:26
CONT2024002920,2024-04-06 09:57:31,2024-04-17 13:23:30
CONT2024002921,2024-04-10 11:14:35,2024-04-17 12:59:34
CONT2024002922,2024-04-09 10:16:50,2024-04-10 06:12:48
CONT2024002923,2024-04-11 08:29:20,2024-04-11 23:23:47
CONT2024002924,2024-04-13 13:07:09,
CONT2024002925,2024-04-11 18:27:31,
CONT2024002926,2024-04-05 09:24:41,2024-04-05 22:50:53
CONT2024002927,2024-04-13 23:15:57,2024-04-14 20:10:19
CONT2024002928,2024-04-09 07:10:29,2024-04-10 08:44:35
CONT2024002929,2024-04-09 13:31:05,
CONT2024002930,2024-04-05 18:03:05,2024-04-17 21:44:20
CONT2024002931,2024-04-14 04:06:24,2024-04-16 19:03:00
CONT2024002932,2024-04-14 04:47:22,2024-04-14 19:52:57
CONT2024002933,2024-04-06 07:38:53,2024-04-07 13:39:28
CONT2024002934,2024-04-06 01:43:10,
CONT2024002935,2024-04-07 09:35:03,2024-04-17 08:33:33
CONT2024002936,2024-04-12 00:37:40,2024-04-13 09:44:10
CONT2024002937,2024-04-04 15:51:31,2024-04-17 21:42:34
CONT2024002938,2024-04-12 17:47:55,2024-04-17 20:14:39
CONT2024002939,2024-04-12 07:36:37,2024-04-17 12:54:01
CONT2024002940,2024-04-13 12:47:44,2024-04-13 18:39:08
CONT2024002941,2024-04-12 07:43:16,2024-04-18 14:15:59
CONT2024002942,2024-04-14 17:27:54,2024-04-18 15:29:47
CONT2024002943,2024-04-05 10:42:39,2024-04-17 05:45:55
CONT2024002944,2024-04-10 06:56:24,
CONT2024002945,2024-04-09 21:58:59,2024-04-10 10:38:53
CONT2024002946,2024-04-06 12:07:36,2024-04-17 12:10:51
CONT2024002947,2024-04-05 06:35:08,2024-04-17 15:24:38
CONT2024002948,2024-04-14 17:20:28,2024-04-16 23:04:46
CONT2024002949,2024-04-05 04:35:12,2024-04-06 07:12:21
CONT2024002950,2024-04-06 21:50:19,2024-04-07 21:35:57
CONT2024002951,2024-04-08 21:20:22,2024-04-09 09:59:41
CONT2024002952,2024-04-06 22:44:19,2024-04-17 11:33:31
CONT2024002953,2024-04-13 09:53:23,2024-04-14 06:55:06
CONT2024002954,2024-04-10 16:59:19,2024-04-11 20:35:14
CONT2024002955,2024-04-13 10:35:19,2024-04-17 15:18:03
CONT2024002956,2024-04-05 09:36:13,
CONT2024002957,2024-04-08 12:01:13,
CONT2024002958,2024-04-08 04:31:25,2024-04-18 09:44:12
CONT2024002959,2024-04-05 10:23:46,2024-04-06 02:19:05
CONT2024002960,2024-04-08 10:47:36,2024-04-18 07:22:15
CONT2024002961,2024-04-08 22:39:19,2024-04-18 09:08:24
CONT2024002962,2024-04-07 16:55:01,2024-04-08 11:27:38
CONT2024002963,2024-04-06 01:27:42,2024-04-07 20:22:48
CONT2024002964,2024-04-08 09:35:28,2024-04-09 02:49:15
CONT2024002965,2024-04-09 17:53:02,2024-04-10 07:18:55
CONT2024002966,2024-04-12 22:48:39,2024-04-13 10:09:34
CONT2024002967,2024-04-09 01:22:32,2024-04-18 05:16:03
CONT2024002968,2024-04-11 13:03:47,2024-04-18 12:17:38
CONT2024002969,2024-04-05 10:48:24,
CONT2024002970,2024-04-15 10:32:49,2024-04-16 01:11:26
CONT2024002971,2024-04-09 09:12:12,
CONT2024002972,2024-04-10 02:59:35,
CONT2024002973,2024-04-10 19:29:51,2024-04-19 01:05:47
CONT2024002974,2024-04-09 03:55:27,2024-04-09 13:23:16
CONT2024002975,2024-04-08 06:30:49,2024-04-18 05:26:51
CONT2024002976,2024-04-11 23:37:15,2024-04-17 16:10:27
CONT2024002977,2024-04-13 16:10:22,2024-04-18 07:08:32
CONT2024002978,2024-04-05 10:12:46,2024-04-06 12:19:53
CONT2024002979,2024-04-09 15:22:24,2024-04-18 03:33:36
CONT2024002980,2024-04-12 17:11:52,
CONT2024002981,2024-04-08 06:57:20,
CONT2024002982,2024-04-09 03:33:36,2024-04-18 12:53:59
CONT2024002983,2024-04-14 14:58:29,2024-04-15 13:51:14
CONT2024002984,2024-04-08 11:54:59,2024-04-09 10:49:34
CONT2024002985,2024-04-09 22:06:49,2024-04-18 13:47:15
CONT2024002986,2024-04-10 16:38:56,2024-04-20 02:53:19
CONT2024002987,2024-04-11 23:36:09,2024-04-12 08:25:29
CONT2024002988,2024-04-14 00:08:42,
CONT2024002989,2024-04-10 13:53:03,2024-04-11 22:18:23
CONT2024002990,2024-04-11 19:48:27,2024-04-12 11:25:30
CONT2024002991,2024-04-16 01:14:41,2024-04-16 08:52:28
CONT2024002992,2024-04-14 13:01:42,2024-04-15 06:44:39
CONT2024002993,2024-04-14 23:15:14,2024-04-15 23:51:41
CONT2024002994,2024-04-11 12:19:34,2024-04-19 17:02:10
CONT2024002995,2024-04-06 11:04:47,2024-04-19 05:53:30
CONT2024002996,2024-04-14 05:29:22,2024-04-19 11:24:42
CONT2024002997,2024-04-09 11:45:25,2024-04-19 17:22:58
CONT2024002998,2024-04-13 14:43:13,2024-04-14 03:42:19
CONT2024002999,2024-04-13 21:59:10,2024-04-20 00:28:08
CONT2024003000,2024-04-08 10:24:51,
CONT2024003001,2024-04-15 14:23:07,2024-04-16 15:26:16
CONT2024003002,2024-04-09 08:59:50,2024-04-20 19:57:48
CONT2024003003,2024-04-16 05:15:49,2024-04-16 16:28:00
CONT2024003004,2024-04-07 05:29:52,2024-04-08 08:16:19
CONT2024003005,2024-04-06 16:43:48,2024-04-20 05:55:14
CONT2024003006,2024-04-10 16:54:35,2024-04-11 22:51:41
CONT2024003007,2024-04-15 22:20:30,
CONT2024003008,2024-04-17 00:35:44,
CONT2024003009,2024-04-15 20:32:42,2024-04-16 18:55:29
CONT2024003010,2024-04-13 13:24:03,2024-04-21 12:51:01
CONT2024003011,2024-04-11 01:29:14,2024-04-12 02:29:48
CONT2024003012,2024-04-09 19:28:59,2024-04-20 20:32:41
CONT2024003013,2024-04-07 21:27:34,2024-04-22 01:28:57
CONT2024003014,2024-04-16 06:23:58,2024-04-21 17:42:21
CONT2024003015,2024-04-15 08:44:43,2024-04-21 12:19:26
CONT2024003016,2024-04-08 05:42:30,2024-04-20 13:32:51
CONT2024003017,2024-04-14 06:50:09,2024-04-15 03:22:46
CONT2024003018,2024-04-17 06:34:46,2024-04-18 05:25:55
CONT2024003019,2024-04-09 12:36:49,
CONT2024003020,2024-04-13 22:32:09,2024-04-14 14:33:08
CONT2024003021,2024-04-09 19:56:32,2024-04-10 05:33:29
CONT2024003022,2024-04-17 12:16:07,2024-04-18 03:21:52
CONT2024003023,2024-04-11 07:49:07,2024-04-21 16:04:03
CONT2024003024,2024-04-17 12:57:00,2024-04-21 18:54:49
CONT2024003025,2024-04-14 21:03:28,2024-04-15 11:33:29
CONT2024003026,2024-04-12 13:24:44,
CONT2024003027,2024-04-08 08:13:05,2024-04-21 13:07:09
CONT2024003028,2024-04-14 09:50:14,
CONT2024003029,2024-04-09 19:23:48,
CONT2024003030,2024-04-13 17:26:24,2024-04-14 20:20:35
CONT2024003031,2024-04-17 11:19:12,2024-04-18 14:44:50
CONT2024003032,2024-04-16 22:50:32,2024-04-21 08:14:54
CONT2024003033,2024-04-09 00:40:11,2024-04-21 20:54:03
CONT2024003034,2024-04-08 16:21:32,2024-04-21 15:53:22
CONT2024003035,2024-04-09 04:21:40,
CONT2024003036,2024-04-14 03:37:03,2024-04-21 18:03:27
CONT2024003037,2024-04-13 04:58:43,2024-04-14 00:03:34
CONT2024003038,2024-04-15 14:28:00,2024-04-16 07:50:24
CONT2024003039,2024-04-14 02:33:32,
CONT2024003040,2024-04-18 09:54:29,2024-04-19 12:46:14
CONT2024003041,2024-04-12 13:03:28,2024-04-21 18:20:18
CONT2024003042,2024-04-10 02:10:33,2024-04-21 20:43:56
CONT2024003043,2024-04-15 22:17:52,2024-04-22 01:19:34
CONT2024003044,2024-04-18 18:53:53,
CONT2024003045,2024-04-16 08:18:06,
CONT2024003046,2024-04-16 17:46:31,
CONT2024003047,2024-04-19 07:29:20,2024-04-22 17:15:41
CONT2024003048,2024-04-12 22:38:11,2024-04-13 10:12:59
CONT2024003049,2024-04-12 22:30:27,2024-04-22 01:40:45
CONT2024003050,2024-04-12 17:04:48,2024-04-13 17:49:02
CONT2024003051,2024-04-14 21:55:05,
CONT2024003052,2024-04-15 22:53:06,2024-04-16 03:18:37
CONT2024003053,2024-04-18 21:21:59,2024-04-19 14:08:06
CONT2024003054,2024-04-09 17:20:47,
CONT2024003055,2024-04-11 07:59:33,2024-04-12 12:31:54
CONT2024003056,2024-04-15 16:31:36,2024-04-16 13:13:45
CONT2024003057,2024-04-09 17:51:58,2024-04-23 03:55:30
CONT2024003058,2024-04-18 06:00:33,2024-04-19 08:32:24
CONT2024003059,2024-04-13 13:10:11,2024-04-14 00:30:05
CONT2024003060,2024-04-14 23:39:33,2024-04-22 19:12:39
CONT2024003061,2024-04-10 18:07:41,2024-04-11 21:29:00
CONT2024003062,2024-04-12 06:22:59,
CONT2024003063,2024-04-10 03:11:06,2024-04-10 16:31:48
CONT2024003064,2024-04-14 12:52:42,2024-04-15 10:49:49
CONT2024003065,2024-04-18 18:53:10,2024-04-24 13:18:30
CONT2024003066,2024-04-19 04:06:34,2024-04-19 13:51:37
CONT2024003067,2024-04-11 15:18:42,2024-04-23 20:23:58
CONT2024003068,2024-04-10 05:25:25,2024-04-24 01:33:46
CONT2024003069,2024-04-17 11:25:43,2024-04-24 17:53:40
CONT2024003070,2024-04-16 08:44:41,2024-04-17 00:44:04
CONT2024003071,2024-04-11 02:19:39,2024-04-11 08:01:54
CONT2024003072,2024-04-15 06:01:40,2024-04-16 13:02:37
CONT2024003073,2024-04-18 16:17:38,2024-04-23 19:25:15
CONT2024003074,2024-04-21 07:23:04,2024-04-23 08:56:04
CONT2024003075,2024-04-14 09:37:47,2024-04-22 23:52:43
CONT2024003076,2024-04-12 04:37:00,2024-04-23 14:37:50
CONT2024003077,2024-04-10 19:36:04,2024-04-23 16:08:55
CONT2024003078,2024-04-10 09:03:43,2024-04-11 16:31:26
CONT2024003079,2024-04-11 19:42:10,2024-04-24 04:33:14
CONT2024003080,2024-04-10 02:12:20,
CONT2024003081,2024-04-20 09:09:40,2024-04-21 07:49:34
CONT2024003082,2024-04-20 03:35:37,2024-04-20 21:39:19
CONT2024003083,2024-04-15 05:18:21,
CONT2024003084,2024-04-16 13:40:15,
CONT2024003085,2024-04-20 20:52:27,2024-04-22 00:42:26
CONT2024003086,2024-04-13 14:06:14,2024-04-25 08:29:47
CONT2024003087,2024-04-21 15:55:57,2024-04-25 02:29:27
CONT2024003088,2024-04-15 13:55:19,2024-04-16 12:55:44
CONT2024003089,2024-04-20 04:09:44,2024-04-24 17:13:40
CONT2024003090,2024-04-19 07:04:53,2024-04-25 11:09:13
CONT2024003091,2024-04-18 14:11:17,2024-04-19 15:18:48
CONT2024003092,2024-04-11 15:18:01,2024-04-24 14:53:12
CONT2024003093,2024-04-21 16:40:56,2024-04-25 16:40:18
CONT2024003094,2024-04-18 12:22:49,2024-04-25 15:32:53
CONT2024003095,2024-04-16 04:36:48,
CONT2024003096,2024-04-17 03:24:10,
CONT2024003097,2024-04-14 14:08:07,2024-04-14 19:41:38
CONT2024003098,2024-04-13 12:11:14,2024-04-24 23:05:55
CONT2024003099,2024-04-21 00:00:14,2024-04-25 07:10:10
CONT2024003100,2024-04-16 03:25:11,
CONT2024003101,2024-04-18 08:19:55,2024-04-19 10:26:43
CONT2024003102,2024-04-17 01:09:20,2024-04-24 14:51:07
CONT2024003103,2024-04-12 23:33:15,2024-04-14 03:09:03
CONT2024003104,2024-04-15 15:14:26,2024-04-25 13:38:36
CONT2024003105,2024-04-14 05:44:53,2024-04-14 22:45:17
CONT2024003106,2024-04-22 12:09:50,2024-04-25 02:32:55
CONT2024003107,2024-04-14 05:36:58,2024-04-25 06:26:53
CONT2024003108,2024-04-18 17:08:33,2024-04-19 14:31:38
CONT2024003109,2024-04-15 16:23:55,2024-04-25 06:18:14
CONT2024003110,2024-04-12 20:18:38,
CONT2024003111,2024-04-18 05:48:41,
CONT2024003112,2024-04-21 09:48:24,2024-04-22 14:58:35
CONT2024003113,2024-04-11 20:19:39,
CONT2024003114,2024-04-12 00:56:00,2024-04-12 23:08:12
CONT2024003115,2024-04-21 11:39:15,2024-04-25 16:06:11
CONT2024003116,2024-04-16 13:37:42,
CONT2024003117,2024-04-13 03:24:14,2024-04-24 14:06:31
CONT2024003118,2024-04-22 10:53:20,2024-04-25 09:53:53
CONT2024003119,2024-04-20 08:11:21,2024-04-24 23:18:53
CONT2024003120,2024-04-18 16:26:41,2024-04-25 01:52:19
CONT2024003121,2024-04-20 04:19:22,2024-04-21 00:05:47
CONT2024003122,2024-04-19 00:34:07,
CONT2024003123,2024-04-22 05:59:34,2024-04-22 15:11:25
CONT2024003124,2024-04-13 01:28:25,2024-04-25 23:25:48
CONT2024003125,2024-04-16 07:44:37,2024-04-26 19:14:43
CONT2024003126,2024-04-17 11:25:48,2024-04-26 19:09:40
CONT2024003127,2024-04-12 18:21:13,2024-04-13 23:47:31
CONT2024003128,2024-04-16 18:22:12,2024-04-17 03:30:24
CONT2024003129,2024-04-19 07:10:05,2024-04-20 06:13:10
CONT2024003130,2024-04-12 03:33:06,2024-04-25 22:38:03
CONT2024003131,2024-04-18 07:02:34,2024-04-26 09:57:39
CONT2024003132,2024-04-18 01:43:58,2024-04-19 10:30:29
CONT2024003133,2024-04-22 22:52:26,2024-04-25 17:51:21
CONT2024003134,2024-04-16 01:08:28,2024-04-17 06:01:27
CONT2024003135,2024-04-22 13:23:04,2024-04-23 08:43:06
CONT2024003136,2024-04-23 08:13:24,2024-04-24 05:25:50
CONT2024003137,2024-04-14 22:25:35,2024-04-26 09:56:58
CONT2024003138,2024-04-22 19:55:34,2024-04-23 20:58:30
CONT2024003139,2024-04-19 16:39:44,
CONT2024003140,2024-04-16 18:08:30,2024-04-17 07:47:50
CONT2024003141,2024-04-22 11:17:35,2024-04-22 22:28:44
CONT2024003142,2024-04-23 00:55:45,2024-04-26 01:43:40
CONT2024003143,2024-04-21 16:21:36,2024-04-22 07:08:28
CONT2024003144,2024-04-21 03:14:25,2024-04-25 13:12:15
CONT2024003145,2024-04-20 04:25:19,2024-04-26 18:09:01
CONT2024003146,2024-04-19 10:47:46,2024-04-25 09:24:28
CONT2024003147,2024-04-13 13:02:41,2024-04-26 00:41:37
CONT2024003148,2024-04-23 10:11:27,2024-04-24 02:03:38
CONT2024003149,2024-04-18 03:02:23,2024-04-19 03:25:01
CONT2024003150,2024-04-13 03:02:30,2024-04-26 06:30:23
CONT2024003151,2024-04-15 08:17:35,
CONT2024003152,2024-04-14 06:05:35,2024-04-26 14:11:04
CONT2024003153,2024-04-14 14:28:32,2024-04-27 01:21:27
CONT2024003154,2024-04-21 10:02:34,2024-04-26 00:53:43
CONT2024003155,2024-04-16 00:01:11,2024-04-26 17:22:16
CONT2024003156,2024-04-18 21:50:43,2024-04-26 13:22:10
CONT2024003157,2024-04-12 13:10:32,
CONT2024003158,2024-04-23 16:00:50,2024-04-25 23:37:47
CONT2024003159,2024-04-17 01:50:13,
CONT2024003160,2024-04-21 14:27:29,2024-04-22 08:26:30
CONT2024003161,2024-04-14 12:09:39,2024-04-15 07:58:48
CONT2024003162,2024-04-15 18:30:29,2024-04-16 15:41:09
CONT2024003163,2024-04-14 00:50:31,2024-04-26 17:23:21
CONT2024003164,2024-04-21 21:48:30,
CONT2024003165,2024-04-13 19:37:24,2024-04-26 07:21:28
CONT2024003166,2024-04-19 09:46:55,2024-04-25 22:52:24
CONT2024003167,2024-04-12 18:53:40,2024-04-13 07:28:12
CONT2024003168,2024-04-15 17:43:59,2024-04-16 07:59:27
CONT2024003169,2024-04-18 08:37:50,2024-04-27 01:14:49
CONT2024003170,2024-04-19 03:19:38,
CONT2024003171,2024-04-18 02:52:16,
CONT2024003172,2024-04-21 02:19:40,2024-04-26 09:09:16
CONT2024003173,2024-04-18 02:56:35,2024-04-18 14:43:08
CONT2024003174,2024-04-14 22:13:54,2024-04-15 08:21:53
CONT2024003175,2024-04-17 14:45:36,2024-04-25 22:34:49
CONT2024003176,2024-04-14 22:11:16,2024-04-25 06:58:22
CONT2024003177,2024-04-21 10:30:35,2024-04-25 12:38:13
CONT2024003178,2024-04-22 02:53:18,2024-04-23 03:35:47
CONT2024003179,2024-04-13 23:34:51,2024-04-25 13:28:12
CONT2024003180,2024-04-21 14:07:57,2024-04-26 00:54:54
CONT2024003181,2024-04-20 15:57:15,2024-04-26 14:34:57
CONT2024003182,2024-04-17 11:52:29,2024-04-18 11:07:24
CONT2024003183,2024-04-15 21:54:06,
CONT2024003184,2024-04-21 05:23:31,
CONT2024003185,2024-04-21 00:00:22,2024-04-26 00:34:13
CONT2024003186,2024-04-15 21:57:42,2024-04-16 17:44:11
CONT2024003187,2024-04-22 00:24:21,2024-04-22 11:57:13
CONT2024003188,2024-04-18 18:00:29,2024-04-26 05:41:42
CONT2024003189,2024-04-18 22:54:03,2024-04-26 07:16:32
CONT2024003190,2024-04-19 21:35:19,2024-04-26 10:52:01
CONT2024003191,2024-04-13 16:37:33,2024-04-14 20:57:42
CONT2024003192,2024-04-17 19:12:42,
CONT2024003193,2024-04-17 17:24:35,2024-04-18 22:36:08
CONT2024003194,2024-04-17 08:30:58,2024-04-17 19:49:17
CONT2024003195,2024-04-19 19:43:50,2024-04-20 03:06:34
CONT2024003196,2024-04-14 12:50:15,2024-04-15 01:21:44
CONT2024003197,2024-04-14 08:59:35,2024-04-25 13:32:20
CONT2024003198,2024-04-16 00:22:03,
CONT2024003199,2024-04-20 04:48:34,2024-04-25 17:27:15
CONT2024003200,2024-04-21 08:56:11,2024-04-27 00:53:27
CONT2024003201,2024-04-15 01:43:14,2024-04-16 06:24:28
CONT2024003202,2024-04-21 03:03:35,2024-04-22 12:50:05
CONT2024003203,2024-04-19 10:38:29,2024-04-20 09:17:29
CONT2024003204,2024-04-22 03:00:56,2024-04-27 00:14:07
CONT2024003205,2024-04-17 05:02:14,2024-04-17 23:37:47
CONT2024003206,2024-04-20 19:31:49,2024-04-21 21:12:39
CONT2024003207,2024-04-13 00:06:46,2024-04-26 01:21:34
CONT2024003208,2024-04-22 04:02:45,2024-04-23 11:31:41
CONT2024003209,2024-04-21 07:14:30,
CONT2024003210,2024-04-13 13:12:27,2024-04-26 22:21:17
CONT2024003211,2024-04-16 00:49:21,2024-04-17 01:09:43
CONT2024003212,2024-04-18 07:37:06,2024-04-18 17:05:23
CONT2024003213,2024-04-20 16:24:01,2024-04-26 16:37:42
CONT2024003214,2024-04-18 13:51:13,2024-04-26 13:27:27
CONT2024003215,2024-04-18 08:43:33,2024-04-19 03:44:01
CONT2024003216,2024-04-20 15:47:54,2024-04-27 13:53:31
CONT2024003217,2024-04-22 09:02:38,2024-04-22 16:24:06
CONT2024003218,2024-04-16 21:40:59,2024-04-27 15:46:41
CONT2024003219,2024-04-14 16:31:05,2024-04-27 12:42:24
CONT2024003220,2024-04-24 06:32:53,2024-04-25 14:30:22
CONT2024003221,2024-04-23 21:19:21,
CONT2024003222,2024-04-23 18:51:27,2024-04-25 03:20:49
CONT2024003223,2024-04-19 07:32:34,2024-04-19 18:28:14
CONT2024003224,2024-04-21 01:08:55,2024-04-27 09:14:15
CONT2024003225,2024-04-20 09:15:17,2024-04-27 08:06:08
CONT2024003226,2024-04-22 09:51:55,2024-04-23 05:38:30
CONT2024003227,2024-04-19 07:22:54,2024-04-27 10:36:50
CONT2024003228,2024-04-18 06:49:18,2024-04-27 12:33:02
CONT2024003229,2024-04-14 16:15:30,2024-04-15 10:37:26
CONT2024003230,2024-04-21 22:48:08,2024-04-27 18:23:01
CONT2024003231,2024-04-16 18:06:15,2024-04-27 02:31:52
CONT2024003232,2024-04-23 04:18:26,
CONT2024003233,2024-04-21 13:30:47,
CONT2024003234,2024-04-19 21:49:53,2024-04-20 12:59:57
CONT2024003235,2024-04-24 12:13:05,2024-04-28 00:10:37
CONT2024003236,2024-04-20 12:13:09,2024-04-21 14:52:38
CONT2024003237,2024-04-21 22:49:46,2024-04-22 12:29:59
CONT2024003238,2024-04-15 21:23:40,2024-04-28 16:20:59
CONT2024003239,2024-04-17 13:14:32,2024-04-17 23:44:17
CONT2024003240,2024-04-19 21:51:30,2024-04-20 20:34:07
CONT2024003241,2024-04-19 19:43:04,2024-04-27 13:09:59
CONT2024003242,2024-04-21 13:17:56,2024-04-22 08:12:20
CONT2024003243,2024-04-21 18:08:27,2024-04-27 21:06:57
CONT2024003244,2024-04-16 04:09:32,2024-04-16 14:52:32
CONT2024003245,2024-04-23 00:37:19,2024-04-24 02:40:52
CONT2024003246,2024-04-19 09:30:48,2024-04-20 00:38:04
CONT2024003247,2024-04-14 16:12:14,2024-04-28 08:38:24
CONT2024003248,2024-04-22 10:28:13,
CONT2024003249,2024-04-14 20:33:14,
CONT2024003250,2024-04-21 23:51:20,2024-04-23 12:37:42
CONT2024003251,2024-04-18 23:48:33,2024-04-28 04:47:08
CONT2024003252,2024-04-23 09:58:11,2024-04-23 16:16:19
CONT2024003253,2024-04-20 17:54:51,2024-04-27 17:23:38
CONT2024003254,2024-04-18 23:28:26,2024-04-28 10:33:06
CONT2024003255,2024-04-19 01:37:41,
CONT2024003256,2024-04-17 23:16:26,2024-04-29 01:17:26
CONT2024003257,2024-04-20 10:57:11,2024-04-21 04:04:24
CONT2024003258,2024-04-24 20:36:15,2024-04-25 17:07:43
CONT2024003259,2024-04-22 11:39:10,2024-04-27 14:08:20
CONT2024003260,2024-04-17 07:41:44,2024-04-18 09:42:03
CONT2024003261,2024-04-21 07:58:07,
CONT2024003262,2024-04-21 13:04:42,2024-04-29 03:22:15
CONT2024003263,2024-04-16 13:49:01,2024-04-28 07:45:53
CONT2024003264,2024-04-20 01:19:39,2024-04-28 04:50:02
CONT2024003265,2024-04-16 13:59:42,
CONT2024003266,2024-04-21 10:03:55,2024-04-28 13:35:07
CONT2024003267,2024-04-25 13:25:20,
CONT2024003268,2024-04-17 15:50:20,2024-04-18 23:50:55
CONT2024003269,2024-04-18 19:08:23,2024-04-29 03:59:19
CONT2024003270,2024-04-20 14:57:13,
CONT2024003271,2024-04-18 02:10:05,2024-04-28 14:39:16
CONT2024003272,2024-04-17 13:05:58,2024-04-18 23:34:37
CONT2024003273,2024-04-20 03:46:14,2024-04-29 02:59:03
CONT2024003274,2024-04-26 05:22:07,2024-04-28 15:24:00
CONT2024003275,2024-04-19 02:28:44,
CONT2024003276,2024-04-23 01:52:17,2024-04-28 14:45:23
CONT2024003277,2024-04-24 07:17:39,2024-04-28 07:29:10
CONT2024003278,2024-04-23 01:15:15,
CONT2024003279,2024-04-21 17:19:18,2024-04-29 10:07:23
CONT2024003280,2024-04-21 06:53:39,
CONT2024003281,2024-04-20 23:23:28,
CONT2024003282,2024-04-16 00:32:55,2024-04-16 21:44:02
CONT2024003283,2024-04-19 04:23:46,2024-04-20 06:01:34
CONT2024003284,2024-04-23 16:50:02,2024-04-24 10:31:30
CONT2024003285,2024-04-20 08:32:04,2024-04-21 12:41:49
CONT2024003286,2024-04-23 09:10:01,2024-04-28 19:41:24
CONT2024003287,2024-04-19 06:51:09,2024-04-29 13:13:49
CONT2024003288,2024-04-21 19:19:35,2024-04-29 04:55:33
CONT2024003289,2024-04-17 11:59:04,2024-04-28 06:44:11
CONT2024003290,2024-04-21 08:18:45,2024-04-28 17:44:54
CONT2024003291,2024-04-20 11:35:48,2024-04-29 12:25:13
CONT2024003292,2024-04-16 21:18:33,2024-04-28 19:47:46
CONT2024003293,2024-04-17 09:01:01,2024-04-18 11:13:57
CONT2024003294,2024-04-24 13:44:00,2024-04-28 17:40:20
CONT2024003295,2024-04-16 18:29:55,2024-04-30 00:17:08
CONT2024003296,2024-04-21 11:03:20,2024-04-22 11:07:14
CONT2024003297,2024-04-21 03:36:05,2024-04-21 18:50:12
CONT2024003298,2024-04-17 14:06:46,2024-04-17 18:06:46
CONT2024003299,2024-04-25 20:21:32,2024-04-27 02:10:35
CONT2024003300,2024-04-18 18:33:55,2024-04-19 01:27:36
CONT2024003301,2024-04-26 01:23:09,2024-04-27 06:23:23
CONT2024003302,2024-04-25 21:49:57,2024-04-26 15:56:25
CONT2024003303,2024-04-25 02:37:42,2024-04-29 12:26:42
CONT2024003304,2024-04-18 15:26:51,2024-04-29 10:14:07
CONT2024003305,2024-04-19 07:14:27,2024-04-19 16:06:44
CONT2024003306,2024-04-19 20:15:21,2024-04-29 09:46:07
CONT2024003307,2024-04-18 05:15:39,
CONT2024003308,2024-04-23 10:16:16,
CONT2024003309,2024-04-20 23:03:04,2024-04-21 20:54:58
CONT2024003310,2024-04-26 01:14:27,2024-04-26 13:54:30
CONT2024003311,2024-04-26 14:40:44,
CONT2024003312,2024-04-16 18:14:07,2024-04-30 07:33:37
CONT2024003313,2024-04-25 16:21:46,2024-04-26 18:22:41
CONT2024003314,2024-04-21 12:14:19,2024-04-22 00:07:48
CONT2024003315,2024-04-20 15:36:12,2024-04-28 23:43:22
CONT2024003316,2024-04-26 12:43:17,2024-04-29 08:07:59
CONT2024003317,2024-04-17 11:57:28,2024-04-18 14:19:40
CONT2024003318,2024-04-25 03:57:34,2024-04-26 08:48:47
CONT2024003319,2024-04-20 17:18:07,2024-04-22 01:10:05
CONT2024003320,2024-04-23 22:37:21,
CONT2024003321,2024-04-25 12:22:59,2024-04-29 09:03:32
CONT2024003322,2024-04-19 12:22:17,2024-04-20 12:30:35
CONT2024003323,2024-04-23 21:57:13,
CONT2024003324,2024-04-23 23:33:37,2024-04-29 10:06:47
CONT2024003325,2024-04-18 18:19:54,2024-04-19 11:28:20
CONT2024003326,2024-04-24 13:50:28,2024-04-30 12:58:26
CONT2024003327,2024-04-26 16:10:15,2024-04-27 22:56:39
CONT2024003328,2024-04-25 01:13:03,2024-04-28 13:45:07
CONT2024003329,2024-04-17 12:31:44,2024-04-30 04:54:11
CONT2024003330,2024-04-20 17:15:45,2024-04-21 20:02:08
CONT2024003331,2024-04-16 01:24:51,2024-04-17 19:12:07
CONT2024003332,2024-04-19 18:33:20,2024-04-29 23:12:07
CONT2024003333,2024-04-16 16:32:01,2024-04-17 03:04:35
CONT2024003334,2024-04-20 11:10:38,2024-04-29 21:40:36
CONT2024003335,2024-04-24 08:45:00,2024-04-29 05:04:16
CONT2024003336,2024-04-25 04:01:17,2024-04-29 19:13:40
CONT2024003337,2024-04-19 08:00:03,2024-04-29 19:38:33
CONT2024003338,2024-04-19 15:53:57,2024-04-30 05:00:30
CONT2024003339,2024-04-22 11:58:35,2024-04-30 07:21:55
CONT2024003340,2024-04-21 17:27:51,2024-04-22 12:38:59
CONT2024003341,2024-04-20 12:04:04,2024-04-29 04:38:27
CONT2024003342,2024-04-22 03:35:41,2024-04-29 09:28:12
CONT2024003343,2024-04-23 00:52:52,2024-04-24 04:23:09
CONT2024003344,2024-04-25 16:51:03,2024-04-30 01:52:43
CONT2024003345,2024-04-24 00:35:13,2024-04-24 12:42:12
CONT2024003346,2024-04-16 23:35:37,2024-04-18 03:56:50
CONT2024003347,2024-04-19 04:27:24,2024-04-29 13:27:49
CONT2024003348,2024-04-26 21:17:57,2024-04-27 18:15:33
CONT2024003349,2024-04-24 08:34:53,2024-04-25 06:59:13
CONT2024003350,2024-04-25 20:00:41,2024-04-29 15:11:43
CONT2024003351,2024-04-26 12:21:44,2024-04-27 12:44:10
CONT2024003352,2024-04-23 07:12:18,2024-04-24 02:26:34
CONT2024003353,2024-04-23 13:34:03,
CONT2024003354,2024-04-23 21:09:25,2024-05-01 23:18:33
CONT2024003355,2024-04-19 11:25:18,2024-04-20 03:50:56
CONT2024003356,2024-04-25 07:23:30,2024-05-03 01:23:15
CONT2024003357,2024-04-22 05:13:35,2024-04-23 16:14:21
CONT2024003358,2024-04-29 18:26:41,2024-05-02 07:06:41
CONT2024003359,2024-04-22 11:27:24,2024-05-03 10:35:49
CONT2024003360,2024-04-20 07:50:25,2024-04-21 00:04:37
CONT2024003361,2024-04-28 15:43:57,2024-04-29 16:40:41
CONT2024003362,2024-04-21 23:31:53,
CONT2024003363,2024-04-29 14:16:29,2024-04-30 09:10:18
CONT2024003364,2024-04-27 11:46:26,2024-05-02 22:35:20
CONT2024003365,2024-04-26 04:00:13,2024-04-26 08:00:13
CONT2024003366,2024-04-30 05:36:08,2024-05-03 02:41:56
CONT2024003367,2024-04-27 21:56:17,2024-04-28 22:39:36
CONT2024003368,2024-04-26 13:02:24,
CONT2024003369,2024-04-22 19:28:06,2024-04-23 23:01:52
CONT2024003370,2024-04-28 23:41:27,2024-04-29 21:04:08
CONT2024003371,2024-04-20 18:00:15,
CONT2024003372,2024-04-29 11:25:59,2024-04-30 12:20:59
CONT2024003373,2024-04-28 07:17:04,2024-05-02 11:28:13
CONT2024003374,2024-04-20 09:43:18,2024-05-02 12:50:09
CONT2024003375,2024-04-20 09:09:49,2024-04-21 11:20:07
CONT2024003376,2024-04-22 20:58:45,2024-05-03 01:38:40
CONT2024003377,2024-04-20 21:31:21,2024-04-21 14:19:15
CONT2024003378,2024-04-29 04:14:09,2024-04-30 16:32:43
CONT2024003379,2024-04-29 20:49:03,2024-04-30 12:22:56
CONT2024003380,2024-04-20 10:49:41,2024-05-04 06:24:06
CONT2024003381,2024-04-21 19:06:32,2024-05-04 03:23:16
CONT2024003382,2024-04-29 16:01:53,2024-04-30 10:33:08
CONT2024003383,2024-04-23 10:49:25,2024-05-04 11:30:41
CONT2024003384,2024-04-24 14:22:56,2024-04-25 03:52:45
CONT2024003385,2024-04-24 13:57:26,
CONT2024003386,2024-04-27 19:40:51,2024-04-28 22:35:45
CONT2024003387,2024-04-30 16:17:32,2024-05-02 03:35:23
CONT2024003388,2024-04-23 17:50:44,
CONT2024003389,2024-04-22 01:48:21,
CONT2024003390,2024-04-27 12:02:45,2024-05-03 18:13:27
CONT2024003391,2024-04-30 10:05:21,2024-05-04 08:52:52
CONT2024003392,2024-04-28 01:52:47,2024-04-28 14:55:15
CONT2024003393,2024-04-23 08:56:59,2024-04-23 23:32:55
CONT2024003394,2024-04-20 23:18:59,2024-04-21 18:02:45
CONT2024003395,2024-04-24 07:09:19,2024-05-04 01:35:47
CONT2024003396,2024-04-29 04:15:10,2024-04-30 19:20:38
CONT2024003397,2024-04-21 08:11:55,
CONT2024003398,2024-04-27 23:35:23,2024-04-28 14:17:37
CONT2024003399,2024-04-27 19:02:40,2024-05-04 12:52:48
CONT2024003400,2024-04-21 21:56:34,2024-04-22 18:28:03
CONT2024003401,2024-04-28 08:38:22,2024-05-04 01:16:30
CONT2024003402,2024-04-28 21:27:46,2024-05-04 08:56:21
CONT2024003403,2024-04-22 10:44:28,
CONT2024003404,2024-04-22 02:35:51,2024-04-22 17:17:55
CONT2024003405,2024-04-21 12:30:50,2024-04-22 21:55:45
CONT2024003406,2024-04-29 18:55:10,2024-05-01 06:03:33
CONT2024003407,2024-04-20 20:44:36,2024-04-21 11:00:00
CONT2024003408,2024-04-29 12:09:02,2024-05-04 02:21:21
CONT2024003409,2024-04-22 14:06:06,
CONT2024003410,2024-04-24 19:21:08,2024-05-04 16:33:41
CONT2024003411,2024-04-26 08:20:48,
CONT2024003412,2024-04-22 14:57:10,2024-04-23 07:24:09
CONT2024003413,2024-04-30 06:50:10,
CONT2024003414,2024-04-25 11:53:22,2024-04-26 15:35:20
CONT2024003415,2024-04-26 22:26:31,2024-04-27 13:29:26
CONT2024003416,2024-04-29 14:25:25,2024-05-04 23:02:26
CONT2024003417,2024-04-29 09:21:49,
CONT2024003418,2024-04-28 05:31:53,2024-04-28 22:59:24
CONT2024003419,2024-04-25 11:59:50,2024-05-04 17:20:44
CONT2024003420,2024-04-30 22:41:56,2024-05-04 23:58:56
CONT2024003421,2024-04-28 14:11:29,2024-04-29 12:11:27
CONT2024003422,2024-04-21 00:09:33,2024-05-05 03:47:12
CONT2024003423,2024-04-27 17:56:46,
CONT2024003424,2024-04-22 23:08:03,2024-04-23 20:53:24
CONT2024003425,2024-04-22 19:12:04,2024-05-04 17:33:04
CONT2024003426,2024-04-21 22:30:04,
CONT2024003427,2024-04-29 05:55:15,2024-04-29 16:27:19
CONT2024003428,2024-04-22 14:11:23,2024-05-05 00:35:43
CONT2024003429,2024-04-26 07:17:02,2024-05-05 03:23:24
CONT2024003430,2024-04-28 03:27:42,
CONT2024003431,2024-04-30 05:49:19,2024-04-30 22:38:16
CONT2024003432,2024-05-01 05:29:32,2024-05-04 15:56:14
CONT2024003433,2024-04-27 00:04:35,2024-04-27 18:44:11
CONT2024003434,2024-04-22 00:10:47,2024-04-23 03:34:10
CONT2024003435,2024-04-28 13:18:58,2024-04-29 02:10:09
CONT2024003436,2024-04-24 16:53:41,2024-04-24 20:53:41
CONT2024003437,2024-04-30 23:12:11,2024-05-02 04:39:56
CONT2024003438,2024-04-28 03:23:59,2024-04-29 00:06:10
CONT2024003439,2024-04-27 11:36:11,
CONT2024003440,2024-04-26 14:16:48,2024-05-05 17:10:51
CONT2024003441,2024-04-28 12:31:08,2024-05-05 09:41:05
CONT2024003442,2024-04-23 21:00:57,2024-05-05 12:59:26
CONT2024003443,2024-04-26 17:41:02,2024-04-27 22:27:41
CONT2024003444,2024-04-23 19:57:12,2024-05-05 19:36:07
CONT2024003445,2024-05-01 17:34:23,2024-05-05 15:38:23
CONT2024003446,2024-05-02 02:05:38,
CONT2024003447,2024-04-30 22:54:02,2024-05-06 03:52:05
CONT2024003448,2024-04-25 16:19:46,
CONT2024003449,2024-04-26 02:09:42,2024-04-26 17:24:30
CONT2024003450,2024-04-27 15:44:46,
CONT2024003451,2024-05-03 07:23:00,2024-05-03 13:42:49
CONT2024003452,2024-05-03 00:20:44,2024-05-06 12:29:17
CONT2024003453,2024-04-27 01:03:49,2024-05-05 23:03:34
CONT2024003454,2024-04-23 21:53:30,2024-05-06 00:27:11
CONT2024003455,2024-04-29 13:56:32,2024-04-30 14:41:47
CONT2024003456,2024-04-24 21:20:52,
CONT2024003457,2024-05-02 22:43:39,2024-05-03 21:25:40
CONT2024003458,2024-05-02 12:21:06,2024-05-03 07:09:06
CONT2024003459,2024-04-23 05:11:56,2024-04-24 03:15:47
CONT2024003460,2024-04-26 23:12:41,
CONT2024003461,2024-04-29 18:44:13,2024-04-30 17:07:01
CONT2024003462,2024-04-27 12:44:25,2024-04-27 23:15:16
CONT2024003463,2024-04-30 10:32:14,2024-05-01 11:12:15
CONT2024003464,2024-04-29 05:29:46,2024-05-05 23:03:46
CONT2024003465,2024-04-27 02:38:19,2024-04-27 23:15:27
CONT2024003466,2024-05-01 04:56:31,2024-05-02 05:19:13
CONT2024003467,2024-04-26 10:36:13,2024-05-06 16:57:55
CONT2024003468,2024-04-23 16:45:00,
CONT2024003469,2024-04-26 19:28:29,2024-05-05 06:10:33
CONT2024003470,2024-04-24 22:49:59,
CONT2024003471,2024-04-23 23:51:08,2024-05-06 05:54:50
CONT2024003472,2024-05-02 20:21:48,2024-05-05 15:15:04
CONT2024003473,2024-04-22 20:55:16,2024-04-23 14:00:23
CONT2024003474,2024-04-22 22:05:19,
CONT2024003475,2024-05-02 08:38:30,2024-05-02 22:51:20
CONT2024003476,2024-05-01 08:51:34,2024-05-02 14:19:29
CONT2024003477,2024-04-24 15:04:00,2024-04-25 15:47:31
CONT2024003478,2024-04-25 18:14:41,2024-05-05 23:41:01
CONT2024003479,2024-04-30 19:46:05,2024-05-06 21:53:12
CONT2024003480,2024-04-23 22:00:21,2024-04-24 23:46:11
CONT2024003481,2024-04-22 13:50:06,2024-05-05 16:23:11
CONT2024003482,2024-05-01 11:15:30,2024-05-02 12:37:56
CONT2024003483,2024-05-01 23:53:20,2024-05-03 02:59:48
CONT2024003484,2024-04-27 10:50:32,
CONT2024003485,2024-05-01 20:37:03,2024-05-05 20:14:14
CONT2024003486,2024-04-29 01:06:40,2024-05-05 18:32:54
CONT2024003487,2024-05-01 12:59:19,2024-05-05 14:50:20
CONT2024003488,2024-04-30 17:56:30,2024-05-05 21:21:27
CONT2024003489,2024-05-01 01:21:57,2024-05-05 10:09:35
CONT2024003490,2024-04-27 03:01:14,2024-05-06 06:14:43
CONT2024003491,2024-04-28 06:23:36,2024-04-28 17:43:04
CONT2024003492,2024-05-01 01:21:19,2024-05-05 05:02:10
CONT2024003493,2024-04-24 17:54:54,2024-05-05 23:09:56
CONT2024003494,2024-04-26 20:09:55,2024-05-07 00:03:53
CONT2024003495,2024-04-25 10:38:38,2024-05-06 16:30:44
CONT2024003496,2024-04-24 11:42:37,2024-04-25 02:14:41
CONT2024003497,2024-04-26 16:14:17,2024-05-06 11:16:34
CONT2024003498,2024-04-24 10:25:53,2024-05-06 19:46:41
CONT2024003499,2024-04-25 21:56:47,2024-04-26 07:13:12
CONT2024003500,2024-04-24 11:08:10,2024-05-07 05:18:35
CONT2024003501,2024-04-28 13:12:01,2024-05-07 06:26:26
CONT2024003502,2024-05-02 18:46:03,
CONT2024003503,2024-04-25 04:25:02,2024-05-06 06:19:59
CONT2024003504,2024-04-28 17:39:43,2024-05-07 05:40:08
CONT2024003505,2024-04-28 03:55:01,2024-05-06 16:28:29
CONT2024003506,2024-05-02 23:06:12,2024-05-03 20:12:15
CONT2024003507,2024-04-30 12:58:13,2024-05-05 23:28:18
CONT2024003508,2024-04-27 05:01:57,2024-05-07 05:56:58
CONT2024003509,2024-04-24 10:58:12,2024-05-06 22:38:56
CONT2024003510,2024-05-01 22:38:27,2024-05-02 14:33:26
CONT2024003511,2024-05-01 12:26:47,2024-05-02 05:53:34
CONT2024003512,2024-04-27 01:31:17,2024-04-27 17:28:41
CONT2024003513,2024-04-25 22:07:33,2024-04-27 02:47:29
CONT2024003514,2024-05-01 10:37:49,2024-05-06 20:23:38
CONT2024003515,2024-05-03 21:36:37,2024-05-08 04:19:27
CONT2024003516,2024-04-29 05:14:53,
CONT2024003517,2024-05-03 05:43:54,2024-05-07 06:17:49
CONT2024003518,2024-05-01 17:36:18,2024-05-02 23:30:31
CONT2024003519,2024-04-30 14:26:41,2024-05-01 07:57:51
CONT2024003520,2024-05-03 07:54:54,2024-05-06 19:40:18
CONT2024003521,2024-05-03 22:50:51,2024-05-07 01:57:28
CONT2024003522,2024-04-29 17:49:34,2024-04-30 09:24:39
CONT2024003523,2024-05-04 09:39:51,2024-05-07 14:55:28
CONT2024003524,2024-05-04 11:52:09,
CONT2024003525,2024-04-26 19:14:57,2024-04-27 15:54:18
CONT2024003526,2024-04-26 17:00:54,2024-05-07 11:46:39
CONT2024003527,2024-04-27 13:46:55,2024-05-08 02:51:43
CONT2024003528,2024-04-26 12:25:26,2024-04-26 20:55:59
CONT2024003529,2024-05-01 11:23:53,2024-05-07 02:52:16
CONT2024003530,2024-04-28 17:24:03,2024-04-29 16:52:19
CONT2024003531,2024-05-02 02:31:49,2024-05-08 01:20:30
CONT2024003532,2024-04-27 01:34:42,2024-05-07 12:13:36
CONT2024003533,2024-04-28 02:20:56,2024-04-28 19:46:18
CONT2024003534,2024-04-24 04:42:02,2024-04-24 22:15:00
CONT2024003535,2024-04-25 04:38:25,2024-04-26 04:24:20
CONT2024003536,2024-04-24 19:11:01,2024-05-07 15:49:19
CONT2024003537,2024-04-30 15:40:50,
CONT2024003538,2024-04-25 21:51:19,2024-05-07 14:05:55
CONT2024003539,2024-04-25 17:01:18,2024-04-26 14:29:16
CONT2024003540,2024-04-28 20:11:25,2024-05-08 07:48:10
CONT2024003541,2024-04-25 11:26:50,2024-05-08 06:50:58
CONT2024003542,2024-04-26 00:06:22,2024-04-26 15:57:20
CONT2024003543,2024-04-27 10:05:36,2024-04-28 04:38:03
CONT2024003544,2024-04-24 12:45:21,2024-05-07 12:14:41
CONT2024003545,2024-04-26 01:55:58,2024-04-26 20:16:26
CONT2024003546,2024-04-30 15:54:27,2024-05-07 12:27:20
CONT2024003547,2024-04-26 01:11:08,2024-04-26 16:50:11
CONT2024003548,2024-05-02 14:06:39,2024-05-07 05:30:13
CONT2024003549,2024-04-25 20:14:44,2024-04-26 20:31:37
CONT2024003550,2024-05-01 06:35:41,
CONT2024003551,2024-04-28 13:00:19,2024-04-28 22:00:11
CONT2024003552,2024-04-23 23:36:22,
CONT2024003553,2024-04-27 23:12:12,2024-05-06 23:15:20
CONT2024003554,2024-05-01 11:54:22,2024-05-02 10:00:05
CONT2024003555,2024-04-24 19:32:29,2024-04-25 18:16:32
CONT2024003556,2024-04-27 23:40:07,2024-05-07 11:52:59
CONT2024003557,2024-04-24 16:34:48,2024-04-25 17:27:20
CONT2024003558,2024-05-04 21:11:21,2024-05-06 01:09:00
CONT2024003559,2024-05-03 12:52:31,2024-05-04 07:22:52
CONT2024003560,2024-05-02 08:33:19,2024-05-08 02:20:07
CONT2024003561,2024-04-29 17:53:57,2024-05-08 03:34:45
CONT2024003562,2024-04-27 10:56:07,2024-05-07 12:22:40
CONT2024003563,2024-04-29 05:02:16,2024-05-08 06:44:44
CONT2024003564,2024-04-26 10:39:52,2024-04-27 22:19:42
CONT2024003565,2024-04-26 11:36:23,2024-04-27 05:22:52
CONT2024003566,2024-05-02 06:36:14,2024-05-06 15:45:04
CONT2024003567,2024-05-04 04:08:28,2024-05-05 02:32:38
CONT2024003568,2024-05-04 05:07:29,2024-05-07 20:55:28
CONT2024003569,2024-04-30 15:23:35,
CONT2024003570,2024-05-02 06:44:18,2024-05-03 08:57:10
CONT2024003571,2024-04-29 22:10:56,2024-04-30 22:16:10
CONT2024003572,2024-05-02 04:00:57,2024-05-02 19:09:00
CONT2024003573,2024-05-05 08:35:24,2024-05-06 16:00:03
CONT2024003574,2024-04-25 04:32:58,2024-05-08 05:42:05
CONT2024003575,2024-04-26 05:32:24,2024-04-26 23:47:44
CONT2024003576,2024-04-28 00:19:14,2024-05-07 18:14:50
CONT2024003577,2024-04-29 22:02:56,2024-05-07 18:43:46
CONT2024003578,2024-04-29 22:09:07,2024-04-30 09:12:50
CONT2024003579,2024-04-26 17:40:07,2024-05-09 03:12:20
CONT2024003580,2024-05-03 13:30:59,2024-05-03 23:19:25
CONT2024003581,2024-04-26 01:57:55,2024-05-09 04:13:11
CONT2024003582,2024-05-01 13:50:02,2024-05-02 21:26:04
CONT2024003583,2024-04-27 04:04:52,
CONT2024003584,2024-04-26 06:04:17,2024-05-08 10:12:22
CONT2024003585,2024-05-01 15:26:58,2024-05-09 02:01:02
CONT2024003586,2024-04-28 01:14:41,2024-04-28 23:41:44
CONT2024003587,2024-04-26 10:30:01,2024-05-07 21:26:09
CONT2024003588,2024-05-04 18:30:39,2024-05-09 07:27:29
CONT2024003589,2024-05-03 20:49:19,2024-05-05 09:31:05
CONT2024003590,2024-05-01 17:51:35,2024-05-09 09:05:08
CONT2024003591,2024-05-05 12:57:19,2024-05-08 07:27:27
CONT2024003592,2024-05-03 11:33:54,2024-05-09 09:09:52
CONT2024003593,2024-05-02 20:07:55,2024-05-09 20:00:59
CONT2024003594,2024-05-01 21:29:20,2024-05-02 14:02:22
CONT2024003595,2024-05-01 11:43:51,
CONT2024003596,2024-04-26 19:55:49,
CONT2024003597,2024-04-26 09:20:36,2024-05-09 08:21:00
CONT2024003598,2024-05-05 21:46:25,
CONT2024003599,2024-04-28 15:53:10,2024-04-29 17:11:35
CONT2024003600,2024-04-28 21:08:26,2024-05-10 14:38:24
CONT2024003601,2024-05-02 21:43:26,2024-05-09 16:04:01
CONT2024003602,2024-04-27 21:44:28,2024-05-10 05:28:38
CONT2024003603,2024-05-05 08:48:55,
CONT2024003604,2024-05-05 00:40:33,2024-05-05 20:32:39
CONT2024003605,2024-05-04 01:32:18,2024-05-04 23:28:39
CONT2024003606,2024-05-06 03:31:59,
CONT2024003607,2024-04-28 21:17:01,
CONT2024003608,2024-04-28 01:51:49,2024-05-10 19:42:40
CONT2024003609,2024-05-06 11:55:46,2024-05-09 22:41:11
CONT2024003610,2024-05-02 16:27:27,2024-05-03 06:53:57
CONT2024003611,2024-04-30 15:46:45,2024-05-01 06:06:43
CONT2024003612,2024-05-03 20:08:11,2024-05-09 22:03:45
CONT2024003613,2024-05-03 19:48:17,2024-05-04 06:35:15
CONT2024003614,2024-04-28 04:06:27,2024-04-28 20:12:13
CONT2024003615,2024-05-07 05:25:15,2024-05-09 22:32:57
CONT2024003616,2024-04-27 02:17:10,
CONT2024003617,2024-05-07 15:44:13,2024-05-09 15:48:21
CONT2024003618,2024-05-03 17:40:17,2024-05-04 21:04:05
CONT2024003619,2024-05-03 18:28:10,2024-05-09 15:28:14
CONT2024003620,2024-04-30 03:47:19,2024-05-01 03:39:38
CONT2024003621,2024-04-29 19:10:09,2024-05-11 21:15:34
CONT2024003622,2024-05-03 12:43:23,
CONT2024003623,2024-04-27 13:11:36,2024-05-11 17:51:55
CONT2024003624,2024-05-07 21:23:18,2024-05-11 08:57:22
CONT2024003625,2024-04-30 15:27:48,2024-05-11 04:39:02
CONT2024003626,2024-05-07 12:59:03,2024-05-08 17:50:40
CONT2024003627,2024-05-06 20:29:53,
CONT2024003628,2024-04-29 00:24:54,2024-04-30 00:34:52
CONT2024003629,2024-05-07 14:53:18,2024-05-08 08:22:42
CONT2024003630,2024-05-03 03:07:59,2024-05-11 19:24:40
CONT2024003631,2024-04-30 11:40:00,2024-05-12 02:45:25
CONT2024003632,2024-05-01 21:18:15,2024-05-03 00:08:08
CONT2024003633,2024-05-08 13:46:57,2024-05-12 08:24:34
CONT2024003634,2024-05-07 20:55:10,
CONT2024003635,2024-04-29 15:53:51,2024-05-11 06:13:32
CONT2024003636,2024-05-07 01:49:24,
CONT2024003637,2024-04-28 21:40:13,2024-05-11 23:17:05
CONT2024003638,2024-05-03 21:37:45,2024-05-11 14:54:37
CONT2024003639,2024-05-01 05:24:54,2024-05-10 19:45:44
CONT2024003640,2024-05-08 19:38:21,2024-05-09 14:25:02
CONT2024003641,2024-04-30 23:20:29,2024-05-02 12:59:19
CONT2024003642,2024-05-06 21:11:42,2024-05-11 22:46:40
CONT2024003643,2024-05-09 15:18:11,
CONT2024003644,2024-05-07 02:49:44,2024-05-11 21:57:17
CONT2024003645,2024-05-05 02:31:03,2024-05-12 14:36:52
CONT2024003646,2024-05-07 11:50:45,2024-05-11 22:35:37
CONT2024003647,2024-05-07 06:06:01,2024-05-12 03:21:39
CONT2024003648,2024-05-02 07:30:50,2024-05-03 05:04:24
CONT2024003649,2024-05-05 08:54:18,2024-05-06 06:59:43
CONT2024003650,2024-05-07 07:21:41,2024-05-08 11:41:29
CONT2024003651,2024-05-02 03:48:59,2024-05-02 21:53:26
CONT2024003652,2024-05-01 04:32:19,
CONT2024003653,2024-04-30 20:17:26,2024-05-02 05:08:51
CONT2024003654,2024-04-28 17:23:51,2024-04-29 10:45:13
CONT2024003655,2024-05-03 10:36:04,
CONT2024003656,2024-05-06 08:48:00,2024-05-07 11:01:51
CONT2024003657,2024-04-29 20:15:32,2024-05-12 18:04:51
CONT2024003658,2024-04-30 05:06:24,2024-05-11 21:06:20
CONT2024003659,2024-05-01 03:38:31,2024-05-11 22:47:27
CONT2024003660,2024-05-04 13:28:42,2024-05-05 19:25:22
CONT2024003661,2024-05-08 02:36:39,2024-05-08 18:03:51
CONT2024003662,2024-05-05 16:54:10,2024-05-11 08:38:40
CONT2024003663,2024-04-30 19:02:09,2024-05-01 07:51:45
CONT2024003664,2024-05-08 15:11:02,2024-05-11 19:49:58
CONT2024003665,2024-04-29 22:41:47,2024-05-12 20:58:35
CONT2024003666,2024-04-29 09:10:26,2024-04-29 22:20:09
CONT2024003667,2024-05-04 04:02:15,2024-05-04 23:32:20
CONT2024003668,2024-04-29 08:47:43,2024-05-12 13:33:44
CONT2024003669,2024-05-07 05:03:19,2024-05-07 22:00:08
CONT2024003670,2024-05-07 04:42:57,2024-05-07 20:46:15
CONT2024003671,2024-05-08 17:19:30,2024-05-11 23:19:40
CONT2024003672,2024-05-01 01:53:08,2024-05-12 16:08:46
CONT2024003673,2024-04-30 19:30:29,
CONT2024003674,2024-05-02 22:29:15,2024-05-11 22:41:52
CONT2024003675,2024-04-29 07:56:30,2024-04-30 06:13:07
CONT2024003676,2024-05-09 01:59:02,2024-05-10 06:32:59
CONT2024003677,2024-05-06 18:42:10,2024-05-12 09:59:31
CONT2024003678,2024-05-04 19:33:18,2024-05-05 20:42:48
CONT2024003679,2024-04-29 06:27:33,2024-05-11 19:39:22
CONT2024003680,2024-05-06 21:47:11,2024-05-11 19:12:58
CONT2024003681,2024-04-28 16:33:03,2024-04-29 01:18:50
CONT2024003682,2024-05-03 23:37:00,2024-05-05 00:15:20
CONT2024003683,2024-05-01 06:33:35,2024-05-12 12:14:10
CONT2024003684,2024-05-02 03:23:07,2024-05-02 21:28:56
CONT2024003685,2024-04-30 20:53:13,2024-05-12 02:54:45
CONT2024003686,2024-05-06 13:02:42,2024-05-07 09:49:27
CONT2024003687,2024-04-28 18:18:34,2024-05-12 02:39:09
CONT2024003688,2024-04-29 15:37:53,2024-05-12 08:09:56
CONT2024003689,2024-05-05 00:46:43,2024-05-05 04:46:43
CONT2024003690,2024-05-05 19:15:05,2024-05-07 06:18:52
CONT2024003691,2024-05-04 19:05:42,2024-05-05 06:00:28
CONT2024003692,2024-05-08 14:25:52,2024-05-09 01:52:12
CONT2024003693,2024-05-01 23:47:53,2024-05-12 12:29:49
CONT2024003694,2024-05-07 03:03:30,2024-05-08 03:39:57
CONT2024003695,2024-05-07 03:50:20,
CONT2024003696,2024-05-07 08:52:19,2024-05-12 03:33:09
CONT2024003697,2024-05-05 22:52:31,2024-05-12 13:06:14
CONT2024003698,2024-05-03 02:12:08,2024-05-13 01:30:37
CONT2024003699,2024-05-03 16:01:34,2024-05-04 06:17:18
CONT2024003700,2024-05-07 19:26:38,
CONT2024003701,2024-05-03 11:37:22,
CONT2024003702,2024-05-02 22:10:11,2024-05-12 04:26:37
CONT2024003703,2024-05-01 02:32:02,2024-05-02 02:29:54
CONT2024003704,2024-05-10 04:58:50,
CONT2024003705,2024-04-29 14:28:19,2024-05-13 02:55:42
CONT2024003706,2024-05-08 08:11:28,2024-05-09 04:52:38
CONT2024003707,2024-05-01 06:31:31,
CONT2024003708,2024-05-07 15:55:57,2024-05-08 14:19:33
CONT2024003709,2024-05-03 14:03:03,2024-05-04 10:16:36
CONT2024003710,2024-05-02 12:48:49,
CONT2024003711,2024-05-10 00:47:39,2024-05-12 19:08:35
CONT2024003712,2024-04-29 23:44:25,
CONT2024003713,2024-05-06 22:57:28,2024-05-13 08:35:54
CONT2024003714,2024-04-30 17:55:50,2024-05-13 20:52:21
CONT2024003715,2024-05-05 04:02:30,2024-05-05 13:02:06
CONT2024003716,2024-05-10 03:34:17,2024-05-11 01:51:54
CONT2024003717,2024-05-08 11:40:25,2024-05-09 00:09:30
CONT2024003718,2024-04-30 19:07:17,2024-05-14 07:01:58
CONT2024003719,2024-04-30 13:13:57,2024-05-01 09:36:03
CONT2024003720,2024-05-03 05:26:50,2024-05-13 11:25:13
CONT2024003721,2024-05-06 12:57:54,2024-05-13 18:39:55
CONT2024003722,2024-04-30 18:54:27,2024-05-01 19:23:48
CONT2024003723,2024-05-02 15:14:20,2024-05-13 05:30:10
CONT2024003724,2024-05-06 19:01:15,2024-05-07 13:56:57
CONT2024003725,2024-05-07 15:19:59,2024-05-13 14:54:01
CONT2024003726,2024-05-06 08:24:20,2024-05-07 19:09:03
CONT2024003727,2024-05-04 09:21:24,2024-05-13 09:09:20
CONT2024003728,2024-05-06 13:11:00,2024-05-13 11:00:29
CONT2024003729,2024-05-06 06:06:07,2024-05-07 02:20:29
CONT2024003730,2024-05-09 08:49:00,2024-05-15 00:19:04
CONT2024003731,2024-05-07 01:08:47,2024-05-14 17:53:42
CONT2024003732,2024-05-07 00:23:57,2024-05-07 13:47:58
CONT2024003733,2024-05-06 00:14:34,2024-05-15 00:59:20
CONT2024003734,2024-05-01 17:12:57,2024-05-15 10:27:27
CONT2024003735,2024-05-06 10:03:48,2024-05-07 19:22:30
CONT2024003736,2024-05-03 18:59:28,2024-05-04 12:31:19
CONT2024003737,2024-05-05 23:41:24,
CONT2024003738,2024-05-02 17:47:08,2024-05-03 01:14:19
CONT2024003739,2024-05-09 08:34:27,2024-05-14 19:18:30
CONT2024003740,2024-05-03 08:52:13,2024-05-15 02:23:59
CONT2024003741,2024-05-11 08:29:26,2024-05-11 22:21:02
CONT2024003742,2024-05-05 13:14:22,2024-05-16 04:55:52
CONT2024003743,2024-05-07 21:31:13,2024-05-09 07:18:15
CONT2024003744,2024-05-03 23:52:27,2024-05-15 13:41:01
CONT2024003745,2024-05-13 01:27:22,2024-05-15 02:17:53
CONT2024003746,2024-05-04 22:54:21,2024-05-16 13:43:21
CONT2024003747,2024-05-03 10:58:01,
CONT2024003748,2024-05-11 09:53:44,2024-05-12 10:49:29
CONT2024003749,2024-05-01 20:37:59,2024-05-02 22:42:26
CONT2024003750,2024-05-12 05:50:28,2024-05-15 04:09:50
CONT2024003751,2024-05-05 22:42:20,2024-05-15 17:38:47
CONT2024003752,2024-05-02 19:53:23,2024-05-03 19:06:08
CONT2024003753,2024-05-03 22:43:45,2024-05-16 04:16:36
CONT2024003754,2024-05-03 01:06:26,2024-05-15 16:06:20
CONT2024003755,2024-05-04 12:20:31,2024-05-15 12:08:40
CONT2024003756,2024-05-07 10:10:09,2024-05-15 10:49:12
CONT2024003757,2024-05-06 11:13:00,2024-05-14 20:42:13
CONT2024003758,2024-05-09 12:59:32,2024-05-10 08:36:57
CONT2024003759,2024-05-03 18:33:19,2024-05-16 10:38:47
CONT2024003760,2024-05-08 02:37:33,
CONT2024003761,2024-05-08 21:27:48,2024-05-16 08:39:45
CONT2024003762,2024-05-05 12:24:46,2024-05-17 00:34:30
CONT2024003763,2024-05-05 23:54:24,2024-05-17 09:29:47
CONT2024003764,2024-05-13 17:08:21,2024-05-16 02:57:06
CONT2024003765,2024-05-06 10:34:10,2024-05-07 01:01:07
CONT2024003766,2024-05-03 08:13:57,2024-05-04 05:43:11
CONT2024003767,2024-05-12 08:01:19,2024-05-13 08:18:19
CONT2024003768,2024-05-06 07:25:56,2024-05-17 03:52:37
CONT2024003769,2024-05-07 13:48:57,2024-05-08 21:29:10
CONT2024003770,2024-05-11 20:54:30,2024-05-12 22:46:17
CONT2024003771,2024-05-10 12:47:15,2024-05-17 00:02:27
CONT2024003772,2024-05-09 12:41:27,2024-05-10 13:14:49
CONT2024003773,2024-05-04 17:34:34,
CONT2024003774,2024-05-08 22:28:04,2024-05-16 09:03:42
CONT2024003775,2024-05-13 00:00:51,2024-05-17 17:02:59
CONT2024003776,2024-05-07 13:50:43,2024-05-09 06:36:29
CONT2024003777,2024-05-03 10:01:57,2024-05-04 13:48:24
CONT2024003778,2024-05-12 06:58:38,2024-05-17 06:26:11
CONT2024003779,2024-05-11 19:35:33,2024-05-16 13:30:53
CONT2024003780,2024-05-05 18:16:09,2024-05-06 09:41:44
CONT2024003781,2024-05-06 16:17:01,2024-05-07 16:38:26
CONT2024003782,2024-05-06 12:58:53,2024-05-16 17:37:54
CONT2024003783,2024-05-12 15:26:01,2024-05-13 04:00:30
CONT2024003784,2024-05-09 04:11:17,
CONT2024003785,2024-05-13 23:37:12,
CONT2024003786,2024-05-05 06:54:07,
CONT2024003787,2024-05-10 03:06:44,2024-05-17 01:56:00
CONT2024003788,2024-05-11 17:09:18,2024-05-17 08:46:24
CONT2024003789,2024-05-09 01:29:33,
CONT2024003790,2024-05-09 19:41:59,2024-05-16 18:38:28
CONT2024003791,2024-05-07 03:27:58,2024-05-17 08:35:17
CONT2024003792,2024-05-07 14:06:46,2024-05-08 06:01:53
CONT2024003793,2024-05-05 07:18:16,2024-05-06 03:34:08
CONT2024003794,2024-05-04 17:33:41,2024-05-16 18:49:30
CONT2024003795,2024-05-13 11:54:07,2024-05-17 13:47:49
CONT2024003796,2024-05-07 01:34:17,2024-05-07 16:35:43
CONT2024003797,2024-05-12 21:23:15,2024-05-13 12:30:20
CONT2024003798,2024-05-05 08:09:40,
CONT2024003799,2024-05-07 00:35:57,2024-05-17 16:33:28
CONT2024003800,2024-05-08 23:30:24,2024-05-17 07:15:44
CONT2024003801,2024-05-06 05:21:23,2024-05-07 04:32:32
CONT2024003802,2024-05-06 03:25:47,2024-05-16 17:08:36
CONT2024003803,2024-05-05 07:40:51,2024-05-16 16:29:53
CONT2024003804,2024-05-06 23:16:12,2024-05-08 06:32:29
CONT2024003805,2024-05-03 17:20:36,2024-05-17 03:15:18
CONT2024003806,2024-05-13 20:39:50,2024-05-14 23:11:00
CONT2024003807,2024-05-07 11:29:18,2024-05-08 09:58:32
CONT2024003808,2024-05-12 19:27:23,
CONT2024003809,2024-05-05 18:24:30,2024-05-16 17:44:35
CONT2024003810,2024-05-09 04:50:53,
CONT2024003811,2024-05-12 11:22:12,
CONT2024003812,2024-05-05 13:01:09,
CONT2024003813,2024-05-06 20:39:38,2024-05-16 22:50:27
CONT2024003814,2024-05-11 19:30:41,2024-05-12 20:38:40
CONT2024003815,2024-05-12 05:33:06,2024-05-13 09:46:32
CONT2024003816,2024-05-12 10:59:09,
CONT2024003817,2024-05-11 03:19:49,2024-05-17 18:16:09
CONT2024003818,2024-05-06 20:12:57,2024-05-17 03:11:50
CONT2024003819,2024-05-05 12:46:05,2024-05-07 00:20:37
CONT2024003820,2024-05-13 17:36:20,
CONT2024003821,2024-05-06 23:52:14,2024-05-17 03:38:05
CONT2024003822,2024-05-13 14:29:21,2024-05-16 20:14:27
CONT2024003823,2024-05-05 18:46:46,
CONT2024003824,2024-05-09 09:10:03,2024-05-10 11:16:01
CONT2024003825,2024-05-10 03:34:33,2024-05-17 16:28:36
CONT2024003826,2024-05-05 02:28:13,2024-05-05 13:09:44
CONT2024003827,2024-05-11 11:59:44,2024-05-12 10:56:48
CONT2024003828,2024-05-12 22:54:50,2024-05-17 07:40:00
CONT2024003829,2024-05-12 05:17:14,2024-05-18 05:00:17
CONT2024003830,2024-05-11 00:39:02,
CONT2024003831,2024-05-06 04:41:06,2024-05-07 02:25:57
CONT2024003832,2024-05-08 17:00:59,2024-05-17 17:01:33
CONT2024003833,2024-05-08 13:40:26,2024-05-09 07:20:55
CONT2024003834,2024-05-14 17:13:07,2024-05-20 02:36:52
CONT2024003835,2024-05-08 02:03:52,2024-05-08 13:29:43
CONT2024003836,2024-05-12 19:58:11,2024-05-19 04:06:41
CONT2024003837,2024-05-09 03:54:34,2024-05-19 13:11:49
CONT2024003838,2024-05-06 23:13:50,2024-05-07 16:27:33
CONT2024003839,2024-05-09 00:27:02,2024-05-19 09:10:22
CONT2024003840,2024-05-11 06:57:54,2024-05-20 00:04:54
CONT2024003841,2024-05-15 11:38:51,2024-05-19 11:26:03
CONT2024003842,2024-05-09 20:13:47,2024-05-19 15:11:28
CONT2024003843,2024-05-08 01:28:31,2024-05-08 18:45:15
CONT2024003844,2024-05-10 12:44:22,2024-05-11 13:32:02
CONT2024003845,2024-05-10 06:19:14,2024-05-10 20:09:43
CONT2024003846,2024-05-06 12:15:39,2024-05-07 00:06:45
CONT2024003847,2024-05-09 12:17:01,
CONT2024003848,2024-05-09 07:33:35,
CONT2024003849,2024-05-15 23:09:53,2024-05-19 08:57:56
CONT2024003850,2024-05-15 00:09:01,2024-05-16 07:01:20
CONT2024003851,2024-05-13 19:05:21,2024-05-19 03:27:17
CONT2024003852,2024-05-14 16:20:48,2024-05-15 07:24:10
CONT2024003853,2024-05-08 07:40:09,2024-05-19 12:43:57
CONT2024003854,2024-05-15 08:11:01,2024-05-16 00:28:41
CONT2024003855,2024-05-08 16:00:14,
CONT2024003856,2024-05-10 01:35:12,2024-05-11 02:56:33
CONT2024003857,2024-05-11 02:20:55,2024-05-19 14:21:13
CONT2024003858,2024-05-10 14:38:51,2024-05-11 18:34:18
CONT2024003859,2024-05-15 04:20:32,2024-05-19 09:40:08
CONT2024003860,2024-05-09 21:43:25,2024-05-11 07:00:37
CONT2024003861,2024-05-15 14:08:17,2024-05-16 07:33:58
CONT2024003862,2024-05-06 10:03:54,2024-05-19 16:15:35
CONT2024003863,2024-05-14 20:50:09,2024-05-15 11:52:27
CONT2024003864,2024-05-10 02:34:23,2024-05-10 20:32:37
CONT2024003865,2024-05-15 08:47:53,2024-05-15 23:43:00
CONT2024003866,2024-05-08 07:51:19,2024-05-18 22:42:51
CONT2024003867,2024-05-11 05:35:31,2024-05-20 08:13:33
CONT2024003868,2024-05-16 19:25:36,
CONT2024003869,2024-05-10 07:49:38,2024-05-11 08:15:36
CONT2024003870,2024-05-09 06:29:12,2024-05-10 13:48:46
CONT2024003871,2024-05-09 23:33:03,2024-05-10 19:07:35
CONT2024003872,2024-05-07 14:52:52,2024-05-08 17:13:39
CONT2024003873,2024-05-07 11:14:04,
CONT2024003874,2024-05-08 23:09:01,2024-05-09 20:57:53
CONT2024003875,2024-05-06 09:07:17,2024-05-06 18:02:03
CONT2024003876,2024-05-11 12:57:03,2024-05-11 22:41:40
CONT2024003877,2024-05-06 21:58:25,2024-05-19 17:36:55
CONT2024003878,2024-05-13 16:03:55,2024-05-14 00:55:16
CONT2024003879,2024-05-15 14:33:43,2024-05-20 11:04:42
CONT2024003880,2024-05-13 05:21:17,2024-05-14 03:29:59
CONT2024003881,2024-05-08 10:20:37,
CONT2024003882,2024-05-09 04:47:10,2024-05-20 11:18:41
CONT2024003883,2024-05-13 20:06:44,2024-05-14 15:09:40
CONT2024003884,2024-05-08 21:36:36,2024-05-09 18:45:50
CONT2024003885,2024-05-10 16:25:25,2024-05-12 08:00:39
CONT2024003886,2024-05-15 08:26:10,2024-05-16 17:54:06
CONT2024003887,2024-05-15 22:33:15,
CONT2024003888,2024-05-08 00:17:11,2024-05-19 15:06:41
CONT2024003889,2024-05-17 21:11:57,
CONT2024003890,2024-05-13 12:03:02,2024-05-20 10:52:31
CONT2024003891,2024-05-09 04:32:01,2024-05-10 04:29:06
CONT2024003892,2024-05-13 13:51:46,2024-05-20 19:31:14
CONT2024003893,2024-05-15 14:58:52,2024-05-16 16:06:49
CONT2024003894,2024-05-09 00:18:02,2024-05-21 09:27:35
CONT2024003895,2024-05-15 15:10:50,2024-05-20 22:17:29
CONT2024003896,2024-05-15 03:53:18,2024-05-16 12:58:25
CONT2024003897,2024-05-16 18:56:33,
CONT2024003898,2024-05-08 23:57:45,2024-05-09 10:55:57
CONT2024003899,2024-05-10 01:19:04,2024-05-20 21:14:23
CONT2024003900,2024-05-13 03:38:04,2024-05-21 16:18:32
CONT2024003901,2024-05-15 00:28:56,
CONT2024003902,2024-05-17 19:26:30,2024-05-18 21:51:24
CONT2024003903,2024-05-09 01:20:05,2024-05-10 00:04:28
CONT2024003904,2024-05-15 03:32:52,2024-05-16 14:02:55
CONT2024003905,2024-05-15 23:32:52,2024-05-22 07:56:19
CONT2024003906,2024-05-17 02:31:14,2024-05-21 21:55:46
CONT2024003907,2024-05-14 04:41:01,
CONT2024003908,2024-05-12 12:09:53,
CONT2024003909,2024-05-10 20:41:40,2024-05-21 14:51:47
CONT2024003910,2024-05-13 10:39:59,2024-05-21 02:26:25
CONT2024003911,2024-05-18 12:52:20,2024-05-21 09:01:24
CONT2024003912,2024-05-13 04:01:08,2024-05-13 22:45:09
CONT2024003913,2024-05-13 16:15:35,2024-05-14 06:14:07
CONT2024003914,2024-05-08 13:32:52,2024-05-09 20:12:32
CONT2024003915,2024-05-15 14:26:48,2024-05-16 03:13:47
CONT2024003916,2024-05-09 10:19:13,
CONT2024003917,2024-05-16 17:45:48,2024-05-20 16:59:37
CONT2024003918,2024-05-17 16:50:33,
CONT2024003919,2024-05-18 01:56:49,2024-05-22 02:11:45
CONT2024003920,2024-05-12 04:13:03,
CONT2024003921,2024-05-14 15:16:39,2024-05-22 09:21:19
CONT2024003922,2024-05-16 04:10:50,2024-05-17 06:29:37
CONT2024003923,2024-05-11 20:51:37,2024-05-21 12:32:28
CONT2024003924,2024-05-10 20:24:46,2024-05-22 06:09:41
CONT2024003925,2024-05-10 14:29:09,2024-05-11 08:59:11
CONT2024003926,2024-05-17 01:12:03,2024-05-21 11:11:48
CONT2024003927,2024-05-11 17:22:16,2024-05-12 20:37:34
CONT2024003928,2024-05-14 04:00:08,2024-05-21 16:56:23
CONT2024003929,2024-05-10 23:17:04,2024-05-20 21:50:57
CONT2024003930,2024-05-16 06:41:05,
CONT2024003931,2024-05-17 01:01:05,2024-05-21 22:44:39
CONT2024003932,2024-05-12 14:23:49,
CONT2024003933,2024-05-12 19:01:23,2024-05-13 11:23:39
CONT2024003934,2024-05-12 13:30:20,2024-05-21 14:12:48
CONT2024003935,2024-05-13 05:25:01,2024-05-22 05:50:12
CONT2024003936,2024-05-09 20:16:40,
CONT2024003937,2024-05-10 13:17:14,2024-05-22 18:48:22
CONT2024003938,2024-05-15 03:15:00,2024-05-16 05:21:12
CONT2024003939,2024-05-11 12:59:19,2024-05-21 23:22:48
CONT2024003940,2024-05-12 01:41:53,2024-05-12 23:35:47
CONT2024003941,2024-05-13 05:37:48,2024-05-14 11:09:59
CONT2024003942,2024-05-16 19:34:39,2024-05-22 01:33:03
CONT2024003943,2024-05-18 08:23:32,2024-05-19 15:51:31
CONT2024003944,2024-05-14 08:41:33,2024-05-15 13:33:24
CONT2024003945,2024-05-12 16:45:07,2024-05-22 16:14:30
CONT2024003946,2024-05-11 08:36:47,2024-05-22 22:55:34
CONT2024003947,2024-05-11 03:35:49,
CONT2024003948,2024-05-18 20:03:52,2024-05-19 22:28:23
CONT2024003949,2024-05-18 02:12:14,2024-05-19 00:30:37
CONT2024003950,2024-05-17 08:30:08,2024-05-18 07:52:06
CONT2024003951,2024-05-10 02:20:01,2024-05-11 04:23:06
CONT2024003952,2024-05-15 20:32:03,2024-05-17 10:10:20
CONT2024003953,2024-05-12 20:51:54,
CONT2024003954,2024-05-12 11:38:29,2024-05-22 10:44:30
CONT2024003955,2024-05-11 14:41:58,2024-05-22 19:10:08
CONT2024003956,2024-05-19 13:40:38,2024-05-23 07:14:02
CONT2024003957,2024-05-18 00:38:30,2024-05-23 22:09:20
CONT2024003958,2024-05-20 07:12:09,2024-05-21 01:28:34
CONT2024003959,2024-05-16 00:49:43,2024-05-23 17:28:47
CONT2024003960,2024-05-14 02:20:50,2024-05-23 17:25:05
CONT2024003961,2024-05-13 03:47:35,2024-05-23 23:52:07
CONT2024003962,2024-05-20 06:54:05,2024-05-24 02:07:50
CONT2024003963,2024-05-14 10:57:15,2024-05-23 15:26:47
CONT2024003964,2024-05-20 13:36:00,
CONT2024003965,2024-05-19 14:57:00,2024-05-23 14:42:21
CONT2024003966,2024-05-21 03:13:07,2024-05-22 08:13:52
CONT2024003967,2024-05-15 15:13:44,
CONT2024003968,2024-05-18 05:56:57,2024-05-23 19:25:19
CONT2024003969,2024-05-16 19:20:53,2024-05-23 08:06:15
CONT2024003970,2024-05-20 13:26:55,2024-05-21 06:07:37
CONT2024003971,2024-05-16 12:56:23,2024-05-23 21:55:46
CONT2024003972,2024-05-16 14:24:56,
CONT2024003973,2024-05-11 11:37:20,2024-05-12 18:23:07
CONT2024003974,2024-05-20 13:36:50,2024-05-23 16:54:11
CONT2024003975,2024-05-18 10:15:40,2024-05-19 06:00:24
CONT2024003976,2024-05-13 03:56:23,2024-05-14 01:40:45
CONT2024003977,2024-05-16 04:37:40,2024-05-23 12:45:31
CONT2024003978,2024-05-15 04:06:50,2024-05-24 02:28:15
CONT2024003979,2024-05-18 10:54:45,
CONT2024003980,2024-05-12 22:43:01,2024-05-23 11:46:54
CONT2024003981,2024-05-15 12:28:51,2024-05-16 16:08:06
CONT2024003982,2024-05-10 05:38:31,2024-05-23 19:09:21
CONT2024003983,2024-05-20 13:01:02,2024-05-21 07:04:59
CONT2024003984,2024-05-16 14:39:51,2024-05-23 16:54:27
CONT2024003985,2024-05-19 14:10:37,2024-05-20 06:26:12
CONT2024003986,2024-05-12 08:44:30,
CONT2024003987,2024-05-19 17:49:03,2024-05-20 09:56:45
CONT2024003988,2024-05-10 07:48:29,2024-05-11 02:23:15
CONT2024003989,2024-05-12 20:30:01,2024-05-13 16:05:28
CONT2024003990,2024-05-13 01:33:21,
CONT2024003991,2024-05-16 19:52:52,2024-05-25 10:47:49
CONT2024003992,2024-05-18 17:40:07,2024-05-26 15:09:27
CONT2024003993,2024-05-17 02:17:17,2024-05-18 05:00:19
CONT2024003994,2024-05-19 21:12:13,2024-05-20 17:30:59
CONT2024003995,2024-05-21 12:48:03,
CONT2024003996,2024-05-16 01:35:45,2024-05-25 14:01:16
CONT2024003997,2024-05-15 00:49:44,2024-05-25 00:27:38
CONT2024003998,2024-05-12 21:19:10,
CONT2024003999,2024-05-17 11:00:08,2024-05-25 09:57:06
CONT2024004000,2024-05-20 04:20:47,
CONT2024004001,2024-05-17 06:46:46,2024-05-17 21:53:59
CONT2024004002,2024-05-13 02:02:24,2024-05-14 17:25:05
CONT2024004003,2024-05-12 18:03:10,2024-05-26 05:54:32
CONT2024004004,2024-05-21 08:00:08,2024-05-26 00:41:51
CONT2024004005,2024-05-12 16:28:32,2024-05-25 14:37:50
CONT2024004006,2024-05-12 18:46:57,2024-05-25 19:32:34
CONT2024004007,2024-05-15 20:39:21,2024-05-16 13:23:17
CONT2024004008,2024-05-21 19:42:16,
CONT2024004009,2024-05-18 15:22:43,2024-05-24 22:53:45
CONT2024004010,2024-05-20 19:13:36,2024-05-21 16:50:35
CONT2024004011,2024-05-20 19:52:58,2024-05-21 18:29:37
CONT2024004012,2024-05-12 22:12:15,2024-05-14 02:33:52
CONT2024004013,2024-05-13 22:11:18,2024-05-25 19:50:01
CONT2024004014,2024-05-16 05:27:31,2024-05-24 18:39:38
CONT2024004015,2024-05-16 16:22:35,2024-05-25 15:13:56
CONT2024004016,2024-05-20 05:39:03,
CONT2024004017,2024-05-11 15:45:07,2024-05-12 12:00:11
CONT2024004018,2024-05-14 06:12:51,2024-05-24 20:59:27
CONT2024004019,2024-05-18 01:53:55,2024-05-25 09:03:42
CONT2024004020,2024-05-21 13:43:39,
CONT2024004021,2024-05-11 20:19:03,
CONT2024004022,2024-05-18 14:37:03,
CONT2024004023,2024-05-14 22:01:54,
CONT2024004024,2024-05-18 02:05:57,2024-05-25 17:31:33
CONT2024004025,2024-05-17 16:25:40,2024-05-18 10:59:44
CONT2024004026,2024-05-12 02:29:46,
CONT2024004027,2024-05-21 19:38:34,2024-05-22 13:02:01
CONT2024004028,2024-05-17 16:57:20,2024-05-17 23:36:54
CONT2024004029,2024-05-18 21:34:35,
CONT2024004030,2024-05-16 16:38:46,2024-05-26 04:48:31
CONT2024004031,2024-05-17 23:02:52,2024-05-25 02:03:46
CONT2024004032,2024-05-15 02:59:26,2024-05-26 00:30:43
CONT2024004033,2024-05-17 12:36:58,2024-05-25 17:40:11
CONT2024004034,2024-05-20 02:07:48,2024-05-20 23:12:36
CONT2024004035,2024-05-19 09:53:37,2024-05-19 23:30:56
CONT2024004036,2024-05-11 10:10:38,2024-05-26 10:18:52
CONT2024004037,2024-05-12 23:45:55,2024-05-13 09:37:45
CONT2024004038,2024-05-18 19:00:22,2024-05-19 12:01:11
CONT2024004039,2024-05-18 23:05:11,
CONT2024004040,2024-05-15 18:08:31,2024-05-25 12:14:32
CONT2024004041,2024-05-20 17:29:55,2024-05-20 23:06:33
CONT2024004042,2024-05-20 10:26:43,2024-05-25 10:46:08
CONT2024004043,2024-05-21 07:57:02,2024-05-25 19:33:57
CONT2024004044,2024-05-19 19:59:47,2024-05-25 23:04:54
CONT2024004045,2024-05-17 00:05:42,2024-05-25 22:00:24
CONT2024004046,2024-05-13 02:30:06,2024-05-13 07:21:34
CONT2024004047,2024-05-18 19:04:37,2024-05-26 02:27:49
CONT2024004048,2024-05-11 18:08:53,
CONT2024004049,2024-05-12 14:58:12,2024-05-25 18:53:17
CONT2024004050,2024-05-22 06:34:11,2024-05-25 13:38:06
CONT2024004051,2024-05-21 17:21:36,2024-05-23 04:44:50
CONT2024004052,2024-05-20 11:33:07,2024-05-25 02:27:21
CONT2024004053,2024-05-20 00:12:08,2024-05-25 06:04:58
CONT2024004054,2024-05-22 12:23:29,2024-05-23 11:07:28
CONT2024004055,2024-05-12 21:17:38,2024-05-13 02:39:40
CONT2024004056,2024-05-15 16:56:44,2024-05-16 19:13:47
CONT2024004057,2024-05-20 04:28:43,2024-05-21 07:36:39
CONT2024004058,2024-05-14 01:58:32,2024-05-27 07:10:06
CONT2024004059,2024-05-14 19:44:00,
CONT2024004060,2024-05-15 11:47:45,2024-05-15 23:01:08
CONT2024004061,2024-05-15 20:52:48,2024-05-17 05:30:20
CONT2024004062,2024-05-20 04:59:28,
CONT2024004063,2024-05-21 02:19:14,2024-05-21 14:46:19
CONT2024004064,2024-05-22 08:59:55,2024-05-27 06:46:57
CONT2024004065,2024-05-24 06:15:00,2024-05-24 18:02:42
CONT2024004066,2024-05-16 15:46:53,2024-05-17 15:19:58
CONT2024004067,2024-05-23 01:07:50,2024-05-26 22:30:10
CONT2024004068,2024-05-14 09:49:47,
CONT2024004069,2024-05-21 03:27:25,2024-05-27 11:31:05
CONT2024004070,2024-05-16 06:02:46,2024-05-28 04:49:06
CONT2024004071,2024-05-19 14:01:08,2024-05-27 04:44:20
CONT2024004072,2024-05-23 20:35:01,
CONT2024004073,2024-05-23 02:12:27,2024-05-27 08:57:34
CONT2024004074,2024-05-24 03:33:02,
CONT2024004075,2024-05-16 08:35:23,2024-05-28 02:25:05
CONT2024004076,2024-05-19 15:35:59,2024-05-20 10:51:56
CONT2024004077,2024-05-24 15:11:03,
CONT2024004078,2024-05-20 10:43:03,2024-05-21 11:22:43
CONT2024004079,2024-05-21 04:31:53,
CONT2024004080,2024-05-23 22:38:00,
CONT2024004081,2024-05-22 08:36:03,2024-05-23 04:06:40
CONT2024004082,2024-05-17 23:48:50,2024-05-19 05:07:57
CONT2024004083,2024-05-18 17:40:11,2024-05-27 05:47:26
CONT2024004084,2024-05-16 10:29:21,2024-05-17 04:17:07
CONT2024004085,2024-05-20 21:06:47,
CONT2024004086,2024-05-20 11:10:56,
CONT2024004087,2024-05-15 13:26:59,2024-05-16 06:48:32
CONT2024004088,2024-05-18 07:04:12,2024-05-27 18:25:45
CONT2024004089,2024-05-24 15:51:41,2024-05-26 07:46:39
CONT2024004090,2024-05-18 12:32:11,
CONT2024004091,2024-05-18 21:12:05,2024-05-19 17:28:23
CONT2024004092,2024-05-22 10:31:10,2024-05-27 16:29:35
CONT2024004093,2024-05-15 18:57:25,2024-05-28 09:53:10
CONT2024004094,2024-05-14 20:14:04,2024-05-15 16:16:31
CONT2024004095,2024-05-25 01:54:45,2024-05-27 21:03:29
CONT2024004096,2024-05-16 09:03:08,2024-05-16 23:00:34
CONT2024004097,2024-05-23 00:28:21,2024-05-23 16:46:03
CONT2024004098,2024-05-23 17:28:58,2024-05-28 05:54:27
CONT2024004099,2024-05-15 22:02:30,
CONT2024004100,2024-05-14 23:51:31,2024-05-15 20:20:37
CONT2024004101,2024-05-21 17:47:01,
CONT2024004102,2024-05-20 13:09:29,2024-05-27 17:23:08
CONT2024004103,2024-05-18 23:12:43,2024-05-20 04:29:03
CONT2024004104,2024-05-24 01:58:25,2024-05-25 12:07:37
CONT2024004105,2024-05-21 20:56:10,
CONT2024004106,2024-05-19 11:13:36,2024-05-28 11:01:26
CONT2024004107,2024-05-25 05:34:45,2024-05-26 10:34:48
CONT2024004108,2024-05-18 14:04:32,2024-05-19 16:00:46
CONT2024004109,2024-05-22 09:24:00,2024-05-29 04:00:10
CONT2024004110,2024-05-19 15:11:11,2024-05-29 00:03:36
CONT2024004111,2024-05-15 01:39:08,2024-05-16 14:15:25
CONT2024004112,2024-05-19 10:14:25,
CONT2024004113,2024-05-20 01:47:58,2024-05-28 03:43:43
CONT2024004114,2024-05-22 20:57:53,2024-05-27 21:05:05
CONT2024004115,2024-05-24 11:41:38,
CONT2024004116,2024-05-19 13:09:49,2024-05-28 08:12:18
CONT2024004117,2024-05-25 19:27:03,2024-05-29 01:51:33
CONT2024004118,2024-05-21 08:29:01,2024-05-22 09:57:45
CONT2024004119,2024-05-22 17:03:31,2024-05-23 16:41:22
CONT2024004120,2024-05-20 15:07:13,2024-05-21 08:58:39
CONT2024004121,2024-05-22 11:35:17,2024-05-23 07:42:23
CONT2024004122,2024-05-16 19:12:29,2024-05-28 03:31:42
CONT2024004123,2024-05-21 14:51:14,2024-05-28 15:00:36
CONT2024004124,2024-05-19 06:26:57,2024-05-19 11:54:28
CONT2024004125,2024-05-20 21:21:15,2024-05-28 15:57:36
CONT2024004126,2024-05-20 20:49:14,
CONT2024004127,2024-05-19 02:18:02,2024-05-20 13:36:12
CONT2024004128,2024-05-24 10:34:51,2024-05-25 09:57:56
CONT2024004129,2024-05-24 22:35:50,2024-05-28 10:29:08
CONT2024004130,2024-05-24 16:32:04,2024-05-24 20:32:04
CONT2024004131,2024-05-21 04:54:39,2024-05-29 08:16:47
CONT2024004132,2024-05-23 17:29:09,2024-05-24 10:16:27
CONT2024004133,2024-05-22 08:33:02,2024-05-30 00:36:13
CONT2024004134,2024-05-23 02:21:48,
CONT2024004135,2024-05-24 16:17:24,2024-05-25 04:34:17
CONT2024004136,2024-05-25 15:35:59,2024-05-29 14:22:35
CONT2024004137,2024-05-23 17:59:10,
CONT2024004138,2024-05-20 10:53:54,2024-05-20 22:42:25
CONT2024004139,2024-05-23 22:33:35,
CONT2024004140,2024-05-20 17:23:47,2024-05-29 14:32:40
CONT2024004141,2024-05-18 11:30:17,2024-05-29 06:01:13
CONT2024004142,2024-05-17 04:58:57,2024-05-18 00:50:18
CONT2024004143,2024-05-19 23:21:41,2024-05-21 02:49:09
CONT2024004144,2024-05-22 14:05:43,
CONT2024004145,2024-05-28 16:40:06,2024-06-03 15:31:12
CONT2024004146,2024-05-21 04:37:42,2024-05-21 17:20:36
CONT2024004147,2024-05-24 01:31:16,2024-05-25 02:57:02
CONT2024004148,2024-05-27 05:00:07,2024-05-27 23:24:06
CONT2024004149,2024-05-24 21:07:26,2024-05-25 01:36:52
CONT2024004150,2024-05-26 14:25:22,
CONT2024004151,2024-05-25 04:20:26,2024-06-02 10:38:28
CONT2024004152,2024-05-23 14:50:08,
CONT2024004153,2024-05-26 06:56:59,2024-06-02 11:39:13
CONT2024004154,2024-05-24 10:35:14,
CONT2024004155,2024-05-28 10:30:07,2024-06-02 15:56:59
CONT2024004156,2024-05-25 09:45:34,2024-06-02 21:45:21
CONT2024004157,2024-05-29 03:23:01,2024-06-03 04:50:33
CONT2024004158,2024-05-25 15:38:45,
CONT2024004159,2024-05-29 08:59:03,2024-05-30 07:42:30
CONT2024004160,2024-05-30 04:30:54,2024-06-01 20:34:04
CONT2024004161,2024-05-27 13:00:02,2024-06-02 12:01:56
CONT2024004162,2024-05-26 03:13:18,2024-06-02 22:59:04
CONT2024004163,2024-05-22 17:58:31,2024-06-02 09:12:17
CONT2024004164,2024-05-21 16:27:06,
CONT2024004165,2024-05-25 05:58:48,2024-06-02 16:43:37
CONT2024004166,2024-05-22 12:06:08,
CONT2024004167,2024-05-28 06:41:14,2024-06-02 18:21:13
CONT2024004168,2024-05-23 06:53:44,2024-06-02 19:46:00
CONT2024004169,2024-05-26 07:32:30,2024-05-26 13:04:53
CONT2024004170,2024-05-21 18:30:04,
CONT2024004171,2024-05-24 10:56:55,2024-06-03 15:35:41
CONT2024004172,2024-05-29 02:52:29,2024-06-03 21:34:31
CONT2024004173,2024-05-21 07:33:01,2024-05-22 11:18:19
CONT2024004174,2024-05-23 08:59:07,2024-06-03 04:55:25
CONT2024004175,2024-05-24 15:52:25,2024-05-25 07:55:49
CONT2024004176,2024-05-28 13:54:24,2024-05-29 12:40:55
CONT2024004177,2024-05-21 21:01:14,2024-05-22 06:36:16
CONT2024004178,2024-05-21 09:11:05,2024-05-22 10:21:31
CONT2024004179,2024-05-22 05:01:02,2024-06-03 08:50:23
CONT2024004180,2024-05-21 20:41:41,2024-06-03 13:10:41
CONT2024004181,2024-05-22 20:55:20,2024-06-04 05:54:13
CONT2024004182,2024-05-24 15:03:43,2024-06-03 19:45:28
CONT2024004183,2024-05-22 22:53:32,2024-05-23 22:09:18
CONT2024004184,2024-05-26 15:28:06,2024-05-27 17:58:41
CONT2024004185,2024-05-24 11:21:06,
CONT2024004186,2024-05-31 04:40:29,
CONT2024004187,2024-05-25 10:48:23,2024-05-25 21:10:28
CONT2024004188,2024-05-27 10:57:00,
CONT2024004189,2024-05-24 21:10:57,2024-06-03 17:46:18
CONT2024004190,2024-05-30 12:54:11,2024-05-31 20:17:10
CONT2024004191,2024-05-23 09:54:05,2024-06-03 11:32:02
CONT2024004192,2024-05-26 07:02:06,2024-05-26 22:46:40
CONT2024004193,2024-05-29 04:00:38,2024-05-30 04:40:15
CONT2024004194,2024-05-22 12:58:57,2024-06-03 09:48:01
CONT2024004195,2024-05-24 09:29:17,2024-05-26 02:08:43
CONT2024004196,2024-05-25 19:46:38,2024-05-27 00:56:41
CONT2024004197,2024-05-27 02:29:04,2024-06-03 04:25:12
CONT2024004198,2024-05-28 18:31:21,2024-06-02 19:40:25
CONT2024004199,2024-05-26 07:37:12,2024-06-03 20:46:37
CONT2024004200,2024-05-29 23:04:09,2024-06-02 18:22:26
CONT2024004201,2024-05-24 01:19:32,2024-05-24 20:10:58
CONT2024004202,2024-05-25 10:10:59,2024-06-03 16:49:02
CONT2024004203,2024-05-23 23:57:55,2024-06-03 09:30:09
CONT2024004204,2024-05-24 08:51:34,2024-06-03 23:18:51
CONT2024004205,2024-05-25 06:26:35,2024-06-03 23:43:52
CONT2024004206,2024-05-30 11:36:09,2024-06-03 18:03:41
CONT2024004207,2024-05-31 07:46:45,2024-06-03 22:00:57
CONT2024004208,2024-05-29 11:32:34,2024-05-30 07:38:52
CONT2024004209,2024-05-24 01:09:55,2024-06-04 10:33:08
CONT2024004210,2024-05-24 04:33:09,2024-05-25 14:20:15
CONT2024004211,2024-06-01 06:04:26,2024-06-03 05:54:57
CONT2024004212,2024-05-30 19:22:24,2024-06-03 01:28:11
CONT2024004213,2024-05-26 18:37:49,2024-06-03 16:21:00
CONT2024004214,2024-05-26 15:40:18,2024-06-04 16:38:43
CONT2024004215,2024-05-29 05:58:31,2024-06-03 15:02:01
CONT2024004216,2024-05-21 19:58:45,
CONT2024004217,2024-05-30 15:53:59,2024-06-04 02:07:04
CONT2024004218,2024-05-25 14:57:41,2024-05-26 18:07:08
CONT2024004219,2024-05-27 04:37:57,2024-06-03 05:59:35
CONT2024004220,2024-05-22 20:42:52,2024-05-24 00:43:05
CONT2024004221,2024-05-31 09:46:33,
CONT2024004222,2024-05-29 05:18:59,2024-05-29 21:53:07
CONT2024004223,2024-05-22 21:57:53,
CONT2024004224,2024-05-26 17:30:53,2024-06-05 02:33:34
CONT2024004225,2024-05-31 23:56:53,2024-06-04 04:09:58
CONT2024004226,2024-05-24 01:27:52,2024-05-24 17:11:11
CONT2024004227,2024-05-25 09:42:18,
CONT2024004228,2024-05-30 16:16:46,2024-05-31 07:24:00
CONT2024004229,2024-05-25 19:53:11,2024-06-05 04:35:49
CONT2024004230,2024-05-30 13:10:11,2024-05-31 17:01:16
CONT2024004231,2024-05-24 09:30:20,2024-05-24 22:00:04
CONT2024004232,2024-06-01 15:51:32,2024-06-02 00:21:05
CONT2024004233,2024-05-26 00:34:31,2024-05-26 19:10:24
CONT2024004234,2024-05-26 04:08:38,2024-06-05 06:12:35
CONT2024004235,2024-06-02 08:38:34,2024-06-03 23:22:40
CONT2024004236,2024-06-01 16:40:41,2024-06-05 04:13:59
CONT2024004237,2024-05-28 04:28:30,2024-05-29 05:38:53
CONT2024004238,2024-05-25 05:10:16,2024-06-05 01:57:43
CONT2024004239,2024-05-27 00:31:34,
CONT2024004240,2024-05-29 15:44:50,2024-06-05 08:21:56
CONT2024004241,2024-05-23 12:34:04,2024-05-24 19:19:41
CONT2024004242,2024-05-24 21:02:52,
CONT2024004243,2024-05-26 20:57:31,2024-06-05 08:31:27
CONT2024004244,2024-05-22 18:28:38,
CONT2024004245,2024-05-27 02:49:27,2024-05-27 19:46:36
CONT2024004246,2024-05-23 16:44:30,2024-06-05 22:18:56
CONT2024004247,2024-05-30 14:33:28,2024-06-06 01:30:59
CONT2024004248,2024-05-23 09:24:41,2024-05-24 02:27:08
CONT2024004249,2024-05-31 11:51:07,2024-06-05 21:17:01
CONT2024004250,2024-05-23 11:10:53,
CONT2024004251,2024-05-26 23:50:20,
CONT2024004252,2024-05-24 00:25:05,2024-05-25 06:37:07
CONT2024004253,2024-05-25 15:42:19,2024-05-26 20:27:32
CONT2024004254,2024-05-26 21:41:49,2024-06-05 11:59:45
CONT2024004255,2024-05-25 02:09:34,2024-05-25 19:08:23
CONT2024004256,2024-05-29 03:27:35,2024-06-04 22:04:26
CONT2024004257,2024-05-23 07:55:40,2024-05-23 21:27:58
CONT2024004258,2024-06-01 00:51:38,
CONT2024004259,2024-05-23 04:20:59,2024-05-24 06:02:03
CONT2024004260,2024-05-30 22:49:11,
CONT2024004261,2024-06-02 03:17:52,2024-06-06 07:44:33
CONT2024004262,2024-05-23 07:24:48,2024-06-04 20:26:24
CONT2024004263,2024-06-01 05:19:03,2024-06-05 03:44:45
CONT2024004264,2024-05-29 19:21:41,2024-06-05 02:23:25
CONT2024004265,2024-05-25 02:42:59,2024-06-05 11:07:38
CONT2024004266,2024-06-01 12:01:44,2024-06-05 19:50:47
CONT2024004267,2024-05-24 01:02:10,2024-06-05 12:50:02
CONT2024004268,2024-05-24 06:34:13,2024-06-05 18:17:56
CONT2024004269,2024-05-27 15:56:56,2024-06-04 21:55:49
CONT2024004270,2024-05-25 13:15:50,2024-06-05 21:12:52
CONT2024004271,2024-06-02 08:11:19,2024-06-05 14:58:05
CONT2024004272,2024-05-27 00:46:22,
CONT2024004273,2024-05-24 23:23:06,2024-05-26 00:04:27
CONT2024004274,2024-05-23 11:16:45,2024-06-04 23:40:19
CONT2024004275,2024-05-25 05:35:31,2024-05-26 07:51:43
CONT2024004276,2024-05-31 05:26:24,2024-06-05 23:43:46
CONT2024004277,2024-05-29 06:27:16,2024-05-30 10:26:25
CONT2024004278,2024-05-28 09:18:52,2024-05-29 11:28:31
CONT2024004279,2024-05-27 04:52:13,2024-06-04 21:16:40
CONT2024004280,2024-05-23 07:44:57,2024-05-23 22:10:21
CONT2024004281,2024-05-26 09:59:16,2024-06-05 05:28:02
CONT2024004282,2024-05-27 03:14:23,2024-05-27 10:59:43
CONT2024004283,2024-05-25 23:12:14,2024-06-07 00:51:03
CONT2024004284,2024-05-25 09:57:42,2024-05-25 15:06:24
CONT2024004285,2024-06-01 04:57:56,2024-06-02 09:58:54
CONT2024004286,2024-05-27 11:51:22,2024-06-07 03:35:14
CONT2024004287,2024-06-02 01:55:31,2024-06-07 04:43:03
CONT2024004288,2024-05-31 13:26:32,2024-05-31 17:26:53
CONT2024004289,2024-05-23 19:01:02,2024-06-06 09:20:44
CONT2024004290,2024-05-29 20:44:00,2024-06-06 04:40:14
CONT2024004291,2024-05-27 07:58:13,
CONT2024004292,2024-06-02 13:21:23,
CONT2024004293,2024-05-25 14:58:14,2024-05-26 11:53:34
CONT2024004294,2024-05-27 09:10:21,2024-06-06 18:52:06
CONT2024004295,2024-06-03 20:31:36,
CONT2024004296,2024-06-02 14:06:39,2024-06-06 09:15:15
CONT2024004297,2024-06-03 08:45:04,2024-06-07 06:55:40
CONT2024004298,2024-05-31 15:45:49,
CONT2024004299,2024-05-27 09:22:47,2024-05-28 00:00:09
CONT2024004300,2024-05-30 08:51:18,2024-06-06 11:01:56
CONT2024004301,2024-05-28 14:31:44,2024-06-06 09:21:58
CONT2024004302,2024-05-24 05:20:40,2024-06-06 08:50:23
CONT2024004303,2024-05-27 13:07:54,2024-05-28 17:34:28
CONT2024004304,2024-05-26 15:20:13,
CONT2024004305,2024-05-28 00:56:54,2024-05-28 14:03:24
CONT2024004306,2024-05-31 10:58:33,2024-05-31 19:59:32
CONT2024004307,2024-05-30 12:35:08,2024-06-05 23:37:12
CONT2024004308,2024-05-28 03:27:37,2024-05-28 16:13:11
CONT2024004309,2024-05-30 03:49:05,
CONT2024004310,2024-05-25 03:22:35,2024-05-26 16:08:20
CONT2024004311,2024-05-24 23:28:46,2024-06-06 07:42:09
CONT2024004312,2024-05-25 02:30:18,2024-05-25 23:07:39
CONT2024004313,2024-06-02 08:53:09,2024-06-06 12:20:08
CONT2024004314,2024-06-01 14:31:34,2024-06-06 13:41:20
CONT2024004315,2024-05-25 17:04:12,2024-06-07 02:13:55
CONT2024004316,2024-05-28 04:09:31,2024-06-10 04:50:54
CONT2024004317,2024-06-01 04:05:09,2024-06-02 10:54:30
CONT2024004318,2024-06-01 15:01:45,2024-06-03 00:25:50
CONT2024004319,2024-05-27 05:24:31,2024-06-09 21:28:32
CONT2024004320,2024-05-29 08:22:00,2024-06-09 12:45:46
CONT2024004321,2024-05-27 08:19:50,
CONT2024004322,2024-05-29 04:52:45,2024-06-09 03:01:04
CONT2024004323,2024-06-02 18:00:19,2024-06-09 01:56:11
CONT2024004324,2024-06-05 01:07:34,2024-06-06 02:17:52
CONT2024004325,2024-06-04 03:02:11,2024-06-09 00:27:44
CONT2024004326,2024-05-29 04:16:46,2024-05-30 13:31:55
CONT2024004327,2024-06-01 11:07:18,2024-06-02 00:12:05
CONT2024004328,2024-05-31 21:17:36,2024-06-01 20:06:40
CONT2024004329,2024-05-27 03:09:49,2024-05-28 12:38:05
CONT2024004330,2024-05-27 02:59:25,
CONT2024004331,2024-06-01 10:48:36,2024-06-09 07:36:15
CONT2024004332,2024-05-28 22:45:58,2024-06-09 07:42:51
CONT2024004333,2024-05-30 02:18:55,2024-06-09 18:49:50
CONT2024004334,2024-06-04 22:33:33,2024-06-05 17:51:57
CONT2024004335,2024-06-02 10:37:27,
CONT2024004336,2024-06-05 10:00:32,
CONT2024004337,2024-06-06 10:34:59,
CONT2024004338,2024-06-05 15:59:50,2024-06-09 03:35:28
CONT2024004339,2024-05-31 12:33:29,2024-06-09 15:53:50
CONT2024004340,2024-06-06 18:16:48,
CONT2024004341,2024-05-28 15:14:50,2024-06-10 02:17:22
CONT2024004342,2024-06-04 17:06:07,2024-06-09 14:00:51
CONT2024004343,2024-05-29 16:42:45,2024-05-30 04:19:03
CONT2024004344,2024-06-06 12:36:43,2024-06-10 03:32:15
CONT2024004345,2024-06-05 19:56:28,2024-06-09 13:59:47
CONT2024004346,2024-05-27 23:14:28,2024-05-29 01:43:54
CONT2024004347,2024-05-29 11:29:55,2024-06-10 14:55:36
CONT2024004348,2024-05-27 02:23:14,2024-06-09 12:55:16
CONT2024004349,2024-05-28 07:44:55,2024-05-29 04:57:54
CONT2024004350,2024-06-04 18:18:19,2024-06-09 00:59:33
CONT2024004351,2024-05-28 21:25:39,2024-05-29 15:19:12
CONT2024004352,2024-06-07 09:57:15,2024-06-08 03:40:02
CONT2024004353,2024-05-30 02:21:14,2024-05-31 15:42:06
CONT2024004354,2024-06-03 15:50:36,2024-06-04 09:45:43
CONT2024004355,2024-06-01 03:49:54,
CONT2024004356,2024-06-04 02:30:58,2024-06-09 22:57:39
CONT2024004357,2024-06-05 17:55:26,
CONT2024004358,2024-05-29 11:19:10,2024-05-30 01:43:26
CONT2024004359,2024-06-06 21:38:35,2024-06-09 14:30:32
CONT2024004360,2024-06-05 11:32:59,
CONT2024004361,2024-06-06 22:15:25,2024-06-10 10:00:47
CONT2024004362,2024-06-03 12:30:52,2024-06-10 03:42:10
CONT2024004363,2024-05-29 06:48:41,2024-05-31 00:14:27
CONT2024004364,2024-06-01 01:45:33,
CONT2024004365,2024-06-01 10:11:51,2024-06-09 12:16:05
CONT2024004366,2024-06-05 09:24:34,
CONT2024004367,2024-05-30 21:00:14,2024-06-11 06:11:19
CONT2024004368,2024-06-06 09:43:07,2024-06-07 06:59:13
CONT2024004369,2024-05-30 18:56:00,2024-05-31 15:20:12
CONT2024004370,2024-05-28 15:19:10,2024-05-29 05:30:32
CONT2024004371,2024-05-31 11:03:06,2024-06-01 02:59:38
CONT2024004372,2024-06-04 01:47:27,2024-06-05 05:17:20
CONT2024004373,2024-06-06 16:56:29,2024-06-08 04:17:29
CONT2024004374,2024-05-31 13:53:09,2024-06-01 10:49:02
CONT2024004375,2024-06-03 04:26:22,
CONT2024004376,2024-05-29 09:21:35,
CONT2024004377,2024-05-30 01:52:19,2024-06-11 07:09:21
CONT2024004378,2024-06-03 22:59:27,2024-06-04 02:59:27
CONT2024004379,2024-06-07 05:29:49,2024-06-10 09:51:04
CONT2024004380,2024-05-30 04:13:32,2024-05-31 06:19:17
CONT2024004381,2024-05-29 00:31:53,
CONT2024004382,2024-06-05 10:41:41,2024-06-10 14:02:28
CONT2024004383,2024-05-28 22:32:23,
CONT2024004384,2024-06-06 03:48:29,2024-06-06 16:57:13
CONT2024004385,2024-06-05 01:26:41,
CONT2024004386,2024-05-29 19:32:26,2024-05-30 06:55:42
CONT2024004387,2024-06-06 06:24:17,2024-06-06 19:48:27
CONT2024004388,2024-06-04 13:07:47,2024-06-11 09:03:34
CONT2024004389,2024-06-06 13:38:11,2024-06-11 11:54:29
CONT2024004390,2024-05-28 16:20:19,2024-06-10 14:48:50
CONT2024004391,2024-06-07 11:05:25,2024-06-11 02:31:01
CONT2024004392,2024-05-30 22:11:47,2024-05-31 23:53:48
CONT2024004393,2024-06-06 18:23:18,2024-06-07 08:31:26
CONT2024004394,2024-06-08 00:52:37,2024-06-11 01:49:45
CONT2024004395,2024-06-04 16:51:38,2024-06-10 23:38:11
CONT2024004396,2024-06-06 03:15:20,2024-06-06 21:55:24
CONT2024004397,2024-06-05 19:18:36,2024-06-07 02:57:40
CONT2024004398,2024-06-02 09:16:15,2024-06-03 12:57:29
CONT2024004399,2024-06-05 00:15:29,2024-06-11 03:07:24
CONT2024004400,2024-06-02 02:06:37,
CONT2024004401,2024-06-05 04:00:07,2024-06-06 03:45:51
CONT2024004402,2024-05-29 00:05:36,2024-05-29 23:23:27
CONT2024004403,2024-05-31 07:12:00,2024-06-10 23:55:47
CONT2024004404,2024-05-31 00:07:08,2024-05-31 20:18:16
CONT2024004405,2024-06-03 07:58:12,2024-06-04 06:54:30
CONT2024004406,2024-06-05 02:28:26,2024-06-10 23:17:03
CONT2024004407,2024-06-01 09:49:03,
CONT2024004408,2024-06-02 23:38:29,2024-06-11 07:50:27
CONT2024004409,2024-05-30 11:42:10,2024-06-11 02:14:33
CONT2024004410,2024-06-01 11:47:59,2024-06-01 18:57:00
CONT2024004411,2024-06-07 19:36:59,2024-06-09 00:13:50
CONT2024004412,2024-06-03 03:31:42,2024-06-11 14:11:56
CONT2024004413,2024-06-04 11:16:18,2024-06-11 13:42:57
CONT2024004414,2024-06-04 13:15:23,2024-06-05 10:07:44
CONT2024004415,2024-06-08 05:46:05,2024-06-09 15:51:34
CONT2024004416,2024-06-03 01:00:06,2024-06-10 08:04:08
CONT2024004417,2024-06-03 12:26:54,2024-06-10 14:15:54
CONT2024004418,2024-06-05 01:56:11,2024-06-05 21:17:34
CONT2024004419,2024-06-04 14:50:29,
CONT2024004420,2024-06-03 01:59:00,2024-06-03 21:25:47
CONT2024004421,2024-06-01 07:20:50,2024-06-11 01:40:03
CONT2024004422,2024-05-30 10:04:32,
CONT2024004423,2024-06-02 03:31:38,2024-06-02 14:41:43
CONT2024004424,2024-05-28 22:38:34,2024-06-11 03:55:28
CONT2024004425,2024-06-02 07:08:39,2024-06-03 14:32:12
CONT2024004426,2024-06-04 16:17:42,2024-06-05 01:46:20
CONT2024004427,2024-06-02 08:30:17,2024-06-11 15:29:53
CONT2024004428,2024-06-07 09:38:09,2024-06-10 17:59:30
CONT2024004429,2024-06-03 20:20:48,2024-06-11 21:02:52
CONT2024004430,2024-05-29 22:36:48,2024-06-11 20:10:20
CONT2024004431,2024-05-29 20:39:42,
CONT2024004432,2024-06-06 14:59:40,
CONT2024004433,2024-06-06 20:42:13,2024-06-11 14:32:03
CONT2024004434,2024-05-31 03:24:06,
CONT2024004435,2024-05-31 03:31:58,2024-05-31 16:48:32
CONT2024004436,2024-06-03 15:42:13,
CONT2024004437,2024-05-31 07:58:42,2024-06-12 11:09:38
CONT2024004438,2024-05-30 09:35:23,2024-05-31 16:12:07
CONT2024004439,2024-06-01 01:48:34,2024-06-02 14:44:59
CONT2024004440,2024-05-28 21:26:50,2024-06-11 06:27:03
CONT2024004441,2024-05-30 08:02:55,2024-05-31 09:27:40
CONT2024004442,2024-06-05 07:28:40,2024-06-10 23:31:11
CONT2024004443,2024-06-08 01:21:46,2024-06-11 01:46:38
CONT2024004444,2024-06-05 09:10:59,2024-06-10 11:05:54
CONT2024004445,2024-06-01 16:33:04,2024-06-12 03:51:41
CONT2024004446,2024-06-07 23:18:01,2024-06-10 11:57:00
CONT2024004447,2024-05-31 20:24:19,2024-06-01 13:27:53
CONT2024004448,2024-05-29 16:20:23,2024-06-12 05:57:49
CONT2024004449,2024-06-02 02:00:29,2024-06-03 07:35:25
CONT2024004450,2024-06-05 21:13:55,2024-06-06 11:48:06
CONT2024004451,2024-06-03 09:02:25,2024-06-10 10:03:58
CONT2024004452,2024-06-08 08:18:45,2024-06-09 03:41:22
CONT2024004453,2024-05-31 14:29:07,2024-06-01 07:35:49
CONT2024004454,2024-06-03 04:01:16,
CONT2024004455,2024-06-06 21:15:50,2024-06-07 17:20:00
CONT2024004456,2024-05-29 11:08:00,
CONT2024004457,2024-06-02 03:45:36,2024-06-11 22:36:29
CONT2024004458,2024-06-01 15:54:09,2024-06-01 23:16:40
CONT2024004459,2024-06-05 21:09:14,2024-06-06 04:09:02
CONT2024004460,2024-06-06 20:36:31,2024-06-07 14:09:28
CONT2024004461,2024-05-30 16:00:45,2024-06-12 03:23:13
CONT2024004462,2024-06-04 08:55:52,2024-06-04 16:37:29
CONT2024004463,2024-06-02 15:23:39,2024-06-03 19:19:37
CONT2024004464,2024-05-31 04:54:50,2024-05-31 17:53:52
CONT2024004465,2024-06-01 03:18:05,2024-06-02 08:27:38
CONT2024004466,2024-06-07 16:05:55,2024-06-09 01:55:11
CONT2024004467,2024-06-06 03:19:51,2024-06-06 07:19:51
CONT2024004468,2024-06-02 07:36:55,2024-06-02 18:52:01
CONT2024004469,2024-06-01 13:48:46,2024-06-02 03:53:26
CONT2024004470,2024-06-05 05:20:10,
CONT2024004471,2024-06-06 01:06:03,2024-06-11 21:05:13
CONT2024004472,2024-06-02 11:50:35,2024-06-12 03:28:22
CONT2024004473,2024-06-04 22:58:47,2024-06-12 08:35:46
CONT2024004474,2024-06-06 03:22:47,2024-06-11 21:59:09
CONT2024004475,2024-05-29 00:27:41,2024-06-10 17:22:47
CONT2024004476,2024-05-30 08:56:09,
CONT2024004477,2024-06-02 23:01:07,2024-06-11 07:03:04
CONT2024004478,2024-05-31 07:30:11,2024-06-11 10:47:11
CONT2024004479,2024-06-01 07:13:01,2024-06-12 18:56:44
CONT2024004480,2024-05-29 16:22:07,2024-06-12 09:37:17
CONT2024004481,2024-05-29 20:34:33,2024-05-30 12:58:34
CONT2024004482,2024-06-01 03:35:00,
CONT2024004483,2024-06-03 05:08:16,2024-06-12 21:00:22
CONT2024004484,2024-06-07 12:36:00,
CONT2024004485,2024-05-31 09:40:54,2024-06-12 17:23:48
CONT2024004486,2024-05-30 20:58:50,2024-05-31 08:05:36
CONT2024004487,2024-06-06 06:29:46,2024-06-06 22:29:22
CONT2024004488,2024-05-31 10:23:50,2024-06-12 11:17:19
CONT2024004489,2024-05-31 14:16:49,2024-06-12 10:16:08
CONT2024004490,2024-06-05 07:27:35,2024-06-12 05:17:22
CONT2024004491,2024-05-30 23:08:19,2024-06-12 14:52:42
CONT2024004492,2024-06-07 03:25:21,2024-06-08 00:02:18
CONT2024004493,2024-06-09 04:40:27,2024-06-12 12:18:43
CONT2024004494,2024-05-31 11:43:28,2024-06-12 04:48:55
CONT2024004495,2024-05-31 05:40:40,2024-06-12 16:03:24
CONT2024004496,2024-05-31 02:17:39,2024-06-01 00:12:00
CONT2024004497,2024-06-01 09:42:02,2024-06-12 05:08:45
CONT2024004498,2024-06-05 07:46:11,2024-06-06 09:17:02
CONT2024004499,2024-06-03 01:19:03,2024-06-11 15:05:18
CONT2024004500,2024-06-08 08:03:15,
CONT2024004501,2024-06-07 16:55:48,2024-06-12 17:46:59
CONT2024004502,2024-06-09 12:36:10,
CONT2024004503,2024-06-06 16:33:36,
CONT2024004504,2024-05-31 22:25:52,2024-06-01 19:16:53
CONT2024004505,2024-06-02 21:45:14,2024-06-04 04:01:25
CONT2024004506,2024-06-04 18:04:48,2024-06-12 14:01:44
CONT2024004507,2024-06-04 22:00:53,2024-06-12 16:47:24
CONT2024004508,2024-05-30 14:10:59,2024-06-12 03:57:34
CONT2024004509,2024-06-08 15:23:21,2024-06-09 09:21:10
CONT2024004510,2024-05-31 14:07:00,2024-05-31 21:53:17
CONT2024004511,2024-06-03 06:22:18,2024-06-03 15:44:23
CONT2024004512,2024-06-04 18:22:33,2024-06-05 12:41:11
CONT2024004513,2024-06-08 03:38:33,2024-06-09 19:32:25
CONT2024004514,2024-05-30 22:41:30,2024-05-31 19:06:16
CONT2024004515,2024-06-08 14:04:16,2024-06-13 07:14:51
CONT2024004516,2024-05-30 19:44:17,2024-06-12 02:34:45
CONT2024004517,2024-06-02 01:32:01,2024-06-12 13:05:23
CONT2024004518,2024-06-06 07:18:15,2024-06-07 02:12:16
CONT2024004519,2024-06-09 11:29:28,2024-06-10 03:37:36
CONT2024004520,2024-06-05 00:41:04,2024-06-05 15:11:32
CONT2024004521,2024-06-05 18:31:43,2024-06-13 07:46:11
CONT2024004522,2024-06-07 03:10:24,
CONT2024004523,2024-06-10 02:19:09,
CONT2024004524,2024-06-03 13:13:31,2024-06-13 03:09:46
CONT2024004525,2024-06-09 10:12:15,2024-06-13 23:23:35
CONT2024004526,2024-06-07 02:53:49,2024-06-08 01:32:58
CONT2024004527,2024-06-03 12:25:29,2024-06-04 16:44:06
CONT2024004528,2024-06-09 14:02:44,2024-06-10 16:12:25
CONT2024004529,2024-05-31 04:18:06,2024-06-13 04:27:13
CONT2024004530,2024-06-04 17:44:14,2024-06-13 05:42:30
CONT2024004531,2024-06-06 02:57:35,2024-06-06 15:49:37
CONT2024004532,2024-06-02 15:45:04,2024-06-03 12:52:27
CONT2024004533,2024-06-01 17:13:43,2024-06-14 00:24:15
CONT2024004534,2024-06-04 12:04:06,
CONT2024004535,2024-06-01 18:08:09,2024-06-13 06:21:22
CONT2024004536,2024-06-06 19:34:38,2024-06-07 14:33:34
CONT2024004537,2024-06-09 19:39:34,2024-06-11 01:43:24
CONT2024004538,2024-06-02 17:57:35,2024-06-13 14:20:51
CONT2024004539,2024-06-03 06:01:07,2024-06-13 15:10:25
CONT2024004540,2024-06-04 15:41:47,2024-06-05 16:44:07
CONT2024004541,2024-05-30 22:40:18,2024-06-13 12:53:36
CONT2024004542,2024-06-02 09:08:03,2024-06-13 18:38:58
CONT2024004543,2024-06-08 06:34:31,
CONT2024004544,2024-06-04 21:35:12,2024-06-05 14:33:10
CONT2024004545,2024-06-07 04:50:14,2024-06-08 07:20:27
CONT2024004546,2024-06-10 14:53:14,2024-06-14 22:38:13
CONT2024004547,2024-06-03 20:51:22,2024-06-14 05:23:19
CONT2024004548,2024-06-01 07:29:33,2024-06-02 05:39:38
CONT2024004549,2024-06-08 00:44:00,2024-06-09 00:34:52
CONT2024004550,2024-06-04 02:16:13,2024-06-15 19:26:42
CONT2024004551,2024-06-03 15:24:03,
CONT2024004552,2024-06-04 02:40:19,2024-06-14 20:08:37
CONT2024004553,2024-06-10 09:06:15,
CONT2024004554,2024-06-08 11:22:12,2024-06-14 12:41:40
CONT2024004555,2024-06-08 19:49:26,2024-06-09 05:54:00
CONT2024004556,2024-06-05 05:22:30,2024-06-14 14:40:04
CONT2024004557,2024-06-04 11:26:47,
CONT2024004558,2024-06-09 14:53:29,2024-06-14 11:03:09
CONT2024004559,2024-06-10 06:25:25,2024-06-14 05:03:02
CONT2024004560,2024-06-04 23:52:08,2024-06-05 17:20:43
CONT2024004561,2024-06-09 17:03:07,2024-06-15 07:40:22
CONT2024004562,2024-06-10 16:04:59,2024-06-11 20:59:03
CONT2024004563,2024-06-05 13:40:07,2024-06-06 10:03:23
CONT2024004564,2024-06-12 17:23:00,2024-06-13 06:33:35
CONT2024004565,2024-06-03 07:15:21,2024-06-15 17:20:41
CONT2024004566,2024-06-08 00:58:30,2024-06-08 11:15:02
CONT2024004567,2024-06-05 10:31:38,2024-06-15 18:24:16
CONT2024004568,2024-06-02 13:37:56,2024-06-04 02:29:24
CONT2024004569,2024-06-10 18:33:22,2024-06-15 04:22:48
CONT2024004570,2024-06-11 19:06:00,
CONT2024004571,2024-06-09 04:19:45,2024-06-15 16:43:25
CONT2024004572,2024-06-02 21:46:43,2024-06-03 19:30:21
CONT2024004573,2024-06-11 11:35:37,
CONT2024004574,2024-06-04 23:55:53,2024-06-05 22:29:05
CONT2024004575,2024-06-06 21:07:01,2024-06-07 13:22:32
CONT2024004576,2024-06-12 16:03:05,2024-06-13 12:14:34
CONT2024004577,2024-06-06 17:08:16,2024-06-07 14:26:00
CONT2024004578,2024-06-05 14:35:45,
CONT2024004579,2024-06-06 11:03:11,2024-06-15 13:33:47
CONT2024004580,2024-06-12 02:33:32,2024-06-16 14:25:48
CONT2024004581,2024-06-02 15:46:10,2024-06-15 02:23:25
CONT2024004582,2024-06-06 23:24:02,
CONT2024004583,2024-06-05 05:30:07,
CONT2024004584,2024-06-06 13:59:25,2024-06-07 04:49:42
CONT2024004585,2024-06-07 01:49:56,2024-06-07 20:30:22
CONT2024004586,2024-06-12 06:59:32,
CONT2024004587,2024-06-05 13:52:06,2024-06-06 00:20:54
CONT2024004588,2024-06-04 00:13:38,
CONT2024004589,2024-06-06 05:01:53,2024-06-15 21:58:27
CONT2024004590,2024-06-06 03:49:18,2024-06-15 16:43:47
CONT2024004591,2024-06-13 08:55:21,2024-06-15 19:34:52
CONT2024004592,2024-06-13 01:20:10,2024-06-16 03:52:13
CONT2024004593,2024-06-02 05:45:57,
CONT2024004594,2024-06-03 07:14:40,2024-06-16 05:06:50
CONT2024004595,2024-06-07 10:08:20,2024-06-15 02:52:15
CONT2024004596,2024-06-08 01:06:12,2024-06-15 10:36:16
CONT2024004597,2024-06-06 00:05:40,2024-06-16 22:16:38
CONT2024004598,2024-06-03 19:27:42,
CONT2024004599,2024-06-10 20:22:02,2024-06-12 03:37:36
CONT2024004600,2024-06-08 18:58:44,2024-06-16 13:28:43
CONT2024004601,2024-06-07 22:15:08,2024-06-08 07:03:09
CONT2024004602,2024-06-07 16:10:40,2024-06-16 09:19:04
CONT2024004603,2024-06-09 11:52:10,2024-06-10 02:45:00
CONT2024004604,2024-06-11 08:49:15,2024-06-12 07:56:25
CONT2024004605,2024-06-11 00:12:10,2024-06-12 09:10:22
CONT2024004606,2024-06-05 16:25:32,2024-06-06 05:12:58
CONT2024004607,2024-06-06 16:31:17,2024-06-16 10:38:20
CONT2024004608,2024-06-12 09:22:52,2024-06-12 23:16:43
CONT2024004609,2024-06-07 17:39:19,2024-06-16 07:22:51
CONT2024004610,2024-06-04 21:51:42,2024-06-16 11:15:11
CONT2024004611,2024-06-09 07:32:58,2024-06-10 03:20:22
CONT2024004612,2024-06-12 01:34:54,
CONT2024004613,2024-06-08 21:39:19,2024-06-17 06:03:37
CONT2024004614,2024-06-10 07:10:52,2024-06-17 06:30:59
CONT2024004615,2024-06-13 02:00:20,2024-06-16 19:00:39
CONT2024004616,2024-06-11 00:09:26,2024-06-11 11:10:57
CONT2024004617,2024-06-10 22:13:14,2024-06-16 18:33:50
CONT2024004618,2024-06-05 02:05:52,
CONT2024004619,2024-06-03 23:30:33,2024-06-17 10:29:31
CONT2024004620,2024-06-13 19:54:24,2024-06-14 19:12:15
CONT2024004621,2024-06-06 21:56:34,2024-06-07 16:46:57
CONT2024004622,2024-06-08 18:31:02,
CONT2024004623,2024-06-03 13:30:59,2024-06-16 22:46:13
CONT2024004624,2024-06-11 03:04:21,2024-06-11 07:04:21
CONT2024004625,2024-06-14 14:47:02,2024-06-15 12:50:21
CONT2024004626,2024-06-14 11:36:31,2024-06-15 06:11:05
CONT2024004627,2024-06-13 11:44:41,2024-06-14 06:00:38
CONT2024004628,2024-06-03 06:44:50,
CONT2024004629,2024-06-07 19:26:22,2024-06-08 04:39:03
CONT2024004630,2024-06-11 06:20:32,2024-06-17 19:13:47
CONT2024004631,2024-06-13 21:46:32,2024-06-16 14:31:15
CONT2024004632,2024-06-07 09:44:49,2024-06-08 08:26:45
CONT2024004633,2024-06-11 06:10:10,2024-06-17 00:33:16
CONT2024004634,2024-06-08 09:28:33,
CONT2024004635,2024-06-07 19:17:40,2024-06-17 19:15:35
CONT2024004636,2024-06-09 13:55:38,2024-06-16 19:18:11
CONT2024004637,2024-06-10 17:20:59,2024-06-17 08:41:46
CONT2024004638,2024-06-04 23:52:42,2024-06-06 03:44:57
CONT2024004639,2024-06-03 22:53:16,2024-06-04 02:53:16
CONT2024004640,2024-06-13 17:16:30,2024-06-14 13:42:36
CONT2024004641,2024-06-07 15:37:36,2024-06-18 12:29:10
CONT2024004642,2024-06-07 11:46:15,2024-06-08 01:23:49
CONT2024004643,2024-06-07 02:02:27,2024-06-07 20:04:57
CONT2024004644,2024-06-10 21:44:25,2024-06-18 11:28:55
CONT2024004645,2024-06-14 22:12:15,2024-06-18 14:26:54
CONT2024004646,2024-06-15 04:44:20,2024-06-16 06:26:34
CONT2024004647,2024-06-13 22:38:21,2024-06-14 08:44:45
CONT2024004648,2024-06-09 10:20:06,2024-06-18 14:19:27
CONT2024004649,2024-06-11 09:23:18,2024-06-11 18:19:37
CONT2024004650,2024-06-11 05:53:38,2024-06-11 13:57:15
CONT2024004651,2024-06-08 16:45:49,2024-06-09 15:50:21
CONT2024004652,2024-06-11 14:28:37,
CONT2024004653,2024-06-14 18:33:37,2024-06-19 17:31:41
CONT2024004654,2024-06-07 04:24:32,
CONT2024004655,2024-06-15 21:19:08,2024-06-19 02:55:22
CONT2024004656,2024-06-09 06:16:12,2024-06-09 22:06:39
CONT2024004657,2024-06-11 05:11:19,2024-06-19 04:57:50
CONT2024004658,2024-06-08 15:27:13,2024-06-09 10:43:29
CONT2024004659,2024-06-12 10:39:25,2024-06-19 14:16:58
CONT2024004660,2024-06-14 12:34:44,2024-06-19 07:05:35
CONT2024004661,2024-06-12 18:01:25,2024-06-13 08:19:00
CONT2024004662,2024-06-14 17:51:13,2024-06-19 01:15:31
CONT2024004663,2024-06-12 22:10:03,
CONT2024004664,2024-06-09 09:35:56,2024-06-10 21:08:46
CONT2024004665,2024-06-07 11:10:03,2024-06-08 04:58:47
CONT2024004666,2024-06-09 04:47:39,2024-06-09 16:11:31
CONT2024004667,2024-06-10 03:41:14,2024-06-11 05:28:36
CONT2024004668,2024-06-12 12:32:47,2024-06-19 06:45:43
CONT2024004669,2024-06-15 12:52:16,2024-06-16 14:19:14
CONT2024004670,2024-06-15 07:33:32,2024-06-20 09:26:09
CONT2024004671,2024-06-08 22:45:00,2024-06-09 19:48:23
CONT2024004672,2024-06-06 05:08:43,2024-06-19 09:54:57
CONT2024004673,2024-06-10 17:51:45,2024-06-19 11:53:46
CONT2024004674,2024-06-11 19:57:34,2024-06-19 02:03:21
CONT2024004675,2024-06-14 22:57:08,2024-06-20 02:31:29
CONT2024004676,2024-06-13 12:45:49,2024-06-14 03:01:28
CONT2024004677,2024-06-07 13:46:10,2024-06-08 22:08:38
CONT2024004678,2024-06-07 10:28:44,2024-06-08 11:16:10
CONT2024004679,2024-06-07 20:38:02,2024-06-19 06:33:29
CONT2024004680,2024-06-09 10:53:57,2024-06-10 20:50:45
CONT2024004681,2024-06-14 10:10:25,2024-06-18 18:49:12
CONT2024004682,2024-06-12 20:48:40,2024-06-19 12:19:14
CONT2024004683,2024-06-13 16:19:47,2024-06-19 23:10:36
CONT2024004684,2024-06-16 23:50:42,2024-06-18 04:55:26
CONT2024004685,2024-06-17 04:53:53,2024-06-19 19:49:08
CONT2024004686,2024-06-16 12:31:53,2024-06-20 05:39:45
CONT2024004687,2024-06-15 00:23:30,2024-06-15 04:23:30
CONT2024004688,2024-06-15 14:19:46,2024-06-20 19:01:11
CONT2024004689,2024-06-06 21:07:11,2024-06-07 10:53:56
CONT2024004690,2024-06-12 16:37:43,2024-06-20 12:41:34
CONT2024004691,2024-06-07 11:04:06,2024-06-21 01:48:51
CONT2024004692,2024-06-12 07:49:00,2024-06-20 09:19:15
CONT2024004693,2024-06-07 22:13:46,2024-06-21 07:14:51
CONT2024004694,2024-06-08 04:26:21,2024-06-20 04:02:22
CONT2024004695,2024-06-11 03:43:35,2024-06-12 08:31:56
CONT2024004696,2024-06-09 03:11:55,
CONT2024004697,2024-06-17 17:09:13,2024-06-18 18:55:22
CONT2024004698,2024-06-16 13:46:34,2024-06-20 04:48:44
CONT2024004699,2024-06-13 02:42:29,2024-06-20 07:11:13
CONT2024004700,2024-06-10 13:34:37,
CONT2024004701,2024-06-09 08:33:48,
CONT2024004702,2024-06-15 01:08:29,2024-06-15 07:37:22
CONT2024004703,2024-06-09 07:09:49,
CONT2024004704,2024-06-12 22:58:05,2024-06-13 07:51:29
CONT2024004705,2024-06-13 02:16:47,2024-06-20 09:24:48
CONT2024004706,2024-06-10 20:52:48,2024-06-19 20:41:13
CONT2024004707,2024-06-08 07:01:03,2024-06-20 11:42:10
CONT2024004708,2024-06-14 19:00:48,2024-06-20 19:29:14
CONT2024004709,2024-06-10 09:20:54,2024-06-20 00:56:54
CONT2024004710,2024-06-10 18:20:33,
CONT2024004711,2024-06-12 02:14:22,2024-06-13 19:35:47
CONT2024004712,2024-06-17 21:26:05,
CONT2024004713,2024-06-14 07:50:26,2024-06-15 01:11:51
CONT2024004714,2024-06-08 18:52:06,2024-06-21 10:09:24
CONT2024004715,2024-06-12 23:44:26,2024-06-14 09:50:49
CONT2024004716,2024-06-11 11:11:08,
CONT2024004717,2024-06-09 14:16:03,2024-06-10 10:58:31
CONT2024004718,2024-06-13 01:48:54,2024-06-21 09:19:50
CONT2024004719,2024-06-11 02:05:39,2024-06-20 11:48:50
CONT2024004720,2024-06-18 07:29:17,2024-06-19 05:44:20
CONT2024004721,2024-06-08 19:17:21,2024-06-21 18:42:01
CONT2024004722,2024-06-11 03:14:03,2024-06-11 18:35:55
CONT2024004723,2024-06-08 10:30:59,
CONT2024004724,2024-06-13 21:58:23,2024-06-22 02:02:00
CONT2024004725,2024-06-17 02:53:43,2024-06-21 22:09:09
CONT2024004726,2024-06-15 18:19:32,2024-06-22 12:09:33
CONT2024004727,2024-06-13 14:21:29,
CONT2024004728,2024-06-14 18:19:41,2024-06-15 23:22:28
CONT2024004729,2024-06-12 17:42:45,2024-06-22 06:13:28
CONT2024004730,2024-06-08 09:22:58,2024-06-23 04:55:19
CONT2024004731,2024-06-18 16:35:13,2024-06-23 06:41:21
CONT2024004732,2024-06-16 22:14:16,
CONT2024004733,2024-06-11 23:50:33,2024-06-12 21:02:32
CONT2024004734,2024-06-09 03:33:57,2024-06-09 07:33:57
CONT2024004735,2024-06-09 20:06:56,
CONT2024004736,2024-06-12 18:52:47,2024-06-13 02:46:58
CONT2024004737,2024-06-14 23:20:55,
CONT2024004738,2024-06-10 18:28:57,
CONT2024004739,2024-06-12 08:56:33,2024-06-21 22:29:54
CONT2024004740,2024-06-15 02:59:50,
CONT2024004741,2024-06-17 06:41:06,2024-06-22 18:57:02
CONT2024004742,2024-06-18 19:37:44,2024-06-23 17:19:56
CONT2024004743,2024-06-13 01:07:44,
CONT2024004744,2024-06-17 22:02:45,2024-06-22 21:17:25
CONT2024004745,2024-06-16 02:03:15,2024-06-17 08:22:50
CONT2024004746,2024-06-16 17:40:55,2024-06-17 10:10:05
CONT2024004747,2024-06-13 08:27:05,2024-06-23 17:48:21
CONT2024004748,2024-06-13 23:15:13,2024-06-23 09:02:05
CONT2024004749,2024-06-10 16:35:03,2024-06-23 10:01:52
CONT2024004750,2024-06-13 21:30:17,2024-06-14 08:25:46
CONT2024004751,2024-06-15 07:33:23,2024-06-24 00:25:52
CONT2024004752,2024-06-19 00:04:24,2024-06-23 10:53:05
CONT2024004753,2024-06-12 08:28:35,2024-06-23 19:40:15
CONT2024004754,2024-06-15 11:44:41,2024-06-16 07:30:56
CONT2024004755,2024-06-11 06:14:38,2024-06-23 18:19:44
CONT2024004756,2024-06-19 15:30:51,
CONT2024004757,2024-06-14 00:26:49,2024-06-23 01:21:18
CONT2024004758,2024-06-20 01:17:55,2024-06-20 16:21:00
CONT2024004759,2024-06-14 22:40:28,2024-06-23 11:08:40
CONT2024004760,2024-06-19 07:20:37,2024-06-19 21:50:28
CONT2024004761,2024-06-11 18:33:22,2024-06-12 01:56:38
CONT2024004762,2024-06-14 16:16:36,2024-06-15 23:40:34
CONT2024004763,2024-06-15 20:13:54,2024-06-16 18:55:51
CONT2024004764,2024-06-20 01:42:00,2024-06-25 11:00:11
CONT2024004765,2024-06-15 18:07:45,2024-06-24 21:07:51
CONT2024004766,2024-06-15 05:51:30,2024-06-25 03:38:05
CONT2024004767,2024-06-14 11:46:23,2024-06-15 07:01:12
CONT2024004768,2024-06-20 08:41:54,
CONT2024004769,2024-06-13 06:00:48,2024-06-25 04:06:02
CONT2024004770,2024-06-15 11:51:16,2024-06-25 14:48:22
CONT2024004771,2024-06-18 10:11:43,2024-06-25 08:42:24
CONT2024004772,2024-06-17 00:38:25,2024-06-25 20:33:50
CONT2024004773,2024-06-19 22:33:06,
CONT2024004774,2024-06-13 06:46:32,2024-06-25 00:55:37
CONT2024004775,2024-06-13 20:12:50,2024-06-14 13:33:16
CONT2024004776,2024-06-20 03:18:23,2024-06-20 19:18:44
CONT2024004777,2024-06-15 05:36:25,2024-06-24 20:11:17
CONT2024004778,2024-06-15 01:46:12,
CONT2024004779,2024-06-18 16:02:02,2024-06-24 16:17:21
CONT2024004780,2024-06-11 13:15:52,2024-06-24 23:54:41
CONT2024004781,2024-06-12 14:37:10,2024-06-25 19:25:14
CONT2024004782,2024-06-22 02:42:21,2024-06-25 20:12:25
CONT2024004783,2024-06-22 06:32:33,2024-06-22 21:37:15
CONT2024004784,2024-06-15 02:06:50,2024-06-26 23:27:27
CONT2024004785,2024-06-15 20:19:09,2024-06-16 21:22:46
CONT2024004786,2024-06-17 05:16:43,2024-06-18 12:20:30
CONT2024004787,2024-06-19 16:04:36,2024-06-20 13:37:44
CONT2024004788,2024-06-13 02:53:43,
CONT2024004789,2024-06-20 17:26:20,2024-06-25 08:26:25
CONT2024004790,2024-06-15 12:36:29,2024-06-16 18:44:28
CONT2024004791,2024-06-18 07:28:09,2024-06-19 03:58:52
CONT2024004792,2024-06-21 00:02:43,2024-06-25 10:20:52
CONT2024004793,2024-06-16 10:49:49,2024-06-16 22:27:59
CONT2024004794,2024-06-16 07:47:58,2024-06-25 19:23:16
CONT2024004795,2024-06-21 21:39:13,2024-06-23 01:44:29
CONT2024004796,2024-06-13 18:52:03,2024-06-14 08:52:07
CONT2024004797,2024-06-12 17:44:49,2024-06-26 14:03:05
CONT2024004798,2024-06-19 19:04:41,2024-06-26 22:21:42
CONT2024004799,2024-06-16 21:28:07,2024-06-18 01:37:58
CONT2024004800,2024-06-13 13:16:32,2024-06-14 14:55:47
CONT2024004801,2024-06-12 18:12:50,2024-06-26 20:06:38
CONT2024004802,2024-06-15 01:10:24,
CONT2024004803,2024-06-17 14:48:20,2024-06-19 06:30:40
CONT2024004804,2024-06-17 18:21:52,
CONT2024004805,2024-06-21 19:54:46,2024-06-22 13:28:06
CONT2024004806,2024-06-16 01:22:06,2024-06-16 18:28:08
CONT2024004807,2024-06-22 18:10:26,2024-06-25 22:29:07
CONT2024004808,2024-06-15 01:47:06,2024-06-15 16:52:16
CONT2024004809,2024-06-22 01:54:20,
CONT2024004810,2024-06-19 17:14:40,2024-06-20 19:50:04
CONT2024004811,2024-06-14 19:17:36,2024-06-15 20:59:39
CONT2024004812,2024-06-16 13:11:08,2024-06-26 03:55:50
CONT2024004813,2024-06-18 21:59:52,2024-06-19 01:59:52
CONT2024004814,2024-06-19 14:47:13,2024-06-26 00:00:52
CONT2024004815,2024-06-17 03:01:03,
CONT2024004816,2024-06-13 11:26:10,2024-06-14 03:40:59
CONT2024004817,2024-06-14 09:00:56,2024-06-15 01:34:25
CONT2024004818,2024-06-15 11:42:53,2024-06-26 18:13:35
CONT2024004819,2024-06-22 06:06:18,2024-06-23 03:07:32
CONT2024004820,2024-06-18 00:56:49,
CONT2024004821,2024-06-16 03:55:45,2024-06-16 22:21:32
CONT2024004822,2024-06-20 23:52:45,
CONT2024004823,2024-06-22 00:48:30,2024-06-26 02:32:13
CONT2024004824,2024-06-21 03:53:21,
CONT2024004825,2024-06-18 07:25:20,2024-06-26 14:44:50
CONT2024004826,2024-06-13 12:48:15,2024-06-25 20:09:21
CONT2024004827,2024-06-21 12:12:44,2024-06-26 19:22:01
CONT2024004828,2024-06-13 10:33:38,2024-06-26 03:06:18
CONT2024004829,2024-06-20 16:38:51,2024-06-25 23:31:43
CONT2024004830,2024-06-13 18:11:05,2024-06-14 10:07:50
CONT2024004831,2024-06-22 03:36:23,2024-06-22 20:04:09
CONT2024004832,2024-06-17 03:24:21,2024-06-18 04:23:04
CONT2024004833,2024-06-15 20:31:20,2024-06-25 21:19:35
CONT2024004834,2024-06-14 20:05:37,2024-06-26 19:15:02
CONT2024004835,2024-06-19 15:10:07,
CONT2024004836,2024-06-19 05:34:19,2024-06-19 12:49:58
CONT2024004837,2024-06-17 10:10:15,2024-06-26 04:31:26
CONT2024004838,2024-06-14 13:26:36,2024-06-15 15:43:28
CONT2024004839,2024-06-16 14:40:35,2024-06-26 05:32:55
CONT2024004840,2024-06-14 01:27:38,2024-06-14 18:17:27
CONT2024004841,2024-06-16 23:54:19,2024-06-17 19:32:46
CONT2024004842,2024-06-18 17:46:55,2024-06-19 18:25:28
CONT2024004843,2024-06-23 08:36:28,2024-06-26 17:49:44
CONT2024004844,2024-06-21 06:35:17,2024-06-22 02:43:26
CONT2024004845,2024-06-20 07:13:46,2024-06-26 11:28:58
CONT2024004846,2024-06-16 21:41:30,2024-06-17 20:52:57
CONT2024004847,2024-06-16 19:59:55,2024-06-17 04:36:08
CONT2024004848,2024-06-22 17:05:32,2024-06-23 08:35:44
CONT2024004849,2024-06-22 11:43:23,2024-06-26 15:37:39
CONT2024004850,2024-06-16 09:56:34,2024-06-16 22:19:13
CONT2024004851,2024-06-20 23:10:41,2024-06-26 08:36:14
CONT2024004852,2024-06-14 23:04:57,
CONT2024004853,2024-06-21 09:51:29,2024-06-26 15:15:39
CONT2024004854,2024-06-23 13:37:48,2024-06-26 07:51:37
CONT2024004855,2024-06-18 00:14:58,2024-06-19 00:04:47
CONT2024004856,2024-06-16 04:34:05,2024-06-16 10:40:59
CONT2024004857,2024-06-22 12:10:10,2024-06-25 22:28:38
CONT2024004858,2024-06-14 17:24:07,2024-06-15 18:38:00
CONT2024004859,2024-06-18 15:04:54,
CONT2024004860,2024-06-16 23:46:34,2024-06-26 15:17:22
CONT2024004861,2024-06-16 18:57:44,2024-06-18 04:43:42
CONT2024004862,2024-06-21 19:05:44,
CONT2024004863,2024-06-17 03:33:54,
CONT2024004864,2024-06-16 14:01:35,
CONT2024004865,2024-06-18 10:31:07,2024-06-27 01:07:37
CONT2024004866,2024-06-20 01:59:40,
CONT2024004867,2024-06-16 09:23:02,2024-06-26 22:47:30
CONT2024004868,2024-06-19 05:00:15,2024-06-26 16:53:30
CONT2024004869,2024-06-16 15:46:09,2024-06-17 04:10:29
CONT2024004870,2024-06-19 08:15:02,2024-06-27 13:13:32
CONT2024004871,2024-06-21 10:17:48,2024-06-25 15:46:18
CONT2024004872,2024-06-21 22:44:13,2024-06-26 02:49:17
CONT2024004873,2024-06-16 15:26:13,
CONT2024004874,2024-06-18 19:01:09,2024-06-25 20:06:48
CONT2024004875,2024-06-13 01:53:25,2024-06-14 10:24:08
CONT2024004876,2024-06-17 18:16:36,
CONT2024004877,2024-06-23 21:49:03,2024-06-24 07:03:38
CONT2024004878,2024-06-21 18:42:38,2024-06-22 17:04:00
CONT2024004879,2024-06-20 12:08:03,2024-06-21 09:28:25
CONT2024004880,2024-06-13 04:40:22,
CONT2024004881,2024-06-21 01:41:09,2024-06-22 05:28:27
CONT2024004882,2024-06-15 03:09:44,2024-06-15 19:31:13
CONT2024004883,2024-06-22 13:39:52,2024-06-23 11:21:58
CONT2024004884,2024-06-21 14:22:40,2024-06-27 12:30:48
CONT2024004885,2024-06-22 23:32:04,2024-06-28 00:16:39
CONT2024004886,2024-06-15 11:46:07,2024-06-16 11:26:25
CONT2024004887,2024-06-24 09:45:49,2024-06-24 22:25:50
CONT2024004888,2024-06-21 07:33:48,2024-06-22 00:19:12
CONT2024004889,2024-06-24 00:09:56,2024-06-27 18:56:09
CONT2024004890,2024-06-16 13:02:46,2024-06-17 18:09:04
CONT2024004891,2024-06-22 17:52:04,
CONT2024004892,2024-06-18 04:57:02,2024-06-28 05:17:26
CONT2024004893,2024-06-15 05:26:39,2024-06-29 06:56:01
CONT2024004894,2024-06-22 14:07:03,2024-06-23 07:43:42
CONT2024004895,2024-06-20 20:26:57,2024-06-27 14:36:25
CONT2024004896,2024-06-25 15:21:38,
CONT2024004897,2024-06-15 09:55:22,2024-06-15 18:01:52
CONT2024004898,2024-06-20 18:23:28,2024-06-28 12:51:01
CONT2024004899,2024-06-23 01:14:26,2024-06-23 18:35:56
CONT2024004900,2024-06-22 14:10:11,2024-06-28 12:14:15
CONT2024004901,2024-06-22 09:56:35,2024-06-23 17:30:33
CONT2024004902,2024-06-14 20:58:30,2024-06-15 18:16:38
CONT2024004903,2024-06-15 12:37:35,2024-06-28 07:33:16
CONT2024004904,2024-06-15 20:00:43,2024-06-16 14:05:57
CONT2024004905,2024-06-21 08:27:28,2024-06-22 15:05:32
CONT2024004906,2024-06-21 05:26:30,2024-06-22 07:10:21
CONT2024004907,2024-06-20 17:31:52,2024-06-21 14:45:01
CONT2024004908,2024-06-23 18:07:25,2024-06-24 03:02:20
CONT2024004909,2024-06-15 21:45:24,2024-06-16 18:34:00
CONT2024004910,2024-06-21 20:32:43,2024-06-22 23:04:12
CONT2024004911,2024-06-24 17:21:42,
CONT2024004912,2024-06-21 09:23:28,2024-06-28 07:13:40
CONT2024004913,2024-06-17 06:05:44,
CONT2024004914,2024-06-20 04:51:54,2024-06-20 17:29:36
CONT2024004915,2024-06-24 11:03:03,2024-06-27 18:53:25
CONT2024004916,2024-06-23 11:00:04,2024-06-23 23:49:51
CONT2024004917,2024-06-19 23:54:42,2024-06-20 23:36:27
CONT2024004918,2024-06-15 10:40:14,2024-06-28 10:15:01
CONT2024004919,2024-06-23 02:01:06,2024-06-28 14:22:17
CONT2024004920,2024-06-15 07:10:59,2024-06-28 09:05:26
CONT2024004921,2024-06-19 22:14:11,2024-06-28 16:41:49
CONT2024004922,2024-06-18 21:05:45,2024-06-19 10:25:06
CONT2024004923,2024-06-17 09:18:30,2024-06-18 09:29:05
CONT2024004924,2024-06-19 19:55:40,2024-06-20 09:49:01
CONT2024004925,2024-06-16 20:42:38,2024-06-28 03:48:07
CONT2024004926,2024-06-22 20:06:03,2024-06-28 06:33:45
CONT2024004927,2024-06-17 02:28:32,2024-06-27 17:41:42
CONT2024004928,2024-06-22 09:16:05,
CONT2024004929,2024-06-24 00:07:00,2024-06-25 08:33:39
CONT2024004930,2024-06-25 17:19:56,
CONT2024004931,2024-06-23 16:59:11,2024-06-27 20:36:49
CONT2024004932,2024-06-15 20:49:00,2024-06-29 04:42:13
CONT2024004933,2024-06-19 12:55:57,2024-06-20 14:47:57
CONT2024004934,2024-06-19 21:15:18,
CONT2024004935,2024-06-19 07:55:57,2024-06-20 07:47:39
CONT2024004936,2024-06-20 00:33:50,2024-06-28 16:36:22
CONT2024004937,2024-06-22 16:39:52,
CONT2024004938,2024-06-18 19:43:13,2024-06-29 04:18:23
CONT2024004939,2024-06-25 14:47:51,2024-06-26 15:03:15
CONT2024004940,2024-06-15 07:42:14,2024-06-15 17:35:04
CONT2024004941,2024-06-22 13:05:06,2024-06-28 17:39:10
CONT2024004942,2024-06-21 08:29:13,
CONT2024004943,2024-06-21 08:32:14,2024-06-21 19:19:59
CONT2024004944,2024-06-16 05:10:31,2024-06-29 08:16:29
CONT2024004945,2024-06-15 09:28:01,2024-06-29 07:14:33
CONT2024004946,2024-06-25 04:57:08,2024-06-28 07:09:37
CONT2024004947,2024-06-22 17:13:23,
CONT2024004948,2024-06-15 18:21:03,2024-06-16 09:10:42
CONT2024004949,2024-06-23 13:40:29,2024-06-28 17:03:46
CONT2024004950,2024-06-17 18:18:36,2024-06-29 01:26:07
CONT2024004951,2024-06-24 14:03:32,2024-06-28 21:24:31
CONT2024004952,2024-06-16 12:57:56,2024-06-29 00:46:56
CONT2024004953,2024-06-17 19:24:18,2024-06-29 06:58:26
CONT2024004954,2024-06-22 19:55:59,
CONT2024004955,2024-06-16 15:20:39,2024-06-17 17:24:25
CONT2024004956,2024-06-18 09:41:29,2024-06-19 04:59:44
CONT2024004957,2024-06-16 16:28:39,
CONT2024004958,2024-06-26 07:57:19,2024-06-29 04:26:44
CONT2024004959,2024-06-19 14:35:47,
CONT2024004960,2024-06-25 08:12:09,2024-06-26 03:23:57
CONT2024004961,2024-06-23 06:27:49,2024-06-29 18:26:10
CONT2024004962,2024-06-19 20:11:40,2024-06-28 23:26:22
CONT2024004963,2024-06-22 21:06:06,
CONT2024004964,2024-06-22 14:14:55,
CONT2024004965,2024-06-17 02:11:30,2024-06-17 22:54:30
CONT2024004966,2024-06-23 01:38:07,
CONT2024004967,2024-06-21 23:45:58,2024-06-22 09:40:22
CONT2024004968,2024-06-24 20:02:38,2024-06-30 09:47:16
CONT2024004969,2024-06-25 01:38:16,2024-06-25 23:40:29
CONT2024004970,2024-06-21 19:46:43,2024-06-22 14:21:01
CONT2024004971,2024-06-16 12:35:10,2024-06-17 03:17:34
CONT2024004972,2024-06-22 13:16:35,2024-06-29 14:03:18
CONT2024004973,2024-06-18 02:21:48,2024-06-29 13:21:04
CONT2024004974,2024-06-21 03:50:42,
CONT2024004975,2024-06-18 17:16:36,2024-06-30 03:03:04
CONT2024004976,2024-06-26 11:45:18,2024-06-29 10:05:39
CONT2024004977,2024-06-18 23:52:55,2024-06-30 11:40:30
CONT2024004978,2024-06-19 23:00:07,2024-06-29 21:07:16
CONT2024004979,2024-06-16 23:17:01,
CONT2024004980,2024-06-26 16:37:46,2024-06-30 07:35:40
CONT2024004981,2024-06-24 19:55:17,2024-06-25 10:09:15
CONT2024004982,2024-06-19 04:39:20,2024-06-20 00:33:07
CONT2024004983,2024-06-23 18:44:06,2024-06-23 22:44:06
CONT2024004984,2024-06-18 12:05:53,
CONT2024004985,2024-06-18 11:25:14,2024-06-19 18:58:30
CONT2024004986,2024-06-27 00:11:17,
CONT2024004987,2024-06-23 10:24:36,2024-06-30 07:36:13
CONT2024004988,2024-06-23 06:36:00,2024-06-24 07:40:36
CONT2024004989,2024-06-27 11:22:31,2024-06-27 15:22:31
CONT2024004990,2024-06-23 04:02:15,
CONT2024004991,2024-06-26 00:53:25,2024-06-30 14:44:56
CONT2024004992,2024-06-26 15:17:07,2024-06-26 23:17:39
CONT2024004993,2024-06-19 20:03:32,2024-06-30 00:35:16
CONT2024004994,2024-06-18 02:18:10,2024-06-18 19:28:29
CONT2024004995,2024-06-17 07:31:14,2024-06-18 00:46:37
CONT2024004996,2024-06-26 09:42:19,
CONT2024004997,2024-06-20 19:56:45,2024-06-22 00:38:19
CONT2024004998,2024-06-23 11:43:15,2024-06-30 11:58:08
CONT2024004999,2024-06-24 09:27:50,2024-06-25 05:50:08
CONT2024005000,2024-06-24 18:29:01,2024-06-30 08:46:45
CONT2024005001,2024-06-21 11:29:00,2024-06-29 15:33:23
CONT2024005002,2024-06-21 15:08:36,2024-06-29 19:22:07
CONT2024005003,2024-06-21 17:15:43,2024-06-23 07:27:26
CONT2024005004,2024-06-17 07:56:54,2024-06-18 03:42:24
CONT2024005005,2024-06-19 05:14:27,2024-06-19 21:09:48
CONT2024005006,2024-06-26 07:30:24,2024-06-27 08:30:28
CONT2024005007,2024-06-22 19:24:54,2024-06-30 15:52:49
CONT2024005008,2024-06-27 08:20:56,2024-07-02 17:13:27
CONT2024005009,2024-06-27 22:33:43,2024-07-02 01:56:32
CONT2024005010,2024-06-24 17:31:20,2024-06-25 11:48:14
CONT2024005011,2024-06-21 07:22:36,2024-06-21 18:42:57
CONT2024005012,2024-06-22 06:45:40,
CONT2024005013,2024-06-18 20:45:51,2024-07-02 14:06:44
CONT2024005014,2024-06-26 19:50:00,2024-07-02 11:57:03
CONT2024005015,2024-06-20 18:14:10,2024-07-02 11:32:38
CONT2024005016,2024-06-28 11:20:32,
CONT2024005017,2024-06-27 06:15:31,2024-07-03 01:13:45
CONT2024005018,2024-06-27 17:37:16,2024-07-02 01:40:47
CONT2024005019,2024-06-19 06:04:14,2024-06-20 02:13:35
CONT2024005020,2024-06-26 20:31:59,2024-07-02 05:32:57
CONT2024005021,2024-06-26 03:03:07,2024-07-02 13:08:41
CONT2024005022,2024-06-23 09:26:19,2024-06-24 04:13:29
CONT2024005023,2024-06-22 03:01:33,2024-06-22 17:09:45
CONT2024005024,2024-06-19 23:13:16,2024-07-02 11:40:10
CONT2024005025,2024-06-27 19:30:32,2024-07-02 15:20:00
CONT2024005026,2024-06-22 06:23:28,2024-07-02 20:48:45
CONT2024005027,2024-06-23 00:07:24,2024-06-23 20:47:50
CONT2024005028,2024-06-28 14:28:30,2024-06-29 19:54:27
CONT2024005029,2024-06-21 15:02:10,
CONT2024005030,2024-06-21 15:35:12,2024-07-02 06:15:23
CONT2024005031,2024-06-19 21:27:01,
CONT2024005032,2024-06-20 14:15:27,2024-07-02 05:55:09
CONT2024005033,2024-06-24 16:21:44,2024-07-02 07:52:40
CONT2024005034,2024-06-23 18:45:31,
CONT2024005035,2024-06-24 14:25:52,
CONT2024005036,2024-06-26 00:11:36,2024-06-27 02:53:45
CONT2024005037,2024-06-21 11:48:58,
CONT2024005038,2024-06-25 08:12:28,2024-07-03 09:31:20
CONT2024005039,2024-06-23 21:42:56,2024-07-03 03:33:25
CONT2024005040,2024-06-24 04:33:27,
CONT2024005041,2024-06-21 17:59:19,2024-06-22 10:17:03
CONT2024005042,2024-06-24 21:59:38,2024-07-02 22:25:34
CONT2024005043,2024-06-21 08:20:27,2024-07-02 16:51:33
CONT2024005044,2024-06-21 22:08:48,2024-06-22 15:20:00
CONT2024005045,2024-06-27 05:39:10,2024-06-27 19:09:12
CONT2024005046,2024-06-20 16:55:24,2024-06-20 23:05:21
CONT2024005047,2024-06-24 05:43:45,2024-07-01 22:36:49
CONT2024005048,2024-06-22 18:08:33,2024-07-03 16:39:34
CONT2024005049,2024-06-28 20:06:33,2024-07-03 16:04:05
CONT2024005050,2024-06-29 01:26:32,2024-06-30 11:30:07
CONT2024005051,2024-06-25 19:35:09,
CONT2024005052,2024-06-20 21:35:27,2024-06-22 00:57:42
CONT2024005053,2024-06-26 19:16:27,
CONT2024005054,2024-06-28 16:31:47,2024-07-02 15:54:37
CONT2024005055,2024-06-27 09:28:55,2024-06-28 07:40:38
CONT2024005056,2024-06-28 05:45:47,2024-07-02 23:31:58
CONT2024005057,2024-06-29 10:23:49,2024-07-02 11:24:58
CONT2024005058,2024-06-21 13:03:32,2024-06-22 07:08:49
CONT2024005059,2024-06-25 23:01:35,2024-06-27 03:52:51
CONT2024005060,2024-06-21 01:05:30,
CONT2024005061,2024-06-23 06:18:55,2024-06-23 15:16:30
CONT2024005062,2024-06-27 12:04:52,2024-07-04 01:27:20
CONT2024005063,2024-06-28 01:20:25,2024-06-28 23:45:07
CONT2024005064,2024-06-29 00:38:47,
CONT2024005065,2024-06-25 04:19:33,2024-06-26 18:58:07
CONT2024005066,2024-06-20 01:32:48,2024-07-03 19:55:38
CONT2024005067,2024-06-20 18:21:57,
CONT2024005068,2024-06-24 01:22:01,2024-06-24 14:45:33
CONT2024005069,2024-06-21 12:42:16,2024-06-21 17:41:55
CONT2024005070,2024-06-26 09:17:37,2024-06-27 02:37:22
CONT2024005071,2024-06-20 07:57:32,2024-07-03 00:56:50
CONT2024005072,2024-06-29 21:40:55,2024-07-03 18:46:19
CONT2024005073,2024-06-29 12:54:18,
CONT2024005074,2024-06-22 10:48:54,2024-06-23 02:12:17
CONT2024005075,2024-06-25 23:45:26,2024-07-03 10:19:18
CONT2024005076,2024-06-28 18:22:40,
CONT2024005077,2024-06-25 03:13:08,2024-06-25 23:10:24
CONT2024005078,2024-06-29 14:09:01,2024-07-03 13:54:50
CONT2024005079,2024-06-23 05:58:10,2024-07-04 05:50:00
CONT2024005080,2024-06-21 18:41:07,2024-06-22 11:35:24
CONT2024005081,2024-06-23 05:05:02,2024-07-03 17:10:59
CONT2024005082,2024-06-27 17:33:17,2024-06-29 04:21:42
CONT2024005083,2024-06-22 15:23:16,2024-06-23 14:03:25
CONT2024005084,2024-06-29 18:13:59,2024-07-01 05:28:41
CONT2024005085,2024-06-22 21:03:03,2024-07-03 12:49:35
CONT2024005086,2024-06-26 07:36:43,2024-07-03 18:29:52
CONT2024005087,2024-06-22 23:23:31,2024-07-04 02:59:22
CONT2024005088,2024-06-20 04:22:57,2024-07-03 15:49:13
CONT2024005089,2024-06-26 05:09:03,2024-06-26 23:13:45
CONT2024005090,2024-06-27 18:28:08,
CONT2024005091,2024-06-22 09:55:51,2024-07-04 04:44:38
CONT2024005092,2024-06-23 04:29:55,
CONT2024005093,2024-06-30 08:29:43,2024-07-04 03:25:05
CONT2024005094,2024-06-29 22:00:06,2024-06-30 16:58:13
CONT2024005095,2024-06-29 01:34:20,2024-06-29 08:14:42
CONT2024005096,2024-06-25 14:11:14,
CONT2024005097,2024-06-20 14:19:30,2024-07-02 22:54:12
CONT2024005098,2024-06-25 11:55:05,
CONT2024005099,2024-06-23 23:36:10,2024-07-03 08:15:32
CONT2024005100,2024-06-29 03:29:32,2024-06-30 04:01:27
CONT2024005101,2024-06-25 08:32:05,2024-06-26 01:44:24
CONT2024005102,2024-06-27 07:26:07,2024-07-03 22:24:25
CONT2024005103,2024-06-30 00:45:10,2024-07-01 14:15:41
CONT2024005104,2024-06-24 02:32:15,2024-07-04 01:01:13
CONT2024005105,2024-06-27 03:24:48,
CONT2024005106,2024-06-26 08:35:16,2024-07-03 19:05:18
CONT2024005107,2024-06-21 06:06:20,
CONT2024005108,2024-06-26 08:51:21,2024-07-05 01:00:45
CONT2024005109,2024-06-23 14:12:04,
CONT2024005110,2024-06-20 15:23:17,
CONT2024005111,2024-06-21 17:30:28,2024-06-22 13:57:46
CONT2024005112,2024-06-29 17:20:04,2024-07-03 20:26:53
CONT2024005113,2024-06-29 12:17:54,2024-07-03 15:02:23
CONT2024005114,2024-06-23 20:58:27,2024-07-03 14:22:00
CONT2024005115,2024-06-26 15:33:58,
CONT2024005116,2024-06-26 23:57:48,2024-07-04 01:37:43
CONT2024005117,2024-06-30 08:46:29,2024-07-03 08:15:31
CONT2024005118,2024-06-24 17:52:29,2024-07-03 04:45:07
CONT2024005119,2024-06-23 18:02:06,2024-07-04 06:29:46
CONT2024005120,2024-06-22 09:46:09,2024-06-22 18:18:35
CONT2024005121,2024-06-27 06:13:20,2024-06-28 07:18:58
CONT2024005122,2024-06-29 05:41:56,2024-07-03 23:03:27
CONT2024005123,2024-06-27 08:25:47,
CONT2024005124,2024-06-25 00:49:43,2024-07-05 05:51:39
CONT2024005125,2024-06-28 04:11:04,2024-07-04 22:15:07
CONT2024005126,2024-06-21 12:04:04,2024-07-03 21:59:44
CONT2024005127,2024-06-22 22:29:15,
CONT2024005128,2024-07-01 04:07:26,
CONT2024005129,2024-06-21 13:24:29,2024-07-04 20:50:10
CONT2024005130,2024-07-01 04:37:21,2024-07-04 09:30:22
CONT2024005131,2024-06-28 02:00:30,2024-07-04 04:06:08
CONT2024005132,2024-06-28 05:07:15,2024-07-04 03:52:43
CONT2024005133,2024-06-23 03:01:58,2024-07-04 18:09:43
CONT2024005134,2024-06-24 21:35:40,2024-07-04 23:19:10
CONT2024005135,2024-06-30 13:41:19,2024-07-01 15:45:35
CONT2024005136,2024-06-26 22:42:05,2024-07-04 01:11:41
CONT2024005137,2024-06-27 04:01:03,2024-07-04 22:06:31
CONT2024005138,2024-06-25 02:56:11,2024-07-04 16:12:44
CONT2024005139,2024-06-28 10:01:37,2024-06-29 08:59:40
CONT2024005140,2024-06-21 19:23:38,2024-06-22 07:36:57
CONT2024005141,2024-06-20 17:05:42,2024-07-05 07:51:10
CONT2024005142,2024-06-29 11:46:06,2024-07-04 11:05:33
CONT2024005143,2024-06-27 13:32:11,2024-06-28 11:09:28
CONT2024005144,2024-06-25 10:07:00,
CONT2024005145,2024-06-21 02:09:26,
CONT2024005146,2024-06-30 17:43:25,2024-07-04 09:33:01
CONT2024005147,2024-06-29 06:13:16,2024-07-04 12:18:18
CONT2024005148,2024-06-29 11:36:02,
CONT2024005149,2024-06-26 10:26:59,2024-07-05 03:16:50
CONT2024005150,2024-06-23 10:16:06,2024-06-24 08:58:45
CONT2024005151,2024-06-25 11:56:05,
CONT2024005152,2024-06-30 01:06:35,2024-06-30 13:57:43
CONT2024005153,2024-06-29 05:37:47,2024-06-30 02:44:26
CONT2024005154,2024-06-28 10:06:08,2024-06-29 16:21:54
CONT2024005155,2024-06-30 13:02:03,2024-07-05 07:42:35
CONT2024005156,2024-06-24 03:30:57,2024-06-25 00:50:17
CONT2024005157,2024-06-28 04:58:03,2024-07-05 02:49:34
CONT2024005158,2024-06-22 17:47:47,2024-07-03 13:12:54
CONT2024005159,2024-06-23 00:40:29,2024-07-04 17:03:36
CONT2024005160,2024-06-27 03:01:07,2024-06-28 05:54:35
CONT2024005161,2024-06-22 10:38:07,2024-06-23 08:30:53
CONT2024005162,2024-06-30 05:02:49,2024-07-05 01:57:49
CONT2024005163,2024-06-30 11:47:31,2024-07-01 16:48:51
CONT2024005164,2024-06-28 15:27:44,2024-06-29 16:29:28
CONT2024005165,2024-06-29 03:24:39,2024-06-30 10:36:22
CONT2024005166,2024-06-27 08:24:49,2024-06-27 19:24:15
CONT2024005167,2024-06-26 09:40:24,2024-07-03 17:24:23
CONT2024005168,2024-06-22 06:01:27,2024-07-03 23:29:56
CONT2024005169,2024-06-23 23:30:54,2024-07-05 07:13:41
CONT2024005170,2024-06-28 04:59:10,2024-06-29 16:04:19
CONT2024005171,2024-06-25 21:58:10,2024-07-04 19:14:53
CONT2024005172,2024-06-26 03:23:55,2024-06-26 17:59:55
CONT2024005173,2024-06-29 22:40:52,2024-07-05 07:28:03
CONT2024005174,2024-07-01 17:24:42,2024-07-03 05:15:49
CONT2024005175,2024-07-01 01:03:32,
CONT2024005176,2024-06-24 16:53:05,2024-06-25 06:04:45
CONT2024005177,2024-06-25 19:39:00,2024-06-26 19:30:55
CONT2024005178,2024-06-29 04:58:06,2024-06-29 12:14:27
CONT2024005179,2024-06-23 08:54:43,2024-06-24 03:23:34
CONT2024005180,2024-06-25 03:31:22,2024-06-26 07:01:45
CONT2024005181,2024-07-02 13:49:36,2024-07-06 01:05:05
CONT2024005182,2024-06-25 02:30:51,2024-07-05 22:19:20
CONT2024005183,2024-06-27 00:54:57,2024-06-27 23:04:02
CONT2024005184,2024-06-25 03:05:37,
CONT2024005185,2024-06-24 22:48:21,2024-06-25 08:06:28
CONT2024005186,2024-06-21 23:47:25,2024-07-05 16:30:18
CONT2024005187,2024-06-30 01:40:55,
CONT2024005188,2024-07-01 06:32:37,2024-07-05 06:46:49
CONT2024005189,2024-07-01 05:09:24,2024-07-05 20:38:52
CONT2024005190,2024-06-24 11:03:53,2024-07-05 17:32:31
CONT2024005191,2024-06-30 15:54:28,2024-07-01 10:15:48
CONT2024005192,2024-07-02 05:22:07,2024-07-02 11:17:11
CONT2024005193,2024-06-22 19:13:14,2024-07-05 09:03:33
CONT2024005194,2024-06-25 23:43:45,2024-06-26 15:48:02
CONT2024005195,2024-06-27 08:17:22,
CONT2024005196,2024-06-27 22:15:01,2024-07-06 09:01:48
CONT2024005197,2024-07-02 01:34:01,
CONT2024005198,2024-06-26 13:54:23,
CONT2024005199,2024-06-26 23:16:14,2024-06-28 05:09:33
CONT2024005200,2024-06-26 18:38:02,2024-06-26 22:38:02
CONT2024005201,2024-06-27 20:44:00,2024-07-06 14:38:47
CONT2024005202,2024-06-26 14:03:18,2024-06-27 07:54:45
CONT2024005203,2024-06-28 05:08:37,2024-07-06 09:45:01
CONT2024005204,2024-06-24 05:45:27,2024-07-06 01:53:29
CONT2024005205,2024-06-25 17:24:09,2024-07-05 14:44:24
CONT2024005206,2024-07-01 17:16:00,2024-07-02 11:59:00
CONT2024005207,2024-06-29 08:04:13,2024-07-05 23:35:50
CONT2024005208,2024-06-25 07:34:46,2024-06-25 22:42:49
CONT2024005209,2024-07-02 10:36:01,2024-07-02 22:03:41
CONT2024005210,2024-06-22 09:05:10,2024-07-05 12:46:15
CONT2024005211,2024-06-28 08:14:05,
CONT2024005212,2024-06-25 19:06:13,2024-06-26 14:41:54
CONT2024005213,2024-07-02 07:20:02,2024-07-03 19:56:40
CONT2024005214,2024-06-26 00:29:36,2024-07-06 09:21:46
CONT2024005215,2024-07-02 06:08:34,2024-07-06 08:45:25
CONT2024005216,2024-06-22 13:30:05,2024-06-23 12:00:59
CONT2024005217,2024-07-02 05:52:31,2024-07-06 02:26:52
CONT2024005218,2024-06-24 04:45:39,
CONT2024005219,2024-06-25 20:11:17,2024-07-06 03:02:53
CONT2024005220,2024-07-01 02:34:53,2024-07-01 22:43:47
CONT2024005221,2024-06-26 01:56:14,
CONT2024005222,2024-06-23 21:00:39,2024-07-06 23:21:55
CONT2024005223,2024-07-02 19:15:14,2024-07-03 04:35:26
CONT2024005224,2024-06-27 07:57:16,2024-06-28 13:03:27
CONT2024005225,2024-07-01 10:59:18,
CONT2024005226,2024-07-01 13:32:33,2024-07-06 18:02:14
CONT2024005227,2024-06-29 02:37:44,2024-07-05 15:01:22
CONT2024005228,2024-06-25 15:52:20,2024-07-06 20:12:27
CONT2024005229,2024-06-23 13:12:48,2024-06-24 00:08:37
CONT2024005230,2024-06-26 16:39:55,2024-07-06 14:33:22
CONT2024005231,2024-07-03 03:26:47,2024-07-04 06:30:51
CONT2024005232,2024-06-25 07:59:31,2024-06-25 17:03:34
CONT2024005233,2024-07-02 21:19:05,2024-07-06 10:35:06
CONT2024005234,2024-06-23 18:16:55,2024-06-24 11:29:02
CONT2024005235,2024-06-28 06:07:11,2024-07-07 03:35:52
CONT2024005236,2024-07-01 21:24:34,2024-07-02 02:33:53
CONT2024005237,2024-06-24 22:28:24,
CONT2024005238,2024-06-23 06:00:52,2024-06-24 20:41:21
CONT2024005239,2024-06-22 15:52:10,2024-07-06 15:38:12
CONT2024005240,2024-07-02 23:17:14,2024-07-04 05:51:24
CONT2024005241,2024-06-28 17:26:00,2024-06-29 14:14:27
CONT2024005242,2024-06-27 22:05:43,2024-06-28 19:52:02
CONT2024005243,2024-06-23 16:42:18,
CONT2024005244,2024-06-29 14:24:25,2024-07-06 05:44:03
CONT2024005245,2024-06-28 23:43:36,2024-07-07 05:02:51
CONT2024005246,2024-06-28 02:19:54,2024-06-28 22:08:29
CONT2024005247,2024-06-25 08:36:42,2024-06-26 08:41:20
CONT2024005248,2024-06-24 04:16:03,2024-07-07 12:21:14
CONT2024005249,2024-07-02 14:01:10,
CONT2024005250,2024-06-23 10:22:50,2024-07-06 23:04:07
CONT2024005251,2024-07-01 08:08:26,2024-07-01 23:30:07
CONT2024005252,2024-06-27 19:15:46,2024-06-28 22:11:48
CONT2024005253,2024-06-26 18:52:41,2024-07-05 19:17:39
CONT2024005254,2024-06-27 05:00:19,2024-06-28 12:18:13
CONT2024005255,2024-07-03 20:25:50,
CONT2024005256,2024-06-29 22:16:28,2024-07-06 06:20:41
CONT2024005257,2024-07-02 23:37:39,2024-07-06 16:50:46
CONT2024005258,2024-07-02 22:49:46,2024-07-06 00:43:14
CONT2024005259,2024-07-03 00:59:54,2024-07-03 07:58:30
CONT2024005260,2024-06-30 11:37:53,2024-07-01 08:33:01
CONT2024005261,2024-06-29 11:45:36,2024-07-07 10:32:48
CONT2024005262,2024-06-29 20:24:56,2024-07-01 08:31:24
CONT2024005263,2024-06-30 10:41:50,2024-07-01 16:11:04
CONT2024005264,2024-06-24 22:33:16,2024-07-07 01:50:24
CONT2024005265,2024-06-25 01:39:17,2024-06-26 14:24:18
CONT2024005266,2024-06-25 12:08:44,2024-07-06 12:27:20
CONT2024005267,2024-06-26 06:55:46,2024-07-07 00:07:23
CONT2024005268,2024-07-04 06:37:04,
CONT2024005269,2024-06-23 05:47:45,2024-07-06 20:57:35
CONT2024005270,2024-07-01 08:58:33,2024-07-02 15:29:49
CONT2024005271,2024-06-25 02:12:20,2024-07-08 15:33:04
CONT2024005272,2024-06-27 00:35:02,2024-07-08 23:18:29
CONT2024005273,2024-06-30 21:09:47,
CONT2024005274,2024-07-03 15:07:59,2024-07-04 23:19:33
CONT2024005275,2024-06-28 22:08:28,2024-07-08 12:42:43
CONT2024005276,2024-06-30 02:10:25,2024-07-01 04:18:39
CONT2024005277,2024-06-26 07:49:31,2024-07-08 23:22:47
CONT2024005278,2024-06-27 19:43:33,
CONT2024005279,2024-07-04 22:05:22,2024-07-05 19:23:43
CONT2024005280,2024-06-27 01:01:47,2024-07-08 19:06:30
CONT2024005281,2024-07-01 13:55:44,2024-07-08 17:38:38
CONT2024005282,2024-06-27 01:28:17,2024-06-28 07:47:09
CONT2024005283,2024-06-25 22:00:01,2024-06-26 23:33:54
CONT2024005284,2024-06-28 18:50:38,2024-06-29 13:20:02
CONT2024005285,2024-07-02 05:12:35,2024-07-03 01:13:34
CONT2024005286,2024-06-27 07:43:38,2024-06-27 23:19:10
CONT2024005287,2024-07-06 12:49:47,2024-07-06 18:53:54
CONT2024005288,2024-07-07 00:04:27,2024-07-10 01:30:39
CONT2024005289,2024-07-02 03:05:40,2024-07-03 07:57:16
CONT2024005290,2024-06-28 16:32:50,2024-06-29 13:20:51
CONT2024005291,2024-07-05 15:12:52,2024-07-09 16:52:30
CONT2024005292,2024-06-29 00:29:29,2024-07-10 01:42:25
CONT2024005293,2024-07-04 12:11:22,2024-07-09 07:26:33
CONT2024005294,2024-07-02 06:50:59,2024-07-03 10:53:11
CONT2024005295,2024-07-05 07:37:24,2024-07-11 08:57:02
CONT2024005296,2024-06-27 18:41:19,
CONT2024005297,2024-07-03 03:32:24,
CONT2024005298,2024-07-03 03:52:30,
CONT2024005299,2024-07-04 22:01:56,
CONT2024005300,2024-06-29 22:51:47,2024-07-11 05:27:07
CONT2024005301,2024-06-30 09:52:34,2024-07-01 17:36:46
CONT2024005302,2024-07-02 07:08:53,2024-07-10 16:40:55
CONT2024005303,2024-07-03 15:24:00,2024-07-11 10:28:33
CONT2024005304,2024-07-04 11:18:15,2024-07-10 11:50:17
CONT2024005305,2024-07-06 18:04:00,2024-07-11 17:26:24
CONT2024005306,2024-06-27 15:25:13,2024-06-28 03:15:42
CONT2024005307,2024-07-01 22:02:19,2024-07-02 11:01:05
CONT2024005308,2024-07-04 11:09:57,
CONT2024005309,2024-07-06 16:15:43,2024-07-10 18:19:44
CONT2024005310,2024-07-03 06:29:19,2024-07-11 09:52:49
CONT2024005311,2024-07-04 23:53:20,
CONT2024005312,2024-06-30 11:21:46,2024-07-12 01:15:13
CONT2024005313,2024-07-08 00:03:49,2024-07-09 02:16:56
CONT2024005314,2024-07-02 10:35:03,2024-07-03 00:35:27
CONT2024005315,2024-07-03 12:34:06,2024-07-03 20:51:04
CONT2024005316,2024-06-30 14:06:14,2024-07-01 01:32:05
CONT2024005317,2024-07-02 20:44:31,2024-07-12 23:16:22
CONT2024005318,2024-07-06 20:20:41,2024-07-07 17:41:06
CONT2024005319,2024-06-30 04:05:42,2024-07-01 07:30:48
CONT2024005320,2024-06-30 14:10:37,2024-07-12 19:01:50
CONT2024005321,2024-07-07 14:27:26,2024-07-07 23:00:12
CONT2024005322,2024-07-07 23:21:51,2024-07-12 21:31:09
CONT2024005323,2024-07-06 04:33:03,2024-07-07 03:10:58
CONT2024005324,2024-07-06 11:47:54,2024-07-06 23:49:51
CONT2024005325,2024-07-09 14:24:22,2024-07-13 06:19:34
CONT2024005326,2024-07-09 01:47:24,2024-07-09 19:46:01
CONT2024005327,2024-07-09 05:39:27,2024-07-13 01:32:45
CONT2024005328,2024-07-05 12:39:28,2024-07-06 12:34:58
CONT2024005329,2024-06-29 20:16:46,
CONT2024005330,2024-07-05 21:36:21,
CONT2024005331,2024-07-01 06:00:43,2024-07-13 19:59:39
CONT2024005332,2024-07-06 20:00:37,2024-07-15 19:22:47
CONT2024005333,2024-07-09 01:02:14,
CONT2024005334,2024-07-04 14:45:15,2024-07-05 10:05:49
CONT2024005335,2024-07-12 17:57:07,
CONT2024005336,2024-07-06 22:26:50,2024-07-07 21:09:07
CONT2024005337,2024-07-02 09:39:17,2024-07-14 16:20:26
CONT2024005338,2024-07-12 05:01:58,2024-07-16 14:51:29
CONT2024005339,2024-07-11 22:46:15,2024-07-17 00:09:03
CONT2024005340,2024-07-06 12:47:14,2024-07-07 17:47:43
CONT2024005341,2024-07-02 16:36:31,2024-07-04 02:28:49
CONT2024005342,2024-07-07 20:05:16,2024-07-08 15:22:49
CONT2024005343,2024-07-03 20:06:41,2024-07-04 09:44:10
CONT2024005344,2024-07-12 05:47:20,2024-07-15 15:58:40
CONT2024005345,2024-07-03 03:32:22,2024-07-15 17:16:46
CONT2024005346,2024-07-10 03:43:08,2024-07-10 15:28:44
CONT2024005347,2024-07-11 23:33:57,2024-07-12 03:33:57
CONT2024005348,2024-07-09 00:21:47,2024-07-09 13:50:40
CONT2024005349,2024-07-12 03:18:15,
CONT2024005350,2024-07-11 05:19:49,
CONT2024005351,2024-07-11 11:26:24,
CONT2024005352,2024-07-10 00:13:03,2024-07-10 19:02:49
CONT2024005353,2024-07-03 16:45:58,
CONT2024005354,2024-07-13 05:38:03,2024-07-15 04:38:26
CONT2024005355,2024-07-02 15:26:15,2024-07-15 23:37:32
CONT2024005356,2024-07-11 10:40:07,2024-07-12 04:49:15
CONT2024005357,2024-07-05 20:25:59,2024-07-15 19:42:50
CONT2024005358,2024-07-03 18:21:25,
CONT2024005359,2024-07-09 21:17:57,
CONT2024005360,2024-07-05 11:25:25,2024-07-06 05:43:34
CONT2024005361,2024-07-07 04:18:18,2024-07-15 23:41:56
CONT2024005362,2024-07-12 10:17:09,2024-07-16 21:20:20
CONT2024005363,2024-07-04 13:50:56,2024-07-05 20:30:41
CONT2024005364,2024-07-03 07:29:44,
CONT2024005365,2024-07-07 02:48:46,2024-07-15 20:24:28
CONT2024005366,2024-07-12 11:23:23,2024-07-13 16:20:29
CONT2024005367,2024-07-04 14:05:44,2024-07-15 22:06:05
CONT2024005368,2024-07-04 16:12:12,
CONT2024005369,2024-07-12 04:22:21,2024-07-16 20:13:39
CONT2024005370,2024-07-06 21:58:00,2024-07-07 23:46:58
CONT2024005371,2024-07-12 18:53:43,2024-07-15 23:41:30
CONT2024005372,2024-07-08 10:34:11,2024-07-15 13:47:17
CONT2024005373,2024-07-12 03:43:29,2024-07-16 06:03:43
CONT2024005374,2024-07-03 12:36:04,2024-07-03 16:36:04
CONT2024005375,2024-07-08 02:29:13,2024-07-09 15:11:08
CONT2024005376,2024-07-03 08:34:31,2024-07-16 03:27:16
CONT2024005377,2024-07-09 03:50:22,2024-07-10 02:28:46
CONT2024005378,2024-07-10 05:00:14,2024-07-10 19:10:27
CONT2024005379,2024-07-08 21:55:41,2024-07-10 00:23:20
CONT2024005380,2024-07-10 07:09:16,2024-07-16 13:16:16
CONT2024005381,2024-07-02 09:56:41,2024-07-15 19:42:13
CONT2024005382,2024-07-05 12:11:42,2024-07-16 13:04:52
CONT2024005383,2024-07-05 09:52:49,
CONT2024005384,2024-07-05 04:07:00,2024-07-16 06:44:42
CONT2024005385,2024-07-04 04:34:58,
CONT2024005386,2024-07-12 15:44:11,
CONT2024005387,2024-07-04 00:57:51,2024-07-16 03:37:22
CONT2024005388,2024-07-04 00:52:24,2024-07-15 13:58:42
CONT2024005389,2024-07-07 18:23:44,2024-07-16 05:41:02
CONT2024005390,2024-07-04 11:11:43,2024-07-05 11:19:44
CONT2024005391,2024-07-05 16:43:24,2024-07-16 21:36:56
CONT2024005392,2024-07-11 04:16:43,2024-07-16 23:25:04
CONT2024005393,2024-07-07 19:21:02,2024-07-08 10:35:54
CONT2024005394,2024-07-07 10:36:41,2024-07-07 20:22:37
CONT2024005395,2024-07-07 20:21:53,2024-07-16 13:18:30
CONT2024005396,2024-07-06 03:37:14,2024-07-07 05:58:49
CONT2024005397,2024-07-12 19:35:17,2024-07-13 08:09:09
CONT2024005398,2024-07-13 17:50:27,
CONT2024005399,2024-07-05 06:47:49,2024-07-16 13:05:58
CONT2024005400,2024-07-11 22:53:33,2024-07-12 18:33:15
CONT2024005401,2024-07-13 20:31:35,
CONT2024005402,2024-07-13 19:50:43,2024-07-17 15:41:29
CONT2024005403,2024-07-11 11:37:26,2024-07-17 03:27:24
CONT2024005404,2024-07-11 11:58:58,2024-07-12 08:48:36
CONT2024005405,2024-07-13 09:50:57,
CONT2024005406,2024-07-10 15:48:44,2024-07-17 02:27:25
CONT2024005407,2024-07-11 13:43:13,
CONT2024005408,2024-07-13 15:36:53,2024-07-16 20:02:03
CONT2024005409,2024-07-11 10:15:01,2024-07-12 11:34:20
CONT2024005410,2024-07-03 11:45:45,2024-07-04 04:46:39
CONT2024005411,2024-07-03 10:03:21,2024-07-04 14:35:14
CONT2024005412,2024-07-11 17:01:04,2024-07-12 09:00:54
CONT2024005413,2024-07-07 14:49:22,2024-07-17 04:29:14
CONT2024005414,2024-07-03 15:39:49,2024-07-04 14:06:05
CONT2024005415,2024-07-05 09:24:55,2024-07-06 05:27:25
CONT2024005416,2024-07-12 17:56:42,2024-07-17 02:28:27
CONT2024005417,2024-07-13 11:26:22,2024-07-16 23:32:21
CONT2024005418,2024-07-03 19:50:44,2024-07-17 21:20:11
CONT2024005419,2024-07-12 10:23:14,2024-07-17 00:11:19
CONT2024005420,2024-07-11 08:31:12,2024-07-18 00:47:47
CONT2024005421,2024-07-05 13:12:38,2024-07-16 18:06:19
CONT2024005422,2024-07-06 18:22:04,2024-07-07 03:47:58
CONT2024005423,2024-07-11 14:15:12,2024-07-12 01:54:50
CONT2024005424,2024-07-04 21:32:16,
CONT2024005425,2024-07-13 22:27:01,2024-07-14 12:40:21
CONT2024005426,2024-07-08 12:32:13,2024-07-18 07:37:09
CONT2024005427,2024-07-11 04:04:57,2024-07-17 20:03:05
CONT2024005428,2024-07-06 05:25:32,2024-07-18 16:06:42
CONT2024005429,2024-07-08 23:14:36,2024-07-09 14:43:08
CONT2024005430,2024-07-11 11:49:06,2024-07-11 15:49:06
CONT2024005431,2024-07-13 07:05:11,2024-07-14 18:52:52
CONT2024005432,2024-07-12 15:14:19,2024-07-17 08:57:44
CONT2024005433,2024-07-10 22:16:32,2024-07-11 08:33:48
CONT2024005434,2024-07-14 21:39:35,2024-07-15 20:02:27
CONT2024005435,2024-07-11 05:08:16,2024-07-11 09:08:16
CONT2024005436,2024-07-13 17:42:55,2024-07-17 17:09:21
CONT2024005437,2024-07-09 02:44:38,2024-07-19 23:16:27
CONT2024005438,2024-07-10 21:58:40,2024-07-19 06:56:22
CONT2024005439,2024-07-07 21:41:37,2024-07-08 15:33:02
CONT2024005440,2024-07-13 15:19:54,2024-07-14 17:58:40
CONT2024005441,2024-07-09 03:34:58,2024-07-09 21:14:19
CONT2024005442,2024-07-16 14:06:05,2024-07-19 04:21:20
CONT2024005443,2024-07-16 02:12:18,2024-07-17 11:33:07
CONT2024005444,2024-07-12 20:29:24,2024-07-13 22:53:05
CONT2024005445,2024-07-08 10:13:23,2024-07-20 04:13:35
CONT2024005446,2024-07-13 12:16:49,
CONT2024005447,2024-07-07 14:04:35,2024-07-19 04:58:52
CONT2024005448,2024-07-09 18:24:22,2024-07-19 07:27:49
CONT2024005449,2024-07-09 04:13:14,2024-07-09 15:24:12
CONT2024005450,2024-07-13 17:31:10,2024-07-14 16:31:54
CONT2024005451,2024-07-14 02:55:49,
CONT2024005452,2024-07-11 10:46:27,2024-07-19 15:18:37
CONT2024005453,2024-07-10 18:06:14,2024-07-11 12:31:15
CONT2024005454,2024-07-13 08:34:55,2024-07-13 20:10:21
CONT2024005455,2024-07-09 14:50:22,2024-07-19 21:30:36
CONT2024005456,2024-07-08 18:34:03,2024-07-21 05:37:03
CONT2024005457,2024-07-16 09:09:32,2024-07-17 00:31:30
CONT2024005458,2024-07-11 18:45:10,2024-07-21 00:51:26
CONT2024005459,2024-07-12 14:21:00,2024-07-12 23:17:57
CONT2024005460,2024-07-10 03:04:38,2024-07-20 20:33:29
CONT2024005461,2024-07-12 12:09:46,2024-07-13 13:39:07
CONT2024005462,2024-07-14 23:25:11,2024-07-15 16:01:47
CONT2024005463,2024-07-16 19:41:12,2024-07-17 06:22:53
CONT2024005464,2024-07-08 18:02:53,2024-07-09 03:19:59
CONT2024005465,2024-07-12 10:09:51,
CONT2024005466,2024-07-10 10:23:01,2024-07-10 22:59:09
CONT2024005467,2024-07-08 20:37:22,2024-07-09 12:24:13
CONT2024005468,2024-07-10 07:25:45,2024-07-11 01:03:18
CONT2024005469,2024-07-17 20:59:02,2024-07-19 01:53:31
CONT2024005470,2024-07-07 14:57:45,2024-07-21 02:36:56
CONT2024005471,2024-07-14 01:57:19,2024-07-14 14:56:14
CONT2024005472,2024-07-15 06:52:23,
CONT2024005473,2024-07-07 10:41:14,2024-07-21 04:58:50
CONT2024005474,2024-07-08 18:07:38,2024-07-09 08:38:14
CONT2024005475,2024-07-15 08:57:27,2024-07-20 16:30:57
CONT2024005476,2024-07-06 19:08:23,2024-07-20 17:02:54
CONT2024005477,2024-07-17 10:29:51,2024-07-21 10:27:49
CONT2024005478,2024-07-12 00:06:01,2024-07-12 17:08:20
CONT2024005479,2024-07-18 15:43:46,2024-07-21 13:17:38
CONT2024005480,2024-07-09 22:51:38,2024-07-21 07:14:00
CONT2024005481,2024-07-17 11:00:53,2024-07-18 04:20:55
CONT2024005482,2024-07-07 19:53:19,2024-07-20 13:38:57
CONT2024005483,2024-07-14 14:46:19,2024-07-15 20:28:52
CONT2024005484,2024-07-09 09:40:33,2024-07-10 07:53:58
CONT2024005485,2024-07-09 22:36:25,2024-07-10 11:25:58
CONT2024005486,2024-07-12 18:34:49,2024-07-13 12:13:45
CONT2024005487,2024-07-12 08:45:32,2024-07-13 20:56:11
CONT2024005488,2024-07-13 04:51:47,2024-07-22 01:49:00
CONT2024005489,2024-07-13 08:31:56,2024-07-23 00:51:42
CONT2024005490,2024-07-18 21:01:52,
CONT2024005491,2024-07-17 12:56:53,2024-07-18 15:01:25
CONT2024005492,2024-07-11 03:25:29,2024-07-22 17:59:19
CONT2024005493,2024-07-17 12:00:42,
CONT2024005494,2024-07-10 05:15:47,
CONT2024005495,2024-07-12 00:15:06,2024-07-13 02:28:58
CONT2024005496,2024-07-15 01:07:09,2024-07-15 21:13:49
CONT2024005497,2024-07-10 02:27:24,2024-07-10 08:42:02
CONT2024005498,2024-07-14 06:51:35,2024-07-21 20:04:21
CONT2024005499,2024-07-17 19:02:11,2024-07-18 14:07:40
CONT2024005500,2024-07-17 12:05:04,2024-07-23 08:52:38
CONT2024005501,2024-07-09 18:13:57,2024-07-10 20:31:41
CONT2024005502,2024-07-14 16:13:35,
CONT2024005503,2024-07-13 19:50:26,2024-07-22 20:04:07
CONT2024005504,2024-07-16 02:26:27,2024-07-24 04:08:03
CONT2024005505,2024-07-18 19:05:59,2024-07-22 20:48:55
CONT2024005506,2024-07-19 22:35:15,2024-07-20 19:05:21
CONT2024005507,2024-07-12 22:20:58,2024-07-22 17:46:08
CONT2024005508,2024-07-11 00:47:19,
CONT2024005509,2024-07-16 00:14:33,2024-07-23 01:54:40
CONT2024005510,2024-07-17 12:12:21,2024-07-18 02:01:32
CONT2024005511,2024-07-12 22:35:43,2024-07-23 03:16:19
CONT2024005512,2024-07-12 23:10:40,2024-07-14 04:17:17
CONT2024005513,2024-07-17 00:48:40,2024-07-23 02:25:36
CONT2024005514,2024-07-15 19:52:54,2024-07-23 00:05:32
CONT2024005515,2024-07-20 02:32:16,
CONT2024005516,2024-07-11 06:55:37,
CONT2024005517,2024-07-11 15:25:15,
CONT2024005518,2024-07-12 17:29:40,2024-07-22 19:23:56
CONT2024005519,2024-07-10 01:48:45,2024-07-23 04:05:07
CONT2024005520,2024-07-17 22:49:15,
CONT2024005521,2024-07-10 23:52:08,
CONT2024005522,2024-07-18 16:34:49,2024-07-23 12:39:29
CONT2024005523,2024-07-10 10:22:42,2024-07-23 07:24:35
CONT2024005524,2024-07-10 22:16:42,2024-07-24 02:52:13
CONT2024005525,2024-07-20 11:25:38,2024-07-23 01:02:39
CONT2024005526,2024-07-16 09:51:59,2024-07-16 23:54:34
CONT2024005527,2024-07-10 18:03:21,2024-07-22 21:47:52
CONT2024005528,2024-07-11 02:31:07,
CONT2024005529,2024-07-14 11:18:04,2024-07-15 02:31:09
CONT2024005530,2024-07-17 05:42:37,2024-07-23 08:12:17
CONT2024005531,2024-07-14 10:29:58,
CONT2024005532,2024-07-17 17:22:24,2024-07-23 13:17:40
CONT2024005533,2024-07-10 20:51:08,2024-07-23 20:35:40
CONT2024005534,2024-07-14 07:07:12,
CONT2024005535,2024-07-13 18:20:59,2024-07-14 07:47:00
CONT2024005536,2024-07-12 11:30:08,2024-07-12 18:37:42
CONT2024005537,2024-07-18 14:03:27,
CONT2024005538,2024-07-14 19:23:38,2024-07-24 21:21:39
CONT2024005539,2024-07-16 06:20:41,2024-07-17 18:15:27
CONT2024005540,2024-07-21 07:03:48,
CONT2024005541,2024-07-19 11:34:09,2024-07-25 10:45:19
CONT2024005542,2024-07-13 17:13:07,2024-07-25 07:01:01
CONT2024005543,2024-07-18 16:55:48,
CONT2024005544,2024-07-11 18:20:02,2024-07-11 22:43:26
CONT2024005545,2024-07-17 14:15:55,2024-07-25 03:01:59
CONT2024005546,2024-07-15 20:07:48,2024-07-25 01:10:47
CONT2024005547,2024-07-15 23:07:50,
CONT2024005548,2024-07-19 08:36:44,
CONT2024005549,2024-07-20 07:42:47,2024-07-21 04:26:46
CONT2024005550,2024-07-16 16:51:57,2024-07-17 09:58:41
CONT2024005551,2024-07-18 17:53:28,2024-07-24 18:59:55
CONT2024005552,2024-07-21 19:27:28,2024-07-25 00:05:49
CONT2024005553,2024-07-20 04:46:19,2024-07-24 10:10:27
CONT2024005554,2024-07-11 20:28:06,2024-07-12 14:36:59
CONT2024005555,2024-07-21 05:48:04,2024-07-24 15:39:09
CONT2024005556,2024-07-22 04:04:21,2024-07-25 12:54:46
CONT2024005557,2024-07-17 18:57:03,2024-07-19 01:26:44
CONT2024005558,2024-07-13 00:50:23,2024-07-13 10:55:52
CONT2024005559,2024-07-14 20:59:56,2024-07-16 01:20:19
CONT2024005560,2024-07-11 20:16:08,2024-07-26 02:28:01
CONT2024005561,2024-07-20 17:59:11,2024-07-25 00:35:58
CONT2024005562,2024-07-15 02:21:40,2024-07-24 12:52:41
CONT2024005563,2024-07-17 05:48:51,2024-07-24 19:51:35
CONT2024005564,2024-07-14 14:05:20,2024-07-25 07:11:30
CONT2024005565,2024-07-16 09:03:51,
CONT2024005566,2024-07-19 08:11:21,2024-07-25 07:37:08
CONT2024005567,2024-07-12 03:25:00,2024-07-25 19:39:42
CONT2024005568,2024-07-15 16:46:25,
CONT2024005569,2024-07-13 00:03:44,2024-07-13 17:59:07
CONT2024005570,2024-07-13 07:16:16,2024-07-24 22:50:20
CONT2024005571,2024-07-22 20:02:48,
CONT2024005572,2024-07-13 12:24:28,2024-07-26 03:01:14
CONT2024005573,2024-07-14 09:54:55,2024-07-15 01:28:22
CONT2024005574,2024-07-19 13:56:34,2024-07-25 19:31:10
CONT2024005575,2024-07-15 12:24:29,
CONT2024005576,2024-07-15 09:03:30,2024-07-15 22:43:14
CONT2024005577,2024-07-22 01:23:29,2024-07-25 06:18:25
CONT2024005578,2024-07-20 18:33:48,2024-07-22 00:43:41
CONT2024005579,2024-07-18 00:15:58,2024-07-28 14:38:59
CONT2024005580,2024-07-25 13:55:42,2024-07-27 16:26:38
CONT2024005581,2024-07-18 21:48:53,2024-07-28 11:50:45
CONT2024005582,2024-07-15 07:21:50,2024-07-16 06:29:35
CONT2024005583,2024-07-23 00:05:30,2024-07-23 20:10:20
CONT2024005584,2024-07-23 11:58:45,2024-07-27 20:29:18
CONT2024005585,2024-07-22 16:56:24,2024-07-28 20:54:25
CONT2024005586,2024-07-24 19:47:49,2024-07-25 18:33:37
CONT2024005587,2024-07-23 07:42:14,2024-07-28 12:36:11
CONT2024005588,2024-07-20 05:43:50,
CONT2024005589,2024-07-14 16:53:46,2024-07-15 20:56:10
CONT2024005590,2024-07-21 17:35:37,2024-07-22 05:38:54
CONT2024005591,2024-07-20 16:18:27,
CONT2024005592,2024-07-20 23:16:44,2024-07-21 10:34:41
CONT2024005593,2024-07-23 06:42:58,2024-07-28 02:40:19
CONT2024005594,2024-07-20 19:41:26,2024-07-28 10:00:46
CONT2024005595,2024-07-22 13:26:18,2024-07-23 01:53:44
CONT2024005596,2024-07-18 05:54:44,2024-07-19 06:06:39
CONT2024005597,2024-07-17 16:28:17,2024-07-18 19:23:14
CONT2024005598,2024-07-15 21:15:48,2024-07-28 19:59:52
CONT2024005599,2024-07-19 18:07:50,2024-07-20 13:29:28
CONT2024005600,2024-07-15 08:55:46,
CONT2024005601,2024-07-17 21:28:09,2024-07-28 18:30:46
CONT2024005602,2024-07-25 13:49:03,2024-07-28 17:42:30
CONT2024005603,2024-07-17 22:13:36,2024-07-18 10:25:59
CONT2024005604,2024-07-18 01:37:41,2024-07-27 21:35:44
CONT2024005605,2024-07-24 00:31:54,2024-07-29 02:37:58
CONT2024005606,2024-07-20 20:58:20,
CONT2024005607,2024-07-16 06:01:57,2024-07-27 13:38:15
CONT2024005608,2024-07-15 07:08:47,2024-07-16 01:15:22
CONT2024005609,2024-07-19 07:26:08,
CONT2024005610,2024-07-16 18:09:19,
CONT2024005611,2024-07-20 08:28:25,2024-07-27 10:48:36
CONT2024005612,2024-07-17 10:15:00,2024-07-18 05:09:01
CONT2024005613,2024-07-22 15:41:42,2024-07-28 06:01:37
CONT2024005614,2024-07-19 16:26:55,2024-07-20 01:23:45
CONT2024005615,2024-07-18 08:58:24,2024-07-18 21:13:26
CONT2024005616,2024-07-23 18:55:27,2024-07-28 19:21:17
CONT2024005617,2024-07-20 10:15:14,2024-07-21 10:08:33
CONT2024005618,2024-07-15 10:54:19,2024-07-28 14:03:29
CONT2024005619,2024-07-22 08:23:47,2024-07-28 08:33:38
CONT2024005620,2024-07-15 20:34:09,2024-07-28 14:36:17
CONT2024005621,2024-07-22 06:42:02,
CONT2024005622,2024-07-24 07:55:22,2024-07-28 21:04:18
CONT2024005623,2024-07-21 12:49:27,2024-07-28 18:26:42
CONT2024005624,2024-07-16 02:54:24,2024-07-16 14:33:51
CONT2024005625,2024-07-20 20:07:49,
CONT2024005626,2024-07-18 23:48:50,2024-07-27 20:44:40
CONT2024005627,2024-07-15 01:33:28,2024-07-15 13:53:06
CONT2024005628,2024-07-18 14:54:56,2024-07-19 01:28:23
CONT2024005629,2024-07-24 16:08:28,2024-07-29 15:55:35
CONT2024005630,2024-07-17 12:08:48,2024-07-28 04:52:24
CONT2024005631,2024-07-19 06:21:24,
CONT2024005632,2024-07-15 06:36:08,2024-07-16 02:03:12
CONT2024005633,2024-07-19 18:55:16,2024-07-28 22:16:56
CONT2024005634,2024-07-19 17:33:24,2024-07-19 21:33:24
CONT2024005635,2024-07-24 08:09:27,2024-07-29 08:28:14
CONT2024005636,2024-07-18 05:32:15,2024-07-28 22:29:37
CONT2024005637,2024-07-17 11:01:19,2024-07-29 02:53:47
CONT2024005638,2024-07-20 03:59:07,
CONT2024005639,2024-07-18 15:24:22,2024-07-19 10:36:49
CONT2024005640,2024-07-17 14:01:49,2024-07-28 12:09:03
CONT2024005641,2024-07-15 20:43:11,2024-07-28 17:53:53
CONT2024005642,2024-07-15 09:03:13,
CONT2024005643,2024-07-23 06:05:50,2024-07-29 01:46:13
CONT2024005644,2024-07-20 10:25:21,
CONT2024005645,2024-07-25 21:11:11,2024-07-27 23:41:09
CONT2024005646,2024-07-21 05:50:42,2024-07-21 18:58:31
CONT2024005647,2024-07-25 22:19:44,2024-07-28 22:04:50
CONT2024005648,2024-07-17 01:01:15,2024-07-29 12:05:27
CONT2024005649,2024-07-20 01:49:03,2024-07-20 13:30:52
CONT2024005650,2024-07-17 15:44:16,2024-07-18 19:15:56
CONT2024005651,2024-07-20 12:13:20,2024-07-29 11:01:41
CONT2024005652,2024-07-16 00:55:56,2024-07-16 08:49:55
CONT2024005653,2024-07-24 13:06:32,2024-07-29 08:53:53
CONT2024005654,2024-07-25 06:19:04,2024-07-29 06:09:30
CONT2024005655,2024-07-18 10:37:27,2024-07-29 08:09:31
CONT2024005656,2024-07-24 07:24:39,2024-07-29 14:18:29
CONT2024005657,2024-07-16 10:33:37,2024-07-17 03:52:16
CONT2024005658,2024-07-20 12:05:51,2024-07-21 21:53:48
CONT2024005659,2024-07-18 23:35:50,
CONT2024005660,2024-07-24 02:04:19,2024-07-24 22:13:40
CONT2024005661,2024-07-25 06:03:58,
CONT2024005662,2024-07-17 21:03:45,2024-07-29 13:56:30
CONT2024005663,2024-07-15 22:26:30,2024-07-29 13:41:23
CONT2024005664,2024-07-21 01:26:38,2024-07-22 04:08:36
CONT2024005665,2024-07-18 02:04:40,2024-07-19 04:12:49
CONT2024005666,2024-07-23 09:01:40,2024-07-24 06:04:22
CONT2024005667,2024-07-17 19:11:23,2024-07-18 21:17:40
CONT2024005668,2024-07-23 09:23:51,
CONT2024005669,2024-07-20 18:06:43,2024-07-22 00:38:30
CONT2024005670,2024-07-22 17:25:35,2024-07-29 21:14:26
CONT2024005671,2024-07-24 17:31:50,2024-07-25 08:02:45
CONT2024005672,2024-07-25 09:05:25,2024-07-26 13:21:28
CONT2024005673,2024-07-20 10:34:20,2024-07-29 19:12:09
CONT2024005674,2024-07-17 11:08:25,2024-07-29 22:36:56
CONT2024005675,2024-07-16 01:58:09,2024-07-17 08:19:13
CONT2024005676,2024-07-23 08:58:10,2024-07-29 22:01:54
CONT2024005677,2024-07-22 06:27:45,2024-07-23 03:59:46
CONT2024005678,2024-07-23 14:48:35,2024-08-02 11:10:53
CONT2024005679,2024-07-20 11:09:46,2024-08-03 02:06:31
CONT2024005680,2024-07-20 03:34:09,2024-08-02 23:59:22
CONT2024005681,2024-07-26 16:44:09,2024-08-01 18:53:39
CONT2024005682,2024-07-28 08:59:42,2024-08-03 00:21:26
CONT2024005683,2024-07-25 04:47:13,2024-08-02 03:34:54
CONT2024005684,2024-07-24 11:53:44,
CONT2024005685,2024-07-26 23:17:34,2024-08-02 14:47:58
CONT2024005686,2024-07-29 16:23:40,2024-07-30 15:22:43
CONT2024005687,2024-07-29 12:55:26,2024-08-02 13:16:00
CONT2024005688,2024-07-26 01:17:10,2024-07-27 01:56:51
CONT2024005689,2024-07-21 03:32:25,2024-08-02 05:51:01
CONT2024005690,2024-07-29 16:50:25,2024-08-02 16:50:31
CONT2024005691,2024-07-28 06:33:22,
CONT2024005692,2024-07-25 00:41:00,2024-08-02 16:57:21
CONT2024005693,2024-07-28 06:38:14,2024-07-29 21:22:26
CONT2024005694,2024-07-29 07:12:00,2024-08-02 21:19:06
CONT2024005695,2024-07-28 00:59:09,2024-08-03 06:55:52
CONT2024005696,2024-07-29 16:32:51,2024-08-02 21:11:57
CONT2024005697,2024-07-25 16:59:48,2024-07-26 07:11:37
CONT2024005698,2024-07-30 05:32:51,2024-07-31 12:22:04
CONT2024005699,2024-07-29 21:44:54,2024-08-03 04:03:27
CONT2024005700,2024-07-22 06:28:59,2024-07-23 08:03:20
CONT2024005701,2024-07-30 16:44:43,2024-08-02 22:58:50
CONT2024005702,2024-07-29 03:35:31,2024-07-30 07:57:17
CONT2024005703,2024-07-20 19:14:26,2024-07-21 13:31:18
CONT2024005704,2024-07-21 20:33:29,2024-08-03 04:55:24
CONT2024005705,2024-07-24 20:30:01,2024-08-03 07:13:41
CONT2024005706,2024-07-30 08:45:44,2024-07-30 19:56:14
CONT2024005707,2024-07-22 05:14:23,2024-07-22 22:31:21
CONT2024005708,2024-07-24 00:33:04,2024-07-25 00:58:23
CONT2024005709,2024-07-28 14:04:16,2024-07-29 09:34:47
CONT2024005710,2024-07-21 03:45:19,2024-07-21 20:06:46
CONT2024005711,2024-07-28 01:09:36,2024-07-29 10:33:53
CONT2024005712,2024-07-22 05:34:29,2024-08-03 19:18:26
CONT2024005713,2024-07-28 11:32:20,2024-07-29 16:40:55
CONT2024005714,2024-07-20 20:16:25,2024-08-03 09:02:40
CONT2024005715,2024-07-23 23:21:44,2024-08-02 09:55:57
CONT2024005716,2024-07-24 09:58:47,2024-08-03 21:18:45
CONT2024005717,2024-07-28 13:46:42,2024-08-03 15:49:52
CONT2024005718,2024-07-28 03:36:27,2024-08-04 00:33:28
CONT2024005719,2024-07-23 21:04:52,2024-08-03 04:15:23
CONT2024005720,2024-07-20 18:05:37,
CONT2024005721,2024-07-22 16:08:39,2024-08-03 09:09:34
CONT2024005722,2024-07-26 00:31:52,2024-08-02 08:35:40
CONT2024005723,2024-07-21 00:07:26,2024-08-02 16:48:15
CONT2024005724,2024-07-24 17:01:50,2024-07-25 10:57:08
CONT2024005725,2024-07-21 14:04:34,2024-07-22 01:54:10
CONT2024005726,2024-07-28 06:30:26,2024-08-03 08:43:23
CONT2024005727,2024-07-30 04:34:57,2024-07-30 08:34:57
CONT2024005728,2024-07-26 02:21:26,2024-08-03 16:19:49
CONT2024005729,2024-07-23 05:40:45,2024-08-03 02:30:24
CONT2024005730,2024-07-24 10:13:42,2024-08-03 17:05:55
CONT2024005731,2024-07-30 03:17:46,2024-07-31 09:39:24
CONT2024005732,2024-07-22 10:36:17,2024-08-02 22:52:14
CONT2024005733,2024-07-28 06:42:16,2024-08-03 00:50:34
CONT2024005734,2024-07-27 17:57:38,2024-07-28 02:57:48
CONT2024005735,2024-07-30 15:37:18,2024-07-31 05:25:02
CONT2024005736,2024-07-23 01:55:52,
CONT2024005737,2024-07-28 17:37:38,2024-07-29 22:56:46
CONT2024005738,2024-07-26 22:58:19,2024-07-27 14:39:49
CONT2024005739,2024-07-28 15:37:34,2024-07-29 06:37:51
CONT2024005740,2024-07-22 02:11:27,2024-07-23 12:51:58
CONT2024005741,2024-07-22 07:00:27,2024-08-03 12:37:56
CONT2024005742,2024-07-29 04:01:47,
CONT2024005743,2024-07-22 20:10:40,2024-08-03 10:16:00
CONT2024005744,2024-07-22 09:06:08,2024-08-03 04:01:48
CONT2024005745,2024-07-20 22:52:11,2024-07-21 18:16:56
CONT2024005746,2024-07-25 22:51:28,2024-07-26 20:00:07
CONT2024005747,2024-07-21 10:38:20,2024-08-02 19:45:53
CONT2024005748,2024-07-28 11:14:38,2024-07-29 09:31:17
CONT2024005749,2024-07-30 16:42:10,2024-07-31 18:53:13
CONT2024005750,2024-07-30 01:47:30,2024-08-03 14:36:30
CONT2024005751,2024-07-29 14:41:58,2024-07-30 12:04:32
CONT2024005752,2024-07-31 13:54:20,
CONT2024005753,2024-07-23 02:42:14,2024-07-24 02:43:15
CONT2024005754,2024-07-22 06:28:29,2024-08-03 14:23:44
CONT2024005755,2024-07-23 22:33:31,2024-08-03 07:19:39
CONT2024005756,2024-07-26 00:57:12,2024-08-03 20:33:09
CONT2024005757,2024-07-28 07:24:48,2024-07-28 20:27:51
CONT2024005758,2024-07-23 23:50:17,2024-08-03 18:19:40
CONT2024005759,2024-07-26 05:51:47,2024-07-27 00:38:43
CONT2024005760,2024-07-31 12:03:19,2024-08-03 21:50:21
CONT2024005761,2024-07-24 02:39:16,2024-08-02 22:54:47
CONT2024005762,2024-07-30 21:57:58,2024-07-31 22:52:56
CONT2024005763,2024-07-22 02:21:17,2024-08-03 20:41:55
CONT2024005764,2024-07-24 12:33:14,
CONT2024005765,2024-07-23 13:21:09,2024-08-03 04:02:37
CONT2024005766,2024-07-27 09:56:42,2024-07-28 16:20:03
CONT2024005767,2024-07-28 12:56:05,2024-07-29 10:12:14
CONT2024005768,2024-07-27 06:43:14,2024-07-27 18:35:35
CONT2024005769,2024-07-29 19:41:24,
CONT2024005770,2024-07-30 08:26:46,2024-08-03 20:39:12
CONT2024005771,2024-07-27 11:29:47,2024-08-03 07:35:49
CONT2024005772,2024-08-01 03:57:38,2024-08-04 11:35:44
CONT2024005773,2024-07-30 22:40:38,
CONT2024005774,2024-08-01 01:25:21,2024-08-02 03:18:30
CONT2024005775,2024-07-28 17:14:33,2024-07-30 00:39:37
CONT2024005776,2024-07-24 06:30:34,2024-07-25 07:02:52
CONT2024005777,2024-07-22 07:23:51,2024-08-04 09:15:16
CONT2024005778,2024-07-22 21:07:34,2024-07-23 21:15:24
CONT2024005779,2024-07-25 14:37:48,
CONT2024005780,2024-07-28 02:37:37,2024-08-04 14:32:51
CONT2024005781,2024-07-30 06:00:53,2024-07-30 22:10:46
CONT2024005782,2024-07-24 06:16:20,2024-08-04 03:47:44
CONT2024005783,2024-07-30 19:44:13,2024-08-04 09:40:09
CONT2024005784,2024-08-01 09:55:23,
CONT2024005785,2024-07-23 12:56:39,2024-08-04 22:26:03
CONT2024005786,2024-07-25 06:52:29,2024-08-05 00:40:40
CONT2024005787,2024-07-28 01:48:47,2024-07-28 23:52:31
CONT2024005788,2024-07-27 19:33:12,2024-08-04 14:11:32
CONT2024005789,2024-07-30 22:36:50,2024-08-04 08:54:53
CONT2024005790,2024-07-23 14:37:15,2024-07-23 20:50:37
CONT2024005791,2024-07-26 15:17:43,2024-07-27 15:44:59
CONT2024005792,2024-07-22 08:41:34,
CONT2024005793,2024-07-25 22:18:03,2024-07-26 02:18:03
CONT2024005794,2024-07-27 03:35:13,2024-07-27 19:49:39
CONT2024005795,2024-07-27 11:32:42,2024-07-28 16:21:13
CONT2024005796,2024-07-29 23:45:54,2024-08-04 03:55:07
CONT2024005797,2024-07-21 17:27:05,
CONT2024005798,2024-07-22 03:47:34,2024-07-22 20:52:06
CONT2024005799,2024-07-28 10:30:29,2024-08-04 23:07:31
CONT2024005800,2024-07-31 03:51:55,2024-08-04 15:21:18
CONT2024005801,2024-07-24 04:49:12,2024-08-04 18:45:57
CONT2024005802,2024-07-28 06:10:47,
CONT2024005803,2024-07-26 08:08:45,2024-08-05 01:07:47
CONT2024005804,2024-07-24 09:45:32,2024-08-04 07:24:14
CONT2024005805,2024-07-28 05:12:12,2024-08-04 11:23:06
CONT2024005806,2024-07-26 04:42:49,2024-07-27 05:10:58
CONT2024005807,2024-07-27 20:47:03,2024-07-28 19:37:27
CONT2024005808,2024-07-30 12:07:51,2024-07-31 11:39:16
CONT2024005809,2024-07-26 15:55:10,2024-07-27 23:50:15
CONT2024005810,2024-07-29 06:26:03,2024-07-29 15:28:37
CONT2024005811,2024-07-25 20:57:48,2024-07-26 17:50:39
CONT2024005812,2024-08-01 17:21:29,2024-08-02 11:14:25
CONT2024005813,2024-07-29 07:58:35,2024-07-29 17:38:33
CONT2024005814,2024-07-31 21:29:51,
CONT2024005815,2024-07-28 18:40:43,2024-08-05 08:30:56
CONT2024005816,2024-08-01 04:11:45,2024-08-05 19:52:44
CONT2024005817,2024-07-25 03:01:23,
CONT2024005818,2024-07-27 20:46:43,2024-07-29 02:00:40
CONT2024005819,2024-07-27 04:05:32,2024-07-28 07:07:13
CONT2024005820,2024-07-24 10:21:53,
CONT2024005821,2024-07-26 23:09:08,2024-08-05 19:19:41
CONT2024005822,2024-07-31 04:32:37,
CONT2024005823,2024-07-30 11:42:23,2024-08-05 11:07:31
CONT2024005824,2024-07-22 16:17:11,2024-07-23 16:37:34
CONT2024005825,2024-08-01 09:42:16,2024-08-05 08:38:50
CONT2024005826,2024-07-24 05:19:48,2024-08-04 10:10:34
CONT2024005827,2024-07-30 09:05:01,2024-08-05 09:24:29
CONT2024005828,2024-07-24 04:15:16,2024-07-24 18:54:10
CONT2024005829,2024-07-24 15:10:49,2024-07-26 03:46:47
CONT2024005830,2024-08-02 00:48:15,2024-08-06 00:13:12
CONT2024005831,2024-08-02 06:13:35,2024-08-03 10:19:47
CONT2024005832,2024-07-27 12:15:31,
CONT2024005833,2024-07-27 23:11:07,2024-08-05 01:10:10
CONT2024005834,2024-08-01 14:12:07,2024-08-02 04:13:47
CONT2024005835,2024-07-24 06:24:20,2024-08-05 09:04:15
CONT2024005836,2024-07-30 14:05:11,2024-07-31 13:32:21
CONT2024005837,2024-07-31 11:54:19,2024-08-01 11:10:40
CONT2024005838,2024-07-26 23:46:30,2024-08-05 15:15:07
CONT2024005839,2024-08-02 13:27:18,2024-08-04 17:25:47
CONT2024005840,2024-07-29 19:16:02,2024-08-05 15:30:19
CONT2024005841,2024-07-31 03:36:32,2024-08-05 13:04:08
CONT2024005842,2024-07-31 15:28:26,2024-07-31 22:59:24
CONT2024005843,2024-07-23 18:17:29,2024-08-05 21:26:14
CONT2024005844,2024-07-31 08:40:25,2024-08-01 10:43:55
CONT2024005845,2024-07-28 04:05:13,2024-07-29 06:02:26
CONT2024005846,2024-07-31 16:49:33,
CONT2024005847,2024-07-28 15:40:13,2024-07-29 00:27:35
CONT2024005848,2024-07-29 04:17:48,2024-07-30 07:53:14
CONT2024005849,2024-08-02 12:25:54,2024-08-03 07:01:29
CONT2024005850,2024-07-24 23:43:30,2024-08-05 20:44:46
CONT2024005851,2024-07-30 19:35:58,2024-07-31 22:57:34
CONT2024005852,2024-08-02 18:25:52,2024-08-06 22:11:13
CONT2024005853,2024-07-29 10:34:12,
CONT2024005854,2024-08-03 21:43:41,2024-08-04 22:16:09
CONT2024005855,2024-08-03 02:59:01,
CONT2024005856,2024-07-27 01:48:44,
CONT2024005857,2024-07-31 18:28:15,2024-08-01 12:45:31
CONT2024005858,2024-07-31 04:37:19,2024-07-31 08:37:19
CONT2024005859,2024-07-28 05:34:05,2024-07-29 07:04:08
CONT2024005860,2024-07-25 01:04:32,2024-08-07 05:20:25
CONT2024005861,2024-08-03 11:13:35,2024-08-04 19:05:02
CONT2024005862,2024-07-27 21:01:15,2024-08-08 02:06:26
CONT2024005863,2024-07-29 23:25:34,2024-07-31 02:34:19
CONT2024005864,2024-07-30 22:02:04,2024-07-31 08:01:45
CONT2024005865,2024-08-02 11:00:28,2024-08-03 11:34:35
CONT2024005866,2024-07-29 14:23:52,2024-07-29 18:23:52
CONT2024005867,2024-07-30 17:32:04,2024-07-31 12:46:28
CONT2024005868,2024-07-25 03:52:39,2024-07-25 23:50:53
CONT2024005869,2024-07-31 00:08:43,2024-08-01 06:01:19
CONT2024005870,2024-07-31 20:33:31,2024-08-07 01:07:46
CONT2024005871,2024-07-25 19:21:01,2024-08-07 10:29:54
CONT2024005872,2024-07-26 04:33:24,2024-07-27 07:14:08
CONT2024005873,2024-07-26 05:54:53,2024-07-27 00:52:10
CONT2024005874,2024-07-27 22:39:46,2024-08-07 16:37:46
CONT2024005875,2024-08-01 16:15:47,2024-08-02 10:02:30
CONT2024005876,2024-07-26 23:30:29,2024-08-06 20:47:42
CONT2024005877,2024-07-29 05:44:10,2024-08-07 01:20:18
CONT2024005878,2024-07-29 13:08:28,2024-07-29 17:08:28
CONT2024005879,2024-07-28 00:15:32,2024-08-07 16:28:27
CONT2024005880,2024-07-29 21:09:08,2024-08-07 21:11:32
CONT2024005881,2024-08-02 13:13:48,
CONT2024005882,2024-08-02 12:53:42,2024-08-07 13:46:40
CONT2024005883,2024-08-04 09:05:54,2024-08-05 05:14:07
CONT2024005884,2024-07-31 20:34:50,2024-08-01 12:53:21
CONT2024005885,2024-08-04 08:15:10,2024-08-08 16:11:32
CONT2024005886,2024-08-02 15:18:59,2024-08-07 13:46:02
CONT2024005887,2024-07-29 01:17:51,2024-08-07 03:15:46
CONT2024005888,2024-07-29 23:18:53,
CONT2024005889,2024-08-01 14:05:04,2024-08-02 18:24:35
CONT2024005890,2024-08-01 02:53:27,2024-08-01 17:23:38
CONT2024005891,2024-07-26 09:42:25,2024-07-26 15:16:21
CONT2024005892,2024-07-29 16:36:14,2024-08-07 16:51:00
CONT2024005893,2024-07-26 23:54:36,2024-07-27 17:37:43
CONT2024005894,2024-08-03 18:38:25,2024-08-04 09:08:32
CONT2024005895,2024-08-01 00:40:13,2024-08-08 13:34:16
CONT2024005896,2024-07-28 08:52:04,2024-07-29 11:04:26
CONT2024005897,2024-08-05 10:11:26,
CONT2024005898,2024-07-28 06:39:41,
CONT2024005899,2024-07-28 23:41:48,2024-07-30 00:13:18
CONT2024005900,2024-07-30 20:57:07,
CONT2024005901,2024-07-31 01:36:52,
CONT2024005902,2024-08-06 04:17:46,
CONT2024005903,2024-08-01 07:44:16,2024-08-02 02:20:28
CONT2024005904,2024-07-26 15:22:39,2024-08-09 21:46:35
CONT2024005905,2024-08-02 23:24:55,2024-08-09 09:30:54
CONT2024005906,2024-08-06 06:19:48,
CONT2024005907,2024-08-06 18:29:00,2024-08-07 19:40:35
CONT2024005908,2024-07-28 10:52:48,2024-08-09 13:22:28
CONT2024005909,2024-08-05 12:51:20,2024-08-06 02:11:56
CONT2024005910,2024-08-01 07:14:23,2024-08-02 17:05:22
CONT2024005911,2024-08-03 22:53:23,2024-08-09 20:26:10
CONT2024005912,2024-07-31 12:43:40,
CONT2024005913,2024-08-07 10:18:56,2024-08-09 12:45:51
CONT2024005914,2024-08-06 08:01:22,2024-08-08 20:03:32
CONT2024005915,2024-08-02 22:26:30,2024-08-09 09:39:43
CONT2024005916,2024-07-29 03:41:35,2024-07-30 03:14:15
CONT2024005917,2024-07-27 09:51:04,2024-07-28 08:13:24
CONT2024005918,2024-08-01 18:13:17,2024-08-02 18:38:37
CONT2024005919,2024-07-29 10:52:21,2024-07-30 17:05:17
CONT2024005920,2024-07-31 08:53:42,2024-08-01 08:35:09
CONT2024005921,2024-07-31 18:51:14,2024-08-10 08:11:13
CONT2024005922,2024-08-04 02:34:20,
CONT2024005923,2024-08-05 10:28:21,2024-08-09 16:34:47
CONT2024005924,2024-08-01 18:21:26,
CONT2024005925,2024-08-05 19:24:06,
CONT2024005926,2024-08-01 20:04:53,
CONT2024005927,2024-07-27 06:30:59,2024-07-27 23:19:12
CONT2024005928,2024-07-29 22:29:05,2024-08-10 05:22:25
CONT2024005929,2024-08-05 12:08:27,2024-08-06 11:43:18
CONT2024005930,2024-08-05 17:54:45,2024-08-10 09:26:51
CONT2024005931,2024-07-31 04:23:34,2024-08-01 10:17:36
CONT2024005932,2024-07-30 11:04:37,2024-08-11 14:23:30
CONT2024005933,2024-08-04 05:01:20,2024-08-10 18:32:30
CONT2024005934,2024-07-30 00:42:13,2024-07-31 03:00:00
CONT2024005935,2024-08-07 08:57:50,2024-08-10 23:38:02
CONT2024005936,2024-08-03 08:59:02,2024-08-04 12:08:09
CONT2024005937,2024-08-03 16:23:56,2024-08-04 10:45:27
CONT2024005938,2024-08-05 13:11:40,2024-08-06 15:55:00
CONT2024005939,2024-07-31 01:13:47,2024-08-10 23:41:07
CONT2024005940,2024-08-05 14:50:34,2024-08-10 17:40:00
CONT2024005941,2024-08-07 14:23:06,2024-08-11 04:11:47
CONT2024005942,2024-08-06 13:51:55,2024-08-07 13:50:45
CONT2024005943,2024-08-05 01:14:13,2024-08-10 23:47:47
CONT2024005944,2024-08-06 08:05:09,2024-08-07 12:20:05
CONT2024005945,2024-08-08 04:07:06,2024-08-09 11:43:08
CONT2024005946,2024-08-05 00:11:47,2024-08-10 17:36:17
CONT2024005947,2024-08-01 17:06:35,2024-08-11 07:30:27
CONT2024005948,2024-08-05 11:44:42,2024-08-06 06:27:25
CONT2024005949,2024-08-03 19:00:32,2024-08-04 05:32:30
CONT2024005950,2024-07-31 21:35:42,2024-08-01 11:28:50
CONT2024005951,2024-08-07 06:30:26,
CONT2024005952,2024-08-07 10:44:22,2024-08-11 00:38:37
CONT2024005953,2024-07-31 00:57:31,2024-08-11 15:49:12
CONT2024005954,2024-08-07 04:16:20,2024-08-11 15:48:56
CONT2024005955,2024-08-05 10:09:20,2024-08-10 21:28:05
CONT2024005956,2024-08-04 13:23:11,
CONT2024005957,2024-07-30 23:52:59,2024-08-01 05:45:31
CONT2024005958,2024-07-31 17:25:22,2024-07-31 23:56:24
CONT2024005959,2024-07-30 00:12:28,2024-07-30 12:59:44
CONT2024005960,2024-07-28 16:55:44,2024-07-29 16:01:46
CONT2024005961,2024-08-07 11:42:27,2024-08-08 04:21:16
CONT2024005962,2024-07-28 13:59:45,2024-08-10 23:09:19
CONT2024005963,2024-08-02 23:17:53,
CONT2024005964,2024-08-04 09:35:45,2024-08-04 23:43:53
CONT2024005965,2024-08-01 01:27:53,2024-08-01 20:33:50
CONT2024005966,2024-07-30 18:49:44,2024-07-31 08:28:04
CONT2024005967,2024-08-03 21:39:49,2024-08-04 15:27:37
CONT2024005968,2024-08-01 21:33:47,
CONT2024005969,2024-07-28 11:40:55,
CONT2024005970,2024-08-08 04:31:09,2024-08-09 08:51:01
CONT2024005971,2024-07-29 00:19:19,2024-07-29 15:35:12
CONT2024005972,2024-07-30 16:12:19,2024-08-11 14:32:05
CONT2024005973,2024-08-07 04:00:02,
CONT2024005974,2024-08-02 00:42:38,2024-08-02 17:39:29
CONT2024005975,2024-08-08 03:39:01,
CONT2024005976,2024-08-08 09:15:45,2024-08-09 01:46:09
CONT2024005977,2024-07-30 22:22:51,2024-08-11 14:44:35
CONT2024005978,2024-07-28 22:36:20,2024-08-11 16:03:08
CONT2024005979,2024-08-01 01:07:23,2024-08-01 18:09:50
CONT2024005980,2024-08-06 11:39:30,
CONT2024005981,2024-08-04 19:30:50,2024-08-11 08:36:30
CONT2024005982,2024-08-05 22:41:31,2024-08-06 07:36:55
CONT2024005983,2024-07-28 15:01:47,2024-07-29 08:39:54
CONT2024005984,2024-08-03 06:12:53,2024-08-11 08:04:42
CONT2024005985,2024-08-04 07:34:25,2024-08-11 13:05:12
CONT2024005986,2024-08-01 16:29:22,2024-08-12 08:43:10
CONT2024005987,2024-08-07 18:31:55,2024-08-08 09:04:52
CONT2024005988,2024-07-31 18:33:21,2024-08-01 04:35:41
CONT2024005989,2024-08-02 03:49:28,2024-08-12 12:18:06
CONT2024005990,2024-08-07 02:54:45,
CONT2024005991,2024-08-03 10:38:04,2024-08-04 18:00:44
CONT2024005992,2024-08-07 17:19:33,2024-08-12 20:23:29
CONT2024005993,2024-08-06 18:51:36,2024-08-12 04:31:50
CONT2024005994,2024-08-08 20:42:57,2024-08-09 10:05:46
CONT2024005995,2024-08-01 07:08:27,2024-08-11 23:00:36
CONT2024005996,2024-08-08 20:19:10,2024-08-12 04:56:47
CONT2024005997,2024-08-07 14:14:21,2024-08-08 15:11:28
CONT2024005998,2024-07-31 21:46:36,2024-08-12 10:03:22
CONT2024005999,2024-08-03 03:20:19,2024-08-03 20:21:28
CONT2024006000,2024-08-04 23:48:14,2024-08-05 23:06:31
CONT2024006001,2024-07-30 08:57:55,2024-07-31 01:44:57
CONT2024006002,2024-08-03 17:44:00,2024-08-12 08:24:59
CONT2024006003,2024-08-01 18:44:21,
CONT2024006004,2024-08-02 20:01:02,2024-08-13 14:18:23
CONT2024006005,2024-08-01 05:33:47,2024-08-14 04:49:02
CONT2024006006,2024-08-07 11:37:11,2024-08-13 03:01:37
CONT2024006007,2024-08-04 02:21:52,2024-08-04 12:53:53
CONT2024006008,2024-07-31 17:43:50,2024-08-01 12:33:43
CONT2024006009,2024-08-07 07:07:19,2024-08-07 23:41:44
CONT2024006010,2024-08-08 12:13:13,2024-08-13 11:55:06
CONT2024006011,2024-08-09 13:42:31,2024-08-10 05:46:28
CONT2024006012,2024-08-03 14:39:41,2024-08-04 15:07:05
CONT2024006013,2024-08-05 16:36:23,2024-08-06 16:11:10
CONT2024006014,2024-08-11 04:11:40,2024-08-11 17:22:45
CONT2024006015,2024-08-03 13:58:09,2024-08-13 10:19:12
CONT2024006016,2024-08-02 06:16:41,2024-08-13 03:14:28
CONT2024006017,2024-07-31 09:34:04,
CONT2024006018,2024-08-04 14:59:07,2024-08-05 19:26:51
CONT2024006019,2024-07-31 11:49:20,2024-08-01 01:53:07
CONT2024006020,2024-08-04 23:22:42,2024-08-05 18:12:07
CONT2024006021,2024-08-10 22:21:18,2024-08-11 11:58:57
CONT2024006022,2024-08-02 19:35:24,2024-08-03 14:05:51
CONT2024006023,2024-08-03 01:51:11,2024-08-03 17:22:36
CONT2024006024,2024-08-01 18:33:16,2024-08-13 22:35:53
CONT2024006025,2024-08-07 17:10:53,
CONT2024006026,2024-08-06 14:54:57,2024-08-13 11:50:15
CONT2024006027,2024-08-07 22:10:22,2024-08-14 05:22:24
CONT2024006028,2024-08-08 05:07:37,2024-08-08 15:31:12
CONT2024006029,2024-08-08 12:45:34,2024-08-08 23:04:27
CONT2024006030,2024-08-05 08:48:58,2024-08-13 23:01:17
CONT2024006031,2024-07-31 12:17:17,2024-08-01 09:44:22
CONT2024006032,2024-08-07 15:44:26,2024-08-13 22:37:08
CONT2024006033,2024-08-07 17:45:00,2024-08-13 13:06:23
CONT2024006034,2024-08-10 13:16:31,2024-08-13 06:35:31
CONT2024006035,2024-08-08 15:15:36,2024-08-09 11:24:03
CONT2024006036,2024-08-04 17:54:31,2024-08-14 02:51:53
CONT2024006037,2024-08-01 23:07:32,2024-08-03 11:27:29
CONT2024006038,2024-08-08 14:31:46,
CONT2024006039,2024-08-01 21:00:11,2024-08-02 22:26:35
CONT2024006040,2024-08-11 00:44:25,2024-08-11 23:08:35
CONT2024006041,2024-08-09 12:49:09,2024-08-16 02:59:11
CONT2024006042,2024-08-06 04:06:04,2024-08-06 15:00:38
CONT2024006043,2024-08-02 00:59:36,2024-08-02 21:04:19
CONT2024006044,2024-08-10 11:52:01,2024-08-15 06:41:31
CONT2024006045,2024-08-08 07:25:13,
CONT2024006046,2024-08-07 16:20:04,
CONT2024006047,2024-08-08 05:31:50,2024-08-15 02:13:16
CONT2024006048,2024-08-07 00:50:56,2024-08-15 03:04:41
CONT2024006049,2024-08-03 17:18:38,
CONT2024006050,2024-08-09 15:38:08,2024-08-10 05:42:24
CONT2024006051,2024-08-11 16:32:28,2024-08-12 12:20:32
CONT2024006052,2024-08-01 08:48:51,2024-08-02 01:09:54
CONT2024006053,2024-08-03 20:29:30,2024-08-15 04:58:24
CONT2024006054,2024-08-05 22:23:24,2024-08-14 17:10:46
CONT2024006055,2024-08-05 13:02:43,2024-08-06 14:48:40
CONT2024006056,2024-08-09 22:27:07,2024-08-11 00:38:08
CONT2024006057,2024-08-02 07:53:42,2024-08-14 18:02:45
CONT2024006058,2024-08-11 01:47:34,2024-08-12 04:12:19
CONT2024006059,2024-08-05 07:42:23,2024-08-06 07:56:08
CONT2024006060,2024-08-07 14:08:57,2024-08-15 18:00:04
CONT2024006061,2024-08-12 04:05:45,2024-08-15 09:40:39
CONT2024006062,2024-08-09 14:43:28,2024-08-10 12:36:25
CONT2024006063,2024-08-10 02:05:24,2024-08-10 23:06:37
CONT2024006064,2024-08-11 16:32:42,2024-08-15 13:42:08
CONT2024006065,2024-08-11 16:13:00,2024-08-13 02:47:28
CONT2024006066,2024-08-03 06:25:22,
CONT2024006067,2024-08-10 12:35:06,2024-08-11 04:18:34
CONT2024006068,2024-08-12 02:09:41,
CONT2024006069,2024-08-12 10:05:30,2024-08-15 13:48:02
CONT2024006070,2024-08-10 10:01:20,2024-08-15 00:03:08
CONT2024006071,2024-08-04 23:43:48,
CONT2024006072,2024-08-13 05:10:49,2024-08-16 10:39:45
CONT2024006073,2024-08-10 05:25:07,2024-08-15 16:10:04
CONT2024006074,2024-08-09 14:52:23,2024-08-15 13:33:37
CONT2024006075,2024-08-08 14:08:54,2024-08-08 23:36:34
CONT2024006076,2024-08-13 00:20:50,2024-08-15 19:00:15
CONT2024006077,2024-08-07 08:32:39,2024-08-08 17:59:43
CONT2024006078,2024-08-09 22:29:33,2024-08-10 22:21:25
CONT2024006079,2024-08-09 02:22:09,2024-08-15 19:04:51
CONT2024006080,2024-08-04 04:19:11,
CONT2024006081,2024-08-12 11:56:16,2024-08-16 09:00:27
CONT2024006082,2024-08-10 15:08:49,2024-08-16 22:52:43
CONT2024006083,2024-08-06 05:45:33,2024-08-06 20:07:04
CONT2024006084,2024-08-12 09:01:12,2024-08-13 02:59:15
CONT2024006085,2024-08-13 04:25:23,2024-08-14 06:12:15
CONT2024006086,2024-08-06 13:10:13,2024-08-16 13:57:07
CONT2024006087,2024-08-13 05:17:35,2024-08-13 19:09:06
CONT2024006088,2024-08-03 00:01:34,2024-08-15 23:21:46
CONT2024006089,2024-08-07 13:02:33,2024-08-09 07:57:02
CONT2024006090,2024-08-09 05:17:57,2024-08-09 12:43:33
CONT2024006091,2024-08-10 10:09:23,2024-08-11 11:02:48
CONT2024006092,2024-08-09 13:18:37,2024-08-10 09:35:34
CONT2024006093,2024-08-10 22:04:12,2024-08-16 10:42:41
CONT2024006094,2024-08-10 04:42:50,2024-08-11 10:07:47
CONT2024006095,2024-08-08 16:48:15,2024-08-08 20:48:15
CONT2024006096,2024-08-05 16:44:40,2024-08-16 06:30:37
CONT2024006097,2024-08-08 23:04:48,2024-08-09 17:26:21
CONT2024006098,2024-08-12 11:11:04,2024-08-18 08:45:48
CONT2024006099,2024-08-14 03:46:50,2024-08-15 03:33:32
CONT2024006100,2024-08-15 08:01:22,
CONT2024006101,2024-08-09 01:29:29,2024-08-18 02:19:03
CONT2024006102,2024-08-10 01:56:18,
CONT2024006103,2024-08-05 14:45:25,2024-08-18 23:16:15
CONT2024006104,2024-08-11 09:51:04,
CONT2024006105,2024-08-15 03:04:03,
CONT2024006106,2024-08-14 16:50:22,2024-08-15 15:23:33
CONT2024006107,2024-08-09 09:59:21,2024-08-18 15:14:11
CONT2024006108,2024-08-14 01:20:04,2024-08-19 06:39:16
CONT2024006109,2024-08-07 14:41:04,2024-08-08 10:36:05
CONT2024006110,2024-08-11 11:55:02,2024-08-18 14:18:50
CONT2024006111,2024-08-08 05:44:45,2024-08-09 02:00:35
CONT2024006112,2024-08-10 08:08:51,
CONT2024006113,2024-08-10 23:23:32,
CONT2024006114,2024-08-08 08:13:16,
CONT2024006115,2024-08-07 23:41:17,2024-08-18 14:57:46
CONT2024006116,2024-08-10 04:20:22,2024-08-18 12:19:10
CONT2024006117,2024-08-06 22:05:40,
CONT2024006118,2024-08-12 19:39:54,2024-08-12 23:39:54
CONT2024006119,2024-08-09 21:59:16,
CONT2024006120,2024-08-13 05:12:20,2024-08-19 09:10:25
CONT2024006121,2024-08-15 17:47:31,2024-08-18 21:12:36
CONT2024006122,2024-08-05 17:26:26,2024-08-06 20:08:31
CONT2024006123,2024-08-05 20:52:24,2024-08-06 23:42:51
CONT2024006124,2024-08-08 04:38:39,2024-08-18 18:15:09
CONT2024006125,2024-08-15 06:23:09,2024-08-18 14:32:42
CONT2024006126,2024-08-07 04:32:57,2024-08-19 12:07:37
CONT2024006127,2024-08-14 08:37:49,2024-08-15 17:32:06
CONT2024006128,2024-08-16 18:30:26,2024-08-17 22:49:12
CONT2024006129,2024-08-12 02:48:16,2024-08-19 05:49:07
CONT2024006130,2024-08-05 19:19:40,2024-08-19 14:56:12
CONT2024006131,2024-08-06 02:06:28,2024-08-19 03:22:56
CONT2024006132,2024-08-14 18:06:55,2024-08-18 21:09:43
CONT2024006133,2024-08-14 17:44:19,2024-08-19 05:47:45
CONT2024006134,2024-08-12 09:09:17,
CONT2024006135,2024-08-06 12:59:51,2024-08-19 07:20:26
CONT2024006136,2024-08-07 05:56:51,2024-08-19 02:08:11
CONT2024006137,2024-08-06 12:19:33,2024-08-07 08:58:07
CONT2024006138,2024-08-10 06:27:32,2024-08-18 10:52:59
CONT2024006139,2024-08-08 22:51:34,
CONT2024006140,2024-08-16 04:19:15,
CONT2024006141,2024-08-14 19:55:39,2024-08-16 01:39:34
CONT2024006142,2024-08-05 20:11:29,
CONT2024006143,2024-08-13 08:41:44,2024-08-14 06:16:28
CONT2024006144,2024-08-09 16:00:53,2024-08-10 18:39:43
CONT2024006145,2024-08-06 12:16:21,2024-08-07 15:32:15
CONT2024006146,2024-08-06 15:39:47,2024-08-19 13:44:22
CONT2024006147,2024-08-08 20:36:24,2024-08-09 08:21:40
CONT2024006148,2024-08-12 23:15:35,2024-08-19 07:32:49
CONT2024006149,2024-08-14 12:19:02,2024-08-15 07:15:15
CONT2024006150,2024-08-14 13:02:29,2024-08-15 08:25:02
CONT2024006151,2024-08-07 22:12:12,2024-08-19 05:00:07
CONT2024006152,2024-08-12 03:59:50,2024-08-13 02:28:29
CONT2024006153,2024-08-11 06:04:08,
CONT2024006154,2024-08-15 16:51:36,2024-08-16 06:58:53
CONT2024006155,2024-08-14 03:43:59,
CONT2024006156,2024-08-13 08:12:50,2024-08-19 10:22:41
CONT2024006157,2024-08-09 23:55:35,2024-08-10 20:14:37
CONT2024006158,2024-08-13 05:15:46,2024-08-13 22:52:32
CONT2024006159,2024-08-12 13:50:45,2024-08-12 17:50:45
CONT2024006160,2024-08-06 06:58:19,2024-08-18 12:25:22
CONT2024006161,2024-08-09 18:05:30,2024-08-19 14:13:19
CONT2024006162,2024-08-06 10:52:36,2024-08-19 12:20:16
CONT2024006163,2024-08-06 02:32:17,2024-08-06 20:37:39
CONT2024006164,2024-08-16 06:29:31,2024-08-16 10:29:31
CONT2024006165,2024-08-07 11:50:08,2024-08-08 16:13:54
CONT2024006166,2024-08-14 06:48:11,2024-08-18 16:22:38
CONT2024006167,2024-08-12 10:21:09,2024-08-19 07:50:57
CONT2024006168,2024-08-08 00:25:03,2024-08-09 03:28:22
CONT2024006169,2024-08-06 08:17:35,2024-08-08 00:58:17
CONT2024006170,2024-08-12 11:15:24,2024-08-13 12:51:45
CONT2024006171,2024-08-06 05:58:14,2024-08-18 23:26:29
CONT2024006172,2024-08-15 12:09:56,2024-08-16 04:29:42
CONT2024006173,2024-08-09 14:05:09,
CONT2024006174,2024-08-15 08:53:26,2024-08-19 17:35:35
CONT2024006175,2024-08-16 10:57:40,2024-08-19 12:09:52
CONT2024006176,2024-08-08 17:24:46,2024-08-09 11:28:08
CONT2024006177,2024-08-08 10:19:16,2024-08-09 02:59:04
CONT2024006178,2024-08-13 06:10:22,2024-08-13 12:12:10
CONT2024006179,2024-08-07 02:57:50,2024-08-07 06:57:50
CONT2024006180,2024-08-15 06:16:29,
CONT2024006181,2024-08-11 06:45:43,2024-08-12 02:01:59
CONT2024006182,2024-08-06 11:18:40,2024-08-07 10:05:44
CONT2024006183,2024-08-05 23:58:58,2024-08-06 21:31:59
CONT2024006184,2024-08-11 13:39:01,2024-08-19 12:46:43
CONT2024006185,2024-08-12 04:50:44,2024-08-19 07:24:51
CONT2024006186,2024-08-06 18:09:06,2024-08-19 17:28:12
CONT2024006187,2024-08-08 09:41:27,2024-08-18 22:43:35
CONT2024006188,2024-08-06 06:59:09,2024-08-19 13:38:14
CONT2024006189,2024-08-07 20:36:44,
CONT2024006190,2024-08-13 07:30:10,2024-08-14 10:06:20
CONT2024006191,2024-08-08 18:41:22,
CONT2024006192,2024-08-07 06:24:13,2024-08-20 02:12:57
CONT2024006193,2024-08-07 15:12:58,2024-08-08 07:16:38
CONT2024006194,2024-08-12 01:22:40,2024-08-19 09:38:15
CONT2024006195,2024-08-06 13:48:10,2024-08-07 05:57:20
CONT2024006196,2024-08-11 08:24:21,2024-08-12 05:10:09
CONT2024006197,2024-08-08 12:36:07,2024-08-20 05:27:08
CONT2024006198,2024-08-15 10:19:29,2024-08-22 11:08:09
CONT2024006199,2024-08-13 05:54:21,2024-08-22 10:12:30
CONT2024006200,2024-08-11 19:01:29,
CONT2024006201,2024-08-13 11:48:35,2024-08-21 15:11:36
CONT2024006202,2024-08-13 11:13:24,2024-08-22 00:46:33
CONT2024006203,2024-08-17 00:47:07,2024-08-17 20:37:27
CONT2024006204,2024-08-16 08:44:46,2024-08-16 20:55:05
CONT2024006205,2024-08-18 22:36:54,
CONT2024006206,2024-08-15 02:22:12,2024-08-16 09:39:14
CONT2024006207,2024-08-16 23:59:46,2024-08-23 09:08:47
CONT2024006208,2024-08-10 03:34:33,2024-08-10 10:53:21
CONT2024006209,2024-08-08 20:49:23,2024-08-09 16:40:48
CONT2024006210,2024-08-14 22:36:12,2024-08-22 14:16:37
CONT2024006211,2024-08-14 02:44:50,2024-08-22 07:43:23
CONT2024006212,2024-08-12 07:34:11,
CONT2024006213,2024-08-17 02:46:24,2024-08-17 17:25:02
CONT2024006214,2024-08-16 22:32:06,
CONT2024006215,2024-08-12 01:12:40,2024-08-13 01:34:32
CONT2024006216,2024-08-19 14:42:08,2024-08-20 04:16:53
CONT2024006217,2024-08-16 13:51:20,2024-08-23 03:59:26
CONT2024006218,2024-08-17 15:44:44,2024-08-18 03:35:29
CONT2024006219,2024-08-12 11:23:43,2024-08-23 01:41:14
CONT2024006220,2024-08-20 08:38:14,2024-08-21 06:20:06
CONT2024006221,2024-08-17 18:03:27,2024-08-23 07:02:56
CONT2024006222,2024-08-13 21:24:50,2024-08-14 20:54:40
CONT2024006223,2024-08-12 01:13:28,2024-08-12 05:13:28
CONT2024006224,2024-08-11 23:16:43,
CONT2024006225,2024-08-11 17:33:26,
CONT2024006226,2024-08-13 09:18:53,2024-08-13 20:50:10
CONT2024006227,2024-08-17 12:24:23,2024-08-22 23:18:51
CONT2024006228,2024-08-16 01:18:00,2024-08-23 08:28:31
CONT2024006229,2024-08-14 03:40:33,2024-08-15 02:36:37
CONT2024006230,2024-08-20 03:34:44,
CONT2024006231,2024-08-13 23:11:23,2024-08-14 14:43:26
CONT2024006232,2024-08-13 04:15:25,2024-08-23 15:24:13
CONT2024006233,2024-08-10 02:38:29,2024-08-23 00:32:55
CONT2024006234,2024-08-10 05:30:35,2024-08-10 21:21:20
CONT2024006235,2024-08-11 14:01:27,2024-08-24 05:13:12
CONT2024006236,2024-08-18 08:41:43,
CONT2024006237,2024-08-15 04:19:20,2024-08-23 21:20:33
CONT2024006238,2024-08-20 00:23:19,2024-08-23 06:17:53
CONT2024006239,2024-08-14 02:20:02,
CONT2024006240,2024-08-16 08:36:46,
CONT2024006241,2024-08-14 23:26:41,2024-08-15 18:09:26
CONT2024006242,2024-08-12 10:32:42,2024-08-23 11:45:24
CONT2024006243,2024-08-12 04:27:16,2024-08-13 02:56:07
CONT2024006244,2024-08-17 19:00:47,2024-08-23 16:39:30
CONT2024006245,2024-08-19 08:07:26,2024-08-19 18:47:32
CONT2024006246,2024-08-19 20:01:49,2024-08-20 17:44:17
CONT2024006247,2024-08-15 20:11:26,
CONT2024006248,2024-08-10 16:05:59,2024-08-23 13:29:06
CONT2024006249,2024-08-21 21:12:17,2024-08-25 11:32:34
CONT2024006250,2024-08-17 04:59:40,2024-08-17 14:32:30
CONT2024006251,2024-08-11 16:00:57,2024-08-25 10:58:33
CONT2024006252,2024-08-17 13:17:40,
CONT2024006253,2024-08-20 21:20:29,2024-08-21 13:07:18
CONT2024006254,2024-08-18 23:33:01,2024-08-25 05:33:48
CONT2024006255,2024-08-16 17:16:30,2024-08-25 08:51:15
CONT2024006256,2024-08-15 06:59:28,
CONT2024006257,2024-08-21 15:32:56,2024-08-25 11:29:21
CONT2024006258,2024-08-12 04:57:29,2024-08-25 16:26:53
CONT2024006259,2024-08-21 01:12:04,2024-08-21 15:09:06
CONT2024006260,2024-08-17 00:28:21,2024-08-25 21:15:32
CONT2024006261,2024-08-15 13:18:52,2024-08-16 11:51:01
CONT2024006262,2024-08-18 05:52:39,2024-08-19 12:33:10
CONT2024006263,2024-08-18 14:45:51,2024-08-26 21:37:16
CONT2024006264,2024-08-22 21:22:11,2024-08-26 21:40:32
CONT2024006265,2024-08-15 07:17:33,2024-08-26 18:07:12
CONT2024006266,2024-08-15 10:07:35,2024-08-16 10:43:54
CONT2024006267,2024-08-18 14:11:42,2024-08-26 18:27:25
CONT2024006268,2024-08-21 11:13:30,2024-08-27 11:42:16
CONT2024006269,2024-08-20 04:01:14,
CONT2024006270,2024-08-17 02:09:27,2024-08-26 16:41:12
CONT2024006271,2024-08-17 08:12:46,2024-08-18 00:16:04
CONT2024006272,2024-08-13 13:51:52,2024-08-14 13:35:18
CONT2024006273,2024-08-22 18:28:00,2024-08-22 22:28:00
CONT2024006274,2024-08-17 08:30:39,2024-08-26 20:34:55
CONT2024006275,2024-08-15 02:51:07,2024-08-27 07:32:17
CONT2024006276,2024-08-22 10:11:34,2024-08-27 00:47:14
CONT2024006277,2024-08-20 11:52:48,
CONT2024006278,2024-08-17 07:42:21,2024-08-26 23:16:22
CONT2024006279,2024-08-17 00:25:14,2024-08-28 01:17:14
CONT2024006280,2024-08-20 21:09:52,
CONT2024006281,2024-08-14 14:40:23,2024-08-15 10:22:03
CONT2024006282,2024-08-22 18:18:26,2024-08-27 23:34:04
CONT2024006283,2024-08-18 07:44:11,2024-08-19 12:25:50
CONT2024006284,2024-08-23 05:25:05,
CONT2024006285,2024-08-20 02:35:26,2024-08-28 21:48:35
CONT2024006286,2024-08-16 14:53:06,2024-08-16 23:30:13
CONT2024006287,2024-08-14 15:50:13,2024-08-28 03:14:54
CONT2024006288,2024-08-19 04:17:30,2024-08-19 18:57:33
CONT2024006289,2024-08-14 15:09:10,2024-08-15 23:07:35
CONT2024006290,2024-08-24 19:41:03,
CONT2024006291,2024-08-24 19:04:50,
CONT2024006292,2024-08-20 17:03:27,2024-08-28 07:11:56
CONT2024006293,2024-08-20 12:31:31,2024-08-21 17:05:25
CONT2024006294,2024-08-23 20:04:29,2024-08-25 00:47:53
CONT2024006295,2024-08-23 19:54:09,2024-08-28 00:00:43
CONT2024006296,2024-08-14 20:58:19,
CONT2024006297,2024-08-23 17:54:27,2024-08-25 03:06:02
CONT2024006298,2024-08-16 05:54:14,2024-08-16 22:48:44
CONT2024006299,2024-08-17 00:47:51,2024-08-17 15:58:45
CONT2024006300,2024-08-21 00:23:04,2024-08-21 14:30:28
CONT2024006301,2024-08-22 23:49:39,2024-08-24 00:22:24
CONT2024006302,2024-08-21 13:19:25,2024-08-22 18:49:37
CONT2024006303,2024-08-22 12:22:46,2024-08-27 22:57:10
CONT2024006304,2024-08-21 00:07:00,2024-08-28 05:57:07
CONT2024006305,2024-08-17 02:37:10,2024-08-28 16:03:02
CONT2024006306,2024-08-23 04:07:57,2024-08-23 08:07:57
CONT2024006307,2024-08-14 08:09:12,2024-08-28 00:10:10
CONT2024006308,2024-08-18 01:57:33,
CONT2024006309,2024-08-24 19:21:20,2024-08-28 06:07:10
CONT2024006310,2024-08-15 23:49:02,2024-08-16 23:08:58
CONT2024006311,2024-08-14 16:54:24,
CONT2024006312,2024-08-15 01:28:35,2024-08-16 08:01:25
CONT2024006313,2024-08-14 14:15:01,2024-08-28 13:01:26
CONT2024006314,2024-08-21 15:04:02,2024-08-28 02:52:18
CONT2024006315,2024-08-21 16:02:56,
CONT2024006316,2024-08-20 09:58:18,2024-08-28 11:20:25
CONT2024006317,2024-08-21 15:32:39,
CONT2024006318,2024-08-18 02:40:52,
CONT2024006319,2024-08-24 08:26:47,2024-08-25 09:31:42
CONT2024006320,2024-08-24 15:27:08,2024-08-28 16:47:14
CONT2024006321,2024-08-25 06:28:58,2024-08-26 03:41:47
CONT2024006322,2024-08-20 23:45:05,2024-08-28 11:46:17
CONT2024006323,2024-08-16 18:17:17,2024-08-27 19:24:35
CONT2024006324,2024-08-20 05:59:22,2024-08-20 20:28:20
CONT2024006325,2024-08-15 17:55:33,
CONT2024006326,2024-08-17 08:14:01,
CONT2024006327,2024-08-20 05:23:45,2024-08-20 21:11:07
CONT2024006328,2024-08-16 03:24:52,2024-08-28 08:11:03
CONT2024006329,2024-08-25 02:59:30,2024-08-26 00:30:08
CONT2024006330,2024-08-23 10:55:23,2024-08-24 12:32:52
CONT2024006331,2024-08-23 01:41:49,2024-08-28 04:01:45
CONT2024006332,2024-08-20 00:04:23,2024-08-20 23:12:22
CONT2024006333,2024-08-19 05:25:47,2024-08-28 01:06:39
CONT2024006334,2024-08-20 22:26:19,2024-08-28 17:36:00
CONT2024006335,2024-08-21 09:40:05,2024-08-22 06:55:41
CONT2024006336,2024-08-14 22:54:05,2024-08-16 02:45:23
CONT2024006337,2024-08-14 21:10:57,
CONT2024006338,2024-08-17 08:56:37,2024-08-27 22:49:02
CONT2024006339,2024-08-23 22:30:23,2024-08-27 19:43:20
CONT2024006340,2024-08-18 17:51:27,2024-08-28 07:41:34
CONT2024006341,2024-08-20 22:28:57,2024-08-28 10:47:06
CONT2024006342,2024-08-21 02:23:37,
CONT2024006343,2024-08-20 14:07:28,2024-08-21 06:04:46
CONT2024006344,2024-08-15 16:47:47,2024-08-16 12:38:38
CONT2024006345,2024-08-18 08:15:58,2024-08-27 13:40:04
CONT2024006346,2024-08-16 05:50:30,2024-08-28 00:46:02
CONT2024006347,2024-08-25 16:27:35,2024-08-26 14:17:05
CONT2024006348,2024-08-16 23:03:09,2024-08-29 00:16:41
CONT2024006349,2024-08-24 07:36:14,2024-08-24 11:36:14
CONT2024006350,2024-08-17 00:47:23,
CONT2024006351,2024-08-14 13:45:03,
CONT2024006352,2024-08-15 19:38:46,2024-08-16 10:55:52
CONT2024006353,2024-08-25 04:33:40,2024-08-28 17:15:35
CONT2024006354,2024-08-23 11:19:17,
CONT2024006355,2024-08-25 18:52:55,2024-08-28 21:30:50
CONT2024006356,2024-08-23 12:41:09,2024-08-24 03:14:45
CONT2024006357,2024-08-24 03:16:10,2024-08-29 01:34:20
CONT2024006358,2024-08-17 08:41:36,2024-08-28 13:28:57
CONT2024006359,2024-08-22 04:40:04,2024-08-23 05:38:42
CONT2024006360,2024-08-18 20:27:41,2024-08-19 18:48:44
CONT2024006361,2024-08-15 12:29:25,2024-08-15 23:48:08
CONT2024006362,2024-08-23 18:20:42,2024-08-24 12:47:54
CONT2024006363,2024-08-16 20:34:40,2024-08-17 13:50:16
CONT2024006364,2024-08-25 11:41:39,2024-08-26 03:26:37
CONT2024006365,2024-08-22 11:58:58,2024-08-28 21:11:17
CONT2024006366,2024-08-23 14:32:39,2024-08-24 04:26:22
CONT2024006367,2024-08-19 16:24:21,2024-08-29 06:38:57
CONT2024006368,2024-08-20 23:23:40,2024-08-28 13:57:32
CONT2024006369,2024-08-18 15:32:19,2024-08-19 16:21:36
CONT2024006370,2024-08-21 19:15:19,2024-08-21 23:15:19
CONT2024006371,2024-08-21 19:59:52,2024-08-22 14:02:25
CONT2024006372,2024-08-26 03:31:44,2024-08-28 13:10:44
CONT2024006373,2024-08-23 02:35:04,2024-08-24 05:16:36
CONT2024006374,2024-08-18 04:08:25,
CONT2024006375,2024-08-21 10:58:11,
CONT2024006376,2024-08-23 18:21:37,2024-08-24 22:20:57
CONT2024006377,2024-08-15 07:12:18,2024-08-16 00:32:07
CONT2024006378,2024-08-20 22:34:04,
CONT2024006379,2024-08-16 09:12:14,2024-08-17 02:44:01
CONT2024006380,2024-08-23 01:21:44,2024-08-28 16:00:27
CONT2024006381,2024-08-17 13:26:16,2024-08-18 15:14:21
CONT2024006382,2024-08-17 06:51:48,2024-08-28 15:19:14
CONT2024006383,2024-08-24 09:06:51,
CONT2024006384,2024-08-19 06:51:38,2024-08-28 15:28:48
CONT2024006385,2024-08-23 17:15:14,2024-08-24 04:45:30
CONT2024006386,2024-08-15 15:26:27,2024-08-16 02:32:46
CONT2024006387,2024-08-21 06:27:22,
CONT2024006388,2024-08-26 03:36:05,2024-08-27 12:41:23
CONT2024006389,2024-08-18 21:43:03,2024-08-29 07:59:58
CONT2024006390,2024-08-21 11:10:20,2024-08-28 16:10:01
CONT2024006391,2024-08-15 11:18:09,2024-08-16 00:59:58
CONT2024006392,2024-08-23 07:57:10,2024-08-28 13:55:04
CONT2024006393,2024-08-24 05:43:28,2024-08-28 17:14:24
CONT2024006394,2024-08-17 12:26:00,2024-08-29 08:40:41
CONT2024006395,2024-08-21 20:44:16,2024-08-22 18:51:03
CONT2024006396,2024-08-15 22:00:12,2024-08-16 21:47:33
CONT2024006397,2024-08-19 22:00:55,2024-08-20 03:38:11
CONT2024006398,2024-08-20 12:48:52,
CONT2024006399,2024-08-17 16:56:37,2024-08-29 01:20:48
CONT2024006400,2024-08-23 16:10:19,2024-08-24 18:50:50
CONT2024006401,2024-08-16 19:55:14,
CONT2024006402,2024-08-15 19:58:03,
CONT2024006403,2024-08-20 23:51:37,2024-08-29 00:42:57
CONT2024006404,2024-08-26 07:23:54,2024-08-27 06:57:35
CONT2024006405,2024-08-24 02:17:50,2024-08-24 22:32:01
CONT2024006406,2024-08-22 10:43:21,2024-08-23 13:51:58
CONT2024006407,2024-08-19 20:53:35,2024-08-20 15:09:36
CONT2024006408,2024-08-22 08:54:52,2024-08-22 22:15:17
CONT2024006409,2024-08-18 15:20:15,2024-08-19 07:15:22
CONT2024006410,2024-08-16 23:11:00,
CONT2024006411,2024-08-24 00:30:11,2024-08-29 07:55:16
CONT2024006412,2024-08-17 13:25:35,2024-08-18 17:32:37
CONT2024006413,2024-08-22 14:45:08,2024-08-23 01:01:46
CONT2024006414,2024-08-21 10:34:18,2024-08-21 21:14:48
CONT2024006415,2024-08-16 00:07:33,2024-08-29 16:24:26
CONT2024006416,2024-08-24 16:17:55,
CONT2024006417,2024-08-24 19:53:15,
CONT2024006418,2024-08-26 06:31:11,2024-08-29 06:21:06
CONT2024006419,2024-08-21 15:12:24,2024-08-29 04:46:45
CONT2024006420,2024-08-24 02:44:59,2024-08-29 10:09:51
CONT2024006421,2024-08-15 22:23:53,2024-08-16 20:58:58
CONT2024006422,2024-08-18 08:04:02,2024-08-29 23:15:55
CONT2024006423,2024-08-22 16:03:19,2024-08-23 16:09:17
CONT2024006424,2024-08-19 02:00:06,
CONT2024006425,2024-08-16 23:22:03,2024-08-17 20:26:05
CONT2024006426,2024-08-19 01:12:20,
CONT2024006427,2024-08-17 18:04:42,
CONT2024006428,2024-08-21 12:32:06,2024-08-29 08:33:03
CONT2024006429,2024-08-18 05:12:00,2024-08-29 12:32:20
CONT2024006430,2024-08-26 00:03:45,2024-08-26 12:40:56
CONT2024006431,2024-08-21 00:33:00,2024-08-29 09:24:51
CONT2024006432,2024-08-17 18:07:54,2024-08-18 19:15:38
CONT2024006433,2024-08-21 10:09:10,2024-08-29 04:11:33
CONT2024006434,2024-08-22 11:29:18,2024-08-23 02:25:58
CONT2024006435,2024-08-21 10:30:33,2024-08-28 15:49:25
CONT2024006436,2024-08-24 09:22:47,2024-08-30 04:08:39
CONT2024006437,2024-08-27 04:11:31,2024-09-03 19:19:44
CONT2024006438,2024-08-25 05:05:45,2024-08-26 13:29:11
CONT2024006439,2024-08-22 13:34:33,2024-09-04 01:44:33
CONT2024006440,2024-08-25 15:07:08,
CONT2024006441,2024-08-30 08:37:49,
CONT2024006442,2024-08-23 06:07:09,
CONT2024006443,2024-08-22 05:35:27,2024-08-22 21:15:20
CONT2024006444,2024-08-27 23:48:00,2024-08-28 23:47:05
CONT2024006445,2024-08-21 18:13:52,
CONT2024006446,2024-08-27 01:04:45,2024-08-27 17:34:51
CONT2024006447,2024-08-31 14:49:19,2024-09-01 07:04:26
CONT2024006448,2024-08-24 00:57:59,2024-08-25 00:44:10
CONT2024006449,2024-08-28 14:15:18,2024-08-29 07:09:25
CONT2024006450,2024-08-27 13:26:02,2024-08-28 04:27:19
CONT2024006451,2024-08-23 00:39:18,2024-08-24 01:41:49
CONT2024006452,2024-08-30 16:08:32,2024-09-04 05:32:30
CONT2024006453,2024-08-29 21:41:09,2024-08-30 15:18:42
CONT2024006454,2024-08-30 09:22:46,2024-09-04 01:54:49
CONT2024006455,2024-08-24 10:58:27,2024-08-24 21:23:28
CONT2024006456,2024-08-27 04:48:06,2024-09-04 14:38:08
CONT2024006457,2024-08-23 03:03:35,2024-09-04 06:33:03
CONT2024006458,2024-08-25 23:30:22,2024-09-04 06:35:56
CONT2024006459,2024-08-28 19:37:43,2024-09-04 23:11:26
CONT2024006460,2024-08-28 18:05:35,2024-09-05 12:26:07
CONT2024006461,2024-08-30 04:33:25,2024-09-05 03:16:53
CONT2024006462,2024-08-27 23:07:41,2024-08-28 21:57:40
CONT2024006463,2024-09-01 02:11:31,2024-09-05 07:15:06
CONT2024006464,2024-09-02 03:28:41,2024-09-04 20:49:14
CONT2024006465,2024-08-23 08:00:50,2024-09-04 13:34:57
CONT2024006466,2024-08-26 02:28:55,2024-08-27 12:57:32
CONT2024006467,2024-08-28 01:16:10,
CONT2024006468,2024-08-30 16:15:31,2024-09-04 12:49:18
CONT2024006469,2024-08-24 00:16:32,2024-09-05 19:08:21
CONT2024006470,2024-08-23 09:03:44,2024-08-24 16:20:58
CONT2024006471,2024-08-29 22:46:15,
CONT2024006472,2024-08-26 12:01:10,
CONT2024006473,2024-08-31 13:34:00,2024-09-01 16:50:41
CONT2024006474,2024-08-27 01:30:58,2024-09-07 00:15:50
CONT2024006475,2024-08-29 19:21:34,2024-08-30 21:46:35
CONT2024006476,2024-08-31 06:48:02,2024-09-01 07:29:35
CONT2024006477,2024-09-02 05:53:07,2024-09-05 19:23:20
CONT2024006478,2024-08-30 04:09:48,2024-09-06 20:06:13
CONT2024006479,2024-08-23 23:04:21,2024-09-06 07:44:31
CONT2024006480,2024-08-26 04:24:26,2024-08-27 08:30:58
CONT2024006481,2024-09-03 06:21:01,2024-09-04 11:54:17
CONT2024006482,2024-08-28 19:04:06,2024-08-29 11:25:20
CONT2024006483,2024-08-30 21:40:58,2024-09-06 08:01:45
CONT2024006484,2024-08-31 19:15:56,2024-09-05 22:03:15
CONT2024006485,2024-08-27 23:06:36,
CONT2024006486,2024-08-24 07:06:45,
CONT2024006487,2024-08-24 16:58:11,
CONT2024006488,2024-08-27 21:39:54,2024-09-06 21:47:05
CONT2024006489,2024-08-30 17:21:14,2024-09-07 06:12:07
CONT2024006490,2024-09-02 19:19:15,2024-09-06 08:35:33
CONT2024006491,2024-08-27 20:31:14,2024-09-05 20:55:58
CONT2024006492,2024-08-30 06:28:19,2024-09-06 14:14:36
CONT2024006493,2024-08-27 07:20:36,2024-09-06 03:35:06
CONT2024006494,2024-08-29 01:42:20,2024-09-06 12:20:30
CONT2024006495,2024-08-24 23:19:58,2024-08-26 00:41:54
CONT2024006496,2024-08-26 12:20:39,2024-09-07 06:08:48
CONT2024006497,2024-08-27 17:09:39,2024-09-06 06:45:51
CONT2024006498,2024-08-28 05:21:32,2024-08-29 04:13:08
CONT2024006499,2024-08-24 10:57:24,2024-09-06 13:20:32
CONT2024006500,2024-08-30 04:34:12,2024-08-31 05:56:08
CONT2024006501,2024-09-01 10:50:28,
CONT2024006502,2024-08-24 00:28:46,
CONT2024006503,2024-09-01 07:58:13,2024-09-01 22:35:51
CONT2024006504,2024-08-24 23:46:09,2024-09-06 19:28:07
CONT2024006505,2024-08-28 10:18:15,
CONT2024006506,2024-08-25 13:37:12,2024-08-26 01:41:44
CONT2024006507,2024-09-01 09:45:25,2024-09-01 13:45:25
CONT2024006508,2024-08-29 15:01:22,2024-08-30 05:40:03
CONT2024006509,2024-08-25 08:42:25,2024-08-26 12:47:15
CONT2024006510,2024-08-27 08:03:04,2024-08-28 20:52:51
CONT2024006511,2024-09-04 06:46:35,2024-09-07 16:43:01
CONT2024006512,2024-08-27 05:02:08,2024-08-27 16:43:15
CONT2024006513,2024-09-02 08:29:21,2024-09-07 10:18:02
CONT2024006514,2024-08-27 09:46:09,
CONT2024006515,2024-08-29 05:15:37,
CONT2024006516,2024-08-27 17:14:34,2024-08-28 03:59:32
CONT2024006517,2024-08-31 18:26:51,2024-09-01 14:02:50
CONT2024006518,2024-08-31 04:46:54,2024-09-07 00:03:55
CONT2024006519,2024-09-01 12:54:41,
CONT2024006520,2024-09-01 05:04:16,2024-09-01 10:12:54
CONT2024006521,2024-08-31 22:46:16,2024-09-01 17:04:15
CONT2024006522,2024-08-30 19:47:13,2024-09-07 08:55:03
CONT2024006523,2024-08-27 03:12:08,2024-09-07 18:09:51
CONT2024006524,2024-09-03 11:51:26,2024-09-07 15:31:00
CONT2024006525,2024-08-30 16:35:29,2024-08-30 22:03:55
CONT2024006526,2024-08-25 23:55:43,2024-09-07 06:56:19
CONT2024006527,2024-08-29 18:15:15,2024-09-07 02:45:20
CONT2024006528,2024-08-25 09:44:08,2024-08-26 07:18:53
CONT2024006529,2024-09-03 06:43:33,2024-09-07 10:26:07
CONT2024006530,2024-08-31 11:51:40,2024-09-09 16:49:52
CONT2024006531,2024-09-03 09:04:46,2024-09-09 21:17:33
CONT2024006532,2024-09-05 19:45:18,2024-09-06 15:58:49
CONT2024006533,2024-09-05 04:18:04,2024-09-06 14:37:27
CONT2024006534,2024-09-02 13:10:48,2024-09-03 18:25:05
CONT2024006535,2024-09-03 01:10:48,
CONT2024006536,2024-08-31 10:06:42,2024-09-09 17:17:29
CONT2024006537,2024-09-05 02:48:43,2024-09-06 01:05:36
CONT2024006538,2024-08-29 08:09:11,2024-08-29 20:24:32
CONT2024006539,2024-09-02 03:04:00,2024-09-03 06:37:23
CONT2024006540,2024-08-31 14:10:21,2024-09-01 09:08:59
CONT2024006541,2024-08-27 08:48:26,2024-09-09 15:20:43
CONT2024006542,2024-09-04 15:44:08,2024-09-09 10:08:46
CONT2024006543,2024-09-05 13:26:34,2024-09-09 10:38:04
CONT2024006544,2024-08-31 10:42:19,2024-09-09 12:52:37
CONT2024006545,2024-09-05 17:49:45,2024-09-10 01:04:49
CONT2024006546,2024-09-02 12:28:49,
CONT2024006547,2024-09-07 01:07:35,2024-09-07 18:38:51
CONT2024006548,2024-08-28 07:00:22,
CONT2024006549,2024-08-28 15:08:37,
CONT2024006550,2024-08-30 22:04:20,
CONT2024006551,2024-09-05 16:16:29,2024-09-06 15:07:42
CONT2024006552,2024-09-05 02:00:39,2024-09-05 07:52:24
CONT2024006553,2024-08-31 07:07:06,2024-09-10 03:13:57
CONT2024006554,2024-08-29 06:43:56,2024-08-30 01:51:28
CONT2024006555,2024-08-27 19:32:49,
CONT2024006556,2024-09-04 05:29:47,2024-09-04 16:24:34
CONT2024006557,2024-09-07 05:36:25,2024-09-10 00:12:23
CONT2024006558,2024-09-03 02:26:52,2024-09-10 00:28:16
CONT2024006559,2024-09-03 17:58:32,
CONT2024006560,2024-08-27 16:56:12,2024-09-10 10:55:51
CONT2024006561,2024-09-01 01:26:49,2024-09-10 11:04:04
CONT2024006562,2024-08-27 08:10:17,
CONT2024006563,2024-09-01 03:25:59,
CONT2024006564,2024-08-31 20:58:53,2024-09-01 17:39:50
CONT2024006565,2024-08-27 19:49:15,2024-08-28 16:39:28
CONT2024006566,2024-08-27 20:18:46,2024-09-10 18:09:17
CONT2024006567,2024-09-02 18:00:51,2024-09-03 07:06:07
CONT2024006568,2024-09-02 09:56:52,2024-09-03 06:14:25
CONT2024006569,2024-09-06 12:09:08,
CONT2024006570,2024-09-05 12:39:01,2024-09-10 03:10:01
CONT2024006571,2024-09-06 20:45:03,2024-09-10 09:56:25
CONT2024006572,2024-09-06 08:03:57,2024-09-09 22:27:18
CONT2024006573,2024-09-05 14:51:44,2024-09-06 03:17:11
CONT2024006574,2024-08-28 18:39:23,2024-09-10 15:22:20
CONT2024006575,2024-09-02 22:17:07,2024-09-03 15:38:01
CONT2024006576,2024-08-31 23:11:37,2024-09-09 14:58:47
CONT2024006577,2024-09-03 23:46:41,2024-09-09 19:04:58
CONT2024006578,2024-09-04 11:51:02,
CONT2024006579,2024-09-03 14:31:27,2024-09-10 12:49:16
CONT2024006580,2024-08-28 10:18:20,2024-09-10 08:36:02
CONT2024006581,2024-09-04 13:25:25,2024-09-05 02:43:15
CONT2024006582,2024-08-29 05:48:10,2024-08-30 06:30:41
CONT2024006583,2024-09-07 14:42:58,2024-09-08 17:31:28
CONT2024006584,2024-09-03 02:43:09,2024-09-10 11:18:21
CONT2024006585,2024-09-07 13:06:39,2024-09-10 22:00:50
CONT2024006586,2024-08-28 18:07:24,2024-08-29 22:18:31
CONT2024006587,2024-09-03 19:22:41,
CONT2024006588,2024-09-05 07:17:44,2024-09-11 01:10:38
CONT2024006589,2024-08-31 11:45:00,2024-08-31 19:48:14
CONT2024006590,2024-08-31 20:21:32,2024-09-01 17:01:50
CONT2024006591,2024-08-29 05:48:22,
CONT2024006592,2024-08-29 08:56:05,2024-09-11 00:19:39
CONT2024006593,2024-09-06 14:41:20,2024-09-07 12:09:15
CONT2024006594,2024-08-29 10:58:10,2024-09-10 23:15:03
CONT2024006595,2024-09-03 02:07:27,2024-09-03 10:53:47
CONT2024006596,2024-09-05 08:05:41,2024-09-10 20:11:42
CONT2024006597,2024-09-05 09:39:42,2024-09-06 09:43:00
CONT2024006598,2024-08-30 17:09:39,
CONT2024006599,2024-09-02 17:14:21,2024-09-12 08:52:28
CONT2024006600,2024-08-31 22:35:46,2024-09-01 20:59:36
CONT2024006601,2024-08-30 09:32:46,2024-08-31 09:41:07
CONT2024006602,2024-09-08 22:50:49,2024-09-10 03:13:04
CONT2024006603,2024-08-29 21:29:39,2024-09-12 16:47:54
CONT2024006604,2024-09-06 17:32:42,2024-09-07 16:22:47
CONT2024006605,2024-09-03 10:09:38,2024-09-04 00:41:29
CONT2024006606,2024-09-04 02:33:33,2024-09-12 14:55:41
CONT2024006607,2024-09-01 02:52:02,2024-09-02 01:28:28
CONT2024006608,2024-09-01 18:58:57,2024-09-02 08:40:34
CONT2024006609,2024-09-01 03:53:09,2024-09-02 18:24:55
CONT2024006610,2024-09-06 20:58:21,2024-09-11 15:55:03
CONT2024006611,2024-08-31 23:01:31,2024-09-12 18:59:42
CONT2024006612,2024-08-30 06:23:39,2024-08-30 17:10:14
CONT2024006613,2024-09-02 01:59:59,
CONT2024006614,2024-09-07 23:58:55,2024-09-12 01:10:59
CONT2024006615,2024-09-06 06:00:30,2024-09-12 11:06:22
CONT2024006616,2024-09-07 17:39:54,2024-09-09 05:28:54
CONT2024006617,2024-09-01 20:33:51,
CONT2024006618,2024-09-02 14:22:20,2024-09-03 16:10:20
CONT2024006619,2024-09-10 08:16:09,2024-09-12 13:32:42
CONT2024006620,2024-09-08 07:21:02,2024-09-08 20:57:40
CONT2024006621,2024-09-02 12:20:42,2024-09-12 19:52:30
CONT2024006622,2024-09-08 10:00:52,
CONT2024006623,2024-08-31 16:17:38,2024-09-12 19:08:25
CONT2024006624,2024-09-02 23:10:16,2024-09-03 16:18:15
CONT2024006625,2024-09-04 04:41:39,
CONT2024006626,2024-09-03 09:34:11,2024-09-13 10:04:53
CONT2024006627,2024-09-01 12:23:26,2024-09-02 00:14:15
CONT2024006628,2024-09-01 14:58:53,2024-09-01 23:22:34
CONT2024006629,2024-09-02 18:05:31,
CONT2024006630,2024-09-09 05:21:35,2024-09-10 02:47:40
CONT2024006631,2024-09-09 05:04:15,2024-09-10 14:47:07
CONT2024006632,2024-09-06 05:43:08,2024-09-13 04:08:48
CONT2024006633,2024-09-10 02:56:15,2024-09-13 14:35:02
CONT2024006634,2024-09-07 11:25:05,2024-09-13 08:48:58
CONT2024006635,2024-09-01 13:20:20,2024-09-12 15:45:24
CONT2024006636,2024-09-07 19:59:51,2024-09-09 03:15:13
CONT2024006637,2024-09-01 00:09:46,2024-09-02 03:12:35
CONT2024006638,2024-09-05 20:32:28,2024-09-06 02:43:49
CONT2024006639,2024-09-02 23:57:48,2024-09-13 04:22:46
CONT2024006640,2024-08-31 20:00:57,2024-09-01 22:49:48
CONT2024006641,2024-09-04 01:41:06,2024-09-04 11:58:07
CONT2024006642,2024-09-06 12:05:44,
CONT2024006643,2024-09-08 15:31:42,2024-09-08 22:12:08
CONT2024006644,2024-09-06 06:38:46,2024-09-07 10:04:42
CONT2024006645,2024-09-07 13:07:59,2024-09-09 06:50:09
CONT2024006646,2024-09-01 06:43:04,
CONT2024006647,2024-09-06 20:48:08,2024-09-13 07:41:00
CONT2024006648,2024-09-06 23:28:51,2024-09-08 05:04:20
CONT2024006649,2024-09-02 12:15:25,2024-09-03 08:03:21
CONT2024006650,2024-09-10 06:54:41,2024-09-13 05:38:19
CONT2024006651,2024-09-08 19:22:42,
CONT2024006652,2024-09-03 15:30:00,2024-09-05 01:18:35
CONT2024006653,2024-09-02 04:05:59,
CONT2024006654,2024-09-07 08:25:23,
CONT2024006655,2024-09-09 04:43:04,2024-09-14 16:48:54
CONT2024006656,2024-08-31 09:25:38,
CONT2024006657,2024-09-09 13:13:47,2024-09-13 16:45:43
CONT2024006658,2024-09-08 13:39:43,2024-09-14 00:09:25
CONT2024006659,2024-09-06 17:47:25,2024-09-07 22:31:54
CONT2024006660,2024-08-31 14:10:32,2024-09-14 17:32:04
CONT2024006661,2024-09-02 22:30:55,2024-09-03 08:47:58
CONT2024006662,2024-08-31 23:33:11,
CONT2024006663,2024-08-31 03:10:59,2024-09-14 00:55:25
CONT2024006664,2024-09-06 02:18:06,2024-09-06 18:15:52
CONT2024006665,2024-09-03 16:02:01,2024-09-04 13:43:42
CONT2024006666,2024-09-07 12:12:58,
CONT2024006667,2024-09-07 17:13:22,
CONT2024006668,2024-09-10 12:37:19,2024-09-11 13:57:04
CONT2024006669,2024-09-08 08:56:59,2024-09-09 11:02:00
CONT2024006670,2024-09-06 22:25:27,2024-09-14 17:17:02
CONT2024006671,2024-09-02 01:01:38,2024-09-02 17:42:31
CONT2024006672,2024-09-06 18:39:12,2024-09-07 13:20:12
CONT2024006673,2024-09-07 17:17:38,
CONT2024006674,2024-08-31 22:15:52,
CONT2024006675,2024-09-02 17:16:06,2024-09-03 15:41:19
CONT2024006676,2024-09-08 02:33:02,2024-09-08 16:00:06
CONT2024006677,2024-09-03 01:28:02,2024-09-14 15:38:34
CONT2024006678,2024-09-01 23:42:03,
CONT2024006679,2024-09-08 15:30:49,2024-09-14 07:00:24
CONT2024006680,2024-09-05 16:37:02,
CONT2024006681,2024-09-04 14:36:46,2024-09-05 10:51:55
CONT2024006682,2024-09-03 09:33:58,2024-09-03 21:02:15
CONT2024006683,2024-09-04 17:47:01,2024-09-14 22:36:51
CONT2024006684,2024-09-08 06:33:50,2024-09-09 00:21:04
CONT2024006685,2024-09-05 12:49:44,2024-09-13 22:04:55
CONT2024006686,2024-09-05 10:35:57,2024-09-15 00:29:48
CONT2024006687,2024-09-04 05:51:25,2024-09-14 09:29:53
CONT2024006688,2024-09-03 02:49:28,
CONT2024006689,2024-09-01 19:22:17,2024-09-03 03:04:38
CONT2024006690,2024-09-05 16:25:53,2024-09-14 23:48:53
CONT2024006691,2024-09-02 06:43:22,2024-09-03 12:53:04
CONT2024006692,2024-09-11 07:02:38,2024-09-12 08:10:00
CONT2024006693,2024-09-08 11:10:18,2024-09-09 13:53:11
CONT2024006694,2024-09-04 09:49:39,2024-09-14 12:20:42
CONT2024006695,2024-09-10 05:01:57,2024-09-10 19:21:30
CONT2024006696,2024-09-08 21:49:48,2024-09-09 19:43:13
CONT2024006697,2024-09-06 19:57:37,2024-09-14 13:10:57
CONT2024006698,2024-09-05 13:22:28,2024-09-06 16:40:09
CONT2024006699,2024-09-03 07:56:57,2024-09-03 18:13:31
CONT2024006700,2024-09-11 05:07:38,
CONT2024006701,2024-09-03 23:06:50,2024-09-05 17:52:50
CONT2024006702,2024-09-06 06:53:43,2024-09-06 13:22:31
CONT2024006703,2024-09-05 08:35:15,2024-09-05 18:20:10
CONT2024006704,2024-09-08 22:48:09,2024-09-14 00:45:35
CONT2024006705,2024-09-01 20:37:40,2024-09-14 11:57:00
CONT2024006706,2024-09-10 05:37:32,2024-09-14 15:57:17
CONT2024006707,2024-09-09 02:09:16,2024-09-10 02:45:32
CONT2024006708,2024-09-05 13:44:41,2024-09-06 12:09:42
CONT2024006709,2024-09-03 05:41:22,2024-09-03 12:06:49
CONT2024006710,2024-09-07 00:30:48,2024-09-14 18:43:49
CONT2024006711,2024-09-08 15:36:59,
CONT2024006712,2024-09-04 09:55:30,2024-09-14 14:50:59
CONT2024006713,2024-09-06 21:39:08,2024-09-07 10:26:37
CONT2024006714,2024-09-10 03:19:26,2024-09-14 11:59:40
CONT2024006715,2024-09-05 15:40:06,2024-09-06 00:54:27
CONT2024006716,2024-09-08 02:16:39,
CONT2024006717,2024-09-09 13:12:52,2024-09-14 13:40:48
CONT2024006718,2024-09-10 05:40:47,
CONT2024006719,2024-09-07 01:56:40,2024-09-14 05:49:06
CONT2024006720,2024-09-10 22:40:33,2024-09-15 14:26:34
CONT2024006721,2024-09-07 10:37:48,2024-09-15 11:20:35
CONT2024006722,2024-09-11 22:31:44,2024-09-12 15:05:11
CONT2024006723,2024-09-02 14:54:55,2024-09-03 05:35:37
CONT2024006724,2024-09-11 01:30:40,2024-09-11 16:04:23
CONT2024006725,2024-09-06 08:04:04,2024-09-14 14:16:44
CONT2024006726,2024-09-05 21:10:32,
CONT2024006727,2024-09-06 20:03:49,2024-09-07 16:36:18
CONT2024006728,2024-09-09 23:37:09,2024-09-10 22:19:19
CONT2024006729,2024-09-02 13:09:57,2024-09-16 02:49:55
CONT2024006730,2024-09-02 16:14:48,
CONT2024006731,2024-09-10 15:19:58,2024-09-11 17:05:58
CONT2024006732,2024-09-04 20:40:50,2024-09-15 05:40:04
CONT2024006733,2024-09-09 06:28:22,2024-09-10 02:23:22
CONT2024006734,2024-09-03 07:25:18,2024-09-04 09:27:19
CONT2024006735,2024-09-12 17:35:48,2024-09-13 06:34:50
CONT2024006736,2024-09-02 14:28:57,2024-09-02 23:23:48
CONT2024006737,2024-09-07 16:25:05,2024-09-09 02:29:49
CONT2024006738,2024-09-05 14:03:21,2024-09-06 17:19:23
CONT2024006739,2024-09-09 20:23:52,2024-09-15 11:40:49
CONT2024006740,2024-09-09 04:25:46,
CONT2024006741,2024-09-11 05:23:06,2024-09-12 13:08:30
CONT2024006742,2024-09-02 05:10:02,2024-09-03 07:03:31
CONT2024006743,2024-09-05 16:32:22,2024-09-06 14:18:31
CONT2024006744,2024-09-13 13:51:44,2024-09-13 23:12:17
CONT2024006745,2024-09-06 11:01:44,2024-09-07 02:00:58
CONT2024006746,2024-09-06 17:39:56,2024-09-16 09:39:21
CONT2024006747,2024-09-10 08:33:56,2024-09-17 03:52:37
CONT2024006748,2024-09-04 03:27:15,2024-09-16 11:18:26
CONT2024006749,2024-09-04 00:38:01,2024-09-05 01:23:43
CONT2024006750,2024-09-03 17:01:57,
CONT2024006751,2024-09-11 03:27:43,
CONT2024006752,2024-09-04 20:21:26,
CONT2024006753,2024-09-12 17:27:09,2024-09-13 14:50:35
CONT2024006754,2024-09-12 07:17:13,2024-09-16 22:18:45
CONT2024006755,2024-09-05 09:39:10,2024-09-06 14:05:00
CONT2024006756,2024-09-09 15:08:07,2024-09-17 01:37:42
CONT2024006757,2024-09-07 15:41:32,2024-09-16 22:13:11
CONT2024006758,2024-09-13 03:48:12,2024-09-17 13:16:32
CONT2024006759,2024-09-06 02:02:51,2024-09-06 08:36:11
CONT2024006760,2024-09-07 10:36:21,2024-09-08 22:09:54
CONT2024006761,2024-09-05 12:22:37,
CONT2024006762,2024-09-12 02:07:30,2024-09-18 12:29:45
CONT2024006763,2024-09-14 14:28:44,2024-09-17 01:05:51
CONT2024006764,2024-09-05 21:00:04,2024-09-18 10:29:20
CONT2024006765,2024-09-09 23:55:22,2024-09-17 12:48:38
CONT2024006766,2024-09-05 22:09:43,2024-09-06 19:51:02
CONT2024006767,2024-09-12 06:53:21,2024-09-17 20:48:08
CONT2024006768,2024-09-08 09:51:36,
CONT2024006769,2024-09-13 16:10:18,
CONT2024006770,2024-09-14 20:29:35,2024-09-17 08:13:07
CONT2024006771,2024-09-14 18:24:33,2024-09-18 21:35:33
CONT2024006772,2024-09-09 03:16:33,2024-09-09 11:23:42
CONT2024006773,2024-09-12 03:59:08,2024-09-13 05:08:03
CONT2024006774,2024-09-14 18:18:18,2024-09-15 09:44:15
CONT2024006775,2024-09-14 18:17:30,2024-09-15 23:15:08
CONT2024006776,2024-09-07 09:12:43,2024-09-18 07:33:10
CONT2024006777,2024-09-06 08:10:30,2024-09-07 06:05:31
CONT2024006778,2024-09-09 16:54:07,2024-09-10 22:01:12
CONT2024006779,2024-09-11 04:27:15,2024-09-18 08:05:00
CONT2024006780,2024-09-07 05:01:19,2024-09-18 11:53:33
CONT2024006781,2024-09-14 12:07:06,2024-09-15 02:48:09
CONT2024006782,2024-09-13 06:04:32,2024-09-14 06:18:01
CONT2024006783,2024-09-05 12:42:56,2024-09-06 01:11:45
CONT2024006784,2024-09-06 14:54:15,2024-09-18 11:54:10
CONT2024006785,2024-09-09 16:45:47,2024-09-18 13:40:20
CONT2024006786,2024-09-07 13:45:15,2024-09-18 16:25:13
CONT2024006787,2024-09-06 11:29:35,2024-09-18 16:38:29
CONT2024006788,2024-09-09 19:52:25,2024-09-10 18:56:45
CONT2024006789,2024-09-14 05:00:40,2024-09-15 01:38:09
CONT2024006790,2024-09-13 23:08:32,2024-09-19 06:06:12
CONT2024006791,2024-09-12 12:53:55,2024-09-18 10:25:27
CONT2024006792,2024-09-10 16:31:40,2024-09-11 01:36:40
CONT2024006793,2024-09-13 03:32:19,2024-09-18 19:05:48
CONT2024006794,2024-09-12 07:02:05,
CONT2024006795,2024-09-12 01:28:09,2024-09-13 03:21:36
CONT2024006796,2024-09-11 10:21:37,2024-09-11 14:21:37
CONT2024006797,2024-09-05 16:00:32,2024-09-06 12:55:36
CONT2024006798,2024-09-11 14:47:43,
CONT2024006799,2024-09-08 18:27:42,2024-09-19 07:13:16
CONT2024006800,2024-09-12 16:53:15,2024-09-18 08:43:31
CONT2024006801,2024-09-05 11:51:35,2024-09-06 06:43:25
CONT2024006802,2024-09-11 17:33:51,2024-09-19 06:15:42
CONT2024006803,2024-09-06 05:43:49,2024-09-07 01:49:12
CONT2024006804,2024-09-10 01:10:10,
CONT2024006805,2024-09-14 12:17:41,2024-09-15 04:23:18
CONT2024006806,2024-09-10 04:57:54,
CONT2024006807,2024-09-13 19:10:03,2024-09-19 10:20:40
CONT2024006808,2024-09-08 03:00:09,2024-09-09 03:45:44
CONT2024006809,2024-09-05 17:31:45,2024-09-18 20:51:15
CONT2024006810,2024-09-06 03:07:08,2024-09-19 07:09:45
CONT2024006811,2024-09-10 19:41:08,2024-09-19 19:26:30
CONT2024006812,2024-09-13 16:21:04,2024-09-14 11:22:59
CONT2024006813,2024-09-10 13:38:48,2024-09-11 15:47:06
CONT2024006814,2024-09-10 13:31:16,2024-09-20 07:14:02
CONT2024006815,2024-09-10 07:41:46,2024-09-11 10:56:22
CONT2024006816,2024-09-17 01:06:29,2024-09-20 09:04:02
CONT2024006817,2024-09-09 03:16:38,
CONT2024006818,2024-09-14 23:24:20,2024-09-20 23:42:29
CONT2024006819,2024-09-11 11:49:08,2024-09-22 02:32:00
CONT2024006820,2024-09-15 05:56:12,2024-09-21 15:04:07
CONT2024006821,2024-09-12 18:43:50,2024-09-21 10:36:31
CONT2024006822,2024-09-14 17:36:26,2024-09-21 14:47:33
CONT2024006823,2024-09-14 03:04:37,2024-09-21 22:44:48
CONT2024006824,2024-09-10 18:17:02,2024-09-11 01:30:38
CONT2024006825,2024-09-19 08:14:26,2024-09-20 01:42:30
CONT2024006826,2024-09-17 06:11:03,
CONT2024006827,2024-09-15 05:21:20,2024-09-15 21:09:33
CONT2024006828,2024-09-09 23:01:34,2024-09-23 01:54:33
CONT2024006829,2024-09-14 08:14:55,2024-09-14 22:58:40
CONT2024006830,2024-09-11 00:28:00,2024-09-22 12:19:38
CONT2024006831,2024-09-19 15:51:38,2024-09-20 00:15:29
CONT2024006832,2024-09-10 10:37:31,2024-09-11 03:38:54
CONT2024006833,2024-09-12 20:27:50,2024-09-22 15:17:53
CONT2024006834,2024-09-12 20:52:43,2024-09-13 10:47:40
CONT2024006835,2024-09-16 11:12:15,2024-09-17 03:45:52
CONT2024006836,2024-09-18 12:15:09,2024-09-19 23:17:06
CONT2024006837,2024-09-16 09:10:57,2024-09-22 02:02:19
CONT2024006838,2024-09-09 23:24:57,2024-09-11 13:33:07
CONT2024006839,2024-09-13 11:23:07,2024-09-13 20:16:43
CONT2024006840,2024-09-09 16:59:54,2024-09-22 13:08:20
CONT2024006841,2024-09-15 23:01:07,
CONT2024006842,2024-09-09 00:40:28,2024-09-23 14:28:55
CONT2024006843,2024-09-12 15:01:23,2024-09-12 23:49:01
CONT2024006844,2024-09-16 19:11:52,2024-09-16 23:11:52
CONT2024006845,2024-09-10 02:14:42,2024-09-10 23:27:23
CONT2024006846,2024-09-19 16:44:04,
CONT2024006847,2024-09-13 02:47:41,2024-09-14 08:20:30
CONT2024006848,2024-09-14 05:03:47,2024-09-14 21:25:21
CONT2024006849,2024-09-10 00:42:36,2024-09-11 05:35:47
CONT2024006850,2024-09-11 03:48:37,2024-09-12 01:32:04
CONT2024006851,2024-09-15 18:14:24,2024-09-16 20:59:45
CONT2024006852,2024-09-15 22:38:12,2024-09-21 22:30:40
CONT2024006853,2024-09-13 14:08:05,
CONT2024006854,2024-09-10 02:31:39,2024-09-22 04:58:02
CONT2024006855,2024-09-17 01:35:26,
CONT2024006856,2024-09-08 23:37:31,2024-09-22 15:39:54
CONT2024006857,2024-09-18 18:42:39,2024-09-22 12:27:56
CONT2024006858,2024-09-19 04:47:24,2024-09-19 18:36:35
CONT2024006859,2024-09-11 23:45:03,2024-09-13 06:47:21
CONT2024006860,2024-09-17 15:26:06,2024-09-22 18:23:44
CONT2024006861,2024-09-16 07:56:33,
CONT2024006862,2024-09-15 21:34:51,2024-09-23 08:39:14
CONT2024006863,2024-09-17 03:27:06,2024-09-22 21:50:20
CONT2024006864,2024-09-14 15:32:04,2024-09-23 10:44:40
CONT2024006865,2024-09-10 19:55:59,2024-09-22 21:44:20
CONT2024006866,2024-09-17 06:23:11,2024-09-22 15:47:05
CONT2024006867,2024-09-17 01:10:55,2024-09-22 10:03:46
CONT2024006868,2024-09-13 23:02:04,2024-09-15 04:07:56
CONT2024006869,2024-09-19 00:27:20,2024-09-19 13:37:05
CONT2024006870,2024-09-15 00:48:56,2024-09-22 20:46:48
CONT2024006871,2024-09-10 11:09:40,2024-09-23 00:25:31
CONT2024006872,2024-09-15 06:49:06,2024-09-23 15:15:16
CONT2024006873,2024-09-12 21:50:28,2024-09-23 13:36:07
CONT2024006874,2024-09-12 20:49:04,2024-09-22 20:30:32
CONT2024006875,2024-09-17 15:53:07,
CONT2024006876,2024-09-19 10:21:43,2024-09-23 01:48:22
CONT2024006877,2024-09-09 03:25:48,2024-09-22 08:50:48
CONT2024006878,2024-09-10 16:32:06,2024-09-11 04:16:54
CONT2024006879,2024-09-12 13:42:18,2024-09-22 19:24:03
CONT2024006880,2024-09-12 06:01:43,2024-09-23 03:17:53
CONT2024006881,2024-09-13 14:48:23,2024-09-22 16:18:55
CONT2024006882,2024-09-13 06:05:54,2024-09-14 01:59:41
CONT2024006883,2024-09-13 17:44:06,2024-09-22 08:01:51
CONT2024006884,2024-09-13 18:32:32,2024-09-23 05:17:04
CONT2024006885,2024-09-17 14:46:11,2024-09-22 19:25:37
CONT2024006886,2024-09-13 10:06:31,2024-09-14 03:55:34
CONT2024006887,2024-09-13 07:49:01,
CONT2024006888,2024-09-14 06:54:04,2024-09-24 18:13:06
CONT2024006889,2024-09-21 22:08:41,2024-09-23 03:28:59
CONT2024006890,2024-09-19 13:45:59,2024-09-25 08:58:52
CONT2024006891,2024-09-14 05:10:06,
CONT2024006892,2024-09-21 05:46:14,2024-09-25 19:25:01
CONT2024006893,2024-09-22 06:32:07,2024-09-22 21:15:11
CONT2024006894,2024-09-11 23:17:08,2024-09-12 08:55:13
CONT2024006895,2024-09-14 22:57:00,2024-09-16 01:58:14
CONT2024006896,2024-09-19 10:47:06,2024-09-25 07:46:21
CONT2024006897,2024-09-18 17:51:34,2024-09-19 22:58:43
CONT2024006898,2024-09-17 04:51:34,2024-09-24 22:09:14
CONT2024006899,2024-09-14 04:04:15,
CONT2024006900,2024-09-20 06:22:28,2024-09-21 08:03:26
CONT2024006901,2024-09-14 15:04:26,2024-09-15 09:44:59
CONT2024006902,2024-09-16 09:22:56,
CONT2024006903,2024-09-13 19:35:51,
CONT2024006904,2024-09-22 13:06:03,2024-09-23 21:45:14
CONT2024006905,2024-09-19 22:40:36,2024-09-20 08:34:57
CONT2024006906,2024-09-14 13:21:12,
CONT2024006907,2024-09-20 09:28:04,2024-09-26 18:27:26
CONT2024006908,2024-09-15 12:36:43,
CONT2024006909,2024-09-18 21:35:23,2024-09-26 18:23:17
CONT2024006910,2024-09-22 00:23:37,2024-09-26 07:03:16
CONT2024006911,2024-09-16 15:08:49,2024-09-26 10:00:06
CONT2024006912,2024-09-15 03:13:03,2024-09-16 01:25:24
CONT2024006913,2024-09-15 21:22:21,2024-09-26 15:51:23
CONT2024006914,2024-09-17 01:05:26,2024-09-25 21:10:27
CONT2024006915,2024-09-18 00:45:49,2024-09-26 02:13:10
CONT2024006916,2024-09-13 20:47:36,
CONT2024006917,2024-09-13 00:31:23,2024-09-13 09:09:24
CONT2024006918,2024-09-12 11:18:46,2024-09-13 03:27:41
CONT2024006919,2024-09-18 03:23:42,
CONT2024006920,2024-09-20 21:43:40,2024-09-26 10:29:39
CONT2024006921,2024-09-18 09:36:18,2024-09-25 18:32:58
CONT2024006922,2024-09-15 18:14:54,
CONT2024006923,2024-09-20 16:19:09,2024-09-26 03:55:49
CONT2024006924,2024-09-18 12:42:46,2024-09-19 22:31:21
CONT2024006925,2024-09-16 16:19:27,2024-09-26 00:35:31
CONT2024006926,2024-09-15 13:59:31,2024-09-26 08:45:48
CONT2024006927,2024-09-12 23:07:46,2024-09-13 22:31:22
CONT2024006928,2024-09-20 12:53:44,
CONT2024006929,2024-09-12 18:43:08,2024-09-26 08:32:45
CONT2024006930,2024-09-16 02:59:38,2024-09-17 00:55:32
CONT2024006931,2024-09-22 00:49:58,2024-09-22 15:53:28
CONT2024006932,2024-09-23 03:28:37,
CONT2024006933,2024-09-22 18:08:35,2024-09-23 13:40:19
CONT2024006934,2024-09-21 10:19:11,2024-09-26 12:13:32
CONT2024006935,2024-09-22 11:52:52,2024-09-25 13:44:39
CONT2024006936,2024-09-20 20:20:26,2024-09-26 03:16:43
CONT2024006937,2024-09-20 23:27:48,2024-09-22 11:25:16
CONT2024006938,2024-09-15 18:50:51,2024-09-26 10:20:21
CONT2024006939,2024-09-18 23:31:03,2024-09-19 21:39:59
CONT2024006940,2024-09-17 17:29:23,
CONT2024006941,2024-09-17 06:05:47,2024-09-26 12:29:43
CONT2024006942,2024-09-22 16:44:14,2024-09-23 05:23:15
CONT2024006943,2024-09-12 19:21:57,2024-09-26 09:16:56
CONT2024006944,2024-09-13 13:32:41,2024-09-14 16:56:06
CONT2024006945,2024-09-18 07:24:48,
CONT2024006946,2024-09-15 17:48:25,2024-09-16 11:52:52
CONT2024006947,2024-09-21 01:40:34,2024-09-26 07:25:57
CONT2024006948,2024-09-13 17:07:20,2024-09-26 07:42:49
CONT2024006949,2024-09-20 11:20:12,2024-09-26 18:51:05
CONT2024006950,2024-09-20 03:56:49,2024-09-26 00:37:33
CONT2024006951,2024-09-19 01:32:03,2024-09-26 00:50:58
CONT2024006952,2024-09-19 11:12:37,2024-09-26 13:16:42
CONT2024006953,2024-09-18 22:20:46,2024-09-19 22:20:07
CONT2024006954,2024-09-22 01:16:59,
CONT2024006955,2024-09-23 06:11:57,2024-09-26 01:22:31
CONT2024006956,2024-09-20 09:07:20,2024-09-21 02:49:52
CONT2024006957,2024-09-22 09:10:44,2024-09-23 07:35:50
CONT2024006958,2024-09-21 11:30:51,2024-09-21 23:38:28
CONT2024006959,2024-09-22 03:42:01,2024-09-22 07:42:01
CONT2024006960,2024-09-16 16:15:13,2024-09-17 20:56:07
CONT2024006961,2024-09-21 05:06:53,2024-09-25 21:54:01
CONT2024006962,2024-09-22 07:40:46,2024-09-23 20:46:34
CONT2024006963,2024-09-19 20:21:49,2024-09-21 00:36:06
CONT2024006964,2024-09-19 08:54:16,
CONT2024006965,2024-09-13 14:04:18,2024-09-26 10:09:11
CONT2024006966,2024-09-22 10:35:15,2024-09-23 06:55:02
CONT2024006967,2024-09-12 08:57:54,
CONT2024006968,2024-09-14 13:05:18,2024-09-26 00:08:13
CONT2024006969,2024-09-16 10:34:48,
CONT2024006970,2024-09-13 15:01:59,2024-09-27 16:00:10
CONT2024006971,2024-09-20 20:47:00,2024-09-27 04:33:32
CONT2024006972,2024-09-16 05:10:27,2024-09-27 15:47:05
CONT2024006973,2024-09-17 07:28:40,
CONT2024006974,2024-09-24 09:56:19,2024-09-25 05:59:49
CONT2024006975,2024-09-21 06:37:26,2024-09-22 05:06:27
CONT2024006976,2024-09-24 06:22:12,2024-09-27 09:12:35
CONT2024006977,2024-09-15 23:02:50,2024-09-16 15:00:32
CONT2024006978,2024-09-24 07:11:56,2024-09-27 09:13:58
CONT2024006979,2024-09-15 19:55:05,2024-09-27 00:11:42
CONT2024006980,2024-09-18 17:27:31,
CONT2024006981,2024-09-21 03:17:40,2024-09-27 19:04:51
CONT2024006982,2024-09-21 16:12:44,2024-09-22 12:53:17
CONT2024006983,2024-09-21 08:55:27,2024-09-27 20:50:41
CONT2024006984,2024-09-17 10:34:39,2024-09-18 11:11:02
CONT2024006985,2024-09-14 07:29:01,2024-09-27 06:17:20
CONT2024006986,2024-09-18 02:12:10,
CONT2024006987,2024-09-21 00:17:27,2024-09-27 12:07:36
CONT2024006988,2024-09-21 16:07:37,2024-09-27 10:49:37
CONT2024006989,2024-09-24 14:19:33,2024-09-27 10:02:21
CONT2024006990,2024-09-18 03:48:13,2024-09-26 08:00:00
CONT2024006991,2024-09-22 12:08:58,2024-09-23 00:02:13
CONT2024006992,2024-09-22 22:13:00,
CONT2024006993,2024-09-15 09:50:04,
CONT2024006994,2024-09-24 05:31:35,
CONT2024006995,2024-09-21 15:01:15,2024-09-28 12:37:15
CONT2024006996,2024-09-18 20:42:33,2024-09-27 17:31:03
CONT2024006997,2024-09-19 08:16:27,2024-09-27 04:34:49
CONT2024006998,2024-09-23 14:22:13,
CONT2024006999,2024-09-18 08:35:05,2024-09-18 22:30:29
CONT2024007000,2024-09-21 10:59:04,
CONT2024007001,2024-09-19 07:15:57,2024-09-27 07:36:24
CONT2024007002,2024-09-15 13:25:53,2024-09-28 09:48:47
CONT2024007003,2024-09-22 04:28:36,2024-09-27 18:09:58
CONT2024007004,2024-09-15 10:15:24,2024-09-16 04:28:38
CONT2024007005,2024-09-19 19:58:55,
CONT2024007006,2024-09-20 09:06:45,2024-09-28 06:01:55
CONT2024007007,2024-09-18 13:34:15,2024-09-30 06:51:18
CONT2024007008,2024-09-16 12:27:04,2024-09-30 02:38:53
CONT2024007009,2024-09-18 21:46:24,2024-09-29 14:11:14
CONT2024007010,2024-09-24 16:54:24,2024-09-26 00:26:02
CONT2024007011,2024-09-16 13:12:32,2024-09-17 11:15:20
CONT2024007012,2024-09-22 19:19:17,2024-09-23 15:41:52
CONT2024007013,2024-09-20 16:46:25,2024-09-30 10:01:44
CONT2024007014,2024-09-19 06:35:50,2024-09-29 07:01:11
CONT2024007015,2024-09-19 05:55:31,2024-09-20 07:14:47
CONT2024007016,2024-09-26 23:02:05,2024-09-29 03:20:32
CONT2024007017,2024-09-25 09:14:56,
CONT2024007018,2024-09-20 03:39:38,2024-09-20 13:59:47
CONT2024007019,2024-09-19 14:03:20,
CONT2024007020,2024-09-26 23:09:38,2024-09-27 15:05:36
CONT2024007021,2024-09-22 07:48:19,2024-09-30 03:39:32
CONT2024007022,2024-09-23 04:47:37,2024-09-23 22:00:50
CONT2024007023,2024-09-20 08:57:22,2024-09-29 23:29:11
CONT2024007024,2024-09-17 06:06:08,
CONT2024007025,2024-09-24 01:59:27,2024-09-30 01:29:55
CONT2024007026,2024-09-25 00:32:22,2024-09-25 13:03:37
CONT2024007027,2024-09-19 09:50:00,2024-09-20 08:24:42
CONT2024007028,2024-09-19 22:47:52,2024-09-29 16:03:29
CONT2024007029,2024-09-26 01:52:44,
CONT2024007030,2024-09-24 00:28:04,2024-09-30 14:44:55
CONT2024007031,2024-09-24 11:37:02,2024-09-25 07:04:31
CONT2024007032,2024-09-25 22:51:57,2024-09-29 15:53:31
CONT2024007033,2024-09-23 20:06:59,2024-09-24 02:46:22
CONT2024007034,2024-09-25 20:27:39,2024-09-26 18:56:54
CONT2024007035,2024-09-26 02:57:14,2024-09-27 16:14:28
CONT2024007036,2024-09-25 06:05:18,2024-09-26 12:46:04
CONT2024007037,2024-09-22 04:51:44,
CONT2024007038,2024-09-16 18:05:18,2024-09-17 16:56:29
CONT2024007039,2024-09-24 04:09:44,2024-09-24 22:01:03
CONT2024007040,2024-09-19 10:55:46,2024-09-29 15:15:09
CONT2024007041,2024-09-18 14:11:26,2024-09-18 23:05:25
CONT2024007042,2024-09-20 18:03:58,2024-09-21 15:44:29
CONT2024007043,2024-09-29 02:34:27,2024-09-29 23:19:17
CONT2024007044,2024-09-21 13:50:15,2024-09-22 20:08:53
CONT2024007045,2024-09-23 09:45:25,
CONT2024007046,2024-09-28 15:44:19,2024-10-03 13:06:29
CONT2024007047,2024-09-29 19:27:53,
CONT2024007048,2024-09-28 16:59:10,2024-10-03 05:20:03
CONT2024007049,2024-09-21 20:54:35,
CONT2024007050,2024-09-25 13:13:31,2024-09-25 17:13:31
CONT2024007051,2024-09-20 19:29:55,2024-10-02 22:48:04
CONT2024007052,2024-09-23 11:50:34,2024-10-02 22:20:54
CONT2024007053,2024-09-27 05:41:33,
CONT2024007054,2024-09-29 13:08:09,2024-10-03 04:37:06
CONT2024007055,2024-09-20 18:03:11,2024-09-21 17:43:34
CONT2024007056,2024-09-22 10:32:21,2024-10-02 19:35:38
CONT2024007057,2024-09-19 05:31:36,2024-09-20 11:53:32
CONT2024007058,2024-09-22 17:37:01,2024-09-23 12:01:12
CONT2024007059,2024-09-28 12:40:32,2024-10-03 02:53:47
CONT2024007060,2024-09-26 05:49:23,2024-09-26 22:38:15
CONT2024007061,2024-09-28 22:50:18,2024-09-30 01:16:04
CONT2024007062,2024-09-22 22:20:30,2024-10-03 13:13:52
CONT2024007063,2024-09-21 01:29:24,2024-09-22 02:11:07
CONT2024007064,2024-09-26 01:45:43,2024-09-27 03:34:07
CONT2024007065,2024-09-24 10:13:32,
CONT2024007066,2024-09-25 10:07:42,2024-10-02 23:53:36
CONT2024007067,2024-09-28 22:08:07,2024-09-29 16:53:27
CONT2024007068,2024-09-19 03:49:11,
CONT2024007069,2024-09-20 01:57:48,2024-09-20 22:48:15
CONT2024007070,2024-09-27 18:41:53,2024-09-28 19:02:54
CONT2024007071,2024-09-30 03:32:48,2024-10-01 19:48:51
CONT2024007072,2024-09-29 19:13:13,2024-10-02 05:15:09
CONT2024007073,2024-09-27 11:43:19,2024-09-28 16:13:45
CONT2024007074,2024-09-20 02:20:35,
CONT2024007075,2024-09-24 09:35:15,
CONT2024007076,2024-09-28 09:52:45,
CONT2024007077,2024-09-20 20:27:24,2024-09-21 14:01:33
CONT2024007078,2024-09-29 10:06:38,2024-09-30 06:04:24
CONT2024007079,2024-09-27 01:01:07,2024-09-28 04:16:02
CONT2024007080,2024-09-21 07:58:37,2024-09-22 02:26:03
CONT2024007081,2024-09-23 10:03:16,2024-09-23 22:18:58
CONT2024007082,2024-09-22 13:58:20,2024-09-22 23:34:52
CONT2024007083,2024-09-23 07:15:10,2024-09-24 01:50:03
CONT2024007084,2024-09-24 23:52:56,2024-10-04 18:16:06
CONT2024007085,2024-09-28 23:21:11,2024-10-04 18:44:06
CONT2024007086,2024-09-27 16:25:23,
CONT2024007087,2024-09-28 17:41:32,2024-09-29 14:26:48
CONT2024007088,2024-09-26 17:40:32,2024-10-03 08:46:34
CONT2024007089,2024-09-30 11:05:29,2024-09-30 23:35:41
CONT2024007090,2024-09-29 16:40:06,2024-10-04 05:33:08
CONT2024007091,2024-09-21 08:37:00,2024-09-22 02:22:59
CONT2024007092,2024-09-28 18:35:31,2024-10-04 01:10:45
CONT2024007093,2024-09-22 22:11:04,2024-10-03 18:30:48
CONT2024007094,2024-09-26 06:48:07,2024-10-03 20:22:31
CONT2024007095,2024-09-28 05:41:08,
CONT2024007096,2024-09-23 09:52:07,2024-09-24 11:15:56
CONT2024007097,2024-09-24 20:52:05,2024-09-25 10:21:21
CONT2024007098,2024-09-24 20:48:34,2024-09-26 15:23:48
CONT2024007099,2024-09-22 05:41:11,2024-10-05 00:18:52
CONT2024007100,2024-09-23 00:12:32,2024-09-23 19:51:02
CONT2024007101,2024-09-27 23:11:07,2024-09-28 03:11:07
CONT2024007102,2024-09-27 00:07:57,2024-09-27 19:30:44
CONT2024007103,2024-09-26 15:21:44,2024-09-27 02:33:29
CONT2024007104,2024-09-30 20:25:14,2024-10-01 15:53:13
CONT2024007105,2024-09-28 09:40:19,2024-10-04 21:47:55
CONT2024007106,2024-10-01 17:14:32,2024-10-02 12:11:09
CONT2024007107,2024-09-27 06:25:06,2024-09-28 07:07:53
CONT2024007108,2024-09-28 19:51:03,2024-09-29 17:22:51
CONT2024007109,2024-09-29 09:37:47,
CONT2024007110,2024-09-29 11:55:44,2024-10-05 05:59:26
CONT2024007111,2024-10-01 14:21:04,2024-10-01 23:14:26
CONT2024007112,2024-09-29 06:37:54,
CONT2024007113,2024-10-01 09:34:22,2024-10-01 16:12:25
CONT2024007114,2024-09-29 07:49:32,2024-10-05 03:26:41
CONT2024007115,2024-09-28 14:26:02,2024-10-04 15:54:42
CONT2024007116,2024-09-21 22:03:02,2024-09-23 03:06:05
CONT2024007117,2024-09-23 02:37:33,2024-09-23 23:55:55
CONT2024007118,2024-09-26 22:21:55,2024-09-27 14:43:26
CONT2024007119,2024-09-22 19:57:38,2024-09-23 18:37:45
CONT2024007120,2024-09-29 14:06:59,2024-10-05 08:46:23
CONT2024007121,2024-09-24 14:35:10,
CONT2024007122,2024-10-01 08:00:22,2024-10-05 12:14:21
CONT2024007123,2024-09-28 04:16:39,
CONT2024007124,2024-09-27 03:04:10,2024-09-27 18:49:03
CONT2024007125,2024-09-30 17:19:05,2024-10-05 06:34:27
CONT2024007126,2024-09-27 02:35:19,
CONT2024007127,2024-09-25 16:37:15,2024-10-04 13:41:32
CONT2024007128,2024-09-30 15:27:14,2024-10-01 08:13:58
CONT2024007129,2024-09-24 00:15:10,2024-10-05 01:38:49
CONT2024007130,2024-09-22 05:45:58,2024-09-23 09:32:26
CONT2024007131,2024-10-02 03:00:22,2024-10-03 09:00:25
CONT2024007132,2024-09-24 05:57:39,2024-09-25 07:59:16
CONT2024007133,2024-09-25 21:46:28,2024-09-27 17:15:05
CONT2024007134,2024-09-23 09:10:24,2024-10-04 19:46:55
CONT2024007135,2024-09-22 00:40:43,2024-09-23 01:19:20
CONT2024007136,2024-09-28 14:23:40,2024-10-05 20:13:55
CONT2024007137,2024-09-30 14:16:51,2024-10-01 12:37:03
CONT2024007138,2024-09-28 15:00:49,2024-09-29 06:17:53
CONT2024007139,2024-09-30 05:59:33,2024-10-05 19:02:00
CONT2024007140,2024-09-24 04:30:19,2024-10-06 05:49:46
CONT2024007141,2024-09-24 23:37:11,2024-10-06 05:17:46
CONT2024007142,2024-09-25 20:41:01,2024-09-26 07:02:41
CONT2024007143,2024-10-02 14:37:18,2024-10-05 08:02:58
CONT2024007144,2024-09-28 04:19:56,2024-10-06 09:34:16
CONT2024007145,2024-09-28 11:48:24,2024-10-05 21:46:16
CONT2024007146,2024-09-29 18:03:01,
CONT2024007147,2024-09-30 20:40:40,2024-10-06 01:19:35
CONT2024007148,2024-09-29 11:00:13,2024-09-30 07:35:55
CONT2024007149,2024-09-26 23:07:06,2024-10-06 14:40:10
CONT2024007150,2024-09-28 20:40:33,2024-10-06 13:19:39
CONT2024007151,2024-09-27 14:54:52,2024-10-05 14:54:24
CONT2024007152,2024-09-25 23:15:26,2024-10-06 19:33:20
CONT2024007153,2024-09-23 13:40:15,2024-09-24 17:37:41
CONT2024007154,2024-09-24 12:02:03,2024-09-25 04:12:49
CONT2024007155,2024-09-22 22:52:39,
CONT2024007156,2024-10-03 11:48:25,2024-10-04 11:23:02
CONT2024007157,2024-09-25 20:46:14,
CONT2024007158,2024-10-02 06:56:18,2024-10-05 17:25:46
CONT2024007159,2024-09-26 17:50:32,2024-09-27 08:28:59
CONT2024007160,2024-09-26 10:04:02,2024-10-06 10:16:24
CONT2024007161,2024-09-26 11:17:38,
CONT2024007162,2024-09-30 04:52:23,2024-10-06 09:02:58
CONT2024007163,2024-09-25 22:17:11,2024-10-06 05:44:34
CONT2024007164,2024-10-03 19:25:34,2024-10-06 05:25:17
CONT2024007165,2024-09-30 20:14:31,
CONT2024007166,2024-09-23 08:44:05,2024-10-07 00:08:43
CONT2024007167,2024-10-02 14:34:41,
CONT2024007168,2024-10-01 19:36:21,
CONT2024007169,2024-09-25 00:44:41,
CONT2024007170,2024-09-27 20:41:58,2024-10-06 07:40:35
CONT2024007171,2024-09-28 11:45:23,2024-10-06 23:15:22
CONT2024007172,2024-09-27 21:45:41,
CONT2024007173,2024-09-23 11:36:21,
CONT2024007174,2024-09-27 08:54:07,2024-10-06 07:56:12
CONT2024007175,2024-09-26 21:22:42,2024-10-06 17:52:40
CONT2024007176,2024-09-27 14:48:07,2024-09-28 06:00:04
CONT2024007177,2024-09-24 18:25:47,2024-10-05 23:41:59
CONT2024007178,2024-09-25 18:35:13,2024-10-06 19:59:29
CONT2024007179,2024-09-23 09:47:06,2024-09-24 06:38:08
CONT2024007180,2024-10-03 03:01:49,2024-10-06 04:34:31
CONT2024007181,2024-09-27 19:12:07,2024-10-06 13:56:40
CONT2024007182,2024-09-26 22:05:28,2024-10-06 07:45:09
CONT2024007183,2024-09-30 23:27:23,
CONT2024007184,2024-09-29 17:50:31,2024-10-06 03:59:55
CONT2024007185,2024-10-03 00:01:10,2024-10-04 11:15:21
CONT2024007186,2024-09-26 23:22:41,
CONT2024007187,2024-10-03 08:39:42,2024-10-03 23:30:55
CONT2024007188,2024-09-27 15:15:41,2024-09-28 09:13:30
CONT2024007189,2024-09-25 09:35:40,2024-10-06 23:04:04
CONT2024007190,2024-09-26 11:34:43,2024-09-27 08:54:46
CONT2024007191,2024-09-24 07:58:38,2024-09-25 05:45:59
CONT2024007192,2024-09-28 05:37:19,2024-10-06 05:36:07
CONT2024007193,2024-10-03 02:05:21,2024-10-04 03:23:36
CONT2024007194,2024-09-25 15:52:23,2024-09-26 00:13:56
CONT2024007195,2024-09-26 07:21:21,2024-09-27 03:36:16
CONT2024007196,2024-09-30 08:28:24,2024-10-01 07:50:36
CONT2024007197,2024-10-03 10:06:02,2024-10-04 04:28:05
CONT2024007198,2024-10-01 22:26:37,2024-10-06 12:49:28
CONT2024007199,2024-09-25 17:07:57,2024-10-06 20:46:31
CONT2024007200,2024-09-28 12:32:20,2024-10-07 01:00:02
CONT2024007201,2024-10-02 20:11:47,
CONT2024007202,2024-09-26 19:46:26,2024-09-27 12:01:21
CONT2024007203,2024-09-25 17:20:50,2024-10-06 10:00:02
CONT2024007204,2024-09-26 19:15:58,2024-10-07 10:16:27
CONT2024007205,2024-09-27 09:25:05,2024-10-07 10:18:53
CONT2024007206,2024-10-01 09:03:08,2024-10-06 15:54:23
CONT2024007207,2024-10-01 08:01:48,2024-10-01 15:11:51
CONT2024007208,2024-09-24 21:08:33,2024-10-06 01:54:29
CONT2024007209,2024-09-29 15:16:22,2024-09-30 16:26:42
CONT2024007210,2024-10-03 22:50:29,2024-10-07 01:31:18
CONT2024007211,2024-10-02 17:45:47,2024-10-03 03:33:37
CONT2024007212,2024-09-25 09:19:50,
CONT2024007213,2024-09-25 08:09:51,2024-09-26 02:24:40
CONT2024007214,2024-09-25 18:47:57,2024-10-07 02:27:16
CONT2024007215,2024-10-03 19:42:13,
CONT2024007216,2024-09-25 11:21:08,2024-09-26 04:19:23
CONT2024007217,2024-10-03 21:05:24,2024-10-08 06:23:13
CONT2024007218,2024-09-24 14:53:23,2024-09-26 01:53:37
CONT2024007219,2024-10-01 18:15:36,2024-10-08 08:55:56
CONT2024007220,2024-09-30 05:24:14,2024-09-30 15:23:52
CONT2024007221,2024-09-29 12:45:32,2024-09-30 11:34:08
CONT2024007222,2024-09-25 05:31:07,2024-09-25 20:00:12
CONT2024007223,2024-09-26 11:04:35,2024-10-08 04:20:53
CONT2024007224,2024-09-29 04:24:06,2024-10-08 16:19:17
CONT2024007225,2024-09-24 22:00:04,2024-10-08 17:50:46
CONT2024007226,2024-09-27 12:02:28,2024-10-08 03:23:44
CONT2024007227,2024-09-26 12:33:26,
CONT2024007228,2024-09-29 16:29:16,2024-10-07 23:35:19
CONT2024007229,2024-09-25 08:57:49,2024-09-26 14:32:39
CONT2024007230,2024-09-28 09:39:06,2024-10-07 13:11:50
CONT2024007231,2024-10-03 07:12:56,2024-10-07 18:31:05
CONT2024007232,2024-09-25 00:21:41,2024-10-07 17:38:47
CONT2024007233,2024-09-30 16:54:47,
CONT2024007234,2024-10-04 17:58:42,
CONT2024007235,2024-10-05 20:43:12,2024-10-08 10:24:51
CONT2024007236,2024-09-29 02:55:06,2024-10-08 15:36:13
CONT2024007237,2024-10-04 00:31:28,2024-10-04 07:05:52
CONT2024007238,2024-09-25 06:21:04,2024-10-08 08:28:32
CONT2024007239,2024-10-02 22:28:16,2024-10-08 12:07:16
CONT2024007240,2024-09-25 21:32:42,2024-09-26 14:47:53
CONT2024007241,2024-10-02 01:29:24,
CONT2024007242,2024-09-25 08:16:16,2024-10-07 20:36:47
CONT2024007243,2024-09-28 03:28:45,2024-10-08 21:54:36
CONT2024007244,2024-09-26 04:53:10,2024-09-26 22:07:26
CONT2024007245,2024-09-28 17:10:08,2024-09-29 10:33:40
CONT2024007246,2024-09-28 14:16:22,2024-10-07 20:27:58
CONT2024007247,2024-10-04 02:56:40,
CONT2024007248,2024-10-03 04:30:08,2024-10-08 17:31:26
CONT2024007249,2024-09-26 15:10:12,2024-09-27 18:13:27
CONT2024007250,2024-09-25 06:07:31,2024-09-26 00:15:07
CONT2024007251,2024-09-25 03:01:44,
CONT2024007252,2024-09-27 17:04:23,2024-09-29 02:01:05
CONT2024007253,2024-09-28 09:05:14,2024-09-29 06:02:52
CONT2024007254,2024-10-03 18:20:53,2024-10-04 19:24:51
CONT2024007255,2024-09-26 13:07:25,2024-10-08 23:27:33
CONT2024007256,2024-10-02 05:24:14,
CONT2024007257,2024-09-25 14:03:46,2024-10-09 06:54:47
CONT2024007258,2024-09-26 08:34:55,2024-10-09 01:27:27
CONT2024007259,2024-09-29 05:59:50,2024-09-30 03:01:26
CONT2024007260,2024-09-26 15:09:31,2024-09-27 22:33:16
CONT2024007261,2024-10-04 02:06:41,2024-10-08 21:25:38
CONT2024007262,2024-10-04 20:43:58,2024-10-09 13:27:03
CONT2024007263,2024-10-05 20:10:16,
CONT2024007264,2024-09-26 19:29:22,2024-10-09 06:01:28
CONT2024007265,2024-09-29 00:22:23,2024-09-29 19:03:04
CONT2024007266,2024-09-27 20:39:11,2024-09-28 09:36:20
CONT2024007267,2024-10-04 02:21:06,2024-10-04 20:20:08
CONT2024007268,2024-09-29 09:46:42,2024-09-30 06:54:31
CONT2024007269,2024-10-06 05:33:09,2024-10-06 09:43:54
CONT2024007270,2024-09-30 05:13:57,2024-10-09 08:28:04
CONT2024007271,2024-10-03 15:37:55,2024-10-04 19:20:51
CONT2024007272,2024-09-30 19:07:45,2024-10-02 00:18:24
CONT2024007273,2024-10-05 17:25:17,2024-10-06 16:10:45
CONT2024007274,2024-09-28 01:14:24,2024-09-28 23:34:15
CONT2024007275,2024-09-26 01:32:17,2024-10-10 02:46:45
CONT2024007276,2024-09-29 21:47:20,
CONT2024007277,2024-10-02 14:24:52,2024-10-03 01:14:24
CONT2024007278,2024-10-05 20:33:00,2024-10-09 17:47:13
CONT2024007279,2024-10-01 19:48:00,
CONT2024007280,2024-09-29 11:21:17,
CONT2024007281,2024-10-02 00:38:48,2024-10-03 05:46:18
CONT2024007282,2024-10-05 10:52:20,2024-10-09 17:54:51
CONT2024007283,2024-10-05 12:46:54,2024-10-06 15:45:21
CONT2024007284,2024-09-29 11:31:41,2024-10-09 02:53:26
CONT2024007285,2024-10-03 14:57:05,2024-10-04 00:17:26
CONT2024007286,2024-09-29 17:04:01,2024-09-30 17:45:09
CONT2024007287,2024-09-27 03:29:34,2024-10-09 17:52:08
CONT2024007288,2024-10-06 07:18:57,2024-10-10 03:29:38
CONT2024007289,2024-09-30 05:50:52,
CONT2024007290,2024-10-04 23:34:08,2024-10-10 10:30:28
CONT2024007291,2024-09-26 10:49:04,2024-09-27 16:20:29
CONT2024007292,2024-10-06 04:23:07,
CONT2024007293,2024-10-04 13:31:51,2024-10-09 00:50:48
CONT2024007294,2024-10-05 13:35:12,
CONT2024007295,2024-09-30 13:40:32,2024-10-09 13:38:48
CONT2024007296,2024-10-03 11:07:44,2024-10-04 02:57:09
CONT2024007297,2024-10-02 22:20:23,2024-10-03 15:52:49
CONT2024007298,2024-10-06 01:01:00,2024-10-10 04:15:14
CONT2024007299,2024-10-01 09:51:35,
CONT2024007300,2024-09-27 21:48:25,2024-09-28 23:04:54
CONT2024007301,2024-10-03 00:28:11,2024-10-03 12:36:08
CONT2024007302,2024-09-29 00:52:30,2024-09-30 02:33:27
CONT2024007303,2024-09-30 00:31:23,2024-10-09 05:00:50
CONT2024007304,2024-10-05 23:44:23,2024-10-06 09:35:52
CONT2024007305,2024-10-02 02:23:21,2024-10-09 18:19:54
CONT2024007306,2024-09-28 13:50:10,2024-09-28 21:06:50
CONT2024007307,2024-10-06 21:15:00,
CONT2024007308,2024-10-05 16:06:42,2024-10-10 11:39:48
CONT2024007309,2024-10-06 12:59:17,2024-10-10 03:30:28
CONT2024007310,2024-10-05 23:37:47,2024-10-06 23:46:28
CONT2024007311,2024-09-29 03:13:51,2024-09-29 17:29:40
CONT2024007312,2024-09-30 05:57:49,
CONT2024007313,2024-10-06 07:17:20,2024-10-10 05:20:28
CONT2024007314,2024-09-26 08:05:13,2024-09-27 02:11:40
CONT2024007315,2024-09-29 18:15:33,2024-10-10 10:59:52
CONT2024007316,2024-09-27 06:52:36,2024-10-10 10:48:22
CONT2024007317,2024-09-30 00:19:45,2024-10-01 02:50:57
CONT2024007318,2024-10-01 05:59:30,2024-10-11 03:41:41
CONT2024007319,2024-09-28 15:41:40,
CONT2024007320,2024-09-27 11:30:30,2024-10-10 14:14:31
CONT2024007321,2024-09-28 16:54:23,2024-10-10 08:29:10
CONT2024007322,2024-10-05 13:44:25,
CONT2024007323,2024-10-01 13:30:55,
CONT2024007324,2024-10-08 01:05:55,2024-10-08 17:19:11
CONT2024007325,2024-10-04 03:26:36,2024-10-04 21:27:42
CONT2024007326,2024-10-02 10:01:05,2024-10-03 04:20:28
CONT2024007327,2024-10-06 12:53:06,2024-10-07 02:26:52
CONT2024007328,2024-09-30 23:21:43,
CONT2024007329,2024-10-01 08:12:12,2024-10-11 23:41:34
CONT2024007330,2024-10-03 05:54:10,2024-10-04 04:35:37
CONT2024007331,2024-10-07 21:52:52,2024-10-08 20:54:49
CONT2024007332,2024-10-04 05:55:42,2024-10-05 11:22:40
CONT2024007333,2024-10-04 22:51:01,
CONT2024007334,2024-09-30 17:41:16,2024-10-11 12:19:55
CONT2024007335,2024-10-07 13:05:46,2024-10-12 05:09:52
CONT2024007336,2024-10-08 06:31:14,2024-10-12 14:09:13
CONT2024007337,2024-09-30 01:04:45,2024-09-30 17:28:47
CONT2024007338,2024-10-08 08:02:45,
CONT2024007339,2024-10-05 18:53:46,2024-10-06 16:13:45
CONT2024007340,2024-10-06 23:24:35,2024-10-11 21:58:47
CONT2024007341,2024-10-02 23:03:40,2024-10-04 09:18:23
CONT2024007342,2024-10-08 15:44:59,2024-10-09 13:31:09
CONT2024007343,2024-10-09 05:46:03,2024-10-09 09:46:03
CONT2024007344,2024-10-07 12:13:16,2024-10-11 14:42:05
CONT2024007345,2024-10-03 13:13:20,2024-10-04 11:30:11
CONT2024007346,2024-10-04 02:39:55,2024-10-12 04:26:36
CONT2024007347,2024-10-06 06:58:51,2024-10-06 21:40:33
CONT2024007348,2024-10-08 04:37:24,2024-10-08 22:41:03
CONT2024007349,2024-10-05 09:36:41,2024-10-12 01:04:38
CONT2024007350,2024-10-02 21:31:43,
CONT2024007351,2024-10-03 05:29:18,
CONT2024007352,2024-10-02 00:54:01,2024-10-03 02:38:46
CONT2024007353,2024-10-04 00:33:56,2024-10-05 03:18:30
CONT2024007354,2024-09-29 06:43:58,2024-10-12 12:00:15
CONT2024007355,2024-10-04 06:48:53,2024-10-04 16:45:23
CONT2024007356,2024-10-08 12:24:56,2024-10-08 21:49:54
CONT2024007357,2024-10-06 15:21:57,
CONT2024007358,2024-09-30 22:23:26,2024-10-01 17:27:52
CONT2024007359,2024-10-07 05:53:00,
CONT2024007360,2024-10-09 00:53:05,2024-10-12 08:43:23
CONT2024007361,2024-10-07 14:45:12,
CONT2024007362,2024-10-05 18:37:20,2024-10-06 02:47:21
CONT2024007363,2024-09-29 07:31:33,2024-09-29 22:39:43
CONT2024007364,2024-10-02 11:38:26,2024-10-11 21:27:56
CONT2024007365,2024-10-07 20:09:06,2024-10-08 00:09:06
CONT2024007366,2024-10-06 19:29:48,2024-10-11 13:33:35
CONT2024007367,2024-09-30 22:23:41,2024-10-01 11:54:32
CONT2024007368,2024-10-08 19:02:35,2024-10-10 01:45:29
CONT2024007369,2024-10-02 11:52:03,2024-10-12 13:14:09
CONT2024007370,2024-10-07 20:43:36,2024-10-11 10:22:27
CONT2024007371,2024-10-08 03:41:16,2024-10-08 09:19:32
CONT2024007372,2024-10-01 09:19:56,2024-10-12 04:57:47
CONT2024007373,2024-09-28 23:01:31,2024-10-12 05:00:51
CONT2024007374,2024-10-02 05:27:58,2024-10-02 20:58:06
CONT2024007375,2024-09-29 07:11:00,
CONT2024007376,2024-10-09 02:31:08,2024-10-09 21:30:08
CONT2024007377,2024-10-07 03:18:18,2024-10-07 17:10:19
CONT2024007378,2024-10-07 22:46:10,2024-10-08 21:10:50
CONT2024007379,2024-10-07 06:42:03,
CONT2024007380,2024-10-01 00:57:43,2024-10-12 07:16:04
CONT2024007381,2024-10-05 16:47:28,2024-10-12 15:28:18
CONT2024007382,2024-10-05 04:16:16,2024-10-06 10:33:51
CONT2024007383,2024-10-04 12:38:25,2024-10-05 10:57:32
CONT2024007384,2024-10-09 06:35:25,2024-10-10 07:34:31
CONT2024007385,2024-10-06 10:27:00,2024-10-07 13:00:10
CONT2024007386,2024-10-09 11:10:44,2024-10-10 03:32:49
CONT2024007387,2024-10-08 07:06:48,2024-10-14 19:10:21
CONT2024007388,2024-10-07 20:11:12,2024-10-14 12:49:58
CONT2024007389,2024-10-05 17:14:06,2024-10-06 22:06:09
CONT2024007390,2024-10-10 10:30:09,
CONT2024007391,2024-10-03 22:35:53,2024-10-04 12:53:06
CONT2024007392,2024-10-08 14:11:51,2024-10-09 01:09:09
CONT2024007393,2024-10-11 06:08:01,
CONT2024007394,2024-10-10 07:09:08,2024-10-10 14:50:16
CONT2024007395,2024-10-06 23:56:24,2024-10-15 00:37:01
CONT2024007396,2024-10-11 04:27:19,2024-10-11 22:59:46
CONT2024007397,2024-10-04 03:57:12,2024-10-14 14:24:29
CONT2024007398,2024-10-10 18:16:10,2024-10-11 19:39:41
CONT2024007399,2024-10-06 07:16:21,2024-10-15 00:53:18
CONT2024007400,2024-10-04 12:41:25,2024-10-15 14:58:03
CONT2024007401,2024-10-07 09:48:38,
CONT2024007402,2024-10-06 01:56:30,2024-10-15 00:56:31
CONT2024007403,2024-10-04 23:41:43,2024-10-05 23:57:14
CONT2024007404,2024-10-05 18:23:14,2024-10-06 19:21:22
CONT2024007405,2024-10-04 11:06:38,2024-10-05 13:09:58
CONT2024007406,2024-10-08 10:48:07,2024-10-15 06:29:00
CONT2024007407,2024-10-07 09:12:44,2024-10-13 20:49:01
CONT2024007408,2024-10-11 15:51:14,2024-10-12 02:24:33
CONT2024007409,2024-10-02 11:11:13,2024-10-03 17:56:30
CONT2024007410,2024-10-01 23:10:46,
CONT2024007411,2024-10-01 14:43:52,2024-10-02 12:42:49
CONT2024007412,2024-10-11 06:56:10,2024-10-12 12:26:49
CONT2024007413,2024-10-11 07:46:10,2024-10-12 16:09:03
CONT2024007414,2024-10-10 21:20:24,2024-10-14 22:37:13
CONT2024007415,2024-10-11 12:04:46,2024-10-15 05:11:20
CONT2024007416,2024-10-03 18:27:34,2024-10-14 20:57:34
CONT2024007417,2024-10-06 04:58:38,2024-10-07 00:48:28
CONT2024007418,2024-10-03 21:22:54,2024-10-05 03:17:37
CONT2024007419,2024-10-02 02:48:55,2024-10-03 00:34:35
CONT2024007420,2024-10-02 17:02:05,
CONT2024007421,2024-10-10 19:17:08,2024-10-11 10:00:06
CONT2024007422,2024-10-03 15:02:21,2024-10-03 22:09:48
CONT2024007423,2024-10-07 02:47:43,
CONT2024007424,2024-10-08 16:13:20,2024-10-09 08:01:14
CONT2024007425,2024-10-10 00:15:16,2024-10-15 03:46:20
CONT2024007426,2024-10-07 15:10:18,2024-10-14 19:20:54
CONT2024007427,2024-10-10 21:07:09,2024-10-15 02:28:38
CONT2024007428,2024-10-11 07:47:01,2024-10-14 23:23:32
CONT2024007429,2024-10-04 20:11:04,2024-10-05 16:19:19
CONT2024007430,2024-10-10 03:00:39,
CONT2024007431,2024-10-03 03:22:29,2024-10-03 08:22:34
CONT2024007432,2024-10-10 00:11:07,2024-10-14 09:41:04
CONT2024007433,2024-10-07 00:48:04,2024-10-07 09:34:55
CONT2024007434,2024-10-05 15:51:44,2024-10-06 18:11:59
CONT2024007435,2024-10-05 22:40:00,2024-10-06 21:16:40
CONT2024007436,2024-10-08 10:54:29,2024-10-09 10:53:54
CONT2024007437,2024-10-05 19:52:02,2024-10-06 11:32:43
CONT2024007438,2024-10-02 06:47:48,2024-10-14 17:45:46
CONT2024007439,2024-10-05 04:05:46,2024-10-14 12:56:12
CONT2024007440,2024-10-02 17:40:14,2024-10-14 10:43:45
CONT2024007441,2024-10-03 18:47:45,2024-10-04 20:51:26
CONT2024007442,2024-10-06 00:00:14,
CONT2024007443,2024-10-01 21:58:27,
CONT2024007444,2024-10-04 08:14:59,2024-10-05 02:05:28
CONT2024007445,2024-10-04 00:37:08,2024-10-15 11:04:39
CONT2024007446,2024-10-01 04:08:40,2024-10-14 21:41:31
CONT2024007447,2024-10-08 13:42:42,
CONT2024007448,2024-10-02 15:43:53,2024-10-15 12:35:28
CONT2024007449,2024-10-11 06:37:12,2024-10-15 04:57:42
CONT2024007450,2024-10-08 11:33:21,2024-10-14 21:20:10
CONT2024007451,2024-10-01 18:24:05,2024-10-02 02:38:50
CONT2024007452,2024-10-06 22:03:14,2024-10-07 10:54:56
CONT2024007453,2024-10-04 14:05:11,2024-10-15 04:59:24
CONT2024007454,2024-10-09 10:52:14,2024-10-10 01:40:41
CONT2024007455,2024-10-04 19:16:06,2024-10-04 23:16:06
CONT2024007456,2024-10-06 17:49:23,2024-10-17 00:57:02
CONT2024007457,2024-10-12 00:34:40,2024-10-16 19:31:06
CONT2024007458,2024-10-09 20:09:55,2024-10-10 21:10:15
CONT2024007459,2024-10-11 07:31:49,2024-10-16 20:56:20
CONT2024007460,2024-10-03 19:37:15,2024-10-04 06:30:59
CONT2024007461,2024-10-14 11:56:57,2024-10-17 23:54:01
CONT2024007462,2024-10-11 19:47:59,2024-10-17 09:45:03
CONT2024007463,2024-10-09 20:59:16,2024-10-18 17:15:11
CONT2024007464,2024-10-08 03:51:30,
CONT2024007465,2024-10-12 11:24:05,
CONT2024007466,2024-10-13 09:52:58,2024-10-18 10:45:36
CONT2024007467,2024-10-13 17:35:36,2024-10-18 04:14:14
CONT2024007468,2024-10-10 22:06:45,2024-10-11 07:53:14
CONT2024007469,2024-10-13 05:12:29,2024-10-18 21:53:03
CONT2024007470,2024-10-14 23:46:50,2024-10-15 18:21:22
CONT2024007471,2024-10-15 01:05:25,2024-10-15 19:26:43
CONT2024007472,2024-10-13 04:31:11,2024-10-14 01:13:41
CONT2024007473,2024-10-14 08:24:08,2024-10-18 01:22:05
CONT2024007474,2024-10-15 23:51:48,2024-10-17 00:39:54
CONT2024007475,2024-10-06 14:47:00,2024-10-18 09:48:00
CONT2024007476,2024-10-09 03:13:41,2024-10-17 17:12:59
CONT2024007477,2024-10-15 12:06:01,
CONT2024007478,2024-10-08 07:21:08,2024-10-09 23:04:05
CONT2024007479,2024-10-08 10:43:30,2024-10-08 23:10:02
CONT2024007480,2024-10-07 06:49:06,
CONT2024007481,2024-10-10 09:46:22,2024-10-10 20:28:00
CONT2024007482,2024-10-09 05:35:20,2024-10-19 02:25:06
CONT2024007483,2024-10-08 04:27:13,2024-10-18 16:20:24
CONT2024007484,2024-10-05 08:40:40,2024-10-05 23:53:03
CONT2024007485,2024-10-08 17:42:29,2024-10-09 22:53:27
CONT2024007486,2024-10-11 12:53:53,2024-10-18 10:01:17
CONT2024007487,2024-10-08 17:45:41,2024-10-08 21:45:41
CONT2024007488,2024-10-15 01:40:44,
CONT2024007489,2024-10-06 21:58:44,2024-10-07 23:26:58
CONT2024007490,2024-10-13 14:49:40,
CONT2024007491,2024-10-06 21:58:54,2024-10-18 13:49:39
CONT2024007492,2024-10-11 17:31:58,2024-10-12 03:40:49
CONT2024007493,2024-10-14 10:25:28,2024-10-15 15:47:32
CONT2024007494,2024-10-14 16:36:17,
CONT2024007495,2024-10-07 18:01:50,2024-10-18 12:45:56
CONT2024007496,2024-10-14 10:32:31,2024-10-15 05:31:55
CONT2024007497,2024-10-08 22:51:47,2024-10-18 06:04:15
CONT2024007498,2024-10-06 16:32:12,2024-10-07 20:12:53
CONT2024007499,2024-10-05 11:18:45,
CONT2024007500,2024-10-05 02:13:14,
CONT2024007501,2024-10-11 02:46:29,2024-10-11 16:36:25
CONT2024007502,2024-10-07 23:22:21,2024-10-19 03:57:18
CONT2024007503,2024-10-08 13:43:54,2024-10-09 19:13:46
CONT2024007504,2024-10-07 02:04:50,
CONT2024007505,2024-10-12 18:42:12,2024-10-13 07:06:35
CONT2024007506,2024-10-14 14:18:47,2024-10-15 20:57:18
CONT2024007507,2024-10-15 03:16:42,2024-10-18 11:35:15
CONT2024007508,2024-10-05 03:20:59,2024-10-18 02:06:24
CONT2024007509,2024-10-05 06:06:43,2024-10-06 03:52:26
CONT2024007510,2024-10-06 07:18:34,2024-10-18 16:27:37
CONT2024007511,2024-10-15 05:59:51,2024-10-15 20:38:22
CONT2024007512,2024-10-05 06:28:40,2024-10-05 20:04:07
CONT2024007513,2024-10-12 03:59:38,2024-10-18 09:47:55
CONT2024007514,2024-10-07 11:18:49,2024-10-19 01:12:54
CONT2024007515,2024-10-09 00:07:58,2024-10-09 10:58:32
CONT2024007516,2024-10-10 12:18:49,2024-10-12 04:42:48
CONT2024007517,2024-10-09 21:38:55,2024-10-11 02:13:12
CONT2024007518,2024-10-13 01:39:18,
CONT2024007519,2024-10-12 02:24:10,
CONT2024007520,2024-10-13 01:39:03,2024-10-18 17:10:47
CONT2024007521,2024-10-11 04:47:46,2024-10-12 00:15:06
CONT2024007522,2024-10-16 01:22:48,2024-10-17 11:28:09
CONT2024007523,2024-10-05 06:15:06,2024-10-18 02:37:41
CONT2024007524,2024-10-13 13:44:57,
CONT2024007525,2024-10-08 19:12:27,2024-10-10 02:30:41
CONT2024007526,2024-10-12 03:33:03,
CONT2024007527,2024-10-09 12:21:23,
CONT2024007528,2024-10-07 13:30:54,
CONT2024007529,2024-10-15 04:16:46,
CONT2024007530,2024-10-07 11:50:04,2024-10-08 17:54:14
CONT2024007531,2024-10-09 22:52:59,2024-10-19 02:02:26
CONT2024007532,2024-10-14 08:25:26,2024-10-18 13:38:31
CONT2024007533,2024-10-12 10:16:16,2024-10-13 01:37:39
CONT2024007534,2024-10-11 20:35:27,2024-10-12 19:26:24
CONT2024007535,2024-10-08 15:55:32,2024-10-09 13:59:31
CONT2024007536,2024-10-12 16:28:38,2024-10-13 10:10:46
CONT2024007537,2024-10-15 08:06:23,2024-10-15 16:38:12
CONT2024007538,2024-10-11 13:08:03,2024-10-12 01:26:23
CONT2024007539,2024-10-14 04:02:58,2024-10-18 07:16:50
CONT2024007540,2024-10-11 06:19:47,2024-10-18 21:35:09
CONT2024007541,2024-10-15 22:02:01,2024-10-18 17:08:34
CONT2024007542,2024-10-14 19:44:49,2024-10-18 16:00:58
CONT2024007543,2024-10-07 05:40:46,2024-10-07 20:40:49
CONT2024007544,2024-10-15 19:41:42,2024-10-16 21:41:08
CONT2024007545,2024-10-12 17:46:31,
CONT2024007546,2024-10-11 12:04:42,2024-10-12 05:08:44
CONT2024007547,2024-10-06 23:02:11,2024-10-18 15:39:21
CONT2024007548,2024-10-06 02:34:30,2024-10-19 06:31:10
CONT2024007549,2024-10-13 06:43:12,2024-10-19 04:29:42
CONT2024007550,2024-10-12 12:43:58,
CONT2024007551,2024-10-06 03:18:22,2024-10-06 21:23:41
CONT2024007552,2024-10-11 10:00:48,2024-10-11 22:44:27
CONT2024007553,2024-10-10 15:34:54,2024-10-11 02:24:38
CONT2024007554,2024-10-10 04:09:01,
CONT2024007555,2024-10-08 17:57:14,
CONT2024007556,2024-10-13 10:50:34,2024-10-13 19:07:57
CONT2024007557,2024-10-12 00:43:15,
CONT2024007558,2024-10-14 23:16:27,2024-10-19 10:00:44
CONT2024007559,2024-10-16 14:03:17,
CONT2024007560,2024-10-13 01:57:09,2024-10-19 19:13:37
CONT2024007561,2024-10-05 19:43:50,2024-10-19 07:44:17
CONT2024007562,2024-10-11 03:43:50,2024-10-20 12:11:37
CONT2024007563,2024-10-11 11:28:19,2024-10-20 09:07:55
CONT2024007564,2024-10-13 04:50:36,2024-10-19 10:21:51
CONT2024007565,2024-10-13 03:50:55,2024-10-18 16:41:23
CONT2024007566,2024-10-10 23:34:22,2024-10-20 00:31:34
CONT2024007567,2024-10-07 04:32:42,2024-10-08 04:29:13
CONT2024007568,2024-10-09 09:57:07,
CONT2024007569,2024-10-11 08:38:53,2024-10-12 07:59:22
CONT2024007570,2024-10-15 19:50:46,2024-10-16 18:42:05
CONT2024007571,2024-10-08 00:39:16,2024-10-19 13:46:25
CONT2024007572,2024-10-16 21:04:08,2024-10-19 02:56:43
CONT2024007573,2024-10-16 06:10:24,
CONT2024007574,2024-10-10 04:19:38,2024-10-10 12:28:02
CONT2024007575,2024-10-16 08:28:33,2024-10-19 20:30:10
CONT2024007576,2024-10-07 18:08:39,2024-10-19 01:21:37
CONT2024007577,2024-10-10 11:49:39,
CONT2024007578,2024-10-06 22:34:08,2024-10-07 15:15:59
CONT2024007579,2024-10-16 01:52:47,
CONT2024007580,2024-10-12 04:15:07,2024-10-20 09:20:55
CONT2024007581,2024-10-10 23:50:20,2024-10-20 09:09:13
CONT2024007582,2024-10-17 04:59:40,
CONT2024007583,2024-10-12 09:56:35,2024-10-19 15:39:09
CONT2024007584,2024-10-13 00:42:21,2024-10-13 18:15:01
CONT2024007585,2024-10-12 15:58:38,2024-10-20 03:53:30
CONT2024007586,2024-10-12 14:12:27,2024-10-13 05:13:15
CONT2024007587,2024-10-13 03:48:55,
CONT2024007588,2024-10-08 05:58:39,
CONT2024007589,2024-10-10 02:45:55,2024-10-11 15:49:41
CONT2024007590,2024-10-09 08:17:26,
CONT2024007591,2024-10-10 15:53:32,
CONT2024007592,2024-10-08 06:14:52,2024-10-08 20:46:19
CONT2024007593,2024-10-13 14:32:38,
CONT2024007594,2024-10-16 06:33:39,2024-10-17 22:19:55
CONT2024007595,2024-10-16 14:26:39,2024-10-20 10:05:39
CONT2024007596,2024-10-16 23:34:09,2024-10-18 02:04:43
CONT2024007597,2024-10-14 19:05:03,
CONT2024007598,2024-10-15 16:08:25,2024-10-16 05:01:45
CONT2024007599,2024-10-11 16:51:42,2024-10-12 12:51:13
CONT2024007600,2024-10-15 20:48:39,
CONT2024007601,2024-10-10 05:46:20,2024-10-21 06:34:39
CONT2024007602,2024-10-09 22:32:50,2024-10-21 00:05:07
CONT2024007603,2024-10-16 10:10:23,
CONT2024007604,2024-10-09 12:39:26,2024-10-10 02:53:18
CONT2024007605,2024-10-14 21:25:00,
CONT2024007606,2024-10-13 14:33:11,2024-10-13 20:31:28
CONT2024007607,2024-10-10 07:30:59,2024-10-10 17:15:22
CONT2024007608,2024-10-18 01:55:29,2024-10-19 00:38:41
CONT2024007609,2024-10-16 12:42:34,2024-10-16 19:52:38
CONT2024007610,2024-10-08 11:36:34,2024-10-09 14:23:29
CONT2024007611,2024-10-14 22:45:23,2024-10-20 08:51:01
CONT2024007612,2024-10-07 18:30:13,2024-10-20 20:27:39
CONT2024007613,2024-10-14 06:58:48,2024-10-20 03:57:33
CONT2024007614,2024-10-07 08:34:41,2024-10-07 19:44:45
CONT2024007615,2024-10-16 18:52:17,
CONT2024007616,2024-10-16 09:11:18,2024-10-16 13:41:59
CONT2024007617,2024-10-08 22:24:01,2024-10-21 06:21:06
CONT2024007618,2024-10-10 11:39:03,2024-10-11 17:58:17
CONT2024007619,2024-10-18 09:54:50,
CONT2024007620,2024-10-08 22:41:16,2024-10-21 00:52:06
CONT2024007621,2024-10-13 03:42:33,2024-10-13 16:44:10
CONT2024007622,2024-10-10 02:03:24,2024-10-20 23:19:31
CONT2024007623,2024-10-08 06:49:26,2024-10-09 12:57:26
CONT2024007624,2024-10-09 00:06:49,
CONT2024007625,2024-10-16 21:29:53,2024-10-17 21:15:02
CONT2024007626,2024-10-17 23:03:44,2024-10-22 00:08:13
CONT2024007627,2024-10-15 22:11:05,2024-10-21 13:56:27
CONT2024007628,2024-10-10 09:52:33,
CONT2024007629,2024-10-14 16:52:47,2024-10-14 21:23:43
CONT2024007630,2024-10-16 01:43:02,2024-10-21 11:39:24
CONT2024007631,2024-10-11 21:30:46,2024-10-22 05:07:10
CONT2024007632,2024-10-11 21:49:14,2024-10-21 17:44:16
CONT2024007633,2024-10-16 23:42:51,2024-10-18 11:57:51
CONT2024007634,2024-10-15 13:20:33,2024-10-16 09:05:09
CONT2024007635,2024-10-12 13:38:06,2024-10-21 11:19:29
CONT2024007636,2024-10-08 21:04:12,2024-10-09 11:46:12
CONT2024007637,2024-10-18 11:00:00,2024-10-19 01:45:44
CONT2024007638,2024-10-15 02:05:20,2024-10-21 22:14:25
CONT2024007639,2024-10-16 11:18:09,2024-10-16 22:45:08
CONT2024007640,2024-10-13 05:52:09,2024-10-22 10:26:38
CONT2024007641,2024-10-13 20:38:10,
CONT2024007642,2024-10-10 08:06:04,2024-10-10 16:24:06
CONT2024007643,2024-10-15 11:40:10,2024-10-16 07:45:14
CONT2024007644,2024-10-08 07:30:53,
CONT2024007645,2024-10-12 00:54:40,2024-10-12 18:19:19
CONT2024007646,2024-10-15 03:06:23,2024-10-21 16:02:19
CONT2024007647,2024-10-13 17:10:11,2024-10-14 19:40:59
CONT2024007648,2024-10-10 21:33:48,2024-10-21 15:44:03
CONT2024007649,2024-10-11 10:38:16,
CONT2024007650,2024-10-15 20:46:13,2024-10-22 04:01:22
CONT2024007651,2024-10-19 00:22:45,2024-10-22 20:03:01
CONT2024007652,2024-10-11 04:34:33,2024-10-11 20:47:05
CONT2024007653,2024-10-13 18:50:39,2024-10-23 15:26:45
CONT2024007654,2024-10-18 21:14:40,2024-10-19 20:45:08
CONT2024007655,2024-10-14 11:04:23,
CONT2024007656,2024-10-09 18:00:15,2024-10-23 16:50:45
CONT2024007657,2024-10-10 08:15:16,2024-10-10 19:45:15
CONT2024007658,2024-10-15 06:43:54,2024-10-16 06:19:11
CONT2024007659,2024-10-10 10:51:18,2024-10-22 21:12:55
CONT2024007660,2024-10-18 16:04:48,2024-10-23 13:18:14
CONT2024007661,2024-10-17 19:29:13,2024-10-18 16:24:36
CONT2024007662,2024-10-14 07:42:17,
CONT2024007663,2024-10-15 21:07:37,2024-10-16 01:07:37
CONT2024007664,2024-10-16 21:54:58,2024-10-18 05:48:27
CONT2024007665,2024-10-19 18:02:42,2024-10-23 15:15:18
CONT2024007666,2024-10-13 10:08:57,2024-10-23 01:06:00
CONT2024007667,2024-10-17 05:20:24,2024-10-18 00:44:53
CONT2024007668,2024-10-10 11:48:59,2024-10-23 17:20:56
CONT2024007669,2024-10-14 22:03:22,2024-10-16 00:44:14
CONT2024007670,2024-10-15 05:20:05,2024-10-15 23:38:24
CONT2024007671,2024-10-09 16:30:26,2024-10-10 08:19:46
CONT2024007672,2024-10-14 13:57:37,2024-10-22 13:20:56
CONT2024007673,2024-10-17 03:01:55,2024-10-17 22:32:20
CONT2024007674,2024-10-13 00:32:11,2024-10-13 15:19:34
CONT2024007675,2024-10-11 21:38:58,2024-10-23 04:05:52
CONT2024007676,2024-10-15 19:56:14,2024-10-23 16:51:41
CONT2024007677,2024-10-15 03:31:55,2024-10-23 02:38:44
CONT2024007678,2024-10-20 11:18:08,2024-10-23 22:42:58
CONT2024007679,2024-10-15 03:12:53,2024-10-16 21:44:52
CONT2024007680,2024-10-11 00:17:00,2024-10-11 20:09:07
CONT2024007681,2024-10-11 14:36:02,2024-10-23 21:51:37
CONT2024007682,2024-10-19 17:21:43,
CONT2024007683,2024-10-12 03:34:45,2024-10-12 19:59:11
CONT2024007684,2024-10-17 05:53:39,2024-10-24 22:30:56
CONT2024007685,2024-10-12 00:30:14,2024-10-24 14:54:22
CONT2024007686,2024-10-18 20:32:42,2024-10-23 10:38:44
CONT2024007687,2024-10-14 04:53:06,2024-10-15 06:32:47
CONT2024007688,2024-10-14 17:05:16,2024-10-24 16:10:30
CONT2024007689,2024-10-16 04:53:33,
CONT2024007690,2024-10-21 05:55:08,
CONT2024007691,2024-10-19 21:30:04,2024-10-24 06:20:06
CONT2024007692,2024-10-18 06:54:11,2024-10-18 23:58:32
CONT2024007693,2024-10-10 22:57:07,2024-10-11 11:42:24
CONT2024007694,2024-10-18 09:44:59,2024-10-24 21:05:57
CONT2024007695,2024-10-18 21:07:40,2024-10-19 19:38:32
CONT2024007696,2024-10-15 11:47:23,2024-10-16 02:16:51
CONT2024007697,2024-10-11 10:40:38,2024-10-24 00:25:17
CONT2024007698,2024-10-11 04:42:21,2024-10-11 11:58:22
CONT2024007699,2024-10-20 22:12:36,2024-10-24 05:53:14
CONT2024007700,2024-10-13 04:54:21,2024-10-23 19:29:57
CONT2024007701,2024-10-15 09:27:03,2024-10-24 09:53:53
CONT2024007702,2024-10-12 04:38:10,2024-10-13 08:56:14
CONT2024007703,2024-10-17 07:49:50,2024-10-18 02:19:11
CONT2024007704,2024-10-15 15:30:45,
CONT2024007705,2024-10-20 03:50:45,2024-10-24 02:19:40
CONT2024007706,2024-10-14 08:19:19,2024-10-15 05:00:50
CONT2024007707,2024-10-13 02:01:56,
CONT2024007708,2024-10-18 06:56:00,2024-10-18 10:56:00
CONT2024007709,2024-10-17 12:09:26,2024-10-24 15:38:11
CONT2024007710,2024-10-21 15:19:14,2024-10-21 22:36:27
CONT2024007711,2024-10-14 00:01:19,2024-10-15 01:53:20
CONT2024007712,2024-10-19 20:38:16,
CONT2024007713,2024-10-12 00:24:13,2024-10-13 02:19:58
CONT2024007714,2024-10-20 07:48:59,
CONT2024007715,2024-10-15 03:18:31,2024-10-24 09:34:44
CONT2024007716,2024-10-17 11:49:47,
CONT2024007717,2024-10-15 17:11:36,2024-10-25 02:51:28
CONT2024007718,2024-10-16 19:09:43,2024-10-17 22:49:33
CONT2024007719,2024-10-11 08:03:14,2024-10-25 23:07:37
CONT2024007720,2024-10-17 05:37:30,2024-10-18 03:13:17
CONT2024007721,2024-10-19 23:25:14,2024-10-21 06:31:27
CONT2024007722,2024-10-12 07:58:59,2024-10-24 10:51:40
CONT2024007723,2024-10-19 10:25:16,2024-10-19 16:57:58
CONT2024007724,2024-10-20 15:15:04,2024-10-21 07:31:55
CONT2024007725,2024-10-11 22:19:24,2024-10-12 18:42:13
CONT2024007726,2024-10-17 20:50:46,2024-10-25 03:44:25
CONT2024007727,2024-10-14 09:35:18,2024-10-24 04:34:17
CONT2024007728,2024-10-13 03:42:29,2024-10-14 02:30:33
CONT2024007729,2024-10-15 02:30:40,2024-10-23 22:07:12
CONT2024007730,2024-10-18 11:58:52,2024-10-18 22:26:16
CONT2024007731,2024-10-16 23:33:56,2024-10-17 22:01:03
CONT2024007732,2024-10-21 04:31:12,2024-10-26 03:26:50
CONT2024007733,2024-10-12 05:03:53,2024-10-25 18:36:58
CONT2024007734,2024-10-13 23:16:34,
CONT2024007735,2024-10-16 00:16:28,2024-10-24 19:12:54
CONT2024007736,2024-10-14 05:40:29,2024-10-15 04:20:10
CONT2024007737,2024-10-14 04:04:08,2024-10-15 12:44:18
CONT2024007738,2024-10-18 07:08:51,2024-10-25 00:13:41
CONT2024007739,2024-10-19 01:49:55,2024-10-19 16:27:51
CONT2024007740,2024-10-20 15:33:27,2024-10-25 18:10:19
CONT2024007741,2024-10-16 07:47:20,
CONT2024007742,2024-10-12 17:51:55,2024-10-12 22:59:45
CONT2024007743,2024-10-20 20:12:11,2024-10-25 18:21:29
CONT2024007744,2024-10-12 03:24:17,
CONT2024007745,2024-10-18 05:56:56,
CONT2024007746,2024-10-15 11:29:05,2024-10-25 14:36:44
CONT2024007747,2024-10-20 13:22:08,2024-10-21 10:35:47
CONT2024007748,2024-10-14 23:22:30,
CONT2024007749,2024-10-14 20:31:44,2024-10-24 23:17:04
CONT2024007750,2024-10-22 03:01:46,2024-10-22 16:43:32
CONT2024007751,2024-10-16 09:32:08,2024-10-17 16:44:28
CONT2024007752,2024-10-23 13:33:51,
CONT2024007753,2024-10-16 06:38:41,2024-10-28 08:39:20
CONT2024007754,2024-10-18 12:28:09,2024-10-19 13:14:39
CONT2024007755,2024-10-24 16:47:11,2024-10-25 15:45:36
CONT2024007756,2024-10-19 04:05:45,2024-10-19 20:00:11
CONT2024007757,2024-10-24 07:24:39,2024-10-24 19:08:06
CONT2024007758,2024-10-16 02:25:57,2024-10-16 19:49:33
CONT2024007759,2024-10-20 08:26:32,2024-10-20 18:38:42
CONT2024007760,2024-10-18 07:55:56,2024-10-19 11:28:35
CONT2024007761,2024-10-18 11:25:50,2024-10-26 21:35:37
CONT2024007762,2024-10-20 19:41:03,2024-10-21 06:13:16
CONT2024007763,2024-10-14 22:22:10,2024-10-28 09:30:24
CONT2024007764,2024-10-15 14:45:56,2024-10-16 06:25:07
CONT2024007765,2024-10-18 10:20:35,2024-10-19 07:42:21
CONT2024007766,2024-10-19 03:31:48,
CONT2024007767,2024-10-21 03:08:48,2024-10-21 18:33:08
CONT2024007768,2024-10-17 14:23:25,2024-10-29 13:52:17
CONT2024007769,2024-10-18 02:14:58,2024-10-19 11:52:13
CONT2024007770,2024-10-24 21:36:01,
CONT2024007771,2024-10-19 19:26:14,2024-10-29 01:52:19
CONT2024007772,2024-10-22 15:03:34,2024-10-23 18:46:28
CONT2024007773,2024-10-22 00:26:02,2024-10-28 08:58:59
CONT2024007774,2024-10-24 12:40:56,2024-10-25 03:16:18
CONT2024007775,2024-10-15 12:16:37,2024-10-28 16:35:22
CONT2024007776,2024-10-25 15:43:26,2024-10-26 17:51:50
CONT2024007777,2024-10-21 21:05:54,2024-10-29 01:13:55
CONT2024007778,2024-10-24 11:54:08,2024-10-28 13:05:56
CONT2024007779,2024-10-21 02:12:02,2024-10-29 05:37:41
CONT2024007780,2024-10-16 18:36:11,2024-10-29 13:45:00
CONT2024007781,2024-10-25 06:21:34,2024-10-25 10:21:34
CONT2024007782,2024-10-25 06:43:04,2024-10-26 16:16:19
CONT2024007783,2024-10-15 09:02:54,2024-10-28 23:00:52
CONT2024007784,2024-10-20 13:39:37,2024-10-28 23:06:25
CONT2024007785,2024-10-23 20:22:26,
CONT2024007786,2024-10-16 10:23:12,2024-10-29 08:08:51
CONT2024007787,2024-10-22 21:55:08,2024-10-23 10:31:28
CONT2024007788,2024-10-21 20:07:33,2024-10-22 15:11:15
CONT2024007789,2024-10-21 19:50:35,2024-10-27 22:49:22
CONT2024007790,2024-10-25 00:28:21,2024-10-29 08:32:14
CONT2024007791,2024-10-17 18:58:31,2024-10-28 17:55:55
CONT2024007792,2024-10-19 13:15:01,2024-10-29 11:36:12
CONT2024007793,2024-10-20 11:56:13,2024-10-28 21:48:13
CONT2024007794,2024-10-15 10:32:03,2024-10-27 21:24:46
CONT2024007795,2024-10-15 16:33:06,2024-10-16 13:43:17
CONT2024007796,2024-10-16 22:09:10,2024-10-17 14:20:36
CONT2024007797,2024-10-15 12:45:37,2024-10-16 01:03:00
CONT2024007798,2024-10-23 08:13:21,2024-10-28 21:19:47
CONT2024007799,2024-10-24 16:38:16,2024-10-28 03:33:19
CONT2024007800,2024-10-22 17:30:36,2024-10-23 09:01:43
CONT2024007801,2024-10-15 15:25:37,
CONT2024007802,2024-10-22 05:21:34,2024-10-28 18:47:46
CONT2024007803,2024-10-23 09:42:07,2024-10-29 06:00:58
CONT2024007804,2024-10-17 12:54:15,2024-10-18 20:19:06
CONT2024007805,2024-10-20 05:55:46,2024-10-29 15:43:20
CONT2024007806,2024-10-25 19:36:14,2024-10-28 17:25:08
CONT2024007807,2024-10-17 21:20:52,2024-10-29 07:41:00
CONT2024007808,2024-10-22 19:29:57,2024-10-28 18:56:02
CONT2024007809,2024-10-20 15:26:56,2024-10-29 04:09:17
CONT2024007810,2024-10-20 15:19:56,2024-10-28 17:48:50
CONT2024007811,2024-10-25 04:27:17,
CONT2024007812,2024-10-21 06:41:54,2024-10-28 12:44:21
CONT2024007813,2024-10-18 23:49:03,2024-10-19 16:29:52
CONT2024007814,2024-10-26 06:49:09,2024-10-27 02:20:42
CONT2024007815,2024-10-21 13:20:54,2024-10-22 10:55:24
CONT2024007816,2024-10-21 23:45:42,
CONT2024007817,2024-10-24 16:22:57,
CONT2024007818,2024-10-23 02:34:39,2024-10-29 16:24:13
CONT2024007819,2024-10-21 04:50:30,2024-10-30 11:07:05
CONT2024007820,2024-10-17 15:27:58,2024-10-30 06:00:08
CONT2024007821,2024-10-26 04:50:34,2024-10-30 05:59:37
CONT2024007822,2024-10-17 10:36:21,2024-10-18 02:37:35
CONT2024007823,2024-10-21 07:54:04,2024-10-29 21:01:03
CONT2024007824,2024-10-22 03:18:39,2024-10-22 20:31:41
CONT2024007825,2024-10-26 23:16:49,2024-10-27 10:54:49
CONT2024007826,2024-10-25 00:32:06,2024-10-25 08:32:54
CONT2024007827,2024-10-21 04:55:38,2024-10-21 23:14:19
CONT2024007828,2024-10-19 06:13:05,2024-10-29 21:43:07
CONT2024007829,2024-10-22 07:12:25,2024-10-30 08:40:37
CONT2024007830,2024-10-24 02:54:49,2024-10-25 05:33:08
CONT2024007831,2024-10-20 07:42:17,2024-10-30 06:08:56
CONT2024007832,2024-10-26 14:12:05,2024-10-30 09:07:36
CONT2024007833,2024-10-25 19:55:57,2024-10-30 09:52:07
CONT2024007834,2024-10-23 09:58:58,2024-10-30 21:21:21
CONT2024007835,2024-10-21 23:07:41,2024-10-30 13:33:26
CONT2024007836,2024-10-23 17:03:51,2024-10-30 10:12:35
CONT2024007837,2024-10-18 01:19:04,2024-10-29 19:20:30
CONT2024007838,2024-10-18 12:56:17,2024-10-30 21:18:00
CONT2024007839,2024-10-22 02:57:38,
CONT2024007840,2024-10-27 07:50:48,
CONT2024007841,2024-10-23 22:54:56,2024-10-30 05:45:17
CONT2024007842,2024-10-24 11:36:06,
CONT2024007843,2024-10-24 17:26:53,2024-10-29 21:37:45
CONT2024007844,2024-10-26 21:22:46,2024-10-27 15:22:19
CONT2024007845,2024-10-30 15:23:03,2024-11-03 08:10:30
CONT2024007846,2024-10-26 08:16:01,2024-10-27 07:08:03
CONT2024007847,2024-10-22 06:42:24,2024-11-02 23:12:58
CONT2024007848,2024-10-30 15:53:53,
CONT2024007849,2024-10-27 06:46:52,2024-10-28 09:49:29
CONT2024007850,2024-10-28 13:23:43,
CONT2024007851,2024-10-24 06:40:51,2024-10-25 04:35:20
CONT2024007852,2024-10-28 00:00:28,2024-10-29 02:47:05
CONT2024007853,2024-10-29 22:05:29,2024-11-02 23:36:20
CONT2024007854,2024-10-30 23:29:12,2024-11-02 18:39:49
CONT2024007855,2024-10-25 15:34:47,2024-11-02 17:13:15
CONT2024007856,2024-10-27 03:04:45,2024-10-27 22:39:14
CONT2024007857,2024-10-26 05:57:19,2024-11-03 21:08:32
CONT2024007858,2024-10-26 12:48:05,2024-11-03 07:43:09
CONT2024007859,2024-10-24 07:27:16,2024-10-25 09:15:41
CONT2024007860,2024-10-29 16:33:13,2024-10-30 15:02:07
CONT2024007861,2024-10-29 20:33:08,2024-10-30 13:39:59
CONT2024007862,2024-10-26 11:54:40,2024-11-03 17:09:47
CONT2024007863,2024-10-24 10:20:18,2024-10-25 23:19:59
CONT2024007864,2024-10-21 05:55:17,2024-11-04 16:17:04
CONT2024007865,2024-10-24 10:22:25,2024-11-03 19:35:04
CONT2024007866,2024-10-25 21:48:15,2024-11-03 20:31:49
CONT2024007867,2024-10-31 04:28:10,2024-11-03 14:58:11
CONT2024007868,2024-10-23 15:00:41,2024-10-24 10:58:27
CONT2024007869,2024-10-31 04:18:41,2024-11-03 18:07:49
CONT2024007870,2024-10-25 10:42:23,2024-11-03 06:52:31
CONT2024007871,2024-10-27 05:27:14,2024-11-04 11:42:46
CONT2024007872,2024-10-29 19:06:37,2024-11-03 09:34:21
CONT2024007873,2024-10-25 10:30:44,
CONT2024007874,2024-10-30 12:31:40,
CONT2024007875,2024-10-25 14:12:23,
CONT2024007876,2024-10-23 12:05:24,2024-10-24 09:37:31
CONT2024007877,2024-10-30 09:46:30,2024-10-31 07:23:13
CONT2024007878,2024-10-21 20:01:10,
CONT2024007879,2024-10-23 05:27:57,2024-11-02 22:14:50
CONT2024007880,2024-10-23 01:59:01,2024-10-23 21:57:41
CONT2024007881,2024-10-30 12:18:20,
CONT2024007882,2024-10-22 15:39:38,2024-10-23 18:09:47
CONT2024007883,2024-10-27 20:21:33,2024-10-28 17:17:00
CONT2024007884,2024-10-30 11:43:10,2024-10-31 02:04:46
CONT2024007885,2024-10-24 14:26:17,2024-11-03 04:37:11
CONT2024007886,2024-10-22 18:02:00,2024-10-23 20:30:30
CONT2024007887,2024-10-31 02:53:34,
CONT2024007888,2024-10-24 03:37:43,2024-10-25 05:44:31
CONT2024007889,2024-10-20 15:48:33,2024-11-04 07:43:25
CONT2024007890,2024-10-25 14:31:17,2024-10-26 12:36:34
CONT2024007891,2024-10-29 09:36:20,2024-11-03 23:38:04
CONT2024007892,2024-10-21 21:50:39,2024-10-23 15:25:11
CONT2024007893,2024-10-31 13:29:57,2024-11-03 06:01:53
CONT2024007894,2024-10-25 22:50:49,2024-11-04 11:25:13
CONT2024007895,2024-10-21 02:42:54,2024-11-04 04:04:24
CONT2024007896,2024-10-24 19:54:40,2024-11-03 01:06:35
CONT2024007897,2024-10-23 18:25:34,2024-10-24 03:30:29
CONT2024007898,2024-10-28 13:02:12,2024-11-03 21:19:34
CONT2024007899,2024-10-28 17:36:36,2024-11-03 05:53:21
CONT2024007900,2024-10-28 03:14:47,2024-10-28 22:15:24
CONT2024007901,2024-10-31 15:04:08,2024-11-03 17:22:52
CONT2024007902,2024-11-01 00:17:17,2024-11-01 12:05:17
CONT2024007903,2024-10-30 15:10:30,2024-11-04 06:17:01
CONT2024007904,2024-10-30 15:14:49,2024-10-31 09:10:02
CONT2024007905,2024-10-27 21:26:18,2024-10-28 20:08:29
CONT2024007906,2024-10-28 05:45:15,2024-10-28 09:45:15
CONT2024007907,2024-10-31 15:40:53,2024-11-03 21:31:48
CONT2024007908,2024-10-28 21:05:45,
CONT2024007909,2024-10-26 08:02:29,2024-10-27 15:59:51
CONT2024007910,2024-10-29 05:10:05,
CONT2024007911,2024-10-25 09:15:22,
CONT2024007912,2024-10-27 11:25:13,2024-10-28 13:06:03
CONT2024007913,2024-10-28 10:11:01,2024-11-03 21:20:05
CONT2024007914,2024-10-31 03:09:58,
CONT2024007915,2024-10-23 06:57:14,2024-10-24 04:37:12
CONT2024007916,2024-10-30 10:59:16,2024-11-04 02:38:18
CONT2024007917,2024-10-31 03:12:27,2024-11-04 04:19:54
CONT2024007918,2024-10-30 18:07:44,2024-11-04 12:46:01
CONT2024007919,2024-10-26 06:26:15,
CONT2024007920,2024-10-26 04:44:45,2024-10-27 01:20:40
CONT2024007921,2024-10-28 10:51:39,2024-10-29 01:16:09
CONT2024007922,2024-10-30 17:55:57,2024-11-04 15:02:36
CONT2024007923,2024-10-25 08:47:09,2024-10-26 06:39:12
CONT2024007924,2024-10-29 22:09:55,2024-11-04 08:06:45
CONT2024007925,2024-10-24 07:53:28,2024-11-04 05:35:00
CONT2024007926,2024-10-26 20:02:46,2024-11-04 00:09:20
CONT2024007927,2024-10-26 17:09:06,2024-10-26 21:09:06
CONT2024007928,2024-10-27 21:07:20,2024-10-28 13:33:33
CONT2024007929,2024-10-23 16:10:21,
CONT2024007930,2024-10-22 16:59:27,2024-11-05 05:57:16
CONT2024007931,2024-10-28 10:06:43,2024-11-04 17:28:20
CONT2024007932,2024-10-25 23:51:18,2024-10-27 04:38:31
CONT2024007933,2024-10-25 23:28:51,2024-11-03 10:41:28
CONT2024007934,2024-11-01 04:52:45,2024-11-02 00:05:08
CONT2024007935,2024-10-27 18:19:07,2024-11-03 22:51:08
CONT2024007936,2024-10-24 17:54:53,2024-10-25 09:35:36
CONT2024007937,2024-10-25 01:59:12,
CONT2024007938,2024-10-26 17:43:36,2024-11-04 05:37:55
CONT2024007939,2024-10-29 15:44:06,
CONT2024007940,2024-10-25 16:58:35,2024-10-26 17:08:03
CONT2024007941,2024-10-27 08:04:29,
CONT2024007942,2024-10-31 17:36:05,2024-11-01 06:26:56
CONT2024007943,2024-11-01 00:18:34,2024-11-04 15:44:40
CONT2024007944,2024-11-01 05:10:53,2024-11-02 02:03:42
CONT2024007945,2024-11-02 08:46:18,2024-11-04 18:02:23
CONT2024007946,2024-10-28 14:16:24,2024-10-29 08:29:32
CONT2024007947,2024-10-29 11:56:21,2024-11-05 00:54:02
CONT2024007948,2024-11-01 08:30:04,2024-11-05 00:08:03
CONT2024007949,2024-10-25 23:58:14,2024-11-04 17:45:17
CONT2024007950,2024-10-31 05:49:24,2024-11-01 01:08:51
CONT2024007951,2024-10-26 01:13:36,
CONT2024007952,2024-11-01 10:08:44,2024-11-04 19:12:55
CONT2024007953,2024-11-01 22:32:50,
CONT2024007954,2024-10-28 05:40:34,2024-10-28 18:47:24
CONT2024007955,2024-10-28 03:02:27,2024-10-29 03:00:01
CONT2024007956,2024-10-29 00:33:08,2024-10-29 12:47:39
CONT2024007957,2024-10-30 04:39:14,2024-10-31 11:28:40
CONT2024007958,2024-10-29 12:37:25,2024-11-05 08:59:17
CONT2024007959,2024-10-27 17:35:52,
CONT2024007960,2024-10-27 19:47:00,
CONT2024007961,2024-10-28 11:31:35,2024-11-04 22:14:06
CONT2024007962,2024-10-25 05:41:20,2024-11-04 18:06:49
CONT2024007963,2024-10-31 06:28:29,2024-11-01 10:01:59
CONT2024007964,2024-10-23 08:45:08,2024-10-24 13:05:32
CONT2024007965,2024-11-02 03:47:07,2024-11-02 22:27:15
CONT2024007966,2024-10-31 09:18:48,2024-11-05 16:40:56
CONT2024007967,2024-10-31 02:13:44,
CONT2024007968,2024-10-26 13:50:09,
CONT2024007969,2024-10-22 18:43:26,2024-10-23 19:54:14
CONT2024007970,2024-10-23 00:38:13,2024-10-24 01:55:11
CONT2024007971,2024-10-28 18:11:57,2024-10-29 21:07:21
CONT2024007972,2024-10-27 16:31:15,
CONT2024007973,2024-10-28 18:00:52,2024-10-29 12:11:44
CONT2024007974,2024-10-23 23:22:29,2024-10-25 03:01:20
CONT2024007975,2024-10-26 06:49:30,
CONT2024007976,2024-10-27 03:32:13,
CONT2024007977,2024-10-22 06:46:25,
CONT2024007978,2024-10-30 12:50:56,2024-11-05 02:12:15
CONT2024007979,2024-10-27 13:50:03,
CONT2024007980,2024-10-28 05:29:50,2024-11-05 04:27:25
CONT2024007981,2024-10-30 16:18:16,2024-11-05 02:27:56
CONT2024007982,2024-10-27 02:59:42,2024-11-05 11:16:58
CONT2024007983,2024-10-29 21:19:01,2024-11-05 11:29:42
CONT2024007984,2024-10-30 12:37:53,2024-10-31 07:43:45
CONT2024007985,2024-10-30 02:32:40,
CONT2024007986,2024-10-29 10:14:35,2024-11-06 00:49:01
CONT2024007987,2024-10-26 01:04:03,2024-10-26 11:42:54
CONT2024007988,2024-10-28 15:58:18,2024-10-29 13:46:02
CONT2024007989,2024-10-30 12:31:26,2024-11-05 10:07:21
CONT2024007990,2024-10-30 12:57:46,2024-11-05 19:47:52
CONT2024007991,2024-10-27 23:10:56,2024-10-28 07:14:38
CONT2024007992,2024-10-24 08:58:47,2024-10-24 22:04:48
CONT2024007993,2024-10-25 17:54:09,2024-10-26 14:15:49
CONT2024007994,2024-10-28 07:56:31,2024-10-29 13:38:15
CONT2024007995,2024-10-31 14:02:27,2024-11-01 08:56:47
CONT2024007996,2024-10-24 17:04:14,2024-10-25 04:33:12
CONT2024007997,2024-10-31 10:03:46,2024-11-01 01:31:41
CONT2024007998,2024-11-03 03:52:11,2024-11-03 18:02:51
CONT2024007999,2024-10-31 06:23:14,2024-11-06 02:09:50
CONT2024008000,2024-11-01 04:36:11,2024-11-05 18:36:07
CONT2024008001,2024-10-24 19:45:56,2024-11-06 02:27:35
CONT2024008002,2024-11-01 14:39:46,2024-11-06 11:25:36
CONT2024008003,2024-10-30 15:30:13,
CONT2024008004,2024-10-28 04:06:12,2024-11-06 10:57:17
CONT2024008005,2024-10-31 01:35:06,2024-11-05 20:23:25
CONT2024008006,2024-10-27 22:52:39,
CONT2024008007,2024-10-24 22:39:10,2024-10-26 02:30:19
CONT2024008008,2024-10-29 05:59:55,2024-11-05 16:55:35
CONT2024008009,2024-10-30 17:11:47,2024-11-01 07:12:46
CONT2024008010,2024-10-31 13:27:44,2024-11-06 12:08:25
CONT2024008011,2024-10-26 11:57:04,2024-11-06 07:57:25
CONT2024008012,2024-10-23 14:46:23,2024-10-24 00:44:03
CONT2024008013,2024-10-27 21:22:48,2024-10-28 13:20:38
CONT2024008014,2024-10-25 07:28:19,2024-11-06 19:01:39
CONT2024008015,2024-10-29 10:08:09,2024-11-07 03:25:49
CONT2024008016,2024-11-02 05:01:59,2024-11-05 16:55:58
CONT2024008017,2024-10-27 16:41:39,2024-11-06 15:32:43
CONT2024008018,2024-10-29 04:57:10,
CONT2024008019,2024-10-25 05:52:06,2024-10-26 11:38:39
CONT2024008020,2024-10-23 19:41:49,2024-10-25 04:29:08
CONT2024008021,2024-10-30 16:51:37,2024-11-01 00:32:51
CONT2024008022,2024-10-30 00:00:22,2024-11-06 18:22:15
CONT2024008023,2024-10-28 12:11:00,
CONT2024008024,2024-10-26 09:47:28,2024-11-06 15:16:04
CONT2024008025,2024-10-31 12:58:27,
CONT2024008026,2024-11-03 14:31:23,2024-11-06 22:27:41
CONT2024008027,2024-10-27 11:48:39,2024-10-28 01:21:51
CONT2024008028,2024-10-25 02:05:41,2024-11-06 23:56:05
CONT2024008029,2024-11-04 14:43:28,2024-11-07 09:09:26
CONT2024008030,2024-11-02 11:08:45,2024-11-03 01:34:21
CONT2024008031,2024-10-27 07:38:54,2024-11-07 07:05:20
CONT2024008032,2024-10-26 17:27:08,
CONT2024008033,2024-10-28 16:39:23,2024-11-07 16:09:06
CONT2024008034,2024-11-02 16:47:17,2024-11-07 08:30:22
CONT2024008035,2024-10-30 22:37:08,2024-11-07 06:35:37
CONT2024008036,2024-10-26 18:09:44,2024-11-06 15:38:23
CONT2024008037,2024-10-26 15:50:27,2024-10-27 11:07:39
CONT2024008038,2024-10-25 20:21:07,2024-11-07 05:05:49
CONT2024008039,2024-11-04 07:28:31,2024-11-07 13:17:49
CONT2024008040,2024-10-24 23:19:29,2024-11-05 23:18:29
CONT2024008041,2024-10-29 06:13:02,2024-10-30 05:17:35
CONT2024008042,2024-11-01 04:04:24,2024-11-06 21:32:16
CONT2024008043,2024-10-27 23:17:11,2024-10-28 06:21:18
CONT2024008044,2024-10-24 20:49:45,2024-10-25 17:06:00
CONT2024008045,2024-10-31 03:49:02,2024-11-06 23:05:33
CONT2024008046,2024-10-31 07:34:12,2024-11-01 18:11:36
CONT2024008047,2024-10-31 00:12:25,
CONT2024008048,2024-10-25 15:47:49,
CONT2024008049,2024-10-24 09:20:11,2024-11-07 06:25:08
CONT2024008050,2024-11-02 07:59:36,2024-11-07 06:05:36
CONT2024008051,2024-10-29 17:07:50,2024-11-07 16:21:11
CONT2024008052,2024-10-25 16:01:44,2024-10-26 20:04:17
CONT2024008053,2024-11-01 22:04:51,2024-11-02 08:16:48
CONT2024008054,2024-10-31 00:45:45,2024-11-06 22:36:59
CONT2024008055,2024-11-01 20:28:22,2024-11-06 20:48:36
CONT2024008056,2024-10-31 06:25:54,2024-11-01 03:16:15
CONT2024008057,2024-10-28 08:57:15,2024-11-06 12:28:18
CONT2024008058,2024-10-26 19:50:54,2024-10-27 17:46:03
CONT2024008059,2024-11-02 23:12:53,2024-11-05 19:22:52
CONT2024008060,2024-11-03 23:24:20,2024-11-04 20:48:05
CONT2024008061,2024-10-29 21:37:57,2024-10-30 09:51:51
CONT2024008062,2024-11-03 09:56:51,
CONT2024008063,2024-11-03 21:15:04,2024-11-06 17:59:20
CONT2024008064,2024-10-31 12:03:32,2024-11-01 09:35:13
CONT2024008065,2024-11-03 11:57:26,2024-11-04 08:02:09
CONT2024008066,2024-10-26 16:07:13,2024-10-27 09:02:09
CONT2024008067,2024-10-29 01:33:38,2024-11-07 09:02:39
CONT2024008068,2024-10-29 11:30:22,
CONT2024008069,2024-11-04 16:47:49,
CONT2024008070,2024-11-03 06:29:48,2024-11-03 18:41:50
CONT2024008071,2024-10-29 17:22:26,2024-11-07 22:19:27
CONT2024008072,2024-10-30 22:19:13,
CONT2024008073,2024-11-05 02:09:31,2024-11-07 12:40:59
CONT2024008074,2024-10-31 04:59:00,2024-11-06 21:53:01
CONT2024008075,2024-11-04 06:11:38,2024-11-07 12:19:00
CONT2024008076,2024-10-30 17:03:05,
CONT2024008077,2024-10-26 22:54:45,2024-10-27 17:12:16
CONT2024008078,2024-11-01 15:20:52,2024-11-01 23:56:40
CONT2024008079,2024-11-02 00:41:33,2024-11-03 05:15:57
CONT2024008080,2024-11-04 22:46:36,2024-11-05 21:16:03
CONT2024008081,2024-11-03 11:03:12,2024-11-04 14:48:00
CONT2024008082,2024-10-27 17:25:26,2024-10-28 18:51:24
CONT2024008083,2024-10-27 21:20:57,2024-10-28 21:33:56
CONT2024008084,2024-11-02 22:21:37,2024-11-03 10:54:22
CONT2024008085,2024-10-26 00:10:35,2024-11-08 16:54:26
CONT2024008086,2024-10-27 17:41:45,2024-11-08 03:50:48
CONT2024008087,2024-10-25 17:40:22,2024-11-08 01:24:49
CONT2024008088,2024-11-01 20:30:53,2024-11-02 09:35:47
CONT2024008089,2024-11-04 15:09:22,
CONT2024008090,2024-11-01 02:04:14,2024-11-08 05:38:40
CONT2024008091,2024-11-02 14:22:43,2024-11-08 08:51:13
CONT2024008092,2024-10-27 22:10:33,2024-11-08 07:16:39
CONT2024008093,2024-11-04 05:11:20,2024-11-05 14:11:45
CONT2024008094,2024-10-26 22:40:46,2024-11-08 04:27:51
CONT2024008095,2024-10-31 18:16:20,2024-11-01 01:17:27
CONT2024008096,2024-10-29 01:57:30,2024-11-07 17:01:07
CONT2024008097,2024-11-01 23:17:36,2024-11-02 19:27:44
CONT2024008098,2024-11-04 14:54:24,2024-11-05 15:31:08
CONT2024008099,2024-10-28 06:36:17,2024-11-08 02:56:38
CONT2024008100,2024-11-03 19:50:04,2024-11-04 20:44:05
CONT2024008101,2024-10-31 20:01:00,2024-11-01 12:24:23
CONT2024008102,2024-11-03 05:11:25,2024-11-07 12:31:03
CONT2024008103,2024-10-29 09:41:21,
CONT2024008104,2024-11-04 22:33:49,2024-11-05 20:17:37
CONT2024008105,2024-10-26 20:34:37,2024-10-27 17:30:00
CONT2024008106,2024-11-01 12:33:04,2024-11-02 10:48:35
CONT2024008107,2024-11-03 04:17:10,2024-11-03 21:24:34
CONT2024008108,2024-10-31 07:40:00,2024-10-31 19:52:22
CONT2024008109,2024-10-30 03:45:58,2024-11-08 11:10:36
CONT2024008110,2024-10-29 13:51:40,
CONT2024008111,2024-10-31 20:41:22,2024-11-01 18:44:02
CONT2024008112,2024-11-04 14:38:27,
CONT2024008113,2024-10-31 08:04:25,2024-11-08 09:23:28
CONT2024008114,2024-10-27 17:20:04,2024-10-28 16:17:14
CONT2024008115,2024-11-03 02:29:36,2024-11-03 06:29:36
CONT2024008116,2024-10-28 12:35:54,2024-11-08 15:47:07
CONT2024008117,2024-10-30 15:51:33,2024-11-07 22:14:52
CONT2024008118,2024-10-29 19:24:34,2024-11-08 17:26:01
CONT2024008119,2024-10-29 13:34:12,
CONT2024008120,2024-10-26 22:06:44,2024-11-07 17:09:25
CONT2024008121,2024-11-05 03:49:06,2024-11-09 11:45:43
CONT2024008122,2024-10-29 12:14:36,2024-11-09 01:08:36
CONT2024008123,2024-10-28 20:37:22,2024-10-29 18:17:49
CONT2024008124,2024-11-04 15:26:37,
CONT2024008125,2024-11-02 05:30:01,
CONT2024008126,2024-10-31 01:51:36,2024-11-09 05:34:42
CONT2024008127,2024-10-31 18:21:52,2024-11-09 15:52:39
CONT2024008128,2024-10-31 22:37:14,2024-11-08 07:46:24
CONT2024008129,2024-11-04 00:15:24,
CONT2024008130,2024-10-30 22:30:08,
CONT2024008131,2024-11-04 13:36:01,2024-11-09 18:16:29
CONT2024008132,2024-11-02 18:45:21,
CONT2024008133,2024-10-31 11:04:35,2024-11-08 13:05:54
CONT2024008134,2024-11-01 06:55:08,2024-11-08 19:06:01
CONT2024008135,2024-10-29 14:27:15,
CONT2024008136,2024-10-27 14:55:18,2024-11-09 19:40:29
CONT2024008137,2024-11-03 08:31:00,2024-11-10 08:04:00
CONT2024008138,2024-11-03 15:09:30,2024-11-04 05:18:02
CONT2024008139,2024-10-28 15:06:30,2024-10-29 14:36:19
CONT2024008140,2024-11-04 13:26:26,2024-11-04 19:55:27
CONT2024008141,2024-10-30 02:43:57,2024-11-09 07:05:14
CONT2024008142,2024-11-03 19:38:58,2024-11-09 10:02:22
CONT2024008143,2024-10-27 17:55:05,2024-11-09 18:08:25
CONT2024008144,2024-11-05 05:31:11,2024-11-06 11:42:35
CONT2024008145,2024-11-02 02:38:49,
CONT2024008146,2024-10-28 02:49:09,2024-10-29 12:16:50
CONT2024008147,2024-11-02 14:50:25,2024-11-09 09:23:51
CONT2024008148,2024-11-01 21:34:49,
CONT2024008149,2024-10-27 13:21:12,2024-10-28 00:57:26
CONT2024008150,2024-10-29 06:52:24,2024-11-10 12:30:04
CONT2024008151,2024-11-03 07:57:49,2024-11-04 06:17:03
CONT2024008152,2024-11-06 08:38:47,2024-11-09 12:50:54
CONT2024008153,2024-11-05 17:50:34,2024-11-09 03:09:04
CONT2024008154,2024-11-06 10:45:34,
CONT2024008155,2024-11-06 03:06:04,
CONT2024008156,2024-10-30 11:34:00,2024-10-31 04:11:06
CONT2024008157,2024-10-29 17:42:45,2024-11-11 07:52:34
CONT2024008158,2024-11-01 18:16:12,2024-11-02 10:10:55
CONT2024008159,2024-10-29 14:08:15,2024-10-30 13:54:16
CONT2024008160,2024-10-29 08:31:08,2024-11-11 07:12:35
CONT2024008161,2024-10-30 01:20:30,2024-11-11 03:21:44
CONT2024008162,2024-11-02 13:38:57,2024-11-10 18:11:44
CONT2024008163,2024-10-30 22:09:23,2024-11-10 23:34:19
CONT2024008164,2024-10-28 13:05:56,2024-11-11 04:43:47
CONT2024008165,2024-10-31 21:59:55,2024-11-02 00:11:00
CONT2024008166,2024-11-05 14:59:50,2024-11-10 22:26:17
CONT2024008167,2024-11-02 05:26:13,
CONT2024008168,2024-11-04 03:12:32,2024-11-10 17:51:27
CONT2024008169,2024-11-04 13:55:51,2024-11-11 06:50:56
CONT2024008170,2024-11-03 07:40:29,2024-11-11 02:32:48
CONT2024008171,2024-11-05 23:37:53,
CONT2024008172,2024-11-05 17:19:27,2024-11-06 16:30:54
CONT2024008173,2024-11-02 20:26:20,2024-11-12 04:05:14
CONT2024008174,2024-10-29 05:56:23,2024-11-11 01:37:05
CONT2024008175,2024-10-29 03:22:13,2024-11-10 09:00:20
CONT2024008176,2024-11-09 20:45:28,
CONT2024008177,2024-11-02 06:19:48,2024-11-13 11:47:34
CONT2024008178,2024-11-07 12:11:57,2024-11-08 09:14:38
CONT2024008179,2024-11-02 05:09:55,2024-11-03 04:23:31
CONT2024008180,2024-11-02 18:10:33,2024-11-15 02:51:32
CONT2024008181,2024-11-10 15:58:10,2024-11-13 21:00:21
CONT2024008182,2024-11-01 12:30:42,
CONT2024008183,2024-11-01 23:33:32,2024-11-02 13:11:50
CONT2024008184,2024-11-06 13:08:29,2024-11-07 09:10:18
CONT2024008185,2024-10-31 20:53:43,2024-11-13 23:46:18
CONT2024008186,2024-11-04 20:38:38,2024-11-05 14:20:57
CONT2024008187,2024-11-07 17:42:11,2024-11-08 09:42:24
CONT2024008188,2024-10-31 14:20:01,2024-11-13 21:28:29
CONT2024008189,2024-11-09 00:02:11,2024-11-13 22:46:25
CONT2024008190,2024-11-01 23:27:30,2024-11-03 11:44:50
CONT2024008191,2024-11-08 12:44:16,2024-11-09 04:09:52
CONT2024008192,2024-11-11 05:58:12,2024-11-13 17:11:34
CONT2024008193,2024-11-10 19:02:15,2024-11-11 20:42:26
CONT2024008194,2024-11-09 02:38:26,2024-11-13 15:51:02
CONT2024008195,2024-11-02 07:21:50,
CONT2024008196,2024-11-09 13:53:43,2024-11-14 00:52:03
CONT2024008197,2024-11-05 12:50:46,2024-11-13 23:04:03
CONT2024008198,2024-11-02 06:12:53,2024-11-13 11:32:10
CONT2024008199,2024-11-05 22:53:07,2024-11-13 15:38:39
CONT2024008200,2024-11-06 20:08:34,2024-11-07 15:05:54
CONT2024008201,2024-11-09 21:09:45,
CONT2024008202,2024-11-05 12:10:39,2024-11-06 17:37:57
CONT2024008203,2024-11-05 00:20:05,2024-11-06 01:42:03
CONT2024008204,2024-11-10 02:06:41,2024-11-11 19:53:11
CONT2024008205,2024-11-10 14:47:43,
CONT2024008206,2024-11-01 19:40:01,2024-11-02 10:28:08
CONT2024008207,2024-11-08 20:41:55,
CONT2024008208,2024-11-01 14:39:57,2024-11-13 20:57:52
CONT2024008209,2024-11-06 19:15:49,2024-11-08 00:00:41
CONT2024008210,2024-11-07 03:51:54,2024-11-14 07:38:19
CONT2024008211,2024-11-05 05:46:24,
CONT2024008212,2024-10-31 22:28:32,2024-11-13 22:46:04
CONT2024008213,2024-11-02 15:22:05,2024-11-14 13:50:01
CONT2024008214,2024-11-09 15:21:31,2024-11-14 11:53:10
CONT2024008215,2024-11-05 22:53:55,2024-11-14 02:39:03
CONT2024008216,2024-11-01 20:30:00,2024-11-02 17:34:12
CONT2024008217,2024-11-09 11:44:05,2024-11-10 05:28:19
CONT2024008218,2024-11-10 22:12:30,2024-11-14 02:25:46
CONT2024008219,2024-10-31 21:20:50,2024-11-14 06:49:07
CONT2024008220,2024-11-07 20:12:33,2024-11-08 15:24:14
CONT2024008221,2024-11-03 04:37:28,2024-11-04 05:03:43
CONT2024008222,2024-11-07 06:14:30,2024-11-14 03:21:04
CONT2024008223,2024-11-02 14:38:23,
CONT2024008224,2024-11-02 23:54:37,2024-11-04 02:00:17
CONT2024008225,2024-11-10 10:05:25,2024-11-14 00:20:08
CONT2024008226,2024-11-09 17:44:45,2024-11-14 08:10:50
CONT2024008227,2024-11-06 07:11:52,
CONT2024008228,2024-11-01 01:46:24,2024-11-14 06:54:27
CONT2024008229,2024-11-05 20:10:15,2024-11-07 08:27:21
CONT2024008230,2024-11-03 07:49:54,2024-11-03 11:49:54
CONT2024008231,2024-11-02 18:57:46,2024-11-03 16:25:52
CONT2024008232,2024-11-11 21:15:02,
CONT2024008233,2024-11-01 15:29:10,2024-11-15 04:02:21
CONT2024008234,2024-11-08 09:45:52,2024-11-09 12:20:51
CONT2024008235,2024-11-09 17:05:47,2024-11-10 04:42:34
CONT2024008236,2024-11-05 17:25:36,2024-11-16 06:38:47
CONT2024008237,2024-11-08 10:06:21,2024-11-14 19:20:14
CONT2024008238,2024-11-02 09:38:43,2024-11-15 10:15:42
CONT2024008239,2024-11-08 01:36:08,2024-11-14 20:24:32
CONT2024008240,2024-11-03 16:12:54,2024-11-04 18:58:00
CONT2024008241,2024-11-09 23:32:13,
CONT2024008242,2024-11-02 17:57:21,2024-11-15 18:52:42
CONT2024008243,2024-11-06 15:15:54,2024-11-14 10:26:04
CONT2024008244,2024-11-07 20:30:45,
CONT2024008245,2024-11-11 13:13:02,2024-11-14 09:04:29
CONT2024008246,2024-11-08 04:27:20,2024-11-14 19:49:45
CONT2024008247,2024-11-02 07:26:16,2024-11-03 09:51:40
CONT2024008248,2024-11-02 23:39:45,2024-11-04 01:32:33
CONT2024008249,2024-11-05 01:43:32,2024-11-14 14:29:53
CONT2024008250,2024-11-08 10:54:03,
CONT2024008251,2024-11-08 22:30:21,2024-11-09 14:50:27
CONT2024008252,2024-11-11 16:35:49,2024-11-15 08:15:04
CONT2024008253,2024-11-09 23:16:38,2024-11-10 08:49:13
CONT2024008254,2024-11-03 02:00:59,2024-11-04 22:04:52
CONT2024008255,2024-11-11 09:00:49,2024-11-14 17:01:02
CONT2024008256,2024-11-01 21:25:05,2024-11-02 15:51:29
CONT2024008257,2024-11-07 07:36:35,
CONT2024008258,2024-11-01 12:01:55,2024-11-15 02:37:54
CONT2024008259,2024-11-05 21:50:47,
CONT2024008260,2024-11-11 11:34:43,2024-11-16 01:56:19
CONT2024008261,2024-11-08 08:29:09,2024-11-15 20:53:33
CONT2024008262,2024-11-03 07:34:21,2024-11-04 07:09:53
CONT2024008263,2024-11-09 02:00:58,2024-11-15 14:38:34
CONT2024008264,2024-11-03 17:43:50,2024-11-16 02:44:15
CONT2024008265,2024-11-08 11:11:08,2024-11-15 15:16:52
CONT2024008266,2024-11-13 09:11:46,2024-11-14 01:39:15
CONT2024008267,2024-11-09 21:20:09,2024-11-15 23:31:50
CONT2024008268,2024-11-11 17:41:31,
CONT2024008269,2024-11-08 10:48:36,
CONT2024008270,2024-11-07 18:13:49,2024-11-08 12:31:50
CONT2024008271,2024-11-07 00:53:44,2024-11-07 17:48:06
CONT2024008272,2024-11-09 00:45:57,2024-11-09 21:34:49
CONT2024008273,2024-11-02 18:08:39,2024-11-03 05:06:58
CONT2024008274,2024-11-11 16:16:59,2024-11-15 21:38:43
CONT2024008275,2024-11-07 01:35:55,2024-11-15 22:31:40
CONT2024008276,2024-11-10 19:25:57,2024-11-16 02:59:05
CONT2024008277,2024-11-02 07:00:40,
CONT2024008278,2024-11-07 05:31:22,
CONT2024008279,2024-11-07 17:58:18,2024-11-08 02:49:16
CONT2024008280,2024-11-12 10:50:19,2024-11-13 14:13:10
CONT2024008281,2024-11-06 10:22:00,
CONT2024008282,2024-11-08 15:02:28,2024-11-09 05:51:51
CONT2024008283,2024-11-08 18:03:47,2024-11-15 03:39:15
CONT2024008284,2024-11-08 04:24:17,2024-11-09 06:20:02
CONT2024008285,2024-11-08 16:35:49,2024-11-14 18:14:14
CONT2024008286,2024-11-09 11:19:51,2024-11-10 01:04:26
CONT2024008287,2024-11-05 23:46:50,2024-11-15 12:21:11
CONT2024008288,2024-11-03 16:32:33,2024-11-16 05:12:22
CONT2024008289,2024-11-11 23:12:08,2024-11-16 03:15:46
CONT2024008290,2024-11-04 14:55:08,
CONT2024008291,2024-11-06 00:48:48,2024-11-14 20:42:03
CONT2024008292,2024-11-02 20:17:33,2024-11-16 03:16:52
CONT2024008293,2024-11-08 14:33:39,2024-11-16 15:28:06
CONT2024008294,2024-11-05 18:58:19,
CONT2024008295,2024-11-07 20:21:06,2024-11-08 04:31:51
CONT2024008296,2024-11-09 03:22:28,2024-11-16 04:20:56
CONT2024008297,2024-11-09 15:59:18,2024-11-10 14:34:37
CONT2024008298,2024-11-08 10:13:57,2024-11-09 06:27:29
CONT2024008299,2024-11-09 15:53:37,2024-11-10 11:14:42
CONT2024008300,2024-11-12 16:25:41,2024-11-13 21:57:22
CONT2024008301,2024-11-06 11:00:25,2024-11-15 17:47:43
CONT2024008302,2024-11-03 21:47:10,2024-11-04 12:22:36
CONT2024008303,2024-11-06 05:40:06,
CONT2024008304,2024-11-05 23:23:43,2024-11-16 02:26:59
CONT2024008305,2024-11-03 22:45:32,2024-11-04 13:49:58
CONT2024008306,2024-11-10 22:15:42,2024-11-16 00:04:27
CONT2024008307,2024-11-10 15:47:01,2024-11-11 16:30:59
CONT2024008308,2024-11-05 19:26:11,2024-11-07 04:59:47
CONT2024008309,2024-11-10 02:21:04,2024-11-10 20:16:05
CONT2024008310,2024-11-05 15:01:56,2024-11-15 16:27:09
CONT2024008311,2024-11-11 03:40:40,2024-11-12 01:25:16
CONT2024008312,2024-11-07 18:24:36,2024-11-15 16:51:51
CONT2024008313,2024-11-05 17:13:38,2024-11-16 04:07:56
CONT2024008314,2024-11-04 03:23:18,
CONT2024008315,2024-11-12 10:52:06,2024-11-15 11:52:12
CONT2024008316,2024-11-13 03:21:32,2024-11-15 15:57:19
CONT2024008317,2024-11-13 04:30:42,2024-11-15 20:33:21
CONT2024008318,2024-11-05 23:50:31,2024-11-06 12:43:18
CONT2024008319,2024-11-06 22:52:59,2024-11-15 10:44:29
CONT2024008320,2024-11-02 17:59:24,
CONT2024008321,2024-11-11 14:35:36,2024-11-12 16:14:14
CONT2024008322,2024-11-08 15:55:40,
CONT2024008323,2024-11-06 12:51:12,2024-11-07 18:09:34
CONT2024008324,2024-11-11 19:12:07,2024-11-12 16:21:58
CONT2024008325,2024-11-06 21:52:54,2024-11-08 08:13:03
CONT2024008326,2024-11-03 11:02:20,2024-11-16 00:37:26
CONT2024008327,2024-11-04 04:12:51,
CONT2024008328,2024-11-09 03:52:09,2024-11-15 22:39:08
CONT2024008329,2024-11-12 10:35:11,2024-11-16 07:57:32
CONT2024008330,2024-11-06 23:06:45,2024-11-15 23:26:07
CONT2024008331,2024-11-04 14:16:36,2024-11-15 21:15:57
CONT2024008332,2024-11-06 18:53:04,2024-11-07 23:04:10
CONT2024008333,2024-11-11 02:03:56,
CONT2024008334,2024-11-03 02:03:48,
CONT2024008335,2024-11-04 16:56:03,2024-11-16 08:44:04
CONT2024008336,2024-11-04 10:20:44,2024-11-16 02:52:14
CONT2024008337,2024-11-09 09:58:06,2024-11-10 09:56:11
CONT2024008338,2024-11-12 09:47:09,2024-11-15 18:45:00
CONT2024008339,2024-11-08 07:57:03,2024-11-16 05:02:06
CONT2024008340,2024-11-06 17:42:06,
CONT2024008341,2024-11-04 20:18:07,2024-11-05 18:37:29
CONT2024008342,2024-11-03 23:20:02,2024-11-15 13:02:07
CONT2024008343,2024-11-09 21:25:17,2024-11-16 17:51:34
CONT2024008344,2024-11-09 14:51:38,
CONT2024008345,2024-11-03 18:59:24,2024-11-17 13:17:03
CONT2024008346,2024-11-04 06:01:36,2024-11-04 16:56:03
CONT2024008347,2024-11-09 11:26:14,2024-11-10 08:02:32
CONT2024008348,2024-11-09 01:36:27,2024-11-15 21:05:05
CONT2024008349,2024-11-06 20:13:16,2024-11-07 02:51:12
CONT2024008350,2024-11-09 19:40:58,2024-11-10 19:55:19
CONT2024008351,2024-11-04 14:54:54,2024-11-16 06:20:02
CONT2024008352,2024-11-05 22:15:39,2024-11-06 10:43:48
CONT2024008353,2024-11-03 04:09:50,2024-11-03 20:57:39
CONT2024008354,2024-11-05 09:06:39,2024-11-06 13:57:30
CONT2024008355,2024-11-12 05:21:35,2024-11-16 09:10:32
CONT2024008356,2024-11-08 09:20:25,
CONT2024008357,2024-11-03 06:18:15,
CONT2024008358,2024-11-05 14:56:16,2024-11-16 08:20:50
CONT2024008359,2024-11-03 00:48:14,2024-11-03 19:35:52
CONT2024008360,2024-11-03 02:56:27,2024-11-03 23:19:51
CONT2024008361,2024-11-13 00:52:16,2024-11-13 19:55:49
CONT2024008362,2024-11-05 08:24:13,2024-11-06 09:41:11
CONT2024008363,2024-11-07 15:49:20,
CONT2024008364,2024-11-03 17:13:20,2024-11-17 04:03:36
CONT2024008365,2024-11-04 23:37:58,2024-11-16 21:30:36
CONT2024008366,2024-11-13 00:05:54,2024-11-17 04:13:01
CONT2024008367,2024-11-06 13:03:00,2024-11-07 02:36:21
CONT2024008368,2024-11-06 02:33:55,
CONT2024008369,2024-11-06 02:38:08,2024-11-06 15:48:40
CONT2024008370,2024-11-03 12:18:16,2024-11-16 15:40:52
CONT2024008371,2024-11-08 13:31:08,2024-11-16 21:07:57
CONT2024008372,2024-11-06 15:03:46,2024-11-07 08:50:01
CONT2024008373,2024-11-13 10:24:01,2024-11-17 00:53:34
CONT2024008374,2024-11-14 03:16:09,
CONT2024008375,2024-11-11 07:47:35,2024-11-17 07:36:11
CONT2024008376,2024-11-08 15:06:15,2024-11-10 03:27:23
CONT2024008377,2024-11-10 18:15:27,2024-11-17 15:47:11
CONT2024008378,2024-11-09 17:40:34,
CONT2024008379,2024-11-11 09:46:31,2024-11-12 06:31:21
CONT2024008380,2024-11-10 19:30:41,2024-11-17 03:21:32
CONT2024008381,2024-11-08 09:50:38,2024-11-17 09:18:59
CONT2024008382,2024-11-08 01:42:49,2024-11-17 01:49:54
CONT2024008383,2024-11-13 07:09:10,2024-11-14 08:36:18
CONT2024008384,2024-11-03 21:07:06,2024-11-17 08:12:46
CONT2024008385,2024-11-12 02:08:18,2024-11-17 15:32:46
CONT2024008386,2024-11-03 23:01:34,2024-11-17 11:50:23
CONT2024008387,2024-11-07 22:22:25,
CONT2024008388,2024-11-13 14:29:07,2024-11-16 21:10:55
CONT2024008389,2024-11-10 11:34:26,2024-11-11 05:19:34
CONT2024008390,2024-11-11 03:03:37,2024-11-17 08:35:09
CONT2024008391,2024-11-06 04:35:57,2024-11-16 17:08:23
CONT2024008392,2024-11-06 05:44:22,2024-11-17 09:25:18
CONT2024008393,2024-11-13 16:02:41,2024-11-14 15:02:18
CONT2024008394,2024-11-11 11:18:51,2024-11-12 14:42:35
CONT2024008395,2024-11-07 14:58:25,2024-11-17 08:23:48
CONT2024008396,2024-11-12 20:09:59,2024-11-14 02:59:17
CONT2024008397,2024-11-12 01:09:49,2024-11-16 14:50:25
CONT2024008398,2024-11-04 02:26:04,
CONT2024008399,2024-11-08 00:20:39,2024-11-09 03:57:14
CONT2024008400,2024-11-05 07:08:48,2024-11-06 04:32:03
CONT2024008401,2024-11-10 09:16:50,2024-11-11 11:18:57
CONT2024008402,2024-11-06 16:32:34,
CONT2024008403,2024-11-08 23:31:54,2024-11-09 05:22:24
CONT2024008404,2024-11-09 04:15:14,2024-11-17 16:33:58
CONT2024008405,2024-11-14 12:14:46,2024-11-15 09:06:14
CONT2024008406,2024-11-10 22:37:35,2024-11-12 13:54:20
CONT2024008407,2024-11-06 09:38:35,2024-11-06 22:51:10
CONT2024008408,2024-11-06 13:20:24,2024-11-17 09:45:14
CONT2024008409,2024-11-10 15:41:27,2024-11-11 16:27:27
CONT2024008410,2024-11-11 11:12:34,
CONT2024008411,2024-11-10 03:36:39,
CONT2024008412,2024-11-05 14:09:52,2024-11-06 19:02:25
CONT2024008413,2024-11-06 07:40:18,2024-11-07 06:16:09
CONT2024008414,2024-11-12 13:41:32,2024-11-17 21:10:00
CONT2024008415,2024-11-04 15:07:55,2024-11-16 19:40:06
CONT2024008416,2024-11-07 20:36:17,2024-11-08 07:04:46
CONT2024008417,2024-11-06 01:52:05,2024-11-07 09:53:07
CONT2024008418,2024-11-13 06:33:14,2024-11-14 02:05:56
CONT2024008419,2024-11-13 09:17:36,2024-11-17 03:22:57
CONT2024008420,2024-11-04 03:14:06,2024-11-18 00:57:53
CONT2024008421,2024-11-11 16:47:55,2024-11-17 10:31:29
CONT2024008422,2024-11-12 07:08:25,2024-11-17 05:49:36
CONT2024008423,2024-11-10 16:09:30,2024-11-11 12:08:12
CONT2024008424,2024-11-08 21:45:32,2024-11-17 12:27:03
CONT2024008425,2024-11-14 01:48:13,
CONT2024008426,2024-11-05 20:07:14,2024-11-06 22:00:11
CONT2024008427,2024-11-04 21:03:24,2024-11-16 16:44:01
CONT2024008428,2024-11-13 15:58:31,2024-11-16 11:45:42
CONT2024008429,2024-11-10 10:28:36,2024-11-11 13:30:12
CONT2024008430,2024-11-14 06:54:41,2024-11-14 20:11:00
CONT2024008431,2024-11-08 00:58:09,2024-11-17 20:20:59
CONT2024008432,2024-11-11 02:37:33,2024-11-11 17:02:45
CONT2024008433,2024-11-10 08:04:39,2024-11-11 00:31:10
CONT2024008434,2024-11-05 22:25:39,
CONT2024008435,2024-11-10 20:31:42,2024-11-11 12:26:18
CONT2024008436,2024-11-12 08:16:56,
CONT2024008437,2024-11-08 07:06:21,2024-11-18 01:25:30
CONT2024008438,2024-11-05 18:26:00,2024-11-18 01:35:30
CONT2024008439,2024-11-06 18:13:12,2024-11-18 04:45:36
CONT2024008440,2024-11-06 13:11:52,2024-11-18 20:05:59
CONT2024008441,2024-11-06 21:12:57,2024-11-07 17:00:32
CONT2024008442,2024-11-09 19:34:33,2024-11-18 08:49:44
CONT2024008443,2024-11-13 18:05:43,2024-11-14 09:46:27
CONT2024008444,2024-11-14 16:52:09,2024-11-15 08:08:18
CONT2024008445,2024-11-12 21:44:24,2024-11-13 22:43:05
CONT2024008446,2024-11-12 10:26:40,2024-11-18 09:41:06
CONT2024008447,2024-11-12 15:02:54,2024-11-13 10:23:16
CONT2024008448,2024-11-07 15:15:04,
CONT2024008449,2024-11-14 15:54:53,2024-11-17 10:42:09
CONT2024008450,2024-11-12 00:25:22,2024-11-12 16:23:21
CONT2024008451,2024-11-12 23:54:14,2024-11-18 06:37:59
CONT2024008452,2024-11-10 01:58:20,2024-11-18 08:40:15
CONT2024008453,2024-11-07 09:13:10,2024-11-07 22:54:13
CONT2024008454,2024-11-10 20:51:22,2024-11-18 06:07:57
CONT2024008455,2024-11-08 12:56:11,2024-11-09 22:46:58
CONT2024008456,2024-11-05 14:36:42,2024-11-17 19:05:45
CONT2024008457,2024-11-11 19:05:36,
CONT2024008458,2024-11-11 19:00:43,2024-11-12 19:29:34
CONT2024008459,2024-11-07 12:34:42,2024-11-19 05:17:43
CONT2024008460,2024-11-12 18:26:33,
CONT2024008461,2024-11-14 19:08:08,2024-11-15 14:50:00
CONT2024008462,2024-11-15 17:17:44,2024-11-18 23:46:37
CONT2024008463,2024-11-06 17:14:49,2024-11-18 06:04:17
CONT2024008464,2024-11-12 13:31:19,2024-11-13 04:46:13
CONT2024008465,2024-11-08 00:27:19,2024-11-08 18:58:17
CONT2024008466,2024-11-06 07:13:44,2024-11-18 11:41:21
CONT2024008467,2024-11-07 02:31:31,2024-11-18 21:25:09
CONT2024008468,2024-11-05 13:32:55,2024-11-18 20:20:05
CONT2024008469,2024-11-10 06:27:13,2024-11-11 12:15:07
CONT2024008470,2024-11-07 05:03:06,2024-11-20 08:39:46
CONT2024008471,2024-11-15 01:48:28,2024-11-15 21:58:54
CONT2024008472,2024-11-09 04:41:17,2024-11-10 01:40:59
CONT2024008473,2024-11-05 20:27:39,2024-11-18 14:06:34
CONT2024008474,2024-11-14 03:33:43,
CONT2024008475,2024-11-06 00:37:30,2024-11-06 19:25:08
CONT2024008476,2024-11-06 19:04:12,2024-11-20 01:52:33
CONT2024008477,2024-11-15 18:47:47,2024-11-16 10:56:54
CONT2024008478,2024-11-12 05:17:51,2024-11-18 10:41:51
CONT2024008479,2024-11-11 08:27:24,
CONT2024008480,2024-11-05 22:52:28,2024-11-06 19:43:56
CONT2024008481,2024-11-13 20:37:21,
CONT2024008482,2024-11-07 10:29:05,
CONT2024008483,2024-11-12 18:53:27,2024-11-13 07:18:14
CONT2024008484,2024-11-11 12:32:47,2024-11-19 16:49:36
CONT2024008485,2024-11-11 16:48:11,2024-11-18 22:52:37
CONT2024008486,2024-11-16 07:00:57,2024-11-17 07:37:14
CONT2024008487,2024-11-07 00:52:34,2024-11-19 10:31:58
CONT2024008488,2024-11-08 17:09:52,2024-11-09 10:04:06
CONT2024008489,2024-11-06 10:43:41,
CONT2024008490,2024-11-14 12:20:01,
CONT2024008491,2024-11-14 13:32:39,2024-11-18 19:59:15
CONT2024008492,2024-11-12 16:10:50,
CONT2024008493,2024-11-09 19:56:59,2024-11-11 02:01:15
CONT2024008494,2024-11-07 14:29:32,2024-11-08 13:22:47
CONT2024008495,2024-11-10 00:09:59,2024-11-20 11:23:10
CONT2024008496,2024-11-12 07:10:20,
CONT2024008497,2024-11-11 19:05:53,2024-11-20 10:59:29
CONT2024008498,2024-11-16 16:08:03,2024-11-17 01:54:09
CONT2024008499,2024-11-12 10:06:24,2024-11-20 22:39:49
CONT2024008500,2024-11-10 07:07:14,2024-11-11 12:53:29
CONT2024008501,2024-11-17 05:32:00,2024-11-20 23:11:04
CONT2024008502,2024-11-10 13:39:09,2024-11-20 22:10:13
CONT2024008503,2024-11-18 19:25:30,2024-11-22 03:12:08
CONT2024008504,2024-11-13 12:22:07,2024-11-22 01:15:35
CONT2024008505,2024-11-14 00:22:23,2024-11-21 15:01:51
CONT2024008506,2024-11-09 08:04:15,2024-11-22 00:40:12
CONT2024008507,2024-11-16 15:49:29,2024-11-21 05:42:48
CONT2024008508,2024-11-17 20:30:10,2024-11-21 06:31:16
CONT2024008509,2024-11-09 16:49:51,2024-11-21 06:40:11
CONT2024008510,2024-11-09 02:30:34,2024-11-10 04:25:46
CONT2024008511,2024-11-15 14:02:38,2024-11-16 01:32:23
CONT2024008512,2024-11-17 14:59:42,2024-11-21 17:44:52
CONT2024008513,2024-11-15 15:55:40,
CONT2024008514,2024-11-10 03:07:13,2024-11-21 10:41:25
CONT2024008515,2024-11-10 21:50:50,2024-11-21 16:36:37
CONT2024008516,2024-11-08 07:16:08,2024-11-09 16:11:52
CONT2024008517,2024-11-15 21:15:41,2024-11-22 01:11:57
CONT2024008518,2024-11-09 10:45:08,2024-11-10 11:26:27
CONT2024008519,2024-11-17 13:36:15,2024-11-20 17:54:07
CONT2024008520,2024-11-12 06:28:48,2024-11-12 14:07:42
CONT2024008521,2024-11-18 03:38:26,2024-11-18 22:59:05
CONT2024008522,2024-11-10 00:42:06,2024-11-21 01:01:27
CONT2024008523,2024-11-10 00:42:09,
CONT2024008524,2024-11-16 06:32:14,2024-11-21 19:44:45
CONT2024008525,2024-11-08 10:03:33,
CONT2024008526,2024-11-16 20:15:03,2024-11-21 16:49:03
CONT2024008527,2024-11-18 19:30:30,
CONT2024008528,2024-11-09 20:07:34,
CONT2024008529,2024-11-12 10:51:39,2024-11-21 14:18:46
CONT2024008530,2024-11-10 13:49:31,2024-11-10 23:34:54
CONT2024008531,2024-11-14 23:11:26,2024-11-22 15:40:34
CONT2024008532,2024-11-10 04:09:19,2024-11-21 13:16:36
CONT2024008533,2024-11-09 00:17:50,2024-11-10 02:48:32
CONT2024008534,2024-11-10 17:41:24,2024-11-22 03:04:35
CONT2024008535,2024-11-10 00:19:13,2024-11-11 03:49:06
CONT2024008536,2024-11-15 03:27:15,2024-11-15 11:35:07
CONT2024008537,2024-11-11 01:55:35,2024-11-22 20:46:08
CONT2024008538,2024-11-17 22:22:37,2024-11-23 06:29:42
CONT2024008539,2024-11-18 18:37:23,2024-11-19 09:58:26
CONT2024008540,2024-11-09 09:08:34,2024-11-09 14:17:47
CONT2024008541,2024-11-19 07:24:35,2024-11-22 10:14:43
CONT2024008542,2024-11-10 10:43:05,2024-11-11 10:38:13
CONT2024008543,2024-11-15 08:15:53,2024-11-16 06:52:02
CONT2024008544,2024-11-13 12:25:39,2024-11-14 19:36:21
CONT2024008545,2024-11-12 10:45:17,2024-11-13 05:59:25
CONT2024008546,2024-11-16 23:27:10,2024-11-17 21:28:52
CONT2024008547,2024-11-10 17:12:02,2024-11-22 22:57:11
CONT2024008548,2024-11-14 11:12:27,2024-11-23 08:11:55
CONT2024008549,2024-11-12 02:21:48,2024-11-22 11:43:21
CONT2024008550,2024-11-10 03:45:24,2024-11-10 20:53:46
CONT2024008551,2024-11-19 12:14:30,2024-11-22 17:13:26
CONT2024008552,2024-11-11 09:44:01,2024-11-23 22:05:17
CONT2024008553,2024-11-09 13:53:43,
CONT2024008554,2024-11-14 02:13:21,2024-11-22 05:29:04
CONT2024008555,2024-11-10 18:19:34,
CONT2024008556,2024-11-10 20:17:53,2024-11-23 01:57:15
CONT2024008557,2024-11-10 05:43:38,
CONT2024008558,2024-11-11 10:50:48,2024-11-12 08:35:43
CONT2024008559,2024-11-13 22:37:46,
CONT2024008560,2024-11-16 13:41:08,2024-11-22 20:31:50
CONT2024008561,2024-11-17 23:58:17,
CONT2024008562,2024-11-13 09:16:55,2024-11-14 09:06:59
CONT2024008563,2024-11-15 19:38:19,2024-11-23 00:58:20
CONT2024008564,2024-11-19 02:17:28,2024-11-19 11:33:19
CONT2024008565,2024-11-18 20:51:21,2024-11-19 19:12:40
CONT2024008566,2024-11-19 17:59:47,2024-11-22 14:11:14
CONT2024008567,2024-11-10 12:14:20,2024-11-11 19:29:50
CONT2024008568,2024-11-11 02:18:00,2024-11-12 03:03:11
CONT2024008569,2024-11-11 19:33:45,2024-11-12 09:57:53
CONT2024008570,2024-11-13 10:52:07,
CONT2024008571,2024-11-13 01:32:21,2024-11-24 01:22:09
CONT2024008572,2024-11-19 20:31:29,
CONT2024008573,2024-11-21 09:17:34,
CONT2024008574,2024-11-16 00:40:15,
CONT2024008575,2024-11-13 02:33:43,2024-11-14 01:00:33
CONT2024008576,2024-11-16 06:03:43,2024-11-25 17:47:38
CONT2024008577,2024-11-19 12:23:12,
CONT2024008578,2024-11-17 07:26:55,2024-11-19 05:57:32
CONT2024008579,2024-11-18 10:44:40,
CONT2024008580,2024-11-17 23:23:04,
CONT2024008581,2024-11-17 14:41:39,2024-11-25 21:58:22
CONT2024008582,2024-11-14 00:50:06,2024-11-25 15:12:28
CONT2024008583,2024-11-17 04:22:59,2024-11-17 08:22:59
CONT2024008584,2024-11-21 17:31:52,2024-11-22 12:33:17
CONT2024008585,2024-11-20 17:36:22,2024-11-25 17:17:49
CONT2024008586,2024-11-12 23:33:22,2024-11-14 00:02:16
CONT2024008587,2024-11-13 04:19:19,2024-11-25 15:43:34
CONT2024008588,2024-11-15 03:14:25,2024-11-15 19:33:40
CONT2024008589,2024-11-18 15:12:31,2024-11-25 03:56:53
CONT2024008590,2024-11-19 16:15:09,2024-11-25 18:52:59
CONT2024008591,2024-11-21 03:42:28,2024-11-22 05:08:13
CONT2024008592,2024-11-21 12:04:10,2024-11-22 10:55:37
CONT2024008593,2024-11-16 03:00:14,2024-11-17 10:53:33
CONT2024008594,2024-11-13 21:11:35,2024-11-14 20:11:26
CONT2024008595,2024-11-18 19:52:26,2024-11-26 02:37:10
CONT2024008596,2024-11-20 02:38:52,
CONT2024008597,2024-11-14 16:39:13,
CONT2024008598,2024-11-12 02:32:14,2024-11-13 02:56:07
CONT2024008599,2024-11-23 03:22:26,2024-11-24 09:41:12
CONT2024008600,2024-11-13 13:47:25,2024-11-14 18:25:17
CONT2024008601,2024-11-16 10:06:08,2024-11-25 08:14:41
CONT2024008602,2024-11-13 19:32:14,2024-11-25 15:39:45
CONT2024008603,2024-11-22 01:33:18,
CONT2024008604,2024-11-17 18:34:41,2024-11-18 12:54:39
CONT2024008605,2024-11-18 07:57:23,2024-11-18 22:32:30
CONT2024008606,2024-11-19 11:58:41,
CONT2024008607,2024-11-18 08:53:55,2024-11-25 17:14:19
CONT2024008608,2024-11-22 10:30:10,2024-11-25 06:33:17
CONT2024008609,2024-11-20 15:19:42,2024-11-25 12:53:25
CONT2024008610,2024-11-14 02:08:42,
CONT2024008611,2024-11-13 01:01:44,2024-11-25 16:30:10
CONT2024008612,2024-11-13 23:12:06,2024-11-25 13:54:51
CONT2024008613,2024-11-18 11:33:33,2024-11-25 08:01:20
CONT2024008614,2024-11-19 21:41:40,
CONT2024008615,2024-11-13 07:44:48,
CONT2024008616,2024-11-12 10:48:40,2024-11-13 11:05:58
CONT2024008617,2024-11-12 05:39:09,
CONT2024008618,2024-11-17 20:02:00,2024-11-25 04:43:53
CONT2024008619,2024-11-19 18:22:48,2024-11-26 04:55:45
CONT2024008620,2024-11-16 10:12:39,2024-11-16 19:57:54
CONT2024008621,2024-11-12 02:41:33,2024-11-25 21:55:49
CONT2024008622,2024-11-13 23:43:11,2024-11-15 02:27:31
CONT2024008623,2024-11-14 21:42:40,2024-11-26 00:48:21
CONT2024008624,2024-11-19 12:41:49,2024-11-20 15:54:34
CONT2024008625,2024-11-16 17:20:02,
CONT2024008626,2024-11-17 06:15:27,
CONT2024008627,2024-11-19 22:30:11,2024-11-27 17:19:20
CONT2024008628,2024-11-22 00:48:49,2024-11-27 08:33:06
CONT2024008629,2024-11-19 16:52:25,
CONT2024008630,2024-11-21 06:04:10,2024-11-26 14:59:15
CONT2024008631,2024-11-18 18:11:58,2024-11-27 07:53:49
CONT2024008632,2024-11-17 08:55:16,2024-11-18 02:37:03
CONT2024008633,2024-11-13 20:04:18,
CONT2024008634,2024-11-19 07:22:58,
CONT2024008635,2024-11-18 18:10:21,2024-11-28 02:46:12
CONT2024008636,2024-11-18 06:22:02,2024-11-27 15:16:36
CONT2024008637,2024-11-18 23:26:52,
CONT2024008638,2024-11-22 02:26:58,
CONT2024008639,2024-11-22 16:25:27,
CONT2024008640,2024-11-14 06:35:25,2024-11-27 04:37:27
CONT2024008641,2024-11-22 00:11:05,2024-11-23 04:07:54
CONT2024008642,2024-11-23 04:37:38,2024-11-28 00:22:02
CONT2024008643,2024-11-19 22:49:11,2024-11-21 00:21:49
CONT2024008644,2024-11-23 14:44:49,2024-11-27 05:56:28
CONT2024008645,2024-11-22 13:52:36,2024-11-27 05:36:05
CONT2024008646,2024-11-20 13:03:32,2024-11-28 03:23:19
CONT2024008647,2024-11-17 17:44:49,2024-11-27 16:55:16
CONT2024008648,2024-11-23 16:37:20,2024-11-27 12:34:23
CONT2024008649,2024-11-19 00:10:42,2024-11-26 18:38:47
CONT2024008650,2024-11-16 01:51:57,2024-11-17 07:04:40
CONT2024008651,2024-11-14 04:00:18,2024-11-15 04:11:49
CONT2024008652,2024-11-15 19:54:38,2024-11-28 03:27:57
CONT2024008653,2024-11-14 12:42:39,2024-11-27 08:43:09
CONT2024008654,2024-11-17 02:23:16,2024-11-27 19:50:50
CONT2024008655,2024-11-24 12:41:08,2024-11-26 22:38:57
CONT2024008656,2024-11-22 11:04:00,2024-11-23 02:13:15
CONT2024008657,2024-11-23 15:28:40,2024-11-27 22:31:23
CONT2024008658,2024-11-17 02:27:19,2024-11-17 21:34:40
CONT2024008659,2024-11-23 14:13:29,2024-11-24 16:12:53
CONT2024008660,2024-11-24 16:21:17,2024-11-27 07:40:21
CONT2024008661,2024-11-20 09:19:54,2024-11-20 18:27:29
CONT2024008662,2024-11-22 11:09:00,
CONT2024008663,2024-11-16 03:12:24,
CONT2024008664,2024-11-24 08:45:56,2024-11-24 23:12:59
CONT2024008665,2024-11-16 19:49:58,2024-11-17 10:03:53
CONT2024008666,2024-11-15 05:00:50,
CONT2024008667,2024-11-15 11:56:45,2024-11-27 14:05:56
CONT2024008668,2024-11-23 15:30:42,
CONT2024008669,2024-11-20 13:40:15,2024-11-21 13:15:41
CONT2024008670,2024-11-14 11:49:44,
CONT2024008671,2024-11-17 02:16:50,2024-11-27 02:34:11
CONT2024008672,2024-11-19 01:48:22,2024-11-26 20:25:07
CONT2024008673,2024-11-22 11:18:26,2024-11-23 01:38:41
CONT2024008674,2024-11-20 07:26:18,2024-11-27 13:17:28
CONT2024008675,2024-11-18 04:31:09,2024-11-18 22:52:11
CONT2024008676,2024-11-23 15:46:38,2024-11-26 21:01:52
CONT2024008677,2024-11-23 07:37:01,2024-11-27 09:38:02
CONT2024008678,2024-11-16 22:04:18,2024-11-17 23:17:16
CONT2024008679,2024-11-19 18:30:51,
CONT2024008680,2024-11-14 01:00:17,2024-11-14 20:44:24
CONT2024008681,2024-11-23 08:23:36,2024-11-23 22:05:47
CONT2024008682,2024-11-21 03:35:05,2024-11-22 04:33:49
CONT2024008683,2024-11-22 13:03:16,2024-11-24 01:42:03
CONT2024008684,2024-11-23 20:46:15,2024-11-24 11:28:52
CONT2024008685,2024-11-15 05:53:14,2024-11-16 02:34:31
CONT2024008686,2024-11-14 04:14:42,2024-11-14 21:53:03
CONT2024008687,2024-11-23 04:34:03,
CONT2024008688,2024-11-20 12:23:08,2024-11-21 00:43:05
CONT2024008689,2024-11-19 08:28:02,2024-11-27 13:20:35
CONT2024008690,2024-11-22 00:33:38,2024-11-22 20:16:31
CONT2024008691,2024-11-16 03:05:29,2024-11-16 21:47:35
CONT2024008692,2024-11-16 08:00:11,
CONT2024008693,2024-11-18 15:30:05,2024-11-19 10:16:01
CONT2024008694,2024-11-17 10:14:43,2024-11-28 22:21:13
CONT2024008695,2024-11-15 13:43:18,2024-11-16 09:40:11
CONT2024008696,2024-11-22 00:43:56,2024-11-23 03:48:53
CONT2024008697,2024-11-14 16:13:13,2024-11-27 18:12:13
CONT2024008698,2024-11-14 09:48:29,2024-11-27 13:51:05
CONT2024008699,2024-11-20 13:12:48,2024-11-21 20:16:20
CONT2024008700,2024-11-22 03:37:21,2024-11-22 14:42:39
CONT2024008701,2024-11-16 21:29:51,2024-11-17 09:29:21
CONT2024008702,2024-11-17 12:30:58,
CONT2024008703,2024-11-22 05:22:57,2024-11-23 08:26:58
CONT2024008704,2024-11-20 00:16:53,2024-11-20 19:49:33
CONT2024008705,2024-11-14 17:33:31,2024-11-28 01:44:00
CONT2024008706,2024-11-16 18:29:58,
CONT2024008707,2024-11-24 14:55:45,2024-11-25 14:14:44
CONT2024008708,2024-11-17 09:12:20,2024-11-18 05:16:04
CONT2024008709,2024-11-15 05:42:48,2024-11-16 01:42:57
CONT2024008710,2024-11-23 05:56:04,2024-11-24 01:06:20
CONT2024008711,2024-11-23 12:11:09,2024-11-28 08:46:34
CONT2024008712,2024-11-16 05:50:25,2024-11-28 10:20:40
CONT2024008713,2024-11-15 14:23:49,2024-11-28 15:36:28
CONT2024008714,2024-11-19 10:22:23,2024-11-20 04:20:41
CONT2024008715,2024-11-20 14:04:38,
CONT2024008716,2024-11-19 03:46:08,2024-11-20 12:28:44
CONT2024008717,2024-11-21 16:02:48,2024-11-22 20:10:43
CONT2024008718,2024-11-22 07:11:43,2024-11-28 02:17:56
CONT2024008719,2024-11-14 14:43:07,
CONT2024008720,2024-11-17 01:27:44,2024-11-17 22:08:37
CONT2024008721,2024-11-22 14:07:36,
CONT2024008722,2024-11-22 13:33:31,2024-11-23 01:21:38
CONT2024008723,2024-11-21 07:25:31,
CONT2024008724,2024-11-19 13:40:38,2024-11-27 20:59:33
CONT2024008725,2024-11-16 05:11:04,2024-11-29 04:53:27
CONT2024008726,2024-11-18 10:48:58,2024-11-29 03:12:16
CONT2024008727,2024-11-26 02:24:57,2024-11-28 16:17:17
CONT2024008728,2024-11-20 08:51:03,2024-11-28 02:34:37
CONT2024008729,2024-11-25 07:34:16,2024-11-26 03:10:21
CONT2024008730,2024-11-21 21:22:49,2024-11-22 11:25:42
CONT2024008731,2024-11-18 23:55:11,2024-11-28 10:03:00
CONT2024008732,2024-11-18 02:30:39,
CONT2024008733,2024-11-26 02:28:01,2024-11-26 17:20:04
CONT2024008734,2024-11-23 21:04:15,2024-11-24 15:56:08
CONT2024008735,2024-11-18 18:52:03,2024-11-20 02:40:00
CONT2024008736,2024-11-25 19:09:54,2024-11-26 16:31:41
CONT2024008737,2024-11-23 14:20:34,2024-11-29 16:28:29
CONT2024008738,2024-11-22 09:02:17,2024-11-29 11:19:26
CONT2024008739,2024-11-18 04:36:51,2024-11-19 05:52:01
CONT2024008740,2024-11-25 14:50:59,2024-11-28 17:06:22
CONT2024008741,2024-11-19 10:27:25,2024-11-29 12:02:38
CONT2024008742,2024-11-24 20:30:16,2024-11-29 04:47:24
CONT2024008743,2024-11-22 18:28:55,2024-11-23 16:16:16
CONT2024008744,2024-11-23 00:11:59,
CONT2024008745,2024-11-18 02:32:49,2024-11-29 10:02:14
CONT2024008746,2024-11-26 09:31:52,2024-11-27 09:41:14
CONT2024008747,2024-11-16 15:24:49,2024-11-29 10:10:29
CONT2024008748,2024-11-16 02:08:47,2024-11-16 13:15:32
CONT2024008749,2024-11-15 19:39:22,
CONT2024008750,2024-11-26 01:38:40,2024-11-29 10:16:32
CONT2024008751,2024-11-18 02:47:09,2024-11-29 03:46:41
CONT2024008752,2024-11-19 20:32:04,2024-11-29 18:13:23
CONT2024008753,2024-11-18 03:45:58,2024-11-18 21:52:07
CONT2024008754,2024-11-18 02:40:29,
CONT2024008755,2024-11-20 22:25:16,2024-11-28 05:04:57
CONT2024008756,2024-11-24 15:11:54,2024-11-30 03:19:23
CONT2024008757,2024-11-21 14:21:00,2024-11-22 20:01:15
CONT2024008758,2024-11-24 06:06:58,2024-11-25 05:34:46
CONT2024008759,2024-11-24 06:35:28,2024-11-25 05:07:21
CONT2024008760,2024-11-22 01:58:03,
CONT2024008761,2024-11-26 09:41:24,2024-11-29 08:15:46
CONT2024008762,2024-11-25 14:59:58,2024-11-26 08:46:05
CONT2024008763,2024-11-19 13:39:24,2024-11-29 09:24:13
CONT2024008764,2024-11-22 01:36:16,2024-11-29 08:26:10
CONT2024008765,2024-11-20 14:37:39,2024-11-29 11:29:38
CONT2024008766,2024-11-20 21:20:55,2024-11-21 14:41:23
CONT2024008767,2024-11-21 13:26:22,2024-11-30 07:02:49
CONT2024008768,2024-11-20 17:59:33,2024-11-29 19:08:08
CONT2024008769,2024-11-22 02:04:37,2024-11-22 15:49:37
CONT2024008770,2024-11-23 20:25:40,
CONT2024008771,2024-11-18 02:19:11,2024-11-30 00:13:46
CONT2024008772,2024-11-16 18:32:17,2024-11-17 20:58:40
CONT2024008773,2024-11-19 00:04:53,2024-11-29 22:03:10
CONT2024008774,2024-11-17 23:58:10,
CONT2024008775,2024-11-25 10:28:50,
CONT2024008776,2024-11-18 20:08:57,2024-11-29 20:28:41
CONT2024008777,2024-11-22 06:38:25,2024-11-29 13:39:19
CONT2024008778,2024-11-16 15:47:28,2024-11-28 15:44:53
CONT2024008779,2024-11-26 04:36:21,2024-11-29 04:04:38
CONT2024008780,2024-11-24 16:21:26,2024-11-25 21:42:29
CONT2024008781,2024-11-22 10:52:13,2024-11-23 07:51:21
CONT2024008782,2024-11-26 07:24:30,
CONT2024008783,2024-11-25 06:34:05,2024-11-29 13:59:31
CONT2024008784,2024-11-23 07:56:12,2024-11-24 10:18:34
CONT2024008785,2024-11-29 02:20:40,2024-12-02 07:37:02
CONT2024008786,2024-11-19 11:29:40,2024-11-19 19:29:13
CONT2024008787,2024-11-27 12:46:10,2024-11-28 17:56:54
CONT2024008788,2024-11-24 16:11:45,2024-12-02 16:48:35
CONT2024008789,2024-11-20 03:57:25,2024-11-21 10:46:50
CONT2024008790,2024-11-18 15:45:49,2024-11-19 18:39:40
CONT2024008791,2024-11-22 09:37:21,2024-12-01 16:01:25
CONT2024008792,2024-11-22 23:21:57,2024-11-23 11:40:37
CONT2024008793,2024-11-27 17:37:29,2024-12-03 00:40:43
CONT2024008794,2024-11-28 07:25:23,2024-11-28 13:15:34
CONT2024008795,2024-11-22 11:31:35,2024-12-02 18:41:32
CONT2024008796,2024-11-24 00:07:42,2024-12-02 22:23:47
CONT2024008797,2024-11-19 01:14:38,2024-11-20 04:19:43
CONT2024008798,2024-11-29 01:14:08,2024-11-30 00:58:26
CONT2024008799,2024-11-22 15:30:33,2024-12-02 10:39:26
CONT2024008800,2024-11-21 02:08:53,2024-11-22 01:11:46
CONT2024008801,2024-11-19 06:10:41,2024-12-02 05:03:02
CONT2024008802,2024-11-28 11:26:48,2024-12-02 09:45:14
CONT2024008803,2024-11-29 23:02:28,2024-12-02 00:13:30
CONT2024008804,2024-11-22 01:13:58,2024-11-23 02:19:44
CONT2024008805,2024-11-26 19:25:34,
CONT2024008806,2024-11-21 04:11:59,2024-11-21 23:47:28
CONT2024008807,2024-11-25 22:20:04,2024-11-26 12:46:05
CONT2024008808,2024-11-26 20:04:58,2024-11-27 22:29:12
CONT2024008809,2024-11-21 01:52:29,2024-12-02 10:38:28
CONT2024008810,2024-11-27 12:04:14,2024-11-28 07:07:12
CONT2024008811,2024-11-26 12:15:57,
CONT2024008812,2024-11-27 06:54:22,2024-12-03 16:30:33
CONT2024008813,2024-11-20 23:05:33,2024-12-02 20:00:11
CONT2024008814,2024-11-28 21:56:40,2024-12-03 01:23:38
CONT2024008815,2024-11-24 05:39:59,2024-12-03 08:14:46
CONT2024008816,2024-11-23 15:06:09,2024-11-24 18:27:43
CONT2024008817,2024-11-25 13:21:54,2024-12-03 03:15:30
CONT2024008818,2024-11-20 09:33:11,2024-12-03 18:21:06
CONT2024008819,2024-11-23 11:04:30,2024-11-24 11:29:26
CONT2024008820,2024-11-25 01:16:32,2024-11-26 00:16:40
CONT2024008821,2024-11-24 09:50:54,
CONT2024008822,2024-11-24 15:30:24,2024-11-25 08:30:13
CONT2024008823,2024-11-27 17:31:15,2024-11-28 13:20:19
CONT2024008824,2024-11-20 21:09:26,2024-12-03 20:56:56
CONT2024008825,2024-11-21 04:02:13,2024-11-22 06:05:50
CONT2024008826,2024-12-01 08:49:30,2024-12-05 01:49:28
CONT2024008827,2024-11-23 05:12:07,2024-12-03 18:50:52
CONT2024008828,2024-11-25 14:09:25,2024-12-03 16:36:53
CONT2024008829,2024-11-27 08:16:02,2024-11-28 05:10:09
CONT2024008830,2024-11-21 06:06:56,2024-11-21 10:39:21
CONT2024008831,2024-11-21 04:03:07,2024-12-03 17:21:42
CONT2024008832,2024-11-21 07:50:58,
CONT2024008833,2024-11-28 21:25:57,2024-11-29 16:11:51
CONT2024008834,2024-11-30 08:04:57,2024-12-04 16:05:26
CONT2024008835,2024-11-21 18:20:13,2024-12-03 22:27:24
CONT2024008836,2024-11-28 08:57:19,2024-12-04 09:16:27
CONT2024008837,2024-11-30 03:30:44,2024-11-30 13:47:14
CONT2024008838,2024-11-26 07:53:32,2024-11-27 04:34:21
CONT2024008839,2024-11-26 09:44:26,
CONT2024008840,2024-11-22 16:48:32,2024-12-04 10:05:24
CONT2024008841,2024-11-25 13:54:04,2024-11-26 05:00:25
CONT2024008842,2024-11-23 14:26:21,
CONT2024008843,2024-11-27 10:49:53,2024-11-28 01:11:48
CONT2024008844,2024-11-22 03:29:04,2024-11-23 00:42:49
CONT2024008845,2024-11-27 14:34:27,2024-11-28 14:01:24
CONT2024008846,2024-11-20 15:43:49,2024-12-04 19:56:09
CONT2024008847,2024-11-22 03:44:07,2024-12-04 12:36:04
CONT2024008848,2024-11-25 08:38:12,2024-12-05 11:30:41
CONT2024008849,2024-11-24 02:23:32,2024-12-05 03:40:57
CONT2024008850,2024-11-28 16:37:27,2024-11-28 22:50:37
CONT2024008851,2024-11-23 06:21:11,2024-12-04 12:42:23
CONT2024008852,2024-11-27 12:03:52,2024-11-28 09:28:22
CONT2024008853,2024-11-21 12:23:00,2024-11-22 12:16:49
CONT2024008854,2024-11-26 19:32:40,2024-11-27 02:46:21
CONT2024008855,2024-11-25 03:13:52,2024-11-26 05:59:12
CONT2024008856,2024-11-25 20:26:59,2024-11-26 22:24:24
CONT2024008857,2024-11-21 11:01:54,2024-12-04 16:40:27
CONT2024008858,2024-11-24 05:03:04,
CONT2024008859,2024-11-30 04:00:43,2024-12-01 09:31:36
CONT2024008860,2024-12-01 14:48:48,2024-12-04 11:58:07
CONT2024008861,2024-11-25 15:03:13,2024-12-05 04:39:38
CONT2024008862,2024-11-30 18:26:30,
CONT2024008863,2024-11-28 08:56:30,2024-11-29 09:19:02
CONT2024008864,2024-12-01 13:29:37,2024-12-03 18:35:46
CONT2024008865,2024-11-22 10:47:21,2024-12-04 13:31:29
CONT2024008866,2024-11-21 23:09:07,2024-11-23 10:43:22
CONT2024008867,2024-11-22 17:58:32,2024-12-05 11:33:15
CONT2024008868,2024-11-24 04:06:30,
CONT2024008869,2024-12-01 02:07:58,2024-12-01 15:43:58
CONT2024008870,2024-11-29 00:01:37,2024-11-29 12:07:01
CONT2024008871,2024-11-23 04:09:37,2024-11-23 18:27:37
CONT2024008872,2024-11-29 10:31:13,2024-11-30 08:05:41
CONT2024008873,2024-11-22 05:36:32,2024-11-22 11:11:09
CONT2024008874,2024-12-01 09:36:20,2024-12-04 20:33:21
CONT2024008875,2024-12-01 17:28:40,2024-12-02 19:50:12
CONT2024008876,2024-11-27 08:25:47,2024-11-28 14:41:48
CONT2024008877,2024-11-27 02:24:02,2024-11-28 01:17:18
CONT2024008878,2024-11-27 17:09:45,2024-11-28 07:10:42
CONT2024008879,2024-11-30 18:05:00,2024-12-01 13:36:29
CONT2024008880,2024-11-21 06:52:29,
CONT2024008881,2024-12-03 01:18:55,2024-12-06 10:14:07
CONT2024008882,2024-11-30 23:45:53,2024-12-02 00:37:51
CONT2024008883,2024-11-23 15:34:29,2024-11-24 12:28:04
CONT2024008884,2024-11-29 00:38:39,2024-12-06 12:51:35
CONT2024008885,2024-12-02 06:03:58,2024-12-03 04:19:30
CONT2024008886,2024-11-24 03:06:21,2024-11-24 14:21:08
CONT2024008887,2024-11-25 20:56:12,2024-11-26 21:27:10
CONT2024008888,2024-11-28 16:47:08,2024-12-05 19:38:35
CONT2024008889,2024-11-30 04:50:07,2024-12-05 20:11:06
CONT2024008890,2024-11-27 22:13:32,2024-12-06 04:51:40
CONT2024008891,2024-11-30 17:58:20,
CONT2024008892,2024-11-28 20:23:16,2024-11-30 01:34:20
CONT2024008893,2024-11-26 21:47:47,
CONT2024008894,2024-11-23 15:12:50,2024-11-24 07:46:44
CONT2024008895,2024-12-01 10:44:45,2024-12-06 04:44:48
CONT2024008896,2024-11-29 11:37:12,2024-11-30 09:00:47
CONT2024008897,2024-11-27 01:16:42,2024-11-27 19:26:54
CONT2024008898,2024-11-29 04:05:01,
CONT2024008899,2024-12-01 22:01:25,2024-12-02 15:56:22
CONT2024008900,2024-11-28 16:22:52,2024-11-29 09:34:37
CONT2024008901,2024-12-01 21:44:50,2024-12-06 19:40:45
CONT2024008902,2024-11-27 08:47:14,2024-12-06 10:07:14
CONT2024008903,2024-11-30 13:47:14,2024-12-06 06:08:53
CONT2024008904,2024-11-30 16:51:50,2024-12-01 11:33:42
CONT2024008905,2024-12-01 17:50:10,2024-12-07 00:36:38
CONT2024008906,2024-11-29 15:28:33,2024-12-06 06:01:51
CONT2024008907,2024-11-30 13:40:29,2024-12-01 10:37:25
CONT2024008908,2024-11-30 00:15:11,2024-12-07 01:13:20
CONT2024008909,2024-11-24 06:49:08,
CONT2024008910,2024-12-03 12:09:13,2024-12-03 16:11:43
CONT2024008911,2024-11-27 17:56:00,
CONT2024008912,2024-12-02 13:18:50,2024-12-06 19:41:43
CONT2024008913,2024-12-01 08:53:27,
CONT2024008914,2024-11-23 04:55:35,2024-12-06 17:59:40
CONT2024008915,2024-11-24 01:55:36,2024-11-25 01:57:28
CONT2024008916,2024-11-24 18:03:55,2024-11-25 03:54:16
CONT2024008917,2024-11-24 06:40:58,2024-11-24 21:34:50
CONT2024008918,2024-11-28 02:10:34,2024-12-06 12:46:08
CONT2024008919,2024-11-27 02:12:38,2024-12-06 00:15:33
CONT2024008920,2024-12-01 22:34:20,2024-12-06 09:30:25
CONT2024008921,2024-12-01 16:57:54,
CONT2024008922,2024-11-25 16:23:13,2024-11-26 13:50:58
CONT2024008923,2024-11-26 08:17:13,2024-11-27 07:44:52
CONT2024008924,2024-12-01 20:25:51,2024-12-02 14:48:18
CONT2024008925,2024-12-02 22:10:26,2024-12-07 04:59:11
CONT2024008926,2024-11-26 13:09:43,2024-12-06 07:44:17
CONT2024008927,2024-12-04 02:01:15,2024-12-06 13:58:15
CONT2024008928,2024-11-27 13:44:36,2024-12-07 01:11:37
CONT2024008929,2024-12-01 06:01:09,2024-12-01 21:00:49
CONT2024008930,2024-11-30 23:58:58,2024-12-01 04:36:25
CONT2024008931,2024-11-27 22:53:41,2024-12-06 05:18:55
CONT2024008932,2024-11-30 22:58:13,2024-12-01 12:46:15
CONT2024008933,2024-11-25 16:17:06,2024-12-07 08:43:45
CONT2024008934,2024-12-03 14:59:51,2024-12-06 22:33:50
CONT2024008935,2024-11-26 05:21:41,2024-12-06 11:57:18
CONT2024008936,2024-11-23 13:45:01,2024-12-07 03:19:15
CONT2024008937,2024-11-25 23:33:04,2024-12-06 15:28:21
CONT2024008938,2024-11-23 07:30:34,2024-12-06 08:32:50
CONT2024008939,2024-12-03 21:55:38,2024-12-07 12:21:02
CONT2024008940,2024-11-25 14:48:00,2024-12-05 22:29:48
CONT2024008941,2024-12-01 16:24:35,2024-12-06 21:41:36
CONT2024008942,2024-12-02 13:34:03,2024-12-03 02:04:42
CONT2024008943,2024-12-01 07:38:14,2024-12-01 13:42:53
CONT2024008944,2024-11-26 20:50:23,2024-11-27 22:30:16
CONT2024008945,2024-11-23 22:23:24,
CONT2024008946,2024-11-24 00:45:45,
CONT2024008947,2024-11-28 12:28:09,2024-12-07 02:13:02
CONT2024008948,2024-12-02 18:35:33,2024-12-07 09:19:29
CONT2024008949,2024-12-02 01:11:17,2024-12-07 09:23:42
CONT2024008950,2024-11-26 09:57:17,
CONT2024008951,2024-11-25 04:13:19,2024-12-07 04:00:17
CONT2024008952,2024-11-25 04:23:07,2024-12-06 18:56:33
CONT2024008953,2024-12-03 16:27:58,2024-12-07 15:21:56
CONT2024008954,2024-12-02 00:27:00,2024-12-07 08:14:13
CONT2024008955,2024-12-03 01:54:46,2024-12-07 10:20:12
CONT2024008956,2024-11-28 01:52:14,2024-12-07 13:59:11
CONT2024008957,2024-11-25 23:53:48,2024-12-06 23:05:56
CONT2024008958,2024-12-03 04:14:38,2024-12-04 09:18:55
CONT2024008959,2024-11-27 17:09:11,2024-12-06 18:45:18
CONT2024008960,2024-11-24 10:08:10,2024-12-06 13:44:51
CONT2024008961,2024-12-03 22:55:39,2024-12-07 23:25:07
CONT2024008962,2024-11-29 06:52:35,2024-12-06 15:07:46
CONT2024008963,2024-11-30 14:09:01,2024-12-06 17:02:37
CONT2024008964,2024-11-25 01:48:30,2024-12-07 06:53:03
CONT2024008965,2024-12-01 16:58:08,2024-12-07 17:50:39
CONT2024008966,2024-11-30 07:49:31,2024-12-01 12:24:14
CONT2024008967,2024-12-04 07:37:53,2024-12-05 06:32:07
CONT2024008968,2024-12-01 09:33:27,2024-12-01 19:30:46
CONT2024008969,2024-12-03 12:32:04,2024-12-04 11:12:46
CONT2024008970,2024-11-30 21:41:44,2024-12-07 05:44:27
CONT2024008971,2024-11-26 06:24:37,2024-12-07 16:57:01
CONT2024008972,2024-12-04 06:43:41,2024-12-05 04:46:26
CONT2024008973,2024-11-29 12:57:19,2024-12-07 12:26:57
CONT2024008974,2024-11-27 19:39:10,2024-11-28 05:30:18
CONT2024008975,2024-11-25 07:05:41,
CONT2024008976,2024-11-30 06:45:58,2024-11-30 16:00:24
CONT2024008977,2024-11-29 14:48:42,2024-12-08 04:08:21
CONT2024008978,2024-12-02 23:04:19,2024-12-07 18:38:03
CONT2024008979,2024-11-28 02:18:32,
CONT2024008980,2024-12-03 15:17:40,2024-12-07 16:46:35
CONT2024008981,2024-11-24 10:41:58,2024-12-07 15:37:32
CONT2024008982,2024-12-03 18:16:56,2024-12-04 01:07:05
CONT2024008983,2024-12-04 13:14:22,2024-12-05 03:25:13
CONT2024008984,2024-11-29 13:24:44,2024-11-30 10:02:45
CONT2024008985,2024-12-03 22:39:58,
CONT2024008986,2024-11-29 08:42:14,2024-11-30 05:23:26
CONT2024008987,2024-11-25 01:09:08,
CONT2024008988,2024-11-24 15:21:47,
CONT2024008989,2024-11-24 13:43:09,2024-12-08 01:46:31
CONT2024008990,2024-11-26 13:24:08,
CONT2024008991,2024-11-28 11:00:12,2024-11-29 05:03:28
CONT2024008992,2024-11-28 18:08:45,2024-11-29 15:42:22
CONT2024008993,2024-11-25 21:29:19,2024-11-26 16:33:56
CONT2024008994,2024-11-30 17:28:28,2024-12-01 12:37:50
CONT2024008995,2024-12-03 06:40:44,2024-12-07 18:17:23
CONT2024008996,2024-12-01 08:37:07,2024-12-02 16:31:05
CONT2024008997,2024-12-01 12:35:14,2024-12-02 10:09:25
CONT2024008998,2024-12-04 01:27:02,2024-12-04 13:13:47
CONT2024008999,2024-12-04 06:48:01,
CONT2024009000,2024-11-28 19:28:54,2024-11-29 18:20:42
CONT2024009001,2024-11-30 04:27:02,2024-11-30 16:59:25
CONT2024009002,2024-12-01 23:47:50,
CONT2024009003,2024-12-04 10:27:02,2024-12-08 17:24:43
CONT2024009004,2024-12-04 12:04:39,2024-12-05 05:22:50
CONT2024009005,2024-11-24 18:11:49,
CONT2024009006,2024-12-01 10:27:02,2024-12-09 01:32:21
CONT2024009007,2024-11-30 04:44:59,2024-12-08 17:51:28
CONT2024009008,2024-11-30 13:06:05,
CONT2024009009,2024-12-03 13:12:59,2024-12-07 22:32:53
CONT2024009010,2024-11-25 16:56:24,2024-12-07 23:37:34
CONT2024009011,2024-12-03 22:29:14,2024-12-07 18:10:07
CONT2024009012,2024-11-27 21:25:11,2024-12-07 20:47:51
CONT2024009013,2024-11-28 02:31:30,
CONT2024009014,2024-12-04 07:30:46,2024-12-07 19:14:17
CONT2024009015,2024-12-02 02:17:42,
CONT2024009016,2024-12-03 00:30:01,2024-12-08 18:00:38
CONT2024009017,2024-11-27 10:29:41,2024-12-08 18:34:18
CONT2024009018,2024-11-27 13:16:20,
CONT2024009019,2024-12-01 07:50:16,2024-12-09 07:43:34
CONT2024009020,2024-11-26 12:12:31,2024-12-07 23:50:54
CONT2024009021,2024-11-25 07:53:09,2024-12-08 13:45:22
CONT2024009022,2024-12-01 02:49:52,2024-12-09 02:44:32
CONT2024009023,2024-12-03 13:28:00,
CONT2024009024,2024-12-03 05:36:33,
CONT2024009025,2024-12-03 21:01:32,2024-12-08 11:09:50
CONT2024009026,2024-12-05 20:04:26,
CONT2024009027,2024-12-02 04:32:01,2024-12-03 04:42:11
CONT2024009028,2024-11-29 09:48:53,2024-12-09 16:59:43
CONT2024009029,2024-12-01 06:44:19,2024-12-01 20:02:26
CONT2024009030,2024-12-03 08:09:32,2024-12-04 08:21:42
CONT2024009031,2024-12-02 23:20:25,2024-12-04 04:04:13
CONT2024009032,2024-12-02 16:22:49,2024-12-03 00:54:41
CONT2024009033,2024-11-29 06:24:12,
CONT2024009034,2024-11-28 17:05:13,2024-12-07 23:52:20
CONT2024009035,2024-11-26 09:56:26,
CONT2024009036,2024-11-25 01:01:21,
CONT2024009037,2024-12-02 19:52:31,2024-12-03 19:27:04
CONT2024009038,2024-12-03 11:54:09,2024-12-07 19:55:10
CONT2024009039,2024-11-27 11:24:34,2024-12-08 20:46:35
CONT2024009040,2024-11-29 13:54:11,2024-11-30 08:25:09
CONT2024009041,2024-12-03 03:54:28,
CONT2024009042,2024-11-27 14:23:14,
CONT2024009043,2024-11-27 06:58:46,2024-12-08 06:06:29
CONT2024009044,2024-11-29 07:18:04,
CONT2024009045,2024-12-05 10:51:55,2024-12-08 20:48:41
CONT2024009046,2024-12-01 22:51:10,2024-12-08 17:13:25
CONT2024009047,2024-12-04 08:09:54,2024-12-08 09:42:50
CONT2024009048,2024-12-02 12:28:27,2024-12-03 08:34:30
CONT2024009049,2024-11-28 12:55:32,2024-11-30 00:58:06
CONT2024009050,2024-12-05 01:10:34,2024-12-06 02:26:34
CONT2024009051,2024-11-25 16:29:36,2024-11-26 15:20:10
CONT2024009052,2024-11-28 17:59:37,2024-12-08 22:50:28
CONT2024009053,2024-12-03 06:55:32,2024-12-04 15:16:37
CONT2024009054,2024-12-01 06:31:04,2024-12-01 20:11:04
CONT2024009055,2024-12-04 09:46:53,2024-12-08 16:22:44
CONT2024009056,2024-12-03 10:54:06,2024-12-04 06:56:09
CONT2024009057,2024-12-05 13:01:26,2024-12-06 08:02:36
CONT2024009058,2024-12-03 10:38:44,2024-12-04 04:08:31
CONT2024009059,2024-11-26 10:06:10,2024-11-26 14:06:10
CONT2024009060,2024-12-02 16:04:54,2024-12-08 11:41:07
CONT2024009061,2024-12-02 04:05:27,2024-12-08 18:36:58
CONT2024009062,2024-11-28 15:33:30,2024-11-28 23:09:36
CONT2024009063,2024-12-02 17:19:49,
CONT2024009064,2024-11-25 20:46:42,2024-11-26 10:20:01
CONT2024009065,2024-12-05 07:18:10,2024-12-05 22:09:11
CONT2024009066,2024-12-02 18:34:15,2024-12-09 20:20:35
CONT2024009067,2024-11-28 18:54:57,2024-11-29 14:17:59
CONT2024009068,2024-11-26 22:52:53,2024-12-09 07:09:46
CONT2024009069,2024-11-26 21:20:30,2024-11-27 01:20:30
CONT2024009070,2024-12-01 05:20:30,
CONT2024009071,2024-11-27 11:41:15,2024-11-28 07:21:29
CONT2024009072,2024-12-02 15:19:09,2024-12-03 03:04:26
CONT2024009073,2024-11-28 22:34:14,
CONT2024009074,2024-12-01 02:08:51,2024-12-01 16:57:41
CONT2024009075,2024-11-27 16:23:34,2024-12-08 22:02:36
CONT2024009076,2024-12-04 06:53:55,2024-12-08 15:05:00
CONT2024009077,2024-12-03 05:30:30,2024-12-09 00:49:42
CONT2024009078,2024-12-05 22:29:16,2024-12-08 23:12:24
CONT2024009079,2024-11-27 14:42:23,
CONT2024009080,2024-12-04 15:41:46,2024-12-08 10:39:36
CONT2024009081,2024-11-29 18:47:34,2024-11-29 23:18:38
CONT2024009082,2024-12-01 22:56:25,2024-12-02 18:04:08
CONT2024009083,2024-12-03 03:50:08,2024-12-04 03:07:47
CONT2024009084,2024-12-02 17:19:10,2024-12-09 02:44:37
CONT2024009085,2024-11-28 02:53:32,2024-12-09 14:03:18
CONT2024009086,2024-12-01 11:24:01,2024-12-02 03:07:15
CONT2024009087,2024-11-25 12:49:51,2024-11-26 05:06:11
CONT2024009088,2024-12-04 12:12:25,2024-12-05 12:01:37
CONT2024009089,2024-12-01 10:37:07,2024-12-02 11:14:53
CONT2024009090,2024-11-30 22:43:26,2024-12-01 17:00:23
CONT2024009091,2024-11-29 05:13:10,2024-11-29 15:08:43
CONT2024009092,2024-11-30 15:26:25,2024-12-08 19:38:44
CONT2024009093,2024-11-27 13:59:08,2024-12-08 23:45:08
CONT2024009094,2024-12-03 18:28:47,2024-12-04 20:46:40
CONT2024009095,2024-12-04 21:36:53,2024-12-06 04:17:16
CONT2024009096,2024-11-27 18:46:20,
CONT2024009097,2024-11-26 16:10:00,2024-11-28 04:14:35
CONT2024009098,2024-12-01 23:41:04,2024-12-08 07:04:03
CONT2024009099,2024-12-04 10:26:38,2024-12-05 03:19:13
CONT2024009100,2024-12-01 15:35:49,
CONT2024009101,2024-11-29 14:47:38,2024-11-30 02:30:42
CONT2024009102,2024-12-01 19:02:54,2024-12-02 14:18:39
CONT2024009103,2024-11-29 01:07:44,2024-12-09 03:17:08
CONT2024009104,2024-11-30 19:25:29,2024-12-09 09:01:16
CONT2024009105,2024-11-29 10:19:39,2024-11-30 00:42:37
CONT2024009106,2024-12-02 02:23:48,2024-12-09 01:28:01
CONT2024009107,2024-12-01 06:17:32,2024-12-09 02:14:10
CONT2024009108,2024-11-30 04:58:39,2024-12-01 02:56:00
CONT2024009109,2024-11-25 02:24:24,2024-11-26 05:49:23
CONT2024009110,2024-11-26 00:42:56,2024-12-08 18:41:57
CONT2024009111,2024-11-30 23:39:42,2024-12-01 15:28:24
CONT2024009112,2024-11-29 22:51:43,2024-12-01 09:26:29
CONT2024009113,2024-12-03 17:08:39,2024-12-04 15:37:23
CONT2024009114,2024-12-05 22:00:13,2024-12-09 17:49:03
CONT2024009115,2024-11-27 20:08:37,2024-11-28 17:31:08
CONT2024009116,2024-12-03 14:25:37,
CONT2024009117,2024-11-29 06:19:48,2024-12-09 04:43:36
CONT2024009118,2024-12-03 14:05:57,2024-12-08 15:20:39
CONT2024009119,2024-11-30 20:48:16,2024-12-02 09:43:13
CONT2024009120,2024-12-06 00:42:51,2024-12-06 18:42:33
CONT2024009121,2024-12-01 00:19:26,2024-12-08 09:57:41
CONT2024009122,2024-11-29 19:36:30,2024-11-30 21:49:57
CONT2024009123,2024-12-01 01:02:17,2024-12-09 12:59:39
CONT2024009124,2024-12-03 23:37:02,
CONT2024009125,2024-12-05 05:57:24,2024-12-09 04:06:06
CONT2024009126,2024-11-26 20:58:01,2024-12-09 15:05:23
CONT2024009127,2024-12-03 02:46:54,2024-12-03 23:47:59
CONT2024009128,2024-12-04 08:54:59,2024-12-05 02:39:38
CONT2024009129,2024-11-28 13:54:21,2024-11-29 17:17:43
CONT2024009130,2024-12-04 17:48:31,2024-12-09 02:09:20
CONT2024009131,2024-11-29 03:47:05,2024-12-09 00:42:31
CONT2024009132,2024-11-28 16:56:57,
CONT2024009133,2024-12-06 03:13:39,2024-12-09 10:25:04
CONT2024009134,2024-12-04 08:27:08,2024-12-04 16:40:10
CONT2024009135,2024-11-30 13:57:56,
CONT2024009136,2024-12-05 19:19:43,2024-12-06 12:06:29
CONT2024009137,2024-11-29 21:50:30,2024-12-01 06:14:42
CONT2024009138,2024-11-28 20:15:29,2024-12-09 20:11:03
CONT2024009139,2024-11-29 02:34:29,2024-11-29 18:29:18
CONT2024009140,2024-12-05 05:02:34,
CONT2024009141,2024-12-05 02:22:58,2024-12-05 21:32:17
CONT2024009142,2024-11-28 16:57:42,2024-11-29 17:31:55
CONT2024009143,2024-11-29 17:08:29,
CONT2024009144,2024-11-25 21:43:07,2024-12-09 10:02:13
CONT2024009145,2024-12-03 05:30:41,2024-12-09 00:46:37
CONT2024009146,2024-11-30 13:11:45,2024-12-01 10:19:20
CONT2024009147,2024-12-03 11:14:31,2024-12-09 19:53:10
CONT2024009148,2024-12-01 04:04:54,
CONT2024009149,2024-12-03 04:06:45,2024-12-03 17:03:06
CONT2024009150,2024-12-05 22:14:50,2024-12-09 13:31:06
CONT2024009151,2024-11-28 03:20:56,
CONT2024009152,2024-11-25 21:10:36,2024-11-26 06:20:43
CONT2024009153,2024-11-26 16:06:25,2024-11-27 11:09:49
CONT2024009154,2024-12-02 06:17:55,2024-12-02 15:42:47
CONT2024009155,2024-12-06 02:53:37,2024-12-10 00:05:42
CONT2024009156,2024-12-04 01:12:38,2024-12-10 05:30:31
CONT2024009157,2024-11-27 10:37:24,2024-12-10 03:49:13
CONT2024009158,2024-12-01 20:02:18,2024-12-10 18:00:31
CONT2024009159,2024-11-29 09:52:48,2024-12-10 13:47:30
CONT2024009160,2024-12-01 06:32:04,2024-12-10 17:16:24
CONT2024009161,2024-11-27 09:34:30,2024-11-28 09:06:45
CONT2024009162,2024-12-06 16:38:24,2024-12-07 23:16:35
CONT2024009163,2024-12-08 03:22:52,2024-12-11 00:41:36
CONT2024009164,2024-12-03 10:19:36,2024-12-10 14:25:52
CONT2024009165,2024-12-06 21:47:14,2024-12-11 21:07:28
CONT2024009166,2024-12-03 03:36:59,2024-12-11 06:31:28
CONT2024009167,2024-11-29 03:55:45,2024-11-29 11:33:11
CONT2024009168,2024-12-05 04:20:32,
CONT2024009169,2024-12-06 06:05:25,2024-12-10 12:58:32
CONT2024009170,2024-11-29 18:46:40,2024-11-30 16:17:41
CONT2024009171,2024-12-02 05:17:31,2024-12-11 18:58:30
CONT2024009172,2024-12-01 01:46:28,2024-12-10 20:44:31
CONT2024009173,2024-11-29 17:50:15,2024-12-11 03:06:41
CONT2024009174,2024-11-29 22:21:13,2024-12-11 15:38:09
CONT2024009175,2024-12-08 01:55:58,2024-12-11 05:25:16
CONT2024009176,2024-12-04 17:21:32,2024-12-05 12:29:45
CONT2024009177,2024-12-07 06:58:39,2024-12-11 04:23:40
CONT2024009178,2024-12-02 00:28:50,2024-12-11 17:22:58
CONT2024009179,2024-12-02 02:59:02,2024-12-02 20:26:42
CONT2024009180,2024-12-04 09:16:20,2024-12-05 05:03:11
CONT2024009181,2024-12-07 07:27:49,2024-12-08 00:27:17
CONT2024009182,2024-12-04 12:56:39,
CONT2024009183,2024-11-30 22:03:30,
CONT2024009184,2024-11-28 09:18:53,2024-11-29 00:41:34
CONT2024009185,2024-11-30 21:46:42,
CONT2024009186,2024-12-06 10:53:04,
CONT2024009187,2024-11-29 00:22:42,2024-12-11 23:33:53
CONT2024009188,2024-12-05 17:55:44,2024-12-06 15:29:32
CONT2024009189,2024-11-30 21:04:21,2024-12-10 18:15:26
CONT2024009190,2024-12-06 02:52:06,2024-12-07 10:49:46
CONT2024009191,2024-12-03 16:33:32,2024-12-03 20:33:32
CONT2024009192,2024-12-07 09:27:28,
CONT2024009193,2024-12-07 02:22:12,2024-12-12 08:43:06
CONT2024009194,2024-11-29 04:52:58,
CONT2024009195,2024-11-29 16:48:27,2024-12-12 12:04:19
CONT2024009196,2024-11-29 03:39:57,2024-12-11 20:54:04
CONT2024009197,2024-11-29 01:16:01,2024-12-11 23:02:58
CONT2024009198,2024-11-29 20:27:53,2024-11-30 11:38:58
CONT2024009199,2024-11-30 13:36:51,2024-12-01 17:56:29
CONT2024009200,2024-11-29 17:16:07,
CONT2024009201,2024-11-29 01:03:58,2024-11-29 14:42:26
CONT2024009202,2024-12-01 10:03:23,2024-12-11 18:13:12
CONT2024009203,2024-12-06 08:01:09,
CONT2024009204,2024-11-29 18:53:09,2024-11-30 14:51:31
CONT2024009205,2024-11-29 07:02:24,
CONT2024009206,2024-12-05 19:18:16,2024-12-12 05:46:32
CONT2024009207,2024-12-06 23:23:56,
CONT2024009208,2024-11-28 15:18:28,2024-12-12 17:44:56
CONT2024009209,2024-12-06 02:02:14,
CONT2024009210,2024-11-29 19:51:41,2024-12-12 09:53:33
CONT2024009211,2024-11-29 09:59:39,2024-11-30 06:35:49
CONT2024009212,2024-12-08 11:31:00,2024-12-09 09:41:56
CONT2024009213,2024-12-05 20:29:20,2024-12-06 15:35:09
CONT2024009214,2024-12-08 17:37:34,2024-12-11 22:50:30
CONT2024009215,2024-11-29 08:23:20,2024-11-30 01:54:12
CONT2024009216,2024-12-01 12:57:13,2024-12-02 02:28:26
CONT2024009217,2024-12-05 22:31:27,2024-12-06 19:56:55
CONT2024009218,2024-12-01 06:25:44,2024-12-12 15:30:10
CONT2024009219,2024-12-01 04:06:06,2024-12-12 02:06:45
CONT2024009220,2024-12-06 09:40:34,2024-12-12 08:51:04
CONT2024009221,2024-12-01 15:48:38,2024-12-13 02:54:37
CONT2024009222,2024-12-06 08:22:09,2024-12-07 19:46:50
CONT2024009223,2024-12-05 18:59:44,2024-12-12 03:07:31
CONT2024009224,2024-12-07 02:11:04,2024-12-12 09:34:03
CONT2024009225,2024-12-03 15:06:49,2024-12-12 11:54:46
CONT2024009226,2024-11-30 03:18:58,2024-11-30 15:57:35
CONT2024009227,2024-12-09 02:23:01,2024-12-12 04:07:13
CONT2024009228,2024-12-07 22:42:29,2024-12-08 20:20:45
CONT2024009229,2024-12-04 13:07:19,2024-12-12 13:02:03
CONT2024009230,2024-12-05 16:35:22,2024-12-05 20:35:22
CONT2024009231,2024-12-05 01:44:28,2024-12-06 00:24:04
CONT2024009232,2024-11-29 16:15:17,
CONT2024009233,2024-11-30 08:30:30,
CONT2024009234,2024-12-02 05:43:58,2024-12-12 07:58:08
CONT2024009235,2024-12-07 00:40:34,
CONT2024009236,2024-12-09 02:16:17,2024-12-10 00:41:30
CONT2024009237,2024-12-07 02:43:28,2024-12-11 22:52:44
CONT2024009238,2024-11-29 15:12:43,2024-12-12 23:12:53
CONT2024009239,2024-12-07 10:05:05,2024-12-07 19:51:46
CONT2024009240,2024-12-08 10:21:17,2024-12-09 06:06:20
CONT2024009241,2024-12-09 03:39:00,
CONT2024009242,2024-11-29 10:05:29,2024-11-29 17:22:16
CONT2024009243,2024-12-01 19:47:01,2024-12-12 11:51:52
CONT2024009244,2024-11-29 16:39:11,2024-11-30 02:48:03
CONT2024009245,2024-12-08 20:57:43,
CONT2024009246,2024-11-30 06:01:29,2024-11-30 17:37:16
CONT2024009247,2024-12-08 14:20:28,2024-12-09 16:11:49
CONT2024009248,2024-12-02 20:32:41,
CONT2024009249,2024-12-08 16:27:22,2024-12-12 05:43:14
CONT2024009250,2024-12-06 16:51:12,2024-12-07 07:40:47
CONT2024009251,2024-12-02 22:54:42,2024-12-03 13:47:54
CONT2024009252,2024-12-02 01:11:13,2024-12-02 10:11:23
CONT2024009253,2024-12-08 11:00:37,2024-12-09 06:34:20
CONT2024009254,2024-12-01 07:42:32,2024-12-13 10:06:30
CONT2024009255,2024-12-06 04:53:22,2024-12-06 16:00:24
CONT2024009256,2024-12-03 06:47:48,2024-12-04 15:04:24
CONT2024009257,2024-11-29 05:25:42,
CONT2024009258,2024-11-30 09:22:26,2024-12-12 16:11:03
CONT2024009259,2024-12-07 06:05:53,2024-12-07 18:39:48
CONT2024009260,2024-12-07 05:11:17,
CONT2024009261,2024-12-08 23:58:56,2024-12-10 08:22:49
CONT2024009262,2024-12-06 02:53:08,2024-12-11 19:56:11
CONT2024009263,2024-11-29 22:26:22,2024-12-12 22:25:13
CONT2024009264,2024-12-05 12:47:18,2024-12-05 23:33:38
CONT2024009265,2024-12-04 21:40:52,2024-12-12 19:15:49
CONT2024009266,2024-11-29 12:28:27,2024-11-30 06:56:01
CONT2024009267,2024-12-06 09:28:42,2024-12-12 18:50:40
CONT2024009268,2024-12-01 06:00:26,2024-12-01 13:39:13
CONT2024009269,2024-11-29 12:53:03,2024-12-12 08:06:56
CONT2024009270,2024-12-05 05:27:49,2024-12-06 08:47:09
CONT2024009271,2024-11-29 23:40:29,
CONT2024009272,2024-12-06 22:29:34,
CONT2024009273,2024-12-08 08:53:45,2024-12-08 14:40:06
CONT2024009274,2024-12-02 08:42:04,2024-12-03 16:47:53
CONT2024009275,2024-12-03 10:19:11,2024-12-04 11:16:16
CONT2024009276,2024-12-05 23:12:23,
CONT2024009277,2024-12-08 12:16:31,2024-12-13 01:43:14
CONT2024009278,2024-12-01 04:55:50,2024-12-01 19:58:05
CONT2024009279,2024-12-10 04:04:13,
CONT2024009280,2024-12-05 01:49:59,2024-12-13 02:20:00
CONT2024009281,2024-12-03 16:15:46,2024-12-12 20:15:27
CONT2024009282,2024-12-09 10:36:42,2024-12-10 09:40:33
CONT2024009283,2024-12-04 09:02:12,
CONT2024009284,2024-12-02 01:16:21,2024-12-03 01:02:44
CONT2024009285,2024-11-30 06:05:25,2024-12-01 02:42:05
CONT2024009286,2024-12-04 09:02:40,2024-12-12 23:25:52
CONT2024009287,2024-11-30 22:02:39,
CONT2024009288,2024-12-03 19:41:11,
CONT2024009289,2024-12-04 02:59:09,2024-12-13 12:16:27
CONT2024009290,2024-12-05 01:49:11,2024-12-13 03:40:22
CONT2024009291,2024-12-08 22:13:16,2024-12-12 22:51:03
CONT2024009292,2024-12-03 09:07:37,2024-12-13 03:16:59
CONT2024009293,2024-12-05 14:32:38,2024-12-06 09:28:04
CONT2024009294,2024-12-09 10:36:39,
CONT2024009295,2024-12-07 10:41:44,2024-12-08 02:08:46
CONT2024009296,2024-12-04 01:05:58,2024-12-13 06:09:32
CONT2024009297,2024-12-07 15:28:47,2024-12-08 07:09:31
CONT2024009298,2024-12-01 06:38:54,2024-12-13 02:03:29
CONT2024009299,2024-12-08 00:04:30,2024-12-13 01:18:44
CONT2024009300,2024-12-05 11:08:27,2024-12-13 08:14:20
CONT2024009301,2024-12-09 04:33:07,
CONT2024009302,2024-12-09 06:13:37,2024-12-10 00:39:58
CONT2024009303,2024-12-04 10:30:32,2024-12-05 02:58:05
CONT2024009304,2024-12-01 04:46:45,2024-12-12 12:08:13
CONT2024009305,2024-12-07 12:15:28,2024-12-08 03:29:24
CONT2024009306,2024-12-02 03:44:04,2024-12-12 15:35:54
CONT2024009307,2024-12-04 01:58:50,2024-12-13 03:04:46
CONT2024009308,2024-11-29 17:28:47,2024-12-12 20:57:47
CONT2024009309,2024-12-08 02:58:27,2024-12-09 08:24:44
CONT2024009310,2024-12-04 11:53:31,2024-12-05 13:44:08
CONT2024009311,2024-11-30 19:11:54,
CONT2024009312,2024-12-02 12:29:19,
CONT2024009313,2024-12-03 02:20:40,2024-12-12 12:44:56
CONT2024009314,2024-12-01 07:14:41,
CONT2024009315,2024-12-08 05:30:02,2024-12-08 18:39:04
CONT2024009316,2024-12-01 04:53:40,2024-12-12 19:54:36
CONT2024009317,2024-12-01 04:20:52,2024-12-12 03:44:00
CONT2024009318,2024-12-03 02:57:31,2024-12-14 07:59:01
CONT2024009319,2024-12-09 17:59:23,2024-12-14 03:47:29
CONT2024009320,2024-12-06 05:51:06,2024-12-14 07:37:35
CONT2024009321,2024-12-07 08:26:19,2024-12-13 08:20:03
CONT2024009322,2024-12-02 03:24:36,2024-12-14 18:17:07
CONT2024009323,2024-12-03 16:15:50,2024-12-04 13:34:39
CONT2024009324,2024-12-08 05:55:09,2024-12-09 00:13:18
CONT2024009325,2024-12-03 20:14:46,2024-12-04 16:24:31
CONT2024009326,2024-12-02 23:18:01,2024-12-03 18:47:20
CONT2024009327,2024-12-08 11:18:18,2024-12-13 15:59:55
CONT2024009328,2024-12-10 13:51:28,2024-12-13 11:19:25
CONT2024009329,2024-12-06 05:48:01,2024-12-13 18:43:16
CONT2024009330,2024-12-09 06:51:48,
CONT2024009331,2024-12-03 17:34:20,2024-12-14 00:07:05
CONT2024009332,2024-11-30 08:49:42,2024-12-01 03:22:28
CONT2024009333,2024-12-03 07:34:38,2024-12-13 22:04:43
CONT2024009334,2024-12-08 16:57:59,2024-12-13 20:55:41
CONT2024009335,2024-12-11 13:15:06,2024-12-13 09:13:30
CONT2024009336,2024-12-02 15:34:41,2024-12-03 12:04:53
CONT2024009337,2024-12-04 00:27:48,2024-12-14 16:35:58
CONT2024009338,2024-12-02 03:58:44,2024-12-02 15:57:44
CONT2024009339,2024-12-08 05:08:06,2024-12-14 05:06:36
CONT2024009340,2024-12-08 10:27:21,2024-12-09 04:19:34
CONT2024009341,2024-12-10 06:54:43,
CONT2024009342,2024-12-09 18:43:41,2024-12-14 12:16:51
CONT2024009343,2024-12-02 22:08:26,2024-12-13 21:43:18
CONT2024009344,2024-11-30 09:45:22,2024-12-14 08:25:48
CONT2024009345,2024-12-11 01:18:40,2024-12-13 20:11:18
CONT2024009346,2024-12-08 10:49:38,2024-12-14 15:36:24
CONT2024009347,2024-12-06 17:55:11,
CONT2024009348,2024-12-10 06:43:28,2024-12-11 17:56:16
CONT2024009349,2024-12-09 00:52:57,2024-12-10 02:44:28
CONT2024009350,2024-11-30 18:27:48,2024-12-01 11:06:10
CONT2024009351,2024-12-08 06:36:09,2024-12-14 06:10:38
CONT2024009352,2024-12-10 23:02:52,2024-12-11 17:45:51
CONT2024009353,2024-12-04 17:19:37,2024-12-15 00:18:47
CONT2024009354,2024-11-30 19:57:43,2024-12-01 21:10:27
CONT2024009355,2024-12-02 20:59:15,2024-12-14 06:43:22
CONT2024009356,2024-12-03 11:07:59,2024-12-14 04:11:04
CONT2024009357,2024-12-02 18:38:08,2024-12-03 07:15:40
CONT2024009358,2024-12-06 01:32:13,
CONT2024009359,2024-12-09 15:48:29,2024-12-13 22:51:33
CONT2024009360,2024-12-07 23:32:33,2024-12-14 19:49:17
CONT2024009361,2024-12-01 23:42:09,2024-12-14 07:15:49
CONT2024009362,2024-12-09 12:09:56,
CONT2024009363,2024-12-10 11:40:09,2024-12-10 15:40:09
CONT2024009364,2024-12-07 17:05:11,2024-12-13 14:23:44
CONT2024009365,2024-12-07 14:15:53,2024-12-14 06:02:15
CONT2024009366,2024-12-07 06:05:41,2024-12-08 10:38:51
CONT2024009367,2024-12-07 21:13:35,2024-12-08 14:36:01
CONT2024009368,2024-12-07 00:51:22,2024-12-07 13:41:40
CONT2024009369,2024-12-03 01:44:23,
CONT2024009370,2024-12-01 08:43:34,2024-12-02 10:57:36
CONT2024009371,2024-12-07 01:06:17,2024-12-08 03:38:49
CONT2024009372,2024-12-04 01:51:45,
CONT2024009373,2024-12-08 00:01:45,2024-12-09 00:46:20
CONT2024009374,2024-12-04 01:34:17,2024-12-14 00:37:56
CONT2024009375,2024-12-05 23:23:36,2024-12-07 01:43:09
CONT2024009376,2024-12-01 23:54:31,2024-12-13 22:36:22
CONT2024009377,2024-12-09 07:26:57,2024-12-14 02:11:17
CONT2024009378,2024-12-10 04:57:50,2024-12-10 22:08:43
CONT2024009379,2024-12-04 14:11:43,2024-12-04 20:00:47
CONT2024009380,2024-12-02 13:13:30,2024-12-03 23:15:04
CONT2024009381,2024-12-06 06:57:41,2024-12-06 22:12:08
CONT2024009382,2024-12-06 12:24:36,2024-12-14 08:47:09
CONT2024009383,2024-12-05 10:05:20,
CONT2024009384,2024-12-09 06:18:46,
CONT2024009385,2024-12-06 23:58:12,2024-12-07 17:03:44
CONT2024009386,2024-12-03 03:08:22,
CONT2024009387,2024-12-11 16:38:20,
CONT2024009388,2024-12-06 19:45:13,2024-12-15 22:16:25
CONT2024009389,2024-12-05 12:51:10,2024-12-06 21:11:53
CONT2024009390,2024-12-12 11:39:38,2024-12-15 18:15:42
CONT2024009391,2024-12-08 04:32:24,2024-12-15 16:14:01
CONT2024009392,2024-12-04 23:08:33,2024-12-06 00:46:22
CONT2024009393,2024-12-02 09:42:07,2024-12-04 06:24:05
CONT2024009394,2024-12-10 11:44:33,2024-12-15 05:02:41
CONT2024009395,2024-12-11 11:47:37,2024-12-12 10:10:33
CONT2024009396,2024-12-06 18:02:35,2024-12-16 02:38:44
CONT2024009397,2024-12-04 11:07:02,2024-12-05 09:46:53
CONT2024009398,2024-12-04 18:53:19,2024-12-05 07:12:19
CONT2024009399,2024-12-11 04:16:54,2024-12-14 22:35:08
CONT2024009400,2024-12-08 09:55:53,2024-12-09 03:23:02
CONT2024009401,2024-12-07 04:33:06,2024-12-07 21:13:44
CONT2024009402,2024-12-02 10:26:52,2024-12-15 06:10:12
CONT2024009403,2024-12-08 04:04:35,2024-12-15 18:15:05
CONT2024009404,2024-12-04 01:11:24,2024-12-05 06:06:54
CONT2024009405,2024-12-06 02:06:53,2024-12-15 13:44:15
CONT2024009406,2024-12-10 17:05:32,2024-12-12 00:29:46
CONT2024009407,2024-12-11 21:45:29,
CONT2024009408,2024-12-11 10:36:59,2024-12-16 20:14:45
CONT2024009409,2024-12-12 13:11:51,2024-12-13 06:49:50
CONT2024009410,2024-12-03 19:55:13,2024-12-16 00:46:17
CONT2024009411,2024-12-04 17:14:37,
CONT2024009412,2024-12-03 03:19:43,2024-12-03 23:06:32
CONT2024009413,2024-12-07 21:05:30,2024-12-16 09:56:56
CONT2024009414,2024-12-09 02:53:56,2024-12-17 02:57:14
CONT2024009415,2024-12-08 02:07:09,2024-12-09 01:25:20
CONT2024009416,2024-12-13 13:39:18,2024-12-14 12:43:21
CONT2024009417,2024-12-06 07:01:59,
CONT2024009418,2024-12-02 18:11:52,2024-12-03 12:06:04
CONT2024009419,2024-12-03 23:34:31,
CONT2024009420,2024-12-05 17:42:06,2024-12-16 04:18:31
CONT2024009421,2024-12-10 20:38:39,2024-12-15 09:43:15
CONT2024009422,2024-12-04 15:03:24,2024-12-16 03:15:23
CONT2024009423,2024-12-04 04:03:04,2024-12-05 01:50:15
CONT2024009424,2024-12-03 08:30:42,2024-12-03 20:58:54
CONT2024009425,2024-12-11 00:47:16,2024-12-12 00:02:05
CONT2024009426,2024-12-09 10:47:58,
CONT2024009427,2024-12-07 18:54:41,2024-12-08 07:34:33
CONT2024009428,2024-12-06 09:33:27,2024-12-16 18:27:39
CONT2024009429,2024-12-10 12:28:26,2024-12-11 01:31:23
CONT2024009430,2024-12-09 15:05:01,2024-12-17 01:01:08
CONT2024009431,2024-12-09 14:48:25,
CONT2024009432,2024-12-06 11:09:58,2024-12-16 11:41:16
CONT2024009433,2024-12-12 23:46:37,2024-12-13 09:56:13
CONT2024009434,2024-12-07 16:07:27,2024-12-16 14:47:01
CONT2024009435,2024-12-05 12:58:44,2024-12-06 02:20:35
CONT2024009436,2024-12-12 17:44:05,2024-12-13 13:32:15
CONT2024009437,2024-12-10 00:06:54,2024-12-15 18:19:02
CONT2024009438,2024-12-07 03:05:30,2024-12-16 07:41:47
CONT2024009439,2024-12-12 17:05:29,2024-12-16 12:27:42
CONT2024009440,2024-12-06 12:49:15,
CONT2024009441,2024-12-09 22:32:44,2024-12-16 01:02:26
CONT2024009442,2024-12-06 06:55:48,2024-12-07 15:22:29
CONT2024009443,2024-12-07 06:37:25,2024-12-08 08:42:07
CONT2024009444,2024-12-04 16:45:26,2024-12-16 14:43:53
CONT2024009445,2024-12-10 16:45:38,2024-12-11 17:49:42
CONT2024009446,2024-12-03 00:11:54,2024-12-15 23:53:36
CONT2024009447,2024-12-10 05:09:54,2024-12-16 03:06:05
CONT2024009448,2024-12-12 16:58:00,2024-12-16 09:51:30
CONT2024009449,2024-12-12 22:30:29,2024-12-16 14:18:50
CONT2024009450,2024-12-07 04:28:59,2024-12-08 06:50:46
CONT2024009451,2024-12-12 19:08:55,2024-12-13 11:38:10
CONT2024009452,2024-12-10 01:12:31,2024-12-16 23:34:24
CONT2024009453,2024-12-08 18:03:56,2024-12-16 17:41:11
CONT2024009454,2024-12-13 19:46:40,2024-12-17 00:08:15
CONT2024009455,2024-12-08 10:03:46,2024-12-09 01:21:16
CONT2024009456,2024-12-05 02:51:54,2024-12-06 04:27:40
CONT2024009457,2024-12-13 04:37:50,2024-12-17 04:46:24
CONT2024009458,2024-12-08 14:31:30,2024-12-09 14:21:50
CONT2024009459,2024-12-09 10:37:45,2024-12-09 23:27:28
CONT2024009460,2024-12-07 02:37:15,2024-12-16 08:26:09
CONT2024009461,2024-12-06 18:48:15,2024-12-07 23:11:29
CONT2024009462,2024-12-13 08:09:27,2024-12-16 23:10:06
CONT2024009463,2024-12-14 02:02:36,2024-12-16 15:02:38
CONT2024009464,2024-12-04 00:22:25,2024-12-04 21:43:43
CONT2024009465,2024-12-03 09:01:21,2024-12-16 22:12:14
CONT2024009466,2024-12-10 09:06:47,2024-12-11 03:17:08
CONT2024009467,2024-12-09 11:05:19,2024-12-16 13:29:32
CONT2024009468,2024-12-12 20:51:56,2024-12-13 23:38:38
CONT2024009469,2024-12-09 15:09:08,2024-12-17 03:57:29
CONT2024009470,2024-12-13 16:47:02,2024-12-17 04:21:54
CONT2024009471,2024-12-13 03:17:34,
CONT2024009472,2024-12-04 12:38:43,
CONT2024009473,2024-12-04 23:17:08,2024-12-06 03:00:13
CONT2024009474,2024-12-04 12:29:24,2024-12-18 07:34:19
CONT2024009475,2024-12-12 05:36:54,2024-12-17 18:23:05
CONT2024009476,2024-12-12 01:28:29,
CONT2024009477,2024-12-13 04:57:25,2024-12-14 00:41:16
CONT2024009478,2024-12-14 11:52:57,2024-12-15 18:43:42
CONT2024009479,2024-12-07 12:37:36,2024-12-18 01:29:42
CONT2024009480,2024-12-12 06:01:43,2024-12-12 23:37:38
CONT2024009481,2024-12-06 09:56:43,2024-12-18 05:49:54
CONT2024009482,2024-12-05 16:58:39,2024-12-18 20:32:23
CONT2024009483,2024-12-13 12:42:18,2024-12-18 13:07:15
CONT2024009484,2024-12-13 04:35:12,2024-12-18 12:45:47
CONT2024009485,2024-12-13 02:12:45,2024-12-13 07:49:15
CONT2024009486,2024-12-14 08:18:49,2024-12-14 12:18:49
CONT2024009487,2024-12-13 08:42:46,
CONT2024009488,2024-12-07 12:46:24,2024-12-08 03:11:44
CONT2024009489,2024-12-05 18:33:41,2024-12-19 10:39:25
CONT2024009490,2024-12-08 12:34:52,2024-12-09 09:56:45
CONT2024009491,2024-12-12 18:49:42,2024-12-13 13:58:46
CONT2024009492,2024-12-13 00:36:32,2024-12-18 17:56:28
CONT2024009493,2024-12-07 22:25:23,
CONT2024009494,2024-12-05 00:21:25,2024-12-18 13:41:06
CONT2024009495,2024-12-09 13:53:23,
CONT2024009496,2024-12-10 22:48:42,2024-12-11 15:56:03
CONT2024009497,2024-12-11 13:21:59,2024-12-19 13:51:58
CONT2024009498,2024-12-06 10:45:45,
CONT2024009499,2024-12-12 02:47:23,2024-12-13 07:44:04
CONT2024009500,2024-12-16 19:45:08,2024-12-18 00:24:34
CONT2024009501,2024-12-06 01:03:23,2024-12-19 13:39:07
CONT2024009502,2024-12-16 03:53:17,2024-12-19 19:33:09
CONT2024009503,2024-12-09 05:35:48,2024-12-10 08:01:25
CONT2024009504,2024-12-12 12:07:50,2024-12-13 10:14:29
CONT2024009505,2024-12-10 19:14:58,2024-12-11 20:02:21
CONT2024009506,2024-12-11 05:32:29,2024-12-19 05:10:22
CONT2024009507,2024-12-10 11:13:43,2024-12-19 05:42:52
CONT2024009508,2024-12-15 23:02:09,
CONT2024009509,2024-12-11 20:29:55,2024-12-19 11:23:51
CONT2024009510,2024-12-06 15:15:44,2024-12-19 12:21:27
CONT2024009511,2024-12-12 21:40:08,2024-12-18 21:49:54
CONT2024009512,2024-12-10 08:43:53,2024-12-10 12:43:53
CONT2024009513,2024-12-14 14:19:13,2024-12-19 11:26:10
CONT2024009514,2024-12-11 05:50:19,2024-12-19 12:53:00
CONT2024009515,2024-12-13 19:03:14,2024-12-20 01:46:58
CONT2024009516,2024-12-16 05:17:52,
CONT2024009517,2024-12-15 05:35:00,2024-12-20 09:49:48
CONT2024009518,2024-12-08 18:18:43,
CONT2024009519,2024-12-07 18:39:13,2024-12-09 04:32:16
CONT2024009520,2024-12-14 02:01:32,
CONT2024009521,2024-12-10 04:06:43,2024-12-10 18:34:50
CONT2024009522,2024-12-15 00:00:11,
CONT2024009523,2024-12-14 05:40:23,2024-12-14 21:21:52
CONT2024009524,2024-12-08 10:07:37,2024-12-09 07:00:07
CONT2024009525,2024-12-11 13:26:14,2024-12-12 01:38:43
CONT2024009526,2024-12-08 22:14:54,2024-12-09 17:04:20
CONT2024009527,2024-12-12 15:04:18,2024-12-13 10:24:34
CONT2024009528,2024-12-13 03:11:31,2024-12-20 16:24:56
CONT2024009529,2024-12-13 09:39:24,2024-12-14 01:19:14
CONT2024009530,2024-12-08 22:14:46,2024-12-09 05:18:00
CONT2024009531,2024-12-14 14:30:44,2024-12-21 00:25:51
CONT2024009532,2024-12-15 19:57:05,2024-12-16 06:15:58
CONT2024009533,2024-12-09 20:52:57,2024-12-10 17:27:50
CONT2024009534,2024-12-08 14:17:26,2024-12-09 03:23:17
CONT2024009535,2024-12-13 07:11:39,2024-12-14 01:57:37
CONT2024009536,2024-12-11 15:53:31,2024-12-21 00:00:14
CONT2024009537,2024-12-16 09:05:36,2024-12-21 05:21:21
CONT2024009538,2024-12-17 10:37:10,
CONT2024009539,2024-12-12 21:36:52,2024-12-20 08:22:39
CONT2024009540,2024-12-15 00:56:06,2024-12-15 18:11:10
CONT2024009541,2024-12-07 09:49:05,2024-12-07 22:37:52
CONT2024009542,2024-12-16 23:10:52,
CONT2024009543,2024-12-16 20:50:59,2024-12-18 08:53:38
CONT2024009544,2024-12-09 20:17:22,2024-12-10 12:53:01
CONT2024009545,2024-12-15 20:32:48,2024-12-16 20:41:34
CONT2024009546,2024-12-11 17:39:43,2024-12-21 15:04:01
CONT2024009547,2024-12-10 06:18:48,2024-12-11 09:50:02
CONT2024009548,2024-12-10 23:42:29,2024-12-21 05:11:44
CONT2024009549,2024-12-13 11:09:51,2024-12-13 22:37:37
CONT2024009550,2024-12-16 09:00:44,2024-12-21 12:42:03
CONT2024009551,2024-12-16 22:07:31,2024-12-17 22:37:58
CONT2024009552,2024-12-14 17:14:09,2024-12-21 22:29:15
CONT2024009553,2024-12-12 09:38:44,2024-12-13 15:20:58
CONT2024009554,2024-12-12 15:20:45,2024-12-21 11:59:07
CONT2024009555,2024-12-09 18:01:53,2024-12-10 13:34:39
CONT2024009556,2024-12-08 20:08:59,2024-12-09 20:58:35
CONT2024009557,2024-12-17 12:27:48,2024-12-21 06:51:21
CONT2024009558,2024-12-13 15:52:56,2024-12-14 19:15:28
CONT2024009559,2024-12-14 14:20:05,
CONT2024009560,2024-12-15 04:38:56,2024-12-22 05:21:39
CONT2024009561,2024-12-09 17:30:06,
CONT2024009562,2024-12-17 21:00:17,2024-12-22 04:08:27
CONT2024009563,2024-12-18 12:15:06,2024-12-20 19:33:16
CONT2024009564,2024-12-11 17:03:52,2024-12-12 21:24:04
CONT2024009565,2024-12-14 13:35:22,2024-12-15 07:29:33
CONT2024009566,2024-12-09 04:09:28,2024-12-20 22:24:48
CONT2024009567,2024-12-11 23:04:27,2024-12-12 21:24:17
CONT2024009568,2024-12-12 09:09:00,2024-12-22 02:33:27
CONT2024009569,2024-12-14 02:14:49,
CONT2024009570,2024-12-10 17:28:48,2024-12-11 22:43:09
CONT2024009571,2024-12-14 11:06:15,
CONT2024009572,2024-12-17 12:48:53,2024-12-18 00:04:20
CONT2024009573,2024-12-08 13:07:54,2024-12-21 21:56:50
CONT2024009574,2024-12-12 15:02:20,2024-12-20 19:09:43
CONT2024009575,2024-12-16 22:47:58,2024-12-17 21:08:31
CONT2024009576,2024-12-09 03:43:55,2024-12-20 19:25:57
CONT2024009577,2024-12-13 22:45:19,
CONT2024009578,2024-12-09 23:02:26,2024-12-21 02:12:32
CONT2024009579,2024-12-09 21:11:33,
CONT2024009580,2024-12-12 00:23:49,2024-12-21 02:02:39
CONT2024009581,2024-12-12 10:35:09,2024-12-13 13:15:42
CONT2024009582,2024-12-14 05:39:38,
CONT2024009583,2024-12-10 15:09:56,2024-12-21 16:48:46
CONT2024009584,2024-12-12 02:11:05,2024-12-12 15:21:48
CONT2024009585,2024-12-14 11:34:13,2024-12-15 10:59:14
CONT2024009586,2024-12-11 12:00:37,2024-12-12 02:56:03
CONT2024009587,2024-12-07 23:05:37,2024-12-09 08:51:14
CONT2024009588,2024-12-13 23:22:44,2024-12-20 19:22:06
CONT2024009589,2024-12-17 08:19:52,2024-12-21 13:45:41
CONT2024009590,2024-12-09 19:30:38,2024-12-21 19:34:03
CONT2024009591,2024-12-13 11:29:09,2024-12-20 13:50:31
CONT2024009592,2024-12-15 03:52:40,2024-12-16 11:12:31
CONT2024009593,2024-12-17 21:31:57,2024-12-21 12:10:09
CONT2024009594,2024-12-08 10:50:15,
CONT2024009595,2024-12-13 14:47:57,2024-12-14 07:04:50
CONT2024009596,2024-12-13 02:37:43,
CONT2024009597,2024-12-14 21:21:58,2024-12-22 00:07:13
CONT2024009598,2024-12-12 23:59:50,
CONT2024009599,2024-12-18 08:25:15,2024-12-19 04:15:32
CONT2024009600,2024-12-17 16:24:16,2024-12-18 19:23:09
CONT2024009601,2024-12-14 13:16:06,2024-12-14 19:13:58
CONT2024009602,2024-12-15 14:43:32,2024-12-22 11:32:04
CONT2024009603,2024-12-11 14:50:21,2024-12-12 12:17:12
CONT2024009604,2024-12-12 08:08:12,2024-12-22 17:31:30
CONT2024009605,2024-12-13 21:39:17,2024-12-23 03:17:47
CONT2024009606,2024-12-16 09:25:03,2024-12-16 19:08:29
CONT2024009607,2024-12-18 08:02:02,2024-12-22 15:05:20
CONT2024009608,2024-12-10 11:06:55,2024-12-22 01:42:54
CONT2024009609,2024-12-16 12:53:35,
CONT2024009610,2024-12-11 00:41:50,2024-12-22 04:53:00
CONT2024009611,2024-12-12 17:18:15,2024-12-23 12:36:04
CONT2024009612,2024-12-11 08:41:52,2024-12-11 12:41:52
CONT2024009613,2024-12-19 00:17:21,2024-12-22 11:27:09
CONT2024009614,2024-12-16 16:32:32,2024-12-16 23:04:42
CONT2024009615,2024-12-13 02:02:11,2024-12-14 02:03:32
CONT2024009616,2024-12-18 01:16:39,2024-12-22 19:21:24
CONT2024009617,2024-12-11 08:57:30,2024-12-11 17:25:47
CONT2024009618,2024-12-15 07:03:38,2024-12-15 23:48:00
CONT2024009619,2024-12-14 02:36:20,2024-12-22 00:06:23
CONT2024009620,2024-12-19 00:42:43,2024-12-23 04:34:11
CONT2024009621,2024-12-14 18:45:31,2024-12-16 03:20:40
CONT2024009622,2024-12-14 09:39:02,2024-12-14 20:21:37
CONT2024009623,2024-12-19 06:46:57,2024-12-19 19:53:08
CONT2024009624,2024-12-14 03:12:06,2024-12-22 20:56:52
CONT2024009625,2024-12-12 23:21:19,2024-12-23 04:44:35
CONT2024009626,2024-12-18 14:11:04,2024-12-20 00:37:38
CONT2024009627,2024-12-10 06:09:15,2024-12-23 20:27:58
CONT2024009628,2024-12-15 10:11:03,2024-12-16 02:59:41
CONT2024009629,2024-12-14 22:09:24,2024-12-23 07:12:02
CONT2024009630,2024-12-20 14:13:18,2024-12-21 23:39:05
CONT2024009631,2024-12-19 21:54:21,2024-12-20 03:32:56
CONT2024009632,2024-12-11 00:22:52,
CONT2024009633,2024-12-16 14:38:05,2024-12-22 18:54:34
CONT2024009634,2024-12-16 01:31:41,2024-12-23 16:01:57
CONT2024009635,2024-12-12 22:00:36,
CONT2024009636,2024-12-21 08:59:32,2024-12-22 09:12:44
CONT2024009637,2024-12-19 02:12:33,2024-12-24 04:48:38
CONT2024009638,2024-12-17 02:05:16,2024-12-24 09:44:07
CONT2024009639,2024-12-11 01:33:58,2024-12-24 03:06:50
CONT2024009640,2024-12-10 22:16:43,2024-12-11 13:49:35
CONT2024009641,2024-12-16 06:16:41,2024-12-16 16:20:39
CONT2024009642,2024-12-18 22:20:43,2024-12-20 03:29:46
CONT2024009643,2024-12-20 05:55:06,
CONT2024009644,2024-12-18 09:45:20,2024-12-19 22:54:03
CONT2024009645,2024-12-16 18:34:52,2024-12-25 05:08:38
CONT2024009646,2024-12-20 15:27:22,2024-12-25 14:43:30
CONT2024009647,2024-12-15 18:44:16,2024-12-25 19:42:56
CONT2024009648,2024-12-14 13:30:46,2024-12-25 22:25:11
CONT2024009649,2024-12-16 19:04:14,2024-12-17 07:49:23
CONT2024009650,2024-12-14 03:15:46,2024-12-15 04:52:36
CONT2024009651,2024-12-23 07:26:04,
CONT2024009652,2024-12-18 10:03:45,2024-12-26 22:01:02
CONT2024009653,2024-12-18 09:34:35,2024-12-26 03:54:42
CONT2024009654,2024-12-12 20:14:53,2024-12-13 20:48:24
CONT2024009655,2024-12-22 02:26:54,2024-12-26 09:28:54
CONT2024009656,2024-12-13 17:28:29,2024-12-14 06:02:18
CONT2024009657,2024-12-14 12:03:18,2024-12-15 19:03:49
CONT2024009658,2024-12-20 12:41:33,2024-12-25 22:42:56
CONT2024009659,2024-12-13 01:23:12,2024-12-14 04:45:40
CONT2024009660,2024-12-18 12:40:03,2024-12-19 21:05:47
CONT2024009661,2024-12-12 06:33:33,2024-12-25 14:41:25
CONT2024009662,2024-12-15 01:36:51,2024-12-26 04:14:07
CONT2024009663,2024-12-15 01:35:22,2024-12-25 23:05:32
CONT2024009664,2024-12-16 00:52:52,2024-12-16 22:31:38
CONT2024009665,2024-12-16 04:12:45,2024-12-25 13:03:58
CONT2024009666,2024-12-22 00:35:36,2024-12-23 01:31:36
CONT2024009667,2024-12-22 02:32:31,2024-12-23 05:44:33
CONT2024009668,2024-12-17 01:16:22,2024-12-17 14:03:48
CONT2024009669,2024-12-14 22:55:26,2024-12-26 05:50:08
CONT2024009670,2024-12-23 03:02:45,2024-12-23 23:04:21
CONT2024009671,2024-12-19 08:26:02,2024-12-26 23:50:10
CONT2024009672,2024-12-22 02:15:14,2024-12-22 23:30:23
CONT2024009673,2024-12-17 20:56:06,
CONT2024009674,2024-12-21 13:42:21,2024-12-26 10:54:51
CONT2024009675,2024-12-12 23:01:18,2024-12-13 13:27:00
CONT2024009676,2024-12-17 08:58:54,
CONT2024009677,2024-12-23 00:46:10,2024-12-25 22:36:30
CONT2024009678,2024-12-22 14:23:24,2024-12-26 23:49:46
CONT2024009679,2024-12-13 23:38:40,2024-12-14 19:13:15
CONT2024009680,2024-12-13 03:18:55,2024-12-25 09:27:20
CONT2024009681,2024-12-13 19:36:02,2024-12-26 04:26:40
CONT2024009682,2024-12-18 00:24:14,2024-12-18 17:13:06
CONT2024009683,2024-12-15 02:00:31,
CONT2024009684,2024-12-20 10:32:56,2024-12-21 04:50:01
CONT2024009685,2024-12-17 08:19:34,2024-12-18 06:49:04
CONT2024009686,2024-12-16 23:52:39,2024-12-25 15:31:44
CONT2024009687,2024-12-22 02:53:18,2024-12-22 15:25:32
CONT2024009688,2024-12-22 15:40:18,2024-12-23 07:42:07
CONT2024009689,2024-12-18 03:50:32,2024-12-19 05:55:15
CONT2024009690,2024-12-16 09:36:48,2024-12-16 17:58:18
CONT2024009691,2024-12-18 15:55:59,2024-12-19 13:32:52
CONT2024009692,2024-12-17 00:59:21,2024-12-18 03:53:20
CONT2024009693,2024-12-13 06:05:13,
CONT2024009694,2024-12-20 08:24:21,2024-12-21 07:23:47
CONT2024009695,2024-12-20 22:47:05,
CONT2024009696,2024-12-21 11:58:47,2024-12-26 18:13:51
CONT2024009697,2024-12-22 01:05:04,
CONT2024009698,2024-12-13 13:54:47,
CONT2024009699,2024-12-22 13:43:26,
CONT2024009700,2024-12-19 01:18:29,2024-12-19 20:34:55
CONT2024009701,2024-12-24 03:23:32,2024-12-27 12:24:16
CONT2024009702,2024-12-14 16:50:34,2024-12-27 18:05:48
CONT2024009703,2024-12-14 07:14:09,2024-12-27 04:14:46
CONT2024009704,2024-12-18 19:34:02,2024-12-27 22:42:44
CONT2024009705,2024-12-20 22:24:53,2024-12-21 08:28:32
CONT2024009706,2024-12-19 15:49:36,
CONT2024009707,2024-12-22 03:41:56,2024-12-22 13:49:10
CONT2024009708,2024-12-17 06:38:00,
CONT2024009709,2024-12-21 10:51:37,2024-12-27 19:10:44
CONT2024009710,2024-12-14 16:19:23,2024-12-15 09:52:57
CONT2024009711,2024-12-16 15:57:03,2024-12-17 18:33:36
CONT2024009712,2024-12-20 11:27:02,2024-12-26 17:04:25
CONT2024009713,2024-12-18 11:44:07,2024-12-18 20:50:44
CONT2024009714,2024-12-16 11:09:38,
CONT2024009715,2024-12-21 14:42:22,2024-12-22 14:04:11
CONT2024009716,2024-12-20 03:29:13,2024-12-20 23:18:12
CONT2024009717,2024-12-24 12:23:10,2024-12-25 02:00:32
CONT2024009718,2024-12-20 07:17:48,2024-12-21 12:19:54
CONT2024009719,2024-12-18 10:33:36,2024-12-18 21:20:13
CONT2024009720,2024-12-17 00:28:11,2024-12-26 23:47:43
CONT2024009721,2024-12-24 07:40:18,2024-12-25 03:36:14
CONT2024009722,2024-12-20 14:40:01,2024-12-27 12:08:07
CONT2024009723,2024-12-13 15:54:20,2024-12-14 09:19:08
CONT2024009724,2024-12-18 09:28:40,2024-12-19 01:54:00
CONT2024009725,2024-12-17 02:24:53,2024-12-27 15:03:05
CONT2024009726,2024-12-19 00:48:18,
CONT2024009727,2024-12-16 01:26:09,2024-12-27 11:24:18
CONT2024009728,2024-12-17 16:10:35,2024-12-18 04:39:58
CONT2024009729,2024-12-24 12:39:53,2024-12-25 06:03:11
CONT2024009730,2024-12-21 02:16:29,2024-12-28 04:20:55
CONT2024009731,2024-12-21 07:47:02,
CONT2024009732,2024-12-21 23:38:13,
CONT2024009733,2024-12-17 15:19:10,2024-12-27 14:01:20
CONT2024009734,2024-12-21 01:29:19,2024-12-21 06:30:39
CONT2024009735,2024-12-14 22:12:49,2024-12-28 09:08:03
CONT2024009736,2024-12-24 15:26:51,
CONT2024009737,2024-12-21 03:09:57,2024-12-28 22:03:00
CONT2024009738,2024-12-19 16:19:14,2024-12-27 12:41:24
CONT2024009739,2024-12-22 19:11:48,2024-12-23 11:31:59
CONT2024009740,2024-12-19 19:34:04,2024-12-20 14:40:22
CONT2024009741,2024-12-18 18:33:33,2024-12-28 06:46:17
CONT2024009742,2024-12-24 21:19:33,2024-12-28 18:37:17
CONT2024009743,2024-12-20 15:24:24,
CONT2024009744,2024-12-17 22:42:12,2024-12-28 08:13:05
CONT2024009745,2024-12-22 16:40:54,2024-12-23 07:26:08
CONT2024009746,2024-12-18 03:10:52,
CONT2024009747,2024-12-22 18:40:40,2024-12-27 18:28:27
CONT2024009748,2024-12-21 19:32:19,
CONT2024009749,2024-12-25 00:31:01,2024-12-28 09:54:38
CONT2024009750,2024-12-23 18:54:21,2024-12-28 17:58:26
CONT2024009751,2024-12-21 01:26:35,2024-12-21 20:10:47
CONT2024009752,2024-12-15 03:28:01,
CONT2024009753,2024-12-17 10:31:48,
CONT2024009754,2024-12-18 21:00:07,
CONT2024009755,2024-12-16 16:32:41,2024-12-28 18:19:01
CONT2024009756,2024-12-21 10:32:13,2024-12-22 06:34:37
CONT2024009757,2024-12-20 11:04:40,
CONT2024009758,2024-12-16 00:32:07,2024-12-28 20:40:49
CONT2024009759,2024-12-20 23:27:23,2024-12-28 06:09:26
CONT2024009760,2024-12-17 04:23:47,2024-12-18 09:43:23
CONT2024009761,2024-12-20 07:54:05,2024-12-29 05:14:58
CONT2024009762,2024-12-24 15:44:23,2024-12-24 20:24:46
CONT2024009763,2024-12-17 22:28:11,2024-12-29 05:00:57
CONT2024009764,2024-12-16 14:09:27,2024-12-29 03:09:39
CONT2024009765,2024-12-23 15:22:27,2024-12-29 08:59:12
CONT2024009766,2024-12-22 02:58:02,2024-12-22 23:01:22
CONT2024009767,2024-12-21 05:24:04,2024-12-21 15:51:11
CONT2024009768,2024-12-19 15:19:16,2024-12-19 19:19:16
CONT2024009769,2024-12-15 11:15:06,2024-12-28 12:23:11
CONT2024009770,2024-12-19 08:48:56,2024-12-29 15:22:38
CONT2024009771,2024-12-17 00:03:29,2024-12-17 05:34:41
CONT2024009772,2024-12-20 14:08:14,
CONT2024009773,2024-12-16 11:34:37,2024-12-29 16:03:22
CONT2024009774,2024-12-17 04:23:14,2024-12-17 20:19:06
CONT2024009775,2024-12-18 14:28:02,2024-12-19 20:31:02
CONT2024009776,2024-12-17 20:12:11,2024-12-18 12:48:42
CONT2024009777,2024-12-22 11:35:36,2024-12-23 01:25:08
CONT2024009778,2024-12-18 05:59:10,2024-12-28 16:29:02
CONT2024009779,2024-12-16 20:07:44,2024-12-29 03:45:19
CONT2024009780,2024-12-16 01:34:09,2024-12-16 23:27:45
CONT2024009781,2024-12-24 03:22:26,2024-12-28 22:26:20
CONT2024009782,2024-12-16 22:28:16,2024-12-28 16:49:45
CONT2024009783,2024-12-21 11:22:29,
CONT2024009784,2024-12-23 14:54:24,2024-12-28 20:42:49
CONT2024009785,2024-12-22 03:14:28,
CONT2024009786,2024-12-20 06:05:20,2024-12-21 12:53:33
CONT2024009787,2024-12-22 22:39:23,2024-12-29 06:49:50
CONT2024009788,2024-12-25 15:57:45,
CONT2024009789,2024-12-16 10:56:02,2024-12-17 04:37:27
CONT2024009790,2024-12-20 21:16:11,2024-12-22 01:06:25
CONT2024009791,2024-12-17 07:45:25,2024-12-28 16:47:43
CONT2024009792,2024-12-23 15:13:05,2024-12-29 18:09:06
CONT2024009793,2024-12-21 19:06:36,2024-12-28 12:17:49
CONT2024009794,2024-12-16 18:44:55,2024-12-17 11:56:16
CONT2024009795,2024-12-19 21:53:00,2024-12-21 06:39:31
CONT2024009796,2024-12-23 02:52:20,2024-12-29 10:04:48
CONT2024009797,2024-12-24 06:14:47,2024-12-29 12:43:16
CONT2024009798,2024-12-20 08:28:53,2024-12-30 05:56:01
CONT2024009799,2024-12-24 09:30:14,2024-12-30 08:04:25
CONT2024009800,2024-12-20 23:10:07,2024-12-30 06:13:24
CONT2024009801,2024-12-19 02:10:11,2024-12-29 09:52:31
CONT2024009802,2024-12-21 14:57:09,2024-12-22 18:50:16
CONT2024009803,2024-12-17 02:14:12,
CONT2024009804,2024-12-16 20:50:08,
CONT2024009805,2024-12-19 02:24:54,2024-12-29 12:14:29
CONT2024009806,2024-12-18 15:03:19,2024-12-19 02:45:37
CONT2024009807,2024-12-21 01:30:08,2024-12-22 09:32:21
CONT2024009808,2024-12-19 00:57:38,2024-12-20 01:30:44
CONT2024009809,2024-12-21 14:52:30,2024-12-30 08:37:24
CONT2024009810,2024-12-18 04:32:27,2024-12-30 04:19:00
CONT2024009811,2024-12-18 16:48:48,2024-12-30 09:01:51
CONT2024009812,2024-12-20 02:41:26,
CONT2024009813,2024-12-16 10:03:58,2024-12-17 13:29:46
CONT2024009814,2024-12-23 00:17:03,
CONT2024009815,2024-12-23 09:17:14,2024-12-29 23:55:41
CONT2024009816,2024-12-25 20:36:58,2024-12-30 01:10:42
CONT2024009817,2024-12-19 13:19:01,2024-12-20 05:54:07
CONT2024009818,2024-12-22 11:34:47,2024-12-30 05:22:44
CONT2024009819,2024-12-16 12:26:14,2024-12-30 10:31:39
CONT2024009820,2024-12-24 08:43:42,
CONT2024009821,2024-12-16 12:26:40,2024-12-17 08:07:26
CONT2024009822,2024-12-19 16:25:34,2024-12-29 09:27:52
CONT2024009823,2024-12-25 02:51:18,2024-12-25 20:13:36
CONT2024009824,2024-12-24 22:51:11,2024-12-29 17:12:06
CONT2024009825,2024-12-18 20:15:04,2024-12-19 07:18:49
CONT2024009826,2024-12-22 20:47:11,2024-12-30 10:04:11
CONT2024009827,2024-12-24 22:49:39,2024-12-25 16:47:36
CONT2024009828,2024-12-27 05:46:31,
CONT2024009829,2024-12-23 06:48:11,2024-12-23 22:40:36
CONT2024009830,2024-12-27 14:57:45,2024-12-28 07:55:44
CONT2024009831,2024-12-25 03:14:52,2024-12-29 22:16:45
CONT2024009832,2024-12-19 04:37:14,2024-12-20 10:48:42
CONT2024009833,2024-12-26 07:37:49,2024-12-30 16:47:35
CONT2024009834,2024-12-25 15:59:36,2024-12-29 18:37:59
CONT2024009835,2024-12-23 01:31:33,2024-12-23 23:21:47
